review_id,model,seed,fold,role,original_label,final_category,probability,threshold,prediction
review-0056707322867f9e,FAGE,42,0,development_readout,normal,2,0.004029755466194,0.284328845674964,0
review-01daae558c8120c5,FAGE,42,0,development_readout,normal,2,0.0088346742500954,0.284328845674964,0
review-0364c25d14e8bb7d,FAGE,42,0,development_readout,smishing,1,0.9926032831834252,0.284328845674964,1
review-0651a6827875d503,FAGE,42,0,development_readout,smishing,1,0.992681741474382,0.284328845674964,1
review-075ea585da5cae15,FAGE,42,0,development_readout,smishing,1,0.9925642905511688,0.284328845674964,1
review-0c756099e821ef26,FAGE,42,0,development_readout,smishing,1,0.911049635341578,0.284328845674964,1
review-10dcb33dda6d5472,FAGE,42,0,development_readout,smishing,1,0.9927740290721392,0.284328845674964,1
review-143e404949a72860,FAGE,42,0,development_readout,smishing,1,0.9932758157291852,0.284328845674964,1
review-1538fa93f259c264,FAGE,42,0,development_readout,normal,2,0.0149009308151847,0.284328845674964,0
review-17bb16430527761d,FAGE,42,0,development_readout,smishing,1,0.9563077749645346,0.284328845674964,1
review-1b29308cb4906d02,FAGE,42,0,development_readout,smishing,1,0.9913908593922892,0.284328845674964,1
review-1f07a8c7cd26df2c,FAGE,42,0,development_readout,normal,2,0.0082877912874981,0.284328845674964,0
review-220daefcb5d386ed,FAGE,42,0,development_readout,smishing,1,0.9898059800631168,0.284328845674964,1
review-25104a7eec1f7831,FAGE,42,0,development_readout,smishing,1,0.985210016873472,0.284328845674964,1
review-2579df062aafc741,FAGE,42,0,development_readout,smishing,1,0.9589021988617414,0.284328845674964,1
review-260a39866b3feb51,FAGE,42,0,development_readout,normal,2,0.0075069018555585,0.284328845674964,0
review-27c93b924b9803a0,FAGE,42,0,development_readout,smishing,1,0.9868086253756526,0.284328845674964,1
review-3398cc98a1b87648,FAGE,42,0,development_readout,smishing,1,0.98356923217782,0.284328845674964,1
review-344682f2618ba8f9,FAGE,42,0,development_readout,normal,2,0.0245512180574467,0.284328845674964,0
review-34c4c16cb5ea9aaf,FAGE,42,0,development_readout,smishing,1,0.9925472217360848,0.284328845674964,1
review-364329807a65a090,FAGE,42,0,development_readout,smishing,1,0.9744036101194504,0.284328845674964,1
review-37962ff6cab628b9,FAGE,42,0,development_readout,smishing,1,0.981575893337784,0.284328845674964,1
review-37bb8af10a6775e3,FAGE,42,0,development_readout,smishing,2,0.913756315078576,0.284328845674964,1
review-39e0fa05577bfbae,FAGE,42,0,development_readout,smishing,1,0.9927518649433682,0.284328845674964,1
review-3a343dbd60efe3c5,FAGE,42,0,development_readout,normal,3,0.009115045325381,0.284328845674964,0
review-3a3a0c9003eb78d2,FAGE,42,0,development_readout,normal,2,0.0390230967192265,0.284328845674964,0
review-3b5a82f01656ae5e,FAGE,42,0,development_readout,normal,3,0.0056701053365855,0.284328845674964,0
review-3c6ae33a89ac17a5,FAGE,42,0,development_readout,smishing,1,0.991921432571918,0.284328845674964,1
review-40617332c72b6a65,FAGE,42,0,development_readout,smishing,1,0.9897009622502728,0.284328845674964,1
review-40f65d491fbb6c91,FAGE,42,0,development_readout,smishing,1,0.9809453689663256,0.284328845674964,1
review-417d1a94491a5069,FAGE,42,0,development_readout,normal,3,0.0058640939055575,0.284328845674964,0
review-41e7242cf53f7aec,FAGE,42,0,development_readout,normal,3,0.0091519964335966,0.284328845674964,0
review-4532712bae1263a4,FAGE,42,0,development_readout,smishing,1,0.9917725419513804,0.284328845674964,1
review-48f7182245c9e551,FAGE,42,0,development_readout,smishing,2,0.0785795011170544,0.284328845674964,0
review-4aafcfede478ed2e,FAGE,42,0,development_readout,smishing,1,0.9848270574369944,0.284328845674964,1
review-4bb32c9d9587eb5b,FAGE,42,0,development_readout,smishing,1,0.963832929176904,0.284328845674964,1
review-4bc7fe6f6685e5b0,FAGE,42,0,development_readout,smishing,3,0.8172998550880354,0.284328845674964,1
review-4c45e2acc43cd09c,FAGE,42,0,development_readout,smishing,1,0.9926678225418925,0.284328845674964,1
review-4c7db89388133c66,FAGE,42,0,development_readout,normal,2,0.0096686729954343,0.284328845674964,0
review-53c35a92e8d9dc2a,FAGE,42,0,development_readout,normal,4,0.9279517941860236,0.284328845674964,1
review-5a7aed2fa9914ccd,FAGE,42,0,development_readout,normal,2,0.0332432822106095,0.284328845674964,0
review-5cdeba2735509611,FAGE,42,0,development_readout,smishing,1,0.9909352919242524,0.284328845674964,1
review-5d4e3193863f1946,FAGE,42,0,development_readout,smishing,1,0.98816087209352,0.284328845674964,1
review-6260263e3bc9f334,FAGE,42,0,development_readout,smishing,1,0.9926939068985018,0.284328845674964,1
review-63ea5eac0fdbfe2f,FAGE,42,0,development_readout,smishing,1,0.9926037363645672,0.284328845674964,1
review-6521774e33af014d,FAGE,42,0,development_readout,normal,2,0.0155266049551792,0.284328845674964,0
review-65fde99e6e05f377,FAGE,42,0,development_readout,smishing,1,0.9880477829529992,0.284328845674964,1
review-6925d1d5c92f5e6d,FAGE,42,0,development_readout,normal,2,0.0252599799000656,0.284328845674964,0
review-6f695f49e7ab13e0,FAGE,42,0,development_readout,normal,2,0.0337165149107587,0.284328845674964,0
review-722fa17d1953465a,FAGE,42,0,development_readout,smishing,1,0.992437268918449,0.284328845674964,1
review-737f8fd0571ce3c6,FAGE,42,0,development_readout,smishing,2,0.9673431495875464,0.284328845674964,1
review-75ab06f0d698d679,FAGE,42,0,development_readout,smishing,1,0.1801595123780054,0.284328845674964,0
review-7aed3e349c71aa1c,FAGE,42,0,development_readout,smishing,1,0.9839515530353964,0.284328845674964,1
review-7bc2e45e3ffc6c78,FAGE,42,0,development_readout,normal,2,0.0095301498582808,0.284328845674964,0
review-7c0605262829dbc3,FAGE,42,0,development_readout,smishing,1,0.9927244679917416,0.284328845674964,1
review-8a9a3331b5fa55b8,FAGE,42,0,development_readout,normal,2,0.0576878104361664,0.284328845674964,0
review-92a8bdc500ce598c,FAGE,42,0,development_readout,smishing,1,0.9910577267942288,0.284328845674964,1
review-936c9b094a62d464,FAGE,42,0,development_readout,normal,2,0.006822991961434,0.284328845674964,0
review-93d84a89e42aa2d2,FAGE,42,0,development_readout,smishing,1,0.9860458058234972,0.284328845674964,1
review-93f251b7f415320e,FAGE,42,0,development_readout,smishing,1,0.9923070517434374,0.284328845674964,1
review-9827872ee45caecd,FAGE,42,0,development_readout,smishing,1,0.9878888125163297,0.284328845674964,1
review-982aea7aee2bfd5b,FAGE,42,0,development_readout,smishing,1,0.9917406487843368,0.284328845674964,1
review-98f41617c328173b,FAGE,42,0,development_readout,smishing,1,0.991447790856024,0.284328845674964,1
review-9955e43648119f93,FAGE,42,0,development_readout,smishing,1,0.9821012156646384,0.284328845674964,1
review-9a4ea6655a8a5a4f,FAGE,42,0,development_readout,normal,3,0.0184033969220656,0.284328845674964,0
review-9db42b53975f21ce,FAGE,42,0,development_readout,normal,3,0.0132361249120773,0.284328845674964,0
review-9e59560a7b1c6aa2,FAGE,42,0,development_readout,smishing,1,0.5510530146028894,0.284328845674964,1
review-a1325d40440edcad,FAGE,42,0,development_readout,normal,2,0.0070363596396498,0.284328845674964,0
review-a17319837ff0f25f,FAGE,42,0,development_readout,smishing,1,0.9912067801101356,0.284328845674964,1
review-a884f7c925b47633,FAGE,42,0,development_readout,smishing,1,0.9821863886507518,0.284328845674964,1
review-aa0341109ceb1209,FAGE,42,0,development_readout,normal,2,0.0156201228533362,0.284328845674964,0
review-ac307e4a1651f014,FAGE,42,0,development_readout,smishing,3,0.5286358203604208,0.284328845674964,1
review-b31a9429969a49d0,FAGE,42,0,development_readout,normal,2,0.0116227248431476,0.284328845674964,0
review-b7a4aa1c4b4f5a68,FAGE,42,0,development_readout,normal,4,0.0226819248401442,0.284328845674964,0
review-b8b4a371ec215d7c,FAGE,42,0,development_readout,normal,2,0.0472997145314384,0.284328845674964,0
review-bb5f23238e492978,FAGE,42,0,development_readout,smishing,1,0.9909462829207684,0.284328845674964,1
review-bf29414211fedb11,FAGE,42,0,development_readout,smishing,1,0.992333515952726,0.284328845674964,1
review-bf5fe000a4a8d9d5,FAGE,42,0,development_readout,smishing,1,0.8726355818035004,0.284328845674964,1
review-c279584d5ab81989,FAGE,42,0,development_readout,smishing,1,0.983251117715973,0.284328845674964,1
review-c58fb60504f6d9d8,FAGE,42,0,development_readout,smishing,1,0.942830652541575,0.284328845674964,1
review-c68883cf7ada6886,FAGE,42,0,development_readout,smishing,1,0.9694920826994764,0.284328845674964,1
review-c882bcd351e72aee,FAGE,42,0,development_readout,smishing,1,0.9924359061998964,0.284328845674964,1
review-c9bef77585bdd4e8,FAGE,42,0,development_readout,smishing,1,0.9373842461021108,0.284328845674964,1
review-c9eb20ef749cdb80,FAGE,42,0,development_readout,normal,3,0.0127000304402967,0.284328845674964,0
review-cd10401423c3d046,FAGE,42,0,development_readout,normal,2,0.0065204332090277,0.284328845674964,0
review-cf59c2e5933f9fa2,FAGE,42,0,development_readout,smishing,1,0.9859500067460364,0.284328845674964,1
review-cf827f0ca2b4b9a5,FAGE,42,0,development_readout,smishing,1,0.0521899527766653,0.284328845674964,0
review-cfc0b12d1183e034,FAGE,42,0,development_readout,normal,2,0.0510986271216685,0.284328845674964,0
review-cfc80bc1541032df,FAGE,42,0,development_readout,smishing,1,0.9925020224210624,0.284328845674964,1
review-d1df54b7c0853995,FAGE,42,0,development_readout,normal,3,0.0058924254806701,0.284328845674964,0
review-d6c4551ca894cc5c,FAGE,42,0,development_readout,smishing,1,0.9909792049130578,0.284328845674964,1
review-d870679fd6d01453,FAGE,42,0,development_readout,smishing,1,0.9671116787903052,0.284328845674964,1
review-da5d8fa9864e211c,FAGE,42,0,development_readout,normal,2,0.0069782134172724,0.284328845674964,0
review-db2e98df10b7ea70,FAGE,42,0,development_readout,normal,2,0.0118757902933978,0.284328845674964,0
review-dbbbfc8d3d158c2b,FAGE,42,0,development_readout,smishing,1,0.9777198022686062,0.284328845674964,1
review-dcfd0dc2773c1fc2,FAGE,42,0,development_readout,smishing,1,0.9878417246538292,0.284328845674964,1
review-e2fd25cde06b2e07,FAGE,42,0,development_readout,normal,3,0.0130749411940014,0.284328845674964,0
review-e597199623b7b146,FAGE,42,0,development_readout,normal,2,0.0189791512796819,0.284328845674964,0
review-e5c8c789729e554c,FAGE,42,0,development_readout,normal,2,0.0106554541102622,0.284328845674964,0
review-e945ebd4e9533666,FAGE,42,0,development_readout,smishing,1,0.9926289549925156,0.284328845674964,1
review-f02182e8f70df196,FAGE,42,0,development_readout,smishing,1,0.945486991775687,0.284328845674964,1
review-f0f2fce9301b3378,FAGE,42,0,development_readout,normal,2,0.0056990329156717,0.284328845674964,0
review-f296f965b5850c48,FAGE,42,0,development_readout,normal,3,0.0066421314501455,0.284328845674964,0
review-f2b62cb8a35fddc1,FAGE,42,0,development_readout,smishing,1,0.964505261309634,0.284328845674964,1
review-f360abb82bcec3c4,FAGE,42,0,development_readout,smishing,1,0.991659933510328,0.284328845674964,1
review-f6f3c364cb66f280,FAGE,42,0,development_readout,normal,2,0.0075037986420458,0.284328845674964,0
review-f7fbd3ab7a66e194,FAGE,42,0,development_readout,normal,3,0.0120472211693222,0.284328845674964,0
review-fcb737070b879e4f,FAGE,42,0,development_readout,normal,2,0.0086768075196409,0.284328845674964,0
review-031c270e33784faf,FAGE,101,0,development_readout,smishing,1,0.9442619340714002,0.5484271526706322,1
review-0651a6827875d503,FAGE,101,0,development_readout,smishing,1,0.992768715663924,0.5484271526706322,1
review-075ea585da5cae15,FAGE,101,0,development_readout,smishing,1,0.9926385874269404,0.5484271526706322,1
review-0822c98e66707747,FAGE,101,0,development_readout,normal,3,0.0084307967073676,0.5484271526706322,0
review-0bc7f01b43b4a4f4,FAGE,101,0,development_readout,normal,3,0.0120679214497978,0.5484271526706322,0
review-0bfbacbb2760394c,FAGE,101,0,development_readout,smishing,1,0.979411386090227,0.5484271526706322,1
review-10dcb33dda6d5472,FAGE,101,0,development_readout,smishing,1,0.9927944560361724,0.5484271526706322,1
review-10f0da95f3fdd21e,FAGE,101,0,development_readout,normal,2,0.0111711036061179,0.5484271526706322,0
review-143e404949a72860,FAGE,101,0,development_readout,smishing,1,0.9938519745722172,0.5484271526706322,1
review-1820dec42f5ec2ca,FAGE,101,0,development_readout,smishing,1,0.9705868235572556,0.5484271526706322,1
review-19d11b9f743aa049,FAGE,101,0,development_readout,smishing,1,0.9780789132902964,0.5484271526706322,1
review-1a4aa7992820ca2a,FAGE,101,0,development_readout,smishing,1,0.9810615736659504,0.5484271526706322,1
review-1a60e1bd37131802,FAGE,101,0,development_readout,normal,2,0.0088012492760804,0.5484271526706322,0
review-1bcdb8b5e4902f77,FAGE,101,0,development_readout,normal,2,0.0066215234162295,0.5484271526706322,0
review-1cb842404c1056c4,FAGE,101,0,development_readout,normal,2,0.0138967136581409,0.5484271526706322,0
review-220daefcb5d386ed,FAGE,101,0,development_readout,smishing,1,0.9877729258849532,0.5484271526706322,1
review-2324027bc353cb29,FAGE,101,0,development_readout,smishing,1,0.9841342147229448,0.5484271526706322,1
review-23e4e9eb29dd8f93,FAGE,101,0,development_readout,normal,2,0.0088819176510922,0.5484271526706322,0
review-270f57eba07d36f4,FAGE,101,0,development_readout,smishing,1,0.9793054317530404,0.5484271526706322,1
review-293586512b140a4e,FAGE,101,0,development_readout,smishing,1,0.9338369584892816,0.5484271526706322,1
review-2d707fce0fb4702c,FAGE,101,0,development_readout,normal,2,0.0127892400164071,0.5484271526706322,0
review-2d80e47aaaa42543,FAGE,101,0,development_readout,normal,2,0.024344879514297,0.5484271526706322,0
review-31a75727a167d60d,FAGE,101,0,development_readout,smishing,1,0.970761732936618,0.5484271526706322,1
review-363f281df3bd9ba4,FAGE,101,0,development_readout,normal,3,0.0101362828251914,0.5484271526706322,0
review-370202b258208735,FAGE,101,0,development_readout,smishing,1,0.9066284452779216,0.5484271526706322,1
review-3735a715aa425485,FAGE,101,0,development_readout,normal,2,0.0281949175385185,0.5484271526706322,0
review-37962ff6cab628b9,FAGE,101,0,development_readout,smishing,1,0.9808311256260764,0.5484271526706322,1
review-40617332c72b6a65,FAGE,101,0,development_readout,smishing,1,0.9884190934181027,0.5484271526706322,1
review-49a272d982158787,FAGE,101,0,development_readout,smishing,1,0.2178245768013681,0.5484271526706322,0
review-4bb32c9d9587eb5b,FAGE,101,0,development_readout,smishing,1,0.9094703511019616,0.5484271526706322,1
review-4c45e2acc43cd09c,FAGE,101,0,development_readout,smishing,1,0.9926077451650682,0.5484271526706322,1
review-50913d75a97def28,FAGE,101,0,development_readout,smishing,2,0.9642183816236316,0.5484271526706322,1
review-50c65fd60929a11c,FAGE,101,0,development_readout,smishing,1,0.9735442797886404,0.5484271526706322,1
review-5192f26c12526af0,FAGE,101,0,development_readout,normal,1,0.923896323907392,0.5484271526706322,1
review-5201c5937ee64b08,FAGE,101,0,development_readout,smishing,1,0.9532438670852188,0.5484271526706322,1
review-53c35a92e8d9dc2a,FAGE,101,0,development_readout,normal,4,0.8853695472323548,0.5484271526706322,1
review-5582aae305ae4193,FAGE,101,0,development_readout,normal,3,0.0135001521044547,0.5484271526706322,0
review-55839cdd8c1c65c6,FAGE,101,0,development_readout,normal,3,0.0095076752189021,0.5484271526706322,0
review-56f61182338ec612,FAGE,101,0,development_readout,smishing,1,0.9732631740912052,0.5484271526706322,1
review-5c5069cca8a5add0,FAGE,101,0,development_readout,normal,3,0.0105586221669252,0.5484271526706322,0
review-6036afa1a4a219c3,FAGE,101,0,development_readout,normal,2,0.0102335391003297,0.5484271526706322,0
review-613647025d825449,FAGE,101,0,development_readout,normal,2,0.0095315123233812,0.5484271526706322,0
review-6260263e3bc9f334,FAGE,101,0,development_readout,smishing,1,0.992711826192402,0.5484271526706322,1
review-6925d1d5c92f5e6d,FAGE,101,0,development_readout,normal,2,0.0231654560082657,0.5484271526706322,0
review-6c9e3e62bbb95763,FAGE,101,0,development_readout,smishing,1,0.0201432015140272,0.5484271526706322,0
review-747ccc19ddd0a65f,FAGE,101,0,development_readout,normal,2,0.0115384430664202,0.5484271526706322,0
review-75f8aea8c65c0cb2,FAGE,101,0,development_readout,smishing,1,0.9902547070117864,0.5484271526706322,1
review-77b394cbe6e1dc4b,FAGE,101,0,development_readout,normal,2,0.0930836622736771,0.5484271526706322,0
review-790151d3979b5cf2,FAGE,101,0,development_readout,normal,2,0.0083047900723945,0.5484271526706322,0
review-7b9d338bf5cd4bdc,FAGE,101,0,development_readout,normal,2,0.0094440922973272,0.5484271526706322,0
review-7c0605262829dbc3,FAGE,101,0,development_readout,smishing,1,0.9928121166806864,0.5484271526706322,1
review-8a9635c815342586,FAGE,101,0,development_readout,smishing,1,0.9922568603335,0.5484271526706322,1
review-901aa5f6d890357c,FAGE,101,0,development_readout,smishing,1,0.9905172988985192,0.5484271526706322,1
review-93e39f35ad377da3,FAGE,101,0,development_readout,normal,2,0.0151139002894959,0.5484271526706322,0
review-94b8ffc8b0784e28,FAGE,101,0,development_readout,normal,2,0.0077023096382271,0.5484271526706322,0
review-9751bc751be6b57c,FAGE,101,0,development_readout,smishing,1,0.9782391254326062,0.5484271526706322,1
review-98f9751b78a4c31e,FAGE,101,0,development_readout,normal,3,0.0073347849676099,0.5484271526706322,0
review-9a3f12ca280a1c8a,FAGE,101,0,development_readout,normal,3,0.047604370791189,0.5484271526706322,0
review-9c94f8c84f214457,FAGE,101,0,development_readout,smishing,1,0.5589340765978639,0.5484271526706322,1
review-9d4c0bc5bb2de352,FAGE,101,0,development_readout,smishing,1,0.9793569774471472,0.5484271526706322,1
review-a00070320560c3ff,FAGE,101,0,development_readout,normal,1,0.9598396850625658,0.5484271526706322,1
review-a3b8e31a589bfbf6,FAGE,101,0,development_readout,smishing,1,0.9764492455159716,0.5484271526706322,1
review-a5c8844b07d15249,FAGE,101,0,development_readout,smishing,1,0.9810066307836792,0.5484271526706322,1
review-a966f0861f64ccf4,FAGE,101,0,development_readout,smishing,1,0.1180103618191567,0.5484271526706322,0
review-af3cd140e815bf14,FAGE,101,0,development_readout,normal,2,0.0136053668086696,0.5484271526706322,0
review-b1335825efb8b815,FAGE,101,0,development_readout,normal,2,0.0496707176780669,0.5484271526706322,0
review-b1951ff1f4366cb0,FAGE,101,0,development_readout,normal,2,0.0066979953100032,0.5484271526706322,0
review-b4f3af03fab1d1b9,FAGE,101,0,development_readout,smishing,1,0.919895711165466,0.5484271526706322,1
review-b52505e7e689a4b8,FAGE,101,0,development_readout,normal,2,0.0097366550883235,0.5484271526706322,0
review-b7db7bfa3479f4d7,FAGE,101,0,development_readout,normal,2,0.0209720718959527,0.5484271526706322,0
review-bbe916c0a5f13c5a,FAGE,101,0,development_readout,smishing,1,0.9924611623353146,0.5484271526706322,1
review-bc9e9750ed2f2246,FAGE,101,0,development_readout,normal,2,0.0162849032863186,0.5484271526706322,0
review-c4368025a0827097,FAGE,101,0,development_readout,normal,2,0.0236675047928885,0.5484271526706322,0
review-c68883cf7ada6886,FAGE,101,0,development_readout,smishing,1,0.9659378648322144,0.5484271526706322,1
review-c7968cd6c3d1f959,FAGE,101,0,development_readout,normal,2,0.0058702515749591,0.5484271526706322,0
review-cbbc72e510f286e3,FAGE,101,0,development_readout,smishing,1,0.9926657905898512,0.5484271526706322,1
review-d17c9fec5ba94c27,FAGE,101,0,development_readout,smishing,1,0.9811829971560416,0.5484271526706322,1
review-d1ba629d1b0c0386,FAGE,101,0,development_readout,smishing,4,0.0126158656649548,0.5484271526706322,0
review-d299ebb8c45a2f94,FAGE,101,0,development_readout,smishing,4,0.0436433124283652,0.5484271526706322,0
review-e58d1b3575c7e041,FAGE,101,0,development_readout,smishing,1,0.9807186788987696,0.5484271526706322,1
review-e5c8c789729e554c,FAGE,101,0,development_readout,normal,2,0.0118572969767869,0.5484271526706322,0
review-eb5bbbe4e99a6f72,FAGE,101,0,development_readout,normal,2,0.0155249799715061,0.5484271526706322,0
review-ecc7155e591dec16,FAGE,101,0,development_readout,smishing,1,0.9621280287486836,0.5484271526706322,1
review-f02182e8f70df196,FAGE,101,0,development_readout,smishing,1,0.9386941399959544,0.5484271526706322,1
review-f6f3c364cb66f280,FAGE,101,0,development_readout,normal,2,0.0088631048945924,0.5484271526706322,0
review-fcb737070b879e4f,FAGE,101,0,development_readout,normal,2,0.0100827420493669,0.5484271526706322,0
review-fdc12fa3cc3d98a8,FAGE,101,0,development_readout,smishing,1,0.9925921541663248,0.5484271526706322,1
review-fe1822167edb9625,FAGE,101,0,development_readout,normal,2,0.0095651588200332,0.5484271526706322,0
review-0191505287bc42c3,FAGE,202,0,development_readout,normal,2,0.0259718936005277,0.4735889177763088,0
review-01daae558c8120c5,FAGE,202,0,development_readout,normal,2,0.0240581995033863,0.4735889177763088,0
review-09f8a52a643bde75,FAGE,202,0,development_readout,normal,2,0.0779306110324088,0.4735889177763088,0
review-0c756099e821ef26,FAGE,202,0,development_readout,smishing,1,0.9622671439820392,0.4735889177763088,1
review-0ce89002b27ae13e,FAGE,202,0,development_readout,normal,2,0.0170238007808246,0.4735889177763088,0
review-0e9363ce9bcb57c2,FAGE,202,0,development_readout,smishing,1,0.9877221544598463,0.4735889177763088,1
review-17bb16430527761d,FAGE,202,0,development_readout,smishing,1,0.982880246258993,0.4735889177763088,1
review-1a60e1bd37131802,FAGE,202,0,development_readout,normal,2,0.0284733248317884,0.4735889177763088,0
review-1bcdb8b5e4902f77,FAGE,202,0,development_readout,normal,2,0.0095182443999921,0.4735889177763088,0
review-220daefcb5d386ed,FAGE,202,0,development_readout,smishing,1,0.996031066620951,0.4735889177763088,1
review-23e4e9eb29dd8f93,FAGE,202,0,development_readout,normal,2,0.0149451499149895,0.4735889177763088,0
review-2d707fce0fb4702c,FAGE,202,0,development_readout,normal,2,0.02398944482768,0.4735889177763088,0
review-2d80e47aaaa42543,FAGE,202,0,development_readout,normal,2,0.1004658899597639,0.4735889177763088,0
review-2dd7b92c08e4f5c4,FAGE,202,0,development_readout,normal,3,0.0150936179100273,0.4735889177763088,0
review-30c664d1fb0416d2,FAGE,202,0,development_readout,normal,3,0.0226218948708821,0.4735889177763088,0
review-30e3bf5a7666c842,FAGE,202,0,development_readout,smishing,1,0.993132362129852,0.4735889177763088,1
review-31a75727a167d60d,FAGE,202,0,development_readout,smishing,1,0.992881282692841,0.4735889177763088,1
review-363f281df3bd9ba4,FAGE,202,0,development_readout,normal,3,0.0145740882097959,0.4735889177763088,0
review-364329807a65a090,FAGE,202,0,development_readout,smishing,1,0.9886229058079082,0.4735889177763088,1
review-3aa78c267ab21f05,FAGE,202,0,development_readout,smishing,2,0.0819113265157522,0.4735889177763088,0
review-3b5a82f01656ae5e,FAGE,202,0,development_readout,normal,3,0.0122585097534175,0.4735889177763088,0
review-4034e1976e7caf3d,FAGE,202,0,development_readout,normal,2,0.0138600171701685,0.4735889177763088,0
review-40617332c72b6a65,FAGE,202,0,development_readout,smishing,1,0.9964129113928638,0.4735889177763088,1
review-41e7242cf53f7aec,FAGE,202,0,development_readout,normal,3,0.0304844658544217,0.4735889177763088,0
review-49db2f3969f4dab7,FAGE,202,0,development_readout,normal,3,0.0129565122673492,0.4735889177763088,0
review-4aafcfede478ed2e,FAGE,202,0,development_readout,smishing,1,0.9914503574902848,0.4735889177763088,1
review-4c7db89388133c66,FAGE,202,0,development_readout,normal,2,0.0212370089807993,0.4735889177763088,0
review-5351da806d5c8862,FAGE,202,0,development_readout,normal,2,0.0485635666081529,0.4735889177763088,0
review-573127865357f88a,FAGE,202,0,development_readout,normal,2,0.0155963224424032,0.4735889177763088,0
review-588539dd497a5994,FAGE,202,0,development_readout,smishing,1,0.9868178693057088,0.4735889177763088,1
review-5a7aed2fa9914ccd,FAGE,202,0,development_readout,normal,2,0.1092675985424649,0.4735889177763088,0
review-5b38287421b21063,FAGE,202,0,development_readout,normal,2,0.0296965526568662,0.4735889177763088,0
review-613647025d825449,FAGE,202,0,development_readout,normal,2,0.019785019434946,0.4735889177763088,0
review-6521774e33af014d,FAGE,202,0,development_readout,normal,2,0.0473961947976962,0.4735889177763088,0
review-6742e699b2c19637,FAGE,202,0,development_readout,smishing,4,0.0423667868144387,0.4735889177763088,0
review-6c9e3e62bbb95763,FAGE,202,0,development_readout,smishing,1,0.1149155964821271,0.4735889177763088,0
review-6e51f1a0ccb981e6,FAGE,202,0,development_readout,smishing,1,0.993420809681224,0.4735889177763088,1
review-747ccc19ddd0a65f,FAGE,202,0,development_readout,normal,2,0.032811739152945,0.4735889177763088,0
review-7494a9906bb71039,FAGE,202,0,development_readout,normal,1,0.0596031972199209,0.4735889177763088,0
review-75ab06f0d698d679,FAGE,202,0,development_readout,smishing,1,0.2575708921800766,0.4735889177763088,0
review-790151d3979b5cf2,FAGE,202,0,development_readout,normal,2,0.0186945390415612,0.4735889177763088,0
review-7cbff1d715e4b2f0,FAGE,202,0,development_readout,normal,3,0.0259488241485488,0.4735889177763088,0
review-7d4271562f20ae7d,FAGE,202,0,development_readout,normal,3,0.0293820053924613,0.4735889177763088,0
review-8408e233d5c05195,FAGE,202,0,development_readout,normal,2,0.019448573326086,0.4735889177763088,0
review-87ca5145bb1464ea,FAGE,202,0,development_readout,normal,3,0.0089554894310819,0.4735889177763088,0
review-97eb58f77becd57e,FAGE,202,0,development_readout,normal,2,0.0254794706149165,0.4735889177763088,0
review-9955e43648119f93,FAGE,202,0,development_readout,smishing,1,0.9941511455977088,0.4735889177763088,1
review-9c94f8c84f214457,FAGE,202,0,development_readout,smishing,1,0.6482327560505428,0.4735889177763088,1
review-9dcbf9222596e8de,FAGE,202,0,development_readout,normal,4,0.0639365733540202,0.4735889177763088,0
review-a1c208b7e2a31834,FAGE,202,0,development_readout,smishing,1,0.98059883149411,0.4735889177763088,1
review-acfda6dedbd0ac44,FAGE,202,0,development_readout,normal,2,0.02464902195437,0.4735889177763088,0
review-b1951ff1f4366cb0,FAGE,202,0,development_readout,normal,2,0.0122318505424335,0.4735889177763088,0
review-b31a9429969a49d0,FAGE,202,0,development_readout,normal,2,0.0425707943255876,0.4735889177763088,0
review-b354a4224eb298ed,FAGE,202,0,development_readout,smishing,1,0.9912951768586298,0.4735889177763088,1
review-b4a140a400dd0bd4,FAGE,202,0,development_readout,smishing,1,0.993272048101983,0.4735889177763088,1
review-b716d55654e9e174,FAGE,202,0,development_readout,normal,2,0.007925301571977,0.4735889177763088,0
review-b7a4aa1c4b4f5a68,FAGE,202,0,development_readout,normal,4,0.0724747750287639,0.4735889177763088,0
review-bc64860bdda53d26,FAGE,202,0,development_readout,normal,2,0.0063910320499279,0.4735889177763088,0
review-bc694d6c09671509,FAGE,202,0,development_readout,normal,2,0.0079769892233633,0.4735889177763088,0
review-c58fb60504f6d9d8,FAGE,202,0,development_readout,smishing,1,0.9752941632556053,0.4735889177763088,1
review-c9bef77585bdd4e8,FAGE,202,0,development_readout,smishing,1,0.9741532417857486,0.4735889177763088,1
review-c9eb20ef749cdb80,FAGE,202,0,development_readout,normal,3,0.041560763999989,0.4735889177763088,0
review-cbbc72e510f286e3,FAGE,202,0,development_readout,smishing,1,0.9971679756589538,0.4735889177763088,1
review-cd10401423c3d046,FAGE,202,0,development_readout,normal,2,0.0236767701575085,0.4735889177763088,0
review-d23755346e397e0d,FAGE,202,0,development_readout,normal,2,0.0162983097622817,0.4735889177763088,0
review-d27b1f741c6ce442,FAGE,202,0,development_readout,normal,2,0.0217481457548653,0.4735889177763088,0
review-d299ebb8c45a2f94,FAGE,202,0,development_readout,smishing,4,0.7022669640391359,0.4735889177763088,1
review-d3b4daac66058960,FAGE,202,0,development_readout,normal,3,0.0342532892943905,0.4735889177763088,0
review-d6877eb437269499,FAGE,202,0,development_readout,normal,2,0.0257892138303679,0.4735889177763088,0
review-de8af5907865c3e9,FAGE,202,0,development_readout,smishing,1,0.9800293335714704,0.4735889177763088,1
review-e0ac9753946feca9,FAGE,202,0,development_readout,smishing,4,0.9854022510358488,0.4735889177763088,1
review-e597199623b7b146,FAGE,202,0,development_readout,normal,2,0.0612749348230245,0.4735889177763088,0
review-ed79a40573a23e85,FAGE,202,0,development_readout,normal,3,0.0367401454762281,0.4735889177763088,0
review-f7fbd3ab7a66e194,FAGE,202,0,development_readout,normal,3,0.0320397092130131,0.4735889177763088,0
review-fd55ea1d04c7fc3b,FAGE,202,0,development_readout,normal,3,0.0138040231085954,0.4735889177763088,0
review-fdc12fa3cc3d98a8,FAGE,202,0,development_readout,smishing,1,0.9973156451537748,0.4735889177763088,1
review-ff1ff6c1bdbeaee2,FAGE,202,0,development_readout,normal,2,0.0312087316243668,0.4735889177763088,0
review-0056707322867f9e,FAGE,303,0,development_readout,normal,2,0.0098807781927133,0.7956022582994077,0
review-019e598ca75a2604,FAGE,303,0,development_readout,normal,2,0.0154904712888781,0.7956022582994077,0
review-05ba384c6ab030f1,FAGE,303,0,development_readout,normal,2,0.0498425827005377,0.7956022582994077,0
review-06613e1d63363778,FAGE,303,0,development_readout,normal,2,0.0265177162108308,0.7956022582994077,0
review-09dc7d3fa6246119,FAGE,303,0,development_readout,normal,2,0.0322997533588687,0.7956022582994077,0
review-0ddce31c46b4331c,FAGE,303,0,development_readout,normal,3,0.0224588718161674,0.7956022582994077,0
review-0f5e5787e2464fe3,FAGE,303,0,development_readout,smishing,1,0.9945627372484416,0.7956022582994077,1
review-131ed5d9023fe8e1,FAGE,303,0,development_readout,normal,3,0.0331413482501918,0.7956022582994077,0
review-13e7350b6f9c843d,FAGE,303,0,development_readout,smishing,1,0.057070426484916,0.7956022582994077,0
review-1502532d7fb02e2b,FAGE,303,0,development_readout,smishing,1,0.9674424521282144,0.7956022582994077,1
review-1538fa93f259c264,FAGE,303,0,development_readout,normal,2,0.0335724057881808,0.7956022582994077,0
review-17bb16430527761d,FAGE,303,0,development_readout,smishing,1,0.9748610108293296,0.7956022582994077,1
review-1cb842404c1056c4,FAGE,303,0,development_readout,normal,2,0.0466661906797288,0.7956022582994077,0
review-2579df062aafc741,FAGE,303,0,development_readout,smishing,1,0.9783415414406168,0.7956022582994077,1
review-322a0c915a6dca98,FAGE,303,0,development_readout,smishing,1,0.982028798204186,0.7956022582994077,1
review-36c6682493394c5a,FAGE,303,0,development_readout,smishing,1,0.987240472419613,0.7956022582994077,1
review-37962ff6cab628b9,FAGE,303,0,development_readout,smishing,1,0.9892605314725992,0.7956022582994077,1
review-3a3a0c9003eb78d2,FAGE,303,0,development_readout,normal,2,0.1257559792485291,0.7956022582994077,0
review-3b23a85b0e54e4e2,FAGE,303,0,development_readout,normal,2,0.0201533675019577,0.7956022582994077,0
review-3b5e9306ce7f16f6,FAGE,303,0,development_readout,normal,2,0.0116107936248917,0.7956022582994077,0
review-40e531a989b5b832,FAGE,303,0,development_readout,smishing,1,0.9825416197419192,0.7956022582994077,1
review-40eb85d72dbb3fa3,FAGE,303,0,development_readout,smishing,1,0.9954182388150046,0.7956022582994077,1
review-40f65d491fbb6c91,FAGE,303,0,development_readout,smishing,1,0.9871749444962592,0.7956022582994077,1
review-49a272d982158787,FAGE,303,0,development_readout,smishing,1,0.9742166689206718,0.7956022582994077,1
review-4a5f226471e5edaf,FAGE,303,0,development_readout,smishing,1,0.9895177148222064,0.7956022582994077,1
review-4b0f3b3c6f3029e0,FAGE,303,0,development_readout,smishing,1,0.995516389108742,0.7956022582994077,1
review-4cbabc8906c81322,FAGE,303,0,development_readout,smishing,1,0.9954066570183262,0.7956022582994077,1
review-545d35ba143011e5,FAGE,303,0,development_readout,normal,2,0.02002564107163,0.7956022582994077,0
review-6036afa1a4a219c3,FAGE,303,0,development_readout,normal,2,0.0269083159531664,0.7956022582994077,0
review-6742e699b2c19637,FAGE,303,0,development_readout,smishing,4,0.0433724399491025,0.7956022582994077,0
review-6a3da5bb1cbb35c3,FAGE,303,0,development_readout,smishing,1,0.9819123940522074,0.7956022582994077,1
review-6c7372dc6724ef49,FAGE,303,0,development_readout,normal,2,0.0242277203922171,0.7956022582994077,0
review-6e51f1a0ccb981e6,FAGE,303,0,development_readout,smishing,1,0.9907718842534076,0.7956022582994077,1
review-7e4208c3a8d81d5e,FAGE,303,0,development_readout,normal,2,0.0574018003911066,0.7956022582994077,0
review-8c3afec16f00c8ea,FAGE,303,0,development_readout,normal,2,0.0180095400983024,0.7956022582994077,0
review-8f7e5118fc4a9d93,FAGE,303,0,development_readout,smishing,1,0.9958162195228826,0.7956022582994077,1
review-93f251b7f415320e,FAGE,303,0,development_readout,smishing,1,0.9955232325641336,0.7956022582994077,1
review-9440c7b20214abb9,FAGE,303,0,development_readout,smishing,1,0.9893358768601974,0.7956022582994077,1
review-95c15e2125e8158e,FAGE,303,0,development_readout,smishing,1,0.9912460371830126,0.7956022582994077,1
review-97dbf9fb83d5fd0a,FAGE,303,0,development_readout,normal,2,0.0210494034779241,0.7956022582994077,0
review-9ad68457d5c5ddfe,FAGE,303,0,development_readout,smishing,1,0.9822243686365928,0.7956022582994077,1
review-9ca002eef5fabf4c,FAGE,303,0,development_readout,normal,2,0.0180638232857507,0.7956022582994077,0
review-9e59560a7b1c6aa2,FAGE,303,0,development_readout,smishing,1,0.0681280524221791,0.7956022582994077,0
review-aa0341109ceb1209,FAGE,303,0,development_readout,normal,2,0.0257773241158219,0.7956022582994077,0
review-b0d0b31ce42bff6d,FAGE,303,0,development_readout,smishing,1,0.8639804548848781,0.7956022582994077,1
review-b495dcabfdc9e6bb,FAGE,303,0,development_readout,smishing,1,0.5967574046562981,0.7956022582994077,0
review-bbb9c61301495984,FAGE,303,0,development_readout,smishing,1,0.9924605170797282,0.7956022582994077,1
review-bc64860bdda53d26,FAGE,303,0,development_readout,normal,2,0.0087098136311663,0.7956022582994077,0
review-bc805b9a7fefb4c4,FAGE,303,0,development_readout,smishing,1,0.9824023616734682,0.7956022582994077,1
review-bcc4f27e08342914,FAGE,303,0,development_readout,smishing,1,0.989080892449904,0.7956022582994077,1
review-c3157c09e695c3c5,FAGE,303,0,development_readout,normal,3,0.0305126060010143,0.7956022582994077,0
review-cbbc72e510f286e3,FAGE,303,0,development_readout,smishing,1,0.9960805702057256,0.7956022582994077,1
review-d1ba629d1b0c0386,FAGE,303,0,development_readout,smishing,4,0.0359735769035372,0.7956022582994077,0
review-d6877eb437269499,FAGE,303,0,development_readout,normal,2,0.0259444133497914,0.7956022582994077,0
review-da0a87e60e534a8c,FAGE,303,0,development_readout,normal,2,0.0158480518130933,0.7956022582994077,0
review-dc7c7acfd6e2db79,FAGE,303,0,development_readout,normal,1,0.817550262401689,0.7956022582994077,1
review-e384094846a41b50,FAGE,303,0,development_readout,smishing,1,0.9882584664689748,0.7956022582994077,1
review-e4dca6a839df1435,FAGE,303,0,development_readout,normal,2,0.043625960823633,0.7956022582994077,0
review-e597199623b7b146,FAGE,303,0,development_readout,normal,2,0.054362678978656,0.7956022582994077,0
review-e5c8c789729e554c,FAGE,303,0,development_readout,normal,2,0.0325752080664255,0.7956022582994077,0
review-e9f675e3299ddb73,FAGE,303,0,development_readout,normal,2,0.1394714898829093,0.7956022582994077,0
review-ec018bdef14b4dce,FAGE,303,0,development_readout,smishing,1,0.9955439234474884,0.7956022582994077,1
review-ed9460d363c32a66,FAGE,303,0,development_readout,normal,2,0.0271707461211974,0.7956022582994077,0
review-ee314103593cc397,FAGE,303,0,development_readout,smishing,1,0.8769908598120911,0.7956022582994077,1
review-f0f2fce9301b3378,FAGE,303,0,development_readout,normal,2,0.0121844948701583,0.7956022582994077,0
review-f2b62cb8a35fddc1,FAGE,303,0,development_readout,smishing,1,0.9873308976875208,0.7956022582994077,1
review-f44ca51cbbeda00a,FAGE,303,0,development_readout,smishing,1,0.9945646996983376,0.7956022582994077,1
review-f6f3c364cb66f280,FAGE,303,0,development_readout,normal,2,0.02378298926959,0.7956022582994077,0
review-f7a215d9e903b41d,FAGE,303,0,development_readout,smishing,1,0.9793827551622012,0.7956022582994077,1
review-fd0999fd546bfed8,FAGE,303,0,development_readout,smishing,1,0.9955160407083048,0.7956022582994077,1
review-fdc12fa3cc3d98a8,FAGE,303,0,development_readout,smishing,1,0.9959809803785076,0.7956022582994077,1
review-014f431cdb07954a,FAGE,404,0,development_readout,smishing,1,0.9668773462084383,0.3532907616882242,1
review-07c0fb876beabf4b,FAGE,404,0,development_readout,smishing,2,0.3946981998129874,0.3532907616882242,1
review-09dc7d3fa6246119,FAGE,404,0,development_readout,normal,2,0.0267087310443512,0.3532907616882242,0
review-0bc7f01b43b4a4f4,FAGE,404,0,development_readout,normal,3,0.0231140920870258,0.3532907616882242,0
review-0cf62fd6142f6cb4,FAGE,404,0,development_readout,smishing,1,0.9897705033078324,0.3532907616882242,1
review-0f7f12381c38278e,FAGE,404,0,development_readout,normal,3,0.0141227270907492,0.3532907616882242,0
review-105735240253acfe,FAGE,404,0,development_readout,smishing,1,0.990963924690236,0.3532907616882242,1
review-10e329e8873017e2,FAGE,404,0,development_readout,smishing,1,0.9890922256648182,0.3532907616882242,1
review-12aedba2ef212671,FAGE,404,0,development_readout,smishing,1,0.9962811281913896,0.3532907616882242,1
review-1538fa93f259c264,FAGE,404,0,development_readout,normal,2,0.0357244946626153,0.3532907616882242,0
review-17bb16430527761d,FAGE,404,0,development_readout,smishing,1,0.9844530029212446,0.3532907616882242,1
review-19cc4ce8b1dbe415,FAGE,404,0,development_readout,smishing,2,0.0286688780953914,0.3532907616882242,0
review-1a4aa7992820ca2a,FAGE,404,0,development_readout,smishing,1,0.98911795533367,0.3532907616882242,1
review-1bee5d35c3ae9550,FAGE,404,0,development_readout,smishing,1,0.990317368246206,0.3532907616882242,1
review-1c32fedd4b32dd06,FAGE,404,0,development_readout,normal,3,0.0144786232277463,0.3532907616882242,0
review-1c42c25c32f5bd82,FAGE,404,0,development_readout,smishing,1,0.9945316974657192,0.3532907616882242,1
review-1e479c4a302f356c,FAGE,404,0,development_readout,smishing,1,0.3683229771739027,0.3532907616882242,1
review-25104a7eec1f7831,FAGE,404,0,development_readout,smishing,1,0.9944451270251654,0.3532907616882242,1
review-266fac2cf4f9a2fe,FAGE,404,0,development_readout,smishing,1,0.9956053636156942,0.3532907616882242,1
review-2705653809f7ad8f,FAGE,404,0,development_readout,normal,2,0.0976055657153541,0.3532907616882242,0
review-2769abe8fc6ffd87,FAGE,404,0,development_readout,normal,3,0.0268783923260857,0.3532907616882242,0
review-293586512b140a4e,FAGE,404,0,development_readout,smishing,1,0.9674065847430936,0.3532907616882242,1
review-2dcd34cb42910200,FAGE,404,0,development_readout,smishing,1,0.9922790261168868,0.3532907616882242,1
review-31a75727a167d60d,FAGE,404,0,development_readout,smishing,1,0.9901300334394012,0.3532907616882242,1
review-3423b715646fd583,FAGE,404,0,development_readout,smishing,1,0.9963820997780538,0.3532907616882242,1
review-363f281df3bd9ba4,FAGE,404,0,development_readout,normal,3,0.017043245074743,0.3532907616882242,0
review-364329807a65a090,FAGE,404,0,development_readout,smishing,1,0.9890698665914592,0.3532907616882242,1
review-39a836fe3d87fa33,FAGE,404,0,development_readout,normal,2,0.0207717658163014,0.3532907616882242,0
review-39e0fa05577bfbae,FAGE,404,0,development_readout,smishing,1,0.9964629374083714,0.3532907616882242,1
review-3b5e9306ce7f16f6,FAGE,404,0,development_readout,normal,2,0.00804533520411,0.3532907616882242,0
review-3c542b2889f7ee41,FAGE,404,0,development_readout,smishing,1,0.9959773851992776,0.3532907616882242,1
review-40f65d491fbb6c91,FAGE,404,0,development_readout,smishing,1,0.9900906650097276,0.3532907616882242,1
review-46f3555593434e8a,FAGE,404,0,development_readout,smishing,1,0.9961352085345908,0.3532907616882242,1
review-50c65fd60929a11c,FAGE,404,0,development_readout,smishing,1,0.9870966137105218,0.3532907616882242,1
review-5176dde30e249277,FAGE,404,0,development_readout,normal,2,0.0301077314038971,0.3532907616882242,0
review-5201c5937ee64b08,FAGE,404,0,development_readout,smishing,1,0.98665300051641,0.3532907616882242,1
review-563b94c3e75e8c6d,FAGE,404,0,development_readout,smishing,1,0.121047245001154,0.3532907616882242,0
review-5784e41a45931326,FAGE,404,0,development_readout,smishing,1,0.966554860576285,0.3532907616882242,1
review-5a021883af9f96ea,FAGE,404,0,development_readout,normal,3,0.0113740636535952,0.3532907616882242,0
review-5a49e43857a6f8f0,FAGE,404,0,development_readout,smishing,1,0.082254396831374,0.3532907616882242,0
review-5bd99d54544ce7e3,FAGE,404,0,development_readout,normal,3,0.9330496487917072,0.3532907616882242,1
review-5c8fb855522635b0,FAGE,404,0,development_readout,normal,2,0.0231830652113507,0.3532907616882242,0
review-613647025d825449,FAGE,404,0,development_readout,normal,2,0.0095679069702771,0.3532907616882242,0
review-6521774e33af014d,FAGE,404,0,development_readout,normal,2,0.0374580516014217,0.3532907616882242,0
review-66ef57282af71d4f,FAGE,404,0,development_readout,normal,2,0.0275303153312767,0.3532907616882242,0
review-6925d1d5c92f5e6d,FAGE,404,0,development_readout,normal,2,0.0460468285009561,0.3532907616882242,0
review-6938cc7e883cfae5,FAGE,404,0,development_readout,smishing,1,0.9416540058461396,0.3532907616882242,1
review-6e51f1a0ccb981e6,FAGE,404,0,development_readout,smishing,1,0.9941416136025616,0.3532907616882242,1
review-6ee455a4c31c9039,FAGE,404,0,development_readout,normal,2,0.0504043020319801,0.3532907616882242,0
review-76a47d926f91413e,FAGE,404,0,development_readout,normal,2,0.0188759995593925,0.3532907616882242,0
review-7bc2e45e3ffc6c78,FAGE,404,0,development_readout,normal,2,0.0253372281686042,0.3532907616882242,0
review-833c087c0ab5f903,FAGE,404,0,development_readout,smishing,1,0.9715627640853012,0.3532907616882242,1
review-8858113ca39c4a08,FAGE,404,0,development_readout,smishing,1,0.9895519333881264,0.3532907616882242,1
review-8f6994cbd2075acd,FAGE,404,0,development_readout,smishing,1,0.993031772715756,0.3532907616882242,1
review-93e39f35ad377da3,FAGE,404,0,development_readout,normal,2,0.0363312543932344,0.3532907616882242,0
review-94b8ffc8b0784e28,FAGE,404,0,development_readout,normal,2,0.0153127592210986,0.3532907616882242,0
review-96be0a4e61349470,FAGE,404,0,development_readout,smishing,1,0.9887430185660374,0.3532907616882242,1
review-9762bd209b88d2ac,FAGE,404,0,development_readout,smishing,1,0.995488534625765,0.3532907616882242,1
review-9833d3f3d2c07833,FAGE,404,0,development_readout,smishing,1,0.9951246020610408,0.3532907616882242,1
review-99553665d7fa8d60,FAGE,404,0,development_readout,normal,2,0.0113297510312419,0.3532907616882242,0
review-9955e43648119f93,FAGE,404,0,development_readout,smishing,1,0.9929837523076168,0.3532907616882242,1
review-9a3f12ca280a1c8a,FAGE,404,0,development_readout,normal,3,0.1428627847271743,0.3532907616882242,0
review-9c83743cb64ceb5e,FAGE,404,0,development_readout,normal,2,0.0382138502511597,0.3532907616882242,0
review-a1b685810c820047,FAGE,404,0,development_readout,smishing,1,0.9963516828165342,0.3532907616882242,1
review-a966f0861f64ccf4,FAGE,404,0,development_readout,smishing,1,0.9630058222908168,0.3532907616882242,1
review-ac307e4a1651f014,FAGE,404,0,development_readout,smishing,3,0.9132229229088624,0.3532907616882242,1
review-ad512146de7da940,FAGE,404,0,development_readout,smishing,1,0.9931276289597702,0.3532907616882242,1
review-b1951ff1f4366cb0,FAGE,404,0,development_readout,normal,2,0.0130879115801453,0.3532907616882242,0
review-b31a9429969a49d0,FAGE,404,0,development_readout,normal,2,0.8859837813919319,0.3532907616882242,1
review-b7a4aa1c4b4f5a68,FAGE,404,0,development_readout,normal,4,0.0714855704234652,0.3532907616882242,0
review-bc5e0069bbad7d67,FAGE,404,0,development_readout,normal,2,0.0228985659193053,0.3532907616882242,0
review-bc694d6c09671509,FAGE,404,0,development_readout,normal,2,0.0095464946296833,0.3532907616882242,0
review-bc805b9a7fefb4c4,FAGE,404,0,development_readout,smishing,1,0.984974508618636,0.3532907616882242,1
review-bfec2c5d687b5e5a,FAGE,404,0,development_readout,normal,2,0.1200704355723799,0.3532907616882242,0
review-c2b11fa0a2c3336f,FAGE,404,0,development_readout,normal,2,0.0249847982128916,0.3532907616882242,0
review-c58fb60504f6d9d8,FAGE,404,0,development_readout,smishing,1,0.9747512927895232,0.3532907616882242,1
review-c9bef77585bdd4e8,FAGE,404,0,development_readout,smishing,1,0.9720813470951708,0.3532907616882242,1
review-ca722d1baa37caa6,FAGE,404,0,development_readout,smishing,1,0.996033391592116,0.3532907616882242,1
review-cb32573abbb83f9f,FAGE,404,0,development_readout,smishing,1,0.996431741198117,0.3532907616882242,1
review-cf827f0ca2b4b9a5,FAGE,404,0,development_readout,smishing,1,0.1336646591293206,0.3532907616882242,0
review-d23755346e397e0d,FAGE,404,0,development_readout,normal,2,0.0141036141021571,0.3532907616882242,0
review-d299ebb8c45a2f94,FAGE,404,0,development_readout,smishing,4,0.8494334029222252,0.3532907616882242,1
review-d29c44ff7ec787ac,FAGE,404,0,development_readout,normal,3,0.0408055643620657,0.3532907616882242,0
review-d4f84d432e0d6d48,FAGE,404,0,development_readout,normal,2,0.0197169076330054,0.3532907616882242,0
review-d51050ea94555e33,FAGE,404,0,development_readout,normal,2,0.0228363403547149,0.3532907616882242,0
review-d7a5aa91a1e9ef4b,FAGE,404,0,development_readout,normal,3,0.0306382646743025,0.3532907616882242,0
review-d885dde988ff81fc,FAGE,404,0,development_readout,smishing,1,0.9763659691581544,0.3532907616882242,1
review-dc7c7acfd6e2db79,FAGE,404,0,development_readout,normal,1,0.3641107351079806,0.3532907616882242,1
review-dd797ac5b4317bd3,FAGE,404,0,development_readout,smishing,1,0.9945337485165584,0.3532907616882242,1
review-e058b93119484125,FAGE,404,0,development_readout,smishing,1,0.9961117974312872,0.3532907616882242,1
review-e0a264aecc7ee1b0,FAGE,404,0,development_readout,normal,2,0.1478708619088205,0.3532907616882242,0
review-e432c718725ac7ae,FAGE,404,0,development_readout,normal,2,0.0623007475307717,0.3532907616882242,0
review-e511d7b76f480bc7,FAGE,404,0,development_readout,smishing,1,0.9961708273655752,0.3532907616882242,1
review-e736bb0c132d2dc8,FAGE,404,0,development_readout,smishing,1,0.9639855038325952,0.3532907616882242,1
review-ed79a40573a23e85,FAGE,404,0,development_readout,normal,3,0.6787354656729504,0.3532907616882242,1
review-ed9460d363c32a66,FAGE,404,0,development_readout,normal,2,0.0166533023397743,0.3532907616882242,0
review-edccbb4371a90711,FAGE,404,0,development_readout,smishing,1,0.9947910177608452,0.3532907616882242,1
review-f9b9a4279458f732,FAGE,404,0,development_readout,smishing,1,0.9900807329110828,0.3532907616882242,1
review-fd4a4694d748b8f1,FAGE,404,0,development_readout,smishing,1,0.956972188539833,0.3532907616882242,1
review-ff1ff6c1bdbeaee2,FAGE,404,0,development_readout,normal,2,0.0246469538195232,0.3532907616882242,0
review-ff57873bcca80e84,FAGE,404,0,development_readout,smishing,1,0.751678326763778,0.3532907616882242,1
review-ff61b33b22cf09db,FAGE,404,0,development_readout,smishing,1,0.7055393203569915,0.3532907616882242,1
review-0056707322867f9e,Kc-A,42,0,development_readout,normal,2,0.0002670972608029,0.1102090701460838,0
review-01daae558c8120c5,Kc-A,42,0,development_readout,normal,2,0.0002368779096286,0.1102090701460838,0
review-0364c25d14e8bb7d,Kc-A,42,0,development_readout,smishing,1,0.9997583031654358,0.1102090701460838,1
review-0651a6827875d503,Kc-A,42,0,development_readout,smishing,1,0.9997413754463196,0.1102090701460838,1
review-075ea585da5cae15,Kc-A,42,0,development_readout,smishing,1,0.999737560749054,0.1102090701460838,1
review-0c756099e821ef26,Kc-A,42,0,development_readout,smishing,1,0.999505877494812,0.1102090701460838,1
review-10dcb33dda6d5472,Kc-A,42,0,development_readout,smishing,1,0.9997432827949524,0.1102090701460838,1
review-143e404949a72860,Kc-A,42,0,development_readout,smishing,1,0.9997466206550598,0.1102090701460838,1
review-1538fa93f259c264,Kc-A,42,0,development_readout,normal,2,0.0006834708037786,0.1102090701460838,0
review-17bb16430527761d,Kc-A,42,0,development_readout,smishing,1,0.9992982149124146,0.1102090701460838,1
review-1b29308cb4906d02,Kc-A,42,0,development_readout,smishing,1,0.9997734427452089,0.1102090701460838,1
review-1f07a8c7cd26df2c,Kc-A,42,0,development_readout,normal,2,0.000882149732206,0.1102090701460838,0
review-220daefcb5d386ed,Kc-A,42,0,development_readout,smishing,1,0.9994644522666932,0.1102090701460838,1
review-25104a7eec1f7831,Kc-A,42,0,development_readout,smishing,1,0.9997554421424866,0.1102090701460838,1
review-2579df062aafc741,Kc-A,42,0,development_readout,smishing,1,0.9990703463554382,0.1102090701460838,1
review-260a39866b3feb51,Kc-A,42,0,development_readout,normal,2,0.0002264136564917,0.1102090701460838,0
review-27c93b924b9803a0,Kc-A,42,0,development_readout,smishing,1,0.9993547797203064,0.1102090701460838,1
review-3398cc98a1b87648,Kc-A,42,0,development_readout,smishing,1,0.99968683719635,0.1102090701460838,1
review-344682f2618ba8f9,Kc-A,42,0,development_readout,normal,2,0.0033632768318057,0.1102090701460838,0
review-34c4c16cb5ea9aaf,Kc-A,42,0,development_readout,smishing,1,0.9994022846221924,0.1102090701460838,1
review-364329807a65a090,Kc-A,42,0,development_readout,smishing,1,0.9994980096817015,0.1102090701460838,1
review-37962ff6cab628b9,Kc-A,42,0,development_readout,smishing,1,0.9997437596321106,0.1102090701460838,1
review-37bb8af10a6775e3,Kc-A,42,0,development_readout,smishing,2,0.7774472236633301,0.1102090701460838,1
review-39e0fa05577bfbae,Kc-A,42,0,development_readout,smishing,1,0.999733030796051,0.1102090701460838,1
review-3a343dbd60efe3c5,Kc-A,42,0,development_readout,normal,3,0.0334521904587745,0.1102090701460838,0
review-3a3a0c9003eb78d2,Kc-A,42,0,development_readout,normal,2,0.0114998258650302,0.1102090701460838,0
review-3b5a82f01656ae5e,Kc-A,42,0,development_readout,normal,3,0.0011537480168044,0.1102090701460838,0
review-3c6ae33a89ac17a5,Kc-A,42,0,development_readout,smishing,1,0.999757707118988,0.1102090701460838,1
review-40617332c72b6a65,Kc-A,42,0,development_readout,smishing,1,0.9995397329330444,0.1102090701460838,1
review-40f65d491fbb6c91,Kc-A,42,0,development_readout,smishing,1,0.997529923915863,0.1102090701460838,1
review-417d1a94491a5069,Kc-A,42,0,development_readout,normal,3,0.0018725751433521,0.1102090701460838,0
review-41e7242cf53f7aec,Kc-A,42,0,development_readout,normal,3,0.0011345435632392,0.1102090701460838,0
review-4532712bae1263a4,Kc-A,42,0,development_readout,smishing,1,0.9997139573097228,0.1102090701460838,1
review-48f7182245c9e551,Kc-A,42,0,development_readout,smishing,2,0.0729739144444465,0.1102090701460838,0
review-4aafcfede478ed2e,Kc-A,42,0,development_readout,smishing,1,0.9997368454933168,0.1102090701460838,1
review-4bb32c9d9587eb5b,Kc-A,42,0,development_readout,smishing,1,0.979694962501526,0.1102090701460838,1
review-4bc7fe6f6685e5b0,Kc-A,42,0,development_readout,smishing,3,0.9995725750923156,0.1102090701460838,1
review-4c45e2acc43cd09c,Kc-A,42,0,development_readout,smishing,1,0.9997531771659852,0.1102090701460838,1
review-4c7db89388133c66,Kc-A,42,0,development_readout,normal,2,0.0014055576175451,0.1102090701460838,0
review-53c35a92e8d9dc2a,Kc-A,42,0,development_readout,normal,4,0.9986791014671326,0.1102090701460838,1
review-5a7aed2fa9914ccd,Kc-A,42,0,development_readout,normal,2,0.0001819773460738,0.1102090701460838,0
review-5cdeba2735509611,Kc-A,42,0,development_readout,smishing,1,0.9995383024215698,0.1102090701460838,1
review-5d4e3193863f1946,Kc-A,42,0,development_readout,smishing,1,0.9992402791976928,0.1102090701460838,1
review-6260263e3bc9f334,Kc-A,42,0,development_readout,smishing,1,0.9997628331184388,0.1102090701460838,1
review-63ea5eac0fdbfe2f,Kc-A,42,0,development_readout,smishing,1,0.9997647404670716,0.1102090701460838,1
review-6521774e33af014d,Kc-A,42,0,development_readout,normal,2,0.0007327424827963,0.1102090701460838,0
review-65fde99e6e05f377,Kc-A,42,0,development_readout,smishing,1,0.999761164188385,0.1102090701460838,1
review-6925d1d5c92f5e6d,Kc-A,42,0,development_readout,normal,2,0.000296236568829,0.1102090701460838,0
review-6f695f49e7ab13e0,Kc-A,42,0,development_readout,normal,2,0.0028705005533993,0.1102090701460838,0
review-722fa17d1953465a,Kc-A,42,0,development_readout,smishing,1,0.9997525811195374,0.1102090701460838,1
review-737f8fd0571ce3c6,Kc-A,42,0,development_readout,smishing,2,0.9995551705360411,0.1102090701460838,1
review-75ab06f0d698d679,Kc-A,42,0,development_readout,smishing,1,0.0335076451301574,0.1102090701460838,0
review-7aed3e349c71aa1c,Kc-A,42,0,development_readout,smishing,1,0.9997498393058776,0.1102090701460838,1
review-7bc2e45e3ffc6c78,Kc-A,42,0,development_readout,normal,2,0.0002102630824083,0.1102090701460838,0
review-7c0605262829dbc3,Kc-A,42,0,development_readout,smishing,1,0.9997535347938538,0.1102090701460838,1
review-8a9a3331b5fa55b8,Kc-A,42,0,development_readout,normal,2,0.0007326126797124,0.1102090701460838,0
review-92a8bdc500ce598c,Kc-A,42,0,development_readout,smishing,1,0.9996336698532104,0.1102090701460838,1
review-936c9b094a62d464,Kc-A,42,0,development_readout,normal,2,0.0015081269666552,0.1102090701460838,0
review-93d84a89e42aa2d2,Kc-A,42,0,development_readout,smishing,1,0.9994423985481262,0.1102090701460838,1
review-93f251b7f415320e,Kc-A,42,0,development_readout,smishing,1,0.9996938705444336,0.1102090701460838,1
review-9827872ee45caecd,Kc-A,42,0,development_readout,smishing,1,0.9997535347938538,0.1102090701460838,1
review-982aea7aee2bfd5b,Kc-A,42,0,development_readout,smishing,1,0.999766170978546,0.1102090701460838,1
review-98f41617c328173b,Kc-A,42,0,development_readout,smishing,1,0.9997153878211976,0.1102090701460838,1
review-9955e43648119f93,Kc-A,42,0,development_readout,smishing,1,0.9997486472129822,0.1102090701460838,1
review-9a4ea6655a8a5a4f,Kc-A,42,0,development_readout,normal,3,0.0129809873178601,0.1102090701460838,0
review-9db42b53975f21ce,Kc-A,42,0,development_readout,normal,3,0.0015295394696295,0.1102090701460838,0
review-9e59560a7b1c6aa2,Kc-A,42,0,development_readout,smishing,1,0.6386465430259705,0.1102090701460838,1
review-a1325d40440edcad,Kc-A,42,0,development_readout,normal,2,0.0001987367577385,0.1102090701460838,0
review-a17319837ff0f25f,Kc-A,42,0,development_readout,smishing,1,0.9996557235717772,0.1102090701460838,1
review-a884f7c925b47633,Kc-A,42,0,development_readout,smishing,1,0.9997534155845642,0.1102090701460838,1
review-aa0341109ceb1209,Kc-A,42,0,development_readout,normal,2,0.0003766373265534,0.1102090701460838,0
review-ac307e4a1651f014,Kc-A,42,0,development_readout,smishing,3,0.8291851878166199,0.1102090701460838,1
review-b31a9429969a49d0,Kc-A,42,0,development_readout,normal,2,0.0011503646383062,0.1102090701460838,0
review-b7a4aa1c4b4f5a68,Kc-A,42,0,development_readout,normal,4,0.0005699391476809,0.1102090701460838,0
review-b8b4a371ec215d7c,Kc-A,42,0,development_readout,normal,2,0.0010006722295656,0.1102090701460838,0
review-bb5f23238e492978,Kc-A,42,0,development_readout,smishing,1,0.999722421169281,0.1102090701460838,1
review-bf29414211fedb11,Kc-A,42,0,development_readout,smishing,1,0.9997604489326476,0.1102090701460838,1
review-bf5fe000a4a8d9d5,Kc-A,42,0,development_readout,smishing,1,0.9990832805633544,0.1102090701460838,1
review-c279584d5ab81989,Kc-A,42,0,development_readout,smishing,1,0.9997451901435852,0.1102090701460838,1
review-c58fb60504f6d9d8,Kc-A,42,0,development_readout,smishing,1,0.9990928173065186,0.1102090701460838,1
review-c68883cf7ada6886,Kc-A,42,0,development_readout,smishing,1,0.9997323155403136,0.1102090701460838,1
review-c882bcd351e72aee,Kc-A,42,0,development_readout,smishing,1,0.999739944934845,0.1102090701460838,1
review-c9bef77585bdd4e8,Kc-A,42,0,development_readout,smishing,1,0.9990047812461852,0.1102090701460838,1
review-c9eb20ef749cdb80,Kc-A,42,0,development_readout,normal,3,0.0017289887182414,0.1102090701460838,0
review-cd10401423c3d046,Kc-A,42,0,development_readout,normal,2,0.0002487700839992,0.1102090701460838,0
review-cf59c2e5933f9fa2,Kc-A,42,0,development_readout,smishing,1,0.9997143149375916,0.1102090701460838,1
review-cf827f0ca2b4b9a5,Kc-A,42,0,development_readout,smishing,1,0.0289655122905969,0.1102090701460838,0
review-cfc0b12d1183e034,Kc-A,42,0,development_readout,normal,2,0.0002476676891092,0.1102090701460838,0
review-cfc80bc1541032df,Kc-A,42,0,development_readout,smishing,1,0.9997239708900452,0.1102090701460838,1
review-d1df54b7c0853995,Kc-A,42,0,development_readout,normal,3,0.0015882577281445,0.1102090701460838,0
review-d6c4551ca894cc5c,Kc-A,42,0,development_readout,smishing,1,0.999680995941162,0.1102090701460838,1
review-d870679fd6d01453,Kc-A,42,0,development_readout,smishing,1,0.9994373917579652,0.1102090701460838,1
review-da5d8fa9864e211c,Kc-A,42,0,development_readout,normal,2,0.0010651022894307,0.1102090701460838,0
review-db2e98df10b7ea70,Kc-A,42,0,development_readout,normal,2,0.006097943522036,0.1102090701460838,0
review-dbbbfc8d3d158c2b,Kc-A,42,0,development_readout,smishing,1,0.999748170375824,0.1102090701460838,1
review-dcfd0dc2773c1fc2,Kc-A,42,0,development_readout,smishing,1,0.9993114471435548,0.1102090701460838,1
review-e2fd25cde06b2e07,Kc-A,42,0,development_readout,normal,3,0.0006196254398673,0.1102090701460838,0
review-e597199623b7b146,Kc-A,42,0,development_readout,normal,2,0.0024082898162305,0.1102090701460838,0
review-e5c8c789729e554c,Kc-A,42,0,development_readout,normal,2,0.0044216094538569,0.1102090701460838,0
review-e945ebd4e9533666,Kc-A,42,0,development_readout,smishing,1,0.9997631907463074,0.1102090701460838,1
review-f02182e8f70df196,Kc-A,42,0,development_readout,smishing,1,0.9996554851531982,0.1102090701460838,1
review-f0f2fce9301b3378,Kc-A,42,0,development_readout,normal,2,0.0006489138468168,0.1102090701460838,0
review-f296f965b5850c48,Kc-A,42,0,development_readout,normal,3,0.0005540028796531,0.1102090701460838,0
review-f2b62cb8a35fddc1,Kc-A,42,0,development_readout,smishing,1,0.999381184577942,0.1102090701460838,1
review-f360abb82bcec3c4,Kc-A,42,0,development_readout,smishing,1,0.9997608065605164,0.1102090701460838,1
review-f6f3c364cb66f280,Kc-A,42,0,development_readout,normal,2,0.0013880021870136,0.1102090701460838,0
review-f7fbd3ab7a66e194,Kc-A,42,0,development_readout,normal,3,0.0004679312114603,0.1102090701460838,0
review-fcb737070b879e4f,Kc-A,42,0,development_readout,normal,2,0.0002391659363638,0.1102090701460838,0
review-031c270e33784faf,Kc-A,101,0,development_readout,smishing,1,0.9983695149421692,0.125239148736,1
review-0651a6827875d503,Kc-A,101,0,development_readout,smishing,1,0.9996473789215088,0.125239148736,1
review-075ea585da5cae15,Kc-A,101,0,development_readout,smishing,1,0.9996309280395508,0.125239148736,1
review-0822c98e66707747,Kc-A,101,0,development_readout,normal,3,0.002299838932231,0.125239148736,0
review-0bc7f01b43b4a4f4,Kc-A,101,0,development_readout,normal,3,0.0006654968019574,0.125239148736,0
review-0bfbacbb2760394c,Kc-A,101,0,development_readout,smishing,1,0.9996261596679688,0.125239148736,1
review-10dcb33dda6d5472,Kc-A,101,0,development_readout,smishing,1,0.9996521472930908,0.125239148736,1
review-10f0da95f3fdd21e,Kc-A,101,0,development_readout,normal,2,0.0037166082765907,0.125239148736,0
review-143e404949a72860,Kc-A,101,0,development_readout,smishing,1,0.9996408224105836,0.125239148736,1
review-1820dec42f5ec2ca,Kc-A,101,0,development_readout,smishing,1,0.9996235370635986,0.125239148736,1
review-19d11b9f743aa049,Kc-A,101,0,development_readout,smishing,1,0.9995081424713136,0.125239148736,1
review-1a4aa7992820ca2a,Kc-A,101,0,development_readout,smishing,1,0.999577820301056,0.125239148736,1
review-1a60e1bd37131802,Kc-A,101,0,development_readout,normal,2,0.0003396749962121,0.125239148736,0
review-1bcdb8b5e4902f77,Kc-A,101,0,development_readout,normal,2,0.000350059592165,0.125239148736,0
review-1cb842404c1056c4,Kc-A,101,0,development_readout,normal,2,0.0021187902893871,0.125239148736,0
review-220daefcb5d386ed,Kc-A,101,0,development_readout,smishing,1,0.9994489550590516,0.125239148736,1
review-2324027bc353cb29,Kc-A,101,0,development_readout,smishing,1,0.9994875192642212,0.125239148736,1
review-23e4e9eb29dd8f93,Kc-A,101,0,development_readout,normal,2,0.0027113885153084,0.125239148736,0
review-270f57eba07d36f4,Kc-A,101,0,development_readout,smishing,1,0.9996216297149658,0.125239148736,1
review-293586512b140a4e,Kc-A,101,0,development_readout,smishing,1,0.9993686079978944,0.125239148736,1
review-2d707fce0fb4702c,Kc-A,101,0,development_readout,normal,2,0.0009712273022159,0.125239148736,0
review-2d80e47aaaa42543,Kc-A,101,0,development_readout,normal,2,0.0017764676595106,0.125239148736,0
review-31a75727a167d60d,Kc-A,101,0,development_readout,smishing,1,0.99910706281662,0.125239148736,1
review-363f281df3bd9ba4,Kc-A,101,0,development_readout,normal,3,0.0018995346035808,0.125239148736,0
review-370202b258208735,Kc-A,101,0,development_readout,smishing,1,0.9978887438774108,0.125239148736,1
review-3735a715aa425485,Kc-A,101,0,development_readout,normal,2,0.0022663308773189,0.125239148736,0
review-37962ff6cab628b9,Kc-A,101,0,development_readout,smishing,1,0.9995911717414856,0.125239148736,1
review-40617332c72b6a65,Kc-A,101,0,development_readout,smishing,1,0.9994089603424072,0.125239148736,1
review-49a272d982158787,Kc-A,101,0,development_readout,smishing,1,0.0800109878182411,0.125239148736,0
review-4bb32c9d9587eb5b,Kc-A,101,0,development_readout,smishing,1,0.9926342368125916,0.125239148736,1
review-4c45e2acc43cd09c,Kc-A,101,0,development_readout,smishing,1,0.999617338180542,0.125239148736,1
review-50913d75a97def28,Kc-A,101,0,development_readout,smishing,2,0.99906986951828,0.125239148736,1
review-50c65fd60929a11c,Kc-A,101,0,development_readout,smishing,1,0.999596893787384,0.125239148736,1
review-5192f26c12526af0,Kc-A,101,0,development_readout,normal,1,0.9968171715736388,0.125239148736,1
review-5201c5937ee64b08,Kc-A,101,0,development_readout,smishing,1,0.9992626309394836,0.125239148736,1
review-53c35a92e8d9dc2a,Kc-A,101,0,development_readout,normal,4,0.9990283250808716,0.125239148736,1
review-5582aae305ae4193,Kc-A,101,0,development_readout,normal,3,0.0018383127171546,0.125239148736,0
review-55839cdd8c1c65c6,Kc-A,101,0,development_readout,normal,3,0.0014220000011846,0.125239148736,0
review-56f61182338ec612,Kc-A,101,0,development_readout,smishing,1,0.9569193720817566,0.125239148736,1
review-5c5069cca8a5add0,Kc-A,101,0,development_readout,normal,3,0.0008551465580239,0.125239148736,0
review-6036afa1a4a219c3,Kc-A,101,0,development_readout,normal,2,0.0003461654705461,0.125239148736,0
review-613647025d825449,Kc-A,101,0,development_readout,normal,2,0.0004303020832594,0.125239148736,0
review-6260263e3bc9f334,Kc-A,101,0,development_readout,smishing,1,0.9996373653411864,0.125239148736,1
review-6925d1d5c92f5e6d,Kc-A,101,0,development_readout,normal,2,0.0005151433870196,0.125239148736,0
review-6c9e3e62bbb95763,Kc-A,101,0,development_readout,smishing,1,0.0164966452866792,0.125239148736,0
review-747ccc19ddd0a65f,Kc-A,101,0,development_readout,normal,2,0.0003455538244452,0.125239148736,0
review-75f8aea8c65c0cb2,Kc-A,101,0,development_readout,smishing,1,0.9995038509368896,0.125239148736,1
review-77b394cbe6e1dc4b,Kc-A,101,0,development_readout,normal,2,0.0048197484575212,0.125239148736,0
review-790151d3979b5cf2,Kc-A,101,0,development_readout,normal,2,0.000413256813772,0.125239148736,0
review-7b9d338bf5cd4bdc,Kc-A,101,0,development_readout,normal,2,0.0004545658302959,0.125239148736,0
review-7c0605262829dbc3,Kc-A,101,0,development_readout,smishing,1,0.9996415376663208,0.125239148736,1
review-8a9635c815342586,Kc-A,101,0,development_readout,smishing,1,0.9996354579925536,0.125239148736,1
review-901aa5f6d890357c,Kc-A,101,0,development_readout,smishing,1,0.999484658241272,0.125239148736,1
review-93e39f35ad377da3,Kc-A,101,0,development_readout,normal,2,0.0016875321744009,0.125239148736,0
review-94b8ffc8b0784e28,Kc-A,101,0,development_readout,normal,2,0.0009939490118995,0.125239148736,0
review-9751bc751be6b57c,Kc-A,101,0,development_readout,smishing,1,0.998316764831543,0.125239148736,1
review-98f9751b78a4c31e,Kc-A,101,0,development_readout,normal,3,0.0009891461813822,0.125239148736,0
review-9a3f12ca280a1c8a,Kc-A,101,0,development_readout,normal,3,0.0012984896311536,0.125239148736,0
review-9c94f8c84f214457,Kc-A,101,0,development_readout,smishing,1,0.775271475315094,0.125239148736,1
review-9d4c0bc5bb2de352,Kc-A,101,0,development_readout,smishing,1,0.998856782913208,0.125239148736,1
review-a00070320560c3ff,Kc-A,101,0,development_readout,normal,1,0.959176540374756,0.125239148736,1
review-a3b8e31a589bfbf6,Kc-A,101,0,development_readout,smishing,1,0.9996391534805298,0.125239148736,1
review-a5c8844b07d15249,Kc-A,101,0,development_readout,smishing,1,0.9995848536491394,0.125239148736,1
review-a966f0861f64ccf4,Kc-A,101,0,development_readout,smishing,1,0.1763755679130554,0.125239148736,1
review-af3cd140e815bf14,Kc-A,101,0,development_readout,normal,2,0.0014153448864817,0.125239148736,0
review-b1335825efb8b815,Kc-A,101,0,development_readout,normal,2,0.0319933593273162,0.125239148736,0
review-b1951ff1f4366cb0,Kc-A,101,0,development_readout,normal,2,0.0003568511747289,0.125239148736,0
review-b4f3af03fab1d1b9,Kc-A,101,0,development_readout,smishing,1,0.998744249343872,0.125239148736,1
review-b52505e7e689a4b8,Kc-A,101,0,development_readout,normal,2,0.0014205431798473,0.125239148736,0
review-b7db7bfa3479f4d7,Kc-A,101,0,development_readout,normal,2,0.0003836681426037,0.125239148736,0
review-bbe916c0a5f13c5a,Kc-A,101,0,development_readout,smishing,1,0.9996250867843628,0.125239148736,1
review-bc9e9750ed2f2246,Kc-A,101,0,development_readout,normal,2,0.0008468626183457,0.125239148736,0
review-c4368025a0827097,Kc-A,101,0,development_readout,normal,2,0.0012912269448861,0.125239148736,0
review-c68883cf7ada6886,Kc-A,101,0,development_readout,smishing,1,0.9993818998336792,0.125239148736,1
review-c7968cd6c3d1f959,Kc-A,101,0,development_readout,normal,2,0.0031090127304196,0.125239148736,0
review-cbbc72e510f286e3,Kc-A,101,0,development_readout,smishing,1,0.9996261596679688,0.125239148736,1
review-d17c9fec5ba94c27,Kc-A,101,0,development_readout,smishing,1,0.9990602135658264,0.125239148736,1
review-d1ba629d1b0c0386,Kc-A,101,0,development_readout,smishing,4,0.0067777554504573,0.125239148736,0
review-d299ebb8c45a2f94,Kc-A,101,0,development_readout,smishing,4,0.248802438378334,0.125239148736,1
review-e58d1b3575c7e041,Kc-A,101,0,development_readout,smishing,1,0.9989783763885498,0.125239148736,1
review-e5c8c789729e554c,Kc-A,101,0,development_readout,normal,2,0.000861475826241,0.125239148736,0
review-eb5bbbe4e99a6f72,Kc-A,101,0,development_readout,normal,2,0.0008032979094423,0.125239148736,0
review-ecc7155e591dec16,Kc-A,101,0,development_readout,smishing,1,0.9995189905166626,0.125239148736,1
review-f02182e8f70df196,Kc-A,101,0,development_readout,smishing,1,0.9989259839057922,0.125239148736,1
review-f6f3c364cb66f280,Kc-A,101,0,development_readout,normal,2,0.0012104415800422,0.125239148736,0
review-fcb737070b879e4f,Kc-A,101,0,development_readout,normal,2,0.0004138886288274,0.125239148736,0
review-fdc12fa3cc3d98a8,Kc-A,101,0,development_readout,smishing,1,0.9995890259742736,0.125239148736,1
review-fe1822167edb9625,Kc-A,101,0,development_readout,normal,2,0.0013109609717503,0.125239148736,0
review-0191505287bc42c3,Kc-A,202,0,development_readout,normal,2,0.0001437797764083,0.0548489280045032,0
review-01daae558c8120c5,Kc-A,202,0,development_readout,normal,2,0.0001449176343157,0.0548489280045032,0
review-09f8a52a643bde75,Kc-A,202,0,development_readout,normal,2,0.0053358888253569,0.0548489280045032,0
review-0c756099e821ef26,Kc-A,202,0,development_readout,smishing,1,0.9982764720916748,0.0548489280045032,1
review-0ce89002b27ae13e,Kc-A,202,0,development_readout,normal,2,0.000774381624069,0.0548489280045032,0
review-0e9363ce9bcb57c2,Kc-A,202,0,development_readout,smishing,1,0.9995077848434448,0.0548489280045032,1
review-17bb16430527761d,Kc-A,202,0,development_readout,smishing,1,0.998819887638092,0.0548489280045032,1
review-1a60e1bd37131802,Kc-A,202,0,development_readout,normal,2,0.0001526985870441,0.0548489280045032,0
review-1bcdb8b5e4902f77,Kc-A,202,0,development_readout,normal,2,0.0001492045121267,0.0548489280045032,0
review-220daefcb5d386ed,Kc-A,202,0,development_readout,smishing,1,0.9995230436325072,0.0548489280045032,1
review-23e4e9eb29dd8f93,Kc-A,202,0,development_readout,normal,2,0.0010459503391757,0.0548489280045032,0
review-2d707fce0fb4702c,Kc-A,202,0,development_readout,normal,2,0.0003078005975112,0.0548489280045032,0
review-2d80e47aaaa42543,Kc-A,202,0,development_readout,normal,2,0.0026013462338596,0.0548489280045032,0
review-2dd7b92c08e4f5c4,Kc-A,202,0,development_readout,normal,3,0.0012736261123791,0.0548489280045032,0
review-30c664d1fb0416d2,Kc-A,202,0,development_readout,normal,3,0.0003881989687215,0.0548489280045032,0
review-30e3bf5a7666c842,Kc-A,202,0,development_readout,smishing,1,0.9995274543762208,0.0548489280045032,1
review-31a75727a167d60d,Kc-A,202,0,development_readout,smishing,1,0.9993532299995422,0.0548489280045032,1
review-363f281df3bd9ba4,Kc-A,202,0,development_readout,normal,3,0.0004121332312934,0.0548489280045032,0
review-364329807a65a090,Kc-A,202,0,development_readout,smishing,1,0.9995554089546204,0.0548489280045032,1
review-3aa78c267ab21f05,Kc-A,202,0,development_readout,smishing,2,0.0034485319629311,0.0548489280045032,0
review-3b5a82f01656ae5e,Kc-A,202,0,development_readout,normal,3,0.0004065209941472,0.0548489280045032,0
review-4034e1976e7caf3d,Kc-A,202,0,development_readout,normal,2,0.0001626193115953,0.0548489280045032,0
review-40617332c72b6a65,Kc-A,202,0,development_readout,smishing,1,0.9994878768920898,0.0548489280045032,1
review-41e7242cf53f7aec,Kc-A,202,0,development_readout,normal,3,0.0006154983420856,0.0548489280045032,0
review-49db2f3969f4dab7,Kc-A,202,0,development_readout,normal,3,0.0002245503565063,0.0548489280045032,0
review-4aafcfede478ed2e,Kc-A,202,0,development_readout,smishing,1,0.9995890259742736,0.0548489280045032,1
review-4c7db89388133c66,Kc-A,202,0,development_readout,normal,2,0.0006329489406198,0.0548489280045032,0
review-5351da806d5c8862,Kc-A,202,0,development_readout,normal,2,0.0501536689698696,0.0548489280045032,0
review-573127865357f88a,Kc-A,202,0,development_readout,normal,2,0.000150520747411,0.0548489280045032,0
review-588539dd497a5994,Kc-A,202,0,development_readout,smishing,1,0.9995375871658324,0.0548489280045032,1
review-5a7aed2fa9914ccd,Kc-A,202,0,development_readout,normal,2,0.0001400067121721,0.0548489280045032,0
review-5b38287421b21063,Kc-A,202,0,development_readout,normal,2,0.0001454047451261,0.0548489280045032,0
review-613647025d825449,Kc-A,202,0,development_readout,normal,2,0.0001442832435714,0.0548489280045032,0
review-6521774e33af014d,Kc-A,202,0,development_readout,normal,2,0.0003311684413347,0.0548489280045032,0
review-6742e699b2c19637,Kc-A,202,0,development_readout,smishing,4,0.0172706451267004,0.0548489280045032,0
review-6c9e3e62bbb95763,Kc-A,202,0,development_readout,smishing,1,0.1180019006133079,0.0548489280045032,1
review-6e51f1a0ccb981e6,Kc-A,202,0,development_readout,smishing,1,0.9995799660682678,0.0548489280045032,1
review-747ccc19ddd0a65f,Kc-A,202,0,development_readout,normal,2,0.0001449822011636,0.0548489280045032,0
review-7494a9906bb71039,Kc-A,202,0,development_readout,normal,1,0.0004732963861897,0.0548489280045032,0
review-75ab06f0d698d679,Kc-A,202,0,development_readout,smishing,1,0.0187614951282739,0.0548489280045032,0
review-790151d3979b5cf2,Kc-A,202,0,development_readout,normal,2,0.0001593602937646,0.0548489280045032,0
review-7cbff1d715e4b2f0,Kc-A,202,0,development_readout,normal,3,0.0005734985461458,0.0548489280045032,0
review-7d4271562f20ae7d,Kc-A,202,0,development_readout,normal,3,0.019808854907751,0.0548489280045032,0
review-8408e233d5c05195,Kc-A,202,0,development_readout,normal,2,0.0001592120534041,0.0548489280045032,0
review-87ca5145bb1464ea,Kc-A,202,0,development_readout,normal,3,0.0002738099137786,0.0548489280045032,0
review-97eb58f77becd57e,Kc-A,202,0,development_readout,normal,2,0.0003271377354394,0.0548489280045032,0
review-9955e43648119f93,Kc-A,202,0,development_readout,smishing,1,0.999526023864746,0.0548489280045032,1
review-9c94f8c84f214457,Kc-A,202,0,development_readout,smishing,1,0.6712194681167603,0.0548489280045032,1
review-9dcbf9222596e8de,Kc-A,202,0,development_readout,normal,4,0.0001530750014353,0.0548489280045032,0
review-a1c208b7e2a31834,Kc-A,202,0,development_readout,smishing,1,0.9989848732948304,0.0548489280045032,1
review-acfda6dedbd0ac44,Kc-A,202,0,development_readout,normal,2,0.0020222966559231,0.0548489280045032,0
review-b1951ff1f4366cb0,Kc-A,202,0,development_readout,normal,2,0.0001637038221815,0.0548489280045032,0
review-b31a9429969a49d0,Kc-A,202,0,development_readout,normal,2,0.0033230816479772,0.0548489280045032,0
review-b354a4224eb298ed,Kc-A,202,0,development_readout,smishing,1,0.9994359612464904,0.0548489280045032,1
review-b4a140a400dd0bd4,Kc-A,202,0,development_readout,smishing,1,0.9995274543762208,0.0548489280045032,1
review-b716d55654e9e174,Kc-A,202,0,development_readout,normal,2,0.0002669389068614,0.0548489280045032,0
review-b7a4aa1c4b4f5a68,Kc-A,202,0,development_readout,normal,4,0.0001679644337855,0.0548489280045032,0
review-bc64860bdda53d26,Kc-A,202,0,development_readout,normal,2,0.000599596183747,0.0548489280045032,0
review-bc694d6c09671509,Kc-A,202,0,development_readout,normal,2,0.0018960355082526,0.0548489280045032,0
review-c58fb60504f6d9d8,Kc-A,202,0,development_readout,smishing,1,0.9991294741630554,0.0548489280045032,1
review-c9bef77585bdd4e8,Kc-A,202,0,development_readout,smishing,1,0.9991312623023988,0.0548489280045032,1
review-c9eb20ef749cdb80,Kc-A,202,0,development_readout,normal,3,0.0011729521211236,0.0548489280045032,0
review-cbbc72e510f286e3,Kc-A,202,0,development_readout,smishing,1,0.9995183944702148,0.0548489280045032,1
review-cd10401423c3d046,Kc-A,202,0,development_readout,normal,2,0.0001389052777085,0.0548489280045032,0
review-d23755346e397e0d,Kc-A,202,0,development_readout,normal,2,0.0001422106579411,0.0548489280045032,0
review-d27b1f741c6ce442,Kc-A,202,0,development_readout,normal,2,0.0002237544831587,0.0548489280045032,0
review-d299ebb8c45a2f94,Kc-A,202,0,development_readout,smishing,4,0.8695754408836365,0.0548489280045032,1
review-d3b4daac66058960,Kc-A,202,0,development_readout,normal,3,0.0003790850460063,0.0548489280045032,0
review-d6877eb437269499,Kc-A,202,0,development_readout,normal,2,0.0005989279597997,0.0548489280045032,0
review-de8af5907865c3e9,Kc-A,202,0,development_readout,smishing,1,0.9995546936988832,0.0548489280045032,1
review-e0ac9753946feca9,Kc-A,202,0,development_readout,smishing,4,0.999251663684845,0.0548489280045032,1
review-e597199623b7b146,Kc-A,202,0,development_readout,normal,2,0.0001859041221905,0.0548489280045032,0
review-ed79a40573a23e85,Kc-A,202,0,development_readout,normal,3,0.0076567395590245,0.0548489280045032,0
review-f7fbd3ab7a66e194,Kc-A,202,0,development_readout,normal,3,0.0002926618617493,0.0548489280045032,0
review-fd55ea1d04c7fc3b,Kc-A,202,0,development_readout,normal,3,0.0003724033304024,0.0548489280045032,0
review-fdc12fa3cc3d98a8,Kc-A,202,0,development_readout,smishing,1,0.999393105506897,0.0548489280045032,1
review-ff1ff6c1bdbeaee2,Kc-A,202,0,development_readout,normal,2,0.0001485527900513,0.0548489280045032,0
review-0056707322867f9e,Kc-A,303,0,development_readout,normal,2,0.000455388566479,0.7561625242233276,0
review-019e598ca75a2604,Kc-A,303,0,development_readout,normal,2,0.0003637346671894,0.7561625242233276,0
review-05ba384c6ab030f1,Kc-A,303,0,development_readout,normal,2,0.0018157785525545,0.7561625242233276,0
review-06613e1d63363778,Kc-A,303,0,development_readout,normal,2,0.0029042169917374,0.7561625242233276,0
review-09dc7d3fa6246119,Kc-A,303,0,development_readout,normal,2,0.0004786044009961,0.7561625242233276,0
review-0ddce31c46b4331c,Kc-A,303,0,development_readout,normal,3,0.0013523264788091,0.7561625242233276,0
review-0f5e5787e2464fe3,Kc-A,303,0,development_readout,smishing,1,0.9996371269226074,0.7561625242233276,1
review-131ed5d9023fe8e1,Kc-A,303,0,development_readout,normal,3,0.0015615789452567,0.7561625242233276,0
review-13e7350b6f9c843d,Kc-A,303,0,development_readout,smishing,1,0.1143568828701973,0.7561625242233276,0
review-1502532d7fb02e2b,Kc-A,303,0,development_readout,smishing,1,0.9864740967750548,0.7561625242233276,1
review-1538fa93f259c264,Kc-A,303,0,development_readout,normal,2,0.0016302717849612,0.7561625242233276,0
review-17bb16430527761d,Kc-A,303,0,development_readout,smishing,1,0.9990962743759156,0.7561625242233276,1
review-1cb842404c1056c4,Kc-A,303,0,development_readout,normal,2,0.0038498193025588,0.7561625242233276,0
review-2579df062aafc741,Kc-A,303,0,development_readout,smishing,1,0.9989213943481444,0.7561625242233276,1
review-322a0c915a6dca98,Kc-A,303,0,development_readout,smishing,1,0.9995311498641968,0.7561625242233276,1
review-36c6682493394c5a,Kc-A,303,0,development_readout,smishing,1,0.9996504783630372,0.7561625242233276,1
review-37962ff6cab628b9,Kc-A,303,0,development_readout,smishing,1,0.9996964931488036,0.7561625242233276,1
review-3a3a0c9003eb78d2,Kc-A,303,0,development_readout,normal,2,0.000902323750779,0.7561625242233276,0
review-3b23a85b0e54e4e2,Kc-A,303,0,development_readout,normal,2,0.0012223662342876,0.7561625242233276,0
review-3b5e9306ce7f16f6,Kc-A,303,0,development_readout,normal,2,0.0029300497844815,0.7561625242233276,0
review-40e531a989b5b832,Kc-A,303,0,development_readout,smishing,1,0.9995487332344056,0.7561625242233276,1
review-40eb85d72dbb3fa3,Kc-A,303,0,development_readout,smishing,1,0.9995753169059752,0.7561625242233276,1
review-40f65d491fbb6c91,Kc-A,303,0,development_readout,smishing,1,0.9896919131278992,0.7561625242233276,1
review-49a272d982158787,Kc-A,303,0,development_readout,smishing,1,0.7309188842773438,0.7561625242233276,0
review-4a5f226471e5edaf,Kc-A,303,0,development_readout,smishing,1,0.9997101426124572,0.7561625242233276,1
review-4b0f3b3c6f3029e0,Kc-A,303,0,development_readout,smishing,1,0.9995986819267272,0.7561625242233276,1
review-4cbabc8906c81322,Kc-A,303,0,development_readout,smishing,1,0.9995936751365662,0.7561625242233276,1
review-545d35ba143011e5,Kc-A,303,0,development_readout,normal,2,0.0014926254516467,0.7561625242233276,0
review-6036afa1a4a219c3,Kc-A,303,0,development_readout,normal,2,0.0003830643836408,0.7561625242233276,0
review-6742e699b2c19637,Kc-A,303,0,development_readout,smishing,4,0.0199121125042438,0.7561625242233276,0
review-6a3da5bb1cbb35c3,Kc-A,303,0,development_readout,smishing,1,0.999549925327301,0.7561625242233276,1
review-6c7372dc6724ef49,Kc-A,303,0,development_readout,normal,2,0.0003124793583992,0.7561625242233276,0
review-6e51f1a0ccb981e6,Kc-A,303,0,development_readout,smishing,1,0.999728500843048,0.7561625242233276,1
review-7e4208c3a8d81d5e,Kc-A,303,0,development_readout,normal,2,0.0016099312342703,0.7561625242233276,0
review-8c3afec16f00c8ea,Kc-A,303,0,development_readout,normal,2,0.0012081342283636,0.7561625242233276,0
review-8f7e5118fc4a9d93,Kc-A,303,0,development_readout,smishing,1,0.9995971322059632,0.7561625242233276,1
review-93f251b7f415320e,Kc-A,303,0,development_readout,smishing,1,0.9996621608734132,0.7561625242233276,1
review-9440c7b20214abb9,Kc-A,303,0,development_readout,smishing,1,0.999691128730774,0.7561625242233276,1
review-95c15e2125e8158e,Kc-A,303,0,development_readout,smishing,1,0.9994749426841736,0.7561625242233276,1
review-97dbf9fb83d5fd0a,Kc-A,303,0,development_readout,normal,2,0.0008334204903803,0.7561625242233276,0
review-9ad68457d5c5ddfe,Kc-A,303,0,development_readout,smishing,1,0.99783855676651,0.7561625242233276,1
review-9ca002eef5fabf4c,Kc-A,303,0,development_readout,normal,2,0.000534908962436,0.7561625242233276,0
review-9e59560a7b1c6aa2,Kc-A,303,0,development_readout,smishing,1,0.008724158629775,0.7561625242233276,0
review-aa0341109ceb1209,Kc-A,303,0,development_readout,normal,2,0.0010115149198099,0.7561625242233276,0
review-b0d0b31ce42bff6d,Kc-A,303,0,development_readout,smishing,1,0.9898367524147034,0.7561625242233276,1
review-b495dcabfdc9e6bb,Kc-A,303,0,development_readout,smishing,1,0.7539976239204407,0.7561625242233276,0
review-bbb9c61301495984,Kc-A,303,0,development_readout,smishing,1,0.999569833278656,0.7561625242233276,1
review-bc64860bdda53d26,Kc-A,303,0,development_readout,normal,2,0.001340556773357,0.7561625242233276,0
review-bc805b9a7fefb4c4,Kc-A,303,0,development_readout,smishing,1,0.999382734298706,0.7561625242233276,1
review-bcc4f27e08342914,Kc-A,303,0,development_readout,smishing,1,0.9782454371452332,0.7561625242233276,1
review-c3157c09e695c3c5,Kc-A,303,0,development_readout,normal,3,0.0009280333179049,0.7561625242233276,0
review-cbbc72e510f286e3,Kc-A,303,0,development_readout,smishing,1,0.9996936321258544,0.7561625242233276,1
review-d1ba629d1b0c0386,Kc-A,303,0,development_readout,smishing,4,0.0024979596491903,0.7561625242233276,0
review-d6877eb437269499,Kc-A,303,0,development_readout,normal,2,0.0013778862776234,0.7561625242233276,0
review-da0a87e60e534a8c,Kc-A,303,0,development_readout,normal,2,0.0012654593447223,0.7561625242233276,0
review-dc7c7acfd6e2db79,Kc-A,303,0,development_readout,normal,1,0.417208582162857,0.7561625242233276,0
review-e384094846a41b50,Kc-A,303,0,development_readout,smishing,1,0.9997785687446594,0.7561625242233276,1
review-e4dca6a839df1435,Kc-A,303,0,development_readout,normal,2,0.0014238571748137,0.7561625242233276,0
review-e597199623b7b146,Kc-A,303,0,development_readout,normal,2,0.0003958309534937,0.7561625242233276,0
review-e5c8c789729e554c,Kc-A,303,0,development_readout,normal,2,0.0005643487093038,0.7561625242233276,0
review-e9f675e3299ddb73,Kc-A,303,0,development_readout,normal,2,0.0005519168335013,0.7561625242233276,0
review-ec018bdef14b4dce,Kc-A,303,0,development_readout,smishing,1,0.9996919631958008,0.7561625242233276,1
review-ed9460d363c32a66,Kc-A,303,0,development_readout,normal,2,0.003012852044776,0.7561625242233276,0
review-ee314103593cc397,Kc-A,303,0,development_readout,smishing,1,0.9990742206573486,0.7561625242233276,1
review-f0f2fce9301b3378,Kc-A,303,0,development_readout,normal,2,0.0011187167838215,0.7561625242233276,0
review-f2b62cb8a35fddc1,Kc-A,303,0,development_readout,smishing,1,0.9995517134666444,0.7561625242233276,1
review-f44ca51cbbeda00a,Kc-A,303,0,development_readout,smishing,1,0.999640941619873,0.7561625242233276,1
review-f6f3c364cb66f280,Kc-A,303,0,development_readout,normal,2,0.0012874385574832,0.7561625242233276,0
review-f7a215d9e903b41d,Kc-A,303,0,development_readout,smishing,1,0.9996283054351808,0.7561625242233276,1
review-fd0999fd546bfed8,Kc-A,303,0,development_readout,smishing,1,0.9996894598007202,0.7561625242233276,1
review-fdc12fa3cc3d98a8,Kc-A,303,0,development_readout,smishing,1,0.9996819496154784,0.7561625242233276,1
review-014f431cdb07954a,Kc-A,404,0,development_readout,smishing,1,0.999440610408783,0.1877247989177703,1
review-07c0fb876beabf4b,Kc-A,404,0,development_readout,smishing,2,0.052148513495922,0.1877247989177703,0
review-09dc7d3fa6246119,Kc-A,404,0,development_readout,normal,2,0.0003971231926698,0.1877247989177703,0
review-0bc7f01b43b4a4f4,Kc-A,404,0,development_readout,normal,3,0.0012136943405494,0.1877247989177703,0
review-0cf62fd6142f6cb4,Kc-A,404,0,development_readout,smishing,1,0.9996446371078492,0.1877247989177703,1
review-0f7f12381c38278e,Kc-A,404,0,development_readout,normal,3,0.0016512901056557,0.1877247989177703,0
review-105735240253acfe,Kc-A,404,0,development_readout,smishing,1,0.996119499206543,0.1877247989177703,1
review-10e329e8873017e2,Kc-A,404,0,development_readout,smishing,1,0.9993409514427184,0.1877247989177703,1
review-12aedba2ef212671,Kc-A,404,0,development_readout,smishing,1,0.9995050430297852,0.1877247989177703,1
review-1538fa93f259c264,Kc-A,404,0,development_readout,normal,2,0.0038144595455378,0.1877247989177703,0
review-17bb16430527761d,Kc-A,404,0,development_readout,smishing,1,0.9993000030517578,0.1877247989177703,1
review-19cc4ce8b1dbe415,Kc-A,404,0,development_readout,smishing,2,0.003419290529564,0.1877247989177703,0
review-1a4aa7992820ca2a,Kc-A,404,0,development_readout,smishing,1,0.9994375109672546,0.1877247989177703,1
review-1bee5d35c3ae9550,Kc-A,404,0,development_readout,smishing,1,0.9978152513504028,0.1877247989177703,1
review-1c32fedd4b32dd06,Kc-A,404,0,development_readout,normal,3,0.0013693789951503,0.1877247989177703,0
review-1c42c25c32f5bd82,Kc-A,404,0,development_readout,smishing,1,0.9996215105056764,0.1877247989177703,1
review-1e479c4a302f356c,Kc-A,404,0,development_readout,smishing,1,0.5187281966209412,0.1877247989177703,1
review-25104a7eec1f7831,Kc-A,404,0,development_readout,smishing,1,0.9995887875556946,0.1877247989177703,1
review-266fac2cf4f9a2fe,Kc-A,404,0,development_readout,smishing,1,0.9995304346084596,0.1877247989177703,1
review-2705653809f7ad8f,Kc-A,404,0,development_readout,normal,2,0.0003048436774406,0.1877247989177703,0
review-2769abe8fc6ffd87,Kc-A,404,0,development_readout,normal,3,0.002841216744855,0.1877247989177703,0
review-293586512b140a4e,Kc-A,404,0,development_readout,smishing,1,0.9992189407348632,0.1877247989177703,1
review-2dcd34cb42910200,Kc-A,404,0,development_readout,smishing,1,0.9995957016944884,0.1877247989177703,1
review-31a75727a167d60d,Kc-A,404,0,development_readout,smishing,1,0.9992581009864808,0.1877247989177703,1
review-3423b715646fd583,Kc-A,404,0,development_readout,smishing,1,0.9995525479316713,0.1877247989177703,1
review-363f281df3bd9ba4,Kc-A,404,0,development_readout,normal,3,0.0012456689728423,0.1877247989177703,0
review-364329807a65a090,Kc-A,404,0,development_readout,smishing,1,0.999456822872162,0.1877247989177703,1
review-39a836fe3d87fa33,Kc-A,404,0,development_readout,normal,2,0.0002711582346819,0.1877247989177703,0
review-39e0fa05577bfbae,Kc-A,404,0,development_readout,smishing,1,0.99962055683136,0.1877247989177703,1
review-3b5e9306ce7f16f6,Kc-A,404,0,development_readout,normal,2,0.0098364250734448,0.1877247989177703,0
review-3c542b2889f7ee41,Kc-A,404,0,development_readout,smishing,1,0.9995781779289246,0.1877247989177703,1
review-40f65d491fbb6c91,Kc-A,404,0,development_readout,smishing,1,0.996332347393036,0.1877247989177703,1
review-46f3555593434e8a,Kc-A,404,0,development_readout,smishing,1,0.9994370341300964,0.1877247989177703,1
review-50c65fd60929a11c,Kc-A,404,0,development_readout,smishing,1,0.9996618032455444,0.1877247989177703,1
review-5176dde30e249277,Kc-A,404,0,development_readout,normal,2,0.0002259657194372,0.1877247989177703,0
review-5201c5937ee64b08,Kc-A,404,0,development_readout,smishing,1,0.9995206594467164,0.1877247989177703,1
review-563b94c3e75e8c6d,Kc-A,404,0,development_readout,smishing,1,0.1277675032615661,0.1877247989177703,0
review-5784e41a45931326,Kc-A,404,0,development_readout,smishing,1,0.9994284510612488,0.1877247989177703,1
review-5a021883af9f96ea,Kc-A,404,0,development_readout,normal,3,0.0012996564619243,0.1877247989177703,0
review-5a49e43857a6f8f0,Kc-A,404,0,development_readout,smishing,1,0.1568098813295364,0.1877247989177703,0
review-5bd99d54544ce7e3,Kc-A,404,0,development_readout,normal,3,0.9920370578765868,0.1877247989177703,1
review-5c8fb855522635b0,Kc-A,404,0,development_readout,normal,2,0.003304312704131,0.1877247989177703,0
review-613647025d825449,Kc-A,404,0,development_readout,normal,2,0.000257513456745,0.1877247989177703,0
review-6521774e33af014d,Kc-A,404,0,development_readout,normal,2,0.0025987112894654,0.1877247989177703,0
review-66ef57282af71d4f,Kc-A,404,0,development_readout,normal,2,0.0002414663613308,0.1877247989177703,0
review-6925d1d5c92f5e6d,Kc-A,404,0,development_readout,normal,2,0.0004019940388388,0.1877247989177703,0
review-6938cc7e883cfae5,Kc-A,404,0,development_readout,smishing,1,0.9970918893814088,0.1877247989177703,1
review-6e51f1a0ccb981e6,Kc-A,404,0,development_readout,smishing,1,0.999680519104004,0.1877247989177703,1
review-6ee455a4c31c9039,Kc-A,404,0,development_readout,normal,2,0.0432919412851333,0.1877247989177703,0
review-76a47d926f91413e,Kc-A,404,0,development_readout,normal,2,0.0002465206198394,0.1877247989177703,0
review-7bc2e45e3ffc6c78,Kc-A,404,0,development_readout,normal,2,0.0002198409783886,0.1877247989177703,0
review-833c087c0ab5f903,Kc-A,404,0,development_readout,smishing,1,0.9900840520858764,0.1877247989177703,1
review-8858113ca39c4a08,Kc-A,404,0,development_readout,smishing,1,0.9994325041770936,0.1877247989177703,1
review-8f6994cbd2075acd,Kc-A,404,0,development_readout,smishing,1,0.9995059967041016,0.1877247989177703,1
review-93e39f35ad377da3,Kc-A,404,0,development_readout,normal,2,0.0021343133412301,0.1877247989177703,0
review-94b8ffc8b0784e28,Kc-A,404,0,development_readout,normal,2,0.0018251263536512,0.1877247989177703,0
review-96be0a4e61349470,Kc-A,404,0,development_readout,smishing,1,0.9994718432426452,0.1877247989177703,1
review-9762bd209b88d2ac,Kc-A,404,0,development_readout,smishing,1,0.9993818998336792,0.1877247989177703,1
review-9833d3f3d2c07833,Kc-A,404,0,development_readout,smishing,1,0.9995511174201964,0.1877247989177703,1
review-99553665d7fa8d60,Kc-A,404,0,development_readout,normal,2,0.0002402148966211,0.1877247989177703,0
review-9955e43648119f93,Kc-A,404,0,development_readout,smishing,1,0.9995037317276,0.1877247989177703,1
review-9a3f12ca280a1c8a,Kc-A,404,0,development_readout,normal,3,0.0017970624612644,0.1877247989177703,0
review-9c83743cb64ceb5e,Kc-A,404,0,development_readout,normal,2,0.004824036732316,0.1877247989177703,0
review-a1b685810c820047,Kc-A,404,0,development_readout,smishing,1,0.999626874923706,0.1877247989177703,1
review-a966f0861f64ccf4,Kc-A,404,0,development_readout,smishing,1,0.94019216299057,0.1877247989177703,1
review-ac307e4a1651f014,Kc-A,404,0,development_readout,smishing,3,0.9987840056419371,0.1877247989177703,1
review-ad512146de7da940,Kc-A,404,0,development_readout,smishing,1,0.9990280866622924,0.1877247989177703,1
review-b1951ff1f4366cb0,Kc-A,404,0,development_readout,normal,2,0.0002245645009679,0.1877247989177703,0
review-b31a9429969a49d0,Kc-A,404,0,development_readout,normal,2,0.9920550584793092,0.1877247989177703,1
review-b7a4aa1c4b4f5a68,Kc-A,404,0,development_readout,normal,4,0.0003657409688457,0.1877247989177703,0
review-bc5e0069bbad7d67,Kc-A,404,0,development_readout,normal,2,0.0004009095137007,0.1877247989177703,0
review-bc694d6c09671509,Kc-A,404,0,development_readout,normal,2,0.0077365152537822,0.1877247989177703,0
review-bc805b9a7fefb4c4,Kc-A,404,0,development_readout,smishing,1,0.998368799686432,0.1877247989177703,1
review-bfec2c5d687b5e5a,Kc-A,404,0,development_readout,normal,2,0.0070931031368672,0.1877247989177703,0
review-c2b11fa0a2c3336f,Kc-A,404,0,development_readout,normal,2,0.0016369295772165,0.1877247989177703,0
review-c58fb60504f6d9d8,Kc-A,404,0,development_readout,smishing,1,0.999397039413452,0.1877247989177703,1
review-c9bef77585bdd4e8,Kc-A,404,0,development_readout,smishing,1,0.9993689656257628,0.1877247989177703,1
review-ca722d1baa37caa6,Kc-A,404,0,development_readout,smishing,1,0.99944669008255,0.1877247989177703,1
review-cb32573abbb83f9f,Kc-A,404,0,development_readout,smishing,1,0.9996353387832642,0.1877247989177703,1
review-cf827f0ca2b4b9a5,Kc-A,404,0,development_readout,smishing,1,0.033946119248867,0.1877247989177703,0
review-d23755346e397e0d,Kc-A,404,0,development_readout,normal,2,0.0002149711363017,0.1877247989177703,0
review-d299ebb8c45a2f94,Kc-A,404,0,development_readout,smishing,4,0.9240683317184448,0.1877247989177703,1
review-d29c44ff7ec787ac,Kc-A,404,0,development_readout,normal,3,0.0029783609788864,0.1877247989177703,0
review-d4f84d432e0d6d48,Kc-A,404,0,development_readout,normal,2,0.0002197865105699,0.1877247989177703,0
review-d51050ea94555e33,Kc-A,404,0,development_readout,normal,2,0.0003469005459919,0.1877247989177703,0
review-d7a5aa91a1e9ef4b,Kc-A,404,0,development_readout,normal,3,0.0023580237757414,0.1877247989177703,0
review-d885dde988ff81fc,Kc-A,404,0,development_readout,smishing,1,0.7013479471206665,0.1877247989177703,1
review-dc7c7acfd6e2db79,Kc-A,404,0,development_readout,normal,1,0.0652489364147186,0.1877247989177703,0
review-dd797ac5b4317bd3,Kc-A,404,0,development_readout,smishing,1,0.9996215105056764,0.1877247989177703,1
review-e058b93119484125,Kc-A,404,0,development_readout,smishing,1,0.9994692206382751,0.1877247989177703,1
review-e0a264aecc7ee1b0,Kc-A,404,0,development_readout,normal,2,0.000438328977907,0.1877247989177703,0
review-e432c718725ac7ae,Kc-A,404,0,development_readout,normal,2,0.0029880348592996,0.1877247989177703,0
review-e511d7b76f480bc7,Kc-A,404,0,development_readout,smishing,1,0.9992631077766418,0.1877247989177703,1
review-e736bb0c132d2dc8,Kc-A,404,0,development_readout,smishing,1,0.9147029519081116,0.1877247989177703,1
review-ed79a40573a23e85,Kc-A,404,0,development_readout,normal,3,0.809456467628479,0.1877247989177703,1
review-ed9460d363c32a66,Kc-A,404,0,development_readout,normal,2,0.00245126709342,0.1877247989177703,0
review-edccbb4371a90711,Kc-A,404,0,development_readout,smishing,1,0.999626636505127,0.1877247989177703,1
review-f9b9a4279458f732,Kc-A,404,0,development_readout,smishing,1,0.9994753003120422,0.1877247989177703,1
review-fd4a4694d748b8f1,Kc-A,404,0,development_readout,smishing,1,0.9990435242652892,0.1877247989177703,1
review-ff1ff6c1bdbeaee2,Kc-A,404,0,development_readout,normal,2,0.0002669292443897,0.1877247989177703,0
review-ff57873bcca80e84,Kc-A,404,0,development_readout,smishing,1,0.0026179535780102,0.1877247989177703,0
review-ff61b33b22cf09db,Kc-A,404,0,development_readout,smishing,1,0.5421639084815979,0.1877247989177703,1
review-0056707322867f9e,Kc-C,42,0,development_readout,normal,2,0.0002902596315834,0.0517257563769817,0
review-01daae558c8120c5,Kc-C,42,0,development_readout,normal,2,0.0002519389381632,0.0517257563769817,0
review-0364c25d14e8bb7d,Kc-C,42,0,development_readout,smishing,1,0.9997184872627258,0.0517257563769817,1
review-0651a6827875d503,Kc-C,42,0,development_readout,smishing,1,0.9996979236602784,0.0517257563769817,1
review-075ea585da5cae15,Kc-C,42,0,development_readout,smishing,1,0.9996979236602784,0.0517257563769817,1
review-0c756099e821ef26,Kc-C,42,0,development_readout,smishing,1,0.9993398785591124,0.0517257563769817,1
review-10dcb33dda6d5472,Kc-C,42,0,development_readout,smishing,1,0.9997023940086364,0.0517257563769817,1
review-143e404949a72860,Kc-C,42,0,development_readout,smishing,1,0.9996992349624634,0.0517257563769817,1
review-1538fa93f259c264,Kc-C,42,0,development_readout,normal,2,0.0007727193296886,0.0517257563769817,0
review-17bb16430527761d,Kc-C,42,0,development_readout,smishing,1,0.9991729855537416,0.0517257563769817,1
review-1b29308cb4906d02,Kc-C,42,0,development_readout,smishing,1,0.9997122883796692,0.0517257563769817,1
review-1f07a8c7cd26df2c,Kc-C,42,0,development_readout,normal,2,0.0007471157005056,0.0517257563769817,0
review-220daefcb5d386ed,Kc-C,42,0,development_readout,smishing,1,0.9996083378791808,0.0517257563769817,1
review-25104a7eec1f7831,Kc-C,42,0,development_readout,smishing,1,0.9997079968452454,0.0517257563769817,1
review-2579df062aafc741,Kc-C,42,0,development_readout,smishing,1,0.9993540644645692,0.0517257563769817,1
review-260a39866b3feb51,Kc-C,42,0,development_readout,normal,2,0.0002254079736303,0.0517257563769817,0
review-27c93b924b9803a0,Kc-C,42,0,development_readout,smishing,1,0.9993102550506592,0.0517257563769817,1
review-3398cc98a1b87648,Kc-C,42,0,development_readout,smishing,1,0.9996614456176758,0.0517257563769817,1
review-344682f2618ba8f9,Kc-C,42,0,development_readout,normal,2,0.0020174288656562,0.0517257563769817,0
review-34c4c16cb5ea9aaf,Kc-C,42,0,development_readout,smishing,1,0.999496579170227,0.0517257563769817,1
review-364329807a65a090,Kc-C,42,0,development_readout,smishing,1,0.9995978474617004,0.0517257563769817,1
review-37962ff6cab628b9,Kc-C,42,0,development_readout,smishing,1,0.9996932744979858,0.0517257563769817,1
review-37bb8af10a6775e3,Kc-C,42,0,development_readout,smishing,2,0.9658393263816832,0.0517257563769817,1
review-39e0fa05577bfbae,Kc-C,42,0,development_readout,smishing,1,0.9996860027313232,0.0517257563769817,1
review-3a343dbd60efe3c5,Kc-C,42,0,development_readout,normal,3,0.0051423427648842,0.0517257563769817,0
review-3a3a0c9003eb78d2,Kc-C,42,0,development_readout,normal,2,0.0075554572977125,0.0517257563769817,0
review-3b5a82f01656ae5e,Kc-C,42,0,development_readout,normal,3,0.0008642174070701,0.0517257563769817,0
review-3c6ae33a89ac17a5,Kc-C,42,0,development_readout,smishing,1,0.9997040629386902,0.0517257563769817,1
review-40617332c72b6a65,Kc-C,42,0,development_readout,smishing,1,0.9996142387390136,0.0517257563769817,1
review-40f65d491fbb6c91,Kc-C,42,0,development_readout,smishing,1,0.945584774017334,0.0517257563769817,1
review-417d1a94491a5069,Kc-C,42,0,development_readout,normal,3,0.0017277859151363,0.0517257563769817,0
review-41e7242cf53f7aec,Kc-C,42,0,development_readout,normal,3,0.0009772698394954,0.0517257563769817,0
review-4532712bae1263a4,Kc-C,42,0,development_readout,smishing,1,0.9996923208236694,0.0517257563769817,1
review-48f7182245c9e551,Kc-C,42,0,development_readout,smishing,2,0.0907272323966026,0.0517257563769817,1
review-4aafcfede478ed2e,Kc-C,42,0,development_readout,smishing,1,0.999680519104004,0.0517257563769817,1
review-4bb32c9d9587eb5b,Kc-C,42,0,development_readout,smishing,1,0.996845543384552,0.0517257563769817,1
review-4bc7fe6f6685e5b0,Kc-C,42,0,development_readout,smishing,3,0.9994358420372008,0.0517257563769817,1
review-4c45e2acc43cd09c,Kc-C,42,0,development_readout,smishing,1,0.9997058510780334,0.0517257563769817,1
review-4c7db89388133c66,Kc-C,42,0,development_readout,normal,2,0.0009619285119697,0.0517257563769817,0
review-53c35a92e8d9dc2a,Kc-C,42,0,development_readout,normal,4,0.9989804625511168,0.0517257563769817,1
review-5a7aed2fa9914ccd,Kc-C,42,0,development_readout,normal,2,0.000195176253328,0.0517257563769817,0
review-5cdeba2735509611,Kc-C,42,0,development_readout,smishing,1,0.9994972944259644,0.0517257563769817,1
review-5d4e3193863f1946,Kc-C,42,0,development_readout,smishing,1,0.9994953870773317,0.0517257563769817,1
review-6260263e3bc9f334,Kc-C,42,0,development_readout,smishing,1,0.9997181296348572,0.0517257563769817,1
review-63ea5eac0fdbfe2f,Kc-C,42,0,development_readout,smishing,1,0.9997186064720154,0.0517257563769817,1
review-6521774e33af014d,Kc-C,42,0,development_readout,normal,2,0.0007535453187301,0.0517257563769817,0
review-65fde99e6e05f377,Kc-C,42,0,development_readout,smishing,1,0.9997021555900574,0.0517257563769817,1
review-6925d1d5c92f5e6d,Kc-C,42,0,development_readout,normal,2,0.0003417186089791,0.0517257563769817,0
review-6f695f49e7ab13e0,Kc-C,42,0,development_readout,normal,2,0.0014977218816056,0.0517257563769817,0
review-722fa17d1953465a,Kc-C,42,0,development_readout,smishing,1,0.9997103810310364,0.0517257563769817,1
review-737f8fd0571ce3c6,Kc-C,42,0,development_readout,smishing,2,0.999538779258728,0.0517257563769817,1
review-75ab06f0d698d679,Kc-C,42,0,development_readout,smishing,1,0.3617432415485382,0.0517257563769817,1
review-7aed3e349c71aa1c,Kc-C,42,0,development_readout,smishing,1,0.9997103810310364,0.0517257563769817,1
review-7bc2e45e3ffc6c78,Kc-C,42,0,development_readout,normal,2,0.0002278444444527,0.0517257563769817,0
review-7c0605262829dbc3,Kc-C,42,0,development_readout,smishing,1,0.9997121691703796,0.0517257563769817,1
review-8a9a3331b5fa55b8,Kc-C,42,0,development_readout,normal,2,0.0008717722375877,0.0517257563769817,0
review-92a8bdc500ce598c,Kc-C,42,0,development_readout,smishing,1,0.9996015429496764,0.0517257563769817,1
review-936c9b094a62d464,Kc-C,42,0,development_readout,normal,2,0.0014462315011769,0.0517257563769817,0
review-93d84a89e42aa2d2,Kc-C,42,0,development_readout,smishing,1,0.9995656609535216,0.0517257563769817,1
review-93f251b7f415320e,Kc-C,42,0,development_readout,smishing,1,0.9996046423912048,0.0517257563769817,1
review-9827872ee45caecd,Kc-C,42,0,development_readout,smishing,1,0.999692678451538,0.0517257563769817,1
review-982aea7aee2bfd5b,Kc-C,42,0,development_readout,smishing,1,0.9996973276138306,0.0517257563769817,1
review-98f41617c328173b,Kc-C,42,0,development_readout,smishing,1,0.9996787309646606,0.0517257563769817,1
review-9955e43648119f93,Kc-C,42,0,development_readout,smishing,1,0.9996998310089112,0.0517257563769817,1
review-9a4ea6655a8a5a4f,Kc-C,42,0,development_readout,normal,3,0.0096723632887005,0.0517257563769817,0
review-9db42b53975f21ce,Kc-C,42,0,development_readout,normal,3,0.0013937446055933,0.0517257563769817,0
review-9e59560a7b1c6aa2,Kc-C,42,0,development_readout,smishing,1,0.8871092796325684,0.0517257563769817,1
review-a1325d40440edcad,Kc-C,42,0,development_readout,normal,2,0.0002202246978413,0.0517257563769817,0
review-a17319837ff0f25f,Kc-C,42,0,development_readout,smishing,1,0.9996440410614014,0.0517257563769817,1
review-a884f7c925b47633,Kc-C,42,0,development_readout,smishing,1,0.9997113347053528,0.0517257563769817,1
review-aa0341109ceb1209,Kc-C,42,0,development_readout,normal,2,0.0004698589327745,0.0517257563769817,0
review-ac307e4a1651f014,Kc-C,42,0,development_readout,smishing,3,0.993413746356964,0.0517257563769817,1
review-b31a9429969a49d0,Kc-C,42,0,development_readout,normal,2,0.0011569793568924,0.0517257563769817,0
review-b7a4aa1c4b4f5a68,Kc-C,42,0,development_readout,normal,4,0.0009798756800591,0.0517257563769817,0
review-b8b4a371ec215d7c,Kc-C,42,0,development_readout,normal,2,0.0008334344020113,0.0517257563769817,0
review-bb5f23238e492978,Kc-C,42,0,development_readout,smishing,1,0.9996858835220336,0.0517257563769817,1
review-bf29414211fedb11,Kc-C,42,0,development_readout,smishing,1,0.9997084736824036,0.0517257563769817,1
review-bf5fe000a4a8d9d5,Kc-C,42,0,development_readout,smishing,1,0.9981613755226136,0.0517257563769817,1
review-c279584d5ab81989,Kc-C,42,0,development_readout,smishing,1,0.9997102618217468,0.0517257563769817,1
review-c58fb60504f6d9d8,Kc-C,42,0,development_readout,smishing,1,0.9993894100189208,0.0517257563769817,1
review-c68883cf7ada6886,Kc-C,42,0,development_readout,smishing,1,0.9996763467788696,0.0517257563769817,1
review-c882bcd351e72aee,Kc-C,42,0,development_readout,smishing,1,0.9996975660324096,0.0517257563769817,1
review-c9bef77585bdd4e8,Kc-C,42,0,development_readout,smishing,1,0.999344527721405,0.0517257563769817,1
review-c9eb20ef749cdb80,Kc-C,42,0,development_readout,normal,3,0.001349810976535,0.0517257563769817,0
review-cd10401423c3d046,Kc-C,42,0,development_readout,normal,2,0.0002595261903479,0.0517257563769817,0
review-cf59c2e5933f9fa2,Kc-C,42,0,development_readout,smishing,1,0.9996745586395264,0.0517257563769817,1
review-cf827f0ca2b4b9a5,Kc-C,42,0,development_readout,smishing,1,0.0820408537983894,0.0517257563769817,1
review-cfc0b12d1183e034,Kc-C,42,0,development_readout,normal,2,0.0002770740829873,0.0517257563769817,0
review-cfc80bc1541032df,Kc-C,42,0,development_readout,smishing,1,0.999682068824768,0.0517257563769817,1
review-d1df54b7c0853995,Kc-C,42,0,development_readout,normal,3,0.0017648050561547,0.0517257563769817,0
review-d6c4551ca894cc5c,Kc-C,42,0,development_readout,smishing,1,0.9996496438980104,0.0517257563769817,1
review-d870679fd6d01453,Kc-C,42,0,development_readout,smishing,1,0.9993218183517456,0.0517257563769817,1
review-da5d8fa9864e211c,Kc-C,42,0,development_readout,normal,2,0.0009158493485301,0.0517257563769817,0
review-db2e98df10b7ea70,Kc-C,42,0,development_readout,normal,2,0.0034802111331373,0.0517257563769817,0
review-dbbbfc8d3d158c2b,Kc-C,42,0,development_readout,smishing,1,0.99972265958786,0.0517257563769817,1
review-dcfd0dc2773c1fc2,Kc-C,42,0,development_readout,smishing,1,0.9994698166847228,0.0517257563769817,1
review-e2fd25cde06b2e07,Kc-C,42,0,development_readout,normal,3,0.0006347776507027,0.0517257563769817,0
review-e597199623b7b146,Kc-C,42,0,development_readout,normal,2,0.0007202740525826,0.0517257563769817,0
review-e5c8c789729e554c,Kc-C,42,0,development_readout,normal,2,0.0013700346462428,0.0517257563769817,0
review-e945ebd4e9533666,Kc-C,42,0,development_readout,smishing,1,0.999716818332672,0.0517257563769817,1
review-f02182e8f70df196,Kc-C,42,0,development_readout,smishing,1,0.9994613528251648,0.0517257563769817,1
review-f0f2fce9301b3378,Kc-C,42,0,development_readout,normal,2,0.0005594642716459,0.0517257563769817,0
review-f296f965b5850c48,Kc-C,42,0,development_readout,normal,3,0.0005109032499603,0.0517257563769817,0
review-f2b62cb8a35fddc1,Kc-C,42,0,development_readout,smishing,1,0.999445617198944,0.0517257563769817,1
review-f360abb82bcec3c4,Kc-C,42,0,development_readout,smishing,1,0.9996967315673828,0.0517257563769817,1
review-f6f3c364cb66f280,Kc-C,42,0,development_readout,normal,2,0.0009844809537753,0.0517257563769817,0
review-f7fbd3ab7a66e194,Kc-C,42,0,development_readout,normal,3,0.00056460959604,0.0517257563769817,0
review-fcb737070b879e4f,Kc-C,42,0,development_readout,normal,2,0.0002808116551022,0.0517257563769817,0
review-031c270e33784faf,Kc-C,101,0,development_readout,smishing,1,0.986974000930786,0.066662348806858,1
review-0651a6827875d503,Kc-C,101,0,development_readout,smishing,1,0.9996334314346312,0.066662348806858,1
review-075ea585da5cae15,Kc-C,101,0,development_readout,smishing,1,0.999630331993103,0.066662348806858,1
review-0822c98e66707747,Kc-C,101,0,development_readout,normal,3,0.0063630463555455,0.066662348806858,0
review-0bc7f01b43b4a4f4,Kc-C,101,0,development_readout,normal,3,0.000795051222667,0.066662348806858,0
review-0bfbacbb2760394c,Kc-C,101,0,development_readout,smishing,1,0.9996737241744996,0.066662348806858,1
review-10dcb33dda6d5472,Kc-C,101,0,development_readout,smishing,1,0.9996535778045654,0.066662348806858,1
review-10f0da95f3fdd21e,Kc-C,101,0,development_readout,normal,2,0.0028519064653664,0.066662348806858,0
review-143e404949a72860,Kc-C,101,0,development_readout,smishing,1,0.999668836593628,0.066662348806858,1
review-1820dec42f5ec2ca,Kc-C,101,0,development_readout,smishing,1,0.9996306896209716,0.066662348806858,1
review-19d11b9f743aa049,Kc-C,101,0,development_readout,smishing,1,0.9995518326759338,0.066662348806858,1
review-1a4aa7992820ca2a,Kc-C,101,0,development_readout,smishing,1,0.9995879530906676,0.066662348806858,1
review-1a60e1bd37131802,Kc-C,101,0,development_readout,normal,2,0.0003786400775425,0.066662348806858,0
review-1bcdb8b5e4902f77,Kc-C,101,0,development_readout,normal,2,0.0003711058525368,0.066662348806858,0
review-1cb842404c1056c4,Kc-C,101,0,development_readout,normal,2,0.0034160059876739,0.066662348806858,0
review-220daefcb5d386ed,Kc-C,101,0,development_readout,smishing,1,0.9996362924575806,0.066662348806858,1
review-2324027bc353cb29,Kc-C,101,0,development_readout,smishing,1,0.999441921710968,0.066662348806858,1
review-23e4e9eb29dd8f93,Kc-C,101,0,development_readout,normal,2,0.0043624979443848,0.066662348806858,0
review-270f57eba07d36f4,Kc-C,101,0,development_readout,smishing,1,0.9996283054351808,0.066662348806858,1
review-293586512b140a4e,Kc-C,101,0,development_readout,smishing,1,0.999543070793152,0.066662348806858,1
review-2d707fce0fb4702c,Kc-C,101,0,development_readout,normal,2,0.0012242187513038,0.066662348806858,0
review-2d80e47aaaa42543,Kc-C,101,0,development_readout,normal,2,0.0022601247765123,0.066662348806858,0
review-31a75727a167d60d,Kc-C,101,0,development_readout,smishing,1,0.9994565844535828,0.066662348806858,1
review-363f281df3bd9ba4,Kc-C,101,0,development_readout,normal,3,0.0055255377665162,0.066662348806858,0
review-370202b258208735,Kc-C,101,0,development_readout,smishing,1,0.9989646673202516,0.066662348806858,1
review-3735a715aa425485,Kc-C,101,0,development_readout,normal,2,0.0047879540361464,0.066662348806858,0
review-37962ff6cab628b9,Kc-C,101,0,development_readout,smishing,1,0.9996360540390016,0.066662348806858,1
review-40617332c72b6a65,Kc-C,101,0,development_readout,smishing,1,0.9996426105499268,0.066662348806858,1
review-49a272d982158787,Kc-C,101,0,development_readout,smishing,1,0.3829898834228515,0.066662348806858,1
review-4bb32c9d9587eb5b,Kc-C,101,0,development_readout,smishing,1,0.9952608942985536,0.066662348806858,1
review-4c45e2acc43cd09c,Kc-C,101,0,development_readout,smishing,1,0.9996121525764464,0.066662348806858,1
review-50913d75a97def28,Kc-C,101,0,development_readout,smishing,2,0.9983240962028505,0.066662348806858,1
review-50c65fd60929a11c,Kc-C,101,0,development_readout,smishing,1,0.9996248483657836,0.066662348806858,1
review-5192f26c12526af0,Kc-C,101,0,development_readout,normal,1,0.9989529848098756,0.066662348806858,1
review-5201c5937ee64b08,Kc-C,101,0,development_readout,smishing,1,0.9995436072349548,0.066662348806858,1
review-53c35a92e8d9dc2a,Kc-C,101,0,development_readout,normal,4,0.9988119602203368,0.066662348806858,1
review-5582aae305ae4193,Kc-C,101,0,development_readout,normal,3,0.0019089336274191,0.066662348806858,0
review-55839cdd8c1c65c6,Kc-C,101,0,development_readout,normal,3,0.0020350832492113,0.066662348806858,0
review-56f61182338ec612,Kc-C,101,0,development_readout,smishing,1,0.9960936903953552,0.066662348806858,1
review-5c5069cca8a5add0,Kc-C,101,0,development_readout,normal,3,0.0016774829709902,0.066662348806858,0
review-6036afa1a4a219c3,Kc-C,101,0,development_readout,normal,2,0.0003538836317602,0.066662348806858,0
review-613647025d825449,Kc-C,101,0,development_readout,normal,2,0.0004883591318503,0.066662348806858,0
review-6260263e3bc9f334,Kc-C,101,0,development_readout,smishing,1,0.9996260404586792,0.066662348806858,1
review-6925d1d5c92f5e6d,Kc-C,101,0,development_readout,normal,2,0.0006371566560119,0.066662348806858,0
review-6c9e3e62bbb95763,Kc-C,101,0,development_readout,smishing,1,0.1178915947675705,0.066662348806858,1
review-747ccc19ddd0a65f,Kc-C,101,0,development_readout,normal,2,0.0003957540029659,0.066662348806858,0
review-75f8aea8c65c0cb2,Kc-C,101,0,development_readout,smishing,1,0.9994248151779176,0.066662348806858,1
review-77b394cbe6e1dc4b,Kc-C,101,0,development_readout,normal,2,0.0240850932896137,0.066662348806858,0
review-790151d3979b5cf2,Kc-C,101,0,development_readout,normal,2,0.0004663303552661,0.066662348806858,0
review-7b9d338bf5cd4bdc,Kc-C,101,0,development_readout,normal,2,0.0005531702772714,0.066662348806858,0
review-7c0605262829dbc3,Kc-C,101,0,development_readout,smishing,1,0.9996424913406372,0.066662348806858,1
review-8a9635c815342586,Kc-C,101,0,development_readout,smishing,1,0.9996675252914428,0.066662348806858,1
review-901aa5f6d890357c,Kc-C,101,0,development_readout,smishing,1,0.9994648098945618,0.066662348806858,1
review-93e39f35ad377da3,Kc-C,101,0,development_readout,normal,2,0.0014716834994032,0.066662348806858,0
review-94b8ffc8b0784e28,Kc-C,101,0,development_readout,normal,2,0.0011316108284518,0.066662348806858,0
review-9751bc751be6b57c,Kc-C,101,0,development_readout,smishing,1,0.9987687468528748,0.066662348806858,1
review-98f9751b78a4c31e,Kc-C,101,0,development_readout,normal,3,0.0020303514320403,0.066662348806858,0
review-9a3f12ca280a1c8a,Kc-C,101,0,development_readout,normal,3,0.0012225849786773,0.066662348806858,0
review-9c94f8c84f214457,Kc-C,101,0,development_readout,smishing,1,0.75889652967453,0.066662348806858,1
review-9d4c0bc5bb2de352,Kc-C,101,0,development_readout,smishing,1,0.9986045956611632,0.066662348806858,1
review-a00070320560c3ff,Kc-C,101,0,development_readout,normal,1,0.2349104881286621,0.066662348806858,1
review-a3b8e31a589bfbf6,Kc-C,101,0,development_readout,smishing,1,0.9996222257614136,0.066662348806858,1
review-a5c8844b07d15249,Kc-C,101,0,development_readout,smishing,1,0.9996308088302612,0.066662348806858,1
review-a966f0861f64ccf4,Kc-C,101,0,development_readout,smishing,1,0.8004782199859619,0.066662348806858,1
review-af3cd140e815bf14,Kc-C,101,0,development_readout,normal,2,0.0035306501667946,0.066662348806858,0
review-b1335825efb8b815,Kc-C,101,0,development_readout,normal,2,0.0181805752217769,0.066662348806858,0
review-b1951ff1f4366cb0,Kc-C,101,0,development_readout,normal,2,0.0003841783618554,0.066662348806858,0
review-b4f3af03fab1d1b9,Kc-C,101,0,development_readout,smishing,1,0.9992450475692748,0.066662348806858,1
review-b52505e7e689a4b8,Kc-C,101,0,development_readout,normal,2,0.0014730829279869,0.066662348806858,0
review-b7db7bfa3479f4d7,Kc-C,101,0,development_readout,normal,2,0.0004398114979267,0.066662348806858,0
review-bbe916c0a5f13c5a,Kc-C,101,0,development_readout,smishing,1,0.9996646642684937,0.066662348806858,1
review-bc9e9750ed2f2246,Kc-C,101,0,development_readout,normal,2,0.0010125408880412,0.066662348806858,0
review-c4368025a0827097,Kc-C,101,0,development_readout,normal,2,0.0017152202781289,0.066662348806858,0
review-c68883cf7ada6886,Kc-C,101,0,development_readout,smishing,1,0.9994163513183594,0.066662348806858,1
review-c7968cd6c3d1f959,Kc-C,101,0,development_readout,normal,2,0.0017190392827615,0.066662348806858,0
review-cbbc72e510f286e3,Kc-C,101,0,development_readout,smishing,1,0.9996553659439088,0.066662348806858,1
review-d17c9fec5ba94c27,Kc-C,101,0,development_readout,smishing,1,0.9993935823440552,0.066662348806858,1
review-d1ba629d1b0c0386,Kc-C,101,0,development_readout,smishing,4,0.0094107361510396,0.066662348806858,0
review-d299ebb8c45a2f94,Kc-C,101,0,development_readout,smishing,4,0.1562114506959915,0.066662348806858,1
review-e58d1b3575c7e041,Kc-C,101,0,development_readout,smishing,1,0.9986628293991088,0.066662348806858,1
review-e5c8c789729e554c,Kc-C,101,0,development_readout,normal,2,0.0010215782094746,0.066662348806858,0
review-eb5bbbe4e99a6f72,Kc-C,101,0,development_readout,normal,2,0.000872898439411,0.066662348806858,0
review-ecc7155e591dec16,Kc-C,101,0,development_readout,smishing,1,0.9992289543151855,0.066662348806858,1
review-f02182e8f70df196,Kc-C,101,0,development_readout,smishing,1,0.9991056323051452,0.066662348806858,1
review-f6f3c364cb66f280,Kc-C,101,0,development_readout,normal,2,0.0014685470378026,0.066662348806858,0
review-fcb737070b879e4f,Kc-C,101,0,development_readout,normal,2,0.0004819739842787,0.066662348806858,0
review-fdc12fa3cc3d98a8,Kc-C,101,0,development_readout,smishing,1,0.9996063113212584,0.066662348806858,1
review-fe1822167edb9625,Kc-C,101,0,development_readout,normal,2,0.0014785032253712,0.066662348806858,0
review-0191505287bc42c3,Kc-C,202,0,development_readout,normal,2,0.000170444327523,0.025701817125082,0
review-01daae558c8120c5,Kc-C,202,0,development_readout,normal,2,0.00017612335796,0.025701817125082,0
review-09f8a52a643bde75,Kc-C,202,0,development_readout,normal,2,0.0061117568984627,0.025701817125082,0
review-0c756099e821ef26,Kc-C,202,0,development_readout,smishing,1,0.9965850114822388,0.025701817125082,1
review-0ce89002b27ae13e,Kc-C,202,0,development_readout,normal,2,0.001192835625261,0.025701817125082,0
review-0e9363ce9bcb57c2,Kc-C,202,0,development_readout,smishing,1,0.9994651675224304,0.025701817125082,1
review-17bb16430527761d,Kc-C,202,0,development_readout,smishing,1,0.9991828799247742,0.025701817125082,1
review-1a60e1bd37131802,Kc-C,202,0,development_readout,normal,2,0.0001820304605644,0.025701817125082,0
review-1bcdb8b5e4902f77,Kc-C,202,0,development_readout,normal,2,0.0001758354337653,0.025701817125082,0
review-220daefcb5d386ed,Kc-C,202,0,development_readout,smishing,1,0.9994977712631226,0.025701817125082,1
review-23e4e9eb29dd8f93,Kc-C,202,0,development_readout,normal,2,0.0014338496839627,0.025701817125082,0
review-2d707fce0fb4702c,Kc-C,202,0,development_readout,normal,2,0.0003935733693651,0.025701817125082,0
review-2d80e47aaaa42543,Kc-C,202,0,development_readout,normal,2,0.0031614075414836,0.025701817125082,0
review-2dd7b92c08e4f5c4,Kc-C,202,0,development_readout,normal,3,0.0012572585837915,0.025701817125082,0
review-30c664d1fb0416d2,Kc-C,202,0,development_readout,normal,3,0.0006883564637973,0.025701817125082,0
review-30e3bf5a7666c842,Kc-C,202,0,development_readout,smishing,1,0.9995922446250916,0.025701817125082,1
review-31a75727a167d60d,Kc-C,202,0,development_readout,smishing,1,0.9994192123413086,0.025701817125082,1
review-363f281df3bd9ba4,Kc-C,202,0,development_readout,normal,3,0.0006630506250075,0.025701817125082,0
review-364329807a65a090,Kc-C,202,0,development_readout,smishing,1,0.9995231628417968,0.025701817125082,1
review-3aa78c267ab21f05,Kc-C,202,0,development_readout,smishing,2,0.0053299046121537,0.025701817125082,0
review-3b5a82f01656ae5e,Kc-C,202,0,development_readout,normal,3,0.000684147235006,0.025701817125082,0
review-4034e1976e7caf3d,Kc-C,202,0,development_readout,normal,2,0.0002446052094455,0.025701817125082,0
review-40617332c72b6a65,Kc-C,202,0,development_readout,smishing,1,0.999521255493164,0.025701817125082,1
review-41e7242cf53f7aec,Kc-C,202,0,development_readout,normal,3,0.0008208999643102,0.025701817125082,0
review-49db2f3969f4dab7,Kc-C,202,0,development_readout,normal,3,0.0003845737373922,0.025701817125082,0
review-4aafcfede478ed2e,Kc-C,202,0,development_readout,smishing,1,0.9996209144592284,0.025701817125082,1
review-4c7db89388133c66,Kc-C,202,0,development_readout,normal,2,0.0010213154600933,0.025701817125082,0
review-5351da806d5c8862,Kc-C,202,0,development_readout,normal,2,0.0107553359121084,0.025701817125082,0
review-573127865357f88a,Kc-C,202,0,development_readout,normal,2,0.0001739042781991,0.025701817125082,0
review-588539dd497a5994,Kc-C,202,0,development_readout,smishing,1,0.9995272159576416,0.025701817125082,1
review-5a7aed2fa9914ccd,Kc-C,202,0,development_readout,normal,2,0.0001942663075169,0.025701817125082,0
review-5b38287421b21063,Kc-C,202,0,development_readout,normal,2,0.0001680903660599,0.025701817125082,0
review-613647025d825449,Kc-C,202,0,development_readout,normal,2,0.0001752302196109,0.025701817125082,0
review-6521774e33af014d,Kc-C,202,0,development_readout,normal,2,0.0005217130528762,0.025701817125082,0
review-6742e699b2c19637,Kc-C,202,0,development_readout,smishing,4,0.0079249003902077,0.025701817125082,0
review-6c9e3e62bbb95763,Kc-C,202,0,development_readout,smishing,1,0.2021013796329498,0.025701817125082,1
review-6e51f1a0ccb981e6,Kc-C,202,0,development_readout,smishing,1,0.9996315240859984,0.025701817125082,1
review-747ccc19ddd0a65f,Kc-C,202,0,development_readout,normal,2,0.0001785198255674,0.025701817125082,0
review-7494a9906bb71039,Kc-C,202,0,development_readout,normal,1,0.0007553899195045,0.025701817125082,0
review-75ab06f0d698d679,Kc-C,202,0,development_readout,smishing,1,0.5769694447517395,0.025701817125082,1
review-790151d3979b5cf2,Kc-C,202,0,development_readout,normal,2,0.0001908539561554,0.025701817125082,0
review-7cbff1d715e4b2f0,Kc-C,202,0,development_readout,normal,3,0.0010861441260203,0.025701817125082,0
review-7d4271562f20ae7d,Kc-C,202,0,development_readout,normal,3,0.0202283933758735,0.025701817125082,0
review-8408e233d5c05195,Kc-C,202,0,development_readout,normal,2,0.0001769117516232,0.025701817125082,0
review-87ca5145bb1464ea,Kc-C,202,0,development_readout,normal,3,0.0004695378884207,0.025701817125082,0
review-97eb58f77becd57e,Kc-C,202,0,development_readout,normal,2,0.0004388936795294,0.025701817125082,0
review-9955e43648119f93,Kc-C,202,0,development_readout,smishing,1,0.9995549321174622,0.025701817125082,1
review-9c94f8c84f214457,Kc-C,202,0,development_readout,smishing,1,0.241413876414299,0.025701817125082,1
review-9dcbf9222596e8de,Kc-C,202,0,development_readout,normal,4,0.0001858671021182,0.025701817125082,0
review-a1c208b7e2a31834,Kc-C,202,0,development_readout,smishing,1,0.9992563128471376,0.025701817125082,1
review-acfda6dedbd0ac44,Kc-C,202,0,development_readout,normal,2,0.0022529682610183,0.025701817125082,0
review-b1951ff1f4366cb0,Kc-C,202,0,development_readout,normal,2,0.0002711006090976,0.025701817125082,0
review-b31a9429969a49d0,Kc-C,202,0,development_readout,normal,2,0.0018229783745482,0.025701817125082,0
review-b354a4224eb298ed,Kc-C,202,0,development_readout,smishing,1,0.9995155334472656,0.025701817125082,1
review-b4a140a400dd0bd4,Kc-C,202,0,development_readout,smishing,1,0.9995922446250916,0.025701817125082,1
review-b716d55654e9e174,Kc-C,202,0,development_readout,normal,2,0.0003747191512957,0.025701817125082,0
review-b7a4aa1c4b4f5a68,Kc-C,202,0,development_readout,normal,4,0.0002101662685163,0.025701817125082,0
review-bc64860bdda53d26,Kc-C,202,0,development_readout,normal,2,0.0011115634115412,0.025701817125082,0
review-bc694d6c09671509,Kc-C,202,0,development_readout,normal,2,0.0015034654643386,0.025701817125082,0
review-c58fb60504f6d9d8,Kc-C,202,0,development_readout,smishing,1,0.9993749260902404,0.025701817125082,1
review-c9bef77585bdd4e8,Kc-C,202,0,development_readout,smishing,1,0.9993789196014404,0.025701817125082,1
review-c9eb20ef749cdb80,Kc-C,202,0,development_readout,normal,3,0.0018017054535448,0.025701817125082,0
review-cbbc72e510f286e3,Kc-C,202,0,development_readout,smishing,1,0.9995891451835632,0.025701817125082,1
review-cd10401423c3d046,Kc-C,202,0,development_readout,normal,2,0.0001937834604177,0.025701817125082,0
review-d23755346e397e0d,Kc-C,202,0,development_readout,normal,2,0.0001675640523899,0.025701817125082,0
review-d27b1f741c6ce442,Kc-C,202,0,development_readout,normal,2,0.0002460385439917,0.025701817125082,0
review-d299ebb8c45a2f94,Kc-C,202,0,development_readout,smishing,4,0.8772421479225159,0.025701817125082,1
review-d3b4daac66058960,Kc-C,202,0,development_readout,normal,3,0.000623807660304,0.025701817125082,0
review-d6877eb437269499,Kc-C,202,0,development_readout,normal,2,0.0007637492381036,0.025701817125082,0
review-de8af5907865c3e9,Kc-C,202,0,development_readout,smishing,1,0.9995797276496888,0.025701817125082,1
review-e0ac9753946feca9,Kc-C,202,0,development_readout,smishing,4,0.9992751479148864,0.025701817125082,1
review-e597199623b7b146,Kc-C,202,0,development_readout,normal,2,0.0002162968303309,0.025701817125082,0
review-ed79a40573a23e85,Kc-C,202,0,development_readout,normal,3,0.0042020166292786,0.025701817125082,0
review-f7fbd3ab7a66e194,Kc-C,202,0,development_readout,normal,3,0.0004465347446966,0.025701817125082,0
review-fd55ea1d04c7fc3b,Kc-C,202,0,development_readout,normal,3,0.0004683221050072,0.025701817125082,0
review-fdc12fa3cc3d98a8,Kc-C,202,0,development_readout,smishing,1,0.999513864517212,0.025701817125082,1
review-ff1ff6c1bdbeaee2,Kc-C,202,0,development_readout,normal,2,0.000174787666765,0.025701817125082,0
review-0056707322867f9e,Kc-C,303,0,development_readout,normal,2,0.0005600932636298,0.9935429096221924,0
review-019e598ca75a2604,Kc-C,303,0,development_readout,normal,2,0.0003928277874365,0.9935429096221924,0
review-05ba384c6ab030f1,Kc-C,303,0,development_readout,normal,2,0.0012173233553767,0.9935429096221924,0
review-06613e1d63363778,Kc-C,303,0,development_readout,normal,2,0.0027963093016296,0.9935429096221924,0
review-09dc7d3fa6246119,Kc-C,303,0,development_readout,normal,2,0.0007188705494627,0.9935429096221924,0
review-0ddce31c46b4331c,Kc-C,303,0,development_readout,normal,3,0.0012089816154912,0.9935429096221924,0
review-0f5e5787e2464fe3,Kc-C,303,0,development_readout,smishing,1,0.9997071623802184,0.9935429096221924,1
review-131ed5d9023fe8e1,Kc-C,303,0,development_readout,normal,3,0.0016353171085938,0.9935429096221924,0
review-13e7350b6f9c843d,Kc-C,303,0,development_readout,smishing,1,0.0182691924273967,0.9935429096221924,0
review-1502532d7fb02e2b,Kc-C,303,0,development_readout,smishing,1,0.9988837838172911,0.9935429096221924,1
review-1538fa93f259c264,Kc-C,303,0,development_readout,normal,2,0.0012628586264327,0.9935429096221924,0
review-17bb16430527761d,Kc-C,303,0,development_readout,smishing,1,0.9995802044868468,0.9935429096221924,1
review-1cb842404c1056c4,Kc-C,303,0,development_readout,normal,2,0.4439857304096222,0.9935429096221924,0
review-2579df062aafc741,Kc-C,303,0,development_readout,smishing,1,0.9988030195236206,0.9935429096221924,1
review-322a0c915a6dca98,Kc-C,303,0,development_readout,smishing,1,0.9996919631958008,0.9935429096221924,1
review-36c6682493394c5a,Kc-C,303,0,development_readout,smishing,1,0.99968421459198,0.9935429096221924,1
review-37962ff6cab628b9,Kc-C,303,0,development_readout,smishing,1,0.9997543692588806,0.9935429096221924,1
review-3a3a0c9003eb78d2,Kc-C,303,0,development_readout,normal,2,0.0011528972536325,0.9935429096221924,0
review-3b23a85b0e54e4e2,Kc-C,303,0,development_readout,normal,2,0.0013291903305798,0.9935429096221924,0
review-3b5e9306ce7f16f6,Kc-C,303,0,development_readout,normal,2,0.0022001496981829,0.9935429096221924,0
review-40e531a989b5b832,Kc-C,303,0,development_readout,smishing,1,0.99969482421875,0.9935429096221924,1
review-40eb85d72dbb3fa3,Kc-C,303,0,development_readout,smishing,1,0.9996732473373412,0.9935429096221924,1
review-40f65d491fbb6c91,Kc-C,303,0,development_readout,smishing,1,0.9986183643341064,0.9935429096221924,1
review-49a272d982158787,Kc-C,303,0,development_readout,smishing,1,0.9932172894477844,0.9935429096221924,0
review-4a5f226471e5edaf,Kc-C,303,0,development_readout,smishing,1,0.99976247549057,0.9935429096221924,1
review-4b0f3b3c6f3029e0,Kc-C,303,0,development_readout,smishing,1,0.9996885061264038,0.9935429096221924,1
review-4cbabc8906c81322,Kc-C,303,0,development_readout,smishing,1,0.9997010231018066,0.9935429096221924,1
review-545d35ba143011e5,Kc-C,303,0,development_readout,normal,2,0.001675208681263,0.9935429096221924,0
review-6036afa1a4a219c3,Kc-C,303,0,development_readout,normal,2,0.0004778741276822,0.9935429096221924,0
review-6742e699b2c19637,Kc-C,303,0,development_readout,smishing,4,0.9895105361938475,0.9935429096221924,0
review-6a3da5bb1cbb35c3,Kc-C,303,0,development_readout,smishing,1,0.9996358156204224,0.9935429096221924,1
review-6c7372dc6724ef49,Kc-C,303,0,development_readout,normal,2,0.0003556538431439,0.9935429096221924,0
review-6e51f1a0ccb981e6,Kc-C,303,0,development_readout,smishing,1,0.9997432827949524,0.9935429096221924,1
review-7e4208c3a8d81d5e,Kc-C,303,0,development_readout,normal,2,0.001268683350645,0.9935429096221924,0
review-8c3afec16f00c8ea,Kc-C,303,0,development_readout,normal,2,0.0016090905992314,0.9935429096221924,0
review-8f7e5118fc4a9d93,Kc-C,303,0,development_readout,smishing,1,0.9996823072433472,0.9935429096221924,1
review-93f251b7f415320e,Kc-C,303,0,development_readout,smishing,1,0.9997186064720154,0.9935429096221924,1
review-9440c7b20214abb9,Kc-C,303,0,development_readout,smishing,1,0.9997605681419371,0.9935429096221924,1
review-95c15e2125e8158e,Kc-C,303,0,development_readout,smishing,1,0.9996241331100464,0.9935429096221924,1
review-97dbf9fb83d5fd0a,Kc-C,303,0,development_readout,normal,2,0.0012408627662807,0.9935429096221924,0
review-9ad68457d5c5ddfe,Kc-C,303,0,development_readout,smishing,1,0.997323989868164,0.9935429096221924,1
review-9ca002eef5fabf4c,Kc-C,303,0,development_readout,normal,2,0.0005685409414581,0.9935429096221924,0
review-9e59560a7b1c6aa2,Kc-C,303,0,development_readout,smishing,1,0.0030388087034225,0.9935429096221924,0
review-aa0341109ceb1209,Kc-C,303,0,development_readout,normal,2,0.0010861151386052,0.9935429096221924,0
review-b0d0b31ce42bff6d,Kc-C,303,0,development_readout,smishing,1,0.9788876175880432,0.9935429096221924,0
review-b495dcabfdc9e6bb,Kc-C,303,0,development_readout,smishing,1,0.2126103192567825,0.9935429096221924,0
review-bbb9c61301495984,Kc-C,303,0,development_readout,smishing,1,0.9996292591094972,0.9935429096221924,1
review-bc64860bdda53d26,Kc-C,303,0,development_readout,normal,2,0.0016252063214778,0.9935429096221924,0
review-bc805b9a7fefb4c4,Kc-C,303,0,development_readout,smishing,1,0.9993891716003418,0.9935429096221924,1
review-bcc4f27e08342914,Kc-C,303,0,development_readout,smishing,1,0.9988013505935668,0.9935429096221924,1
review-c3157c09e695c3c5,Kc-C,303,0,development_readout,normal,3,0.0015271889278665,0.9935429096221924,0
review-cbbc72e510f286e3,Kc-C,303,0,development_readout,smishing,1,0.999749481678009,0.9935429096221924,1
review-d1ba629d1b0c0386,Kc-C,303,0,development_readout,smishing,4,0.0014319686451926,0.9935429096221924,0
review-d6877eb437269499,Kc-C,303,0,development_readout,normal,2,0.0012208721600472,0.9935429096221924,0
review-da0a87e60e534a8c,Kc-C,303,0,development_readout,normal,2,0.0018865033052861,0.9935429096221924,0
review-dc7c7acfd6e2db79,Kc-C,303,0,development_readout,normal,1,0.6503077745437622,0.9935429096221924,0
review-e384094846a41b50,Kc-C,303,0,development_readout,smishing,1,0.9997840523719788,0.9935429096221924,1
review-e4dca6a839df1435,Kc-C,303,0,development_readout,normal,2,0.001846170052886,0.9935429096221924,0
review-e597199623b7b146,Kc-C,303,0,development_readout,normal,2,0.0005074506043456,0.9935429096221924,0
review-e5c8c789729e554c,Kc-C,303,0,development_readout,normal,2,0.0006308017182163,0.9935429096221924,0
review-e9f675e3299ddb73,Kc-C,303,0,development_readout,normal,2,0.0006858119159005,0.9935429096221924,0
review-ec018bdef14b4dce,Kc-C,303,0,development_readout,smishing,1,0.9997339844703674,0.9935429096221924,1
review-ed9460d363c32a66,Kc-C,303,0,development_readout,normal,2,0.0019594735931605,0.9935429096221924,0
review-ee314103593cc397,Kc-C,303,0,development_readout,smishing,1,0.9997279047966005,0.9935429096221924,1
review-f0f2fce9301b3378,Kc-C,303,0,development_readout,normal,2,0.0015109040541574,0.9935429096221924,0
review-f2b62cb8a35fddc1,Kc-C,303,0,development_readout,smishing,1,0.999467670917511,0.9935429096221924,1
review-f44ca51cbbeda00a,Kc-C,303,0,development_readout,smishing,1,0.9997040629386902,0.9935429096221924,1
review-f6f3c364cb66f280,Kc-C,303,0,development_readout,normal,2,0.0017532135825604,0.9935429096221924,0
review-f7a215d9e903b41d,Kc-C,303,0,development_readout,smishing,1,0.9997208714485168,0.9935429096221924,1
review-fd0999fd546bfed8,Kc-C,303,0,development_readout,smishing,1,0.9997289776802064,0.9935429096221924,1
review-fdc12fa3cc3d98a8,Kc-C,303,0,development_readout,smishing,1,0.9997356534004213,0.9935429096221924,1
review-014f431cdb07954a,Kc-C,404,0,development_readout,smishing,1,0.9997188448905944,0.0651089251041412,1
review-07c0fb876beabf4b,Kc-C,404,0,development_readout,smishing,2,0.0224643405526876,0.0651089251041412,0
review-09dc7d3fa6246119,Kc-C,404,0,development_readout,normal,2,0.0004694860253948,0.0651089251041412,0
review-0bc7f01b43b4a4f4,Kc-C,404,0,development_readout,normal,3,0.0008077311213128,0.0651089251041412,0
review-0cf62fd6142f6cb4,Kc-C,404,0,development_readout,smishing,1,0.9997085928916932,0.0651089251041412,1
review-0f7f12381c38278e,Kc-C,404,0,development_readout,normal,3,0.0009579166653566,0.0651089251041412,0
review-105735240253acfe,Kc-C,404,0,development_readout,smishing,1,0.994750440120697,0.0651089251041412,1
review-10e329e8873017e2,Kc-C,404,0,development_readout,smishing,1,0.9994282126426696,0.0651089251041412,1
review-12aedba2ef212671,Kc-C,404,0,development_readout,smishing,1,0.9996979236602784,0.0651089251041412,1
review-1538fa93f259c264,Kc-C,404,0,development_readout,normal,2,0.0017521390691399,0.0651089251041412,0
review-17bb16430527761d,Kc-C,404,0,development_readout,smishing,1,0.999485731124878,0.0651089251041412,1
review-19cc4ce8b1dbe415,Kc-C,404,0,development_readout,smishing,2,0.002018442377448,0.0651089251041412,0
review-1a4aa7992820ca2a,Kc-C,404,0,development_readout,smishing,1,0.999357044696808,0.0651089251041412,1
review-1bee5d35c3ae9550,Kc-C,404,0,development_readout,smishing,1,0.9990069270133972,0.0651089251041412,1
review-1c32fedd4b32dd06,Kc-C,404,0,development_readout,normal,3,0.001050092629157,0.0651089251041412,0
review-1c42c25c32f5bd82,Kc-C,404,0,development_readout,smishing,1,0.9995995163917542,0.0651089251041412,1
review-1e479c4a302f356c,Kc-C,404,0,development_readout,smishing,1,0.039615049958229,0.0651089251041412,0
review-25104a7eec1f7831,Kc-C,404,0,development_readout,smishing,1,0.999723494052887,0.0651089251041412,1
review-266fac2cf4f9a2fe,Kc-C,404,0,development_readout,smishing,1,0.9996125102043152,0.0651089251041412,1
review-2705653809f7ad8f,Kc-C,404,0,development_readout,normal,2,0.0003205423417966,0.0651089251041412,0
review-2769abe8fc6ffd87,Kc-C,404,0,development_readout,normal,3,0.0020694357808679,0.0651089251041412,0
review-293586512b140a4e,Kc-C,404,0,development_readout,smishing,1,0.999122440814972,0.0651089251041412,1
review-2dcd34cb42910200,Kc-C,404,0,development_readout,smishing,1,0.9995521903038024,0.0651089251041412,1
review-31a75727a167d60d,Kc-C,404,0,development_readout,smishing,1,0.9994716048240662,0.0651089251041412,1
review-3423b715646fd583,Kc-C,404,0,development_readout,smishing,1,0.999705970287323,0.0651089251041412,1
review-363f281df3bd9ba4,Kc-C,404,0,development_readout,normal,3,0.0008563077426515,0.0651089251041412,0
review-364329807a65a090,Kc-C,404,0,development_readout,smishing,1,0.9996320009231568,0.0651089251041412,1
review-39a836fe3d87fa33,Kc-C,404,0,development_readout,normal,2,0.0002026744332397,0.0651089251041412,0
review-39e0fa05577bfbae,Kc-C,404,0,development_readout,smishing,1,0.9997374415397644,0.0651089251041412,1
review-3b5e9306ce7f16f6,Kc-C,404,0,development_readout,normal,2,0.0059340000152587,0.0651089251041412,0
review-3c542b2889f7ee41,Kc-C,404,0,development_readout,smishing,1,0.9997044205665588,0.0651089251041412,1
review-40f65d491fbb6c91,Kc-C,404,0,development_readout,smishing,1,0.9831681847572328,0.0651089251041412,1
review-46f3555593434e8a,Kc-C,404,0,development_readout,smishing,1,0.9996721744537354,0.0651089251041412,1
review-50c65fd60929a11c,Kc-C,404,0,development_readout,smishing,1,0.9997513890266418,0.0651089251041412,1
review-5176dde30e249277,Kc-C,404,0,development_readout,normal,2,0.0002176531415898,0.0651089251041412,0
review-5201c5937ee64b08,Kc-C,404,0,development_readout,smishing,1,0.99949312210083,0.0651089251041412,1
review-563b94c3e75e8c6d,Kc-C,404,0,development_readout,smishing,1,0.2150391191244125,0.0651089251041412,1
review-5784e41a45931326,Kc-C,404,0,development_readout,smishing,1,0.999617338180542,0.0651089251041412,1
review-5a021883af9f96ea,Kc-C,404,0,development_readout,normal,3,0.0009145666263066,0.0651089251041412,0
review-5a49e43857a6f8f0,Kc-C,404,0,development_readout,smishing,1,0.1700066775083542,0.0651089251041412,1
review-5bd99d54544ce7e3,Kc-C,404,0,development_readout,normal,3,0.9901677370071412,0.0651089251041412,1
review-5c8fb855522635b0,Kc-C,404,0,development_readout,normal,2,0.0022744515445083,0.0651089251041412,0
review-613647025d825449,Kc-C,404,0,development_readout,normal,2,0.0002193029649788,0.0651089251041412,0
review-6521774e33af014d,Kc-C,404,0,development_readout,normal,2,0.0021195365116,0.0651089251041412,0
review-66ef57282af71d4f,Kc-C,404,0,development_readout,normal,2,0.0002158769639208,0.0651089251041412,0
review-6925d1d5c92f5e6d,Kc-C,404,0,development_readout,normal,2,0.0002913120551966,0.0651089251041412,0
review-6938cc7e883cfae5,Kc-C,404,0,development_readout,smishing,1,0.9774819016456604,0.0651089251041412,1
review-6e51f1a0ccb981e6,Kc-C,404,0,development_readout,smishing,1,0.9997366070747375,0.0651089251041412,1
review-6ee455a4c31c9039,Kc-C,404,0,development_readout,normal,2,0.0604982338845729,0.0651089251041412,0
review-76a47d926f91413e,Kc-C,404,0,development_readout,normal,2,0.0001982953544938,0.0651089251041412,0
review-7bc2e45e3ffc6c78,Kc-C,404,0,development_readout,normal,2,0.000205377858947,0.0651089251041412,0
review-833c087c0ab5f903,Kc-C,404,0,development_readout,smishing,1,0.8958232402801514,0.0651089251041412,1
review-8858113ca39c4a08,Kc-C,404,0,development_readout,smishing,1,0.999624729156494,0.0651089251041412,1
review-8f6994cbd2075acd,Kc-C,404,0,development_readout,smishing,1,0.9996260404586792,0.0651089251041412,1
review-93e39f35ad377da3,Kc-C,404,0,development_readout,normal,2,0.0013125175610184,0.0651089251041412,0
review-94b8ffc8b0784e28,Kc-C,404,0,development_readout,normal,2,0.001488811103627,0.0651089251041412,0
review-96be0a4e61349470,Kc-C,404,0,development_readout,smishing,1,0.9996329545974731,0.0651089251041412,1
review-9762bd209b88d2ac,Kc-C,404,0,development_readout,smishing,1,0.999527096748352,0.0651089251041412,1
review-9833d3f3d2c07833,Kc-C,404,0,development_readout,smishing,1,0.9996039271354676,0.0651089251041412,1
review-99553665d7fa8d60,Kc-C,404,0,development_readout,normal,2,0.0001984973932849,0.0651089251041412,0
review-9955e43648119f93,Kc-C,404,0,development_readout,smishing,1,0.9996806383132936,0.0651089251041412,1
review-9a3f12ca280a1c8a,Kc-C,404,0,development_readout,normal,3,0.0014919113600626,0.0651089251041412,0
review-9c83743cb64ceb5e,Kc-C,404,0,development_readout,normal,2,0.0024454006925225,0.0651089251041412,0
review-a1b685810c820047,Kc-C,404,0,development_readout,smishing,1,0.9997121691703796,0.0651089251041412,1
review-a966f0861f64ccf4,Kc-C,404,0,development_readout,smishing,1,0.6037999987602234,0.0651089251041412,1
review-ac307e4a1651f014,Kc-C,404,0,development_readout,smishing,3,0.9994232654571532,0.0651089251041412,1
review-ad512146de7da940,Kc-C,404,0,development_readout,smishing,1,0.999414086341858,0.0651089251041412,1
review-b1951ff1f4366cb0,Kc-C,404,0,development_readout,normal,2,0.0002323239605175,0.0651089251041412,0
review-b31a9429969a49d0,Kc-C,404,0,development_readout,normal,2,0.9937655925750732,0.0651089251041412,1
review-b7a4aa1c4b4f5a68,Kc-C,404,0,development_readout,normal,4,0.0002511958882678,0.0651089251041412,0
review-bc5e0069bbad7d67,Kc-C,404,0,development_readout,normal,2,0.0002914217475336,0.0651089251041412,0
review-bc694d6c09671509,Kc-C,404,0,development_readout,normal,2,0.0032444922253489,0.0651089251041412,0
review-bc805b9a7fefb4c4,Kc-C,404,0,development_readout,smishing,1,0.998143196105957,0.0651089251041412,1
review-bfec2c5d687b5e5a,Kc-C,404,0,development_readout,normal,2,0.0026057469658553,0.0651089251041412,0
review-c2b11fa0a2c3336f,Kc-C,404,0,development_readout,normal,2,0.0010216848459094,0.0651089251041412,0
review-c58fb60504f6d9d8,Kc-C,404,0,development_readout,smishing,1,0.9995378255844116,0.0651089251041412,1
review-c9bef77585bdd4e8,Kc-C,404,0,development_readout,smishing,1,0.9995132684707642,0.0651089251041412,1
review-ca722d1baa37caa6,Kc-C,404,0,development_readout,smishing,1,0.9996709823608398,0.0651089251041412,1
review-cb32573abbb83f9f,Kc-C,404,0,development_readout,smishing,1,0.9997273087501526,0.0651089251041412,1
review-cf827f0ca2b4b9a5,Kc-C,404,0,development_readout,smishing,1,0.0146233784034848,0.0651089251041412,0
review-d23755346e397e0d,Kc-C,404,0,development_readout,normal,2,0.0001893926382763,0.0651089251041412,0
review-d299ebb8c45a2f94,Kc-C,404,0,development_readout,smishing,4,0.2870407104492187,0.0651089251041412,1
review-d29c44ff7ec787ac,Kc-C,404,0,development_readout,normal,3,0.0030612696427851,0.0651089251041412,0
review-d4f84d432e0d6d48,Kc-C,404,0,development_readout,normal,2,0.0001991968310903,0.0651089251041412,0
review-d51050ea94555e33,Kc-C,404,0,development_readout,normal,2,0.0002143301389878,0.0651089251041412,0
review-d7a5aa91a1e9ef4b,Kc-C,404,0,development_readout,normal,3,0.0014206235064193,0.0651089251041412,0
review-d885dde988ff81fc,Kc-C,404,0,development_readout,smishing,1,0.972046434879303,0.0651089251041412,1
review-dc7c7acfd6e2db79,Kc-C,404,0,development_readout,normal,1,0.0315787345170974,0.0651089251041412,0
review-dd797ac5b4317bd3,Kc-C,404,0,development_readout,smishing,1,0.9995995163917542,0.0651089251041412,1
review-e058b93119484125,Kc-C,404,0,development_readout,smishing,1,0.9996486902236938,0.0651089251041412,1
review-e0a264aecc7ee1b0,Kc-C,404,0,development_readout,normal,2,0.0003057850408367,0.0651089251041412,0
review-e432c718725ac7ae,Kc-C,404,0,development_readout,normal,2,0.0008299734909087,0.0651089251041412,0
review-e511d7b76f480bc7,Kc-C,404,0,development_readout,smishing,1,0.9996334314346312,0.0651089251041412,1
review-e736bb0c132d2dc8,Kc-C,404,0,development_readout,smishing,1,0.4264349639415741,0.0651089251041412,1
review-ed79a40573a23e85,Kc-C,404,0,development_readout,normal,3,0.1987649202346801,0.0651089251041412,1
review-ed9460d363c32a66,Kc-C,404,0,development_readout,normal,2,0.0009224991081282,0.0651089251041412,0
review-edccbb4371a90711,Kc-C,404,0,development_readout,smishing,1,0.999648094177246,0.0651089251041412,1
review-f9b9a4279458f732,Kc-C,404,0,development_readout,smishing,1,0.9996028542518616,0.0651089251041412,1
review-fd4a4694d748b8f1,Kc-C,404,0,development_readout,smishing,1,0.9994671940803528,0.0651089251041412,1
review-ff1ff6c1bdbeaee2,Kc-C,404,0,development_readout,normal,2,0.0002032943593803,0.0651089251041412,0
review-ff57873bcca80e84,Kc-C,404,0,development_readout,smishing,1,0.0240881871432065,0.0651089251041412,0
review-ff61b33b22cf09db,Kc-C,404,0,development_readout,smishing,1,0.9872524738311768,0.0651089251041412,1
review-0056707322867f9e,LR-A,42,0,development_readout,normal,2,0.0494643404000107,0.4934192760345856,0
review-01daae558c8120c5,LR-A,42,0,development_readout,normal,2,0.1242963423064458,0.4934192760345856,0
review-0364c25d14e8bb7d,LR-A,42,0,development_readout,smishing,1,0.9051139501067496,0.4934192760345856,1
review-0651a6827875d503,LR-A,42,0,development_readout,smishing,1,0.9060963757597014,0.4934192760345856,1
review-075ea585da5cae15,LR-A,42,0,development_readout,smishing,1,0.9006108069023845,0.4934192760345856,1
review-0c756099e821ef26,LR-A,42,0,development_readout,smishing,1,0.2646389405456367,0.4934192760345856,0
review-10dcb33dda6d5472,LR-A,42,0,development_readout,smishing,1,0.908831581978426,0.4934192760345856,1
review-143e404949a72860,LR-A,42,0,development_readout,smishing,1,0.8931807717785084,0.4934192760345856,1
review-1538fa93f259c264,LR-A,42,0,development_readout,normal,2,0.2188191055156696,0.4934192760345856,0
review-17bb16430527761d,LR-A,42,0,development_readout,smishing,1,0.372434984923408,0.4934192760345856,0
review-1b29308cb4906d02,LR-A,42,0,development_readout,smishing,1,0.8545411297800403,0.4934192760345856,1
review-1f07a8c7cd26df2c,LR-A,42,0,development_readout,normal,2,0.1060539156096583,0.4934192760345856,0
review-220daefcb5d386ed,LR-A,42,0,development_readout,smishing,1,0.7619709514161261,0.4934192760345856,1
review-25104a7eec1f7831,LR-A,42,0,development_readout,smishing,1,0.6944930300301545,0.4934192760345856,1
review-2579df062aafc741,LR-A,42,0,development_readout,smishing,1,0.4086061942078982,0.4934192760345856,0
review-260a39866b3feb51,LR-A,42,0,development_readout,normal,2,0.0965662161713243,0.4934192760345856,0
review-27c93b924b9803a0,LR-A,42,0,development_readout,smishing,1,0.7505623599878537,0.4934192760345856,1
review-3398cc98a1b87648,LR-A,42,0,development_readout,smishing,1,0.6444667929965284,0.4934192760345856,1
review-344682f2618ba8f9,LR-A,42,0,development_readout,normal,2,0.2138114857694088,0.4934192760345856,0
review-34c4c16cb5ea9aaf,LR-A,42,0,development_readout,smishing,1,0.9017743779358216,0.4934192760345856,1
review-364329807a65a090,LR-A,42,0,development_readout,smishing,1,0.4633827112432628,0.4934192760345856,0
review-37962ff6cab628b9,LR-A,42,0,development_readout,smishing,1,0.6670271909650021,0.4934192760345856,1
review-37bb8af10a6775e3,LR-A,42,0,development_readout,smishing,2,0.4619184688799633,0.4934192760345856,0
review-39e0fa05577bfbae,LR-A,42,0,development_readout,smishing,1,0.9056102235801688,0.4934192760345856,1
review-3a343dbd60efe3c5,LR-A,42,0,development_readout,normal,3,0.1116680803027694,0.4934192760345856,0
review-3a3a0c9003eb78d2,LR-A,42,0,development_readout,normal,2,0.2758090260727384,0.4934192760345856,0
review-3b5a82f01656ae5e,LR-A,42,0,development_readout,normal,3,0.0713274166331839,0.4934192760345856,0
review-3c6ae33a89ac17a5,LR-A,42,0,development_readout,smishing,1,0.884275524150444,0.4934192760345856,1
review-40617332c72b6a65,LR-A,42,0,development_readout,smishing,1,0.7588137003633025,0.4934192760345856,1
review-40f65d491fbb6c91,LR-A,42,0,development_readout,smishing,1,0.6128873628168059,0.4934192760345856,1
review-417d1a94491a5069,LR-A,42,0,development_readout,normal,3,0.0853717818430926,0.4934192760345856,0
review-41e7242cf53f7aec,LR-A,42,0,development_readout,normal,3,0.1183475621966924,0.4934192760345856,0
review-4532712bae1263a4,LR-A,42,0,development_readout,smishing,1,0.8865482732223152,0.4934192760345856,1
review-48f7182245c9e551,LR-A,42,0,development_readout,smishing,2,0.3963304524310075,0.4934192760345856,0
review-4aafcfede478ed2e,LR-A,42,0,development_readout,smishing,1,0.7229107417228163,0.4934192760345856,1
review-4bb32c9d9587eb5b,LR-A,42,0,development_readout,smishing,1,0.4583489933704047,0.4934192760345856,0
review-4bc7fe6f6685e5b0,LR-A,42,0,development_readout,smishing,3,0.1906127184872557,0.4934192760345856,0
review-4c45e2acc43cd09c,LR-A,42,0,development_readout,smishing,1,0.904664177915194,0.4934192760345856,1
review-4c7db89388133c66,LR-A,42,0,development_readout,normal,2,0.135525467682372,0.4934192760345856,0
review-53c35a92e8d9dc2a,LR-A,42,0,development_readout,normal,4,0.3583430891354504,0.4934192760345856,0
review-5a7aed2fa9914ccd,LR-A,42,0,development_readout,normal,2,0.2043927386456685,0.4934192760345856,0
review-5cdeba2735509611,LR-A,42,0,development_readout,smishing,1,0.8504836883872947,0.4934192760345856,1
review-5d4e3193863f1946,LR-A,42,0,development_readout,smishing,1,0.7412084068127838,0.4934192760345856,1
review-6260263e3bc9f334,LR-A,42,0,development_readout,smishing,1,0.9052519204018452,0.4934192760345856,1
review-63ea5eac0fdbfe2f,LR-A,42,0,development_readout,smishing,1,0.9052885013442722,0.4934192760345856,1
review-6521774e33af014d,LR-A,42,0,development_readout,normal,2,0.1955570578409213,0.4934192760345856,0
review-65fde99e6e05f377,LR-A,42,0,development_readout,smishing,1,0.7564302406672898,0.4934192760345856,1
review-6925d1d5c92f5e6d,LR-A,42,0,development_readout,normal,2,0.2633130148042977,0.4934192760345856,0
review-6f695f49e7ab13e0,LR-A,42,0,development_readout,normal,2,0.2760095079795254,0.4934192760345856,0
review-722fa17d1953465a,LR-A,42,0,development_readout,smishing,1,0.9027364495177024,0.4934192760345856,1
review-737f8fd0571ce3c6,LR-A,42,0,development_readout,smishing,2,0.449181463265011,0.4934192760345856,0
review-75ab06f0d698d679,LR-A,42,0,development_readout,smishing,1,0.4437354002199137,0.4934192760345856,0
review-7aed3e349c71aa1c,LR-A,42,0,development_readout,smishing,1,0.6816116721610659,0.4934192760345856,1
review-7bc2e45e3ffc6c78,LR-A,42,0,development_readout,normal,2,0.1422905082923903,0.4934192760345856,0
review-7c0605262829dbc3,LR-A,42,0,development_readout,smishing,1,0.9055248721307309,0.4934192760345856,1
review-8a9a3331b5fa55b8,LR-A,42,0,development_readout,normal,2,0.3400692865957495,0.4934192760345856,0
review-92a8bdc500ce598c,LR-A,42,0,development_readout,smishing,1,0.8533342522802356,0.4934192760345856,1
review-936c9b094a62d464,LR-A,42,0,development_readout,normal,2,0.0929643604242747,0.4934192760345856,0
review-93d84a89e42aa2d2,LR-A,42,0,development_readout,smishing,1,0.6671762099734819,0.4934192760345856,1
review-93f251b7f415320e,LR-A,42,0,development_readout,smishing,1,0.8608141977944199,0.4934192760345856,1
review-9827872ee45caecd,LR-A,42,0,development_readout,smishing,1,0.7563469848422861,0.4934192760345856,1
review-982aea7aee2bfd5b,LR-A,42,0,development_readout,smishing,1,0.8562569723393397,0.4934192760345856,1
review-98f41617c328173b,LR-A,42,0,development_readout,smishing,1,0.8696009329520117,0.4934192760345856,1
review-9955e43648119f93,LR-A,42,0,development_readout,smishing,1,0.5975074069473826,0.4934192760345856,1
review-9a4ea6655a8a5a4f,LR-A,42,0,development_readout,normal,3,0.2062161715309868,0.4934192760345856,0
review-9db42b53975f21ce,LR-A,42,0,development_readout,normal,3,0.1577950696624355,0.4934192760345856,0
review-9e59560a7b1c6aa2,LR-A,42,0,development_readout,smishing,1,0.2265682452344497,0.4934192760345856,0
review-a1325d40440edcad,LR-A,42,0,development_readout,normal,2,0.092514030107131,0.4934192760345856,0
review-a17319837ff0f25f,LR-A,42,0,development_readout,smishing,1,0.8489472734273894,0.4934192760345856,1
review-a884f7c925b47633,LR-A,42,0,development_readout,smishing,1,0.6568487033421179,0.4934192760345856,1
review-aa0341109ceb1209,LR-A,42,0,development_readout,normal,2,0.1390516076736795,0.4934192760345856,0
review-ac307e4a1651f014,LR-A,42,0,development_readout,smishing,3,0.1407421743569775,0.4934192760345856,0
review-b31a9429969a49d0,LR-A,42,0,development_readout,normal,2,0.1453251978257552,0.4934192760345856,0
review-b7a4aa1c4b4f5a68,LR-A,42,0,development_readout,normal,4,0.2337305216785742,0.4934192760345856,0
review-b8b4a371ec215d7c,LR-A,42,0,development_readout,normal,2,0.3286046168958449,0.4934192760345856,0
review-bb5f23238e492978,LR-A,42,0,development_readout,smishing,1,0.8418273489561787,0.4934192760345856,1
review-bf29414211fedb11,LR-A,42,0,development_readout,smishing,1,0.897251772325431,0.4934192760345856,1
review-bf5fe000a4a8d9d5,LR-A,42,0,development_readout,smishing,1,0.1759800217381905,0.4934192760345856,0
review-c279584d5ab81989,LR-A,42,0,development_readout,smishing,1,0.6706089734994385,0.4934192760345856,1
review-c58fb60504f6d9d8,LR-A,42,0,development_readout,smishing,1,0.3492887358271364,0.4934192760345856,0
review-c68883cf7ada6886,LR-A,42,0,development_readout,smishing,1,0.4924863994772901,0.4934192760345856,0
review-c882bcd351e72aee,LR-A,42,0,development_readout,smishing,1,0.904369019793404,0.4934192760345856,1
review-c9bef77585bdd4e8,LR-A,42,0,development_readout,smishing,1,0.3514877851570834,0.4934192760345856,0
review-c9eb20ef749cdb80,LR-A,42,0,development_readout,normal,3,0.1323019707468484,0.4934192760345856,0
review-cd10401423c3d046,LR-A,42,0,development_readout,normal,2,0.0807418726259819,0.4934192760345856,0
review-cf59c2e5933f9fa2,LR-A,42,0,development_readout,smishing,1,0.7315187244381582,0.4934192760345856,1
review-cf827f0ca2b4b9a5,LR-A,42,0,development_readout,smishing,1,0.3112913539812785,0.4934192760345856,0
review-cfc0b12d1183e034,LR-A,42,0,development_readout,normal,2,0.3165917430590812,0.4934192760345856,0
review-cfc80bc1541032df,LR-A,42,0,development_readout,smishing,1,0.9065455516309844,0.4934192760345856,1
review-d1df54b7c0853995,LR-A,42,0,development_readout,normal,3,0.0674154767428217,0.4934192760345856,0
review-d6c4551ca894cc5c,LR-A,42,0,development_readout,smishing,1,0.8422889605523965,0.4934192760345856,1
review-d870679fd6d01453,LR-A,42,0,development_readout,smishing,1,0.5653115351479552,0.4934192760345856,1
review-da5d8fa9864e211c,LR-A,42,0,development_readout,normal,2,0.0873826927932881,0.4934192760345856,0
review-db2e98df10b7ea70,LR-A,42,0,development_readout,normal,2,0.1538588365738734,0.4934192760345856,0
review-dbbbfc8d3d158c2b,LR-A,42,0,development_readout,smishing,1,0.5549707531966828,0.4934192760345856,1
review-dcfd0dc2773c1fc2,LR-A,42,0,development_readout,smishing,1,0.7362720772022338,0.4934192760345856,1
review-e2fd25cde06b2e07,LR-A,42,0,development_readout,normal,3,0.1359210283261474,0.4934192760345856,0
review-e597199623b7b146,LR-A,42,0,development_readout,normal,2,0.2356286660972738,0.4934192760345856,0
review-e5c8c789729e554c,LR-A,42,0,development_readout,normal,2,0.1489065531442739,0.4934192760345856,0
review-e945ebd4e9533666,LR-A,42,0,development_readout,smishing,1,0.9064007070389936,0.4934192760345856,1
review-f02182e8f70df196,LR-A,42,0,development_readout,smishing,1,0.2967234766999856,0.4934192760345856,0
review-f0f2fce9301b3378,LR-A,42,0,development_readout,normal,2,0.0671939134863183,0.4934192760345856,0
review-f296f965b5850c48,LR-A,42,0,development_readout,normal,3,0.1090509024400575,0.4934192760345856,0
review-f2b62cb8a35fddc1,LR-A,42,0,development_readout,smishing,1,0.4180346707812744,0.4934192760345856,0
review-f360abb82bcec3c4,LR-A,42,0,development_readout,smishing,1,0.8544447302234079,0.4934192760345856,1
review-f6f3c364cb66f280,LR-A,42,0,development_readout,normal,2,0.1080394531537685,0.4934192760345856,0
review-f7fbd3ab7a66e194,LR-A,42,0,development_readout,normal,3,0.1283289384301144,0.4934192760345856,0
review-fcb737070b879e4f,LR-A,42,0,development_readout,normal,2,0.1195866919578972,0.4934192760345856,0
review-031c270e33784faf,LR-A,101,0,development_readout,smishing,1,0.419304627756785,0.3928270511081544,1
review-0651a6827875d503,LR-A,101,0,development_readout,smishing,1,0.9164277366757612,0.3928270511081544,1
review-075ea585da5cae15,LR-A,101,0,development_readout,smishing,1,0.9116172044638616,0.3928270511081544,1
review-0822c98e66707747,LR-A,101,0,development_readout,normal,3,0.1142708646810196,0.3928270511081544,0
review-0bc7f01b43b4a4f4,LR-A,101,0,development_readout,normal,3,0.1380525619102699,0.3928270511081544,0
review-0bfbacbb2760394c,LR-A,101,0,development_readout,smishing,1,0.6459173262615722,0.3928270511081544,1
review-10dcb33dda6d5472,LR-A,101,0,development_readout,smishing,1,0.9165839595237552,0.3928270511081544,1
review-10f0da95f3fdd21e,LR-A,101,0,development_readout,normal,2,0.1218774217321707,0.3928270511081544,0
review-143e404949a72860,LR-A,101,0,development_readout,smishing,1,0.9128146463932788,0.3928270511081544,1
review-1820dec42f5ec2ca,LR-A,101,0,development_readout,smishing,1,0.5501971617744195,0.3928270511081544,1
review-19d11b9f743aa049,LR-A,101,0,development_readout,smishing,1,0.6347490476153849,0.3928270511081544,1
review-1a4aa7992820ca2a,LR-A,101,0,development_readout,smishing,1,0.6900122780118506,0.3928270511081544,1
review-1a60e1bd37131802,LR-A,101,0,development_readout,normal,2,0.0995673218875746,0.3928270511081544,0
review-1bcdb8b5e4902f77,LR-A,101,0,development_readout,normal,2,0.0841778107451435,0.3928270511081544,0
review-1cb842404c1056c4,LR-A,101,0,development_readout,normal,2,0.1907694879345888,0.3928270511081544,0
review-220daefcb5d386ed,LR-A,101,0,development_readout,smishing,1,0.7325675557283355,0.3928270511081544,1
review-2324027bc353cb29,LR-A,101,0,development_readout,smishing,1,0.7070855131014282,0.3928270511081544,1
review-23e4e9eb29dd8f93,LR-A,101,0,development_readout,normal,2,0.1323042240892608,0.3928270511081544,0
review-270f57eba07d36f4,LR-A,101,0,development_readout,smishing,1,0.6449692937923724,0.3928270511081544,1
review-293586512b140a4e,LR-A,101,0,development_readout,smishing,1,0.4085344323690797,0.3928270511081544,1
review-2d707fce0fb4702c,LR-A,101,0,development_readout,normal,2,0.1751081021961324,0.3928270511081544,0
review-2d80e47aaaa42543,LR-A,101,0,development_readout,normal,2,0.2293602051202045,0.3928270511081544,0
review-31a75727a167d60d,LR-A,101,0,development_readout,smishing,1,0.5130985258552339,0.3928270511081544,1
review-363f281df3bd9ba4,LR-A,101,0,development_readout,normal,3,0.1319619803649434,0.3928270511081544,0
review-370202b258208735,LR-A,101,0,development_readout,smishing,1,0.3211326954522829,0.3928270511081544,0
review-3735a715aa425485,LR-A,101,0,development_readout,normal,2,0.2458008867383825,0.3928270511081544,0
review-37962ff6cab628b9,LR-A,101,0,development_readout,smishing,1,0.6924331537097758,0.3928270511081544,1
review-40617332c72b6a65,LR-A,101,0,development_readout,smishing,1,0.7539028787864142,0.3928270511081544,1
review-49a272d982158787,LR-A,101,0,development_readout,smishing,1,0.4651321974508383,0.3928270511081544,1
review-4bb32c9d9587eb5b,LR-A,101,0,development_readout,smishing,1,0.3305208059809807,0.3928270511081544,0
review-4c45e2acc43cd09c,LR-A,101,0,development_readout,smishing,1,0.911343612309626,0.3928270511081544,1
review-50913d75a97def28,LR-A,101,0,development_readout,smishing,2,0.5047809847909027,0.3928270511081544,1
review-50c65fd60929a11c,LR-A,101,0,development_readout,smishing,1,0.6028676249814101,0.3928270511081544,1
review-5192f26c12526af0,LR-A,101,0,development_readout,normal,1,0.3627244604610663,0.3928270511081544,0
review-5201c5937ee64b08,LR-A,101,0,development_readout,smishing,1,0.4702948522799848,0.3928270511081544,1
review-53c35a92e8d9dc2a,LR-A,101,0,development_readout,normal,4,0.334713663358621,0.3928270511081544,0
review-5582aae305ae4193,LR-A,101,0,development_readout,normal,3,0.1560943022705163,0.3928270511081544,0
review-55839cdd8c1c65c6,LR-A,101,0,development_readout,normal,3,0.1026457671337964,0.3928270511081544,0
review-56f61182338ec612,LR-A,101,0,development_readout,smishing,1,0.5988452178305496,0.3928270511081544,1
review-5c5069cca8a5add0,LR-A,101,0,development_readout,normal,3,0.1216597306127793,0.3928270511081544,0
review-6036afa1a4a219c3,LR-A,101,0,development_readout,normal,2,0.1187561763144245,0.3928270511081544,0
review-613647025d825449,LR-A,101,0,development_readout,normal,2,0.1543487201428347,0.3928270511081544,0
review-6260263e3bc9f334,LR-A,101,0,development_readout,smishing,1,0.9144223564812184,0.3928270511081544,1
review-6925d1d5c92f5e6d,LR-A,101,0,development_readout,normal,2,0.2478444389741488,0.3928270511081544,0
review-6c9e3e62bbb95763,LR-A,101,0,development_readout,smishing,1,0.1876878879497379,0.3928270511081544,0
review-747ccc19ddd0a65f,LR-A,101,0,development_readout,normal,2,0.1466673171565223,0.3928270511081544,0
review-75f8aea8c65c0cb2,LR-A,101,0,development_readout,smishing,1,0.8487230116302564,0.3928270511081544,1
review-77b394cbe6e1dc4b,LR-A,101,0,development_readout,normal,2,0.3731573841905468,0.3928270511081544,0
review-790151d3979b5cf2,LR-A,101,0,development_readout,normal,2,0.0724798920943,0.3928270511081544,0
review-7b9d338bf5cd4bdc,LR-A,101,0,development_readout,normal,2,0.114294585067707,0.3928270511081544,0
review-7c0605262829dbc3,LR-A,101,0,development_readout,smishing,1,0.9163631251727266,0.3928270511081544,1
review-8a9635c815342586,LR-A,101,0,development_readout,smishing,1,0.9061307589213748,0.3928270511081544,1
review-901aa5f6d890357c,LR-A,101,0,development_readout,smishing,1,0.8556912957339414,0.3928270511081544,1
review-93e39f35ad377da3,LR-A,101,0,development_readout,normal,2,0.1674464239848475,0.3928270511081544,0
review-94b8ffc8b0784e28,LR-A,101,0,development_readout,normal,2,0.0865371605528832,0.3928270511081544,0
review-9751bc751be6b57c,LR-A,101,0,development_readout,smishing,1,0.6201062441480489,0.3928270511081544,1
review-98f9751b78a4c31e,LR-A,101,0,development_readout,normal,3,0.0911149059024833,0.3928270511081544,0
review-9a3f12ca280a1c8a,LR-A,101,0,development_readout,normal,3,0.2874530770102358,0.3928270511081544,0
review-9c94f8c84f214457,LR-A,101,0,development_readout,smishing,1,0.2261135859571432,0.3928270511081544,0
review-9d4c0bc5bb2de352,LR-A,101,0,development_readout,smishing,1,0.6277578966151535,0.3928270511081544,1
review-a00070320560c3ff,LR-A,101,0,development_readout,normal,1,0.5303770292533673,0.3928270511081544,1
review-a3b8e31a589bfbf6,LR-A,101,0,development_readout,smishing,1,0.6240181941105128,0.3928270511081544,1
review-a5c8844b07d15249,LR-A,101,0,development_readout,smishing,1,0.6735409666634911,0.3928270511081544,1
review-a966f0861f64ccf4,LR-A,101,0,development_readout,smishing,1,0.3397486032176471,0.3928270511081544,0
review-af3cd140e815bf14,LR-A,101,0,development_readout,normal,2,0.1558530796028832,0.3928270511081544,0
review-b1335825efb8b815,LR-A,101,0,development_readout,normal,2,0.3104399184205055,0.3928270511081544,0
review-b1951ff1f4366cb0,LR-A,101,0,development_readout,normal,2,0.0747859611175337,0.3928270511081544,0
review-b4f3af03fab1d1b9,LR-A,101,0,development_readout,smishing,1,0.3591323744902942,0.3928270511081544,0
review-b52505e7e689a4b8,LR-A,101,0,development_readout,normal,2,0.1214229178429729,0.3928270511081544,0
review-b7db7bfa3479f4d7,LR-A,101,0,development_readout,normal,2,0.2163140304114612,0.3928270511081544,0
review-bbe916c0a5f13c5a,LR-A,101,0,development_readout,smishing,1,0.910566876037368,0.3928270511081544,1
review-bc9e9750ed2f2246,LR-A,101,0,development_readout,normal,2,0.1703091554918098,0.3928270511081544,0
review-c4368025a0827097,LR-A,101,0,development_readout,normal,2,0.2403516969849478,0.3928270511081544,0
review-c68883cf7ada6886,LR-A,101,0,development_readout,smishing,1,0.5436288610221336,0.3928270511081544,1
review-c7968cd6c3d1f959,LR-A,101,0,development_readout,normal,2,0.073676374590284,0.3928270511081544,0
review-cbbc72e510f286e3,LR-A,101,0,development_readout,smishing,1,0.8998016708934993,0.3928270511081544,1
review-d17c9fec5ba94c27,LR-A,101,0,development_readout,smishing,1,0.6157709944338532,0.3928270511081544,1
review-d1ba629d1b0c0386,LR-A,101,0,development_readout,smishing,4,0.1280125927803547,0.3928270511081544,0
review-d299ebb8c45a2f94,LR-A,101,0,development_readout,smishing,4,0.1393610625750952,0.3928270511081544,0
review-e58d1b3575c7e041,LR-A,101,0,development_readout,smishing,1,0.6835481813604529,0.3928270511081544,1
review-e5c8c789729e554c,LR-A,101,0,development_readout,normal,2,0.1485046513875752,0.3928270511081544,0
review-eb5bbbe4e99a6f72,LR-A,101,0,development_readout,normal,2,0.1786433451132595,0.3928270511081544,0
review-ecc7155e591dec16,LR-A,101,0,development_readout,smishing,1,0.5441374742878186,0.3928270511081544,1
review-f02182e8f70df196,LR-A,101,0,development_readout,smishing,1,0.3707179085323071,0.3928270511081544,0
review-f6f3c364cb66f280,LR-A,101,0,development_readout,normal,2,0.1085771026118449,0.3928270511081544,0
review-fcb737070b879e4f,LR-A,101,0,development_readout,normal,2,0.1237361238243106,0.3928270511081544,0
review-fdc12fa3cc3d98a8,LR-A,101,0,development_readout,smishing,1,0.8895885861206032,0.3928270511081544,1
review-fe1822167edb9625,LR-A,101,0,development_readout,normal,2,0.1001586854405308,0.3928270511081544,0
review-0191505287bc42c3,LR-A,202,0,development_readout,normal,2,0.1005973917958712,0.4470892062858736,0
review-01daae558c8120c5,LR-A,202,0,development_readout,normal,2,0.1118988191312847,0.4470892062858736,0
review-09f8a52a643bde75,LR-A,202,0,development_readout,normal,2,0.2223308244246223,0.4470892062858736,0
review-0c756099e821ef26,LR-A,202,0,development_readout,smishing,1,0.3158296079972642,0.4470892062858736,0
review-0ce89002b27ae13e,LR-A,202,0,development_readout,normal,2,0.1372711591025082,0.4470892062858736,0
review-0e9363ce9bcb57c2,LR-A,202,0,development_readout,smishing,1,0.454987806296123,0.4470892062858736,1
review-17bb16430527761d,LR-A,202,0,development_readout,smishing,1,0.4203335962713333,0.4470892062858736,0
review-1a60e1bd37131802,LR-A,202,0,development_readout,normal,2,0.113066991862558,0.4470892062858736,0
review-1bcdb8b5e4902f77,LR-A,202,0,development_readout,normal,2,0.0839278984697402,0.4470892062858736,0
review-220daefcb5d386ed,LR-A,202,0,development_readout,smishing,1,0.7659519802651684,0.4470892062858736,1
review-23e4e9eb29dd8f93,LR-A,202,0,development_readout,normal,2,0.1364728218466563,0.4470892062858736,0
review-2d707fce0fb4702c,LR-A,202,0,development_readout,normal,2,0.1718147963466173,0.4470892062858736,0
review-2d80e47aaaa42543,LR-A,202,0,development_readout,normal,2,0.2395137543532828,0.4470892062858736,0
review-2dd7b92c08e4f5c4,LR-A,202,0,development_readout,normal,3,0.0969205886819125,0.4470892062858736,0
review-30c664d1fb0416d2,LR-A,202,0,development_readout,normal,3,0.1029636710727276,0.4470892062858736,0
review-30e3bf5a7666c842,LR-A,202,0,development_readout,smishing,1,0.6333408771338219,0.4470892062858736,1
review-31a75727a167d60d,LR-A,202,0,development_readout,smishing,1,0.551440470913777,0.4470892062858736,1
review-363f281df3bd9ba4,LR-A,202,0,development_readout,normal,3,0.1227744118750317,0.4470892062858736,0
review-364329807a65a090,LR-A,202,0,development_readout,smishing,1,0.4315653618679888,0.4470892062858736,0
review-3aa78c267ab21f05,LR-A,202,0,development_readout,smishing,2,0.2280383624572885,0.4470892062858736,0
review-3b5a82f01656ae5e,LR-A,202,0,development_readout,normal,3,0.0644310038535119,0.4470892062858736,0
review-4034e1976e7caf3d,LR-A,202,0,development_readout,normal,2,0.076702176667038,0.4470892062858736,0
review-40617332c72b6a65,LR-A,202,0,development_readout,smishing,1,0.7806216038133473,0.4470892062858736,1
review-41e7242cf53f7aec,LR-A,202,0,development_readout,normal,3,0.1232493999927191,0.4470892062858736,0
review-49db2f3969f4dab7,LR-A,202,0,development_readout,normal,3,0.1114985102756855,0.4470892062858736,0
review-4aafcfede478ed2e,LR-A,202,0,development_readout,smishing,1,0.6898877718254678,0.4470892062858736,1
review-4c7db89388133c66,LR-A,202,0,development_readout,normal,2,0.1294844049262014,0.4470892062858736,0
review-5351da806d5c8862,LR-A,202,0,development_readout,normal,2,0.1577545835413367,0.4470892062858736,0
review-573127865357f88a,LR-A,202,0,development_readout,normal,2,0.0921962996933756,0.4470892062858736,0
review-588539dd497a5994,LR-A,202,0,development_readout,smishing,1,0.5237266544006685,0.4470892062858736,1
review-5a7aed2fa9914ccd,LR-A,202,0,development_readout,normal,2,0.209885184508388,0.4470892062858736,0
review-5b38287421b21063,LR-A,202,0,development_readout,normal,2,0.1333527241016532,0.4470892062858736,0
review-613647025d825449,LR-A,202,0,development_readout,normal,2,0.2142451976291003,0.4470892062858736,0
review-6521774e33af014d,LR-A,202,0,development_readout,normal,2,0.2091021974028322,0.4470892062858736,0
review-6742e699b2c19637,LR-A,202,0,development_readout,smishing,4,0.1493488375583023,0.4470892062858736,0
review-6c9e3e62bbb95763,LR-A,202,0,development_readout,smishing,1,0.1969370717880085,0.4470892062858736,0
review-6e51f1a0ccb981e6,LR-A,202,0,development_readout,smishing,1,0.6775241238836983,0.4470892062858736,1
review-747ccc19ddd0a65f,LR-A,202,0,development_readout,normal,2,0.1453625631862175,0.4470892062858736,0
review-7494a9906bb71039,LR-A,202,0,development_readout,normal,1,0.1673183194342875,0.4470892062858736,0
review-75ab06f0d698d679,LR-A,202,0,development_readout,smishing,1,0.3905421719621334,0.4470892062858736,0
review-790151d3979b5cf2,LR-A,202,0,development_readout,normal,2,0.0741471029794425,0.4470892062858736,0
review-7cbff1d715e4b2f0,LR-A,202,0,development_readout,normal,3,0.1289778738810989,0.4470892062858736,0
review-7d4271562f20ae7d,LR-A,202,0,development_readout,normal,3,0.1245434426751901,0.4470892062858736,0
review-8408e233d5c05195,LR-A,202,0,development_readout,normal,2,0.1038222395778562,0.4470892062858736,0
review-87ca5145bb1464ea,LR-A,202,0,development_readout,normal,3,0.1002923238500538,0.4470892062858736,0
review-97eb58f77becd57e,LR-A,202,0,development_readout,normal,2,0.0859732766906287,0.4470892062858736,0
review-9955e43648119f93,LR-A,202,0,development_readout,smishing,1,0.6566193708549884,0.4470892062858736,1
review-9c94f8c84f214457,LR-A,202,0,development_readout,smishing,1,0.2226081852522681,0.4470892062858736,0
review-9dcbf9222596e8de,LR-A,202,0,development_readout,normal,4,0.3464764850155383,0.4470892062858736,0
review-a1c208b7e2a31834,LR-A,202,0,development_readout,smishing,1,0.5181783713600824,0.4470892062858736,1
review-acfda6dedbd0ac44,LR-A,202,0,development_readout,normal,2,0.1615774196036325,0.4470892062858736,0
review-b1951ff1f4366cb0,LR-A,202,0,development_readout,normal,2,0.067888436903768,0.4470892062858736,0
review-b31a9429969a49d0,LR-A,202,0,development_readout,normal,2,0.1653491638070296,0.4470892062858736,0
review-b354a4224eb298ed,LR-A,202,0,development_readout,smishing,1,0.7033030862955586,0.4470892062858736,1
review-b4a140a400dd0bd4,LR-A,202,0,development_readout,smishing,1,0.6308609133773961,0.4470892062858736,1
review-b716d55654e9e174,LR-A,202,0,development_readout,normal,2,0.0661970536929056,0.4470892062858736,0
review-b7a4aa1c4b4f5a68,LR-A,202,0,development_readout,normal,4,0.2122113983900989,0.4470892062858736,0
review-bc64860bdda53d26,LR-A,202,0,development_readout,normal,2,0.0588710084719125,0.4470892062858736,0
review-bc694d6c09671509,LR-A,202,0,development_readout,normal,2,0.0989342978745393,0.4470892062858736,0
review-c58fb60504f6d9d8,LR-A,202,0,development_readout,smishing,1,0.4197879075491271,0.4470892062858736,0
review-c9bef77585bdd4e8,LR-A,202,0,development_readout,smishing,1,0.4226743107071631,0.4470892062858736,0
review-c9eb20ef749cdb80,LR-A,202,0,development_readout,normal,3,0.1328660340966856,0.4470892062858736,0
review-cbbc72e510f286e3,LR-A,202,0,development_readout,smishing,1,0.8998126823944111,0.4470892062858736,1
review-cd10401423c3d046,LR-A,202,0,development_readout,normal,2,0.0956716761713062,0.4470892062858736,0
review-d23755346e397e0d,LR-A,202,0,development_readout,normal,2,0.0920294743565318,0.4470892062858736,0
review-d27b1f741c6ce442,LR-A,202,0,development_readout,normal,2,0.0981473418844117,0.4470892062858736,0
review-d299ebb8c45a2f94,LR-A,202,0,development_readout,smishing,4,0.1241040488366004,0.4470892062858736,0
review-d3b4daac66058960,LR-A,202,0,development_readout,normal,3,0.1399100883213513,0.4470892062858736,0
review-d6877eb437269499,LR-A,202,0,development_readout,normal,2,0.1387348511921337,0.4470892062858736,0
review-de8af5907865c3e9,LR-A,202,0,development_readout,smishing,1,0.3987548065080128,0.4470892062858736,0
review-e0ac9753946feca9,LR-A,202,0,development_readout,smishing,4,0.4869711883205754,0.4470892062858736,1
review-e597199623b7b146,LR-A,202,0,development_readout,normal,2,0.2128863976608062,0.4470892062858736,0
review-ed79a40573a23e85,LR-A,202,0,development_readout,normal,3,0.2132835011941246,0.4470892062858736,0
review-f7fbd3ab7a66e194,LR-A,202,0,development_readout,normal,3,0.1442670060795318,0.4470892062858736,0
review-fd55ea1d04c7fc3b,LR-A,202,0,development_readout,normal,3,0.043927431704218,0.4470892062858736,0
review-fdc12fa3cc3d98a8,LR-A,202,0,development_readout,smishing,1,0.8954477336226144,0.4470892062858736,1
review-ff1ff6c1bdbeaee2,LR-A,202,0,development_readout,normal,2,0.1171492003047858,0.4470892062858736,0
review-0056707322867f9e,LR-A,303,0,development_readout,normal,2,0.0492692586883392,0.5386656677481053,0
review-019e598ca75a2604,LR-A,303,0,development_readout,normal,2,0.0696489176965633,0.5386656677481053,0
review-05ba384c6ab030f1,LR-A,303,0,development_readout,normal,2,0.1946779838948457,0.5386656677481053,0
review-06613e1d63363778,LR-A,303,0,development_readout,normal,2,0.0993605265681521,0.5386656677481053,0
review-09dc7d3fa6246119,LR-A,303,0,development_readout,normal,2,0.1625949077402411,0.5386656677481053,0
review-0ddce31c46b4331c,LR-A,303,0,development_readout,normal,3,0.1124457578345996,0.5386656677481053,0
review-0f5e5787e2464fe3,LR-A,303,0,development_readout,smishing,1,0.9096033999471472,0.5386656677481053,1
review-131ed5d9023fe8e1,LR-A,303,0,development_readout,normal,3,0.1333587861200049,0.5386656677481053,0
review-13e7350b6f9c843d,LR-A,303,0,development_readout,smishing,1,0.1755089750854986,0.5386656677481053,0
review-1502532d7fb02e2b,LR-A,303,0,development_readout,smishing,1,0.3576090918996688,0.5386656677481053,0
review-1538fa93f259c264,LR-A,303,0,development_readout,normal,2,0.1951755966489343,0.5386656677481053,0
review-17bb16430527761d,LR-A,303,0,development_readout,smishing,1,0.3846146748833424,0.5386656677481053,0
review-1cb842404c1056c4,LR-A,303,0,development_readout,normal,2,0.2283968681106982,0.5386656677481053,0
review-2579df062aafc741,LR-A,303,0,development_readout,smishing,1,0.4256705309724353,0.5386656677481053,0
review-322a0c915a6dca98,LR-A,303,0,development_readout,smishing,1,0.4581662523950791,0.5386656677481053,0
review-36c6682493394c5a,LR-A,303,0,development_readout,smishing,1,0.6664022111893915,0.5386656677481053,1
review-37962ff6cab628b9,LR-A,303,0,development_readout,smishing,1,0.5929196034688454,0.5386656677481053,1
review-3a3a0c9003eb78d2,LR-A,303,0,development_readout,normal,2,0.2759070058773344,0.5386656677481053,0
review-3b23a85b0e54e4e2,LR-A,303,0,development_readout,normal,2,0.0989557023562585,0.5386656677481053,0
review-3b5e9306ce7f16f6,LR-A,303,0,development_readout,normal,2,0.1074525837342554,0.5386656677481053,0
review-40e531a989b5b832,LR-A,303,0,development_readout,smishing,1,0.4676651482939639,0.5386656677481053,0
review-40eb85d72dbb3fa3,LR-A,303,0,development_readout,smishing,1,0.847655084076247,0.5386656677481053,1
review-40f65d491fbb6c91,LR-A,303,0,development_readout,smishing,1,0.569243540681978,0.5386656677481053,1
review-49a272d982158787,LR-A,303,0,development_readout,smishing,1,0.5183872771746504,0.5386656677481053,0
review-4a5f226471e5edaf,LR-A,303,0,development_readout,smishing,1,0.7308233198068742,0.5386656677481053,1
review-4b0f3b3c6f3029e0,LR-A,303,0,development_readout,smishing,1,0.8533930261427497,0.5386656677481053,1
review-4cbabc8906c81322,LR-A,303,0,development_readout,smishing,1,0.8449880418209598,0.5386656677481053,1
review-545d35ba143011e5,LR-A,303,0,development_readout,normal,2,0.0895048652142082,0.5386656677481053,0
review-6036afa1a4a219c3,LR-A,303,0,development_readout,normal,2,0.1134918940524099,0.5386656677481053,0
review-6742e699b2c19637,LR-A,303,0,development_readout,smishing,4,0.1512497579566168,0.5386656677481053,0
review-6a3da5bb1cbb35c3,LR-A,303,0,development_readout,smishing,1,0.4749684104994331,0.5386656677481053,0
review-6c7372dc6724ef49,LR-A,303,0,development_readout,normal,2,0.1098604898907111,0.5386656677481053,0
review-6e51f1a0ccb981e6,LR-A,303,0,development_readout,smishing,1,0.639760481172612,0.5386656677481053,1
review-7e4208c3a8d81d5e,LR-A,303,0,development_readout,normal,2,0.2050413982018981,0.5386656677481053,0
review-8c3afec16f00c8ea,LR-A,303,0,development_readout,normal,2,0.0917238622040314,0.5386656677481053,0
review-8f7e5118fc4a9d93,LR-A,303,0,development_readout,smishing,1,0.8764851454941055,0.5386656677481053,1
review-93f251b7f415320e,LR-A,303,0,development_readout,smishing,1,0.8566829027221021,0.5386656677481053,1
review-9440c7b20214abb9,LR-A,303,0,development_readout,smishing,1,0.726215920836016,0.5386656677481053,1
review-95c15e2125e8158e,LR-A,303,0,development_readout,smishing,1,0.6443250039768078,0.5386656677481053,1
review-97dbf9fb83d5fd0a,LR-A,303,0,development_readout,normal,2,0.10681444058899,0.5386656677481053,0
review-9ad68457d5c5ddfe,LR-A,303,0,development_readout,smishing,1,0.4449181907408445,0.5386656677481053,0
review-9ca002eef5fabf4c,LR-A,303,0,development_readout,normal,2,0.0834251800844514,0.5386656677481053,0
review-9e59560a7b1c6aa2,LR-A,303,0,development_readout,smishing,1,0.1795363281374828,0.5386656677481053,0
review-aa0341109ceb1209,LR-A,303,0,development_readout,normal,2,0.1304337059435475,0.5386656677481053,0
review-b0d0b31ce42bff6d,LR-A,303,0,development_readout,smishing,1,0.2058900256062927,0.5386656677481053,0
review-b495dcabfdc9e6bb,LR-A,303,0,development_readout,smishing,1,0.1588449763126201,0.5386656677481053,0
review-bbb9c61301495984,LR-A,303,0,development_readout,smishing,1,0.7058270905113264,0.5386656677481053,1
review-bc64860bdda53d26,LR-A,303,0,development_readout,normal,2,0.0569203529668155,0.5386656677481053,0
review-bc805b9a7fefb4c4,LR-A,303,0,development_readout,smishing,1,0.4725626237004146,0.5386656677481053,0
review-bcc4f27e08342914,LR-A,303,0,development_readout,smishing,1,0.696103527928221,0.5386656677481053,1
review-c3157c09e695c3c5,LR-A,303,0,development_readout,normal,3,0.1520100704439176,0.5386656677481053,0
review-cbbc72e510f286e3,LR-A,303,0,development_readout,smishing,1,0.8880925072091932,0.5386656677481053,1
review-d1ba629d1b0c0386,LR-A,303,0,development_readout,smishing,4,0.1249284650843901,0.5386656677481053,0
review-d6877eb437269499,LR-A,303,0,development_readout,normal,2,0.1262485130253675,0.5386656677481053,0
review-da0a87e60e534a8c,LR-A,303,0,development_readout,normal,2,0.0934058693171866,0.5386656677481053,0
review-dc7c7acfd6e2db79,LR-A,303,0,development_readout,normal,1,0.4670186291496798,0.5386656677481053,0
review-e384094846a41b50,LR-A,303,0,development_readout,smishing,1,0.6968447728990937,0.5386656677481053,1
review-e4dca6a839df1435,LR-A,303,0,development_readout,normal,2,0.1580220160036362,0.5386656677481053,0
review-e597199623b7b146,LR-A,303,0,development_readout,normal,2,0.2154909988729672,0.5386656677481053,0
review-e5c8c789729e554c,LR-A,303,0,development_readout,normal,2,0.1425649026603458,0.5386656677481053,0
review-e9f675e3299ddb73,LR-A,303,0,development_readout,normal,2,0.309890019829797,0.5386656677481053,0
review-ec018bdef14b4dce,LR-A,303,0,development_readout,smishing,1,0.8609136902115233,0.5386656677481053,1
review-ed9460d363c32a66,LR-A,303,0,development_readout,normal,2,0.1299012308247825,0.5386656677481053,0
review-ee314103593cc397,LR-A,303,0,development_readout,smishing,1,0.1938108095406161,0.5386656677481053,0
review-f0f2fce9301b3378,LR-A,303,0,development_readout,normal,2,0.0785546103883599,0.5386656677481053,0
review-f2b62cb8a35fddc1,LR-A,303,0,development_readout,smishing,1,0.5169249651706894,0.5386656677481053,0
review-f44ca51cbbeda00a,LR-A,303,0,development_readout,smishing,1,0.908200038561764,0.5386656677481053,1
review-f6f3c364cb66f280,LR-A,303,0,development_readout,normal,2,0.1181200351477666,0.5386656677481053,0
review-f7a215d9e903b41d,LR-A,303,0,development_readout,smishing,1,0.6036224393905779,0.5386656677481053,1
review-fd0999fd546bfed8,LR-A,303,0,development_readout,smishing,1,0.8609114498492685,0.5386656677481053,1
review-fdc12fa3cc3d98a8,LR-A,303,0,development_readout,smishing,1,0.8759111325920607,0.5386656677481053,1
review-014f431cdb07954a,LR-A,404,0,development_readout,smishing,1,0.2579266067277599,0.38109382784787,0
review-07c0fb876beabf4b,LR-A,404,0,development_readout,smishing,2,0.4805150778696599,0.38109382784787,1
review-09dc7d3fa6246119,LR-A,404,0,development_readout,normal,2,0.1461859154366168,0.38109382784787,0
review-0bc7f01b43b4a4f4,LR-A,404,0,development_readout,normal,3,0.1209265967410107,0.38109382784787,0
review-0cf62fd6142f6cb4,LR-A,404,0,development_readout,smishing,1,0.6983299054313077,0.38109382784787,1
review-0f7f12381c38278e,LR-A,404,0,development_readout,normal,3,0.1193454293941245,0.38109382784787,0
review-105735240253acfe,LR-A,404,0,development_readout,smishing,1,0.4880087952947004,0.38109382784787,1
review-10e329e8873017e2,LR-A,404,0,development_readout,smishing,1,0.5916545918353593,0.38109382784787,1
review-12aedba2ef212671,LR-A,404,0,development_readout,smishing,1,0.9335985980493108,0.38109382784787,1
review-1538fa93f259c264,LR-A,404,0,development_readout,normal,2,0.1875666842167509,0.38109382784787,0
review-17bb16430527761d,LR-A,404,0,development_readout,smishing,1,0.3530394132733669,0.38109382784787,0
review-19cc4ce8b1dbe415,LR-A,404,0,development_readout,smishing,2,0.1179894813189352,0.38109382784787,0
review-1a4aa7992820ca2a,LR-A,404,0,development_readout,smishing,1,0.6462692028006046,0.38109382784787,1
review-1bee5d35c3ae9550,LR-A,404,0,development_readout,smishing,1,0.472203287675386,0.38109382784787,1
review-1c32fedd4b32dd06,LR-A,404,0,development_readout,normal,3,0.0800465806515909,0.38109382784787,0
review-1c42c25c32f5bd82,LR-A,404,0,development_readout,smishing,1,0.8304777808613205,0.38109382784787,1
review-1e479c4a302f356c,LR-A,404,0,development_readout,smishing,1,0.1458806974540691,0.38109382784787,0
review-25104a7eec1f7831,LR-A,404,0,development_readout,smishing,1,0.6546313580198103,0.38109382784787,1
review-266fac2cf4f9a2fe,LR-A,404,0,development_readout,smishing,1,0.8106593616035149,0.38109382784787,1
review-2705653809f7ad8f,LR-A,404,0,development_readout,normal,2,0.2358499217521703,0.38109382784787,0
review-2769abe8fc6ffd87,LR-A,404,0,development_readout,normal,3,0.1296557226197581,0.38109382784787,0
review-293586512b140a4e,LR-A,404,0,development_readout,smishing,1,0.304609229578096,0.38109382784787,0
review-2dcd34cb42910200,LR-A,404,0,development_readout,smishing,1,0.4582304619595828,0.38109382784787,1
review-31a75727a167d60d,LR-A,404,0,development_readout,smishing,1,0.4356279588751304,0.38109382784787,1
review-3423b715646fd583,LR-A,404,0,development_readout,smishing,1,0.9360986636502856,0.38109382784787,1
review-363f281df3bd9ba4,LR-A,404,0,development_readout,normal,3,0.1295867104453615,0.38109382784787,0
review-364329807a65a090,LR-A,404,0,development_readout,smishing,1,0.3464006054672455,0.38109382784787,0
review-39a836fe3d87fa33,LR-A,404,0,development_readout,normal,2,0.0884624886126607,0.38109382784787,0
review-39e0fa05577bfbae,LR-A,404,0,development_readout,smishing,1,0.932198352826532,0.38109382784787,1
review-3b5e9306ce7f16f6,LR-A,404,0,development_readout,normal,2,0.1070509776943414,0.38109382784787,0
review-3c542b2889f7ee41,LR-A,404,0,development_readout,smishing,1,0.9323751773480766,0.38109382784787,1
review-40f65d491fbb6c91,LR-A,404,0,development_readout,smishing,1,0.6099027639438864,0.38109382784787,1
review-46f3555593434e8a,LR-A,404,0,development_readout,smishing,1,0.9315782568473234,0.38109382784787,1
review-50c65fd60929a11c,LR-A,404,0,development_readout,smishing,1,0.639435396099788,0.38109382784787,1
review-5176dde30e249277,LR-A,404,0,development_readout,normal,2,0.1170573237429551,0.38109382784787,0
review-5201c5937ee64b08,LR-A,404,0,development_readout,smishing,1,0.4763876349568487,0.38109382784787,1
review-563b94c3e75e8c6d,LR-A,404,0,development_readout,smishing,1,0.1703248018796715,0.38109382784787,0
review-5784e41a45931326,LR-A,404,0,development_readout,smishing,1,0.2816822425427714,0.38109382784787,0
review-5a021883af9f96ea,LR-A,404,0,development_readout,normal,3,0.1134824534612045,0.38109382784787,0
review-5a49e43857a6f8f0,LR-A,404,0,development_readout,smishing,1,0.1314292625743032,0.38109382784787,0
review-5bd99d54544ce7e3,LR-A,404,0,development_readout,normal,3,0.187598333768007,0.38109382784787,0
review-5c8fb855522635b0,LR-A,404,0,development_readout,normal,2,0.1207456044742515,0.38109382784787,0
review-613647025d825449,LR-A,404,0,development_readout,normal,2,0.1322612688438356,0.38109382784787,0
review-6521774e33af014d,LR-A,404,0,development_readout,normal,2,0.1826410515615031,0.38109382784787,0
review-66ef57282af71d4f,LR-A,404,0,development_readout,normal,2,0.1178725377165313,0.38109382784787,0
review-6925d1d5c92f5e6d,LR-A,404,0,development_readout,normal,2,0.221842252909462,0.38109382784787,0
review-6938cc7e883cfae5,LR-A,404,0,development_readout,smishing,1,0.239525605585598,0.38109382784787,0
review-6e51f1a0ccb981e6,LR-A,404,0,development_readout,smishing,1,0.6485435518632058,0.38109382784787,1
review-6ee455a4c31c9039,LR-A,404,0,development_readout,normal,2,0.1466207544794446,0.38109382784787,0
review-76a47d926f91413e,LR-A,404,0,development_readout,normal,2,0.08797415497131,0.38109382784787,0
review-7bc2e45e3ffc6c78,LR-A,404,0,development_readout,normal,2,0.1267160723054139,0.38109382784787,0
review-833c087c0ab5f903,LR-A,404,0,development_readout,smishing,1,0.444418472512233,0.38109382784787,1
review-8858113ca39c4a08,LR-A,404,0,development_readout,smishing,1,0.6913768761509473,0.38109382784787,1
review-8f6994cbd2075acd,LR-A,404,0,development_readout,smishing,1,0.6050592766424641,0.38109382784787,1
review-93e39f35ad377da3,LR-A,404,0,development_readout,normal,2,0.1408347944412109,0.38109382784787,0
review-94b8ffc8b0784e28,LR-A,404,0,development_readout,normal,2,0.0790208831926084,0.38109382784787,0
review-96be0a4e61349470,LR-A,404,0,development_readout,smishing,1,0.6831473744775681,0.38109382784787,1
review-9762bd209b88d2ac,LR-A,404,0,development_readout,smishing,1,0.7210622865030785,0.38109382784787,1
review-9833d3f3d2c07833,LR-A,404,0,development_readout,smishing,1,0.5663832233681233,0.38109382784787,1
review-99553665d7fa8d60,LR-A,404,0,development_readout,normal,2,0.1018637766794796,0.38109382784787,0
review-9955e43648119f93,LR-A,404,0,development_readout,smishing,1,0.5825406363272219,0.38109382784787,1
review-9a3f12ca280a1c8a,LR-A,404,0,development_readout,normal,3,0.2551752490436387,0.38109382784787,0
review-9c83743cb64ceb5e,LR-A,404,0,development_readout,normal,2,0.1811473312641955,0.38109382784787,0
review-a1b685810c820047,LR-A,404,0,development_readout,smishing,1,0.9296160361939314,0.38109382784787,1
review-a966f0861f64ccf4,LR-A,404,0,development_readout,smishing,1,0.3880595124394093,0.38109382784787,1
review-ac307e4a1651f014,LR-A,404,0,development_readout,smishing,3,0.1588416051876808,0.38109382784787,0
review-ad512146de7da940,LR-A,404,0,development_readout,smishing,1,0.636297961308537,0.38109382784787,1
review-b1951ff1f4366cb0,LR-A,404,0,development_readout,normal,2,0.0802959180130247,0.38109382784787,0
review-b31a9429969a49d0,LR-A,404,0,development_readout,normal,2,0.1492679521615376,0.38109382784787,0
review-b7a4aa1c4b4f5a68,LR-A,404,0,development_readout,normal,4,0.2187364312012792,0.38109382784787,0
review-bc5e0069bbad7d67,LR-A,404,0,development_readout,normal,2,0.0937274861936706,0.38109382784787,0
review-bc694d6c09671509,LR-A,404,0,development_readout,normal,2,0.0957087309386977,0.38109382784787,0
review-bc805b9a7fefb4c4,LR-A,404,0,development_readout,smishing,1,0.3672508164720831,0.38109382784787,0
review-bfec2c5d687b5e5a,LR-A,404,0,development_readout,normal,2,0.2465888255077186,0.38109382784787,0
review-c2b11fa0a2c3336f,LR-A,404,0,development_readout,normal,2,0.1251950170511009,0.38109382784787,0
review-c58fb60504f6d9d8,LR-A,404,0,development_readout,smishing,1,0.3319029142576355,0.38109382784787,0
review-c9bef77585bdd4e8,LR-A,404,0,development_readout,smishing,1,0.3340940209984414,0.38109382784787,0
review-ca722d1baa37caa6,LR-A,404,0,development_readout,smishing,1,0.93349542888821,0.38109382784787,1
review-cb32573abbb83f9f,LR-A,404,0,development_readout,smishing,1,0.9364410652709184,0.38109382784787,1
review-cf827f0ca2b4b9a5,LR-A,404,0,development_readout,smishing,1,0.2865762746545273,0.38109382784787,0
review-d23755346e397e0d,LR-A,404,0,development_readout,normal,2,0.0797704910657889,0.38109382784787,0
review-d299ebb8c45a2f94,LR-A,404,0,development_readout,smishing,4,0.1277415234623158,0.38109382784787,0
review-d29c44ff7ec787ac,LR-A,404,0,development_readout,normal,3,0.1771362862707085,0.38109382784787,0
review-d4f84d432e0d6d48,LR-A,404,0,development_readout,normal,2,0.1229729776144809,0.38109382784787,0
review-d51050ea94555e33,LR-A,404,0,development_readout,normal,2,0.0902507539570732,0.38109382784787,0
review-d7a5aa91a1e9ef4b,LR-A,404,0,development_readout,normal,3,0.1393825590227552,0.38109382784787,0
review-d885dde988ff81fc,LR-A,404,0,development_readout,smishing,1,0.6707497041673922,0.38109382784787,1
review-dc7c7acfd6e2db79,LR-A,404,0,development_readout,normal,1,0.4519804005570484,0.38109382784787,1
review-dd797ac5b4317bd3,LR-A,404,0,development_readout,smishing,1,0.8284414463948555,0.38109382784787,1
review-e058b93119484125,LR-A,404,0,development_readout,smishing,1,0.8616030177690247,0.38109382784787,1
review-e0a264aecc7ee1b0,LR-A,404,0,development_readout,normal,2,0.3455021177446814,0.38109382784787,0
review-e432c718725ac7ae,LR-A,404,0,development_readout,normal,2,0.2085637848460218,0.38109382784787,0
review-e511d7b76f480bc7,LR-A,404,0,development_readout,smishing,1,0.9340013544868307,0.38109382784787,1
review-e736bb0c132d2dc8,LR-A,404,0,development_readout,smishing,1,0.4424281120559218,0.38109382784787,1
review-ed79a40573a23e85,LR-A,404,0,development_readout,normal,3,0.1784705470312473,0.38109382784787,0
review-ed9460d363c32a66,LR-A,404,0,development_readout,normal,2,0.1112435363805117,0.38109382784787,0
review-edccbb4371a90711,LR-A,404,0,development_readout,smishing,1,0.8275356917514403,0.38109382784787,1
review-f9b9a4279458f732,LR-A,404,0,development_readout,smishing,1,0.6973392652264102,0.38109382784787,1
review-fd4a4694d748b8f1,LR-A,404,0,development_readout,smishing,1,0.3404304789686614,0.38109382784787,0
review-ff1ff6c1bdbeaee2,LR-A,404,0,development_readout,normal,2,0.1050898233266187,0.38109382784787,0
review-ff57873bcca80e84,LR-A,404,0,development_readout,smishing,1,0.7794047870099492,0.38109382784787,1
review-ff61b33b22cf09db,LR-A,404,0,development_readout,smishing,1,0.3770494304453735,0.38109382784787,0
review-0056707322867f9e,LR-B,42,0,development_readout,normal,2,0.0445662158517977,0.5605163230111331,0
review-01daae558c8120c5,LR-B,42,0,development_readout,normal,2,0.0975160934995835,0.5605163230111331,0
review-0364c25d14e8bb7d,LR-B,42,0,development_readout,smishing,1,0.9542729043451312,0.5605163230111331,1
review-0651a6827875d503,LR-B,42,0,development_readout,smishing,1,0.9535163866365364,0.5605163230111331,1
review-075ea585da5cae15,LR-B,42,0,development_readout,smishing,1,0.9509558346634092,0.5605163230111331,1
review-0c756099e821ef26,LR-B,42,0,development_readout,smishing,1,0.1723936209594521,0.5605163230111331,0
review-10dcb33dda6d5472,LR-B,42,0,development_readout,smishing,1,0.9550198609486928,0.5605163230111331,1
review-143e404949a72860,LR-B,42,0,development_readout,smishing,1,0.9560191117972018,0.5605163230111331,1
review-1538fa93f259c264,LR-B,42,0,development_readout,normal,2,0.1850780986948423,0.5605163230111331,0
review-17bb16430527761d,LR-B,42,0,development_readout,smishing,1,0.2328112421141397,0.5605163230111331,0
review-1b29308cb4906d02,LR-B,42,0,development_readout,smishing,1,0.914776987275054,0.5605163230111331,1
review-1f07a8c7cd26df2c,LR-B,42,0,development_readout,normal,2,0.0913512393380447,0.5605163230111331,0
review-220daefcb5d386ed,LR-B,42,0,development_readout,smishing,1,0.8481383648914563,0.5605163230111331,1
review-25104a7eec1f7831,LR-B,42,0,development_readout,smishing,1,0.5463429667633285,0.5605163230111331,0
review-2579df062aafc741,LR-B,42,0,development_readout,smishing,1,0.5558032760391628,0.5605163230111331,0
review-260a39866b3feb51,LR-B,42,0,development_readout,normal,2,0.0877188341271582,0.5605163230111331,0
review-27c93b924b9803a0,LR-B,42,0,development_readout,smishing,1,0.6993795008462871,0.5605163230111331,1
review-3398cc98a1b87648,LR-B,42,0,development_readout,smishing,1,0.4088469437503035,0.5605163230111331,0
review-344682f2618ba8f9,LR-B,42,0,development_readout,normal,2,0.1464623345721591,0.5605163230111331,0
review-34c4c16cb5ea9aaf,LR-B,42,0,development_readout,smishing,1,0.9525803312338575,0.5605163230111331,1
review-364329807a65a090,LR-B,42,0,development_readout,smishing,1,0.5954614220646809,0.5605163230111331,1
review-37962ff6cab628b9,LR-B,42,0,development_readout,smishing,1,0.4430790570452028,0.5605163230111331,0
review-37bb8af10a6775e3,LR-B,42,0,development_readout,smishing,2,0.4056790376024922,0.5605163230111331,0
review-39e0fa05577bfbae,LR-B,42,0,development_readout,smishing,1,0.9522952409783578,0.5605163230111331,1
review-3a343dbd60efe3c5,LR-B,42,0,development_readout,normal,3,0.0803815868143125,0.5605163230111331,0
review-3a3a0c9003eb78d2,LR-B,42,0,development_readout,normal,2,0.2534571605353363,0.5605163230111331,0
review-3b5a82f01656ae5e,LR-B,42,0,development_readout,normal,3,0.0466345773247532,0.5605163230111331,0
review-3c6ae33a89ac17a5,LR-B,42,0,development_readout,smishing,1,0.91925656546251,0.5605163230111331,1
review-40617332c72b6a65,LR-B,42,0,development_readout,smishing,1,0.8393816630776437,0.5605163230111331,1
review-40f65d491fbb6c91,LR-B,42,0,development_readout,smishing,1,0.5457177044513727,0.5605163230111331,0
review-417d1a94491a5069,LR-B,42,0,development_readout,normal,3,0.0506980950466033,0.5605163230111331,0
review-41e7242cf53f7aec,LR-B,42,0,development_readout,normal,3,0.1678334167717659,0.5605163230111331,0
review-4532712bae1263a4,LR-B,42,0,development_readout,smishing,1,0.9508419323707828,0.5605163230111331,1
review-48f7182245c9e551,LR-B,42,0,development_readout,smishing,2,0.3516113979607799,0.5605163230111331,0
review-4aafcfede478ed2e,LR-B,42,0,development_readout,smishing,1,0.778054313175871,0.5605163230111331,1
review-4bb32c9d9587eb5b,LR-B,42,0,development_readout,smishing,1,0.5945831727989468,0.5605163230111331,1
review-4bc7fe6f6685e5b0,LR-B,42,0,development_readout,smishing,3,0.1236640093269965,0.5605163230111331,0
review-4c45e2acc43cd09c,LR-B,42,0,development_readout,smishing,1,0.952855262711374,0.5605163230111331,1
review-4c7db89388133c66,LR-B,42,0,development_readout,normal,2,0.093360905392756,0.5605163230111331,0
review-53c35a92e8d9dc2a,LR-B,42,0,development_readout,normal,4,0.4727566442169043,0.5605163230111331,0
review-5a7aed2fa9914ccd,LR-B,42,0,development_readout,normal,2,0.1635527371823615,0.5605163230111331,0
review-5cdeba2735509611,LR-B,42,0,development_readout,smishing,1,0.933520965668956,0.5605163230111331,1
review-5d4e3193863f1946,LR-B,42,0,development_readout,smishing,1,0.7738623003674258,0.5605163230111331,1
review-6260263e3bc9f334,LR-B,42,0,development_readout,smishing,1,0.9541385891174256,0.5605163230111331,1
review-63ea5eac0fdbfe2f,LR-B,42,0,development_readout,smishing,1,0.95395708688865,0.5605163230111331,1
review-6521774e33af014d,LR-B,42,0,development_readout,normal,2,0.1691630064380249,0.5605163230111331,0
review-65fde99e6e05f377,LR-B,42,0,development_readout,smishing,1,0.6923666400847254,0.5605163230111331,1
review-6925d1d5c92f5e6d,LR-B,42,0,development_readout,normal,2,0.2730020163786497,0.5605163230111331,0
review-6f695f49e7ab13e0,LR-B,42,0,development_readout,normal,2,0.1558855659387513,0.5605163230111331,0
review-722fa17d1953465a,LR-B,42,0,development_readout,smishing,1,0.9525917390764106,0.5605163230111331,1
review-737f8fd0571ce3c6,LR-B,42,0,development_readout,smishing,2,0.3924947637255886,0.5605163230111331,0
review-75ab06f0d698d679,LR-B,42,0,development_readout,smishing,1,0.4405439303034485,0.5605163230111331,0
review-7aed3e349c71aa1c,LR-B,42,0,development_readout,smishing,1,0.8877913321558447,0.5605163230111331,1
review-7bc2e45e3ffc6c78,LR-B,42,0,development_readout,normal,2,0.3205590233602894,0.5605163230111331,0
review-7c0605262829dbc3,LR-B,42,0,development_readout,smishing,1,0.9534791082192612,0.5605163230111331,1
review-8a9a3331b5fa55b8,LR-B,42,0,development_readout,normal,2,0.3185748763245358,0.5605163230111331,0
review-92a8bdc500ce598c,LR-B,42,0,development_readout,smishing,1,0.9345337877970676,0.5605163230111331,1
review-936c9b094a62d464,LR-B,42,0,development_readout,normal,2,0.0772879603023674,0.5605163230111331,0
review-93d84a89e42aa2d2,LR-B,42,0,development_readout,smishing,1,0.7520529507380758,0.5605163230111331,1
review-93f251b7f415320e,LR-B,42,0,development_readout,smishing,1,0.945015002118502,0.5605163230111331,1
review-9827872ee45caecd,LR-B,42,0,development_readout,smishing,1,0.6908729564461813,0.5605163230111331,1
review-982aea7aee2bfd5b,LR-B,42,0,development_readout,smishing,1,0.9318761190591036,0.5605163230111331,1
review-98f41617c328173b,LR-B,42,0,development_readout,smishing,1,0.9435050829507224,0.5605163230111331,1
review-9955e43648119f93,LR-B,42,0,development_readout,smishing,1,0.3491581212768564,0.5605163230111331,0
review-9a4ea6655a8a5a4f,LR-B,42,0,development_readout,normal,3,0.1768114126580495,0.5605163230111331,0
review-9db42b53975f21ce,LR-B,42,0,development_readout,normal,3,0.1110635620050842,0.5605163230111331,0
review-9e59560a7b1c6aa2,LR-B,42,0,development_readout,smishing,1,0.185026344316709,0.5605163230111331,0
review-a1325d40440edcad,LR-B,42,0,development_readout,normal,2,0.0798261450857704,0.5605163230111331,0
review-a17319837ff0f25f,LR-B,42,0,development_readout,smishing,1,0.9322162517122348,0.5605163230111331,1
review-a884f7c925b47633,LR-B,42,0,development_readout,smishing,1,0.749276137565544,0.5605163230111331,1
review-aa0341109ceb1209,LR-B,42,0,development_readout,normal,2,0.1212094186725603,0.5605163230111331,0
review-ac307e4a1651f014,LR-B,42,0,development_readout,smishing,3,0.0837099333578277,0.5605163230111331,0
review-b31a9429969a49d0,LR-B,42,0,development_readout,normal,2,0.1360196229822308,0.5605163230111331,0
review-b7a4aa1c4b4f5a68,LR-B,42,0,development_readout,normal,4,0.3559500478767798,0.5605163230111331,0
review-b8b4a371ec215d7c,LR-B,42,0,development_readout,normal,2,0.2851839109282067,0.5605163230111331,0
review-bb5f23238e492978,LR-B,42,0,development_readout,smishing,1,0.9291047977525724,0.5605163230111331,1
review-bf29414211fedb11,LR-B,42,0,development_readout,smishing,1,0.9498109128439394,0.5605163230111331,1
review-bf5fe000a4a8d9d5,LR-B,42,0,development_readout,smishing,1,0.3078610218279572,0.5605163230111331,0
review-c279584d5ab81989,LR-B,42,0,development_readout,smishing,1,0.7472553893897004,0.5605163230111331,1
review-c58fb60504f6d9d8,LR-B,42,0,development_readout,smishing,1,0.5013090276124609,0.5605163230111331,0
review-c68883cf7ada6886,LR-B,42,0,development_readout,smishing,1,0.7947005000584756,0.5605163230111331,1
review-c882bcd351e72aee,LR-B,42,0,development_readout,smishing,1,0.9520490932113346,0.5605163230111331,1
review-c9bef77585bdd4e8,LR-B,42,0,development_readout,smishing,1,0.5110153194645299,0.5605163230111331,0
review-c9eb20ef749cdb80,LR-B,42,0,development_readout,normal,3,0.1766603414100297,0.5605163230111331,0
review-cd10401423c3d046,LR-B,42,0,development_readout,normal,2,0.0728646269479075,0.5605163230111331,0
review-cf59c2e5933f9fa2,LR-B,42,0,development_readout,smishing,1,0.8465325527034471,0.5605163230111331,1
review-cf827f0ca2b4b9a5,LR-B,42,0,development_readout,smishing,1,0.2409967729739585,0.5605163230111331,0
review-cfc0b12d1183e034,LR-B,42,0,development_readout,normal,2,0.2887412233969771,0.5605163230111331,0
review-cfc80bc1541032df,LR-B,42,0,development_readout,smishing,1,0.9529319268622272,0.5605163230111331,1
review-d1df54b7c0853995,LR-B,42,0,development_readout,normal,3,0.0473962467423686,0.5605163230111331,0
review-d6c4551ca894cc5c,LR-B,42,0,development_readout,smishing,1,0.9290661625447972,0.5605163230111331,1
review-d870679fd6d01453,LR-B,42,0,development_readout,smishing,1,0.4643860796545427,0.5605163230111331,0
review-da5d8fa9864e211c,LR-B,42,0,development_readout,normal,2,0.0737920440112394,0.5605163230111331,0
review-db2e98df10b7ea70,LR-B,42,0,development_readout,normal,2,0.1092089841633109,0.5605163230111331,0
review-dbbbfc8d3d158c2b,LR-B,42,0,development_readout,smishing,1,0.624984731813996,0.5605163230111331,1
review-dcfd0dc2773c1fc2,LR-B,42,0,development_readout,smishing,1,0.5688814391077031,0.5605163230111331,1
review-e2fd25cde06b2e07,LR-B,42,0,development_readout,normal,3,0.093498947221252,0.5605163230111331,0
review-e597199623b7b146,LR-B,42,0,development_readout,normal,2,0.1905529934304503,0.5605163230111331,0
review-e5c8c789729e554c,LR-B,42,0,development_readout,normal,2,0.1636472441185598,0.5605163230111331,0
review-e945ebd4e9533666,LR-B,42,0,development_readout,smishing,1,0.9540741153764614,0.5605163230111331,1
review-f02182e8f70df196,LR-B,42,0,development_readout,smishing,1,0.1640782022375425,0.5605163230111331,0
review-f0f2fce9301b3378,LR-B,42,0,development_readout,normal,2,0.0593054896608912,0.5605163230111331,0
review-f296f965b5850c48,LR-B,42,0,development_readout,normal,3,0.070341967351305,0.5605163230111331,0
review-f2b62cb8a35fddc1,LR-B,42,0,development_readout,smishing,1,0.5496046153145427,0.5605163230111331,0
review-f360abb82bcec3c4,LR-B,42,0,development_readout,smishing,1,0.9184957083612107,0.5605163230111331,1
review-f6f3c364cb66f280,LR-B,42,0,development_readout,normal,2,0.0740219889349872,0.5605163230111331,0
review-f7fbd3ab7a66e194,LR-B,42,0,development_readout,normal,3,0.0904642553097438,0.5605163230111331,0
review-fcb737070b879e4f,LR-B,42,0,development_readout,normal,2,0.1090815555970622,0.5605163230111331,0
review-031c270e33784faf,LR-B,101,0,development_readout,smishing,1,0.4168736243006549,0.477291024435942,0
review-0651a6827875d503,LR-B,101,0,development_readout,smishing,1,0.9543349635027364,0.477291024435942,1
review-075ea585da5cae15,LR-B,101,0,development_readout,smishing,1,0.951568121073268,0.477291024435942,1
review-0822c98e66707747,LR-B,101,0,development_readout,normal,3,0.0924790005087297,0.477291024435942,0
review-0bc7f01b43b4a4f4,LR-B,101,0,development_readout,normal,3,0.1152657401095895,0.477291024435942,0
review-0bfbacbb2760394c,LR-B,101,0,development_readout,smishing,1,0.7068437537653006,0.477291024435942,1
review-10dcb33dda6d5472,LR-B,101,0,development_readout,smishing,1,0.9544642802032728,0.477291024435942,1
review-10f0da95f3fdd21e,LR-B,101,0,development_readout,normal,2,0.0782818243935569,0.477291024435942,0
review-143e404949a72860,LR-B,101,0,development_readout,smishing,1,0.9643603998668034,0.477291024435942,1
review-1820dec42f5ec2ca,LR-B,101,0,development_readout,smishing,1,0.7229301880028275,0.477291024435942,1
review-19d11b9f743aa049,LR-B,101,0,development_readout,smishing,1,0.6979623466412628,0.477291024435942,1
review-1a4aa7992820ca2a,LR-B,101,0,development_readout,smishing,1,0.8294978849200838,0.477291024435942,1
review-1a60e1bd37131802,LR-B,101,0,development_readout,normal,2,0.0847857728753732,0.477291024435942,0
review-1bcdb8b5e4902f77,LR-B,101,0,development_readout,normal,2,0.0768473061592038,0.477291024435942,0
review-1cb842404c1056c4,LR-B,101,0,development_readout,normal,2,0.1430236392280666,0.477291024435942,0
review-220daefcb5d386ed,LR-B,101,0,development_readout,smishing,1,0.84441536716923,0.477291024435942,1
review-2324027bc353cb29,LR-B,101,0,development_readout,smishing,1,0.8913966382828623,0.477291024435942,1
review-23e4e9eb29dd8f93,LR-B,101,0,development_readout,normal,2,0.1169577562140037,0.477291024435942,0
review-270f57eba07d36f4,LR-B,101,0,development_readout,smishing,1,0.7896102774704025,0.477291024435942,1
review-293586512b140a4e,LR-B,101,0,development_readout,smishing,1,0.5892998768935895,0.477291024435942,1
review-2d707fce0fb4702c,LR-B,101,0,development_readout,normal,2,0.1335503148279365,0.477291024435942,0
review-2d80e47aaaa42543,LR-B,101,0,development_readout,normal,2,0.3184572404077525,0.477291024435942,0
review-31a75727a167d60d,LR-B,101,0,development_readout,smishing,1,0.8713998226073779,0.477291024435942,1
review-363f281df3bd9ba4,LR-B,101,0,development_readout,normal,3,0.1051364075829131,0.477291024435942,0
review-370202b258208735,LR-B,101,0,development_readout,smishing,1,0.2225083149439256,0.477291024435942,0
review-3735a715aa425485,LR-B,101,0,development_readout,normal,2,0.2394262971535851,0.477291024435942,0
review-37962ff6cab628b9,LR-B,101,0,development_readout,smishing,1,0.4931565893809632,0.477291024435942,1
review-40617332c72b6a65,LR-B,101,0,development_readout,smishing,1,0.8547868160467923,0.477291024435942,1
review-49a272d982158787,LR-B,101,0,development_readout,smishing,1,0.4444108991715477,0.477291024435942,0
review-4bb32c9d9587eb5b,LR-B,101,0,development_readout,smishing,1,0.4752306954058459,0.477291024435942,0
review-4c45e2acc43cd09c,LR-B,101,0,development_readout,smishing,1,0.9504728655401516,0.477291024435942,1
review-50913d75a97def28,LR-B,101,0,development_readout,smishing,2,0.4976734442261943,0.477291024435942,1
review-50c65fd60929a11c,LR-B,101,0,development_readout,smishing,1,0.4452637347470735,0.477291024435942,0
review-5192f26c12526af0,LR-B,101,0,development_readout,normal,1,0.3027110944909244,0.477291024435942,0
review-5201c5937ee64b08,LR-B,101,0,development_readout,smishing,1,0.9193032596280484,0.477291024435942,1
review-53c35a92e8d9dc2a,LR-B,101,0,development_readout,normal,4,0.4540997899041111,0.477291024435942,0
review-5582aae305ae4193,LR-B,101,0,development_readout,normal,3,0.1030498464967022,0.477291024435942,0
review-55839cdd8c1c65c6,LR-B,101,0,development_readout,normal,3,0.0784406019941136,0.477291024435942,0
review-56f61182338ec612,LR-B,101,0,development_readout,smishing,1,0.8465046908640376,0.477291024435942,1
review-5c5069cca8a5add0,LR-B,101,0,development_readout,normal,3,0.2495584881180507,0.477291024435942,0
review-6036afa1a4a219c3,LR-B,101,0,development_readout,normal,2,0.0972749488288736,0.477291024435942,0
review-613647025d825449,LR-B,101,0,development_readout,normal,2,0.1504137570561734,0.477291024435942,0
review-6260263e3bc9f334,LR-B,101,0,development_readout,smishing,1,0.9535982794493264,0.477291024435942,1
review-6925d1d5c92f5e6d,LR-B,101,0,development_readout,normal,2,0.252932501454025,0.477291024435942,0
review-6c9e3e62bbb95763,LR-B,101,0,development_readout,smishing,1,0.1713035634212333,0.477291024435942,0
review-747ccc19ddd0a65f,LR-B,101,0,development_readout,normal,2,0.1343775439926582,0.477291024435942,0
review-75f8aea8c65c0cb2,LR-B,101,0,development_readout,smishing,1,0.9116503643418432,0.477291024435942,1
review-77b394cbe6e1dc4b,LR-B,101,0,development_readout,normal,2,0.3464222580634259,0.477291024435942,0
review-790151d3979b5cf2,LR-B,101,0,development_readout,normal,2,0.0650792732971837,0.477291024435942,0
review-7b9d338bf5cd4bdc,LR-B,101,0,development_readout,normal,2,0.0999298285001384,0.477291024435942,0
review-7c0605262829dbc3,LR-B,101,0,development_readout,smishing,1,0.954046647469226,0.477291024435942,1
review-8a9635c815342586,LR-B,101,0,development_readout,smishing,1,0.9518755208634664,0.477291024435942,1
review-901aa5f6d890357c,LR-B,101,0,development_readout,smishing,1,0.9163478786326242,0.477291024435942,1
review-93e39f35ad377da3,LR-B,101,0,development_readout,normal,2,0.2549999663605118,0.477291024435942,0
review-94b8ffc8b0784e28,LR-B,101,0,development_readout,normal,2,0.0622715679835457,0.477291024435942,0
review-9751bc751be6b57c,LR-B,101,0,development_readout,smishing,1,0.5110772012655568,0.477291024435942,1
review-98f9751b78a4c31e,LR-B,101,0,development_readout,normal,3,0.162059473751518,0.477291024435942,0
review-9a3f12ca280a1c8a,LR-B,101,0,development_readout,normal,3,0.42550740595379,0.477291024435942,0
review-9c94f8c84f214457,LR-B,101,0,development_readout,smishing,1,0.1653327884038026,0.477291024435942,0
review-9d4c0bc5bb2de352,LR-B,101,0,development_readout,smishing,1,0.4507539057485296,0.477291024435942,0
review-a00070320560c3ff,LR-B,101,0,development_readout,normal,1,0.6071634556083896,0.477291024435942,1
review-a3b8e31a589bfbf6,LR-B,101,0,development_readout,smishing,1,0.7284635597498147,0.477291024435942,1
review-a5c8844b07d15249,LR-B,101,0,development_readout,smishing,1,0.5122483359012853,0.477291024435942,1
review-a966f0861f64ccf4,LR-B,101,0,development_readout,smishing,1,0.2878387627010265,0.477291024435942,0
review-af3cd140e815bf14,LR-B,101,0,development_readout,normal,2,0.1415067196244593,0.477291024435942,0
review-b1335825efb8b815,LR-B,101,0,development_readout,normal,2,0.2610518049876459,0.477291024435942,0
review-b1951ff1f4366cb0,LR-B,101,0,development_readout,normal,2,0.0654059162247215,0.477291024435942,0
review-b4f3af03fab1d1b9,LR-B,101,0,development_readout,smishing,1,0.2670841422292589,0.477291024435942,0
review-b52505e7e689a4b8,LR-B,101,0,development_readout,normal,2,0.0753142685771426,0.477291024435942,0
review-b7db7bfa3479f4d7,LR-B,101,0,development_readout,normal,2,0.1673135516190213,0.477291024435942,0
review-bbe916c0a5f13c5a,LR-B,101,0,development_readout,smishing,1,0.9534696130343948,0.477291024435942,1
review-bc9e9750ed2f2246,LR-B,101,0,development_readout,normal,2,0.2816223114284395,0.477291024435942,0
review-c4368025a0827097,LR-B,101,0,development_readout,normal,2,0.1716270239490011,0.477291024435942,0
review-c68883cf7ada6886,LR-B,101,0,development_readout,smishing,1,0.8378466905682775,0.477291024435942,1
review-c7968cd6c3d1f959,LR-B,101,0,development_readout,normal,2,0.0682449553180324,0.477291024435942,0
review-cbbc72e510f286e3,LR-B,101,0,development_readout,smishing,1,0.96298467932506,0.477291024435942,1
review-d17c9fec5ba94c27,LR-B,101,0,development_readout,smishing,1,0.692381164030061,0.477291024435942,1
review-d1ba629d1b0c0386,LR-B,101,0,development_readout,smishing,4,0.1041678948315024,0.477291024435942,0
review-d299ebb8c45a2f94,LR-B,101,0,development_readout,smishing,4,0.2774630996538997,0.477291024435942,0
review-e58d1b3575c7e041,LR-B,101,0,development_readout,smishing,1,0.8743122801472369,0.477291024435942,1
review-e5c8c789729e554c,LR-B,101,0,development_readout,normal,2,0.1418648421562396,0.477291024435942,0
review-eb5bbbe4e99a6f72,LR-B,101,0,development_readout,normal,2,0.1090963567909501,0.477291024435942,0
review-ecc7155e591dec16,LR-B,101,0,development_readout,smishing,1,0.5229307316118551,0.477291024435942,1
review-f02182e8f70df196,LR-B,101,0,development_readout,smishing,1,0.2326104678394778,0.477291024435942,0
review-f6f3c364cb66f280,LR-B,101,0,development_readout,normal,2,0.0812668020971873,0.477291024435942,0
review-fcb737070b879e4f,LR-B,101,0,development_readout,normal,2,0.1096390182706404,0.477291024435942,0
review-fdc12fa3cc3d98a8,LR-B,101,0,development_readout,smishing,1,0.9502372196074124,0.477291024435942,1
review-fe1822167edb9625,LR-B,101,0,development_readout,normal,2,0.1702492742938574,0.477291024435942,0
review-0191505287bc42c3,LR-B,202,0,development_readout,normal,2,0.0890233051746913,0.5449457075446903,0
review-01daae558c8120c5,LR-B,202,0,development_readout,normal,2,0.0918303372496171,0.5449457075446903,0
review-09f8a52a643bde75,LR-B,202,0,development_readout,normal,2,0.1515030200412924,0.5449457075446903,0
review-0c756099e821ef26,LR-B,202,0,development_readout,smishing,1,0.2131440690964704,0.5449457075446903,0
review-0ce89002b27ae13e,LR-B,202,0,development_readout,normal,2,0.1246882176026282,0.5449457075446903,0
review-0e9363ce9bcb57c2,LR-B,202,0,development_readout,smishing,1,0.5760579279809144,0.5449457075446903,1
review-17bb16430527761d,LR-B,202,0,development_readout,smishing,1,0.280748248780667,0.5449457075446903,0
review-1a60e1bd37131802,LR-B,202,0,development_readout,normal,2,0.0960149360397886,0.5449457075446903,0
review-1bcdb8b5e4902f77,LR-B,202,0,development_readout,normal,2,0.0774625374415586,0.5449457075446903,0
review-220daefcb5d386ed,LR-B,202,0,development_readout,smishing,1,0.8542784998944322,0.5449457075446903,1
review-23e4e9eb29dd8f93,LR-B,202,0,development_readout,normal,2,0.1229561632485529,0.5449457075446903,0
review-2d707fce0fb4702c,LR-B,202,0,development_readout,normal,2,0.154464259986542,0.5449457075446903,0
review-2d80e47aaaa42543,LR-B,202,0,development_readout,normal,2,0.3123970925777781,0.5449457075446903,0
review-2dd7b92c08e4f5c4,LR-B,202,0,development_readout,normal,3,0.1552491434832306,0.5449457075446903,0
review-30c664d1fb0416d2,LR-B,202,0,development_readout,normal,3,0.0830373398015374,0.5449457075446903,0
review-30e3bf5a7666c842,LR-B,202,0,development_readout,smishing,1,0.716878558170713,0.5449457075446903,1
review-31a75727a167d60d,LR-B,202,0,development_readout,smishing,1,0.8553552183257939,0.5449457075446903,1
review-363f281df3bd9ba4,LR-B,202,0,development_readout,normal,3,0.0987371667704648,0.5449457075446903,0
review-364329807a65a090,LR-B,202,0,development_readout,smishing,1,0.556461634251808,0.5449457075446903,1
review-3aa78c267ab21f05,LR-B,202,0,development_readout,smishing,2,0.2179162223845344,0.5449457075446903,0
review-3b5a82f01656ae5e,LR-B,202,0,development_readout,normal,3,0.0440027719834415,0.5449457075446903,0
review-4034e1976e7caf3d,LR-B,202,0,development_readout,normal,2,0.0714478336980723,0.5449457075446903,0
review-40617332c72b6a65,LR-B,202,0,development_readout,smishing,1,0.8555404098804396,0.5449457075446903,1
review-41e7242cf53f7aec,LR-B,202,0,development_readout,normal,3,0.1745004153949603,0.5449457075446903,0
review-49db2f3969f4dab7,LR-B,202,0,development_readout,normal,3,0.0875368617102574,0.5449457075446903,0
review-4aafcfede478ed2e,LR-B,202,0,development_readout,smishing,1,0.7811636259466718,0.5449457075446903,1
review-4c7db89388133c66,LR-B,202,0,development_readout,normal,2,0.0947988916483165,0.5449457075446903,0
review-5351da806d5c8862,LR-B,202,0,development_readout,normal,2,0.1976378376511499,0.5449457075446903,0
review-573127865357f88a,LR-B,202,0,development_readout,normal,2,0.0814701766705444,0.5449457075446903,0
review-588539dd497a5994,LR-B,202,0,development_readout,smishing,1,0.5839938175515899,0.5449457075446903,1
review-5a7aed2fa9914ccd,LR-B,202,0,development_readout,normal,2,0.1720524426996911,0.5449457075446903,0
review-5b38287421b21063,LR-B,202,0,development_readout,normal,2,0.2822589109015082,0.5449457075446903,0
review-613647025d825449,LR-B,202,0,development_readout,normal,2,0.2067671667429508,0.5449457075446903,0
review-6521774e33af014d,LR-B,202,0,development_readout,normal,2,0.1903653568275789,0.5449457075446903,0
review-6742e699b2c19637,LR-B,202,0,development_readout,smishing,4,0.1316958377632265,0.5449457075446903,0
review-6c9e3e62bbb95763,LR-B,202,0,development_readout,smishing,1,0.181875875887235,0.5449457075446903,0
review-6e51f1a0ccb981e6,LR-B,202,0,development_readout,smishing,1,0.7887623810670191,0.5449457075446903,1
review-747ccc19ddd0a65f,LR-B,202,0,development_readout,normal,2,0.12808527833091,0.5449457075446903,0
review-7494a9906bb71039,LR-B,202,0,development_readout,normal,1,0.1160373466705634,0.5449457075446903,0
review-75ab06f0d698d679,LR-B,202,0,development_readout,smishing,1,0.3895018506555699,0.5449457075446903,0
review-790151d3979b5cf2,LR-B,202,0,development_readout,normal,2,0.0661291651724725,0.5449457075446903,0
review-7cbff1d715e4b2f0,LR-B,202,0,development_readout,normal,3,0.2374835872205658,0.5449457075446903,0
review-7d4271562f20ae7d,LR-B,202,0,development_readout,normal,3,0.0959945357889831,0.5449457075446903,0
review-8408e233d5c05195,LR-B,202,0,development_readout,normal,2,0.0932246588017004,0.5449457075446903,0
review-87ca5145bb1464ea,LR-B,202,0,development_readout,normal,3,0.0819208820517383,0.5449457075446903,0
review-97eb58f77becd57e,LR-B,202,0,development_readout,normal,2,0.1887492746202876,0.5449457075446903,0
review-9955e43648119f93,LR-B,202,0,development_readout,smishing,1,0.4201794231574478,0.5449457075446903,0
review-9c94f8c84f214457,LR-B,202,0,development_readout,smishing,1,0.1615650016772106,0.5449457075446903,0
review-9dcbf9222596e8de,LR-B,202,0,development_readout,normal,4,0.3264945708364958,0.5449457075446903,0
review-a1c208b7e2a31834,LR-B,202,0,development_readout,smishing,1,0.3706106682498701,0.5449457075446903,0
review-acfda6dedbd0ac44,LR-B,202,0,development_readout,normal,2,0.1339298071873213,0.5449457075446903,0
review-b1951ff1f4366cb0,LR-B,202,0,development_readout,normal,2,0.0617240549475745,0.5449457075446903,0
review-b31a9429969a49d0,LR-B,202,0,development_readout,normal,2,0.1691900515116695,0.5449457075446903,0
review-b354a4224eb298ed,LR-B,202,0,development_readout,smishing,1,0.8087956219923796,0.5449457075446903,1
review-b4a140a400dd0bd4,LR-B,202,0,development_readout,smishing,1,0.716191820283587,0.5449457075446903,1
review-b716d55654e9e174,LR-B,202,0,development_readout,normal,2,0.0645240378022094,0.5449457075446903,0
review-b7a4aa1c4b4f5a68,LR-B,202,0,development_readout,normal,4,0.3126386557833502,0.5449457075446903,0
review-bc64860bdda53d26,LR-B,202,0,development_readout,normal,2,0.1131270960258513,0.5449457075446903,0
review-bc694d6c09671509,LR-B,202,0,development_readout,normal,2,0.2100627869330518,0.5449457075446903,0
review-c58fb60504f6d9d8,LR-B,202,0,development_readout,smishing,1,0.5716284300471335,0.5449457075446903,1
review-c9bef77585bdd4e8,LR-B,202,0,development_readout,smishing,1,0.582805674962707,0.5449457075446903,1
review-c9eb20ef749cdb80,LR-B,202,0,development_readout,normal,3,0.1692690384654154,0.5449457075446903,0
review-cbbc72e510f286e3,LR-B,202,0,development_readout,smishing,1,0.9697130768491496,0.5449457075446903,1
review-cd10401423c3d046,LR-B,202,0,development_readout,normal,2,0.0838607797386967,0.5449457075446903,0
review-d23755346e397e0d,LR-B,202,0,development_readout,normal,2,0.080086296001696,0.5449457075446903,0
review-d27b1f741c6ce442,LR-B,202,0,development_readout,normal,2,0.0867546051881222,0.5449457075446903,0
review-d299ebb8c45a2f94,LR-B,202,0,development_readout,smishing,4,0.2484304420532394,0.5449457075446903,0
review-d3b4daac66058960,LR-B,202,0,development_readout,normal,3,0.0990952172441734,0.5449457075446903,0
review-d6877eb437269499,LR-B,202,0,development_readout,normal,2,0.147822835441408,0.5449457075446903,0
review-de8af5907865c3e9,LR-B,202,0,development_readout,smishing,1,0.435442424757396,0.5449457075446903,0
review-e0ac9753946feca9,LR-B,202,0,development_readout,smishing,4,0.3720464675422834,0.5449457075446903,0
review-e597199623b7b146,LR-B,202,0,development_readout,normal,2,0.1759755428371203,0.5449457075446903,0
review-ed79a40573a23e85,LR-B,202,0,development_readout,normal,3,0.150707311940364,0.5449457075446903,0
review-f7fbd3ab7a66e194,LR-B,202,0,development_readout,normal,3,0.1042684742051282,0.5449457075446903,0
review-fd55ea1d04c7fc3b,LR-B,202,0,development_readout,normal,3,0.0251563711997117,0.5449457075446903,0
review-fdc12fa3cc3d98a8,LR-B,202,0,development_readout,smishing,1,0.9554070658211306,0.5449457075446903,1
review-ff1ff6c1bdbeaee2,LR-B,202,0,development_readout,normal,2,0.0987868685978681,0.5449457075446903,0
review-0056707322867f9e,LR-B,303,0,development_readout,normal,2,0.0464919933300089,0.5929532947835429,0
review-019e598ca75a2604,LR-B,303,0,development_readout,normal,2,0.0604430059219487,0.5929532947835429,0
review-05ba384c6ab030f1,LR-B,303,0,development_readout,normal,2,0.2719828163681275,0.5929532947835429,0
review-06613e1d63363778,LR-B,303,0,development_readout,normal,2,0.0796890623234803,0.5929532947835429,0
review-09dc7d3fa6246119,LR-B,303,0,development_readout,normal,2,0.1276505332021812,0.5929532947835429,0
review-0ddce31c46b4331c,LR-B,303,0,development_readout,normal,3,0.0892661012731384,0.5929532947835429,0
review-0f5e5787e2464fe3,LR-B,303,0,development_readout,smishing,1,0.9488561591747232,0.5929532947835429,1
review-131ed5d9023fe8e1,LR-B,303,0,development_readout,normal,3,0.097701653318388,0.5929532947835429,0
review-13e7350b6f9c843d,LR-B,303,0,development_readout,smishing,1,0.1607650993110985,0.5929532947835429,0
review-1502532d7fb02e2b,LR-B,303,0,development_readout,smishing,1,0.3342763363338368,0.5929532947835429,0
review-1538fa93f259c264,LR-B,303,0,development_readout,normal,2,0.1742851508325458,0.5929532947835429,0
review-17bb16430527761d,LR-B,303,0,development_readout,smishing,1,0.2582249833132897,0.5929532947835429,0
review-1cb842404c1056c4,LR-B,303,0,development_readout,normal,2,0.1843028370783749,0.5929532947835429,0
review-2579df062aafc741,LR-B,303,0,development_readout,smishing,1,0.5911038282013364,0.5929532947835429,0
review-322a0c915a6dca98,LR-B,303,0,development_readout,smishing,1,0.5026699518633628,0.5929532947835429,0
review-36c6682493394c5a,LR-B,303,0,development_readout,smishing,1,0.797665914707802,0.5929532947835429,1
review-37962ff6cab628b9,LR-B,303,0,development_readout,smishing,1,0.3963348104657734,0.5929532947835429,0
review-3a3a0c9003eb78d2,LR-B,303,0,development_readout,normal,2,0.2529693816986116,0.5929532947835429,0
review-3b23a85b0e54e4e2,LR-B,303,0,development_readout,normal,2,0.070677108540513,0.5929532947835429,0
review-3b5e9306ce7f16f6,LR-B,303,0,development_readout,normal,2,0.0977360714680914,0.5929532947835429,0
review-40e531a989b5b832,LR-B,303,0,development_readout,smishing,1,0.5089024051258987,0.5929532947835429,0
review-40eb85d72dbb3fa3,LR-B,303,0,development_readout,smishing,1,0.942918368841572,0.5929532947835429,1
review-40f65d491fbb6c91,LR-B,303,0,development_readout,smishing,1,0.5331939825025215,0.5929532947835429,0
review-49a272d982158787,LR-B,303,0,development_readout,smishing,1,0.4918623496239213,0.5929532947835429,0
review-4a5f226471e5edaf,LR-B,303,0,development_readout,smishing,1,0.8751026933338496,0.5929532947835429,1
review-4b0f3b3c6f3029e0,LR-B,303,0,development_readout,smishing,1,0.9453166154426244,0.5929532947835429,1
review-4cbabc8906c81322,LR-B,303,0,development_readout,smishing,1,0.9419201092181572,0.5929532947835429,1
review-545d35ba143011e5,LR-B,303,0,development_readout,normal,2,0.0573426559001337,0.5929532947835429,0
review-6036afa1a4a219c3,LR-B,303,0,development_readout,normal,2,0.0962641543495498,0.5929532947835429,0
review-6742e699b2c19637,LR-B,303,0,development_readout,smishing,4,0.1324900751444357,0.5929532947835429,0
review-6a3da5bb1cbb35c3,LR-B,303,0,development_readout,smishing,1,0.6746429271904637,0.5929532947835429,1
review-6c7372dc6724ef49,LR-B,303,0,development_readout,normal,2,0.0919968016218062,0.5929532947835429,0
review-6e51f1a0ccb981e6,LR-B,303,0,development_readout,smishing,1,0.7504443736318466,0.5929532947835429,1
review-7e4208c3a8d81d5e,LR-B,303,0,development_readout,normal,2,0.1927195942800072,0.5929532947835429,0
review-8c3afec16f00c8ea,LR-B,303,0,development_readout,normal,2,0.0966885202209179,0.5929532947835429,0
review-8f7e5118fc4a9d93,LR-B,303,0,development_readout,smishing,1,0.9538501961371636,0.5929532947835429,1
review-93f251b7f415320e,LR-B,303,0,development_readout,smishing,1,0.94728103376895,0.5929532947835429,1
review-9440c7b20214abb9,LR-B,303,0,development_readout,smishing,1,0.8732934611175204,0.5929532947835429,1
review-95c15e2125e8158e,LR-B,303,0,development_readout,smishing,1,0.684672647497455,0.5929532947835429,1
review-97dbf9fb83d5fd0a,LR-B,303,0,development_readout,normal,2,0.1479841115407366,0.5929532947835429,0
review-9ad68457d5c5ddfe,LR-B,303,0,development_readout,smishing,1,0.6297208918252705,0.5929532947835429,1
review-9ca002eef5fabf4c,LR-B,303,0,development_readout,normal,2,0.0738587842268612,0.5929532947835429,0
review-9e59560a7b1c6aa2,LR-B,303,0,development_readout,smishing,1,0.1475099470650647,0.5929532947835429,0
review-aa0341109ceb1209,LR-B,303,0,development_readout,normal,2,0.1154814067081095,0.5929532947835429,0
review-b0d0b31ce42bff6d,LR-B,303,0,development_readout,smishing,1,0.0858350001923396,0.5929532947835429,0
review-b495dcabfdc9e6bb,LR-B,303,0,development_readout,smishing,1,0.2984865253962245,0.5929532947835429,0
review-bbb9c61301495984,LR-B,303,0,development_readout,smishing,1,0.8810340477979672,0.5929532947835429,1
review-bc64860bdda53d26,LR-B,303,0,development_readout,normal,2,0.0923174434660404,0.5929532947835429,0
review-bc805b9a7fefb4c4,LR-B,303,0,development_readout,smishing,1,0.5765720592823057,0.5929532947835429,0
review-bcc4f27e08342914,LR-B,303,0,development_readout,smishing,1,0.5852451252237336,0.5929532947835429,0
review-c3157c09e695c3c5,LR-B,303,0,development_readout,normal,3,0.1197746057702595,0.5929532947835429,0
review-cbbc72e510f286e3,LR-B,303,0,development_readout,smishing,1,0.9627850895812744,0.5929532947835429,1
review-d1ba629d1b0c0386,LR-B,303,0,development_readout,smishing,4,0.1008375455582878,0.5929532947835429,0
review-d6877eb437269499,LR-B,303,0,development_readout,normal,2,0.1368119327277177,0.5929532947835429,0
review-da0a87e60e534a8c,LR-B,303,0,development_readout,normal,2,0.0505916589138528,0.5929532947835429,0
review-dc7c7acfd6e2db79,LR-B,303,0,development_readout,normal,1,0.5174854453947444,0.5929532947835429,0
review-e384094846a41b50,LR-B,303,0,development_readout,smishing,1,0.8326102587284855,0.5929532947835429,1
review-e4dca6a839df1435,LR-B,303,0,development_readout,normal,2,0.098234167947052,0.5929532947835429,0
review-e597199623b7b146,LR-B,303,0,development_readout,normal,2,0.1859300510808784,0.5929532947835429,0
review-e5c8c789729e554c,LR-B,303,0,development_readout,normal,2,0.1539172802270952,0.5929532947835429,0
review-e9f675e3299ddb73,LR-B,303,0,development_readout,normal,2,0.2394312891921502,0.5929532947835429,0
review-ec018bdef14b4dce,LR-B,303,0,development_readout,smishing,1,0.9481558287591104,0.5929532947835429,1
review-ed9460d363c32a66,LR-B,303,0,development_readout,normal,2,0.1091729702372763,0.5929532947835429,0
review-ee314103593cc397,LR-B,303,0,development_readout,smishing,1,0.139377677199736,0.5929532947835429,0
review-f0f2fce9301b3378,LR-B,303,0,development_readout,normal,2,0.0702316927591253,0.5929532947835429,0
review-f2b62cb8a35fddc1,LR-B,303,0,development_readout,smishing,1,0.6648798831274361,0.5929532947835429,1
review-f44ca51cbbeda00a,LR-B,303,0,development_readout,smishing,1,0.9484372751958728,0.5929532947835429,1
review-f6f3c364cb66f280,LR-B,303,0,development_readout,normal,2,0.0876330629821089,0.5929532947835429,0
review-f7a215d9e903b41d,LR-B,303,0,development_readout,smishing,1,0.5144181663067067,0.5929532947835429,0
review-fd0999fd546bfed8,LR-B,303,0,development_readout,smishing,1,0.9476768236321036,0.5929532947835429,1
review-fdc12fa3cc3d98a8,LR-B,303,0,development_readout,smishing,1,0.951036143798257,0.5929532947835429,1
review-014f431cdb07954a,LR-B,404,0,development_readout,smishing,1,0.1874086938698246,0.4075668402934984,0
review-07c0fb876beabf4b,LR-B,404,0,development_readout,smishing,2,0.4460741774066235,0.4075668402934984,1
review-09dc7d3fa6246119,LR-B,404,0,development_readout,normal,2,0.1174272271004047,0.4075668402934984,0
review-0bc7f01b43b4a4f4,LR-B,404,0,development_readout,normal,3,0.1070774279916745,0.4075668402934984,0
review-0cf62fd6142f6cb4,LR-B,404,0,development_readout,smishing,1,0.8044564479160593,0.4075668402934984,1
review-0f7f12381c38278e,LR-B,404,0,development_readout,normal,3,0.0938755444928846,0.4075668402934984,0
review-105735240253acfe,LR-B,404,0,development_readout,smishing,1,0.5958774084966858,0.4075668402934984,1
review-10e329e8873017e2,LR-B,404,0,development_readout,smishing,1,0.5465488980209544,0.4075668402934984,1
review-12aedba2ef212671,LR-B,404,0,development_readout,smishing,1,0.9603299338176956,0.4075668402934984,1
review-1538fa93f259c264,LR-B,404,0,development_readout,normal,2,0.1701755416752794,0.4075668402934984,0
review-17bb16430527761d,LR-B,404,0,development_readout,smishing,1,0.2233421175546547,0.4075668402934984,0
review-19cc4ce8b1dbe415,LR-B,404,0,development_readout,smishing,2,0.2112706226885645,0.4075668402934984,0
review-1a4aa7992820ca2a,LR-B,404,0,development_readout,smishing,1,0.8165918080978757,0.4075668402934984,1
review-1bee5d35c3ae9550,LR-B,404,0,development_readout,smishing,1,0.390621833427011,0.4075668402934984,0
review-1c32fedd4b32dd06,LR-B,404,0,development_readout,normal,3,0.052679986376665,0.4075668402934984,0
review-1c42c25c32f5bd82,LR-B,404,0,development_readout,smishing,1,0.9346583154852846,0.4075668402934984,1
review-1e479c4a302f356c,LR-B,404,0,development_readout,smishing,1,0.2249391162480424,0.4075668402934984,0
review-25104a7eec1f7831,LR-B,404,0,development_readout,smishing,1,0.5045959955917325,0.4075668402934984,1
review-266fac2cf4f9a2fe,LR-B,404,0,development_readout,smishing,1,0.9218337562710236,0.4075668402934984,1
review-2705653809f7ad8f,LR-B,404,0,development_readout,normal,2,0.1591139619082241,0.4075668402934984,0
review-2769abe8fc6ffd87,LR-B,404,0,development_readout,normal,3,0.1073633581626887,0.4075668402934984,0
review-293586512b140a4e,LR-B,404,0,development_readout,smishing,1,0.3976914292594755,0.4075668402934984,0
review-2dcd34cb42910200,LR-B,404,0,development_readout,smishing,1,0.5081288048931095,0.4075668402934984,1
review-31a75727a167d60d,LR-B,404,0,development_readout,smishing,1,0.8022533142522018,0.4075668402934984,1
review-3423b715646fd583,LR-B,404,0,development_readout,smishing,1,0.9618561496037308,0.4075668402934984,1
review-363f281df3bd9ba4,LR-B,404,0,development_readout,normal,3,0.1032492748250625,0.4075668402934984,0
review-364329807a65a090,LR-B,404,0,development_readout,smishing,1,0.453443036490151,0.4075668402934984,1
review-39a836fe3d87fa33,LR-B,404,0,development_readout,normal,2,0.0784358929243616,0.4075668402934984,0
review-39e0fa05577bfbae,LR-B,404,0,development_readout,smishing,1,0.9596848763099906,0.4075668402934984,1
review-3b5e9306ce7f16f6,LR-B,404,0,development_readout,normal,2,0.0963033723093226,0.4075668402934984,0
review-3c542b2889f7ee41,LR-B,404,0,development_readout,smishing,1,0.9594852402135408,0.4075668402934984,1
review-40f65d491fbb6c91,LR-B,404,0,development_readout,smishing,1,0.5557932873254557,0.4075668402934984,1
review-46f3555593434e8a,LR-B,404,0,development_readout,smishing,1,0.959345691585038,0.4075668402934984,1
review-50c65fd60929a11c,LR-B,404,0,development_readout,smishing,1,0.5068646870767668,0.4075668402934984,1
review-5176dde30e249277,LR-B,404,0,development_readout,normal,2,0.096646681450889,0.4075668402934984,0
review-5201c5937ee64b08,LR-B,404,0,development_readout,smishing,1,0.9186393097996002,0.4075668402934984,1
review-563b94c3e75e8c6d,LR-B,404,0,development_readout,smishing,1,0.1114050661567958,0.4075668402934984,0
review-5784e41a45931326,LR-B,404,0,development_readout,smishing,1,0.2950238516558884,0.4075668402934984,0
review-5a021883af9f96ea,LR-B,404,0,development_readout,normal,3,0.0906201256953721,0.4075668402934984,0
review-5a49e43857a6f8f0,LR-B,404,0,development_readout,smishing,1,0.2018763730850389,0.4075668402934984,0
review-5bd99d54544ce7e3,LR-B,404,0,development_readout,normal,3,0.139842461550531,0.4075668402934984,0
review-5c8fb855522635b0,LR-B,404,0,development_readout,normal,2,0.0779382411552292,0.4075668402934984,0
review-613647025d825449,LR-B,404,0,development_readout,normal,2,0.1270769515671442,0.4075668402934984,0
review-6521774e33af014d,LR-B,404,0,development_readout,normal,2,0.1698665073680799,0.4075668402934984,0
review-66ef57282af71d4f,LR-B,404,0,development_readout,normal,2,0.1002023225922966,0.4075668402934984,0
review-6925d1d5c92f5e6d,LR-B,404,0,development_readout,normal,2,0.2592999902103954,0.4075668402934984,0
review-6938cc7e883cfae5,LR-B,404,0,development_readout,smishing,1,0.1868284422697532,0.4075668402934984,0
review-6e51f1a0ccb981e6,LR-B,404,0,development_readout,smishing,1,0.7587371567550781,0.4075668402934984,1
review-6ee455a4c31c9039,LR-B,404,0,development_readout,normal,2,0.1150880605908946,0.4075668402934984,0
review-76a47d926f91413e,LR-B,404,0,development_readout,normal,2,0.0789128661472891,0.4075668402934984,0
review-7bc2e45e3ffc6c78,LR-B,404,0,development_readout,normal,2,0.3353428577471105,0.4075668402934984,0
review-833c087c0ab5f903,LR-B,404,0,development_readout,smishing,1,0.4111031225633813,0.4075668402934984,1
review-8858113ca39c4a08,LR-B,404,0,development_readout,smishing,1,0.7995706983587002,0.4075668402934984,1
review-8f6994cbd2075acd,LR-B,404,0,development_readout,smishing,1,0.4729726720162577,0.4075668402934984,1
review-93e39f35ad377da3,LR-B,404,0,development_readout,normal,2,0.1874061219119751,0.4075668402934984,0
review-94b8ffc8b0784e28,LR-B,404,0,development_readout,normal,2,0.0591296981202143,0.4075668402934984,0
review-96be0a4e61349470,LR-B,404,0,development_readout,smishing,1,0.7917675557871402,0.4075668402934984,1
review-9762bd209b88d2ac,LR-B,404,0,development_readout,smishing,1,0.7690867101569208,0.4075668402934984,1
review-9833d3f3d2c07833,LR-B,404,0,development_readout,smishing,1,0.9290141532442524,0.4075668402934984,1
review-99553665d7fa8d60,LR-B,404,0,development_readout,normal,2,0.0895335805582576,0.4075668402934984,0
review-9955e43648119f93,LR-B,404,0,development_readout,smishing,1,0.3502252143157766,0.4075668402934984,0
review-9a3f12ca280a1c8a,LR-B,404,0,development_readout,normal,3,0.3218833096539522,0.4075668402934984,0
review-9c83743cb64ceb5e,LR-B,404,0,development_readout,normal,2,0.3334393111779199,0.4075668402934984,0
review-a1b685810c820047,LR-B,404,0,development_readout,smishing,1,0.9582268742374463,0.4075668402934984,1
review-a966f0861f64ccf4,LR-B,404,0,development_readout,smishing,1,0.3361215444115259,0.4075668402934984,0
review-ac307e4a1651f014,LR-B,404,0,development_readout,smishing,3,0.1091696469003602,0.4075668402934984,0
review-ad512146de7da940,LR-B,404,0,development_readout,smishing,1,0.6984358006966086,0.4075668402934984,1
review-b1951ff1f4366cb0,LR-B,404,0,development_readout,normal,2,0.0706487698938014,0.4075668402934984,0
review-b31a9429969a49d0,LR-B,404,0,development_readout,normal,2,0.1429954331316015,0.4075668402934984,0
review-b7a4aa1c4b4f5a68,LR-B,404,0,development_readout,normal,4,0.3156656954643678,0.4075668402934984,0
review-bc5e0069bbad7d67,LR-B,404,0,development_readout,normal,2,0.2809485282626455,0.4075668402934984,0
review-bc694d6c09671509,LR-B,404,0,development_readout,normal,2,0.219635682971268,0.4075668402934984,0
review-bc805b9a7fefb4c4,LR-B,404,0,development_readout,smishing,1,0.4820550309461159,0.4075668402934984,1
review-bfec2c5d687b5e5a,LR-B,404,0,development_readout,normal,2,0.1971786636734835,0.4075668402934984,0
review-c2b11fa0a2c3336f,LR-B,404,0,development_readout,normal,2,0.0900523547270718,0.4075668402934984,0
review-c58fb60504f6d9d8,LR-B,404,0,development_readout,smishing,1,0.5764262548554626,0.4075668402934984,1
review-c9bef77585bdd4e8,LR-B,404,0,development_readout,smishing,1,0.5870398644578245,0.4075668402934984,1
review-ca722d1baa37caa6,LR-B,404,0,development_readout,smishing,1,0.9599878997040346,0.4075668402934984,1
review-cb32573abbb83f9f,LR-B,404,0,development_readout,smishing,1,0.9617233701906884,0.4075668402934984,1
review-cf827f0ca2b4b9a5,LR-B,404,0,development_readout,smishing,1,0.2188740147806573,0.4075668402934984,0
review-d23755346e397e0d,LR-B,404,0,development_readout,normal,2,0.0725423128272096,0.4075668402934984,0
review-d299ebb8c45a2f94,LR-B,404,0,development_readout,smishing,4,0.2836079608403754,0.4075668402934984,0
review-d29c44ff7ec787ac,LR-B,404,0,development_readout,normal,3,0.1278446024638223,0.4075668402934984,0
review-d4f84d432e0d6d48,LR-B,404,0,development_readout,normal,2,0.1035539289546687,0.4075668402934984,0
review-d51050ea94555e33,LR-B,404,0,development_readout,normal,2,0.077912657063692,0.4075668402934984,0
review-d7a5aa91a1e9ef4b,LR-B,404,0,development_readout,normal,3,0.1020367072543886,0.4075668402934984,0
review-d885dde988ff81fc,LR-B,404,0,development_readout,smishing,1,0.6603639775583,0.4075668402934984,1
review-dc7c7acfd6e2db79,LR-B,404,0,development_readout,normal,1,0.4783720820699211,0.4075668402934984,1
review-dd797ac5b4317bd3,LR-B,404,0,development_readout,smishing,1,0.9339021531767688,0.4075668402934984,1
review-e058b93119484125,LR-B,404,0,development_readout,smishing,1,0.950669994641675,0.4075668402934984,1
review-e0a264aecc7ee1b0,LR-B,404,0,development_readout,normal,2,0.2675357789507801,0.4075668402934984,0
review-e432c718725ac7ae,LR-B,404,0,development_readout,normal,2,0.182013284208635,0.4075668402934984,0
review-e511d7b76f480bc7,LR-B,404,0,development_readout,smishing,1,0.9601838695311417,0.4075668402934984,1
review-e736bb0c132d2dc8,LR-B,404,0,development_readout,smishing,1,0.4103761564326458,0.4075668402934984,1
review-ed79a40573a23e85,LR-B,404,0,development_readout,normal,3,0.1201526225041221,0.4075668402934984,0
review-ed9460d363c32a66,LR-B,404,0,development_readout,normal,2,0.0922363871597353,0.4075668402934984,0
review-edccbb4371a90711,LR-B,404,0,development_readout,smishing,1,0.9330355521785292,0.4075668402934984,1
review-f9b9a4279458f732,LR-B,404,0,development_readout,smishing,1,0.8022223494117672,0.4075668402934984,1
review-fd4a4694d748b8f1,LR-B,404,0,development_readout,smishing,1,0.233477831552677,0.4075668402934984,0
review-ff1ff6c1bdbeaee2,LR-B,404,0,development_readout,normal,2,0.0923410533077256,0.4075668402934984,0
review-ff57873bcca80e84,LR-B,404,0,development_readout,smishing,1,0.71441536701185,0.4075668402934984,1
review-ff61b33b22cf09db,LR-B,404,0,development_readout,smishing,1,0.3676295396491513,0.4075668402934984,0
review-0056707322867f9e,LR-C,42,0,development_readout,normal,2,0.0514860654530323,0.555510983941913,0
review-01daae558c8120c5,LR-C,42,0,development_readout,normal,2,0.1368817654441479,0.555510983941913,0
review-0364c25d14e8bb7d,LR-C,42,0,development_readout,smishing,1,0.9438482108412236,0.555510983941913,1
review-0651a6827875d503,LR-C,42,0,development_readout,smishing,1,0.9441928505797073,0.555510983941913,1
review-075ea585da5cae15,LR-C,42,0,development_readout,smishing,1,0.9408915603027987,0.555510983941913,1
review-0c756099e821ef26,LR-C,42,0,development_readout,smishing,1,0.3540265011188547,0.555510983941913,0
review-10dcb33dda6d5472,LR-C,42,0,development_readout,smishing,1,0.945884533588062,0.555510983941913,1
review-143e404949a72860,LR-C,42,0,development_readout,smishing,1,0.944533793347754,0.555510983941913,1
review-1538fa93f259c264,LR-C,42,0,development_readout,normal,2,0.2402630595228392,0.555510983941913,0
review-17bb16430527761d,LR-C,42,0,development_readout,smishing,1,0.4615307293220318,0.555510983941913,0
review-1b29308cb4906d02,LR-C,42,0,development_readout,smishing,1,0.9171397192871584,0.555510983941913,1
review-1f07a8c7cd26df2c,LR-C,42,0,development_readout,normal,2,0.11800196207573,0.555510983941913,0
review-220daefcb5d386ed,LR-C,42,0,development_readout,smishing,1,0.856133186299882,0.555510983941913,1
review-25104a7eec1f7831,LR-C,42,0,development_readout,smishing,1,0.8032606968061217,0.555510983941913,1
review-2579df062aafc741,LR-C,42,0,development_readout,smishing,1,0.5282581653631451,0.555510983941913,0
review-260a39866b3feb51,LR-C,42,0,development_readout,normal,2,0.1010811243681786,0.555510983941913,0
review-27c93b924b9803a0,LR-C,42,0,development_readout,smishing,1,0.8581180315148983,0.555510983941913,1
review-3398cc98a1b87648,LR-C,42,0,development_readout,smishing,1,0.7531127360430271,0.555510983941913,1
review-344682f2618ba8f9,LR-C,42,0,development_readout,normal,2,0.2330238989978111,0.555510983941913,0
review-34c4c16cb5ea9aaf,LR-C,42,0,development_readout,smishing,1,0.9401432648103653,0.555510983941913,1
review-364329807a65a090,LR-C,42,0,development_readout,smishing,1,0.5712761230170683,0.555510983941913,1
review-37962ff6cab628b9,LR-C,42,0,development_readout,smishing,1,0.7703576058654616,0.555510983941913,1
review-37bb8af10a6775e3,LR-C,42,0,development_readout,smishing,2,0.5920520111319193,0.555510983941913,1
review-39e0fa05577bfbae,LR-C,42,0,development_readout,smishing,1,0.9450107846528047,0.555510983941913,1
review-3a343dbd60efe3c5,LR-C,42,0,development_readout,normal,3,0.1140178815221503,0.555510983941913,0
review-3a3a0c9003eb78d2,LR-C,42,0,development_readout,normal,2,0.2850076617737404,0.555510983941913,0
review-3b5a82f01656ae5e,LR-C,42,0,development_readout,normal,3,0.0804836589061125,0.555510983941913,0
review-3c6ae33a89ac17a5,LR-C,42,0,development_readout,smishing,1,0.932760946744446,0.555510983941913,1
review-40617332c72b6a65,LR-C,42,0,development_readout,smishing,1,0.8497280083614375,0.555510983941913,1
review-40f65d491fbb6c91,LR-C,42,0,development_readout,smishing,1,0.7350554450455371,0.555510983941913,1
review-417d1a94491a5069,LR-C,42,0,development_readout,normal,3,0.0962832159153372,0.555510983941913,0
review-41e7242cf53f7aec,LR-C,42,0,development_readout,normal,3,0.1539180820424263,0.555510983941913,0
review-4532712bae1263a4,LR-C,42,0,development_readout,smishing,1,0.9337616332168855,0.555510983941913,1
review-48f7182245c9e551,LR-C,42,0,development_readout,smishing,2,0.4440963293552928,0.555510983941913,0
review-4aafcfede478ed2e,LR-C,42,0,development_readout,smishing,1,0.8219884044060584,0.555510983941913,1
review-4bb32c9d9587eb5b,LR-C,42,0,development_readout,smishing,1,0.5894477016539064,0.555510983941913,1
review-4bc7fe6f6685e5b0,LR-C,42,0,development_readout,smishing,3,0.2528322871721526,0.555510983941913,0
review-4c45e2acc43cd09c,LR-C,42,0,development_readout,smishing,1,0.9442220887883336,0.555510983941913,1
review-4c7db89388133c66,LR-C,42,0,development_readout,normal,2,0.1570770783469901,0.555510983941913,0
review-53c35a92e8d9dc2a,LR-C,42,0,development_readout,normal,4,0.3851723202328893,0.555510983941913,0
review-5a7aed2fa9914ccd,LR-C,42,0,development_readout,normal,2,0.242619757292372,0.555510983941913,0
review-5cdeba2735509611,LR-C,42,0,development_readout,smishing,1,0.9066958116108024,0.555510983941913,1
review-5d4e3193863f1946,LR-C,42,0,development_readout,smishing,1,0.8496435238267313,0.555510983941913,1
review-6260263e3bc9f334,LR-C,42,0,development_readout,smishing,1,0.943802557283428,0.555510983941913,1
review-63ea5eac0fdbfe2f,LR-C,42,0,development_readout,smishing,1,0.9436430881994168,0.555510983941913,1
review-6521774e33af014d,LR-C,42,0,development_readout,normal,2,0.2169910779438743,0.555510983941913,0
review-65fde99e6e05f377,LR-C,42,0,development_readout,smishing,1,0.8419436886636216,0.555510983941913,1
review-6925d1d5c92f5e6d,LR-C,42,0,development_readout,normal,2,0.2835515965121906,0.555510983941913,0
review-6f695f49e7ab13e0,LR-C,42,0,development_readout,normal,2,0.314341364468816,0.555510983941913,0
review-722fa17d1953465a,LR-C,42,0,development_readout,smishing,1,0.9419625709647016,0.555510983941913,1
review-737f8fd0571ce3c6,LR-C,42,0,development_readout,smishing,2,0.6043147873420385,0.555510983941913,1
review-75ab06f0d698d679,LR-C,42,0,development_readout,smishing,1,0.4699098300421505,0.555510983941913,0
review-7aed3e349c71aa1c,LR-C,42,0,development_readout,smishing,1,0.7764620900288532,0.555510983941913,1
review-7bc2e45e3ffc6c78,LR-C,42,0,development_readout,normal,2,0.151644437443287,0.555510983941913,0
review-7c0605262829dbc3,LR-C,42,0,development_readout,smishing,1,0.94419891927343,0.555510983941913,1
review-8a9a3331b5fa55b8,LR-C,42,0,development_readout,normal,2,0.3567110843510757,0.555510983941913,0
review-92a8bdc500ce598c,LR-C,42,0,development_readout,smishing,1,0.9081159282261504,0.555510983941913,1
review-936c9b094a62d464,LR-C,42,0,development_readout,normal,2,0.1034621637848515,0.555510983941913,0
review-93d84a89e42aa2d2,LR-C,42,0,development_readout,smishing,1,0.7914697984195185,0.555510983941913,1
review-93f251b7f415320e,LR-C,42,0,development_readout,smishing,1,0.9158710513613132,0.555510983941913,1
review-9827872ee45caecd,LR-C,42,0,development_readout,smishing,1,0.8415301305481905,0.555510983941913,1
review-982aea7aee2bfd5b,LR-C,42,0,development_readout,smishing,1,0.9176409352907844,0.555510983941913,1
review-98f41617c328173b,LR-C,42,0,development_readout,smishing,1,0.922177710197294,0.555510983941913,1
review-9955e43648119f93,LR-C,42,0,development_readout,smishing,1,0.7035876086555832,0.555510983941913,1
review-9a4ea6655a8a5a4f,LR-C,42,0,development_readout,normal,3,0.2351860251249405,0.555510983941913,0
review-9db42b53975f21ce,LR-C,42,0,development_readout,normal,3,0.1995058805679826,0.555510983941913,0
review-9e59560a7b1c6aa2,LR-C,42,0,development_readout,smishing,1,0.3249534850470492,0.555510983941913,0
review-a1325d40440edcad,LR-C,42,0,development_readout,normal,2,0.1042367326672981,0.555510983941913,0
review-a17319837ff0f25f,LR-C,42,0,development_readout,smishing,1,0.9093244487545148,0.555510983941913,1
review-a884f7c925b47633,LR-C,42,0,development_readout,smishing,1,0.7657355417539229,0.555510983941913,1
review-aa0341109ceb1209,LR-C,42,0,development_readout,normal,2,0.1551481590454212,0.555510983941913,0
review-ac307e4a1651f014,LR-C,42,0,development_readout,smishing,3,0.1888561294582647,0.555510983941913,0
review-b31a9429969a49d0,LR-C,42,0,development_readout,normal,2,0.1695482849166447,0.555510983941913,0
review-b7a4aa1c4b4f5a68,LR-C,42,0,development_readout,normal,4,0.2577065379765361,0.555510983941913,0
review-b8b4a371ec215d7c,LR-C,42,0,development_readout,normal,2,0.357405816729875,0.555510983941913,0
review-bb5f23238e492978,LR-C,42,0,development_readout,smishing,1,0.9041551049821202,0.555510983941913,1
review-bf29414211fedb11,LR-C,42,0,development_readout,smishing,1,0.9385369437702064,0.555510983941913,1
review-bf5fe000a4a8d9d5,LR-C,42,0,development_readout,smishing,1,0.243823773150211,0.555510983941913,0
review-c279584d5ab81989,LR-C,42,0,development_readout,smishing,1,0.7783643108727111,0.555510983941913,1
review-c58fb60504f6d9d8,LR-C,42,0,development_readout,smishing,1,0.4444675476056937,0.555510983941913,0
review-c68883cf7ada6886,LR-C,42,0,development_readout,smishing,1,0.6090846684150284,0.555510983941913,1
review-c882bcd351e72aee,LR-C,42,0,development_readout,smishing,1,0.9455155801966436,0.555510983941913,1
review-c9bef77585bdd4e8,LR-C,42,0,development_readout,smishing,1,0.4453644076499419,0.555510983941913,0
review-c9eb20ef749cdb80,LR-C,42,0,development_readout,normal,3,0.1629522014913584,0.555510983941913,0
review-cd10401423c3d046,LR-C,42,0,development_readout,normal,2,0.0839588071685199,0.555510983941913,0
review-cf59c2e5933f9fa2,LR-C,42,0,development_readout,smishing,1,0.8291006855717025,0.555510983941913,1
review-cf827f0ca2b4b9a5,LR-C,42,0,development_readout,smishing,1,0.3903826228274826,0.555510983941913,0
review-cfc0b12d1183e034,LR-C,42,0,development_readout,normal,2,0.3319825809743446,0.555510983941913,0
review-cfc80bc1541032df,LR-C,42,0,development_readout,smishing,1,0.9470084557783288,0.555510983941913,1
review-d1df54b7c0853995,LR-C,42,0,development_readout,normal,3,0.0876199134863719,0.555510983941913,0
review-d6c4551ca894cc5c,LR-C,42,0,development_readout,smishing,1,0.904153999707409,0.555510983941913,1
review-d870679fd6d01453,LR-C,42,0,development_readout,smishing,1,0.6854250663428793,0.555510983941913,1
review-da5d8fa9864e211c,LR-C,42,0,development_readout,normal,2,0.0927917403542211,0.555510983941913,0
review-db2e98df10b7ea70,LR-C,42,0,development_readout,normal,2,0.1620230719359262,0.555510983941913,0
review-dbbbfc8d3d158c2b,LR-C,42,0,development_readout,smishing,1,0.6623304036942534,0.555510983941913,1
review-dcfd0dc2773c1fc2,LR-C,42,0,development_readout,smishing,1,0.8464014887445294,0.555510983941913,1
review-e2fd25cde06b2e07,LR-C,42,0,development_readout,normal,3,0.2067722540651043,0.555510983941913,0
review-e597199623b7b146,LR-C,42,0,development_readout,normal,2,0.243968857957495,0.555510983941913,0
review-e5c8c789729e554c,LR-C,42,0,development_readout,normal,2,0.1617054895058299,0.555510983941913,0
review-e945ebd4e9533666,LR-C,42,0,development_readout,smishing,1,0.9449341957047634,0.555510983941913,1
review-f02182e8f70df196,LR-C,42,0,development_readout,smishing,1,0.3864913937535011,0.555510983941913,0
review-f0f2fce9301b3378,LR-C,42,0,development_readout,normal,2,0.0720612339090838,0.555510983941913,0
review-f296f965b5850c48,LR-C,42,0,development_readout,normal,3,0.1262310303225319,0.555510983941913,0
review-f2b62cb8a35fddc1,LR-C,42,0,development_readout,smishing,1,0.5490769451011561,0.555510983941913,0
review-f360abb82bcec3c4,LR-C,42,0,development_readout,smishing,1,0.9165061493486312,0.555510983941913,1
review-f6f3c364cb66f280,LR-C,42,0,development_readout,normal,2,0.1212200116986757,0.555510983941913,0
review-f7fbd3ab7a66e194,LR-C,42,0,development_readout,normal,3,0.1845067789996909,0.555510983941913,0
review-fcb737070b879e4f,LR-C,42,0,development_readout,normal,2,0.1243053802741021,0.555510983941913,0
review-031c270e33784faf,LR-C,101,0,development_readout,smishing,1,0.4744258797773618,0.4082619877872381,1
review-0651a6827875d503,LR-C,101,0,development_readout,smishing,1,0.9509497953711492,0.4082619877872381,1
review-075ea585da5cae15,LR-C,101,0,development_readout,smishing,1,0.9476784898553322,0.4082619877872381,1
review-0822c98e66707747,LR-C,101,0,development_readout,normal,3,0.1401034883064699,0.4082619877872381,0
review-0bc7f01b43b4a4f4,LR-C,101,0,development_readout,normal,3,0.1647721517333772,0.4082619877872381,0
review-0bfbacbb2760394c,LR-C,101,0,development_readout,smishing,1,0.7488826216924924,0.4082619877872381,1
review-10dcb33dda6d5472,LR-C,101,0,development_readout,smishing,1,0.9507777910591424,0.4082619877872381,1
review-10f0da95f3fdd21e,LR-C,101,0,development_readout,normal,2,0.1356358439343194,0.4082619877872381,0
review-143e404949a72860,LR-C,101,0,development_readout,smishing,1,0.9537866485862684,0.4082619877872381,1
review-1820dec42f5ec2ca,LR-C,101,0,development_readout,smishing,1,0.6639174644966703,0.4082619877872381,1
review-19d11b9f743aa049,LR-C,101,0,development_readout,smishing,1,0.7392045475736343,0.4082619877872381,1
review-1a4aa7992820ca2a,LR-C,101,0,development_readout,smishing,1,0.7896483165574878,0.4082619877872381,1
review-1a60e1bd37131802,LR-C,101,0,development_readout,normal,2,0.1026216636898501,0.4082619877872381,0
review-1bcdb8b5e4902f77,LR-C,101,0,development_readout,normal,2,0.0891011482634414,0.4082619877872381,0
review-1cb842404c1056c4,LR-C,101,0,development_readout,normal,2,0.2167474418074373,0.4082619877872381,0
review-220daefcb5d386ed,LR-C,101,0,development_readout,smishing,1,0.8345326944567433,0.4082619877872381,1
review-2324027bc353cb29,LR-C,101,0,development_readout,smishing,1,0.8067629430870923,0.4082619877872381,1
review-23e4e9eb29dd8f93,LR-C,101,0,development_readout,normal,2,0.1433262552808116,0.4082619877872381,0
review-270f57eba07d36f4,LR-C,101,0,development_readout,smishing,1,0.7540025998508464,0.4082619877872381,1
review-293586512b140a4e,LR-C,101,0,development_readout,smishing,1,0.5164202623420634,0.4082619877872381,1
review-2d707fce0fb4702c,LR-C,101,0,development_readout,normal,2,0.1868629358230855,0.4082619877872381,0
review-2d80e47aaaa42543,LR-C,101,0,development_readout,normal,2,0.2528594747300661,0.4082619877872381,0
review-31a75727a167d60d,LR-C,101,0,development_readout,smishing,1,0.6484570746285572,0.4082619877872381,1
review-363f281df3bd9ba4,LR-C,101,0,development_readout,normal,3,0.1618470334989442,0.4082619877872381,0
review-370202b258208735,LR-C,101,0,development_readout,smishing,1,0.4075752971196764,0.4082619877872381,0
review-3735a715aa425485,LR-C,101,0,development_readout,normal,2,0.2834970998339417,0.4082619877872381,0
review-37962ff6cab628b9,LR-C,101,0,development_readout,smishing,1,0.7911261919721564,0.4082619877872381,1
review-40617332c72b6a65,LR-C,101,0,development_readout,smishing,1,0.848646877925651,0.4082619877872381,1
review-49a272d982158787,LR-C,101,0,development_readout,smishing,1,0.5521335904361006,0.4082619877872381,1
review-4bb32c9d9587eb5b,LR-C,101,0,development_readout,smishing,1,0.4346113855377138,0.4082619877872381,1
review-4c45e2acc43cd09c,LR-C,101,0,development_readout,smishing,1,0.947637484482754,0.4082619877872381,1
review-50913d75a97def28,LR-C,101,0,development_readout,smishing,2,0.6491934867089856,0.4082619877872381,1
review-50c65fd60929a11c,LR-C,101,0,development_readout,smishing,1,0.7091953551899312,0.4082619877872381,1
review-5192f26c12526af0,LR-C,101,0,development_readout,normal,1,0.4225257757134184,0.4082619877872381,1
review-5201c5937ee64b08,LR-C,101,0,development_readout,smishing,1,0.5758748195307871,0.4082619877872381,1
review-53c35a92e8d9dc2a,LR-C,101,0,development_readout,normal,4,0.3608130338927775,0.4082619877872381,0
review-5582aae305ae4193,LR-C,101,0,development_readout,normal,3,0.1815155973803535,0.4082619877872381,0
review-55839cdd8c1c65c6,LR-C,101,0,development_readout,normal,3,0.1321329174656619,0.4082619877872381,0
review-56f61182338ec612,LR-C,101,0,development_readout,smishing,1,0.721537132124758,0.4082619877872381,1
review-5c5069cca8a5add0,LR-C,101,0,development_readout,normal,3,0.150781325110515,0.4082619877872381,0
review-6036afa1a4a219c3,LR-C,101,0,development_readout,normal,2,0.1317541304195175,0.4082619877872381,0
review-613647025d825449,LR-C,101,0,development_readout,normal,2,0.1875754422268003,0.4082619877872381,0
review-6260263e3bc9f334,LR-C,101,0,development_readout,smishing,1,0.9488435143995488,0.4082619877872381,1
review-6925d1d5c92f5e6d,LR-C,101,0,development_readout,normal,2,0.265650472407101,0.4082619877872381,0
review-6c9e3e62bbb95763,LR-C,101,0,development_readout,smishing,1,0.2275990844287231,0.4082619877872381,0
review-747ccc19ddd0a65f,LR-C,101,0,development_readout,normal,2,0.151370700051374,0.4082619877872381,0
review-75f8aea8c65c0cb2,LR-C,101,0,development_readout,smishing,1,0.9044052227880028,0.4082619877872381,1
review-77b394cbe6e1dc4b,LR-C,101,0,development_readout,normal,2,0.390544698201602,0.4082619877872381,0
review-790151d3979b5cf2,LR-C,101,0,development_readout,normal,2,0.0765351453523853,0.4082619877872381,0
review-7b9d338bf5cd4bdc,LR-C,101,0,development_readout,normal,2,0.1301781273351508,0.4082619877872381,0
review-7c0605262829dbc3,LR-C,101,0,development_readout,smishing,1,0.95056086025384,0.4082619877872381,1
review-8a9635c815342586,LR-C,101,0,development_readout,smishing,1,0.9462178291489716,0.4082619877872381,1
review-901aa5f6d890357c,LR-C,101,0,development_readout,smishing,1,0.9097625963805236,0.4082619877872381,1
review-93e39f35ad377da3,LR-C,101,0,development_readout,normal,2,0.1762039021546163,0.4082619877872381,0
review-94b8ffc8b0784e28,LR-C,101,0,development_readout,normal,2,0.0965718360937358,0.4082619877872381,0
review-9751bc751be6b57c,LR-C,101,0,development_readout,smishing,1,0.7477866180185285,0.4082619877872381,1
review-98f9751b78a4c31e,LR-C,101,0,development_readout,normal,3,0.0984336430833606,0.4082619877872381,0
review-9a3f12ca280a1c8a,LR-C,101,0,development_readout,normal,3,0.3368036313415313,0.4082619877872381,0
review-9c94f8c84f214457,LR-C,101,0,development_readout,smishing,1,0.282130687886169,0.4082619877872381,0
review-9d4c0bc5bb2de352,LR-C,101,0,development_readout,smishing,1,0.7285736024054844,0.4082619877872381,1
review-a00070320560c3ff,LR-C,101,0,development_readout,normal,1,0.6283518042052229,0.4082619877872381,1
review-a3b8e31a589bfbf6,LR-C,101,0,development_readout,smishing,1,0.7338719162013889,0.4082619877872381,1
review-a5c8844b07d15249,LR-C,101,0,development_readout,smishing,1,0.7796792303462323,0.4082619877872381,1
review-a966f0861f64ccf4,LR-C,101,0,development_readout,smishing,1,0.3931881049659638,0.4082619877872381,0
review-af3cd140e815bf14,LR-C,101,0,development_readout,normal,2,0.1756356849568937,0.4082619877872381,0
review-b1335825efb8b815,LR-C,101,0,development_readout,normal,2,0.3219250963455664,0.4082619877872381,0
review-b1951ff1f4366cb0,LR-C,101,0,development_readout,normal,2,0.0781137345058215,0.4082619877872381,0
review-b4f3af03fab1d1b9,LR-C,101,0,development_readout,smishing,1,0.4995096522568781,0.4082619877872381,1
review-b52505e7e689a4b8,LR-C,101,0,development_readout,normal,2,0.1388893935602808,0.4082619877872381,0
review-b7db7bfa3479f4d7,LR-C,101,0,development_readout,normal,2,0.225911424150398,0.4082619877872381,0
review-bbe916c0a5f13c5a,LR-C,101,0,development_readout,smishing,1,0.9487795580271746,0.4082619877872381,1
review-bc9e9750ed2f2246,LR-C,101,0,development_readout,normal,2,0.1886055325836629,0.4082619877872381,0
review-c4368025a0827097,LR-C,101,0,development_readout,normal,2,0.2603695415527337,0.4082619877872381,0
review-c68883cf7ada6886,LR-C,101,0,development_readout,smishing,1,0.6574584868636204,0.4082619877872381,1
review-c7968cd6c3d1f959,LR-C,101,0,development_readout,normal,2,0.0794808068107237,0.4082619877872381,0
review-cbbc72e510f286e3,LR-C,101,0,development_readout,smishing,1,0.9429613909367855,0.4082619877872381,1
review-d17c9fec5ba94c27,LR-C,101,0,development_readout,smishing,1,0.751669340128539,0.4082619877872381,1
review-d1ba629d1b0c0386,LR-C,101,0,development_readout,smishing,4,0.1522916460046112,0.4082619877872381,0
review-d299ebb8c45a2f94,LR-C,101,0,development_readout,smishing,4,0.1443839464484291,0.4082619877872381,0
review-e58d1b3575c7e041,LR-C,101,0,development_readout,smishing,1,0.8064246484367773,0.4082619877872381,1
review-e5c8c789729e554c,LR-C,101,0,development_readout,normal,2,0.1595324966620296,0.4082619877872381,0
review-eb5bbbe4e99a6f72,LR-C,101,0,development_readout,normal,2,0.1881926547265481,0.4082619877872381,0
review-ecc7155e591dec16,LR-C,101,0,development_readout,smishing,1,0.695717443653824,0.4082619877872381,1
review-f02182e8f70df196,LR-C,101,0,development_readout,smishing,1,0.4773953050620356,0.4082619877872381,1
review-f6f3c364cb66f280,LR-C,101,0,development_readout,normal,2,0.1207437671101183,0.4082619877872381,0
review-fcb737070b879e4f,LR-C,101,0,development_readout,normal,2,0.1340100496782281,0.4082619877872381,0
review-fdc12fa3cc3d98a8,LR-C,101,0,development_readout,smishing,1,0.9358106578347944,0.4082619877872381,1
review-fe1822167edb9625,LR-C,101,0,development_readout,normal,2,0.1230363124844926,0.4082619877872381,0
review-0191505287bc42c3,LR-C,202,0,development_readout,normal,2,0.106584619330464,0.4300560805292224,0
review-01daae558c8120c5,LR-C,202,0,development_readout,normal,2,0.11757302411452,0.4300560805292224,0
review-09f8a52a643bde75,LR-C,202,0,development_readout,normal,2,0.2402548303339655,0.4300560805292224,0
review-0c756099e821ef26,LR-C,202,0,development_readout,smishing,1,0.4152121333568525,0.4300560805292224,0
review-0ce89002b27ae13e,LR-C,202,0,development_readout,normal,2,0.1502080002576024,0.4300560805292224,0
review-0e9363ce9bcb57c2,LR-C,202,0,development_readout,smishing,1,0.5851628245228744,0.4300560805292224,1
review-17bb16430527761d,LR-C,202,0,development_readout,smishing,1,0.514586612658594,0.4300560805292224,1
review-1a60e1bd37131802,LR-C,202,0,development_readout,normal,2,0.116474298906194,0.4300560805292224,0
review-1bcdb8b5e4902f77,LR-C,202,0,development_readout,normal,2,0.0876504052822824,0.4300560805292224,0
review-220daefcb5d386ed,LR-C,202,0,development_readout,smishing,1,0.8545273084206029,0.4300560805292224,1
review-23e4e9eb29dd8f93,LR-C,202,0,development_readout,normal,2,0.1506511340710966,0.4300560805292224,0
review-2d707fce0fb4702c,LR-C,202,0,development_readout,normal,2,0.1783846357879036,0.4300560805292224,0
review-2d80e47aaaa42543,LR-C,202,0,development_readout,normal,2,0.2663615467153705,0.4300560805292224,0
review-2dd7b92c08e4f5c4,LR-C,202,0,development_readout,normal,3,0.1095438781667984,0.4300560805292224,0
review-30c664d1fb0416d2,LR-C,202,0,development_readout,normal,3,0.1257623692281616,0.4300560805292224,0
review-30e3bf5a7666c842,LR-C,202,0,development_readout,smishing,1,0.7281548636292385,0.4300560805292224,1
review-31a75727a167d60d,LR-C,202,0,development_readout,smishing,1,0.6863490936944108,0.4300560805292224,1
review-363f281df3bd9ba4,LR-C,202,0,development_readout,normal,3,0.1506571200700633,0.4300560805292224,0
review-364329807a65a090,LR-C,202,0,development_readout,smishing,1,0.5272537179683466,0.4300560805292224,1
review-3aa78c267ab21f05,LR-C,202,0,development_readout,smishing,2,0.265196591788148,0.4300560805292224,0
review-3b5a82f01656ae5e,LR-C,202,0,development_readout,normal,3,0.0719730901974937,0.4300560805292224,0
review-4034e1976e7caf3d,LR-C,202,0,development_readout,normal,2,0.0781045309055917,0.4300560805292224,0
review-40617332c72b6a65,LR-C,202,0,development_readout,smishing,1,0.8634610077071413,0.4300560805292224,1
review-41e7242cf53f7aec,LR-C,202,0,development_readout,normal,3,0.1574572041706721,0.4300560805292224,0
review-49db2f3969f4dab7,LR-C,202,0,development_readout,normal,3,0.1370173390291461,0.4300560805292224,0
review-4aafcfede478ed2e,LR-C,202,0,development_readout,smishing,1,0.7872401927546914,0.4300560805292224,1
review-4c7db89388133c66,LR-C,202,0,development_readout,normal,2,0.1465419640668804,0.4300560805292224,0
review-5351da806d5c8862,LR-C,202,0,development_readout,normal,2,0.180992605367843,0.4300560805292224,0
review-573127865357f88a,LR-C,202,0,development_readout,normal,2,0.0931485125743338,0.4300560805292224,0
review-588539dd497a5994,LR-C,202,0,development_readout,smishing,1,0.6140433546547909,0.4300560805292224,1
review-5a7aed2fa9914ccd,LR-C,202,0,development_readout,normal,2,0.2457161379166136,0.4300560805292224,0
review-5b38287421b21063,LR-C,202,0,development_readout,normal,2,0.1412339723622535,0.4300560805292224,0
review-613647025d825449,LR-C,202,0,development_readout,normal,2,0.2665096547851804,0.4300560805292224,0
review-6521774e33af014d,LR-C,202,0,development_readout,normal,2,0.2253596587108792,0.4300560805292224,0
review-6742e699b2c19637,LR-C,202,0,development_readout,smishing,4,0.1654620622144922,0.4300560805292224,0
review-6c9e3e62bbb95763,LR-C,202,0,development_readout,smishing,1,0.2311874801747609,0.4300560805292224,0
review-6e51f1a0ccb981e6,LR-C,202,0,development_readout,smishing,1,0.7659945844373992,0.4300560805292224,1
review-747ccc19ddd0a65f,LR-C,202,0,development_readout,normal,2,0.1485496292943032,0.4300560805292224,0
review-7494a9906bb71039,LR-C,202,0,development_readout,normal,1,0.2107095766658196,0.4300560805292224,0
review-75ab06f0d698d679,LR-C,202,0,development_readout,smishing,1,0.3987738687427233,0.4300560805292224,0
review-790151d3979b5cf2,LR-C,202,0,development_readout,normal,2,0.0776296723636593,0.4300560805292224,0
review-7cbff1d715e4b2f0,LR-C,202,0,development_readout,normal,3,0.1433505653844899,0.4300560805292224,0
review-7d4271562f20ae7d,LR-C,202,0,development_readout,normal,3,0.1614304977240492,0.4300560805292224,0
review-8408e233d5c05195,LR-C,202,0,development_readout,normal,2,0.1110246985549176,0.4300560805292224,0
review-87ca5145bb1464ea,LR-C,202,0,development_readout,normal,3,0.1180435364017043,0.4300560805292224,0
review-97eb58f77becd57e,LR-C,202,0,development_readout,normal,2,0.0941887453788808,0.4300560805292224,0
review-9955e43648119f93,LR-C,202,0,development_readout,smishing,1,0.7541772982870456,0.4300560805292224,1
review-9c94f8c84f214457,LR-C,202,0,development_readout,smishing,1,0.2723937124228814,0.4300560805292224,0
review-9dcbf9222596e8de,LR-C,202,0,development_readout,normal,4,0.4398432446845283,0.4300560805292224,1
review-a1c208b7e2a31834,LR-C,202,0,development_readout,smishing,1,0.6163394093687956,0.4300560805292224,1
review-acfda6dedbd0ac44,LR-C,202,0,development_readout,normal,2,0.1850139094310547,0.4300560805292224,0
review-b1951ff1f4366cb0,LR-C,202,0,development_readout,normal,2,0.0702062251358757,0.4300560805292224,0
review-b31a9429969a49d0,LR-C,202,0,development_readout,normal,2,0.1937050960508999,0.4300560805292224,0
review-b354a4224eb298ed,LR-C,202,0,development_readout,smishing,1,0.8047253081266542,0.4300560805292224,1
review-b4a140a400dd0bd4,LR-C,202,0,development_readout,smishing,1,0.7266989530644984,0.4300560805292224,1
review-b716d55654e9e174,LR-C,202,0,development_readout,normal,2,0.0671249469945174,0.4300560805292224,0
review-b7a4aa1c4b4f5a68,LR-C,202,0,development_readout,normal,4,0.2301287950919642,0.4300560805292224,0
review-bc64860bdda53d26,LR-C,202,0,development_readout,normal,2,0.0629590043807173,0.4300560805292224,0
review-bc694d6c09671509,LR-C,202,0,development_readout,normal,2,0.1091697261655316,0.4300560805292224,0
review-c58fb60504f6d9d8,LR-C,202,0,development_readout,smishing,1,0.5196023239383806,0.4300560805292224,1
review-c9bef77585bdd4e8,LR-C,202,0,development_readout,smishing,1,0.5209167657164683,0.4300560805292224,1
review-c9eb20ef749cdb80,LR-C,202,0,development_readout,normal,3,0.1621789038912968,0.4300560805292224,0
review-cbbc72e510f286e3,LR-C,202,0,development_readout,smishing,1,0.9400592766957832,0.4300560805292224,1
review-cd10401423c3d046,LR-C,202,0,development_readout,normal,2,0.1016766341755949,0.4300560805292224,0
review-d23755346e397e0d,LR-C,202,0,development_readout,normal,2,0.1022632739012156,0.4300560805292224,0
review-d27b1f741c6ce442,LR-C,202,0,development_readout,normal,2,0.103575440615068,0.4300560805292224,0
review-d299ebb8c45a2f94,LR-C,202,0,development_readout,smishing,4,0.1290498841204577,0.4300560805292224,0
review-d3b4daac66058960,LR-C,202,0,development_readout,normal,3,0.1740396158712938,0.4300560805292224,0
review-d6877eb437269499,LR-C,202,0,development_readout,normal,2,0.153916353379266,0.4300560805292224,0
review-de8af5907865c3e9,LR-C,202,0,development_readout,smishing,1,0.4738025933200948,0.4300560805292224,1
review-e0ac9753946feca9,LR-C,202,0,development_readout,smishing,4,0.5887707701057951,0.4300560805292224,1
review-e597199623b7b146,LR-C,202,0,development_readout,normal,2,0.2210434496689594,0.4300560805292224,0
review-ed79a40573a23e85,LR-C,202,0,development_readout,normal,3,0.2837349679609466,0.4300560805292224,0
review-f7fbd3ab7a66e194,LR-C,202,0,development_readout,normal,3,0.218358445462512,0.4300560805292224,0
review-fd55ea1d04c7fc3b,LR-C,202,0,development_readout,normal,3,0.0458009101710946,0.4300560805292224,0
review-fdc12fa3cc3d98a8,LR-C,202,0,development_readout,smishing,1,0.937159786835742,0.4300560805292224,1
review-ff1ff6c1bdbeaee2,LR-C,202,0,development_readout,normal,2,0.1247262183715672,0.4300560805292224,0
review-0056707322867f9e,LR-C,303,0,development_readout,normal,2,0.0501393847035686,0.4993529544571772,0
review-019e598ca75a2604,LR-C,303,0,development_readout,normal,2,0.0779707150650141,0.4993529544571772,0
review-05ba384c6ab030f1,LR-C,303,0,development_readout,normal,2,0.2085352749902315,0.4993529544571772,0
review-06613e1d63363778,LR-C,303,0,development_readout,normal,2,0.120336141227833,0.4993529544571772,0
review-09dc7d3fa6246119,LR-C,303,0,development_readout,normal,2,0.1712199847562193,0.4993529544571772,0
review-0ddce31c46b4331c,LR-C,303,0,development_readout,normal,3,0.1348230408467111,0.4993529544571772,0
review-0f5e5787e2464fe3,LR-C,303,0,development_readout,smishing,1,0.9449406977497756,0.4993529544571772,1
review-131ed5d9023fe8e1,LR-C,303,0,development_readout,normal,3,0.1680865305378211,0.4993529544571772,0
review-13e7350b6f9c843d,LR-C,303,0,development_readout,smishing,1,0.2132670639399312,0.4993529544571772,0
review-1502532d7fb02e2b,LR-C,303,0,development_readout,smishing,1,0.4550795099787711,0.4993529544571772,0
review-1538fa93f259c264,LR-C,303,0,development_readout,normal,2,0.2117824339022812,0.4993529544571772,0
review-17bb16430527761d,LR-C,303,0,development_readout,smishing,1,0.4694206316542536,0.4993529544571772,0
review-1cb842404c1056c4,LR-C,303,0,development_readout,normal,2,0.2567088378751404,0.4993529544571772,0
review-2579df062aafc741,LR-C,303,0,development_readout,smishing,1,0.5460930643680367,0.4993529544571772,1
review-322a0c915a6dca98,LR-C,303,0,development_readout,smishing,1,0.5536022468746957,0.4993529544571772,1
review-36c6682493394c5a,LR-C,303,0,development_readout,smishing,1,0.762933533419396,0.4993529544571772,1
review-37962ff6cab628b9,LR-C,303,0,development_readout,smishing,1,0.6871548315380428,0.4993529544571772,1
review-3a3a0c9003eb78d2,LR-C,303,0,development_readout,normal,2,0.2843696282077779,0.4993529544571772,0
review-3b23a85b0e54e4e2,LR-C,303,0,development_readout,normal,2,0.1079355424798512,0.4993529544571772,0
review-3b5e9306ce7f16f6,LR-C,303,0,development_readout,normal,2,0.1165286632129145,0.4993529544571772,0
review-40e531a989b5b832,LR-C,303,0,development_readout,smishing,1,0.5622058014628054,0.4993529544571772,1
review-40eb85d72dbb3fa3,LR-C,303,0,development_readout,smishing,1,0.907783979301773,0.4993529544571772,1
review-40f65d491fbb6c91,LR-C,303,0,development_readout,smishing,1,0.6812829467329214,0.4993529544571772,1
review-49a272d982158787,LR-C,303,0,development_readout,smishing,1,0.6109164752810909,0.4993529544571772,1
review-4a5f226471e5edaf,LR-C,303,0,development_readout,smishing,1,0.8077028510161333,0.4993529544571772,1
review-4b0f3b3c6f3029e0,LR-C,303,0,development_readout,smishing,1,0.910387818021241,0.4993529544571772,1
review-4cbabc8906c81322,LR-C,303,0,development_readout,smishing,1,0.9038294538810864,0.4993529544571772,1
review-545d35ba143011e5,LR-C,303,0,development_readout,normal,2,0.1000359711894598,0.4993529544571772,0
review-6036afa1a4a219c3,LR-C,303,0,development_readout,normal,2,0.1216682857452737,0.4993529544571772,0
review-6742e699b2c19637,LR-C,303,0,development_readout,smishing,4,0.1681873808672684,0.4993529544571772,0
review-6a3da5bb1cbb35c3,LR-C,303,0,development_readout,smishing,1,0.5607307944040569,0.4993529544571772,1
review-6c7372dc6724ef49,LR-C,303,0,development_readout,normal,2,0.1195741169547196,0.4993529544571772,0
review-6e51f1a0ccb981e6,LR-C,303,0,development_readout,smishing,1,0.7314822985381007,0.4993529544571772,1
review-7e4208c3a8d81d5e,LR-C,303,0,development_readout,normal,2,0.2237998756441867,0.4993529544571772,0
review-8c3afec16f00c8ea,LR-C,303,0,development_readout,normal,2,0.0996020250784788,0.4993529544571772,0
review-8f7e5118fc4a9d93,LR-C,303,0,development_readout,smishing,1,0.926996128841776,0.4993529544571772,1
review-93f251b7f415320e,LR-C,303,0,development_readout,smishing,1,0.908845050262387,0.4993529544571772,1
review-9440c7b20214abb9,LR-C,303,0,development_readout,smishing,1,0.8044749453512297,0.4993529544571772,1
review-95c15e2125e8158e,LR-C,303,0,development_readout,smishing,1,0.7377871513080343,0.4993529544571772,1
review-97dbf9fb83d5fd0a,LR-C,303,0,development_readout,normal,2,0.1177085693466297,0.4993529544571772,0
review-9ad68457d5c5ddfe,LR-C,303,0,development_readout,smishing,1,0.5706307713265688,0.4993529544571772,1
review-9ca002eef5fabf4c,LR-C,303,0,development_readout,normal,2,0.0873795908656823,0.4993529544571772,0
review-9e59560a7b1c6aa2,LR-C,303,0,development_readout,smishing,1,0.2611162285646301,0.4993529544571772,0
review-aa0341109ceb1209,LR-C,303,0,development_readout,normal,2,0.1402832748908151,0.4993529544571772,0
review-b0d0b31ce42bff6d,LR-C,303,0,development_readout,smishing,1,0.2176148305421987,0.4993529544571772,0
review-b495dcabfdc9e6bb,LR-C,303,0,development_readout,smishing,1,0.1894375263275705,0.4993529544571772,0
review-bbb9c61301495984,LR-C,303,0,development_readout,smishing,1,0.8333876120486274,0.4993529544571772,1
review-bc64860bdda53d26,LR-C,303,0,development_readout,normal,2,0.0599589930057189,0.4993529544571772,0
review-bc805b9a7fefb4c4,LR-C,303,0,development_readout,smishing,1,0.5825139065889037,0.4993529544571772,1
review-bcc4f27e08342914,LR-C,303,0,development_readout,smishing,1,0.7889694919153852,0.4993529544571772,1
review-c3157c09e695c3c5,LR-C,303,0,development_readout,normal,3,0.187323230627925,0.4993529544571772,0
review-cbbc72e510f286e3,LR-C,303,0,development_readout,smishing,1,0.9334833448874568,0.4993529544571772,1
review-d1ba629d1b0c0386,LR-C,303,0,development_readout,smishing,4,0.1482444446502932,0.4993529544571772,0
review-d6877eb437269499,LR-C,303,0,development_readout,normal,2,0.1386226172156145,0.4993529544571772,0
review-da0a87e60e534a8c,LR-C,303,0,development_readout,normal,2,0.1055917534278829,0.4993529544571772,0
review-dc7c7acfd6e2db79,LR-C,303,0,development_readout,normal,1,0.5048701173323644,0.4993529544571772,1
review-e384094846a41b50,LR-C,303,0,development_readout,smishing,1,0.8037728698034033,0.4993529544571772,1
review-e4dca6a839df1435,LR-C,303,0,development_readout,normal,2,0.1846607389040452,0.4993529544571772,0
review-e597199623b7b146,LR-C,303,0,development_readout,normal,2,0.2203780844363549,0.4993529544571772,0
review-e5c8c789729e554c,LR-C,303,0,development_readout,normal,2,0.152442613013878,0.4993529544571772,0
review-e9f675e3299ddb73,LR-C,303,0,development_readout,normal,2,0.3324090026046201,0.4993529544571772,0
review-ec018bdef14b4dce,LR-C,303,0,development_readout,smishing,1,0.9163130411799912,0.4993529544571772,1
review-ed9460d363c32a66,LR-C,303,0,development_readout,normal,2,0.1504097079578542,0.4993529544571772,0
review-ee314103593cc397,LR-C,303,0,development_readout,smishing,1,0.2993985257576737,0.4993529544571772,0
review-f0f2fce9301b3378,LR-C,303,0,development_readout,normal,2,0.0889663871374557,0.4993529544571772,0
review-f2b62cb8a35fddc1,LR-C,303,0,development_readout,smishing,1,0.6677214138389519,0.4993529544571772,1
review-f44ca51cbbeda00a,LR-C,303,0,development_readout,smishing,1,0.9439860602351372,0.4993529544571772,1
review-f6f3c364cb66f280,LR-C,303,0,development_readout,normal,2,0.1334117572612382,0.4993529544571772,0
review-f7a215d9e903b41d,LR-C,303,0,development_readout,smishing,1,0.7163194452535406,0.4993529544571772,1
review-fd0999fd546bfed8,LR-C,303,0,development_readout,smishing,1,0.9163839541767532,0.4993529544571772,1
review-fdc12fa3cc3d98a8,LR-C,303,0,development_readout,smishing,1,0.9234413614099648,0.4993529544571772,1
review-014f431cdb07954a,LR-C,404,0,development_readout,smishing,1,0.3523198601397957,0.4063776548178258,0
review-07c0fb876beabf4b,LR-C,404,0,development_readout,smishing,2,0.6417700335544148,0.4063776548178258,1
review-09dc7d3fa6246119,LR-C,404,0,development_readout,normal,2,0.1574995877449687,0.4063776548178258,0
review-0bc7f01b43b4a4f4,LR-C,404,0,development_readout,normal,3,0.146974909729127,0.4063776548178258,0
review-0cf62fd6142f6cb4,LR-C,404,0,development_readout,smishing,1,0.8122795016243315,0.4063776548178258,1
review-0f7f12381c38278e,LR-C,404,0,development_readout,normal,3,0.1456972213203112,0.4063776548178258,0
review-105735240253acfe,LR-C,404,0,development_readout,smishing,1,0.618199927609462,0.4063776548178258,1
review-10e329e8873017e2,LR-C,404,0,development_readout,smishing,1,0.72936992882267,0.4063776548178258,1
review-12aedba2ef212671,LR-C,404,0,development_readout,smishing,1,0.962705132411753,0.4063776548178258,1
review-1538fa93f259c264,LR-C,404,0,development_readout,normal,2,0.2102619137065101,0.4063776548178258,0
review-17bb16430527761d,LR-C,404,0,development_readout,smishing,1,0.4513693082768392,0.4063776548178258,1
review-19cc4ce8b1dbe415,LR-C,404,0,development_readout,smishing,2,0.1303684082490425,0.4063776548178258,0
review-1a4aa7992820ca2a,LR-C,404,0,development_readout,smishing,1,0.7523056175934058,0.4063776548178258,1
review-1bee5d35c3ae9550,LR-C,404,0,development_readout,smishing,1,0.5769770273675924,0.4063776548178258,1
review-1c32fedd4b32dd06,LR-C,404,0,development_readout,normal,3,0.0963318918790216,0.4063776548178258,0
review-1c42c25c32f5bd82,LR-C,404,0,development_readout,smishing,1,0.8918485811629413,0.4063776548178258,1
review-1e479c4a302f356c,LR-C,404,0,development_readout,smishing,1,0.1745434859808622,0.4063776548178258,0
review-25104a7eec1f7831,LR-C,404,0,development_readout,smishing,1,0.7671597510584525,0.4063776548178258,1
review-266fac2cf4f9a2fe,LR-C,404,0,development_readout,smishing,1,0.8798563622300822,0.4063776548178258,1
review-2705653809f7ad8f,LR-C,404,0,development_readout,normal,2,0.2520864954287711,0.4063776548178258,0
review-2769abe8fc6ffd87,LR-C,404,0,development_readout,normal,3,0.1406300252617993,0.4063776548178258,0
review-293586512b140a4e,LR-C,404,0,development_readout,smishing,1,0.391104381536586,0.4063776548178258,0
review-2dcd34cb42910200,LR-C,404,0,development_readout,smishing,1,0.6302261963203709,0.4063776548178258,1
review-31a75727a167d60d,LR-C,404,0,development_readout,smishing,1,0.5781738443876155,0.4063776548178258,1
review-3423b715646fd583,LR-C,404,0,development_readout,smishing,1,0.9643141489822922,0.4063776548178258,1
review-363f281df3bd9ba4,LR-C,404,0,development_readout,normal,3,0.159960153424389,0.4063776548178258,0
review-364329807a65a090,LR-C,404,0,development_readout,smishing,1,0.4362823916790315,0.4063776548178258,1
review-39a836fe3d87fa33,LR-C,404,0,development_readout,normal,2,0.0958044391657283,0.4063776548178258,0
review-39e0fa05577bfbae,LR-C,404,0,development_readout,smishing,1,0.9614156164054612,0.4063776548178258,1
review-3b5e9306ce7f16f6,LR-C,404,0,development_readout,normal,2,0.116620986329022,0.4063776548178258,0
review-3c542b2889f7ee41,LR-C,404,0,development_readout,smishing,1,0.9620231947657708,0.4063776548178258,1
review-40f65d491fbb6c91,LR-C,404,0,development_readout,smishing,1,0.7465222702793621,0.4063776548178258,1
review-46f3555593434e8a,LR-C,404,0,development_readout,smishing,1,0.96142386170857,0.4063776548178258,1
review-50c65fd60929a11c,LR-C,404,0,development_readout,smishing,1,0.7542210698356119,0.4063776548178258,1
review-5176dde30e249277,LR-C,404,0,development_readout,normal,2,0.1295887618319041,0.4063776548178258,0
review-5201c5937ee64b08,LR-C,404,0,development_readout,smishing,1,0.5908387486361034,0.4063776548178258,1
review-563b94c3e75e8c6d,LR-C,404,0,development_readout,smishing,1,0.2677830472175297,0.4063776548178258,0
review-5784e41a45931326,LR-C,404,0,development_readout,smishing,1,0.3741231660765428,0.4063776548178258,0
review-5a021883af9f96ea,LR-C,404,0,development_readout,normal,3,0.137277534357636,0.4063776548178258,0
review-5a49e43857a6f8f0,LR-C,404,0,development_readout,smishing,1,0.1684685801607698,0.4063776548178258,0
review-5bd99d54544ce7e3,LR-C,404,0,development_readout,normal,3,0.2825243074925924,0.4063776548178258,0
review-5c8fb855522635b0,LR-C,404,0,development_readout,normal,2,0.1422795681519104,0.4063776548178258,0
review-613647025d825449,LR-C,404,0,development_readout,normal,2,0.1655570413369647,0.4063776548178258,0
review-6521774e33af014d,LR-C,404,0,development_readout,normal,2,0.2004461329565135,0.4063776548178258,0
review-66ef57282af71d4f,LR-C,404,0,development_readout,normal,2,0.1219742505152545,0.4063776548178258,0
review-6925d1d5c92f5e6d,LR-C,404,0,development_readout,normal,2,0.2437256172593618,0.4063776548178258,0
review-6938cc7e883cfae5,LR-C,404,0,development_readout,smishing,1,0.2757609159142516,0.4063776548178258,0
review-6e51f1a0ccb981e6,LR-C,404,0,development_readout,smishing,1,0.743359945163752,0.4063776548178258,1
review-6ee455a4c31c9039,LR-C,404,0,development_readout,normal,2,0.1729992888714174,0.4063776548178258,0
review-76a47d926f91413e,LR-C,404,0,development_readout,normal,2,0.0915461591923674,0.4063776548178258,0
review-7bc2e45e3ffc6c78,LR-C,404,0,development_readout,normal,2,0.1300439024383945,0.4063776548178258,0
review-833c087c0ab5f903,LR-C,404,0,development_readout,smishing,1,0.606895647212237,0.4063776548178258,1
review-8858113ca39c4a08,LR-C,404,0,development_readout,smishing,1,0.8060957234083267,0.4063776548178258,1
review-8f6994cbd2075acd,LR-C,404,0,development_readout,smishing,1,0.721754107487093,0.4063776548178258,1
review-93e39f35ad377da3,LR-C,404,0,development_readout,normal,2,0.1493290066011226,0.4063776548178258,0
review-94b8ffc8b0784e28,LR-C,404,0,development_readout,normal,2,0.0878053834008781,0.4063776548178258,0
review-96be0a4e61349470,LR-C,404,0,development_readout,smishing,1,0.8010698931464693,0.4063776548178258,1
review-9762bd209b88d2ac,LR-C,404,0,development_readout,smishing,1,0.8486189410035978,0.4063776548178258,1
review-9833d3f3d2c07833,LR-C,404,0,development_readout,smishing,1,0.7142460983789388,0.4063776548178258,1
review-99553665d7fa8d60,LR-C,404,0,development_readout,normal,2,0.1075405204536638,0.4063776548178258,0
review-9955e43648119f93,LR-C,404,0,development_readout,smishing,1,0.6866283545301024,0.4063776548178258,1
review-9a3f12ca280a1c8a,LR-C,404,0,development_readout,normal,3,0.3084808828144273,0.4063776548178258,0
review-9c83743cb64ceb5e,LR-C,404,0,development_readout,normal,2,0.211385212849628,0.4063776548178258,0
review-a1b685810c820047,LR-C,404,0,development_readout,smishing,1,0.9605185728658991,0.4063776548178258,1
review-a966f0861f64ccf4,LR-C,404,0,development_readout,smishing,1,0.4763648066000688,0.4063776548178258,1
review-ac307e4a1651f014,LR-C,404,0,development_readout,smishing,3,0.2316277918722079,0.4063776548178258,0
review-ad512146de7da940,LR-C,404,0,development_readout,smishing,1,0.7872837355880619,0.4063776548178258,1
review-b1951ff1f4366cb0,LR-C,404,0,development_readout,normal,2,0.0883681226053842,0.4063776548178258,0
review-b31a9429969a49d0,LR-C,404,0,development_readout,normal,2,0.1781355589922658,0.4063776548178258,0
review-b7a4aa1c4b4f5a68,LR-C,404,0,development_readout,normal,4,0.2498923678219546,0.4063776548178258,0
review-bc5e0069bbad7d67,LR-C,404,0,development_readout,normal,2,0.1025127524074027,0.4063776548178258,0
review-bc694d6c09671509,LR-C,404,0,development_readout,normal,2,0.1060466488336976,0.4063776548178258,0
review-bc805b9a7fefb4c4,LR-C,404,0,development_readout,smishing,1,0.4642588664717898,0.4063776548178258,1
review-bfec2c5d687b5e5a,LR-C,404,0,development_readout,normal,2,0.3320309373581441,0.4063776548178258,0
review-c2b11fa0a2c3336f,LR-C,404,0,development_readout,normal,2,0.1361532899160551,0.4063776548178258,0
review-c58fb60504f6d9d8,LR-C,404,0,development_readout,smishing,1,0.4415902862059296,0.4063776548178258,1
review-c9bef77585bdd4e8,LR-C,404,0,development_readout,smishing,1,0.4438917283719175,0.4063776548178258,1
review-ca722d1baa37caa6,LR-C,404,0,development_readout,smishing,1,0.9628003503059436,0.4063776548178258,1
review-cb32573abbb83f9f,LR-C,404,0,development_readout,smishing,1,0.964790237469512,0.4063776548178258,1
review-cf827f0ca2b4b9a5,LR-C,404,0,development_readout,smishing,1,0.3505718139697807,0.4063776548178258,0
review-d23755346e397e0d,LR-C,404,0,development_readout,normal,2,0.0854925228162531,0.4063776548178258,0
review-d299ebb8c45a2f94,LR-C,404,0,development_readout,smishing,4,0.1333991306008885,0.4063776548178258,0
review-d29c44ff7ec787ac,LR-C,404,0,development_readout,normal,3,0.2371558514620292,0.4063776548178258,0
review-d4f84d432e0d6d48,LR-C,404,0,development_readout,normal,2,0.1279185574014391,0.4063776548178258,0
review-d51050ea94555e33,LR-C,404,0,development_readout,normal,2,0.0991121617750826,0.4063776548178258,0
review-d7a5aa91a1e9ef4b,LR-C,404,0,development_readout,normal,3,0.185431887752284,0.4063776548178258,0
review-d885dde988ff81fc,LR-C,404,0,development_readout,smishing,1,0.7172634767965511,0.4063776548178258,1
review-dc7c7acfd6e2db79,LR-C,404,0,development_readout,normal,1,0.4925417920017336,0.4063776548178258,1
review-dd797ac5b4317bd3,LR-C,404,0,development_readout,smishing,1,0.888980173640058,0.4063776548178258,1
review-e058b93119484125,LR-C,404,0,development_readout,smishing,1,0.9176421596358716,0.4063776548178258,1
review-e0a264aecc7ee1b0,LR-C,404,0,development_readout,normal,2,0.3734139744119363,0.4063776548178258,0
review-e432c718725ac7ae,LR-C,404,0,development_readout,normal,2,0.2104934162050707,0.4063776548178258,0
review-e511d7b76f480bc7,LR-C,404,0,development_readout,smishing,1,0.9631492550867892,0.4063776548178258,1
review-e736bb0c132d2dc8,LR-C,404,0,development_readout,smishing,1,0.6046883381817175,0.4063776548178258,1
review-ed79a40573a23e85,LR-C,404,0,development_readout,normal,3,0.2376837502293107,0.4063776548178258,0
review-ed9460d363c32a66,LR-C,404,0,development_readout,normal,2,0.1267112780914131,0.4063776548178258,0
review-edccbb4371a90711,LR-C,404,0,development_readout,smishing,1,0.8918923679875039,0.4063776548178258,1
review-f9b9a4279458f732,LR-C,404,0,development_readout,smishing,1,0.8098284478428066,0.4063776548178258,1
review-fd4a4694d748b8f1,LR-C,404,0,development_readout,smishing,1,0.4598146968868853,0.4063776548178258,1
review-ff1ff6c1bdbeaee2,LR-C,404,0,development_readout,normal,2,0.1121814804926211,0.4063776548178258,0
review-ff57873bcca80e84,LR-C,404,0,development_readout,smishing,1,0.7974684196448159,0.4063776548178258,1
review-ff61b33b22cf09db,LR-C,404,0,development_readout,smishing,1,0.4861982624661657,0.4063776548178258,1
review-0056707322867f9e,Stacking,42,0,development_readout,normal,2,0.005610644536691,0.2174084106821795,0
review-01daae558c8120c5,Stacking,42,0,development_readout,normal,2,0.0085400866693139,0.2174084106821795,0
review-0364c25d14e8bb7d,Stacking,42,0,development_readout,smishing,1,0.9907696181979182,0.2174084106821795,1
review-0651a6827875d503,Stacking,42,0,development_readout,smishing,1,0.9906825516715893,0.2174084106821795,1
review-075ea585da5cae15,Stacking,42,0,development_readout,smishing,1,0.9904934936019992,0.2174084106821795,1
review-0c756099e821ef26,Stacking,42,0,development_readout,smishing,1,0.7627913642884763,0.2174084106821795,1
review-10dcb33dda6d5472,Stacking,42,0,development_readout,smishing,1,0.9907862161524844,0.2174084106821795,1
review-143e404949a72860,Stacking,42,0,development_readout,smishing,1,0.9896827086769918,0.2174084106821795,1
review-1538fa93f259c264,Stacking,42,0,development_readout,normal,2,0.0137789443106264,0.2174084106821795,0
review-17bb16430527761d,Stacking,42,0,development_readout,smishing,1,0.8703211014897578,0.2174084106821795,1
review-1b29308cb4906d02,Stacking,42,0,development_readout,smishing,1,0.9878800325128052,0.2174084106821795,1
review-1f07a8c7cd26df2c,Stacking,42,0,development_readout,normal,2,0.0089634859441121,0.2174084106821795,0
review-220daefcb5d386ed,Stacking,42,0,development_readout,smishing,1,0.9827233206414732,0.2174084106821795,1
review-25104a7eec1f7831,Stacking,42,0,development_readout,smishing,1,0.9703598978487474,0.2174084106821795,1
review-2579df062aafc741,Stacking,42,0,development_readout,smishing,1,0.8803892603206203,0.2174084106821795,1
review-260a39866b3feb51,Stacking,42,0,development_readout,normal,2,0.0075809969819763,0.2174084106821795,0
review-27c93b924b9803a0,Stacking,42,0,development_readout,smishing,1,0.976592919965426,0.2174084106821795,1
review-3398cc98a1b87648,Stacking,42,0,development_readout,smishing,1,0.96366661416812,0.2174084106821795,1
review-344682f2618ba8f9,Stacking,42,0,development_readout,normal,2,0.0162734850209713,0.2174084106821795,0
review-34c4c16cb5ea9aaf,Stacking,42,0,development_readout,smishing,1,0.9906516083598168,0.2174084106821795,1
review-364329807a65a090,Stacking,42,0,development_readout,smishing,1,0.9388929564796202,0.2174084106821795,1
review-37962ff6cab628b9,Stacking,42,0,development_readout,smishing,1,0.9619486813717232,0.2174084106821795,1
review-37bb8af10a6775e3,Stacking,42,0,development_readout,smishing,2,0.7706145084544546,0.2174084106821795,1
review-39e0fa05577bfbae,Stacking,42,0,development_readout,smishing,1,0.9906645363947658,0.2174084106821795,1
review-3a343dbd60efe3c5,Stacking,42,0,development_readout,normal,3,0.0092938191496018,0.2174084106821795,0
review-3a3a0c9003eb78d2,Stacking,42,0,development_readout,normal,2,0.0237499525523339,0.2174084106821795,0
review-3b5a82f01656ae5e,Stacking,42,0,development_readout,normal,3,0.006649696969222,0.2174084106821795,0
review-3c6ae33a89ac17a5,Stacking,42,0,development_readout,smishing,1,0.9893267649002292,0.2174084106821795,1
review-40617332c72b6a65,Stacking,42,0,development_readout,smishing,1,0.9817070657187555,0.2174084106821795,1
review-40f65d491fbb6c91,Stacking,42,0,development_readout,smishing,1,0.9611657007823706,0.2174084106821795,1
review-417d1a94491a5069,Stacking,42,0,development_readout,normal,3,0.0071249245698733,0.2174084106821795,0
review-41e7242cf53f7aec,Stacking,42,0,development_readout,normal,3,0.0087993567316291,0.2174084106821795,0
review-4532712bae1263a4,Stacking,42,0,development_readout,smishing,1,0.9886600357691988,0.2174084106821795,1
review-48f7182245c9e551,Stacking,42,0,development_readout,smishing,2,0.0441756717319821,0.2174084106821795,0
review-4aafcfede478ed2e,Stacking,42,0,development_readout,smishing,1,0.9750215996366574,0.2174084106821795,1
review-4bb32c9d9587eb5b,Stacking,42,0,development_readout,smishing,1,0.9014470267342716,0.2174084106821795,1
review-4bc7fe6f6685e5b0,Stacking,42,0,development_readout,smishing,3,0.6552268582151095,0.2174084106821795,1
review-4c45e2acc43cd09c,Stacking,42,0,development_readout,smishing,1,0.9906341421027728,0.2174084106821795,1
review-4c7db89388133c66,Stacking,42,0,development_readout,normal,2,0.0096170654419575,0.2174084106821795,0
review-53c35a92e8d9dc2a,Stacking,42,0,development_readout,normal,4,0.7922457754097744,0.2174084106821795,1
review-5a7aed2fa9914ccd,Stacking,42,0,development_readout,normal,2,0.0197741227823259,0.2174084106821795,0
review-5cdeba2735509611,Stacking,42,0,development_readout,smishing,1,0.9874409191106276,0.2174084106821795,1
review-5d4e3193863f1946,Stacking,42,0,development_readout,smishing,1,0.9773113760662452,0.2174084106821795,1
review-6260263e3bc9f334,Stacking,42,0,development_readout,smishing,1,0.9906286073077468,0.2174084106821795,1
review-63ea5eac0fdbfe2f,Stacking,42,0,development_readout,smishing,1,0.990703188463919,0.2174084106821795,1
review-6521774e33af014d,Stacking,42,0,development_readout,normal,2,0.0130127003882826,0.2174084106821795,0
review-65fde99e6e05f377,Stacking,42,0,development_readout,smishing,1,0.9813753087649444,0.2174084106821795,1
review-6925d1d5c92f5e6d,Stacking,42,0,development_readout,normal,2,0.0182137314228411,0.2174084106821795,0
review-6f695f49e7ab13e0,Stacking,42,0,development_readout,normal,2,0.0209789930729283,0.2174084106821795,0
review-722fa17d1953465a,Stacking,42,0,development_readout,smishing,1,0.9905316135365372,0.2174084106821795,1
review-737f8fd0571ce3c6,Stacking,42,0,development_readout,smishing,2,0.9160936469718854,0.2174084106821795,1
review-75ab06f0d698d679,Stacking,42,0,development_readout,smishing,1,0.0718050549437593,0.2174084106821795,0
review-7aed3e349c71aa1c,Stacking,42,0,development_readout,smishing,1,0.9676287490888548,0.2174084106821795,1
review-7bc2e45e3ffc6c78,Stacking,42,0,development_readout,normal,2,0.0092106266346922,0.2174084106821795,0
review-7c0605262829dbc3,Stacking,42,0,development_readout,smishing,1,0.990734163623741,0.2174084106821795,1
review-8a9a3331b5fa55b8,Stacking,42,0,development_readout,normal,2,0.0336087644223601,0.2174084106821795,0
review-92a8bdc500ce598c,Stacking,42,0,development_readout,smishing,1,0.9876206634110496,0.2174084106821795,1
review-936c9b094a62d464,Stacking,42,0,development_readout,normal,2,0.0075483408845724,0.2174084106821795,0
review-93d84a89e42aa2d2,Stacking,42,0,development_readout,smishing,1,0.9715392089202708,0.2174084106821795,1
review-93f251b7f415320e,Stacking,42,0,development_readout,smishing,1,0.9880208383369974,0.2174084106821795,1
review-9827872ee45caecd,Stacking,42,0,development_readout,smishing,1,0.9811651094184222,0.2174084106821795,1
review-982aea7aee2bfd5b,Stacking,42,0,development_readout,smishing,1,0.9871257316322888,0.2174084106821795,1
review-98f41617c328173b,Stacking,42,0,development_readout,smishing,1,0.9877110311435856,0.2174084106821795,1
review-9955e43648119f93,Stacking,42,0,development_readout,smishing,1,0.9604642172672224,0.2174084106821795,1
review-9a4ea6655a8a5a4f,Stacking,42,0,development_readout,normal,3,0.0141447493272923,0.2174084106821795,0
review-9db42b53975f21ce,Stacking,42,0,development_readout,normal,3,0.0114838808201628,0.2174084106821795,0
review-9e59560a7b1c6aa2,Stacking,42,0,development_readout,smishing,1,0.3390205751511624,0.2174084106821795,1
review-a1325d40440edcad,Stacking,42,0,development_readout,normal,2,0.0074972734471155,0.2174084106821795,0
review-a17319837ff0f25f,Stacking,42,0,development_readout,smishing,1,0.9868941878509332,0.2174084106821795,1
review-a884f7c925b47633,Stacking,42,0,development_readout,smishing,1,0.9683615724703408,0.2174084106821795,1
review-aa0341109ceb1209,Stacking,42,0,development_readout,normal,2,0.0126773462708121,0.2174084106821795,0
review-ac307e4a1651f014,Stacking,42,0,development_readout,smishing,3,0.3807847208920404,0.2174084106821795,1
review-b31a9429969a49d0,Stacking,42,0,development_readout,normal,2,0.0103036075901527,0.2174084106821795,0
review-b7a4aa1c4b4f5a68,Stacking,42,0,development_readout,normal,4,0.0160439980837619,0.2174084106821795,0
review-b8b4a371ec215d7c,Stacking,42,0,development_readout,normal,2,0.0265392090394961,0.2174084106821795,0
review-bb5f23238e492978,Stacking,42,0,development_readout,smishing,1,0.9861215891954652,0.2174084106821795,1
review-bf29414211fedb11,Stacking,42,0,development_readout,smishing,1,0.9902201940500748,0.2174084106821795,1
review-bf5fe000a4a8d9d5,Stacking,42,0,development_readout,smishing,1,0.7047431608020049,0.2174084106821795,1
review-c279584d5ab81989,Stacking,42,0,development_readout,smishing,1,0.9704044019923772,0.2174084106821795,1
review-c58fb60504f6d9d8,Stacking,42,0,development_readout,smishing,1,0.8207210051967608,0.2174084106821795,1
review-c68883cf7ada6886,Stacking,42,0,development_readout,smishing,1,0.9200775857287912,0.2174084106821795,1
review-c882bcd351e72aee,Stacking,42,0,development_readout,smishing,1,0.990344634529128,0.2174084106821795,1
review-c9bef77585bdd4e8,Stacking,42,0,development_readout,smishing,1,0.8122390665716446,0.2174084106821795,1
review-c9eb20ef749cdb80,Stacking,42,0,development_readout,normal,3,0.0106815741678963,0.2174084106821795,0
review-cd10401423c3d046,Stacking,42,0,development_readout,normal,2,0.0068816814668373,0.2174084106821795,0
review-cf59c2e5933f9fa2,Stacking,42,0,development_readout,smishing,1,0.9777327936043873,0.2174084106821795,1
review-cf827f0ca2b4b9a5,Stacking,42,0,development_readout,smishing,1,0.0299923433710478,0.2174084106821795,0
review-cfc0b12d1183e034,Stacking,42,0,development_readout,normal,2,0.0281781845016912,0.2174084106821795,0
review-cfc80bc1541032df,Stacking,42,0,development_readout,smishing,1,0.9903710576320368,0.2174084106821795,1
review-d1df54b7c0853995,Stacking,42,0,development_readout,normal,3,0.0067688783565326,0.2174084106821795,0
review-d6c4551ca894cc5c,Stacking,42,0,development_readout,smishing,1,0.986213729463974,0.2174084106821795,1
review-d870679fd6d01453,Stacking,42,0,development_readout,smishing,1,0.931998949763222,0.2174084106821795,1
review-da5d8fa9864e211c,Stacking,42,0,development_readout,normal,2,0.0071728793057659,0.2174084106821795,0
review-db2e98df10b7ea70,Stacking,42,0,development_readout,normal,2,0.0104029310218531,0.2174084106821795,0
review-dbbbfc8d3d158c2b,Stacking,42,0,development_readout,smishing,1,0.9440867928488044,0.2174084106821795,1
review-dcfd0dc2773c1fc2,Stacking,42,0,development_readout,smishing,1,0.9800458615417672,0.2174084106821795,1
review-e2fd25cde06b2e07,Stacking,42,0,development_readout,normal,3,0.011714558294641,0.2174084106821795,0
review-e597199623b7b146,Stacking,42,0,development_readout,normal,2,0.0146825725144638,0.2174084106821795,0
review-e5c8c789729e554c,Stacking,42,0,development_readout,normal,2,0.0096747050613756,0.2174084106821795,0
review-e945ebd4e9533666,Stacking,42,0,development_readout,smishing,1,0.9907993277056564,0.2174084106821795,1
review-f02182e8f70df196,Stacking,42,0,development_readout,smishing,1,0.8359556298505033,0.2174084106821795,1
review-f0f2fce9301b3378,Stacking,42,0,development_readout,normal,2,0.007149980467105,0.2174084106821795,0
review-f296f965b5850c48,Stacking,42,0,development_readout,normal,3,0.008058170117687,0.2174084106821795,0
review-f2b62cb8a35fddc1,Stacking,42,0,development_readout,smishing,1,0.8997445703933658,0.2174084106821795,1
review-f360abb82bcec3c4,Stacking,42,0,development_readout,smishing,1,0.9869579535093528,0.2174084106821795,1
review-f6f3c364cb66f280,Stacking,42,0,development_readout,normal,2,0.0078292839773826,0.2174084106821795,0
review-f7fbd3ab7a66e194,Stacking,42,0,development_readout,normal,3,0.0109426922297064,0.2174084106821795,0
review-fcb737070b879e4f,Stacking,42,0,development_readout,normal,2,0.0083205280356682,0.2174084106821795,0
review-031c270e33784faf,Stacking,101,0,development_readout,smishing,1,0.8925280292518734,0.3685487284668746,1
review-0651a6827875d503,Stacking,101,0,development_readout,smishing,1,0.9902564153915464,0.3685487284668746,1
review-075ea585da5cae15,Stacking,101,0,development_readout,smishing,1,0.99008323806723,0.3685487284668746,1
review-0822c98e66707747,Stacking,101,0,development_readout,normal,3,0.0090220142030328,0.3685487284668746,0
review-0bc7f01b43b4a4f4,Stacking,101,0,development_readout,normal,3,0.0108561240471858,0.3685487284668746,0
review-0bfbacbb2760394c,Stacking,101,0,development_readout,smishing,1,0.9532699030211904,0.3685487284668746,1
review-10dcb33dda6d5472,Stacking,101,0,development_readout,smishing,1,0.9902558819158443,0.3685487284668746,1
review-10f0da95f3fdd21e,Stacking,101,0,development_readout,normal,2,0.0096000358544474,0.3685487284668746,0
review-143e404949a72860,Stacking,101,0,development_readout,smishing,1,0.9899122955845384,0.3685487284668746,1
review-1820dec42f5ec2ca,Stacking,101,0,development_readout,smishing,1,0.9377082960645544,0.3685487284668746,1
review-19d11b9f743aa049,Stacking,101,0,development_readout,smishing,1,0.9496951911819704,0.3685487284668746,1
review-1a4aa7992820ca2a,Stacking,101,0,development_readout,smishing,1,0.9678627516027898,0.3685487284668746,1
review-1a60e1bd37131802,Stacking,101,0,development_readout,normal,2,0.008041810090514,0.3685487284668746,0
review-1bcdb8b5e4902f77,Stacking,101,0,development_readout,normal,2,0.0075177071333352,0.3685487284668746,0
review-1cb842404c1056c4,Stacking,101,0,development_readout,normal,2,0.0132630284613831,0.3685487284668746,0
review-220daefcb5d386ed,Stacking,101,0,development_readout,smishing,1,0.978034963193372,0.3685487284668746,1
review-2324027bc353cb29,Stacking,101,0,development_readout,smishing,1,0.9736251409022234,0.3685487284668746,1
review-23e4e9eb29dd8f93,Stacking,101,0,development_readout,normal,2,0.0099812817768184,0.3685487284668746,0
review-270f57eba07d36f4,Stacking,101,0,development_readout,smishing,1,0.9587250479235868,0.3685487284668746,1
review-293586512b140a4e,Stacking,101,0,development_readout,smishing,1,0.8337352827827811,0.3685487284668746,1
review-2d707fce0fb4702c,Stacking,101,0,development_readout,normal,2,0.0121683003508965,0.3685487284668746,0
review-2d80e47aaaa42543,Stacking,101,0,development_readout,normal,2,0.0174186762230449,0.3685487284668746,0
review-31a75727a167d60d,Stacking,101,0,development_readout,smishing,1,0.9357950314634006,0.3685487284668746,1
review-363f281df3bd9ba4,Stacking,101,0,development_readout,normal,3,0.0103115673725441,0.3685487284668746,0
review-370202b258208735,Stacking,101,0,development_readout,smishing,1,0.7729585435893919,0.3685487284668746,1
review-3735a715aa425485,Stacking,101,0,development_readout,normal,2,0.0203622285606501,0.3685487284668746,0
review-37962ff6cab628b9,Stacking,101,0,development_readout,smishing,1,0.9635021446392904,0.3685487284668746,1
review-40617332c72b6a65,Stacking,101,0,development_readout,smishing,1,0.979473001619204,0.3685487284668746,1
review-49a272d982158787,Stacking,101,0,development_readout,smishing,1,0.1108533588724558,0.3685487284668746,0
review-4bb32c9d9587eb5b,Stacking,101,0,development_readout,smishing,1,0.7810985899659713,0.3685487284668746,1
review-4c45e2acc43cd09c,Stacking,101,0,development_readout,smishing,1,0.99002811205272,0.3685487284668746,1
review-50913d75a97def28,Stacking,101,0,development_readout,smishing,2,0.9245514303850144,0.3685487284668746,1
review-50c65fd60929a11c,Stacking,101,0,development_readout,smishing,1,0.9480264722151464,0.3685487284668746,1
review-5192f26c12526af0,Stacking,101,0,development_readout,normal,1,0.814991191458782,0.3685487284668746,1
review-5201c5937ee64b08,Stacking,101,0,development_readout,smishing,1,0.8955724709435264,0.3685487284668746,1
review-53c35a92e8d9dc2a,Stacking,101,0,development_readout,normal,4,0.7300661660394242,0.3685487284668746,1
review-5582aae305ae4193,Stacking,101,0,development_readout,normal,3,0.0114477576812742,0.3685487284668746,0
review-55839cdd8c1c65c6,Stacking,101,0,development_readout,normal,3,0.0087151944774182,0.3685487284668746,0
review-56f61182338ec612,Stacking,101,0,development_readout,smishing,1,0.94610173004208,0.3685487284668746,1
review-5c5069cca8a5add0,Stacking,101,0,development_readout,normal,3,0.0096157388951461,0.3685487284668746,0
review-6036afa1a4a219c3,Stacking,101,0,development_readout,normal,2,0.0089914281419053,0.3685487284668746,0
review-613647025d825449,Stacking,101,0,development_readout,normal,2,0.0106767306016816,0.3685487284668746,0
review-6260263e3bc9f334,Stacking,101,0,development_readout,smishing,1,0.9901463554793198,0.3685487284668746,1
review-6925d1d5c92f5e6d,Stacking,101,0,development_readout,normal,2,0.0179765026169806,0.3685487284668746,0
review-6c9e3e62bbb95763,Stacking,101,0,development_readout,smishing,1,0.0156424264722783,0.3685487284668746,0
review-747ccc19ddd0a65f,Stacking,101,0,development_readout,normal,2,0.0102260242552322,0.3685487284668746,0
review-75f8aea8c65c0cb2,Stacking,101,0,development_readout,smishing,1,0.9860474114043148,0.3685487284668746,1
review-77b394cbe6e1dc4b,Stacking,101,0,development_readout,normal,2,0.0526038006712971,0.3685487284668746,0
review-790151d3979b5cf2,Stacking,101,0,development_readout,normal,2,0.0077742463887253,0.3685487284668746,0
review-7b9d338bf5cd4bdc,Stacking,101,0,development_readout,normal,2,0.0089879169291308,0.3685487284668746,0
review-7c0605262829dbc3,Stacking,101,0,development_readout,smishing,1,0.9903270986704064,0.3685487284668746,1
review-8a9635c815342586,Stacking,101,0,development_readout,smishing,1,0.9894460406797696,0.3685487284668746,1
review-901aa5f6d890357c,Stacking,101,0,development_readout,smishing,1,0.9864229713884296,0.3685487284668746,1
review-93e39f35ad377da3,Stacking,101,0,development_readout,normal,2,0.0123837207549225,0.3685487284668746,0
review-94b8ffc8b0784e28,Stacking,101,0,development_readout,normal,2,0.0077051486647309,0.3685487284668746,0
review-9751bc751be6b57c,Stacking,101,0,development_readout,smishing,1,0.95919436504497,0.3685487284668746,1
review-98f9751b78a4c31e,Stacking,101,0,development_readout,normal,3,0.0075536019574123,0.3685487284668746,0
review-9a3f12ca280a1c8a,Stacking,101,0,development_readout,normal,3,0.0288602668899914,0.3685487284668746,0
review-9c94f8c84f214457,Stacking,101,0,development_readout,smishing,1,0.3716773826895472,0.3685487284668746,1
review-9d4c0bc5bb2de352,Stacking,101,0,development_readout,smishing,1,0.956211280296349,0.3685487284668746,1
review-a00070320560c3ff,Stacking,101,0,development_readout,normal,1,0.9040645084509656,0.3685487284668746,1
review-a3b8e31a589bfbf6,Stacking,101,0,development_readout,smishing,1,0.9480024408125822,0.3685487284668746,1
review-a5c8844b07d15249,Stacking,101,0,development_readout,smishing,1,0.9651303131195496,0.3685487284668746,1
review-a966f0861f64ccf4,Stacking,101,0,development_readout,smishing,1,0.074769446371403,0.3685487284668746,0
review-af3cd140e815bf14,Stacking,101,0,development_readout,normal,2,0.0116861093658039,0.3685487284668746,0
review-b1335825efb8b815,Stacking,101,0,development_readout,normal,2,0.0316368903833837,0.3685487284668746,0
review-b1951ff1f4366cb0,Stacking,101,0,development_readout,normal,2,0.0067553053199596,0.3685487284668746,0
review-b4f3af03fab1d1b9,Stacking,101,0,development_readout,smishing,1,0.8226761706750654,0.3685487284668746,1
review-b52505e7e689a4b8,Stacking,101,0,development_readout,normal,2,0.0088991265475644,0.3685487284668746,0
review-b7db7bfa3479f4d7,Stacking,101,0,development_readout,normal,2,0.0160060707586389,0.3685487284668746,0
review-bbe916c0a5f13c5a,Stacking,101,0,development_readout,smishing,1,0.9898334912153768,0.3685487284668746,1
review-bc9e9750ed2f2246,Stacking,101,0,development_readout,normal,2,0.0128002234588331,0.3685487284668746,0
review-c4368025a0827097,Stacking,101,0,development_readout,normal,2,0.017505425956116,0.3685487284668746,0
review-c68883cf7ada6886,Stacking,101,0,development_readout,smishing,1,0.9280411400782064,0.3685487284668746,1
review-c7968cd6c3d1f959,Stacking,101,0,development_readout,normal,2,0.0071328164661846,0.3685487284668746,0
review-cbbc72e510f286e3,Stacking,101,0,development_readout,smishing,1,0.9882312678730948,0.3685487284668746,1
review-d17c9fec5ba94c27,Stacking,101,0,development_readout,smishing,1,0.96304997950463,0.3685487284668746,1
review-d1ba629d1b0c0386,Stacking,101,0,development_readout,smishing,4,0.0106708650534672,0.3685487284668746,0
review-d299ebb8c45a2f94,Stacking,101,0,development_readout,smishing,4,0.0318315737096283,0.3685487284668746,0
review-e58d1b3575c7e041,Stacking,101,0,development_readout,smishing,1,0.962561719057056,0.3685487284668746,1
review-e5c8c789729e554c,Stacking,101,0,development_readout,normal,2,0.0100329086892385,0.3685487284668746,0
review-eb5bbbe4e99a6f72,Stacking,101,0,development_readout,normal,2,0.0122041673089853,0.3685487284668746,0
review-ecc7155e591dec16,Stacking,101,0,development_readout,smishing,1,0.914817614983352,0.3685487284668746,1
review-f02182e8f70df196,Stacking,101,0,development_readout,smishing,1,0.8522827346682733,0.3685487284668746,1
review-f6f3c364cb66f280,Stacking,101,0,development_readout,normal,2,0.0083449045666968,0.3685487284668746,0
review-fcb737070b879e4f,Stacking,101,0,development_readout,normal,2,0.0091396533412131,0.3685487284668746,0
review-fdc12fa3cc3d98a8,Stacking,101,0,development_readout,smishing,1,0.988027483386918,0.3685487284668746,1
review-fe1822167edb9625,Stacking,101,0,development_readout,normal,2,0.0097828217332662,0.3685487284668746,0
review-0191505287bc42c3,Stacking,202,0,development_readout,normal,2,0.0173835935393637,0.4904848300843502,0
review-01daae558c8120c5,Stacking,202,0,development_readout,normal,2,0.0175698499473089,0.4904848300843502,0
review-09f8a52a643bde75,Stacking,202,0,development_readout,normal,2,0.0403712998936677,0.4904848300843502,0
review-0c756099e821ef26,Stacking,202,0,development_readout,smishing,1,0.8569698038641862,0.4904848300843502,1
review-0ce89002b27ae13e,Stacking,202,0,development_readout,normal,2,0.0220427433253964,0.4904848300843502,0
review-0e9363ce9bcb57c2,Stacking,202,0,development_readout,smishing,1,0.9703263973677672,0.4904848300843502,1
review-17bb16430527761d,Stacking,202,0,development_readout,smishing,1,0.9350671797186956,0.4904848300843502,1
review-1a60e1bd37131802,Stacking,202,0,development_readout,normal,2,0.0185464577896727,0.4904848300843502,0
review-1bcdb8b5e4902f77,Stacking,202,0,development_readout,normal,2,0.0155786191984039,0.4904848300843502,0
review-220daefcb5d386ed,Stacking,202,0,development_readout,smishing,1,0.9933558085301136,0.4904848300843502,1
review-23e4e9eb29dd8f93,Stacking,202,0,development_readout,normal,2,0.0220286727530605,0.4904848300843502,0
review-2d707fce0fb4702c,Stacking,202,0,development_readout,normal,2,0.0260552931322773,0.4904848300843502,0
review-2d80e47aaaa42543,Stacking,202,0,development_readout,normal,2,0.0468905377362807,0.4904848300843502,0
review-2dd7b92c08e4f5c4,Stacking,202,0,development_readout,normal,3,0.017100467996867,0.4904848300843502,0
review-30c664d1fb0416d2,Stacking,202,0,development_readout,normal,3,0.0179877733489445,0.4904848300843502,0
review-30e3bf5a7666c842,Stacking,202,0,development_readout,smishing,1,0.982019129129953,0.4904848300843502,1
review-31a75727a167d60d,Stacking,202,0,development_readout,smishing,1,0.9787575603485866,0.4904848300843502,1
review-363f281df3bd9ba4,Stacking,202,0,development_readout,normal,3,0.0205132807872583,0.4904848300843502,0
review-364329807a65a090,Stacking,202,0,development_readout,smishing,1,0.9631075943207376,0.4904848300843502,1
review-3aa78c267ab21f05,Stacking,202,0,development_readout,smishing,2,0.0438629969649266,0.4904848300843502,0
review-3b5a82f01656ae5e,Stacking,202,0,development_readout,normal,3,0.0132055304497322,0.4904848300843502,0
review-4034e1976e7caf3d,Stacking,202,0,development_readout,normal,2,0.0139822845709305,0.4904848300843502,0
review-40617332c72b6a65,Stacking,202,0,development_readout,smishing,1,0.9937843504732616,0.4904848300843502,1
review-41e7242cf53f7aec,Stacking,202,0,development_readout,normal,3,0.0202178156272363,0.4904848300843502,0
review-49db2f3969f4dab7,Stacking,202,0,development_readout,normal,3,0.0190985480600262,0.4904848300843502,0
review-4aafcfede478ed2e,Stacking,202,0,development_readout,smishing,1,0.9876692361490604,0.4904848300843502,1
review-4c7db89388133c66,Stacking,202,0,development_readout,normal,2,0.0211602864330655,0.4904848300843502,0
review-5351da806d5c8862,Stacking,202,0,development_readout,normal,2,0.0310355443139859,0.4904848300843502,0
review-573127865357f88a,Stacking,202,0,development_readout,normal,2,0.0161468353490706,0.4904848300843502,0
review-588539dd497a5994,Stacking,202,0,development_readout,smishing,1,0.9500878686192188,0.4904848300843502,1
review-5a7aed2fa9914ccd,Stacking,202,0,development_readout,normal,2,0.0531911094973141,0.4904848300843502,0
review-5b38287421b21063,Stacking,202,0,development_readout,normal,2,0.0203093044152543,0.4904848300843502,0
review-613647025d825449,Stacking,202,0,development_readout,normal,2,0.0336909388326819,0.4904848300843502,0
review-6521774e33af014d,Stacking,202,0,development_readout,normal,2,0.0343873276669617,0.4904848300843502,0
review-6742e699b2c19637,Stacking,202,0,development_readout,smishing,4,0.026341592278516,0.4904848300843502,0
review-6c9e3e62bbb95763,Stacking,202,0,development_readout,smishing,1,0.0633487185680893,0.4904848300843502,0
review-6e51f1a0ccb981e6,Stacking,202,0,development_readout,smishing,1,0.9841390559756884,0.4904848300843502,1
review-747ccc19ddd0a65f,Stacking,202,0,development_readout,normal,2,0.0222149154333629,0.4904848300843502,0
review-7494a9906bb71039,Stacking,202,0,development_readout,normal,1,0.0335363896494437,0.4904848300843502,0
review-75ab06f0d698d679,Stacking,202,0,development_readout,smishing,1,0.1376191643202328,0.4904848300843502,0
review-790151d3979b5cf2,Stacking,202,0,development_readout,normal,2,0.0153010032530215,0.4904848300843502,0
review-7cbff1d715e4b2f0,Stacking,202,0,development_readout,normal,3,0.0204014691733275,0.4904848300843502,0
review-7d4271562f20ae7d,Stacking,202,0,development_readout,normal,3,0.0344050427511638,0.4904848300843502,0
review-8408e233d5c05195,Stacking,202,0,development_readout,normal,2,0.0167419732282176,0.4904848300843502,0
review-87ca5145bb1464ea,Stacking,202,0,development_readout,normal,3,0.0170849223657755,0.4904848300843502,0
review-97eb58f77becd57e,Stacking,202,0,development_readout,normal,2,0.0180861629964366,0.4904848300843502,0
review-9955e43648119f93,Stacking,202,0,development_readout,smishing,1,0.9864685216289224,0.4904848300843502,1
review-9c94f8c84f214457,Stacking,202,0,development_readout,smishing,1,0.386657841738025,0.4904848300843502,0
review-9dcbf9222596e8de,Stacking,202,0,development_readout,normal,4,0.0794574758478852,0.4904848300843502,0
review-a1c208b7e2a31834,Stacking,202,0,development_readout,smishing,1,0.951206954400695,0.4904848300843502,1
review-acfda6dedbd0ac44,Stacking,202,0,development_readout,normal,2,0.028140882276334,0.4904848300843502,0
review-b1951ff1f4366cb0,Stacking,202,0,development_readout,normal,2,0.0127919491674894,0.4904848300843502,0
review-b31a9429969a49d0,Stacking,202,0,development_readout,normal,2,0.0273383804173884,0.4904848300843502,0
review-b354a4224eb298ed,Stacking,202,0,development_readout,smishing,1,0.9887613438132128,0.4904848300843502,1
review-b4a140a400dd0bd4,Stacking,202,0,development_readout,smishing,1,0.9821503760699634,0.4904848300843502,1
review-b716d55654e9e174,Stacking,202,0,development_readout,normal,2,0.0136446380583557,0.4904848300843502,0
review-b7a4aa1c4b4f5a68,Stacking,202,0,development_readout,normal,4,0.0367377725891905,0.4904848300843502,0
review-bc64860bdda53d26,Stacking,202,0,development_readout,normal,2,0.0123483815923213,0.4904848300843502,0
review-bc694d6c09671509,Stacking,202,0,development_readout,normal,2,0.0169274914909329,0.4904848300843502,0
review-c58fb60504f6d9d8,Stacking,202,0,development_readout,smishing,1,0.9060348153810583,0.4904848300843502,1
review-c9bef77585bdd4e8,Stacking,202,0,development_readout,smishing,1,0.902975179179792,0.4904848300843502,1
review-c9eb20ef749cdb80,Stacking,202,0,development_readout,normal,3,0.024668352218173,0.4904848300843502,0
review-cbbc72e510f286e3,Stacking,202,0,development_readout,smishing,1,0.9962576049501672,0.4904848300843502,1
review-cd10401423c3d046,Stacking,202,0,development_readout,normal,2,0.0164042725297005,0.4904848300843502,0
review-d23755346e397e0d,Stacking,202,0,development_readout,normal,2,0.01656161476735,0.4904848300843502,0
review-d27b1f741c6ce442,Stacking,202,0,development_readout,normal,2,0.0168794995220148,0.4904848300843502,0
review-d299ebb8c45a2f94,Stacking,202,0,development_readout,smishing,4,0.4329039660873115,0.4904848300843502,0
review-d3b4daac66058960,Stacking,202,0,development_readout,normal,3,0.0228611282331704,0.4904848300843502,0
review-d6877eb437269499,Stacking,202,0,development_readout,normal,2,0.0247062803108634,0.4904848300843502,0
review-de8af5907865c3e9,Stacking,202,0,development_readout,smishing,1,0.9123335534067664,0.4904848300843502,1
review-e0ac9753946feca9,Stacking,202,0,development_readout,smishing,4,0.9572698998289132,0.4904848300843502,1
review-e597199623b7b146,Stacking,202,0,development_readout,normal,2,0.0325907632052202,0.4904848300843502,0
review-ed79a40573a23e85,Stacking,202,0,development_readout,normal,3,0.0363411284149193,0.4904848300843502,0
review-f7fbd3ab7a66e194,Stacking,202,0,development_readout,normal,3,0.0300090834620669,0.4904848300843502,0
review-fd55ea1d04c7fc3b,Stacking,202,0,development_readout,normal,3,0.0113874780798142,0.4904848300843502,0
review-fdc12fa3cc3d98a8,Stacking,202,0,development_readout,smishing,1,0.9963294224684728,0.4904848300843502,1
review-ff1ff6c1bdbeaee2,Stacking,202,0,development_readout,normal,2,0.0194845918674042,0.4904848300843502,0
review-0056707322867f9e,Stacking,303,0,development_readout,normal,2,0.0131488571733698,0.6505624581633077,0
review-019e598ca75a2604,Stacking,303,0,development_readout,normal,2,0.0150679753124809,0.6505624581633077,0
review-05ba384c6ab030f1,Stacking,303,0,development_readout,normal,2,0.0311065376477319,0.6505624581633077,0
review-06613e1d63363778,Stacking,303,0,development_readout,normal,2,0.0210646672986833,0.6505624581633077,0
review-09dc7d3fa6246119,Stacking,303,0,development_readout,normal,2,0.0263961517412497,0.6505624581633077,0
review-0ddce31c46b4331c,Stacking,303,0,development_readout,normal,3,0.021267264990611,0.6505624581633077,0
review-0f5e5787e2464fe3,Stacking,303,0,development_readout,smishing,1,0.9931167931031544,0.6505624581633077,1
review-131ed5d9023fe8e1,Stacking,303,0,development_readout,normal,3,0.0282254517315689,0.6505624581633077,0
review-13e7350b6f9c843d,Stacking,303,0,development_readout,smishing,1,0.0432005986889494,0.6505624581633077,0
review-1502532d7fb02e2b,Stacking,303,0,development_readout,smishing,1,0.8464314122484238,0.6505624581633077,1
review-1538fa93f259c264,Stacking,303,0,development_readout,normal,2,0.0322920412911389,0.6505624581633077,0
review-17bb16430527761d,Stacking,303,0,development_readout,smishing,1,0.8624896096340076,0.6505624581633077,1
review-1cb842404c1056c4,Stacking,303,0,development_readout,normal,2,0.0403059918019814,0.6505624581633077,0
review-2579df062aafc741,Stacking,303,0,development_readout,smishing,1,0.8854036725594273,0.6505624581633077,1
review-322a0c915a6dca98,Stacking,303,0,development_readout,smishing,1,0.9041043825547176,0.6505624581633077,1
review-36c6682493394c5a,Stacking,303,0,development_readout,smishing,1,0.973675059686912,0.6505624581633077,1
review-37962ff6cab628b9,Stacking,303,0,development_readout,smishing,1,0.9504380341944444,0.6505624581633077,1
review-3a3a0c9003eb78d2,Stacking,303,0,development_readout,normal,2,0.0604495924574049,0.6505624581633077,0
review-3b23a85b0e54e4e2,Stacking,303,0,development_readout,normal,2,0.0179320130978724,0.6505624581633077,0
review-3b5e9306ce7f16f6,Stacking,303,0,development_readout,normal,2,0.0192548769510384,0.6505624581633077,0
review-40e531a989b5b832,Stacking,303,0,development_readout,smishing,1,0.9066650098475824,0.6505624581633077,1
review-40eb85d72dbb3fa3,Stacking,303,0,development_readout,smishing,1,0.9898232423182628,0.6505624581633077,1
review-40f65d491fbb6c91,Stacking,303,0,development_readout,smishing,1,0.9515797029245764,0.6505624581633077,1
review-49a272d982158787,Stacking,303,0,development_readout,smishing,1,0.8539215121596809,0.6505624581633077,1
review-4a5f226471e5edaf,Stacking,303,0,development_readout,smishing,1,0.980595241909784,0.6505624581633077,1
review-4b0f3b3c6f3029e0,Stacking,303,0,development_readout,smishing,1,0.9900377234020076,0.6505624581633077,1
review-4cbabc8906c81322,Stacking,303,0,development_readout,smishing,1,0.9897858345192104,0.6505624581633077,1
review-545d35ba143011e5,Stacking,303,0,development_readout,normal,2,0.0174607928856732,0.6505624581633077,0
review-6036afa1a4a219c3,Stacking,303,0,development_readout,normal,2,0.0202210472002971,0.6505624581633077,0
review-6742e699b2c19637,Stacking,303,0,development_readout,smishing,4,0.0286675933076577,0.6505624581633077,0
review-6a3da5bb1cbb35c3,Stacking,303,0,development_readout,smishing,1,0.895313278886357,0.6505624581633077,1
review-6c7372dc6724ef49,Stacking,303,0,development_readout,normal,2,0.0199680477541226,0.6505624581633077,0
review-6e51f1a0ccb981e6,Stacking,303,0,development_readout,smishing,1,0.9638049553345436,0.6505624581633077,1
review-7e4208c3a8d81d5e,Stacking,303,0,development_readout,normal,2,0.0366452579221084,0.6505624581633077,0
review-8c3afec16f00c8ea,Stacking,303,0,development_readout,normal,2,0.017816553544424,0.6505624581633077,0
review-8f7e5118fc4a9d93,Stacking,303,0,development_readout,smishing,1,0.9911350694947092,0.6505624581633077,1
review-93f251b7f415320e,Stacking,303,0,development_readout,smishing,1,0.9907906069230814,0.6505624581633077,1
review-9440c7b20214abb9,Stacking,303,0,development_readout,smishing,1,0.9806461644052176,0.6505624581633077,1
review-95c15e2125e8158e,Stacking,303,0,development_readout,smishing,1,0.9717855250114128,0.6505624581633077,1
review-97dbf9fb83d5fd0a,Stacking,303,0,development_readout,normal,2,0.0200351420054276,0.6505624581633077,0
review-9ad68457d5c5ddfe,Stacking,303,0,development_readout,smishing,1,0.9252865097069448,0.6505624581633077,1
review-9ca002eef5fabf4c,Stacking,303,0,development_readout,normal,2,0.0165928282173368,0.6505624581633077,0
review-9e59560a7b1c6aa2,Stacking,303,0,development_readout,smishing,1,0.043166368594904,0.6505624581633077,0
review-aa0341109ceb1209,Stacking,303,0,development_readout,normal,2,0.0236238519962735,0.6505624581633077,0
review-b0d0b31ce42bff6d,Stacking,303,0,development_readout,smishing,1,0.5942957732822517,0.6505624581633077,0
review-b495dcabfdc9e6bb,Stacking,303,0,development_readout,smishing,1,0.3246709442630693,0.6505624581633077,0
review-bbb9c61301495984,Stacking,303,0,development_readout,smishing,1,0.979946174356092,0.6505624581633077,1
review-bc64860bdda53d26,Stacking,303,0,development_readout,normal,2,0.0139659403808198,0.6505624581633077,0
review-bc805b9a7fefb4c4,Stacking,303,0,development_readout,smishing,1,0.9300004211635772,0.6505624581633077,1
review-bcc4f27e08342914,Stacking,303,0,development_readout,smishing,1,0.9739036434413358,0.6505624581633077,1
review-c3157c09e695c3c5,Stacking,303,0,development_readout,normal,3,0.0281872182223643,0.6505624581633077,0
review-cbbc72e510f286e3,Stacking,303,0,development_readout,smishing,1,0.9917145496045292,0.6505624581633077,1
review-d1ba629d1b0c0386,Stacking,303,0,development_readout,smishing,4,0.0237293827143019,0.6505624581633077,0
review-d6877eb437269499,Stacking,303,0,development_readout,normal,2,0.0242409057309824,0.6505624581633077,0
review-da0a87e60e534a8c,Stacking,303,0,development_readout,normal,2,0.0177596650602752,0.6505624581633077,0
review-dc7c7acfd6e2db79,Stacking,303,0,development_readout,normal,1,0.4629760629621433,0.6505624581633077,0
review-e384094846a41b50,Stacking,303,0,development_readout,smishing,1,0.9765125898624883,0.6505624581633077,1
review-e4dca6a839df1435,Stacking,303,0,development_readout,normal,2,0.028346440832664,0.6505624581633077,0
review-e597199623b7b146,Stacking,303,0,development_readout,normal,2,0.0351967000462103,0.6505624581633077,0
review-e5c8c789729e554c,Stacking,303,0,development_readout,normal,2,0.0228566985620391,0.6505624581633077,0
review-e9f675e3299ddb73,Stacking,303,0,development_readout,normal,2,0.0611917322501882,0.6505624581633077,0
review-ec018bdef14b4dce,Stacking,303,0,development_readout,smishing,1,0.9903578346196784,0.6505624581633077,1
review-ed9460d363c32a66,Stacking,303,0,development_readout,normal,2,0.0249262731054275,0.6505624581633077,0
review-ee314103593cc397,Stacking,303,0,development_readout,smishing,1,0.6479047926996918,0.6505624581633077,0
review-f0f2fce9301b3378,Stacking,303,0,development_readout,normal,2,0.0179657283703363,0.6505624581633077,0
review-f2b62cb8a35fddc1,Stacking,303,0,development_readout,smishing,1,0.9421469268017976,0.6505624581633077,1
review-f44ca51cbbeda00a,Stacking,303,0,development_readout,smishing,1,0.9930885593093682,0.6505624581633077,1
review-f6f3c364cb66f280,Stacking,303,0,development_readout,normal,2,0.0204464591512242,0.6505624581633077,0
review-f7a215d9e903b41d,Stacking,303,0,development_readout,smishing,1,0.953848038416982,0.6505624581633077,1
review-fd0999fd546bfed8,Stacking,303,0,development_readout,smishing,1,0.990296757893999,0.6505624581633077,1
review-fdc12fa3cc3d98a8,Stacking,303,0,development_readout,smishing,1,0.9913829366396294,0.6505624581633077,1
review-014f431cdb07954a,Stacking,404,0,development_readout,smishing,1,0.8871750174628948,0.4798004037936672,1
review-07c0fb876beabf4b,Stacking,404,0,development_readout,smishing,2,0.2477132442014164,0.4798004037936672,0
review-09dc7d3fa6246119,Stacking,404,0,development_readout,normal,2,0.019998545798012,0.4798004037936672,0
review-0bc7f01b43b4a4f4,Stacking,404,0,development_readout,normal,3,0.0187507540514081,0.4798004037936672,0
review-0cf62fd6142f6cb4,Stacking,404,0,development_readout,smishing,1,0.989172593938207,0.4798004037936672,1
review-0f7f12381c38278e,Stacking,404,0,development_readout,normal,3,0.0184364144337423,0.4798004037936672,0
review-105735240253acfe,Stacking,404,0,development_readout,smishing,1,0.9691933597508616,0.4798004037936672,1
review-10e329e8873017e2,Stacking,404,0,development_readout,smishing,1,0.9759962711090256,0.4798004037936672,1
review-12aedba2ef212671,Stacking,404,0,development_readout,smishing,1,0.9971265277235388,0.4798004037936672,1
review-1538fa93f259c264,Stacking,404,0,development_readout,normal,2,0.0253894849287312,0.4798004037936672,0
review-17bb16430527761d,Stacking,404,0,development_readout,smishing,1,0.9321939064244632,0.4798004037936672,1
review-19cc4ce8b1dbe415,Stacking,404,0,development_readout,smishing,2,0.0171624232432814,0.4798004037936672,0
review-1a4aa7992820ca2a,Stacking,404,0,development_readout,smishing,1,0.985831364662415,0.4798004037936672,1
review-1bee5d35c3ae9550,Stacking,404,0,development_readout,smishing,1,0.9691098319380648,0.4798004037936672,1
review-1c32fedd4b32dd06,Stacking,404,0,development_readout,normal,3,0.0147618416510498,0.4798004037936672,0
review-1c42c25c32f5bd82,Stacking,404,0,development_readout,smishing,1,0.9945497589764418,0.4798004037936672,1
review-1e479c4a302f356c,Stacking,404,0,development_readout,smishing,1,0.1986015359600312,0.4798004037936672,0
review-25104a7eec1f7831,Stacking,404,0,development_readout,smishing,1,0.9844667563962504,0.4798004037936672,1
review-266fac2cf4f9a2fe,Stacking,404,0,development_readout,smishing,1,0.9942924390189294,0.4798004037936672,1
review-2705653809f7ad8f,Stacking,404,0,development_readout,normal,2,0.0402968476905735,0.4798004037936672,0
review-2769abe8fc6ffd87,Stacking,404,0,development_readout,normal,3,0.020289846483709,0.4798004037936672,0
review-293586512b140a4e,Stacking,404,0,development_readout,smishing,1,0.8790264559800391,0.4798004037936672,1
review-2dcd34cb42910200,Stacking,404,0,development_readout,smishing,1,0.9735365090734276,0.4798004037936672,1
review-31a75727a167d60d,Stacking,404,0,development_readout,smishing,1,0.9660217059918332,0.4798004037936672,1
review-3423b715646fd583,Stacking,404,0,development_readout,smishing,1,0.997165010869559,0.4798004037936672,1
review-363f281df3bd9ba4,Stacking,404,0,development_readout,normal,3,0.0195860785178105,0.4798004037936672,0
review-364329807a65a090,Stacking,404,0,development_readout,smishing,1,0.9584789509778266,0.4798004037936672,1
review-39a836fe3d87fa33,Stacking,404,0,development_readout,normal,2,0.014047345628648,0.4798004037936672,0
review-39e0fa05577bfbae,Stacking,404,0,development_readout,smishing,1,0.9970867626914982,0.4798004037936672,1
review-3b5e9306ce7f16f6,Stacking,404,0,development_readout,normal,2,0.0157312565496914,0.4798004037936672,0
review-3c542b2889f7ee41,Stacking,404,0,development_readout,smishing,1,0.9970798132937736,0.4798004037936672,1
review-40f65d491fbb6c91,Stacking,404,0,development_readout,smishing,1,0.9835057569118,0.4798004037936672,1
review-46f3555593434e8a,Stacking,404,0,development_readout,smishing,1,0.9970813312506482,0.4798004037936672,1
review-50c65fd60929a11c,Stacking,404,0,development_readout,smishing,1,0.9848654477654966,0.4798004037936672,1
review-5176dde30e249277,Stacking,404,0,development_readout,normal,2,0.0173251395340262,0.4798004037936672,0
review-5201c5937ee64b08,Stacking,404,0,development_readout,smishing,1,0.963897623614053,0.4798004037936672,1
review-563b94c3e75e8c6d,Stacking,404,0,development_readout,smishing,1,0.0676216378909353,0.4798004037936672,0
review-5784e41a45931326,Stacking,404,0,development_readout,smishing,1,0.8763265119058392,0.4798004037936672,1
review-5a021883af9f96ea,Stacking,404,0,development_readout,normal,3,0.0166391551973743,0.4798004037936672,0
review-5a49e43857a6f8f0,Stacking,404,0,development_readout,smishing,1,0.0425531678818294,0.4798004037936672,0
review-5bd99d54544ce7e3,Stacking,404,0,development_readout,normal,3,0.8309401036201081,0.4798004037936672,1
review-5c8fb855522635b0,Stacking,404,0,development_readout,normal,2,0.0180475351535457,0.4798004037936672,0
review-613647025d825449,Stacking,404,0,development_readout,normal,2,0.0182058520399877,0.4798004037936672,0
review-6521774e33af014d,Stacking,404,0,development_readout,normal,2,0.0251799616726014,0.4798004037936672,0
review-66ef57282af71d4f,Stacking,404,0,development_readout,normal,2,0.0177000463872426,0.4798004037936672,0
review-6925d1d5c92f5e6d,Stacking,404,0,development_readout,normal,2,0.0303515197691246,0.4798004037936672,0
review-6938cc7e883cfae5,Stacking,404,0,development_readout,smishing,1,0.8098622321182058,0.4798004037936672,1
review-6e51f1a0ccb981e6,Stacking,404,0,development_readout,smishing,1,0.9838488307368688,0.4798004037936672,1
review-6ee455a4c31c9039,Stacking,404,0,development_readout,normal,2,0.0261380519441502,0.4798004037936672,0
review-76a47d926f91413e,Stacking,404,0,development_readout,normal,2,0.0143121486471262,0.4798004037936672,0
review-7bc2e45e3ffc6c78,Stacking,404,0,development_readout,normal,2,0.0171813945250883,0.4798004037936672,0
review-833c087c0ab5f903,Stacking,404,0,development_readout,smishing,1,0.9632398619286412,0.4798004037936672,1
review-8858113ca39c4a08,Stacking,404,0,development_readout,smishing,1,0.9885265225446976,0.4798004037936672,1
review-8f6994cbd2075acd,Stacking,404,0,development_readout,smishing,1,0.9785199392895328,0.4798004037936672,1
review-93e39f35ad377da3,Stacking,404,0,development_readout,normal,2,0.0218811846218947,0.4798004037936672,0
review-94b8ffc8b0784e28,Stacking,404,0,development_readout,normal,2,0.0136892695871983,0.4798004037936672,0
review-96be0a4e61349470,Stacking,404,0,development_readout,smishing,1,0.9878857920255386,0.4798004037936672,1
review-9762bd209b88d2ac,Stacking,404,0,development_readout,smishing,1,0.989812156581708,0.4798004037936672,1
review-9833d3f3d2c07833,Stacking,404,0,development_readout,smishing,1,0.9854500234892564,0.4798004037936672,1
review-99553665d7fa8d60,Stacking,404,0,development_readout,normal,2,0.0155818930979207,0.4798004037936672,0
review-9955e43648119f93,Stacking,404,0,development_readout,smishing,1,0.981486493379086,0.4798004037936672,1
review-9a3f12ca280a1c8a,Stacking,404,0,development_readout,normal,3,0.0509704366293445,0.4798004037936672,0
review-9c83743cb64ceb5e,Stacking,404,0,development_readout,normal,2,0.0268105805855511,0.4798004037936672,0
review-a1b685810c820047,Stacking,404,0,development_readout,smishing,1,0.99706802708928,0.4798004037936672,1
review-a966f0861f64ccf4,Stacking,404,0,development_readout,smishing,1,0.9139590870888552,0.4798004037936672,1
review-ac307e4a1651f014,Stacking,404,0,development_readout,smishing,3,0.7913275372742524,0.4798004037936672,1
review-ad512146de7da940,Stacking,404,0,development_readout,smishing,1,0.985454481277206,0.4798004037936672,1
review-b1951ff1f4366cb0,Stacking,404,0,development_readout,normal,2,0.0131072725462199,0.4798004037936672,0
review-b31a9429969a49d0,Stacking,404,0,development_readout,normal,2,0.7366409009653623,0.4798004037936672,1
review-b7a4aa1c4b4f5a68,Stacking,404,0,development_readout,normal,4,0.0328929409450767,0.4798004037936672,0
review-bc5e0069bbad7d67,Stacking,404,0,development_readout,normal,2,0.0155196059258139,0.4798004037936672,0
review-bc694d6c09671509,Stacking,404,0,development_readout,normal,2,0.0159010105918843,0.4798004037936672,0
review-bc805b9a7fefb4c4,Stacking,404,0,development_readout,smishing,1,0.9503162792780264,0.4798004037936672,1
review-bfec2c5d687b5e5a,Stacking,404,0,development_readout,normal,2,0.0513179170866529,0.4798004037936672,0
review-c2b11fa0a2c3336f,Stacking,404,0,development_readout,normal,2,0.0184336787522825,0.4798004037936672,0
review-c58fb60504f6d9d8,Stacking,404,0,development_readout,smishing,1,0.8984739337407529,0.4798004037936672,1
review-c9bef77585bdd4e8,Stacking,404,0,development_readout,smishing,1,0.8937295821262149,0.4798004037936672,1
review-ca722d1baa37caa6,Stacking,404,0,development_readout,smishing,1,0.9970859495045146,0.4798004037936672,1
review-cb32573abbb83f9f,Stacking,404,0,development_readout,smishing,1,0.9971594384023494,0.4798004037936672,1
review-cf827f0ca2b4b9a5,Stacking,404,0,development_readout,smishing,1,0.0522871611590648,0.4798004037936672,0
review-d23755346e397e0d,Stacking,404,0,development_readout,normal,2,0.014101315874535,0.4798004037936672,0
review-d299ebb8c45a2f94,Stacking,404,0,development_readout,smishing,4,0.6418489317889179,0.4798004037936672,1
review-d29c44ff7ec787ac,Stacking,404,0,development_readout,normal,3,0.0308418325991786,0.4798004037936672,0
review-d4f84d432e0d6d48,Stacking,404,0,development_readout,normal,2,0.0168834192525664,0.4798004037936672,0
review-d51050ea94555e33,Stacking,404,0,development_readout,normal,2,0.0145699789632846,0.4798004037936672,0
review-d7a5aa91a1e9ef4b,Stacking,404,0,development_readout,normal,3,0.0251751867413606,0.4798004037936672,0
review-d885dde988ff81fc,Stacking,404,0,development_readout,smishing,1,0.936488253289456,0.4798004037936672,1
review-dc7c7acfd6e2db79,Stacking,404,0,development_readout,normal,1,0.1412470089684486,0.4798004037936672,0
review-dd797ac5b4317bd3,Stacking,404,0,development_readout,smishing,1,0.994487388058688,0.4798004037936672,1
review-e058b93119484125,Stacking,404,0,development_readout,smishing,1,0.9955335877332626,0.4798004037936672,1
review-e0a264aecc7ee1b0,Stacking,404,0,development_readout,normal,2,0.0573083158563975,0.4798004037936672,0
review-e432c718725ac7ae,Stacking,404,0,development_readout,normal,2,0.029403344908883,0.4798004037936672,0
review-e511d7b76f480bc7,Stacking,404,0,development_readout,smishing,1,0.9971143533406284,0.4798004037936672,1
review-e736bb0c132d2dc8,Stacking,404,0,development_readout,smishing,1,0.9476088689195756,0.4798004037936672,1
review-ed79a40573a23e85,Stacking,404,0,development_readout,normal,3,0.5719284156275981,0.4798004037936672,1
review-ed9460d363c32a66,Stacking,404,0,development_readout,normal,2,0.0178279518260823,0.4798004037936672,0
review-edccbb4371a90711,Stacking,404,0,development_readout,smishing,1,0.9945759924520724,0.4798004037936672,1
review-f9b9a4279458f732,Stacking,404,0,development_readout,smishing,1,0.9891451581301004,0.4798004037936672,1
review-fd4a4694d748b8f1,Stacking,404,0,development_readout,smishing,1,0.9155354579415348,0.4798004037936672,1
review-ff1ff6c1bdbeaee2,Stacking,404,0,development_readout,normal,2,0.0162336565297409,0.4798004037936672,0
review-ff57873bcca80e84,Stacking,404,0,development_readout,smishing,1,0.4134647627709279,0.4798004037936672,0
review-ff61b33b22cf09db,Stacking,404,0,development_readout,smishing,1,0.5633126867206826,0.4798004037936672,1
