NOTE: 프로시저 PRINTTO 실행 (총 프로세스 시간):
      실행 시간           0.01 초
      cpu 시간            0.00 초
      

NOTE: SCAMLENS_AB_STAGE=11_reviewer_ab SAS_VERSION=V.04.00M0P021224
NOTE: INPUT_ROOT=/home/student/github/data/processed/sas OUTPUT_ROOT=/home/student/github/outputs/ab_20260914_41DF5F24C4D1E026

    SAS (r) Proprietary Software Release V.04.00  TS1M0

 ENCODING=UTF8     Specifies the default character-set encoding for the SAS session.
NOTE: 프로시저 OPTIONS 실행 (총 프로세스 시간):
      실행 시간           0.00 초
      cpu 시간            0.00 초
      

NOTE: HTML Body 파일 기록 중: 11_reviewer_ab.html
127                                                        SAS 시스템      2026년  9월 18일 금요일 오전 02시 01분 55초

NOTE: %INCLUDE(레벨 3) 파일 /home/student/github/sas/11_reviewer_ab_agreement.sas은(는) 파일 
      /home/student/github/sas/11_reviewer_ab_agreement.sas입니다.
2534  +/* Pre-consensus nominal A/B agreement; final consensus is a separate stratum. */
2535  +%macro sc11_check;
2536  +  %if &syscc ne 0 or &syserr ne 0 %then %do;
2537  +    %put ERROR: SAS 11 stopped after an unsuccessful step.;
2538  +    %abort cancel;
2539  +  %end;
2540  +%mend;
2541  +%macro sc11_run;
2542  +  %global projroot sasdata runout sc11_complete;
2543  +  %local n u bad;
2544  +  %let sc11_complete=0;
2545  +  %if %length(%superq(projroot))=0 %then %let projroot=/home/student/github;
2546  +  %if %length(%superq(sasdata))=0 %then %let sasdata=&projroot./data/processed/sas;
2547  +  %if %length(%superq(runout))=0 %then %do;
2548  +    %put ERROR: Run sas/00_RUN_AB.sas to define a fresh output directory.;
2549  +    %abort cancel;
2550  +  %end;
2551  +  %if not %sysfunc(fileexist(&sasdata./sas_reviewer_ab_20260914.csv)) %then %do;
2552  +    %put ERROR: Missing A/B agreement input.;
2553  +    %abort cancel;
2554  +  %end;
2555  +  data work.sc11_ab;
2556  +    infile "&sasdata./sas_reviewer_ab_20260914.csv" dsd dlm=',' firstobs=2
2557  +      truncover encoding='utf-8' lrecl=32767;
2558  +    length review_id $32 a_category b_category final_category a_action_mask b_action_mask 8
2559  +      resolution_source $48;
2560  +    input review_id $ a_category b_category final_category a_action_mask b_action_mask resolution_source $;
2561  +  run;
2562  +  %sc11_check;
2563  +  proc sql noprint;
2564  +    select count(*),count(distinct review_id) into :n trimmed,:u trimmed from work.sc11_ab;
2565  +    select count(*) into :bad trimmed from work.sc11_ab
2566  +    where missing(review_id) or missing(a_category) or missing(b_category) or missing(final_category)
2567  +      or a_category not in (1,2,3,4) or b_category not in (1,2,3,4)
2568  +      or final_category not in (1,2,3,4)
2569  +      or missing(a_action_mask) or missing(b_action_mask)
2570  +      or a_action_mask<1 or a_action_mask>127 or b_action_mask<1 or b_action_mask>127
2571  +      or a_action_mask ne floor(a_action_mask) or b_action_mask ne floor(b_action_mask)
2572  +      or (band(a_action_mask,16)>0 and a_action_mask ne 16)
2573  +      or (band(b_action_mask,16)>0 and b_action_mask ne 16)
2574  +      or (band(a_action_mask,64)>0 and a_action_mask ne 64)
2575  +      or (band(b_action_mask,64)>0 and b_action_mask ne 64)
2576  +      or resolution_source not in ('auto_agreement_not_human_adjudication','adjudication')
2577  +      or ((resolution_source='auto_agreement_not_human_adjudication') ne
2578  +          (a_category=b_category and a_action_mask=b_action_mask))
2579  +      or (resolution_source='auto_agreement_not_human_adjudication' and final_category ne a_category);
2580  +  quit;
2581  +  %sc11_check;
2582  +  %if &n ne 556 or &u ne 556 or &bad ne 0 %then %do;
2583  +    %put ERROR: Invalid A/B input rows=&n. unique=&u. bad=&bad.;
2584  +    %abort cancel;
2585  +  %end;
2586  +
2587  +  data work.sc11_category_grid;
2588  +    do a_category=1 to 4; do b_category=1 to 4; output; end; end;
2589  +  run;
128                                                        SAS 시스템      2026년  9월 18일 금요일 오전 02시 01분 55초

2590  +  proc sql;
2591  +    create table work.sc11_category_cells as
2592  +    select g.a_category,g.b_category,count(x.review_id) as n
2593  +    from work.sc11_category_grid g left join work.sc11_ab x
2594  +      on g.a_category=x.a_category and g.b_category=x.b_category
2595  +    group by g.a_category,g.b_category order by g.a_category,g.b_category;
2596  +  quit;
2597  +  %sc11_check;
2598  +  data work.sc11_final_category_grid;
2599  +    do final_category=1 to 4; output; end;
2600  +  run;
2601  +  %sc11_check;
2602  +  proc sql;
2603  +    create table work.sc11_final_category_cells as
2604  +    select g.final_category,count(x.review_id) as n
2605  +    from work.sc11_final_category_grid g left join work.sc11_ab x
2606  +      on g.final_category=x.final_category
2607  +    group by g.final_category order by g.final_category;
2608  +  quit;
2609  +  %sc11_check;
2610  +  data work.sc11_final_category_cells;
2611  +    set work.sc11_final_category_cells;
2612  +    proportion=n/&n.;
2613  +    format proportion best32.;
2614  +  run;
2615  +  %sc11_check;
2616  +  data work.sc11_actions;
2617  +    set work.sc11_ab;
2618  +    do action_code=1 to 7;
2619  +      a_value=(band(a_action_mask,2**(action_code-1))>0);
2620  +      b_value=(band(b_action_mask,2**(action_code-1))>0);
2621  +      output;
2622  +    end;
2623  +    keep review_id action_code a_value b_value;
2624  +  run;
2625  +  data work.sc11_action_grid;
2626  +    do action_code=1 to 7; do a_value=0 to 1; do b_value=0 to 1; output; end; end; end;
2627  +  run;
2628  +  proc sql;
2629  +    create table work.sc11_action_cells as
2630  +    select g.action_code,g.a_value,g.b_value,count(x.review_id) as n
2631  +    from work.sc11_action_grid g left join work.sc11_actions x
2632  +      on g.action_code=x.action_code and g.a_value=x.a_value and g.b_value=x.b_value
2633  +    group by g.action_code,g.a_value,g.b_value order by g.action_code,g.a_value,g.b_value;
2634  +  quit;
2635  +  %sc11_check;
2636  +
2637  +  /* Both axes include all codes, including zero frequency rows and columns. */
2638  +  data work.sc11_all_cells;
2639  +    length measure $32;
2640  +    set work.sc11_category_cells(in=category) work.sc11_action_cells(in=action);
2641  +    if category then do; measure='category'; av=a_category; bv=b_category; end;
2642  +    if action then do; measure=cats('action_',action_code); av=a_value; bv=b_value; end;
2643  +    keep measure av bv n;
2644  +  run;
2645  +  proc sql;
2646  +    create table work.sc11_margina as select measure,av,sum(n) as na
2647  +      from work.sc11_all_cells group by measure,av;
129                                                        SAS 시스템      2026년  9월 18일 금요일 오전 02시 01분 55초

2648  +    create table work.sc11_marginb as select measure,bv,sum(n) as nb
2649  +      from work.sc11_all_cells group by measure,bv;
2650  +    create table work.sc11_chance as select a.measure,sum(a.na*b.nb) as numerator
2651  +      from work.sc11_margina a inner join work.sc11_marginb b
2652  +      on a.measure=b.measure and a.av=b.bv group by a.measure;
2653  +    create table work.sc11_totals as select measure,sum(n) as n,
2654  +      sum(case when av=bv then n else 0 end) as agree_n
2655  +      from work.sc11_all_cells group by measure;
2656  +    create table work.sc11_agreement as select t.*,c.numerator
2657  +      from work.sc11_totals t inner join work.sc11_chance c on t.measure=c.measure;
2658  +    create table work.sc11_action_set as select 'action_set' as measure length=32,
2659  +      count(*) as n,sum(a_action_mask=b_action_mask) as agree_n from work.sc11_ab;
2660  +  quit;
2661  +  %sc11_check;
2662  +  data work.sc11_agreement;
2663  +    set work.sc11_agreement work.sc11_action_set;
2664  +    agreement=.; kappa=.;
2665  +    if n>0 then do;
2666  +      agreement=agree_n/n;
2667  +      if measure ne 'action_set' then do;
2668  +        pe=numerator/(n*n);
2669  +        if pe<1 then kappa=(agreement-pe)/(1-pe);
2670  +      end;
2671  +    end;
2672  +    format agreement kappa best32.;
2673  +    keep measure n agree_n agreement kappa;
2674  +  run;
2675  +  %sc11_check;
2676  +
2677  +  title 'Pre-consensus A/B categories: use unweighted kappa only';
2678  +  proc freq data=work.sc11_category_cells;
2679  +    tables a_category*b_category / agree;
2680  +    weight n / zeros;
2681  +  run;
2682  +  %sc11_check;
2683  +  title 'Pre-consensus action indicators: descriptive agreement';
2684  +  proc freq data=work.sc11_action_cells;
2685  +    by action_code;
2686  +    tables a_value*b_value / agree;
2687  +    weight n / zeros;
2688  +  run;
2689  +  %sc11_check;
2690  +  title 'Pre-consensus agreement: category, exact action set, individual actions';
2691  +  proc print data=work.sc11_agreement noobs; run;
2692  +  title 'Final consensus category counts: separate descriptive table';
2693  +  proc freq data=work.sc11_ab; tables final_category; run;
2694  +  %sc11_check;
2695  +  proc export data=work.sc11_category_cells outfile="&runout./11_category_cells.csv" dbms=csv replace; run;
2696  +  %sc11_check;
2697  +  proc export data=work.sc11_final_category_cells outfile="&runout./11_final_category_cells.csv" dbms=csv replace; run;
2698  +  %sc11_check;
2699  +  proc export data=work.sc11_agreement outfile="&runout./11_agreement.csv" dbms=csv replace; run;
2700  +  %sc11_check;
2701  +  proc export data=work.sc11_action_cells outfile="&runout./11_action_cells.csv" dbms=csv replace; run;
2702  +  %sc11_check;
2703  +  title;
2704  +  %let sc11_complete=1;
2705  +  %put NOTE: A was AI-assisted. B used no AI and had no prior answer/label/prediction exposure per user attestation.;
130                                                        SAS 시스템      2026년  9월 18일 금요일 오전 02시 01분 55초

2706  +  %put NOTE: Agreement is descriptive review evidence, not detection accuracy.;
2707  +  %put NOTE: SCAMLENS_11_COMPLETE;
2708  +%mend;
2709  +%sc11_run;
ERROR: Attempt to %GLOBAL a name (SASDATA) which exists in a local environment.
ERROR: Attempt to %GLOBAL a name (RUNOUT) which exists in a local environment.

NOTE: 위 오류로 인해 SAS는 OBS=0 옵션을 설정하고, 구문 확인 모드를 활성화합니다. 
      이렇게 하면 이후 데이터 수정 문장이 실행되지 않습니다.
NOTE: 데이터셋 WORK.SC11_AB에 0개의 관측값과 7개의 변수가 있습니다.
NOTE: DATA 문장 실행 (총 프로세스 시간):
      실행 시간           0.00 초
      cpu 시간            0.00 초
      

ERROR: SAS 11 stopped after an unsuccessful step.
ERROR: %ABORT CANCEL 문으로 실행을 취소했습니다.
NOTE: %INCLUDE(레벨 3)를 종료 중입니다.
NOTE: %INCLUDE(레벨 2)를 다시 시작하는 중입니다.
NOTE: %INCLUDE(레벨 2)를 종료 중입니다.
NOTE: %INCLUDE(레벨 1)를 다시 시작하는 중입니다.
NOTE: %INCLUDE(레벨 1)를 종료 중입니다.
NOTE: SAS 시스템이 CANCEL 요청을 수신해서 프로세스를 중단했습니다.
1                                                          SAS 시스템      2026년  9월 18일 금요일 오전 02시 05분 54초

1      /* region: 생성한 프리앰블 */
2      /* 현재 디렉터리가 쓰기 가능한지 확인하십시오. */
3      data _null_;
4          length rc 4;
5          %let tworkloc="%sysfunc(getoption(work))";
6          rc=dlgcdir(&tworkloc);
7      run;

NOTE: '/opt/sas/viya/config/var/tmp/compsrv/default/04ee8070-d54a-4535-b462-e3946f5f09eb/SAS_work5D21000001EB_sas-compute-server-2b4
      73bef-58e9-4c87-8086-f8861afdcf8a-85'은(는) 현재 작동 중인 디렉터리입니다.
NOTE: DATA 문장 실행 (총 프로세스 시간):
      실행 시간           0.00 초
      cpu 시간            0.00 초
      

8      
9      /* 옵션 설정 */
10     title;
11     footnote;
12     options validvarname=any;
13     options validmemname=extend;
14     options dtreset date number;
15     options device=png;
16     
17     /* 매크로 변수 설정 */
18     %let syscc=0;
19     %let _clientapp = %nrquote(%nrstr(SAS Studio));
20     %let _clientappabbrev = %nrquote(%nrstr(Studio));
21     %let _clientappversion=2024.02;
22     %let _clientversion=;
23     %let _sasservername=&SYSHOSTNAME;
24     %let _sashostname=&SYSHOSTNAME;
25     %let _sasprogramfilehost=&SYSHOSTNAME;
26     %let _clientuserid = %nrquote(%nrstr(student));
27     %let _clientusername = %nrquote(%nrstr(Student));
28     %let clientmachine = %nrquote(%nrstr());
29     %let _clientmachine = %nrquote(%nrstr());
30     %let _clientmode = %nrquote(%nrstr(viya));
31     %let sasworklocation="%sysfunc(getoption(work))/";
32     filename _cwd &sasworklocation;
33     data _null_;
34         call symput('_sasworkingdir',pathname('_cwd'));
35     run;

NOTE: DATA 문장 실행 (총 프로세스 시간):
      실행 시간           0.00 초
      cpu 시간            0.00 초
      

36     filename _cwd;
NOTE: Fileref _CWD을(를) 삭제했습니다.
37     %let _sasprogramfile = %nrquote(%nrstr());
38     %let _baseurl = %nrquote(%nrstr(https://server.demo.sas.com/SASStudio/));
39     %let _execenv = %nrquote(%nrstr(SASStudio));
40     %symdel _dataout_mime_type _dataout_name _dataout_url _dataout_table / nowarn;
41     %let _sasws_ = %bquote(%sysfunc(getoption(work)));
42     %let _saswstemp_ = %bquote(%sysfunc(getoption(work)));
43     
2                                                          SAS 시스템      2026년  9월 18일 금요일 오전 02시 05분 54초

44     /* SAS/Graph 감지 및 그래프 옵션 설정 */
45     data _null_;
46         length rc $255;
47         call symput("graphinit","");
48         call symput("graphterm","");
49         rc=tslvl('sasxgopt','n');
50         _error_=0;
51         if (rc^=' ') then do;
52             call symput("graphinit","goptions reset=all gsfname=_gsfname;");
53             call symput("graphterm","goptions noaccessible;");
54         end;
55     run;

NOTE: DATA 문장 실행 (총 프로세스 시간):
      실행 시간           0.00 초
      cpu 시간            0.00 초
      

56     data _null_;
57         length rc 4;
58         rc=sysprod("PRODNUM002");
59         if (rc^=1) then do;
60             call symput("graphinit","");
61             call symput("graphterm","");
62         end;
63     run;

NOTE: DATA 문장 실행 (총 프로세스 시간):
      실행 시간           0.00 초
      cpu 시간            0.00 초
      

64     
65     /* ODS 대상 설정 */
66     ods _all_ close;
67     %studio_results_directory;
68     filename _htmlout "&_results_prefix_..html";
69     filename _listout "&_results_prefix_..lst";
70     filename _gsfname temp;
71     filename _dataout "&_results_prefix_..dat";
72     ods autonavigate off;
73     ods graphics on;
74     ods html5 (id=web) METATEXT='http-equiv="Content-Security-Policy" content="default-src ''none''; style-src ''unsafe-inline'';
74   !  img-src data: ;"' device=png gpath="&_saswstemp_" path="&_saswstemp_" encoding=utf8 file=_htmlout (title='결과:Git
74   ! 레파지토리 파일 풀') style=Illuminate options(bitmap_mode='inline' outline='on' svg_mode='inline'
74   ! css_prefix=".ods_&SYS_COMPUTE_JOB_ID" body_id="div_&SYS_COMPUTE_JOB_ID" );
NOTE: HTML5(WEB) Body 파일 기록 중: _HTMLOUT
75     ods listing file=_listout;
76     &graphinit;
77     %studio_initialize_custom_output;
78     /* endregion */
79     
80     
81     proc datasets lib=WORK;
                                                             Directory

라이브러리 참조    WORK                                                                                                      
엔진                    V9                                                                                                        
3                                                          SAS 시스템      2026년  9월 18일 금요일 오전 02시 05분 54초

                                                             Directory

물리적 경로          /opt/sas/viya/config/var/tmp/compsrv/default/04ee8070-d54a-4535-b462-e3946f5f09eb/                        
                          SAS_work5D21000001EB_sas-compute-server-2b473bef-58e9-4c87-8086-f8861afdcf8a-85                           
파일 이름             /opt/sas/viya/config/var/tmp/compsrv/default/04ee8070-d54a-4535-b462-e3946f5f09eb/                        
                          SAS_work5D21000001EB_sas-compute-server-2b473bef-58e9-4c87-8086-f8861afdcf8a-85                           
Inode 번호              30146624                                                                                                  
액세스 권한          rwx------                                                                                                 
소유자 이름          UNKNOWN                                                                                                   
파일 크기             20KB                                                                                                      
파일 크기(바이트)  20480                                                                                                     


                                                          멤버      파일 크
                         #  이름                        유형             기  마지막 수정일

                         1  ATTACK_DETECTION              DATA             128KB  2026.09.18 05:59:24        
                         2  ATTACK_DETECTION_CI           DATA             128KB  2026.09.18 05:59:24        
                         3  BINNED                        DATA             896KB  2026.09.18 05:59:09        
                         4  BY_ATTACK                     DATA             128KB  2026.09.18 05:59:24        
                         5  CELL_COUNTS                   DATA             128KB  2026.09.18 05:59:05        
                         6  CONTRAST                      DATA             640KB  2026.09.18 05:59:21        
                         7  CONV_FULL                     DATA             128KB  2026.09.18 05:59:07        
                         8  CONV_INTER                    DATA             128KB  2026.09.18 05:59:09        
                         9  CONV_INTER_YEAR               DATA             128KB  2026.09.18 05:59:09        
                        10  CONV_MAIN                     DATA             128KB  2026.09.18 05:59:07        
                        11  CONV_RARE                     DATA             128KB  2026.09.18 05:59:10        
                        12  CONV_SIM                      DATA             128KB  2026.09.18 05:59:06        
                        13  CONV_TYPE                     DATA             128KB  2026.09.18 05:59:07        
                        14  CONV_YEAR                     DATA             128KB  2026.09.18 05:59:06        
                        15  CONV_YEAR_TYPE                DATA             128KB  2026.09.18 05:59:08        
                        16  DIST                          DATA             640KB  2026.09.18 05:59:25        
                        17  DOMINANT                      DATA             768KB  2026.09.18 05:59:05        
                        18  EST_FULL                      DATA             128KB  2026.09.18 05:59:07        
                        19  EST_INTER                     DATA             128KB  2026.09.18 05:59:09        
                        20  EST_INTER_YEAR                DATA             128KB  2026.09.18 05:59:09        
                        21  EST_MAIN                      DATA             128KB  2026.09.18 05:59:07        
                        22  EST_RARE                      DATA             128KB  2026.09.18 05:59:10        
                        23  EST_SIM                       DATA             128KB  2026.09.18 05:59:06        
                        24  EST_TYPE                      DATA             128KB  2026.09.18 05:59:07        
                        25  EST_YEAR                      DATA             128KB  2026.09.18 05:59:06        
                        26  EST_YEAR_TYPE                 DATA             128KB  2026.09.18 05:59:08        
                        27  EXCLUDED_NON_DOMINANT         DATA             128KB  2026.09.18 05:59:05        
                        28  EXCLUDED_SMALL_YEAR           DATA             128KB  2026.09.18 05:59:05        
                        29  EXT                           DATA             768KB  2026.09.18 05:59:05        
                        30  EXTERNAL                      DATA             768KB  2026.09.18 05:59:05        
                        31  FAGE                          DATA               5MB  2026.09.18 05:59:27        
                        32  FAGE_A_CAL_101                DATA             768KB  2026.09.18 06:00:07        
                        33  FAGE_A_CAL_202                DATA             704KB  2026.09.18 06:00:37        
                        34  FAGE_A_CAL_303                DATA             704KB  2026.09.18 06:01:04        
                        35  FAGE_A_CAL_404                DATA             704KB  2026.09.18 06:01:32        
                        36  FAGE_A_CAL_42                 DATA             768KB  2026.09.18 05:59:32        
                        37  FAGE_A_CV_101                 DATA             128KB  2026.09.18 06:00:07        
                        38  FAGE_A_CV_202                 DATA             128KB  2026.09.18 06:00:37        
                        39  FAGE_A_CV_303                 DATA             128KB  2026.09.18 06:01:04        
                        40  FAGE_A_CV_404                 DATA             128KB  2026.09.18 06:01:32        
                        41  FAGE_A_CV_42                  DATA             128KB  2026.09.18 05:59:32        
                        42  FAGE_A_FIT_101                DATA             128KB  2026.09.18 06:00:07        
4                                                          SAS 시스템      2026년  9월 18일 금요일 오전 02시 05분 54초

                                                          멤버      파일 크
                         #  이름                        유형             기  마지막 수정일

                        43  FAGE_A_FIT_202                DATA             128KB  2026.09.18 06:00:37        
                        44  FAGE_A_FIT_303                DATA             128KB  2026.09.18 06:01:04        
                        45  FAGE_A_FIT_404                DATA             128KB  2026.09.18 06:01:32        
                        46  FAGE_A_FIT_42                 DATA             128KB  2026.09.18 05:59:32        
                        47  FAGE_A_MODEL_101              DATA             128KB  2026.09.18 06:00:07        
                        48  FAGE_A_MODEL_202              DATA             128KB  2026.09.18 06:00:37        
                        49  FAGE_A_MODEL_303              DATA             128KB  2026.09.18 06:01:04        
                        50  FAGE_A_MODEL_404              DATA             128KB  2026.09.18 06:01:32        
                        51  FAGE_A_MODEL_42               DATA             128KB  2026.09.18 05:59:32        
                        52  FAGE_A_PE_101                 DATA             128KB  2026.09.18 06:00:07        
                        53  FAGE_A_PE_202                 DATA             128KB  2026.09.18 06:00:37        
                        54  FAGE_A_PE_303                 DATA             128KB  2026.09.18 06:01:04        
                        55  FAGE_A_PE_404                 DATA             128KB  2026.09.18 06:01:32        
                        56  FAGE_A_PE_42                  DATA             128KB  2026.09.18 05:59:32        
                        57  FAGE_A_READ_101               DATA             640KB  2026.09.18 06:00:07        
                        58  FAGE_A_READ_202               DATA             768KB  2026.09.18 06:00:37        
                        59  FAGE_A_READ_303               DATA             768KB  2026.09.18 06:01:04        
                        60  FAGE_A_READ_404               DATA             640KB  2026.09.18 06:01:32        
                        61  FAGE_A_READ_42                DATA             640KB  2026.09.18 05:59:32        
                        62  FAGE_CAL                      DATA             640KB  2026.09.18 06:01:32        
                        63  FAGE_CAL_101                  DATA             704KB  2026.09.18 05:59:59        
                        64  FAGE_CAL_202                  DATA             640KB  2026.09.18 06:00:31        
                        65  FAGE_CAL_303                  DATA             640KB  2026.09.18 06:00:58        
                        66  FAGE_CAL_404                  DATA             640KB  2026.09.18 06:01:25        
                        67  FAGE_CAL_42                   DATA             704KB  2026.09.18 05:59:28        
                        68  FAGE_CV_101                   DATA             128KB  2026.09.18 05:59:59        
                        69  FAGE_CV_202                   DATA             128KB  2026.09.18 06:00:31        
                        70  FAGE_CV_303                   DATA             128KB  2026.09.18 06:00:58        
                        71  FAGE_CV_404                   DATA             128KB  2026.09.18 06:01:25        
                        72  FAGE_CV_42                    DATA             128KB  2026.09.18 05:59:28        
                        73  FAGE_C_CAL_101                DATA             768KB  2026.09.18 06:00:10        
                        74  FAGE_C_CAL_202                DATA             704KB  2026.09.18 06:00:40        
                        75  FAGE_C_CAL_303                DATA             704KB  2026.09.18 06:01:07        
                        76  FAGE_C_CAL_404                DATA             704KB  2026.09.18 06:01:35        
                        77  FAGE_C_CAL_42                 DATA             768KB  2026.09.18 05:59:36        
                        78  FAGE_C_CV_101                 DATA             128KB  2026.09.18 06:00:10        
                        79  FAGE_C_CV_202                 DATA             128KB  2026.09.18 06:00:40        
                        80  FAGE_C_CV_303                 DATA             128KB  2026.09.18 06:01:07        
                        81  FAGE_C_CV_404                 DATA             128KB  2026.09.18 06:01:35        
                        82  FAGE_C_CV_42                  DATA             128KB  2026.09.18 05:59:36        
                        83  FAGE_C_FIT_101                DATA             128KB  2026.09.18 06:00:10        
                        84  FAGE_C_FIT_202                DATA             128KB  2026.09.18 06:00:40        
                        85  FAGE_C_FIT_303                DATA             128KB  2026.09.18 06:01:07        
                        86  FAGE_C_FIT_404                DATA             128KB  2026.09.18 06:01:35        
                        87  FAGE_C_FIT_42                 DATA             128KB  2026.09.18 05:59:36        
                        88  FAGE_C_MODEL_101              DATA             128KB  2026.09.18 06:00:10        
                        89  FAGE_C_MODEL_202              DATA             128KB  2026.09.18 06:00:40        
                        90  FAGE_C_MODEL_303              DATA             128KB  2026.09.18 06:01:07        
                        91  FAGE_C_MODEL_404              DATA             128KB  2026.09.18 06:01:35        
                        92  FAGE_C_MODEL_42               DATA             128KB  2026.09.18 05:59:36        
                        93  FAGE_C_PE_101                 DATA             128KB  2026.09.18 06:00:10        
                        94  FAGE_C_PE_202                 DATA             128KB  2026.09.18 06:00:40        
                        95  FAGE_C_PE_303                 DATA             128KB  2026.09.18 06:01:07        
                        96  FAGE_C_PE_404                 DATA             128KB  2026.09.18 06:01:35        
                        97  FAGE_C_PE_42                  DATA             128KB  2026.09.18 05:59:36        
5                                                          SAS 시스템      2026년  9월 18일 금요일 오전 02시 05분 54초

                                                          멤버      파일 크
                         #  이름                        유형             기  마지막 수정일

                        98  FAGE_C_READ_101               DATA             640KB  2026.09.18 06:00:10        
                        99  FAGE_C_READ_202               DATA             768KB  2026.09.18 06:00:40        
                       100  FAGE_C_READ_303               DATA             768KB  2026.09.18 06:01:07        
                       101  FAGE_C_READ_404               DATA             640KB  2026.09.18 06:01:35        
                       102  FAGE_C_READ_42                DATA             640KB  2026.09.18 05:59:36        
                       103  FAGE_FIT_101                  DATA             128KB  2026.09.18 05:59:59        
                       104  FAGE_FIT_202                  DATA             128KB  2026.09.18 06:00:31        
                       105  FAGE_FIT_303                  DATA             128KB  2026.09.18 06:00:58        
                       106  FAGE_FIT_404                  DATA             128KB  2026.09.18 06:01:25        
                       107  FAGE_FIT_42                   DATA             128KB  2026.09.18 05:59:28        
                       108  FAGE_GRID                     DATA             563MB  2026.09.18 06:01:51        
                       109  FAGE_MODEL_101                DATA             128KB  2026.09.18 05:59:59        
                       110  FAGE_MODEL_202                DATA             128KB  2026.09.18 06:00:31        
                       111  FAGE_MODEL_303                DATA             128KB  2026.09.18 06:00:58        
                       112  FAGE_MODEL_404                DATA             128KB  2026.09.18 06:01:25        
                       113  FAGE_MODEL_42                 DATA             128KB  2026.09.18 05:59:28        
                       114  FAGE_PE_101                   DATA             128KB  2026.09.18 05:59:59        
                       115  FAGE_PE_202                   DATA             128KB  2026.09.18 06:00:31        
                       116  FAGE_PE_303                   DATA             128KB  2026.09.18 06:00:58        
                       117  FAGE_PE_404                   DATA             128KB  2026.09.18 06:01:25        
                       118  FAGE_PE_42                    DATA             128KB  2026.09.18 05:59:28        
                       119  FAGE_READ                     DATA             576KB  2026.09.18 06:01:25        
                       120  FAGE_READOUT_FPR              DATA             128KB  2026.09.18 06:01:54        
                       121  FAGE_READOUT_NOURL            DATA             128KB  2026.09.18 06:01:54        
                       122  FAGE_READOUT_SCORED           DATA              17MB  2026.09.18 06:01:54        
                       123  FAGE_READ_101                 DATA             640KB  2026.09.18 05:59:59        
                       124  FAGE_READ_202                 DATA             768KB  2026.09.18 06:00:31        
                       125  FAGE_READ_303                 DATA             768KB  2026.09.18 06:00:58        
                       126  FAGE_READ_404                 DATA             640KB  2026.09.18 06:01:25        
                       127  FAGE_READ_42                  DATA             640KB  2026.09.18 05:59:28        
                       128  FAGE_STACK_CV_101             DATA             128KB  2026.09.18 05:59:59        
                       129  FAGE_STACK_CV_202             DATA             128KB  2026.09.18 06:00:31        
                       130  FAGE_STACK_CV_303             DATA             128KB  2026.09.18 06:00:58        
                       131  FAGE_STACK_CV_404             DATA             128KB  2026.09.18 06:01:25        
                       132  FAGE_STACK_CV_42              DATA             128KB  2026.09.18 05:59:27        
                       133  FAGE_STACK_FIT_101            DATA             128KB  2026.09.18 05:59:59        
                       134  FAGE_STACK_FIT_202            DATA             128KB  2026.09.18 06:00:31        
                       135  FAGE_STACK_FIT_303            DATA             128KB  2026.09.18 06:00:58        
                       136  FAGE_STACK_FIT_404            DATA             128KB  2026.09.18 06:01:25        
                       137  FAGE_STACK_FIT_42             DATA             128KB  2026.09.18 05:59:27        
                       138  FAGE_STACK_MODEL_101          DATA             128KB  2026.09.18 05:59:59        
                       139  FAGE_STACK_MODEL_202          DATA             128KB  2026.09.18 06:00:31        
                       140  FAGE_STACK_MODEL_303          DATA             128KB  2026.09.18 06:00:58        
                       141  FAGE_STACK_MODEL_404          DATA             128KB  2026.09.18 06:01:25        
                       142  FAGE_STACK_MODEL_42           DATA             128KB  2026.09.18 05:59:27        
                       143  FAGE_STACK_PE_101             DATA             128KB  2026.09.18 05:59:59        
                       144  FAGE_STACK_PE_202             DATA             128KB  2026.09.18 06:00:31        
                       145  FAGE_STACK_PE_303             DATA             128KB  2026.09.18 06:00:58        
                       146  FAGE_STACK_PE_404             DATA             128KB  2026.09.18 06:01:25        
                       147  FAGE_STACK_PE_42              DATA             128KB  2026.09.18 05:59:27        
                       148  FAGE_THRESHOLDS               DATA             128KB  2026.09.18 06:01:54        
                       149  FAGE_THRESHOLD_STATS          DATA             128KB  2026.09.18 06:01:54        
                       150  FAGE_TH_ROW                   DATA             128KB  2026.09.18 06:01:54        
                       151  FIT_FULL                      DATA             128KB  2026.09.18 05:59:07        
                       152  FIT_INTER                     DATA             128KB  2026.09.18 05:59:09        
6                                                          SAS 시스템      2026년  9월 18일 금요일 오전 02시 05분 54초

                                                          멤버      파일 크
                         #  이름                        유형             기  마지막 수정일

                       153  FIT_INTER_YEAR                DATA             128KB  2026.09.18 05:59:09        
                       154  FIT_MAIN                      DATA             128KB  2026.09.18 05:59:07        
                       155  FIT_RARE                      DATA             128KB  2026.09.18 05:59:10        
                       156  FIT_SIM                       DATA             128KB  2026.09.18 05:59:06        
                       157  FIT_TYPE                      DATA             128KB  2026.09.18 05:59:07        
                       158  FIT_YEAR                      DATA             128KB  2026.09.18 05:59:06        
                       159  FIT_YEAR_TYPE                 DATA             128KB  2026.09.18 05:59:08        
                       160  FLOW_ROWS                     DATA               3MB  2026.09.18 05:59:05        
                       161  FNR_BY_URL                    DATA             128KB  2026.09.18 05:59:25        
                       162  FORMATS                       CATALOG           24KB  2026.09.18 05:54:21        
                       163  FPR_BY_URL                    DATA             128KB  2026.09.18 05:59:24        
                       164  GRID                          DATA             121MB  2026.09.18 05:59:16        
                       165  JOINT_FULL                    DATA             128KB  2026.09.18 05:59:07        
                       166  JOINT_INTER                   DATA             128KB  2026.09.18 05:59:09        
                       167  JOINT_INTER_YEAR              DATA             128KB  2026.09.18 05:59:09        
                       168  JOINT_MAIN                    DATA             128KB  2026.09.18 05:59:07        
                       169  JOINT_RARE                    DATA             128KB  2026.09.18 05:59:10        
                       170  JOINT_TYPE                    DATA             128KB  2026.09.18 05:59:07        
                       171  JOINT_YEAR                    DATA             128KB  2026.09.18 05:59:06        
                       172  JOINT_YEAR_TYPE               DATA             128KB  2026.09.18 05:59:08        
                       173  KCBERT_15ARMS                 DATA             128KB  2026.09.18 05:54:21        
                       174  KCBERT_ARM_SUMMARY            DATA             128KB  2026.09.18 05:54:21        
                       175  KCBERT_SUBGROUP_URL           DATA             128KB  2026.09.18 05:54:21        
                       176  KCBERT_TOP_UNCERTAIN          DATA             128KB  2026.09.18 05:54:21        
                       177  KCBERT_TRANSITIONS            DATA             128KB  2026.09.18 05:54:21        
                       178  LR_INTERACTION                DATA             128KB  2026.09.18 05:59:09        
                       179  LR_INTERACTION_ADJUSTED_YEAR  DATA             128KB  2026.09.18 05:59:09        
                       180  LR_JOINT_YEAR                 DATA             128KB  2026.09.18 05:59:09        
                       181  LR_YEAR_ADDITIVE              DATA             128KB  2026.09.18 05:59:08        
                       182  LR_YEAR_TYPE                  DATA             128KB  2026.09.18 05:59:08        
                       183  MALICIOUS_TEST                DATA             256KB  2026.09.18 05:59:16        
                       184  MALICIOUS_TEST_CI             DATA             256KB  2026.09.18 05:59:16        
                       185  METAMODEL                     DATA             128KB  2026.09.18 05:59:16        
                       186  META_CONVERGENCE              DATA             128KB  2026.09.18 05:59:16        
                       187  META_FIT_STATISTICS           DATA             128KB  2026.09.18 05:59:16        
                       188  META_ODDS_CI                  DATA             128KB  2026.09.18 05:59:16        
                       189  META_PARAMETERS               DATA             128KB  2026.09.18 05:59:16        
                       190  META_URL_BLOCK_TEST           DATA             128KB  2026.09.18 05:59:16        
                       191  MSGTEXT                       DATA             131MB  2026.09.18 05:59:16        
                       192  NOBS_FULL                     DATA             128KB  2026.09.18 05:59:07        
                       193  NOBS_INTER                    DATA             128KB  2026.09.18 05:59:09        
                       194  NOBS_INTER_YEAR               DATA             128KB  2026.09.18 05:59:09        
                       195  NOBS_MAIN                     DATA             128KB  2026.09.18 05:59:07        
                       196  NOBS_RARE                     DATA             128KB  2026.09.18 05:59:10        
                       197  NOBS_SIM                      DATA             128KB  2026.09.18 05:59:06        
                       198  NOBS_TYPE                     DATA             128KB  2026.09.18 05:59:07        
                       199  NOBS_YEAR                     DATA             128KB  2026.09.18 05:59:06        
                       200  NOBS_YEAR_TYPE                DATA             128KB  2026.09.18 05:59:08        
                       201  NORMAL_TEST                   DATA             512KB  2026.09.18 05:59:16        
                       202  NORMAL_TEST_CI                DATA             512KB  2026.09.18 05:59:16        
                       203  OR_FULL                       DATA             128KB  2026.09.18 05:59:07        
                       204  OR_INTER                      DATA             128KB  2026.09.18 05:59:09        
                       205  OR_INTER_YEAR                 DATA             128KB  2026.09.18 05:59:09        
                       206  OR_MAIN                       DATA             128KB  2026.09.18 05:59:07        
                       207  OR_RARE                       DATA             128KB  2026.09.18 05:59:10        
7                                                          SAS 시스템      2026년  9월 18일 금요일 오전 02시 05분 54초

                                                          멤버      파일 크
                         #  이름                        유형             기  마지막 수정일

                       208  OR_SIM                        DATA             128KB  2026.09.18 05:59:06        
                       209  OR_TYPE                       DATA             128KB  2026.09.18 05:59:07        
                       210  OR_YEAR                       DATA             128KB  2026.09.18 05:59:06        
                       211  OR_YEAR_TYPE                  DATA             128KB  2026.09.18 05:59:08        
                       212  PARMS                         CATALOG           24KB  2026.09.18 06:01:55        
                       213  PRED_BINNED                   DATA             896KB  2026.09.18 05:59:09        
                       214  PRED_INTER                    DATA             832KB  2026.09.18 05:59:09        
                       215  PROFILE                       CATALOG           12KB  2026.09.18 05:53:47        
                       216  READ_ONE                      DATA             448KB  2026.09.18 06:01:54        
                       217  READ_SCORED                   DATA             832KB  2026.09.18 06:01:54        
                       218  REGSTRY                       ITEMSTOR          32KB  2026.09.18 05:53:47        
                       219  ROBUSTNESS                    DATA             128KB  2026.09.18 05:59:27        
                       220  ROC_AUC_ALL                   DATA             128KB  2026.09.18 05:59:19        
                       221  ROC_AUC_URL                   DATA             128KB  2026.09.18 05:59:20        
                       222  ROC_COMPARISON                DATA             768KB  2026.09.18 05:59:17        
                       223  ROC_DIFFERENCE_ALL            DATA             128KB  2026.09.18 05:59:19        
                       224  ROC_DIFFERENCE_URL            DATA             128KB  2026.09.18 05:59:20        
                       225  SAMPLE_FLOW                   DATA             128KB  2026.09.18 05:59:05        
                       226  SAMPLE_FLOW_YEAR              DATA             128KB  2026.09.18 05:59:05        
                       227  SASGOPT                       CATALOG           12KB  2026.09.18 05:53:54        
                       228  SASMAC1                       CATALOG           20KB  2026.09.18 05:59:24        
                       229  SASMAC3                       CATALOG           20KB  2026.09.18 06:05:54        
                       230  SASMACR                       CATALOG          384KB  2026.09.18 06:05:54        
                       231  SC11_AB                       DATA             128KB  2026.09.18 06:01:55        
                       232  SCAB_STATUS                   DATA             128KB  2026.09.18 06:01:55        
                       233  SCAMLENS_PIPELINE_SUMMARY     DATA             128KB  2026.09.18 05:57:16        
                       234  SCAMLENS_RUN_STATUS           DATA             128KB  2026.09.18 06:01:55        
                       235  SCAMLENS_STEP_STATUS          DATA             128KB  2026.09.18 06:01:55        
                       236  SCORED                        DATA               4MB  2026.09.18 05:59:16        
                       237  SCORES                        DATA               4MB  2026.09.18 05:59:15        
                       238  SLKC_BASELINE                 DATA             128KB  2026.09.18 05:54:24        
                       239  SLKC_READBACK                 DATA             128KB  2026.09.18 05:54:24        
                       240  STACK_CAL_101                 DATA             704KB  2026.09.18 05:59:59        
                       241  STACK_CAL_202                 DATA             640KB  2026.09.18 06:00:31        
                       242  STACK_CAL_303                 DATA             640KB  2026.09.18 06:00:58        
                       243  STACK_CAL_404                 DATA             640KB  2026.09.18 06:01:25        
                       244  STACK_CAL_42                  DATA             704KB  2026.09.18 05:59:28        
                       245  STACK_READ_101                DATA             640KB  2026.09.18 05:59:59        
                       246  STACK_READ_202                DATA             768KB  2026.09.18 06:00:31        
                       247  STACK_READ_303                DATA             768KB  2026.09.18 06:00:58        
                       248  STACK_READ_404                DATA             640KB  2026.09.18 06:01:25        
                       249  STACK_READ_42                 DATA             640KB  2026.09.18 05:59:28        
                       250  STRATIFIED                    DATA             128KB  2026.09.18 05:59:09        
                       251  STRATIFIED_CI                 DATA             128KB  2026.09.18 05:59:09        
                       252  TEST_SCORED                   DATA             768KB  2026.09.18 05:59:17        
                       253  TEXT_LENGTH_AUDIT             DATA             128KB  2026.09.18 05:59:16        
                       254  THRESHOLD_STATS               DATA             128KB  2026.09.18 05:59:17        
                       255  TH_FAGE_101                   DATA             128KB  2026.09.18 06:00:07        
                       256  TH_FAGE_202                   DATA             128KB  2026.09.18 06:00:37        
                       257  TH_FAGE_303                   DATA             128KB  2026.09.18 06:01:04        
                       258  TH_FAGE_404                   DATA             128KB  2026.09.18 06:01:32        
                       259  TH_FAGE_42                    DATA             128KB  2026.09.18 05:59:32        
                       260  TH_FAGE_A_101                 DATA             128KB  2026.09.18 06:00:10        
                       261  TH_FAGE_A_202                 DATA             128KB  2026.09.18 06:00:40        
                       262  TH_FAGE_A_303                 DATA             128KB  2026.09.18 06:01:07        
8                                                          SAS 시스템      2026년  9월 18일 금요일 오전 02시 05분 54초

                                                          멤버      파일 크
                         #  이름                        유형             기  마지막 수정일

                       263  TH_FAGE_A_404                 DATA             128KB  2026.09.18 06:01:35        
                       264  TH_FAGE_A_42                  DATA             128KB  2026.09.18 05:59:36        
                       265  TH_FAGE_C_101                 DATA             128KB  2026.09.18 06:00:14        
                       266  TH_FAGE_C_202                 DATA             128KB  2026.09.18 06:00:44        
                       267  TH_FAGE_C_303                 DATA             128KB  2026.09.18 06:01:11        
                       268  TH_FAGE_C_404                 DATA             128KB  2026.09.18 06:01:39        
                       269  TH_FAGE_C_42                  DATA             128KB  2026.09.18 05:59:42        
                       270  TH_KCBERT_101                 DATA             128KB  2026.09.18 06:00:31        
                       271  TH_KCBERT_202                 DATA             128KB  2026.09.18 06:00:58        
                       272  TH_KCBERT_303                 DATA             128KB  2026.09.18 06:01:24        
                       273  TH_KCBERT_404                 DATA             128KB  2026.09.18 06:01:54        
                       274  TH_KCBERT_42                  DATA             128KB  2026.09.18 05:59:59        
                       275  TH_LR_A_101                   DATA             128KB  2026.09.18 06:00:17        
                       276  TH_LR_A_202                   DATA             128KB  2026.09.18 06:00:47        
                       277  TH_LR_A_303                   DATA             128KB  2026.09.18 06:01:13        
                       278  TH_LR_A_404                   DATA             128KB  2026.09.18 06:01:42        
                       279  TH_LR_A_42                    DATA             128KB  2026.09.18 05:59:45        
                       280  TH_LR_B_101                   DATA             128KB  2026.09.18 06:00:21        
                       281  TH_LR_B_202                   DATA             128KB  2026.09.18 06:00:49        
                       282  TH_LR_B_303                   DATA             128KB  2026.09.18 06:01:16        
                       283  TH_LR_B_404                   DATA             128KB  2026.09.18 06:01:45        
                       284  TH_LR_B_42                    DATA             128KB  2026.09.18 05:59:48        
                       285  TH_LR_C_101                   DATA             128KB  2026.09.18 06:00:24        
                       286  TH_LR_C_202                   DATA             128KB  2026.09.18 06:00:52        
                       287  TH_LR_C_303                   DATA             128KB  2026.09.18 06:01:19        
                       288  TH_LR_C_404                   DATA             128KB  2026.09.18 06:01:48        
                       289  TH_LR_C_42                    DATA             128KB  2026.09.18 05:59:51        
                       290  TH_STACK_101                  DATA             128KB  2026.09.18 06:00:03        
                       291  TH_STACK_202                  DATA             128KB  2026.09.18 06:00:34        
                       292  TH_STACK_303                  DATA             128KB  2026.09.18 06:01:01        
                       293  TH_STACK_404                  DATA             128KB  2026.09.18 06:01:28        
                       294  TH_STACK_42                   DATA             128KB  2026.09.18 05:59:29        
                       295  TH_WORD_101                   DATA             128KB  2026.09.18 06:00:27        
                       296  TH_WORD_202                   DATA             128KB  2026.09.18 06:00:55        
                       297  TH_WORD_303                   DATA             128KB  2026.09.18 06:01:22        
                       298  TH_WORD_404                   DATA             128KB  2026.09.18 06:01:51        
                       299  TH_WORD_42                    DATA             128KB  2026.09.18 05:59:55        
                       300  TYPE_COUNTS                   DATA             128KB  2026.09.18 05:59:09        
                       301  VISUAL_ROC                    DATA             640KB  2026.09.18 05:59:25        
                       302  VISUAL_ROC_JOINED             DATA             640KB  2026.09.18 05:59:25        
                       303  WITH_RARE                     DATA               1MB  2026.09.18 05:59:09        
                       304  _SGSRT2_                      DATA             128KB  2026.09.18 05:59:27        
82     delete gitpull1789725953577;
83     quit;

NOTE: 파일 WORK.GITPULL1789725953577(memtype=DATA)을(를) 찾을 수 없지만, DELETE 문장에 나타납니다.
NOTE: 프로시저 DATASETS 실행 (총 프로세스 시간):
      실행 시간           0.15 초
      cpu 시간            0.16 초
      

84     data work.gitpull1789725953577;
85     pull = GIT_PULL("/home/student/github", "kimchikingdom" ,
85   ! "{SAS001}Z2l0aHViX3BhdF8xMUFYRUk0VlkwakFVU1hDTG9OVGV0X0YwNU9jZk5jOWdxNFpNdE5QZUZiNXVJTW9NckhjTEFQaGF0aHNRckJmaFhYUUtOTkxEUVg0
85   ! RFppbWk2");
9                                                          SAS 시스템      2026년  9월 18일 금요일 오전 02시 05분 54초

86     run;

NOTE: Head has successfully been fastforwarded.
NOTE: 데이터셋 WORK.GITPULL1789725953577에 1개의 관측값과 1개의 변수가 있습니다.
NOTE: DATA 문장 실행 (총 프로세스 시간):
      실행 시간           1.41 초
      cpu 시간            0.15 초
      

87     
88     
89     /* region: 생성한 포스트앰블 */
90     /* ODS 대상 닫기 */
91     &graphterm; ;*';*";*/;run;quit;
92     quit;run;
93     ods html5 (id=web) close;
94     ods listing close;
95     %if %sysfunc(fileref(_gsfname)) lt 0 %then %do;
96         filename _gsfname clear;
NOTE: Fileref _GSFNAME을(를) 삭제했습니다.
97     %end;
98     %studio_capture_custom_output;
99     /* endregion */
100    

1                                                          SAS 시스템      2026년  9월 18일 금요일 오전 02시 05분 56초

1      /* region: 생성한 프리앰블 */
2      /* 현재 디렉터리가 쓰기 가능한지 확인하십시오. */
3      data _null_;
4          length rc 4;
5          %let tworkloc="%sysfunc(getoption(work))";
6          rc=dlgcdir(&tworkloc);
7      run;

NOTE: '/opt/sas/viya/config/var/tmp/compsrv/default/04ee8070-d54a-4535-b462-e3946f5f09eb/SAS_work5D21000001EB_sas-compute-server-2b4
      73bef-58e9-4c87-8086-f8861afdcf8a-85'은(는) 현재 작동 중인 디렉터리입니다.
NOTE: DATA 문장 실행 (총 프로세스 시간):
      실행 시간           0.00 초
      cpu 시간            0.00 초
      

8      
9      /* 옵션 설정 */
10     title;
11     footnote;
12     options validvarname=any;
13     options validmemname=extend;
14     options dtreset date number;
15     options device=png;
16     
17     /* 매크로 변수 설정 */
18     %let syscc=0;
19     %let _clientapp = %nrquote(%nrstr(SAS Studio));
20     %let _clientappabbrev = %nrquote(%nrstr(Studio));
21     %let _clientappversion=2024.02;
22     %let _clientversion=;
23     %let _sasservername=&SYSHOSTNAME;
24     %let _sashostname=&SYSHOSTNAME;
25     %let _sasprogramfilehost=&SYSHOSTNAME;
26     %let _clientuserid = %nrquote(%nrstr(student));
27     %let _clientusername = %nrquote(%nrstr(Student));
28     %let clientmachine = %nrquote(%nrstr());
29     %let _clientmachine = %nrquote(%nrstr());
30     %let _clientmode = %nrquote(%nrstr(viya));
31     %let sasworklocation="%sysfunc(getoption(work))/";
32     filename _cwd &sasworklocation;
33     data _null_;
34         call symput('_sasworkingdir',pathname('_cwd'));
35     run;

NOTE: DATA 문장 실행 (총 프로세스 시간):
      실행 시간           0.00 초
      cpu 시간            0.00 초
      

36     filename _cwd;
NOTE: Fileref _CWD을(를) 삭제했습니다.
37     %let _sasprogramfile = %nrquote(%nrstr());
38     %let _baseurl = %nrquote(%nrstr(https://server.demo.sas.com/SASStudio/));
39     %let _execenv = %nrquote(%nrstr(SASStudio));
40     %symdel _dataout_mime_type _dataout_name _dataout_url _dataout_table / nowarn;
41     %let _sasws_ = %bquote(%sysfunc(getoption(work)));
42     %let _saswstemp_ = %bquote(%sysfunc(getoption(work)));
43     
2                                                          SAS 시스템      2026년  9월 18일 금요일 오전 02시 05분 56초

44     /* SAS/Graph 감지 및 그래프 옵션 설정 */
45     data _null_;
46         length rc $255;
47         call symput("graphinit","");
48         call symput("graphterm","");
49         rc=tslvl('sasxgopt','n');
50         _error_=0;
51         if (rc^=' ') then do;
52             call symput("graphinit","goptions reset=all gsfname=_gsfname;");
53             call symput("graphterm","goptions noaccessible;");
54         end;
55     run;

NOTE: DATA 문장 실행 (총 프로세스 시간):
      실행 시간           0.00 초
      cpu 시간            0.00 초
      

56     data _null_;
57         length rc 4;
58         rc=sysprod("PRODNUM002");
59         if (rc^=1) then do;
60             call symput("graphinit","");
61             call symput("graphterm","");
62         end;
63     run;

NOTE: DATA 문장 실행 (총 프로세스 시간):
      실행 시간           0.00 초
      cpu 시간            0.00 초
      

64     
65     /* ODS 대상 설정 */
66     ods _all_ close;
67     %studio_results_directory;
68     filename _htmlout "&_results_prefix_..html";
69     filename _listout "&_results_prefix_..lst";
70     filename _gsfname temp;
71     filename _dataout "&_results_prefix_..dat";
72     ods autonavigate off;
73     ods graphics on;
74     ods html5 (id=web) METATEXT='http-equiv="Content-Security-Policy" content="default-src ''none''; style-src ''unsafe-inline'';
74   !  img-src data: ;"' device=png gpath="&_saswstemp_" path="&_saswstemp_" encoding=utf8 file=_htmlout (title='결과:Git
74   ! 레파지토리 커밋 로그') style=Illuminate options(bitmap_mode='inline' outline='on' svg_mode='inline'
74   ! css_prefix=".ods_&SYS_COMPUTE_JOB_ID" body_id="div_&SYS_COMPUTE_JOB_ID" );
NOTE: HTML5(WEB) Body 파일 기록 중: _HTMLOUT
75     ods listing file=_listout;
76     &graphinit;
77     %studio_initialize_custom_output;
78     /* endregion */
79     
80     
81     proc datasets lib=WORK;
                                                             Directory

라이브러리 참조    WORK                                                                                                      
엔진                    V9                                                                                                        
3                                                          SAS 시스템      2026년  9월 18일 금요일 오전 02시 05분 57초

                                                             Directory

물리적 경로          /opt/sas/viya/config/var/tmp/compsrv/default/04ee8070-d54a-4535-b462-e3946f5f09eb/                        
                          SAS_work5D21000001EB_sas-compute-server-2b473bef-58e9-4c87-8086-f8861afdcf8a-85                           
파일 이름             /opt/sas/viya/config/var/tmp/compsrv/default/04ee8070-d54a-4535-b462-e3946f5f09eb/                        
                          SAS_work5D21000001EB_sas-compute-server-2b473bef-58e9-4c87-8086-f8861afdcf8a-85                           
Inode 번호              30146624                                                                                                  
액세스 권한          rwx------                                                                                                 
소유자 이름          UNKNOWN                                                                                                   
파일 크기             20KB                                                                                                      
파일 크기(바이트)  20480                                                                                                     


                                                          멤버      파일 크
                         #  이름                        유형             기  마지막 수정일

                         1  ATTACK_DETECTION              DATA             128KB  2026.09.18 05:59:24        
                         2  ATTACK_DETECTION_CI           DATA             128KB  2026.09.18 05:59:24        
                         3  BINNED                        DATA             896KB  2026.09.18 05:59:09        
                         4  BY_ATTACK                     DATA             128KB  2026.09.18 05:59:24        
                         5  CELL_COUNTS                   DATA             128KB  2026.09.18 05:59:05        
                         6  CONTRAST                      DATA             640KB  2026.09.18 05:59:21        
                         7  CONV_FULL                     DATA             128KB  2026.09.18 05:59:07        
                         8  CONV_INTER                    DATA             128KB  2026.09.18 05:59:09        
                         9  CONV_INTER_YEAR               DATA             128KB  2026.09.18 05:59:09        
                        10  CONV_MAIN                     DATA             128KB  2026.09.18 05:59:07        
                        11  CONV_RARE                     DATA             128KB  2026.09.18 05:59:10        
                        12  CONV_SIM                      DATA             128KB  2026.09.18 05:59:06        
                        13  CONV_TYPE                     DATA             128KB  2026.09.18 05:59:07        
                        14  CONV_YEAR                     DATA             128KB  2026.09.18 05:59:06        
                        15  CONV_YEAR_TYPE                DATA             128KB  2026.09.18 05:59:08        
                        16  DIST                          DATA             640KB  2026.09.18 05:59:25        
                        17  DOMINANT                      DATA             768KB  2026.09.18 05:59:05        
                        18  EST_FULL                      DATA             128KB  2026.09.18 05:59:07        
                        19  EST_INTER                     DATA             128KB  2026.09.18 05:59:09        
                        20  EST_INTER_YEAR                DATA             128KB  2026.09.18 05:59:09        
                        21  EST_MAIN                      DATA             128KB  2026.09.18 05:59:07        
                        22  EST_RARE                      DATA             128KB  2026.09.18 05:59:10        
                        23  EST_SIM                       DATA             128KB  2026.09.18 05:59:06        
                        24  EST_TYPE                      DATA             128KB  2026.09.18 05:59:07        
                        25  EST_YEAR                      DATA             128KB  2026.09.18 05:59:06        
                        26  EST_YEAR_TYPE                 DATA             128KB  2026.09.18 05:59:08        
                        27  EXCLUDED_NON_DOMINANT         DATA             128KB  2026.09.18 05:59:05        
                        28  EXCLUDED_SMALL_YEAR           DATA             128KB  2026.09.18 05:59:05        
                        29  EXT                           DATA             768KB  2026.09.18 05:59:05        
                        30  EXTERNAL                      DATA             768KB  2026.09.18 05:59:05        
                        31  FAGE                          DATA               5MB  2026.09.18 05:59:27        
                        32  FAGE_A_CAL_101                DATA             768KB  2026.09.18 06:00:07        
                        33  FAGE_A_CAL_202                DATA             704KB  2026.09.18 06:00:37        
                        34  FAGE_A_CAL_303                DATA             704KB  2026.09.18 06:01:04        
                        35  FAGE_A_CAL_404                DATA             704KB  2026.09.18 06:01:32        
                        36  FAGE_A_CAL_42                 DATA             768KB  2026.09.18 05:59:32        
                        37  FAGE_A_CV_101                 DATA             128KB  2026.09.18 06:00:07        
                        38  FAGE_A_CV_202                 DATA             128KB  2026.09.18 06:00:37        
                        39  FAGE_A_CV_303                 DATA             128KB  2026.09.18 06:01:04        
                        40  FAGE_A_CV_404                 DATA             128KB  2026.09.18 06:01:32        
                        41  FAGE_A_CV_42                  DATA             128KB  2026.09.18 05:59:32        
                        42  FAGE_A_FIT_101                DATA             128KB  2026.09.18 06:00:07        
4                                                          SAS 시스템      2026년  9월 18일 금요일 오전 02시 05분 57초

                                                          멤버      파일 크
                         #  이름                        유형             기  마지막 수정일

                        43  FAGE_A_FIT_202                DATA             128KB  2026.09.18 06:00:37        
                        44  FAGE_A_FIT_303                DATA             128KB  2026.09.18 06:01:04        
                        45  FAGE_A_FIT_404                DATA             128KB  2026.09.18 06:01:32        
                        46  FAGE_A_FIT_42                 DATA             128KB  2026.09.18 05:59:32        
                        47  FAGE_A_MODEL_101              DATA             128KB  2026.09.18 06:00:07        
                        48  FAGE_A_MODEL_202              DATA             128KB  2026.09.18 06:00:37        
                        49  FAGE_A_MODEL_303              DATA             128KB  2026.09.18 06:01:04        
                        50  FAGE_A_MODEL_404              DATA             128KB  2026.09.18 06:01:32        
                        51  FAGE_A_MODEL_42               DATA             128KB  2026.09.18 05:59:32        
                        52  FAGE_A_PE_101                 DATA             128KB  2026.09.18 06:00:07        
                        53  FAGE_A_PE_202                 DATA             128KB  2026.09.18 06:00:37        
                        54  FAGE_A_PE_303                 DATA             128KB  2026.09.18 06:01:04        
                        55  FAGE_A_PE_404                 DATA             128KB  2026.09.18 06:01:32        
                        56  FAGE_A_PE_42                  DATA             128KB  2026.09.18 05:59:32        
                        57  FAGE_A_READ_101               DATA             640KB  2026.09.18 06:00:07        
                        58  FAGE_A_READ_202               DATA             768KB  2026.09.18 06:00:37        
                        59  FAGE_A_READ_303               DATA             768KB  2026.09.18 06:01:04        
                        60  FAGE_A_READ_404               DATA             640KB  2026.09.18 06:01:32        
                        61  FAGE_A_READ_42                DATA             640KB  2026.09.18 05:59:32        
                        62  FAGE_CAL                      DATA             640KB  2026.09.18 06:01:32        
                        63  FAGE_CAL_101                  DATA             704KB  2026.09.18 05:59:59        
                        64  FAGE_CAL_202                  DATA             640KB  2026.09.18 06:00:31        
                        65  FAGE_CAL_303                  DATA             640KB  2026.09.18 06:00:58        
                        66  FAGE_CAL_404                  DATA             640KB  2026.09.18 06:01:25        
                        67  FAGE_CAL_42                   DATA             704KB  2026.09.18 05:59:28        
                        68  FAGE_CV_101                   DATA             128KB  2026.09.18 05:59:59        
                        69  FAGE_CV_202                   DATA             128KB  2026.09.18 06:00:31        
                        70  FAGE_CV_303                   DATA             128KB  2026.09.18 06:00:58        
                        71  FAGE_CV_404                   DATA             128KB  2026.09.18 06:01:25        
                        72  FAGE_CV_42                    DATA             128KB  2026.09.18 05:59:28        
                        73  FAGE_C_CAL_101                DATA             768KB  2026.09.18 06:00:10        
                        74  FAGE_C_CAL_202                DATA             704KB  2026.09.18 06:00:40        
                        75  FAGE_C_CAL_303                DATA             704KB  2026.09.18 06:01:07        
                        76  FAGE_C_CAL_404                DATA             704KB  2026.09.18 06:01:35        
                        77  FAGE_C_CAL_42                 DATA             768KB  2026.09.18 05:59:36        
                        78  FAGE_C_CV_101                 DATA             128KB  2026.09.18 06:00:10        
                        79  FAGE_C_CV_202                 DATA             128KB  2026.09.18 06:00:40        
                        80  FAGE_C_CV_303                 DATA             128KB  2026.09.18 06:01:07        
                        81  FAGE_C_CV_404                 DATA             128KB  2026.09.18 06:01:35        
                        82  FAGE_C_CV_42                  DATA             128KB  2026.09.18 05:59:36        
                        83  FAGE_C_FIT_101                DATA             128KB  2026.09.18 06:00:10        
                        84  FAGE_C_FIT_202                DATA             128KB  2026.09.18 06:00:40        
                        85  FAGE_C_FIT_303                DATA             128KB  2026.09.18 06:01:07        
                        86  FAGE_C_FIT_404                DATA             128KB  2026.09.18 06:01:35        
                        87  FAGE_C_FIT_42                 DATA             128KB  2026.09.18 05:59:36        
                        88  FAGE_C_MODEL_101              DATA             128KB  2026.09.18 06:00:10        
                        89  FAGE_C_MODEL_202              DATA             128KB  2026.09.18 06:00:40        
                        90  FAGE_C_MODEL_303              DATA             128KB  2026.09.18 06:01:07        
                        91  FAGE_C_MODEL_404              DATA             128KB  2026.09.18 06:01:35        
                        92  FAGE_C_MODEL_42               DATA             128KB  2026.09.18 05:59:36        
                        93  FAGE_C_PE_101                 DATA             128KB  2026.09.18 06:00:10        
                        94  FAGE_C_PE_202                 DATA             128KB  2026.09.18 06:00:40        
                        95  FAGE_C_PE_303                 DATA             128KB  2026.09.18 06:01:07        
                        96  FAGE_C_PE_404                 DATA             128KB  2026.09.18 06:01:35        
                        97  FAGE_C_PE_42                  DATA             128KB  2026.09.18 05:59:36        
5                                                          SAS 시스템      2026년  9월 18일 금요일 오전 02시 05분 57초

                                                          멤버      파일 크
                         #  이름                        유형             기  마지막 수정일

                        98  FAGE_C_READ_101               DATA             640KB  2026.09.18 06:00:10        
                        99  FAGE_C_READ_202               DATA             768KB  2026.09.18 06:00:40        
                       100  FAGE_C_READ_303               DATA             768KB  2026.09.18 06:01:07        
                       101  FAGE_C_READ_404               DATA             640KB  2026.09.18 06:01:35        
                       102  FAGE_C_READ_42                DATA             640KB  2026.09.18 05:59:36        
                       103  FAGE_FIT_101                  DATA             128KB  2026.09.18 05:59:59        
                       104  FAGE_FIT_202                  DATA             128KB  2026.09.18 06:00:31        
                       105  FAGE_FIT_303                  DATA             128KB  2026.09.18 06:00:58        
                       106  FAGE_FIT_404                  DATA             128KB  2026.09.18 06:01:25        
                       107  FAGE_FIT_42                   DATA             128KB  2026.09.18 05:59:28        
                       108  FAGE_GRID                     DATA             563MB  2026.09.18 06:01:51        
                       109  FAGE_MODEL_101                DATA             128KB  2026.09.18 05:59:59        
                       110  FAGE_MODEL_202                DATA             128KB  2026.09.18 06:00:31        
                       111  FAGE_MODEL_303                DATA             128KB  2026.09.18 06:00:58        
                       112  FAGE_MODEL_404                DATA             128KB  2026.09.18 06:01:25        
                       113  FAGE_MODEL_42                 DATA             128KB  2026.09.18 05:59:28        
                       114  FAGE_PE_101                   DATA             128KB  2026.09.18 05:59:59        
                       115  FAGE_PE_202                   DATA             128KB  2026.09.18 06:00:31        
                       116  FAGE_PE_303                   DATA             128KB  2026.09.18 06:00:58        
                       117  FAGE_PE_404                   DATA             128KB  2026.09.18 06:01:25        
                       118  FAGE_PE_42                    DATA             128KB  2026.09.18 05:59:28        
                       119  FAGE_READ                     DATA             576KB  2026.09.18 06:01:25        
                       120  FAGE_READOUT_FPR              DATA             128KB  2026.09.18 06:01:54        
                       121  FAGE_READOUT_NOURL            DATA             128KB  2026.09.18 06:01:54        
                       122  FAGE_READOUT_SCORED           DATA              17MB  2026.09.18 06:01:54        
                       123  FAGE_READ_101                 DATA             640KB  2026.09.18 05:59:59        
                       124  FAGE_READ_202                 DATA             768KB  2026.09.18 06:00:31        
                       125  FAGE_READ_303                 DATA             768KB  2026.09.18 06:00:58        
                       126  FAGE_READ_404                 DATA             640KB  2026.09.18 06:01:25        
                       127  FAGE_READ_42                  DATA             640KB  2026.09.18 05:59:28        
                       128  FAGE_STACK_CV_101             DATA             128KB  2026.09.18 05:59:59        
                       129  FAGE_STACK_CV_202             DATA             128KB  2026.09.18 06:00:31        
                       130  FAGE_STACK_CV_303             DATA             128KB  2026.09.18 06:00:58        
                       131  FAGE_STACK_CV_404             DATA             128KB  2026.09.18 06:01:25        
                       132  FAGE_STACK_CV_42              DATA             128KB  2026.09.18 05:59:27        
                       133  FAGE_STACK_FIT_101            DATA             128KB  2026.09.18 05:59:59        
                       134  FAGE_STACK_FIT_202            DATA             128KB  2026.09.18 06:00:31        
                       135  FAGE_STACK_FIT_303            DATA             128KB  2026.09.18 06:00:58        
                       136  FAGE_STACK_FIT_404            DATA             128KB  2026.09.18 06:01:25        
                       137  FAGE_STACK_FIT_42             DATA             128KB  2026.09.18 05:59:27        
                       138  FAGE_STACK_MODEL_101          DATA             128KB  2026.09.18 05:59:59        
                       139  FAGE_STACK_MODEL_202          DATA             128KB  2026.09.18 06:00:31        
                       140  FAGE_STACK_MODEL_303          DATA             128KB  2026.09.18 06:00:58        
                       141  FAGE_STACK_MODEL_404          DATA             128KB  2026.09.18 06:01:25        
                       142  FAGE_STACK_MODEL_42           DATA             128KB  2026.09.18 05:59:27        
                       143  FAGE_STACK_PE_101             DATA             128KB  2026.09.18 05:59:59        
                       144  FAGE_STACK_PE_202             DATA             128KB  2026.09.18 06:00:31        
                       145  FAGE_STACK_PE_303             DATA             128KB  2026.09.18 06:00:58        
                       146  FAGE_STACK_PE_404             DATA             128KB  2026.09.18 06:01:25        
                       147  FAGE_STACK_PE_42              DATA             128KB  2026.09.18 05:59:27        
                       148  FAGE_THRESHOLDS               DATA             128KB  2026.09.18 06:01:54        
                       149  FAGE_THRESHOLD_STATS          DATA             128KB  2026.09.18 06:01:54        
                       150  FAGE_TH_ROW                   DATA             128KB  2026.09.18 06:01:54        
                       151  FIT_FULL                      DATA             128KB  2026.09.18 05:59:07        
                       152  FIT_INTER                     DATA             128KB  2026.09.18 05:59:09        
6                                                          SAS 시스템      2026년  9월 18일 금요일 오전 02시 05분 57초

                                                          멤버      파일 크
                         #  이름                        유형             기  마지막 수정일

                       153  FIT_INTER_YEAR                DATA             128KB  2026.09.18 05:59:09        
                       154  FIT_MAIN                      DATA             128KB  2026.09.18 05:59:07        
                       155  FIT_RARE                      DATA             128KB  2026.09.18 05:59:10        
                       156  FIT_SIM                       DATA             128KB  2026.09.18 05:59:06        
                       157  FIT_TYPE                      DATA             128KB  2026.09.18 05:59:07        
                       158  FIT_YEAR                      DATA             128KB  2026.09.18 05:59:06        
                       159  FIT_YEAR_TYPE                 DATA             128KB  2026.09.18 05:59:08        
                       160  FLOW_ROWS                     DATA               3MB  2026.09.18 05:59:05        
                       161  FNR_BY_URL                    DATA             128KB  2026.09.18 05:59:25        
                       162  FORMATS                       CATALOG           24KB  2026.09.18 05:54:21        
                       163  FPR_BY_URL                    DATA             128KB  2026.09.18 05:59:24        
                       164  GRID                          DATA             121MB  2026.09.18 05:59:16        
                       165  JOINT_FULL                    DATA             128KB  2026.09.18 05:59:07        
                       166  JOINT_INTER                   DATA             128KB  2026.09.18 05:59:09        
                       167  JOINT_INTER_YEAR              DATA             128KB  2026.09.18 05:59:09        
                       168  JOINT_MAIN                    DATA             128KB  2026.09.18 05:59:07        
                       169  JOINT_RARE                    DATA             128KB  2026.09.18 05:59:10        
                       170  JOINT_TYPE                    DATA             128KB  2026.09.18 05:59:07        
                       171  JOINT_YEAR                    DATA             128KB  2026.09.18 05:59:06        
                       172  JOINT_YEAR_TYPE               DATA             128KB  2026.09.18 05:59:08        
                       173  KCBERT_15ARMS                 DATA             128KB  2026.09.18 05:54:21        
                       174  KCBERT_ARM_SUMMARY            DATA             128KB  2026.09.18 05:54:21        
                       175  KCBERT_SUBGROUP_URL           DATA             128KB  2026.09.18 05:54:21        
                       176  KCBERT_TOP_UNCERTAIN          DATA             128KB  2026.09.18 05:54:21        
                       177  KCBERT_TRANSITIONS            DATA             128KB  2026.09.18 05:54:21        
                       178  LR_INTERACTION                DATA             128KB  2026.09.18 05:59:09        
                       179  LR_INTERACTION_ADJUSTED_YEAR  DATA             128KB  2026.09.18 05:59:09        
                       180  LR_JOINT_YEAR                 DATA             128KB  2026.09.18 05:59:09        
                       181  LR_YEAR_ADDITIVE              DATA             128KB  2026.09.18 05:59:08        
                       182  LR_YEAR_TYPE                  DATA             128KB  2026.09.18 05:59:08        
                       183  MALICIOUS_TEST                DATA             256KB  2026.09.18 05:59:16        
                       184  MALICIOUS_TEST_CI             DATA             256KB  2026.09.18 05:59:16        
                       185  METAMODEL                     DATA             128KB  2026.09.18 05:59:16        
                       186  META_CONVERGENCE              DATA             128KB  2026.09.18 05:59:16        
                       187  META_FIT_STATISTICS           DATA             128KB  2026.09.18 05:59:16        
                       188  META_ODDS_CI                  DATA             128KB  2026.09.18 05:59:16        
                       189  META_PARAMETERS               DATA             128KB  2026.09.18 05:59:16        
                       190  META_URL_BLOCK_TEST           DATA             128KB  2026.09.18 05:59:16        
                       191  MSGTEXT                       DATA             131MB  2026.09.18 05:59:16        
                       192  NOBS_FULL                     DATA             128KB  2026.09.18 05:59:07        
                       193  NOBS_INTER                    DATA             128KB  2026.09.18 05:59:09        
                       194  NOBS_INTER_YEAR               DATA             128KB  2026.09.18 05:59:09        
                       195  NOBS_MAIN                     DATA             128KB  2026.09.18 05:59:07        
                       196  NOBS_RARE                     DATA             128KB  2026.09.18 05:59:10        
                       197  NOBS_SIM                      DATA             128KB  2026.09.18 05:59:06        
                       198  NOBS_TYPE                     DATA             128KB  2026.09.18 05:59:07        
                       199  NOBS_YEAR                     DATA             128KB  2026.09.18 05:59:06        
                       200  NOBS_YEAR_TYPE                DATA             128KB  2026.09.18 05:59:08        
                       201  NORMAL_TEST                   DATA             512KB  2026.09.18 05:59:16        
                       202  NORMAL_TEST_CI                DATA             512KB  2026.09.18 05:59:16        
                       203  OR_FULL                       DATA             128KB  2026.09.18 05:59:07        
                       204  OR_INTER                      DATA             128KB  2026.09.18 05:59:09        
                       205  OR_INTER_YEAR                 DATA             128KB  2026.09.18 05:59:09        
                       206  OR_MAIN                       DATA             128KB  2026.09.18 05:59:07        
                       207  OR_RARE                       DATA             128KB  2026.09.18 05:59:10        
7                                                          SAS 시스템      2026년  9월 18일 금요일 오전 02시 05분 57초

                                                          멤버      파일 크
                         #  이름                        유형             기  마지막 수정일

                       208  OR_SIM                        DATA             128KB  2026.09.18 05:59:06        
                       209  OR_TYPE                       DATA             128KB  2026.09.18 05:59:07        
                       210  OR_YEAR                       DATA             128KB  2026.09.18 05:59:06        
                       211  OR_YEAR_TYPE                  DATA             128KB  2026.09.18 05:59:08        
                       212  PARMS                         CATALOG           24KB  2026.09.18 06:01:55        
                       213  PRED_BINNED                   DATA             896KB  2026.09.18 05:59:09        
                       214  PRED_INTER                    DATA             832KB  2026.09.18 05:59:09        
                       215  PROFILE                       CATALOG           12KB  2026.09.18 05:53:47        
                       216  READ_ONE                      DATA             448KB  2026.09.18 06:01:54        
                       217  READ_SCORED                   DATA             832KB  2026.09.18 06:01:54        
                       218  REGSTRY                       ITEMSTOR          32KB  2026.09.18 05:53:47        
                       219  ROBUSTNESS                    DATA             128KB  2026.09.18 05:59:27        
                       220  ROC_AUC_ALL                   DATA             128KB  2026.09.18 05:59:19        
                       221  ROC_AUC_URL                   DATA             128KB  2026.09.18 05:59:20        
                       222  ROC_COMPARISON                DATA             768KB  2026.09.18 05:59:17        
                       223  ROC_DIFFERENCE_ALL            DATA             128KB  2026.09.18 05:59:19        
                       224  ROC_DIFFERENCE_URL            DATA             128KB  2026.09.18 05:59:20        
                       225  SAMPLE_FLOW                   DATA             128KB  2026.09.18 05:59:05        
                       226  SAMPLE_FLOW_YEAR              DATA             128KB  2026.09.18 05:59:05        
                       227  SASGOPT                       CATALOG           12KB  2026.09.18 05:53:54        
                       228  SASMAC1                       CATALOG           20KB  2026.09.18 05:59:24        
                       229  SASMAC3                       CATALOG           20KB  2026.09.18 06:05:56        
                       230  SASMACR                       CATALOG          384KB  2026.09.18 06:05:56        
                       231  SC11_AB                       DATA             128KB  2026.09.18 06:01:55        
                       232  SCAB_STATUS                   DATA             128KB  2026.09.18 06:01:55        
                       233  SCAMLENS_PIPELINE_SUMMARY     DATA             128KB  2026.09.18 05:57:16        
                       234  SCAMLENS_RUN_STATUS           DATA             128KB  2026.09.18 06:01:55        
                       235  SCAMLENS_STEP_STATUS          DATA             128KB  2026.09.18 06:01:55        
                       236  SCORED                        DATA               4MB  2026.09.18 05:59:16        
                       237  SCORES                        DATA               4MB  2026.09.18 05:59:15        
                       238  SLKC_BASELINE                 DATA             128KB  2026.09.18 05:54:24        
                       239  SLKC_READBACK                 DATA             128KB  2026.09.18 05:54:24        
                       240  STACK_CAL_101                 DATA             704KB  2026.09.18 05:59:59        
                       241  STACK_CAL_202                 DATA             640KB  2026.09.18 06:00:31        
                       242  STACK_CAL_303                 DATA             640KB  2026.09.18 06:00:58        
                       243  STACK_CAL_404                 DATA             640KB  2026.09.18 06:01:25        
                       244  STACK_CAL_42                  DATA             704KB  2026.09.18 05:59:28        
                       245  STACK_READ_101                DATA             640KB  2026.09.18 05:59:59        
                       246  STACK_READ_202                DATA             768KB  2026.09.18 06:00:31        
                       247  STACK_READ_303                DATA             768KB  2026.09.18 06:00:58        
                       248  STACK_READ_404                DATA             640KB  2026.09.18 06:01:25        
                       249  STACK_READ_42                 DATA             640KB  2026.09.18 05:59:28        
                       250  STRATIFIED                    DATA             128KB  2026.09.18 05:59:09        
                       251  STRATIFIED_CI                 DATA             128KB  2026.09.18 05:59:09        
                       252  TEST_SCORED                   DATA             768KB  2026.09.18 05:59:17        
                       253  TEXT_LENGTH_AUDIT             DATA             128KB  2026.09.18 05:59:16        
                       254  THRESHOLD_STATS               DATA             128KB  2026.09.18 05:59:17        
                       255  TH_FAGE_101                   DATA             128KB  2026.09.18 06:00:07        
                       256  TH_FAGE_202                   DATA             128KB  2026.09.18 06:00:37        
                       257  TH_FAGE_303                   DATA             128KB  2026.09.18 06:01:04        
                       258  TH_FAGE_404                   DATA             128KB  2026.09.18 06:01:32        
                       259  TH_FAGE_42                    DATA             128KB  2026.09.18 05:59:32        
                       260  TH_FAGE_A_101                 DATA             128KB  2026.09.18 06:00:10        
                       261  TH_FAGE_A_202                 DATA             128KB  2026.09.18 06:00:40        
                       262  TH_FAGE_A_303                 DATA             128KB  2026.09.18 06:01:07        
8                                                          SAS 시스템      2026년  9월 18일 금요일 오전 02시 05분 57초

                                                          멤버      파일 크
                         #  이름                        유형             기  마지막 수정일

                       263  TH_FAGE_A_404                 DATA             128KB  2026.09.18 06:01:35        
                       264  TH_FAGE_A_42                  DATA             128KB  2026.09.18 05:59:36        
                       265  TH_FAGE_C_101                 DATA             128KB  2026.09.18 06:00:14        
                       266  TH_FAGE_C_202                 DATA             128KB  2026.09.18 06:00:44        
                       267  TH_FAGE_C_303                 DATA             128KB  2026.09.18 06:01:11        
                       268  TH_FAGE_C_404                 DATA             128KB  2026.09.18 06:01:39        
                       269  TH_FAGE_C_42                  DATA             128KB  2026.09.18 05:59:42        
                       270  TH_KCBERT_101                 DATA             128KB  2026.09.18 06:00:31        
                       271  TH_KCBERT_202                 DATA             128KB  2026.09.18 06:00:58        
                       272  TH_KCBERT_303                 DATA             128KB  2026.09.18 06:01:24        
                       273  TH_KCBERT_404                 DATA             128KB  2026.09.18 06:01:54        
                       274  TH_KCBERT_42                  DATA             128KB  2026.09.18 05:59:59        
                       275  TH_LR_A_101                   DATA             128KB  2026.09.18 06:00:17        
                       276  TH_LR_A_202                   DATA             128KB  2026.09.18 06:00:47        
                       277  TH_LR_A_303                   DATA             128KB  2026.09.18 06:01:13        
                       278  TH_LR_A_404                   DATA             128KB  2026.09.18 06:01:42        
                       279  TH_LR_A_42                    DATA             128KB  2026.09.18 05:59:45        
                       280  TH_LR_B_101                   DATA             128KB  2026.09.18 06:00:21        
                       281  TH_LR_B_202                   DATA             128KB  2026.09.18 06:00:49        
                       282  TH_LR_B_303                   DATA             128KB  2026.09.18 06:01:16        
                       283  TH_LR_B_404                   DATA             128KB  2026.09.18 06:01:45        
                       284  TH_LR_B_42                    DATA             128KB  2026.09.18 05:59:48        
                       285  TH_LR_C_101                   DATA             128KB  2026.09.18 06:00:24        
                       286  TH_LR_C_202                   DATA             128KB  2026.09.18 06:00:52        
                       287  TH_LR_C_303                   DATA             128KB  2026.09.18 06:01:19        
                       288  TH_LR_C_404                   DATA             128KB  2026.09.18 06:01:48        
                       289  TH_LR_C_42                    DATA             128KB  2026.09.18 05:59:51        
                       290  TH_STACK_101                  DATA             128KB  2026.09.18 06:00:03        
                       291  TH_STACK_202                  DATA             128KB  2026.09.18 06:00:34        
                       292  TH_STACK_303                  DATA             128KB  2026.09.18 06:01:01        
                       293  TH_STACK_404                  DATA             128KB  2026.09.18 06:01:28        
                       294  TH_STACK_42                   DATA             128KB  2026.09.18 05:59:29        
                       295  TH_WORD_101                   DATA             128KB  2026.09.18 06:00:27        
                       296  TH_WORD_202                   DATA             128KB  2026.09.18 06:00:55        
                       297  TH_WORD_303                   DATA             128KB  2026.09.18 06:01:22        
                       298  TH_WORD_404                   DATA             128KB  2026.09.18 06:01:51        
                       299  TH_WORD_42                    DATA             128KB  2026.09.18 05:59:55        
                       300  TYPE_COUNTS                   DATA             128KB  2026.09.18 05:59:09        
                       301  VISUAL_ROC                    DATA             640KB  2026.09.18 05:59:25        
                       302  VISUAL_ROC_JOINED             DATA             640KB  2026.09.18 05:59:25        
                       303  WITH_RARE                     DATA               1MB  2026.09.18 05:59:09        
                       304  _SGSRT2_                      DATA             128KB  2026.09.18 05:59:27        
82     delete gitcomlog1789725956190;
83     quit;

NOTE: 파일 WORK.GITCOMLOG1789725956190(memtype=DATA)을(를) 찾을 수 없지만, DELETE 문장에 나타납니다.
NOTE: 프로시저 DATASETS 실행 (총 프로세스 시간):
      실행 시간           0.20 초
      cpu 시간            0.19 초
      

84     data work.gitcomlog1789725956190;
85     N = GIT_COMMIT_LOG("/home/student/github");
86     LENGTH COMMIT_ID $ 1024;
87     LENGTH AUTHOR_NAME $ 1024;
9                                                          SAS 시스템      2026년  9월 18일 금요일 오전 02시 05분 57초

88     LENGTH AUTHOR_EMAIL $ 1024;
89     LENGTH MESSAGE $ 1024;
90     LENGTH PARENT_IDS $ 1024;
91     LENGTH CHILDREN_IDS $ 1024;
92     LENGTH STASH $ 5;
93     LENGTH IN_CURRENT_BRANCH $ 5;
94     LENGTH TIME $ 1024;
95     LENGTH COMMITTER_NAME $ 1024;
96     LENGTH COMMITTER_EMAIL $ 1024;
97     COMMIT_ID='';
98     AUTHOR_NAME='';
99     AUTHOR_EMAIL='';
100    MESSAGE='';
101    PARENT_IDS='';
102    CHILDREN_IDS='';
103    STASH='';
104    IN_CURRENT_BRANCH='';
105    TIME='';
106    COMMITTER_NAME='';
107    COMMITTER_EMAIL='';
108    if N > 1000 then N = 1000;
109    do I=1 TO N;
110    RC=GIT_COMMIT_GET(I, "/home/student/github", "id", COMMIT_ID);
111    RC=GIT_COMMIT_GET(I,"/home/student/github", "author", AUTHOR_NAME);
112    RC=GIT_COMMIT_GET(I, "/home/student/github", "email", AUTHOR_EMAIL);
113    RC=GIT_COMMIT_GET(I, "/home/student/github", "message", MESSAGE);
114    RC=GIT_COMMIT_GET(I, "/home/student/github", "parent_ids", PARENT_IDS);
115    RC=GIT_COMMIT_GET(I, "/home/student/github", "children_ids", CHILDREN_IDS);
116    RC=GIT_COMMIT_GET(I, "/home/student/github", "stash", STASH);
117    RC=GIT_COMMIT_GET(I, "/home/student/github", "in_current_branch", IN_CURRENT_BRANCH);
118    RC=GIT_COMMIT_GET(I, "/home/student/github", "time", TIME);
119    RC = GIT_COMMIT_GET(I, "/home/student/github", "committer", COMMITTER_NAME);
120    RC = GIT_COMMIT_GET(I, "/home/student/github", "committer_email", COMMITTER_EMAIL);
121    output;
122    end;
123    RC = GIT_COMMIT_FREE("/home/student/github");
124    run;

NOTE: /home/student/github commit objects freed successfully.
NOTE: 데이터셋 WORK.GITCOMLOG1789725956190에 32개의 관측값과 14개의 변수가 있습니다.
NOTE: DATA 문장 실행 (총 프로세스 시간):
      실행 시간           0.01 초
      cpu 시간            0.01 초
      

125    
126    
127    /* region: 생성한 포스트앰블 */
128    /* ODS 대상 닫기 */
129    &graphterm; ;*';*";*/;run;quit;
130    quit;run;
131    ods html5 (id=web) close;
132    ods listing close;
133    %if %sysfunc(fileref(_gsfname)) lt 0 %then %do;
134        filename _gsfname clear;
NOTE: Fileref _GSFNAME을(를) 삭제했습니다.
135    %end;
136    %studio_capture_custom_output;
10                                                         SAS 시스템      2026년  9월 18일 금요일 오전 02시 05분 57초

137    /* endregion */
138    

1                                                          SAS 시스템      2026년  9월 18일 금요일 오전 02시 05분 57초

1      /* region: 생성한 프리앰블 */
2      /* 현재 디렉터리가 쓰기 가능한지 확인하십시오. */
3      data _null_;
4          length rc 4;
5          %let tworkloc="%sysfunc(getoption(work))";
6          rc=dlgcdir(&tworkloc);
7      run;

NOTE: '/opt/sas/viya/config/var/tmp/compsrv/default/04ee8070-d54a-4535-b462-e3946f5f09eb/SAS_work5D21000001EB_sas-compute-server-2b4
      73bef-58e9-4c87-8086-f8861afdcf8a-85'은(는) 현재 작동 중인 디렉터리입니다.
NOTE: DATA 문장 실행 (총 프로세스 시간):
      실행 시간           0.00 초
      cpu 시간            0.00 초
      

8      
9      /* 옵션 설정 */
10     title;
11     footnote;
12     options validvarname=any;
13     options validmemname=extend;
14     options dtreset date number;
15     options device=png;
16     
17     /* 매크로 변수 설정 */
18     %let syscc=0;
19     %let _clientapp = %nrquote(%nrstr(SAS Studio));
20     %let _clientappabbrev = %nrquote(%nrstr(Studio));
21     %let _clientappversion=2024.02;
22     %let _clientversion=;
23     %let _sasservername=&SYSHOSTNAME;
24     %let _sashostname=&SYSHOSTNAME;
25     %let _sasprogramfilehost=&SYSHOSTNAME;
26     %let _clientuserid = %nrquote(%nrstr(student));
27     %let _clientusername = %nrquote(%nrstr(Student));
28     %let clientmachine = %nrquote(%nrstr());
29     %let _clientmachine = %nrquote(%nrstr());
30     %let _clientmode = %nrquote(%nrstr(viya));
31     %let sasworklocation="%sysfunc(getoption(work))/";
32     filename _cwd &sasworklocation;
33     data _null_;
34         call symput('_sasworkingdir',pathname('_cwd'));
35     run;

NOTE: DATA 문장 실행 (총 프로세스 시간):
      실행 시간           0.00 초
      cpu 시간            0.00 초
      

36     filename _cwd;
NOTE: Fileref _CWD을(를) 삭제했습니다.
37     %let _sasprogramfile = %nrquote(%nrstr());
38     %let _baseurl = %nrquote(%nrstr(https://server.demo.sas.com/SASStudio/));
39     %let _execenv = %nrquote(%nrstr(SASStudio));
40     %symdel _dataout_mime_type _dataout_name _dataout_url _dataout_table / nowarn;
41     %let _sasws_ = %bquote(%sysfunc(getoption(work)));
42     %let _saswstemp_ = %bquote(%sysfunc(getoption(work)));
43     
2                                                          SAS 시스템      2026년  9월 18일 금요일 오전 02시 05분 57초

44     /* SAS/Graph 감지 및 그래프 옵션 설정 */
45     data _null_;
46         length rc $255;
47         call symput("graphinit","");
48         call symput("graphterm","");
49         rc=tslvl('sasxgopt','n');
50         _error_=0;
51         if (rc^=' ') then do;
52             call symput("graphinit","goptions reset=all gsfname=_gsfname;");
53             call symput("graphterm","goptions noaccessible;");
54         end;
55     run;

NOTE: DATA 문장 실행 (총 프로세스 시간):
      실행 시간           0.00 초
      cpu 시간            0.02 초
      

56     data _null_;
57         length rc 4;
58         rc=sysprod("PRODNUM002");
59         if (rc^=1) then do;
60             call symput("graphinit","");
61             call symput("graphterm","");
62         end;
63     run;

NOTE: DATA 문장 실행 (총 프로세스 시간):
      실행 시간           0.00 초
      cpu 시간            0.00 초
      

64     
65     /* ODS 대상 설정 */
66     ods _all_ close;
67     %studio_results_directory;
68     filename _htmlout "&_results_prefix_..html";
69     filename _listout "&_results_prefix_..lst";
70     filename _gsfname temp;
71     filename _dataout "&_results_prefix_..dat";
72     ods autonavigate off;
73     ods graphics on;
74     ods html5 (id=web) METATEXT='http-equiv="Content-Security-Policy" content="default-src ''none''; style-src ''unsafe-inline'';
74   !  img-src data: ;"' device=png gpath="&_saswstemp_" path="&_saswstemp_" encoding=utf8 file=_htmlout (title='결과:Git
74   ! 레파지토리 변경 내용') style=Illuminate options(bitmap_mode='inline' outline='on' svg_mode='inline'
74   ! css_prefix=".ods_&SYS_COMPUTE_JOB_ID" body_id="div_&SYS_COMPUTE_JOB_ID" );
NOTE: HTML5(WEB) Body 파일 기록 중: _HTMLOUT
75     ods listing file=_listout;
76     &graphinit;
77     %studio_initialize_custom_output;
78     /* endregion */
79     
80     
81     proc datasets lib=WORK;
                                                             Directory

라이브러리 참조    WORK                                                                                                      
엔진                    V9                                                                                                        
3                                                          SAS 시스템      2026년  9월 18일 금요일 오전 02시 05분 58초

                                                             Directory

물리적 경로          /opt/sas/viya/config/var/tmp/compsrv/default/04ee8070-d54a-4535-b462-e3946f5f09eb/                        
                          SAS_work5D21000001EB_sas-compute-server-2b473bef-58e9-4c87-8086-f8861afdcf8a-85                           
파일 이름             /opt/sas/viya/config/var/tmp/compsrv/default/04ee8070-d54a-4535-b462-e3946f5f09eb/                        
                          SAS_work5D21000001EB_sas-compute-server-2b473bef-58e9-4c87-8086-f8861afdcf8a-85                           
Inode 번호              30146624                                                                                                  
액세스 권한          rwx------                                                                                                 
소유자 이름          UNKNOWN                                                                                                   
파일 크기             20KB                                                                                                      
파일 크기(바이트)  20480                                                                                                     


                                                          멤버      파일 크
                         #  이름                        유형             기  마지막 수정일

                         1  ATTACK_DETECTION              DATA             128KB  2026.09.18 05:59:24        
                         2  ATTACK_DETECTION_CI           DATA             128KB  2026.09.18 05:59:24        
                         3  BINNED                        DATA             896KB  2026.09.18 05:59:09        
                         4  BY_ATTACK                     DATA             128KB  2026.09.18 05:59:24        
                         5  CELL_COUNTS                   DATA             128KB  2026.09.18 05:59:05        
                         6  CONTRAST                      DATA             640KB  2026.09.18 05:59:21        
                         7  CONV_FULL                     DATA             128KB  2026.09.18 05:59:07        
                         8  CONV_INTER                    DATA             128KB  2026.09.18 05:59:09        
                         9  CONV_INTER_YEAR               DATA             128KB  2026.09.18 05:59:09        
                        10  CONV_MAIN                     DATA             128KB  2026.09.18 05:59:07        
                        11  CONV_RARE                     DATA             128KB  2026.09.18 05:59:10        
                        12  CONV_SIM                      DATA             128KB  2026.09.18 05:59:06        
                        13  CONV_TYPE                     DATA             128KB  2026.09.18 05:59:07        
                        14  CONV_YEAR                     DATA             128KB  2026.09.18 05:59:06        
                        15  CONV_YEAR_TYPE                DATA             128KB  2026.09.18 05:59:08        
                        16  DIST                          DATA             640KB  2026.09.18 05:59:25        
                        17  DOMINANT                      DATA             768KB  2026.09.18 05:59:05        
                        18  EST_FULL                      DATA             128KB  2026.09.18 05:59:07        
                        19  EST_INTER                     DATA             128KB  2026.09.18 05:59:09        
                        20  EST_INTER_YEAR                DATA             128KB  2026.09.18 05:59:09        
                        21  EST_MAIN                      DATA             128KB  2026.09.18 05:59:07        
                        22  EST_RARE                      DATA             128KB  2026.09.18 05:59:10        
                        23  EST_SIM                       DATA             128KB  2026.09.18 05:59:06        
                        24  EST_TYPE                      DATA             128KB  2026.09.18 05:59:07        
                        25  EST_YEAR                      DATA             128KB  2026.09.18 05:59:06        
                        26  EST_YEAR_TYPE                 DATA             128KB  2026.09.18 05:59:08        
                        27  EXCLUDED_NON_DOMINANT         DATA             128KB  2026.09.18 05:59:05        
                        28  EXCLUDED_SMALL_YEAR           DATA             128KB  2026.09.18 05:59:05        
                        29  EXT                           DATA             768KB  2026.09.18 05:59:05        
                        30  EXTERNAL                      DATA             768KB  2026.09.18 05:59:05        
                        31  FAGE                          DATA               5MB  2026.09.18 05:59:27        
                        32  FAGE_A_CAL_101                DATA             768KB  2026.09.18 06:00:07        
                        33  FAGE_A_CAL_202                DATA             704KB  2026.09.18 06:00:37        
                        34  FAGE_A_CAL_303                DATA             704KB  2026.09.18 06:01:04        
                        35  FAGE_A_CAL_404                DATA             704KB  2026.09.18 06:01:32        
                        36  FAGE_A_CAL_42                 DATA             768KB  2026.09.18 05:59:32        
                        37  FAGE_A_CV_101                 DATA             128KB  2026.09.18 06:00:07        
                        38  FAGE_A_CV_202                 DATA             128KB  2026.09.18 06:00:37        
                        39  FAGE_A_CV_303                 DATA             128KB  2026.09.18 06:01:04        
                        40  FAGE_A_CV_404                 DATA             128KB  2026.09.18 06:01:32        
                        41  FAGE_A_CV_42                  DATA             128KB  2026.09.18 05:59:32        
                        42  FAGE_A_FIT_101                DATA             128KB  2026.09.18 06:00:07        
4                                                          SAS 시스템      2026년  9월 18일 금요일 오전 02시 05분 58초

                                                          멤버      파일 크
                         #  이름                        유형             기  마지막 수정일

                        43  FAGE_A_FIT_202                DATA             128KB  2026.09.18 06:00:37        
                        44  FAGE_A_FIT_303                DATA             128KB  2026.09.18 06:01:04        
                        45  FAGE_A_FIT_404                DATA             128KB  2026.09.18 06:01:32        
                        46  FAGE_A_FIT_42                 DATA             128KB  2026.09.18 05:59:32        
                        47  FAGE_A_MODEL_101              DATA             128KB  2026.09.18 06:00:07        
                        48  FAGE_A_MODEL_202              DATA             128KB  2026.09.18 06:00:37        
                        49  FAGE_A_MODEL_303              DATA             128KB  2026.09.18 06:01:04        
                        50  FAGE_A_MODEL_404              DATA             128KB  2026.09.18 06:01:32        
                        51  FAGE_A_MODEL_42               DATA             128KB  2026.09.18 05:59:32        
                        52  FAGE_A_PE_101                 DATA             128KB  2026.09.18 06:00:07        
                        53  FAGE_A_PE_202                 DATA             128KB  2026.09.18 06:00:37        
                        54  FAGE_A_PE_303                 DATA             128KB  2026.09.18 06:01:04        
                        55  FAGE_A_PE_404                 DATA             128KB  2026.09.18 06:01:32        
                        56  FAGE_A_PE_42                  DATA             128KB  2026.09.18 05:59:32        
                        57  FAGE_A_READ_101               DATA             640KB  2026.09.18 06:00:07        
                        58  FAGE_A_READ_202               DATA             768KB  2026.09.18 06:00:37        
                        59  FAGE_A_READ_303               DATA             768KB  2026.09.18 06:01:04        
                        60  FAGE_A_READ_404               DATA             640KB  2026.09.18 06:01:32        
                        61  FAGE_A_READ_42                DATA             640KB  2026.09.18 05:59:32        
                        62  FAGE_CAL                      DATA             640KB  2026.09.18 06:01:32        
                        63  FAGE_CAL_101                  DATA             704KB  2026.09.18 05:59:59        
                        64  FAGE_CAL_202                  DATA             640KB  2026.09.18 06:00:31        
                        65  FAGE_CAL_303                  DATA             640KB  2026.09.18 06:00:58        
                        66  FAGE_CAL_404                  DATA             640KB  2026.09.18 06:01:25        
                        67  FAGE_CAL_42                   DATA             704KB  2026.09.18 05:59:28        
                        68  FAGE_CV_101                   DATA             128KB  2026.09.18 05:59:59        
                        69  FAGE_CV_202                   DATA             128KB  2026.09.18 06:00:31        
                        70  FAGE_CV_303                   DATA             128KB  2026.09.18 06:00:58        
                        71  FAGE_CV_404                   DATA             128KB  2026.09.18 06:01:25        
                        72  FAGE_CV_42                    DATA             128KB  2026.09.18 05:59:28        
                        73  FAGE_C_CAL_101                DATA             768KB  2026.09.18 06:00:10        
                        74  FAGE_C_CAL_202                DATA             704KB  2026.09.18 06:00:40        
                        75  FAGE_C_CAL_303                DATA             704KB  2026.09.18 06:01:07        
                        76  FAGE_C_CAL_404                DATA             704KB  2026.09.18 06:01:35        
                        77  FAGE_C_CAL_42                 DATA             768KB  2026.09.18 05:59:36        
                        78  FAGE_C_CV_101                 DATA             128KB  2026.09.18 06:00:10        
                        79  FAGE_C_CV_202                 DATA             128KB  2026.09.18 06:00:40        
                        80  FAGE_C_CV_303                 DATA             128KB  2026.09.18 06:01:07        
                        81  FAGE_C_CV_404                 DATA             128KB  2026.09.18 06:01:35        
                        82  FAGE_C_CV_42                  DATA             128KB  2026.09.18 05:59:36        
                        83  FAGE_C_FIT_101                DATA             128KB  2026.09.18 06:00:10        
                        84  FAGE_C_FIT_202                DATA             128KB  2026.09.18 06:00:40        
                        85  FAGE_C_FIT_303                DATA             128KB  2026.09.18 06:01:07        
                        86  FAGE_C_FIT_404                DATA             128KB  2026.09.18 06:01:35        
                        87  FAGE_C_FIT_42                 DATA             128KB  2026.09.18 05:59:36        
                        88  FAGE_C_MODEL_101              DATA             128KB  2026.09.18 06:00:10        
                        89  FAGE_C_MODEL_202              DATA             128KB  2026.09.18 06:00:40        
                        90  FAGE_C_MODEL_303              DATA             128KB  2026.09.18 06:01:07        
                        91  FAGE_C_MODEL_404              DATA             128KB  2026.09.18 06:01:35        
                        92  FAGE_C_MODEL_42               DATA             128KB  2026.09.18 05:59:36        
                        93  FAGE_C_PE_101                 DATA             128KB  2026.09.18 06:00:10        
                        94  FAGE_C_PE_202                 DATA             128KB  2026.09.18 06:00:40        
                        95  FAGE_C_PE_303                 DATA             128KB  2026.09.18 06:01:07        
                        96  FAGE_C_PE_404                 DATA             128KB  2026.09.18 06:01:35        
                        97  FAGE_C_PE_42                  DATA             128KB  2026.09.18 05:59:36        
5                                                          SAS 시스템      2026년  9월 18일 금요일 오전 02시 05분 58초

                                                          멤버      파일 크
                         #  이름                        유형             기  마지막 수정일

                        98  FAGE_C_READ_101               DATA             640KB  2026.09.18 06:00:10        
                        99  FAGE_C_READ_202               DATA             768KB  2026.09.18 06:00:40        
                       100  FAGE_C_READ_303               DATA             768KB  2026.09.18 06:01:07        
                       101  FAGE_C_READ_404               DATA             640KB  2026.09.18 06:01:35        
                       102  FAGE_C_READ_42                DATA             640KB  2026.09.18 05:59:36        
                       103  FAGE_FIT_101                  DATA             128KB  2026.09.18 05:59:59        
                       104  FAGE_FIT_202                  DATA             128KB  2026.09.18 06:00:31        
                       105  FAGE_FIT_303                  DATA             128KB  2026.09.18 06:00:58        
                       106  FAGE_FIT_404                  DATA             128KB  2026.09.18 06:01:25        
                       107  FAGE_FIT_42                   DATA             128KB  2026.09.18 05:59:28        
                       108  FAGE_GRID                     DATA             563MB  2026.09.18 06:01:51        
                       109  FAGE_MODEL_101                DATA             128KB  2026.09.18 05:59:59        
                       110  FAGE_MODEL_202                DATA             128KB  2026.09.18 06:00:31        
                       111  FAGE_MODEL_303                DATA             128KB  2026.09.18 06:00:58        
                       112  FAGE_MODEL_404                DATA             128KB  2026.09.18 06:01:25        
                       113  FAGE_MODEL_42                 DATA             128KB  2026.09.18 05:59:28        
                       114  FAGE_PE_101                   DATA             128KB  2026.09.18 05:59:59        
                       115  FAGE_PE_202                   DATA             128KB  2026.09.18 06:00:31        
                       116  FAGE_PE_303                   DATA             128KB  2026.09.18 06:00:58        
                       117  FAGE_PE_404                   DATA             128KB  2026.09.18 06:01:25        
                       118  FAGE_PE_42                    DATA             128KB  2026.09.18 05:59:28        
                       119  FAGE_READ                     DATA             576KB  2026.09.18 06:01:25        
                       120  FAGE_READOUT_FPR              DATA             128KB  2026.09.18 06:01:54        
                       121  FAGE_READOUT_NOURL            DATA             128KB  2026.09.18 06:01:54        
                       122  FAGE_READOUT_SCORED           DATA              17MB  2026.09.18 06:01:54        
                       123  FAGE_READ_101                 DATA             640KB  2026.09.18 05:59:59        
                       124  FAGE_READ_202                 DATA             768KB  2026.09.18 06:00:31        
                       125  FAGE_READ_303                 DATA             768KB  2026.09.18 06:00:58        
                       126  FAGE_READ_404                 DATA             640KB  2026.09.18 06:01:25        
                       127  FAGE_READ_42                  DATA             640KB  2026.09.18 05:59:28        
                       128  FAGE_STACK_CV_101             DATA             128KB  2026.09.18 05:59:59        
                       129  FAGE_STACK_CV_202             DATA             128KB  2026.09.18 06:00:31        
                       130  FAGE_STACK_CV_303             DATA             128KB  2026.09.18 06:00:58        
                       131  FAGE_STACK_CV_404             DATA             128KB  2026.09.18 06:01:25        
                       132  FAGE_STACK_CV_42              DATA             128KB  2026.09.18 05:59:27        
                       133  FAGE_STACK_FIT_101            DATA             128KB  2026.09.18 05:59:59        
                       134  FAGE_STACK_FIT_202            DATA             128KB  2026.09.18 06:00:31        
                       135  FAGE_STACK_FIT_303            DATA             128KB  2026.09.18 06:00:58        
                       136  FAGE_STACK_FIT_404            DATA             128KB  2026.09.18 06:01:25        
                       137  FAGE_STACK_FIT_42             DATA             128KB  2026.09.18 05:59:27        
                       138  FAGE_STACK_MODEL_101          DATA             128KB  2026.09.18 05:59:59        
                       139  FAGE_STACK_MODEL_202          DATA             128KB  2026.09.18 06:00:31        
                       140  FAGE_STACK_MODEL_303          DATA             128KB  2026.09.18 06:00:58        
                       141  FAGE_STACK_MODEL_404          DATA             128KB  2026.09.18 06:01:25        
                       142  FAGE_STACK_MODEL_42           DATA             128KB  2026.09.18 05:59:27        
                       143  FAGE_STACK_PE_101             DATA             128KB  2026.09.18 05:59:59        
                       144  FAGE_STACK_PE_202             DATA             128KB  2026.09.18 06:00:31        
                       145  FAGE_STACK_PE_303             DATA             128KB  2026.09.18 06:00:58        
                       146  FAGE_STACK_PE_404             DATA             128KB  2026.09.18 06:01:25        
                       147  FAGE_STACK_PE_42              DATA             128KB  2026.09.18 05:59:27        
                       148  FAGE_THRESHOLDS               DATA             128KB  2026.09.18 06:01:54        
                       149  FAGE_THRESHOLD_STATS          DATA             128KB  2026.09.18 06:01:54        
                       150  FAGE_TH_ROW                   DATA             128KB  2026.09.18 06:01:54        
                       151  FIT_FULL                      DATA             128KB  2026.09.18 05:59:07        
                       152  FIT_INTER                     DATA             128KB  2026.09.18 05:59:09        
6                                                          SAS 시스템      2026년  9월 18일 금요일 오전 02시 05분 58초

                                                          멤버      파일 크
                         #  이름                        유형             기  마지막 수정일

                       153  FIT_INTER_YEAR                DATA             128KB  2026.09.18 05:59:09        
                       154  FIT_MAIN                      DATA             128KB  2026.09.18 05:59:07        
                       155  FIT_RARE                      DATA             128KB  2026.09.18 05:59:10        
                       156  FIT_SIM                       DATA             128KB  2026.09.18 05:59:06        
                       157  FIT_TYPE                      DATA             128KB  2026.09.18 05:59:07        
                       158  FIT_YEAR                      DATA             128KB  2026.09.18 05:59:06        
                       159  FIT_YEAR_TYPE                 DATA             128KB  2026.09.18 05:59:08        
                       160  FLOW_ROWS                     DATA               3MB  2026.09.18 05:59:05        
                       161  FNR_BY_URL                    DATA             128KB  2026.09.18 05:59:25        
                       162  FORMATS                       CATALOG           24KB  2026.09.18 05:54:21        
                       163  FPR_BY_URL                    DATA             128KB  2026.09.18 05:59:24        
                       164  GRID                          DATA             121MB  2026.09.18 05:59:16        
                       165  JOINT_FULL                    DATA             128KB  2026.09.18 05:59:07        
                       166  JOINT_INTER                   DATA             128KB  2026.09.18 05:59:09        
                       167  JOINT_INTER_YEAR              DATA             128KB  2026.09.18 05:59:09        
                       168  JOINT_MAIN                    DATA             128KB  2026.09.18 05:59:07        
                       169  JOINT_RARE                    DATA             128KB  2026.09.18 05:59:10        
                       170  JOINT_TYPE                    DATA             128KB  2026.09.18 05:59:07        
                       171  JOINT_YEAR                    DATA             128KB  2026.09.18 05:59:06        
                       172  JOINT_YEAR_TYPE               DATA             128KB  2026.09.18 05:59:08        
                       173  KCBERT_15ARMS                 DATA             128KB  2026.09.18 05:54:21        
                       174  KCBERT_ARM_SUMMARY            DATA             128KB  2026.09.18 05:54:21        
                       175  KCBERT_SUBGROUP_URL           DATA             128KB  2026.09.18 05:54:21        
                       176  KCBERT_TOP_UNCERTAIN          DATA             128KB  2026.09.18 05:54:21        
                       177  KCBERT_TRANSITIONS            DATA             128KB  2026.09.18 05:54:21        
                       178  LR_INTERACTION                DATA             128KB  2026.09.18 05:59:09        
                       179  LR_INTERACTION_ADJUSTED_YEAR  DATA             128KB  2026.09.18 05:59:09        
                       180  LR_JOINT_YEAR                 DATA             128KB  2026.09.18 05:59:09        
                       181  LR_YEAR_ADDITIVE              DATA             128KB  2026.09.18 05:59:08        
                       182  LR_YEAR_TYPE                  DATA             128KB  2026.09.18 05:59:08        
                       183  MALICIOUS_TEST                DATA             256KB  2026.09.18 05:59:16        
                       184  MALICIOUS_TEST_CI             DATA             256KB  2026.09.18 05:59:16        
                       185  METAMODEL                     DATA             128KB  2026.09.18 05:59:16        
                       186  META_CONVERGENCE              DATA             128KB  2026.09.18 05:59:16        
                       187  META_FIT_STATISTICS           DATA             128KB  2026.09.18 05:59:16        
                       188  META_ODDS_CI                  DATA             128KB  2026.09.18 05:59:16        
                       189  META_PARAMETERS               DATA             128KB  2026.09.18 05:59:16        
                       190  META_URL_BLOCK_TEST           DATA             128KB  2026.09.18 05:59:16        
                       191  MSGTEXT                       DATA             131MB  2026.09.18 05:59:16        
                       192  NOBS_FULL                     DATA             128KB  2026.09.18 05:59:07        
                       193  NOBS_INTER                    DATA             128KB  2026.09.18 05:59:09        
                       194  NOBS_INTER_YEAR               DATA             128KB  2026.09.18 05:59:09        
                       195  NOBS_MAIN                     DATA             128KB  2026.09.18 05:59:07        
                       196  NOBS_RARE                     DATA             128KB  2026.09.18 05:59:10        
                       197  NOBS_SIM                      DATA             128KB  2026.09.18 05:59:06        
                       198  NOBS_TYPE                     DATA             128KB  2026.09.18 05:59:07        
                       199  NOBS_YEAR                     DATA             128KB  2026.09.18 05:59:06        
                       200  NOBS_YEAR_TYPE                DATA             128KB  2026.09.18 05:59:08        
                       201  NORMAL_TEST                   DATA             512KB  2026.09.18 05:59:16        
                       202  NORMAL_TEST_CI                DATA             512KB  2026.09.18 05:59:16        
                       203  OR_FULL                       DATA             128KB  2026.09.18 05:59:07        
                       204  OR_INTER                      DATA             128KB  2026.09.18 05:59:09        
                       205  OR_INTER_YEAR                 DATA             128KB  2026.09.18 05:59:09        
                       206  OR_MAIN                       DATA             128KB  2026.09.18 05:59:07        
                       207  OR_RARE                       DATA             128KB  2026.09.18 05:59:10        
7                                                          SAS 시스템      2026년  9월 18일 금요일 오전 02시 05분 58초

                                                          멤버      파일 크
                         #  이름                        유형             기  마지막 수정일

                       208  OR_SIM                        DATA             128KB  2026.09.18 05:59:06        
                       209  OR_TYPE                       DATA             128KB  2026.09.18 05:59:07        
                       210  OR_YEAR                       DATA             128KB  2026.09.18 05:59:06        
                       211  OR_YEAR_TYPE                  DATA             128KB  2026.09.18 05:59:08        
                       212  PARMS                         CATALOG           24KB  2026.09.18 06:01:55        
                       213  PRED_BINNED                   DATA             896KB  2026.09.18 05:59:09        
                       214  PRED_INTER                    DATA             832KB  2026.09.18 05:59:09        
                       215  PROFILE                       CATALOG           12KB  2026.09.18 05:53:47        
                       216  READ_ONE                      DATA             448KB  2026.09.18 06:01:54        
                       217  READ_SCORED                   DATA             832KB  2026.09.18 06:01:54        
                       218  REGSTRY                       ITEMSTOR          32KB  2026.09.18 05:53:47        
                       219  ROBUSTNESS                    DATA             128KB  2026.09.18 05:59:27        
                       220  ROC_AUC_ALL                   DATA             128KB  2026.09.18 05:59:19        
                       221  ROC_AUC_URL                   DATA             128KB  2026.09.18 05:59:20        
                       222  ROC_COMPARISON                DATA             768KB  2026.09.18 05:59:17        
                       223  ROC_DIFFERENCE_ALL            DATA             128KB  2026.09.18 05:59:19        
                       224  ROC_DIFFERENCE_URL            DATA             128KB  2026.09.18 05:59:20        
                       225  SAMPLE_FLOW                   DATA             128KB  2026.09.18 05:59:05        
                       226  SAMPLE_FLOW_YEAR              DATA             128KB  2026.09.18 05:59:05        
                       227  SASGOPT                       CATALOG           12KB  2026.09.18 05:53:54        
                       228  SASMAC1                       CATALOG           20KB  2026.09.18 05:59:24        
                       229  SASMAC3                       CATALOG           20KB  2026.09.18 06:05:57        
                       230  SASMACR                       CATALOG          384KB  2026.09.18 06:05:57        
                       231  SC11_AB                       DATA             128KB  2026.09.18 06:01:55        
                       232  SCAB_STATUS                   DATA             128KB  2026.09.18 06:01:55        
                       233  SCAMLENS_PIPELINE_SUMMARY     DATA             128KB  2026.09.18 05:57:16        
                       234  SCAMLENS_RUN_STATUS           DATA             128KB  2026.09.18 06:01:55        
                       235  SCAMLENS_STEP_STATUS          DATA             128KB  2026.09.18 06:01:55        
                       236  SCORED                        DATA               4MB  2026.09.18 05:59:16        
                       237  SCORES                        DATA               4MB  2026.09.18 05:59:15        
                       238  SLKC_BASELINE                 DATA             128KB  2026.09.18 05:54:24        
                       239  SLKC_READBACK                 DATA             128KB  2026.09.18 05:54:24        
                       240  STACK_CAL_101                 DATA             704KB  2026.09.18 05:59:59        
                       241  STACK_CAL_202                 DATA             640KB  2026.09.18 06:00:31        
                       242  STACK_CAL_303                 DATA             640KB  2026.09.18 06:00:58        
                       243  STACK_CAL_404                 DATA             640KB  2026.09.18 06:01:25        
                       244  STACK_CAL_42                  DATA             704KB  2026.09.18 05:59:28        
                       245  STACK_READ_101                DATA             640KB  2026.09.18 05:59:59        
                       246  STACK_READ_202                DATA             768KB  2026.09.18 06:00:31        
                       247  STACK_READ_303                DATA             768KB  2026.09.18 06:00:58        
                       248  STACK_READ_404                DATA             640KB  2026.09.18 06:01:25        
                       249  STACK_READ_42                 DATA             640KB  2026.09.18 05:59:28        
                       250  STRATIFIED                    DATA             128KB  2026.09.18 05:59:09        
                       251  STRATIFIED_CI                 DATA             128KB  2026.09.18 05:59:09        
                       252  TEST_SCORED                   DATA             768KB  2026.09.18 05:59:17        
                       253  TEXT_LENGTH_AUDIT             DATA             128KB  2026.09.18 05:59:16        
                       254  THRESHOLD_STATS               DATA             128KB  2026.09.18 05:59:17        
                       255  TH_FAGE_101                   DATA             128KB  2026.09.18 06:00:07        
                       256  TH_FAGE_202                   DATA             128KB  2026.09.18 06:00:37        
                       257  TH_FAGE_303                   DATA             128KB  2026.09.18 06:01:04        
                       258  TH_FAGE_404                   DATA             128KB  2026.09.18 06:01:32        
                       259  TH_FAGE_42                    DATA             128KB  2026.09.18 05:59:32        
                       260  TH_FAGE_A_101                 DATA             128KB  2026.09.18 06:00:10        
                       261  TH_FAGE_A_202                 DATA             128KB  2026.09.18 06:00:40        
                       262  TH_FAGE_A_303                 DATA             128KB  2026.09.18 06:01:07        
8                                                          SAS 시스템      2026년  9월 18일 금요일 오전 02시 05분 58초

                                                          멤버      파일 크
                         #  이름                        유형             기  마지막 수정일

                       263  TH_FAGE_A_404                 DATA             128KB  2026.09.18 06:01:35        
                       264  TH_FAGE_A_42                  DATA             128KB  2026.09.18 05:59:36        
                       265  TH_FAGE_C_101                 DATA             128KB  2026.09.18 06:00:14        
                       266  TH_FAGE_C_202                 DATA             128KB  2026.09.18 06:00:44        
                       267  TH_FAGE_C_303                 DATA             128KB  2026.09.18 06:01:11        
                       268  TH_FAGE_C_404                 DATA             128KB  2026.09.18 06:01:39        
                       269  TH_FAGE_C_42                  DATA             128KB  2026.09.18 05:59:42        
                       270  TH_KCBERT_101                 DATA             128KB  2026.09.18 06:00:31        
                       271  TH_KCBERT_202                 DATA             128KB  2026.09.18 06:00:58        
                       272  TH_KCBERT_303                 DATA             128KB  2026.09.18 06:01:24        
                       273  TH_KCBERT_404                 DATA             128KB  2026.09.18 06:01:54        
                       274  TH_KCBERT_42                  DATA             128KB  2026.09.18 05:59:59        
                       275  TH_LR_A_101                   DATA             128KB  2026.09.18 06:00:17        
                       276  TH_LR_A_202                   DATA             128KB  2026.09.18 06:00:47        
                       277  TH_LR_A_303                   DATA             128KB  2026.09.18 06:01:13        
                       278  TH_LR_A_404                   DATA             128KB  2026.09.18 06:01:42        
                       279  TH_LR_A_42                    DATA             128KB  2026.09.18 05:59:45        
                       280  TH_LR_B_101                   DATA             128KB  2026.09.18 06:00:21        
                       281  TH_LR_B_202                   DATA             128KB  2026.09.18 06:00:49        
                       282  TH_LR_B_303                   DATA             128KB  2026.09.18 06:01:16        
                       283  TH_LR_B_404                   DATA             128KB  2026.09.18 06:01:45        
                       284  TH_LR_B_42                    DATA             128KB  2026.09.18 05:59:48        
                       285  TH_LR_C_101                   DATA             128KB  2026.09.18 06:00:24        
                       286  TH_LR_C_202                   DATA             128KB  2026.09.18 06:00:52        
                       287  TH_LR_C_303                   DATA             128KB  2026.09.18 06:01:19        
                       288  TH_LR_C_404                   DATA             128KB  2026.09.18 06:01:48        
                       289  TH_LR_C_42                    DATA             128KB  2026.09.18 05:59:51        
                       290  TH_STACK_101                  DATA             128KB  2026.09.18 06:00:03        
                       291  TH_STACK_202                  DATA             128KB  2026.09.18 06:00:34        
                       292  TH_STACK_303                  DATA             128KB  2026.09.18 06:01:01        
                       293  TH_STACK_404                  DATA             128KB  2026.09.18 06:01:28        
                       294  TH_STACK_42                   DATA             128KB  2026.09.18 05:59:29        
                       295  TH_WORD_101                   DATA             128KB  2026.09.18 06:00:27        
                       296  TH_WORD_202                   DATA             128KB  2026.09.18 06:00:55        
                       297  TH_WORD_303                   DATA             128KB  2026.09.18 06:01:22        
                       298  TH_WORD_404                   DATA             128KB  2026.09.18 06:01:51        
                       299  TH_WORD_42                    DATA             128KB  2026.09.18 05:59:55        
                       300  TYPE_COUNTS                   DATA             128KB  2026.09.18 05:59:09        
                       301  VISUAL_ROC                    DATA             640KB  2026.09.18 05:59:25        
                       302  VISUAL_ROC_JOINED             DATA             640KB  2026.09.18 05:59:25        
                       303  WITH_RARE                     DATA               1MB  2026.09.18 05:59:09        
                       304  _SGSRT2_                      DATA             128KB  2026.09.18 05:59:27        
82     delete gitdiff1789725957181;
83     quit;

NOTE: 파일 WORK.GITDIFF1789725957181(memtype=DATA)을(를) 찾을 수 없지만, DELETE 문장에 나타납니다.
NOTE: 프로시저 DATASETS 실행 (총 프로세스 시간):
      실행 시간           0.21 초
      cpu 시간            0.22 초
      

84     data work.gitdiff1789725957181;
85     N=1;
86     LENGTH FILE_PATH $ 1024;
87     LENGTH DIFF_CONTENT $ 32767;
9                                                          SAS 시스템      2026년  9월 18일 금요일 오전 02시 05분 58초

88     LENGTH DIFF_TYPE $ 1024;
89     FILE_PATH='';
90     DIFF_CONTENT='';
91     DIFF_TYPE='';
92     N = GIT_DIFF("/home/student/github", "45d0fa5088990b077257fc3e084ff90c360a47cb" , "a388aec3f3f2b9d38707faf9ba1210e8bf8b996b")
92   ! ;
93     do I=1 TO N;
94     RC=GIT_DIFF_GET(I, "/home/student/github", "45d0fa5088990b077257fc3e084ff90c360a47cb" ,
94   ! "a388aec3f3f2b9d38707faf9ba1210e8bf8b996b", "file", FILE_PATH);
95     RC=GIT_DIFF_GET(I, "/home/student/github", "45d0fa5088990b077257fc3e084ff90c360a47cb" ,
95   ! "a388aec3f3f2b9d38707faf9ba1210e8bf8b996b", "diff_content", DIFF_CONTENT);
96     RC=GIT_DIFF_GET(I, "/home/student/github", "45d0fa5088990b077257fc3e084ff90c360a47cb" ,
96   ! "a388aec3f3f2b9d38707faf9ba1210e8bf8b996b", "diff_type", DIFF_TYPE);
97     output;
98     end;
99     RC = GIT_DIFF_FREE("/home/student/github", "45d0fa5088990b077257fc3e084ff90c360a47cb" ,
99   ! "a388aec3f3f2b9d38707faf9ba1210e8bf8b996b");
100    run;

NOTE: Diff objects freed successfully.
NOTE: 데이터셋 WORK.GITDIFF1789725957181에 2개의 관측값과 6개의 변수가 있습니다.
NOTE: DATA 문장 실행 (총 프로세스 시간):
      실행 시간           0.32 초
      cpu 시간            0.26 초
      

101    
102    
103    /* region: 생성한 포스트앰블 */
104    /* ODS 대상 닫기 */
105    &graphterm; ;*';*";*/;run;quit;
106    quit;run;
107    ods html5 (id=web) close;
108    ods listing close;
109    %if %sysfunc(fileref(_gsfname)) lt 0 %then %do;
110        filename _gsfname clear;
NOTE: Fileref _GSFNAME을(를) 삭제했습니다.
111    %end;
112    %studio_capture_custom_output;
113    /* endregion */
114    

1                                                          SAS 시스템      2026년  9월 18일 금요일 오전 02시 06분 07초

1      /* region: 생성한 프리앰블 */
2      /* 현재 디렉터리가 쓰기 가능한지 확인하십시오. */
3      data _null_;
4          length rc 4;
5          %let tworkloc="%sysfunc(getoption(work))";
6          rc=dlgcdir(&tworkloc);
7      run;

NOTE: '/opt/sas/viya/config/var/tmp/compsrv/default/04ee8070-d54a-4535-b462-e3946f5f09eb/SAS_work5D21000001EB_sas-compute-server-2b4
      73bef-58e9-4c87-8086-f8861afdcf8a-85'은(는) 현재 작동 중인 디렉터리입니다.
NOTE: DATA 문장 실행 (총 프로세스 시간):
      실행 시간           0.00 초
      cpu 시간            0.00 초
      

8      
9      /* 옵션 설정 */
10     title;
11     footnote;
12     options validvarname=any;
13     options validmemname=extend;
14     options dtreset date number;
15     options device=png;
16     
17     /* 매크로 변수 설정 */
18     %let syscc=0;
19     %let _clientapp = %nrquote(%nrstr(SAS Studio));
20     %let _clientappabbrev = %nrquote(%nrstr(Studio));
21     %let _clientappversion=2024.02;
22     %let _clientversion=;
23     %let _sasservername=&SYSHOSTNAME;
24     %let _sashostname=&SYSHOSTNAME;
25     %let _sasprogramfilehost=&SYSHOSTNAME;
26     %let _clientuserid = %nrquote(%nrstr(student));
27     %let _clientusername = %nrquote(%nrstr(Student));
28     %let clientmachine = %nrquote(%nrstr());
29     %let _clientmachine = %nrquote(%nrstr());
30     %let _clientmode = %nrquote(%nrstr(viya));
31     %let sasworklocation="%sysfunc(getoption(work))/";
32     filename _cwd &sasworklocation;
33     data _null_;
34         call symput('_sasworkingdir',pathname('_cwd'));
35     run;

NOTE: DATA 문장 실행 (총 프로세스 시간):
      실행 시간           0.00 초
      cpu 시간            0.00 초
      

36     filename _cwd;
NOTE: Fileref _CWD을(를) 삭제했습니다.
37     %let _sasprogramfile = %nrquote(%nrstr(/home/student/github/sas/00_RUN_MASTER_01_TO_14.sas));
38     %let _baseurl = %nrquote(%nrstr(https://server.demo.sas.com/SASStudio/));
39     %let _execenv = %nrquote(%nrstr(SASStudio));
40     %symdel _dataout_mime_type _dataout_name _dataout_url _dataout_table / nowarn;
41     %let _sasws_ = %bquote(%sysfunc(getoption(work)));
42     %let _saswstemp_ = %bquote(%sysfunc(getoption(work)));
43     
2                                                          SAS 시스템      2026년  9월 18일 금요일 오전 02시 06분 07초

44     /* SAS/Graph 감지 및 그래프 옵션 설정 */
45     data _null_;
46         length rc $255;
47         call symput("graphinit","");
48         call symput("graphterm","");
49         rc=tslvl('sasxgopt','n');
50         _error_=0;
51         if (rc^=' ') then do;
52             call symput("graphinit","goptions reset=all gsfname=_gsfname;");
53             call symput("graphterm","goptions noaccessible;");
54         end;
55     run;

NOTE: DATA 문장 실행 (총 프로세스 시간):
      실행 시간           0.00 초
      cpu 시간            0.01 초
      

56     data _null_;
57         length rc 4;
58         rc=sysprod("PRODNUM002");
59         if (rc^=1) then do;
60             call symput("graphinit","");
61             call symput("graphterm","");
62         end;
63     run;

NOTE: DATA 문장 실행 (총 프로세스 시간):
      실행 시간           0.00 초
      cpu 시간            0.00 초
      

64     
65     /* ODS 대상 설정 */
66     ods _all_ close;
67     %studio_results_directory;
68     filename _htmlout "&_results_prefix_..html";
69     filename _listout "&_results_prefix_..lst";
70     filename _gsfname temp;
71     filename _dataout "&_results_prefix_..dat";
72     ods autonavigate off;
73     ods graphics on;
74     ods html5 (id=web) METATEXT='http-equiv="Content-Security-Policy" content="default-src ''none''; style-src ''unsafe-inline'';
74   !  img-src data: ;"' device=png gpath="&_saswstemp_" path="&_saswstemp_" encoding=utf8 file=_htmlout
74   ! (title='결과:00_RUN_MASTER_01_TO_14.sas') style=Illuminate options(bitmap_mode='inline' outline='on' svg_mode='inline'
74   ! css_prefix=".ods_&SYS_COMPUTE_JOB_ID" body_id="div_&SYS_COMPUTE_JOB_ID" );
NOTE: HTML5(WEB) Body 파일 기록 중: _HTMLOUT
75     ods listing file=_listout;
76     &graphinit;
77     %studio_initialize_custom_output;
78     /* endregion */
79     
80     /*---------------------------------------------------------------------------
81       ScamLens 00_RUN_MASTER_01_TO_14 — 전체 분석 파이프라인 (01 ~ 14) 마스터 실행기
82     
83       프로젝트: ScamLens (안심문자 탐지 및 난독화 강건성 연구)
84       작성일: 2026-09-18
85       버전: v2.0 (실시간 화면 로깅 & 견고한 단계별 내결함성 탑재)
3                                                          SAS 시스템      2026년  9월 18일 금요일 오전 02시 06분 07초

86     
87       [특징]
88       1. proc printto 리다이렉트 없이 SAS Studio 화면에 각 단계별 진행 상황을 실시간 표시
89       2. 단순 경고(WARNING, syscc=4)로 인한 강제 중단을 방지하고 끝까지 완주
90       3. 완료 후 전체 단계별 성공/실패 현황표(work.scamlens_master_run_status) 출력
91     ---------------------------------------------------------------------------*/
92     
93     %global projroot;
94     %macro init_master_env;
95       %if %length(%superq(projroot))=0 %then %do;
96         %if %sysfunc(fileexist(/home/student/github/sas/14_kcbert_visuals.sas)) %then %do;
97           %let projroot=/home/student/github;
98         %end;
99         %else %if %sysfunc(fileexist(/Users/sangwoolee/sas/sas/sas/14_kcbert_visuals.sas)) %then %do;
100          %let projroot=/Users/sangwoolee/sas/sas;
101        %end;
102        %else %do;
103          %let projroot=/home/student/github;
104        %end;
105      %end;
106    %mend init_master_env;
107    %init_master_env;
108    
109    /* 상태 기록 테이블 초기화 */
110    data work.scamlens_master_run_status;
111      length step 8 stage_num $10 stage_name $45 program $35 status $15 syscc 8;
112      stop;
113    run;

NOTE: 변수 step이(가) 초기화되지 않았습니다.
NOTE: 변수 stage_num이(가) 초기화되지 않았습니다.
NOTE: 변수 stage_name이(가) 초기화되지 않았습니다.
NOTE: 변수 program이(가) 초기화되지 않았습니다.
NOTE: 변수 status이(가) 초기화되지 않았습니다.
NOTE: 변수 syscc이(가) 초기화되지 않았습니다.
NOTE: 데이터셋 WORK.SCAMLENS_MASTER_RUN_STATUS에 0개의 관측값과 6개의 변수가 있습니다.
NOTE: DATA 문장 실행 (총 프로세스 시간):
      실행 시간           0.00 초
      cpu 시간            0.00 초
      

114    
115    %macro run_substage(step_idx, stage_id, stage_desc, sas_file);
116      %put NOTE: ;
117      %put NOTE: =========================================================================;
118      %put NOTE: >>> [Step &step_idx.] &stage_desc. (&sas_file.);
119      %put NOTE: =========================================================================;
120    
121      %local file_path cur_syscc;
122      %let file_path=&projroot./sas/&sas_file.;
123    
124      %if not %sysfunc(fileexist(&file_path.)) %then %do;
125        %put WARNING: 실행 파일이 존재하지 않아 건너뜁니다: &file_path.;
126        data work._tmp_status;
127          length step 8 stage_num $10 stage_name $45 program $35 status $15 syscc 8;
128          step = &step_idx.;
129          stage_num = "&stage_id.";
130          stage_name = "&stage_desc.";
4                                                          SAS 시스템      2026년  9월 18일 금요일 오전 02시 06분 07초

131          program = "&sas_file.";
132          status = "SKIPPED";
133          syscc = .;
134        run;
135      %end;
136      %else %do;
137        %let syscc=0;
138        %include "&file_path.";
139        %let cur_syscc=&syscc.;
140    
141        data work._tmp_status;
142          length step 8 stage_num $10 stage_name $45 program $35 status $15 syscc 8;
143          step = &step_idx.;
144          stage_num = "&stage_id.";
145          stage_name = "&stage_desc.";
146          program = "&sas_file.";
147          syscc = &cur_syscc.;
148          if syscc <= 4 then status = "SUCCESS";
149          else status = "ERROR";
150        run;
151      %end;
152    
153      proc append base=work.scamlens_master_run_status data=work._tmp_status force; run;
154    %mend run_substage;
155    
156    %macro run_scamlens_full_master;
157      %local t_start t_end;
158      %let t_start=%sysfunc(datetime());
159    
160      %put NOTE: =========================================================================;
161      %put NOTE: ScamLens 01 ~ 14 전체 마스터 파이프라인 시작 (실행 환경: &projroot.);
162      %put NOTE: 시작 시각: %sysfunc(datetime(), datetime20.);
163      %put NOTE: =========================================================================;
164    
165      /* [Track 1] 베이스라인 머신러닝 및 데이터 감사 */
166      %run_substage(1, 01, 데이터 적재 및 무결성 감사, 01_load_and_audit.sas);
167      %run_substage(2, 07, 특징 구성 및 신종 스미싱 분석, 07_composition_and_novelty.sas);
168      %run_substage(3, 02, 메타 분류기 학습 및 평가, 02_meta_classifier.sas);
169      %run_substage(4, 03, 단일/앙상블 모델 비교 (ROC), 03_model_comparison.sas);
170      %run_substage(5, 06, 트랜스포머 vs ML 대조 분석, 06_transformer_contrast.sas);
171      %run_substage(6, 05, 베이스라인 종합 시각화, 05_visuals.sas);
172      %run_substage(7, 08, FAGE 공정성 및 신뢰성 게이트, 08_fage_gate.sas);
173    
174      /* [Track 2] 인간-AI 검수자 합의 및 A/B 배포 */
175      %run_substage(8, 11, 검수자 A/B 일치도 (Kappa), 11_reviewer_ab_agreement.sas);
176      %run_substage(9, 12, 최종 합의 모델 성능 평가, 12_consensus_model_comparison.sas);
177      %run_substage(10, 13, 합의 집계 7종 테이블 CAS 적재, 13_publish_ab_to_cas.sas);
178    
179      /* [Track 3] 심층 KcBERT 15-Arm 강건성 시각화 및 CAS 글로벌 승격 */
180      %run_substage(11, 14, KcBERT 15-Arm 시각화 & CAS 배포, 14_kcbert_visuals.sas);
181    
182      %let t_end=%sysfunc(datetime());
183      %put NOTE: =========================================================================;
184      %put NOTE: ScamLens 01 ~ 14 전체 마스터 파이프라인 완주 완료!;
185      %put NOTE: 총 소요 시간: %sysfunc(round(%sysevalf(&t_end. - &t_start.), 0.01)) 초;
186      %put NOTE: =========================================================================;
187    
188      /* 최종 종합 실행 현황표 출력 */
5                                                          SAS 시스템      2026년  9월 18일 금요일 오전 02시 06분 07초

189      title1 "ScamLens 01 ~ 14 전체 파이프라인 단계별 실행 결과 현황표";
190      title2 "전체 11개 세부 단계 완주 요약 (SUCCESS / SKIPPED / ERROR)";
191      proc print data=work.scamlens_master_run_status noobs;
192        var step stage_num stage_name program status syscc;
193      run;
194      title;
195    %mend run_scamlens_full_master;
196    
197    %run_scamlens_full_master;
NOTE: =========================================================================
NOTE: ScamLens 01 ~ 14 전체 마스터 파이프라인 시작 (실행 환경: /home/student/github)
NOTE: 시작 시각:   18SEP2026:02:06:08
NOTE: =========================================================================
NOTE:
NOTE: =========================================================================
NOTE: >>> [Step 1] 데이터 적재 및 무결성 감사 (01_load_and_audit.sas)
NOTE: =========================================================================
NOTE: %INCLUDE(레벨 1) 파일 /home/student/github/sas/01_load_and_audit.sas은(는) 파일 
      /home/student/github/sas/01_load_and_audit.sas입니다.
198   +/*---------------------------------------------------------------------------
199   +  ScamLens 01 — SAS Viya 적재와 데이터 감사
200   +
201   +  전제
202   +    - Python 파이프라인이 비식별화·URL 비활성화·분할까지 끝낸 CSV를 읽는다.
203   +      생성 명령: PYTHONPATH=src python3 scripts/export_for_sas.py
204   +    - Viya 세션 인코딩은 UTF-8이어야 한다. 한글이 깨지면 먼저 이것부터 확인한다.
205   +    - 한글은 UTF-8에서 글자당 3바이트다. 문자 단위 처리에는 반드시 K 함수
206   +      (KSUBSTR, KLENGTH, KINDEX, KSCAN)를 쓴다. SUBSTR은 글자를 쪼개 깨뜨린다.
207   +
208   +  이 프로그램은 모델을 만들지 않는다. Python이 찾은 URL·라벨 상관을 SAS에서
209   +  독립적으로 재현하고 통계적 유의성과 신뢰구간을 붙이는 것이 목적이다.
210   +---------------------------------------------------------------------------*/
211   +
212   +%let projroot = /home/student/github;       /* SAS 서버 기본 프로젝트 경로 */
213   +%let sasdata  = &projroot./data/processed/sas;
214   +%let sas_oof_ready = 0;
215   +%let sas_meta_fit_completed = 0;
216   +
217   +/* 세션 인코딩을 먼저 확인한다. UTF-8이 아니면 이후 모든 한글이 깨지므로
218   +   여기서 멈추는 편이 낫다. 로그에서 ENCODING 값을 눈으로 확인한다. */
219   +proc options option=encoding value; run;

    SAS (r) Proprietary Software Release V.04.00  TS1M0

SAS 옵션 ENCODING에 대한 옵션값 정보
    값: UTF8
    범위: SAS Session
    옵션값 설정 방법: Config File
    Config 파일명:
            /config/saslocale.cfg

NOTE: 프로시저 OPTIONS 실행 (총 프로세스 시간):
      실행 시간           0.00 초
      cpu 시간            0.00 초
      

220   +
221   +%macro assert_utf8;
6                                                          SAS 시스템      2026년  9월 18일 금요일 오전 02시 06분 07초

222   +    %local enc;
223   +    %let enc=%upcase(%sysfunc(getoption(encoding)));
224   +    %if "&enc" ne "UTF8" and "&enc" ne "UTF-8" %then %do;
225   +        %put ERROR: 세션 인코딩이 UTF-8이 아닙니다 (&enc).;
226   +        %put ERROR- SAS Viya 세션을 UTF-8로 다시 시작한 뒤 실행하십시오.;
227   +        %abort cancel;
228   +    %end;
229   +%mend;
230   +%assert_utf8;
231   +
232   +
233   +/*--- 1. 점수 테이블 적재 -------------------------------------------------*/
234   +proc import datafile="&sasdata./sas_message_scores.csv"
235   +            out=work.scores
236   +            dbms=csv
237   +            replace;
238   +    guessingrows=max;
239   +run;

NOTE: Unable to open parameter catalog: SASUSER.PARMS.PARMS.SLIST in update mode. Temporary parameter values will be saved to 
WORK.PARMS.PARMS.SLIST.
240     /**********************************************************************
241     *   PRODUCT:   SAS
242     *   VERSION:   V.04.00
243     *   CREATOR:   External File Interface
244     *   DATE:      18SEP26
245     *   DESC:      Generated SAS Datastep Code
246     *   TEMPLATE SOURCE:  (None Specified.)
247     ***********************************************************************/
248        data WORK.SCORES    ;
249        %let _EFIERR_ = 0; /* set the ERROR detection macro variable */
250        infile '/home/student/github/data/processed/sas/sas_message_scores.csv' delimiter = ',' MISSOVER DSD lrecl=32767
250  ! firstobs=2 ;
251           informat message_id $24. ;
252           informat split $10. ;
253           informat similarity_group_id $24. ;
254           informat label $8. ;
255           informat target best32. ;
256           informat has_url best32. ;
257           informat url_count best32. ;
258           informat text_length best32. ;
259           informat text_probability best32. ;
260           informat text_probability_oof best32. ;
261           informat text_probability_meta_input best32. ;
262           informat oof_fold_id best32. ;
263           informat sas_meta_fit_eligible best32. ;
264           informat url_probability_filled best32. ;
265           informat url_probability_missing best32. ;
266           informat fixed_fusion_probability best32. ;
267           informat url_neutral_probability best32. ;
268           informat linear_cf_probability best32. ;
269           informat kcbert_probability best32. ;
270           informat kcbert_calibrated_probability best32. ;
271           informat kcbert_cf_probability best32. ;
272           informat attack_type $21. ;
273           format message_id $24. ;
274           format split $10. ;
275           format similarity_group_id $24. ;
7                                                          SAS 시스템      2026년  9월 18일 금요일 오전 02시 06분 13초

276           format label $8. ;
277           format target best12. ;
278           format has_url best12. ;
279           format url_count best12. ;
280           format text_length best12. ;
281           format text_probability best12. ;
282           format text_probability_oof best12. ;
283           format text_probability_meta_input best12. ;
284           format oof_fold_id best12. ;
285           format sas_meta_fit_eligible best12. ;
286           format url_probability_filled best12. ;
287           format url_probability_missing best12. ;
288           format fixed_fusion_probability best12. ;
289           format url_neutral_probability best12. ;
290           format linear_cf_probability best12. ;
291           format kcbert_probability best12. ;
292           format kcbert_calibrated_probability best12. ;
293           format kcbert_cf_probability best12. ;
294           format attack_type $21. ;
295        input
296                    message_id  $
297                    split  $
298                    similarity_group_id  $
299                    label  $
300                    target
301                    has_url
302                    url_count
303                    text_length
304                    text_probability
305                    text_probability_oof
306                    text_probability_meta_input
307                    oof_fold_id
308                    sas_meta_fit_eligible
309                    url_probability_filled
310                    url_probability_missing
311                    fixed_fusion_probability
312                    url_neutral_probability
313                    linear_cf_probability
314                    kcbert_probability
315                    kcbert_calibrated_probability
316                    kcbert_cf_probability
317                    attack_type  $
318        ;
319        if _ERROR_ then call symputx('_EFIERR_',1);  /* set ERROR detection macro variable */
320        run;

NOTE: 입력파일 '/home/student/github/data/processed/sas/sas_message_scores.csv':
      파일 이름=/home/student/github/data/processed/sas/sas_message_scores.csv,
      소유자 이름=UNKNOWN,그룹 이름=UNKNOWN,
      액세스 권한=-rw-r--r--,
      마지막 수정일=2026년 09월 15일 22시31분24초,
      파일 크기(바이트)=3662397

NOTE: 16773개의 레코드를 입력파일 '/home/student/github/data/processed/sas/sas_message_scores.csv'에서 읽었습니다.
      최소 레코드 길이는 195입니다.
      최대 레코드 길이는 255입니다.
NOTE: 데이터셋 WORK.SCORES에 16773개의 관측값과 22개의 변수가 있습니다.
NOTE: DATA 문장 실행 (총 프로세스 시간):
8                                                          SAS 시스템      2026년  9월 18일 금요일 오전 02시 06분 13초

      실행 시간           0.02 초
      cpu 시간            0.03 초
      

16773 rows created in WORK.SCORES from /home/student/github/data/processed/sas/sas_message_scores.csv.
  
  
  
NOTE: WORK.SCORES 데이터셋을 성공적으로 생성했습니다.
NOTE: 데이터셋 WORK.SCORES에 16773개의 관측값과 22개의 변수가 있습니다.
NOTE: 프로시저 IMPORT 실행 (총 프로세스 시간):
      실행 시간           5.83 초
      cpu 시간            5.82 초
      

321   +
322   +/*--- 2. 텍스트 테이블 적재 -----------------------------------------------
323   +  길이는 실측으로 정한다. 내보낸 CSV의 최대 본문은 5,547바이트이고 158행
324   +  (0.94%)이 2,000바이트를 넘는다. $2000으로 읽으면 그 158행이 조용히 잘려
325   +  나가는데, 잘린 쪽이 대체로 긴 대출 광고 템플릿이라 n-gram 분포가 함께
326   +  왜곡된다. 여유를 둬 $8000으로 잡는다.
327   +
328   +  DSD는 구분자를 쉼표로 바꾸므로 한글 사이 공백이 필드를 끊지 않는다.
329   +  그래도 의도를 드러내기 위해 dlm을 명시한다.
330   +-------------------------------------------------------------------------*/
331   +data work.msgtext;
332   +    infile "&sasdata./sas_message_text.csv"
333   +           dsd dlm=',' firstobs=2 truncover encoding='utf-8' lrecl=32767;
334   +    length message_id $40 split $12 label $12 text_normalized $8000;
335   +    input message_id $ split $ label $ target has_url text_utf8_bytes text_normalized $;
336   +run;

NOTE: 입력파일 "/home/student/github/data/processed/sas/sas_message_text.csv":
      파일 이름=/home/student/github/data/processed/sas/sas_message_text.csv,
      소유자 이름=UNKNOWN,그룹 이름=UNKNOWN,
      액세스 권한=-rw-r--r--,
      마지막 수정일=2026년 09월 15일 22시31분25초,
      파일 크기(바이트)=5163148

NOTE: 16773개의 레코드를 입력파일 "/home/student/github/data/processed/sas/sas_message_text.csv"에서 읽었습니다.
      최소 레코드 길이는 49입니다.
      최대 레코드 길이는 5595입니다.
NOTE: 데이터셋 WORK.MSGTEXT에 16773개의 관측값과 7개의 변수가 있습니다.
NOTE: DATA 문장 실행 (총 프로세스 시간):
      실행 시간           0.19 초
      cpu 시간            0.12 초
      

337   +
338   +/* LENGTHM은 할당된 $8000의 크기를 반환하므로 본문 실측에 쓸 수 없다.
339   +   LENGTHN은 뒤쪽 패딩을 제외한 실제 바이트 수다. Python의 원본 UTF-8 바이트
340   +   수와 대조해 필드 잘림·인코딩 손상을 검출한다. */
341   +proc sql;
342   +    create table work.text_length_audit as
343   +    select count(*)                       as rows,
344   +           max(lengthn(text_normalized))  as max_bytes,
345   +           max(klength(text_normalized))  as max_chars,
346   +           sum(lengthn(text_normalized) >= 8000) as possibly_truncated,
9                                                          SAS 시스템      2026년  9월 18일 금요일 오전 02시 06분 13초

347   +           sum(missing(text_utf8_bytes) or
348   +               lengthn(text_normalized) ne text_utf8_bytes) as byte_length_mismatches
349   +    from work.msgtext;
NOTE: Table WORK.TEXT_LENGTH_AUDIT created, with 1 rows and 5 columns.

350   +quit;
NOTE: 프로시저 SQL 실행 (총 프로세스 시간):
      실행 시간           0.05 초
      cpu 시간            0.05 초
      

351   +
352   +title "본문 길이 감사 — possibly_truncated 가 0이어야 한다";
353   +proc print data=work.text_length_audit noobs; run;

NOTE: 1개의 관측값을 데이터셋 WORK.TEXT_LENGTH_AUDIT.에서 읽었습니다.
NOTE: PRINT 프로시저가 143 페이지를 인쇄했습니다.
NOTE: 프로시저 PRINT 실행 (총 프로세스 시간):
      실행 시간           0.00 초
      cpu 시간            0.01 초
      

354   +
355   +data _null_;
356   +    set work.text_length_audit;
357   +    if rows=0 or possibly_truncated > 0 or byte_length_mismatches > 0 then do;
358   +        put "ERROR: SAS text import differs from the verified UTF-8 export. Stop and re-export.";
359   +        abort cancel;
360   +    end;
361   +run;

NOTE: 1개의 관측값을 데이터셋 WORK.TEXT_LENGTH_AUDIT.에서 읽었습니다.
NOTE: DATA 문장 실행 (총 프로세스 시간):
      실행 시간           0.00 초
      cpu 시간            0.00 초
      

362   +
363   +title "OOF 적격성 — sas_meta_fit_eligible=0이면 02는 실행 불가";
364   +proc freq data=work.scores;
365   +    tables split*sas_meta_fit_eligible / missing nopercent;
366   +run;

NOTE: 16773개의 관측값을 데이터셋 WORK.SCORES.에서 읽었습니다.
NOTE: FREQ 프로시저가 144 페이지를 인쇄했습니다.
NOTE: 프로시저 FREQ 실행 (총 프로세스 시간):
      실행 시간           0.01 초
      cpu 시간            0.02 초
      

367   +
368   +%macro summarize_oof_readiness;
369   +    %local dsid rc index name schema_ready bad_rows train_rows;
370   +    %let schema_ready=1;
371   +    %let dsid=%sysfunc(open(work.scores));
372   +    %do index=1 %to 5;
373   +        %let name=%scan(text_probability_meta_input text_probability_oof
374   +                        oof_fold_id sas_meta_fit_eligible similarity_group_id,&index.);
10                                                         SAS 시스템      2026년  9월 18일 금요일 오전 02시 06분 14초

375   +        %if %sysfunc(varnum(&dsid.,&name.))=0 %then %let schema_ready=0;
376   +    %end;
377   +    %let rc=%sysfunc(close(&dsid.));
378   +    %if &schema_ready.=1 %then %do;
379   +        proc sql noprint;
380   +            select count(*) into :train_rows trimmed from work.scores where split='train';
381   +            select count(*) into :bad_rows trimmed from work.scores
382   +            where sas_meta_fit_eligible ne 1 or missing(text_probability_meta_input)
383   +               or text_probability_meta_input<0 or text_probability_meta_input>1
384   +               or (split='train' and (missing(text_probability_oof) or missing(oof_fold_id)
385   +                   or text_probability_meta_input ne text_probability_oof));
386   +        quit;
387   +        %if &train_rows.>0 and &bad_rows.=0 %then %let sas_oof_ready=1;
388   +    %end;
389   +    %put NOTE: Verified OOF input readiness = &sas_oof_ready.;
390   +%mend;
391   +%summarize_oof_readiness;
NOTE: 프로시저 SQL 실행 (총 프로세스 시간):
      실행 시간           0.00 초
      cpu 시간            0.01 초
      

NOTE: Verified OOF input readiness = 1
392   +
393   +
394   +/*--- 3. 분할·라벨 분포 ---------------------------------------------------*/
395   +title "분할별 라벨 분포";
396   +proc freq data=work.scores;
397   +    tables split*label / nocol nopercent;
398   +run;

NOTE: 16773개의 관측값을 데이터셋 WORK.SCORES.에서 읽었습니다.
NOTE: FREQ 프로시저가 145 페이지를 인쇄했습니다.
NOTE: 프로시저 FREQ 실행 (총 프로세스 시간):
      실행 시간           0.01 초
      cpu 시간            0.02 초
      

399   +
400   +
401   +/*--- 4. URL 유무와 라벨의 관계 (Python 분석의 SAS 재현) ------------------
402   +  Python에서 train 기준 P(악성|URL 있음) 68.21% 대 P(악성|URL 없음) 3.86%를
403   +  확인했다. 여기서는 카이제곱과 오즈비까지 붙여 상관이 우연이 아님을 보인다.
404   +-------------------------------------------------------------------------*/
405   +title "URL 유무 × 라벨 (train 분할)";
406   +proc freq data=work.scores;
407   +    where split = 'train';
408   +    tables has_url*label / chisq relrisk nocol;
409   +run;

NOTE: 12100개의 관측값을 데이터셋 WORK.SCORES.에서 읽었습니다.
      WHERE split='train';
NOTE: FREQ 프로시저가 146 페이지를 인쇄했습니다.
NOTE: 프로시저 FREQ 실행 (총 프로세스 시간):
      실행 시간           0.03 초
      cpu 시간            0.03 초
      

11                                                         SAS 시스템      2026년  9월 18일 금요일 오전 02시 06분 14초

410   +
411   +
412   +/*--- 5. URL 유무별 정상 오탐률의 정확 신뢰구간 ---------------------------
413   +  test 분할 정상 문자 1,665건이 대상이다. URL 없는 정상 1,367건에서 오탐은 0건,
414   +  URL 포함 정상 298건에서 4건이다. 0건 구간은 점추정이 0%라 아무 정보를 주지
415   +  않으므로 exact 이항 신뢰구간이 반드시 필요하다.
416   +
417   +  임계값은 Python이 validation에서 고른 값과 같아야 한다. 바꾸지 않는다.
418   +-------------------------------------------------------------------------*/
419   +%let text_threshold = 0.515;
420   +
421   +data work.normal_test;
422   +    set work.scores;
423   +    where split = 'test' and target = 0;
424   +    length url_group $12;
425   +    false_positive = (text_probability >= &text_threshold.);
426   +    if has_url = 1 then url_group = 'URL 있음';
427   +    else                url_group = 'URL 없음';
428   +run;

NOTE: 1665개의 관측값을 데이터셋 WORK.SCORES.에서 읽었습니다.
      WHERE (split='test') and (target=0);
NOTE: 데이터셋 WORK.NORMAL_TEST에 1665개의 관측값과 24개의 변수가 있습니다.
NOTE: DATA 문장 실행 (총 프로세스 시간):
      실행 시간           0.00 초
      cpu 시간            0.02 초
      

429   +
430   +/* BY 처리는 정렬을 요구한다. scores는 메시지 순서라 url_group이 뒤섞여 있어
431   +   notsorted로는 같은 그룹이 여러 번 쪼개져 나온다. 반드시 먼저 정렬한다. */
432   +proc sort data=work.normal_test; by url_group; run;

NOTE: 1665개의 관측값을 데이터셋 WORK.NORMAL_TEST.에서 읽었습니다.
NOTE: 데이터셋 WORK.NORMAL_TEST에 1665개의 관측값과 24개의 변수가 있습니다.
NOTE: 프로시저 SORT 실행 (총 프로세스 시간):
      실행 시간           0.00 초
      cpu 시간            0.00 초
      

433   +
434   +/* 오류가 0건인 그룹에도 오류=1 범주를 빈도 0으로 남긴다. 범주 자체가 없으면
435   +   BINOMIAL(LEVEL='1')이 실패한다. WEIGHT / ZEROS는 분모를 늘리지 않는다. */
436   +data work.normal_test_ci;
437   +    set work.normal_test;
438   +    by url_group;
439   +    audit_weight=1;
440   +    output;
441   +    if last.url_group then do;
442   +        audit_weight=0;
443   +        false_positive=0; output;
444   +        false_positive=1; output;
445   +    end;
446   +run;

NOTE: 1665개의 관측값을 데이터셋 WORK.NORMAL_TEST.에서 읽었습니다.
NOTE: 데이터셋 WORK.NORMAL_TEST_CI에 1669개의 관측값과 25개의 변수가 있습니다.
NOTE: DATA 문장 실행 (총 프로세스 시간):
12                                                         SAS 시스템      2026년  9월 18일 금요일 오전 02시 06분 14초

      실행 시간           0.00 초
      cpu 시간            0.00 초
      

447   +
448   +title "정상 문자 오탐률과 exact 신뢰구간 (URL 유무별)";
449   +proc freq data=work.normal_test_ci;
450   +    by url_group;
451   +    weight audit_weight / zeros;
452   +    tables false_positive / binomial(level='1' cl=exact);
453   +run;

NOTE: 1669개의 관측값을 데이터셋 WORK.NORMAL_TEST_CI.에서 읽었습니다.
NOTE: FREQ 프로시저가 147-148 페이지를 인쇄했습니다.
NOTE: 프로시저 FREQ 실행 (총 프로세스 시간):
      실행 시간           0.03 초
      cpu 시간            0.04 초
      

454   +
455   +/*--- 6. URL 유무별 악성 미탐률 -------------------------------------------
456   +  URL 없는 악성은 54건뿐이라 점추정만 보면 안 된다.
457   +-------------------------------------------------------------------------*/
458   +data work.malicious_test;
459   +    set work.scores;
460   +    where split = 'test' and target = 1;
461   +    length url_group $12;
462   +    false_negative = (text_probability < &text_threshold.);
463   +    if has_url = 1 then url_group = 'URL 있음';
464   +    else                url_group = 'URL 없음';
465   +run;

NOTE: 652개의 관측값을 데이터셋 WORK.SCORES.에서 읽었습니다.
      WHERE (split='test') and (target=1);
NOTE: 데이터셋 WORK.MALICIOUS_TEST에 652개의 관측값과 24개의 변수가 있습니다.
NOTE: DATA 문장 실행 (총 프로세스 시간):
      실행 시간           0.00 초
      cpu 시간            0.01 초
      

466   +
467   +proc sort data=work.malicious_test; by url_group; run;

NOTE: 652개의 관측값을 데이터셋 WORK.MALICIOUS_TEST.에서 읽었습니다.
NOTE: 데이터셋 WORK.MALICIOUS_TEST에 652개의 관측값과 24개의 변수가 있습니다.
NOTE: 프로시저 SORT 실행 (총 프로세스 시간):
      실행 시간           0.00 초
      cpu 시간            0.00 초
      

468   +
469   +data work.malicious_test_ci;
470   +    set work.malicious_test;
471   +    by url_group;
472   +    audit_weight=1;
473   +    output;
474   +    if last.url_group then do;
475   +        audit_weight=0;
13                                                         SAS 시스템      2026년  9월 18일 금요일 오전 02시 06분 14초

476   +        false_negative=0; output;
477   +        false_negative=1; output;
478   +    end;
479   +run;

NOTE: 652개의 관측값을 데이터셋 WORK.MALICIOUS_TEST.에서 읽었습니다.
NOTE: 데이터셋 WORK.MALICIOUS_TEST_CI에 656개의 관측값과 25개의 변수가 있습니다.
NOTE: DATA 문장 실행 (총 프로세스 시간):
      실행 시간           0.00 초
      cpu 시간            0.00 초
      

480   +
481   +title "악성 문자 미탐률과 exact 신뢰구간 (URL 유무별)";
482   +proc freq data=work.malicious_test_ci;
483   +    by url_group;
484   +    weight audit_weight / zeros;
485   +    tables false_negative / binomial(level='1' cl=exact);
486   +run;

NOTE: 656개의 관측값을 데이터셋 WORK.MALICIOUS_TEST_CI.에서 읽었습니다.
NOTE: FREQ 프로시저가 149-150 페이지를 인쇄했습니다.
NOTE: 프로시저 FREQ 실행 (총 프로세스 시간):
      실행 시간           0.03 초
      cpu 시간            0.03 초
      

487   +
488   +title;
NOTE: %INCLUDE(레벨 1)를 종료 중입니다.

NOTE: 데이터셋 WORK._TMP_STATUS에 1개의 관측값과 6개의 변수가 있습니다.
NOTE: DATA 문장 실행 (총 프로세스 시간):
      실행 시간           0.00 초
      cpu 시간            0.00 초
      


NOTE: WORK._TMP_STATUS을(를) WORK.SCAMLENS_MASTER_RUN_STATUS에 추가하는 중입니다.
NOTE: 1개의 관측값을 데이터셋 WORK._TMP_STATUS.에서 읽었습니다.
NOTE: 1개 관측값이 추가되었습니다.
NOTE: 데이터셋 WORK.SCAMLENS_MASTER_RUN_STATUS에 1개의 관측값과 6개의 변수가 있습니다.
NOTE: 프로시저 APPEND 실행 (총 프로세스 시간):
      실행 시간           0.00 초
      cpu 시간            0.00 초
      

NOTE:
NOTE: =========================================================================
NOTE: >>> [Step 2] 특징 구성 및 신종 스미싱 분석 (07_composition_and_novelty.sas)
NOTE: =========================================================================
NOTE: %INCLUDE(레벨 1) 파일 /home/student/github/sas/07_composition_and_novelty.sas은(는) 파일 
      /home/student/github/sas/07_composition_and_novelty.sas입니다.
489   +/*---------------------------------------------------------------------------
490   +  ScamLens 07 — 고정 탐지기의 외부 평가 결과: 연도 · 유형 · 유사도 진단
491   +
492   +  이미 관찰한 자료에 대한 탐색이다. 분류기 재학습·임계값 선택에 사용하지 않는다.
493   +  전기간 중복 제거 후 최초 관측 연도에 남긴 사례이므로 실제 연도별 문자 트래픽,
14                                                         SAS 시스템      2026년  9월 18일 금요일 오전 02시 06분 14초

494   +  전향적 시간 홀드아웃, 시간의 인과 효과로 해석하지 않는다.
495   +  주 분석은 범주형 연도다. 연속 연도는 가정·적합성을 확인하는 별도 민감도 분석으로
496   +  검토할 수 있다. 유사도의 비단조성만으로 연속 연도를 금지하지 않는다.
497   +  비유의성은 효과 부재·유형별 추이 동일성·상쇄 부재의 증거가 아니다.
498   +
499   +  Python 대조: scripts/evaluate_failure_decomposition.py 와 같은 입력·표본·기준범주·
500   +  무규제 최대우도 모형. reports/generated/failure_decomposition.json/.md 와 실제
501   +  ODS 출력을 비교한다. 수기 기대값이나 모형 채택 결론을 코드에 넣지 않는다.
502   +  독립 실행. 입력은 본문 없는 sas_external_evaluation.csv.
503   +
504   +  SAS/STAT 13.2 이상 joint effects ODS 이름은 ModelANOVA다. 구버전에서는 ODS TRACE로
505   +  이름을 확인해 joint_table을 Type3으로 바꾼다. joint Wald와 LR의 p값은 다른 검정이다.
506   +  ODS: support.sas.com/documentation/cdl/en/statug/67523/HTML/default/statug_logistic_details97.htm
507   +  수렴: support.sas.com/kb/51/437.html
508   +---------------------------------------------------------------------------*/
509   +
510   +%let projroot = /home/student/github;
511   +%let sasdata = &projroot./data/processed/sas;
512   +%let joint_table = ModelANOVA;
513   +%let rare_min_rows = 30;
514   +
515   +proc options option=encoding value; run;

    SAS (r) Proprietary Software Release V.04.00  TS1M0

SAS 옵션 ENCODING에 대한 옵션값 정보
    값: UTF8
    범위: SAS Session
    옵션값 설정 방법: Config File
    Config 파일명:
            /config/saslocale.cfg

NOTE: 프로시저 OPTIONS 실행 (총 프로세스 시간):
      실행 시간           0.00 초
      cpu 시간            0.00 초
      

516   +%macro assert_utf8;
517   +    %local enc;
518   +    %let enc=%upcase(%sysfunc(getoption(encoding)));
519   +    %if "&enc" ne "UTF8" and "&enc" ne "UTF-8" %then %do;
520   +        %put ERROR: 세션 인코딩이 UTF-8이 아닙니다 (&enc).;
521   +        %abort cancel;
522   +    %end;
523   +%mend;
524   +%assert_utf8;
525   +
526   +/* 1. 모형별 결측 제거로 비교 표본이 달라지는 것을 허용하지 않는다. */
527   +proc import datafile="&sasdata./sas_external_evaluation.csv"
528   +            out=work.external dbms=csv replace;
529   +    guessingrows=max;
530   +run;

NOTE: Unable to open parameter catalog: SASUSER.PARMS.PARMS.SLIST in update mode. Temporary parameter values will be saved to 
WORK.PARMS.PARMS.SLIST.
531     /**********************************************************************
532     *   PRODUCT:   SAS
533     *   VERSION:   V.04.00
15                                                         SAS 시스템      2026년  9월 18일 금요일 오전 02시 06분 15초

534     *   CREATOR:   External File Interface
535     *   DATE:      18SEP26
536     *   DESC:      Generated SAS Datastep Code
537     *   TEMPLATE SOURCE:  (None Specified.)
538     ***********************************************************************/
539        data WORK.EXTERNAL    ;
540        %let _EFIERR_ = 0; /* set the ERROR detection macro variable */
541        infile '/home/student/github/data/processed/sas/sas_external_evaluation.csv' delimiter = ',' MISSOVER DSD lrecl=32767
541  ! firstobs=2 ;
542           informat message_id $25. ;
543           informat collection_year best32. ;
544           informat collection_month ANYDTDTE7. ;
545           informat attack_type_code $15. ;
546           informat attack_type_ko $15. ;
547           informat has_url best32. ;
548           informat text_length best32. ;
549           informat probability best32. ;
550           informat detected best32. ;
551           informat similarity_to_train best32. ;
552           informat novel best32. ;
553           informat year_has_enough_rows best32. ;
554           format message_id $25. ;
555           format collection_year best12. ;
556           format collection_month date7. ;
557           format attack_type_code $15. ;
558           format attack_type_ko $15. ;
559           format has_url best12. ;
560           format text_length best12. ;
561           format probability best12. ;
562           format detected best12. ;
563           format similarity_to_train best12. ;
564           format novel best12. ;
565           format year_has_enough_rows best12. ;
566        input
567                    message_id  $
568                    collection_year
569                    collection_month
570                    attack_type_code  $
571                    attack_type_ko  $
572                    has_url
573                    text_length
574                    probability
575                    detected
576                    similarity_to_train
577                    novel
578                    year_has_enough_rows
579        ;
580        if _ERROR_ then call symputx('_EFIERR_',1);  /* set ERROR detection macro variable */
581        run;

NOTE: 입력파일 '/home/student/github/data/processed/sas/sas_external_evaluation.csv':
      파일 이름=/home/student/github/data/processed/sas/sas_external_evaluation.csv,
      소유자 이름=UNKNOWN,그룹 이름=UNKNOWN,
      액세스 권한=-rw-r--r--,
      마지막 수정일=2026년 09월 15일 22시31분24초,
      파일 크기(바이트)=480231

NOTE: 5430개의 레코드를 입력파일 '/home/student/github/data/processed/sas/sas_external_evaluation.csv'에서 
16                                                         SAS 시스템      2026년  9월 18일 금요일 오전 02시 06분 15초

      읽었습니다.
      최소 레코드 길이는 75입니다.
      최대 레코드 길이는 99입니다.
NOTE: 데이터셋 WORK.EXTERNAL에 5430개의 관측값과 12개의 변수가 있습니다.
NOTE: DATA 문장 실행 (총 프로세스 시간):
      실행 시간           0.01 초
      cpu 시간            0.01 초
      

5430 rows created in WORK.EXTERNAL from /home/student/github/data/processed/sas/sas_external_evaluation.csv.
  
  
  
NOTE: WORK.EXTERNAL 데이터셋을 성공적으로 생성했습니다.
NOTE: 데이터셋 WORK.EXTERNAL에 5430개의 관측값과 12개의 변수가 있습니다.
NOTE: 프로시저 IMPORT 실행 (총 프로세스 시간):
      실행 시간           1.29 초
      cpu 시간            1.30 초
      

582   +%macro assert_input;
583   +    %local invalid rows unique_ids reference_rows;
584   +    proc sql noprint;
585   +        select count(*), count(distinct message_id)
586   +            into :rows trimmed, :unique_ids trimmed from work.external;
587   +        select count(*) into :invalid trimmed from work.external
588   +        where missing(message_id) or missing(collection_year)
589   +          or collection_year ne int(collection_year) or missing(attack_type_code)
590   +          or detected not in (0,1) or year_has_enough_rows not in (0,1)
591   +          or missing(similarity_to_train) or similarity_to_train < 0
592   +          or similarity_to_train > 1;
593   +        select count(*) into :reference_rows trimmed from work.external
594   +        where year_has_enough_rows=1 and collection_year=2022
595   +          and attack_type_code in ('delivery','public_agency');
596   +    quit;
597   +    %if &rows=0 or &invalid>0 or &rows ne &unique_ids or &reference_rows=0 %then %do;
598   +        %put ERROR: 입력 무결성 실패. 결측 또는 중복 또는 기준연도 부재를 확인하십시오.;
599   +        %abort cancel;
600   +    %end;
601   +%mend;
602   +%assert_input;
NOTE: 프로시저 SQL 실행 (총 프로세스 시간):
      실행 시간           0.00 초
      cpu 시간            0.01 초
      

603   +
604   +data work.ext work.excluded_small_year;
605   +    set work.external;
606   +    if year_has_enough_rows=1 then output work.ext;
607   +    else output work.excluded_small_year;
608   +run;

NOTE: 5430개의 관측값을 데이터셋 WORK.EXTERNAL.에서 읽었습니다.
NOTE: 데이터셋 WORK.EXT에 5424개의 관측값과 12개의 변수가 있습니다.
NOTE: 데이터셋 WORK.EXCLUDED_SMALL_YEAR에 6개의 관측값과 12개의 변수가 있습니다.
NOTE: DATA 문장 실행 (총 프로세스 시간):
      실행 시간           0.00 초
17                                                         SAS 시스템      2026년  9월 18일 금요일 오전 02시 06분 15초

      cpu 시간            0.00 초
      

609   +data work.dominant work.excluded_non_dominant;
610   +    set work.ext;
611   +    if attack_type_code in ('delivery','public_agency') then output work.dominant;
612   +    else output work.excluded_non_dominant;
613   +run;

NOTE: 5424개의 관측값을 데이터셋 WORK.EXT.에서 읽었습니다.
NOTE: 데이터셋 WORK.DOMINANT에 5239개의 관측값과 12개의 변수가 있습니다.
NOTE: 데이터셋 WORK.EXCLUDED_NON_DOMINANT에 185개의 관측값과 12개의 변수가 있습니다.
NOTE: DATA 문장 실행 (총 프로세스 시간):
      실행 시간           0.00 초
      cpu 시간            0.01 초
      

614   +
615   +/* 포함 비율뿐 아니라 제외된 행에 집중된 미탐도 공개한다. */
616   +data work.flow_rows;
617   +    length stage $28;
618   +    set work.external;
619   +    stage='input'; output;
620   +    if year_has_enough_rows ne 1 then do;
621   +        stage='excluded_small_year'; output;
622   +    end;
623   +    else do;
624   +        stage='eligible'; output;
625   +        if attack_type_code in ('delivery','public_agency') then stage='dominant';
626   +        else stage='excluded_non_dominant';
627   +        output;
628   +    end;
629   +run;

NOTE: 5430개의 관측값을 데이터셋 WORK.EXTERNAL.에서 읽었습니다.
NOTE: 데이터셋 WORK.FLOW_ROWS에 16284개의 관측값과 13개의 변수가 있습니다.
NOTE: DATA 문장 실행 (총 프로세스 시간):
      실행 시간           0.00 초
      cpu 시간            0.00 초
      

630   +proc sql;
631   +    create table work.sample_flow as
632   +    select stage, count(*) as rows, sum(1-detected) as misses
633   +    from work.flow_rows group by stage;
NOTE: Table WORK.SAMPLE_FLOW created, with 5 rows and 3 columns.

634   +    create table work.sample_flow_year as
635   +    select stage, collection_year, count(*) as rows, sum(1-detected) as misses
636   +    from work.flow_rows group by stage, collection_year;
NOTE: Table WORK.SAMPLE_FLOW_YEAR created, with 22 rows and 4 columns.

637   +    create table work.cell_counts as
638   +    select collection_year, attack_type_code, count(*) as rows,
639   +           sum(detected) as detections, sum(1-detected) as misses
640   +    from work.dominant group by collection_year, attack_type_code;
NOTE: Table WORK.CELL_COUNTS created, with 10 rows and 5 columns.

18                                                         SAS 시스템      2026년  9월 18일 금요일 오전 02시 06분 15초

641   +quit;
NOTE: 프로시저 SQL 실행 (총 프로세스 시간):
      실행 시간           0.02 초
      cpu 시간            0.04 초
      

642   +title '표본 흐름 — 포함 및 제외된 행과 미탐';
643   +proc print data=work.sample_flow noobs; run;

NOTE: 5개의 관측값을 데이터셋 WORK.SAMPLE_FLOW.에서 읽었습니다.
NOTE: PRINT 프로시저가 151 페이지를 인쇄했습니다.
NOTE: 프로시저 PRINT 실행 (총 프로세스 시간):
      실행 시간           0.00 초
      cpu 시간            0.00 초
      

644   +proc print data=work.sample_flow_year noobs; run;

NOTE: 22개의 관측값을 데이터셋 WORK.SAMPLE_FLOW_YEAR.에서 읽었습니다.
NOTE: PRINT 프로시저가 152 페이지를 인쇄했습니다.
NOTE: 프로시저 PRINT 실행 (총 프로세스 시간):
      실행 시간           0.01 초
      cpu 시간            0.02 초
      

645   +title '모형 진단 — 연도 × 유형 칸별 표본과 미탐';
646   +proc print data=work.cell_counts noobs; run;

NOTE: 10개의 관측값을 데이터셋 WORK.CELL_COUNTS.에서 읽었습니다.
NOTE: PRINT 프로시저가 153 페이지를 인쇄했습니다.
NOTE: 프로시저 PRINT 실행 (총 프로세스 시간):
      실행 시간           0.01 초
      cpu 시간            0.01 초
      

647   +title '관측 — 연도별·유형별 탐지율';
648   +proc freq data=work.dominant;
649   +    tables collection_year*detected attack_type_code*collection_year*detected / nocol nocum;
650   +run;

NOTE: 5239개의 관측값을 데이터셋 WORK.DOMINANT.에서 읽었습니다.
NOTE: FREQ 프로시저가 154-156 페이지를 인쇄했습니다.
NOTE: 프로시저 FREQ 실행 (총 프로세스 시간):
      실행 시간           0.05 초
      cpu 시간            0.05 초
      

651   +title '관측 — 연도별 유사도';
652   +proc means data=work.dominant n mean median min max maxdec=4;
653   +    class collection_year; var similarity_to_train;
654   +run;

NOTE: 5239개의 관측값을 데이터셋 WORK.DOMINANT.에서 읽었습니다.
NOTE: MEANS 프로시저가 157 페이지를 인쇄했습니다.
NOTE: 프로시저 MEANS 실행 (총 프로세스 시간):
      실행 시간           0.01 초
      cpu 시간            0.02 초
      
19                                                         SAS 시스템      2026년  9월 18일 금요일 오전 02시 06분 15초


655   +
656   +/* 2. 적합 및 수렴 상태. 부적절한 적합의 LR은 생성하지 않는다.
657   +   ParameterEstimates에서 Wald OR를 생성한다. 교호작용 계수의 exp(beta)는
658   +   조건부 OR 또는 OR의 비이며 유형 전체의 무조건 OR가 아니다.
659   +   LOG의 complete/quasi-complete separation·Hessian 경고도 확인한다. */
660   +%macro fit(tag=, data=dominant, class=, terms=, predict=0);
661   +    %global ok_&tag;
662   +    %let ok_&tag=0;
663   +    /* 같은 세션 재실행 실패 시 이전 ODS 결과를 새 결과로 읽지 않는다. */
664   +    proc datasets library=work nolist nowarn;
665   +        delete est_&tag fit_&tag conv_&tag joint_&tag or_&tag nobs_&tag;
666   +    quit;
667   +    proc logistic data=work.&data;
668   +        %if %length(%superq(class)) %then %do;
669   +            class &class / param=ref;
670   +        %end;
671   +        model detected(event='1') = &terms / clodds=wald maxiter=200;
672   +        ods output ParameterEstimates=work.est_&tag
673   +                   FitStatistics=work.fit_&tag
674   +                   ConvergenceStatus=work.conv_&tag
675   +                   NObs=work.nobs_&tag;
676   +        %if %length(%superq(class)) %then %do;
677   +            ods output &joint_table=work.joint_&tag;
678   +        %end;
679   +        %if &predict %then %do;
680   +            effectplot slicefit(x=similarity_to_train sliceby=attack_type_code) / clm;
681   +            output out=work.pred_inter predicted=phat;
682   +        %end;
683   +    run;
684   +    ods output close;
685   +    %if %sysfunc(exist(work.conv_&tag)) and %sysfunc(exist(work.est_&tag)) %then %do;
686   +        %local invalid_conv invalid_est n_conv n_est;
687   +        proc sql noprint;
688   +            select count(*) into :n_conv trimmed from work.conv_&tag;
689   +            select count(*) into :n_est trimmed from work.est_&tag;
690   +            select count(*) into :invalid_conv trimmed from work.conv_&tag
691   +            where missing(Status) or Status ne 0;
692   +            select count(*) into :invalid_est trimmed from work.est_&tag
693   +            where missing(Estimate) or missing(StdErr) or DF ne 1;
694   +        quit;
695   +        %if &n_conv>0 and &n_est>0 and &invalid_conv=0 and &invalid_est=0 %then %let ok_&tag=1;
696   +        data work.or_&tag;
697   +            set work.est_&tag;
698   +            odds_ratio=exp(Estimate);
699   +            or_ci_low=exp(Estimate-probit(0.975)*StdErr);
700   +            or_ci_high=exp(Estimate+probit(0.975)*StdErr);
701   +            inference_valid=&&ok_&tag;
702   +        run;
703   +        title "적합 상태 — &tag";
704   +        proc print data=work.conv_&tag noobs; run;
705   +        title "계수·Wald OR 및 95% CI — &tag";
706   +        proc print data=work.or_&tag noobs; run;
707   +    %end;
708   +    %if &&ok_&tag ne 1 %then %put WARNING: &tag 적합 검토 필요. 관련 LR 검정을 보류합니다.;
709   +%mend;
710   +
711   +/* 같은 행과 반응값의 사전 명시 중첩 모형끼리만 호출한다.
20                                                         SAS 시스템      2026년  9월 18일 금요일 오전 02시 06분 15초

712   +   추정 모수 수에서 df를 계산해 연도 개수를 상수로 가정하지 않는다. */
713   +%macro lr(reduced=, full=, out=);
714   +    proc datasets library=work nolist nowarn; delete &out; quit;
715   +    %if &&ok_&reduced=1 and &&ok_&full=1 %then %do;
716   +        %local p_small p_large;
717   +        proc sql noprint;
718   +            select sum(DF) into :p_small trimmed from work.est_&reduced;
719   +            select sum(DF) into :p_large trimmed from work.est_&full;
720   +        quit;
721   +        data work.&out;
722   +            merge work.fit_&reduced(where=(Criterion='-2 Log L')
723   +                       rename=(InterceptAndCovariates=reduced_m2ll))
724   +                  work.fit_&full(where=(Criterion='-2 Log L')
725   +                       rename=(InterceptAndCovariates=full_m2ll));
726   +            length comparison $80 analysis_status $32;
727   +            comparison="&reduced -> &full";
728   +            analysis_status='exploratory';
729   +            lr_statistic=reduced_m2ll-full_m2ll;
730   +            df=&p_large-&p_small;
731   +            if df>0 and not missing(lr_statistic) and lr_statistic>=-1e-7 then do;
732   +                lr_statistic=max(0,lr_statistic);
733   +                p_value=sdf('CHISQUARE',lr_statistic,df);
734   +            end;
735   +            else do;
736   +                analysis_status='invalid_likelihood_or_df';
737   +                p_value=.;
738   +            end;
739   +        run;
740   +        title "탐색적 우도비 검정 — &reduced -> &full";
741   +        proc print data=work.&out noobs;
742   +            var comparison reduced_m2ll full_m2ll lr_statistic df p_value analysis_status;
743   +        run;
744   +    %end;
745   +    %else %put WARNING: &out 보류. 관련 모형 수렴 및 분리를 먼저 확인하십시오.;
746   +%mend;
747   +
748   +/* 3. Sep 5의 가법모형·연도 × 유형 점검을 보존한다. AIC/p값은 적합 진단이며
749   +   이 표본으로 분류기나 정책을 선택하지 않는다. 비유의성으로 상쇄 부재를 증명하지
749  !+않는다. */
750   +title '연도만';
751   +%fit(tag=year, class=collection_year(ref='2022'), terms=collection_year);

NOTE: WORK.EST_YEAR(memtype=DATA)을(를) 삭제하는 중입니다.
NOTE: WORK.FIT_YEAR(memtype=DATA)을(를) 삭제하는 중입니다.
NOTE: WORK.CONV_YEAR(memtype=DATA)을(를) 삭제하는 중입니다.
NOTE: WORK.JOINT_YEAR(memtype=DATA)을(를) 삭제하는 중입니다.
NOTE: WORK.OR_YEAR(memtype=DATA)을(를) 삭제하는 중입니다.
NOTE: WORK.NOBS_YEAR(memtype=DATA)을(를) 삭제하는 중입니다.
NOTE: 프로시저 DATASETS 실행 (총 프로세스 시간):
      실행 시간           0.01 초
      cpu 시간            0.02 초
      


NOTE: PROC LOGISTIC is modeling the probability that detected='1'.
NOTE: Convergence criterion (GCONV=1E-8) satisfied.
NOTE: 데이터셋 WORK.JOINT_YEAR에 1개의 관측값과 4개의 변수가 있습니다.
NOTE: 데이터셋 WORK.NOBS_YEAR에 2개의 관측값과 6개의 변수가 있습니다.
21                                                         SAS 시스템      2026년  9월 18일 금요일 오전 02시 06분 15초

NOTE: 데이터셋 WORK.CONV_YEAR에 1개의 관측값과 3개의 변수가 있습니다.
NOTE: 데이터셋 WORK.FIT_YEAR에 3개의 관측값과 4개의 변수가 있습니다.
NOTE: 데이터셋 WORK.EST_YEAR에 5개의 관측값과 8개의 변수가 있습니다.
NOTE: 5239개의 관측값을 데이터셋 WORK.DOMINANT.에서 읽었습니다.
NOTE: LOGISTIC 프로시저가 158-159 페이지를 인쇄했습니다.
NOTE: 프로시저 LOGISTIC 실행 (총 프로세스 시간):
      실행 시간           0.23 초
      cpu 시간            0.15 초
      

NOTE: 프로시저 SQL 실행 (총 프로세스 시간):
      실행 시간           0.00 초
      cpu 시간            0.01 초
      


NOTE: 5개의 관측값을 데이터셋 WORK.EST_YEAR.에서 읽었습니다.
NOTE: 데이터셋 WORK.OR_YEAR에 5개의 관측값과 12개의 변수가 있습니다.
NOTE: DATA 문장 실행 (총 프로세스 시간):
      실행 시간           0.00 초
      cpu 시간            0.00 초
      


NOTE: 1개의 관측값을 데이터셋 WORK.CONV_YEAR.에서 읽었습니다.
NOTE: PRINT 프로시저가 160 페이지를 인쇄했습니다.
NOTE: 프로시저 PRINT 실행 (총 프로세스 시간):
      실행 시간           0.00 초
      cpu 시간            0.01 초
      


NOTE: 5개의 관측값을 데이터셋 WORK.OR_YEAR.에서 읽었습니다.
NOTE: PRINT 프로시저가 161 페이지를 인쇄했습니다.
NOTE: 프로시저 PRINT 실행 (총 프로세스 시간):
      실행 시간           0.01 초
      cpu 시간            0.02 초
      

752   +title '유사도만';
753   +%fit(tag=sim, terms=similarity_to_train);

NOTE: WORK.EST_SIM(memtype=DATA)을(를) 삭제하는 중입니다.
NOTE: WORK.FIT_SIM(memtype=DATA)을(를) 삭제하는 중입니다.
NOTE: WORK.CONV_SIM(memtype=DATA)을(를) 삭제하는 중입니다.
NOTE: WORK.OR_SIM(memtype=DATA)을(를) 삭제하는 중입니다.
NOTE: WORK.NOBS_SIM(memtype=DATA)을(를) 삭제하는 중입니다.
NOTE: 프로시저 DATASETS 실행 (총 프로세스 시간):
      실행 시간           0.01 초
      cpu 시간            0.01 초
      


NOTE: PROC LOGISTIC is modeling the probability that detected='1'.
NOTE: Convergence criterion (GCONV=1E-8) satisfied.
NOTE: 데이터셋 WORK.NOBS_SIM에 2개의 관측값과 6개의 변수가 있습니다.
NOTE: 데이터셋 WORK.CONV_SIM에 1개의 관측값과 3개의 변수가 있습니다.
NOTE: 데이터셋 WORK.FIT_SIM에 3개의 관측값과 4개의 변수가 있습니다.
22                                                         SAS 시스템      2026년  9월 18일 금요일 오전 02시 06분 16초

NOTE: 데이터셋 WORK.EST_SIM에 2개의 관측값과 7개의 변수가 있습니다.
NOTE: 5239개의 관측값을 데이터셋 WORK.DOMINANT.에서 읽었습니다.
NOTE: LOGISTIC 프로시저가 162-163 페이지를 인쇄했습니다.
NOTE: 프로시저 LOGISTIC 실행 (총 프로세스 시간):
      실행 시간           0.19 초
      cpu 시간            0.09 초
      

NOTE: 프로시저 SQL 실행 (총 프로세스 시간):
      실행 시간           0.00 초
      cpu 시간            0.00 초
      


NOTE: 2개의 관측값을 데이터셋 WORK.EST_SIM.에서 읽었습니다.
NOTE: 데이터셋 WORK.OR_SIM에 2개의 관측값과 11개의 변수가 있습니다.
NOTE: DATA 문장 실행 (총 프로세스 시간):
      실행 시간           0.00 초
      cpu 시간            0.00 초
      


NOTE: 1개의 관측값을 데이터셋 WORK.CONV_SIM.에서 읽었습니다.
NOTE: PRINT 프로시저가 164 페이지를 인쇄했습니다.
NOTE: 프로시저 PRINT 실행 (총 프로세스 시간):
      실행 시간           0.00 초
      cpu 시간            0.01 초
      


NOTE: 2개의 관측값을 데이터셋 WORK.OR_SIM.에서 읽었습니다.
NOTE: PRINT 프로시저가 165 페이지를 인쇄했습니다.
NOTE: 프로시저 PRINT 실행 (총 프로세스 시간):
      실행 시간           0.00 초
      cpu 시간            0.01 초
      

754   +title '유형만';
755   +%fit(tag=type, class=attack_type_code(ref='delivery'), terms=attack_type_code);

NOTE: WORK.EST_TYPE(memtype=DATA)을(를) 삭제하는 중입니다.
NOTE: WORK.FIT_TYPE(memtype=DATA)을(를) 삭제하는 중입니다.
NOTE: WORK.CONV_TYPE(memtype=DATA)을(를) 삭제하는 중입니다.
NOTE: WORK.JOINT_TYPE(memtype=DATA)을(를) 삭제하는 중입니다.
NOTE: WORK.OR_TYPE(memtype=DATA)을(를) 삭제하는 중입니다.
NOTE: WORK.NOBS_TYPE(memtype=DATA)을(를) 삭제하는 중입니다.
NOTE: 프로시저 DATASETS 실행 (총 프로세스 시간):
      실행 시간           0.01 초
      cpu 시간            0.01 초
      


NOTE: PROC LOGISTIC is modeling the probability that detected='1'.
NOTE: Convergence criterion (GCONV=1E-8) satisfied.
NOTE: 데이터셋 WORK.JOINT_TYPE에 1개의 관측값과 4개의 변수가 있습니다.
NOTE: 데이터셋 WORK.NOBS_TYPE에 2개의 관측값과 6개의 변수가 있습니다.
NOTE: 데이터셋 WORK.CONV_TYPE에 1개의 관측값과 3개의 변수가 있습니다.
NOTE: 데이터셋 WORK.FIT_TYPE에 3개의 관측값과 4개의 변수가 있습니다.
23                                                         SAS 시스템      2026년  9월 18일 금요일 오전 02시 06분 16초

NOTE: 데이터셋 WORK.EST_TYPE에 2개의 관측값과 8개의 변수가 있습니다.
NOTE: 5239개의 관측값을 데이터셋 WORK.DOMINANT.에서 읽었습니다.
NOTE: LOGISTIC 프로시저가 166-167 페이지를 인쇄했습니다.
NOTE: 프로시저 LOGISTIC 실행 (총 프로세스 시간):
      실행 시간           0.16 초
      cpu 시간            0.11 초
      

NOTE: 프로시저 SQL 실행 (총 프로세스 시간):
      실행 시간           0.00 초
      cpu 시간            0.00 초
      


NOTE: 2개의 관측값을 데이터셋 WORK.EST_TYPE.에서 읽었습니다.
NOTE: 데이터셋 WORK.OR_TYPE에 2개의 관측값과 12개의 변수가 있습니다.
NOTE: DATA 문장 실행 (총 프로세스 시간):
      실행 시간           0.00 초
      cpu 시간            0.01 초
      


NOTE: 1개의 관측값을 데이터셋 WORK.CONV_TYPE.에서 읽었습니다.
NOTE: PRINT 프로시저가 168 페이지를 인쇄했습니다.
NOTE: 프로시저 PRINT 실행 (총 프로세스 시간):
      실행 시간           0.00 초
      cpu 시간            0.01 초
      


NOTE: 2개의 관측값을 데이터셋 WORK.OR_TYPE.에서 읽었습니다.
NOTE: PRINT 프로시저가 169 페이지를 인쇄했습니다.
NOTE: 프로시저 PRINT 실행 (총 프로세스 시간):
      실행 시간           0.00 초
      cpu 시간            0.01 초
      

756   +title '유사도 + 유형';
757   +%fit(tag=main, class=attack_type_code(ref='delivery'), terms=similarity_to_train attack_type_code);

NOTE: WORK.EST_MAIN(memtype=DATA)을(를) 삭제하는 중입니다.
NOTE: WORK.FIT_MAIN(memtype=DATA)을(를) 삭제하는 중입니다.
NOTE: WORK.CONV_MAIN(memtype=DATA)을(를) 삭제하는 중입니다.
NOTE: WORK.JOINT_MAIN(memtype=DATA)을(를) 삭제하는 중입니다.
NOTE: WORK.OR_MAIN(memtype=DATA)을(를) 삭제하는 중입니다.
NOTE: WORK.NOBS_MAIN(memtype=DATA)을(를) 삭제하는 중입니다.
NOTE: 프로시저 DATASETS 실행 (총 프로세스 시간):
      실행 시간           0.01 초
      cpu 시간            0.01 초
      


NOTE: PROC LOGISTIC is modeling the probability that detected='1'.
NOTE: Convergence criterion (GCONV=1E-8) satisfied.
NOTE: 데이터셋 WORK.JOINT_MAIN에 2개의 관측값과 4개의 변수가 있습니다.
NOTE: 데이터셋 WORK.NOBS_MAIN에 2개의 관측값과 6개의 변수가 있습니다.
NOTE: 데이터셋 WORK.CONV_MAIN에 1개의 관측값과 3개의 변수가 있습니다.
NOTE: 데이터셋 WORK.FIT_MAIN에 3개의 관측값과 4개의 변수가 있습니다.
24                                                         SAS 시스템      2026년  9월 18일 금요일 오전 02시 06분 16초

NOTE: 데이터셋 WORK.EST_MAIN에 3개의 관측값과 8개의 변수가 있습니다.
NOTE: 5239개의 관측값을 데이터셋 WORK.DOMINANT.에서 읽었습니다.
NOTE: LOGISTIC 프로시저가 170-171 페이지를 인쇄했습니다.
NOTE: 프로시저 LOGISTIC 실행 (총 프로세스 시간):
      실행 시간           0.17 초
      cpu 시간            0.11 초
      

NOTE: 프로시저 SQL 실행 (총 프로세스 시간):
      실행 시간           0.00 초
      cpu 시간            0.01 초
      


NOTE: 3개의 관측값을 데이터셋 WORK.EST_MAIN.에서 읽었습니다.
NOTE: 데이터셋 WORK.OR_MAIN에 3개의 관측값과 12개의 변수가 있습니다.
NOTE: DATA 문장 실행 (총 프로세스 시간):
      실행 시간           0.00 초
      cpu 시간            0.00 초
      


NOTE: 1개의 관측값을 데이터셋 WORK.CONV_MAIN.에서 읽었습니다.
NOTE: PRINT 프로시저가 172 페이지를 인쇄했습니다.
NOTE: 프로시저 PRINT 실행 (총 프로세스 시간):
      실행 시간           0.00 초
      cpu 시간            0.01 초
      


NOTE: 3개의 관측값을 데이터셋 WORK.OR_MAIN.에서 읽었습니다.
NOTE: PRINT 프로시저가 173 페이지를 인쇄했습니다.
NOTE: 프로시저 PRINT 실행 (총 프로세스 시간):
      실행 시간           0.00 초
      cpu 시간            0.00 초
      

758   +title '유사도 + 유형 + 범주형 연도';
759   +%fit(tag=full, class=collection_year(ref='2022') attack_type_code(ref='delivery'),
760   +     terms=similarity_to_train attack_type_code collection_year);

NOTE: WORK.EST_FULL(memtype=DATA)을(를) 삭제하는 중입니다.
NOTE: WORK.FIT_FULL(memtype=DATA)을(를) 삭제하는 중입니다.
NOTE: WORK.CONV_FULL(memtype=DATA)을(를) 삭제하는 중입니다.
NOTE: WORK.JOINT_FULL(memtype=DATA)을(를) 삭제하는 중입니다.
NOTE: WORK.OR_FULL(memtype=DATA)을(를) 삭제하는 중입니다.
NOTE: WORK.NOBS_FULL(memtype=DATA)을(를) 삭제하는 중입니다.
NOTE: 프로시저 DATASETS 실행 (총 프로세스 시간):
      실행 시간           0.01 초
      cpu 시간            0.02 초
      


NOTE: PROC LOGISTIC is modeling the probability that detected='1'.
NOTE: Convergence criterion (GCONV=1E-8) satisfied.
NOTE: 데이터셋 WORK.JOINT_FULL에 3개의 관측값과 4개의 변수가 있습니다.
NOTE: 데이터셋 WORK.NOBS_FULL에 2개의 관측값과 6개의 변수가 있습니다.
NOTE: 데이터셋 WORK.CONV_FULL에 1개의 관측값과 3개의 변수가 있습니다.
25                                                         SAS 시스템      2026년  9월 18일 금요일 오전 02시 06분 16초

NOTE: 데이터셋 WORK.FIT_FULL에 3개의 관측값과 4개의 변수가 있습니다.
NOTE: 데이터셋 WORK.EST_FULL에 7개의 관측값과 8개의 변수가 있습니다.
NOTE: 5239개의 관측값을 데이터셋 WORK.DOMINANT.에서 읽었습니다.
NOTE: LOGISTIC 프로시저가 174-175 페이지를 인쇄했습니다.
NOTE: 프로시저 LOGISTIC 실행 (총 프로세스 시간):
      실행 시간           0.22 초
      cpu 시간            0.15 초
      

NOTE: 프로시저 SQL 실행 (총 프로세스 시간):
      실행 시간           0.00 초
      cpu 시간            0.01 초
      


NOTE: 7개의 관측값을 데이터셋 WORK.EST_FULL.에서 읽었습니다.
NOTE: 데이터셋 WORK.OR_FULL에 7개의 관측값과 12개의 변수가 있습니다.
NOTE: DATA 문장 실행 (총 프로세스 시간):
      실행 시간           0.00 초
      cpu 시간            0.00 초
      


NOTE: 1개의 관측값을 데이터셋 WORK.CONV_FULL.에서 읽었습니다.
NOTE: PRINT 프로시저가 176 페이지를 인쇄했습니다.
NOTE: 프로시저 PRINT 실행 (총 프로세스 시간):
      실행 시간           0.00 초
      cpu 시간            0.01 초
      


NOTE: 7개의 관측값을 데이터셋 WORK.OR_FULL.에서 읽었습니다.
NOTE: PRINT 프로시저가 177 페이지를 인쇄했습니다.
NOTE: 프로시저 PRINT 실행 (총 프로세스 시간):
      실행 시간           0.01 초
      cpu 시간            0.01 초
      

761   +title '추가 탐색 — 유사도 + 유형 × 연도';
762   +%fit(tag=year_type, class=collection_year(ref='2022') attack_type_code(ref='delivery'),
763   +     terms=similarity_to_train attack_type_code|collection_year);

NOTE: WORK.EST_YEAR_TYPE(memtype=DATA)을(를) 삭제하는 중입니다.
NOTE: WORK.FIT_YEAR_TYPE(memtype=DATA)을(를) 삭제하는 중입니다.
NOTE: WORK.CONV_YEAR_TYPE(memtype=DATA)을(를) 삭제하는 중입니다.
NOTE: WORK.JOINT_YEAR_TYPE(memtype=DATA)을(를) 삭제하는 중입니다.
NOTE: WORK.OR_YEAR_TYPE(memtype=DATA)을(를) 삭제하는 중입니다.
NOTE: WORK.NOBS_YEAR_TYPE(memtype=DATA)을(를) 삭제하는 중입니다.
NOTE: 프로시저 DATASETS 실행 (총 프로세스 시간):
      실행 시간           0.01 초
      cpu 시간            0.01 초
      


NOTE: PROC LOGISTIC is modeling the probability that detected='1'.
NOTE: Convergence criterion (GCONV=1E-8) satisfied.
NOTE: Under full-rank parameterizations, Type 3 effect tests are replaced by joint tests. The joint test for an effect is a test 
      that all the parameters associated with that effect are zero. Such joint tests might not be equivalent to Type 3 effect tests 
26                                                         SAS 시스템      2026년  9월 18일 금요일 오전 02시 06분 16초

      under GLM parameterization.
NOTE: The CLODDS= option does not compute odds ratios for effects involved in interactions or nestings.
      Specify the ODDSRATIO statement to compute odds ratios for these effects.
NOTE: 데이터셋 WORK.JOINT_YEAR_TYPE에 4개의 관측값과 4개의 변수가 있습니다.
NOTE: 데이터셋 WORK.NOBS_YEAR_TYPE에 2개의 관측값과 6개의 변수가 있습니다.
NOTE: 데이터셋 WORK.CONV_YEAR_TYPE에 1개의 관측값과 3개의 변수가 있습니다.
NOTE: 데이터셋 WORK.FIT_YEAR_TYPE에 3개의 관측값과 4개의 변수가 있습니다.
NOTE: 데이터셋 WORK.EST_YEAR_TYPE에 11개의 관측값과 9개의 변수가 있습니다.
NOTE: 5239개의 관측값을 데이터셋 WORK.DOMINANT.에서 읽었습니다.
NOTE: LOGISTIC 프로시저가 178-180 페이지를 인쇄했습니다.
NOTE: 프로시저 LOGISTIC 실행 (총 프로세스 시간):
      실행 시간           0.20 초
      cpu 시간            0.13 초
      

NOTE: 프로시저 SQL 실행 (총 프로세스 시간):
      실행 시간           0.00 초
      cpu 시간            0.01 초
      


NOTE: 11개의 관측값을 데이터셋 WORK.EST_YEAR_TYPE.에서 읽었습니다.
NOTE: 데이터셋 WORK.OR_YEAR_TYPE에 11개의 관측값과 13개의 변수가 있습니다.
NOTE: DATA 문장 실행 (총 프로세스 시간):
      실행 시간           0.00 초
      cpu 시간            0.00 초
      


NOTE: 1개의 관측값을 데이터셋 WORK.CONV_YEAR_TYPE.에서 읽었습니다.
NOTE: PRINT 프로시저가 181 페이지를 인쇄했습니다.
NOTE: 프로시저 PRINT 실행 (총 프로세스 시간):
      실행 시간           0.00 초
      cpu 시간            0.00 초
      


NOTE: 11개의 관측값을 데이터셋 WORK.OR_YEAR_TYPE.에서 읽었습니다.
NOTE: PRINT 프로시저가 182 페이지를 인쇄했습니다.
NOTE: 프로시저 PRINT 실행 (총 프로세스 시간):
      실행 시간           0.01 초
      cpu 시간            0.02 초
      

764   +%lr(reduced=full, full=year_type, out=lr_year_type);

NOTE: WORK.LR_YEAR_TYPE(memtype=DATA)을(를) 삭제하는 중입니다.
NOTE: 프로시저 DATASETS 실행 (총 프로세스 시간):
      실행 시간           0.01 초
      cpu 시간            0.01 초
      

NOTE: 프로시저 SQL 실행 (총 프로세스 시간):
      실행 시간           0.00 초
      cpu 시간            0.01 초
      


27                                                         SAS 시스템      2026년  9월 18일 금요일 오전 02시 06분 17초

NOTE: 1개의 관측값을 데이터셋 WORK.FIT_FULL.에서 읽었습니다.
      WHERE Criterion='-2 Log L';
NOTE: 1개의 관측값을 데이터셋 WORK.FIT_YEAR_TYPE.에서 읽었습니다.
      WHERE Criterion='-2 Log L';
NOTE: 데이터셋 WORK.LR_YEAR_TYPE에 1개의 관측값과 10개의 변수가 있습니다.
NOTE: DATA 문장 실행 (총 프로세스 시간):
      실행 시간           0.00 초
      cpu 시간            0.00 초
      


NOTE: 1개의 관측값을 데이터셋 WORK.LR_YEAR_TYPE.에서 읽었습니다.
NOTE: PRINT 프로시저가 183 페이지를 인쇄했습니다.
NOTE: 프로시저 PRINT 실행 (총 프로세스 시간):
      실행 시간           0.01 초
      cpu 시간            0.01 초
      

765   +%lr(reduced=main, full=full, out=lr_year_additive);

NOTE: WORK.LR_YEAR_ADDITIVE(memtype=DATA)을(를) 삭제하는 중입니다.
NOTE: 프로시저 DATASETS 실행 (총 프로세스 시간):
      실행 시간           0.01 초
      cpu 시간            0.01 초
      

NOTE: 프로시저 SQL 실행 (총 프로세스 시간):
      실행 시간           0.00 초
      cpu 시간            0.01 초
      


NOTE: 1개의 관측값을 데이터셋 WORK.FIT_MAIN.에서 읽었습니다.
      WHERE Criterion='-2 Log L';
NOTE: 1개의 관측값을 데이터셋 WORK.FIT_FULL.에서 읽었습니다.
      WHERE Criterion='-2 Log L';
NOTE: 데이터셋 WORK.LR_YEAR_ADDITIVE에 1개의 관측값과 10개의 변수가 있습니다.
NOTE: DATA 문장 실행 (총 프로세스 시간):
      실행 시간           0.00 초
      cpu 시간            0.00 초
      


NOTE: 1개의 관측값을 데이터셋 WORK.LR_YEAR_ADDITIVE.에서 읽었습니다.
NOTE: PRINT 프로시저가 184 페이지를 인쇄했습니다.
NOTE: 프로시저 PRINT 실행 (총 프로세스 시간):
      실행 시간           0.00 초
      cpu 시간            0.01 초
      

766   +
767   +/* 4. 같은 작은 모형에서 연도 전체를 검정한다. 연도 보정 전후 교호작용도 병기한다. */
768   +ods graphics on / width=9in height=5in;
769   +title '유사도 × 유형 — 연도 미보정 예측 곡선';
770   +%fit(tag=inter, class=attack_type_code(ref='delivery'),
771   +     terms=similarity_to_train|attack_type_code, predict=1);

NOTE: WORK.EST_INTER(memtype=DATA)을(를) 삭제하는 중입니다.
28                                                         SAS 시스템      2026년  9월 18일 금요일 오전 02시 06분 17초

NOTE: WORK.FIT_INTER(memtype=DATA)을(를) 삭제하는 중입니다.
NOTE: WORK.CONV_INTER(memtype=DATA)을(를) 삭제하는 중입니다.
NOTE: WORK.JOINT_INTER(memtype=DATA)을(를) 삭제하는 중입니다.
NOTE: WORK.OR_INTER(memtype=DATA)을(를) 삭제하는 중입니다.
NOTE: WORK.NOBS_INTER(memtype=DATA)을(를) 삭제하는 중입니다.
NOTE: 프로시저 DATASETS 실행 (총 프로세스 시간):
      실행 시간           0.01 초
      cpu 시간            0.01 초
      


NOTE: PROC LOGISTIC is modeling the probability that detected='1'.
NOTE: Convergence criterion (GCONV=1E-8) satisfied.
NOTE: Under full-rank parameterizations, Type 3 effect tests are replaced by joint tests. The joint test for an effect is a test 
      that all the parameters associated with that effect are zero. Such joint tests might not be equivalent to Type 3 effect tests 
      under GLM parameterization.
NOTE: The CLODDS= option does not compute odds ratios for effects involved in interactions or nestings.
      Specify the ODDSRATIO statement to compute odds ratios for these effects.
WARNING: Some plots have more than 5000 observations and are suppressed.  Specify the PLOTS(MAXPOINTS=NONE) option in the PROC 
         LOGISTIC statement to display the plots.
NOTE: 데이터셋 WORK.JOINT_INTER에 3개의 관측값과 4개의 변수가 있습니다.
NOTE: 데이터셋 WORK.NOBS_INTER에 2개의 관측값과 6개의 변수가 있습니다.
NOTE: 데이터셋 WORK.CONV_INTER에 1개의 관측값과 3개의 변수가 있습니다.
NOTE: 데이터셋 WORK.FIT_INTER에 3개의 관측값과 4개의 변수가 있습니다.
NOTE: 데이터셋 WORK.EST_INTER에 4개의 관측값과 8개의 변수가 있습니다.
NOTE: 5239개의 관측값을 데이터셋 WORK.DOMINANT.에서 읽었습니다.
NOTE: 데이터셋 WORK.PRED_INTER에 5239개의 관측값과 14개의 변수가 있습니다.
NOTE: LOGISTIC 프로시저가 185-186 페이지를 인쇄했습니다.
NOTE: 프로시저 LOGISTIC 실행 (총 프로세스 시간):
      실행 시간           0.73 초
      cpu 시간            0.44 초
      

NOTE: 프로시저 SQL 실행 (총 프로세스 시간):
      실행 시간           0.00 초
      cpu 시간            0.00 초
      


NOTE: 4개의 관측값을 데이터셋 WORK.EST_INTER.에서 읽었습니다.
NOTE: 데이터셋 WORK.OR_INTER에 4개의 관측값과 12개의 변수가 있습니다.
NOTE: DATA 문장 실행 (총 프로세스 시간):
      실행 시간           0.00 초
      cpu 시간            0.00 초
      


NOTE: 1개의 관측값을 데이터셋 WORK.CONV_INTER.에서 읽었습니다.
NOTE: PRINT 프로시저가 187 페이지를 인쇄했습니다.
NOTE: 프로시저 PRINT 실행 (총 프로세스 시간):
      실행 시간           0.00 초
      cpu 시간            0.00 초
      


NOTE: 4개의 관측값을 데이터셋 WORK.OR_INTER.에서 읽었습니다.
NOTE: PRINT 프로시저가 188 페이지를 인쇄했습니다.
NOTE: 프로시저 PRINT 실행 (총 프로세스 시간):
29                                                         SAS 시스템      2026년  9월 18일 금요일 오전 02시 06분 17초

      실행 시간           0.01 초
      cpu 시간            0.01 초
      

772   +title '유사도 × 유형 + 범주형 연도';
773   +%fit(tag=inter_year, class=collection_year(ref='2022') attack_type_code(ref='delivery'),
774   +     terms=similarity_to_train|attack_type_code collection_year);

NOTE: WORK.EST_INTER_YEAR(memtype=DATA)을(를) 삭제하는 중입니다.
NOTE: WORK.FIT_INTER_YEAR(memtype=DATA)을(를) 삭제하는 중입니다.
NOTE: WORK.CONV_INTER_YEAR(memtype=DATA)을(를) 삭제하는 중입니다.
NOTE: WORK.JOINT_INTER_YEAR(memtype=DATA)을(를) 삭제하는 중입니다.
NOTE: WORK.OR_INTER_YEAR(memtype=DATA)을(를) 삭제하는 중입니다.
NOTE: WORK.NOBS_INTER_YEAR(memtype=DATA)을(를) 삭제하는 중입니다.
NOTE: 프로시저 DATASETS 실행 (총 프로세스 시간):
      실행 시간           0.01 초
      cpu 시간            0.02 초
      


NOTE: PROC LOGISTIC is modeling the probability that detected='1'.
NOTE: Convergence criterion (GCONV=1E-8) satisfied.
NOTE: Under full-rank parameterizations, Type 3 effect tests are replaced by joint tests. The joint test for an effect is a test 
      that all the parameters associated with that effect are zero. Such joint tests might not be equivalent to Type 3 effect tests 
      under GLM parameterization.
NOTE: The CLODDS= option does not compute odds ratios for effects involved in interactions or nestings.
      Specify the ODDSRATIO statement to compute odds ratios for these effects.
NOTE: 데이터셋 WORK.JOINT_INTER_YEAR에 4개의 관측값과 4개의 변수가 있습니다.
NOTE: 데이터셋 WORK.NOBS_INTER_YEAR에 2개의 관측값과 6개의 변수가 있습니다.
NOTE: 데이터셋 WORK.CONV_INTER_YEAR에 1개의 관측값과 3개의 변수가 있습니다.
NOTE: 데이터셋 WORK.FIT_INTER_YEAR에 3개의 관측값과 4개의 변수가 있습니다.
NOTE: 데이터셋 WORK.EST_INTER_YEAR에 8개의 관측값과 8개의 변수가 있습니다.
NOTE: 5239개의 관측값을 데이터셋 WORK.DOMINANT.에서 읽었습니다.
NOTE: LOGISTIC 프로시저가 189-190 페이지를 인쇄했습니다.
NOTE: 프로시저 LOGISTIC 실행 (총 프로세스 시간):
      실행 시간           0.21 초
      cpu 시간            0.15 초
      

NOTE: 프로시저 SQL 실행 (총 프로세스 시간):
      실행 시간           0.00 초
      cpu 시간            0.00 초
      


NOTE: 8개의 관측값을 데이터셋 WORK.EST_INTER_YEAR.에서 읽었습니다.
NOTE: 데이터셋 WORK.OR_INTER_YEAR에 8개의 관측값과 12개의 변수가 있습니다.
NOTE: DATA 문장 실행 (총 프로세스 시간):
      실행 시간           0.00 초
      cpu 시간            0.00 초
      


NOTE: 1개의 관측값을 데이터셋 WORK.CONV_INTER_YEAR.에서 읽었습니다.
NOTE: PRINT 프로시저가 191 페이지를 인쇄했습니다.
NOTE: 프로시저 PRINT 실행 (총 프로세스 시간):
      실행 시간           0.00 초
      cpu 시간            0.01 초
30                                                         SAS 시스템      2026년  9월 18일 금요일 오전 02시 06분 18초

      


NOTE: 8개의 관측값을 데이터셋 WORK.OR_INTER_YEAR.에서 읽었습니다.
NOTE: PRINT 프로시저가 192 페이지를 인쇄했습니다.
NOTE: 프로시저 PRINT 실행 (총 프로세스 시간):
      실행 시간           0.01 초
      cpu 시간            0.02 초
      

775   +%lr(reduced=main, full=inter, out=lr_interaction);

NOTE: WORK.LR_INTERACTION(memtype=DATA)을(를) 삭제하는 중입니다.
NOTE: 프로시저 DATASETS 실행 (총 프로세스 시간):
      실행 시간           0.01 초
      cpu 시간            0.01 초
      

NOTE: 프로시저 SQL 실행 (총 프로세스 시간):
      실행 시간           0.00 초
      cpu 시간            0.00 초
      


NOTE: 1개의 관측값을 데이터셋 WORK.FIT_MAIN.에서 읽었습니다.
      WHERE Criterion='-2 Log L';
NOTE: 1개의 관측값을 데이터셋 WORK.FIT_INTER.에서 읽었습니다.
      WHERE Criterion='-2 Log L';
NOTE: 데이터셋 WORK.LR_INTERACTION에 1개의 관측값과 10개의 변수가 있습니다.
NOTE: DATA 문장 실행 (총 프로세스 시간):
      실행 시간           0.00 초
      cpu 시간            0.00 초
      


NOTE: 1개의 관측값을 데이터셋 WORK.LR_INTERACTION.에서 읽었습니다.
NOTE: PRINT 프로시저가 193 페이지를 인쇄했습니다.
NOTE: 프로시저 PRINT 실행 (총 프로세스 시간):
      실행 시간           0.01 초
      cpu 시간            0.01 초
      

776   +%lr(reduced=inter, full=inter_year, out=lr_joint_year);

NOTE: WORK.LR_JOINT_YEAR(memtype=DATA)을(를) 삭제하는 중입니다.
NOTE: 프로시저 DATASETS 실행 (총 프로세스 시간):
      실행 시간           0.01 초
      cpu 시간            0.01 초
      

NOTE: 프로시저 SQL 실행 (총 프로세스 시간):
      실행 시간           0.00 초
      cpu 시간            0.00 초
      


NOTE: 1개의 관측값을 데이터셋 WORK.FIT_INTER.에서 읽었습니다.
      WHERE Criterion='-2 Log L';
31                                                         SAS 시스템      2026년  9월 18일 금요일 오전 02시 06분 18초

NOTE: 1개의 관측값을 데이터셋 WORK.FIT_INTER_YEAR.에서 읽었습니다.
      WHERE Criterion='-2 Log L';
NOTE: 데이터셋 WORK.LR_JOINT_YEAR에 1개의 관측값과 10개의 변수가 있습니다.
NOTE: DATA 문장 실행 (총 프로세스 시간):
      실행 시간           0.00 초
      cpu 시간            0.01 초
      


NOTE: 1개의 관측값을 데이터셋 WORK.LR_JOINT_YEAR.에서 읽었습니다.
NOTE: PRINT 프로시저가 194 페이지를 인쇄했습니다.
NOTE: 프로시저 PRINT 실행 (총 프로세스 시간):
      실행 시간           0.00 초
      cpu 시간            0.01 초
      

777   +%lr(reduced=full, full=inter_year, out=lr_interaction_adjusted_year);

NOTE: WORK.LR_INTERACTION_ADJUSTED_YEAR(memtype=DATA)을(를) 삭제하는 중입니다.
NOTE: 프로시저 DATASETS 실행 (총 프로세스 시간):
      실행 시간           0.01 초
      cpu 시간            0.01 초
      

NOTE: 프로시저 SQL 실행 (총 프로세스 시간):
      실행 시간           0.00 초
      cpu 시간            0.00 초
      


NOTE: 1개의 관측값을 데이터셋 WORK.FIT_FULL.에서 읽었습니다.
      WHERE Criterion='-2 Log L';
NOTE: 1개의 관측값을 데이터셋 WORK.FIT_INTER_YEAR.에서 읽었습니다.
      WHERE Criterion='-2 Log L';
NOTE: 데이터셋 WORK.LR_INTERACTION_ADJUSTED_YEAR에 1개의 관측값과 10개의 변수가 있습니다.
NOTE: DATA 문장 실행 (총 프로세스 시간):
      실행 시간           0.00 초
      cpu 시간            0.00 초
      


NOTE: 1개의 관측값을 데이터셋 WORK.LR_INTERACTION_ADJUSTED_YEAR.에서 읽었습니다.
NOTE: PRINT 프로시저가 195 페이지를 인쇄했습니다.
NOTE: 프로시저 PRINT 실행 (총 프로세스 시간):
      실행 시간           0.00 초
      cpu 시간            0.00 초
      

778   +title '범주형 연도 joint Wald 검정 — 교호작용 포함 모형';
779   +%macro show_joint;
780   +    %if %sysfunc(exist(work.joint_inter_year)) %then %do;
781   +        proc print data=work.joint_inter_year noobs; run;
782   +    %end;
783   +    %else %put WARNING: joint ODS 미생성. ODS TRACE로 joint_table 설정을 확인하십시오.;
784   +%mend;
785   +%show_joint;

NOTE: 4개의 관측값을 데이터셋 WORK.JOINT_INTER_YEAR.에서 읽었습니다.
32                                                         SAS 시스템      2026년  9월 18일 금요일 오전 02시 06분 18초

NOTE: PRINT 프로시저가 196 페이지를 인쇄했습니다.
NOTE: 프로시저 PRINT 실행 (총 프로세스 시간):
      실행 시간           0.00 초
      cpu 시간            0.01 초
      

786   +
787   +/* 5. 고정 구간의 관측과 모형 적합값. 첫 구간은 0을 포함한다.
788   +   같은 자료의 예측·관측 비교는 적합 진단이며 독립 검증이 아니다. */
789   +data work.binned;
790   +    set work.dominant;
791   +    length novelty_bin $16;
792   +    if similarity_to_train<=0.3 then do; novelty_bin='[0.0, 0.3]'; bin_order=1; end;
793   +    else if similarity_to_train<=0.5 then do; novelty_bin='(0.3, 0.5]'; bin_order=2; end;
794   +    else if similarity_to_train<=0.7 then do; novelty_bin='(0.5, 0.7]'; bin_order=3; end;
795   +    else do; novelty_bin='(0.7, 1.0]'; bin_order=4; end;
796   +run;

NOTE: 5239개의 관측값을 데이터셋 WORK.DOMINANT.에서 읽었습니다.
NOTE: 데이터셋 WORK.BINNED에 5239개의 관측값과 14개의 변수가 있습니다.
NOTE: DATA 문장 실행 (총 프로세스 시간):
      실행 시간           0.00 초
      cpu 시간            0.00 초
      

797   +proc sql;
798   +    create table work.stratified as
799   +    select bin_order, novelty_bin, attack_type_code, count(*) as rows,
800   +           sum(detected) as detections, mean(detected) as detection_rate
801   +    from work.binned group by bin_order, novelty_bin, attack_type_code;
NOTE: Table WORK.STRATIFIED created, with 8 rows and 6 columns.

802   +quit;
NOTE: 프로시저 SQL 실행 (총 프로세스 시간):
      실행 시간           0.00 초
      cpu 시간            0.01 초
      

803   +/* Python과 같은 z=1.96 Wilson. 비율 0 또는 1에서도 유효한 경계를 낸다. */
804   +data work.stratified_ci;
805   +    set work.stratified;
806   +    z=1.96;
807   +    denom=1+z*z/rows;
808   +    centre=(detection_rate+z*z/(2*rows))/denom;
809   +    spread=z*sqrt(detection_rate*(1-detection_rate)/rows+z*z/(4*rows*rows))/denom;
810   +    ci_low=max(0,centre-spread);
811   +    ci_high=min(1,centre+spread);
812   +    misses=rows-detections;
813   +run;

NOTE: 8개의 관측값을 데이터셋 WORK.STRATIFIED.에서 읽었습니다.
NOTE: 데이터셋 WORK.STRATIFIED_CI에 8개의 관측값과 13개의 변수가 있습니다.
NOTE: DATA 문장 실행 (총 프로세스 시간):
      실행 시간           0.00 초
      cpu 시간            0.00 초
      

814   +title '유사도 구간 × 유형 — 표본·미탐·Wilson 95% CI';
33                                                         SAS 시스템      2026년  9월 18일 금요일 오전 02시 06분 18초

815   +proc print data=work.stratified_ci noobs;
816   +    var novelty_bin attack_type_code rows misses detection_rate ci_low ci_high;
817   +run;

NOTE: 8개의 관측값을 데이터셋 WORK.STRATIFIED_CI.에서 읽었습니다.
NOTE: PRINT 프로시저가 197 페이지를 인쇄했습니다.
NOTE: 프로시저 PRINT 실행 (총 프로세스 시간):
      실행 시간           0.01 초
      cpu 시간            0.01 초
      

818   +title '관측 탐지율과 불확실성';
819   +proc sgplot data=work.stratified_ci;
820   +    scatter x=bin_order y=detection_rate / group=attack_type_code
821   +        yerrorlower=ci_low yerrorupper=ci_high markerattrs=(symbol=circlefilled);
822   +    series x=bin_order y=detection_rate / group=attack_type_code;
823   +    yaxis label='탐지율' min=0 max=1 valuesformat=percent8.0;
824   +    xaxis label='학습셋 유사도 구간' values=(1 2 3 4)
825   +        valuesdisplay=('[0,0.3]' '(0.3,0.5]' '(0.5,0.7]' '(0.7,1]');
826   +run;

NOTE: 프로시저 SGPLOT 실행 (총 프로세스 시간):
      실행 시간           0.10 초
      cpu 시간            0.06 초
      
NOTE: 이미지 출력 리스팅이 
      /opt/sas/viya/config/var/tmp/compsrv/default/04ee8070-d54a-4535-b462-e3946f5f09eb/SAS_work5D21000001EB_sas-compute-server-2b47
      3bef-58e9-4c87-8086-f8861afdcf8a-85/SGPlot12.png에 작성되었습니다.
NOTE: 8개의 관측값을 데이터셋 WORK.STRATIFIED_CI.에서 읽었습니다.

827   +%macro observed_fitted;
828   +    %if &ok_inter=1 and %sysfunc(exist(work.pred_inter)) %then %do;
829   +        data work.pred_binned;
830   +            set work.pred_inter;
831   +            if similarity_to_train<=0.3 then bin_order=1;
832   +            else if similarity_to_train<=0.5 then bin_order=2;
833   +            else if similarity_to_train<=0.7 then bin_order=3;
834   +            else bin_order=4;
835   +        run;
836   +        title '탐색 적합 진단 — 같은 자료의 관측률과 예측 평균';
837   +        proc means data=work.pred_binned n mean maxdec=4;
838   +            class bin_order attack_type_code; var detected phat;
839   +        run;
840   +    %end;
841   +%mend;
842   +%observed_fitted;

NOTE: 5239개의 관측값을 데이터셋 WORK.PRED_INTER.에서 읽었습니다.
NOTE: 데이터셋 WORK.PRED_BINNED에 5239개의 관측값과 15개의 변수가 있습니다.
NOTE: DATA 문장 실행 (총 프로세스 시간):
      실행 시간           0.00 초
      cpu 시간            0.00 초
      


NOTE: 5239개의 관측값을 데이터셋 WORK.PRED_BINNED.에서 읽었습니다.
NOTE: MEANS 프로시저가 198 페이지를 인쇄했습니다.
NOTE: 프로시저 MEANS 실행 (총 프로세스 시간):
34                                                         SAS 시스템      2026년  9월 18일 금요일 오전 02시 06분 18초

      실행 시간           0.03 초
      cpu 시간            0.04 초
      

843   +
844   +/* 6. Python과 동일: eligible 표본에서 원래 유형이 30건 이상이면 유지.
845   +   빈도 미만만 rare로 묶는다. other도 빈도 기준으로 보존된다. */
846   +proc sql;
847   +    create table work.type_counts as
848   +    select attack_type_code, count(*) as type_rows
849   +    from work.ext group by attack_type_code;
NOTE: Table WORK.TYPE_COUNTS created, with 10 rows and 2 columns.

850   +    create table work.with_rare as
851   +    select a.*, b.type_rows,
852   +           case when b.type_rows>=&rare_min_rows then a.attack_type_code
853   +                else 'rare' end as atype length=64
854   +    from work.ext as a left join work.type_counts as b
855   +    on a.attack_type_code=b.attack_type_code;
NOTE: Table WORK.WITH_RARE created, with 5424 rows and 14 columns.

856   +quit;
NOTE: 프로시저 SQL 실행 (총 프로세스 시간):
      실행 시간           0.01 초
      cpu 시간            0.01 초
      

857   +title '민감도 표본 — 원래 유형 빈도와 묶음';
858   +proc freq data=work.with_rare;
859   +    tables attack_type_code*atype / list missing;
860   +run;

NOTE: 5424개의 관측값을 데이터셋 WORK.WITH_RARE.에서 읽었습니다.
NOTE: FREQ 프로시저가 199 페이지를 인쇄했습니다.
NOTE: 프로시저 FREQ 실행 (총 프로세스 시간):
      실행 시간           0.01 초
      cpu 시간            0.02 초
      

861   +title '민감도 — 전체 적격 표본; 빈도 기준 소수 유형 묶음';
862   +%fit(tag=rare, data=with_rare, class=collection_year(ref='2022') atype(ref='delivery'),
863   +     terms=similarity_to_train atype collection_year);

NOTE: WORK.EST_RARE(memtype=DATA)을(를) 삭제하는 중입니다.
NOTE: WORK.FIT_RARE(memtype=DATA)을(를) 삭제하는 중입니다.
NOTE: WORK.CONV_RARE(memtype=DATA)을(를) 삭제하는 중입니다.
NOTE: WORK.JOINT_RARE(memtype=DATA)을(를) 삭제하는 중입니다.
NOTE: WORK.OR_RARE(memtype=DATA)을(를) 삭제하는 중입니다.
NOTE: WORK.NOBS_RARE(memtype=DATA)을(를) 삭제하는 중입니다.
NOTE: 프로시저 DATASETS 실행 (총 프로세스 시간):
      실행 시간           0.01 초
      cpu 시간            0.01 초
      


NOTE: PROC LOGISTIC is modeling the probability that detected='1'.
NOTE: Convergence criterion (GCONV=1E-8) satisfied.
NOTE: 데이터셋 WORK.JOINT_RARE에 3개의 관측값과 4개의 변수가 있습니다.
35                                                         SAS 시스템      2026년  9월 18일 금요일 오전 02시 06분 18초

NOTE: 데이터셋 WORK.NOBS_RARE에 2개의 관측값과 6개의 변수가 있습니다.
NOTE: 데이터셋 WORK.CONV_RARE에 1개의 관측값과 3개의 변수가 있습니다.
NOTE: 데이터셋 WORK.FIT_RARE에 3개의 관측값과 4개의 변수가 있습니다.
NOTE: 데이터셋 WORK.EST_RARE에 9개의 관측값과 8개의 변수가 있습니다.
NOTE: 5424개의 관측값을 데이터셋 WORK.WITH_RARE.에서 읽었습니다.
NOTE: LOGISTIC 프로시저가 200-201 페이지를 인쇄했습니다.
NOTE: 프로시저 LOGISTIC 실행 (총 프로세스 시간):
      실행 시간           0.21 초
      cpu 시간            0.15 초
      

NOTE: 프로시저 SQL 실행 (총 프로세스 시간):
      실행 시간           0.00 초
      cpu 시간            0.01 초
      


NOTE: 9개의 관측값을 데이터셋 WORK.EST_RARE.에서 읽었습니다.
NOTE: 데이터셋 WORK.OR_RARE에 9개의 관측값과 12개의 변수가 있습니다.
NOTE: DATA 문장 실행 (총 프로세스 시간):
      실행 시간           0.00 초
      cpu 시간            0.00 초
      


NOTE: 1개의 관측값을 데이터셋 WORK.CONV_RARE.에서 읽었습니다.
NOTE: PRINT 프로시저가 202 페이지를 인쇄했습니다.
NOTE: 프로시저 PRINT 실행 (총 프로세스 시간):
      실행 시간           0.00 초
      cpu 시간            0.01 초
      


NOTE: 9개의 관측값을 데이터셋 WORK.OR_RARE.에서 읽었습니다.
NOTE: PRINT 프로시저가 203 페이지를 인쇄했습니다.
NOTE: 프로시저 PRINT 실행 (총 프로세스 시간):
      실행 시간           0.01 초
      cpu 시간            0.01 초
      

864   +
865   +title;
866   +%put NOTE: 07 끝. 출력 생성은 통계 해석 또는 SAS 실행 검수 완료를 뜻하지 않습니다.;
NOTE: 07 끝. 출력 생성은 통계 해석 또는 SAS 실행 검수 완료를 뜻하지 않습니다.
867   +%put NOTE: 표본흐름·입력 해시·수렴·분리 경고·계수·OR CI·LR을 Python 산출물과 대조하십시오.;
NOTE: 표본흐름·입력 해시·수렴·분리 경고·계수·OR CI·LR을 Python 산출물과 대조하십시오.
868   +%put NOTE: p값 비유의성은 효과 부재나 인과 결론이 아닙니다. 미탐 수와 제외 표본을 함께
868  !+제시하십시오.;
NOTE: p값 비유의성은 효과 부재나 인과 결론이 아닙니다. 미탐 수와 제외 표본을 함께 제시하십시오.
NOTE: %INCLUDE(레벨 1)를 종료 중입니다.

NOTE: 데이터셋 WORK._TMP_STATUS에 1개의 관측값과 6개의 변수가 있습니다.
NOTE: DATA 문장 실행 (총 프로세스 시간):
      실행 시간           0.00 초
      cpu 시간            0.00 초
      


36                                                         SAS 시스템      2026년  9월 18일 금요일 오전 02시 06분 18초

NOTE: WORK._TMP_STATUS을(를) WORK.SCAMLENS_MASTER_RUN_STATUS에 추가하는 중입니다.
NOTE: 1개의 관측값을 데이터셋 WORK._TMP_STATUS.에서 읽었습니다.
NOTE: 1개 관측값이 추가되었습니다.
NOTE: 데이터셋 WORK.SCAMLENS_MASTER_RUN_STATUS에 2개의 관측값과 6개의 변수가 있습니다.
NOTE: 프로시저 APPEND 실행 (총 프로세스 시간):
      실행 시간           0.00 초
      cpu 시간            0.00 초
      

NOTE:
NOTE: =========================================================================
NOTE: >>> [Step 3] 메타 분류기 학습 및 평가 (02_meta_classifier.sas)
NOTE: =========================================================================
NOTE: %INCLUDE(레벨 1) 파일 /home/student/github/sas/02_meta_classifier.sas은(는) 파일 
      /home/student/github/sas/02_meta_classifier.sas입니다.
869   +/*---------------------------------------------------------------------------
870   +  ScamLens 02 — 문자·URL 결합 메타 분류기 (PROC LOGISTIC)
871   +
872   +  Python의 scikit-learn 메타 분류기를 SAS로 다시 적합한다. 목적은 같은 계수를
873   +  얻는 것이 아니라 sklearn이 주지 않는 것을 얻는 것이다.
874   +
875   +    - 계수의 표준오차, Wald 검정, p-value
876   +    - 오즈비와 95% 신뢰구간
877   +    - 모형 적합도 검정
878   +
879   +  train에는 행 ID·그룹·폴드·입력/모델 해시를 검증한 OOF 확률만 사용한다.
880   +  저장 OOF가 없으면 고정된 기존 프로토콜로 train에서만 재생성할 수 있다.
881   +  이 경우 provenance는 reconstructed_fixed_protocol이며 과거 학습 당시 저장된
882   +  OOF 확률을 복구했다고 주장하지 않는다. OOF가 없거나 검증되지 않으면 중단한다.
883   +
884   +  이 적합은 무가중·무규제 최대우도 추론 모형이다. Python 채택 모형은
885   +  class_weight='balanced'인 규제 로지스틱이므로 같은 OOF 입력이어도 추정량이
886   +  다르다. SAS Wald 검정을 Python 채택 모형 계수의 p-value로 해석하지 않는다.
887   +  URL 두 변수의 공동 검정과 효과 크기·신뢰구간을 함께 보고한다.
888   +  비유의한 결과는 무기여나 동등성의 증명이 아니다.
889   +  표준 Wald 구간은 입력 점수를 고정한 조건부 탐색 결과이며 교차적합의 공유
890   +  모형·유사 문구 의존성 및 기준 모델 재학습 불확실성 전체를 반영하지 않는다.
891   +
892   +  임계값 정책은 Python과 동일하다. validation에서만 고르고 test는 1회 평가한다.
893   +
894   +  선행 조건: 01_load_and_audit.sas를 같은 세션에서 먼저 실행해야 한다.
895   +  work.scores가 없으면 여기서 멈춘다.
896   +---------------------------------------------------------------------------*/
897   +
898   +%let minimum_recall = 0.95;
899   +
900   +%macro require(dsname);
901   +    %if not %sysfunc(exist(&dsname.)) %then %do;
902   +        %put ERROR: &dsname. 이(가) 없습니다. 01_load_and_audit.sas를 먼저 실행하십시오.;
903   +        %abort cancel;
904   +    %end;
905   +%mend;
906   +%require(work.scores);
907   +%let sas_meta_fit_completed = 0;
908   +
909   +/* 이전 실행 결과가 이번 입력의 결과처럼 재사용되지 않도록 먼저 제거한다. */
910   +proc datasets library=work nolist;
911   +    delete metamodel scored test_scored meta_convergence;
37                                                         SAS 시스템      2026년  9월 18일 금요일 오전 02시 06분 18초

912   +quit;

NOTE: WORK.METAMODEL(memtype=DATA)을(를) 삭제하는 중입니다.
NOTE: WORK.SCORED(memtype=DATA)을(를) 삭제하는 중입니다.
NOTE: WORK.TEST_SCORED(memtype=DATA)을(를) 삭제하는 중입니다.
NOTE: WORK.META_CONVERGENCE(memtype=DATA)을(를) 삭제하는 중입니다.
NOTE: 프로시저 DATASETS 실행 (총 프로세스 시간):
      실행 시간           0.01 초
      cpu 시간            0.01 초
      

913   +
914   +%macro require_verified_oof;
915   +    %local dsid rc name index bad_rows train_rows;
916   +    %let dsid = %sysfunc(open(work.scores));
917   +    %do index=1 %to 5;
918   +        %let name=%scan(text_probability_meta_input text_probability_oof
919   +                        oof_fold_id sas_meta_fit_eligible similarity_group_id,&index.);
920   +        %if %sysfunc(varnum(&dsid.,&name.)) = 0 %then %do;
921   +            %let rc=%sysfunc(close(&dsid.));
922   +            %put ERROR: Missing verified OOF column &name.. Re-export with export_for_sas.py.;
923   +            %abort cancel;
924   +        %end;
925   +    %end;
926   +    %let rc=%sysfunc(close(&dsid.));
927   +    proc sql noprint;
928   +        select count(*) into :train_rows trimmed from work.scores where split='train';
929   +        select count(*) into :bad_rows trimmed from work.scores
930   +        where sas_meta_fit_eligible ne 1
931   +           or missing(text_probability_meta_input)
932   +           or text_probability_meta_input < 0 or text_probability_meta_input > 1
933   +           or (split='train' and
934   +               (missing(text_probability_oof) or missing(oof_fold_id)
935   +                or text_probability_meta_input ne text_probability_oof));
936   +    quit;
937   +    %if &train_rows.=0 or &bad_rows.>0 %then %do;
938   +        %put ERROR: SAS 02 blocked: OOF training inputs are missing or unverified.;
939   +        %put ERROR- In-sample text_probability must never be used as a fallback.;
940   +        %put ERROR- Verify/reconstruct train OOF artifacts and run export_for_sas.py.;
941   +        %abort cancel;
942   +    %end;
943   +%mend;
944   +%require_verified_oof;
NOTE: 프로시저 SQL 실행 (총 프로세스 시간):
      실행 시간           0.00 초
      cpu 시간            0.01 초
      

945   +
946   +
947   +/*--- 1. train 분할로 메타 분류기 적합 ------------------------------------
948   +  event='1'을 반드시 쓴다. PROC LOGISTIC은 기본적으로 낮은 순서값(=0)의 확률을
949   +  모형화하므로, 생략하면 부호가 전부 뒤집힌 모형을 얻는다.
950   +-------------------------------------------------------------------------*/
951   +title "OOF 특징 기반 SAS 추론용 메타 회귀 — Python 규제 모형과 별도";
952   +ods output ParameterEstimates=work.meta_parameters
953   +           OddsRatios=work.meta_odds_ratios
954   +           CLOddsWald=work.meta_odds_ci
38                                                         SAS 시스템      2026년  9월 18일 금요일 오전 02시 06분 18초

955   +           TestStmts=work.meta_url_block_test
956   +           FitStatistics=work.meta_fit_statistics
957   +           ConvergenceStatus=work.meta_convergence;
958   +proc logistic data=work.scores outmodel=work.metamodel;
959   +    where split = 'train';
960   +    model target(event='1') = text_probability_meta_input
961   +                              url_probability_filled
962   +                              has_url
963   +          / clodds=wald;
964   +    URL_Block: test url_probability_filled=0, has_url=0;
965   +run;

NOTE: PROC LOGISTIC is modeling the probability that target='1'.
NOTE: Convergence criterion (GCONV=1E-8) satisfied.
NOTE: 데이터셋 WORK.META_CONVERGENCE에 1개의 관측값과 3개의 변수가 있습니다.
NOTE: 데이터셋 WORK.META_FIT_STATISTICS에 3개의 관측값과 4개의 변수가 있습니다.
NOTE: 데이터셋 WORK.META_URL_BLOCK_TEST에 1개의 관측값과 5개의 변수가 있습니다.
NOTE: 데이터셋 WORK.META_ODDS_CI에 3개의 관측값과 5개의 변수가 있습니다.
NOTE: 데이터셋 WORK.META_PARAMETERS에 4개의 관측값과 7개의 변수가 있습니다.
WARNING: 'OddsRatios' 출력이 생성되지 않았습니다.  출력 개체 이름,  레이블, 또는 경로의 철자가 
         올바른지 확인하십시오.  또한, 요청된 출력 개체를 생성하는 데 적절한 프로시저 옵션이 
         사용되었는지도 확인하십시오.  예를 들어, NOPRINT 옵션이 사용되고 있지 않은지 
         확인하십시오.
NOTE: 12100개의 관측값을 데이터셋 WORK.SCORES.에서 읽었습니다.
      WHERE split='train';
NOTE: 데이터셋 WORK.METAMODEL에 28개의 관측값과 6개의 변수가 있습니다.
NOTE: LOGISTIC 프로시저가 204-205 페이지를 인쇄했습니다.
NOTE: 프로시저 LOGISTIC 실행 (총 프로세스 시간):
      실행 시간           0.21 초
      cpu 시간            0.14 초
      

966   +ods output close;
967   +
968   +%require(work.meta_convergence);
969   +data _null_;
970   +    set work.meta_convergence;
971   +    if status ne 0 then do;
972   +        put "ERROR: SAS meta regression did not converge. Do not report Wald inference.";
973   +        abort cancel;
974   +    end;
975   +run;

NOTE: 1개의 관측값을 데이터셋 WORK.META_CONVERGENCE.에서 읽었습니다.
NOTE: DATA 문장 실행 (총 프로세스 시간):
      실행 시간           0.00 초
      cpu 시간            0.00 초
      

976   +
977   +
978   +/*--- 2. validation·test 채점 --------------------------------------------*/
979   +proc logistic inmodel=work.metamodel;
980   +    score data=work.scores out=work.scored(rename=(P_1=meta_probability));
981   +run;

NOTE: 데이터셋 WORK.SCORED에 16773개의 관측값과 26개의 변수가 있습니다.
NOTE: 프로시저 LOGISTIC 실행 (총 프로세스 시간):
39                                                         SAS 시스템      2026년  9월 18일 금요일 오전 02시 06분 19초

      실행 시간           0.01 초
      cpu 시간            0.02 초
      

982   +
983   +data work.scored;
984   +    set work.scored;
985   +    /* 비교용 고정 가중치 결합: URL이 없으면 텍스트 확률을 그대로 쓴다. */
986   +    fixed_fusion = fixed_fusion_probability;
987   +run;

NOTE: 16773개의 관측값을 데이터셋 WORK.SCORED.에서 읽었습니다.
NOTE: 데이터셋 WORK.SCORED에 16773개의 관측값과 27개의 변수가 있습니다.
NOTE: DATA 문장 실행 (총 프로세스 시간):
      실행 시간           0.00 초
      cpu 시간            0.01 초
      

988   +
989   +
990   +/*--- 3. validation에서 임계값 선택 ---------------------------------------
991   +  Recall >= 0.95를 만족하는 임계값 중 FPR이 가장 낮은 값을 고른다.
992   +  Python의 select_threshold와 같은 규칙이다.
993   +-------------------------------------------------------------------------*/
994   +data work.grid;
995   +    set work.scored(where=(split='validation'));
996   +    do threshold_index = 0 to 180;
997   +        threshold = 0.05 + threshold_index * 0.005;
998   +        predicted = (meta_probability >= threshold);
999   +        output;
1000  +    end;
1001  +run;

NOTE: 2356개의 관측값을 데이터셋 WORK.SCORED.에서 읽었습니다.
      WHERE split='validation';
NOTE: 데이터셋 WORK.GRID에 426436개의 관측값과 30개의 변수가 있습니다.
NOTE: DATA 문장 실행 (총 프로세스 시간):
      실행 시간           0.56 초
      cpu 시간            0.11 초
      

1002  +
1003  +proc sql;
1004  +    create table work.threshold_stats as
1005  +    select threshold,
1006  +           sum(case when target=1 and predicted=1 then 1 else 0 end) as tp,
1007  +           sum(case when target=0 and predicted=1 then 1 else 0 end) as fp,
1008  +           sum(case when target=1 and predicted=0 then 1 else 0 end) as fn,
1009  +           sum(case when target=0 and predicted=0 then 1 else 0 end) as tn
1010  +    from work.grid
1011  +    group by threshold;
NOTE: Table WORK.THRESHOLD_STATS created, with 181 rows and 5 columns.

1012  +quit;
NOTE: 프로시저 SQL 실행 (총 프로세스 시간):
      실행 시간           0.10 초
      cpu 시간            0.20 초
      
40                                                         SAS 시스템      2026년  9월 18일 금요일 오전 02시 06분 19초


1013  +
1014  +data work.threshold_stats;
1015  +    set work.threshold_stats;
1016  +    recall    = tp / max(tp + fn, 1);
1017  +    precision = tp / max(tp + fp, 1);
1018  +    fpr       = fp / max(fp + tn, 1);
1019  +run;

NOTE: 181개의 관측값을 데이터셋 WORK.THRESHOLD_STATS.에서 읽었습니다.
NOTE: 데이터셋 WORK.THRESHOLD_STATS에 181개의 관측값과 8개의 변수가 있습니다.
NOTE: DATA 문장 실행 (총 프로세스 시간):
      실행 시간           0.00 초
      cpu 시간            0.00 초
      

1020  +
1021  +/* 제약을 만족하는 임계값이 하나도 없으면 매크로 변수가 만들어지지 않고,
1022  +   이후 &meta_threshold. 참조가 해석되지 않은 채 이상한 오류를 낸다.
1023  +   개수를 먼저 세서 원인이 드러나는 자리에서 멈춘다. */
1024  +proc sql noprint;
1025  +    select count(*) into :qualifying trimmed
1026  +    from work.threshold_stats
1027  +    where recall >= &minimum_recall.;
1028  +quit;
NOTE: 프로시저 SQL 실행 (총 프로세스 시간):
      실행 시간           0.00 초
      cpu 시간            0.01 초
      

1029  +
1030  +%macro pick_threshold;
1031  +    %if &qualifying. = 0 %then %do;
1032  +        %put ERROR: validation에서 Recall >= &minimum_recall. 을 만족하는 임계값이 없습니다.;
1033  +        %put ERROR- 모형/입력 적합을 확인하십시오. test를 보고 제약을 낮추지 마십시오.;
1034  +        %abort cancel;
1035  +    %end;
1036  +    proc sql noprint outobs=1;
1037  +        select threshold into :meta_threshold trimmed
1038  +        from work.threshold_stats
1039  +        where recall >= &minimum_recall.
1040  +        order by fpr, precision desc, threshold desc;
1041  +    quit;
1042  +%mend;
1043  +%pick_threshold;
NOTE: The query as specified involves ordering by an item that doesn't appear in its SELECT clause.
NOTE: 프로시저 SQL 실행 (총 프로세스 시간):
      실행 시간           0.00 초
      cpu 시간            0.00 초
      

1044  +
1045  +%put NOTE: validation에서 선택한 메타 임계값 = &meta_threshold.;
NOTE: validation에서 선택한 메타 임계값 = 0.7
1046  +
1047  +title "선택된 임계값의 validation 성능";
1048  +proc print data=work.threshold_stats noobs;
1049  +    where abs(threshold - &meta_threshold.) < 1e-8;
41                                                         SAS 시스템      2026년  9월 18일 금요일 오전 02시 06분 19초

1050  +    var threshold recall precision fpr tp fp fn tn;
1051  +run;

NOTE: 1개의 관측값을 데이터셋 WORK.THRESHOLD_STATS.에서 읽었습니다.
      WHERE ABS((threshold-0.7))<1E-8;
NOTE: PRINT 프로시저가 206 페이지를 인쇄했습니다.
NOTE: 프로시저 PRINT 실행 (총 프로세스 시간):
      실행 시간           0.01 초
      cpu 시간            0.01 초
      

1052  +
1053  +
1054  +/*--- 4. test 1회 평가 ----------------------------------------------------*/
1055  +data work.test_scored;
1056  +    set work.scored;
1057  +    where split = 'test';
1058  +    length url_group $12;
1059  +    meta_predicted = (meta_probability >= &meta_threshold.);
1060  +    if has_url = 1 then url_group = 'URL 있음';
1061  +    else                url_group = 'URL 없음';
1062  +run;

NOTE: 2317개의 관측값을 데이터셋 WORK.SCORED.에서 읽었습니다.
      WHERE split='test';
NOTE: 데이터셋 WORK.TEST_SCORED에 2317개의 관측값과 29개의 변수가 있습니다.
NOTE: DATA 문장 실행 (총 프로세스 시간):
      실행 시간           0.00 초
      cpu 시간            0.00 초
      

1063  +
1064  +title "메타 분류기 test 혼동행렬";
1065  +proc freq data=work.test_scored;
1066  +    tables target*meta_predicted / nocol norow nopercent;
1067  +run;

NOTE: 2317개의 관측값을 데이터셋 WORK.TEST_SCORED.에서 읽었습니다.
NOTE: FREQ 프로시저가 207 페이지를 인쇄했습니다.
NOTE: 프로시저 FREQ 실행 (총 프로세스 시간):
      실행 시간           0.01 초
      cpu 시간            0.02 초
      

1068  +
1069  +title "메타 분류기 test 혼동행렬 — URL 유무별";
1070  +proc freq data=work.test_scored;
1071  +    tables url_group*target*meta_predicted / nocol norow nopercent;
1072  +run;

NOTE: 2317개의 관측값을 데이터셋 WORK.TEST_SCORED.에서 읽었습니다.
NOTE: FREQ 프로시저가 208 페이지를 인쇄했습니다.
NOTE: 프로시저 FREQ 실행 (총 프로세스 시간):
      실행 시간           0.02 초
      cpu 시간            0.02 초
      

1073  +
42                                                         SAS 시스템      2026년  9월 18일 금요일 오전 02시 06분 19초

1074  +%let sas_meta_fit_completed = 1;
1075  +title;
NOTE: %INCLUDE(레벨 1)를 종료 중입니다.

NOTE: 데이터셋 WORK._TMP_STATUS에 1개의 관측값과 6개의 변수가 있습니다.
NOTE: DATA 문장 실행 (총 프로세스 시간):
      실행 시간           0.00 초
      cpu 시간            0.00 초
      


NOTE: WORK._TMP_STATUS을(를) WORK.SCAMLENS_MASTER_RUN_STATUS에 추가하는 중입니다.
NOTE: 1개의 관측값을 데이터셋 WORK._TMP_STATUS.에서 읽었습니다.
NOTE: 1개 관측값이 추가되었습니다.
NOTE: 데이터셋 WORK.SCAMLENS_MASTER_RUN_STATUS에 3개의 관측값과 6개의 변수가 있습니다.
NOTE: 프로시저 APPEND 실행 (총 프로세스 시간):
      실행 시간           0.00 초
      cpu 시간            0.00 초
      

NOTE:
NOTE: =========================================================================
NOTE: >>> [Step 4] 단일/앙상블 모델 비교 (ROC) (03_model_comparison.sas)
NOTE: =========================================================================
NOTE: %INCLUDE(레벨 1) 파일 /home/student/github/sas/03_model_comparison.sas은(는) 파일 
      /home/student/github/sas/03_model_comparison.sas입니다.
1076  +/*---------------------------------------------------------------------------
1077  +  ScamLens 03 — 고정 test 점수의 ROC-AUC 비교 (DeLong ROCCONTRAST)
1078  +
1079  +  선행 조건은 01(work.scores)이다. 02의 OOF 입력이 없더라도 문자 단독과
1080  +  고정가중 결합의 비교는 실행한다. 동일 세션에서 02가 성공한 경우에만 SAS
1081  +  추론용 메타 모형을 추가한다. Python 규제 메타 모형과는 별도 추정량이다.
1082  +
1083  +  ROCCONTRAST는 ROC-AUC 차이를 검정하며 PR-AUC, F1, 고정 임계값의 FPR 차이를
1084  +  검정하지 않는다. AUC 차이와 신뢰구간을 함께 제시한다. p>=0.05는 차이를
1085  +  검출할 근거가 부족하다는 뜻이며 URL 무기여나 동등성을 입증하지 않는다.
1086  +
1087  +  핵심 관용구: 이미 계산된 확률을 비교할 때는 model 문에 / nofit을 주고
1088  +  roc 문으로 각 확률 변수를 등록한다. PROC LOGISTIC이 새로 적합하지 않고
1089  +  주어진 점수의 ROC만 비교한다.
1090  +---------------------------------------------------------------------------*/
1091  +
1092  +/* 선행 조건: 01_load_and_audit.sas가 같은 세션에서 먼저 실행돼야 한다. */
1093  +%macro require(dsname);
1094  +    %if not %sysfunc(exist(&dsname.)) %then %do;
1095  +        %put ERROR: &dsname. 이(가) 없습니다. 01_load_and_audit.sas를 먼저 실행하십시오.;
1096  +        %abort cancel;
1097  +    %end;
1098  +%mend;
1099  +%require(work.scores);
1100  +
1101  +%let include_sas_meta = 0;
1102  +%macro choose_comparison;
1103  +    %if %symexist(sas_meta_fit_completed) %then %do;
1104  +        %if &sas_meta_fit_completed.=1 and %sysfunc(exist(work.test_scored)) %then
1105  +            %let include_sas_meta=1;
1106  +    %end;
1107  +    %if &include_sas_meta.=1 %then %do;
43                                                         SAS 시스템      2026년  9월 18일 금요일 오전 02시 06분 19초

1108  +        data work.roc_comparison;
1109  +            set work.test_scored;
1110  +            where split='test';
1111  +        run;
1112  +        data _null_;
1113  +            set work.roc_comparison;
1114  +            if missing(meta_probability) then do;
1115  +                put "ERROR: SAS meta score missing; ROC comparisons must use the same rows.";
1116  +                abort cancel;
1117  +            end;
1118  +        run;
1119  +    %end;
1120  +    %else %do;
1121  +        %put NOTE: OOF SAS meta refit unavailable; comparing frozen base/fixed-fusion scores only.;
1122  +        data work.roc_comparison;
1123  +            set work.scores;
1124  +            where split='test';
1125  +            fixed_fusion=fixed_fusion_probability;
1126  +        run;
1127  +    %end;
1128  +%mend;
1129  +%choose_comparison;

NOTE: 2317개의 관측값을 데이터셋 WORK.TEST_SCORED.에서 읽었습니다.
      WHERE split='test';
NOTE: 데이터셋 WORK.ROC_COMPARISON에 2317개의 관측값과 29개의 변수가 있습니다.
NOTE: DATA 문장 실행 (총 프로세스 시간):
      실행 시간           0.00 초
      cpu 시간            0.01 초
      


NOTE: 2317개의 관측값을 데이터셋 WORK.ROC_COMPARISON.에서 읽었습니다.
NOTE: DATA 문장 실행 (총 프로세스 시간):
      실행 시간           0.00 초
      cpu 시간            0.00 초
      

1130  +
1131  +/* Missing scores must not silently change the common comparison sample. */
1132  +data _null_;
1133  +    set work.roc_comparison;
1134  +    if missing(text_probability) or missing(fixed_fusion_probability) then do;
1135  +        put "ERROR: Missing fixed test scores. Re-export rather than silently drop rows.";
1136  +        abort cancel;
1137  +    end;
1138  +run;

NOTE: 2317개의 관측값을 데이터셋 WORK.ROC_COMPARISON.에서 읽었습니다.
NOTE: DATA 문장 실행 (총 프로세스 시간):
      실행 시간           0.00 초
      cpu 시간            0.00 초
      

1139  +
1140  +
1141  +/*--- 1. test 분할 전체에서 세 모델 비교 ----------------------------------*/
1142  +%macro compare(group=,filter=1);
44                                                         SAS 시스템      2026년  9월 18일 금요일 오전 02시 06분 19초

1143  +    title "test &group. — ROC-AUC 비교";
1144  +    ods output ROCAssociation=work.roc_auc_&group.
1145  +               ROCContrastEstimate=work.roc_difference_&group.;
1146  +    proc logistic data=work.roc_comparison plots=roc;
1147  +        where &filter.;
1148  +        model target(event='1') = / nofit;
1149  +        roc '문자 단독' pred=text_probability;
1150  +        roc '고정가중 결합' pred=fixed_fusion_probability;
1151  +        %if &include_sas_meta.=1 %then %do;
1152  +            roc 'SAS OOF 추론 모형' pred=meta_probability;
1153  +        %end;
1154  +        roccontrast reference('문자 단독') / estimate=allpairs e;
1155  +    run;
1156  +    ods output close;
1157  +%mend;
1158  +%compare(group=all);

NOTE: No explanatory variables have been specified.
NOTE: The NOFIT option is specified.  No parameters are estimated and all other MODEL statement options (except EQUALSLOPES, FIRTH, 
      LINK=, NOINT, OFFSET=, TECHNIQUE=, and UNEQUALSLOPES) are ignored.
NOTE: PROC LOGISTIC is modeling the probability that target='1'.
NOTE: 데이터셋 WORK.ROC_DIFFERENCE_ALL에 3개의 관측값과 7개의 변수가 있습니다.
NOTE: 데이터셋 WORK.ROC_AUC_ALL에 3개의 관측값과 8개의 변수가 있습니다.
NOTE: 2317개의 관측값을 데이터셋 WORK.ROC_COMPARISON.에서 읽었습니다.
      WHERE 1 /* an obviously TRUE WHERE clause */ ;
NOTE: LOGISTIC 프로시저가 209-210 페이지를 인쇄했습니다.
NOTE: 프로시저 LOGISTIC 실행 (총 프로세스 시간):
      실행 시간           1.54 초
      cpu 시간            1.00 초
      

1159  +
1160  +
1161  +/*--- 2. URL 포함 표본만 비교 ---------------------------------------------
1162  +  결합 모델의 효과는 URL이 있는 문자에서만 나타날 수 있으므로 이 부분집합을
1163  +  따로 본다. Python 결과에서 오탐 차이가 가장 컸던 구간이다.
1164  +-------------------------------------------------------------------------*/
1165  +%compare(group=url,filter=has_url=1);

NOTE: No explanatory variables have been specified.
NOTE: The NOFIT option is specified.  No parameters are estimated and all other MODEL statement options (except EQUALSLOPES, FIRTH, 
      LINK=, NOINT, OFFSET=, TECHNIQUE=, and UNEQUALSLOPES) are ignored.
NOTE: PROC LOGISTIC is modeling the probability that target='1'.
NOTE: 데이터셋 WORK.ROC_DIFFERENCE_URL에 3개의 관측값과 7개의 변수가 있습니다.
NOTE: 데이터셋 WORK.ROC_AUC_URL에 3개의 관측값과 8개의 변수가 있습니다.
NOTE: 896개의 관측값을 데이터셋 WORK.ROC_COMPARISON.에서 읽었습니다.
      WHERE has_url=1;
NOTE: LOGISTIC 프로시저가 211-212 페이지를 인쇄했습니다.
NOTE: 프로시저 LOGISTIC 실행 (총 프로세스 시간):
      실행 시간           0.75 초
      cpu 시간            0.48 초
      

1166  +
1167  +
1168  +/*--- 3. URL 없는 표본 ----------------------------------------------------
1169  +  고정결합=문자 점수이므로 중복 ROC의 특이 공분산 검정을 만들지 않는다.
1170  +  메타 모형의 확률은 다른 변환일 수 있어 확률 자체의 동일성을 요구하지 않는다.
45                                                         SAS 시스템      2026년  9월 18일 금요일 오전 02시 06분 22초

1171  +-------------------------------------------------------------------------*/
1172  +data _null_;
1173  +    set work.roc_comparison;
1174  +    where has_url = 0;
1175  +    if abs(fixed_fusion_probability-text_probability)>1e-12 then do;
1176  +        put "ERROR: Fixed fusion must equal text score on messages without a URL.";
1177  +        abort cancel;
1178  +    end;
1179  +run;

NOTE: 1421개의 관측값을 데이터셋 WORK.ROC_COMPARISON.에서 읽었습니다.
      WHERE has_url=0;
NOTE: DATA 문장 실행 (총 프로세스 시간):
      실행 시간           0.00 초
      cpu 시간            0.00 초
      

1180  +
1181  +%macro no_url_comparison;
1182  +    %if &include_sas_meta.=1 %then %do;
1183  +        title "test no_url — 문자 단독과 SAS OOF 추론 모형의 ROC-AUC";
1184  +        proc logistic data=work.roc_comparison plots=roc;
1185  +            where has_url=0;
1186  +            model target(event='1') = / nofit;
1187  +            roc '문자 단독' pred=text_probability;
1188  +            roc 'SAS OOF 추론 모형' pred=meta_probability;
1189  +            /* URL 없음에서 메타 점수는 문자 점수의 단조 변환일 수 있다.
1190  +               이때 ROC가 같아 차이의 분산이 0이므로 이 구간은 기술적 ROC만 낸다. */
1191  +        run;
1192  +    %end;
1193  +%mend;
1194  +%no_url_comparison;

NOTE: No explanatory variables have been specified.
NOTE: The NOFIT option is specified.  No parameters are estimated and all other MODEL statement options (except EQUALSLOPES, FIRTH, 
      LINK=, NOINT, OFFSET=, TECHNIQUE=, and UNEQUALSLOPES) are ignored.
NOTE: PROC LOGISTIC is modeling the probability that target='1'.
NOTE: 1421개의 관측값을 데이터셋 WORK.ROC_COMPARISON.에서 읽었습니다.
      WHERE has_url=0;
NOTE: LOGISTIC 프로시저가 213 페이지를 인쇄했습니다.
NOTE: 프로시저 LOGISTIC 실행 (총 프로세스 시간):
      실행 시간           0.80 초
      cpu 시간            0.50 초
      

1195  +
1196  +/*
1197  +  결과 읽는 법
1198  +
1199  +  ROCCONTRAST의 p-value가 0.05보다 크면 "두 모델의 AUC가 다르다고 말할 수 없다"는
1200  +  뜻이다. "URL 정보가 없다" 또는 "동등하다"는 결론은 이 검정으로 내릴 수 없다.
1201  +  신뢰구간이 실무적으로 큰 차이까지 포함하는지와 고정 임계값 지표도 보고한다.
1202  +
1203  +  주의: 표본이 test 2,317행이고 URL 포함은 896행, URL 없는 악성은 54행이다.
1204  +  작은 차이를 탐지할 검정력이 충분하지 않으므로, 유의하지 않다는 결과를
1205  +  "차이가 없다"로 단정하지 말고 신뢰구간의 폭을 함께 보고한다.
1206  +*/
1207  +
46                                                         SAS 시스템      2026년  9월 18일 금요일 오전 02시 06분 23초

1208  +title;
NOTE: %INCLUDE(레벨 1)를 종료 중입니다.

NOTE: 데이터셋 WORK._TMP_STATUS에 1개의 관측값과 6개의 변수가 있습니다.
NOTE: DATA 문장 실행 (총 프로세스 시간):
      실행 시간           0.00 초
      cpu 시간            0.00 초
      


NOTE: WORK._TMP_STATUS을(를) WORK.SCAMLENS_MASTER_RUN_STATUS에 추가하는 중입니다.
NOTE: 1개의 관측값을 데이터셋 WORK._TMP_STATUS.에서 읽었습니다.
NOTE: 1개 관측값이 추가되었습니다.
NOTE: 데이터셋 WORK.SCAMLENS_MASTER_RUN_STATUS에 4개의 관측값과 6개의 변수가 있습니다.
NOTE: 프로시저 APPEND 실행 (총 프로세스 시간):
      실행 시간           0.00 초
      cpu 시간            0.01 초
      

NOTE:
NOTE: =========================================================================
NOTE: >>> [Step 5] 트랜스포머 vs ML 대조 분석 (06_transformer_contrast.sas)
NOTE: =========================================================================
NOTE: %INCLUDE(레벨 1) 파일 /home/student/github/sas/06_transformer_contrast.sas은(는) 파일 
      /home/student/github/sas/06_transformer_contrast.sas입니다.
1209  +/*---------------------------------------------------------------------------
1210  +  ScamLens 06 — 트랜스포머·반사실 학습 모델의 통계 비교
1211  +
1212  +  기존 Python의 짝지은 성능 비교에 같은 평가 행의 ROC-AUC 비교를 추가한다.
1213  +
1214  +    1. KcBERT vs 문자 n-gram — AUC 차이의 DeLong 검정
1215  +    2. 반사실 학습 전후 — 같은 검정
1216  +    3. 온도 보정이 순위를 바꾸지 않았는지 확인 (단조 변환이므로 AUC 동일해야 함)
1217  +    4. 공격 유형별 재현율과 exact 신뢰구간
1218  +
1219  +  선행 조건
1220  +    - 01_load_and_audit.sas 실행 (work.scores)
1221  +    - export_for_sas.py 를 KcBERT 학습 이후에 다시 실행했을 것
1222  +
1223  +  중요: KcBERT 확률은 validation·test에만 있다. 미세조정 스크립트가 그 두
1224  +  분할만 저장하기 때문이며 결손이 아니다. train 행은 결측이므로 이 프로그램은
1225  +  test에서만 동작한다.
1226  +---------------------------------------------------------------------------*/
1227  +
1228  +%macro require_columns;
1229  +    %local dsid rc missing;
1230  +    %let dsid = %sysfunc(open(work.scores));
1231  +    %if &dsid. = 0 %then %do;
1232  +        %put ERROR: work.scores 가 없습니다. 01_load_and_audit.sas 를 먼저 실행하십시오.;
1233  +        %abort cancel;
1234  +    %end;
1235  +    %let missing =;
1236  +    %if %sysfunc(varnum(&dsid., kcbert_probability)) = 0 %then
1237  +        %let missing = &missing. kcbert_probability;
1238  +    %if %sysfunc(varnum(&dsid., kcbert_cf_probability)) = 0 %then
1239  +        %let missing = &missing. kcbert_cf_probability;
1240  +    %if %sysfunc(varnum(&dsid., linear_cf_probability)) = 0 %then
1241  +        %let missing = &missing. linear_cf_probability;
47                                                         SAS 시스템      2026년  9월 18일 금요일 오전 02시 06분 23초

1242  +    %let rc = %sysfunc(close(&dsid.));
1243  +    %if %length(&missing.) %then %do;
1244  +        %put ERROR: 다음 컬럼이 없습니다:&missing.;
1245  +        %put ERROR- KcBERT 학습 후 export_for_sas.py --overwrite 를 다시 실행하십시오.;
1246  +        %abort cancel;
1247  +    %end;
1248  +%mend;
1249  +%require_columns;
1250  +
1251  +
1252  +/*--- 0. 비교용 test 테이블 ----------------------------------------------*/
1253  +data work.contrast;
1254  +    set work.scores;
1255  +    where split = 'test' and not missing(kcbert_probability);
1256  +    length url_group $12;
1257  +    if has_url = 1 then url_group = 'URL 있음';
1258  +    else                url_group = 'URL 없음';
1259  +run;

NOTE: 2317개의 관측값을 데이터셋 WORK.SCORES.에서 읽었습니다.
      WHERE (split='test') and (not MISSING(kcbert_probability));
NOTE: 데이터셋 WORK.CONTRAST에 2317개의 관측값과 23개의 변수가 있습니다.
NOTE: DATA 문장 실행 (총 프로세스 시간):
      실행 시간           0.00 초
      cpu 시간            0.01 초
      

1260  +
1261  +title "비교 대상 행 수 — 입력 manifest 및 모델 결측과 대조";
1262  +proc sql;
1263  +    select count(*) as rows, sum(target) as malicious, sum(has_url) as url_rows
1264  +    from work.contrast;
1265  +quit;
NOTE: SQL 프로시저가 214 페이지를 인쇄했습니다.
NOTE: 프로시저 SQL 실행 (총 프로세스 시간):
      실행 시간           0.00 초
      cpu 시간            0.01 초
      

1266  +
1267  +
1268  +/*--- 1. KcBERT vs 문자 n-gram — DeLong 검정 -----------------------------
1269  +  기존 수치는 reports/generated/model_comparison.json을 따른다.
1270  +  DeLong은 ROC-AUC 차이만 다룬다. 비유의는 효과 부재·동등성·미채택의
1271  +  단독 근거가 아니며 F1/Recall의 기존 비교 결과와 혼동하지 않는다.
1272  +-------------------------------------------------------------------------*/
1273  +title "test 전체 — 문자 n-gram vs KcBERT vs 반사실 학습";
1274  +proc logistic data=work.contrast plots=roc;
1275  +    model target(event='1') = / nofit;
1276  +    roc '문자 n-gram'       pred = text_probability;
1277  +    roc 'KcBERT'            pred = kcbert_probability;
1278  +    roc 'KcBERT 반사실'     pred = kcbert_cf_probability;
1279  +    roc '문자 n-gram 반사실' pred = linear_cf_probability;
1280  +    roccontrast reference('문자 n-gram') / estimate=allpairs e;
1281  +run;

NOTE: No explanatory variables have been specified.
NOTE: The NOFIT option is specified.  No parameters are estimated and all other MODEL statement options (except EQUALSLOPES, FIRTH, 
48                                                         SAS 시스템      2026년  9월 18일 금요일 오전 02시 06분 23초

      LINK=, NOINT, OFFSET=, TECHNIQUE=, and UNEQUALSLOPES) are ignored.
NOTE: PROC LOGISTIC is modeling the probability that target='1'.
NOTE: 2317개의 관측값을 데이터셋 WORK.CONTRAST.에서 읽었습니다.
NOTE: LOGISTIC 프로시저가 215-216 페이지를 인쇄했습니다.
NOTE: 프로시저 LOGISTIC 실행 (총 프로세스 시간):
      실행 시간           1.79 초
      cpu 시간            1.15 초
      

1282  +
1283  +
1284  +/*--- 2. URL 없는 구간에서의 비교 ----------------------------------------
1285  +  이 프로젝트가 실제로 신경 쓰는 구간이다. 표본이 정상 1,367 + 악성 54라
1286  +  악성 쪽 검정력이 매우 낮다. 유의하지 않다는 결과를 "차이 없음"으로 읽지 않는다.
1287  +-------------------------------------------------------------------------*/
1288  +title "test — URL 없는 문자만";
1289  +proc logistic data=work.contrast plots=roc;
1290  +    where has_url = 0;
1291  +    model target(event='1') = / nofit;
1292  +    roc '문자 n-gram'   pred = text_probability;
1293  +    roc 'KcBERT'        pred = kcbert_probability;
1294  +    roc 'KcBERT 반사실' pred = kcbert_cf_probability;
1295  +    roccontrast reference('문자 n-gram') / estimate=allpairs e;
1296  +run;

NOTE: No explanatory variables have been specified.
NOTE: The NOFIT option is specified.  No parameters are estimated and all other MODEL statement options (except EQUALSLOPES, FIRTH, 
      LINK=, NOINT, OFFSET=, TECHNIQUE=, and UNEQUALSLOPES) are ignored.
NOTE: PROC LOGISTIC is modeling the probability that target='1'.
NOTE: 1421개의 관측값을 데이터셋 WORK.CONTRAST.에서 읽었습니다.
      WHERE has_url=0;
NOTE: LOGISTIC 프로시저가 217-218 페이지를 인쇄했습니다.
NOTE: 프로시저 LOGISTIC 실행 (총 프로세스 시간):
      실행 시간           1.05 초
      cpu 시간            0.67 초
      

1297  +
1298  +
1299  +/*--- 3. 온도 보정이 순위를 보존했는지 -----------------------------------
1300  +  온도 스케일링은 sigmoid(logit(p)/T)로 단조 증가 변환이다. 따라서 AUC는
1301  +  정의상 바뀌지 않아야 한다. 여기서 차이가 나오면 보정 구현에 버그가 있다는
1302  +  뜻이므로, 이 검정은 성능 비교가 아니라 구현 검증이다.
1303  +-------------------------------------------------------------------------*/
1304  +title "온도 보정 전후 AUC — 같아야 한다 (구현 검증)";
1305  +proc logistic data=work.contrast plots=none;
1306  +    model target(event='1') = / nofit;
1307  +    roc 'KcBERT 원본'   pred = kcbert_probability;
1308  +    roc 'KcBERT 보정후' pred = kcbert_calibrated_probability;
1309  +    roccontrast reference('KcBERT 원본') / estimate e;
1310  +run;

NOTE: No explanatory variables have been specified.
NOTE: The NOFIT option is specified.  No parameters are estimated and all other MODEL statement options (except EQUALSLOPES, FIRTH, 
      LINK=, NOINT, OFFSET=, TECHNIQUE=, and UNEQUALSLOPES) are ignored.
NOTE: PROC LOGISTIC is modeling the probability that target='1'.
NOTE: 2317개의 관측값을 데이터셋 WORK.CONTRAST.에서 읽었습니다.
NOTE: LOGISTIC 프로시저가 219-220 페이지를 인쇄했습니다.
49                                                         SAS 시스템      2026년  9월 18일 금요일 오전 02시 06분 25초

NOTE: 프로시저 LOGISTIC 실행 (총 프로세스 시간):
      실행 시간           0.05 초
      cpu 시간            0.05 초
      

1311  +
1312  +
1313  +/*--- 4. 공격 유형별 재현율 ----------------------------------------------
1314  +  attack_type 은 URL 없는 악성 380건에만 값이 있다. 그 안에서 "URL 없는 악성"이
1315  +  단일 현상이 아님을 SAS에서 재확인한다.
1316  +
1317  +  임계값은 각 모델이 validation에서 고른 값이다. 바꾸지 않는다.
1318  +-------------------------------------------------------------------------*/
1319  +%let kcbert_threshold    = 0.95;
1320  +%let kcbert_cf_threshold = 0.195;
1321  +%let linear_cf_threshold = 0.400;
1322  +
1323  +data work.by_attack;
1324  +    set work.contrast;
1325  +    where target = 1 and has_url = 0 and not missing(attack_type)
1326  +          and attack_type ne '';
1327  +    hit_text      = (text_probability      >= &text_threshold.);
1328  +    hit_kcbert    = (kcbert_probability    >= &kcbert_threshold.);
1329  +    hit_kcbert_cf = (kcbert_cf_probability >= &kcbert_cf_threshold.);
1330  +    hit_linear_cf = (linear_cf_probability >= &linear_cf_threshold.);
1331  +run;

NOTE: 54개의 관측값을 데이터셋 WORK.CONTRAST.에서 읽었습니다.
      WHERE (target=1) and (has_url=0) and (not MISSING(attack_type)) and (attack_type not = ' ');
NOTE: 데이터셋 WORK.BY_ATTACK에 54개의 관측값과 27개의 변수가 있습니다.
NOTE: DATA 문장 실행 (총 프로세스 시간):
      실행 시간           0.00 초
      cpu 시간            0.01 초
      

1332  +
1333  +proc sort data=work.by_attack; by attack_type; run;

NOTE: 54개의 관측값을 데이터셋 WORK.BY_ATTACK.에서 읽었습니다.
NOTE: 데이터셋 WORK.BY_ATTACK에 54개의 관측값과 27개의 변수가 있습니다.
NOTE: 프로시저 SORT 실행 (총 프로세스 시간):
      실행 시간           0.00 초
      cpu 시간            0.00 초
      

1334  +
1335  +title "공격 유형별 표본 수 — 유형당 표본이 매우 작다";
1336  +proc freq data=work.by_attack;
1337  +    tables attack_type / nocum;
1338  +run;

NOTE: 54개의 관측값을 데이터셋 WORK.BY_ATTACK.에서 읽었습니다.
NOTE: FREQ 프로시저가 221 페이지를 인쇄했습니다.
NOTE: 프로시저 FREQ 실행 (총 프로세스 시간):
      실행 시간           0.01 초
      cpu 시간            0.00 초
      

50                                                         SAS 시스템      2026년  9월 18일 금요일 오전 02시 06분 25초

1339  +
1340  +/* 어떤 BY 그룹에 성공값 1이 전혀 없어도 Clopper-Pearson 구간을 계산한다. */
1341  +proc sql;
1342  +    create table work.attack_detection as
1343  +    select attack_type, count(*) as n,
1344  +           sum(hit_text) as hits_text,
1345  +           sum(hit_kcbert) as hits_kcbert
1346  +    from work.by_attack
1347  +    group by attack_type;
NOTE: Table WORK.ATTACK_DETECTION created, with 5 rows and 4 columns.

1348  +quit;
NOTE: 프로시저 SQL 실행 (총 프로세스 시간):
      실행 시간           0.00 초
      cpu 시간            0.01 초
      

1349  +
1350  +data work.attack_detection_ci;
1351  +    set work.attack_detection;
1352  +    array hits[2] hits_text hits_kcbert;
1353  +    length model $20;
1354  +    do model_index=1 to 2;
1355  +        if model_index=1 then model='문자 n-gram';
1356  +        else model='KcBERT';
1357  +        detected=hits[model_index];
1358  +        detection_rate=detected/n;
1359  +        if detected=0 then lower_95=0;
1360  +        else lower_95=quantile('BETA',0.025,detected,n-detected+1);
1361  +        if detected=n then upper_95=1;
1362  +        else upper_95=quantile('BETA',0.975,detected+1,n-detected);
1363  +        output;
1364  +    end;
1365  +    keep attack_type model n detected detection_rate lower_95 upper_95;
1366  +    format detection_rate lower_95 upper_95 percent8.2;
1367  +run;

NOTE: 5개의 관측값을 데이터셋 WORK.ATTACK_DETECTION.에서 읽었습니다.
NOTE: 데이터셋 WORK.ATTACK_DETECTION_CI에 10개의 관측값과 7개의 변수가 있습니다.
NOTE: DATA 문장 실행 (총 프로세스 시간):
      실행 시간           0.00 초
      cpu 시간            0.00 초
      

1368  +
1369  +title "공격 유형별 탐지율과 Clopper-Pearson exact 95% 신뢰구간";
1370  +proc print data=work.attack_detection_ci noobs;
1371  +run;

NOTE: 10개의 관측값을 데이터셋 WORK.ATTACK_DETECTION_CI.에서 읽었습니다.
NOTE: W.D 출력형식이 너무 작아 인쇄할 수 없습니다. 소수점 이하는 "BEST" 출력형식으로 이동됩니다.
NOTE: PRINT 프로시저가 222 페이지를 인쇄했습니다.
NOTE: 프로시저 PRINT 실행 (총 프로세스 시간):
      실행 시간           0.01 초
      cpu 시간            0.02 초
      

1372  +
51                                                         SAS 시스템      2026년  9월 18일 금요일 오전 02시 06분 25초

1373  +/*
1374  +  결과 읽는 법
1375  +
1376  +  유형당 표본이 3~25건이라 신뢰구간이 매우 넓다. 이것이 이 표의 핵심 메시지다.
1377  +  "메신저피싱 100%"는 14건 중 14건이라는 뜻이고 exact 하한은 76.8%다.
1378  +  발표에서는 점추정 대신 하한을 말한다.
1379  +
1380  +  수사·사법기관 사칭은 테스트에 0건이라 표에 아예 나타나지 않는다. 이 공백이
1381  +  다음 데이터 수집의 1순위다.
1382  +*/
1383  +
1384  +title;
NOTE: %INCLUDE(레벨 1)를 종료 중입니다.

NOTE: 데이터셋 WORK._TMP_STATUS에 1개의 관측값과 6개의 변수가 있습니다.
NOTE: DATA 문장 실행 (총 프로세스 시간):
      실행 시간           0.00 초
      cpu 시간            0.00 초
      


NOTE: WORK._TMP_STATUS을(를) WORK.SCAMLENS_MASTER_RUN_STATUS에 추가하는 중입니다.
NOTE: 1개의 관측값을 데이터셋 WORK._TMP_STATUS.에서 읽었습니다.
NOTE: 1개 관측값이 추가되었습니다.
NOTE: 데이터셋 WORK.SCAMLENS_MASTER_RUN_STATUS에 5개의 관측값과 6개의 변수가 있습니다.
NOTE: 프로시저 APPEND 실행 (총 프로세스 시간):
      실행 시간           0.00 초
      cpu 시간            0.00 초
      

NOTE:
NOTE: =========================================================================
NOTE: >>> [Step 6] 베이스라인 종합 시각화 (05_visuals.sas)
NOTE: =========================================================================
NOTE: %INCLUDE(레벨 1) 파일 /home/student/github/sas/05_visuals.sas은(는) 파일 
      /home/student/github/sas/05_visuals.sas입니다.
1385  +/*---------------------------------------------------------------------------
1386  +  ScamLens 05 — 결과 시각화 (PROC SGPLOT)
1387  +
1388  +  보고서·발표용 그림을 만든다. 대시보드를 SAS Visual Analytics로 대체할 경우
1389  +  같은 테이블(work.test_scored)을 VA 데이터 소스로 올려 쓰면 된다.
1390  +
1391  +  ★ 안전 원칙 ★
1392  +  어떤 그림에도 URL을 클릭 가능한 형태로 노출하지 않는다. 원문 메시지도
1393  +  출력하지 않는다. 이 프로그램은 집계값과 확률만 다룬다.
1394  +---------------------------------------------------------------------------*/
1395  +
1396  +/* 선행 조건: 01(work.scores, &text_threshold.). 메타 곡선은 02 성공 시에만 추가. */
1397  +%macro require_prereqs;
1398  +    %local missing;
1399  +    %if not %sysfunc(exist(work.scores)) %then %let missing=work.scores;
1400  +    %if not %symexist(text_threshold) %then %let missing=&missing. macro:text_threshold;
1401  +    %if %length(&missing.) %then %do;
1402  +        %put ERROR: 선행 산출물이 없습니다: &missing.;
1403  +        %put ERROR- 01_load_and_audit.sas를 먼저 실행하십시오.;
1404  +        %abort cancel;
1405  +    %end;
1406  +%mend;
52                                                         SAS 시스템      2026년  9월 18일 금요일 오전 02시 06분 25초

1407  +%require_prereqs;
1408  +
1409  +ods graphics on / width=900px height=600px;
1410  +
1411  +/*--- 1. URL 유무별 오탐률 ------------------------------------------------
1412  +  프로젝트의 핵심 발견을 한 장으로 보여주는 그림이다.
1413  +-------------------------------------------------------------------------*/
1414  +proc sql;
1415  +    create table work.fpr_by_url as
1416  +    select case when has_url = 1 then 'URL 있음' else 'URL 없음' end as url_group,
1417  +           sum(case when text_probability >= &text_threshold. then 1 else 0 end)
1418  +               / count(*) as fpr format=percent8.2,
1419  +           count(*) as normal_rows
1420  +    from work.scores
1421  +    where split = 'test' and target = 0
1422  +    group by calculated url_group;
NOTE: Table WORK.FPR_BY_URL created, with 2 rows and 3 columns.

1423  +quit;
NOTE: 프로시저 SQL 실행 (총 프로세스 시간):
      실행 시간           0.00 초
      cpu 시간            0.01 초
      

1424  +
1425  +title "URL 유무별 정상 문자 오탐률";
1426  +proc sgplot data=work.fpr_by_url;
1427  +    vbar url_group / response=fpr datalabel;
1428  +    yaxis label="False Positive Rate" valuesformat=percent8.1;
1429  +    xaxis label="정상 문자 구간";
1430  +run;

NOTE: 프로시저 SGPLOT 실행 (총 프로세스 시간):
      실행 시간           0.13 초
      cpu 시간            0.07 초
      
NOTE: 이미지 출력 리스팅이 
      /opt/sas/viya/config/var/tmp/compsrv/default/04ee8070-d54a-4535-b462-e3946f5f09eb/SAS_work5D21000001EB_sas-compute-server-2b47
      3bef-58e9-4c87-8086-f8861afdcf8a-85/SGPlot13.png에 작성되었습니다.
NOTE: 2개의 관측값을 데이터셋 WORK.FPR_BY_URL.에서 읽었습니다.

1431  +
1432  +/*--- 2. URL 유무별 미탐률 ------------------------------------------------*/
1433  +proc sql;
1434  +    create table work.fnr_by_url as
1435  +    select case when has_url = 1 then 'URL 있음' else 'URL 없음' end as url_group,
1436  +           sum(case when text_probability < &text_threshold. then 1 else 0 end)
1437  +               / count(*) as fnr format=percent8.2,
1438  +           count(*) as malicious_rows
1439  +    from work.scores
1440  +    where split = 'test' and target = 1
1441  +    group by calculated url_group;
NOTE: Table WORK.FNR_BY_URL created, with 2 rows and 3 columns.

1442  +quit;
NOTE: 프로시저 SQL 실행 (총 프로세스 시간):
      실행 시간           0.00 초
      cpu 시간            0.01 초
53                                                         SAS 시스템      2026년  9월 18일 금요일 오전 02시 06분 26초

      

1443  +
1444  +title "URL 유무별 악성 문자 미탐률";
1445  +proc sgplot data=work.fnr_by_url;
1446  +    vbar url_group / response=fnr datalabel;
1447  +    yaxis label="False Negative Rate" valuesformat=percent8.1;
1448  +    xaxis label="악성 문자 구간";
1449  +run;

NOTE: 프로시저 SGPLOT 실행 (총 프로세스 시간):
      실행 시간           0.10 초
      cpu 시간            0.07 초
      
NOTE: 이미지 출력 리스팅이 
      /opt/sas/viya/config/var/tmp/compsrv/default/04ee8070-d54a-4535-b462-e3946f5f09eb/SAS_work5D21000001EB_sas-compute-server-2b47
      3bef-58e9-4c87-8086-f8861afdcf8a-85/SGPlot14.png에 작성되었습니다.
NOTE: 2개의 관측값을 데이터셋 WORK.FNR_BY_URL.에서 읽었습니다.

1450  +
1451  +/*--- 3. 확률 분포 --------------------------------------------------------
1452  +  정상과 악성의 예측확률이 임계값을 기준으로 어떻게 겹치는지 본다.
1453  +-------------------------------------------------------------------------*/
1454  +data work.dist;
1455  +    set work.scores;
1456  +    where split = 'test';
1457  +    length label_kr $8;
1458  +    if target = 1 then label_kr = '악성';
1459  +    else               label_kr = '정상';
1460  +run;

NOTE: 2317개의 관측값을 데이터셋 WORK.SCORES.에서 읽었습니다.
      WHERE split='test';
NOTE: 데이터셋 WORK.DIST에 2317개의 관측값과 23개의 변수가 있습니다.
NOTE: DATA 문장 실행 (총 프로세스 시간):
      실행 시간           0.00 초
      cpu 시간            0.00 초
      

1461  +
1462  +title "예측확률 분포와 임계값";
1463  +proc sgplot data=work.dist;
1464  +    histogram text_probability / group=label_kr transparency=0.4 binwidth=0.02;
1465  +    refline &text_threshold. / axis=x lineattrs=(pattern=dash thickness=2)
1466  +            label="임계값 &text_threshold." labelloc=inside;
1467  +    xaxis label="문자 모델 예측확률";
1468  +    yaxis label="비율";
1469  +run;

NOTE: 프로시저 SGPLOT 실행 (총 프로세스 시간):
      실행 시간           0.14 초
      cpu 시간            0.08 초
      
NOTE: 이미지 출력 리스팅이 
      /opt/sas/viya/config/var/tmp/compsrv/default/04ee8070-d54a-4535-b462-e3946f5f09eb/SAS_work5D21000001EB_sas-compute-server-2b47
      3bef-58e9-4c87-8086-f8861afdcf8a-85/SGPlot15.png에 작성되었습니다.
NOTE: 2317개의 관측값을 데이터셋 WORK.DIST.에서 읽었습니다.

54                                                         SAS 시스템      2026년  9월 18일 금요일 오전 02시 06분 26초

1470  +
1471  +/*--- 4. ROC 곡선 비교 ----------------------------------------------------
1472  +  03 프로그램의 ROCCONTRAST가 그림도 함께 만들지만, 발표용으로 세 모델을
1473  +  한 축에 겹쳐 그린다.
1474  +-------------------------------------------------------------------------*/
1475  +data work.visual_roc;
1476  +    set work.scores;
1477  +    where split='test';
1478  +    fixed_fusion=fixed_fusion_probability;
1479  +run;

NOTE: 2317개의 관측값을 데이터셋 WORK.SCORES.에서 읽었습니다.
      WHERE split='test';
NOTE: 데이터셋 WORK.VISUAL_ROC에 2317개의 관측값과 23개의 변수가 있습니다.
NOTE: DATA 문장 실행 (총 프로세스 시간):
      실행 시간           0.00 초
      cpu 시간            0.02 초
      

1480  +%global include_visual_meta;
1481  +%let include_visual_meta=0;
1482  +%macro add_visual_meta;
1483  +    %if %symexist(sas_meta_fit_completed) %then %do;
1484  +        %if &sas_meta_fit_completed.=1 and %sysfunc(exist(work.test_scored)) %then %do;
1485  +            proc sql;
1486  +                create table work.visual_roc_joined as
1487  +                select a.*, b.meta_probability
1488  +                from work.visual_roc as a left join work.test_scored as b
1489  +                on a.message_id=b.message_id;
1490  +            quit;
1491  +            data work.visual_roc; set work.visual_roc_joined; run;
1492  +            %let include_visual_meta=1;
1493  +        %end;
1494  +    %end;
1495  +%mend;
1496  +%add_visual_meta;
NOTE: Table WORK.VISUAL_ROC_JOINED created, with 2317 rows and 24 columns.

NOTE: 프로시저 SQL 실행 (총 프로세스 시간):
      실행 시간           0.00 초
      cpu 시간            0.01 초
      


NOTE: 2317개의 관측값을 데이터셋 WORK.VISUAL_ROC_JOINED.에서 읽었습니다.
NOTE: 데이터셋 WORK.VISUAL_ROC에 2317개의 관측값과 24개의 변수가 있습니다.
NOTE: DATA 문장 실행 (총 프로세스 시간):
      실행 시간           0.00 초
      cpu 시간            0.00 초
      

1497  +%macro optional_meta_curve;
1498  +    %if &include_visual_meta.=1 %then %do;
1499  +            roc 'SAS OOF 메타' pred=meta_probability;
1500  +    %end;
1501  +%mend;
1502  +title "ROC 곡선 — 기존 평가 점수 비교";
1503  +proc logistic data=work.visual_roc plots(only)=roc;
55                                                         SAS 시스템      2026년  9월 18일 금요일 오전 02시 06분 26초

1504  +    model target(event='1') = / nofit;
1505  +    roc '문자 단독'     pred = text_probability;
1506  +    roc '고정가중 결합' pred = fixed_fusion;
1507  +    %optional_meta_curve;
1508  +run;

NOTE: No explanatory variables have been specified.
NOTE: The NOFIT option is specified.  No parameters are estimated and all other MODEL statement options (except EQUALSLOPES, FIRTH, 
      LINK=, NOINT, OFFSET=, TECHNIQUE=, and UNEQUALSLOPES) are ignored.
NOTE: PROC LOGISTIC is modeling the probability that target='1'.
NOTE: 2317개의 관측값을 데이터셋 WORK.VISUAL_ROC.에서 읽었습니다.
NOTE: LOGISTIC 프로시저가 223-224 페이지를 인쇄했습니다.
NOTE: 프로시저 LOGISTIC 실행 (총 프로세스 시간):
      실행 시간           1.47 초
      cpu 시간            0.94 초
      

1509  +
1510  +/*--- 5. 난독화 강건성 ----------------------------------------------------
1511  +  scripts/export_sas_support.py가 robustness_evaluation.json에서 생성한다.
1512  +  수기 숫자를 넣지 않으며 전처리 전후를 별도 패널로 보인다.
1513  +-------------------------------------------------------------------------*/
1514  +proc import datafile="&projroot./data/processed/sas/sas_robustness.csv"
1515  +    out=work.robustness dbms=csv replace;
1516  +    guessingrows=max;
1517  +run;

NOTE: Unable to open parameter catalog: SASUSER.PARMS.PARMS.SLIST in update mode. Temporary parameter values will be saved to 
WORK.PARMS.PARMS.SLIST.
1518    /**********************************************************************
1519    *   PRODUCT:   SAS
1520    *   VERSION:   V.04.00
1521    *   CREATOR:   External File Interface
1522    *   DATE:      18SEP26
1523    *   DESC:      Generated SAS Datastep Code
1524    *   TEMPLATE SOURCE:  (None Specified.)
1525    ***********************************************************************/
1526       data WORK.ROBUSTNESS    ;
1527       %let _EFIERR_ = 0; /* set the ERROR detection macro variable */
1528       infile '/home/student/github/data/processed/sas/sas_robustness.csv' delimiter = ',' MISSOVER DSD lrecl=32767 firstobs=2 ;
1529          informat model $25. ;
1530          informat variant $18. ;
1531          informat stage $20. ;
1532          informat recall best32. ;
1533          format model $25. ;
1534          format variant $18. ;
1535          format stage $20. ;
1536          format recall best12. ;
1537       input
1538                   model  $
1539                   variant  $
1540                   stage  $
1541                   recall
1542       ;
1543       if _ERROR_ then call symputx('_EFIERR_',1);  /* set ERROR detection macro variable */
1544       run;

NOTE: 입력파일 '/home/student/github/data/processed/sas/sas_robustness.csv':
56                                                         SAS 시스템      2026년  9월 18일 금요일 오전 02시 06분 27초

      파일 이름=/home/student/github/data/processed/sas/sas_robustness.csv,
      소유자 이름=UNKNOWN,그룹 이름=UNKNOWN,
      액세스 권한=-rw-r--r--,
      마지막 수정일=2026년 09월 15일 22시31분25초,
      파일 크기(바이트)=1554

NOTE: 24개의 레코드를 입력파일 '/home/student/github/data/processed/sas/sas_robustness.csv'에서 읽었습니다.
      최소 레코드 길이는 51입니다.
      최대 레코드 길이는 73입니다.
NOTE: 데이터셋 WORK.ROBUSTNESS에 24개의 관측값과 4개의 변수가 있습니다.
NOTE: DATA 문장 실행 (총 프로세스 시간):
      실행 시간           0.00 초
      cpu 시간            0.01 초
      

24 rows created in WORK.ROBUSTNESS from /home/student/github/data/processed/sas/sas_robustness.csv.
  
  
  
NOTE: WORK.ROBUSTNESS 데이터셋을 성공적으로 생성했습니다.
NOTE: 데이터셋 WORK.ROBUSTNESS에 24개의 관측값과 4개의 변수가 있습니다.
NOTE: 프로시저 IMPORT 실행 (총 프로세스 시간):
      실행 시간           0.04 초
      cpu 시간            0.04 초
      

1545  +title "난독화 변형별 악성 Recall — 저장된 Python 평가";
1546  +proc sgpanel data=work.robustness;
1547  +    panelby stage / columns=1;
1548  +    vbar variant / response=recall group=model groupdisplay=cluster;
1549  +    rowaxis label="Recall" values=(0 to 1 by 0.1);
1550  +    colaxis label="변형";
1551  +run;

NOTE: 프로시저 SGPANEL 실행 (총 프로세스 시간):
      실행 시간           0.18 초
      cpu 시간            0.09 초
      
NOTE: 이미지 출력 리스팅이 
      /opt/sas/viya/config/var/tmp/compsrv/default/04ee8070-d54a-4535-b462-e3946f5f09eb/SAS_work5D21000001EB_sas-compute-server-2b47
      3bef-58e9-4c87-8086-f8861afdcf8a-85/SGPanel3.png에 작성되었습니다.
NOTE: 24개의 관측값을 데이터셋 WORK.ROBUSTNESS.에서 읽었습니다.

1552  +
1553  +title;
1554  +ods graphics off;
NOTE: %INCLUDE(레벨 1)를 종료 중입니다.

NOTE: 데이터셋 WORK._TMP_STATUS에 1개의 관측값과 6개의 변수가 있습니다.
NOTE: DATA 문장 실행 (총 프로세스 시간):
      실행 시간           0.00 초
      cpu 시간            0.01 초
      


NOTE: WORK._TMP_STATUS을(를) WORK.SCAMLENS_MASTER_RUN_STATUS에 추가하는 중입니다.
NOTE: 1개의 관측값을 데이터셋 WORK._TMP_STATUS.에서 읽었습니다.
NOTE: 1개 관측값이 추가되었습니다.
57                                                         SAS 시스템      2026년  9월 18일 금요일 오전 02시 06분 28초

NOTE: 데이터셋 WORK.SCAMLENS_MASTER_RUN_STATUS에 6개의 관측값과 6개의 변수가 있습니다.
NOTE: 프로시저 APPEND 실행 (총 프로세스 시간):
      실행 시간           0.00 초
      cpu 시간            0.00 초
      

NOTE:
NOTE: =========================================================================
NOTE: >>> [Step 7] FAGE 공정성 및 신뢰성 게이트 (08_fage_gate.sas)
NOTE: =========================================================================
NOTE: %INCLUDE(레벨 1) 파일 /home/student/github/sas/08_fage_gate.sas은(는) 파일 
      /home/student/github/sas/08_fage_gate.sas입니다.
1555  +/*---------------------------------------------------------------------------
1556  +  ScamLens 08 — 실패조건 게이트 (PROC LOGISTIC)
1557  +
1558  +  Python `scripts/run_fage_20260911.py`가 만든 본문 없는 개발 행을 읽는다.
1559  +  원래 train의 fold 0 보정·결과 확인만 들어 있다. 원래 validation/test를
1560  +  넣지 않는다. 시드를 한 모형에 섞지 않는다.
1561  +
1562  +  시드마다 게이트를 보정 행에서만 적합하고, 기존 선형 A/B/C와 단어·KcBERT는
1563  +  저장 확률에 같은 오탐 상한으로 임계값만 고른다.
1564  +
1565  +    lr_a / lr_b / lr_c : 안정성 실험 저장 확률
1566  +    word / kcbert      : 이미 만든 전문가 확률
1567  +    stacking           : 전문가 확률 스태킹, 무가중
1568  +    fage               : 실패조건 게이트, 무가중
1569  +    fage_a             : 같은 실패조건 특징, A형 클래스 균형 WEIGHT
1570  +    fage_c             : 같은 실패조건 특징, C형 URL 없는 악성 상대 가중 2 WEIGHT
1571  +
1572  +  임계값은 보정 전체 정상 오탐률 1% 이하에서 전체 악성 탐지를 최대화한다.
1573  +  동률이면 오탐이 적고 임계값이 높은 쪽. 후보는 0부터 1까지 0.001 격자와
1574  +  전원 음판(1.0001)이다. Python은 고유 점수를 쓰므로 임계값 숫자까지
1575  +  일치한다고 보지 않는다.
1576  +
1577  +  무가중 FAGE는 그대로 두고, A형·C형 WEIGHT는 같은 보정 행에서 따로 적합한다.
1578  +  Python FAGE는 규제와 C형 표본 가중을 쓰므로 계수와 같아야 한다고 강제하지 않는다.
1579  +  Wald CI는 교차적합의 공유 모형 불확실성 전체를 반영하지 않는다.
1580  +
1581  +  독립 실행. 01의 work.scores를 요구하지 않는다.
1582  +  선행: data/processed/sas/sas_fage_abc_rows.csv
1583  +---------------------------------------------------------------------------*/
1584  +
1585  +%let projroot = /home/student/github;
1586  +%let sasdata  = &projroot./data/processed/sas;
1587  +%let fpr_ceiling = 0.01;
1588  +%let seed_list = 42 101 202 303 404;
1589  +
1590  +proc options option=encoding value; run;

    SAS (r) Proprietary Software Release V.04.00  TS1M0

SAS 옵션 ENCODING에 대한 옵션값 정보
    값: UTF8
    범위: SAS Session
    옵션값 설정 방법: Config File
    Config 파일명:
            /config/saslocale.cfg

58                                                         SAS 시스템      2026년  9월 18일 금요일 오전 02시 06분 28초

NOTE: 프로시저 OPTIONS 실행 (총 프로세스 시간):
      실행 시간           0.00 초
      cpu 시간            0.00 초
      

1591  +%macro assert_utf8;
1592  +    %local enc;
1593  +    %let enc=%upcase(%sysfunc(getoption(encoding)));
1594  +    %if "&enc" ne "UTF8" and "&enc" ne "UTF-8" %then %do;
1595  +        %put ERROR: 세션 인코딩이 UTF-8이 아닙니다 (&enc).;
1596  +        %put ERROR- SAS Viya 세션을 UTF-8로 다시 시작한 뒤 실행하십시오.;
1597  +        %abort cancel;
1598  +    %end;
1599  +%mend;
1600  +%assert_utf8;
1601  +
1602  +/* PROC IMPORT는 role을 $21로 자를 수 있다. threshold_calibration은 22글자다.
1603  +   길이·인코딩을 고정한 DATA 단계로 읽는다. */
1604  +data work.fage;
1605  +    infile "&sasdata./sas_fage_abc_rows.csv"
1606  +           dsd dlm=',' firstobs=2 truncover encoding='utf-8' lrecl=32767;
1607  +    length message_id $40 role $32 similarity_group_id $40 label $12
1608  +           seed fold target has_url p_kcbert_missing p_url_missing 8
1609  +           p_lr_a p_lr_b p_lr_c p_word p_kcbert_filled p_url_filled
1610  +           similarity_to_train model_disagreement uncertainty 8;
1611  +    input message_id $ seed fold role $ similarity_group_id $ label $
1612  +          target has_url p_lr_a p_lr_b p_lr_c p_word p_kcbert_filled
1613  +          p_kcbert_missing p_url_filled p_url_missing similarity_to_train
1614  +          model_disagreement uncertainty;
1615  +run;

NOTE: 입력파일 "/home/student/github/data/processed/sas/sas_fage_abc_rows.csv":
      파일 이름=/home/student/github/data/processed/sas/sas_fage_abc_rows.csv,
      소유자 이름=UNKNOWN,그룹 이름=UNKNOWN,
      액세스 권한=-rw-r--r--,
      마지막 수정일=2026년 09월 15일 22시31분24초,
      파일 크기(바이트)=5156106

NOTE: 20464개의 레코드를 입력파일 "/home/student/github/data/processed/sas/sas_fage_abc_rows.csv"에서 읽었습니다.
      최소 레코드 길이는 235입니다.
      최대 레코드 길이는 265입니다.
NOTE: 데이터셋 WORK.FAGE에 20464개의 관측값과 19개의 변수가 있습니다.
NOTE: DATA 문장 실행 (총 프로세스 시간):
      실행 시간           0.04 초
      cpu 시간            0.04 초
      

1616  +
1617  +%macro assert_fage_input;
1618  +    %local rows unique_keys bad_rows cal_rows read_rows seeds min_role min_id;
1619  +    proc sql noprint;
1620  +        select count(*) into :rows trimmed from work.fage;
1621  +        select count(*) into :unique_keys trimmed
1622  +            from (select distinct seed, role, message_id from work.fage);
1623  +        select count(distinct seed) into :seeds trimmed from work.fage;
1624  +        select count(*) into :bad_rows trimmed from work.fage
1625  +            where missing(message_id) or missing(role) or missing(seed)
1626  +               or fold ne 0
59                                                         SAS 시스템      2026년  9월 18일 금요일 오전 02시 06분 28초

1627  +               or target not in (0,1) or has_url not in (0,1)
1628  +               or role not in ('threshold_calibration', 'development_readout')
1629  +               or p_lr_a < 0 or p_lr_a > 1 or p_lr_b < 0 or p_lr_b > 1
1630  +               or p_lr_c < 0 or p_lr_c > 1
1631  +               or p_word < 0 or p_word > 1
1632  +               or p_kcbert_filled < 0 or p_kcbert_filled > 1
1633  +               or p_url_filled < 0 or p_url_filled > 1
1634  +               or similarity_to_train < 0 or similarity_to_train > 1
1635  +               or model_disagreement < 0 or model_disagreement > 1
1636  +               or uncertainty < 0 or uncertainty > 1
1637  +               or p_kcbert_missing not in (0,1) or p_url_missing not in (0,1)
1638  +               or (has_url=0 and p_url_filled ne 0);
1639  +        select count(*) into :cal_rows trimmed from work.fage
1640  +            where role='threshold_calibration';
1641  +        select count(*) into :read_rows trimmed from work.fage
1642  +            where role='development_readout';
1643  +        select min(lengthn(role)), min(lengthn(message_id))
1644  +            into :min_role trimmed, :min_id trimmed from work.fage;
1645  +    quit;
1646  +    %if &rows=0 or &rows ne &unique_keys or &bad_rows>0
1647  +        or &cal_rows=0 or &read_rows=0 or &seeds ne 5
1648  +        or &min_role < 19 or &min_id < 8 %then %do;
1649  +        %put ERROR: FAGE 입력 무결성 실패. 행=&rows. 키=&unique_keys. 불량=&bad_rows. 시드=&seeds.;
1650  +        %put ERROR- 역할 최소길이=&min_role. ID 최소길이=&min_id. 역할 변수 잘림을 의심하십시오.;
1651  +        %abort cancel;
1652  +    %end;
1653  +%mend;
1654  +%assert_fage_input;
NOTE: 프로시저 SQL 실행 (총 프로세스 시간):
      실행 시간           0.07 초
      cpu 시간            0.06 초
      

1655  +
1656  +data work.fage_thresholds;
1657  +    length seed 8 method $16 threshold 8 recall fpr 8;
1658  +    call missing(seed, method, threshold, recall, fpr);
1659  +    stop;
1660  +run;

NOTE: 데이터셋 WORK.FAGE_THRESHOLDS에 0개의 관측값과 5개의 변수가 있습니다.
NOTE: DATA 문장 실행 (총 프로세스 시간):
      실행 시간           0.00 초
      cpu 시간            0.00 초
      

1661  +data work.fage_readout_scored;
1662  +    length seed fold target has_url model_predicted 8
1663  +           method $16 message_id $40 role $32 similarity_group_id $40 label $12
1664  +           model_probability 8;
1665  +    call missing(seed, fold, target, has_url, model_predicted, method, message_id,
1666  +                 role, similarity_group_id, label, model_probability);
1667  +    stop;
1668  +run;

NOTE: 데이터셋 WORK.FAGE_READOUT_SCORED에 0개의 관측값과 11개의 변수가 있습니다.
NOTE: DATA 문장 실행 (총 프로세스 시간):
      실행 시간           0.00 초
60                                                         SAS 시스템      2026년  9월 18일 금요일 오전 02시 06분 28초

      cpu 시간            0.00 초
      

1669  +
1670  +/* INTO로 만든 매크로 변수는 이 매크로의 지역 심볼 테이블에 들어가서
1671  +   호출 측에서 사라진다. 1행 데이터셋으로만 넘긴다. */
1672  +%macro pick_fpr_threshold(indata, scorevar, outds);
1673  +    %local qualifying;
1674  +    %let qualifying=0;
1675  +    data work.fage_grid;
1676  +        set &indata.;
1677  +        do threshold_index = 0 to 1000;
1678  +            threshold = threshold_index / 1000;
1679  +            predicted = (&scorevar. >= threshold);
1680  +            output;
1681  +        end;
1682  +        threshold = 1.0001;
1683  +        predicted = (&scorevar. >= threshold);
1684  +        output;
1685  +    run;
1686  +    proc sql noprint;
1687  +        create table work.fage_threshold_stats as
1688  +        select threshold,
1689  +               sum(case when target=1 and predicted=1 then 1 else 0 end) as tp,
1690  +               sum(case when target=0 and predicted=1 then 1 else 0 end) as fp,
1691  +               sum(case when target=1 and predicted=0 then 1 else 0 end) as fn,
1692  +               sum(case when target=0 and predicted=0 then 1 else 0 end) as tn
1693  +        from work.fage_grid
1694  +        group by threshold;
1695  +        select count(*) into :qualifying trimmed
1696  +        from work.fage_threshold_stats
1697  +        where (fp + tn) > 0 and fp / (fp + tn) <= &fpr_ceiling.;
1698  +    quit;
1699  +    %if %sysevalf(&qualifying = 0, boolean) %then %do;
1700  +        %put ERROR: 보정에서 정상 오탐률 &fpr_ceiling. 이하 임계값이 없습니다.;
1701  +        %abort cancel;
1702  +    %end;
1703  +    data work.fage_threshold_stats;
1704  +        set work.fage_threshold_stats;
1705  +        recall = tp / max(tp + fn, 1);
1706  +        fpr = fp / max(fp + tn, 1);
1707  +    run;
1708  +    proc sort data=work.fage_threshold_stats;
1709  +        by descending recall fpr descending threshold;
1710  +    run;
1711  +    data &outds;
1712  +        set work.fage_threshold_stats;
1713  +        where fpr <= &fpr_ceiling.;
1714  +        output;
1715  +        stop;
1716  +    run;
1717  +%mend;
1718  +
1719  +%macro score_column(scorevar, method);
1720  +    %local t_col t_col_recall t_col_fpr;
1721  +    %pick_fpr_threshold(work.fage_cal, &scorevar, work.th_&method._&seed);
1722  +    data _null_;
1723  +        set work.th_&method._&seed;
61                                                         SAS 시스템      2026년  9월 18일 금요일 오전 02시 06분 28초

1724  +        call symputx('t_col', threshold, 'l');
1725  +        call symputx('t_col_recall', recall, 'l');
1726  +        call symputx('t_col_fpr', fpr, 'l');
1727  +    run;
1728  +    data work.fage_th_row;
1729  +        length method $16;
1730  +        seed=&seed.; method="&method";
1731  +        threshold=&t_col.; recall=&t_col_recall.; fpr=&t_col_fpr.;
1732  +    run;
1733  +    proc append base=work.fage_thresholds data=work.fage_th_row force; run;
1734  +    data work.read_one;
1735  +        length method $16;
1736  +        set work.fage_read;
1737  +        method="&method";
1738  +        model_probability=&scorevar;
1739  +        model_predicted=(&scorevar >= &t_col.);
1740  +        keep seed fold role message_id similarity_group_id label target has_url
1741  +             method model_probability model_predicted;
1742  +    run;
1743  +    proc append base=work.fage_readout_scored data=work.read_one force; run;
1744  +    %put NOTE: seed=&seed. method=&method. threshold=&t_col.;
1745  +%mend;
1746  +
1747  +%macro fit_weighted_fage(outname, weightvar);
1748  +    ods output ParameterEstimates=work.&outname._pe_&seed
1749  +               FitStatistics=work.&outname._fit_&seed
1750  +               ConvergenceStatus=work.&outname._cv_&seed;
1751  +    proc logistic data=work.fage_cal outmodel=work.&outname._model_&seed;
1752  +        weight &weightvar;
1753  +        model target(event='1') = p_lr_a p_lr_c p_word p_kcbert_filled p_url_filled
1754  +                                  p_url_missing has_url similarity_to_train
1755  +                                  model_disagreement uncertainty
1756  +              / clodds=wald;
1757  +    run;
1758  +    ods output close;
1759  +    data _null_;
1760  +        set work.&outname._cv_&seed;
1761  +        if status ne 0 then do;
1762  +            put "ERROR: &outname PROC LOGISTIC did not converge. seed=&seed.";
1763  +            abort cancel;
1764  +        end;
1765  +    run;
1766  +    proc logistic inmodel=work.&outname._model_&seed;
1767  +        score data=work.fage_cal out=work.&outname._cal_&seed(rename=(P_1=&outname._probability));
1768  +        score data=work.fage_read out=work.&outname._read_&seed(rename=(P_1=&outname._probability));
1769  +    run;
1770  +    %pick_fpr_threshold(work.&outname._cal_&seed, &outname._probability, work.th_&outname._&seed);
1771  +    data _null_;
1772  +        set work.th_&outname._&seed;
1773  +        call symputx('t_w', threshold, 'l');
1774  +        call symputx('t_w_recall', recall, 'l');
1775  +        call symputx('t_w_fpr', fpr, 'l');
1776  +    run;
1777  +    data work.fage_th_row;
1778  +        length method $16;
1779  +        seed=&seed.; method="&outname";
1780  +        threshold=&t_w.; recall=&t_w_recall.; fpr=&t_w_fpr.;
1781  +    run;
62                                                         SAS 시스템      2026년  9월 18일 금요일 오전 02시 06분 28초

1782  +    proc append base=work.fage_thresholds data=work.fage_th_row force; run;
1783  +    data work.read_one;
1784  +        length method $16;
1785  +        set work.&outname._read_&seed;
1786  +        method="&outname";
1787  +        model_probability=&outname._probability;
1788  +        model_predicted=(&outname._probability >= &t_w.);
1789  +        keep seed fold role message_id similarity_group_id label target has_url
1790  +             method model_probability model_predicted;
1791  +    run;
1792  +    proc append base=work.fage_readout_scored data=work.read_one force; run;
1793  +    %put NOTE: seed=&seed. method=&outname. threshold=&t_w.;
1794  +%mend;
1795  +
1796  +%macro fage_one_seed(seed);
1797  +    %local cal_n read_n cal_cls read_cls stack_t stack_t_recall stack_t_fpr
1798  +           fage_t fage_t_recall fage_t_fpr ncal n0 n1 csum0 csum1 t_w t_w_recall t_w_fpr;
1799  +    %let cal_n=0; %let read_n=0; %let cal_cls=0; %let read_cls=0;
1800  +
1801  +    data work.fage_cal work.fage_read;
1802  +        set work.fage;
1803  +        if seed=&seed. then do;
1804  +            if role='threshold_calibration' then output work.fage_cal;
1805  +            else if role='development_readout' then output work.fage_read;
1806  +        end;
1807  +    run;
1808  +
1809  +    proc sql noprint;
1810  +        select count(*) into :cal_n trimmed from work.fage_cal;
1811  +        select count(*) into :read_n trimmed from work.fage_read;
1812  +        select count(distinct target) into :cal_cls trimmed from work.fage_cal;
1813  +        select count(distinct target) into :read_cls trimmed from work.fage_read;
1814  +    quit;
1815  +    %if %sysevalf(&cal_n = 0, boolean) or %sysevalf(&read_n = 0, boolean)
1816  +        or %sysevalf(&cal_cls < 2, boolean) or %sysevalf(&read_cls < 2, boolean)
1817  +    %then %do;
1818  +        %put ERROR: seed &seed. 보정 또는 결과 확인 행이 비었거나 한 클래스만 있습니다.;
1819  +        %abort cancel;
1820  +    %end;
1821  +
1822  +    /* p_kcbert_missing 은 fold 0에서 상수 0이라 모형에서 뺀다.
1823  +       Viya V.04는 OddsRatios ODS를 안 만들 수 있어 계수표만 남긴다. */
1824  +    title "FAGE 스태킹 seed=&seed. — 보정 행만";
1825  +    ods output ParameterEstimates=work.fage_stack_pe_&seed
1826  +               FitStatistics=work.fage_stack_fit_&seed
1827  +               ConvergenceStatus=work.fage_stack_cv_&seed;
1828  +    proc logistic data=work.fage_cal outmodel=work.fage_stack_model_&seed;
1829  +        model target(event='1') = p_lr_a p_lr_c p_word p_kcbert_filled p_url_filled
1830  +                                  p_url_missing
1831  +              / clodds=wald;
1832  +    run;
1833  +    ods output close;
1834  +
1835  +    title "FAGE 실패조건 게이트 seed=&seed. — 보정 행만";
1836  +    ods output ParameterEstimates=work.fage_pe_&seed
1837  +               FitStatistics=work.fage_fit_&seed
1838  +               ConvergenceStatus=work.fage_cv_&seed;
1839  +    proc logistic data=work.fage_cal outmodel=work.fage_model_&seed;
63                                                         SAS 시스템      2026년  9월 18일 금요일 오전 02시 06분 28초

1840  +        model target(event='1') = p_lr_a p_lr_c p_word p_kcbert_filled p_url_filled
1841  +                                  p_url_missing has_url similarity_to_train
1842  +                                  model_disagreement uncertainty
1843  +              / clodds=wald;
1844  +    run;
1845  +    ods output close;
1846  +
1847  +    data _null_;
1848  +        set work.fage_stack_cv_&seed;
1849  +        if status ne 0 then do;
1850  +            put "ERROR: stacking PROC LOGISTIC did not converge. seed=&seed.";
1851  +            abort cancel;
1852  +        end;
1853  +    run;
1854  +    data _null_;
1855  +        set work.fage_cv_&seed;
1856  +        if status ne 0 then do;
1857  +            put "ERROR: FAGE PROC LOGISTIC did not converge. seed=&seed.";
1858  +            abort cancel;
1859  +        end;
1860  +    run;
1861  +
1862  +    proc logistic inmodel=work.fage_stack_model_&seed;
1863  +        score data=work.fage_cal out=work.stack_cal_&seed(rename=(P_1=stacking_probability));
1864  +        score data=work.fage_read out=work.stack_read_&seed(rename=(P_1=stacking_probability));
1865  +    run;
1866  +    proc logistic inmodel=work.fage_model_&seed;
1867  +        score data=work.fage_cal out=work.fage_cal_&seed(rename=(P_1=fage_probability));
1868  +        score data=work.fage_read out=work.fage_read_&seed(rename=(P_1=fage_probability));
1869  +    run;
1870  +
1871  +    %pick_fpr_threshold(work.stack_cal_&seed, stacking_probability, work.th_stack_&seed);
1872  +    data _null_;
1873  +        set work.th_stack_&seed;
1874  +        call symputx('stack_t', threshold, 'l');
1875  +        call symputx('stack_t_recall', recall, 'l');
1876  +        call symputx('stack_t_fpr', fpr, 'l');
1877  +    run;
1878  +    data work.fage_th_row;
1879  +        length method $16;
1880  +        seed=&seed.; method='stacking';
1881  +        threshold=&stack_t.; recall=&stack_t_recall.; fpr=&stack_t_fpr.;
1882  +    run;
1883  +    proc append base=work.fage_thresholds data=work.fage_th_row force; run;
1884  +
1885  +    %pick_fpr_threshold(work.fage_cal_&seed, fage_probability, work.th_fage_&seed);
1886  +    data _null_;
1887  +        set work.th_fage_&seed;
1888  +        call symputx('fage_t', threshold, 'l');
1889  +        call symputx('fage_t_recall', recall, 'l');
1890  +        call symputx('fage_t_fpr', fpr, 'l');
1891  +    run;
1892  +    data work.fage_th_row;
1893  +        length method $16;
1894  +        seed=&seed.; method='fage';
1895  +        threshold=&fage_t.; recall=&fage_t_recall.; fpr=&fage_t_fpr.;
1896  +    run;
1897  +    proc append base=work.fage_thresholds data=work.fage_th_row force; run;
64                                                         SAS 시스템      2026년  9월 18일 금요일 오전 02시 06분 28초

1898  +
1899  +    %put NOTE: seed=&seed. stacking_threshold=&stack_t. fage_threshold=&fage_t.;
1900  +
1901  +    proc sql noprint;
1902  +        select count(*) into :ncal trimmed from work.fage_cal;
1903  +        select sum(target=0), sum(target=1)
1904  +            into :n0 trimmed, :n1 trimmed from work.fage_cal;
1905  +    quit;
1906  +    data work.fage_cal;
1907  +        set work.fage_cal;
1908  +        w_a = (target=0)*(&ncal/2/&n0) + (target=1)*(&ncal/2/&n1);
1909  +        raw_c = 1;
1910  +        if target=1 and has_url=0 then raw_c=2;
1911  +    run;
1912  +    proc sql noprint;
1913  +        select sum(raw_c*(target=0)), sum(raw_c*(target=1))
1914  +            into :csum0 trimmed, :csum1 trimmed from work.fage_cal;
1915  +    quit;
1916  +    data work.fage_cal;
1917  +        set work.fage_cal;
1918  +        w_c = raw_c * ((target=0)*(&ncal/2/&csum0) + (target=1)*(&ncal/2/&csum1));
1919  +    run;
1920  +
1921  +    title "FAGE A형 균형 가중 seed=&seed. — 보정 행만";
1922  +    %fit_weighted_fage(fage_a, w_a);
1923  +    title "FAGE C형 URL 없는 악성 가중 seed=&seed. — 보정 행만";
1924  +    %fit_weighted_fage(fage_c, w_c);
1925  +
1926  +    %score_column(p_lr_a, lr_a);
1927  +    %score_column(p_lr_b, lr_b);
1928  +    %score_column(p_lr_c, lr_c);
1929  +    %score_column(p_word, word);
1930  +    %score_column(p_kcbert_filled, kcbert);
1931  +
1932  +    data work.read_scored;
1933  +        length method $16;
1934  +        set work.stack_read_&seed(in=in_stack) work.fage_read_&seed(in=in_fage);
1935  +        if in_stack then do;
1936  +            method='stacking';
1937  +            model_probability=stacking_probability;
1938  +            model_predicted=(stacking_probability >= &stack_t.);
1939  +        end;
1940  +        else do;
1941  +            method='fage';
1942  +            model_probability=fage_probability;
1943  +            model_predicted=(fage_probability >= &fage_t.);
1944  +        end;
1945  +        keep seed fold role message_id similarity_group_id label target has_url
1946  +             method model_probability model_predicted;
1947  +    run;
1948  +    proc append base=work.fage_readout_scored data=work.read_scored force; run;
1949  +
1950  +    title "seed=&seed. 결과 확인 혼동행렬 — 스태킹";
1951  +    proc freq data=work.read_scored;
1952  +        where method='stacking';
1953  +        tables target*model_predicted / nocol norow nopercent;
1954  +    run;
1955  +    title "seed=&seed. 결과 확인 혼동행렬 — FAGE";
65                                                         SAS 시스템      2026년  9월 18일 금요일 오전 02시 06분 28초

1956  +    proc freq data=work.read_scored;
1957  +        where method='fage';
1958  +        tables target*model_predicted / nocol norow nopercent;
1959  +    run;
1960  +    title "seed=&seed. URL 유무별 결과 확인 — FAGE";
1961  +    proc freq data=work.read_scored;
1962  +        where method='fage';
1963  +        tables has_url*target*model_predicted / nocol norow nopercent;
1964  +    run;
1965  +%mend;
1966  +
1967  +%macro fage_all_seeds;
1968  +    %local i seed;
1969  +    %do i=1 %to 5;
1970  +        %let seed=%scan(&seed_list., &i);
1971  +        %fage_one_seed(&seed);
1972  +    %end;
1973  +%mend;
1974  +%fage_all_seeds;

NOTE: 20464개의 관측값을 데이터셋 WORK.FAGE.에서 읽었습니다.
NOTE: 데이터셋 WORK.FAGE_CAL에 2230개의 관측값과 19개의 변수가 있습니다.
NOTE: 데이터셋 WORK.FAGE_READ에 1884개의 관측값과 19개의 변수가 있습니다.
NOTE: DATA 문장 실행 (총 프로세스 시간):
      실행 시간           0.00 초
      cpu 시간            0.01 초
      

NOTE: 프로시저 SQL 실행 (총 프로세스 시간):
      실행 시간           0.00 초
      cpu 시간            0.00 초
      


NOTE: PROC LOGISTIC is modeling the probability that target=1.
NOTE: Convergence criterion (GCONV=1E-8) satisfied.
NOTE: 데이터셋 WORK.FAGE_STACK_CV_42에 1개의 관측값과 3개의 변수가 있습니다.
NOTE: 데이터셋 WORK.FAGE_STACK_FIT_42에 3개의 관측값과 4개의 변수가 있습니다.
NOTE: 데이터셋 WORK.FAGE_STACK_PE_42에 7개의 관측값과 7개의 변수가 있습니다.
NOTE: 2230개의 관측값을 데이터셋 WORK.FAGE_CAL.에서 읽었습니다.
NOTE: 데이터셋 WORK.FAGE_STACK_MODEL_42에 55개의 관측값과 6개의 변수가 있습니다.
NOTE: LOGISTIC 프로시저가 225-226 페이지를 인쇄했습니다.
NOTE: 프로시저 LOGISTIC 실행 (총 프로세스 시간):
      실행 시간           0.08 초
      cpu 시간            0.07 초
      


NOTE: PROC LOGISTIC is modeling the probability that target=1.
NOTE: Convergence criterion (GCONV=1E-8) satisfied.
NOTE: 데이터셋 WORK.FAGE_CV_42에 1개의 관측값과 3개의 변수가 있습니다.
NOTE: 데이터셋 WORK.FAGE_FIT_42에 3개의 관측값과 4개의 변수가 있습니다.
NOTE: 데이터셋 WORK.FAGE_PE_42에 11개의 관측값과 7개의 변수가 있습니다.
NOTE: 2230개의 관측값을 데이터셋 WORK.FAGE_CAL.에서 읽었습니다.
NOTE: 데이터셋 WORK.FAGE_MODEL_42에 105개의 관측값과 6개의 변수가 있습니다.
NOTE: LOGISTIC 프로시저가 227-228 페이지를 인쇄했습니다.
NOTE: 프로시저 LOGISTIC 실행 (총 프로세스 시간):
      실행 시간           0.07 초
66                                                         SAS 시스템      2026년  9월 18일 금요일 오전 02시 06분 28초

      cpu 시간            0.07 초
      


NOTE: 1개의 관측값을 데이터셋 WORK.FAGE_STACK_CV_42.에서 읽었습니다.
NOTE: DATA 문장 실행 (총 프로세스 시간):
      실행 시간           0.00 초
      cpu 시간            0.00 초
      


NOTE: 1개의 관측값을 데이터셋 WORK.FAGE_CV_42.에서 읽었습니다.
NOTE: DATA 문장 실행 (총 프로세스 시간):
      실행 시간           0.00 초
      cpu 시간            0.00 초
      


NOTE: 데이터셋 WORK.STACK_CAL_42에 2230개의 관측값과 23개의 변수가 있습니다.
NOTE: 데이터셋 WORK.STACK_READ_42에 1884개의 관측값과 23개의 변수가 있습니다.
NOTE: 프로시저 LOGISTIC 실행 (총 프로세스 시간):
      실행 시간           0.00 초
      cpu 시간            0.00 초
      


NOTE: 데이터셋 WORK.FAGE_CAL_42에 2230개의 관측값과 23개의 변수가 있습니다.
NOTE: 데이터셋 WORK.FAGE_READ_42에 1884개의 관측값과 23개의 변수가 있습니다.
NOTE: 프로시저 LOGISTIC 실행 (총 프로세스 시간):
      실행 시간           0.00 초
      cpu 시간            0.01 초
      


NOTE: 2230개의 관측값을 데이터셋 WORK.STACK_CAL_42.에서 읽었습니다.
NOTE: 데이터셋 WORK.FAGE_GRID에 2234460개의 관측값과 26개의 변수가 있습니다.
NOTE: DATA 문장 실행 (총 프로세스 시간):
      실행 시간           3.40 초
      cpu 시간            0.61 초
      

NOTE: Table WORK.FAGE_THRESHOLD_STATS created, with 1002 rows and 5 columns.

NOTE: 프로시저 SQL 실행 (총 프로세스 시간):
      실행 시간           0.51 초
      cpu 시간            1.07 초
      


NOTE: 1002개의 관측값을 데이터셋 WORK.FAGE_THRESHOLD_STATS.에서 읽었습니다.
NOTE: 데이터셋 WORK.FAGE_THRESHOLD_STATS에 1002개의 관측값과 7개의 변수가 있습니다.
NOTE: DATA 문장 실행 (총 프로세스 시간):
      실행 시간           0.00 초
      cpu 시간            0.00 초
      


NOTE: 1002개의 관측값을 데이터셋 WORK.FAGE_THRESHOLD_STATS.에서 읽었습니다.
67                                                         SAS 시스템      2026년  9월 18일 금요일 오전 02시 06분 32초

NOTE: 데이터셋 WORK.FAGE_THRESHOLD_STATS에 1002개의 관측값과 7개의 변수가 있습니다.
NOTE: 프로시저 SORT 실행 (총 프로세스 시간):
      실행 시간           0.00 초
      cpu 시간            0.00 초
      


NOTE: 1개의 관측값을 데이터셋 WORK.FAGE_THRESHOLD_STATS.에서 읽었습니다.
      WHERE fpr<=0.01;
NOTE: 데이터셋 WORK.TH_STACK_42에 1개의 관측값과 7개의 변수가 있습니다.
NOTE: DATA 문장 실행 (총 프로세스 시간):
      실행 시간           0.00 초
      cpu 시간            0.00 초
      


NOTE: 1개의 관측값을 데이터셋 WORK.TH_STACK_42.에서 읽었습니다.
NOTE: DATA 문장 실행 (총 프로세스 시간):
      실행 시간           0.00 초
      cpu 시간            0.01 초
      


NOTE: 데이터셋 WORK.FAGE_TH_ROW에 1개의 관측값과 5개의 변수가 있습니다.
NOTE: DATA 문장 실행 (총 프로세스 시간):
      실행 시간           0.00 초
      cpu 시간            0.00 초
      


NOTE: WORK.FAGE_TH_ROW을(를) WORK.FAGE_THRESHOLDS에 추가하는 중입니다.
NOTE: 1개의 관측값을 데이터셋 WORK.FAGE_TH_ROW.에서 읽었습니다.
NOTE: 1개 관측값이 추가되었습니다.
NOTE: 데이터셋 WORK.FAGE_THRESHOLDS에 1개의 관측값과 5개의 변수가 있습니다.
NOTE: 프로시저 APPEND 실행 (총 프로세스 시간):
      실행 시간           0.00 초
      cpu 시간            0.00 초
      


NOTE: 2230개의 관측값을 데이터셋 WORK.FAGE_CAL_42.에서 읽었습니다.
NOTE: 데이터셋 WORK.FAGE_GRID에 2234460개의 관측값과 26개의 변수가 있습니다.
NOTE: DATA 문장 실행 (총 프로세스 시간):
      실행 시간           3.38 초
      cpu 시간            0.55 초
      

NOTE: Table WORK.FAGE_THRESHOLD_STATS created, with 1002 rows and 5 columns.

NOTE: 프로시저 SQL 실행 (총 프로세스 시간):
      실행 시간           0.50 초
      cpu 시간            1.06 초
      


NOTE: 1002개의 관측값을 데이터셋 WORK.FAGE_THRESHOLD_STATS.에서 읽었습니다.
NOTE: 데이터셋 WORK.FAGE_THRESHOLD_STATS에 1002개의 관측값과 7개의 변수가 있습니다.
NOTE: DATA 문장 실행 (총 프로세스 시간):
68                                                         SAS 시스템      2026년  9월 18일 금요일 오전 02시 06분 36초

      실행 시간           0.00 초
      cpu 시간            0.00 초
      


NOTE: 1002개의 관측값을 데이터셋 WORK.FAGE_THRESHOLD_STATS.에서 읽었습니다.
NOTE: 데이터셋 WORK.FAGE_THRESHOLD_STATS에 1002개의 관측값과 7개의 변수가 있습니다.
NOTE: 프로시저 SORT 실행 (총 프로세스 시간):
      실행 시간           0.00 초
      cpu 시간            0.01 초
      


NOTE: 1개의 관측값을 데이터셋 WORK.FAGE_THRESHOLD_STATS.에서 읽었습니다.
      WHERE fpr<=0.01;
NOTE: 데이터셋 WORK.TH_FAGE_42에 1개의 관측값과 7개의 변수가 있습니다.
NOTE: DATA 문장 실행 (총 프로세스 시간):
      실행 시간           0.00 초
      cpu 시간            0.00 초
      


NOTE: 1개의 관측값을 데이터셋 WORK.TH_FAGE_42.에서 읽었습니다.
NOTE: DATA 문장 실행 (총 프로세스 시간):
      실행 시간           0.00 초
      cpu 시간            0.00 초
      


NOTE: 데이터셋 WORK.FAGE_TH_ROW에 1개의 관측값과 5개의 변수가 있습니다.
NOTE: DATA 문장 실행 (총 프로세스 시간):
      실행 시간           0.00 초
      cpu 시간            0.00 초
      


NOTE: WORK.FAGE_TH_ROW을(를) WORK.FAGE_THRESHOLDS에 추가하는 중입니다.
NOTE: 1개의 관측값을 데이터셋 WORK.FAGE_TH_ROW.에서 읽었습니다.
NOTE: 1개 관측값이 추가되었습니다.
NOTE: 데이터셋 WORK.FAGE_THRESHOLDS에 2개의 관측값과 5개의 변수가 있습니다.
NOTE: 프로시저 APPEND 실행 (총 프로세스 시간):
      실행 시간           0.00 초
      cpu 시간            0.00 초
      

NOTE: seed=42 stacking_threshold=0.122 fage_threshold=0.274
NOTE: 프로시저 SQL 실행 (총 프로세스 시간):
      실행 시간           0.00 초
      cpu 시간            0.01 초
      


NOTE: 2230개의 관측값을 데이터셋 WORK.FAGE_CAL.에서 읽었습니다.
NOTE: 데이터셋 WORK.FAGE_CAL에 2230개의 관측값과 21개의 변수가 있습니다.
NOTE: DATA 문장 실행 (총 프로세스 시간):
      실행 시간           0.00 초
      cpu 시간            0.00 초
      
69                                                         SAS 시스템      2026년  9월 18일 금요일 오전 02시 06분 36초


NOTE: 프로시저 SQL 실행 (총 프로세스 시간):
      실행 시간           0.00 초
      cpu 시간            0.00 초
      


NOTE: 2230개의 관측값을 데이터셋 WORK.FAGE_CAL.에서 읽었습니다.
NOTE: 데이터셋 WORK.FAGE_CAL에 2230개의 관측값과 22개의 변수가 있습니다.
NOTE: DATA 문장 실행 (총 프로세스 시간):
      실행 시간           0.00 초
      cpu 시간            0.00 초
      


NOTE: PROC LOGISTIC is modeling the probability that target=1.
NOTE: Convergence criterion (GCONV=1E-8) satisfied.
NOTE: 데이터셋 WORK.FAGE_A_CV_42에 1개의 관측값과 3개의 변수가 있습니다.
NOTE: 데이터셋 WORK.FAGE_A_FIT_42에 3개의 관측값과 4개의 변수가 있습니다.
NOTE: 데이터셋 WORK.FAGE_A_PE_42에 11개의 관측값과 7개의 변수가 있습니다.
NOTE: 2230개의 관측값을 데이터셋 WORK.FAGE_CAL.에서 읽었습니다.
NOTE: 데이터셋 WORK.FAGE_A_MODEL_42에 106개의 관측값과 6개의 변수가 있습니다.
NOTE: LOGISTIC 프로시저가 229-230 페이지를 인쇄했습니다.
NOTE: 프로시저 LOGISTIC 실행 (총 프로세스 시간):
      실행 시간           0.07 초
      cpu 시간            0.07 초
      


NOTE: 1개의 관측값을 데이터셋 WORK.FAGE_A_CV_42.에서 읽었습니다.
NOTE: DATA 문장 실행 (총 프로세스 시간):
      실행 시간           0.00 초
      cpu 시간            0.01 초
      


NOTE: 데이터셋 WORK.FAGE_A_CAL_42에 2230개의 관측값과 26개의 변수가 있습니다.
NOTE: 데이터셋 WORK.FAGE_A_READ_42에 1884개의 관측값과 23개의 변수가 있습니다.
NOTE: 프로시저 LOGISTIC 실행 (총 프로세스 시간):
      실행 시간           0.00 초
      cpu 시간            0.00 초
      


NOTE: 2230개의 관측값을 데이터셋 WORK.FAGE_A_CAL_42.에서 읽었습니다.
NOTE: 데이터셋 WORK.FAGE_GRID에 2234460개의 관측값과 29개의 변수가 있습니다.
NOTE: DATA 문장 실행 (총 프로세스 시간):
      실행 시간           3.65 초
      cpu 시간            0.60 초
      

NOTE: Table WORK.FAGE_THRESHOLD_STATS created, with 1002 rows and 5 columns.

NOTE: 프로시저 SQL 실행 (총 프로세스 시간):
      실행 시간           0.51 초
      cpu 시간            1.06 초
      

70                                                         SAS 시스템      2026년  9월 18일 금요일 오전 02시 06분 40초


NOTE: 1002개의 관측값을 데이터셋 WORK.FAGE_THRESHOLD_STATS.에서 읽었습니다.
NOTE: 데이터셋 WORK.FAGE_THRESHOLD_STATS에 1002개의 관측값과 7개의 변수가 있습니다.
NOTE: DATA 문장 실행 (총 프로세스 시간):
      실행 시간           0.00 초
      cpu 시간            0.00 초
      


NOTE: 1002개의 관측값을 데이터셋 WORK.FAGE_THRESHOLD_STATS.에서 읽었습니다.
NOTE: 데이터셋 WORK.FAGE_THRESHOLD_STATS에 1002개의 관측값과 7개의 변수가 있습니다.
NOTE: 프로시저 SORT 실행 (총 프로세스 시간):
      실행 시간           0.00 초
      cpu 시간            0.00 초
      


NOTE: 1개의 관측값을 데이터셋 WORK.FAGE_THRESHOLD_STATS.에서 읽었습니다.
      WHERE fpr<=0.01;
NOTE: 데이터셋 WORK.TH_FAGE_A_42에 1개의 관측값과 7개의 변수가 있습니다.
NOTE: DATA 문장 실행 (총 프로세스 시간):
      실행 시간           0.00 초
      cpu 시간            0.01 초
      


NOTE: 1개의 관측값을 데이터셋 WORK.TH_FAGE_A_42.에서 읽었습니다.
NOTE: DATA 문장 실행 (총 프로세스 시간):
      실행 시간           0.00 초
      cpu 시간            0.00 초
      


NOTE: 데이터셋 WORK.FAGE_TH_ROW에 1개의 관측값과 5개의 변수가 있습니다.
NOTE: DATA 문장 실행 (총 프로세스 시간):
      실행 시간           0.00 초
      cpu 시간            0.01 초
      


NOTE: WORK.FAGE_TH_ROW을(를) WORK.FAGE_THRESHOLDS에 추가하는 중입니다.
NOTE: 1개의 관측값을 데이터셋 WORK.FAGE_TH_ROW.에서 읽었습니다.
NOTE: 1개 관측값이 추가되었습니다.
NOTE: 데이터셋 WORK.FAGE_THRESHOLDS에 3개의 관측값과 5개의 변수가 있습니다.
NOTE: 프로시저 APPEND 실행 (총 프로세스 시간):
      실행 시간           0.00 초
      cpu 시간            0.00 초
      


NOTE: 1884개의 관측값을 데이터셋 WORK.FAGE_A_READ_42.에서 읽었습니다.
NOTE: 데이터셋 WORK.READ_ONE에 1884개의 관측값과 11개의 변수가 있습니다.
NOTE: DATA 문장 실행 (총 프로세스 시간):
      실행 시간           0.00 초
      cpu 시간            0.00 초
      


71                                                         SAS 시스템      2026년  9월 18일 금요일 오전 02시 06분 40초

NOTE: WORK.READ_ONE을(를) WORK.FAGE_READOUT_SCORED에 추가하는 중입니다.
NOTE: 1884개의 관측값을 데이터셋 WORK.READ_ONE.에서 읽었습니다.
NOTE: 1884개 관측값이 추가되었습니다.
NOTE: 데이터셋 WORK.FAGE_READOUT_SCORED에 1884개의 관측값과 11개의 변수가 있습니다.
NOTE: 프로시저 APPEND 실행 (총 프로세스 시간):
      실행 시간           0.00 초
      cpu 시간            0.00 초
      

NOTE: seed=42 method=fage_a threshold=0.403

NOTE: PROC LOGISTIC is modeling the probability that target=1.
NOTE: Convergence criterion (GCONV=1E-8) satisfied.
NOTE: 데이터셋 WORK.FAGE_C_CV_42에 1개의 관측값과 3개의 변수가 있습니다.
NOTE: 데이터셋 WORK.FAGE_C_FIT_42에 3개의 관측값과 4개의 변수가 있습니다.
NOTE: 데이터셋 WORK.FAGE_C_PE_42에 11개의 관측값과 7개의 변수가 있습니다.
NOTE: 2230개의 관측값을 데이터셋 WORK.FAGE_CAL.에서 읽었습니다.
NOTE: 데이터셋 WORK.FAGE_C_MODEL_42에 106개의 관측값과 6개의 변수가 있습니다.
NOTE: LOGISTIC 프로시저가 231-232 페이지를 인쇄했습니다.
NOTE: 프로시저 LOGISTIC 실행 (총 프로세스 시간):
      실행 시간           0.06 초
      cpu 시간            0.06 초
      


NOTE: 1개의 관측값을 데이터셋 WORK.FAGE_C_CV_42.에서 읽었습니다.
NOTE: DATA 문장 실행 (총 프로세스 시간):
      실행 시간           0.00 초
      cpu 시간            0.00 초
      


NOTE: 데이터셋 WORK.FAGE_C_CAL_42에 2230개의 관측값과 26개의 변수가 있습니다.
NOTE: 데이터셋 WORK.FAGE_C_READ_42에 1884개의 관측값과 23개의 변수가 있습니다.
NOTE: 프로시저 LOGISTIC 실행 (총 프로세스 시간):
      실행 시간           0.00 초
      cpu 시간            0.02 초
      


NOTE: 2230개의 관측값을 데이터셋 WORK.FAGE_C_CAL_42.에서 읽었습니다.
NOTE: 데이터셋 WORK.FAGE_GRID에 2234460개의 관측값과 29개의 변수가 있습니다.
NOTE: DATA 문장 실행 (총 프로세스 시간):
      실행 시간           3.63 초
      cpu 시간            0.59 초
      

NOTE: Table WORK.FAGE_THRESHOLD_STATS created, with 1002 rows and 5 columns.

NOTE: 프로시저 SQL 실행 (총 프로세스 시간):
      실행 시간           0.54 초
      cpu 시간            1.12 초
      


NOTE: 1002개의 관측값을 데이터셋 WORK.FAGE_THRESHOLD_STATS.에서 읽었습니다.
NOTE: 데이터셋 WORK.FAGE_THRESHOLD_STATS에 1002개의 관측값과 7개의 변수가 있습니다.
NOTE: DATA 문장 실행 (총 프로세스 시간):
72                                                         SAS 시스템      2026년  9월 18일 금요일 오전 02시 06분 44초

      실행 시간           0.00 초
      cpu 시간            0.00 초
      


NOTE: 1002개의 관측값을 데이터셋 WORK.FAGE_THRESHOLD_STATS.에서 읽었습니다.
NOTE: 데이터셋 WORK.FAGE_THRESHOLD_STATS에 1002개의 관측값과 7개의 변수가 있습니다.
NOTE: 프로시저 SORT 실행 (총 프로세스 시간):
      실행 시간           0.00 초
      cpu 시간            0.00 초
      


NOTE: 1개의 관측값을 데이터셋 WORK.FAGE_THRESHOLD_STATS.에서 읽었습니다.
      WHERE fpr<=0.01;
NOTE: 데이터셋 WORK.TH_FAGE_C_42에 1개의 관측값과 7개의 변수가 있습니다.
NOTE: DATA 문장 실행 (총 프로세스 시간):
      실행 시간           0.00 초
      cpu 시간            0.00 초
      


NOTE: 1개의 관측값을 데이터셋 WORK.TH_FAGE_C_42.에서 읽었습니다.
NOTE: DATA 문장 실행 (총 프로세스 시간):
      실행 시간           0.00 초
      cpu 시간            0.00 초
      


NOTE: 데이터셋 WORK.FAGE_TH_ROW에 1개의 관측값과 5개의 변수가 있습니다.
NOTE: DATA 문장 실행 (총 프로세스 시간):
      실행 시간           0.00 초
      cpu 시간            0.00 초
      


NOTE: WORK.FAGE_TH_ROW을(를) WORK.FAGE_THRESHOLDS에 추가하는 중입니다.
NOTE: 1개의 관측값을 데이터셋 WORK.FAGE_TH_ROW.에서 읽었습니다.
NOTE: 1개 관측값이 추가되었습니다.
NOTE: 데이터셋 WORK.FAGE_THRESHOLDS에 4개의 관측값과 5개의 변수가 있습니다.
NOTE: 프로시저 APPEND 실행 (총 프로세스 시간):
      실행 시간           0.00 초
      cpu 시간            0.00 초
      


NOTE: 1884개의 관측값을 데이터셋 WORK.FAGE_C_READ_42.에서 읽었습니다.
NOTE: 데이터셋 WORK.READ_ONE에 1884개의 관측값과 11개의 변수가 있습니다.
NOTE: DATA 문장 실행 (총 프로세스 시간):
      실행 시간           0.00 초
      cpu 시간            0.00 초
      


NOTE: WORK.READ_ONE을(를) WORK.FAGE_READOUT_SCORED에 추가하는 중입니다.
NOTE: 1884개의 관측값을 데이터셋 WORK.READ_ONE.에서 읽었습니다.
NOTE: 1884개 관측값이 추가되었습니다.
NOTE: 데이터셋 WORK.FAGE_READOUT_SCORED에 3768개의 관측값과 11개의 변수가 있습니다.
73                                                         SAS 시스템      2026년  9월 18일 금요일 오전 02시 06분 44초

NOTE: 프로시저 APPEND 실행 (총 프로세스 시간):
      실행 시간           0.00 초
      cpu 시간            0.00 초
      

NOTE: seed=42 method=fage_c threshold=0.386

NOTE: 2230개의 관측값을 데이터셋 WORK.FAGE_CAL.에서 읽었습니다.
NOTE: 데이터셋 WORK.FAGE_GRID에 2234460개의 관측값과 25개의 변수가 있습니다.
NOTE: DATA 문장 실행 (총 프로세스 시간):
      실행 시간           3.15 초
      cpu 시간            0.54 초
      

NOTE: Table WORK.FAGE_THRESHOLD_STATS created, with 1002 rows and 5 columns.

NOTE: 프로시저 SQL 실행 (총 프로세스 시간):
      실행 시간           0.50 초
      cpu 시간            1.06 초
      


NOTE: 1002개의 관측값을 데이터셋 WORK.FAGE_THRESHOLD_STATS.에서 읽었습니다.
NOTE: 데이터셋 WORK.FAGE_THRESHOLD_STATS에 1002개의 관측값과 7개의 변수가 있습니다.
NOTE: DATA 문장 실행 (총 프로세스 시간):
      실행 시간           0.00 초
      cpu 시간            0.00 초
      


NOTE: 1002개의 관측값을 데이터셋 WORK.FAGE_THRESHOLD_STATS.에서 읽었습니다.
NOTE: 데이터셋 WORK.FAGE_THRESHOLD_STATS에 1002개의 관측값과 7개의 변수가 있습니다.
NOTE: 프로시저 SORT 실행 (총 프로세스 시간):
      실행 시간           0.00 초
      cpu 시간            0.00 초
      


NOTE: 1개의 관측값을 데이터셋 WORK.FAGE_THRESHOLD_STATS.에서 읽었습니다.
      WHERE fpr<=0.01;
NOTE: 데이터셋 WORK.TH_LR_A_42에 1개의 관측값과 7개의 변수가 있습니다.
NOTE: DATA 문장 실행 (총 프로세스 시간):
      실행 시간           0.00 초
      cpu 시간            0.00 초
      


NOTE: 1개의 관측값을 데이터셋 WORK.TH_LR_A_42.에서 읽었습니다.
NOTE: DATA 문장 실행 (총 프로세스 시간):
      실행 시간           0.00 초
      cpu 시간            0.00 초
      


NOTE: 데이터셋 WORK.FAGE_TH_ROW에 1개의 관측값과 5개의 변수가 있습니다.
NOTE: DATA 문장 실행 (총 프로세스 시간):
      실행 시간           0.00 초
      cpu 시간            0.00 초
74                                                         SAS 시스템      2026년  9월 18일 금요일 오전 02시 06분 48초

      


NOTE: WORK.FAGE_TH_ROW을(를) WORK.FAGE_THRESHOLDS에 추가하는 중입니다.
NOTE: 1개의 관측값을 데이터셋 WORK.FAGE_TH_ROW.에서 읽었습니다.
NOTE: 1개 관측값이 추가되었습니다.
NOTE: 데이터셋 WORK.FAGE_THRESHOLDS에 5개의 관측값과 5개의 변수가 있습니다.
NOTE: 프로시저 APPEND 실행 (총 프로세스 시간):
      실행 시간           0.00 초
      cpu 시간            0.00 초
      


NOTE: 1884개의 관측값을 데이터셋 WORK.FAGE_READ.에서 읽었습니다.
NOTE: 데이터셋 WORK.READ_ONE에 1884개의 관측값과 11개의 변수가 있습니다.
NOTE: DATA 문장 실행 (총 프로세스 시간):
      실행 시간           0.00 초
      cpu 시간            0.01 초
      


NOTE: WORK.READ_ONE을(를) WORK.FAGE_READOUT_SCORED에 추가하는 중입니다.
NOTE: 1884개의 관측값을 데이터셋 WORK.READ_ONE.에서 읽었습니다.
NOTE: 1884개 관측값이 추가되었습니다.
NOTE: 데이터셋 WORK.FAGE_READOUT_SCORED에 5652개의 관측값과 11개의 변수가 있습니다.
NOTE: 프로시저 APPEND 실행 (총 프로세스 시간):
      실행 시간           0.00 초
      cpu 시간            0.00 초
      

NOTE: seed=42 method=lr_a threshold=0.493

NOTE: 2230개의 관측값을 데이터셋 WORK.FAGE_CAL.에서 읽었습니다.
NOTE: 데이터셋 WORK.FAGE_GRID에 2234460개의 관측값과 25개의 변수가 있습니다.
NOTE: DATA 문장 실행 (총 프로세스 시간):
      실행 시간           3.19 초
      cpu 시간            0.53 초
      

NOTE: Table WORK.FAGE_THRESHOLD_STATS created, with 1002 rows and 5 columns.

NOTE: 프로시저 SQL 실행 (총 프로세스 시간):
      실행 시간           0.51 초
      cpu 시간            1.07 초
      


NOTE: 1002개의 관측값을 데이터셋 WORK.FAGE_THRESHOLD_STATS.에서 읽었습니다.
NOTE: 데이터셋 WORK.FAGE_THRESHOLD_STATS에 1002개의 관측값과 7개의 변수가 있습니다.
NOTE: DATA 문장 실행 (총 프로세스 시간):
      실행 시간           0.00 초
      cpu 시간            0.00 초
      


NOTE: 1002개의 관측값을 데이터셋 WORK.FAGE_THRESHOLD_STATS.에서 읽었습니다.
NOTE: 데이터셋 WORK.FAGE_THRESHOLD_STATS에 1002개의 관측값과 7개의 변수가 있습니다.
NOTE: 프로시저 SORT 실행 (총 프로세스 시간):
75                                                         SAS 시스템      2026년  9월 18일 금요일 오전 02시 06분 52초

      실행 시간           0.00 초
      cpu 시간            0.00 초
      


NOTE: 1개의 관측값을 데이터셋 WORK.FAGE_THRESHOLD_STATS.에서 읽었습니다.
      WHERE fpr<=0.01;
NOTE: 데이터셋 WORK.TH_LR_B_42에 1개의 관측값과 7개의 변수가 있습니다.
NOTE: DATA 문장 실행 (총 프로세스 시간):
      실행 시간           0.00 초
      cpu 시간            0.00 초
      


NOTE: 1개의 관측값을 데이터셋 WORK.TH_LR_B_42.에서 읽었습니다.
NOTE: DATA 문장 실행 (총 프로세스 시간):
      실행 시간           0.00 초
      cpu 시간            0.00 초
      


NOTE: 데이터셋 WORK.FAGE_TH_ROW에 1개의 관측값과 5개의 변수가 있습니다.
NOTE: DATA 문장 실행 (총 프로세스 시간):
      실행 시간           0.00 초
      cpu 시간            0.01 초
      


NOTE: WORK.FAGE_TH_ROW을(를) WORK.FAGE_THRESHOLDS에 추가하는 중입니다.
NOTE: 1개의 관측값을 데이터셋 WORK.FAGE_TH_ROW.에서 읽었습니다.
NOTE: 1개 관측값이 추가되었습니다.
NOTE: 데이터셋 WORK.FAGE_THRESHOLDS에 6개의 관측값과 5개의 변수가 있습니다.
NOTE: 프로시저 APPEND 실행 (총 프로세스 시간):
      실행 시간           0.00 초
      cpu 시간            0.00 초
      


NOTE: 1884개의 관측값을 데이터셋 WORK.FAGE_READ.에서 읽었습니다.
NOTE: 데이터셋 WORK.READ_ONE에 1884개의 관측값과 11개의 변수가 있습니다.
NOTE: DATA 문장 실행 (총 프로세스 시간):
      실행 시간           0.00 초
      cpu 시간            0.00 초
      


NOTE: WORK.READ_ONE을(를) WORK.FAGE_READOUT_SCORED에 추가하는 중입니다.
NOTE: 1884개의 관측값을 데이터셋 WORK.READ_ONE.에서 읽었습니다.
NOTE: 1884개 관측값이 추가되었습니다.
NOTE: 데이터셋 WORK.FAGE_READOUT_SCORED에 7536개의 관측값과 11개의 변수가 있습니다.
NOTE: 프로시저 APPEND 실행 (총 프로세스 시간):
      실행 시간           0.00 초
      cpu 시간            0.00 초
      

NOTE: seed=42 method=lr_b threshold=0.56

NOTE: 2230개의 관측값을 데이터셋 WORK.FAGE_CAL.에서 읽었습니다.
76                                                         SAS 시스템      2026년  9월 18일 금요일 오전 02시 06분 52초

NOTE: 데이터셋 WORK.FAGE_GRID에 2234460개의 관측값과 25개의 변수가 있습니다.
NOTE: DATA 문장 실행 (총 프로세스 시간):
      실행 시간           2.97 초
      cpu 시간            0.54 초
      

NOTE: Table WORK.FAGE_THRESHOLD_STATS created, with 1002 rows and 5 columns.

NOTE: 프로시저 SQL 실행 (총 프로세스 시간):
      실행 시간           0.54 초
      cpu 시간            1.14 초
      


NOTE: 1002개의 관측값을 데이터셋 WORK.FAGE_THRESHOLD_STATS.에서 읽었습니다.
NOTE: 데이터셋 WORK.FAGE_THRESHOLD_STATS에 1002개의 관측값과 7개의 변수가 있습니다.
NOTE: DATA 문장 실행 (총 프로세스 시간):
      실행 시간           0.00 초
      cpu 시간            0.00 초
      


NOTE: 1002개의 관측값을 데이터셋 WORK.FAGE_THRESHOLD_STATS.에서 읽었습니다.
NOTE: 데이터셋 WORK.FAGE_THRESHOLD_STATS에 1002개의 관측값과 7개의 변수가 있습니다.
NOTE: 프로시저 SORT 실행 (총 프로세스 시간):
      실행 시간           0.00 초
      cpu 시간            0.00 초
      


NOTE: 1개의 관측값을 데이터셋 WORK.FAGE_THRESHOLD_STATS.에서 읽었습니다.
      WHERE fpr<=0.01;
NOTE: 데이터셋 WORK.TH_LR_C_42에 1개의 관측값과 7개의 변수가 있습니다.
NOTE: DATA 문장 실행 (총 프로세스 시간):
      실행 시간           0.00 초
      cpu 시간            0.00 초
      


NOTE: 1개의 관측값을 데이터셋 WORK.TH_LR_C_42.에서 읽었습니다.
NOTE: DATA 문장 실행 (총 프로세스 시간):
      실행 시간           0.00 초
      cpu 시간            0.00 초
      


NOTE: 데이터셋 WORK.FAGE_TH_ROW에 1개의 관측값과 5개의 변수가 있습니다.
NOTE: DATA 문장 실행 (총 프로세스 시간):
      실행 시간           0.00 초
      cpu 시간            0.00 초
      


NOTE: WORK.FAGE_TH_ROW을(를) WORK.FAGE_THRESHOLDS에 추가하는 중입니다.
NOTE: 1개의 관측값을 데이터셋 WORK.FAGE_TH_ROW.에서 읽었습니다.
NOTE: 1개 관측값이 추가되었습니다.
NOTE: 데이터셋 WORK.FAGE_THRESHOLDS에 7개의 관측값과 5개의 변수가 있습니다.
NOTE: 프로시저 APPEND 실행 (총 프로세스 시간):
77                                                         SAS 시스템      2026년  9월 18일 금요일 오전 02시 06분 55초

      실행 시간           0.00 초
      cpu 시간            0.00 초
      


NOTE: 1884개의 관측값을 데이터셋 WORK.FAGE_READ.에서 읽었습니다.
NOTE: 데이터셋 WORK.READ_ONE에 1884개의 관측값과 11개의 변수가 있습니다.
NOTE: DATA 문장 실행 (총 프로세스 시간):
      실행 시간           0.00 초
      cpu 시간            0.00 초
      


NOTE: WORK.READ_ONE을(를) WORK.FAGE_READOUT_SCORED에 추가하는 중입니다.
NOTE: 1884개의 관측값을 데이터셋 WORK.READ_ONE.에서 읽었습니다.
NOTE: 1884개 관측값이 추가되었습니다.
NOTE: 데이터셋 WORK.FAGE_READOUT_SCORED에 9420개의 관측값과 11개의 변수가 있습니다.
NOTE: 프로시저 APPEND 실행 (총 프로세스 시간):
      실행 시간           0.00 초
      cpu 시간            0.00 초
      

NOTE: seed=42 method=lr_c threshold=0.555

NOTE: 2230개의 관측값을 데이터셋 WORK.FAGE_CAL.에서 읽었습니다.
NOTE: 데이터셋 WORK.FAGE_GRID에 2234460개의 관측값과 25개의 변수가 있습니다.
NOTE: DATA 문장 실행 (총 프로세스 시간):
      실행 시간           3.16 초
      cpu 시간            0.60 초
      

NOTE: Table WORK.FAGE_THRESHOLD_STATS created, with 1002 rows and 5 columns.

NOTE: 프로시저 SQL 실행 (총 프로세스 시간):
      실행 시간           0.61 초
      cpu 시간            1.19 초
      


NOTE: 1002개의 관측값을 데이터셋 WORK.FAGE_THRESHOLD_STATS.에서 읽었습니다.
NOTE: 데이터셋 WORK.FAGE_THRESHOLD_STATS에 1002개의 관측값과 7개의 변수가 있습니다.
NOTE: DATA 문장 실행 (총 프로세스 시간):
      실행 시간           0.00 초
      cpu 시간            0.00 초
      


NOTE: 1002개의 관측값을 데이터셋 WORK.FAGE_THRESHOLD_STATS.에서 읽었습니다.
NOTE: 데이터셋 WORK.FAGE_THRESHOLD_STATS에 1002개의 관측값과 7개의 변수가 있습니다.
NOTE: 프로시저 SORT 실행 (총 프로세스 시간):
      실행 시간           0.00 초
      cpu 시간            0.00 초
      


NOTE: 1개의 관측값을 데이터셋 WORK.FAGE_THRESHOLD_STATS.에서 읽었습니다.
      WHERE fpr<=0.01;
NOTE: 데이터셋 WORK.TH_WORD_42에 1개의 관측값과 7개의 변수가 있습니다.
78                                                         SAS 시스템      2026년  9월 18일 금요일 오전 02시 06분 59초

NOTE: DATA 문장 실행 (총 프로세스 시간):
      실행 시간           0.00 초
      cpu 시간            0.00 초
      


NOTE: 1개의 관측값을 데이터셋 WORK.TH_WORD_42.에서 읽었습니다.
NOTE: DATA 문장 실행 (총 프로세스 시간):
      실행 시간           0.00 초
      cpu 시간            0.00 초
      


NOTE: 데이터셋 WORK.FAGE_TH_ROW에 1개의 관측값과 5개의 변수가 있습니다.
NOTE: DATA 문장 실행 (총 프로세스 시간):
      실행 시간           0.00 초
      cpu 시간            0.00 초
      


NOTE: WORK.FAGE_TH_ROW을(를) WORK.FAGE_THRESHOLDS에 추가하는 중입니다.
NOTE: 1개의 관측값을 데이터셋 WORK.FAGE_TH_ROW.에서 읽었습니다.
NOTE: 1개 관측값이 추가되었습니다.
NOTE: 데이터셋 WORK.FAGE_THRESHOLDS에 8개의 관측값과 5개의 변수가 있습니다.
NOTE: 프로시저 APPEND 실행 (총 프로세스 시간):
      실행 시간           0.00 초
      cpu 시간            0.00 초
      


NOTE: 1884개의 관측값을 데이터셋 WORK.FAGE_READ.에서 읽었습니다.
NOTE: 데이터셋 WORK.READ_ONE에 1884개의 관측값과 11개의 변수가 있습니다.
NOTE: DATA 문장 실행 (총 프로세스 시간):
      실행 시간           0.00 초
      cpu 시간            0.00 초
      


NOTE: WORK.READ_ONE을(를) WORK.FAGE_READOUT_SCORED에 추가하는 중입니다.
NOTE: 1884개의 관측값을 데이터셋 WORK.READ_ONE.에서 읽었습니다.
NOTE: 1884개 관측값이 추가되었습니다.
NOTE: 데이터셋 WORK.FAGE_READOUT_SCORED에 11304개의 관측값과 11개의 변수가 있습니다.
NOTE: 프로시저 APPEND 실행 (총 프로세스 시간):
      실행 시간           0.00 초
      cpu 시간            0.00 초
      

NOTE: seed=42 method=word threshold=0.613

NOTE: 2230개의 관측값을 데이터셋 WORK.FAGE_CAL.에서 읽었습니다.
NOTE: 데이터셋 WORK.FAGE_GRID에 2234460개의 관측값과 25개의 변수가 있습니다.
NOTE: DATA 문장 실행 (총 프로세스 시간):
      실행 시간           3.44 초
      cpu 시간            0.59 초
      

NOTE: Table WORK.FAGE_THRESHOLD_STATS created, with 1002 rows and 5 columns.

79                                                         SAS 시스템      2026년  9월 18일 금요일 오전 02시 07분 03초

NOTE: 프로시저 SQL 실행 (총 프로세스 시간):
      실행 시간           0.50 초
      cpu 시간            1.06 초
      


NOTE: 1002개의 관측값을 데이터셋 WORK.FAGE_THRESHOLD_STATS.에서 읽었습니다.
NOTE: 데이터셋 WORK.FAGE_THRESHOLD_STATS에 1002개의 관측값과 7개의 변수가 있습니다.
NOTE: DATA 문장 실행 (총 프로세스 시간):
      실행 시간           0.00 초
      cpu 시간            0.00 초
      


NOTE: 1002개의 관측값을 데이터셋 WORK.FAGE_THRESHOLD_STATS.에서 읽었습니다.
NOTE: 데이터셋 WORK.FAGE_THRESHOLD_STATS에 1002개의 관측값과 7개의 변수가 있습니다.
NOTE: 프로시저 SORT 실행 (총 프로세스 시간):
      실행 시간           0.00 초
      cpu 시간            0.01 초
      


NOTE: 1개의 관측값을 데이터셋 WORK.FAGE_THRESHOLD_STATS.에서 읽었습니다.
      WHERE fpr<=0.01;
NOTE: 데이터셋 WORK.TH_KCBERT_42에 1개의 관측값과 7개의 변수가 있습니다.
NOTE: DATA 문장 실행 (총 프로세스 시간):
      실행 시간           0.00 초
      cpu 시간            0.00 초
      


NOTE: 1개의 관측값을 데이터셋 WORK.TH_KCBERT_42.에서 읽었습니다.
NOTE: DATA 문장 실행 (총 프로세스 시간):
      실행 시간           0.00 초
      cpu 시간            0.00 초
      


NOTE: 데이터셋 WORK.FAGE_TH_ROW에 1개의 관측값과 5개의 변수가 있습니다.
NOTE: DATA 문장 실행 (총 프로세스 시간):
      실행 시간           0.00 초
      cpu 시간            0.00 초
      


NOTE: WORK.FAGE_TH_ROW을(를) WORK.FAGE_THRESHOLDS에 추가하는 중입니다.
NOTE: 1개의 관측값을 데이터셋 WORK.FAGE_TH_ROW.에서 읽었습니다.
NOTE: 1개 관측값이 추가되었습니다.
NOTE: 데이터셋 WORK.FAGE_THRESHOLDS에 9개의 관측값과 5개의 변수가 있습니다.
NOTE: 프로시저 APPEND 실행 (총 프로세스 시간):
      실행 시간           0.00 초
      cpu 시간            0.00 초
      


NOTE: 1884개의 관측값을 데이터셋 WORK.FAGE_READ.에서 읽었습니다.
NOTE: 데이터셋 WORK.READ_ONE에 1884개의 관측값과 11개의 변수가 있습니다.
NOTE: DATA 문장 실행 (총 프로세스 시간):
80                                                         SAS 시스템      2026년  9월 18일 금요일 오전 02시 07분 03초

      실행 시간           0.00 초
      cpu 시간            0.01 초
      


NOTE: WORK.READ_ONE을(를) WORK.FAGE_READOUT_SCORED에 추가하는 중입니다.
NOTE: 1884개의 관측값을 데이터셋 WORK.READ_ONE.에서 읽었습니다.
NOTE: 1884개 관측값이 추가되었습니다.
NOTE: 데이터셋 WORK.FAGE_READOUT_SCORED에 13188개의 관측값과 11개의 변수가 있습니다.
NOTE: 프로시저 APPEND 실행 (총 프로세스 시간):
      실행 시간           0.00 초
      cpu 시간            0.00 초
      

NOTE: seed=42 method=kcbert threshold=0.11

NOTE: 1884개의 관측값을 데이터셋 WORK.STACK_READ_42.에서 읽었습니다.
NOTE: 1884개의 관측값을 데이터셋 WORK.FAGE_READ_42.에서 읽었습니다.
NOTE: 데이터셋 WORK.READ_SCORED에 3768개의 관측값과 11개의 변수가 있습니다.
NOTE: DATA 문장 실행 (총 프로세스 시간):
      실행 시간           0.00 초
      cpu 시간            0.00 초
      


NOTE: WORK.READ_SCORED을(를) WORK.FAGE_READOUT_SCORED에 추가하는 중입니다.
NOTE: 3768개의 관측값을 데이터셋 WORK.READ_SCORED.에서 읽었습니다.
NOTE: 3768개 관측값이 추가되었습니다.
NOTE: 데이터셋 WORK.FAGE_READOUT_SCORED에 16956개의 관측값과 11개의 변수가 있습니다.
NOTE: 프로시저 APPEND 실행 (총 프로세스 시간):
      실행 시간           0.00 초
      cpu 시간            0.00 초
      


NOTE: 1884개의 관측값을 데이터셋 WORK.READ_SCORED.에서 읽었습니다.
      WHERE method='stacking';
NOTE: FREQ 프로시저가 233 페이지를 인쇄했습니다.
NOTE: 프로시저 FREQ 실행 (총 프로세스 시간):
      실행 시간           0.01 초
      cpu 시간            0.02 초
      


NOTE: 1884개의 관측값을 데이터셋 WORK.READ_SCORED.에서 읽었습니다.
      WHERE method='fage';
NOTE: FREQ 프로시저가 234 페이지를 인쇄했습니다.
NOTE: 프로시저 FREQ 실행 (총 프로세스 시간):
      실행 시간           0.01 초
      cpu 시간            0.01 초
      


NOTE: 1884개의 관측값을 데이터셋 WORK.READ_SCORED.에서 읽었습니다.
      WHERE method='fage';
NOTE: FREQ 프로시저가 235 페이지를 인쇄했습니다.
NOTE: 프로시저 FREQ 실행 (총 프로세스 시간):
      실행 시간           0.02 초
81                                                         SAS 시스템      2026년  9월 18일 금요일 오전 02시 07분 03초

      cpu 시간            0.03 초
      


NOTE: 20464개의 관측값을 데이터셋 WORK.FAGE.에서 읽었습니다.
NOTE: 데이터셋 WORK.FAGE_CAL에 2162개의 관측값과 19개의 변수가 있습니다.
NOTE: 데이터셋 WORK.FAGE_READ에 1896개의 관측값과 19개의 변수가 있습니다.
NOTE: DATA 문장 실행 (총 프로세스 시간):
      실행 시간           0.00 초
      cpu 시간            0.00 초
      

NOTE: 프로시저 SQL 실행 (총 프로세스 시간):
      실행 시간           0.00 초
      cpu 시간            0.01 초
      


NOTE: PROC LOGISTIC is modeling the probability that target=1.
NOTE: Convergence criterion (GCONV=1E-8) satisfied.
NOTE: 데이터셋 WORK.FAGE_STACK_CV_101에 1개의 관측값과 3개의 변수가 있습니다.
NOTE: 데이터셋 WORK.FAGE_STACK_FIT_101에 3개의 관측값과 4개의 변수가 있습니다.
NOTE: 데이터셋 WORK.FAGE_STACK_PE_101에 7개의 관측값과 7개의 변수가 있습니다.
NOTE: 2162개의 관측값을 데이터셋 WORK.FAGE_CAL.에서 읽었습니다.
NOTE: 데이터셋 WORK.FAGE_STACK_MODEL_101에 55개의 관측값과 6개의 변수가 있습니다.
NOTE: LOGISTIC 프로시저가 236-237 페이지를 인쇄했습니다.
NOTE: 프로시저 LOGISTIC 실행 (총 프로세스 시간):
      실행 시간           0.06 초
      cpu 시간            0.05 초
      


NOTE: PROC LOGISTIC is modeling the probability that target=1.
NOTE: Convergence criterion (GCONV=1E-8) satisfied.
NOTE: 데이터셋 WORK.FAGE_CV_101에 1개의 관측값과 3개의 변수가 있습니다.
NOTE: 데이터셋 WORK.FAGE_FIT_101에 3개의 관측값과 4개의 변수가 있습니다.
NOTE: 데이터셋 WORK.FAGE_PE_101에 11개의 관측값과 7개의 변수가 있습니다.
NOTE: 2162개의 관측값을 데이터셋 WORK.FAGE_CAL.에서 읽었습니다.
NOTE: 데이터셋 WORK.FAGE_MODEL_101에 105개의 관측값과 6개의 변수가 있습니다.
NOTE: LOGISTIC 프로시저가 238-239 페이지를 인쇄했습니다.
NOTE: 프로시저 LOGISTIC 실행 (총 프로세스 시간):
      실행 시간           0.07 초
      cpu 시간            0.07 초
      


NOTE: 1개의 관측값을 데이터셋 WORK.FAGE_STACK_CV_101.에서 읽었습니다.
NOTE: DATA 문장 실행 (총 프로세스 시간):
      실행 시간           0.00 초
      cpu 시간            0.00 초
      


NOTE: 1개의 관측값을 데이터셋 WORK.FAGE_CV_101.에서 읽었습니다.
NOTE: DATA 문장 실행 (총 프로세스 시간):
      실행 시간           0.00 초
      cpu 시간            0.00 초
      
82                                                         SAS 시스템      2026년  9월 18일 금요일 오전 02시 07분 03초



NOTE: 데이터셋 WORK.STACK_CAL_101에 2162개의 관측값과 23개의 변수가 있습니다.
NOTE: 데이터셋 WORK.STACK_READ_101에 1896개의 관측값과 23개의 변수가 있습니다.
NOTE: 프로시저 LOGISTIC 실행 (총 프로세스 시간):
      실행 시간           0.00 초
      cpu 시간            0.00 초
      


NOTE: 데이터셋 WORK.FAGE_CAL_101에 2162개의 관측값과 23개의 변수가 있습니다.
NOTE: 데이터셋 WORK.FAGE_READ_101에 1896개의 관측값과 23개의 변수가 있습니다.
NOTE: 프로시저 LOGISTIC 실행 (총 프로세스 시간):
      실행 시간           0.00 초
      cpu 시간            0.02 초
      


NOTE: 2162개의 관측값을 데이터셋 WORK.STACK_CAL_101.에서 읽었습니다.
NOTE: 데이터셋 WORK.FAGE_GRID에 2166324개의 관측값과 26개의 변수가 있습니다.
NOTE: DATA 문장 실행 (총 프로세스 시간):
      실행 시간           3.42 초
      cpu 시간            0.56 초
      

NOTE: Table WORK.FAGE_THRESHOLD_STATS created, with 1002 rows and 5 columns.

NOTE: 프로시저 SQL 실행 (총 프로세스 시간):
      실행 시간           0.51 초
      cpu 시간            1.06 초
      


NOTE: 1002개의 관측값을 데이터셋 WORK.FAGE_THRESHOLD_STATS.에서 읽었습니다.
NOTE: 데이터셋 WORK.FAGE_THRESHOLD_STATS에 1002개의 관측값과 7개의 변수가 있습니다.
NOTE: DATA 문장 실행 (총 프로세스 시간):
      실행 시간           0.00 초
      cpu 시간            0.00 초
      


NOTE: 1002개의 관측값을 데이터셋 WORK.FAGE_THRESHOLD_STATS.에서 읽었습니다.
NOTE: 데이터셋 WORK.FAGE_THRESHOLD_STATS에 1002개의 관측값과 7개의 변수가 있습니다.
NOTE: 프로시저 SORT 실행 (총 프로세스 시간):
      실행 시간           0.00 초
      cpu 시간            0.00 초
      


NOTE: 1개의 관측값을 데이터셋 WORK.FAGE_THRESHOLD_STATS.에서 읽었습니다.
      WHERE fpr<=0.01;
NOTE: 데이터셋 WORK.TH_STACK_101에 1개의 관측값과 7개의 변수가 있습니다.
NOTE: DATA 문장 실행 (총 프로세스 시간):
      실행 시간           0.00 초
      cpu 시간            0.00 초
      


83                                                         SAS 시스템      2026년  9월 18일 금요일 오전 02시 07분 07초

NOTE: 1개의 관측값을 데이터셋 WORK.TH_STACK_101.에서 읽었습니다.
NOTE: DATA 문장 실행 (총 프로세스 시간):
      실행 시간           0.00 초
      cpu 시간            0.00 초
      


NOTE: 데이터셋 WORK.FAGE_TH_ROW에 1개의 관측값과 5개의 변수가 있습니다.
NOTE: DATA 문장 실행 (총 프로세스 시간):
      실행 시간           0.00 초
      cpu 시간            0.00 초
      


NOTE: WORK.FAGE_TH_ROW을(를) WORK.FAGE_THRESHOLDS에 추가하는 중입니다.
NOTE: 1개의 관측값을 데이터셋 WORK.FAGE_TH_ROW.에서 읽었습니다.
NOTE: 1개 관측값이 추가되었습니다.
NOTE: 데이터셋 WORK.FAGE_THRESHOLDS에 10개의 관측값과 5개의 변수가 있습니다.
NOTE: 프로시저 APPEND 실행 (총 프로세스 시간):
      실행 시간           0.00 초
      cpu 시간            0.00 초
      


NOTE: 2162개의 관측값을 데이터셋 WORK.FAGE_CAL_101.에서 읽었습니다.
NOTE: 데이터셋 WORK.FAGE_GRID에 2166324개의 관측값과 26개의 변수가 있습니다.
NOTE: DATA 문장 실행 (총 프로세스 시간):
      실행 시간           3.06 초
      cpu 시간            0.58 초
      

NOTE: Table WORK.FAGE_THRESHOLD_STATS created, with 1002 rows and 5 columns.

NOTE: 프로시저 SQL 실행 (총 프로세스 시간):
      실행 시간           0.49 초
      cpu 시간            1.02 초
      


NOTE: 1002개의 관측값을 데이터셋 WORK.FAGE_THRESHOLD_STATS.에서 읽었습니다.
NOTE: 데이터셋 WORK.FAGE_THRESHOLD_STATS에 1002개의 관측값과 7개의 변수가 있습니다.
NOTE: DATA 문장 실행 (총 프로세스 시간):
      실행 시간           0.00 초
      cpu 시간            0.00 초
      


NOTE: 1002개의 관측값을 데이터셋 WORK.FAGE_THRESHOLD_STATS.에서 읽었습니다.
NOTE: 데이터셋 WORK.FAGE_THRESHOLD_STATS에 1002개의 관측값과 7개의 변수가 있습니다.
NOTE: 프로시저 SORT 실행 (총 프로세스 시간):
      실행 시간           0.00 초
      cpu 시간            0.00 초
      


NOTE: 1개의 관측값을 데이터셋 WORK.FAGE_THRESHOLD_STATS.에서 읽었습니다.
      WHERE fpr<=0.01;
NOTE: 데이터셋 WORK.TH_FAGE_101에 1개의 관측값과 7개의 변수가 있습니다.
84                                                         SAS 시스템      2026년  9월 18일 금요일 오전 02시 07분 11초

NOTE: DATA 문장 실행 (총 프로세스 시간):
      실행 시간           0.00 초
      cpu 시간            0.00 초
      


NOTE: 1개의 관측값을 데이터셋 WORK.TH_FAGE_101.에서 읽었습니다.
NOTE: DATA 문장 실행 (총 프로세스 시간):
      실행 시간           0.00 초
      cpu 시간            0.00 초
      


NOTE: 데이터셋 WORK.FAGE_TH_ROW에 1개의 관측값과 5개의 변수가 있습니다.
NOTE: DATA 문장 실행 (총 프로세스 시간):
      실행 시간           0.00 초
      cpu 시간            0.01 초
      


NOTE: WORK.FAGE_TH_ROW을(를) WORK.FAGE_THRESHOLDS에 추가하는 중입니다.
NOTE: 1개의 관측값을 데이터셋 WORK.FAGE_TH_ROW.에서 읽었습니다.
NOTE: 1개 관측값이 추가되었습니다.
NOTE: 데이터셋 WORK.FAGE_THRESHOLDS에 11개의 관측값과 5개의 변수가 있습니다.
NOTE: 프로시저 APPEND 실행 (총 프로세스 시간):
      실행 시간           0.00 초
      cpu 시간            0.00 초
      

NOTE: seed=101 stacking_threshold=0.165 fage_threshold=0.211
NOTE: 프로시저 SQL 실행 (총 프로세스 시간):
      실행 시간           0.00 초
      cpu 시간            0.00 초
      


NOTE: 2162개의 관측값을 데이터셋 WORK.FAGE_CAL.에서 읽었습니다.
NOTE: 데이터셋 WORK.FAGE_CAL에 2162개의 관측값과 21개의 변수가 있습니다.
NOTE: DATA 문장 실행 (총 프로세스 시간):
      실행 시간           0.00 초
      cpu 시간            0.00 초
      

NOTE: 프로시저 SQL 실행 (총 프로세스 시간):
      실행 시간           0.00 초
      cpu 시간            0.01 초
      


NOTE: 2162개의 관측값을 데이터셋 WORK.FAGE_CAL.에서 읽었습니다.
NOTE: 데이터셋 WORK.FAGE_CAL에 2162개의 관측값과 22개의 변수가 있습니다.
NOTE: DATA 문장 실행 (총 프로세스 시간):
      실행 시간           0.00 초
      cpu 시간            0.00 초
      


NOTE: PROC LOGISTIC is modeling the probability that target=1.
85                                                         SAS 시스템      2026년  9월 18일 금요일 오전 02시 07분 11초

NOTE: Convergence criterion (GCONV=1E-8) satisfied.
NOTE: 데이터셋 WORK.FAGE_A_CV_101에 1개의 관측값과 3개의 변수가 있습니다.
NOTE: 데이터셋 WORK.FAGE_A_FIT_101에 3개의 관측값과 4개의 변수가 있습니다.
NOTE: 데이터셋 WORK.FAGE_A_PE_101에 11개의 관측값과 7개의 변수가 있습니다.
NOTE: 2162개의 관측값을 데이터셋 WORK.FAGE_CAL.에서 읽었습니다.
NOTE: 데이터셋 WORK.FAGE_A_MODEL_101에 106개의 관측값과 6개의 변수가 있습니다.
NOTE: LOGISTIC 프로시저가 240-241 페이지를 인쇄했습니다.
NOTE: 프로시저 LOGISTIC 실행 (총 프로세스 시간):
      실행 시간           0.06 초
      cpu 시간            0.06 초
      


NOTE: 1개의 관측값을 데이터셋 WORK.FAGE_A_CV_101.에서 읽었습니다.
NOTE: DATA 문장 실행 (총 프로세스 시간):
      실행 시간           0.00 초
      cpu 시간            0.00 초
      


NOTE: 데이터셋 WORK.FAGE_A_CAL_101에 2162개의 관측값과 26개의 변수가 있습니다.
NOTE: 데이터셋 WORK.FAGE_A_READ_101에 1896개의 관측값과 23개의 변수가 있습니다.
NOTE: 프로시저 LOGISTIC 실행 (총 프로세스 시간):
      실행 시간           0.00 초
      cpu 시간            0.01 초
      


NOTE: 2162개의 관측값을 데이터셋 WORK.FAGE_A_CAL_101.에서 읽었습니다.
NOTE: 데이터셋 WORK.FAGE_GRID에 2166324개의 관측값과 29개의 변수가 있습니다.
NOTE: DATA 문장 실행 (총 프로세스 시간):
      실행 시간           3.56 초
      cpu 시간            0.58 초
      

NOTE: Table WORK.FAGE_THRESHOLD_STATS created, with 1002 rows and 5 columns.

NOTE: 프로시저 SQL 실행 (총 프로세스 시간):
      실행 시간           0.47 초
      cpu 시간            1.01 초
      


NOTE: 1002개의 관측값을 데이터셋 WORK.FAGE_THRESHOLD_STATS.에서 읽었습니다.
NOTE: 데이터셋 WORK.FAGE_THRESHOLD_STATS에 1002개의 관측값과 7개의 변수가 있습니다.
NOTE: DATA 문장 실행 (총 프로세스 시간):
      실행 시간           0.00 초
      cpu 시간            0.00 초
      


NOTE: 1002개의 관측값을 데이터셋 WORK.FAGE_THRESHOLD_STATS.에서 읽었습니다.
NOTE: 데이터셋 WORK.FAGE_THRESHOLD_STATS에 1002개의 관측값과 7개의 변수가 있습니다.
NOTE: 프로시저 SORT 실행 (총 프로세스 시간):
      실행 시간           0.00 초
      cpu 시간            0.00 초
      

86                                                         SAS 시스템      2026년  9월 18일 금요일 오전 02시 07분 15초


NOTE: 1개의 관측값을 데이터셋 WORK.FAGE_THRESHOLD_STATS.에서 읽었습니다.
      WHERE fpr<=0.01;
NOTE: 데이터셋 WORK.TH_FAGE_A_101에 1개의 관측값과 7개의 변수가 있습니다.
NOTE: DATA 문장 실행 (총 프로세스 시간):
      실행 시간           0.00 초
      cpu 시간            0.01 초
      


NOTE: 1개의 관측값을 데이터셋 WORK.TH_FAGE_A_101.에서 읽었습니다.
NOTE: DATA 문장 실행 (총 프로세스 시간):
      실행 시간           0.00 초
      cpu 시간            0.00 초
      


NOTE: 데이터셋 WORK.FAGE_TH_ROW에 1개의 관측값과 5개의 변수가 있습니다.
NOTE: DATA 문장 실행 (총 프로세스 시간):
      실행 시간           0.00 초
      cpu 시간            0.00 초
      


NOTE: WORK.FAGE_TH_ROW을(를) WORK.FAGE_THRESHOLDS에 추가하는 중입니다.
NOTE: 1개의 관측값을 데이터셋 WORK.FAGE_TH_ROW.에서 읽었습니다.
NOTE: 1개 관측값이 추가되었습니다.
NOTE: 데이터셋 WORK.FAGE_THRESHOLDS에 12개의 관측값과 5개의 변수가 있습니다.
NOTE: 프로시저 APPEND 실행 (총 프로세스 시간):
      실행 시간           0.00 초
      cpu 시간            0.00 초
      


NOTE: 1896개의 관측값을 데이터셋 WORK.FAGE_A_READ_101.에서 읽었습니다.
NOTE: 데이터셋 WORK.READ_ONE에 1896개의 관측값과 11개의 변수가 있습니다.
NOTE: DATA 문장 실행 (총 프로세스 시간):
      실행 시간           0.00 초
      cpu 시간            0.00 초
      


NOTE: WORK.READ_ONE을(를) WORK.FAGE_READOUT_SCORED에 추가하는 중입니다.
NOTE: 1896개의 관측값을 데이터셋 WORK.READ_ONE.에서 읽었습니다.
NOTE: 1896개 관측값이 추가되었습니다.
NOTE: 데이터셋 WORK.FAGE_READOUT_SCORED에 18852개의 관측값과 11개의 변수가 있습니다.
NOTE: 프로시저 APPEND 실행 (총 프로세스 시간):
      실행 시간           0.00 초
      cpu 시간            0.00 초
      

NOTE: seed=101 method=fage_a threshold=0.368

NOTE: PROC LOGISTIC is modeling the probability that target=1.
NOTE: Convergence criterion (GCONV=1E-8) satisfied.
NOTE: 데이터셋 WORK.FAGE_C_CV_101에 1개의 관측값과 3개의 변수가 있습니다.
NOTE: 데이터셋 WORK.FAGE_C_FIT_101에 3개의 관측값과 4개의 변수가 있습니다.
NOTE: 데이터셋 WORK.FAGE_C_PE_101에 11개의 관측값과 7개의 변수가 있습니다.
87                                                         SAS 시스템      2026년  9월 18일 금요일 오전 02시 07분 15초

NOTE: 2162개의 관측값을 데이터셋 WORK.FAGE_CAL.에서 읽었습니다.
NOTE: 데이터셋 WORK.FAGE_C_MODEL_101에 106개의 관측값과 6개의 변수가 있습니다.
NOTE: LOGISTIC 프로시저가 242-243 페이지를 인쇄했습니다.
NOTE: 프로시저 LOGISTIC 실행 (총 프로세스 시간):
      실행 시간           0.06 초
      cpu 시간            0.07 초
      


NOTE: 1개의 관측값을 데이터셋 WORK.FAGE_C_CV_101.에서 읽었습니다.
NOTE: DATA 문장 실행 (총 프로세스 시간):
      실행 시간           0.00 초
      cpu 시간            0.00 초
      


NOTE: 데이터셋 WORK.FAGE_C_CAL_101에 2162개의 관측값과 26개의 변수가 있습니다.
NOTE: 데이터셋 WORK.FAGE_C_READ_101에 1896개의 관측값과 23개의 변수가 있습니다.
NOTE: 프로시저 LOGISTIC 실행 (총 프로세스 시간):
      실행 시간           0.00 초
      cpu 시간            0.01 초
      


NOTE: 2162개의 관측값을 데이터셋 WORK.FAGE_C_CAL_101.에서 읽었습니다.
NOTE: 데이터셋 WORK.FAGE_GRID에 2166324개의 관측값과 29개의 변수가 있습니다.
NOTE: DATA 문장 실행 (총 프로세스 시간):
      실행 시간           3.53 초
      cpu 시간            0.57 초
      

NOTE: Table WORK.FAGE_THRESHOLD_STATS created, with 1002 rows and 5 columns.

NOTE: 프로시저 SQL 실행 (총 프로세스 시간):
      실행 시간           0.53 초
      cpu 시간            1.08 초
      


NOTE: 1002개의 관측값을 데이터셋 WORK.FAGE_THRESHOLD_STATS.에서 읽었습니다.
NOTE: 데이터셋 WORK.FAGE_THRESHOLD_STATS에 1002개의 관측값과 7개의 변수가 있습니다.
NOTE: DATA 문장 실행 (총 프로세스 시간):
      실행 시간           0.00 초
      cpu 시간            0.00 초
      


NOTE: 1002개의 관측값을 데이터셋 WORK.FAGE_THRESHOLD_STATS.에서 읽었습니다.
NOTE: 데이터셋 WORK.FAGE_THRESHOLD_STATS에 1002개의 관측값과 7개의 변수가 있습니다.
NOTE: 프로시저 SORT 실행 (총 프로세스 시간):
      실행 시간           0.00 초
      cpu 시간            0.01 초
      


NOTE: 1개의 관측값을 데이터셋 WORK.FAGE_THRESHOLD_STATS.에서 읽었습니다.
      WHERE fpr<=0.01;
NOTE: 데이터셋 WORK.TH_FAGE_C_101에 1개의 관측값과 7개의 변수가 있습니다.
88                                                         SAS 시스템      2026년  9월 18일 금요일 오전 02시 07분 19초

NOTE: DATA 문장 실행 (총 프로세스 시간):
      실행 시간           0.00 초
      cpu 시간            0.00 초
      


NOTE: 1개의 관측값을 데이터셋 WORK.TH_FAGE_C_101.에서 읽었습니다.
NOTE: DATA 문장 실행 (총 프로세스 시간):
      실행 시간           0.00 초
      cpu 시간            0.00 초
      


NOTE: 데이터셋 WORK.FAGE_TH_ROW에 1개의 관측값과 5개의 변수가 있습니다.
NOTE: DATA 문장 실행 (총 프로세스 시간):
      실행 시간           0.00 초
      cpu 시간            0.00 초
      


NOTE: WORK.FAGE_TH_ROW을(를) WORK.FAGE_THRESHOLDS에 추가하는 중입니다.
NOTE: 1개의 관측값을 데이터셋 WORK.FAGE_TH_ROW.에서 읽었습니다.
NOTE: 1개 관측값이 추가되었습니다.
NOTE: 데이터셋 WORK.FAGE_THRESHOLDS에 13개의 관측값과 5개의 변수가 있습니다.
NOTE: 프로시저 APPEND 실행 (총 프로세스 시간):
      실행 시간           0.00 초
      cpu 시간            0.00 초
      


NOTE: 1896개의 관측값을 데이터셋 WORK.FAGE_C_READ_101.에서 읽었습니다.
NOTE: 데이터셋 WORK.READ_ONE에 1896개의 관측값과 11개의 변수가 있습니다.
NOTE: DATA 문장 실행 (총 프로세스 시간):
      실행 시간           0.00 초
      cpu 시간            0.01 초
      


NOTE: WORK.READ_ONE을(를) WORK.FAGE_READOUT_SCORED에 추가하는 중입니다.
NOTE: 1896개의 관측값을 데이터셋 WORK.READ_ONE.에서 읽었습니다.
NOTE: 1896개 관측값이 추가되었습니다.
NOTE: 데이터셋 WORK.FAGE_READOUT_SCORED에 20748개의 관측값과 11개의 변수가 있습니다.
NOTE: 프로시저 APPEND 실행 (총 프로세스 시간):
      실행 시간           0.00 초
      cpu 시간            0.00 초
      

NOTE: seed=101 method=fage_c threshold=0.351

NOTE: 2162개의 관측값을 데이터셋 WORK.FAGE_CAL.에서 읽었습니다.
NOTE: 데이터셋 WORK.FAGE_GRID에 2166324개의 관측값과 25개의 변수가 있습니다.
NOTE: DATA 문장 실행 (총 프로세스 시간):
      실행 시간           3.01 초
      cpu 시간            0.52 초
      

NOTE: Table WORK.FAGE_THRESHOLD_STATS created, with 1002 rows and 5 columns.

89                                                         SAS 시스템      2026년  9월 18일 금요일 오전 02시 07분 23초

NOTE: 프로시저 SQL 실행 (총 프로세스 시간):
      실행 시간           0.50 초
      cpu 시간            1.04 초
      


NOTE: 1002개의 관측값을 데이터셋 WORK.FAGE_THRESHOLD_STATS.에서 읽었습니다.
NOTE: 데이터셋 WORK.FAGE_THRESHOLD_STATS에 1002개의 관측값과 7개의 변수가 있습니다.
NOTE: DATA 문장 실행 (총 프로세스 시간):
      실행 시간           0.00 초
      cpu 시간            0.00 초
      


NOTE: 1002개의 관측값을 데이터셋 WORK.FAGE_THRESHOLD_STATS.에서 읽었습니다.
NOTE: 데이터셋 WORK.FAGE_THRESHOLD_STATS에 1002개의 관측값과 7개의 변수가 있습니다.
NOTE: 프로시저 SORT 실행 (총 프로세스 시간):
      실행 시간           0.00 초
      cpu 시간            0.01 초
      


NOTE: 1개의 관측값을 데이터셋 WORK.FAGE_THRESHOLD_STATS.에서 읽었습니다.
      WHERE fpr<=0.01;
NOTE: 데이터셋 WORK.TH_LR_A_101에 1개의 관측값과 7개의 변수가 있습니다.
NOTE: DATA 문장 실행 (총 프로세스 시간):
      실행 시간           0.00 초
      cpu 시간            0.00 초
      


NOTE: 1개의 관측값을 데이터셋 WORK.TH_LR_A_101.에서 읽었습니다.
NOTE: DATA 문장 실행 (총 프로세스 시간):
      실행 시간           0.00 초
      cpu 시간            0.00 초
      


NOTE: 데이터셋 WORK.FAGE_TH_ROW에 1개의 관측값과 5개의 변수가 있습니다.
NOTE: DATA 문장 실행 (총 프로세스 시간):
      실행 시간           0.00 초
      cpu 시간            0.00 초
      


NOTE: WORK.FAGE_TH_ROW을(를) WORK.FAGE_THRESHOLDS에 추가하는 중입니다.
NOTE: 1개의 관측값을 데이터셋 WORK.FAGE_TH_ROW.에서 읽었습니다.
NOTE: 1개 관측값이 추가되었습니다.
NOTE: 데이터셋 WORK.FAGE_THRESHOLDS에 14개의 관측값과 5개의 변수가 있습니다.
NOTE: 프로시저 APPEND 실행 (총 프로세스 시간):
      실행 시간           0.00 초
      cpu 시간            0.00 초
      


NOTE: 1896개의 관측값을 데이터셋 WORK.FAGE_READ.에서 읽었습니다.
NOTE: 데이터셋 WORK.READ_ONE에 1896개의 관측값과 11개의 변수가 있습니다.
NOTE: DATA 문장 실행 (총 프로세스 시간):
90                                                         SAS 시스템      2026년  9월 18일 금요일 오전 02시 07분 23초

      실행 시간           0.00 초
      cpu 시간            0.00 초
      


NOTE: WORK.READ_ONE을(를) WORK.FAGE_READOUT_SCORED에 추가하는 중입니다.
NOTE: 1896개의 관측값을 데이터셋 WORK.READ_ONE.에서 읽었습니다.
NOTE: 1896개 관측값이 추가되었습니다.
NOTE: 데이터셋 WORK.FAGE_READOUT_SCORED에 22644개의 관측값과 11개의 변수가 있습니다.
NOTE: 프로시저 APPEND 실행 (총 프로세스 시간):
      실행 시간           0.00 초
      cpu 시간            0.00 초
      

NOTE: seed=101 method=lr_a threshold=0.392

NOTE: 2162개의 관측값을 데이터셋 WORK.FAGE_CAL.에서 읽었습니다.
NOTE: 데이터셋 WORK.FAGE_GRID에 2166324개의 관측값과 25개의 변수가 있습니다.
NOTE: DATA 문장 실행 (총 프로세스 시간):
      실행 시간           2.80 초
      cpu 시간            0.55 초
      

NOTE: Table WORK.FAGE_THRESHOLD_STATS created, with 1002 rows and 5 columns.

NOTE: 프로시저 SQL 실행 (총 프로세스 시간):
      실행 시간           0.54 초
      cpu 시간            1.10 초
      


NOTE: 1002개의 관측값을 데이터셋 WORK.FAGE_THRESHOLD_STATS.에서 읽었습니다.
NOTE: 데이터셋 WORK.FAGE_THRESHOLD_STATS에 1002개의 관측값과 7개의 변수가 있습니다.
NOTE: DATA 문장 실행 (총 프로세스 시간):
      실행 시간           0.00 초
      cpu 시간            0.00 초
      


NOTE: 1002개의 관측값을 데이터셋 WORK.FAGE_THRESHOLD_STATS.에서 읽었습니다.
NOTE: 데이터셋 WORK.FAGE_THRESHOLD_STATS에 1002개의 관측값과 7개의 변수가 있습니다.
NOTE: 프로시저 SORT 실행 (총 프로세스 시간):
      실행 시간           0.00 초
      cpu 시간            0.00 초
      


NOTE: 1개의 관측값을 데이터셋 WORK.FAGE_THRESHOLD_STATS.에서 읽었습니다.
      WHERE fpr<=0.01;
NOTE: 데이터셋 WORK.TH_LR_B_101에 1개의 관측값과 7개의 변수가 있습니다.
NOTE: DATA 문장 실행 (총 프로세스 시간):
      실행 시간           0.00 초
      cpu 시간            0.01 초
      


NOTE: 1개의 관측값을 데이터셋 WORK.TH_LR_B_101.에서 읽었습니다.
NOTE: DATA 문장 실행 (총 프로세스 시간):
91                                                         SAS 시스템      2026년  9월 18일 금요일 오전 02시 07분 26초

      실행 시간           0.00 초
      cpu 시간            0.00 초
      


NOTE: 데이터셋 WORK.FAGE_TH_ROW에 1개의 관측값과 5개의 변수가 있습니다.
NOTE: DATA 문장 실행 (총 프로세스 시간):
      실행 시간           0.00 초
      cpu 시간            0.00 초
      


NOTE: WORK.FAGE_TH_ROW을(를) WORK.FAGE_THRESHOLDS에 추가하는 중입니다.
NOTE: 1개의 관측값을 데이터셋 WORK.FAGE_TH_ROW.에서 읽었습니다.
NOTE: 1개 관측값이 추가되었습니다.
NOTE: 데이터셋 WORK.FAGE_THRESHOLDS에 15개의 관측값과 5개의 변수가 있습니다.
NOTE: 프로시저 APPEND 실행 (총 프로세스 시간):
      실행 시간           0.00 초
      cpu 시간            0.00 초
      


NOTE: 1896개의 관측값을 데이터셋 WORK.FAGE_READ.에서 읽었습니다.
NOTE: 데이터셋 WORK.READ_ONE에 1896개의 관측값과 11개의 변수가 있습니다.
NOTE: DATA 문장 실행 (총 프로세스 시간):
      실행 시간           0.00 초
      cpu 시간            0.00 초
      


NOTE: WORK.READ_ONE을(를) WORK.FAGE_READOUT_SCORED에 추가하는 중입니다.
NOTE: 1896개의 관측값을 데이터셋 WORK.READ_ONE.에서 읽었습니다.
NOTE: 1896개 관측값이 추가되었습니다.
NOTE: 데이터셋 WORK.FAGE_READOUT_SCORED에 24540개의 관측값과 11개의 변수가 있습니다.
NOTE: 프로시저 APPEND 실행 (총 프로세스 시간):
      실행 시간           0.00 초
      cpu 시간            0.01 초
      

NOTE: seed=101 method=lr_b threshold=0.477

NOTE: 2162개의 관측값을 데이터셋 WORK.FAGE_CAL.에서 읽었습니다.
NOTE: 데이터셋 WORK.FAGE_GRID에 2166324개의 관측값과 25개의 변수가 있습니다.
NOTE: DATA 문장 실행 (총 프로세스 시간):
      실행 시간           3.05 초
      cpu 시간            0.56 초
      

NOTE: Table WORK.FAGE_THRESHOLD_STATS created, with 1002 rows and 5 columns.

NOTE: 프로시저 SQL 실행 (총 프로세스 시간):
      실행 시간           0.65 초
      cpu 시간            1.22 초
      


NOTE: 1002개의 관측값을 데이터셋 WORK.FAGE_THRESHOLD_STATS.에서 읽었습니다.
NOTE: 데이터셋 WORK.FAGE_THRESHOLD_STATS에 1002개의 관측값과 7개의 변수가 있습니다.
92                                                         SAS 시스템      2026년  9월 18일 금요일 오전 02시 07분 30초

NOTE: DATA 문장 실행 (총 프로세스 시간):
      실행 시간           0.00 초
      cpu 시간            0.00 초
      


NOTE: 1002개의 관측값을 데이터셋 WORK.FAGE_THRESHOLD_STATS.에서 읽었습니다.
NOTE: 데이터셋 WORK.FAGE_THRESHOLD_STATS에 1002개의 관측값과 7개의 변수가 있습니다.
NOTE: 프로시저 SORT 실행 (총 프로세스 시간):
      실행 시간           0.00 초
      cpu 시간            0.00 초
      


NOTE: 1개의 관측값을 데이터셋 WORK.FAGE_THRESHOLD_STATS.에서 읽었습니다.
      WHERE fpr<=0.01;
NOTE: 데이터셋 WORK.TH_LR_C_101에 1개의 관측값과 7개의 변수가 있습니다.
NOTE: DATA 문장 실행 (총 프로세스 시간):
      실행 시간           0.00 초
      cpu 시간            0.00 초
      


NOTE: 1개의 관측값을 데이터셋 WORK.TH_LR_C_101.에서 읽었습니다.
NOTE: DATA 문장 실행 (총 프로세스 시간):
      실행 시간           0.00 초
      cpu 시간            0.00 초
      


NOTE: 데이터셋 WORK.FAGE_TH_ROW에 1개의 관측값과 5개의 변수가 있습니다.
NOTE: DATA 문장 실행 (총 프로세스 시간):
      실행 시간           0.00 초
      cpu 시간            0.01 초
      


NOTE: WORK.FAGE_TH_ROW을(를) WORK.FAGE_THRESHOLDS에 추가하는 중입니다.
NOTE: 1개의 관측값을 데이터셋 WORK.FAGE_TH_ROW.에서 읽었습니다.
NOTE: 1개 관측값이 추가되었습니다.
NOTE: 데이터셋 WORK.FAGE_THRESHOLDS에 16개의 관측값과 5개의 변수가 있습니다.
NOTE: 프로시저 APPEND 실행 (총 프로세스 시간):
      실행 시간           0.00 초
      cpu 시간            0.00 초
      


NOTE: 1896개의 관측값을 데이터셋 WORK.FAGE_READ.에서 읽었습니다.
NOTE: 데이터셋 WORK.READ_ONE에 1896개의 관측값과 11개의 변수가 있습니다.
NOTE: DATA 문장 실행 (총 프로세스 시간):
      실행 시간           0.00 초
      cpu 시간            0.01 초
      


NOTE: WORK.READ_ONE을(를) WORK.FAGE_READOUT_SCORED에 추가하는 중입니다.
NOTE: 1896개의 관측값을 데이터셋 WORK.READ_ONE.에서 읽었습니다.
NOTE: 1896개 관측값이 추가되었습니다.
93                                                         SAS 시스템      2026년  9월 18일 금요일 오전 02시 07분 30초

NOTE: 데이터셋 WORK.FAGE_READOUT_SCORED에 26436개의 관측값과 11개의 변수가 있습니다.
NOTE: 프로시저 APPEND 실행 (총 프로세스 시간):
      실행 시간           0.00 초
      cpu 시간            0.00 초
      

NOTE: seed=101 method=lr_c threshold=0.416

NOTE: 2162개의 관측값을 데이터셋 WORK.FAGE_CAL.에서 읽었습니다.
NOTE: 데이터셋 WORK.FAGE_GRID에 2166324개의 관측값과 25개의 변수가 있습니다.
NOTE: DATA 문장 실행 (총 프로세스 시간):
      실행 시간           2.96 초
      cpu 시간            0.57 초
      

NOTE: Table WORK.FAGE_THRESHOLD_STATS created, with 1002 rows and 5 columns.

NOTE: 프로시저 SQL 실행 (총 프로세스 시간):
      실행 시간           0.50 초
      cpu 시간            1.06 초
      


NOTE: 1002개의 관측값을 데이터셋 WORK.FAGE_THRESHOLD_STATS.에서 읽었습니다.
NOTE: 데이터셋 WORK.FAGE_THRESHOLD_STATS에 1002개의 관측값과 7개의 변수가 있습니다.
NOTE: DATA 문장 실행 (총 프로세스 시간):
      실행 시간           0.00 초
      cpu 시간            0.00 초
      


NOTE: 1002개의 관측값을 데이터셋 WORK.FAGE_THRESHOLD_STATS.에서 읽었습니다.
NOTE: 데이터셋 WORK.FAGE_THRESHOLD_STATS에 1002개의 관측값과 7개의 변수가 있습니다.
NOTE: 프로시저 SORT 실행 (총 프로세스 시간):
      실행 시간           0.00 초
      cpu 시간            0.00 초
      


NOTE: 1개의 관측값을 데이터셋 WORK.FAGE_THRESHOLD_STATS.에서 읽었습니다.
      WHERE fpr<=0.01;
NOTE: 데이터셋 WORK.TH_WORD_101에 1개의 관측값과 7개의 변수가 있습니다.
NOTE: DATA 문장 실행 (총 프로세스 시간):
      실행 시간           0.00 초
      cpu 시간            0.00 초
      


NOTE: 1개의 관측값을 데이터셋 WORK.TH_WORD_101.에서 읽었습니다.
NOTE: DATA 문장 실행 (총 프로세스 시간):
      실행 시간           0.00 초
      cpu 시간            0.00 초
      


NOTE: 데이터셋 WORK.FAGE_TH_ROW에 1개의 관측값과 5개의 변수가 있습니다.
NOTE: DATA 문장 실행 (총 프로세스 시간):
      실행 시간           0.00 초
94                                                         SAS 시스템      2026년  9월 18일 금요일 오전 02시 07분 33초

      cpu 시간            0.00 초
      


NOTE: WORK.FAGE_TH_ROW을(를) WORK.FAGE_THRESHOLDS에 추가하는 중입니다.
NOTE: 1개의 관측값을 데이터셋 WORK.FAGE_TH_ROW.에서 읽었습니다.
NOTE: 1개 관측값이 추가되었습니다.
NOTE: 데이터셋 WORK.FAGE_THRESHOLDS에 17개의 관측값과 5개의 변수가 있습니다.
NOTE: 프로시저 APPEND 실행 (총 프로세스 시간):
      실행 시간           0.00 초
      cpu 시간            0.00 초
      


NOTE: 1896개의 관측값을 데이터셋 WORK.FAGE_READ.에서 읽었습니다.
NOTE: 데이터셋 WORK.READ_ONE에 1896개의 관측값과 11개의 변수가 있습니다.
NOTE: DATA 문장 실행 (총 프로세스 시간):
      실행 시간           0.00 초
      cpu 시간            0.00 초
      


NOTE: WORK.READ_ONE을(를) WORK.FAGE_READOUT_SCORED에 추가하는 중입니다.
NOTE: 1896개의 관측값을 데이터셋 WORK.READ_ONE.에서 읽었습니다.
NOTE: 1896개 관측값이 추가되었습니다.
NOTE: 데이터셋 WORK.FAGE_READOUT_SCORED에 28332개의 관측값과 11개의 변수가 있습니다.
NOTE: 프로시저 APPEND 실행 (총 프로세스 시간):
      실행 시간           0.00 초
      cpu 시간            0.00 초
      

NOTE: seed=101 method=word threshold=0.515

NOTE: 2162개의 관측값을 데이터셋 WORK.FAGE_CAL.에서 읽었습니다.
NOTE: 데이터셋 WORK.FAGE_GRID에 2166324개의 관측값과 25개의 변수가 있습니다.
NOTE: DATA 문장 실행 (총 프로세스 시간):
      실행 시간           3.10 초
      cpu 시간            0.52 초
      

NOTE: Table WORK.FAGE_THRESHOLD_STATS created, with 1002 rows and 5 columns.

NOTE: 프로시저 SQL 실행 (총 프로세스 시간):
      실행 시간           0.51 초
      cpu 시간            1.05 초
      


NOTE: 1002개의 관측값을 데이터셋 WORK.FAGE_THRESHOLD_STATS.에서 읽었습니다.
NOTE: 데이터셋 WORK.FAGE_THRESHOLD_STATS에 1002개의 관측값과 7개의 변수가 있습니다.
NOTE: DATA 문장 실행 (총 프로세스 시간):
      실행 시간           0.00 초
      cpu 시간            0.00 초
      


NOTE: 1002개의 관측값을 데이터셋 WORK.FAGE_THRESHOLD_STATS.에서 읽었습니다.
NOTE: 데이터셋 WORK.FAGE_THRESHOLD_STATS에 1002개의 관측값과 7개의 변수가 있습니다.
95                                                         SAS 시스템      2026년  9월 18일 금요일 오전 02시 07분 37초

NOTE: 프로시저 SORT 실행 (총 프로세스 시간):
      실행 시간           0.00 초
      cpu 시간            0.00 초
      


NOTE: 1개의 관측값을 데이터셋 WORK.FAGE_THRESHOLD_STATS.에서 읽었습니다.
      WHERE fpr<=0.01;
NOTE: 데이터셋 WORK.TH_KCBERT_101에 1개의 관측값과 7개의 변수가 있습니다.
NOTE: DATA 문장 실행 (총 프로세스 시간):
      실행 시간           0.00 초
      cpu 시간            0.00 초
      


NOTE: 1개의 관측값을 데이터셋 WORK.TH_KCBERT_101.에서 읽었습니다.
NOTE: DATA 문장 실행 (총 프로세스 시간):
      실행 시간           0.00 초
      cpu 시간            0.00 초
      


NOTE: 데이터셋 WORK.FAGE_TH_ROW에 1개의 관측값과 5개의 변수가 있습니다.
NOTE: DATA 문장 실행 (총 프로세스 시간):
      실행 시간           0.00 초
      cpu 시간            0.00 초
      


NOTE: WORK.FAGE_TH_ROW을(를) WORK.FAGE_THRESHOLDS에 추가하는 중입니다.
NOTE: 1개의 관측값을 데이터셋 WORK.FAGE_TH_ROW.에서 읽었습니다.
NOTE: 1개 관측값이 추가되었습니다.
NOTE: 데이터셋 WORK.FAGE_THRESHOLDS에 18개의 관측값과 5개의 변수가 있습니다.
NOTE: 프로시저 APPEND 실행 (총 프로세스 시간):
      실행 시간           0.00 초
      cpu 시간            0.01 초
      


NOTE: 1896개의 관측값을 데이터셋 WORK.FAGE_READ.에서 읽었습니다.
NOTE: 데이터셋 WORK.READ_ONE에 1896개의 관측값과 11개의 변수가 있습니다.
NOTE: DATA 문장 실행 (총 프로세스 시간):
      실행 시간           0.00 초
      cpu 시간            0.00 초
      


NOTE: WORK.READ_ONE을(를) WORK.FAGE_READOUT_SCORED에 추가하는 중입니다.
NOTE: 1896개의 관측값을 데이터셋 WORK.READ_ONE.에서 읽었습니다.
NOTE: 1896개 관측값이 추가되었습니다.
NOTE: 데이터셋 WORK.FAGE_READOUT_SCORED에 30228개의 관측값과 11개의 변수가 있습니다.
NOTE: 프로시저 APPEND 실행 (총 프로세스 시간):
      실행 시간           0.00 초
      cpu 시간            0.00 초
      

NOTE: seed=101 method=kcbert threshold=0.125

96                                                         SAS 시스템      2026년  9월 18일 금요일 오전 02시 07분 37초

NOTE: 1896개의 관측값을 데이터셋 WORK.STACK_READ_101.에서 읽었습니다.
NOTE: 1896개의 관측값을 데이터셋 WORK.FAGE_READ_101.에서 읽었습니다.
NOTE: 데이터셋 WORK.READ_SCORED에 3792개의 관측값과 11개의 변수가 있습니다.
NOTE: DATA 문장 실행 (총 프로세스 시간):
      실행 시간           0.00 초
      cpu 시간            0.00 초
      


NOTE: WORK.READ_SCORED을(를) WORK.FAGE_READOUT_SCORED에 추가하는 중입니다.
NOTE: 3792개의 관측값을 데이터셋 WORK.READ_SCORED.에서 읽었습니다.
NOTE: 3792개 관측값이 추가되었습니다.
NOTE: 데이터셋 WORK.FAGE_READOUT_SCORED에 34020개의 관측값과 11개의 변수가 있습니다.
NOTE: 프로시저 APPEND 실행 (총 프로세스 시간):
      실행 시간           0.00 초
      cpu 시간            0.00 초
      


NOTE: 1896개의 관측값을 데이터셋 WORK.READ_SCORED.에서 읽었습니다.
      WHERE method='stacking';
NOTE: FREQ 프로시저가 244 페이지를 인쇄했습니다.
NOTE: 프로시저 FREQ 실행 (총 프로세스 시간):
      실행 시간           0.01 초
      cpu 시간            0.02 초
      


NOTE: 1896개의 관측값을 데이터셋 WORK.READ_SCORED.에서 읽었습니다.
      WHERE method='fage';
NOTE: FREQ 프로시저가 245 페이지를 인쇄했습니다.
NOTE: 프로시저 FREQ 실행 (총 프로세스 시간):
      실행 시간           0.01 초
      cpu 시간            0.01 초
      


NOTE: 1896개의 관측값을 데이터셋 WORK.READ_SCORED.에서 읽었습니다.
      WHERE method='fage';
NOTE: FREQ 프로시저가 246 페이지를 인쇄했습니다.
NOTE: 프로시저 FREQ 실행 (총 프로세스 시간):
      실행 시간           0.02 초
      cpu 시간            0.02 초
      


NOTE: 20464개의 관측값을 데이터셋 WORK.FAGE.에서 읽었습니다.
NOTE: 데이터셋 WORK.FAGE_CAL에 1881개의 관측값과 19개의 변수가 있습니다.
NOTE: 데이터셋 WORK.FAGE_READ에 2311개의 관측값과 19개의 변수가 있습니다.
NOTE: DATA 문장 실행 (총 프로세스 시간):
      실행 시간           0.00 초
      cpu 시간            0.02 초
      

NOTE: 프로시저 SQL 실행 (총 프로세스 시간):
      실행 시간           0.00 초
      cpu 시간            0.00 초
      
97                                                         SAS 시스템      2026년  9월 18일 금요일 오전 02시 07분 37초



NOTE: PROC LOGISTIC is modeling the probability that target=1.
NOTE: Convergence criterion (GCONV=1E-8) satisfied.
NOTE: 데이터셋 WORK.FAGE_STACK_CV_202에 1개의 관측값과 3개의 변수가 있습니다.
NOTE: 데이터셋 WORK.FAGE_STACK_FIT_202에 3개의 관측값과 4개의 변수가 있습니다.
NOTE: 데이터셋 WORK.FAGE_STACK_PE_202에 7개의 관측값과 7개의 변수가 있습니다.
NOTE: 1881개의 관측값을 데이터셋 WORK.FAGE_CAL.에서 읽었습니다.
NOTE: 데이터셋 WORK.FAGE_STACK_MODEL_202에 55개의 관측값과 6개의 변수가 있습니다.
NOTE: LOGISTIC 프로시저가 247-248 페이지를 인쇄했습니다.
NOTE: 프로시저 LOGISTIC 실행 (총 프로세스 시간):
      실행 시간           0.06 초
      cpu 시간            0.06 초
      


NOTE: PROC LOGISTIC is modeling the probability that target=1.
NOTE: Convergence criterion (GCONV=1E-8) satisfied.
NOTE: 데이터셋 WORK.FAGE_CV_202에 1개의 관측값과 3개의 변수가 있습니다.
NOTE: 데이터셋 WORK.FAGE_FIT_202에 3개의 관측값과 4개의 변수가 있습니다.
NOTE: 데이터셋 WORK.FAGE_PE_202에 11개의 관측값과 7개의 변수가 있습니다.
NOTE: 1881개의 관측값을 데이터셋 WORK.FAGE_CAL.에서 읽었습니다.
NOTE: 데이터셋 WORK.FAGE_MODEL_202에 105개의 관측값과 6개의 변수가 있습니다.
NOTE: LOGISTIC 프로시저가 249-250 페이지를 인쇄했습니다.
NOTE: 프로시저 LOGISTIC 실행 (총 프로세스 시간):
      실행 시간           0.06 초
      cpu 시간            0.06 초
      


NOTE: 1개의 관측값을 데이터셋 WORK.FAGE_STACK_CV_202.에서 읽었습니다.
NOTE: DATA 문장 실행 (총 프로세스 시간):
      실행 시간           0.00 초
      cpu 시간            0.00 초
      


NOTE: 1개의 관측값을 데이터셋 WORK.FAGE_CV_202.에서 읽었습니다.
NOTE: DATA 문장 실행 (총 프로세스 시간):
      실행 시간           0.00 초
      cpu 시간            0.00 초
      


NOTE: 데이터셋 WORK.STACK_CAL_202에 1881개의 관측값과 23개의 변수가 있습니다.
NOTE: 데이터셋 WORK.STACK_READ_202에 2311개의 관측값과 23개의 변수가 있습니다.
NOTE: 프로시저 LOGISTIC 실행 (총 프로세스 시간):
      실행 시간           0.00 초
      cpu 시간            0.01 초
      


NOTE: 데이터셋 WORK.FAGE_CAL_202에 1881개의 관측값과 23개의 변수가 있습니다.
NOTE: 데이터셋 WORK.FAGE_READ_202에 2311개의 관측값과 23개의 변수가 있습니다.
NOTE: 프로시저 LOGISTIC 실행 (총 프로세스 시간):
      실행 시간           0.00 초
      cpu 시간            0.00 초
      
98                                                         SAS 시스템      2026년  9월 18일 금요일 오전 02시 07분 37초



NOTE: 1881개의 관측값을 데이터셋 WORK.STACK_CAL_202.에서 읽었습니다.
NOTE: 데이터셋 WORK.FAGE_GRID에 1884762개의 관측값과 26개의 변수가 있습니다.
NOTE: DATA 문장 실행 (총 프로세스 시간):
      실행 시간           2.74 초
      cpu 시간            0.48 초
      

NOTE: Table WORK.FAGE_THRESHOLD_STATS created, with 1002 rows and 5 columns.

NOTE: 프로시저 SQL 실행 (총 프로세스 시간):
      실행 시간           0.43 초
      cpu 시간            0.92 초
      


NOTE: 1002개의 관측값을 데이터셋 WORK.FAGE_THRESHOLD_STATS.에서 읽었습니다.
NOTE: 데이터셋 WORK.FAGE_THRESHOLD_STATS에 1002개의 관측값과 7개의 변수가 있습니다.
NOTE: DATA 문장 실행 (총 프로세스 시간):
      실행 시간           0.00 초
      cpu 시간            0.00 초
      


NOTE: 1002개의 관측값을 데이터셋 WORK.FAGE_THRESHOLD_STATS.에서 읽었습니다.
NOTE: 데이터셋 WORK.FAGE_THRESHOLD_STATS에 1002개의 관측값과 7개의 변수가 있습니다.
NOTE: 프로시저 SORT 실행 (총 프로세스 시간):
      실행 시간           0.00 초
      cpu 시간            0.01 초
      


NOTE: 1개의 관측값을 데이터셋 WORK.FAGE_THRESHOLD_STATS.에서 읽었습니다.
      WHERE fpr<=0.01;
NOTE: 데이터셋 WORK.TH_STACK_202에 1개의 관측값과 7개의 변수가 있습니다.
NOTE: DATA 문장 실행 (총 프로세스 시간):
      실행 시간           0.00 초
      cpu 시간            0.00 초
      


NOTE: 1개의 관측값을 데이터셋 WORK.TH_STACK_202.에서 읽었습니다.
NOTE: DATA 문장 실행 (총 프로세스 시간):
      실행 시간           0.00 초
      cpu 시간            0.00 초
      


NOTE: 데이터셋 WORK.FAGE_TH_ROW에 1개의 관측값과 5개의 변수가 있습니다.
NOTE: DATA 문장 실행 (총 프로세스 시간):
      실행 시간           0.00 초
      cpu 시간            0.00 초
      


NOTE: WORK.FAGE_TH_ROW을(를) WORK.FAGE_THRESHOLDS에 추가하는 중입니다.
NOTE: 1개의 관측값을 데이터셋 WORK.FAGE_TH_ROW.에서 읽었습니다.
99                                                         SAS 시스템      2026년  9월 18일 금요일 오전 02시 07분 41초

NOTE: 1개 관측값이 추가되었습니다.
NOTE: 데이터셋 WORK.FAGE_THRESHOLDS에 19개의 관측값과 5개의 변수가 있습니다.
NOTE: 프로시저 APPEND 실행 (총 프로세스 시간):
      실행 시간           0.00 초
      cpu 시간            0.00 초
      


NOTE: 1881개의 관측값을 데이터셋 WORK.FAGE_CAL_202.에서 읽었습니다.
NOTE: 데이터셋 WORK.FAGE_GRID에 1884762개의 관측값과 26개의 변수가 있습니다.
NOTE: DATA 문장 실행 (총 프로세스 시간):
      실행 시간           2.53 초
      cpu 시간            0.48 초
      

NOTE: Table WORK.FAGE_THRESHOLD_STATS created, with 1002 rows and 5 columns.

NOTE: 프로시저 SQL 실행 (총 프로세스 시간):
      실행 시간           0.43 초
      cpu 시간            0.90 초
      


NOTE: 1002개의 관측값을 데이터셋 WORK.FAGE_THRESHOLD_STATS.에서 읽었습니다.
NOTE: 데이터셋 WORK.FAGE_THRESHOLD_STATS에 1002개의 관측값과 7개의 변수가 있습니다.
NOTE: DATA 문장 실행 (총 프로세스 시간):
      실행 시간           0.00 초
      cpu 시간            0.00 초
      


NOTE: 1002개의 관측값을 데이터셋 WORK.FAGE_THRESHOLD_STATS.에서 읽었습니다.
NOTE: 데이터셋 WORK.FAGE_THRESHOLD_STATS에 1002개의 관측값과 7개의 변수가 있습니다.
NOTE: 프로시저 SORT 실행 (총 프로세스 시간):
      실행 시간           0.00 초
      cpu 시간            0.01 초
      


NOTE: 1개의 관측값을 데이터셋 WORK.FAGE_THRESHOLD_STATS.에서 읽었습니다.
      WHERE fpr<=0.01;
NOTE: 데이터셋 WORK.TH_FAGE_202에 1개의 관측값과 7개의 변수가 있습니다.
NOTE: DATA 문장 실행 (총 프로세스 시간):
      실행 시간           0.00 초
      cpu 시간            0.00 초
      


NOTE: 1개의 관측값을 데이터셋 WORK.TH_FAGE_202.에서 읽었습니다.
NOTE: DATA 문장 실행 (총 프로세스 시간):
      실행 시간           0.00 초
      cpu 시간            0.00 초
      


NOTE: 데이터셋 WORK.FAGE_TH_ROW에 1개의 관측값과 5개의 변수가 있습니다.
NOTE: DATA 문장 실행 (총 프로세스 시간):
      실행 시간           0.00 초
100                                                        SAS 시스템      2026년  9월 18일 금요일 오전 02시 07분 43초

      cpu 시간            0.00 초
      


NOTE: WORK.FAGE_TH_ROW을(를) WORK.FAGE_THRESHOLDS에 추가하는 중입니다.
NOTE: 1개의 관측값을 데이터셋 WORK.FAGE_TH_ROW.에서 읽었습니다.
NOTE: 1개 관측값이 추가되었습니다.
NOTE: 데이터셋 WORK.FAGE_THRESHOLDS에 20개의 관측값과 5개의 변수가 있습니다.
NOTE: 프로시저 APPEND 실행 (총 프로세스 시간):
      실행 시간           0.00 초
      cpu 시간            0.00 초
      

NOTE: seed=202 stacking_threshold=0.172 fage_threshold=0.203
NOTE: 프로시저 SQL 실행 (총 프로세스 시간):
      실행 시간           0.00 초
      cpu 시간            0.00 초
      


NOTE: 1881개의 관측값을 데이터셋 WORK.FAGE_CAL.에서 읽었습니다.
NOTE: 데이터셋 WORK.FAGE_CAL에 1881개의 관측값과 21개의 변수가 있습니다.
NOTE: DATA 문장 실행 (총 프로세스 시간):
      실행 시간           0.00 초
      cpu 시간            0.00 초
      

NOTE: 프로시저 SQL 실행 (총 프로세스 시간):
      실행 시간           0.00 초
      cpu 시간            0.00 초
      


NOTE: 1881개의 관측값을 데이터셋 WORK.FAGE_CAL.에서 읽었습니다.
NOTE: 데이터셋 WORK.FAGE_CAL에 1881개의 관측값과 22개의 변수가 있습니다.
NOTE: DATA 문장 실행 (총 프로세스 시간):
      실행 시간           0.00 초
      cpu 시간            0.01 초
      


NOTE: PROC LOGISTIC is modeling the probability that target=1.
NOTE: Convergence criterion (GCONV=1E-8) satisfied.
NOTE: 데이터셋 WORK.FAGE_A_CV_202에 1개의 관측값과 3개의 변수가 있습니다.
NOTE: 데이터셋 WORK.FAGE_A_FIT_202에 3개의 관측값과 4개의 변수가 있습니다.
NOTE: 데이터셋 WORK.FAGE_A_PE_202에 11개의 관측값과 7개의 변수가 있습니다.
NOTE: 1881개의 관측값을 데이터셋 WORK.FAGE_CAL.에서 읽었습니다.
NOTE: 데이터셋 WORK.FAGE_A_MODEL_202에 106개의 관측값과 6개의 변수가 있습니다.
NOTE: LOGISTIC 프로시저가 251-252 페이지를 인쇄했습니다.
NOTE: 프로시저 LOGISTIC 실행 (총 프로세스 시간):
      실행 시간           0.06 초
      cpu 시간            0.06 초
      


NOTE: 1개의 관측값을 데이터셋 WORK.FAGE_A_CV_202.에서 읽었습니다.
NOTE: DATA 문장 실행 (총 프로세스 시간):
      실행 시간           0.00 초
101                                                        SAS 시스템      2026년  9월 18일 금요일 오전 02시 07분 44초

      cpu 시간            0.00 초
      


NOTE: 데이터셋 WORK.FAGE_A_CAL_202에 1881개의 관측값과 26개의 변수가 있습니다.
NOTE: 데이터셋 WORK.FAGE_A_READ_202에 2311개의 관측값과 23개의 변수가 있습니다.
NOTE: 프로시저 LOGISTIC 실행 (총 프로세스 시간):
      실행 시간           0.00 초
      cpu 시간            0.01 초
      


NOTE: 1881개의 관측값을 데이터셋 WORK.FAGE_A_CAL_202.에서 읽었습니다.
NOTE: 데이터셋 WORK.FAGE_GRID에 1884762개의 관측값과 29개의 변수가 있습니다.
NOTE: DATA 문장 실행 (총 프로세스 시간):
      실행 시간           3.14 초
      cpu 시간            0.52 초
      

NOTE: Table WORK.FAGE_THRESHOLD_STATS created, with 1002 rows and 5 columns.

NOTE: 프로시저 SQL 실행 (총 프로세스 시간):
      실행 시간           0.45 초
      cpu 시간            0.94 초
      


NOTE: 1002개의 관측값을 데이터셋 WORK.FAGE_THRESHOLD_STATS.에서 읽었습니다.
NOTE: 데이터셋 WORK.FAGE_THRESHOLD_STATS에 1002개의 관측값과 7개의 변수가 있습니다.
NOTE: DATA 문장 실행 (총 프로세스 시간):
      실행 시간           0.00 초
      cpu 시간            0.00 초
      


NOTE: 1002개의 관측값을 데이터셋 WORK.FAGE_THRESHOLD_STATS.에서 읽었습니다.
NOTE: 데이터셋 WORK.FAGE_THRESHOLD_STATS에 1002개의 관측값과 7개의 변수가 있습니다.
NOTE: 프로시저 SORT 실행 (총 프로세스 시간):
      실행 시간           0.00 초
      cpu 시간            0.00 초
      


NOTE: 1개의 관측값을 데이터셋 WORK.FAGE_THRESHOLD_STATS.에서 읽었습니다.
      WHERE fpr<=0.01;
NOTE: 데이터셋 WORK.TH_FAGE_A_202에 1개의 관측값과 7개의 변수가 있습니다.
NOTE: DATA 문장 실행 (총 프로세스 시간):
      실행 시간           0.00 초
      cpu 시간            0.00 초
      


NOTE: 1개의 관측값을 데이터셋 WORK.TH_FAGE_A_202.에서 읽었습니다.
NOTE: DATA 문장 실행 (총 프로세스 시간):
      실행 시간           0.00 초
      cpu 시간            0.00 초
      

102                                                        SAS 시스템      2026년  9월 18일 금요일 오전 02시 07분 47초


NOTE: 데이터셋 WORK.FAGE_TH_ROW에 1개의 관측값과 5개의 변수가 있습니다.
NOTE: DATA 문장 실행 (총 프로세스 시간):
      실행 시간           0.00 초
      cpu 시간            0.00 초
      


NOTE: WORK.FAGE_TH_ROW을(를) WORK.FAGE_THRESHOLDS에 추가하는 중입니다.
NOTE: 1개의 관측값을 데이터셋 WORK.FAGE_TH_ROW.에서 읽었습니다.
NOTE: 1개 관측값이 추가되었습니다.
NOTE: 데이터셋 WORK.FAGE_THRESHOLDS에 21개의 관측값과 5개의 변수가 있습니다.
NOTE: 프로시저 APPEND 실행 (총 프로세스 시간):
      실행 시간           0.00 초
      cpu 시간            0.00 초
      


NOTE: 2311개의 관측값을 데이터셋 WORK.FAGE_A_READ_202.에서 읽었습니다.
NOTE: 데이터셋 WORK.READ_ONE에 2311개의 관측값과 11개의 변수가 있습니다.
NOTE: DATA 문장 실행 (총 프로세스 시간):
      실행 시간           0.00 초
      cpu 시간            0.01 초
      


NOTE: WORK.READ_ONE을(를) WORK.FAGE_READOUT_SCORED에 추가하는 중입니다.
NOTE: 2311개의 관측값을 데이터셋 WORK.READ_ONE.에서 읽었습니다.
NOTE: 2311개 관측값이 추가되었습니다.
NOTE: 데이터셋 WORK.FAGE_READOUT_SCORED에 36331개의 관측값과 11개의 변수가 있습니다.
NOTE: 프로시저 APPEND 실행 (총 프로세스 시간):
      실행 시간           0.00 초
      cpu 시간            0.00 초
      

NOTE: seed=202 method=fage_a threshold=0.416

NOTE: PROC LOGISTIC is modeling the probability that target=1.
NOTE: Convergence criterion (GCONV=1E-8) satisfied.
NOTE: 데이터셋 WORK.FAGE_C_CV_202에 1개의 관측값과 3개의 변수가 있습니다.
NOTE: 데이터셋 WORK.FAGE_C_FIT_202에 3개의 관측값과 4개의 변수가 있습니다.
NOTE: 데이터셋 WORK.FAGE_C_PE_202에 11개의 관측값과 7개의 변수가 있습니다.
NOTE: 1881개의 관측값을 데이터셋 WORK.FAGE_CAL.에서 읽었습니다.
NOTE: 데이터셋 WORK.FAGE_C_MODEL_202에 106개의 관측값과 6개의 변수가 있습니다.
NOTE: LOGISTIC 프로시저가 253-254 페이지를 인쇄했습니다.
NOTE: 프로시저 LOGISTIC 실행 (총 프로세스 시간):
      실행 시간           0.06 초
      cpu 시간            0.07 초
      


NOTE: 1개의 관측값을 데이터셋 WORK.FAGE_C_CV_202.에서 읽었습니다.
NOTE: DATA 문장 실행 (총 프로세스 시간):
      실행 시간           0.00 초
      cpu 시간            0.00 초
      


103                                                        SAS 시스템      2026년  9월 18일 금요일 오전 02시 07분 47초

NOTE: 데이터셋 WORK.FAGE_C_CAL_202에 1881개의 관측값과 26개의 변수가 있습니다.
NOTE: 데이터셋 WORK.FAGE_C_READ_202에 2311개의 관측값과 23개의 변수가 있습니다.
NOTE: 프로시저 LOGISTIC 실행 (총 프로세스 시간):
      실행 시간           0.00 초
      cpu 시간            0.01 초
      


NOTE: 1881개의 관측값을 데이터셋 WORK.FAGE_C_CAL_202.에서 읽었습니다.
NOTE: 데이터셋 WORK.FAGE_GRID에 1884762개의 관측값과 29개의 변수가 있습니다.
NOTE: DATA 문장 실행 (총 프로세스 시간):
      실행 시간           3.19 초
      cpu 시간            0.52 초
      

NOTE: Table WORK.FAGE_THRESHOLD_STATS created, with 1002 rows and 5 columns.

NOTE: 프로시저 SQL 실행 (총 프로세스 시간):
      실행 시간           0.46 초
      cpu 시간            0.94 초
      


NOTE: 1002개의 관측값을 데이터셋 WORK.FAGE_THRESHOLD_STATS.에서 읽었습니다.
NOTE: 데이터셋 WORK.FAGE_THRESHOLD_STATS에 1002개의 관측값과 7개의 변수가 있습니다.
NOTE: DATA 문장 실행 (총 프로세스 시간):
      실행 시간           0.00 초
      cpu 시간            0.00 초
      


NOTE: 1002개의 관측값을 데이터셋 WORK.FAGE_THRESHOLD_STATS.에서 읽었습니다.
NOTE: 데이터셋 WORK.FAGE_THRESHOLD_STATS에 1002개의 관측값과 7개의 변수가 있습니다.
NOTE: 프로시저 SORT 실행 (총 프로세스 시간):
      실행 시간           0.00 초
      cpu 시간            0.00 초
      


NOTE: 1개의 관측값을 데이터셋 WORK.FAGE_THRESHOLD_STATS.에서 읽었습니다.
      WHERE fpr<=0.01;
NOTE: 데이터셋 WORK.TH_FAGE_C_202에 1개의 관측값과 7개의 변수가 있습니다.
NOTE: DATA 문장 실행 (총 프로세스 시간):
      실행 시간           0.00 초
      cpu 시간            0.00 초
      


NOTE: 1개의 관측값을 데이터셋 WORK.TH_FAGE_C_202.에서 읽었습니다.
NOTE: DATA 문장 실행 (총 프로세스 시간):
      실행 시간           0.00 초
      cpu 시간            0.00 초
      


NOTE: 데이터셋 WORK.FAGE_TH_ROW에 1개의 관측값과 5개의 변수가 있습니다.
NOTE: DATA 문장 실행 (총 프로세스 시간):
      실행 시간           0.00 초
104                                                        SAS 시스템      2026년  9월 18일 금요일 오전 02시 07분 51초

      cpu 시간            0.00 초
      


NOTE: WORK.FAGE_TH_ROW을(를) WORK.FAGE_THRESHOLDS에 추가하는 중입니다.
NOTE: 1개의 관측값을 데이터셋 WORK.FAGE_TH_ROW.에서 읽었습니다.
NOTE: 1개 관측값이 추가되었습니다.
NOTE: 데이터셋 WORK.FAGE_THRESHOLDS에 22개의 관측값과 5개의 변수가 있습니다.
NOTE: 프로시저 APPEND 실행 (총 프로세스 시간):
      실행 시간           0.00 초
      cpu 시간            0.00 초
      


NOTE: 2311개의 관측값을 데이터셋 WORK.FAGE_C_READ_202.에서 읽었습니다.
NOTE: 데이터셋 WORK.READ_ONE에 2311개의 관측값과 11개의 변수가 있습니다.
NOTE: DATA 문장 실행 (총 프로세스 시간):
      실행 시간           0.00 초
      cpu 시간            0.01 초
      


NOTE: WORK.READ_ONE을(를) WORK.FAGE_READOUT_SCORED에 추가하는 중입니다.
NOTE: 2311개의 관측값을 데이터셋 WORK.READ_ONE.에서 읽었습니다.
NOTE: 2311개 관측값이 추가되었습니다.
NOTE: 데이터셋 WORK.FAGE_READOUT_SCORED에 38642개의 관측값과 11개의 변수가 있습니다.
NOTE: 프로시저 APPEND 실행 (총 프로세스 시간):
      실행 시간           0.00 초
      cpu 시간            0.00 초
      

NOTE: seed=202 method=fage_c threshold=0.53

NOTE: 1881개의 관측값을 데이터셋 WORK.FAGE_CAL.에서 읽었습니다.
NOTE: 데이터셋 WORK.FAGE_GRID에 1884762개의 관측값과 25개의 변수가 있습니다.
NOTE: DATA 문장 실행 (총 프로세스 시간):
      실행 시간           2.70 초
      cpu 시간            0.48 초
      

NOTE: Table WORK.FAGE_THRESHOLD_STATS created, with 1002 rows and 5 columns.

NOTE: 프로시저 SQL 실행 (총 프로세스 시간):
      실행 시간           0.43 초
      cpu 시간            0.91 초
      


NOTE: 1002개의 관측값을 데이터셋 WORK.FAGE_THRESHOLD_STATS.에서 읽었습니다.
NOTE: 데이터셋 WORK.FAGE_THRESHOLD_STATS에 1002개의 관측값과 7개의 변수가 있습니다.
NOTE: DATA 문장 실행 (총 프로세스 시간):
      실행 시간           0.00 초
      cpu 시간            0.00 초
      


NOTE: 1002개의 관측값을 데이터셋 WORK.FAGE_THRESHOLD_STATS.에서 읽었습니다.
NOTE: 데이터셋 WORK.FAGE_THRESHOLD_STATS에 1002개의 관측값과 7개의 변수가 있습니다.
105                                                        SAS 시스템      2026년  9월 18일 금요일 오전 02시 07분 54초

NOTE: 프로시저 SORT 실행 (총 프로세스 시간):
      실행 시간           0.00 초
      cpu 시간            0.00 초
      


NOTE: 1개의 관측값을 데이터셋 WORK.FAGE_THRESHOLD_STATS.에서 읽었습니다.
      WHERE fpr<=0.01;
NOTE: 데이터셋 WORK.TH_LR_A_202에 1개의 관측값과 7개의 변수가 있습니다.
NOTE: DATA 문장 실행 (총 프로세스 시간):
      실행 시간           0.00 초
      cpu 시간            0.00 초
      


NOTE: 1개의 관측값을 데이터셋 WORK.TH_LR_A_202.에서 읽었습니다.
NOTE: DATA 문장 실행 (총 프로세스 시간):
      실행 시간           0.00 초
      cpu 시간            0.00 초
      


NOTE: 데이터셋 WORK.FAGE_TH_ROW에 1개의 관측값과 5개의 변수가 있습니다.
NOTE: DATA 문장 실행 (총 프로세스 시간):
      실행 시간           0.00 초
      cpu 시간            0.00 초
      


NOTE: WORK.FAGE_TH_ROW을(를) WORK.FAGE_THRESHOLDS에 추가하는 중입니다.
NOTE: 1개의 관측값을 데이터셋 WORK.FAGE_TH_ROW.에서 읽었습니다.
NOTE: 1개 관측값이 추가되었습니다.
NOTE: 데이터셋 WORK.FAGE_THRESHOLDS에 23개의 관측값과 5개의 변수가 있습니다.
NOTE: 프로시저 APPEND 실행 (총 프로세스 시간):
      실행 시간           0.00 초
      cpu 시간            0.00 초
      


NOTE: 2311개의 관측값을 데이터셋 WORK.FAGE_READ.에서 읽었습니다.
NOTE: 데이터셋 WORK.READ_ONE에 2311개의 관측값과 11개의 변수가 있습니다.
NOTE: DATA 문장 실행 (총 프로세스 시간):
      실행 시간           0.00 초
      cpu 시간            0.00 초
      


NOTE: WORK.READ_ONE을(를) WORK.FAGE_READOUT_SCORED에 추가하는 중입니다.
NOTE: 2311개의 관측값을 데이터셋 WORK.READ_ONE.에서 읽었습니다.
NOTE: 2311개 관측값이 추가되었습니다.
NOTE: 데이터셋 WORK.FAGE_READOUT_SCORED에 40953개의 관측값과 11개의 변수가 있습니다.
NOTE: 프로시저 APPEND 실행 (총 프로세스 시간):
      실행 시간           0.00 초
      cpu 시간            0.00 초
      

NOTE: seed=202 method=lr_a threshold=0.447

106                                                        SAS 시스템      2026년  9월 18일 금요일 오전 02시 07분 55초

NOTE: 1881개의 관측값을 데이터셋 WORK.FAGE_CAL.에서 읽었습니다.
NOTE: 데이터셋 WORK.FAGE_GRID에 1884762개의 관측값과 25개의 변수가 있습니다.
NOTE: DATA 문장 실행 (총 프로세스 시간):
      실행 시간           2.49 초
      cpu 시간            0.50 초
      

NOTE: Table WORK.FAGE_THRESHOLD_STATS created, with 1002 rows and 5 columns.

NOTE: 프로시저 SQL 실행 (총 프로세스 시간):
      실행 시간           0.41 초
      cpu 시간            0.89 초
      


NOTE: 1002개의 관측값을 데이터셋 WORK.FAGE_THRESHOLD_STATS.에서 읽었습니다.
NOTE: 데이터셋 WORK.FAGE_THRESHOLD_STATS에 1002개의 관측값과 7개의 변수가 있습니다.
NOTE: DATA 문장 실행 (총 프로세스 시간):
      실행 시간           0.00 초
      cpu 시간            0.00 초
      


NOTE: 1002개의 관측값을 데이터셋 WORK.FAGE_THRESHOLD_STATS.에서 읽었습니다.
NOTE: 데이터셋 WORK.FAGE_THRESHOLD_STATS에 1002개의 관측값과 7개의 변수가 있습니다.
NOTE: 프로시저 SORT 실행 (총 프로세스 시간):
      실행 시간           0.00 초
      cpu 시간            0.00 초
      


NOTE: 1개의 관측값을 데이터셋 WORK.FAGE_THRESHOLD_STATS.에서 읽었습니다.
      WHERE fpr<=0.01;
NOTE: 데이터셋 WORK.TH_LR_B_202에 1개의 관측값과 7개의 변수가 있습니다.
NOTE: DATA 문장 실행 (총 프로세스 시간):
      실행 시간           0.00 초
      cpu 시간            0.00 초
      


NOTE: 1개의 관측값을 데이터셋 WORK.TH_LR_B_202.에서 읽었습니다.
NOTE: DATA 문장 실행 (총 프로세스 시간):
      실행 시간           0.00 초
      cpu 시간            0.00 초
      


NOTE: 데이터셋 WORK.FAGE_TH_ROW에 1개의 관측값과 5개의 변수가 있습니다.
NOTE: DATA 문장 실행 (총 프로세스 시간):
      실행 시간           0.00 초
      cpu 시간            0.01 초
      


NOTE: WORK.FAGE_TH_ROW을(를) WORK.FAGE_THRESHOLDS에 추가하는 중입니다.
NOTE: 1개의 관측값을 데이터셋 WORK.FAGE_TH_ROW.에서 읽었습니다.
NOTE: 1개 관측값이 추가되었습니다.
NOTE: 데이터셋 WORK.FAGE_THRESHOLDS에 24개의 관측값과 5개의 변수가 있습니다.
107                                                        SAS 시스템      2026년  9월 18일 금요일 오전 02시 07분 57초

NOTE: 프로시저 APPEND 실행 (총 프로세스 시간):
      실행 시간           0.00 초
      cpu 시간            0.00 초
      


NOTE: 2311개의 관측값을 데이터셋 WORK.FAGE_READ.에서 읽었습니다.
NOTE: 데이터셋 WORK.READ_ONE에 2311개의 관측값과 11개의 변수가 있습니다.
NOTE: DATA 문장 실행 (총 프로세스 시간):
      실행 시간           0.00 초
      cpu 시간            0.00 초
      


NOTE: WORK.READ_ONE을(를) WORK.FAGE_READOUT_SCORED에 추가하는 중입니다.
NOTE: 2311개의 관측값을 데이터셋 WORK.READ_ONE.에서 읽었습니다.
NOTE: 2311개 관측값이 추가되었습니다.
NOTE: 데이터셋 WORK.FAGE_READOUT_SCORED에 43264개의 관측값과 11개의 변수가 있습니다.
NOTE: 프로시저 APPEND 실행 (총 프로세스 시간):
      실행 시간           0.00 초
      cpu 시간            0.00 초
      

NOTE: seed=202 method=lr_b threshold=0.544

NOTE: 1881개의 관측값을 데이터셋 WORK.FAGE_CAL.에서 읽었습니다.
NOTE: 데이터셋 WORK.FAGE_GRID에 1884762개의 관측값과 25개의 변수가 있습니다.
NOTE: DATA 문장 실행 (총 프로세스 시간):
      실행 시간           2.36 초
      cpu 시간            0.49 초
      

NOTE: Table WORK.FAGE_THRESHOLD_STATS created, with 1002 rows and 5 columns.

NOTE: 프로시저 SQL 실행 (총 프로세스 시간):
      실행 시간           0.50 초
      cpu 시간            0.98 초
      


NOTE: 1002개의 관측값을 데이터셋 WORK.FAGE_THRESHOLD_STATS.에서 읽었습니다.
NOTE: 데이터셋 WORK.FAGE_THRESHOLD_STATS에 1002개의 관측값과 7개의 변수가 있습니다.
NOTE: DATA 문장 실행 (총 프로세스 시간):
      실행 시간           0.00 초
      cpu 시간            0.00 초
      


NOTE: 1002개의 관측값을 데이터셋 WORK.FAGE_THRESHOLD_STATS.에서 읽었습니다.
NOTE: 데이터셋 WORK.FAGE_THRESHOLD_STATS에 1002개의 관측값과 7개의 변수가 있습니다.
NOTE: 프로시저 SORT 실행 (총 프로세스 시간):
      실행 시간           0.00 초
      cpu 시간            0.00 초
      


NOTE: 1개의 관측값을 데이터셋 WORK.FAGE_THRESHOLD_STATS.에서 읽었습니다.
      WHERE fpr<=0.01;
108                                                        SAS 시스템      2026년  9월 18일 금요일 오전 02시 08분 00초

NOTE: 데이터셋 WORK.TH_LR_C_202에 1개의 관측값과 7개의 변수가 있습니다.
NOTE: DATA 문장 실행 (총 프로세스 시간):
      실행 시간           0.00 초
      cpu 시간            0.01 초
      


NOTE: 1개의 관측값을 데이터셋 WORK.TH_LR_C_202.에서 읽었습니다.
NOTE: DATA 문장 실행 (총 프로세스 시간):
      실행 시간           0.00 초
      cpu 시간            0.00 초
      


NOTE: 데이터셋 WORK.FAGE_TH_ROW에 1개의 관측값과 5개의 변수가 있습니다.
NOTE: DATA 문장 실행 (총 프로세스 시간):
      실행 시간           0.00 초
      cpu 시간            0.00 초
      


NOTE: WORK.FAGE_TH_ROW을(를) WORK.FAGE_THRESHOLDS에 추가하는 중입니다.
NOTE: 1개의 관측값을 데이터셋 WORK.FAGE_TH_ROW.에서 읽었습니다.
NOTE: 1개 관측값이 추가되었습니다.
NOTE: 데이터셋 WORK.FAGE_THRESHOLDS에 25개의 관측값과 5개의 변수가 있습니다.
NOTE: 프로시저 APPEND 실행 (총 프로세스 시간):
      실행 시간           0.00 초
      cpu 시간            0.01 초
      


NOTE: 2311개의 관측값을 데이터셋 WORK.FAGE_READ.에서 읽었습니다.
NOTE: 데이터셋 WORK.READ_ONE에 2311개의 관측값과 11개의 변수가 있습니다.
NOTE: DATA 문장 실행 (총 프로세스 시간):
      실행 시간           0.00 초
      cpu 시간            0.00 초
      


NOTE: WORK.READ_ONE을(를) WORK.FAGE_READOUT_SCORED에 추가하는 중입니다.
NOTE: 2311개의 관측값을 데이터셋 WORK.READ_ONE.에서 읽었습니다.
NOTE: 2311개 관측값이 추가되었습니다.
NOTE: 데이터셋 WORK.FAGE_READOUT_SCORED에 45575개의 관측값과 11개의 변수가 있습니다.
NOTE: 프로시저 APPEND 실행 (총 프로세스 시간):
      실행 시간           0.00 초
      cpu 시간            0.00 초
      

NOTE: seed=202 method=lr_c threshold=0.43

NOTE: 1881개의 관측값을 데이터셋 WORK.FAGE_CAL.에서 읽었습니다.
NOTE: 데이터셋 WORK.FAGE_GRID에 1884762개의 관측값과 25개의 변수가 있습니다.
NOTE: DATA 문장 실행 (총 프로세스 시간):
      실행 시간           2.51 초
      cpu 시간            0.45 초
      

NOTE: Table WORK.FAGE_THRESHOLD_STATS created, with 1002 rows and 5 columns.
109                                                        SAS 시스템      2026년  9월 18일 금요일 오전 02시 08분 03초


NOTE: 프로시저 SQL 실행 (총 프로세스 시간):
      실행 시간           0.43 초
      cpu 시간            0.88 초
      


NOTE: 1002개의 관측값을 데이터셋 WORK.FAGE_THRESHOLD_STATS.에서 읽었습니다.
NOTE: 데이터셋 WORK.FAGE_THRESHOLD_STATS에 1002개의 관측값과 7개의 변수가 있습니다.
NOTE: DATA 문장 실행 (총 프로세스 시간):
      실행 시간           0.00 초
      cpu 시간            0.01 초
      


NOTE: 1002개의 관측값을 데이터셋 WORK.FAGE_THRESHOLD_STATS.에서 읽었습니다.
NOTE: 데이터셋 WORK.FAGE_THRESHOLD_STATS에 1002개의 관측값과 7개의 변수가 있습니다.
NOTE: 프로시저 SORT 실행 (총 프로세스 시간):
      실행 시간           0.00 초
      cpu 시간            0.01 초
      


NOTE: 1개의 관측값을 데이터셋 WORK.FAGE_THRESHOLD_STATS.에서 읽었습니다.
      WHERE fpr<=0.01;
NOTE: 데이터셋 WORK.TH_WORD_202에 1개의 관측값과 7개의 변수가 있습니다.
NOTE: DATA 문장 실행 (총 프로세스 시간):
      실행 시간           0.00 초
      cpu 시간            0.00 초
      


NOTE: 1개의 관측값을 데이터셋 WORK.TH_WORD_202.에서 읽었습니다.
NOTE: DATA 문장 실행 (총 프로세스 시간):
      실행 시간           0.00 초
      cpu 시간            0.00 초
      


NOTE: 데이터셋 WORK.FAGE_TH_ROW에 1개의 관측값과 5개의 변수가 있습니다.
NOTE: DATA 문장 실행 (총 프로세스 시간):
      실행 시간           0.00 초
      cpu 시간            0.00 초
      


NOTE: WORK.FAGE_TH_ROW을(를) WORK.FAGE_THRESHOLDS에 추가하는 중입니다.
NOTE: 1개의 관측값을 데이터셋 WORK.FAGE_TH_ROW.에서 읽었습니다.
NOTE: 1개 관측값이 추가되었습니다.
NOTE: 데이터셋 WORK.FAGE_THRESHOLDS에 26개의 관측값과 5개의 변수가 있습니다.
NOTE: 프로시저 APPEND 실행 (총 프로세스 시간):
      실행 시간           0.00 초
      cpu 시간            0.00 초
      


NOTE: 2311개의 관측값을 데이터셋 WORK.FAGE_READ.에서 읽었습니다.
NOTE: 데이터셋 WORK.READ_ONE에 2311개의 관측값과 11개의 변수가 있습니다.
110                                                        SAS 시스템      2026년  9월 18일 금요일 오전 02시 08분 03초

NOTE: DATA 문장 실행 (총 프로세스 시간):
      실행 시간           0.00 초
      cpu 시간            0.00 초
      


NOTE: WORK.READ_ONE을(를) WORK.FAGE_READOUT_SCORED에 추가하는 중입니다.
NOTE: 2311개의 관측값을 데이터셋 WORK.READ_ONE.에서 읽었습니다.
NOTE: 2311개 관측값이 추가되었습니다.
NOTE: 데이터셋 WORK.FAGE_READOUT_SCORED에 47886개의 관측값과 11개의 변수가 있습니다.
NOTE: 프로시저 APPEND 실행 (총 프로세스 시간):
      실행 시간           0.00 초
      cpu 시간            0.01 초
      

NOTE: seed=202 method=word threshold=0.458

NOTE: 1881개의 관측값을 데이터셋 WORK.FAGE_CAL.에서 읽었습니다.
NOTE: 데이터셋 WORK.FAGE_GRID에 1884762개의 관측값과 25개의 변수가 있습니다.
NOTE: DATA 문장 실행 (총 프로세스 시간):
      실행 시간           2.40 초
      cpu 시간            0.44 초
      

NOTE: Table WORK.FAGE_THRESHOLD_STATS created, with 1002 rows and 5 columns.

NOTE: 프로시저 SQL 실행 (총 프로세스 시간):
      실행 시간           0.42 초
      cpu 시간            0.86 초
      


NOTE: 1002개의 관측값을 데이터셋 WORK.FAGE_THRESHOLD_STATS.에서 읽었습니다.
NOTE: 데이터셋 WORK.FAGE_THRESHOLD_STATS에 1002개의 관측값과 7개의 변수가 있습니다.
NOTE: DATA 문장 실행 (총 프로세스 시간):
      실행 시간           0.00 초
      cpu 시간            0.01 초
      


NOTE: 1002개의 관측값을 데이터셋 WORK.FAGE_THRESHOLD_STATS.에서 읽었습니다.
NOTE: 데이터셋 WORK.FAGE_THRESHOLD_STATS에 1002개의 관측값과 7개의 변수가 있습니다.
NOTE: 프로시저 SORT 실행 (총 프로세스 시간):
      실행 시간           0.00 초
      cpu 시간            0.00 초
      


NOTE: 1개의 관측값을 데이터셋 WORK.FAGE_THRESHOLD_STATS.에서 읽었습니다.
      WHERE fpr<=0.01;
NOTE: 데이터셋 WORK.TH_KCBERT_202에 1개의 관측값과 7개의 변수가 있습니다.
NOTE: DATA 문장 실행 (총 프로세스 시간):
      실행 시간           0.00 초
      cpu 시간            0.00 초
      


NOTE: 1개의 관측값을 데이터셋 WORK.TH_KCBERT_202.에서 읽었습니다.
111                                                        SAS 시스템      2026년  9월 18일 금요일 오전 02시 08분 06초

NOTE: DATA 문장 실행 (총 프로세스 시간):
      실행 시간           0.00 초
      cpu 시간            0.00 초
      


NOTE: 데이터셋 WORK.FAGE_TH_ROW에 1개의 관측값과 5개의 변수가 있습니다.
NOTE: DATA 문장 실행 (총 프로세스 시간):
      실행 시간           0.00 초
      cpu 시간            0.00 초
      


NOTE: WORK.FAGE_TH_ROW을(를) WORK.FAGE_THRESHOLDS에 추가하는 중입니다.
NOTE: 1개의 관측값을 데이터셋 WORK.FAGE_TH_ROW.에서 읽었습니다.
NOTE: 1개 관측값이 추가되었습니다.
NOTE: 데이터셋 WORK.FAGE_THRESHOLDS에 27개의 관측값과 5개의 변수가 있습니다.
NOTE: 프로시저 APPEND 실행 (총 프로세스 시간):
      실행 시간           0.00 초
      cpu 시간            0.01 초
      


NOTE: 2311개의 관측값을 데이터셋 WORK.FAGE_READ.에서 읽었습니다.
NOTE: 데이터셋 WORK.READ_ONE에 2311개의 관측값과 11개의 변수가 있습니다.
NOTE: DATA 문장 실행 (총 프로세스 시간):
      실행 시간           0.00 초
      cpu 시간            0.00 초
      


NOTE: WORK.READ_ONE을(를) WORK.FAGE_READOUT_SCORED에 추가하는 중입니다.
NOTE: 2311개의 관측값을 데이터셋 WORK.READ_ONE.에서 읽었습니다.
NOTE: 2311개 관측값이 추가되었습니다.
NOTE: 데이터셋 WORK.FAGE_READOUT_SCORED에 50197개의 관측값과 11개의 변수가 있습니다.
NOTE: 프로시저 APPEND 실행 (총 프로세스 시간):
      실행 시간           0.00 초
      cpu 시간            0.01 초
      

NOTE: seed=202 method=kcbert threshold=0.054

NOTE: 2311개의 관측값을 데이터셋 WORK.STACK_READ_202.에서 읽었습니다.
NOTE: 2311개의 관측값을 데이터셋 WORK.FAGE_READ_202.에서 읽었습니다.
NOTE: 데이터셋 WORK.READ_SCORED에 4622개의 관측값과 11개의 변수가 있습니다.
NOTE: DATA 문장 실행 (총 프로세스 시간):
      실행 시간           0.00 초
      cpu 시간            0.00 초
      


NOTE: WORK.READ_SCORED을(를) WORK.FAGE_READOUT_SCORED에 추가하는 중입니다.
NOTE: 4622개의 관측값을 데이터셋 WORK.READ_SCORED.에서 읽었습니다.
NOTE: 4622개 관측값이 추가되었습니다.
NOTE: 데이터셋 WORK.FAGE_READOUT_SCORED에 54819개의 관측값과 11개의 변수가 있습니다.
NOTE: 프로시저 APPEND 실행 (총 프로세스 시간):
      실행 시간           0.00 초
      cpu 시간            0.00 초
112                                                        SAS 시스템      2026년  9월 18일 금요일 오전 02시 08분 06초

      


NOTE: 2311개의 관측값을 데이터셋 WORK.READ_SCORED.에서 읽었습니다.
      WHERE method='stacking';
NOTE: FREQ 프로시저가 255 페이지를 인쇄했습니다.
NOTE: 프로시저 FREQ 실행 (총 프로세스 시간):
      실행 시간           0.01 초
      cpu 시간            0.01 초
      


NOTE: 2311개의 관측값을 데이터셋 WORK.READ_SCORED.에서 읽었습니다.
      WHERE method='fage';
NOTE: FREQ 프로시저가 256 페이지를 인쇄했습니다.
NOTE: 프로시저 FREQ 실행 (총 프로세스 시간):
      실행 시간           0.01 초
      cpu 시간            0.02 초
      


NOTE: 2311개의 관측값을 데이터셋 WORK.READ_SCORED.에서 읽었습니다.
      WHERE method='fage';
NOTE: FREQ 프로시저가 257 페이지를 인쇄했습니다.
NOTE: 프로시저 FREQ 실행 (총 프로세스 시간):
      실행 시간           0.01 초
      cpu 시간            0.02 초
      


NOTE: 20464개의 관측값을 데이터셋 WORK.FAGE.에서 읽었습니다.
NOTE: 데이터셋 WORK.FAGE_CAL에 1899개의 관측값과 19개의 변수가 있습니다.
NOTE: 데이터셋 WORK.FAGE_READ에 2262개의 관측값과 19개의 변수가 있습니다.
NOTE: DATA 문장 실행 (총 프로세스 시간):
      실행 시간           0.00 초
      cpu 시간            0.00 초
      

NOTE: 프로시저 SQL 실행 (총 프로세스 시간):
      실행 시간           0.00 초
      cpu 시간            0.00 초
      


NOTE: PROC LOGISTIC is modeling the probability that target=1.
NOTE: Convergence criterion (GCONV=1E-8) satisfied.
NOTE: 데이터셋 WORK.FAGE_STACK_CV_303에 1개의 관측값과 3개의 변수가 있습니다.
NOTE: 데이터셋 WORK.FAGE_STACK_FIT_303에 3개의 관측값과 4개의 변수가 있습니다.
NOTE: 데이터셋 WORK.FAGE_STACK_PE_303에 7개의 관측값과 7개의 변수가 있습니다.
NOTE: 1899개의 관측값을 데이터셋 WORK.FAGE_CAL.에서 읽었습니다.
NOTE: 데이터셋 WORK.FAGE_STACK_MODEL_303에 55개의 관측값과 6개의 변수가 있습니다.
NOTE: LOGISTIC 프로시저가 258-259 페이지를 인쇄했습니다.
NOTE: 프로시저 LOGISTIC 실행 (총 프로세스 시간):
      실행 시간           0.05 초
      cpu 시간            0.06 초
      


113                                                        SAS 시스템      2026년  9월 18일 금요일 오전 02시 08분 06초

NOTE: PROC LOGISTIC is modeling the probability that target=1.
NOTE: Convergence criterion (GCONV=1E-8) satisfied.
NOTE: 데이터셋 WORK.FAGE_CV_303에 1개의 관측값과 3개의 변수가 있습니다.
NOTE: 데이터셋 WORK.FAGE_FIT_303에 3개의 관측값과 4개의 변수가 있습니다.
NOTE: 데이터셋 WORK.FAGE_PE_303에 11개의 관측값과 7개의 변수가 있습니다.
NOTE: 1899개의 관측값을 데이터셋 WORK.FAGE_CAL.에서 읽었습니다.
NOTE: 데이터셋 WORK.FAGE_MODEL_303에 105개의 관측값과 6개의 변수가 있습니다.
NOTE: LOGISTIC 프로시저가 260-261 페이지를 인쇄했습니다.
NOTE: 프로시저 LOGISTIC 실행 (총 프로세스 시간):
      실행 시간           0.07 초
      cpu 시간            0.07 초
      


NOTE: 1개의 관측값을 데이터셋 WORK.FAGE_STACK_CV_303.에서 읽었습니다.
NOTE: DATA 문장 실행 (총 프로세스 시간):
      실행 시간           0.00 초
      cpu 시간            0.00 초
      


NOTE: 1개의 관측값을 데이터셋 WORK.FAGE_CV_303.에서 읽었습니다.
NOTE: DATA 문장 실행 (총 프로세스 시간):
      실행 시간           0.00 초
      cpu 시간            0.00 초
      


NOTE: 데이터셋 WORK.STACK_CAL_303에 1899개의 관측값과 23개의 변수가 있습니다.
NOTE: 데이터셋 WORK.STACK_READ_303에 2262개의 관측값과 23개의 변수가 있습니다.
NOTE: 프로시저 LOGISTIC 실행 (총 프로세스 시간):
      실행 시간           0.00 초
      cpu 시간            0.00 초
      


NOTE: 데이터셋 WORK.FAGE_CAL_303에 1899개의 관측값과 23개의 변수가 있습니다.
NOTE: 데이터셋 WORK.FAGE_READ_303에 2262개의 관측값과 23개의 변수가 있습니다.
NOTE: 프로시저 LOGISTIC 실행 (총 프로세스 시간):
      실행 시간           0.00 초
      cpu 시간            0.02 초
      


NOTE: 1899개의 관측값을 데이터셋 WORK.STACK_CAL_303.에서 읽었습니다.
NOTE: 데이터셋 WORK.FAGE_GRID에 1902798개의 관측값과 26개의 변수가 있습니다.
NOTE: DATA 문장 실행 (총 프로세스 시간):
      실행 시간           2.59 초
      cpu 시간            0.46 초
      

NOTE: Table WORK.FAGE_THRESHOLD_STATS created, with 1002 rows and 5 columns.

NOTE: 프로시저 SQL 실행 (총 프로세스 시간):
      실행 시간           0.45 초
      cpu 시간            0.93 초
      

114                                                        SAS 시스템      2026년  9월 18일 금요일 오전 02시 08분 09초


NOTE: 1002개의 관측값을 데이터셋 WORK.FAGE_THRESHOLD_STATS.에서 읽었습니다.
NOTE: 데이터셋 WORK.FAGE_THRESHOLD_STATS에 1002개의 관측값과 7개의 변수가 있습니다.
NOTE: DATA 문장 실행 (총 프로세스 시간):
      실행 시간           0.00 초
      cpu 시간            0.00 초
      


NOTE: 1002개의 관측값을 데이터셋 WORK.FAGE_THRESHOLD_STATS.에서 읽었습니다.
NOTE: 데이터셋 WORK.FAGE_THRESHOLD_STATS에 1002개의 관측값과 7개의 변수가 있습니다.
NOTE: 프로시저 SORT 실행 (총 프로세스 시간):
      실행 시간           0.00 초
      cpu 시간            0.00 초
      


NOTE: 1개의 관측값을 데이터셋 WORK.FAGE_THRESHOLD_STATS.에서 읽었습니다.
      WHERE fpr<=0.01;
NOTE: 데이터셋 WORK.TH_STACK_303에 1개의 관측값과 7개의 변수가 있습니다.
NOTE: DATA 문장 실행 (총 프로세스 시간):
      실행 시간           0.00 초
      cpu 시간            0.01 초
      


NOTE: 1개의 관측값을 데이터셋 WORK.TH_STACK_303.에서 읽었습니다.
NOTE: DATA 문장 실행 (총 프로세스 시간):
      실행 시간           0.00 초
      cpu 시간            0.00 초
      


NOTE: 데이터셋 WORK.FAGE_TH_ROW에 1개의 관측값과 5개의 변수가 있습니다.
NOTE: DATA 문장 실행 (총 프로세스 시간):
      실행 시간           0.00 초
      cpu 시간            0.00 초
      


NOTE: WORK.FAGE_TH_ROW을(를) WORK.FAGE_THRESHOLDS에 추가하는 중입니다.
NOTE: 1개의 관측값을 데이터셋 WORK.FAGE_TH_ROW.에서 읽었습니다.
NOTE: 1개 관측값이 추가되었습니다.
NOTE: 데이터셋 WORK.FAGE_THRESHOLDS에 28개의 관측값과 5개의 변수가 있습니다.
NOTE: 프로시저 APPEND 실행 (총 프로세스 시간):
      실행 시간           0.00 초
      cpu 시간            0.00 초
      


NOTE: 1899개의 관측값을 데이터셋 WORK.FAGE_CAL_303.에서 읽었습니다.
NOTE: 데이터셋 WORK.FAGE_GRID에 1902798개의 관측값과 26개의 변수가 있습니다.
NOTE: DATA 문장 실행 (총 프로세스 시간):
      실행 시간           2.68 초
      cpu 시간            0.49 초
      

NOTE: Table WORK.FAGE_THRESHOLD_STATS created, with 1002 rows and 5 columns.
115                                                        SAS 시스템      2026년  9월 18일 금요일 오전 02시 08분 12초


NOTE: 프로시저 SQL 실행 (총 프로세스 시간):
      실행 시간           0.48 초
      cpu 시간            0.95 초
      


NOTE: 1002개의 관측값을 데이터셋 WORK.FAGE_THRESHOLD_STATS.에서 읽었습니다.
NOTE: 데이터셋 WORK.FAGE_THRESHOLD_STATS에 1002개의 관측값과 7개의 변수가 있습니다.
NOTE: DATA 문장 실행 (총 프로세스 시간):
      실행 시간           0.00 초
      cpu 시간            0.00 초
      


NOTE: 1002개의 관측값을 데이터셋 WORK.FAGE_THRESHOLD_STATS.에서 읽었습니다.
NOTE: 데이터셋 WORK.FAGE_THRESHOLD_STATS에 1002개의 관측값과 7개의 변수가 있습니다.
NOTE: 프로시저 SORT 실행 (총 프로세스 시간):
      실행 시간           0.00 초
      cpu 시간            0.00 초
      


NOTE: 1개의 관측값을 데이터셋 WORK.FAGE_THRESHOLD_STATS.에서 읽었습니다.
      WHERE fpr<=0.01;
NOTE: 데이터셋 WORK.TH_FAGE_303에 1개의 관측값과 7개의 변수가 있습니다.
NOTE: DATA 문장 실행 (총 프로세스 시간):
      실행 시간           0.00 초
      cpu 시간            0.00 초
      


NOTE: 1개의 관측값을 데이터셋 WORK.TH_FAGE_303.에서 읽었습니다.
NOTE: DATA 문장 실행 (총 프로세스 시간):
      실행 시간           0.00 초
      cpu 시간            0.00 초
      


NOTE: 데이터셋 WORK.FAGE_TH_ROW에 1개의 관측값과 5개의 변수가 있습니다.
NOTE: DATA 문장 실행 (총 프로세스 시간):
      실행 시간           0.00 초
      cpu 시간            0.00 초
      


NOTE: WORK.FAGE_TH_ROW을(를) WORK.FAGE_THRESHOLDS에 추가하는 중입니다.
NOTE: 1개의 관측값을 데이터셋 WORK.FAGE_TH_ROW.에서 읽었습니다.
NOTE: 1개 관측값이 추가되었습니다.
NOTE: 데이터셋 WORK.FAGE_THRESHOLDS에 29개의 관측값과 5개의 변수가 있습니다.
NOTE: 프로시저 APPEND 실행 (총 프로세스 시간):
      실행 시간           0.00 초
      cpu 시간            0.01 초
      

NOTE: seed=303 stacking_threshold=0.58 fage_threshold=0.523
NOTE: 프로시저 SQL 실행 (총 프로세스 시간):
      실행 시간           0.00 초
116                                                        SAS 시스템      2026년  9월 18일 금요일 오전 02시 08분 12초

      cpu 시간            0.00 초
      


NOTE: 1899개의 관측값을 데이터셋 WORK.FAGE_CAL.에서 읽었습니다.
NOTE: 데이터셋 WORK.FAGE_CAL에 1899개의 관측값과 21개의 변수가 있습니다.
NOTE: DATA 문장 실행 (총 프로세스 시간):
      실행 시간           0.00 초
      cpu 시간            0.00 초
      

NOTE: 프로시저 SQL 실행 (총 프로세스 시간):
      실행 시간           0.00 초
      cpu 시간            0.00 초
      


NOTE: 1899개의 관측값을 데이터셋 WORK.FAGE_CAL.에서 읽었습니다.
NOTE: 데이터셋 WORK.FAGE_CAL에 1899개의 관측값과 22개의 변수가 있습니다.
NOTE: DATA 문장 실행 (총 프로세스 시간):
      실행 시간           0.00 초
      cpu 시간            0.01 초
      


NOTE: PROC LOGISTIC is modeling the probability that target=1.
NOTE: Convergence criterion (GCONV=1E-8) satisfied.
NOTE: 데이터셋 WORK.FAGE_A_CV_303에 1개의 관측값과 3개의 변수가 있습니다.
NOTE: 데이터셋 WORK.FAGE_A_FIT_303에 3개의 관측값과 4개의 변수가 있습니다.
NOTE: 데이터셋 WORK.FAGE_A_PE_303에 11개의 관측값과 7개의 변수가 있습니다.
NOTE: 1899개의 관측값을 데이터셋 WORK.FAGE_CAL.에서 읽었습니다.
NOTE: 데이터셋 WORK.FAGE_A_MODEL_303에 106개의 관측값과 6개의 변수가 있습니다.
NOTE: LOGISTIC 프로시저가 262-263 페이지를 인쇄했습니다.
NOTE: 프로시저 LOGISTIC 실행 (총 프로세스 시간):
      실행 시간           0.06 초
      cpu 시간            0.06 초
      


NOTE: 1개의 관측값을 데이터셋 WORK.FAGE_A_CV_303.에서 읽었습니다.
NOTE: DATA 문장 실행 (총 프로세스 시간):
      실행 시간           0.00 초
      cpu 시간            0.00 초
      


NOTE: 데이터셋 WORK.FAGE_A_CAL_303에 1899개의 관측값과 26개의 변수가 있습니다.
NOTE: 데이터셋 WORK.FAGE_A_READ_303에 2262개의 관측값과 23개의 변수가 있습니다.
NOTE: 프로시저 LOGISTIC 실행 (총 프로세스 시간):
      실행 시간           0.00 초
      cpu 시간            0.01 초
      


NOTE: 1899개의 관측값을 데이터셋 WORK.FAGE_A_CAL_303.에서 읽었습니다.
NOTE: 데이터셋 WORK.FAGE_GRID에 1902798개의 관측값과 29개의 변수가 있습니다.
NOTE: DATA 문장 실행 (총 프로세스 시간):
      실행 시간           2.98 초
117                                                        SAS 시스템      2026년  9월 18일 금요일 오전 02시 08분 15초

      cpu 시간            0.51 초
      

NOTE: Table WORK.FAGE_THRESHOLD_STATS created, with 1002 rows and 5 columns.

NOTE: 프로시저 SQL 실행 (총 프로세스 시간):
      실행 시간           0.44 초
      cpu 시간            0.92 초
      


NOTE: 1002개의 관측값을 데이터셋 WORK.FAGE_THRESHOLD_STATS.에서 읽었습니다.
NOTE: 데이터셋 WORK.FAGE_THRESHOLD_STATS에 1002개의 관측값과 7개의 변수가 있습니다.
NOTE: DATA 문장 실행 (총 프로세스 시간):
      실행 시간           0.00 초
      cpu 시간            0.00 초
      


NOTE: 1002개의 관측값을 데이터셋 WORK.FAGE_THRESHOLD_STATS.에서 읽었습니다.
NOTE: 데이터셋 WORK.FAGE_THRESHOLD_STATS에 1002개의 관측값과 7개의 변수가 있습니다.
NOTE: 프로시저 SORT 실행 (총 프로세스 시간):
      실행 시간           0.00 초
      cpu 시간            0.00 초
      


NOTE: 1개의 관측값을 데이터셋 WORK.FAGE_THRESHOLD_STATS.에서 읽었습니다.
      WHERE fpr<=0.01;
NOTE: 데이터셋 WORK.TH_FAGE_A_303에 1개의 관측값과 7개의 변수가 있습니다.
NOTE: DATA 문장 실행 (총 프로세스 시간):
      실행 시간           0.00 초
      cpu 시간            0.00 초
      


NOTE: 1개의 관측값을 데이터셋 WORK.TH_FAGE_A_303.에서 읽었습니다.
NOTE: DATA 문장 실행 (총 프로세스 시간):
      실행 시간           0.00 초
      cpu 시간            0.00 초
      


NOTE: 데이터셋 WORK.FAGE_TH_ROW에 1개의 관측값과 5개의 변수가 있습니다.
NOTE: DATA 문장 실행 (총 프로세스 시간):
      실행 시간           0.00 초
      cpu 시간            0.00 초
      


NOTE: WORK.FAGE_TH_ROW을(를) WORK.FAGE_THRESHOLDS에 추가하는 중입니다.
NOTE: 1개의 관측값을 데이터셋 WORK.FAGE_TH_ROW.에서 읽었습니다.
NOTE: 1개 관측값이 추가되었습니다.
NOTE: 데이터셋 WORK.FAGE_THRESHOLDS에 30개의 관측값과 5개의 변수가 있습니다.
NOTE: 프로시저 APPEND 실행 (총 프로세스 시간):
      실행 시간           0.00 초
      cpu 시간            0.00 초
      
118                                                        SAS 시스템      2026년  9월 18일 금요일 오전 02시 08분 16초



NOTE: 2262개의 관측값을 데이터셋 WORK.FAGE_A_READ_303.에서 읽었습니다.
NOTE: 데이터셋 WORK.READ_ONE에 2262개의 관측값과 11개의 변수가 있습니다.
NOTE: DATA 문장 실행 (총 프로세스 시간):
      실행 시간           0.00 초
      cpu 시간            0.00 초
      


NOTE: WORK.READ_ONE을(를) WORK.FAGE_READOUT_SCORED에 추가하는 중입니다.
NOTE: 2262개의 관측값을 데이터셋 WORK.READ_ONE.에서 읽었습니다.
NOTE: 2262개 관측값이 추가되었습니다.
NOTE: 데이터셋 WORK.FAGE_READOUT_SCORED에 57081개의 관측값과 11개의 변수가 있습니다.
NOTE: 프로시저 APPEND 실행 (총 프로세스 시간):
      실행 시간           0.00 초
      cpu 시간            0.01 초
      

NOTE: seed=303 method=fage_a threshold=0.794

NOTE: PROC LOGISTIC is modeling the probability that target=1.
NOTE: Convergence criterion (GCONV=1E-8) satisfied.
NOTE: 데이터셋 WORK.FAGE_C_CV_303에 1개의 관측값과 3개의 변수가 있습니다.
NOTE: 데이터셋 WORK.FAGE_C_FIT_303에 3개의 관측값과 4개의 변수가 있습니다.
NOTE: 데이터셋 WORK.FAGE_C_PE_303에 11개의 관측값과 7개의 변수가 있습니다.
NOTE: 1899개의 관측값을 데이터셋 WORK.FAGE_CAL.에서 읽었습니다.
NOTE: 데이터셋 WORK.FAGE_C_MODEL_303에 106개의 관측값과 6개의 변수가 있습니다.
NOTE: LOGISTIC 프로시저가 264-265 페이지를 인쇄했습니다.
NOTE: 프로시저 LOGISTIC 실행 (총 프로세스 시간):
      실행 시간           0.06 초
      cpu 시간            0.06 초
      


NOTE: 1개의 관측값을 데이터셋 WORK.FAGE_C_CV_303.에서 읽었습니다.
NOTE: DATA 문장 실행 (총 프로세스 시간):
      실행 시간           0.00 초
      cpu 시간            0.00 초
      


NOTE: 데이터셋 WORK.FAGE_C_CAL_303에 1899개의 관측값과 26개의 변수가 있습니다.
NOTE: 데이터셋 WORK.FAGE_C_READ_303에 2262개의 관측값과 23개의 변수가 있습니다.
NOTE: 프로시저 LOGISTIC 실행 (총 프로세스 시간):
      실행 시간           0.00 초
      cpu 시간            0.01 초
      


NOTE: 1899개의 관측값을 데이터셋 WORK.FAGE_C_CAL_303.에서 읽었습니다.
NOTE: 데이터셋 WORK.FAGE_GRID에 1902798개의 관측값과 29개의 변수가 있습니다.
NOTE: DATA 문장 실행 (총 프로세스 시간):
      실행 시간           2.86 초
      cpu 시간            0.52 초
      

NOTE: Table WORK.FAGE_THRESHOLD_STATS created, with 1002 rows and 5 columns.
119                                                        SAS 시스템      2026년  9월 18일 금요일 오전 02시 08분 19초


NOTE: 프로시저 SQL 실행 (총 프로세스 시간):
      실행 시간           0.45 초
      cpu 시간            0.89 초
      


NOTE: 1002개의 관측값을 데이터셋 WORK.FAGE_THRESHOLD_STATS.에서 읽었습니다.
NOTE: 데이터셋 WORK.FAGE_THRESHOLD_STATS에 1002개의 관측값과 7개의 변수가 있습니다.
NOTE: DATA 문장 실행 (총 프로세스 시간):
      실행 시간           0.00 초
      cpu 시간            0.00 초
      


NOTE: 1002개의 관측값을 데이터셋 WORK.FAGE_THRESHOLD_STATS.에서 읽었습니다.
NOTE: 데이터셋 WORK.FAGE_THRESHOLD_STATS에 1002개의 관측값과 7개의 변수가 있습니다.
NOTE: 프로시저 SORT 실행 (총 프로세스 시간):
      실행 시간           0.00 초
      cpu 시간            0.00 초
      


NOTE: 1개의 관측값을 데이터셋 WORK.FAGE_THRESHOLD_STATS.에서 읽었습니다.
      WHERE fpr<=0.01;
NOTE: 데이터셋 WORK.TH_FAGE_C_303에 1개의 관측값과 7개의 변수가 있습니다.
NOTE: DATA 문장 실행 (총 프로세스 시간):
      실행 시간           0.00 초
      cpu 시간            0.00 초
      


NOTE: 1개의 관측값을 데이터셋 WORK.TH_FAGE_C_303.에서 읽었습니다.
NOTE: DATA 문장 실행 (총 프로세스 시간):
      실행 시간           0.00 초
      cpu 시간            0.00 초
      


NOTE: 데이터셋 WORK.FAGE_TH_ROW에 1개의 관측값과 5개의 변수가 있습니다.
NOTE: DATA 문장 실행 (총 프로세스 시간):
      실행 시간           0.00 초
      cpu 시간            0.00 초
      


NOTE: WORK.FAGE_TH_ROW을(를) WORK.FAGE_THRESHOLDS에 추가하는 중입니다.
NOTE: 1개의 관측값을 데이터셋 WORK.FAGE_TH_ROW.에서 읽었습니다.
NOTE: 1개 관측값이 추가되었습니다.
NOTE: 데이터셋 WORK.FAGE_THRESHOLDS에 31개의 관측값과 5개의 변수가 있습니다.
NOTE: 프로시저 APPEND 실행 (총 프로세스 시간):
      실행 시간           0.00 초
      cpu 시간            0.00 초
      


NOTE: 2262개의 관측값을 데이터셋 WORK.FAGE_C_READ_303.에서 읽었습니다.
NOTE: 데이터셋 WORK.READ_ONE에 2262개의 관측값과 11개의 변수가 있습니다.
120                                                        SAS 시스템      2026년  9월 18일 금요일 오전 02시 08분 19초

NOTE: DATA 문장 실행 (총 프로세스 시간):
      실행 시간           0.00 초
      cpu 시간            0.01 초
      


NOTE: WORK.READ_ONE을(를) WORK.FAGE_READOUT_SCORED에 추가하는 중입니다.
NOTE: 2262개의 관측값을 데이터셋 WORK.READ_ONE.에서 읽었습니다.
NOTE: 2262개 관측값이 추가되었습니다.
NOTE: 데이터셋 WORK.FAGE_READOUT_SCORED에 59343개의 관측값과 11개의 변수가 있습니다.
NOTE: 프로시저 APPEND 실행 (총 프로세스 시간):
      실행 시간           0.00 초
      cpu 시간            0.00 초
      

NOTE: seed=303 method=fage_c threshold=0.825

NOTE: 1899개의 관측값을 데이터셋 WORK.FAGE_CAL.에서 읽었습니다.
NOTE: 데이터셋 WORK.FAGE_GRID에 1902798개의 관측값과 25개의 변수가 있습니다.
NOTE: DATA 문장 실행 (총 프로세스 시간):
      실행 시간           2.54 초
      cpu 시간            0.45 초
      

NOTE: Table WORK.FAGE_THRESHOLD_STATS created, with 1002 rows and 5 columns.

NOTE: 프로시저 SQL 실행 (총 프로세스 시간):
      실행 시간           0.44 초
      cpu 시간            0.93 초
      


NOTE: 1002개의 관측값을 데이터셋 WORK.FAGE_THRESHOLD_STATS.에서 읽었습니다.
NOTE: 데이터셋 WORK.FAGE_THRESHOLD_STATS에 1002개의 관측값과 7개의 변수가 있습니다.
NOTE: DATA 문장 실행 (총 프로세스 시간):
      실행 시간           0.00 초
      cpu 시간            0.00 초
      


NOTE: 1002개의 관측값을 데이터셋 WORK.FAGE_THRESHOLD_STATS.에서 읽었습니다.
NOTE: 데이터셋 WORK.FAGE_THRESHOLD_STATS에 1002개의 관측값과 7개의 변수가 있습니다.
NOTE: 프로시저 SORT 실행 (총 프로세스 시간):
      실행 시간           0.00 초
      cpu 시간            0.00 초
      


NOTE: 1개의 관측값을 데이터셋 WORK.FAGE_THRESHOLD_STATS.에서 읽었습니다.
      WHERE fpr<=0.01;
NOTE: 데이터셋 WORK.TH_LR_A_303에 1개의 관측값과 7개의 변수가 있습니다.
NOTE: DATA 문장 실행 (총 프로세스 시간):
      실행 시간           0.00 초
      cpu 시간            0.00 초
      


NOTE: 1개의 관측값을 데이터셋 WORK.TH_LR_A_303.에서 읽었습니다.
121                                                        SAS 시스템      2026년  9월 18일 금요일 오전 02시 08분 22초

NOTE: DATA 문장 실행 (총 프로세스 시간):
      실행 시간           0.00 초
      cpu 시간            0.00 초
      


NOTE: 데이터셋 WORK.FAGE_TH_ROW에 1개의 관측값과 5개의 변수가 있습니다.
NOTE: DATA 문장 실행 (총 프로세스 시간):
      실행 시간           0.00 초
      cpu 시간            0.00 초
      


NOTE: WORK.FAGE_TH_ROW을(를) WORK.FAGE_THRESHOLDS에 추가하는 중입니다.
NOTE: 1개의 관측값을 데이터셋 WORK.FAGE_TH_ROW.에서 읽었습니다.
NOTE: 1개 관측값이 추가되었습니다.
NOTE: 데이터셋 WORK.FAGE_THRESHOLDS에 32개의 관측값과 5개의 변수가 있습니다.
NOTE: 프로시저 APPEND 실행 (총 프로세스 시간):
      실행 시간           0.00 초
      cpu 시간            0.00 초
      


NOTE: 2262개의 관측값을 데이터셋 WORK.FAGE_READ.에서 읽었습니다.
NOTE: 데이터셋 WORK.READ_ONE에 2262개의 관측값과 11개의 변수가 있습니다.
NOTE: DATA 문장 실행 (총 프로세스 시간):
      실행 시간           0.00 초
      cpu 시간            0.00 초
      


NOTE: WORK.READ_ONE을(를) WORK.FAGE_READOUT_SCORED에 추가하는 중입니다.
NOTE: 2262개의 관측값을 데이터셋 WORK.READ_ONE.에서 읽었습니다.
NOTE: 2262개 관측값이 추가되었습니다.
NOTE: 데이터셋 WORK.FAGE_READOUT_SCORED에 61605개의 관측값과 11개의 변수가 있습니다.
NOTE: 프로시저 APPEND 실행 (총 프로세스 시간):
      실행 시간           0.00 초
      cpu 시간            0.00 초
      

NOTE: seed=303 method=lr_a threshold=0.538

NOTE: 1899개의 관측값을 데이터셋 WORK.FAGE_CAL.에서 읽었습니다.
NOTE: 데이터셋 WORK.FAGE_GRID에 1902798개의 관측값과 25개의 변수가 있습니다.
NOTE: DATA 문장 실행 (총 프로세스 시간):
      실행 시간           2.58 초
      cpu 시간            0.46 초
      

NOTE: Table WORK.FAGE_THRESHOLD_STATS created, with 1002 rows and 5 columns.

NOTE: 프로시저 SQL 실행 (총 프로세스 시간):
      실행 시간           0.48 초
      cpu 시간            0.99 초
      


NOTE: 1002개의 관측값을 데이터셋 WORK.FAGE_THRESHOLD_STATS.에서 읽었습니다.
122                                                        SAS 시스템      2026년  9월 18일 금요일 오전 02시 08분 25초

NOTE: 데이터셋 WORK.FAGE_THRESHOLD_STATS에 1002개의 관측값과 7개의 변수가 있습니다.
NOTE: DATA 문장 실행 (총 프로세스 시간):
      실행 시간           0.00 초
      cpu 시간            0.00 초
      


NOTE: 1002개의 관측값을 데이터셋 WORK.FAGE_THRESHOLD_STATS.에서 읽었습니다.
NOTE: 데이터셋 WORK.FAGE_THRESHOLD_STATS에 1002개의 관측값과 7개의 변수가 있습니다.
NOTE: 프로시저 SORT 실행 (총 프로세스 시간):
      실행 시간           0.00 초
      cpu 시간            0.00 초
      


NOTE: 1개의 관측값을 데이터셋 WORK.FAGE_THRESHOLD_STATS.에서 읽었습니다.
      WHERE fpr<=0.01;
NOTE: 데이터셋 WORK.TH_LR_B_303에 1개의 관측값과 7개의 변수가 있습니다.
NOTE: DATA 문장 실행 (총 프로세스 시간):
      실행 시간           0.00 초
      cpu 시간            0.00 초
      


NOTE: 1개의 관측값을 데이터셋 WORK.TH_LR_B_303.에서 읽었습니다.
NOTE: DATA 문장 실행 (총 프로세스 시간):
      실행 시간           0.00 초
      cpu 시간            0.00 초
      


NOTE: 데이터셋 WORK.FAGE_TH_ROW에 1개의 관측값과 5개의 변수가 있습니다.
NOTE: DATA 문장 실행 (총 프로세스 시간):
      실행 시간           0.00 초
      cpu 시간            0.00 초
      


NOTE: WORK.FAGE_TH_ROW을(를) WORK.FAGE_THRESHOLDS에 추가하는 중입니다.
NOTE: 1개의 관측값을 데이터셋 WORK.FAGE_TH_ROW.에서 읽었습니다.
NOTE: 1개 관측값이 추가되었습니다.
NOTE: 데이터셋 WORK.FAGE_THRESHOLDS에 33개의 관측값과 5개의 변수가 있습니다.
NOTE: 프로시저 APPEND 실행 (총 프로세스 시간):
      실행 시간           0.00 초
      cpu 시간            0.00 초
      


NOTE: 2262개의 관측값을 데이터셋 WORK.FAGE_READ.에서 읽었습니다.
NOTE: 데이터셋 WORK.READ_ONE에 2262개의 관측값과 11개의 변수가 있습니다.
NOTE: DATA 문장 실행 (총 프로세스 시간):
      실행 시간           0.00 초
      cpu 시간            0.01 초
      


NOTE: WORK.READ_ONE을(를) WORK.FAGE_READOUT_SCORED에 추가하는 중입니다.
NOTE: 2262개의 관측값을 데이터셋 WORK.READ_ONE.에서 읽었습니다.
123                                                        SAS 시스템      2026년  9월 18일 금요일 오전 02시 08분 25초

NOTE: 2262개 관측값이 추가되었습니다.
NOTE: 데이터셋 WORK.FAGE_READOUT_SCORED에 63867개의 관측값과 11개의 변수가 있습니다.
NOTE: 프로시저 APPEND 실행 (총 프로세스 시간):
      실행 시간           0.00 초
      cpu 시간            0.00 초
      

NOTE: seed=303 method=lr_b threshold=0.592

NOTE: 1899개의 관측값을 데이터셋 WORK.FAGE_CAL.에서 읽었습니다.
NOTE: 데이터셋 WORK.FAGE_GRID에 1902798개의 관측값과 25개의 변수가 있습니다.
NOTE: DATA 문장 실행 (총 프로세스 시간):
      실행 시간           2.60 초
      cpu 시간            0.49 초
      

NOTE: Table WORK.FAGE_THRESHOLD_STATS created, with 1002 rows and 5 columns.

NOTE: 프로시저 SQL 실행 (총 프로세스 시간):
      실행 시간           0.55 초
      cpu 시간            1.05 초
      


NOTE: 1002개의 관측값을 데이터셋 WORK.FAGE_THRESHOLD_STATS.에서 읽었습니다.
NOTE: 데이터셋 WORK.FAGE_THRESHOLD_STATS에 1002개의 관측값과 7개의 변수가 있습니다.
NOTE: DATA 문장 실행 (총 프로세스 시간):
      실행 시간           0.00 초
      cpu 시간            0.01 초
      


NOTE: 1002개의 관측값을 데이터셋 WORK.FAGE_THRESHOLD_STATS.에서 읽었습니다.
NOTE: 데이터셋 WORK.FAGE_THRESHOLD_STATS에 1002개의 관측값과 7개의 변수가 있습니다.
NOTE: 프로시저 SORT 실행 (총 프로세스 시간):
      실행 시간           0.00 초
      cpu 시간            0.00 초
      


NOTE: 1개의 관측값을 데이터셋 WORK.FAGE_THRESHOLD_STATS.에서 읽었습니다.
      WHERE fpr<=0.01;
NOTE: 데이터셋 WORK.TH_LR_C_303에 1개의 관측값과 7개의 변수가 있습니다.
NOTE: DATA 문장 실행 (총 프로세스 시간):
      실행 시간           0.00 초
      cpu 시간            0.00 초
      


NOTE: 1개의 관측값을 데이터셋 WORK.TH_LR_C_303.에서 읽었습니다.
NOTE: DATA 문장 실행 (총 프로세스 시간):
      실행 시간           0.00 초
      cpu 시간            0.00 초
      


NOTE: 데이터셋 WORK.FAGE_TH_ROW에 1개의 관측값과 5개의 변수가 있습니다.
NOTE: DATA 문장 실행 (총 프로세스 시간):
124                                                        SAS 시스템      2026년  9월 18일 금요일 오전 02시 08분 29초

      실행 시간           0.00 초
      cpu 시간            0.00 초
      


NOTE: WORK.FAGE_TH_ROW을(를) WORK.FAGE_THRESHOLDS에 추가하는 중입니다.
NOTE: 1개의 관측값을 데이터셋 WORK.FAGE_TH_ROW.에서 읽었습니다.
NOTE: 1개 관측값이 추가되었습니다.
NOTE: 데이터셋 WORK.FAGE_THRESHOLDS에 34개의 관측값과 5개의 변수가 있습니다.
NOTE: 프로시저 APPEND 실행 (총 프로세스 시간):
      실행 시간           0.00 초
      cpu 시간            0.00 초
      


NOTE: 2262개의 관측값을 데이터셋 WORK.FAGE_READ.에서 읽었습니다.
NOTE: 데이터셋 WORK.READ_ONE에 2262개의 관측값과 11개의 변수가 있습니다.
NOTE: DATA 문장 실행 (총 프로세스 시간):
      실행 시간           0.00 초
      cpu 시간            0.01 초
      


NOTE: WORK.READ_ONE을(를) WORK.FAGE_READOUT_SCORED에 추가하는 중입니다.
NOTE: 2262개의 관측값을 데이터셋 WORK.READ_ONE.에서 읽었습니다.
NOTE: 2262개 관측값이 추가되었습니다.
NOTE: 데이터셋 WORK.FAGE_READOUT_SCORED에 66129개의 관측값과 11개의 변수가 있습니다.
NOTE: 프로시저 APPEND 실행 (총 프로세스 시간):
      실행 시간           0.00 초
      cpu 시간            0.00 초
      

NOTE: seed=303 method=lr_c threshold=0.499

NOTE: 1899개의 관측값을 데이터셋 WORK.FAGE_CAL.에서 읽었습니다.
NOTE: 데이터셋 WORK.FAGE_GRID에 1902798개의 관측값과 25개의 변수가 있습니다.
NOTE: DATA 문장 실행 (총 프로세스 시간):
      실행 시간           2.62 초
      cpu 시간            0.49 초
      

NOTE: Table WORK.FAGE_THRESHOLD_STATS created, with 1002 rows and 5 columns.

NOTE: 프로시저 SQL 실행 (총 프로세스 시간):
      실행 시간           0.44 초
      cpu 시간            0.92 초
      


NOTE: 1002개의 관측값을 데이터셋 WORK.FAGE_THRESHOLD_STATS.에서 읽었습니다.
NOTE: 데이터셋 WORK.FAGE_THRESHOLD_STATS에 1002개의 관측값과 7개의 변수가 있습니다.
NOTE: DATA 문장 실행 (총 프로세스 시간):
      실행 시간           0.00 초
      cpu 시간            0.00 초
      


NOTE: 1002개의 관측값을 데이터셋 WORK.FAGE_THRESHOLD_STATS.에서 읽었습니다.
125                                                        SAS 시스템      2026년  9월 18일 금요일 오전 02시 08분 32초

NOTE: 데이터셋 WORK.FAGE_THRESHOLD_STATS에 1002개의 관측값과 7개의 변수가 있습니다.
NOTE: 프로시저 SORT 실행 (총 프로세스 시간):
      실행 시간           0.00 초
      cpu 시간            0.00 초
      


NOTE: 1개의 관측값을 데이터셋 WORK.FAGE_THRESHOLD_STATS.에서 읽었습니다.
      WHERE fpr<=0.01;
NOTE: 데이터셋 WORK.TH_WORD_303에 1개의 관측값과 7개의 변수가 있습니다.
NOTE: DATA 문장 실행 (총 프로세스 시간):
      실행 시간           0.00 초
      cpu 시간            0.01 초
      


NOTE: 1개의 관측값을 데이터셋 WORK.TH_WORD_303.에서 읽었습니다.
NOTE: DATA 문장 실행 (총 프로세스 시간):
      실행 시간           0.00 초
      cpu 시간            0.00 초
      


NOTE: 데이터셋 WORK.FAGE_TH_ROW에 1개의 관측값과 5개의 변수가 있습니다.
NOTE: DATA 문장 실행 (총 프로세스 시간):
      실행 시간           0.00 초
      cpu 시간            0.00 초
      


NOTE: WORK.FAGE_TH_ROW을(를) WORK.FAGE_THRESHOLDS에 추가하는 중입니다.
NOTE: 1개의 관측값을 데이터셋 WORK.FAGE_TH_ROW.에서 읽었습니다.
NOTE: 1개 관측값이 추가되었습니다.
NOTE: 데이터셋 WORK.FAGE_THRESHOLDS에 35개의 관측값과 5개의 변수가 있습니다.
NOTE: 프로시저 APPEND 실행 (총 프로세스 시간):
      실행 시간           0.00 초
      cpu 시간            0.00 초
      


NOTE: 2262개의 관측값을 데이터셋 WORK.FAGE_READ.에서 읽었습니다.
NOTE: 데이터셋 WORK.READ_ONE에 2262개의 관측값과 11개의 변수가 있습니다.
NOTE: DATA 문장 실행 (총 프로세스 시간):
      실행 시간           0.00 초
      cpu 시간            0.00 초
      


NOTE: WORK.READ_ONE을(를) WORK.FAGE_READOUT_SCORED에 추가하는 중입니다.
NOTE: 2262개의 관측값을 데이터셋 WORK.READ_ONE.에서 읽었습니다.
NOTE: 2262개 관측값이 추가되었습니다.
NOTE: 데이터셋 WORK.FAGE_READOUT_SCORED에 68391개의 관측값과 11개의 변수가 있습니다.
NOTE: 프로시저 APPEND 실행 (총 프로세스 시간):
      실행 시간           0.00 초
      cpu 시간            0.00 초
      

NOTE: seed=303 method=word threshold=0.649
126                                                        SAS 시스템      2026년  9월 18일 금요일 오전 02시 08분 32초


NOTE: 1899개의 관측값을 데이터셋 WORK.FAGE_CAL.에서 읽었습니다.
NOTE: 데이터셋 WORK.FAGE_GRID에 1902798개의 관측값과 25개의 변수가 있습니다.
NOTE: DATA 문장 실행 (총 프로세스 시간):
      실행 시간           2.52 초
      cpu 시간            0.47 초
      

NOTE: Table WORK.FAGE_THRESHOLD_STATS created, with 1002 rows and 5 columns.

NOTE: 프로시저 SQL 실행 (총 프로세스 시간):
      실행 시간           0.45 초
      cpu 시간            0.94 초
      


NOTE: 1002개의 관측값을 데이터셋 WORK.FAGE_THRESHOLD_STATS.에서 읽었습니다.
NOTE: 데이터셋 WORK.FAGE_THRESHOLD_STATS에 1002개의 관측값과 7개의 변수가 있습니다.
NOTE: DATA 문장 실행 (총 프로세스 시간):
      실행 시간           0.00 초
      cpu 시간            0.01 초
      


NOTE: 1002개의 관측값을 데이터셋 WORK.FAGE_THRESHOLD_STATS.에서 읽었습니다.
NOTE: 데이터셋 WORK.FAGE_THRESHOLD_STATS에 1002개의 관측값과 7개의 변수가 있습니다.
NOTE: 프로시저 SORT 실행 (총 프로세스 시간):
      실행 시간           0.00 초
      cpu 시간            0.00 초
      


NOTE: 1개의 관측값을 데이터셋 WORK.FAGE_THRESHOLD_STATS.에서 읽었습니다.
      WHERE fpr<=0.01;
NOTE: 데이터셋 WORK.TH_KCBERT_303에 1개의 관측값과 7개의 변수가 있습니다.
NOTE: DATA 문장 실행 (총 프로세스 시간):
      실행 시간           0.00 초
      cpu 시간            0.00 초
      


NOTE: 1개의 관측값을 데이터셋 WORK.TH_KCBERT_303.에서 읽었습니다.
NOTE: DATA 문장 실행 (총 프로세스 시간):
      실행 시간           0.00 초
      cpu 시간            0.00 초
      


NOTE: 데이터셋 WORK.FAGE_TH_ROW에 1개의 관측값과 5개의 변수가 있습니다.
NOTE: DATA 문장 실행 (총 프로세스 시간):
      실행 시간           0.00 초
      cpu 시간            0.01 초
      


NOTE: WORK.FAGE_TH_ROW을(를) WORK.FAGE_THRESHOLDS에 추가하는 중입니다.
NOTE: 1개의 관측값을 데이터셋 WORK.FAGE_TH_ROW.에서 읽었습니다.
NOTE: 1개 관측값이 추가되었습니다.
127                                                        SAS 시스템      2026년  9월 18일 금요일 오전 02시 08분 35초

NOTE: 데이터셋 WORK.FAGE_THRESHOLDS에 36개의 관측값과 5개의 변수가 있습니다.
NOTE: 프로시저 APPEND 실행 (총 프로세스 시간):
      실행 시간           0.00 초
      cpu 시간            0.00 초
      


NOTE: 2262개의 관측값을 데이터셋 WORK.FAGE_READ.에서 읽었습니다.
NOTE: 데이터셋 WORK.READ_ONE에 2262개의 관측값과 11개의 변수가 있습니다.
NOTE: DATA 문장 실행 (총 프로세스 시간):
      실행 시간           0.00 초
      cpu 시간            0.00 초
      


NOTE: WORK.READ_ONE을(를) WORK.FAGE_READOUT_SCORED에 추가하는 중입니다.
NOTE: 2262개의 관측값을 데이터셋 WORK.READ_ONE.에서 읽었습니다.
NOTE: 2262개 관측값이 추가되었습니다.
NOTE: 데이터셋 WORK.FAGE_READOUT_SCORED에 70653개의 관측값과 11개의 변수가 있습니다.
NOTE: 프로시저 APPEND 실행 (총 프로세스 시간):
      실행 시간           0.00 초
      cpu 시간            0.00 초
      

NOTE: seed=303 method=kcbert threshold=0.756

NOTE: 2262개의 관측값을 데이터셋 WORK.STACK_READ_303.에서 읽었습니다.
NOTE: 2262개의 관측값을 데이터셋 WORK.FAGE_READ_303.에서 읽었습니다.
NOTE: 데이터셋 WORK.READ_SCORED에 4524개의 관측값과 11개의 변수가 있습니다.
NOTE: DATA 문장 실행 (총 프로세스 시간):
      실행 시간           0.00 초
      cpu 시간            0.00 초
      


NOTE: WORK.READ_SCORED을(를) WORK.FAGE_READOUT_SCORED에 추가하는 중입니다.
NOTE: 4524개의 관측값을 데이터셋 WORK.READ_SCORED.에서 읽었습니다.
NOTE: 4524개 관측값이 추가되었습니다.
NOTE: 데이터셋 WORK.FAGE_READOUT_SCORED에 75177개의 관측값과 11개의 변수가 있습니다.
NOTE: 프로시저 APPEND 실행 (총 프로세스 시간):
      실행 시간           0.00 초
      cpu 시간            0.01 초
      


NOTE: 2262개의 관측값을 데이터셋 WORK.READ_SCORED.에서 읽었습니다.
      WHERE method='stacking';
NOTE: FREQ 프로시저가 266 페이지를 인쇄했습니다.
NOTE: 프로시저 FREQ 실행 (총 프로세스 시간):
      실행 시간           0.02 초
      cpu 시간            0.01 초
      


NOTE: 2262개의 관측값을 데이터셋 WORK.READ_SCORED.에서 읽었습니다.
      WHERE method='fage';
NOTE: FREQ 프로시저가 267 페이지를 인쇄했습니다.
NOTE: 프로시저 FREQ 실행 (총 프로세스 시간):
128                                                        SAS 시스템      2026년  9월 18일 금요일 오전 02시 08분 35초

      실행 시간           0.01 초
      cpu 시간            0.02 초
      


NOTE: 2262개의 관측값을 데이터셋 WORK.READ_SCORED.에서 읽었습니다.
      WHERE method='fage';
NOTE: FREQ 프로시저가 268 페이지를 인쇄했습니다.
NOTE: 프로시저 FREQ 실행 (총 프로세스 시간):
      실행 시간           0.01 초
      cpu 시간            0.01 초
      


NOTE: 20464개의 관측값을 데이터셋 WORK.FAGE.에서 읽었습니다.
NOTE: 데이터셋 WORK.FAGE_CAL에 1988개의 관측값과 19개의 변수가 있습니다.
NOTE: 데이터셋 WORK.FAGE_READ에 1951개의 관측값과 19개의 변수가 있습니다.
NOTE: DATA 문장 실행 (총 프로세스 시간):
      실행 시간           0.00 초
      cpu 시간            0.00 초
      

NOTE: 프로시저 SQL 실행 (총 프로세스 시간):
      실행 시간           0.00 초
      cpu 시간            0.02 초
      


NOTE: PROC LOGISTIC is modeling the probability that target=1.
NOTE: Convergence criterion (GCONV=1E-8) satisfied.
NOTE: 데이터셋 WORK.FAGE_STACK_CV_404에 1개의 관측값과 3개의 변수가 있습니다.
NOTE: 데이터셋 WORK.FAGE_STACK_FIT_404에 3개의 관측값과 4개의 변수가 있습니다.
NOTE: 데이터셋 WORK.FAGE_STACK_PE_404에 7개의 관측값과 7개의 변수가 있습니다.
NOTE: 1988개의 관측값을 데이터셋 WORK.FAGE_CAL.에서 읽었습니다.
NOTE: 데이터셋 WORK.FAGE_STACK_MODEL_404에 55개의 관측값과 6개의 변수가 있습니다.
NOTE: LOGISTIC 프로시저가 269-270 페이지를 인쇄했습니다.
NOTE: 프로시저 LOGISTIC 실행 (총 프로세스 시간):
      실행 시간           0.05 초
      cpu 시간            0.05 초
      


NOTE: PROC LOGISTIC is modeling the probability that target=1.
NOTE: Convergence criterion (GCONV=1E-8) satisfied.
NOTE: 데이터셋 WORK.FAGE_CV_404에 1개의 관측값과 3개의 변수가 있습니다.
NOTE: 데이터셋 WORK.FAGE_FIT_404에 3개의 관측값과 4개의 변수가 있습니다.
NOTE: 데이터셋 WORK.FAGE_PE_404에 11개의 관측값과 7개의 변수가 있습니다.
NOTE: 1988개의 관측값을 데이터셋 WORK.FAGE_CAL.에서 읽었습니다.
NOTE: 데이터셋 WORK.FAGE_MODEL_404에 105개의 관측값과 6개의 변수가 있습니다.
NOTE: LOGISTIC 프로시저가 271-272 페이지를 인쇄했습니다.
NOTE: 프로시저 LOGISTIC 실행 (총 프로세스 시간):
      실행 시간           0.07 초
      cpu 시간            0.07 초
      


NOTE: 1개의 관측값을 데이터셋 WORK.FAGE_STACK_CV_404.에서 읽었습니다.
NOTE: DATA 문장 실행 (총 프로세스 시간):
129                                                        SAS 시스템      2026년  9월 18일 금요일 오전 02시 08분 35초

      실행 시간           0.00 초
      cpu 시간            0.00 초
      


NOTE: 1개의 관측값을 데이터셋 WORK.FAGE_CV_404.에서 읽었습니다.
NOTE: DATA 문장 실행 (총 프로세스 시간):
      실행 시간           0.00 초
      cpu 시간            0.00 초
      


NOTE: 데이터셋 WORK.STACK_CAL_404에 1988개의 관측값과 23개의 변수가 있습니다.
NOTE: 데이터셋 WORK.STACK_READ_404에 1951개의 관측값과 23개의 변수가 있습니다.
NOTE: 프로시저 LOGISTIC 실행 (총 프로세스 시간):
      실행 시간           0.00 초
      cpu 시간            0.00 초
      


NOTE: 데이터셋 WORK.FAGE_CAL_404에 1988개의 관측값과 23개의 변수가 있습니다.
NOTE: 데이터셋 WORK.FAGE_READ_404에 1951개의 관측값과 23개의 변수가 있습니다.
NOTE: 프로시저 LOGISTIC 실행 (총 프로세스 시간):
      실행 시간           0.00 초
      cpu 시간            0.01 초
      


NOTE: 1988개의 관측값을 데이터셋 WORK.STACK_CAL_404.에서 읽었습니다.
NOTE: 데이터셋 WORK.FAGE_GRID에 1991976개의 관측값과 26개의 변수가 있습니다.
NOTE: DATA 문장 실행 (총 프로세스 시간):
      실행 시간           3.13 초
      cpu 시간            0.52 초
      

NOTE: Table WORK.FAGE_THRESHOLD_STATS created, with 1002 rows and 5 columns.

NOTE: 프로시저 SQL 실행 (총 프로세스 시간):
      실행 시간           0.47 초
      cpu 시간            0.96 초
      


NOTE: 1002개의 관측값을 데이터셋 WORK.FAGE_THRESHOLD_STATS.에서 읽었습니다.
NOTE: 데이터셋 WORK.FAGE_THRESHOLD_STATS에 1002개의 관측값과 7개의 변수가 있습니다.
NOTE: DATA 문장 실행 (총 프로세스 시간):
      실행 시간           0.00 초
      cpu 시간            0.00 초
      


NOTE: 1002개의 관측값을 데이터셋 WORK.FAGE_THRESHOLD_STATS.에서 읽었습니다.
NOTE: 데이터셋 WORK.FAGE_THRESHOLD_STATS에 1002개의 관측값과 7개의 변수가 있습니다.
NOTE: 프로시저 SORT 실행 (총 프로세스 시간):
      실행 시간           0.00 초
      cpu 시간            0.00 초
      

130                                                        SAS 시스템      2026년  9월 18일 금요일 오전 02시 08분 38초


NOTE: 1개의 관측값을 데이터셋 WORK.FAGE_THRESHOLD_STATS.에서 읽었습니다.
      WHERE fpr<=0.01;
NOTE: 데이터셋 WORK.TH_STACK_404에 1개의 관측값과 7개의 변수가 있습니다.
NOTE: DATA 문장 실행 (총 프로세스 시간):
      실행 시간           0.00 초
      cpu 시간            0.00 초
      


NOTE: 1개의 관측값을 데이터셋 WORK.TH_STACK_404.에서 읽었습니다.
NOTE: DATA 문장 실행 (총 프로세스 시간):
      실행 시간           0.00 초
      cpu 시간            0.00 초
      


NOTE: 데이터셋 WORK.FAGE_TH_ROW에 1개의 관측값과 5개의 변수가 있습니다.
NOTE: DATA 문장 실행 (총 프로세스 시간):
      실행 시간           0.00 초
      cpu 시간            0.00 초
      


NOTE: WORK.FAGE_TH_ROW을(를) WORK.FAGE_THRESHOLDS에 추가하는 중입니다.
NOTE: 1개의 관측값을 데이터셋 WORK.FAGE_TH_ROW.에서 읽었습니다.
NOTE: 1개 관측값이 추가되었습니다.
NOTE: 데이터셋 WORK.FAGE_THRESHOLDS에 37개의 관측값과 5개의 변수가 있습니다.
NOTE: 프로시저 APPEND 실행 (총 프로세스 시간):
      실행 시간           0.00 초
      cpu 시간            0.00 초
      


NOTE: 1988개의 관측값을 데이터셋 WORK.FAGE_CAL_404.에서 읽었습니다.
NOTE: 데이터셋 WORK.FAGE_GRID에 1991976개의 관측값과 26개의 변수가 있습니다.
NOTE: DATA 문장 실행 (총 프로세스 시간):
      실행 시간           2.96 초
      cpu 시간            0.52 초
      

NOTE: Table WORK.FAGE_THRESHOLD_STATS created, with 1002 rows and 5 columns.

NOTE: 프로시저 SQL 실행 (총 프로세스 시간):
      실행 시간           0.50 초
      cpu 시간            1.01 초
      


NOTE: 1002개의 관측값을 데이터셋 WORK.FAGE_THRESHOLD_STATS.에서 읽었습니다.
NOTE: 데이터셋 WORK.FAGE_THRESHOLD_STATS에 1002개의 관측값과 7개의 변수가 있습니다.
NOTE: DATA 문장 실행 (총 프로세스 시간):
      실행 시간           0.00 초
      cpu 시간            0.00 초
      


NOTE: 1002개의 관측값을 데이터셋 WORK.FAGE_THRESHOLD_STATS.에서 읽었습니다.
131                                                        SAS 시스템      2026년  9월 18일 금요일 오전 02시 08분 42초

NOTE: 데이터셋 WORK.FAGE_THRESHOLD_STATS에 1002개의 관측값과 7개의 변수가 있습니다.
NOTE: 프로시저 SORT 실행 (총 프로세스 시간):
      실행 시간           0.00 초
      cpu 시간            0.00 초
      


NOTE: 1개의 관측값을 데이터셋 WORK.FAGE_THRESHOLD_STATS.에서 읽었습니다.
      WHERE fpr<=0.01;
NOTE: 데이터셋 WORK.TH_FAGE_404에 1개의 관측값과 7개의 변수가 있습니다.
NOTE: DATA 문장 실행 (총 프로세스 시간):
      실행 시간           0.00 초
      cpu 시간            0.00 초
      


NOTE: 1개의 관측값을 데이터셋 WORK.TH_FAGE_404.에서 읽었습니다.
NOTE: DATA 문장 실행 (총 프로세스 시간):
      실행 시간           0.00 초
      cpu 시간            0.00 초
      


NOTE: 데이터셋 WORK.FAGE_TH_ROW에 1개의 관측값과 5개의 변수가 있습니다.
NOTE: DATA 문장 실행 (총 프로세스 시간):
      실행 시간           0.00 초
      cpu 시간            0.00 초
      


NOTE: WORK.FAGE_TH_ROW을(를) WORK.FAGE_THRESHOLDS에 추가하는 중입니다.
NOTE: 1개의 관측값을 데이터셋 WORK.FAGE_TH_ROW.에서 읽었습니다.
NOTE: 1개 관측값이 추가되었습니다.
NOTE: 데이터셋 WORK.FAGE_THRESHOLDS에 38개의 관측값과 5개의 변수가 있습니다.
NOTE: 프로시저 APPEND 실행 (총 프로세스 시간):
      실행 시간           0.00 초
      cpu 시간            0.00 초
      

NOTE: seed=404 stacking_threshold=0.107 fage_threshold=0.23
NOTE: 프로시저 SQL 실행 (총 프로세스 시간):
      실행 시간           0.00 초
      cpu 시간            0.01 초
      


NOTE: 1988개의 관측값을 데이터셋 WORK.FAGE_CAL.에서 읽었습니다.
NOTE: 데이터셋 WORK.FAGE_CAL에 1988개의 관측값과 21개의 변수가 있습니다.
NOTE: DATA 문장 실행 (총 프로세스 시간):
      실행 시간           0.00 초
      cpu 시간            0.00 초
      

NOTE: 프로시저 SQL 실행 (총 프로세스 시간):
      실행 시간           0.00 초
      cpu 시간            0.00 초
      

132                                                        SAS 시스템      2026년  9월 18일 금요일 오전 02시 08분 42초


NOTE: 1988개의 관측값을 데이터셋 WORK.FAGE_CAL.에서 읽었습니다.
NOTE: 데이터셋 WORK.FAGE_CAL에 1988개의 관측값과 22개의 변수가 있습니다.
NOTE: DATA 문장 실행 (총 프로세스 시간):
      실행 시간           0.00 초
      cpu 시간            0.00 초
      


NOTE: PROC LOGISTIC is modeling the probability that target=1.
NOTE: Convergence criterion (GCONV=1E-8) satisfied.
NOTE: 데이터셋 WORK.FAGE_A_CV_404에 1개의 관측값과 3개의 변수가 있습니다.
NOTE: 데이터셋 WORK.FAGE_A_FIT_404에 3개의 관측값과 4개의 변수가 있습니다.
NOTE: 데이터셋 WORK.FAGE_A_PE_404에 11개의 관측값과 7개의 변수가 있습니다.
NOTE: 1988개의 관측값을 데이터셋 WORK.FAGE_CAL.에서 읽었습니다.
NOTE: 데이터셋 WORK.FAGE_A_MODEL_404에 106개의 관측값과 6개의 변수가 있습니다.
NOTE: LOGISTIC 프로시저가 273-274 페이지를 인쇄했습니다.
NOTE: 프로시저 LOGISTIC 실행 (총 프로세스 시간):
      실행 시간           0.06 초
      cpu 시간            0.07 초
      


NOTE: 1개의 관측값을 데이터셋 WORK.FAGE_A_CV_404.에서 읽었습니다.
NOTE: DATA 문장 실행 (총 프로세스 시간):
      실행 시간           0.00 초
      cpu 시간            0.00 초
      


NOTE: 데이터셋 WORK.FAGE_A_CAL_404에 1988개의 관측값과 26개의 변수가 있습니다.
NOTE: 데이터셋 WORK.FAGE_A_READ_404에 1951개의 관측값과 23개의 변수가 있습니다.
NOTE: 프로시저 LOGISTIC 실행 (총 프로세스 시간):
      실행 시간           0.00 초
      cpu 시간            0.00 초
      


NOTE: 1988개의 관측값을 데이터셋 WORK.FAGE_A_CAL_404.에서 읽었습니다.
NOTE: 데이터셋 WORK.FAGE_GRID에 1991976개의 관측값과 29개의 변수가 있습니다.
NOTE: DATA 문장 실행 (총 프로세스 시간):
      실행 시간           3.36 초
      cpu 시간            0.55 초
      

NOTE: Table WORK.FAGE_THRESHOLD_STATS created, with 1002 rows and 5 columns.

NOTE: 프로시저 SQL 실행 (총 프로세스 시간):
      실행 시간           0.46 초
      cpu 시간            0.94 초
      


NOTE: 1002개의 관측값을 데이터셋 WORK.FAGE_THRESHOLD_STATS.에서 읽었습니다.
NOTE: 데이터셋 WORK.FAGE_THRESHOLD_STATS에 1002개의 관측값과 7개의 변수가 있습니다.
NOTE: DATA 문장 실행 (총 프로세스 시간):
      실행 시간           0.00 초
      cpu 시간            0.00 초
133                                                        SAS 시스템      2026년  9월 18일 금요일 오전 02시 08분 46초

      


NOTE: 1002개의 관측값을 데이터셋 WORK.FAGE_THRESHOLD_STATS.에서 읽었습니다.
NOTE: 데이터셋 WORK.FAGE_THRESHOLD_STATS에 1002개의 관측값과 7개의 변수가 있습니다.
NOTE: 프로시저 SORT 실행 (총 프로세스 시간):
      실행 시간           0.00 초
      cpu 시간            0.00 초
      


NOTE: 1개의 관측값을 데이터셋 WORK.FAGE_THRESHOLD_STATS.에서 읽었습니다.
      WHERE fpr<=0.01;
NOTE: 데이터셋 WORK.TH_FAGE_A_404에 1개의 관측값과 7개의 변수가 있습니다.
NOTE: DATA 문장 실행 (총 프로세스 시간):
      실행 시간           0.00 초
      cpu 시간            0.00 초
      


NOTE: 1개의 관측값을 데이터셋 WORK.TH_FAGE_A_404.에서 읽었습니다.
NOTE: DATA 문장 실행 (총 프로세스 시간):
      실행 시간           0.00 초
      cpu 시간            0.00 초
      


NOTE: 데이터셋 WORK.FAGE_TH_ROW에 1개의 관측값과 5개의 변수가 있습니다.
NOTE: DATA 문장 실행 (총 프로세스 시간):
      실행 시간           0.00 초
      cpu 시간            0.00 초
      


NOTE: WORK.FAGE_TH_ROW을(를) WORK.FAGE_THRESHOLDS에 추가하는 중입니다.
NOTE: 1개의 관측값을 데이터셋 WORK.FAGE_TH_ROW.에서 읽었습니다.
NOTE: 1개 관측값이 추가되었습니다.
NOTE: 데이터셋 WORK.FAGE_THRESHOLDS에 39개의 관측값과 5개의 변수가 있습니다.
NOTE: 프로시저 APPEND 실행 (총 프로세스 시간):
      실행 시간           0.00 초
      cpu 시간            0.00 초
      


NOTE: 1951개의 관측값을 데이터셋 WORK.FAGE_A_READ_404.에서 읽었습니다.
NOTE: 데이터셋 WORK.READ_ONE에 1951개의 관측값과 11개의 변수가 있습니다.
NOTE: DATA 문장 실행 (총 프로세스 시간):
      실행 시간           0.00 초
      cpu 시간            0.00 초
      


NOTE: WORK.READ_ONE을(를) WORK.FAGE_READOUT_SCORED에 추가하는 중입니다.
NOTE: 1951개의 관측값을 데이터셋 WORK.READ_ONE.에서 읽었습니다.
NOTE: 1951개 관측값이 추가되었습니다.
NOTE: 데이터셋 WORK.FAGE_READOUT_SCORED에 77128개의 관측값과 11개의 변수가 있습니다.
NOTE: 프로시저 APPEND 실행 (총 프로세스 시간):
      실행 시간           0.00 초
134                                                        SAS 시스템      2026년  9월 18일 금요일 오전 02시 08분 46초

      cpu 시간            0.01 초
      

NOTE: seed=404 method=fage_a threshold=0.406

NOTE: PROC LOGISTIC is modeling the probability that target=1.
NOTE: Convergence criterion (GCONV=1E-8) satisfied.
NOTE: 데이터셋 WORK.FAGE_C_CV_404에 1개의 관측값과 3개의 변수가 있습니다.
NOTE: 데이터셋 WORK.FAGE_C_FIT_404에 3개의 관측값과 4개의 변수가 있습니다.
NOTE: 데이터셋 WORK.FAGE_C_PE_404에 11개의 관측값과 7개의 변수가 있습니다.
NOTE: 1988개의 관측값을 데이터셋 WORK.FAGE_CAL.에서 읽었습니다.
NOTE: 데이터셋 WORK.FAGE_C_MODEL_404에 106개의 관측값과 6개의 변수가 있습니다.
NOTE: LOGISTIC 프로시저가 275-276 페이지를 인쇄했습니다.
NOTE: 프로시저 LOGISTIC 실행 (총 프로세스 시간):
      실행 시간           0.06 초
      cpu 시간            0.06 초
      


NOTE: 1개의 관측값을 데이터셋 WORK.FAGE_C_CV_404.에서 읽었습니다.
NOTE: DATA 문장 실행 (총 프로세스 시간):
      실행 시간           0.00 초
      cpu 시간            0.00 초
      


NOTE: 데이터셋 WORK.FAGE_C_CAL_404에 1988개의 관측값과 26개의 변수가 있습니다.
NOTE: 데이터셋 WORK.FAGE_C_READ_404에 1951개의 관측값과 23개의 변수가 있습니다.
NOTE: 프로시저 LOGISTIC 실행 (총 프로세스 시간):
      실행 시간           0.00 초
      cpu 시간            0.01 초
      


NOTE: 1988개의 관측값을 데이터셋 WORK.FAGE_C_CAL_404.에서 읽었습니다.
NOTE: 데이터셋 WORK.FAGE_GRID에 1991976개의 관측값과 29개의 변수가 있습니다.
NOTE: DATA 문장 실행 (총 프로세스 시간):
      실행 시간           3.07 초
      cpu 시간            0.54 초
      

NOTE: Table WORK.FAGE_THRESHOLD_STATS created, with 1002 rows and 5 columns.

NOTE: 프로시저 SQL 실행 (총 프로세스 시간):
      실행 시간           0.46 초
      cpu 시간            0.96 초
      


NOTE: 1002개의 관측값을 데이터셋 WORK.FAGE_THRESHOLD_STATS.에서 읽었습니다.
NOTE: 데이터셋 WORK.FAGE_THRESHOLD_STATS에 1002개의 관측값과 7개의 변수가 있습니다.
NOTE: DATA 문장 실행 (총 프로세스 시간):
      실행 시간           0.00 초
      cpu 시간            0.00 초
      


NOTE: 1002개의 관측값을 데이터셋 WORK.FAGE_THRESHOLD_STATS.에서 읽었습니다.
135                                                        SAS 시스템      2026년  9월 18일 금요일 오전 02시 08분 50초

NOTE: 데이터셋 WORK.FAGE_THRESHOLD_STATS에 1002개의 관측값과 7개의 변수가 있습니다.
NOTE: 프로시저 SORT 실행 (총 프로세스 시간):
      실행 시간           0.00 초
      cpu 시간            0.01 초
      


NOTE: 1개의 관측값을 데이터셋 WORK.FAGE_THRESHOLD_STATS.에서 읽었습니다.
      WHERE fpr<=0.01;
NOTE: 데이터셋 WORK.TH_FAGE_C_404에 1개의 관측값과 7개의 변수가 있습니다.
NOTE: DATA 문장 실행 (총 프로세스 시간):
      실행 시간           0.00 초
      cpu 시간            0.00 초
      


NOTE: 1개의 관측값을 데이터셋 WORK.TH_FAGE_C_404.에서 읽었습니다.
NOTE: DATA 문장 실행 (총 프로세스 시간):
      실행 시간           0.00 초
      cpu 시간            0.00 초
      


NOTE: 데이터셋 WORK.FAGE_TH_ROW에 1개의 관측값과 5개의 변수가 있습니다.
NOTE: DATA 문장 실행 (총 프로세스 시간):
      실행 시간           0.00 초
      cpu 시간            0.00 초
      


NOTE: WORK.FAGE_TH_ROW을(를) WORK.FAGE_THRESHOLDS에 추가하는 중입니다.
NOTE: 1개의 관측값을 데이터셋 WORK.FAGE_TH_ROW.에서 읽었습니다.
NOTE: 1개 관측값이 추가되었습니다.
NOTE: 데이터셋 WORK.FAGE_THRESHOLDS에 40개의 관측값과 5개의 변수가 있습니다.
NOTE: 프로시저 APPEND 실행 (총 프로세스 시간):
      실행 시간           0.00 초
      cpu 시간            0.00 초
      


NOTE: 1951개의 관측값을 데이터셋 WORK.FAGE_C_READ_404.에서 읽었습니다.
NOTE: 데이터셋 WORK.READ_ONE에 1951개의 관측값과 11개의 변수가 있습니다.
NOTE: DATA 문장 실행 (총 프로세스 시간):
      실행 시간           0.00 초
      cpu 시간            0.00 초
      


NOTE: WORK.READ_ONE을(를) WORK.FAGE_READOUT_SCORED에 추가하는 중입니다.
NOTE: 1951개의 관측값을 데이터셋 WORK.READ_ONE.에서 읽었습니다.
NOTE: 1951개 관측값이 추가되었습니다.
NOTE: 데이터셋 WORK.FAGE_READOUT_SCORED에 79079개의 관측값과 11개의 변수가 있습니다.
NOTE: 프로시저 APPEND 실행 (총 프로세스 시간):
      실행 시간           0.00 초
      cpu 시간            0.01 초
      

NOTE: seed=404 method=fage_c threshold=0.653
136                                                        SAS 시스템      2026년  9월 18일 금요일 오전 02시 08분 50초


NOTE: 1988개의 관측값을 데이터셋 WORK.FAGE_CAL.에서 읽었습니다.
NOTE: 데이터셋 WORK.FAGE_GRID에 1991976개의 관측값과 25개의 변수가 있습니다.
NOTE: DATA 문장 실행 (총 프로세스 시간):
      실행 시간           2.74 초
      cpu 시간            0.47 초
      

NOTE: Table WORK.FAGE_THRESHOLD_STATS created, with 1002 rows and 5 columns.

NOTE: 프로시저 SQL 실행 (총 프로세스 시간):
      실행 시간           0.45 초
      cpu 시간            0.94 초
      


NOTE: 1002개의 관측값을 데이터셋 WORK.FAGE_THRESHOLD_STATS.에서 읽었습니다.
NOTE: 데이터셋 WORK.FAGE_THRESHOLD_STATS에 1002개의 관측값과 7개의 변수가 있습니다.
NOTE: DATA 문장 실행 (총 프로세스 시간):
      실행 시간           0.00 초
      cpu 시간            0.00 초
      


NOTE: 1002개의 관측값을 데이터셋 WORK.FAGE_THRESHOLD_STATS.에서 읽었습니다.
NOTE: 데이터셋 WORK.FAGE_THRESHOLD_STATS에 1002개의 관측값과 7개의 변수가 있습니다.
NOTE: 프로시저 SORT 실행 (총 프로세스 시간):
      실행 시간           0.00 초
      cpu 시간            0.00 초
      


NOTE: 1개의 관측값을 데이터셋 WORK.FAGE_THRESHOLD_STATS.에서 읽었습니다.
      WHERE fpr<=0.01;
NOTE: 데이터셋 WORK.TH_LR_A_404에 1개의 관측값과 7개의 변수가 있습니다.
NOTE: DATA 문장 실행 (총 프로세스 시간):
      실행 시간           0.00 초
      cpu 시간            0.00 초
      


NOTE: 1개의 관측값을 데이터셋 WORK.TH_LR_A_404.에서 읽었습니다.
NOTE: DATA 문장 실행 (총 프로세스 시간):
      실행 시간           0.00 초
      cpu 시간            0.00 초
      


NOTE: 데이터셋 WORK.FAGE_TH_ROW에 1개의 관측값과 5개의 변수가 있습니다.
NOTE: DATA 문장 실행 (총 프로세스 시간):
      실행 시간           0.00 초
      cpu 시간            0.00 초
      


NOTE: WORK.FAGE_TH_ROW을(를) WORK.FAGE_THRESHOLDS에 추가하는 중입니다.
NOTE: 1개의 관측값을 데이터셋 WORK.FAGE_TH_ROW.에서 읽었습니다.
NOTE: 1개 관측값이 추가되었습니다.
137                                                        SAS 시스템      2026년  9월 18일 금요일 오전 02시 08분 53초

NOTE: 데이터셋 WORK.FAGE_THRESHOLDS에 41개의 관측값과 5개의 변수가 있습니다.
NOTE: 프로시저 APPEND 실행 (총 프로세스 시간):
      실행 시간           0.00 초
      cpu 시간            0.01 초
      


NOTE: 1951개의 관측값을 데이터셋 WORK.FAGE_READ.에서 읽었습니다.
NOTE: 데이터셋 WORK.READ_ONE에 1951개의 관측값과 11개의 변수가 있습니다.
NOTE: DATA 문장 실행 (총 프로세스 시간):
      실행 시간           0.00 초
      cpu 시간            0.00 초
      


NOTE: WORK.READ_ONE을(를) WORK.FAGE_READOUT_SCORED에 추가하는 중입니다.
NOTE: 1951개의 관측값을 데이터셋 WORK.READ_ONE.에서 읽었습니다.
NOTE: 1951개 관측값이 추가되었습니다.
NOTE: 데이터셋 WORK.FAGE_READOUT_SCORED에 81030개의 관측값과 11개의 변수가 있습니다.
NOTE: 프로시저 APPEND 실행 (총 프로세스 시간):
      실행 시간           0.00 초
      cpu 시간            0.01 초
      

NOTE: seed=404 method=lr_a threshold=0.381

NOTE: 1988개의 관측값을 데이터셋 WORK.FAGE_CAL.에서 읽었습니다.
NOTE: 데이터셋 WORK.FAGE_GRID에 1991976개의 관측값과 25개의 변수가 있습니다.
NOTE: DATA 문장 실행 (총 프로세스 시간):
      실행 시간           2.67 초
      cpu 시간            0.48 초
      

NOTE: Table WORK.FAGE_THRESHOLD_STATS created, with 1002 rows and 5 columns.

NOTE: 프로시저 SQL 실행 (총 프로세스 시간):
      실행 시간           0.49 초
      cpu 시간            1.00 초
      


NOTE: 1002개의 관측값을 데이터셋 WORK.FAGE_THRESHOLD_STATS.에서 읽었습니다.
NOTE: 데이터셋 WORK.FAGE_THRESHOLD_STATS에 1002개의 관측값과 7개의 변수가 있습니다.
NOTE: DATA 문장 실행 (총 프로세스 시간):
      실행 시간           0.00 초
      cpu 시간            0.01 초
      


NOTE: 1002개의 관측값을 데이터셋 WORK.FAGE_THRESHOLD_STATS.에서 읽었습니다.
NOTE: 데이터셋 WORK.FAGE_THRESHOLD_STATS에 1002개의 관측값과 7개의 변수가 있습니다.
NOTE: 프로시저 SORT 실행 (총 프로세스 시간):
      실행 시간           0.00 초
      cpu 시간            0.00 초
      


NOTE: 1개의 관측값을 데이터셋 WORK.FAGE_THRESHOLD_STATS.에서 읽었습니다.
138                                                        SAS 시스템      2026년  9월 18일 금요일 오전 02시 08분 56초

      WHERE fpr<=0.01;
NOTE: 데이터셋 WORK.TH_LR_B_404에 1개의 관측값과 7개의 변수가 있습니다.
NOTE: DATA 문장 실행 (총 프로세스 시간):
      실행 시간           0.00 초
      cpu 시간            0.01 초
      


NOTE: 1개의 관측값을 데이터셋 WORK.TH_LR_B_404.에서 읽었습니다.
NOTE: DATA 문장 실행 (총 프로세스 시간):
      실행 시간           0.00 초
      cpu 시간            0.00 초
      


NOTE: 데이터셋 WORK.FAGE_TH_ROW에 1개의 관측값과 5개의 변수가 있습니다.
NOTE: DATA 문장 실행 (총 프로세스 시간):
      실행 시간           0.00 초
      cpu 시간            0.00 초
      


NOTE: WORK.FAGE_TH_ROW을(를) WORK.FAGE_THRESHOLDS에 추가하는 중입니다.
NOTE: 1개의 관측값을 데이터셋 WORK.FAGE_TH_ROW.에서 읽었습니다.
NOTE: 1개 관측값이 추가되었습니다.
NOTE: 데이터셋 WORK.FAGE_THRESHOLDS에 42개의 관측값과 5개의 변수가 있습니다.
NOTE: 프로시저 APPEND 실행 (총 프로세스 시간):
      실행 시간           0.00 초
      cpu 시간            0.00 초
      


NOTE: 1951개의 관측값을 데이터셋 WORK.FAGE_READ.에서 읽었습니다.
NOTE: 데이터셋 WORK.READ_ONE에 1951개의 관측값과 11개의 변수가 있습니다.
NOTE: DATA 문장 실행 (총 프로세스 시간):
      실행 시간           0.00 초
      cpu 시간            0.00 초
      


NOTE: WORK.READ_ONE을(를) WORK.FAGE_READOUT_SCORED에 추가하는 중입니다.
NOTE: 1951개의 관측값을 데이터셋 WORK.READ_ONE.에서 읽었습니다.
NOTE: 1951개 관측값이 추가되었습니다.
NOTE: 데이터셋 WORK.FAGE_READOUT_SCORED에 82981개의 관측값과 11개의 변수가 있습니다.
NOTE: 프로시저 APPEND 실행 (총 프로세스 시간):
      실행 시간           0.00 초
      cpu 시간            0.00 초
      

NOTE: seed=404 method=lr_b threshold=0.407

NOTE: 1988개의 관측값을 데이터셋 WORK.FAGE_CAL.에서 읽었습니다.
NOTE: 데이터셋 WORK.FAGE_GRID에 1991976개의 관측값과 25개의 변수가 있습니다.
NOTE: DATA 문장 실행 (총 프로세스 시간):
      실행 시간           2.61 초
      cpu 시간            0.53 초
      

139                                                        SAS 시스템      2026년  9월 18일 금요일 오전 02시 08분 59초

NOTE: Table WORK.FAGE_THRESHOLD_STATS created, with 1002 rows and 5 columns.

NOTE: 프로시저 SQL 실행 (총 프로세스 시간):
      실행 시간           0.59 초
      cpu 시간            1.09 초
      


NOTE: 1002개의 관측값을 데이터셋 WORK.FAGE_THRESHOLD_STATS.에서 읽었습니다.
NOTE: 데이터셋 WORK.FAGE_THRESHOLD_STATS에 1002개의 관측값과 7개의 변수가 있습니다.
NOTE: DATA 문장 실행 (총 프로세스 시간):
      실행 시간           0.00 초
      cpu 시간            0.00 초
      


NOTE: 1002개의 관측값을 데이터셋 WORK.FAGE_THRESHOLD_STATS.에서 읽었습니다.
NOTE: 데이터셋 WORK.FAGE_THRESHOLD_STATS에 1002개의 관측값과 7개의 변수가 있습니다.
NOTE: 프로시저 SORT 실행 (총 프로세스 시간):
      실행 시간           0.00 초
      cpu 시간            0.00 초
      


NOTE: 1개의 관측값을 데이터셋 WORK.FAGE_THRESHOLD_STATS.에서 읽었습니다.
      WHERE fpr<=0.01;
NOTE: 데이터셋 WORK.TH_LR_C_404에 1개의 관측값과 7개의 변수가 있습니다.
NOTE: DATA 문장 실행 (총 프로세스 시간):
      실행 시간           0.00 초
      cpu 시간            0.00 초
      


NOTE: 1개의 관측값을 데이터셋 WORK.TH_LR_C_404.에서 읽었습니다.
NOTE: DATA 문장 실행 (총 프로세스 시간):
      실행 시간           0.00 초
      cpu 시간            0.01 초
      


NOTE: 데이터셋 WORK.FAGE_TH_ROW에 1개의 관측값과 5개의 변수가 있습니다.
NOTE: DATA 문장 실행 (총 프로세스 시간):
      실행 시간           0.00 초
      cpu 시간            0.00 초
      


NOTE: WORK.FAGE_TH_ROW을(를) WORK.FAGE_THRESHOLDS에 추가하는 중입니다.
NOTE: 1개의 관측값을 데이터셋 WORK.FAGE_TH_ROW.에서 읽었습니다.
NOTE: 1개 관측값이 추가되었습니다.
NOTE: 데이터셋 WORK.FAGE_THRESHOLDS에 43개의 관측값과 5개의 변수가 있습니다.
NOTE: 프로시저 APPEND 실행 (총 프로세스 시간):
      실행 시간           0.00 초
      cpu 시간            0.00 초
      


NOTE: 1951개의 관측값을 데이터셋 WORK.FAGE_READ.에서 읽었습니다.
140                                                        SAS 시스템      2026년  9월 18일 금요일 오전 02시 08분 59초

NOTE: 데이터셋 WORK.READ_ONE에 1951개의 관측값과 11개의 변수가 있습니다.
NOTE: DATA 문장 실행 (총 프로세스 시간):
      실행 시간           0.00 초
      cpu 시간            0.00 초
      


NOTE: WORK.READ_ONE을(를) WORK.FAGE_READOUT_SCORED에 추가하는 중입니다.
NOTE: 1951개의 관측값을 데이터셋 WORK.READ_ONE.에서 읽었습니다.
NOTE: 1951개 관측값이 추가되었습니다.
NOTE: 데이터셋 WORK.FAGE_READOUT_SCORED에 84932개의 관측값과 11개의 변수가 있습니다.
NOTE: 프로시저 APPEND 실행 (총 프로세스 시간):
      실행 시간           0.00 초
      cpu 시간            0.00 초
      

NOTE: seed=404 method=lr_c threshold=0.406

NOTE: 1988개의 관측값을 데이터셋 WORK.FAGE_CAL.에서 읽었습니다.
NOTE: 데이터셋 WORK.FAGE_GRID에 1991976개의 관측값과 25개의 변수가 있습니다.
NOTE: DATA 문장 실행 (총 프로세스 시간):
      실행 시간           2.74 초
      cpu 시간            0.49 초
      

NOTE: Table WORK.FAGE_THRESHOLD_STATS created, with 1002 rows and 5 columns.

NOTE: 프로시저 SQL 실행 (총 프로세스 시간):
      실행 시간           0.44 초
      cpu 시간            0.94 초
      


NOTE: 1002개의 관측값을 데이터셋 WORK.FAGE_THRESHOLD_STATS.에서 읽었습니다.
NOTE: 데이터셋 WORK.FAGE_THRESHOLD_STATS에 1002개의 관측값과 7개의 변수가 있습니다.
NOTE: DATA 문장 실행 (총 프로세스 시간):
      실행 시간           0.00 초
      cpu 시간            0.00 초
      


NOTE: 1002개의 관측값을 데이터셋 WORK.FAGE_THRESHOLD_STATS.에서 읽었습니다.
NOTE: 데이터셋 WORK.FAGE_THRESHOLD_STATS에 1002개의 관측값과 7개의 변수가 있습니다.
NOTE: 프로시저 SORT 실행 (총 프로세스 시간):
      실행 시간           0.00 초
      cpu 시간            0.00 초
      


NOTE: 1개의 관측값을 데이터셋 WORK.FAGE_THRESHOLD_STATS.에서 읽었습니다.
      WHERE fpr<=0.01;
NOTE: 데이터셋 WORK.TH_WORD_404에 1개의 관측값과 7개의 변수가 있습니다.
NOTE: DATA 문장 실행 (총 프로세스 시간):
      실행 시간           0.00 초
      cpu 시간            0.00 초
      


141                                                        SAS 시스템      2026년  9월 18일 금요일 오전 02시 09분 03초

NOTE: 1개의 관측값을 데이터셋 WORK.TH_WORD_404.에서 읽었습니다.
NOTE: DATA 문장 실행 (총 프로세스 시간):
      실행 시간           0.00 초
      cpu 시간            0.00 초
      


NOTE: 데이터셋 WORK.FAGE_TH_ROW에 1개의 관측값과 5개의 변수가 있습니다.
NOTE: DATA 문장 실행 (총 프로세스 시간):
      실행 시간           0.00 초
      cpu 시간            0.00 초
      


NOTE: WORK.FAGE_TH_ROW을(를) WORK.FAGE_THRESHOLDS에 추가하는 중입니다.
NOTE: 1개의 관측값을 데이터셋 WORK.FAGE_TH_ROW.에서 읽었습니다.
NOTE: 1개 관측값이 추가되었습니다.
NOTE: 데이터셋 WORK.FAGE_THRESHOLDS에 44개의 관측값과 5개의 변수가 있습니다.
NOTE: 프로시저 APPEND 실행 (총 프로세스 시간):
      실행 시간           0.00 초
      cpu 시간            0.00 초
      


NOTE: 1951개의 관측값을 데이터셋 WORK.FAGE_READ.에서 읽었습니다.
NOTE: 데이터셋 WORK.READ_ONE에 1951개의 관측값과 11개의 변수가 있습니다.
NOTE: DATA 문장 실행 (총 프로세스 시간):
      실행 시간           0.00 초
      cpu 시간            0.00 초
      


NOTE: WORK.READ_ONE을(를) WORK.FAGE_READOUT_SCORED에 추가하는 중입니다.
NOTE: 1951개의 관측값을 데이터셋 WORK.READ_ONE.에서 읽었습니다.
NOTE: 1951개 관측값이 추가되었습니다.
NOTE: 데이터셋 WORK.FAGE_READOUT_SCORED에 86883개의 관측값과 11개의 변수가 있습니다.
NOTE: 프로시저 APPEND 실행 (총 프로세스 시간):
      실행 시간           0.00 초
      cpu 시간            0.00 초
      

NOTE: seed=404 method=word threshold=0.433

NOTE: 1988개의 관측값을 데이터셋 WORK.FAGE_CAL.에서 읽었습니다.
NOTE: 데이터셋 WORK.FAGE_GRID에 1991976개의 관측값과 25개의 변수가 있습니다.
NOTE: DATA 문장 실행 (총 프로세스 시간):
      실행 시간           2.52 초
      cpu 시간            0.48 초
      

NOTE: Table WORK.FAGE_THRESHOLD_STATS created, with 1002 rows and 5 columns.

NOTE: 프로시저 SQL 실행 (총 프로세스 시간):
      실행 시간           0.47 초
      cpu 시간            0.98 초
      


142                                                        SAS 시스템      2026년  9월 18일 금요일 오전 02시 09분 06초

NOTE: 1002개의 관측값을 데이터셋 WORK.FAGE_THRESHOLD_STATS.에서 읽었습니다.
NOTE: 데이터셋 WORK.FAGE_THRESHOLD_STATS에 1002개의 관측값과 7개의 변수가 있습니다.
NOTE: DATA 문장 실행 (총 프로세스 시간):
      실행 시간           0.00 초
      cpu 시간            0.00 초
      


NOTE: 1002개의 관측값을 데이터셋 WORK.FAGE_THRESHOLD_STATS.에서 읽었습니다.
NOTE: 데이터셋 WORK.FAGE_THRESHOLD_STATS에 1002개의 관측값과 7개의 변수가 있습니다.
NOTE: 프로시저 SORT 실행 (총 프로세스 시간):
      실행 시간           0.00 초
      cpu 시간            0.00 초
      


NOTE: 1개의 관측값을 데이터셋 WORK.FAGE_THRESHOLD_STATS.에서 읽었습니다.
      WHERE fpr<=0.01;
NOTE: 데이터셋 WORK.TH_KCBERT_404에 1개의 관측값과 7개의 변수가 있습니다.
NOTE: DATA 문장 실행 (총 프로세스 시간):
      실행 시간           0.00 초
      cpu 시간            0.01 초
      


NOTE: 1개의 관측값을 데이터셋 WORK.TH_KCBERT_404.에서 읽었습니다.
NOTE: DATA 문장 실행 (총 프로세스 시간):
      실행 시간           0.00 초
      cpu 시간            0.00 초
      


NOTE: 데이터셋 WORK.FAGE_TH_ROW에 1개의 관측값과 5개의 변수가 있습니다.
NOTE: DATA 문장 실행 (총 프로세스 시간):
      실행 시간           0.00 초
      cpu 시간            0.00 초
      


NOTE: WORK.FAGE_TH_ROW을(를) WORK.FAGE_THRESHOLDS에 추가하는 중입니다.
NOTE: 1개의 관측값을 데이터셋 WORK.FAGE_TH_ROW.에서 읽었습니다.
NOTE: 1개 관측값이 추가되었습니다.
NOTE: 데이터셋 WORK.FAGE_THRESHOLDS에 45개의 관측값과 5개의 변수가 있습니다.
NOTE: 프로시저 APPEND 실행 (총 프로세스 시간):
      실행 시간           0.00 초
      cpu 시간            0.00 초
      


NOTE: 1951개의 관측값을 데이터셋 WORK.FAGE_READ.에서 읽었습니다.
NOTE: 데이터셋 WORK.READ_ONE에 1951개의 관측값과 11개의 변수가 있습니다.
NOTE: DATA 문장 실행 (총 프로세스 시간):
      실행 시간           0.00 초
      cpu 시간            0.00 초
      


NOTE: WORK.READ_ONE을(를) WORK.FAGE_READOUT_SCORED에 추가하는 중입니다.
143                                                        SAS 시스템      2026년  9월 18일 금요일 오전 02시 09분 06초

NOTE: 1951개의 관측값을 데이터셋 WORK.READ_ONE.에서 읽었습니다.
NOTE: 1951개 관측값이 추가되었습니다.
NOTE: 데이터셋 WORK.FAGE_READOUT_SCORED에 88834개의 관측값과 11개의 변수가 있습니다.
NOTE: 프로시저 APPEND 실행 (총 프로세스 시간):
      실행 시간           0.00 초
      cpu 시간            0.00 초
      

NOTE: seed=404 method=kcbert threshold=0.187

NOTE: 1951개의 관측값을 데이터셋 WORK.STACK_READ_404.에서 읽었습니다.
NOTE: 1951개의 관측값을 데이터셋 WORK.FAGE_READ_404.에서 읽었습니다.
NOTE: 데이터셋 WORK.READ_SCORED에 3902개의 관측값과 11개의 변수가 있습니다.
NOTE: DATA 문장 실행 (총 프로세스 시간):
      실행 시간           0.00 초
      cpu 시간            0.00 초
      


NOTE: WORK.READ_SCORED을(를) WORK.FAGE_READOUT_SCORED에 추가하는 중입니다.
NOTE: 3902개의 관측값을 데이터셋 WORK.READ_SCORED.에서 읽었습니다.
NOTE: 3902개 관측값이 추가되었습니다.
NOTE: 데이터셋 WORK.FAGE_READOUT_SCORED에 92736개의 관측값과 11개의 변수가 있습니다.
NOTE: 프로시저 APPEND 실행 (총 프로세스 시간):
      실행 시간           0.00 초
      cpu 시간            0.00 초
      


NOTE: 1951개의 관측값을 데이터셋 WORK.READ_SCORED.에서 읽었습니다.
      WHERE method='stacking';
NOTE: FREQ 프로시저가 277 페이지를 인쇄했습니다.
NOTE: 프로시저 FREQ 실행 (총 프로세스 시간):
      실행 시간           0.01 초
      cpu 시간            0.01 초
      


NOTE: 1951개의 관측값을 데이터셋 WORK.READ_SCORED.에서 읽었습니다.
      WHERE method='fage';
NOTE: FREQ 프로시저가 278 페이지를 인쇄했습니다.
NOTE: 프로시저 FREQ 실행 (총 프로세스 시간):
      실행 시간           0.01 초
      cpu 시간            0.01 초
      


NOTE: 1951개의 관측값을 데이터셋 WORK.READ_SCORED.에서 읽었습니다.
      WHERE method='fage';
NOTE: FREQ 프로시저가 279 페이지를 인쇄했습니다.
NOTE: 프로시저 FREQ 실행 (총 프로세스 시간):
      실행 시간           0.02 초
      cpu 시간            0.02 초
      

1975  +
1976  +title "시드별 보정에서 고른 임계값 — A/B/C와 게이트, 시드를 합치지 않음";
1977  +proc print data=work.fage_thresholds noobs; run;
144                                                        SAS 시스템      2026년  9월 18일 금요일 오전 02시 09분 06초


NOTE: 45개의 관측값을 데이터셋 WORK.FAGE_THRESHOLDS.에서 읽었습니다.
NOTE: PRINT 프로시저가 280 페이지를 인쇄했습니다.
NOTE: 프로시저 PRINT 실행 (총 프로세스 시간):
      실행 시간           0.02 초
      cpu 시간            0.03 초
      

1978  +
1979  +title "결과 확인 URL 없는 악성 — 시드·방법별";
1980  +proc sql;
1981  +    create table work.fage_readout_nourl as
1982  +    select seed, method,
1983  +           sum(target=1) as malicious_rows,
1984  +           sum(target=1 and model_predicted=1) as tp,
1985  +           sum(target=1 and model_predicted=0) as fn
1986  +    from work.fage_readout_scored
1987  +    where has_url=0
1988  +    group by seed, method;
NOTE: Table WORK.FAGE_READOUT_NOURL created, with 45 rows and 5 columns.

1989  +quit;
NOTE: 프로시저 SQL 실행 (총 프로세스 시간):
      실행 시간           0.02 초
      cpu 시간            0.03 초
      

1990  +proc print data=work.fage_readout_nourl noobs; run;

NOTE: 45개의 관측값을 데이터셋 WORK.FAGE_READOUT_NOURL.에서 읽었습니다.
NOTE: PRINT 프로시저가 281 페이지를 인쇄했습니다.
NOTE: 프로시저 PRINT 실행 (총 프로세스 시간):
      실행 시간           0.02 초
      cpu 시간            0.03 초
      

1991  +
1992  +title "결과 확인 전체 정상 오탐 — 시드·방법별";
1993  +proc sql;
1994  +    create table work.fage_readout_fpr as
1995  +    select seed, method,
1996  +           sum(target=0) as normal_rows,
1997  +           sum(target=0 and model_predicted=1) as fp,
1998  +           sum(target=0 and model_predicted=0) as tn
1999  +    from work.fage_readout_scored
2000  +    group by seed, method;
NOTE: Table WORK.FAGE_READOUT_FPR created, with 45 rows and 5 columns.

2001  +quit;
NOTE: 프로시저 SQL 실행 (총 프로세스 시간):
      실행 시간           0.02 초
      cpu 시간            0.04 초
      

2002  +proc print data=work.fage_readout_fpr noobs; run;

NOTE: 45개의 관측값을 데이터셋 WORK.FAGE_READOUT_FPR.에서 읽었습니다.
NOTE: PRINT 프로시저가 282 페이지를 인쇄했습니다.
145                                                        SAS 시스템      2026년  9월 18일 금요일 오전 02시 09분 06초

NOTE: 프로시저 PRINT 실행 (총 프로세스 시간):
      실행 시간           0.02 초
      cpu 시간            0.03 초
      

2003  +
2004  +data _null_;
2005  +    rc = dcreate('outputs', "&projroot.");
2006  +run;

NOTE: DATA 문장 실행 (총 프로세스 시간):
      실행 시간           0.00 초
      cpu 시간            0.00 초
      

2007  +
2008  +proc export data=work.fage_thresholds
2009  +    outfile="&projroot./outputs/fage_thresholds.csv" dbms=csv replace;
2010  +run;

NOTE: Unable to open parameter catalog: SASUSER.PARMS.PARMS.SLIST in update mode. Temporary parameter values will be saved to 
WORK.PARMS.PARMS.SLIST.
2011    /**********************************************************************
2012    *   PRODUCT:   SAS
2013    *   VERSION:   V.04.00
2014    *   CREATOR:   External File Interface
2015    *   DATE:      18SEP26
2016    *   DESC:      Generated SAS Datastep Code
2017    *   TEMPLATE SOURCE:  (None Specified.)
2018    ***********************************************************************/
2019       data _null_;
2020       %let _EFIERR_ = 0; /* set the ERROR detection macro variable */
2021       %let _EFIREC_ = 0;     /* clear export record count macro variable */
2022       file '/home/student/github/outputs/fage_thresholds.csv' delimiter=',' DSD DROPOVER lrecl=32767;
2023       if _n_ = 1 then        /* write column names or labels */
2024        do;
2025          put
2026             "seed"
2027          ','
2028             "method"
2029          ','
2030             "threshold"
2031          ','
2032             "recall"
2033          ','
2034             "fpr"
2035          ;
2036        end;
2037      set  WORK.FAGE_THRESHOLDS   end=EFIEOD;
2038          format seed best12. ;
2039          format method $16. ;
2040          format threshold best12. ;
2041          format recall best12. ;
2042          format fpr best12. ;
2043        do;
2044          EFIOUT + 1;
2045          put seed @;
2046          put method $ @;
146                                                        SAS 시스템      2026년  9월 18일 금요일 오전 02시 09분 06초

2047          put threshold @;
2048          put recall @;
2049          put fpr ;
2050          ;
2051        end;
2052       if _ERROR_ then call symputx('_EFIERR_',1);  /* set ERROR detection macro variable */
2053       if EFIEOD then call symputx('_EFIREC_',EFIOUT);
2054       run;

NOTE: 파일 '/home/student/github/outputs/fage_thresholds.csv':
      파일 이름=/home/student/github/outputs/fage_thresholds.csv,
      소유자 이름=UNKNOWN,그룹 이름=UNKNOWN,
      액세스 권한=-rw-r--r--,
      마지막 수정일=2026년 09월 18일 02시09분06초

NOTE: 46개의 레코드를 파일 '/home/student/github/outputs/fage_thresholds.csv'에 기록했습니다.
      최소 레코드 길이는 32입니다.
      최대 레코드 길이는 44입니다.
NOTE: 45개의 관측값을 데이터셋 WORK.FAGE_THRESHOLDS.에서 읽었습니다.
NOTE: DATA 문장 실행 (총 프로세스 시간):
      실행 시간           0.01 초
      cpu 시간            0.01 초
      

45 records created in /home/student/github/outputs/fage_thresholds.csv from WORK.FAGE_THRESHOLDS.
  
  
NOTE: "/home/student/github/outputs/fage_thresholds.csv" 파일을 성공적으로 생성했습니다.
NOTE: 프로시저 EXPORT 실행 (총 프로세스 시간):
      실행 시간           0.04 초
      cpu 시간            0.02 초
      

2055  +proc export data=work.fage_readout_nourl
2056  +    outfile="&projroot./outputs/fage_readout_nourl.csv" dbms=csv replace;
2057  +run;

NOTE: Unable to open parameter catalog: SASUSER.PARMS.PARMS.SLIST in update mode. Temporary parameter values will be saved to 
WORK.PARMS.PARMS.SLIST.
2058    /**********************************************************************
2059    *   PRODUCT:   SAS
2060    *   VERSION:   V.04.00
2061    *   CREATOR:   External File Interface
2062    *   DATE:      18SEP26
2063    *   DESC:      Generated SAS Datastep Code
2064    *   TEMPLATE SOURCE:  (None Specified.)
2065    ***********************************************************************/
2066       data _null_;
2067       %let _EFIERR_ = 0; /* set the ERROR detection macro variable */
2068       %let _EFIREC_ = 0;     /* clear export record count macro variable */
2069       file '/home/student/github/outputs/fage_readout_nourl.csv' delimiter=',' DSD DROPOVER lrecl=32767;
2070       if _n_ = 1 then        /* write column names or labels */
2071        do;
2072          put
2073             "seed"
2074          ','
2075             "method"
2076          ','
147                                                        SAS 시스템      2026년  9월 18일 금요일 오전 02시 09분 06초

2077             "malicious_rows"
2078          ','
2079             "tp"
2080          ','
2081             "fn"
2082          ;
2083        end;
2084      set  WORK.FAGE_READOUT_NOURL   end=EFIEOD;
2085          format seed best12. ;
2086          format method $16. ;
2087          format malicious_rows best12. ;
2088          format tp best12. ;
2089          format fn best12. ;
2090        do;
2091          EFIOUT + 1;
2092          put seed @;
2093          put method $ @;
2094          put malicious_rows @;
2095          put tp @;
2096          put fn ;
2097          ;
2098        end;
2099       if _ERROR_ then call symputx('_EFIERR_',1);  /* set ERROR detection macro variable */
2100       if EFIEOD then call symputx('_EFIREC_',EFIOUT);
2101       run;

NOTE: 파일 '/home/student/github/outputs/fage_readout_nourl.csv':
      파일 이름=/home/student/github/outputs/fage_readout_nourl.csv,
      소유자 이름=UNKNOWN,그룹 이름=UNKNOWN,
      액세스 권한=-rw-r--r--,
      마지막 수정일=2026년 09월 18일 02시09분06초

NOTE: 46개의 레코드를 파일 '/home/student/github/outputs/fage_readout_nourl.csv'에 기록했습니다.
      최소 레코드 길이는 15입니다.
      최대 레코드 길이는 32입니다.
NOTE: 45개의 관측값을 데이터셋 WORK.FAGE_READOUT_NOURL.에서 읽었습니다.
NOTE: DATA 문장 실행 (총 프로세스 시간):
      실행 시간           0.01 초
      cpu 시간            0.00 초
      

45 records created in /home/student/github/outputs/fage_readout_nourl.csv from WORK.FAGE_READOUT_NOURL.
  
  
NOTE: "/home/student/github/outputs/fage_readout_nourl.csv" 파일을 성공적으로 생성했습니다.
NOTE: 프로시저 EXPORT 실행 (총 프로세스 시간):
      실행 시간           0.04 초
      cpu 시간            0.04 초
      

2102  +proc export data=work.fage_readout_fpr
2103  +    outfile="&projroot./outputs/fage_readout_fpr.csv" dbms=csv replace;
2104  +run;

NOTE: Unable to open parameter catalog: SASUSER.PARMS.PARMS.SLIST in update mode. Temporary parameter values will be saved to 
WORK.PARMS.PARMS.SLIST.
2105    /**********************************************************************
2106    *   PRODUCT:   SAS
148                                                        SAS 시스템      2026년  9월 18일 금요일 오전 02시 09분 06초

2107    *   VERSION:   V.04.00
2108    *   CREATOR:   External File Interface
2109    *   DATE:      18SEP26
2110    *   DESC:      Generated SAS Datastep Code
2111    *   TEMPLATE SOURCE:  (None Specified.)
2112    ***********************************************************************/
2113       data _null_;
2114       %let _EFIERR_ = 0; /* set the ERROR detection macro variable */
2115       %let _EFIREC_ = 0;     /* clear export record count macro variable */
2116       file '/home/student/github/outputs/fage_readout_fpr.csv' delimiter=',' DSD DROPOVER lrecl=32767;
2117       if _n_ = 1 then        /* write column names or labels */
2118        do;
2119          put
2120             "seed"
2121          ','
2122             "method"
2123          ','
2124             "normal_rows"
2125          ','
2126             "fp"
2127          ','
2128             "tn"
2129          ;
2130        end;
2131      set  WORK.FAGE_READOUT_FPR   end=EFIEOD;
2132          format seed best12. ;
2133          format method $16. ;
2134          format normal_rows best12. ;
2135          format fp best12. ;
2136          format tn best12. ;
2137        do;
2138          EFIOUT + 1;
2139          put seed @;
2140          put method $ @;
2141          put normal_rows @;
2142          put fp @;
2143          put tn ;
2144          ;
2145        end;
2146       if _ERROR_ then call symputx('_EFIERR_',1);  /* set ERROR detection macro variable */
2147       if EFIEOD then call symputx('_EFIREC_',EFIOUT);
2148       run;

NOTE: 파일 '/home/student/github/outputs/fage_readout_fpr.csv':
      파일 이름=/home/student/github/outputs/fage_readout_fpr.csv,
      소유자 이름=UNKNOWN,그룹 이름=UNKNOWN,
      액세스 권한=-rw-r--r--,
      마지막 수정일=2026년 09월 18일 02시09분06초

NOTE: 46개의 레코드를 파일 '/home/student/github/outputs/fage_readout_fpr.csv'에 기록했습니다.
      최소 레코드 길이는 19입니다.
      최대 레코드 길이는 29입니다.
NOTE: 45개의 관측값을 데이터셋 WORK.FAGE_READOUT_FPR.에서 읽었습니다.
NOTE: DATA 문장 실행 (총 프로세스 시간):
      실행 시간           0.01 초
      cpu 시간            0.00 초
      

149                                                        SAS 시스템      2026년  9월 18일 금요일 오전 02시 09분 06초

45 records created in /home/student/github/outputs/fage_readout_fpr.csv from WORK.FAGE_READOUT_FPR.
  
  
NOTE: "/home/student/github/outputs/fage_readout_fpr.csv" 파일을 성공적으로 생성했습니다.
NOTE: 프로시저 EXPORT 실행 (총 프로세스 시간):
      실행 시간           0.04 초
      cpu 시간            0.02 초
      

2149  +proc export data=work.fage_readout_scored
2150  +    outfile="&projroot./outputs/fage_readout_scored.csv" dbms=csv replace;
2151  +run;

NOTE: Unable to open parameter catalog: SASUSER.PARMS.PARMS.SLIST in update mode. Temporary parameter values will be saved to 
WORK.PARMS.PARMS.SLIST.
2152    /**********************************************************************
2153    *   PRODUCT:   SAS
2154    *   VERSION:   V.04.00
2155    *   CREATOR:   External File Interface
2156    *   DATE:      18SEP26
2157    *   DESC:      Generated SAS Datastep Code
2158    *   TEMPLATE SOURCE:  (None Specified.)
2159    ***********************************************************************/
2160       data _null_;
2161       %let _EFIERR_ = 0; /* set the ERROR detection macro variable */
2162       %let _EFIREC_ = 0;     /* clear export record count macro variable */
2163       file '/home/student/github/outputs/fage_readout_scored.csv' delimiter=',' DSD DROPOVER lrecl=32767;
2164       if _n_ = 1 then        /* write column names or labels */
2165        do;
2166          put
2167             "seed"
2168          ','
2169             "fold"
2170          ','
2171             "target"
2172          ','
2173             "has_url"
2174          ','
2175             "model_predicted"
2176          ','
2177             "method"
2178          ','
2179             "message_id"
2180          ','
2181             "role"
2182          ','
2183             "similarity_group_id"
2184          ','
2185             "label"
2186          ','
2187             "model_probability"
2188          ;
2189        end;
2190      set  WORK.FAGE_READOUT_SCORED   end=EFIEOD;
2191          format seed best12. ;
2192          format fold best12. ;
2193          format target best12. ;
2194          format has_url best12. ;
150                                                        SAS 시스템      2026년  9월 18일 금요일 오전 02시 09분 06초

2195          format model_predicted best12. ;
2196          format method $16. ;
2197          format message_id $40. ;
2198          format role $32. ;
2199          format similarity_group_id $40. ;
2200          format label $12. ;
2201          format model_probability best12. ;
2202        do;
2203          EFIOUT + 1;
2204          put seed @;
2205          put fold @;
2206          put target @;
2207          put has_url @;
2208          put model_predicted @;
2209          put method $ @;
2210          put message_id $ @;
2211          put role $ @;
2212          put similarity_group_id $ @;
2213          put label $ @;
2214          put model_probability ;
2215          ;
2216        end;
2217       if _ERROR_ then call symputx('_EFIERR_',1);  /* set ERROR detection macro variable */
2218       if EFIEOD then call symputx('_EFIREC_',EFIOUT);
2219       run;

NOTE: 파일 '/home/student/github/outputs/fage_readout_scored.csv':
      파일 이름=/home/student/github/outputs/fage_readout_scored.csv,
      소유자 이름=UNKNOWN,그룹 이름=UNKNOWN,
      액세스 권한=-rw-r--r--,
      마지막 수정일=2026년 09월 18일 02시09분06초

NOTE: 92737개의 레코드를 파일 '/home/student/github/outputs/fage_readout_scored.csv'에 기록했습니다.
      최소 레코드 길이는 101입니다.
      최대 레코드 길이는 112입니다.
NOTE: 92736개의 관측값을 데이터셋 WORK.FAGE_READOUT_SCORED.에서 읽었습니다.
NOTE: DATA 문장 실행 (총 프로세스 시간):
      실행 시간           0.28 초
      cpu 시간            0.25 초
      

92736 records created in /home/student/github/outputs/fage_readout_scored.csv from WORK.FAGE_READOUT_SCORED.
  
  
NOTE: "/home/student/github/outputs/fage_readout_scored.csv" 파일을 성공적으로 생성했습니다.
NOTE: 프로시저 EXPORT 실행 (총 프로세스 시간):
      실행 시간           0.31 초
      cpu 시간            0.28 초
      

2220  +
2221  +%put NOTE: Python FAGE 수치가 SAS 08 결과를 대신하지 않습니다. 로그와 ODS를 검수하십시오.;
NOTE: Python FAGE 수치가 SAS 08 결과를 대신하지 않습니다. 로그와 ODS를 검수하십시오.
2222  +title;
NOTE: %INCLUDE(레벨 1)를 종료 중입니다.

NOTE: 데이터셋 WORK._TMP_STATUS에 1개의 관측값과 6개의 변수가 있습니다.
NOTE: DATA 문장 실행 (총 프로세스 시간):
151                                                        SAS 시스템      2026년  9월 18일 금요일 오전 02시 09분 06초

      실행 시간           0.00 초
      cpu 시간            0.00 초
      


NOTE: WORK._TMP_STATUS을(를) WORK.SCAMLENS_MASTER_RUN_STATUS에 추가하는 중입니다.
NOTE: 1개의 관측값을 데이터셋 WORK._TMP_STATUS.에서 읽었습니다.
NOTE: 1개 관측값이 추가되었습니다.
NOTE: 데이터셋 WORK.SCAMLENS_MASTER_RUN_STATUS에 7개의 관측값과 6개의 변수가 있습니다.
NOTE: 프로시저 APPEND 실행 (총 프로세스 시간):
      실행 시간           0.00 초
      cpu 시간            0.00 초
      

NOTE:
NOTE: =========================================================================
NOTE: >>> [Step 8] 검수자 A/B 일치도 (Kappa) (11_reviewer_ab_agreement.sas)
NOTE: =========================================================================
NOTE: %INCLUDE(레벨 1) 파일 /home/student/github/sas/11_reviewer_ab_agreement.sas은(는) 파일 
      /home/student/github/sas/11_reviewer_ab_agreement.sas입니다.
2223  +/* Pre-consensus nominal A/B agreement; final consensus is a separate stratum. */
2224  +%macro sc11_check;
2225  +  %if &syscc ne 0 or &syserr ne 0 %then %do;
2226  +    %put ERROR: SAS 11 stopped after an unsuccessful step.;
2227  +    %abort cancel;
2228  +  %end;
2229  +%mend;
2230  +%macro sc11_run;
2231  +  %global projroot sasdata runout sc11_complete;
2232  +  %local n u bad;
2233  +  %let sc11_complete=0;
2234  +  %if %length(%superq(projroot))=0 %then %let projroot=/home/student/github;
2235  +  %if %length(%superq(sasdata))=0 %then %let sasdata=&projroot./data/processed/sas;
2236  +  %if %length(%superq(runout))=0 %then %do;
2237  +    %put ERROR: Run sas/00_RUN_AB.sas to define a fresh output directory.;
2238  +    %abort cancel;
2239  +  %end;
2240  +  %if not %sysfunc(fileexist(&sasdata./sas_reviewer_ab_20260914.csv)) %then %do;
2241  +    %put ERROR: Missing A/B agreement input.;
2242  +    %abort cancel;
2243  +  %end;
2244  +  data work.sc11_ab;
2245  +    infile "&sasdata./sas_reviewer_ab_20260914.csv" dsd dlm=',' firstobs=2
2246  +      truncover encoding='utf-8' lrecl=32767;
2247  +    length review_id $32 a_category b_category final_category a_action_mask b_action_mask 8
2248  +      resolution_source $48;
2249  +    input review_id $ a_category b_category final_category a_action_mask b_action_mask resolution_source $;
2250  +  run;
2251  +  %sc11_check;
2252  +  proc sql noprint;
2253  +    select count(*),count(distinct review_id) into :n trimmed,:u trimmed from work.sc11_ab;
2254  +    select count(*) into :bad trimmed from work.sc11_ab
2255  +    where missing(review_id) or missing(a_category) or missing(b_category) or missing(final_category)
2256  +      or a_category not in (1,2,3,4) or b_category not in (1,2,3,4)
2257  +      or final_category not in (1,2,3,4)
2258  +      or missing(a_action_mask) or missing(b_action_mask)
2259  +      or a_action_mask<1 or a_action_mask>127 or b_action_mask<1 or b_action_mask>127
2260  +      or a_action_mask ne floor(a_action_mask) or b_action_mask ne floor(b_action_mask)
152                                                        SAS 시스템      2026년  9월 18일 금요일 오전 02시 09분 06초

2261  +      or (band(a_action_mask,16)>0 and a_action_mask ne 16)
2262  +      or (band(b_action_mask,16)>0 and b_action_mask ne 16)
2263  +      or (band(a_action_mask,64)>0 and a_action_mask ne 64)
2264  +      or (band(b_action_mask,64)>0 and b_action_mask ne 64)
2265  +      or resolution_source not in ('auto_agreement_not_human_adjudication','adjudication')
2266  +      or ((resolution_source='auto_agreement_not_human_adjudication') ne
2267  +          (a_category=b_category and a_action_mask=b_action_mask))
2268  +      or (resolution_source='auto_agreement_not_human_adjudication' and final_category ne a_category);
2269  +  quit;
2270  +  %sc11_check;
2271  +  %if &n ne 556 or &u ne 556 or &bad ne 0 %then %do;
2272  +    %put ERROR: Invalid A/B input rows=&n. unique=&u. bad=&bad.;
2273  +    %abort cancel;
2274  +  %end;
2275  +
2276  +  data work.sc11_category_grid;
2277  +    do a_category=1 to 4; do b_category=1 to 4; output; end; end;
2278  +  run;
2279  +  proc sql;
2280  +    create table work.sc11_category_cells as
2281  +    select g.a_category,g.b_category,count(x.review_id) as n
2282  +    from work.sc11_category_grid g left join work.sc11_ab x
2283  +      on g.a_category=x.a_category and g.b_category=x.b_category
2284  +    group by g.a_category,g.b_category order by g.a_category,g.b_category;
2285  +  quit;
2286  +  %sc11_check;
2287  +  data work.sc11_final_category_grid;
2288  +    do final_category=1 to 4; output; end;
2289  +  run;
2290  +  %sc11_check;
2291  +  proc sql;
2292  +    create table work.sc11_final_category_cells as
2293  +    select g.final_category,count(x.review_id) as n
2294  +    from work.sc11_final_category_grid g left join work.sc11_ab x
2295  +      on g.final_category=x.final_category
2296  +    group by g.final_category order by g.final_category;
2297  +  quit;
2298  +  %sc11_check;
2299  +  data work.sc11_final_category_cells;
2300  +    set work.sc11_final_category_cells;
2301  +    proportion=n/&n.;
2302  +    format proportion best32.;
2303  +  run;
2304  +  %sc11_check;
2305  +  data work.sc11_actions;
2306  +    set work.sc11_ab;
2307  +    do action_code=1 to 7;
2308  +      a_value=(band(a_action_mask,2**(action_code-1))>0);
2309  +      b_value=(band(b_action_mask,2**(action_code-1))>0);
2310  +      output;
2311  +    end;
2312  +    keep review_id action_code a_value b_value;
2313  +  run;
2314  +  data work.sc11_action_grid;
2315  +    do action_code=1 to 7; do a_value=0 to 1; do b_value=0 to 1; output; end; end; end;
2316  +  run;
2317  +  proc sql;
2318  +    create table work.sc11_action_cells as
153                                                        SAS 시스템      2026년  9월 18일 금요일 오전 02시 09분 06초

2319  +    select g.action_code,g.a_value,g.b_value,count(x.review_id) as n
2320  +    from work.sc11_action_grid g left join work.sc11_actions x
2321  +      on g.action_code=x.action_code and g.a_value=x.a_value and g.b_value=x.b_value
2322  +    group by g.action_code,g.a_value,g.b_value order by g.action_code,g.a_value,g.b_value;
2323  +  quit;
2324  +  %sc11_check;
2325  +
2326  +  /* Both axes include all codes, including zero frequency rows and columns. */
2327  +  data work.sc11_all_cells;
2328  +    length measure $32;
2329  +    set work.sc11_category_cells(in=category) work.sc11_action_cells(in=action);
2330  +    if category then do; measure='category'; av=a_category; bv=b_category; end;
2331  +    if action then do; measure=cats('action_',action_code); av=a_value; bv=b_value; end;
2332  +    keep measure av bv n;
2333  +  run;
2334  +  proc sql;
2335  +    create table work.sc11_margina as select measure,av,sum(n) as na
2336  +      from work.sc11_all_cells group by measure,av;
2337  +    create table work.sc11_marginb as select measure,bv,sum(n) as nb
2338  +      from work.sc11_all_cells group by measure,bv;
2339  +    create table work.sc11_chance as select a.measure,sum(a.na*b.nb) as numerator
2340  +      from work.sc11_margina a inner join work.sc11_marginb b
2341  +      on a.measure=b.measure and a.av=b.bv group by a.measure;
2342  +    create table work.sc11_totals as select measure,sum(n) as n,
2343  +      sum(case when av=bv then n else 0 end) as agree_n
2344  +      from work.sc11_all_cells group by measure;
2345  +    create table work.sc11_agreement as select t.*,c.numerator
2346  +      from work.sc11_totals t inner join work.sc11_chance c on t.measure=c.measure;
2347  +    create table work.sc11_action_set as select 'action_set' as measure length=32,
2348  +      count(*) as n,sum(a_action_mask=b_action_mask) as agree_n from work.sc11_ab;
2349  +  quit;
2350  +  %sc11_check;
2351  +  data work.sc11_agreement;
2352  +    set work.sc11_agreement work.sc11_action_set;
2353  +    agreement=.; kappa=.;
2354  +    if n>0 then do;
2355  +      agreement=agree_n/n;
2356  +      if measure ne 'action_set' then do;
2357  +        pe=numerator/(n*n);
2358  +        if pe<1 then kappa=(agreement-pe)/(1-pe);
2359  +      end;
2360  +    end;
2361  +    format agreement kappa best32.;
2362  +    keep measure n agree_n agreement kappa;
2363  +  run;
2364  +  %sc11_check;
2365  +
2366  +  title 'Pre-consensus A/B categories: use unweighted kappa only';
2367  +  proc freq data=work.sc11_category_cells;
2368  +    tables a_category*b_category / agree;
2369  +    weight n / zeros;
2370  +  run;
2371  +  %sc11_check;
2372  +  title 'Pre-consensus action indicators: descriptive agreement';
2373  +  proc freq data=work.sc11_action_cells;
2374  +    by action_code;
2375  +    tables a_value*b_value / agree;
2376  +    weight n / zeros;
154                                                        SAS 시스템      2026년  9월 18일 금요일 오전 02시 09분 06초

2377  +  run;
2378  +  %sc11_check;
2379  +  title 'Pre-consensus agreement: category, exact action set, individual actions';
2380  +  proc print data=work.sc11_agreement noobs; run;
2381  +  title 'Final consensus category counts: separate descriptive table';
2382  +  proc freq data=work.sc11_ab; tables final_category; run;
2383  +  %sc11_check;
2384  +  proc export data=work.sc11_category_cells outfile="&runout./11_category_cells.csv" dbms=csv replace; run;
2385  +  %sc11_check;
2386  +  proc export data=work.sc11_final_category_cells outfile="&runout./11_final_category_cells.csv" dbms=csv replace; run;
2387  +  %sc11_check;
2388  +  proc export data=work.sc11_agreement outfile="&runout./11_agreement.csv" dbms=csv replace; run;
2389  +  %sc11_check;
2390  +  proc export data=work.sc11_action_cells outfile="&runout./11_action_cells.csv" dbms=csv replace; run;
2391  +  %sc11_check;
2392  +  title;
2393  +  %let sc11_complete=1;
2394  +  %put NOTE: A was AI-assisted. B used no AI and had no prior answer/label/prediction exposure per user attestation.;
2395  +  %put NOTE: Agreement is descriptive review evidence, not detection accuracy.;
2396  +  %put NOTE: SCAMLENS_11_COMPLETE;
2397  +%mend;
2398  +%sc11_run;
ERROR: Run sas/00_RUN_AB.sas to define a fresh output directory.
ERROR: %ABORT CANCEL 문으로 실행을 취소했습니다.
NOTE: %INCLUDE(레벨 1)를 종료 중입니다.
NOTE: SAS 시스템이 CANCEL 요청을 수신해서 프로세스를 중단했습니다.
1                                                          SAS 시스템      2026년  9월 18일 금요일 오전 02시 10분 36초

1      /* region: 생성한 프리앰블 */
2      /* 현재 디렉터리가 쓰기 가능한지 확인하십시오. */
3      data _null_;
4          length rc 4;
5          %let tworkloc="%sysfunc(getoption(work))";
6          rc=dlgcdir(&tworkloc);
7      run;

NOTE: '/opt/sas/viya/config/var/tmp/compsrv/default/04ee8070-d54a-4535-b462-e3946f5f09eb/SAS_work5D21000001EB_sas-compute-server-2b4
      73bef-58e9-4c87-8086-f8861afdcf8a-85'은(는) 현재 작동 중인 디렉터리입니다.
NOTE: DATA 문장 실행 (총 프로세스 시간):
      실행 시간           0.00 초
      cpu 시간            0.00 초
      

8      
9      /* 옵션 설정 */
10     title;
11     footnote;
12     options validvarname=any;
13     options validmemname=extend;
14     options dtreset date number;
15     options device=png;
16     
17     /* 매크로 변수 설정 */
18     %let syscc=0;
19     %let _clientapp = %nrquote(%nrstr(SAS Studio));
20     %let _clientappabbrev = %nrquote(%nrstr(Studio));
21     %let _clientappversion=2024.02;
22     %let _clientversion=;
23     %let _sasservername=&SYSHOSTNAME;
24     %let _sashostname=&SYSHOSTNAME;
25     %let _sasprogramfilehost=&SYSHOSTNAME;
26     %let _clientuserid = %nrquote(%nrstr(student));
27     %let _clientusername = %nrquote(%nrstr(Student));
28     %let clientmachine = %nrquote(%nrstr());
29     %let _clientmachine = %nrquote(%nrstr());
30     %let _clientmode = %nrquote(%nrstr(viya));
31     %let sasworklocation="%sysfunc(getoption(work))/";
32     filename _cwd &sasworklocation;
33     data _null_;
34         call symput('_sasworkingdir',pathname('_cwd'));
35     run;

NOTE: DATA 문장 실행 (총 프로세스 시간):
      실행 시간           0.00 초
      cpu 시간            0.00 초
      

36     filename _cwd;
NOTE: Fileref _CWD을(를) 삭제했습니다.
37     %let _sasprogramfile = %nrquote(%nrstr(/home/student/github/sas/00_RUN_MASTER_01_TO_14.sas));
38     %let _baseurl = %nrquote(%nrstr(https://server.demo.sas.com/SASStudio/));
39     %let _execenv = %nrquote(%nrstr(SASStudio));
40     %symdel _dataout_mime_type _dataout_name _dataout_url _dataout_table / nowarn;
41     %let _sasws_ = %bquote(%sysfunc(getoption(work)));
42     %let _saswstemp_ = %bquote(%sysfunc(getoption(work)));
43     
2                                                          SAS 시스템      2026년  9월 18일 금요일 오전 02시 10분 36초

44     /* SAS/Graph 감지 및 그래프 옵션 설정 */
45     data _null_;
46         length rc $255;
47         call symput("graphinit","");
48         call symput("graphterm","");
49         rc=tslvl('sasxgopt','n');
50         _error_=0;
51         if (rc^=' ') then do;
52             call symput("graphinit","goptions reset=all gsfname=_gsfname;");
53             call symput("graphterm","goptions noaccessible;");
54         end;
55     run;

NOTE: DATA 문장 실행 (총 프로세스 시간):
      실행 시간           0.00 초
      cpu 시간            0.00 초
      

56     data _null_;
57         length rc 4;
58         rc=sysprod("PRODNUM002");
59         if (rc^=1) then do;
60             call symput("graphinit","");
61             call symput("graphterm","");
62         end;
63     run;

NOTE: DATA 문장 실행 (총 프로세스 시간):
      실행 시간           0.00 초
      cpu 시간            0.00 초
      

64     
65     /* ODS 대상 설정 */
66     ods _all_ close;
67     %studio_results_directory;
68     filename _htmlout "&_results_prefix_..html";
69     filename _listout "&_results_prefix_..lst";
70     filename _gsfname temp;
71     filename _dataout "&_results_prefix_..dat";
72     ods autonavigate off;
73     ods graphics on;
74     ods html5 (id=web) METATEXT='http-equiv="Content-Security-Policy" content="default-src ''none''; style-src ''unsafe-inline'';
74   !  img-src data: ;"' device=png gpath="&_saswstemp_" path="&_saswstemp_" encoding=utf8 file=_htmlout
74   ! (title='결과:00_RUN_MASTER_01_TO_14.sas') style=Illuminate options(bitmap_mode='inline' outline='on' svg_mode='inline'
74   ! css_prefix=".ods_&SYS_COMPUTE_JOB_ID" body_id="div_&SYS_COMPUTE_JOB_ID" );
NOTE: HTML5(WEB) Body 파일 기록 중: _HTMLOUT
75     ods listing file=_listout;
76     &graphinit;
77     %studio_initialize_custom_output;
78     /* endregion */
79     
80     /*---------------------------------------------------------------------------
81       ScamLens 00_RUN_MASTER_01_TO_14 — 전체 분석 파이프라인 (01 ~ 14) 마스터 실행기
82     
83       프로젝트: ScamLens (안심문자 탐지 및 난독화 강건성 연구)
84       작성일: 2026-09-18
85       버전: v2.0 (실시간 화면 로깅 & 견고한 단계별 내결함성 탑재)
3                                                          SAS 시스템      2026년  9월 18일 금요일 오전 02시 10분 36초

86     
87       [특징]
88       1. proc printto 리다이렉트 없이 SAS Studio 화면에 각 단계별 진행 상황을 실시간 표시
89       2. 단순 경고(WARNING, syscc=4)로 인한 강제 중단을 방지하고 끝까지 완주
90       3. 완료 후 전체 단계별 성공/실패 현황표(work.scamlens_master_run_status) 출력
91     ---------------------------------------------------------------------------*/
92     
93     %global projroot;
94     %macro init_master_env;
95       %if %length(%superq(projroot))=0 %then %do;
96         %if %sysfunc(fileexist(/home/student/github/sas/14_kcbert_visuals.sas)) %then %do;
97           %let projroot=/home/student/github;
98         %end;
99         %else %if %sysfunc(fileexist(/Users/sangwoolee/sas/sas/sas/14_kcbert_visuals.sas)) %then %do;
100          %let projroot=/Users/sangwoolee/sas/sas;
101        %end;
102        %else %do;
103          %let projroot=/home/student/github;
104        %end;
105      %end;
106    %mend init_master_env;
107    %init_master_env;
108    
109    /* 상태 기록 테이블 초기화 */
110    data work.scamlens_master_run_status;
111      length step 8 stage_num $10 stage_name $45 program $35 status $15 syscc 8;
112      stop;
113    run;

NOTE: 변수 step이(가) 초기화되지 않았습니다.
NOTE: 변수 stage_num이(가) 초기화되지 않았습니다.
NOTE: 변수 stage_name이(가) 초기화되지 않았습니다.
NOTE: 변수 program이(가) 초기화되지 않았습니다.
NOTE: 변수 status이(가) 초기화되지 않았습니다.
NOTE: 변수 syscc이(가) 초기화되지 않았습니다.
NOTE: 데이터셋 WORK.SCAMLENS_MASTER_RUN_STATUS에 0개의 관측값과 6개의 변수가 있습니다.
NOTE: DATA 문장 실행 (총 프로세스 시간):
      실행 시간           0.00 초
      cpu 시간            0.00 초
      

114    
115    %macro run_substage(step_idx, stage_id, stage_desc, sas_file);
116      %put NOTE: ;
117      %put NOTE: =========================================================================;
118      %put NOTE: >>> [Step &step_idx.] &stage_desc. (&sas_file.);
119      %put NOTE: =========================================================================;
120    
121      %local file_path cur_syscc;
122      %let file_path=&projroot./sas/&sas_file.;
123    
124      %if not %sysfunc(fileexist(&file_path.)) %then %do;
125        %put WARNING: 실행 파일이 존재하지 않아 건너뜁니다: &file_path.;
126        data work._tmp_status;
127          length step 8 stage_num $10 stage_name $45 program $35 status $15 syscc 8;
128          step = &step_idx.;
129          stage_num = "&stage_id.";
130          stage_name = "&stage_desc.";
4                                                          SAS 시스템      2026년  9월 18일 금요일 오전 02시 10분 36초

131          program = "&sas_file.";
132          status = "SKIPPED";
133          syscc = .;
134        run;
135      %end;
136      %else %do;
137        %let syscc=0;
138        %include "&file_path.";
139        %let cur_syscc=&syscc.;
140    
141        data work._tmp_status;
142          length step 8 stage_num $10 stage_name $45 program $35 status $15 syscc 8;
143          step = &step_idx.;
144          stage_num = "&stage_id.";
145          stage_name = "&stage_desc.";
146          program = "&sas_file.";
147          syscc = &cur_syscc.;
148          if syscc <= 4 then status = "SUCCESS";
149          else status = "ERROR";
150        run;
151      %end;
152    
153      proc append base=work.scamlens_master_run_status data=work._tmp_status force; run;
154    %mend run_substage;
155    
156    %macro run_scamlens_full_master;
157      %local t_start t_end;
158      %let t_start=%sysfunc(datetime());
159    
160      %put NOTE: =========================================================================;
161      %put NOTE: ScamLens 01 ~ 14 전체 마스터 파이프라인 시작 (실행 환경: &projroot.);
162      %put NOTE: 시작 시각: %sysfunc(datetime(), datetime20.);
163      %put NOTE: =========================================================================;
164    
165      /* [Track 1] 베이스라인 머신러닝 및 데이터 감사 */
166      %run_substage(1, 01, 데이터 적재 및 무결성 감사, 01_load_and_audit.sas);
167      %run_substage(2, 07, 특징 구성 및 신종 스미싱 분석, 07_composition_and_novelty.sas);
168      %run_substage(3, 02, 메타 분류기 학습 및 평가, 02_meta_classifier.sas);
169      %run_substage(4, 03, 단일/앙상블 모델 비교 (ROC), 03_model_comparison.sas);
170      %run_substage(5, 06, 트랜스포머 vs ML 대조 분석, 06_transformer_contrast.sas);
171      %run_substage(6, 05, 베이스라인 종합 시각화, 05_visuals.sas);
172      %run_substage(7, 08, FAGE 공정성 및 신뢰성 게이트, 08_fage_gate.sas);
173    
174      /* [Track 2] 인간-AI 검수자 합의 및 A/B 배포 */
175      %run_substage(8, 11, 검수자 A/B 일치도 (Kappa), 11_reviewer_ab_agreement.sas);
176      %run_substage(9, 12, 최종 합의 모델 성능 평가, 12_consensus_model_comparison.sas);
177      %run_substage(10, 13, 합의 집계 7종 테이블 CAS 적재, 13_publish_ab_to_cas.sas);
178    
179      /* [Track 3] 심층 KcBERT 15-Arm 강건성 시각화 및 CAS 글로벌 승격 */
180      %run_substage(11, 14, KcBERT 15-Arm 시각화 & CAS 배포, 14_kcbert_visuals.sas);
181    
182      %let t_end=%sysfunc(datetime());
183      %put NOTE: =========================================================================;
184      %put NOTE: ScamLens 01 ~ 14 전체 마스터 파이프라인 완주 완료!;
185      %put NOTE: 총 소요 시간: %sysfunc(round(%sysevalf(&t_end. - &t_start.), 0.01)) 초;
186      %put NOTE: =========================================================================;
187    
188      /* 최종 종합 실행 현황표 출력 */
5                                                          SAS 시스템      2026년  9월 18일 금요일 오전 02시 10분 36초

189      title1 "ScamLens 01 ~ 14 전체 파이프라인 단계별 실행 결과 현황표";
190      title2 "전체 11개 세부 단계 완주 요약 (SUCCESS / SKIPPED / ERROR)";
191      proc print data=work.scamlens_master_run_status noobs;
192        var step stage_num stage_name program status syscc;
193      run;
194      title;
195    %mend run_scamlens_full_master;
196    
197    %run_scamlens_full_master;
NOTE: =========================================================================
NOTE: ScamLens 01 ~ 14 전체 마스터 파이프라인 시작 (실행 환경: /home/student/github)
NOTE: 시작 시각:   18SEP2026:02:10:37
NOTE: =========================================================================
NOTE:
NOTE: =========================================================================
NOTE: >>> [Step 1] 데이터 적재 및 무결성 감사 (01_load_and_audit.sas)
NOTE: =========================================================================
NOTE: %INCLUDE(레벨 1) 파일 /home/student/github/sas/01_load_and_audit.sas은(는) 파일 
      /home/student/github/sas/01_load_and_audit.sas입니다.
198   +/*---------------------------------------------------------------------------
199   +  ScamLens 01 — SAS Viya 적재와 데이터 감사
200   +
201   +  전제
202   +    - Python 파이프라인이 비식별화·URL 비활성화·분할까지 끝낸 CSV를 읽는다.
203   +      생성 명령: PYTHONPATH=src python3 scripts/export_for_sas.py
204   +    - Viya 세션 인코딩은 UTF-8이어야 한다. 한글이 깨지면 먼저 이것부터 확인한다.
205   +    - 한글은 UTF-8에서 글자당 3바이트다. 문자 단위 처리에는 반드시 K 함수
206   +      (KSUBSTR, KLENGTH, KINDEX, KSCAN)를 쓴다. SUBSTR은 글자를 쪼개 깨뜨린다.
207   +
208   +  이 프로그램은 모델을 만들지 않는다. Python이 찾은 URL·라벨 상관을 SAS에서
209   +  독립적으로 재현하고 통계적 유의성과 신뢰구간을 붙이는 것이 목적이다.
210   +---------------------------------------------------------------------------*/
211   +
212   +%let projroot = /home/student/github;       /* SAS 서버 기본 프로젝트 경로 */
213   +%let sasdata  = &projroot./data/processed/sas;
214   +%let sas_oof_ready = 0;
215   +%let sas_meta_fit_completed = 0;
216   +
217   +/* 세션 인코딩을 먼저 확인한다. UTF-8이 아니면 이후 모든 한글이 깨지므로
218   +   여기서 멈추는 편이 낫다. 로그에서 ENCODING 값을 눈으로 확인한다. */
219   +proc options option=encoding value; run;

    SAS (r) Proprietary Software Release V.04.00  TS1M0

SAS 옵션 ENCODING에 대한 옵션값 정보
    값: UTF8
    범위: SAS Session
    옵션값 설정 방법: Config File
    Config 파일명:
            /config/saslocale.cfg

NOTE: 프로시저 OPTIONS 실행 (총 프로세스 시간):
      실행 시간           0.00 초
      cpu 시간            0.00 초
      

220   +
221   +%macro assert_utf8;
6                                                          SAS 시스템      2026년  9월 18일 금요일 오전 02시 10분 36초

222   +    %local enc;
223   +    %let enc=%upcase(%sysfunc(getoption(encoding)));
224   +    %if "&enc" ne "UTF8" and "&enc" ne "UTF-8" %then %do;
225   +        %put ERROR: 세션 인코딩이 UTF-8이 아닙니다 (&enc).;
226   +        %put ERROR- SAS Viya 세션을 UTF-8로 다시 시작한 뒤 실행하십시오.;
227   +        %abort cancel;
228   +    %end;
229   +%mend;
230   +%assert_utf8;
231   +
232   +
233   +/*--- 1. 점수 테이블 적재 -------------------------------------------------*/
234   +proc import datafile="&sasdata./sas_message_scores.csv"
235   +            out=work.scores
236   +            dbms=csv
237   +            replace;
238   +    guessingrows=max;
239   +run;

NOTE: Unable to open parameter catalog: SASUSER.PARMS.PARMS.SLIST in update mode. Temporary parameter values will be saved to 
WORK.PARMS.PARMS.SLIST.
240     /**********************************************************************
241     *   PRODUCT:   SAS
242     *   VERSION:   V.04.00
243     *   CREATOR:   External File Interface
244     *   DATE:      18SEP26
245     *   DESC:      Generated SAS Datastep Code
246     *   TEMPLATE SOURCE:  (None Specified.)
247     ***********************************************************************/
248        data WORK.SCORES    ;
249        %let _EFIERR_ = 0; /* set the ERROR detection macro variable */
250        infile '/home/student/github/data/processed/sas/sas_message_scores.csv' delimiter = ',' MISSOVER DSD lrecl=32767
250  ! firstobs=2 ;
251           informat message_id $24. ;
252           informat split $10. ;
253           informat similarity_group_id $24. ;
254           informat label $8. ;
255           informat target best32. ;
256           informat has_url best32. ;
257           informat url_count best32. ;
258           informat text_length best32. ;
259           informat text_probability best32. ;
260           informat text_probability_oof best32. ;
261           informat text_probability_meta_input best32. ;
262           informat oof_fold_id best32. ;
263           informat sas_meta_fit_eligible best32. ;
264           informat url_probability_filled best32. ;
265           informat url_probability_missing best32. ;
266           informat fixed_fusion_probability best32. ;
267           informat url_neutral_probability best32. ;
268           informat linear_cf_probability best32. ;
269           informat kcbert_probability best32. ;
270           informat kcbert_calibrated_probability best32. ;
271           informat kcbert_cf_probability best32. ;
272           informat attack_type $21. ;
273           format message_id $24. ;
274           format split $10. ;
275           format similarity_group_id $24. ;
7                                                          SAS 시스템      2026년  9월 18일 금요일 오전 02시 10분 42초

276           format label $8. ;
277           format target best12. ;
278           format has_url best12. ;
279           format url_count best12. ;
280           format text_length best12. ;
281           format text_probability best12. ;
282           format text_probability_oof best12. ;
283           format text_probability_meta_input best12. ;
284           format oof_fold_id best12. ;
285           format sas_meta_fit_eligible best12. ;
286           format url_probability_filled best12. ;
287           format url_probability_missing best12. ;
288           format fixed_fusion_probability best12. ;
289           format url_neutral_probability best12. ;
290           format linear_cf_probability best12. ;
291           format kcbert_probability best12. ;
292           format kcbert_calibrated_probability best12. ;
293           format kcbert_cf_probability best12. ;
294           format attack_type $21. ;
295        input
296                    message_id  $
297                    split  $
298                    similarity_group_id  $
299                    label  $
300                    target
301                    has_url
302                    url_count
303                    text_length
304                    text_probability
305                    text_probability_oof
306                    text_probability_meta_input
307                    oof_fold_id
308                    sas_meta_fit_eligible
309                    url_probability_filled
310                    url_probability_missing
311                    fixed_fusion_probability
312                    url_neutral_probability
313                    linear_cf_probability
314                    kcbert_probability
315                    kcbert_calibrated_probability
316                    kcbert_cf_probability
317                    attack_type  $
318        ;
319        if _ERROR_ then call symputx('_EFIERR_',1);  /* set ERROR detection macro variable */
320        run;

NOTE: 입력파일 '/home/student/github/data/processed/sas/sas_message_scores.csv':
      파일 이름=/home/student/github/data/processed/sas/sas_message_scores.csv,
      소유자 이름=UNKNOWN,그룹 이름=UNKNOWN,
      액세스 권한=-rw-r--r--,
      마지막 수정일=2026년 09월 15일 22시31분24초,
      파일 크기(바이트)=3662397

NOTE: 16773개의 레코드를 입력파일 '/home/student/github/data/processed/sas/sas_message_scores.csv'에서 읽었습니다.
      최소 레코드 길이는 195입니다.
      최대 레코드 길이는 255입니다.
NOTE: 데이터셋 WORK.SCORES에 16773개의 관측값과 22개의 변수가 있습니다.
NOTE: DATA 문장 실행 (총 프로세스 시간):
8                                                          SAS 시스템      2026년  9월 18일 금요일 오전 02시 10분 42초

      실행 시간           0.02 초
      cpu 시간            0.03 초
      

16773 rows created in WORK.SCORES from /home/student/github/data/processed/sas/sas_message_scores.csv.
  
  
  
NOTE: WORK.SCORES 데이터셋을 성공적으로 생성했습니다.
NOTE: 데이터셋 WORK.SCORES에 16773개의 관측값과 22개의 변수가 있습니다.
NOTE: 프로시저 IMPORT 실행 (총 프로세스 시간):
      실행 시간           5.80 초
      cpu 시간            5.81 초
      

321   +
322   +/*--- 2. 텍스트 테이블 적재 -----------------------------------------------
323   +  길이는 실측으로 정한다. 내보낸 CSV의 최대 본문은 5,547바이트이고 158행
324   +  (0.94%)이 2,000바이트를 넘는다. $2000으로 읽으면 그 158행이 조용히 잘려
325   +  나가는데, 잘린 쪽이 대체로 긴 대출 광고 템플릿이라 n-gram 분포가 함께
326   +  왜곡된다. 여유를 둬 $8000으로 잡는다.
327   +
328   +  DSD는 구분자를 쉼표로 바꾸므로 한글 사이 공백이 필드를 끊지 않는다.
329   +  그래도 의도를 드러내기 위해 dlm을 명시한다.
330   +-------------------------------------------------------------------------*/
331   +data work.msgtext;
332   +    infile "&sasdata./sas_message_text.csv"
333   +           dsd dlm=',' firstobs=2 truncover encoding='utf-8' lrecl=32767;
334   +    length message_id $40 split $12 label $12 text_normalized $8000;
335   +    input message_id $ split $ label $ target has_url text_utf8_bytes text_normalized $;
336   +run;

NOTE: 입력파일 "/home/student/github/data/processed/sas/sas_message_text.csv":
      파일 이름=/home/student/github/data/processed/sas/sas_message_text.csv,
      소유자 이름=UNKNOWN,그룹 이름=UNKNOWN,
      액세스 권한=-rw-r--r--,
      마지막 수정일=2026년 09월 15일 22시31분25초,
      파일 크기(바이트)=5163148

NOTE: 16773개의 레코드를 입력파일 "/home/student/github/data/processed/sas/sas_message_text.csv"에서 읽었습니다.
      최소 레코드 길이는 49입니다.
      최대 레코드 길이는 5595입니다.
NOTE: 데이터셋 WORK.MSGTEXT에 16773개의 관측값과 7개의 변수가 있습니다.
NOTE: DATA 문장 실행 (총 프로세스 시간):
      실행 시간           0.48 초
      cpu 시간            0.12 초
      

337   +
338   +/* LENGTHM은 할당된 $8000의 크기를 반환하므로 본문 실측에 쓸 수 없다.
339   +   LENGTHN은 뒤쪽 패딩을 제외한 실제 바이트 수다. Python의 원본 UTF-8 바이트
340   +   수와 대조해 필드 잘림·인코딩 손상을 검출한다. */
341   +proc sql;
342   +    create table work.text_length_audit as
343   +    select count(*)                       as rows,
344   +           max(lengthn(text_normalized))  as max_bytes,
345   +           max(klength(text_normalized))  as max_chars,
346   +           sum(lengthn(text_normalized) >= 8000) as possibly_truncated,
9                                                          SAS 시스템      2026년  9월 18일 금요일 오전 02시 10분 43초

347   +           sum(missing(text_utf8_bytes) or
348   +               lengthn(text_normalized) ne text_utf8_bytes) as byte_length_mismatches
349   +    from work.msgtext;
NOTE: Table WORK.TEXT_LENGTH_AUDIT created, with 1 rows and 5 columns.

350   +quit;
NOTE: 프로시저 SQL 실행 (총 프로세스 시간):
      실행 시간           0.10 초
      cpu 시간            0.05 초
      

351   +
352   +title "본문 길이 감사 — possibly_truncated 가 0이어야 한다";
353   +proc print data=work.text_length_audit noobs; run;

NOTE: 1개의 관측값을 데이터셋 WORK.TEXT_LENGTH_AUDIT.에서 읽었습니다.
NOTE: PRINT 프로시저가 283 페이지를 인쇄했습니다.
NOTE: 프로시저 PRINT 실행 (총 프로세스 시간):
      실행 시간           0.00 초
      cpu 시간            0.01 초
      

354   +
355   +data _null_;
356   +    set work.text_length_audit;
357   +    if rows=0 or possibly_truncated > 0 or byte_length_mismatches > 0 then do;
358   +        put "ERROR: SAS text import differs from the verified UTF-8 export. Stop and re-export.";
359   +        abort cancel;
360   +    end;
361   +run;

NOTE: 1개의 관측값을 데이터셋 WORK.TEXT_LENGTH_AUDIT.에서 읽었습니다.
NOTE: DATA 문장 실행 (총 프로세스 시간):
      실행 시간           0.00 초
      cpu 시간            0.00 초
      

362   +
363   +title "OOF 적격성 — sas_meta_fit_eligible=0이면 02는 실행 불가";
364   +proc freq data=work.scores;
365   +    tables split*sas_meta_fit_eligible / missing nopercent;
366   +run;

NOTE: 16773개의 관측값을 데이터셋 WORK.SCORES.에서 읽었습니다.
NOTE: FREQ 프로시저가 284 페이지를 인쇄했습니다.
NOTE: 프로시저 FREQ 실행 (총 프로세스 시간):
      실행 시간           0.01 초
      cpu 시간            0.02 초
      

367   +
368   +%macro summarize_oof_readiness;
369   +    %local dsid rc index name schema_ready bad_rows train_rows;
370   +    %let schema_ready=1;
371   +    %let dsid=%sysfunc(open(work.scores));
372   +    %do index=1 %to 5;
373   +        %let name=%scan(text_probability_meta_input text_probability_oof
374   +                        oof_fold_id sas_meta_fit_eligible similarity_group_id,&index.);
10                                                         SAS 시스템      2026년  9월 18일 금요일 오전 02시 10분 43초

375   +        %if %sysfunc(varnum(&dsid.,&name.))=0 %then %let schema_ready=0;
376   +    %end;
377   +    %let rc=%sysfunc(close(&dsid.));
378   +    %if &schema_ready.=1 %then %do;
379   +        proc sql noprint;
380   +            select count(*) into :train_rows trimmed from work.scores where split='train';
381   +            select count(*) into :bad_rows trimmed from work.scores
382   +            where sas_meta_fit_eligible ne 1 or missing(text_probability_meta_input)
383   +               or text_probability_meta_input<0 or text_probability_meta_input>1
384   +               or (split='train' and (missing(text_probability_oof) or missing(oof_fold_id)
385   +                   or text_probability_meta_input ne text_probability_oof));
386   +        quit;
387   +        %if &train_rows.>0 and &bad_rows.=0 %then %let sas_oof_ready=1;
388   +    %end;
389   +    %put NOTE: Verified OOF input readiness = &sas_oof_ready.;
390   +%mend;
391   +%summarize_oof_readiness;
NOTE: 프로시저 SQL 실행 (총 프로세스 시간):
      실행 시간           0.00 초
      cpu 시간            0.01 초
      

NOTE: Verified OOF input readiness = 1
392   +
393   +
394   +/*--- 3. 분할·라벨 분포 ---------------------------------------------------*/
395   +title "분할별 라벨 분포";
396   +proc freq data=work.scores;
397   +    tables split*label / nocol nopercent;
398   +run;

NOTE: 16773개의 관측값을 데이터셋 WORK.SCORES.에서 읽었습니다.
NOTE: FREQ 프로시저가 285 페이지를 인쇄했습니다.
NOTE: 프로시저 FREQ 실행 (총 프로세스 시간):
      실행 시간           0.01 초
      cpu 시간            0.02 초
      

399   +
400   +
401   +/*--- 4. URL 유무와 라벨의 관계 (Python 분석의 SAS 재현) ------------------
402   +  Python에서 train 기준 P(악성|URL 있음) 68.21% 대 P(악성|URL 없음) 3.86%를
403   +  확인했다. 여기서는 카이제곱과 오즈비까지 붙여 상관이 우연이 아님을 보인다.
404   +-------------------------------------------------------------------------*/
405   +title "URL 유무 × 라벨 (train 분할)";
406   +proc freq data=work.scores;
407   +    where split = 'train';
408   +    tables has_url*label / chisq relrisk nocol;
409   +run;

NOTE: 12100개의 관측값을 데이터셋 WORK.SCORES.에서 읽었습니다.
      WHERE split='train';
NOTE: FREQ 프로시저가 286 페이지를 인쇄했습니다.
NOTE: 프로시저 FREQ 실행 (총 프로세스 시간):
      실행 시간           0.03 초
      cpu 시간            0.03 초
      

11                                                         SAS 시스템      2026년  9월 18일 금요일 오전 02시 10분 43초

410   +
411   +
412   +/*--- 5. URL 유무별 정상 오탐률의 정확 신뢰구간 ---------------------------
413   +  test 분할 정상 문자 1,665건이 대상이다. URL 없는 정상 1,367건에서 오탐은 0건,
414   +  URL 포함 정상 298건에서 4건이다. 0건 구간은 점추정이 0%라 아무 정보를 주지
415   +  않으므로 exact 이항 신뢰구간이 반드시 필요하다.
416   +
417   +  임계값은 Python이 validation에서 고른 값과 같아야 한다. 바꾸지 않는다.
418   +-------------------------------------------------------------------------*/
419   +%let text_threshold = 0.515;
420   +
421   +data work.normal_test;
422   +    set work.scores;
423   +    where split = 'test' and target = 0;
424   +    length url_group $12;
425   +    false_positive = (text_probability >= &text_threshold.);
426   +    if has_url = 1 then url_group = 'URL 있음';
427   +    else                url_group = 'URL 없음';
428   +run;

NOTE: 1665개의 관측값을 데이터셋 WORK.SCORES.에서 읽었습니다.
      WHERE (split='test') and (target=0);
NOTE: 데이터셋 WORK.NORMAL_TEST에 1665개의 관측값과 24개의 변수가 있습니다.
NOTE: DATA 문장 실행 (총 프로세스 시간):
      실행 시간           0.00 초
      cpu 시간            0.01 초
      

429   +
430   +/* BY 처리는 정렬을 요구한다. scores는 메시지 순서라 url_group이 뒤섞여 있어
431   +   notsorted로는 같은 그룹이 여러 번 쪼개져 나온다. 반드시 먼저 정렬한다. */
432   +proc sort data=work.normal_test; by url_group; run;

NOTE: 1665개의 관측값을 데이터셋 WORK.NORMAL_TEST.에서 읽었습니다.
NOTE: 데이터셋 WORK.NORMAL_TEST에 1665개의 관측값과 24개의 변수가 있습니다.
NOTE: 프로시저 SORT 실행 (총 프로세스 시간):
      실행 시간           0.00 초
      cpu 시간            0.00 초
      

433   +
434   +/* 오류가 0건인 그룹에도 오류=1 범주를 빈도 0으로 남긴다. 범주 자체가 없으면
435   +   BINOMIAL(LEVEL='1')이 실패한다. WEIGHT / ZEROS는 분모를 늘리지 않는다. */
436   +data work.normal_test_ci;
437   +    set work.normal_test;
438   +    by url_group;
439   +    audit_weight=1;
440   +    output;
441   +    if last.url_group then do;
442   +        audit_weight=0;
443   +        false_positive=0; output;
444   +        false_positive=1; output;
445   +    end;
446   +run;

NOTE: 1665개의 관측값을 데이터셋 WORK.NORMAL_TEST.에서 읽었습니다.
NOTE: 데이터셋 WORK.NORMAL_TEST_CI에 1669개의 관측값과 25개의 변수가 있습니다.
NOTE: DATA 문장 실행 (총 프로세스 시간):
12                                                         SAS 시스템      2026년  9월 18일 금요일 오전 02시 10분 43초

      실행 시간           0.00 초
      cpu 시간            0.00 초
      

447   +
448   +title "정상 문자 오탐률과 exact 신뢰구간 (URL 유무별)";
449   +proc freq data=work.normal_test_ci;
450   +    by url_group;
451   +    weight audit_weight / zeros;
452   +    tables false_positive / binomial(level='1' cl=exact);
453   +run;

NOTE: 1669개의 관측값을 데이터셋 WORK.NORMAL_TEST_CI.에서 읽었습니다.
NOTE: FREQ 프로시저가 287-288 페이지를 인쇄했습니다.
NOTE: 프로시저 FREQ 실행 (총 프로세스 시간):
      실행 시간           0.03 초
      cpu 시간            0.04 초
      

454   +
455   +/*--- 6. URL 유무별 악성 미탐률 -------------------------------------------
456   +  URL 없는 악성은 54건뿐이라 점추정만 보면 안 된다.
457   +-------------------------------------------------------------------------*/
458   +data work.malicious_test;
459   +    set work.scores;
460   +    where split = 'test' and target = 1;
461   +    length url_group $12;
462   +    false_negative = (text_probability < &text_threshold.);
463   +    if has_url = 1 then url_group = 'URL 있음';
464   +    else                url_group = 'URL 없음';
465   +run;

NOTE: 652개의 관측값을 데이터셋 WORK.SCORES.에서 읽었습니다.
      WHERE (split='test') and (target=1);
NOTE: 데이터셋 WORK.MALICIOUS_TEST에 652개의 관측값과 24개의 변수가 있습니다.
NOTE: DATA 문장 실행 (총 프로세스 시간):
      실행 시간           0.00 초
      cpu 시간            0.01 초
      

466   +
467   +proc sort data=work.malicious_test; by url_group; run;

NOTE: 652개의 관측값을 데이터셋 WORK.MALICIOUS_TEST.에서 읽었습니다.
NOTE: 데이터셋 WORK.MALICIOUS_TEST에 652개의 관측값과 24개의 변수가 있습니다.
NOTE: 프로시저 SORT 실행 (총 프로세스 시간):
      실행 시간           0.00 초
      cpu 시간            0.00 초
      

468   +
469   +data work.malicious_test_ci;
470   +    set work.malicious_test;
471   +    by url_group;
472   +    audit_weight=1;
473   +    output;
474   +    if last.url_group then do;
475   +        audit_weight=0;
13                                                         SAS 시스템      2026년  9월 18일 금요일 오전 02시 10분 43초

476   +        false_negative=0; output;
477   +        false_negative=1; output;
478   +    end;
479   +run;

NOTE: 652개의 관측값을 데이터셋 WORK.MALICIOUS_TEST.에서 읽었습니다.
NOTE: 데이터셋 WORK.MALICIOUS_TEST_CI에 656개의 관측값과 25개의 변수가 있습니다.
NOTE: DATA 문장 실행 (총 프로세스 시간):
      실행 시간           0.00 초
      cpu 시간            0.00 초
      

480   +
481   +title "악성 문자 미탐률과 exact 신뢰구간 (URL 유무별)";
482   +proc freq data=work.malicious_test_ci;
483   +    by url_group;
484   +    weight audit_weight / zeros;
485   +    tables false_negative / binomial(level='1' cl=exact);
486   +run;

NOTE: 656개의 관측값을 데이터셋 WORK.MALICIOUS_TEST_CI.에서 읽었습니다.
NOTE: FREQ 프로시저가 289-290 페이지를 인쇄했습니다.
NOTE: 프로시저 FREQ 실행 (총 프로세스 시간):
      실행 시간           0.03 초
      cpu 시간            0.04 초
      

487   +
488   +title;
NOTE: %INCLUDE(레벨 1)를 종료 중입니다.

NOTE: 데이터셋 WORK._TMP_STATUS에 1개의 관측값과 6개의 변수가 있습니다.
NOTE: DATA 문장 실행 (총 프로세스 시간):
      실행 시간           0.00 초
      cpu 시간            0.00 초
      


NOTE: WORK._TMP_STATUS을(를) WORK.SCAMLENS_MASTER_RUN_STATUS에 추가하는 중입니다.
NOTE: 1개의 관측값을 데이터셋 WORK._TMP_STATUS.에서 읽었습니다.
NOTE: 1개 관측값이 추가되었습니다.
NOTE: 데이터셋 WORK.SCAMLENS_MASTER_RUN_STATUS에 1개의 관측값과 6개의 변수가 있습니다.
NOTE: 프로시저 APPEND 실행 (총 프로세스 시간):
      실행 시간           0.00 초
      cpu 시간            0.00 초
      

NOTE:
NOTE: =========================================================================
NOTE: >>> [Step 2] 특징 구성 및 신종 스미싱 분석 (07_composition_and_novelty.sas)
NOTE: =========================================================================
NOTE: %INCLUDE(레벨 1) 파일 /home/student/github/sas/07_composition_and_novelty.sas은(는) 파일 
      /home/student/github/sas/07_composition_and_novelty.sas입니다.
489   +/*---------------------------------------------------------------------------
490   +  ScamLens 07 — 고정 탐지기의 외부 평가 결과: 연도 · 유형 · 유사도 진단
491   +
492   +  이미 관찰한 자료에 대한 탐색이다. 분류기 재학습·임계값 선택에 사용하지 않는다.
493   +  전기간 중복 제거 후 최초 관측 연도에 남긴 사례이므로 실제 연도별 문자 트래픽,
14                                                         SAS 시스템      2026년  9월 18일 금요일 오전 02시 10분 43초

494   +  전향적 시간 홀드아웃, 시간의 인과 효과로 해석하지 않는다.
495   +  주 분석은 범주형 연도다. 연속 연도는 가정·적합성을 확인하는 별도 민감도 분석으로
496   +  검토할 수 있다. 유사도의 비단조성만으로 연속 연도를 금지하지 않는다.
497   +  비유의성은 효과 부재·유형별 추이 동일성·상쇄 부재의 증거가 아니다.
498   +
499   +  Python 대조: scripts/evaluate_failure_decomposition.py 와 같은 입력·표본·기준범주·
500   +  무규제 최대우도 모형. reports/generated/failure_decomposition.json/.md 와 실제
501   +  ODS 출력을 비교한다. 수기 기대값이나 모형 채택 결론을 코드에 넣지 않는다.
502   +  독립 실행. 입력은 본문 없는 sas_external_evaluation.csv.
503   +
504   +  SAS/STAT 13.2 이상 joint effects ODS 이름은 ModelANOVA다. 구버전에서는 ODS TRACE로
505   +  이름을 확인해 joint_table을 Type3으로 바꾼다. joint Wald와 LR의 p값은 다른 검정이다.
506   +  ODS: support.sas.com/documentation/cdl/en/statug/67523/HTML/default/statug_logistic_details97.htm
507   +  수렴: support.sas.com/kb/51/437.html
508   +---------------------------------------------------------------------------*/
509   +
510   +%let projroot = /home/student/github;
511   +%let sasdata = &projroot./data/processed/sas;
512   +%let joint_table = ModelANOVA;
513   +%let rare_min_rows = 30;
514   +
515   +proc options option=encoding value; run;

    SAS (r) Proprietary Software Release V.04.00  TS1M0

SAS 옵션 ENCODING에 대한 옵션값 정보
    값: UTF8
    범위: SAS Session
    옵션값 설정 방법: Config File
    Config 파일명:
            /config/saslocale.cfg

NOTE: 프로시저 OPTIONS 실행 (총 프로세스 시간):
      실행 시간           0.00 초
      cpu 시간            0.00 초
      

516   +%macro assert_utf8;
517   +    %local enc;
518   +    %let enc=%upcase(%sysfunc(getoption(encoding)));
519   +    %if "&enc" ne "UTF8" and "&enc" ne "UTF-8" %then %do;
520   +        %put ERROR: 세션 인코딩이 UTF-8이 아닙니다 (&enc).;
521   +        %abort cancel;
522   +    %end;
523   +%mend;
524   +%assert_utf8;
525   +
526   +/* 1. 모형별 결측 제거로 비교 표본이 달라지는 것을 허용하지 않는다. */
527   +proc import datafile="&sasdata./sas_external_evaluation.csv"
528   +            out=work.external dbms=csv replace;
529   +    guessingrows=max;
530   +run;

NOTE: Unable to open parameter catalog: SASUSER.PARMS.PARMS.SLIST in update mode. Temporary parameter values will be saved to 
WORK.PARMS.PARMS.SLIST.
531     /**********************************************************************
532     *   PRODUCT:   SAS
533     *   VERSION:   V.04.00
15                                                         SAS 시스템      2026년  9월 18일 금요일 오전 02시 10분 44초

534     *   CREATOR:   External File Interface
535     *   DATE:      18SEP26
536     *   DESC:      Generated SAS Datastep Code
537     *   TEMPLATE SOURCE:  (None Specified.)
538     ***********************************************************************/
539        data WORK.EXTERNAL    ;
540        %let _EFIERR_ = 0; /* set the ERROR detection macro variable */
541        infile '/home/student/github/data/processed/sas/sas_external_evaluation.csv' delimiter = ',' MISSOVER DSD lrecl=32767
541  ! firstobs=2 ;
542           informat message_id $25. ;
543           informat collection_year best32. ;
544           informat collection_month ANYDTDTE7. ;
545           informat attack_type_code $15. ;
546           informat attack_type_ko $15. ;
547           informat has_url best32. ;
548           informat text_length best32. ;
549           informat probability best32. ;
550           informat detected best32. ;
551           informat similarity_to_train best32. ;
552           informat novel best32. ;
553           informat year_has_enough_rows best32. ;
554           format message_id $25. ;
555           format collection_year best12. ;
556           format collection_month date7. ;
557           format attack_type_code $15. ;
558           format attack_type_ko $15. ;
559           format has_url best12. ;
560           format text_length best12. ;
561           format probability best12. ;
562           format detected best12. ;
563           format similarity_to_train best12. ;
564           format novel best12. ;
565           format year_has_enough_rows best12. ;
566        input
567                    message_id  $
568                    collection_year
569                    collection_month
570                    attack_type_code  $
571                    attack_type_ko  $
572                    has_url
573                    text_length
574                    probability
575                    detected
576                    similarity_to_train
577                    novel
578                    year_has_enough_rows
579        ;
580        if _ERROR_ then call symputx('_EFIERR_',1);  /* set ERROR detection macro variable */
581        run;

NOTE: 입력파일 '/home/student/github/data/processed/sas/sas_external_evaluation.csv':
      파일 이름=/home/student/github/data/processed/sas/sas_external_evaluation.csv,
      소유자 이름=UNKNOWN,그룹 이름=UNKNOWN,
      액세스 권한=-rw-r--r--,
      마지막 수정일=2026년 09월 15일 22시31분24초,
      파일 크기(바이트)=480231

NOTE: 5430개의 레코드를 입력파일 '/home/student/github/data/processed/sas/sas_external_evaluation.csv'에서 
16                                                         SAS 시스템      2026년  9월 18일 금요일 오전 02시 10분 44초

      읽었습니다.
      최소 레코드 길이는 75입니다.
      최대 레코드 길이는 99입니다.
NOTE: 데이터셋 WORK.EXTERNAL에 5430개의 관측값과 12개의 변수가 있습니다.
NOTE: DATA 문장 실행 (총 프로세스 시간):
      실행 시간           0.01 초
      cpu 시간            0.02 초
      

5430 rows created in WORK.EXTERNAL from /home/student/github/data/processed/sas/sas_external_evaluation.csv.
  
  
  
NOTE: WORK.EXTERNAL 데이터셋을 성공적으로 생성했습니다.
NOTE: 데이터셋 WORK.EXTERNAL에 5430개의 관측값과 12개의 변수가 있습니다.
NOTE: 프로시저 IMPORT 실행 (총 프로세스 시간):
      실행 시간           1.34 초
      cpu 시간            1.34 초
      

582   +%macro assert_input;
583   +    %local invalid rows unique_ids reference_rows;
584   +    proc sql noprint;
585   +        select count(*), count(distinct message_id)
586   +            into :rows trimmed, :unique_ids trimmed from work.external;
587   +        select count(*) into :invalid trimmed from work.external
588   +        where missing(message_id) or missing(collection_year)
589   +          or collection_year ne int(collection_year) or missing(attack_type_code)
590   +          or detected not in (0,1) or year_has_enough_rows not in (0,1)
591   +          or missing(similarity_to_train) or similarity_to_train < 0
592   +          or similarity_to_train > 1;
593   +        select count(*) into :reference_rows trimmed from work.external
594   +        where year_has_enough_rows=1 and collection_year=2022
595   +          and attack_type_code in ('delivery','public_agency');
596   +    quit;
597   +    %if &rows=0 or &invalid>0 or &rows ne &unique_ids or &reference_rows=0 %then %do;
598   +        %put ERROR: 입력 무결성 실패. 결측 또는 중복 또는 기준연도 부재를 확인하십시오.;
599   +        %abort cancel;
600   +    %end;
601   +%mend;
602   +%assert_input;
NOTE: 프로시저 SQL 실행 (총 프로세스 시간):
      실행 시간           0.00 초
      cpu 시간            0.01 초
      

603   +
604   +data work.ext work.excluded_small_year;
605   +    set work.external;
606   +    if year_has_enough_rows=1 then output work.ext;
607   +    else output work.excluded_small_year;
608   +run;

NOTE: 5430개의 관측값을 데이터셋 WORK.EXTERNAL.에서 읽었습니다.
NOTE: 데이터셋 WORK.EXT에 5424개의 관측값과 12개의 변수가 있습니다.
NOTE: 데이터셋 WORK.EXCLUDED_SMALL_YEAR에 6개의 관측값과 12개의 변수가 있습니다.
NOTE: DATA 문장 실행 (총 프로세스 시간):
      실행 시간           0.00 초
17                                                         SAS 시스템      2026년  9월 18일 금요일 오전 02시 10분 44초

      cpu 시간            0.00 초
      

609   +data work.dominant work.excluded_non_dominant;
610   +    set work.ext;
611   +    if attack_type_code in ('delivery','public_agency') then output work.dominant;
612   +    else output work.excluded_non_dominant;
613   +run;

NOTE: 5424개의 관측값을 데이터셋 WORK.EXT.에서 읽었습니다.
NOTE: 데이터셋 WORK.DOMINANT에 5239개의 관측값과 12개의 변수가 있습니다.
NOTE: 데이터셋 WORK.EXCLUDED_NON_DOMINANT에 185개의 관측값과 12개의 변수가 있습니다.
NOTE: DATA 문장 실행 (총 프로세스 시간):
      실행 시간           0.00 초
      cpu 시간            0.00 초
      

614   +
615   +/* 포함 비율뿐 아니라 제외된 행에 집중된 미탐도 공개한다. */
616   +data work.flow_rows;
617   +    length stage $28;
618   +    set work.external;
619   +    stage='input'; output;
620   +    if year_has_enough_rows ne 1 then do;
621   +        stage='excluded_small_year'; output;
622   +    end;
623   +    else do;
624   +        stage='eligible'; output;
625   +        if attack_type_code in ('delivery','public_agency') then stage='dominant';
626   +        else stage='excluded_non_dominant';
627   +        output;
628   +    end;
629   +run;

NOTE: 5430개의 관측값을 데이터셋 WORK.EXTERNAL.에서 읽었습니다.
NOTE: 데이터셋 WORK.FLOW_ROWS에 16284개의 관측값과 13개의 변수가 있습니다.
NOTE: DATA 문장 실행 (총 프로세스 시간):
      실행 시간           0.00 초
      cpu 시간            0.01 초
      

630   +proc sql;
631   +    create table work.sample_flow as
632   +    select stage, count(*) as rows, sum(1-detected) as misses
633   +    from work.flow_rows group by stage;
NOTE: Table WORK.SAMPLE_FLOW created, with 5 rows and 3 columns.

634   +    create table work.sample_flow_year as
635   +    select stage, collection_year, count(*) as rows, sum(1-detected) as misses
636   +    from work.flow_rows group by stage, collection_year;
NOTE: Table WORK.SAMPLE_FLOW_YEAR created, with 22 rows and 4 columns.

637   +    create table work.cell_counts as
638   +    select collection_year, attack_type_code, count(*) as rows,
639   +           sum(detected) as detections, sum(1-detected) as misses
640   +    from work.dominant group by collection_year, attack_type_code;
NOTE: Table WORK.CELL_COUNTS created, with 10 rows and 5 columns.

18                                                         SAS 시스템      2026년  9월 18일 금요일 오전 02시 10분 44초

641   +quit;
NOTE: 프로시저 SQL 실행 (총 프로세스 시간):
      실행 시간           0.02 초
      cpu 시간            0.02 초
      

642   +title '표본 흐름 — 포함 및 제외된 행과 미탐';
643   +proc print data=work.sample_flow noobs; run;

NOTE: 5개의 관측값을 데이터셋 WORK.SAMPLE_FLOW.에서 읽었습니다.
NOTE: PRINT 프로시저가 291 페이지를 인쇄했습니다.
NOTE: 프로시저 PRINT 실행 (총 프로세스 시간):
      실행 시간           0.00 초
      cpu 시간            0.01 초
      

644   +proc print data=work.sample_flow_year noobs; run;

NOTE: 22개의 관측값을 데이터셋 WORK.SAMPLE_FLOW_YEAR.에서 읽었습니다.
NOTE: PRINT 프로시저가 292 페이지를 인쇄했습니다.
NOTE: 프로시저 PRINT 실행 (총 프로세스 시간):
      실행 시간           0.01 초
      cpu 시간            0.01 초
      

645   +title '모형 진단 — 연도 × 유형 칸별 표본과 미탐';
646   +proc print data=work.cell_counts noobs; run;

NOTE: 10개의 관측값을 데이터셋 WORK.CELL_COUNTS.에서 읽었습니다.
NOTE: PRINT 프로시저가 293 페이지를 인쇄했습니다.
NOTE: 프로시저 PRINT 실행 (총 프로세스 시간):
      실행 시간           0.01 초
      cpu 시간            0.01 초
      

647   +title '관측 — 연도별·유형별 탐지율';
648   +proc freq data=work.dominant;
649   +    tables collection_year*detected attack_type_code*collection_year*detected / nocol nocum;
650   +run;

NOTE: 5239개의 관측값을 데이터셋 WORK.DOMINANT.에서 읽었습니다.
NOTE: FREQ 프로시저가 294-296 페이지를 인쇄했습니다.
NOTE: 프로시저 FREQ 실행 (총 프로세스 시간):
      실행 시간           0.04 초
      cpu 시간            0.04 초
      

651   +title '관측 — 연도별 유사도';
652   +proc means data=work.dominant n mean median min max maxdec=4;
653   +    class collection_year; var similarity_to_train;
654   +run;

NOTE: 5239개의 관측값을 데이터셋 WORK.DOMINANT.에서 읽었습니다.
NOTE: MEANS 프로시저가 297 페이지를 인쇄했습니다.
NOTE: 프로시저 MEANS 실행 (총 프로세스 시간):
      실행 시간           0.01 초
      cpu 시간            0.03 초
      
19                                                         SAS 시스템      2026년  9월 18일 금요일 오전 02시 10분 44초


655   +
656   +/* 2. 적합 및 수렴 상태. 부적절한 적합의 LR은 생성하지 않는다.
657   +   ParameterEstimates에서 Wald OR를 생성한다. 교호작용 계수의 exp(beta)는
658   +   조건부 OR 또는 OR의 비이며 유형 전체의 무조건 OR가 아니다.
659   +   LOG의 complete/quasi-complete separation·Hessian 경고도 확인한다. */
660   +%macro fit(tag=, data=dominant, class=, terms=, predict=0);
661   +    %global ok_&tag;
662   +    %let ok_&tag=0;
663   +    /* 같은 세션 재실행 실패 시 이전 ODS 결과를 새 결과로 읽지 않는다. */
664   +    proc datasets library=work nolist nowarn;
665   +        delete est_&tag fit_&tag conv_&tag joint_&tag or_&tag nobs_&tag;
666   +    quit;
667   +    proc logistic data=work.&data;
668   +        %if %length(%superq(class)) %then %do;
669   +            class &class / param=ref;
670   +        %end;
671   +        model detected(event='1') = &terms / clodds=wald maxiter=200;
672   +        ods output ParameterEstimates=work.est_&tag
673   +                   FitStatistics=work.fit_&tag
674   +                   ConvergenceStatus=work.conv_&tag
675   +                   NObs=work.nobs_&tag;
676   +        %if %length(%superq(class)) %then %do;
677   +            ods output &joint_table=work.joint_&tag;
678   +        %end;
679   +        %if &predict %then %do;
680   +            effectplot slicefit(x=similarity_to_train sliceby=attack_type_code) / clm;
681   +            output out=work.pred_inter predicted=phat;
682   +        %end;
683   +    run;
684   +    ods output close;
685   +    %if %sysfunc(exist(work.conv_&tag)) and %sysfunc(exist(work.est_&tag)) %then %do;
686   +        %local invalid_conv invalid_est n_conv n_est;
687   +        proc sql noprint;
688   +            select count(*) into :n_conv trimmed from work.conv_&tag;
689   +            select count(*) into :n_est trimmed from work.est_&tag;
690   +            select count(*) into :invalid_conv trimmed from work.conv_&tag
691   +            where missing(Status) or Status ne 0;
692   +            select count(*) into :invalid_est trimmed from work.est_&tag
693   +            where missing(Estimate) or missing(StdErr) or DF ne 1;
694   +        quit;
695   +        %if &n_conv>0 and &n_est>0 and &invalid_conv=0 and &invalid_est=0 %then %let ok_&tag=1;
696   +        data work.or_&tag;
697   +            set work.est_&tag;
698   +            odds_ratio=exp(Estimate);
699   +            or_ci_low=exp(Estimate-probit(0.975)*StdErr);
700   +            or_ci_high=exp(Estimate+probit(0.975)*StdErr);
701   +            inference_valid=&&ok_&tag;
702   +        run;
703   +        title "적합 상태 — &tag";
704   +        proc print data=work.conv_&tag noobs; run;
705   +        title "계수·Wald OR 및 95% CI — &tag";
706   +        proc print data=work.or_&tag noobs; run;
707   +    %end;
708   +    %if &&ok_&tag ne 1 %then %put WARNING: &tag 적합 검토 필요. 관련 LR 검정을 보류합니다.;
709   +%mend;
710   +
711   +/* 같은 행과 반응값의 사전 명시 중첩 모형끼리만 호출한다.
20                                                         SAS 시스템      2026년  9월 18일 금요일 오전 02시 10분 44초

712   +   추정 모수 수에서 df를 계산해 연도 개수를 상수로 가정하지 않는다. */
713   +%macro lr(reduced=, full=, out=);
714   +    proc datasets library=work nolist nowarn; delete &out; quit;
715   +    %if &&ok_&reduced=1 and &&ok_&full=1 %then %do;
716   +        %local p_small p_large;
717   +        proc sql noprint;
718   +            select sum(DF) into :p_small trimmed from work.est_&reduced;
719   +            select sum(DF) into :p_large trimmed from work.est_&full;
720   +        quit;
721   +        data work.&out;
722   +            merge work.fit_&reduced(where=(Criterion='-2 Log L')
723   +                       rename=(InterceptAndCovariates=reduced_m2ll))
724   +                  work.fit_&full(where=(Criterion='-2 Log L')
725   +                       rename=(InterceptAndCovariates=full_m2ll));
726   +            length comparison $80 analysis_status $32;
727   +            comparison="&reduced -> &full";
728   +            analysis_status='exploratory';
729   +            lr_statistic=reduced_m2ll-full_m2ll;
730   +            df=&p_large-&p_small;
731   +            if df>0 and not missing(lr_statistic) and lr_statistic>=-1e-7 then do;
732   +                lr_statistic=max(0,lr_statistic);
733   +                p_value=sdf('CHISQUARE',lr_statistic,df);
734   +            end;
735   +            else do;
736   +                analysis_status='invalid_likelihood_or_df';
737   +                p_value=.;
738   +            end;
739   +        run;
740   +        title "탐색적 우도비 검정 — &reduced -> &full";
741   +        proc print data=work.&out noobs;
742   +            var comparison reduced_m2ll full_m2ll lr_statistic df p_value analysis_status;
743   +        run;
744   +    %end;
745   +    %else %put WARNING: &out 보류. 관련 모형 수렴 및 분리를 먼저 확인하십시오.;
746   +%mend;
747   +
748   +/* 3. Sep 5의 가법모형·연도 × 유형 점검을 보존한다. AIC/p값은 적합 진단이며
749   +   이 표본으로 분류기나 정책을 선택하지 않는다. 비유의성으로 상쇄 부재를 증명하지
749  !+않는다. */
750   +title '연도만';
751   +%fit(tag=year, class=collection_year(ref='2022'), terms=collection_year);

NOTE: WORK.EST_YEAR(memtype=DATA)을(를) 삭제하는 중입니다.
NOTE: WORK.FIT_YEAR(memtype=DATA)을(를) 삭제하는 중입니다.
NOTE: WORK.CONV_YEAR(memtype=DATA)을(를) 삭제하는 중입니다.
NOTE: WORK.JOINT_YEAR(memtype=DATA)을(를) 삭제하는 중입니다.
NOTE: WORK.OR_YEAR(memtype=DATA)을(를) 삭제하는 중입니다.
NOTE: WORK.NOBS_YEAR(memtype=DATA)을(를) 삭제하는 중입니다.
NOTE: 프로시저 DATASETS 실행 (총 프로세스 시간):
      실행 시간           0.01 초
      cpu 시간            0.02 초
      


NOTE: PROC LOGISTIC is modeling the probability that detected='1'.
NOTE: Convergence criterion (GCONV=1E-8) satisfied.
NOTE: 데이터셋 WORK.JOINT_YEAR에 1개의 관측값과 4개의 변수가 있습니다.
NOTE: 데이터셋 WORK.NOBS_YEAR에 2개의 관측값과 6개의 변수가 있습니다.
21                                                         SAS 시스템      2026년  9월 18일 금요일 오전 02시 10분 45초

NOTE: 데이터셋 WORK.CONV_YEAR에 1개의 관측값과 3개의 변수가 있습니다.
NOTE: 데이터셋 WORK.FIT_YEAR에 3개의 관측값과 4개의 변수가 있습니다.
NOTE: 데이터셋 WORK.EST_YEAR에 5개의 관측값과 8개의 변수가 있습니다.
NOTE: 5239개의 관측값을 데이터셋 WORK.DOMINANT.에서 읽었습니다.
NOTE: LOGISTIC 프로시저가 298-299 페이지를 인쇄했습니다.
NOTE: 프로시저 LOGISTIC 실행 (총 프로세스 시간):
      실행 시간           0.23 초
      cpu 시간            0.16 초
      

NOTE: 프로시저 SQL 실행 (총 프로세스 시간):
      실행 시간           0.00 초
      cpu 시간            0.00 초
      


NOTE: 5개의 관측값을 데이터셋 WORK.EST_YEAR.에서 읽었습니다.
NOTE: 데이터셋 WORK.OR_YEAR에 5개의 관측값과 12개의 변수가 있습니다.
NOTE: DATA 문장 실행 (총 프로세스 시간):
      실행 시간           0.00 초
      cpu 시간            0.01 초
      


NOTE: 1개의 관측값을 데이터셋 WORK.CONV_YEAR.에서 읽었습니다.
NOTE: PRINT 프로시저가 300 페이지를 인쇄했습니다.
NOTE: 프로시저 PRINT 실행 (총 프로세스 시간):
      실행 시간           0.00 초
      cpu 시간            0.00 초
      


NOTE: 5개의 관측값을 데이터셋 WORK.OR_YEAR.에서 읽었습니다.
NOTE: PRINT 프로시저가 301 페이지를 인쇄했습니다.
NOTE: 프로시저 PRINT 실행 (총 프로세스 시간):
      실행 시간           0.01 초
      cpu 시간            0.01 초
      

752   +title '유사도만';
753   +%fit(tag=sim, terms=similarity_to_train);

NOTE: WORK.EST_SIM(memtype=DATA)을(를) 삭제하는 중입니다.
NOTE: WORK.FIT_SIM(memtype=DATA)을(를) 삭제하는 중입니다.
NOTE: WORK.CONV_SIM(memtype=DATA)을(를) 삭제하는 중입니다.
NOTE: WORK.OR_SIM(memtype=DATA)을(를) 삭제하는 중입니다.
NOTE: WORK.NOBS_SIM(memtype=DATA)을(를) 삭제하는 중입니다.
NOTE: 프로시저 DATASETS 실행 (총 프로세스 시간):
      실행 시간           0.01 초
      cpu 시간            0.01 초
      


NOTE: PROC LOGISTIC is modeling the probability that detected='1'.
NOTE: Convergence criterion (GCONV=1E-8) satisfied.
NOTE: 데이터셋 WORK.NOBS_SIM에 2개의 관측값과 6개의 변수가 있습니다.
NOTE: 데이터셋 WORK.CONV_SIM에 1개의 관측값과 3개의 변수가 있습니다.
NOTE: 데이터셋 WORK.FIT_SIM에 3개의 관측값과 4개의 변수가 있습니다.
22                                                         SAS 시스템      2026년  9월 18일 금요일 오전 02시 10분 45초

NOTE: 데이터셋 WORK.EST_SIM에 2개의 관측값과 7개의 변수가 있습니다.
NOTE: 5239개의 관측값을 데이터셋 WORK.DOMINANT.에서 읽었습니다.
NOTE: LOGISTIC 프로시저가 302-303 페이지를 인쇄했습니다.
NOTE: 프로시저 LOGISTIC 실행 (총 프로세스 시간):
      실행 시간           0.15 초
      cpu 시간            0.10 초
      

NOTE: 프로시저 SQL 실행 (총 프로세스 시간):
      실행 시간           0.00 초
      cpu 시간            0.00 초
      


NOTE: 2개의 관측값을 데이터셋 WORK.EST_SIM.에서 읽었습니다.
NOTE: 데이터셋 WORK.OR_SIM에 2개의 관측값과 11개의 변수가 있습니다.
NOTE: DATA 문장 실행 (총 프로세스 시간):
      실행 시간           0.00 초
      cpu 시간            0.00 초
      


NOTE: 1개의 관측값을 데이터셋 WORK.CONV_SIM.에서 읽었습니다.
NOTE: PRINT 프로시저가 304 페이지를 인쇄했습니다.
NOTE: 프로시저 PRINT 실행 (총 프로세스 시간):
      실행 시간           0.00 초
      cpu 시간            0.01 초
      


NOTE: 2개의 관측값을 데이터셋 WORK.OR_SIM.에서 읽었습니다.
NOTE: PRINT 프로시저가 305 페이지를 인쇄했습니다.
NOTE: 프로시저 PRINT 실행 (총 프로세스 시간):
      실행 시간           0.00 초
      cpu 시간            0.01 초
      

754   +title '유형만';
755   +%fit(tag=type, class=attack_type_code(ref='delivery'), terms=attack_type_code);

NOTE: WORK.EST_TYPE(memtype=DATA)을(를) 삭제하는 중입니다.
NOTE: WORK.FIT_TYPE(memtype=DATA)을(를) 삭제하는 중입니다.
NOTE: WORK.CONV_TYPE(memtype=DATA)을(를) 삭제하는 중입니다.
NOTE: WORK.JOINT_TYPE(memtype=DATA)을(를) 삭제하는 중입니다.
NOTE: WORK.OR_TYPE(memtype=DATA)을(를) 삭제하는 중입니다.
NOTE: WORK.NOBS_TYPE(memtype=DATA)을(를) 삭제하는 중입니다.
NOTE: 프로시저 DATASETS 실행 (총 프로세스 시간):
      실행 시간           0.01 초
      cpu 시간            0.01 초
      


NOTE: PROC LOGISTIC is modeling the probability that detected='1'.
NOTE: Convergence criterion (GCONV=1E-8) satisfied.
NOTE: 데이터셋 WORK.JOINT_TYPE에 1개의 관측값과 4개의 변수가 있습니다.
NOTE: 데이터셋 WORK.NOBS_TYPE에 2개의 관측값과 6개의 변수가 있습니다.
NOTE: 데이터셋 WORK.CONV_TYPE에 1개의 관측값과 3개의 변수가 있습니다.
NOTE: 데이터셋 WORK.FIT_TYPE에 3개의 관측값과 4개의 변수가 있습니다.
23                                                         SAS 시스템      2026년  9월 18일 금요일 오전 02시 10분 45초

NOTE: 데이터셋 WORK.EST_TYPE에 2개의 관측값과 8개의 변수가 있습니다.
NOTE: 5239개의 관측값을 데이터셋 WORK.DOMINANT.에서 읽었습니다.
NOTE: LOGISTIC 프로시저가 306-307 페이지를 인쇄했습니다.
NOTE: 프로시저 LOGISTIC 실행 (총 프로세스 시간):
      실행 시간           0.16 초
      cpu 시간            0.10 초
      

NOTE: 프로시저 SQL 실행 (총 프로세스 시간):
      실행 시간           0.00 초
      cpu 시간            0.00 초
      


NOTE: 2개의 관측값을 데이터셋 WORK.EST_TYPE.에서 읽었습니다.
NOTE: 데이터셋 WORK.OR_TYPE에 2개의 관측값과 12개의 변수가 있습니다.
NOTE: DATA 문장 실행 (총 프로세스 시간):
      실행 시간           0.00 초
      cpu 시간            0.00 초
      


NOTE: 1개의 관측값을 데이터셋 WORK.CONV_TYPE.에서 읽었습니다.
NOTE: PRINT 프로시저가 308 페이지를 인쇄했습니다.
NOTE: 프로시저 PRINT 실행 (총 프로세스 시간):
      실행 시간           0.00 초
      cpu 시간            0.00 초
      


NOTE: 2개의 관측값을 데이터셋 WORK.OR_TYPE.에서 읽었습니다.
NOTE: PRINT 프로시저가 309 페이지를 인쇄했습니다.
NOTE: 프로시저 PRINT 실행 (총 프로세스 시간):
      실행 시간           0.00 초
      cpu 시간            0.01 초
      

756   +title '유사도 + 유형';
757   +%fit(tag=main, class=attack_type_code(ref='delivery'), terms=similarity_to_train attack_type_code);

NOTE: WORK.EST_MAIN(memtype=DATA)을(를) 삭제하는 중입니다.
NOTE: WORK.FIT_MAIN(memtype=DATA)을(를) 삭제하는 중입니다.
NOTE: WORK.CONV_MAIN(memtype=DATA)을(를) 삭제하는 중입니다.
NOTE: WORK.JOINT_MAIN(memtype=DATA)을(를) 삭제하는 중입니다.
NOTE: WORK.OR_MAIN(memtype=DATA)을(를) 삭제하는 중입니다.
NOTE: WORK.NOBS_MAIN(memtype=DATA)을(를) 삭제하는 중입니다.
NOTE: 프로시저 DATASETS 실행 (총 프로세스 시간):
      실행 시간           0.01 초
      cpu 시간            0.02 초
      


NOTE: PROC LOGISTIC is modeling the probability that detected='1'.
NOTE: Convergence criterion (GCONV=1E-8) satisfied.
NOTE: 데이터셋 WORK.JOINT_MAIN에 2개의 관측값과 4개의 변수가 있습니다.
NOTE: 데이터셋 WORK.NOBS_MAIN에 2개의 관측값과 6개의 변수가 있습니다.
NOTE: 데이터셋 WORK.CONV_MAIN에 1개의 관측값과 3개의 변수가 있습니다.
NOTE: 데이터셋 WORK.FIT_MAIN에 3개의 관측값과 4개의 변수가 있습니다.
24                                                         SAS 시스템      2026년  9월 18일 금요일 오전 02시 10분 45초

NOTE: 데이터셋 WORK.EST_MAIN에 3개의 관측값과 8개의 변수가 있습니다.
NOTE: 5239개의 관측값을 데이터셋 WORK.DOMINANT.에서 읽었습니다.
NOTE: LOGISTIC 프로시저가 310-311 페이지를 인쇄했습니다.
NOTE: 프로시저 LOGISTIC 실행 (총 프로세스 시간):
      실행 시간           0.17 초
      cpu 시간            0.11 초
      

NOTE: 프로시저 SQL 실행 (총 프로세스 시간):
      실행 시간           0.00 초
      cpu 시간            0.00 초
      


NOTE: 3개의 관측값을 데이터셋 WORK.EST_MAIN.에서 읽었습니다.
NOTE: 데이터셋 WORK.OR_MAIN에 3개의 관측값과 12개의 변수가 있습니다.
NOTE: DATA 문장 실행 (총 프로세스 시간):
      실행 시간           0.00 초
      cpu 시간            0.01 초
      


NOTE: 1개의 관측값을 데이터셋 WORK.CONV_MAIN.에서 읽었습니다.
NOTE: PRINT 프로시저가 312 페이지를 인쇄했습니다.
NOTE: 프로시저 PRINT 실행 (총 프로세스 시간):
      실행 시간           0.00 초
      cpu 시간            0.00 초
      


NOTE: 3개의 관측값을 데이터셋 WORK.OR_MAIN.에서 읽었습니다.
NOTE: PRINT 프로시저가 313 페이지를 인쇄했습니다.
NOTE: 프로시저 PRINT 실행 (총 프로세스 시간):
      실행 시간           0.00 초
      cpu 시간            0.01 초
      

758   +title '유사도 + 유형 + 범주형 연도';
759   +%fit(tag=full, class=collection_year(ref='2022') attack_type_code(ref='delivery'),
760   +     terms=similarity_to_train attack_type_code collection_year);

NOTE: WORK.EST_FULL(memtype=DATA)을(를) 삭제하는 중입니다.
NOTE: WORK.FIT_FULL(memtype=DATA)을(를) 삭제하는 중입니다.
NOTE: WORK.CONV_FULL(memtype=DATA)을(를) 삭제하는 중입니다.
NOTE: WORK.JOINT_FULL(memtype=DATA)을(를) 삭제하는 중입니다.
NOTE: WORK.OR_FULL(memtype=DATA)을(를) 삭제하는 중입니다.
NOTE: WORK.NOBS_FULL(memtype=DATA)을(를) 삭제하는 중입니다.
NOTE: 프로시저 DATASETS 실행 (총 프로세스 시간):
      실행 시간           0.01 초
      cpu 시간            0.01 초
      


NOTE: PROC LOGISTIC is modeling the probability that detected='1'.
NOTE: Convergence criterion (GCONV=1E-8) satisfied.
NOTE: 데이터셋 WORK.JOINT_FULL에 3개의 관측값과 4개의 변수가 있습니다.
NOTE: 데이터셋 WORK.NOBS_FULL에 2개의 관측값과 6개의 변수가 있습니다.
NOTE: 데이터셋 WORK.CONV_FULL에 1개의 관측값과 3개의 변수가 있습니다.
25                                                         SAS 시스템      2026년  9월 18일 금요일 오전 02시 10분 45초

NOTE: 데이터셋 WORK.FIT_FULL에 3개의 관측값과 4개의 변수가 있습니다.
NOTE: 데이터셋 WORK.EST_FULL에 7개의 관측값과 8개의 변수가 있습니다.
NOTE: 5239개의 관측값을 데이터셋 WORK.DOMINANT.에서 읽었습니다.
NOTE: LOGISTIC 프로시저가 314-315 페이지를 인쇄했습니다.
NOTE: 프로시저 LOGISTIC 실행 (총 프로세스 시간):
      실행 시간           0.17 초
      cpu 시간            0.11 초
      

NOTE: 프로시저 SQL 실행 (총 프로세스 시간):
      실행 시간           0.00 초
      cpu 시간            0.01 초
      


NOTE: 7개의 관측값을 데이터셋 WORK.EST_FULL.에서 읽었습니다.
NOTE: 데이터셋 WORK.OR_FULL에 7개의 관측값과 12개의 변수가 있습니다.
NOTE: DATA 문장 실행 (총 프로세스 시간):
      실행 시간           0.00 초
      cpu 시간            0.00 초
      


NOTE: 1개의 관측값을 데이터셋 WORK.CONV_FULL.에서 읽었습니다.
NOTE: PRINT 프로시저가 316 페이지를 인쇄했습니다.
NOTE: 프로시저 PRINT 실행 (총 프로세스 시간):
      실행 시간           0.00 초
      cpu 시간            0.00 초
      


NOTE: 7개의 관측값을 데이터셋 WORK.OR_FULL.에서 읽었습니다.
NOTE: PRINT 프로시저가 317 페이지를 인쇄했습니다.
NOTE: 프로시저 PRINT 실행 (총 프로세스 시간):
      실행 시간           0.01 초
      cpu 시간            0.02 초
      

761   +title '추가 탐색 — 유사도 + 유형 × 연도';
762   +%fit(tag=year_type, class=collection_year(ref='2022') attack_type_code(ref='delivery'),
763   +     terms=similarity_to_train attack_type_code|collection_year);

NOTE: WORK.EST_YEAR_TYPE(memtype=DATA)을(를) 삭제하는 중입니다.
NOTE: WORK.FIT_YEAR_TYPE(memtype=DATA)을(를) 삭제하는 중입니다.
NOTE: WORK.CONV_YEAR_TYPE(memtype=DATA)을(를) 삭제하는 중입니다.
NOTE: WORK.JOINT_YEAR_TYPE(memtype=DATA)을(를) 삭제하는 중입니다.
NOTE: WORK.OR_YEAR_TYPE(memtype=DATA)을(를) 삭제하는 중입니다.
NOTE: WORK.NOBS_YEAR_TYPE(memtype=DATA)을(를) 삭제하는 중입니다.
NOTE: 프로시저 DATASETS 실행 (총 프로세스 시간):
      실행 시간           0.01 초
      cpu 시간            0.01 초
      


NOTE: PROC LOGISTIC is modeling the probability that detected='1'.
NOTE: Convergence criterion (GCONV=1E-8) satisfied.
NOTE: Under full-rank parameterizations, Type 3 effect tests are replaced by joint tests. The joint test for an effect is a test 
      that all the parameters associated with that effect are zero. Such joint tests might not be equivalent to Type 3 effect tests 
26                                                         SAS 시스템      2026년  9월 18일 금요일 오전 02시 10분 46초

      under GLM parameterization.
NOTE: The CLODDS= option does not compute odds ratios for effects involved in interactions or nestings.
      Specify the ODDSRATIO statement to compute odds ratios for these effects.
NOTE: 데이터셋 WORK.JOINT_YEAR_TYPE에 4개의 관측값과 4개의 변수가 있습니다.
NOTE: 데이터셋 WORK.NOBS_YEAR_TYPE에 2개의 관측값과 6개의 변수가 있습니다.
NOTE: 데이터셋 WORK.CONV_YEAR_TYPE에 1개의 관측값과 3개의 변수가 있습니다.
NOTE: 데이터셋 WORK.FIT_YEAR_TYPE에 3개의 관측값과 4개의 변수가 있습니다.
NOTE: 데이터셋 WORK.EST_YEAR_TYPE에 11개의 관측값과 9개의 변수가 있습니다.
NOTE: 5239개의 관측값을 데이터셋 WORK.DOMINANT.에서 읽었습니다.
NOTE: LOGISTIC 프로시저가 318-320 페이지를 인쇄했습니다.
NOTE: 프로시저 LOGISTIC 실행 (총 프로세스 시간):
      실행 시간           0.21 초
      cpu 시간            0.14 초
      

NOTE: 프로시저 SQL 실행 (총 프로세스 시간):
      실행 시간           0.00 초
      cpu 시간            0.00 초
      


NOTE: 11개의 관측값을 데이터셋 WORK.EST_YEAR_TYPE.에서 읽었습니다.
NOTE: 데이터셋 WORK.OR_YEAR_TYPE에 11개의 관측값과 13개의 변수가 있습니다.
NOTE: DATA 문장 실행 (총 프로세스 시간):
      실행 시간           0.00 초
      cpu 시간            0.00 초
      


NOTE: 1개의 관측값을 데이터셋 WORK.CONV_YEAR_TYPE.에서 읽었습니다.
NOTE: PRINT 프로시저가 321 페이지를 인쇄했습니다.
NOTE: 프로시저 PRINT 실행 (총 프로세스 시간):
      실행 시간           0.00 초
      cpu 시간            0.01 초
      


NOTE: 11개의 관측값을 데이터셋 WORK.OR_YEAR_TYPE.에서 읽었습니다.
NOTE: PRINT 프로시저가 322 페이지를 인쇄했습니다.
NOTE: 프로시저 PRINT 실행 (총 프로세스 시간):
      실행 시간           0.01 초
      cpu 시간            0.02 초
      

764   +%lr(reduced=full, full=year_type, out=lr_year_type);

NOTE: WORK.LR_YEAR_TYPE(memtype=DATA)을(를) 삭제하는 중입니다.
NOTE: 프로시저 DATASETS 실행 (총 프로세스 시간):
      실행 시간           0.00 초
      cpu 시간            0.01 초
      

NOTE: 프로시저 SQL 실행 (총 프로세스 시간):
      실행 시간           0.00 초
      cpu 시간            0.00 초
      


27                                                         SAS 시스템      2026년  9월 18일 금요일 오전 02시 10분 46초

NOTE: 1개의 관측값을 데이터셋 WORK.FIT_FULL.에서 읽었습니다.
      WHERE Criterion='-2 Log L';
NOTE: 1개의 관측값을 데이터셋 WORK.FIT_YEAR_TYPE.에서 읽었습니다.
      WHERE Criterion='-2 Log L';
NOTE: 데이터셋 WORK.LR_YEAR_TYPE에 1개의 관측값과 10개의 변수가 있습니다.
NOTE: DATA 문장 실행 (총 프로세스 시간):
      실행 시간           0.00 초
      cpu 시간            0.00 초
      


NOTE: 1개의 관측값을 데이터셋 WORK.LR_YEAR_TYPE.에서 읽었습니다.
NOTE: PRINT 프로시저가 323 페이지를 인쇄했습니다.
NOTE: 프로시저 PRINT 실행 (총 프로세스 시간):
      실행 시간           0.00 초
      cpu 시간            0.01 초
      

765   +%lr(reduced=main, full=full, out=lr_year_additive);

NOTE: WORK.LR_YEAR_ADDITIVE(memtype=DATA)을(를) 삭제하는 중입니다.
NOTE: 프로시저 DATASETS 실행 (총 프로세스 시간):
      실행 시간           0.00 초
      cpu 시간            0.01 초
      

NOTE: 프로시저 SQL 실행 (총 프로세스 시간):
      실행 시간           0.00 초
      cpu 시간            0.00 초
      


NOTE: 1개의 관측값을 데이터셋 WORK.FIT_MAIN.에서 읽었습니다.
      WHERE Criterion='-2 Log L';
NOTE: 1개의 관측값을 데이터셋 WORK.FIT_FULL.에서 읽었습니다.
      WHERE Criterion='-2 Log L';
NOTE: 데이터셋 WORK.LR_YEAR_ADDITIVE에 1개의 관측값과 10개의 변수가 있습니다.
NOTE: DATA 문장 실행 (총 프로세스 시간):
      실행 시간           0.00 초
      cpu 시간            0.00 초
      


NOTE: 1개의 관측값을 데이터셋 WORK.LR_YEAR_ADDITIVE.에서 읽었습니다.
NOTE: PRINT 프로시저가 324 페이지를 인쇄했습니다.
NOTE: 프로시저 PRINT 실행 (총 프로세스 시간):
      실행 시간           0.00 초
      cpu 시간            0.01 초
      

766   +
767   +/* 4. 같은 작은 모형에서 연도 전체를 검정한다. 연도 보정 전후 교호작용도 병기한다. */
768   +ods graphics on / width=9in height=5in;
769   +title '유사도 × 유형 — 연도 미보정 예측 곡선';
770   +%fit(tag=inter, class=attack_type_code(ref='delivery'),
771   +     terms=similarity_to_train|attack_type_code, predict=1);

NOTE: WORK.EST_INTER(memtype=DATA)을(를) 삭제하는 중입니다.
28                                                         SAS 시스템      2026년  9월 18일 금요일 오전 02시 10분 46초

NOTE: WORK.FIT_INTER(memtype=DATA)을(를) 삭제하는 중입니다.
NOTE: WORK.CONV_INTER(memtype=DATA)을(를) 삭제하는 중입니다.
NOTE: WORK.JOINT_INTER(memtype=DATA)을(를) 삭제하는 중입니다.
NOTE: WORK.OR_INTER(memtype=DATA)을(를) 삭제하는 중입니다.
NOTE: WORK.NOBS_INTER(memtype=DATA)을(를) 삭제하는 중입니다.
NOTE: 프로시저 DATASETS 실행 (총 프로세스 시간):
      실행 시간           0.01 초
      cpu 시간            0.01 초
      


NOTE: PROC LOGISTIC is modeling the probability that detected='1'.
NOTE: Convergence criterion (GCONV=1E-8) satisfied.
NOTE: Under full-rank parameterizations, Type 3 effect tests are replaced by joint tests. The joint test for an effect is a test 
      that all the parameters associated with that effect are zero. Such joint tests might not be equivalent to Type 3 effect tests 
      under GLM parameterization.
NOTE: The CLODDS= option does not compute odds ratios for effects involved in interactions or nestings.
      Specify the ODDSRATIO statement to compute odds ratios for these effects.
WARNING: Some plots have more than 5000 observations and are suppressed.  Specify the PLOTS(MAXPOINTS=NONE) option in the PROC 
         LOGISTIC statement to display the plots.
NOTE: 데이터셋 WORK.JOINT_INTER에 3개의 관측값과 4개의 변수가 있습니다.
NOTE: 데이터셋 WORK.NOBS_INTER에 2개의 관측값과 6개의 변수가 있습니다.
NOTE: 데이터셋 WORK.CONV_INTER에 1개의 관측값과 3개의 변수가 있습니다.
NOTE: 데이터셋 WORK.FIT_INTER에 3개의 관측값과 4개의 변수가 있습니다.
NOTE: 데이터셋 WORK.EST_INTER에 4개의 관측값과 8개의 변수가 있습니다.
NOTE: 5239개의 관측값을 데이터셋 WORK.DOMINANT.에서 읽었습니다.
NOTE: 데이터셋 WORK.PRED_INTER에 5239개의 관측값과 14개의 변수가 있습니다.
NOTE: LOGISTIC 프로시저가 325-326 페이지를 인쇄했습니다.
NOTE: 프로시저 LOGISTIC 실행 (총 프로세스 시간):
      실행 시간           0.70 초
      cpu 시간            0.45 초
      

NOTE: 프로시저 SQL 실행 (총 프로세스 시간):
      실행 시간           0.00 초
      cpu 시간            0.00 초
      


NOTE: 4개의 관측값을 데이터셋 WORK.EST_INTER.에서 읽었습니다.
NOTE: 데이터셋 WORK.OR_INTER에 4개의 관측값과 12개의 변수가 있습니다.
NOTE: DATA 문장 실행 (총 프로세스 시간):
      실행 시간           0.00 초
      cpu 시간            0.00 초
      


NOTE: 1개의 관측값을 데이터셋 WORK.CONV_INTER.에서 읽었습니다.
NOTE: PRINT 프로시저가 327 페이지를 인쇄했습니다.
NOTE: 프로시저 PRINT 실행 (총 프로세스 시간):
      실행 시간           0.00 초
      cpu 시간            0.01 초
      


NOTE: 4개의 관측값을 데이터셋 WORK.OR_INTER.에서 읽었습니다.
NOTE: PRINT 프로시저가 328 페이지를 인쇄했습니다.
NOTE: 프로시저 PRINT 실행 (총 프로세스 시간):
29                                                         SAS 시스템      2026년  9월 18일 금요일 오전 02시 10분 47초

      실행 시간           0.01 초
      cpu 시간            0.01 초
      

772   +title '유사도 × 유형 + 범주형 연도';
773   +%fit(tag=inter_year, class=collection_year(ref='2022') attack_type_code(ref='delivery'),
774   +     terms=similarity_to_train|attack_type_code collection_year);

NOTE: WORK.EST_INTER_YEAR(memtype=DATA)을(를) 삭제하는 중입니다.
NOTE: WORK.FIT_INTER_YEAR(memtype=DATA)을(를) 삭제하는 중입니다.
NOTE: WORK.CONV_INTER_YEAR(memtype=DATA)을(를) 삭제하는 중입니다.
NOTE: WORK.JOINT_INTER_YEAR(memtype=DATA)을(를) 삭제하는 중입니다.
NOTE: WORK.OR_INTER_YEAR(memtype=DATA)을(를) 삭제하는 중입니다.
NOTE: WORK.NOBS_INTER_YEAR(memtype=DATA)을(를) 삭제하는 중입니다.
NOTE: 프로시저 DATASETS 실행 (총 프로세스 시간):
      실행 시간           0.01 초
      cpu 시간            0.01 초
      


NOTE: PROC LOGISTIC is modeling the probability that detected='1'.
NOTE: Convergence criterion (GCONV=1E-8) satisfied.
NOTE: Under full-rank parameterizations, Type 3 effect tests are replaced by joint tests. The joint test for an effect is a test 
      that all the parameters associated with that effect are zero. Such joint tests might not be equivalent to Type 3 effect tests 
      under GLM parameterization.
NOTE: The CLODDS= option does not compute odds ratios for effects involved in interactions or nestings.
      Specify the ODDSRATIO statement to compute odds ratios for these effects.
NOTE: 데이터셋 WORK.JOINT_INTER_YEAR에 4개의 관측값과 4개의 변수가 있습니다.
NOTE: 데이터셋 WORK.NOBS_INTER_YEAR에 2개의 관측값과 6개의 변수가 있습니다.
NOTE: 데이터셋 WORK.CONV_INTER_YEAR에 1개의 관측값과 3개의 변수가 있습니다.
NOTE: 데이터셋 WORK.FIT_INTER_YEAR에 3개의 관측값과 4개의 변수가 있습니다.
NOTE: 데이터셋 WORK.EST_INTER_YEAR에 8개의 관측값과 8개의 변수가 있습니다.
NOTE: 5239개의 관측값을 데이터셋 WORK.DOMINANT.에서 읽었습니다.
NOTE: LOGISTIC 프로시저가 329-330 페이지를 인쇄했습니다.
NOTE: 프로시저 LOGISTIC 실행 (총 프로세스 시간):
      실행 시간           0.19 초
      cpu 시간            0.14 초
      

NOTE: 프로시저 SQL 실행 (총 프로세스 시간):
      실행 시간           0.00 초
      cpu 시간            0.00 초
      


NOTE: 8개의 관측값을 데이터셋 WORK.EST_INTER_YEAR.에서 읽었습니다.
NOTE: 데이터셋 WORK.OR_INTER_YEAR에 8개의 관측값과 12개의 변수가 있습니다.
NOTE: DATA 문장 실행 (총 프로세스 시간):
      실행 시간           0.00 초
      cpu 시간            0.00 초
      


NOTE: 1개의 관측값을 데이터셋 WORK.CONV_INTER_YEAR.에서 읽었습니다.
NOTE: PRINT 프로시저가 331 페이지를 인쇄했습니다.
NOTE: 프로시저 PRINT 실행 (총 프로세스 시간):
      실행 시간           0.00 초
      cpu 시간            0.00 초
30                                                         SAS 시스템      2026년  9월 18일 금요일 오전 02시 10분 47초

      


NOTE: 8개의 관측값을 데이터셋 WORK.OR_INTER_YEAR.에서 읽었습니다.
NOTE: PRINT 프로시저가 332 페이지를 인쇄했습니다.
NOTE: 프로시저 PRINT 실행 (총 프로세스 시간):
      실행 시간           0.01 초
      cpu 시간            0.01 초
      

775   +%lr(reduced=main, full=inter, out=lr_interaction);

NOTE: WORK.LR_INTERACTION(memtype=DATA)을(를) 삭제하는 중입니다.
NOTE: 프로시저 DATASETS 실행 (총 프로세스 시간):
      실행 시간           0.00 초
      cpu 시간            0.02 초
      

NOTE: 프로시저 SQL 실행 (총 프로세스 시간):
      실행 시간           0.00 초
      cpu 시간            0.00 초
      


NOTE: 1개의 관측값을 데이터셋 WORK.FIT_MAIN.에서 읽었습니다.
      WHERE Criterion='-2 Log L';
NOTE: 1개의 관측값을 데이터셋 WORK.FIT_INTER.에서 읽었습니다.
      WHERE Criterion='-2 Log L';
NOTE: 데이터셋 WORK.LR_INTERACTION에 1개의 관측값과 10개의 변수가 있습니다.
NOTE: DATA 문장 실행 (총 프로세스 시간):
      실행 시간           0.00 초
      cpu 시간            0.00 초
      


NOTE: 1개의 관측값을 데이터셋 WORK.LR_INTERACTION.에서 읽었습니다.
NOTE: PRINT 프로시저가 333 페이지를 인쇄했습니다.
NOTE: 프로시저 PRINT 실행 (총 프로세스 시간):
      실행 시간           0.00 초
      cpu 시간            0.01 초
      

776   +%lr(reduced=inter, full=inter_year, out=lr_joint_year);

NOTE: WORK.LR_JOINT_YEAR(memtype=DATA)을(를) 삭제하는 중입니다.
NOTE: 프로시저 DATASETS 실행 (총 프로세스 시간):
      실행 시간           0.00 초
      cpu 시간            0.01 초
      

NOTE: 프로시저 SQL 실행 (총 프로세스 시간):
      실행 시간           0.00 초
      cpu 시간            0.00 초
      


NOTE: 1개의 관측값을 데이터셋 WORK.FIT_INTER.에서 읽었습니다.
      WHERE Criterion='-2 Log L';
31                                                         SAS 시스템      2026년  9월 18일 금요일 오전 02시 10분 47초

NOTE: 1개의 관측값을 데이터셋 WORK.FIT_INTER_YEAR.에서 읽었습니다.
      WHERE Criterion='-2 Log L';
NOTE: 데이터셋 WORK.LR_JOINT_YEAR에 1개의 관측값과 10개의 변수가 있습니다.
NOTE: DATA 문장 실행 (총 프로세스 시간):
      실행 시간           0.00 초
      cpu 시간            0.01 초
      


NOTE: 1개의 관측값을 데이터셋 WORK.LR_JOINT_YEAR.에서 읽었습니다.
NOTE: PRINT 프로시저가 334 페이지를 인쇄했습니다.
NOTE: 프로시저 PRINT 실행 (총 프로세스 시간):
      실행 시간           0.00 초
      cpu 시간            0.00 초
      

777   +%lr(reduced=full, full=inter_year, out=lr_interaction_adjusted_year);

NOTE: WORK.LR_INTERACTION_ADJUSTED_YEAR(memtype=DATA)을(를) 삭제하는 중입니다.
NOTE: 프로시저 DATASETS 실행 (총 프로세스 시간):
      실행 시간           0.01 초
      cpu 시간            0.01 초
      

NOTE: 프로시저 SQL 실행 (총 프로세스 시간):
      실행 시간           0.00 초
      cpu 시간            0.00 초
      


NOTE: 1개의 관측값을 데이터셋 WORK.FIT_FULL.에서 읽었습니다.
      WHERE Criterion='-2 Log L';
NOTE: 1개의 관측값을 데이터셋 WORK.FIT_INTER_YEAR.에서 읽었습니다.
      WHERE Criterion='-2 Log L';
NOTE: 데이터셋 WORK.LR_INTERACTION_ADJUSTED_YEAR에 1개의 관측값과 10개의 변수가 있습니다.
NOTE: DATA 문장 실행 (총 프로세스 시간):
      실행 시간           0.00 초
      cpu 시간            0.00 초
      


NOTE: 1개의 관측값을 데이터셋 WORK.LR_INTERACTION_ADJUSTED_YEAR.에서 읽었습니다.
NOTE: PRINT 프로시저가 335 페이지를 인쇄했습니다.
NOTE: 프로시저 PRINT 실행 (총 프로세스 시간):
      실행 시간           0.00 초
      cpu 시간            0.01 초
      

778   +title '범주형 연도 joint Wald 검정 — 교호작용 포함 모형';
779   +%macro show_joint;
780   +    %if %sysfunc(exist(work.joint_inter_year)) %then %do;
781   +        proc print data=work.joint_inter_year noobs; run;
782   +    %end;
783   +    %else %put WARNING: joint ODS 미생성. ODS TRACE로 joint_table 설정을 확인하십시오.;
784   +%mend;
785   +%show_joint;

NOTE: 4개의 관측값을 데이터셋 WORK.JOINT_INTER_YEAR.에서 읽었습니다.
32                                                         SAS 시스템      2026년  9월 18일 금요일 오전 02시 10분 47초

NOTE: PRINT 프로시저가 336 페이지를 인쇄했습니다.
NOTE: 프로시저 PRINT 실행 (총 프로세스 시간):
      실행 시간           0.00 초
      cpu 시간            0.01 초
      

786   +
787   +/* 5. 고정 구간의 관측과 모형 적합값. 첫 구간은 0을 포함한다.
788   +   같은 자료의 예측·관측 비교는 적합 진단이며 독립 검증이 아니다. */
789   +data work.binned;
790   +    set work.dominant;
791   +    length novelty_bin $16;
792   +    if similarity_to_train<=0.3 then do; novelty_bin='[0.0, 0.3]'; bin_order=1; end;
793   +    else if similarity_to_train<=0.5 then do; novelty_bin='(0.3, 0.5]'; bin_order=2; end;
794   +    else if similarity_to_train<=0.7 then do; novelty_bin='(0.5, 0.7]'; bin_order=3; end;
795   +    else do; novelty_bin='(0.7, 1.0]'; bin_order=4; end;
796   +run;

NOTE: 5239개의 관측값을 데이터셋 WORK.DOMINANT.에서 읽었습니다.
NOTE: 데이터셋 WORK.BINNED에 5239개의 관측값과 14개의 변수가 있습니다.
NOTE: DATA 문장 실행 (총 프로세스 시간):
      실행 시간           0.00 초
      cpu 시간            0.00 초
      

797   +proc sql;
798   +    create table work.stratified as
799   +    select bin_order, novelty_bin, attack_type_code, count(*) as rows,
800   +           sum(detected) as detections, mean(detected) as detection_rate
801   +    from work.binned group by bin_order, novelty_bin, attack_type_code;
NOTE: Table WORK.STRATIFIED created, with 8 rows and 6 columns.

802   +quit;
NOTE: 프로시저 SQL 실행 (총 프로세스 시간):
      실행 시간           0.00 초
      cpu 시간            0.00 초
      

803   +/* Python과 같은 z=1.96 Wilson. 비율 0 또는 1에서도 유효한 경계를 낸다. */
804   +data work.stratified_ci;
805   +    set work.stratified;
806   +    z=1.96;
807   +    denom=1+z*z/rows;
808   +    centre=(detection_rate+z*z/(2*rows))/denom;
809   +    spread=z*sqrt(detection_rate*(1-detection_rate)/rows+z*z/(4*rows*rows))/denom;
810   +    ci_low=max(0,centre-spread);
811   +    ci_high=min(1,centre+spread);
812   +    misses=rows-detections;
813   +run;

NOTE: 8개의 관측값을 데이터셋 WORK.STRATIFIED.에서 읽었습니다.
NOTE: 데이터셋 WORK.STRATIFIED_CI에 8개의 관측값과 13개의 변수가 있습니다.
NOTE: DATA 문장 실행 (총 프로세스 시간):
      실행 시간           0.00 초
      cpu 시간            0.01 초
      

814   +title '유사도 구간 × 유형 — 표본·미탐·Wilson 95% CI';
33                                                         SAS 시스템      2026년  9월 18일 금요일 오전 02시 10분 47초

815   +proc print data=work.stratified_ci noobs;
816   +    var novelty_bin attack_type_code rows misses detection_rate ci_low ci_high;
817   +run;

NOTE: 8개의 관측값을 데이터셋 WORK.STRATIFIED_CI.에서 읽었습니다.
NOTE: PRINT 프로시저가 337 페이지를 인쇄했습니다.
NOTE: 프로시저 PRINT 실행 (총 프로세스 시간):
      실행 시간           0.01 초
      cpu 시간            0.02 초
      

818   +title '관측 탐지율과 불확실성';
819   +proc sgplot data=work.stratified_ci;
820   +    scatter x=bin_order y=detection_rate / group=attack_type_code
821   +        yerrorlower=ci_low yerrorupper=ci_high markerattrs=(symbol=circlefilled);
822   +    series x=bin_order y=detection_rate / group=attack_type_code;
823   +    yaxis label='탐지율' min=0 max=1 valuesformat=percent8.0;
824   +    xaxis label='학습셋 유사도 구간' values=(1 2 3 4)
825   +        valuesdisplay=('[0,0.3]' '(0.3,0.5]' '(0.5,0.7]' '(0.7,1]');
826   +run;

NOTE: 프로시저 SGPLOT 실행 (총 프로세스 시간):
      실행 시간           0.10 초
      cpu 시간            0.05 초
      
NOTE: 이미지 출력 리스팅이 
      /opt/sas/viya/config/var/tmp/compsrv/default/04ee8070-d54a-4535-b462-e3946f5f09eb/SAS_work5D21000001EB_sas-compute-server-2b47
      3bef-58e9-4c87-8086-f8861afdcf8a-85/SGPlot16.png에 작성되었습니다.
NOTE: 8개의 관측값을 데이터셋 WORK.STRATIFIED_CI.에서 읽었습니다.

827   +%macro observed_fitted;
828   +    %if &ok_inter=1 and %sysfunc(exist(work.pred_inter)) %then %do;
829   +        data work.pred_binned;
830   +            set work.pred_inter;
831   +            if similarity_to_train<=0.3 then bin_order=1;
832   +            else if similarity_to_train<=0.5 then bin_order=2;
833   +            else if similarity_to_train<=0.7 then bin_order=3;
834   +            else bin_order=4;
835   +        run;
836   +        title '탐색 적합 진단 — 같은 자료의 관측률과 예측 평균';
837   +        proc means data=work.pred_binned n mean maxdec=4;
838   +            class bin_order attack_type_code; var detected phat;
839   +        run;
840   +    %end;
841   +%mend;
842   +%observed_fitted;

NOTE: 5239개의 관측값을 데이터셋 WORK.PRED_INTER.에서 읽었습니다.
NOTE: 데이터셋 WORK.PRED_BINNED에 5239개의 관측값과 15개의 변수가 있습니다.
NOTE: DATA 문장 실행 (총 프로세스 시간):
      실행 시간           0.00 초
      cpu 시간            0.00 초
      


NOTE: 5239개의 관측값을 데이터셋 WORK.PRED_BINNED.에서 읽었습니다.
NOTE: MEANS 프로시저가 338 페이지를 인쇄했습니다.
NOTE: 프로시저 MEANS 실행 (총 프로세스 시간):
34                                                         SAS 시스템      2026년  9월 18일 금요일 오전 02시 10분 47초

      실행 시간           0.03 초
      cpu 시간            0.04 초
      

843   +
844   +/* 6. Python과 동일: eligible 표본에서 원래 유형이 30건 이상이면 유지.
845   +   빈도 미만만 rare로 묶는다. other도 빈도 기준으로 보존된다. */
846   +proc sql;
847   +    create table work.type_counts as
848   +    select attack_type_code, count(*) as type_rows
849   +    from work.ext group by attack_type_code;
NOTE: Table WORK.TYPE_COUNTS created, with 10 rows and 2 columns.

850   +    create table work.with_rare as
851   +    select a.*, b.type_rows,
852   +           case when b.type_rows>=&rare_min_rows then a.attack_type_code
853   +                else 'rare' end as atype length=64
854   +    from work.ext as a left join work.type_counts as b
855   +    on a.attack_type_code=b.attack_type_code;
NOTE: Table WORK.WITH_RARE created, with 5424 rows and 14 columns.

856   +quit;
NOTE: 프로시저 SQL 실행 (총 프로세스 시간):
      실행 시간           0.01 초
      cpu 시간            0.01 초
      

857   +title '민감도 표본 — 원래 유형 빈도와 묶음';
858   +proc freq data=work.with_rare;
859   +    tables attack_type_code*atype / list missing;
860   +run;

NOTE: 5424개의 관측값을 데이터셋 WORK.WITH_RARE.에서 읽었습니다.
NOTE: FREQ 프로시저가 339 페이지를 인쇄했습니다.
NOTE: 프로시저 FREQ 실행 (총 프로세스 시간):
      실행 시간           0.01 초
      cpu 시간            0.02 초
      

861   +title '민감도 — 전체 적격 표본; 빈도 기준 소수 유형 묶음';
862   +%fit(tag=rare, data=with_rare, class=collection_year(ref='2022') atype(ref='delivery'),
863   +     terms=similarity_to_train atype collection_year);

NOTE: WORK.EST_RARE(memtype=DATA)을(를) 삭제하는 중입니다.
NOTE: WORK.FIT_RARE(memtype=DATA)을(를) 삭제하는 중입니다.
NOTE: WORK.CONV_RARE(memtype=DATA)을(를) 삭제하는 중입니다.
NOTE: WORK.JOINT_RARE(memtype=DATA)을(를) 삭제하는 중입니다.
NOTE: WORK.OR_RARE(memtype=DATA)을(를) 삭제하는 중입니다.
NOTE: WORK.NOBS_RARE(memtype=DATA)을(를) 삭제하는 중입니다.
NOTE: 프로시저 DATASETS 실행 (총 프로세스 시간):
      실행 시간           0.01 초
      cpu 시간            0.01 초
      


NOTE: PROC LOGISTIC is modeling the probability that detected='1'.
NOTE: Convergence criterion (GCONV=1E-8) satisfied.
NOTE: 데이터셋 WORK.JOINT_RARE에 3개의 관측값과 4개의 변수가 있습니다.
35                                                         SAS 시스템      2026년  9월 18일 금요일 오전 02시 10분 47초

NOTE: 데이터셋 WORK.NOBS_RARE에 2개의 관측값과 6개의 변수가 있습니다.
NOTE: 데이터셋 WORK.CONV_RARE에 1개의 관측값과 3개의 변수가 있습니다.
NOTE: 데이터셋 WORK.FIT_RARE에 3개의 관측값과 4개의 변수가 있습니다.
NOTE: 데이터셋 WORK.EST_RARE에 9개의 관측값과 8개의 변수가 있습니다.
NOTE: 5424개의 관측값을 데이터셋 WORK.WITH_RARE.에서 읽었습니다.
NOTE: LOGISTIC 프로시저가 340-341 페이지를 인쇄했습니다.
NOTE: 프로시저 LOGISTIC 실행 (총 프로세스 시간):
      실행 시간           0.19 초
      cpu 시간            0.13 초
      

NOTE: 프로시저 SQL 실행 (총 프로세스 시간):
      실행 시간           0.00 초
      cpu 시간            0.00 초
      


NOTE: 9개의 관측값을 데이터셋 WORK.EST_RARE.에서 읽었습니다.
NOTE: 데이터셋 WORK.OR_RARE에 9개의 관측값과 12개의 변수가 있습니다.
NOTE: DATA 문장 실행 (총 프로세스 시간):
      실행 시간           0.00 초
      cpu 시간            0.00 초
      


NOTE: 1개의 관측값을 데이터셋 WORK.CONV_RARE.에서 읽었습니다.
NOTE: PRINT 프로시저가 342 페이지를 인쇄했습니다.
NOTE: 프로시저 PRINT 실행 (총 프로세스 시간):
      실행 시간           0.00 초
      cpu 시간            0.01 초
      


NOTE: 9개의 관측값을 데이터셋 WORK.OR_RARE.에서 읽었습니다.
NOTE: PRINT 프로시저가 343 페이지를 인쇄했습니다.
NOTE: 프로시저 PRINT 실행 (총 프로세스 시간):
      실행 시간           0.01 초
      cpu 시간            0.01 초
      

864   +
865   +title;
866   +%put NOTE: 07 끝. 출력 생성은 통계 해석 또는 SAS 실행 검수 완료를 뜻하지 않습니다.;
NOTE: 07 끝. 출력 생성은 통계 해석 또는 SAS 실행 검수 완료를 뜻하지 않습니다.
867   +%put NOTE: 표본흐름·입력 해시·수렴·분리 경고·계수·OR CI·LR을 Python 산출물과 대조하십시오.;
NOTE: 표본흐름·입력 해시·수렴·분리 경고·계수·OR CI·LR을 Python 산출물과 대조하십시오.
868   +%put NOTE: p값 비유의성은 효과 부재나 인과 결론이 아닙니다. 미탐 수와 제외 표본을 함께
868  !+제시하십시오.;
NOTE: p값 비유의성은 효과 부재나 인과 결론이 아닙니다. 미탐 수와 제외 표본을 함께 제시하십시오.
NOTE: %INCLUDE(레벨 1)를 종료 중입니다.

NOTE: 데이터셋 WORK._TMP_STATUS에 1개의 관측값과 6개의 변수가 있습니다.
NOTE: DATA 문장 실행 (총 프로세스 시간):
      실행 시간           0.00 초
      cpu 시간            0.00 초
      


36                                                         SAS 시스템      2026년  9월 18일 금요일 오전 02시 10분 47초

NOTE: WORK._TMP_STATUS을(를) WORK.SCAMLENS_MASTER_RUN_STATUS에 추가하는 중입니다.
NOTE: 1개의 관측값을 데이터셋 WORK._TMP_STATUS.에서 읽었습니다.
NOTE: 1개 관측값이 추가되었습니다.
NOTE: 데이터셋 WORK.SCAMLENS_MASTER_RUN_STATUS에 2개의 관측값과 6개의 변수가 있습니다.
NOTE: 프로시저 APPEND 실행 (총 프로세스 시간):
      실행 시간           0.00 초
      cpu 시간            0.00 초
      

NOTE:
NOTE: =========================================================================
NOTE: >>> [Step 3] 메타 분류기 학습 및 평가 (02_meta_classifier.sas)
NOTE: =========================================================================
NOTE: %INCLUDE(레벨 1) 파일 /home/student/github/sas/02_meta_classifier.sas은(는) 파일 
      /home/student/github/sas/02_meta_classifier.sas입니다.
869   +/*---------------------------------------------------------------------------
870   +  ScamLens 02 — 문자·URL 결합 메타 분류기 (PROC LOGISTIC)
871   +
872   +  Python의 scikit-learn 메타 분류기를 SAS로 다시 적합한다. 목적은 같은 계수를
873   +  얻는 것이 아니라 sklearn이 주지 않는 것을 얻는 것이다.
874   +
875   +    - 계수의 표준오차, Wald 검정, p-value
876   +    - 오즈비와 95% 신뢰구간
877   +    - 모형 적합도 검정
878   +
879   +  train에는 행 ID·그룹·폴드·입력/모델 해시를 검증한 OOF 확률만 사용한다.
880   +  저장 OOF가 없으면 고정된 기존 프로토콜로 train에서만 재생성할 수 있다.
881   +  이 경우 provenance는 reconstructed_fixed_protocol이며 과거 학습 당시 저장된
882   +  OOF 확률을 복구했다고 주장하지 않는다. OOF가 없거나 검증되지 않으면 중단한다.
883   +
884   +  이 적합은 무가중·무규제 최대우도 추론 모형이다. Python 채택 모형은
885   +  class_weight='balanced'인 규제 로지스틱이므로 같은 OOF 입력이어도 추정량이
886   +  다르다. SAS Wald 검정을 Python 채택 모형 계수의 p-value로 해석하지 않는다.
887   +  URL 두 변수의 공동 검정과 효과 크기·신뢰구간을 함께 보고한다.
888   +  비유의한 결과는 무기여나 동등성의 증명이 아니다.
889   +  표준 Wald 구간은 입력 점수를 고정한 조건부 탐색 결과이며 교차적합의 공유
890   +  모형·유사 문구 의존성 및 기준 모델 재학습 불확실성 전체를 반영하지 않는다.
891   +
892   +  임계값 정책은 Python과 동일하다. validation에서만 고르고 test는 1회 평가한다.
893   +
894   +  선행 조건: 01_load_and_audit.sas를 같은 세션에서 먼저 실행해야 한다.
895   +  work.scores가 없으면 여기서 멈춘다.
896   +---------------------------------------------------------------------------*/
897   +
898   +%let minimum_recall = 0.95;
899   +
900   +%macro require(dsname);
901   +    %if not %sysfunc(exist(&dsname.)) %then %do;
902   +        %put ERROR: &dsname. 이(가) 없습니다. 01_load_and_audit.sas를 먼저 실행하십시오.;
903   +        %abort cancel;
904   +    %end;
905   +%mend;
906   +%require(work.scores);
907   +%let sas_meta_fit_completed = 0;
908   +
909   +/* 이전 실행 결과가 이번 입력의 결과처럼 재사용되지 않도록 먼저 제거한다. */
910   +proc datasets library=work nolist;
911   +    delete metamodel scored test_scored meta_convergence;
37                                                         SAS 시스템      2026년  9월 18일 금요일 오전 02시 10분 47초

912   +quit;

NOTE: WORK.METAMODEL(memtype=DATA)을(를) 삭제하는 중입니다.
NOTE: WORK.SCORED(memtype=DATA)을(를) 삭제하는 중입니다.
NOTE: WORK.TEST_SCORED(memtype=DATA)을(를) 삭제하는 중입니다.
NOTE: WORK.META_CONVERGENCE(memtype=DATA)을(를) 삭제하는 중입니다.
NOTE: 프로시저 DATASETS 실행 (총 프로세스 시간):
      실행 시간           0.01 초
      cpu 시간            0.01 초
      

913   +
914   +%macro require_verified_oof;
915   +    %local dsid rc name index bad_rows train_rows;
916   +    %let dsid = %sysfunc(open(work.scores));
917   +    %do index=1 %to 5;
918   +        %let name=%scan(text_probability_meta_input text_probability_oof
919   +                        oof_fold_id sas_meta_fit_eligible similarity_group_id,&index.);
920   +        %if %sysfunc(varnum(&dsid.,&name.)) = 0 %then %do;
921   +            %let rc=%sysfunc(close(&dsid.));
922   +            %put ERROR: Missing verified OOF column &name.. Re-export with export_for_sas.py.;
923   +            %abort cancel;
924   +        %end;
925   +    %end;
926   +    %let rc=%sysfunc(close(&dsid.));
927   +    proc sql noprint;
928   +        select count(*) into :train_rows trimmed from work.scores where split='train';
929   +        select count(*) into :bad_rows trimmed from work.scores
930   +        where sas_meta_fit_eligible ne 1
931   +           or missing(text_probability_meta_input)
932   +           or text_probability_meta_input < 0 or text_probability_meta_input > 1
933   +           or (split='train' and
934   +               (missing(text_probability_oof) or missing(oof_fold_id)
935   +                or text_probability_meta_input ne text_probability_oof));
936   +    quit;
937   +    %if &train_rows.=0 or &bad_rows.>0 %then %do;
938   +        %put ERROR: SAS 02 blocked: OOF training inputs are missing or unverified.;
939   +        %put ERROR- In-sample text_probability must never be used as a fallback.;
940   +        %put ERROR- Verify/reconstruct train OOF artifacts and run export_for_sas.py.;
941   +        %abort cancel;
942   +    %end;
943   +%mend;
944   +%require_verified_oof;
NOTE: 프로시저 SQL 실행 (총 프로세스 시간):
      실행 시간           0.00 초
      cpu 시간            0.01 초
      

945   +
946   +
947   +/*--- 1. train 분할로 메타 분류기 적합 ------------------------------------
948   +  event='1'을 반드시 쓴다. PROC LOGISTIC은 기본적으로 낮은 순서값(=0)의 확률을
949   +  모형화하므로, 생략하면 부호가 전부 뒤집힌 모형을 얻는다.
950   +-------------------------------------------------------------------------*/
951   +title "OOF 특징 기반 SAS 추론용 메타 회귀 — Python 규제 모형과 별도";
952   +ods output ParameterEstimates=work.meta_parameters
953   +           OddsRatios=work.meta_odds_ratios
954   +           CLOddsWald=work.meta_odds_ci
38                                                         SAS 시스템      2026년  9월 18일 금요일 오전 02시 10분 47초

955   +           TestStmts=work.meta_url_block_test
956   +           FitStatistics=work.meta_fit_statistics
957   +           ConvergenceStatus=work.meta_convergence;
958   +proc logistic data=work.scores outmodel=work.metamodel;
959   +    where split = 'train';
960   +    model target(event='1') = text_probability_meta_input
961   +                              url_probability_filled
962   +                              has_url
963   +          / clodds=wald;
964   +    URL_Block: test url_probability_filled=0, has_url=0;
965   +run;

NOTE: PROC LOGISTIC is modeling the probability that target='1'.
NOTE: Convergence criterion (GCONV=1E-8) satisfied.
NOTE: 데이터셋 WORK.META_CONVERGENCE에 1개의 관측값과 3개의 변수가 있습니다.
NOTE: 데이터셋 WORK.META_FIT_STATISTICS에 3개의 관측값과 4개의 변수가 있습니다.
NOTE: 데이터셋 WORK.META_URL_BLOCK_TEST에 1개의 관측값과 5개의 변수가 있습니다.
NOTE: 데이터셋 WORK.META_ODDS_CI에 3개의 관측값과 5개의 변수가 있습니다.
NOTE: 데이터셋 WORK.META_PARAMETERS에 4개의 관측값과 7개의 변수가 있습니다.
WARNING: 'OddsRatios' 출력이 생성되지 않았습니다.  출력 개체 이름,  레이블, 또는 경로의 철자가 
         올바른지 확인하십시오.  또한, 요청된 출력 개체를 생성하는 데 적절한 프로시저 옵션이 
         사용되었는지도 확인하십시오.  예를 들어, NOPRINT 옵션이 사용되고 있지 않은지 
         확인하십시오.
NOTE: 12100개의 관측값을 데이터셋 WORK.SCORES.에서 읽었습니다.
      WHERE split='train';
NOTE: 데이터셋 WORK.METAMODEL에 28개의 관측값과 6개의 변수가 있습니다.
NOTE: LOGISTIC 프로시저가 344-345 페이지를 인쇄했습니다.
NOTE: 프로시저 LOGISTIC 실행 (총 프로세스 시간):
      실행 시간           0.19 초
      cpu 시간            0.14 초
      

966   +ods output close;
967   +
968   +%require(work.meta_convergence);
969   +data _null_;
970   +    set work.meta_convergence;
971   +    if status ne 0 then do;
972   +        put "ERROR: SAS meta regression did not converge. Do not report Wald inference.";
973   +        abort cancel;
974   +    end;
975   +run;

NOTE: 1개의 관측값을 데이터셋 WORK.META_CONVERGENCE.에서 읽었습니다.
NOTE: DATA 문장 실행 (총 프로세스 시간):
      실행 시간           0.00 초
      cpu 시간            0.00 초
      

976   +
977   +
978   +/*--- 2. validation·test 채점 --------------------------------------------*/
979   +proc logistic inmodel=work.metamodel;
980   +    score data=work.scores out=work.scored(rename=(P_1=meta_probability));
981   +run;

NOTE: 데이터셋 WORK.SCORED에 16773개의 관측값과 26개의 변수가 있습니다.
NOTE: 프로시저 LOGISTIC 실행 (총 프로세스 시간):
39                                                         SAS 시스템      2026년  9월 18일 금요일 오전 02시 10분 48초

      실행 시간           0.00 초
      cpu 시간            0.01 초
      

982   +
983   +data work.scored;
984   +    set work.scored;
985   +    /* 비교용 고정 가중치 결합: URL이 없으면 텍스트 확률을 그대로 쓴다. */
986   +    fixed_fusion = fixed_fusion_probability;
987   +run;

NOTE: 16773개의 관측값을 데이터셋 WORK.SCORED.에서 읽었습니다.
NOTE: 데이터셋 WORK.SCORED에 16773개의 관측값과 27개의 변수가 있습니다.
NOTE: DATA 문장 실행 (총 프로세스 시간):
      실행 시간           0.00 초
      cpu 시간            0.01 초
      

988   +
989   +
990   +/*--- 3. validation에서 임계값 선택 ---------------------------------------
991   +  Recall >= 0.95를 만족하는 임계값 중 FPR이 가장 낮은 값을 고른다.
992   +  Python의 select_threshold와 같은 규칙이다.
993   +-------------------------------------------------------------------------*/
994   +data work.grid;
995   +    set work.scored(where=(split='validation'));
996   +    do threshold_index = 0 to 180;
997   +        threshold = 0.05 + threshold_index * 0.005;
998   +        predicted = (meta_probability >= threshold);
999   +        output;
1000  +    end;
1001  +run;

NOTE: 2356개의 관측값을 데이터셋 WORK.SCORED.에서 읽었습니다.
      WHERE split='validation';
NOTE: 데이터셋 WORK.GRID에 426436개의 관측값과 30개의 변수가 있습니다.
NOTE: DATA 문장 실행 (총 프로세스 시간):
      실행 시간           0.13 초
      cpu 시간            0.11 초
      

1002  +
1003  +proc sql;
1004  +    create table work.threshold_stats as
1005  +    select threshold,
1006  +           sum(case when target=1 and predicted=1 then 1 else 0 end) as tp,
1007  +           sum(case when target=0 and predicted=1 then 1 else 0 end) as fp,
1008  +           sum(case when target=1 and predicted=0 then 1 else 0 end) as fn,
1009  +           sum(case when target=0 and predicted=0 then 1 else 0 end) as tn
1010  +    from work.grid
1011  +    group by threshold;
NOTE: Table WORK.THRESHOLD_STATS created, with 181 rows and 5 columns.

1012  +quit;
NOTE: 프로시저 SQL 실행 (총 프로세스 시간):
      실행 시간           0.09 초
      cpu 시간            0.20 초
      
40                                                         SAS 시스템      2026년  9월 18일 금요일 오전 02시 10분 48초


1013  +
1014  +data work.threshold_stats;
1015  +    set work.threshold_stats;
1016  +    recall    = tp / max(tp + fn, 1);
1017  +    precision = tp / max(tp + fp, 1);
1018  +    fpr       = fp / max(fp + tn, 1);
1019  +run;

NOTE: 181개의 관측값을 데이터셋 WORK.THRESHOLD_STATS.에서 읽었습니다.
NOTE: 데이터셋 WORK.THRESHOLD_STATS에 181개의 관측값과 8개의 변수가 있습니다.
NOTE: DATA 문장 실행 (총 프로세스 시간):
      실행 시간           0.00 초
      cpu 시간            0.00 초
      

1020  +
1021  +/* 제약을 만족하는 임계값이 하나도 없으면 매크로 변수가 만들어지지 않고,
1022  +   이후 &meta_threshold. 참조가 해석되지 않은 채 이상한 오류를 낸다.
1023  +   개수를 먼저 세서 원인이 드러나는 자리에서 멈춘다. */
1024  +proc sql noprint;
1025  +    select count(*) into :qualifying trimmed
1026  +    from work.threshold_stats
1027  +    where recall >= &minimum_recall.;
1028  +quit;
NOTE: 프로시저 SQL 실행 (총 프로세스 시간):
      실행 시간           0.00 초
      cpu 시간            0.00 초
      

1029  +
1030  +%macro pick_threshold;
1031  +    %if &qualifying. = 0 %then %do;
1032  +        %put ERROR: validation에서 Recall >= &minimum_recall. 을 만족하는 임계값이 없습니다.;
1033  +        %put ERROR- 모형/입력 적합을 확인하십시오. test를 보고 제약을 낮추지 마십시오.;
1034  +        %abort cancel;
1035  +    %end;
1036  +    proc sql noprint outobs=1;
1037  +        select threshold into :meta_threshold trimmed
1038  +        from work.threshold_stats
1039  +        where recall >= &minimum_recall.
1040  +        order by fpr, precision desc, threshold desc;
1041  +    quit;
1042  +%mend;
1043  +%pick_threshold;
NOTE: The query as specified involves ordering by an item that doesn't appear in its SELECT clause.
NOTE: 프로시저 SQL 실행 (총 프로세스 시간):
      실행 시간           0.00 초
      cpu 시간            0.01 초
      

1044  +
1045  +%put NOTE: validation에서 선택한 메타 임계값 = &meta_threshold.;
NOTE: validation에서 선택한 메타 임계값 = 0.7
1046  +
1047  +title "선택된 임계값의 validation 성능";
1048  +proc print data=work.threshold_stats noobs;
1049  +    where abs(threshold - &meta_threshold.) < 1e-8;
41                                                         SAS 시스템      2026년  9월 18일 금요일 오전 02시 10분 48초

1050  +    var threshold recall precision fpr tp fp fn tn;
1051  +run;

NOTE: 1개의 관측값을 데이터셋 WORK.THRESHOLD_STATS.에서 읽었습니다.
      WHERE ABS((threshold-0.7))<1E-8;
NOTE: PRINT 프로시저가 346 페이지를 인쇄했습니다.
NOTE: 프로시저 PRINT 실행 (총 프로세스 시간):
      실행 시간           0.01 초
      cpu 시간            0.01 초
      

1052  +
1053  +
1054  +/*--- 4. test 1회 평가 ----------------------------------------------------*/
1055  +data work.test_scored;
1056  +    set work.scored;
1057  +    where split = 'test';
1058  +    length url_group $12;
1059  +    meta_predicted = (meta_probability >= &meta_threshold.);
1060  +    if has_url = 1 then url_group = 'URL 있음';
1061  +    else                url_group = 'URL 없음';
1062  +run;

NOTE: 2317개의 관측값을 데이터셋 WORK.SCORED.에서 읽었습니다.
      WHERE split='test';
NOTE: 데이터셋 WORK.TEST_SCORED에 2317개의 관측값과 29개의 변수가 있습니다.
NOTE: DATA 문장 실행 (총 프로세스 시간):
      실행 시간           0.00 초
      cpu 시간            0.00 초
      

1063  +
1064  +title "메타 분류기 test 혼동행렬";
1065  +proc freq data=work.test_scored;
1066  +    tables target*meta_predicted / nocol norow nopercent;
1067  +run;

NOTE: 2317개의 관측값을 데이터셋 WORK.TEST_SCORED.에서 읽었습니다.
NOTE: FREQ 프로시저가 347 페이지를 인쇄했습니다.
NOTE: 프로시저 FREQ 실행 (총 프로세스 시간):
      실행 시간           0.01 초
      cpu 시간            0.01 초
      

1068  +
1069  +title "메타 분류기 test 혼동행렬 — URL 유무별";
1070  +proc freq data=work.test_scored;
1071  +    tables url_group*target*meta_predicted / nocol norow nopercent;
1072  +run;

NOTE: 2317개의 관측값을 데이터셋 WORK.TEST_SCORED.에서 읽었습니다.
NOTE: FREQ 프로시저가 348 페이지를 인쇄했습니다.
NOTE: 프로시저 FREQ 실행 (총 프로세스 시간):
      실행 시간           0.02 초
      cpu 시간            0.02 초
      

1073  +
42                                                         SAS 시스템      2026년  9월 18일 금요일 오전 02시 10분 48초

1074  +%let sas_meta_fit_completed = 1;
1075  +title;
NOTE: %INCLUDE(레벨 1)를 종료 중입니다.

NOTE: 데이터셋 WORK._TMP_STATUS에 1개의 관측값과 6개의 변수가 있습니다.
NOTE: DATA 문장 실행 (총 프로세스 시간):
      실행 시간           0.00 초
      cpu 시간            0.00 초
      


NOTE: WORK._TMP_STATUS을(를) WORK.SCAMLENS_MASTER_RUN_STATUS에 추가하는 중입니다.
NOTE: 1개의 관측값을 데이터셋 WORK._TMP_STATUS.에서 읽었습니다.
NOTE: 1개 관측값이 추가되었습니다.
NOTE: 데이터셋 WORK.SCAMLENS_MASTER_RUN_STATUS에 3개의 관측값과 6개의 변수가 있습니다.
NOTE: 프로시저 APPEND 실행 (총 프로세스 시간):
      실행 시간           0.00 초
      cpu 시간            0.00 초
      

NOTE:
NOTE: =========================================================================
NOTE: >>> [Step 4] 단일/앙상블 모델 비교 (ROC) (03_model_comparison.sas)
NOTE: =========================================================================
NOTE: %INCLUDE(레벨 1) 파일 /home/student/github/sas/03_model_comparison.sas은(는) 파일 
      /home/student/github/sas/03_model_comparison.sas입니다.
1076  +/*---------------------------------------------------------------------------
1077  +  ScamLens 03 — 고정 test 점수의 ROC-AUC 비교 (DeLong ROCCONTRAST)
1078  +
1079  +  선행 조건은 01(work.scores)이다. 02의 OOF 입력이 없더라도 문자 단독과
1080  +  고정가중 결합의 비교는 실행한다. 동일 세션에서 02가 성공한 경우에만 SAS
1081  +  추론용 메타 모형을 추가한다. Python 규제 메타 모형과는 별도 추정량이다.
1082  +
1083  +  ROCCONTRAST는 ROC-AUC 차이를 검정하며 PR-AUC, F1, 고정 임계값의 FPR 차이를
1084  +  검정하지 않는다. AUC 차이와 신뢰구간을 함께 제시한다. p>=0.05는 차이를
1085  +  검출할 근거가 부족하다는 뜻이며 URL 무기여나 동등성을 입증하지 않는다.
1086  +
1087  +  핵심 관용구: 이미 계산된 확률을 비교할 때는 model 문에 / nofit을 주고
1088  +  roc 문으로 각 확률 변수를 등록한다. PROC LOGISTIC이 새로 적합하지 않고
1089  +  주어진 점수의 ROC만 비교한다.
1090  +---------------------------------------------------------------------------*/
1091  +
1092  +/* 선행 조건: 01_load_and_audit.sas가 같은 세션에서 먼저 실행돼야 한다. */
1093  +%macro require(dsname);
1094  +    %if not %sysfunc(exist(&dsname.)) %then %do;
1095  +        %put ERROR: &dsname. 이(가) 없습니다. 01_load_and_audit.sas를 먼저 실행하십시오.;
1096  +        %abort cancel;
1097  +    %end;
1098  +%mend;
1099  +%require(work.scores);
1100  +
1101  +%let include_sas_meta = 0;
1102  +%macro choose_comparison;
1103  +    %if %symexist(sas_meta_fit_completed) %then %do;
1104  +        %if &sas_meta_fit_completed.=1 and %sysfunc(exist(work.test_scored)) %then
1105  +            %let include_sas_meta=1;
1106  +    %end;
1107  +    %if &include_sas_meta.=1 %then %do;
43                                                         SAS 시스템      2026년  9월 18일 금요일 오전 02시 10분 48초

1108  +        data work.roc_comparison;
1109  +            set work.test_scored;
1110  +            where split='test';
1111  +        run;
1112  +        data _null_;
1113  +            set work.roc_comparison;
1114  +            if missing(meta_probability) then do;
1115  +                put "ERROR: SAS meta score missing; ROC comparisons must use the same rows.";
1116  +                abort cancel;
1117  +            end;
1118  +        run;
1119  +    %end;
1120  +    %else %do;
1121  +        %put NOTE: OOF SAS meta refit unavailable; comparing frozen base/fixed-fusion scores only.;
1122  +        data work.roc_comparison;
1123  +            set work.scores;
1124  +            where split='test';
1125  +            fixed_fusion=fixed_fusion_probability;
1126  +        run;
1127  +    %end;
1128  +%mend;
1129  +%choose_comparison;

NOTE: 2317개의 관측값을 데이터셋 WORK.TEST_SCORED.에서 읽었습니다.
      WHERE split='test';
NOTE: 데이터셋 WORK.ROC_COMPARISON에 2317개의 관측값과 29개의 변수가 있습니다.
NOTE: DATA 문장 실행 (총 프로세스 시간):
      실행 시간           0.00 초
      cpu 시간            0.01 초
      


NOTE: 2317개의 관측값을 데이터셋 WORK.ROC_COMPARISON.에서 읽었습니다.
NOTE: DATA 문장 실행 (총 프로세스 시간):
      실행 시간           0.00 초
      cpu 시간            0.00 초
      

1130  +
1131  +/* Missing scores must not silently change the common comparison sample. */
1132  +data _null_;
1133  +    set work.roc_comparison;
1134  +    if missing(text_probability) or missing(fixed_fusion_probability) then do;
1135  +        put "ERROR: Missing fixed test scores. Re-export rather than silently drop rows.";
1136  +        abort cancel;
1137  +    end;
1138  +run;

NOTE: 2317개의 관측값을 데이터셋 WORK.ROC_COMPARISON.에서 읽었습니다.
NOTE: DATA 문장 실행 (총 프로세스 시간):
      실행 시간           0.00 초
      cpu 시간            0.00 초
      

1139  +
1140  +
1141  +/*--- 1. test 분할 전체에서 세 모델 비교 ----------------------------------*/
1142  +%macro compare(group=,filter=1);
44                                                         SAS 시스템      2026년  9월 18일 금요일 오전 02시 10분 48초

1143  +    title "test &group. — ROC-AUC 비교";
1144  +    ods output ROCAssociation=work.roc_auc_&group.
1145  +               ROCContrastEstimate=work.roc_difference_&group.;
1146  +    proc logistic data=work.roc_comparison plots=roc;
1147  +        where &filter.;
1148  +        model target(event='1') = / nofit;
1149  +        roc '문자 단독' pred=text_probability;
1150  +        roc '고정가중 결합' pred=fixed_fusion_probability;
1151  +        %if &include_sas_meta.=1 %then %do;
1152  +            roc 'SAS OOF 추론 모형' pred=meta_probability;
1153  +        %end;
1154  +        roccontrast reference('문자 단독') / estimate=allpairs e;
1155  +    run;
1156  +    ods output close;
1157  +%mend;
1158  +%compare(group=all);

NOTE: No explanatory variables have been specified.
NOTE: The NOFIT option is specified.  No parameters are estimated and all other MODEL statement options (except EQUALSLOPES, FIRTH, 
      LINK=, NOINT, OFFSET=, TECHNIQUE=, and UNEQUALSLOPES) are ignored.
NOTE: PROC LOGISTIC is modeling the probability that target='1'.
NOTE: 데이터셋 WORK.ROC_DIFFERENCE_ALL에 3개의 관측값과 7개의 변수가 있습니다.
NOTE: 데이터셋 WORK.ROC_AUC_ALL에 3개의 관측값과 8개의 변수가 있습니다.
NOTE: 2317개의 관측값을 데이터셋 WORK.ROC_COMPARISON.에서 읽었습니다.
      WHERE 1 /* an obviously TRUE WHERE clause */ ;
NOTE: LOGISTIC 프로시저가 349-350 페이지를 인쇄했습니다.
NOTE: 프로시저 LOGISTIC 실행 (총 프로세스 시간):
      실행 시간           1.42 초
      cpu 시간            0.95 초
      

1159  +
1160  +
1161  +/*--- 2. URL 포함 표본만 비교 ---------------------------------------------
1162  +  결합 모델의 효과는 URL이 있는 문자에서만 나타날 수 있으므로 이 부분집합을
1163  +  따로 본다. Python 결과에서 오탐 차이가 가장 컸던 구간이다.
1164  +-------------------------------------------------------------------------*/
1165  +%compare(group=url,filter=has_url=1);

NOTE: No explanatory variables have been specified.
NOTE: The NOFIT option is specified.  No parameters are estimated and all other MODEL statement options (except EQUALSLOPES, FIRTH, 
      LINK=, NOINT, OFFSET=, TECHNIQUE=, and UNEQUALSLOPES) are ignored.
NOTE: PROC LOGISTIC is modeling the probability that target='1'.
NOTE: 데이터셋 WORK.ROC_DIFFERENCE_URL에 3개의 관측값과 7개의 변수가 있습니다.
NOTE: 데이터셋 WORK.ROC_AUC_URL에 3개의 관측값과 8개의 변수가 있습니다.
NOTE: 896개의 관측값을 데이터셋 WORK.ROC_COMPARISON.에서 읽었습니다.
      WHERE has_url=1;
NOTE: LOGISTIC 프로시저가 351-352 페이지를 인쇄했습니다.
NOTE: 프로시저 LOGISTIC 실행 (총 프로세스 시간):
      실행 시간           0.76 초
      cpu 시간            0.51 초
      

1166  +
1167  +
1168  +/*--- 3. URL 없는 표본 ----------------------------------------------------
1169  +  고정결합=문자 점수이므로 중복 ROC의 특이 공분산 검정을 만들지 않는다.
1170  +  메타 모형의 확률은 다른 변환일 수 있어 확률 자체의 동일성을 요구하지 않는다.
45                                                         SAS 시스템      2026년  9월 18일 금요일 오전 02시 10분 50초

1171  +-------------------------------------------------------------------------*/
1172  +data _null_;
1173  +    set work.roc_comparison;
1174  +    where has_url = 0;
1175  +    if abs(fixed_fusion_probability-text_probability)>1e-12 then do;
1176  +        put "ERROR: Fixed fusion must equal text score on messages without a URL.";
1177  +        abort cancel;
1178  +    end;
1179  +run;

NOTE: 1421개의 관측값을 데이터셋 WORK.ROC_COMPARISON.에서 읽었습니다.
      WHERE has_url=0;
NOTE: DATA 문장 실행 (총 프로세스 시간):
      실행 시간           0.00 초
      cpu 시간            0.00 초
      

1180  +
1181  +%macro no_url_comparison;
1182  +    %if &include_sas_meta.=1 %then %do;
1183  +        title "test no_url — 문자 단독과 SAS OOF 추론 모형의 ROC-AUC";
1184  +        proc logistic data=work.roc_comparison plots=roc;
1185  +            where has_url=0;
1186  +            model target(event='1') = / nofit;
1187  +            roc '문자 단독' pred=text_probability;
1188  +            roc 'SAS OOF 추론 모형' pred=meta_probability;
1189  +            /* URL 없음에서 메타 점수는 문자 점수의 단조 변환일 수 있다.
1190  +               이때 ROC가 같아 차이의 분산이 0이므로 이 구간은 기술적 ROC만 낸다. */
1191  +        run;
1192  +    %end;
1193  +%mend;
1194  +%no_url_comparison;

NOTE: No explanatory variables have been specified.
NOTE: The NOFIT option is specified.  No parameters are estimated and all other MODEL statement options (except EQUALSLOPES, FIRTH, 
      LINK=, NOINT, OFFSET=, TECHNIQUE=, and UNEQUALSLOPES) are ignored.
NOTE: PROC LOGISTIC is modeling the probability that target='1'.
NOTE: 1421개의 관측값을 데이터셋 WORK.ROC_COMPARISON.에서 읽었습니다.
      WHERE has_url=0;
NOTE: LOGISTIC 프로시저가 353 페이지를 인쇄했습니다.
NOTE: 프로시저 LOGISTIC 실행 (총 프로세스 시간):
      실행 시간           0.83 초
      cpu 시간            0.53 초
      

1195  +
1196  +/*
1197  +  결과 읽는 법
1198  +
1199  +  ROCCONTRAST의 p-value가 0.05보다 크면 "두 모델의 AUC가 다르다고 말할 수 없다"는
1200  +  뜻이다. "URL 정보가 없다" 또는 "동등하다"는 결론은 이 검정으로 내릴 수 없다.
1201  +  신뢰구간이 실무적으로 큰 차이까지 포함하는지와 고정 임계값 지표도 보고한다.
1202  +
1203  +  주의: 표본이 test 2,317행이고 URL 포함은 896행, URL 없는 악성은 54행이다.
1204  +  작은 차이를 탐지할 검정력이 충분하지 않으므로, 유의하지 않다는 결과를
1205  +  "차이가 없다"로 단정하지 말고 신뢰구간의 폭을 함께 보고한다.
1206  +*/
1207  +
46                                                         SAS 시스템      2026년  9월 18일 금요일 오전 02시 10분 51초

1208  +title;
NOTE: %INCLUDE(레벨 1)를 종료 중입니다.

NOTE: 데이터셋 WORK._TMP_STATUS에 1개의 관측값과 6개의 변수가 있습니다.
NOTE: DATA 문장 실행 (총 프로세스 시간):
      실행 시간           0.00 초
      cpu 시간            0.00 초
      


NOTE: WORK._TMP_STATUS을(를) WORK.SCAMLENS_MASTER_RUN_STATUS에 추가하는 중입니다.
NOTE: 1개의 관측값을 데이터셋 WORK._TMP_STATUS.에서 읽었습니다.
NOTE: 1개 관측값이 추가되었습니다.
NOTE: 데이터셋 WORK.SCAMLENS_MASTER_RUN_STATUS에 4개의 관측값과 6개의 변수가 있습니다.
NOTE: 프로시저 APPEND 실행 (총 프로세스 시간):
      실행 시간           0.00 초
      cpu 시간            0.00 초
      

NOTE:
NOTE: =========================================================================
NOTE: >>> [Step 5] 트랜스포머 vs ML 대조 분석 (06_transformer_contrast.sas)
NOTE: =========================================================================
NOTE: %INCLUDE(레벨 1) 파일 /home/student/github/sas/06_transformer_contrast.sas은(는) 파일 
      /home/student/github/sas/06_transformer_contrast.sas입니다.
1209  +/*---------------------------------------------------------------------------
1210  +  ScamLens 06 — 트랜스포머·반사실 학습 모델의 통계 비교
1211  +
1212  +  기존 Python의 짝지은 성능 비교에 같은 평가 행의 ROC-AUC 비교를 추가한다.
1213  +
1214  +    1. KcBERT vs 문자 n-gram — AUC 차이의 DeLong 검정
1215  +    2. 반사실 학습 전후 — 같은 검정
1216  +    3. 온도 보정이 순위를 바꾸지 않았는지 확인 (단조 변환이므로 AUC 동일해야 함)
1217  +    4. 공격 유형별 재현율과 exact 신뢰구간
1218  +
1219  +  선행 조건
1220  +    - 01_load_and_audit.sas 실행 (work.scores)
1221  +    - export_for_sas.py 를 KcBERT 학습 이후에 다시 실행했을 것
1222  +
1223  +  중요: KcBERT 확률은 validation·test에만 있다. 미세조정 스크립트가 그 두
1224  +  분할만 저장하기 때문이며 결손이 아니다. train 행은 결측이므로 이 프로그램은
1225  +  test에서만 동작한다.
1226  +---------------------------------------------------------------------------*/
1227  +
1228  +%macro require_columns;
1229  +    %local dsid rc missing;
1230  +    %let dsid = %sysfunc(open(work.scores));
1231  +    %if &dsid. = 0 %then %do;
1232  +        %put ERROR: work.scores 가 없습니다. 01_load_and_audit.sas 를 먼저 실행하십시오.;
1233  +        %abort cancel;
1234  +    %end;
1235  +    %let missing =;
1236  +    %if %sysfunc(varnum(&dsid., kcbert_probability)) = 0 %then
1237  +        %let missing = &missing. kcbert_probability;
1238  +    %if %sysfunc(varnum(&dsid., kcbert_cf_probability)) = 0 %then
1239  +        %let missing = &missing. kcbert_cf_probability;
1240  +    %if %sysfunc(varnum(&dsid., linear_cf_probability)) = 0 %then
1241  +        %let missing = &missing. linear_cf_probability;
47                                                         SAS 시스템      2026년  9월 18일 금요일 오전 02시 10분 51초

1242  +    %let rc = %sysfunc(close(&dsid.));
1243  +    %if %length(&missing.) %then %do;
1244  +        %put ERROR: 다음 컬럼이 없습니다:&missing.;
1245  +        %put ERROR- KcBERT 학습 후 export_for_sas.py --overwrite 를 다시 실행하십시오.;
1246  +        %abort cancel;
1247  +    %end;
1248  +%mend;
1249  +%require_columns;
1250  +
1251  +
1252  +/*--- 0. 비교용 test 테이블 ----------------------------------------------*/
1253  +data work.contrast;
1254  +    set work.scores;
1255  +    where split = 'test' and not missing(kcbert_probability);
1256  +    length url_group $12;
1257  +    if has_url = 1 then url_group = 'URL 있음';
1258  +    else                url_group = 'URL 없음';
1259  +run;

NOTE: 2317개의 관측값을 데이터셋 WORK.SCORES.에서 읽었습니다.
      WHERE (split='test') and (not MISSING(kcbert_probability));
NOTE: 데이터셋 WORK.CONTRAST에 2317개의 관측값과 23개의 변수가 있습니다.
NOTE: DATA 문장 실행 (총 프로세스 시간):
      실행 시간           0.00 초
      cpu 시간            0.01 초
      

1260  +
1261  +title "비교 대상 행 수 — 입력 manifest 및 모델 결측과 대조";
1262  +proc sql;
1263  +    select count(*) as rows, sum(target) as malicious, sum(has_url) as url_rows
1264  +    from work.contrast;
1265  +quit;
NOTE: SQL 프로시저가 354 페이지를 인쇄했습니다.
NOTE: 프로시저 SQL 실행 (총 프로세스 시간):
      실행 시간           0.00 초
      cpu 시간            0.00 초
      

1266  +
1267  +
1268  +/*--- 1. KcBERT vs 문자 n-gram — DeLong 검정 -----------------------------
1269  +  기존 수치는 reports/generated/model_comparison.json을 따른다.
1270  +  DeLong은 ROC-AUC 차이만 다룬다. 비유의는 효과 부재·동등성·미채택의
1271  +  단독 근거가 아니며 F1/Recall의 기존 비교 결과와 혼동하지 않는다.
1272  +-------------------------------------------------------------------------*/
1273  +title "test 전체 — 문자 n-gram vs KcBERT vs 반사실 학습";
1274  +proc logistic data=work.contrast plots=roc;
1275  +    model target(event='1') = / nofit;
1276  +    roc '문자 n-gram'       pred = text_probability;
1277  +    roc 'KcBERT'            pred = kcbert_probability;
1278  +    roc 'KcBERT 반사실'     pred = kcbert_cf_probability;
1279  +    roc '문자 n-gram 반사실' pred = linear_cf_probability;
1280  +    roccontrast reference('문자 n-gram') / estimate=allpairs e;
1281  +run;

NOTE: No explanatory variables have been specified.
NOTE: The NOFIT option is specified.  No parameters are estimated and all other MODEL statement options (except EQUALSLOPES, FIRTH, 
48                                                         SAS 시스템      2026년  9월 18일 금요일 오전 02시 10분 51초

      LINK=, NOINT, OFFSET=, TECHNIQUE=, and UNEQUALSLOPES) are ignored.
NOTE: PROC LOGISTIC is modeling the probability that target='1'.
NOTE: 2317개의 관측값을 데이터셋 WORK.CONTRAST.에서 읽었습니다.
NOTE: LOGISTIC 프로시저가 355-356 페이지를 인쇄했습니다.
NOTE: 프로시저 LOGISTIC 실행 (총 프로세스 시간):
      실행 시간           1.75 초
      cpu 시간            1.15 초
      

1282  +
1283  +
1284  +/*--- 2. URL 없는 구간에서의 비교 ----------------------------------------
1285  +  이 프로젝트가 실제로 신경 쓰는 구간이다. 표본이 정상 1,367 + 악성 54라
1286  +  악성 쪽 검정력이 매우 낮다. 유의하지 않다는 결과를 "차이 없음"으로 읽지 않는다.
1287  +-------------------------------------------------------------------------*/
1288  +title "test — URL 없는 문자만";
1289  +proc logistic data=work.contrast plots=roc;
1290  +    where has_url = 0;
1291  +    model target(event='1') = / nofit;
1292  +    roc '문자 n-gram'   pred = text_probability;
1293  +    roc 'KcBERT'        pred = kcbert_probability;
1294  +    roc 'KcBERT 반사실' pred = kcbert_cf_probability;
1295  +    roccontrast reference('문자 n-gram') / estimate=allpairs e;
1296  +run;

NOTE: No explanatory variables have been specified.
NOTE: The NOFIT option is specified.  No parameters are estimated and all other MODEL statement options (except EQUALSLOPES, FIRTH, 
      LINK=, NOINT, OFFSET=, TECHNIQUE=, and UNEQUALSLOPES) are ignored.
NOTE: PROC LOGISTIC is modeling the probability that target='1'.
NOTE: 1421개의 관측값을 데이터셋 WORK.CONTRAST.에서 읽었습니다.
      WHERE has_url=0;
NOTE: LOGISTIC 프로시저가 357-358 페이지를 인쇄했습니다.
NOTE: 프로시저 LOGISTIC 실행 (총 프로세스 시간):
      실행 시간           0.94 초
      cpu 시간            0.60 초
      

1297  +
1298  +
1299  +/*--- 3. 온도 보정이 순위를 보존했는지 -----------------------------------
1300  +  온도 스케일링은 sigmoid(logit(p)/T)로 단조 증가 변환이다. 따라서 AUC는
1301  +  정의상 바뀌지 않아야 한다. 여기서 차이가 나오면 보정 구현에 버그가 있다는
1302  +  뜻이므로, 이 검정은 성능 비교가 아니라 구현 검증이다.
1303  +-------------------------------------------------------------------------*/
1304  +title "온도 보정 전후 AUC — 같아야 한다 (구현 검증)";
1305  +proc logistic data=work.contrast plots=none;
1306  +    model target(event='1') = / nofit;
1307  +    roc 'KcBERT 원본'   pred = kcbert_probability;
1308  +    roc 'KcBERT 보정후' pred = kcbert_calibrated_probability;
1309  +    roccontrast reference('KcBERT 원본') / estimate e;
1310  +run;

NOTE: No explanatory variables have been specified.
NOTE: The NOFIT option is specified.  No parameters are estimated and all other MODEL statement options (except EQUALSLOPES, FIRTH, 
      LINK=, NOINT, OFFSET=, TECHNIQUE=, and UNEQUALSLOPES) are ignored.
NOTE: PROC LOGISTIC is modeling the probability that target='1'.
NOTE: 2317개의 관측값을 데이터셋 WORK.CONTRAST.에서 읽었습니다.
NOTE: LOGISTIC 프로시저가 359-360 페이지를 인쇄했습니다.
49                                                         SAS 시스템      2026년  9월 18일 금요일 오전 02시 10분 54초

NOTE: 프로시저 LOGISTIC 실행 (총 프로세스 시간):
      실행 시간           0.05 초
      cpu 시간            0.06 초
      

1311  +
1312  +
1313  +/*--- 4. 공격 유형별 재현율 ----------------------------------------------
1314  +  attack_type 은 URL 없는 악성 380건에만 값이 있다. 그 안에서 "URL 없는 악성"이
1315  +  단일 현상이 아님을 SAS에서 재확인한다.
1316  +
1317  +  임계값은 각 모델이 validation에서 고른 값이다. 바꾸지 않는다.
1318  +-------------------------------------------------------------------------*/
1319  +%let kcbert_threshold    = 0.95;
1320  +%let kcbert_cf_threshold = 0.195;
1321  +%let linear_cf_threshold = 0.400;
1322  +
1323  +data work.by_attack;
1324  +    set work.contrast;
1325  +    where target = 1 and has_url = 0 and not missing(attack_type)
1326  +          and attack_type ne '';
1327  +    hit_text      = (text_probability      >= &text_threshold.);
1328  +    hit_kcbert    = (kcbert_probability    >= &kcbert_threshold.);
1329  +    hit_kcbert_cf = (kcbert_cf_probability >= &kcbert_cf_threshold.);
1330  +    hit_linear_cf = (linear_cf_probability >= &linear_cf_threshold.);
1331  +run;

NOTE: 54개의 관측값을 데이터셋 WORK.CONTRAST.에서 읽었습니다.
      WHERE (target=1) and (has_url=0) and (not MISSING(attack_type)) and (attack_type not = ' ');
NOTE: 데이터셋 WORK.BY_ATTACK에 54개의 관측값과 27개의 변수가 있습니다.
NOTE: DATA 문장 실행 (총 프로세스 시간):
      실행 시간           0.00 초
      cpu 시간            0.01 초
      

1332  +
1333  +proc sort data=work.by_attack; by attack_type; run;

NOTE: 54개의 관측값을 데이터셋 WORK.BY_ATTACK.에서 읽었습니다.
NOTE: 데이터셋 WORK.BY_ATTACK에 54개의 관측값과 27개의 변수가 있습니다.
NOTE: 프로시저 SORT 실행 (총 프로세스 시간):
      실행 시간           0.00 초
      cpu 시간            0.00 초
      

1334  +
1335  +title "공격 유형별 표본 수 — 유형당 표본이 매우 작다";
1336  +proc freq data=work.by_attack;
1337  +    tables attack_type / nocum;
1338  +run;

NOTE: 54개의 관측값을 데이터셋 WORK.BY_ATTACK.에서 읽었습니다.
NOTE: FREQ 프로시저가 361 페이지를 인쇄했습니다.
NOTE: 프로시저 FREQ 실행 (총 프로세스 시간):
      실행 시간           0.01 초
      cpu 시간            0.01 초
      

50                                                         SAS 시스템      2026년  9월 18일 금요일 오전 02시 10분 54초

1339  +
1340  +/* 어떤 BY 그룹에 성공값 1이 전혀 없어도 Clopper-Pearson 구간을 계산한다. */
1341  +proc sql;
1342  +    create table work.attack_detection as
1343  +    select attack_type, count(*) as n,
1344  +           sum(hit_text) as hits_text,
1345  +           sum(hit_kcbert) as hits_kcbert
1346  +    from work.by_attack
1347  +    group by attack_type;
NOTE: Table WORK.ATTACK_DETECTION created, with 5 rows and 4 columns.

1348  +quit;
NOTE: 프로시저 SQL 실행 (총 프로세스 시간):
      실행 시간           0.00 초
      cpu 시간            0.00 초
      

1349  +
1350  +data work.attack_detection_ci;
1351  +    set work.attack_detection;
1352  +    array hits[2] hits_text hits_kcbert;
1353  +    length model $20;
1354  +    do model_index=1 to 2;
1355  +        if model_index=1 then model='문자 n-gram';
1356  +        else model='KcBERT';
1357  +        detected=hits[model_index];
1358  +        detection_rate=detected/n;
1359  +        if detected=0 then lower_95=0;
1360  +        else lower_95=quantile('BETA',0.025,detected,n-detected+1);
1361  +        if detected=n then upper_95=1;
1362  +        else upper_95=quantile('BETA',0.975,detected+1,n-detected);
1363  +        output;
1364  +    end;
1365  +    keep attack_type model n detected detection_rate lower_95 upper_95;
1366  +    format detection_rate lower_95 upper_95 percent8.2;
1367  +run;

NOTE: 5개의 관측값을 데이터셋 WORK.ATTACK_DETECTION.에서 읽었습니다.
NOTE: 데이터셋 WORK.ATTACK_DETECTION_CI에 10개의 관측값과 7개의 변수가 있습니다.
NOTE: DATA 문장 실행 (총 프로세스 시간):
      실행 시간           0.00 초
      cpu 시간            0.00 초
      

1368  +
1369  +title "공격 유형별 탐지율과 Clopper-Pearson exact 95% 신뢰구간";
1370  +proc print data=work.attack_detection_ci noobs;
1371  +run;

NOTE: 10개의 관측값을 데이터셋 WORK.ATTACK_DETECTION_CI.에서 읽었습니다.
NOTE: W.D 출력형식이 너무 작아 인쇄할 수 없습니다. 소수점 이하는 "BEST" 출력형식으로 이동됩니다.
NOTE: PRINT 프로시저가 362 페이지를 인쇄했습니다.
NOTE: 프로시저 PRINT 실행 (총 프로세스 시간):
      실행 시간           0.01 초
      cpu 시간            0.01 초
      

1372  +
51                                                         SAS 시스템      2026년  9월 18일 금요일 오전 02시 10분 54초

1373  +/*
1374  +  결과 읽는 법
1375  +
1376  +  유형당 표본이 3~25건이라 신뢰구간이 매우 넓다. 이것이 이 표의 핵심 메시지다.
1377  +  "메신저피싱 100%"는 14건 중 14건이라는 뜻이고 exact 하한은 76.8%다.
1378  +  발표에서는 점추정 대신 하한을 말한다.
1379  +
1380  +  수사·사법기관 사칭은 테스트에 0건이라 표에 아예 나타나지 않는다. 이 공백이
1381  +  다음 데이터 수집의 1순위다.
1382  +*/
1383  +
1384  +title;
NOTE: %INCLUDE(레벨 1)를 종료 중입니다.

NOTE: 데이터셋 WORK._TMP_STATUS에 1개의 관측값과 6개의 변수가 있습니다.
NOTE: DATA 문장 실행 (총 프로세스 시간):
      실행 시간           0.00 초
      cpu 시간            0.01 초
      


NOTE: WORK._TMP_STATUS을(를) WORK.SCAMLENS_MASTER_RUN_STATUS에 추가하는 중입니다.
NOTE: 1개의 관측값을 데이터셋 WORK._TMP_STATUS.에서 읽었습니다.
NOTE: 1개 관측값이 추가되었습니다.
NOTE: 데이터셋 WORK.SCAMLENS_MASTER_RUN_STATUS에 5개의 관측값과 6개의 변수가 있습니다.
NOTE: 프로시저 APPEND 실행 (총 프로세스 시간):
      실행 시간           0.00 초
      cpu 시간            0.00 초
      

NOTE:
NOTE: =========================================================================
NOTE: >>> [Step 6] 베이스라인 종합 시각화 (05_visuals.sas)
NOTE: =========================================================================
NOTE: %INCLUDE(레벨 1) 파일 /home/student/github/sas/05_visuals.sas은(는) 파일 
      /home/student/github/sas/05_visuals.sas입니다.
1385  +/*---------------------------------------------------------------------------
1386  +  ScamLens 05 — 결과 시각화 (PROC SGPLOT)
1387  +
1388  +  보고서·발표용 그림을 만든다. 대시보드를 SAS Visual Analytics로 대체할 경우
1389  +  같은 테이블(work.test_scored)을 VA 데이터 소스로 올려 쓰면 된다.
1390  +
1391  +  ★ 안전 원칙 ★
1392  +  어떤 그림에도 URL을 클릭 가능한 형태로 노출하지 않는다. 원문 메시지도
1393  +  출력하지 않는다. 이 프로그램은 집계값과 확률만 다룬다.
1394  +---------------------------------------------------------------------------*/
1395  +
1396  +/* 선행 조건: 01(work.scores, &text_threshold.). 메타 곡선은 02 성공 시에만 추가. */
1397  +%macro require_prereqs;
1398  +    %local missing;
1399  +    %if not %sysfunc(exist(work.scores)) %then %let missing=work.scores;
1400  +    %if not %symexist(text_threshold) %then %let missing=&missing. macro:text_threshold;
1401  +    %if %length(&missing.) %then %do;
1402  +        %put ERROR: 선행 산출물이 없습니다: &missing.;
1403  +        %put ERROR- 01_load_and_audit.sas를 먼저 실행하십시오.;
1404  +        %abort cancel;
1405  +    %end;
1406  +%mend;
52                                                         SAS 시스템      2026년  9월 18일 금요일 오전 02시 10분 54초

1407  +%require_prereqs;
1408  +
1409  +ods graphics on / width=900px height=600px;
1410  +
1411  +/*--- 1. URL 유무별 오탐률 ------------------------------------------------
1412  +  프로젝트의 핵심 발견을 한 장으로 보여주는 그림이다.
1413  +-------------------------------------------------------------------------*/
1414  +proc sql;
1415  +    create table work.fpr_by_url as
1416  +    select case when has_url = 1 then 'URL 있음' else 'URL 없음' end as url_group,
1417  +           sum(case when text_probability >= &text_threshold. then 1 else 0 end)
1418  +               / count(*) as fpr format=percent8.2,
1419  +           count(*) as normal_rows
1420  +    from work.scores
1421  +    where split = 'test' and target = 0
1422  +    group by calculated url_group;
NOTE: Table WORK.FPR_BY_URL created, with 2 rows and 3 columns.

1423  +quit;
NOTE: 프로시저 SQL 실행 (총 프로세스 시간):
      실행 시간           0.00 초
      cpu 시간            0.01 초
      

1424  +
1425  +title "URL 유무별 정상 문자 오탐률";
1426  +proc sgplot data=work.fpr_by_url;
1427  +    vbar url_group / response=fpr datalabel;
1428  +    yaxis label="False Positive Rate" valuesformat=percent8.1;
1429  +    xaxis label="정상 문자 구간";
1430  +run;

NOTE: 프로시저 SGPLOT 실행 (총 프로세스 시간):
      실행 시간           0.11 초
      cpu 시간            0.07 초
      
NOTE: 이미지 출력 리스팅이 
      /opt/sas/viya/config/var/tmp/compsrv/default/04ee8070-d54a-4535-b462-e3946f5f09eb/SAS_work5D21000001EB_sas-compute-server-2b47
      3bef-58e9-4c87-8086-f8861afdcf8a-85/SGPlot17.png에 작성되었습니다.
NOTE: 2개의 관측값을 데이터셋 WORK.FPR_BY_URL.에서 읽었습니다.

1431  +
1432  +/*--- 2. URL 유무별 미탐률 ------------------------------------------------*/
1433  +proc sql;
1434  +    create table work.fnr_by_url as
1435  +    select case when has_url = 1 then 'URL 있음' else 'URL 없음' end as url_group,
1436  +           sum(case when text_probability < &text_threshold. then 1 else 0 end)
1437  +               / count(*) as fnr format=percent8.2,
1438  +           count(*) as malicious_rows
1439  +    from work.scores
1440  +    where split = 'test' and target = 1
1441  +    group by calculated url_group;
NOTE: Table WORK.FNR_BY_URL created, with 2 rows and 3 columns.

1442  +quit;
NOTE: 프로시저 SQL 실행 (총 프로세스 시간):
      실행 시간           0.00 초
      cpu 시간            0.01 초
53                                                         SAS 시스템      2026년  9월 18일 금요일 오전 02시 10분 54초

      

1443  +
1444  +title "URL 유무별 악성 문자 미탐률";
1445  +proc sgplot data=work.fnr_by_url;
1446  +    vbar url_group / response=fnr datalabel;
1447  +    yaxis label="False Negative Rate" valuesformat=percent8.1;
1448  +    xaxis label="악성 문자 구간";
1449  +run;

NOTE: 프로시저 SGPLOT 실행 (총 프로세스 시간):
      실행 시간           0.10 초
      cpu 시간            0.07 초
      
NOTE: 이미지 출력 리스팅이 
      /opt/sas/viya/config/var/tmp/compsrv/default/04ee8070-d54a-4535-b462-e3946f5f09eb/SAS_work5D21000001EB_sas-compute-server-2b47
      3bef-58e9-4c87-8086-f8861afdcf8a-85/SGPlot18.png에 작성되었습니다.
NOTE: 2개의 관측값을 데이터셋 WORK.FNR_BY_URL.에서 읽었습니다.

1450  +
1451  +/*--- 3. 확률 분포 --------------------------------------------------------
1452  +  정상과 악성의 예측확률이 임계값을 기준으로 어떻게 겹치는지 본다.
1453  +-------------------------------------------------------------------------*/
1454  +data work.dist;
1455  +    set work.scores;
1456  +    where split = 'test';
1457  +    length label_kr $8;
1458  +    if target = 1 then label_kr = '악성';
1459  +    else               label_kr = '정상';
1460  +run;

NOTE: 2317개의 관측값을 데이터셋 WORK.SCORES.에서 읽었습니다.
      WHERE split='test';
NOTE: 데이터셋 WORK.DIST에 2317개의 관측값과 23개의 변수가 있습니다.
NOTE: DATA 문장 실행 (총 프로세스 시간):
      실행 시간           0.00 초
      cpu 시간            0.00 초
      

1461  +
1462  +title "예측확률 분포와 임계값";
1463  +proc sgplot data=work.dist;
1464  +    histogram text_probability / group=label_kr transparency=0.4 binwidth=0.02;
1465  +    refline &text_threshold. / axis=x lineattrs=(pattern=dash thickness=2)
1466  +            label="임계값 &text_threshold." labelloc=inside;
1467  +    xaxis label="문자 모델 예측확률";
1468  +    yaxis label="비율";
1469  +run;

NOTE: 프로시저 SGPLOT 실행 (총 프로세스 시간):
      실행 시간           0.13 초
      cpu 시간            0.09 초
      
NOTE: 이미지 출력 리스팅이 
      /opt/sas/viya/config/var/tmp/compsrv/default/04ee8070-d54a-4535-b462-e3946f5f09eb/SAS_work5D21000001EB_sas-compute-server-2b47
      3bef-58e9-4c87-8086-f8861afdcf8a-85/SGPlot19.png에 작성되었습니다.
NOTE: 2317개의 관측값을 데이터셋 WORK.DIST.에서 읽었습니다.

54                                                         SAS 시스템      2026년  9월 18일 금요일 오전 02시 10분 54초

1470  +
1471  +/*--- 4. ROC 곡선 비교 ----------------------------------------------------
1472  +  03 프로그램의 ROCCONTRAST가 그림도 함께 만들지만, 발표용으로 세 모델을
1473  +  한 축에 겹쳐 그린다.
1474  +-------------------------------------------------------------------------*/
1475  +data work.visual_roc;
1476  +    set work.scores;
1477  +    where split='test';
1478  +    fixed_fusion=fixed_fusion_probability;
1479  +run;

NOTE: 2317개의 관측값을 데이터셋 WORK.SCORES.에서 읽었습니다.
      WHERE split='test';
NOTE: 데이터셋 WORK.VISUAL_ROC에 2317개의 관측값과 23개의 변수가 있습니다.
NOTE: DATA 문장 실행 (총 프로세스 시간):
      실행 시간           0.00 초
      cpu 시간            0.00 초
      

1480  +%global include_visual_meta;
1481  +%let include_visual_meta=0;
1482  +%macro add_visual_meta;
1483  +    %if %symexist(sas_meta_fit_completed) %then %do;
1484  +        %if &sas_meta_fit_completed.=1 and %sysfunc(exist(work.test_scored)) %then %do;
1485  +            proc sql;
1486  +                create table work.visual_roc_joined as
1487  +                select a.*, b.meta_probability
1488  +                from work.visual_roc as a left join work.test_scored as b
1489  +                on a.message_id=b.message_id;
1490  +            quit;
1491  +            data work.visual_roc; set work.visual_roc_joined; run;
1492  +            %let include_visual_meta=1;
1493  +        %end;
1494  +    %end;
1495  +%mend;
1496  +%add_visual_meta;
NOTE: Table WORK.VISUAL_ROC_JOINED created, with 2317 rows and 24 columns.

NOTE: 프로시저 SQL 실행 (총 프로세스 시간):
      실행 시간           0.00 초
      cpu 시간            0.00 초
      


NOTE: 2317개의 관측값을 데이터셋 WORK.VISUAL_ROC_JOINED.에서 읽었습니다.
NOTE: 데이터셋 WORK.VISUAL_ROC에 2317개의 관측값과 24개의 변수가 있습니다.
NOTE: DATA 문장 실행 (총 프로세스 시간):
      실행 시간           0.00 초
      cpu 시간            0.00 초
      

1497  +%macro optional_meta_curve;
1498  +    %if &include_visual_meta.=1 %then %do;
1499  +            roc 'SAS OOF 메타' pred=meta_probability;
1500  +    %end;
1501  +%mend;
1502  +title "ROC 곡선 — 기존 평가 점수 비교";
1503  +proc logistic data=work.visual_roc plots(only)=roc;
55                                                         SAS 시스템      2026년  9월 18일 금요일 오전 02시 10분 54초

1504  +    model target(event='1') = / nofit;
1505  +    roc '문자 단독'     pred = text_probability;
1506  +    roc '고정가중 결합' pred = fixed_fusion;
1507  +    %optional_meta_curve;
1508  +run;

NOTE: No explanatory variables have been specified.
NOTE: The NOFIT option is specified.  No parameters are estimated and all other MODEL statement options (except EQUALSLOPES, FIRTH, 
      LINK=, NOINT, OFFSET=, TECHNIQUE=, and UNEQUALSLOPES) are ignored.
NOTE: PROC LOGISTIC is modeling the probability that target='1'.
NOTE: 2317개의 관측값을 데이터셋 WORK.VISUAL_ROC.에서 읽었습니다.
NOTE: LOGISTIC 프로시저가 363-364 페이지를 인쇄했습니다.
NOTE: 프로시저 LOGISTIC 실행 (총 프로세스 시간):
      실행 시간           1.44 초
      cpu 시간            0.92 초
      

1509  +
1510  +/*--- 5. 난독화 강건성 ----------------------------------------------------
1511  +  scripts/export_sas_support.py가 robustness_evaluation.json에서 생성한다.
1512  +  수기 숫자를 넣지 않으며 전처리 전후를 별도 패널로 보인다.
1513  +-------------------------------------------------------------------------*/
1514  +proc import datafile="&projroot./data/processed/sas/sas_robustness.csv"
1515  +    out=work.robustness dbms=csv replace;
1516  +    guessingrows=max;
1517  +run;

NOTE: Unable to open parameter catalog: SASUSER.PARMS.PARMS.SLIST in update mode. Temporary parameter values will be saved to 
WORK.PARMS.PARMS.SLIST.
1518    /**********************************************************************
1519    *   PRODUCT:   SAS
1520    *   VERSION:   V.04.00
1521    *   CREATOR:   External File Interface
1522    *   DATE:      18SEP26
1523    *   DESC:      Generated SAS Datastep Code
1524    *   TEMPLATE SOURCE:  (None Specified.)
1525    ***********************************************************************/
1526       data WORK.ROBUSTNESS    ;
1527       %let _EFIERR_ = 0; /* set the ERROR detection macro variable */
1528       infile '/home/student/github/data/processed/sas/sas_robustness.csv' delimiter = ',' MISSOVER DSD lrecl=32767 firstobs=2 ;
1529          informat model $25. ;
1530          informat variant $18. ;
1531          informat stage $20. ;
1532          informat recall best32. ;
1533          format model $25. ;
1534          format variant $18. ;
1535          format stage $20. ;
1536          format recall best12. ;
1537       input
1538                   model  $
1539                   variant  $
1540                   stage  $
1541                   recall
1542       ;
1543       if _ERROR_ then call symputx('_EFIERR_',1);  /* set ERROR detection macro variable */
1544       run;

NOTE: 입력파일 '/home/student/github/data/processed/sas/sas_robustness.csv':
56                                                         SAS 시스템      2026년  9월 18일 금요일 오전 02시 10분 56초

      파일 이름=/home/student/github/data/processed/sas/sas_robustness.csv,
      소유자 이름=UNKNOWN,그룹 이름=UNKNOWN,
      액세스 권한=-rw-r--r--,
      마지막 수정일=2026년 09월 15일 22시31분25초,
      파일 크기(바이트)=1554

NOTE: 24개의 레코드를 입력파일 '/home/student/github/data/processed/sas/sas_robustness.csv'에서 읽었습니다.
      최소 레코드 길이는 51입니다.
      최대 레코드 길이는 73입니다.
NOTE: 데이터셋 WORK.ROBUSTNESS에 24개의 관측값과 4개의 변수가 있습니다.
NOTE: DATA 문장 실행 (총 프로세스 시간):
      실행 시간           0.00 초
      cpu 시간            0.00 초
      

24 rows created in WORK.ROBUSTNESS from /home/student/github/data/processed/sas/sas_robustness.csv.
  
  
  
NOTE: WORK.ROBUSTNESS 데이터셋을 성공적으로 생성했습니다.
NOTE: 데이터셋 WORK.ROBUSTNESS에 24개의 관측값과 4개의 변수가 있습니다.
NOTE: 프로시저 IMPORT 실행 (총 프로세스 시간):
      실행 시간           0.06 초
      cpu 시간            0.05 초
      

1545  +title "난독화 변형별 악성 Recall — 저장된 Python 평가";
1546  +proc sgpanel data=work.robustness;
1547  +    panelby stage / columns=1;
1548  +    vbar variant / response=recall group=model groupdisplay=cluster;
1549  +    rowaxis label="Recall" values=(0 to 1 by 0.1);
1550  +    colaxis label="변형";
1551  +run;

NOTE: 프로시저 SGPANEL 실행 (총 프로세스 시간):
      실행 시간           0.19 초
      cpu 시간            0.08 초
      
NOTE: 이미지 출력 리스팅이 
      /opt/sas/viya/config/var/tmp/compsrv/default/04ee8070-d54a-4535-b462-e3946f5f09eb/SAS_work5D21000001EB_sas-compute-server-2b47
      3bef-58e9-4c87-8086-f8861afdcf8a-85/SGPanel4.png에 작성되었습니다.
NOTE: 24개의 관측값을 데이터셋 WORK.ROBUSTNESS.에서 읽었습니다.

1552  +
1553  +title;
1554  +ods graphics off;
NOTE: %INCLUDE(레벨 1)를 종료 중입니다.

NOTE: 데이터셋 WORK._TMP_STATUS에 1개의 관측값과 6개의 변수가 있습니다.
NOTE: DATA 문장 실행 (총 프로세스 시간):
      실행 시간           0.00 초
      cpu 시간            0.00 초
      


NOTE: WORK._TMP_STATUS을(를) WORK.SCAMLENS_MASTER_RUN_STATUS에 추가하는 중입니다.
NOTE: 1개의 관측값을 데이터셋 WORK._TMP_STATUS.에서 읽었습니다.
NOTE: 1개 관측값이 추가되었습니다.
57                                                         SAS 시스템      2026년  9월 18일 금요일 오전 02시 10분 56초

NOTE: 데이터셋 WORK.SCAMLENS_MASTER_RUN_STATUS에 6개의 관측값과 6개의 변수가 있습니다.
NOTE: 프로시저 APPEND 실행 (총 프로세스 시간):
      실행 시간           0.00 초
      cpu 시간            0.00 초
      

NOTE:
NOTE: =========================================================================
NOTE: >>> [Step 7] FAGE 공정성 및 신뢰성 게이트 (08_fage_gate.sas)
NOTE: =========================================================================
NOTE: %INCLUDE(레벨 1) 파일 /home/student/github/sas/08_fage_gate.sas은(는) 파일 
      /home/student/github/sas/08_fage_gate.sas입니다.
1555  +/*---------------------------------------------------------------------------
1556  +  ScamLens 08 — 실패조건 게이트 (PROC LOGISTIC)
1557  +
1558  +  Python `scripts/run_fage_20260911.py`가 만든 본문 없는 개발 행을 읽는다.
1559  +  원래 train의 fold 0 보정·결과 확인만 들어 있다. 원래 validation/test를
1560  +  넣지 않는다. 시드를 한 모형에 섞지 않는다.
1561  +
1562  +  시드마다 게이트를 보정 행에서만 적합하고, 기존 선형 A/B/C와 단어·KcBERT는
1563  +  저장 확률에 같은 오탐 상한으로 임계값만 고른다.
1564  +
1565  +    lr_a / lr_b / lr_c : 안정성 실험 저장 확률
1566  +    word / kcbert      : 이미 만든 전문가 확률
1567  +    stacking           : 전문가 확률 스태킹, 무가중
1568  +    fage               : 실패조건 게이트, 무가중
1569  +    fage_a             : 같은 실패조건 특징, A형 클래스 균형 WEIGHT
1570  +    fage_c             : 같은 실패조건 특징, C형 URL 없는 악성 상대 가중 2 WEIGHT
1571  +
1572  +  임계값은 보정 전체 정상 오탐률 1% 이하에서 전체 악성 탐지를 최대화한다.
1573  +  동률이면 오탐이 적고 임계값이 높은 쪽. 후보는 0부터 1까지 0.001 격자와
1574  +  전원 음판(1.0001)이다. Python은 고유 점수를 쓰므로 임계값 숫자까지
1575  +  일치한다고 보지 않는다.
1576  +
1577  +  무가중 FAGE는 그대로 두고, A형·C형 WEIGHT는 같은 보정 행에서 따로 적합한다.
1578  +  Python FAGE는 규제와 C형 표본 가중을 쓰므로 계수와 같아야 한다고 강제하지 않는다.
1579  +  Wald CI는 교차적합의 공유 모형 불확실성 전체를 반영하지 않는다.
1580  +
1581  +  독립 실행. 01의 work.scores를 요구하지 않는다.
1582  +  선행: data/processed/sas/sas_fage_abc_rows.csv
1583  +---------------------------------------------------------------------------*/
1584  +
1585  +%let projroot = /home/student/github;
1586  +%let sasdata  = &projroot./data/processed/sas;
1587  +%let fpr_ceiling = 0.01;
1588  +%let seed_list = 42 101 202 303 404;
1589  +
1590  +proc options option=encoding value; run;

    SAS (r) Proprietary Software Release V.04.00  TS1M0

SAS 옵션 ENCODING에 대한 옵션값 정보
    값: UTF8
    범위: SAS Session
    옵션값 설정 방법: Config File
    Config 파일명:
            /config/saslocale.cfg

58                                                         SAS 시스템      2026년  9월 18일 금요일 오전 02시 10분 56초

NOTE: 프로시저 OPTIONS 실행 (총 프로세스 시간):
      실행 시간           0.00 초
      cpu 시간            0.00 초
      

1591  +%macro assert_utf8;
1592  +    %local enc;
1593  +    %let enc=%upcase(%sysfunc(getoption(encoding)));
1594  +    %if "&enc" ne "UTF8" and "&enc" ne "UTF-8" %then %do;
1595  +        %put ERROR: 세션 인코딩이 UTF-8이 아닙니다 (&enc).;
1596  +        %put ERROR- SAS Viya 세션을 UTF-8로 다시 시작한 뒤 실행하십시오.;
1597  +        %abort cancel;
1598  +    %end;
1599  +%mend;
1600  +%assert_utf8;
1601  +
1602  +/* PROC IMPORT는 role을 $21로 자를 수 있다. threshold_calibration은 22글자다.
1603  +   길이·인코딩을 고정한 DATA 단계로 읽는다. */
1604  +data work.fage;
1605  +    infile "&sasdata./sas_fage_abc_rows.csv"
1606  +           dsd dlm=',' firstobs=2 truncover encoding='utf-8' lrecl=32767;
1607  +    length message_id $40 role $32 similarity_group_id $40 label $12
1608  +           seed fold target has_url p_kcbert_missing p_url_missing 8
1609  +           p_lr_a p_lr_b p_lr_c p_word p_kcbert_filled p_url_filled
1610  +           similarity_to_train model_disagreement uncertainty 8;
1611  +    input message_id $ seed fold role $ similarity_group_id $ label $
1612  +          target has_url p_lr_a p_lr_b p_lr_c p_word p_kcbert_filled
1613  +          p_kcbert_missing p_url_filled p_url_missing similarity_to_train
1614  +          model_disagreement uncertainty;
1615  +run;

NOTE: 입력파일 "/home/student/github/data/processed/sas/sas_fage_abc_rows.csv":
      파일 이름=/home/student/github/data/processed/sas/sas_fage_abc_rows.csv,
      소유자 이름=UNKNOWN,그룹 이름=UNKNOWN,
      액세스 권한=-rw-r--r--,
      마지막 수정일=2026년 09월 15일 22시31분24초,
      파일 크기(바이트)=5156106

NOTE: 20464개의 레코드를 입력파일 "/home/student/github/data/processed/sas/sas_fage_abc_rows.csv"에서 읽었습니다.
      최소 레코드 길이는 235입니다.
      최대 레코드 길이는 265입니다.
NOTE: 데이터셋 WORK.FAGE에 20464개의 관측값과 19개의 변수가 있습니다.
NOTE: DATA 문장 실행 (총 프로세스 시간):
      실행 시간           0.03 초
      cpu 시간            0.03 초
      

1616  +
1617  +%macro assert_fage_input;
1618  +    %local rows unique_keys bad_rows cal_rows read_rows seeds min_role min_id;
1619  +    proc sql noprint;
1620  +        select count(*) into :rows trimmed from work.fage;
1621  +        select count(*) into :unique_keys trimmed
1622  +            from (select distinct seed, role, message_id from work.fage);
1623  +        select count(distinct seed) into :seeds trimmed from work.fage;
1624  +        select count(*) into :bad_rows trimmed from work.fage
1625  +            where missing(message_id) or missing(role) or missing(seed)
1626  +               or fold ne 0
59                                                         SAS 시스템      2026년  9월 18일 금요일 오전 02시 10분 56초

1627  +               or target not in (0,1) or has_url not in (0,1)
1628  +               or role not in ('threshold_calibration', 'development_readout')
1629  +               or p_lr_a < 0 or p_lr_a > 1 or p_lr_b < 0 or p_lr_b > 1
1630  +               or p_lr_c < 0 or p_lr_c > 1
1631  +               or p_word < 0 or p_word > 1
1632  +               or p_kcbert_filled < 0 or p_kcbert_filled > 1
1633  +               or p_url_filled < 0 or p_url_filled > 1
1634  +               or similarity_to_train < 0 or similarity_to_train > 1
1635  +               or model_disagreement < 0 or model_disagreement > 1
1636  +               or uncertainty < 0 or uncertainty > 1
1637  +               or p_kcbert_missing not in (0,1) or p_url_missing not in (0,1)
1638  +               or (has_url=0 and p_url_filled ne 0);
1639  +        select count(*) into :cal_rows trimmed from work.fage
1640  +            where role='threshold_calibration';
1641  +        select count(*) into :read_rows trimmed from work.fage
1642  +            where role='development_readout';
1643  +        select min(lengthn(role)), min(lengthn(message_id))
1644  +            into :min_role trimmed, :min_id trimmed from work.fage;
1645  +    quit;
1646  +    %if &rows=0 or &rows ne &unique_keys or &bad_rows>0
1647  +        or &cal_rows=0 or &read_rows=0 or &seeds ne 5
1648  +        or &min_role < 19 or &min_id < 8 %then %do;
1649  +        %put ERROR: FAGE 입력 무결성 실패. 행=&rows. 키=&unique_keys. 불량=&bad_rows. 시드=&seeds.;
1650  +        %put ERROR- 역할 최소길이=&min_role. ID 최소길이=&min_id. 역할 변수 잘림을 의심하십시오.;
1651  +        %abort cancel;
1652  +    %end;
1653  +%mend;
1654  +%assert_fage_input;
NOTE: 프로시저 SQL 실행 (총 프로세스 시간):
      실행 시간           0.04 초
      cpu 시간            0.05 초
      

1655  +
1656  +data work.fage_thresholds;
1657  +    length seed 8 method $16 threshold 8 recall fpr 8;
1658  +    call missing(seed, method, threshold, recall, fpr);
1659  +    stop;
1660  +run;

NOTE: 데이터셋 WORK.FAGE_THRESHOLDS에 0개의 관측값과 5개의 변수가 있습니다.
NOTE: DATA 문장 실행 (총 프로세스 시간):
      실행 시간           0.00 초
      cpu 시간            0.00 초
      

1661  +data work.fage_readout_scored;
1662  +    length seed fold target has_url model_predicted 8
1663  +           method $16 message_id $40 role $32 similarity_group_id $40 label $12
1664  +           model_probability 8;
1665  +    call missing(seed, fold, target, has_url, model_predicted, method, message_id,
1666  +                 role, similarity_group_id, label, model_probability);
1667  +    stop;
1668  +run;

NOTE: 데이터셋 WORK.FAGE_READOUT_SCORED에 0개의 관측값과 11개의 변수가 있습니다.
NOTE: DATA 문장 실행 (총 프로세스 시간):
      실행 시간           0.00 초
60                                                         SAS 시스템      2026년  9월 18일 금요일 오전 02시 10분 56초

      cpu 시간            0.00 초
      

1669  +
1670  +/* INTO로 만든 매크로 변수는 이 매크로의 지역 심볼 테이블에 들어가서
1671  +   호출 측에서 사라진다. 1행 데이터셋으로만 넘긴다. */
1672  +%macro pick_fpr_threshold(indata, scorevar, outds);
1673  +    %local qualifying;
1674  +    %let qualifying=0;
1675  +    data work.fage_grid;
1676  +        set &indata.;
1677  +        do threshold_index = 0 to 1000;
1678  +            threshold = threshold_index / 1000;
1679  +            predicted = (&scorevar. >= threshold);
1680  +            output;
1681  +        end;
1682  +        threshold = 1.0001;
1683  +        predicted = (&scorevar. >= threshold);
1684  +        output;
1685  +    run;
1686  +    proc sql noprint;
1687  +        create table work.fage_threshold_stats as
1688  +        select threshold,
1689  +               sum(case when target=1 and predicted=1 then 1 else 0 end) as tp,
1690  +               sum(case when target=0 and predicted=1 then 1 else 0 end) as fp,
1691  +               sum(case when target=1 and predicted=0 then 1 else 0 end) as fn,
1692  +               sum(case when target=0 and predicted=0 then 1 else 0 end) as tn
1693  +        from work.fage_grid
1694  +        group by threshold;
1695  +        select count(*) into :qualifying trimmed
1696  +        from work.fage_threshold_stats
1697  +        where (fp + tn) > 0 and fp / (fp + tn) <= &fpr_ceiling.;
1698  +    quit;
1699  +    %if %sysevalf(&qualifying = 0, boolean) %then %do;
1700  +        %put ERROR: 보정에서 정상 오탐률 &fpr_ceiling. 이하 임계값이 없습니다.;
1701  +        %abort cancel;
1702  +    %end;
1703  +    data work.fage_threshold_stats;
1704  +        set work.fage_threshold_stats;
1705  +        recall = tp / max(tp + fn, 1);
1706  +        fpr = fp / max(fp + tn, 1);
1707  +    run;
1708  +    proc sort data=work.fage_threshold_stats;
1709  +        by descending recall fpr descending threshold;
1710  +    run;
1711  +    data &outds;
1712  +        set work.fage_threshold_stats;
1713  +        where fpr <= &fpr_ceiling.;
1714  +        output;
1715  +        stop;
1716  +    run;
1717  +%mend;
1718  +
1719  +%macro score_column(scorevar, method);
1720  +    %local t_col t_col_recall t_col_fpr;
1721  +    %pick_fpr_threshold(work.fage_cal, &scorevar, work.th_&method._&seed);
1722  +    data _null_;
1723  +        set work.th_&method._&seed;
61                                                         SAS 시스템      2026년  9월 18일 금요일 오전 02시 10분 56초

1724  +        call symputx('t_col', threshold, 'l');
1725  +        call symputx('t_col_recall', recall, 'l');
1726  +        call symputx('t_col_fpr', fpr, 'l');
1727  +    run;
1728  +    data work.fage_th_row;
1729  +        length method $16;
1730  +        seed=&seed.; method="&method";
1731  +        threshold=&t_col.; recall=&t_col_recall.; fpr=&t_col_fpr.;
1732  +    run;
1733  +    proc append base=work.fage_thresholds data=work.fage_th_row force; run;
1734  +    data work.read_one;
1735  +        length method $16;
1736  +        set work.fage_read;
1737  +        method="&method";
1738  +        model_probability=&scorevar;
1739  +        model_predicted=(&scorevar >= &t_col.);
1740  +        keep seed fold role message_id similarity_group_id label target has_url
1741  +             method model_probability model_predicted;
1742  +    run;
1743  +    proc append base=work.fage_readout_scored data=work.read_one force; run;
1744  +    %put NOTE: seed=&seed. method=&method. threshold=&t_col.;
1745  +%mend;
1746  +
1747  +%macro fit_weighted_fage(outname, weightvar);
1748  +    ods output ParameterEstimates=work.&outname._pe_&seed
1749  +               FitStatistics=work.&outname._fit_&seed
1750  +               ConvergenceStatus=work.&outname._cv_&seed;
1751  +    proc logistic data=work.fage_cal outmodel=work.&outname._model_&seed;
1752  +        weight &weightvar;
1753  +        model target(event='1') = p_lr_a p_lr_c p_word p_kcbert_filled p_url_filled
1754  +                                  p_url_missing has_url similarity_to_train
1755  +                                  model_disagreement uncertainty
1756  +              / clodds=wald;
1757  +    run;
1758  +    ods output close;
1759  +    data _null_;
1760  +        set work.&outname._cv_&seed;
1761  +        if status ne 0 then do;
1762  +            put "ERROR: &outname PROC LOGISTIC did not converge. seed=&seed.";
1763  +            abort cancel;
1764  +        end;
1765  +    run;
1766  +    proc logistic inmodel=work.&outname._model_&seed;
1767  +        score data=work.fage_cal out=work.&outname._cal_&seed(rename=(P_1=&outname._probability));
1768  +        score data=work.fage_read out=work.&outname._read_&seed(rename=(P_1=&outname._probability));
1769  +    run;
1770  +    %pick_fpr_threshold(work.&outname._cal_&seed, &outname._probability, work.th_&outname._&seed);
1771  +    data _null_;
1772  +        set work.th_&outname._&seed;
1773  +        call symputx('t_w', threshold, 'l');
1774  +        call symputx('t_w_recall', recall, 'l');
1775  +        call symputx('t_w_fpr', fpr, 'l');
1776  +    run;
1777  +    data work.fage_th_row;
1778  +        length method $16;
1779  +        seed=&seed.; method="&outname";
1780  +        threshold=&t_w.; recall=&t_w_recall.; fpr=&t_w_fpr.;
1781  +    run;
62                                                         SAS 시스템      2026년  9월 18일 금요일 오전 02시 10분 56초

1782  +    proc append base=work.fage_thresholds data=work.fage_th_row force; run;
1783  +    data work.read_one;
1784  +        length method $16;
1785  +        set work.&outname._read_&seed;
1786  +        method="&outname";
1787  +        model_probability=&outname._probability;
1788  +        model_predicted=(&outname._probability >= &t_w.);
1789  +        keep seed fold role message_id similarity_group_id label target has_url
1790  +             method model_probability model_predicted;
1791  +    run;
1792  +    proc append base=work.fage_readout_scored data=work.read_one force; run;
1793  +    %put NOTE: seed=&seed. method=&outname. threshold=&t_w.;
1794  +%mend;
1795  +
1796  +%macro fage_one_seed(seed);
1797  +    %local cal_n read_n cal_cls read_cls stack_t stack_t_recall stack_t_fpr
1798  +           fage_t fage_t_recall fage_t_fpr ncal n0 n1 csum0 csum1 t_w t_w_recall t_w_fpr;
1799  +    %let cal_n=0; %let read_n=0; %let cal_cls=0; %let read_cls=0;
1800  +
1801  +    data work.fage_cal work.fage_read;
1802  +        set work.fage;
1803  +        if seed=&seed. then do;
1804  +            if role='threshold_calibration' then output work.fage_cal;
1805  +            else if role='development_readout' then output work.fage_read;
1806  +        end;
1807  +    run;
1808  +
1809  +    proc sql noprint;
1810  +        select count(*) into :cal_n trimmed from work.fage_cal;
1811  +        select count(*) into :read_n trimmed from work.fage_read;
1812  +        select count(distinct target) into :cal_cls trimmed from work.fage_cal;
1813  +        select count(distinct target) into :read_cls trimmed from work.fage_read;
1814  +    quit;
1815  +    %if %sysevalf(&cal_n = 0, boolean) or %sysevalf(&read_n = 0, boolean)
1816  +        or %sysevalf(&cal_cls < 2, boolean) or %sysevalf(&read_cls < 2, boolean)
1817  +    %then %do;
1818  +        %put ERROR: seed &seed. 보정 또는 결과 확인 행이 비었거나 한 클래스만 있습니다.;
1819  +        %abort cancel;
1820  +    %end;
1821  +
1822  +    /* p_kcbert_missing 은 fold 0에서 상수 0이라 모형에서 뺀다.
1823  +       Viya V.04는 OddsRatios ODS를 안 만들 수 있어 계수표만 남긴다. */
1824  +    title "FAGE 스태킹 seed=&seed. — 보정 행만";
1825  +    ods output ParameterEstimates=work.fage_stack_pe_&seed
1826  +               FitStatistics=work.fage_stack_fit_&seed
1827  +               ConvergenceStatus=work.fage_stack_cv_&seed;
1828  +    proc logistic data=work.fage_cal outmodel=work.fage_stack_model_&seed;
1829  +        model target(event='1') = p_lr_a p_lr_c p_word p_kcbert_filled p_url_filled
1830  +                                  p_url_missing
1831  +              / clodds=wald;
1832  +    run;
1833  +    ods output close;
1834  +
1835  +    title "FAGE 실패조건 게이트 seed=&seed. — 보정 행만";
1836  +    ods output ParameterEstimates=work.fage_pe_&seed
1837  +               FitStatistics=work.fage_fit_&seed
1838  +               ConvergenceStatus=work.fage_cv_&seed;
1839  +    proc logistic data=work.fage_cal outmodel=work.fage_model_&seed;
63                                                         SAS 시스템      2026년  9월 18일 금요일 오전 02시 10분 56초

1840  +        model target(event='1') = p_lr_a p_lr_c p_word p_kcbert_filled p_url_filled
1841  +                                  p_url_missing has_url similarity_to_train
1842  +                                  model_disagreement uncertainty
1843  +              / clodds=wald;
1844  +    run;
1845  +    ods output close;
1846  +
1847  +    data _null_;
1848  +        set work.fage_stack_cv_&seed;
1849  +        if status ne 0 then do;
1850  +            put "ERROR: stacking PROC LOGISTIC did not converge. seed=&seed.";
1851  +            abort cancel;
1852  +        end;
1853  +    run;
1854  +    data _null_;
1855  +        set work.fage_cv_&seed;
1856  +        if status ne 0 then do;
1857  +            put "ERROR: FAGE PROC LOGISTIC did not converge. seed=&seed.";
1858  +            abort cancel;
1859  +        end;
1860  +    run;
1861  +
1862  +    proc logistic inmodel=work.fage_stack_model_&seed;
1863  +        score data=work.fage_cal out=work.stack_cal_&seed(rename=(P_1=stacking_probability));
1864  +        score data=work.fage_read out=work.stack_read_&seed(rename=(P_1=stacking_probability));
1865  +    run;
1866  +    proc logistic inmodel=work.fage_model_&seed;
1867  +        score data=work.fage_cal out=work.fage_cal_&seed(rename=(P_1=fage_probability));
1868  +        score data=work.fage_read out=work.fage_read_&seed(rename=(P_1=fage_probability));
1869  +    run;
1870  +
1871  +    %pick_fpr_threshold(work.stack_cal_&seed, stacking_probability, work.th_stack_&seed);
1872  +    data _null_;
1873  +        set work.th_stack_&seed;
1874  +        call symputx('stack_t', threshold, 'l');
1875  +        call symputx('stack_t_recall', recall, 'l');
1876  +        call symputx('stack_t_fpr', fpr, 'l');
1877  +    run;
1878  +    data work.fage_th_row;
1879  +        length method $16;
1880  +        seed=&seed.; method='stacking';
1881  +        threshold=&stack_t.; recall=&stack_t_recall.; fpr=&stack_t_fpr.;
1882  +    run;
1883  +    proc append base=work.fage_thresholds data=work.fage_th_row force; run;
1884  +
1885  +    %pick_fpr_threshold(work.fage_cal_&seed, fage_probability, work.th_fage_&seed);
1886  +    data _null_;
1887  +        set work.th_fage_&seed;
1888  +        call symputx('fage_t', threshold, 'l');
1889  +        call symputx('fage_t_recall', recall, 'l');
1890  +        call symputx('fage_t_fpr', fpr, 'l');
1891  +    run;
1892  +    data work.fage_th_row;
1893  +        length method $16;
1894  +        seed=&seed.; method='fage';
1895  +        threshold=&fage_t.; recall=&fage_t_recall.; fpr=&fage_t_fpr.;
1896  +    run;
1897  +    proc append base=work.fage_thresholds data=work.fage_th_row force; run;
64                                                         SAS 시스템      2026년  9월 18일 금요일 오전 02시 10분 56초

1898  +
1899  +    %put NOTE: seed=&seed. stacking_threshold=&stack_t. fage_threshold=&fage_t.;
1900  +
1901  +    proc sql noprint;
1902  +        select count(*) into :ncal trimmed from work.fage_cal;
1903  +        select sum(target=0), sum(target=1)
1904  +            into :n0 trimmed, :n1 trimmed from work.fage_cal;
1905  +    quit;
1906  +    data work.fage_cal;
1907  +        set work.fage_cal;
1908  +        w_a = (target=0)*(&ncal/2/&n0) + (target=1)*(&ncal/2/&n1);
1909  +        raw_c = 1;
1910  +        if target=1 and has_url=0 then raw_c=2;
1911  +    run;
1912  +    proc sql noprint;
1913  +        select sum(raw_c*(target=0)), sum(raw_c*(target=1))
1914  +            into :csum0 trimmed, :csum1 trimmed from work.fage_cal;
1915  +    quit;
1916  +    data work.fage_cal;
1917  +        set work.fage_cal;
1918  +        w_c = raw_c * ((target=0)*(&ncal/2/&csum0) + (target=1)*(&ncal/2/&csum1));
1919  +    run;
1920  +
1921  +    title "FAGE A형 균형 가중 seed=&seed. — 보정 행만";
1922  +    %fit_weighted_fage(fage_a, w_a);
1923  +    title "FAGE C형 URL 없는 악성 가중 seed=&seed. — 보정 행만";
1924  +    %fit_weighted_fage(fage_c, w_c);
1925  +
1926  +    %score_column(p_lr_a, lr_a);
1927  +    %score_column(p_lr_b, lr_b);
1928  +    %score_column(p_lr_c, lr_c);
1929  +    %score_column(p_word, word);
1930  +    %score_column(p_kcbert_filled, kcbert);
1931  +
1932  +    data work.read_scored;
1933  +        length method $16;
1934  +        set work.stack_read_&seed(in=in_stack) work.fage_read_&seed(in=in_fage);
1935  +        if in_stack then do;
1936  +            method='stacking';
1937  +            model_probability=stacking_probability;
1938  +            model_predicted=(stacking_probability >= &stack_t.);
1939  +        end;
1940  +        else do;
1941  +            method='fage';
1942  +            model_probability=fage_probability;
1943  +            model_predicted=(fage_probability >= &fage_t.);
1944  +        end;
1945  +        keep seed fold role message_id similarity_group_id label target has_url
1946  +             method model_probability model_predicted;
1947  +    run;
1948  +    proc append base=work.fage_readout_scored data=work.read_scored force; run;
1949  +
1950  +    title "seed=&seed. 결과 확인 혼동행렬 — 스태킹";
1951  +    proc freq data=work.read_scored;
1952  +        where method='stacking';
1953  +        tables target*model_predicted / nocol norow nopercent;
1954  +    run;
1955  +    title "seed=&seed. 결과 확인 혼동행렬 — FAGE";
65                                                         SAS 시스템      2026년  9월 18일 금요일 오전 02시 10분 56초

1956  +    proc freq data=work.read_scored;
1957  +        where method='fage';
1958  +        tables target*model_predicted / nocol norow nopercent;
1959  +    run;
1960  +    title "seed=&seed. URL 유무별 결과 확인 — FAGE";
1961  +    proc freq data=work.read_scored;
1962  +        where method='fage';
1963  +        tables has_url*target*model_predicted / nocol norow nopercent;
1964  +    run;
1965  +%mend;
1966  +
1967  +%macro fage_all_seeds;
1968  +    %local i seed;
1969  +    %do i=1 %to 5;
1970  +        %let seed=%scan(&seed_list., &i);
1971  +        %fage_one_seed(&seed);
1972  +    %end;
1973  +%mend;
1974  +%fage_all_seeds;

NOTE: 20464개의 관측값을 데이터셋 WORK.FAGE.에서 읽었습니다.
NOTE: 데이터셋 WORK.FAGE_CAL에 2230개의 관측값과 19개의 변수가 있습니다.
NOTE: 데이터셋 WORK.FAGE_READ에 1884개의 관측값과 19개의 변수가 있습니다.
NOTE: DATA 문장 실행 (총 프로세스 시간):
      실행 시간           0.00 초
      cpu 시간            0.00 초
      

NOTE: 프로시저 SQL 실행 (총 프로세스 시간):
      실행 시간           0.00 초
      cpu 시간            0.01 초
      


NOTE: PROC LOGISTIC is modeling the probability that target=1.
NOTE: Convergence criterion (GCONV=1E-8) satisfied.
NOTE: 데이터셋 WORK.FAGE_STACK_CV_42에 1개의 관측값과 3개의 변수가 있습니다.
NOTE: 데이터셋 WORK.FAGE_STACK_FIT_42에 3개의 관측값과 4개의 변수가 있습니다.
NOTE: 데이터셋 WORK.FAGE_STACK_PE_42에 7개의 관측값과 7개의 변수가 있습니다.
NOTE: 2230개의 관측값을 데이터셋 WORK.FAGE_CAL.에서 읽었습니다.
NOTE: 데이터셋 WORK.FAGE_STACK_MODEL_42에 55개의 관측값과 6개의 변수가 있습니다.
NOTE: LOGISTIC 프로시저가 365-366 페이지를 인쇄했습니다.
NOTE: 프로시저 LOGISTIC 실행 (총 프로세스 시간):
      실행 시간           0.06 초
      cpu 시간            0.06 초
      


NOTE: PROC LOGISTIC is modeling the probability that target=1.
NOTE: Convergence criterion (GCONV=1E-8) satisfied.
NOTE: 데이터셋 WORK.FAGE_CV_42에 1개의 관측값과 3개의 변수가 있습니다.
NOTE: 데이터셋 WORK.FAGE_FIT_42에 3개의 관측값과 4개의 변수가 있습니다.
NOTE: 데이터셋 WORK.FAGE_PE_42에 11개의 관측값과 7개의 변수가 있습니다.
NOTE: 2230개의 관측값을 데이터셋 WORK.FAGE_CAL.에서 읽었습니다.
NOTE: 데이터셋 WORK.FAGE_MODEL_42에 105개의 관측값과 6개의 변수가 있습니다.
NOTE: LOGISTIC 프로시저가 367-368 페이지를 인쇄했습니다.
NOTE: 프로시저 LOGISTIC 실행 (총 프로세스 시간):
      실행 시간           0.06 초
66                                                         SAS 시스템      2026년  9월 18일 금요일 오전 02시 10분 56초

      cpu 시간            0.07 초
      


NOTE: 1개의 관측값을 데이터셋 WORK.FAGE_STACK_CV_42.에서 읽었습니다.
NOTE: DATA 문장 실행 (총 프로세스 시간):
      실행 시간           0.00 초
      cpu 시간            0.00 초
      


NOTE: 1개의 관측값을 데이터셋 WORK.FAGE_CV_42.에서 읽었습니다.
NOTE: DATA 문장 실행 (총 프로세스 시간):
      실행 시간           0.00 초
      cpu 시간            0.00 초
      


NOTE: 데이터셋 WORK.STACK_CAL_42에 2230개의 관측값과 23개의 변수가 있습니다.
NOTE: 데이터셋 WORK.STACK_READ_42에 1884개의 관측값과 23개의 변수가 있습니다.
NOTE: 프로시저 LOGISTIC 실행 (총 프로세스 시간):
      실행 시간           0.00 초
      cpu 시간            0.01 초
      


NOTE: 데이터셋 WORK.FAGE_CAL_42에 2230개의 관측값과 23개의 변수가 있습니다.
NOTE: 데이터셋 WORK.FAGE_READ_42에 1884개의 관측값과 23개의 변수가 있습니다.
NOTE: 프로시저 LOGISTIC 실행 (총 프로세스 시간):
      실행 시간           0.00 초
      cpu 시간            0.00 초
      


NOTE: 2230개의 관측값을 데이터셋 WORK.STACK_CAL_42.에서 읽었습니다.
NOTE: 데이터셋 WORK.FAGE_GRID에 2234460개의 관측값과 26개의 변수가 있습니다.
NOTE: DATA 문장 실행 (총 프로세스 시간):
      실행 시간           3.11 초
      cpu 시간            0.59 초
      

NOTE: Table WORK.FAGE_THRESHOLD_STATS created, with 1002 rows and 5 columns.

NOTE: 프로시저 SQL 실행 (총 프로세스 시간):
      실행 시간           0.48 초
      cpu 시간            1.04 초
      


NOTE: 1002개의 관측값을 데이터셋 WORK.FAGE_THRESHOLD_STATS.에서 읽었습니다.
NOTE: 데이터셋 WORK.FAGE_THRESHOLD_STATS에 1002개의 관측값과 7개의 변수가 있습니다.
NOTE: DATA 문장 실행 (총 프로세스 시간):
      실행 시간           0.00 초
      cpu 시간            0.00 초
      


NOTE: 1002개의 관측값을 데이터셋 WORK.FAGE_THRESHOLD_STATS.에서 읽었습니다.
67                                                         SAS 시스템      2026년  9월 18일 금요일 오전 02시 11분 00초

NOTE: 데이터셋 WORK.FAGE_THRESHOLD_STATS에 1002개의 관측값과 7개의 변수가 있습니다.
NOTE: 프로시저 SORT 실행 (총 프로세스 시간):
      실행 시간           0.00 초
      cpu 시간            0.00 초
      


NOTE: 1개의 관측값을 데이터셋 WORK.FAGE_THRESHOLD_STATS.에서 읽었습니다.
      WHERE fpr<=0.01;
NOTE: 데이터셋 WORK.TH_STACK_42에 1개의 관측값과 7개의 변수가 있습니다.
NOTE: DATA 문장 실행 (총 프로세스 시간):
      실행 시간           0.00 초
      cpu 시간            0.00 초
      


NOTE: 1개의 관측값을 데이터셋 WORK.TH_STACK_42.에서 읽었습니다.
NOTE: DATA 문장 실행 (총 프로세스 시간):
      실행 시간           0.00 초
      cpu 시간            0.00 초
      


NOTE: 데이터셋 WORK.FAGE_TH_ROW에 1개의 관측값과 5개의 변수가 있습니다.
NOTE: DATA 문장 실행 (총 프로세스 시간):
      실행 시간           0.00 초
      cpu 시간            0.00 초
      


NOTE: WORK.FAGE_TH_ROW을(를) WORK.FAGE_THRESHOLDS에 추가하는 중입니다.
NOTE: 1개의 관측값을 데이터셋 WORK.FAGE_TH_ROW.에서 읽었습니다.
NOTE: 1개 관측값이 추가되었습니다.
NOTE: 데이터셋 WORK.FAGE_THRESHOLDS에 1개의 관측값과 5개의 변수가 있습니다.
NOTE: 프로시저 APPEND 실행 (총 프로세스 시간):
      실행 시간           0.00 초
      cpu 시간            0.00 초
      


NOTE: 2230개의 관측값을 데이터셋 WORK.FAGE_CAL_42.에서 읽었습니다.
NOTE: 데이터셋 WORK.FAGE_GRID에 2234460개의 관측값과 26개의 변수가 있습니다.
NOTE: DATA 문장 실행 (총 프로세스 시간):
      실행 시간           2.85 초
      cpu 시간            0.63 초
      

NOTE: Table WORK.FAGE_THRESHOLD_STATS created, with 1002 rows and 5 columns.

NOTE: 프로시저 SQL 실행 (총 프로세스 시간):
      실행 시간           0.49 초
      cpu 시간            1.04 초
      


NOTE: 1002개의 관측값을 데이터셋 WORK.FAGE_THRESHOLD_STATS.에서 읽었습니다.
NOTE: 데이터셋 WORK.FAGE_THRESHOLD_STATS에 1002개의 관측값과 7개의 변수가 있습니다.
NOTE: DATA 문장 실행 (총 프로세스 시간):
68                                                         SAS 시스템      2026년  9월 18일 금요일 오전 02시 11분 03초

      실행 시간           0.00 초
      cpu 시간            0.00 초
      


NOTE: 1002개의 관측값을 데이터셋 WORK.FAGE_THRESHOLD_STATS.에서 읽었습니다.
NOTE: 데이터셋 WORK.FAGE_THRESHOLD_STATS에 1002개의 관측값과 7개의 변수가 있습니다.
NOTE: 프로시저 SORT 실행 (총 프로세스 시간):
      실행 시간           0.00 초
      cpu 시간            0.00 초
      


NOTE: 1개의 관측값을 데이터셋 WORK.FAGE_THRESHOLD_STATS.에서 읽었습니다.
      WHERE fpr<=0.01;
NOTE: 데이터셋 WORK.TH_FAGE_42에 1개의 관측값과 7개의 변수가 있습니다.
NOTE: DATA 문장 실행 (총 프로세스 시간):
      실행 시간           0.00 초
      cpu 시간            0.00 초
      


NOTE: 1개의 관측값을 데이터셋 WORK.TH_FAGE_42.에서 읽었습니다.
NOTE: DATA 문장 실행 (총 프로세스 시간):
      실행 시간           0.00 초
      cpu 시간            0.00 초
      


NOTE: 데이터셋 WORK.FAGE_TH_ROW에 1개의 관측값과 5개의 변수가 있습니다.
NOTE: DATA 문장 실행 (총 프로세스 시간):
      실행 시간           0.00 초
      cpu 시간            0.00 초
      


NOTE: WORK.FAGE_TH_ROW을(를) WORK.FAGE_THRESHOLDS에 추가하는 중입니다.
NOTE: 1개의 관측값을 데이터셋 WORK.FAGE_TH_ROW.에서 읽었습니다.
NOTE: 1개 관측값이 추가되었습니다.
NOTE: 데이터셋 WORK.FAGE_THRESHOLDS에 2개의 관측값과 5개의 변수가 있습니다.
NOTE: 프로시저 APPEND 실행 (총 프로세스 시간):
      실행 시간           0.00 초
      cpu 시간            0.00 초
      

NOTE: seed=42 stacking_threshold=0.122 fage_threshold=0.274
NOTE: 프로시저 SQL 실행 (총 프로세스 시간):
      실행 시간           0.00 초
      cpu 시간            0.01 초
      


NOTE: 2230개의 관측값을 데이터셋 WORK.FAGE_CAL.에서 읽었습니다.
NOTE: 데이터셋 WORK.FAGE_CAL에 2230개의 관측값과 21개의 변수가 있습니다.
NOTE: DATA 문장 실행 (총 프로세스 시간):
      실행 시간           0.00 초
      cpu 시간            0.00 초
      
69                                                         SAS 시스템      2026년  9월 18일 금요일 오전 02시 11분 03초


NOTE: 프로시저 SQL 실행 (총 프로세스 시간):
      실행 시간           0.00 초
      cpu 시간            0.00 초
      


NOTE: 2230개의 관측값을 데이터셋 WORK.FAGE_CAL.에서 읽었습니다.
NOTE: 데이터셋 WORK.FAGE_CAL에 2230개의 관측값과 22개의 변수가 있습니다.
NOTE: DATA 문장 실행 (총 프로세스 시간):
      실행 시간           0.00 초
      cpu 시간            0.00 초
      


NOTE: PROC LOGISTIC is modeling the probability that target=1.
NOTE: Convergence criterion (GCONV=1E-8) satisfied.
NOTE: 데이터셋 WORK.FAGE_A_CV_42에 1개의 관측값과 3개의 변수가 있습니다.
NOTE: 데이터셋 WORK.FAGE_A_FIT_42에 3개의 관측값과 4개의 변수가 있습니다.
NOTE: 데이터셋 WORK.FAGE_A_PE_42에 11개의 관측값과 7개의 변수가 있습니다.
NOTE: 2230개의 관측값을 데이터셋 WORK.FAGE_CAL.에서 읽었습니다.
NOTE: 데이터셋 WORK.FAGE_A_MODEL_42에 106개의 관측값과 6개의 변수가 있습니다.
NOTE: LOGISTIC 프로시저가 369-370 페이지를 인쇄했습니다.
NOTE: 프로시저 LOGISTIC 실행 (총 프로세스 시간):
      실행 시간           0.06 초
      cpu 시간            0.06 초
      


NOTE: 1개의 관측값을 데이터셋 WORK.FAGE_A_CV_42.에서 읽었습니다.
NOTE: DATA 문장 실행 (총 프로세스 시간):
      실행 시간           0.00 초
      cpu 시간            0.00 초
      


NOTE: 데이터셋 WORK.FAGE_A_CAL_42에 2230개의 관측값과 26개의 변수가 있습니다.
NOTE: 데이터셋 WORK.FAGE_A_READ_42에 1884개의 관측값과 23개의 변수가 있습니다.
NOTE: 프로시저 LOGISTIC 실행 (총 프로세스 시간):
      실행 시간           0.00 초
      cpu 시간            0.01 초
      


NOTE: 2230개의 관측값을 데이터셋 WORK.FAGE_A_CAL_42.에서 읽었습니다.
NOTE: 데이터셋 WORK.FAGE_GRID에 2234460개의 관측값과 29개의 변수가 있습니다.
NOTE: DATA 문장 실행 (총 프로세스 시간):
      실행 시간           3.51 초
      cpu 시간            0.63 초
      

NOTE: Table WORK.FAGE_THRESHOLD_STATS created, with 1002 rows and 5 columns.

NOTE: 프로시저 SQL 실행 (총 프로세스 시간):
      실행 시간           0.59 초
      cpu 시간            1.20 초
      

70                                                         SAS 시스템      2026년  9월 18일 금요일 오전 02시 11분 07초


NOTE: 1002개의 관측값을 데이터셋 WORK.FAGE_THRESHOLD_STATS.에서 읽었습니다.
NOTE: 데이터셋 WORK.FAGE_THRESHOLD_STATS에 1002개의 관측값과 7개의 변수가 있습니다.
NOTE: DATA 문장 실행 (총 프로세스 시간):
      실행 시간           0.00 초
      cpu 시간            0.00 초
      


NOTE: 1002개의 관측값을 데이터셋 WORK.FAGE_THRESHOLD_STATS.에서 읽었습니다.
NOTE: 데이터셋 WORK.FAGE_THRESHOLD_STATS에 1002개의 관측값과 7개의 변수가 있습니다.
NOTE: 프로시저 SORT 실행 (총 프로세스 시간):
      실행 시간           0.00 초
      cpu 시간            0.01 초
      


NOTE: 1개의 관측값을 데이터셋 WORK.FAGE_THRESHOLD_STATS.에서 읽었습니다.
      WHERE fpr<=0.01;
NOTE: 데이터셋 WORK.TH_FAGE_A_42에 1개의 관측값과 7개의 변수가 있습니다.
NOTE: DATA 문장 실행 (총 프로세스 시간):
      실행 시간           0.00 초
      cpu 시간            0.00 초
      


NOTE: 1개의 관측값을 데이터셋 WORK.TH_FAGE_A_42.에서 읽었습니다.
NOTE: DATA 문장 실행 (총 프로세스 시간):
      실행 시간           0.00 초
      cpu 시간            0.00 초
      


NOTE: 데이터셋 WORK.FAGE_TH_ROW에 1개의 관측값과 5개의 변수가 있습니다.
NOTE: DATA 문장 실행 (총 프로세스 시간):
      실행 시간           0.00 초
      cpu 시간            0.00 초
      


NOTE: WORK.FAGE_TH_ROW을(를) WORK.FAGE_THRESHOLDS에 추가하는 중입니다.
NOTE: 1개의 관측값을 데이터셋 WORK.FAGE_TH_ROW.에서 읽었습니다.
NOTE: 1개 관측값이 추가되었습니다.
NOTE: 데이터셋 WORK.FAGE_THRESHOLDS에 3개의 관측값과 5개의 변수가 있습니다.
NOTE: 프로시저 APPEND 실행 (총 프로세스 시간):
      실행 시간           0.00 초
      cpu 시간            0.00 초
      


NOTE: 1884개의 관측값을 데이터셋 WORK.FAGE_A_READ_42.에서 읽었습니다.
NOTE: 데이터셋 WORK.READ_ONE에 1884개의 관측값과 11개의 변수가 있습니다.
NOTE: DATA 문장 실행 (총 프로세스 시간):
      실행 시간           0.00 초
      cpu 시간            0.00 초
      


71                                                         SAS 시스템      2026년  9월 18일 금요일 오전 02시 11분 07초

NOTE: WORK.READ_ONE을(를) WORK.FAGE_READOUT_SCORED에 추가하는 중입니다.
NOTE: 1884개의 관측값을 데이터셋 WORK.READ_ONE.에서 읽었습니다.
NOTE: 1884개 관측값이 추가되었습니다.
NOTE: 데이터셋 WORK.FAGE_READOUT_SCORED에 1884개의 관측값과 11개의 변수가 있습니다.
NOTE: 프로시저 APPEND 실행 (총 프로세스 시간):
      실행 시간           0.00 초
      cpu 시간            0.01 초
      

NOTE: seed=42 method=fage_a threshold=0.403

NOTE: PROC LOGISTIC is modeling the probability that target=1.
NOTE: Convergence criterion (GCONV=1E-8) satisfied.
NOTE: 데이터셋 WORK.FAGE_C_CV_42에 1개의 관측값과 3개의 변수가 있습니다.
NOTE: 데이터셋 WORK.FAGE_C_FIT_42에 3개의 관측값과 4개의 변수가 있습니다.
NOTE: 데이터셋 WORK.FAGE_C_PE_42에 11개의 관측값과 7개의 변수가 있습니다.
NOTE: 2230개의 관측값을 데이터셋 WORK.FAGE_CAL.에서 읽었습니다.
NOTE: 데이터셋 WORK.FAGE_C_MODEL_42에 106개의 관측값과 6개의 변수가 있습니다.
NOTE: LOGISTIC 프로시저가 371-372 페이지를 인쇄했습니다.
NOTE: 프로시저 LOGISTIC 실행 (총 프로세스 시간):
      실행 시간           0.06 초
      cpu 시간            0.07 초
      


NOTE: 1개의 관측값을 데이터셋 WORK.FAGE_C_CV_42.에서 읽었습니다.
NOTE: DATA 문장 실행 (총 프로세스 시간):
      실행 시간           0.00 초
      cpu 시간            0.00 초
      


NOTE: 데이터셋 WORK.FAGE_C_CAL_42에 2230개의 관측값과 26개의 변수가 있습니다.
NOTE: 데이터셋 WORK.FAGE_C_READ_42에 1884개의 관측값과 23개의 변수가 있습니다.
NOTE: 프로시저 LOGISTIC 실행 (총 프로세스 시간):
      실행 시간           0.00 초
      cpu 시간            0.00 초
      


NOTE: 2230개의 관측값을 데이터셋 WORK.FAGE_C_CAL_42.에서 읽었습니다.
NOTE: 데이터셋 WORK.FAGE_GRID에 2234460개의 관측값과 29개의 변수가 있습니다.
NOTE: DATA 문장 실행 (총 프로세스 시간):
      실행 시간           3.64 초
      cpu 시간            0.64 초
      

NOTE: Table WORK.FAGE_THRESHOLD_STATS created, with 1002 rows and 5 columns.

NOTE: 프로시저 SQL 실행 (총 프로세스 시간):
      실행 시간           0.52 초
      cpu 시간            1.08 초
      


NOTE: 1002개의 관측값을 데이터셋 WORK.FAGE_THRESHOLD_STATS.에서 읽었습니다.
NOTE: 데이터셋 WORK.FAGE_THRESHOLD_STATS에 1002개의 관측값과 7개의 변수가 있습니다.
NOTE: DATA 문장 실행 (총 프로세스 시간):
72                                                         SAS 시스템      2026년  9월 18일 금요일 오전 02시 11분 12초

      실행 시간           0.00 초
      cpu 시간            0.00 초
      


NOTE: 1002개의 관측값을 데이터셋 WORK.FAGE_THRESHOLD_STATS.에서 읽었습니다.
NOTE: 데이터셋 WORK.FAGE_THRESHOLD_STATS에 1002개의 관측값과 7개의 변수가 있습니다.
NOTE: 프로시저 SORT 실행 (총 프로세스 시간):
      실행 시간           0.00 초
      cpu 시간            0.01 초
      


NOTE: 1개의 관측값을 데이터셋 WORK.FAGE_THRESHOLD_STATS.에서 읽었습니다.
      WHERE fpr<=0.01;
NOTE: 데이터셋 WORK.TH_FAGE_C_42에 1개의 관측값과 7개의 변수가 있습니다.
NOTE: DATA 문장 실행 (총 프로세스 시간):
      실행 시간           0.00 초
      cpu 시간            0.00 초
      


NOTE: 1개의 관측값을 데이터셋 WORK.TH_FAGE_C_42.에서 읽었습니다.
NOTE: DATA 문장 실행 (총 프로세스 시간):
      실행 시간           0.00 초
      cpu 시간            0.00 초
      


NOTE: 데이터셋 WORK.FAGE_TH_ROW에 1개의 관측값과 5개의 변수가 있습니다.
NOTE: DATA 문장 실행 (총 프로세스 시간):
      실행 시간           0.00 초
      cpu 시간            0.00 초
      


NOTE: WORK.FAGE_TH_ROW을(를) WORK.FAGE_THRESHOLDS에 추가하는 중입니다.
NOTE: 1개의 관측값을 데이터셋 WORK.FAGE_TH_ROW.에서 읽었습니다.
NOTE: 1개 관측값이 추가되었습니다.
NOTE: 데이터셋 WORK.FAGE_THRESHOLDS에 4개의 관측값과 5개의 변수가 있습니다.
NOTE: 프로시저 APPEND 실행 (총 프로세스 시간):
      실행 시간           0.00 초
      cpu 시간            0.01 초
      


NOTE: 1884개의 관측값을 데이터셋 WORK.FAGE_C_READ_42.에서 읽었습니다.
NOTE: 데이터셋 WORK.READ_ONE에 1884개의 관측값과 11개의 변수가 있습니다.
NOTE: DATA 문장 실행 (총 프로세스 시간):
      실행 시간           0.00 초
      cpu 시간            0.00 초
      


NOTE: WORK.READ_ONE을(를) WORK.FAGE_READOUT_SCORED에 추가하는 중입니다.
NOTE: 1884개의 관측값을 데이터셋 WORK.READ_ONE.에서 읽었습니다.
NOTE: 1884개 관측값이 추가되었습니다.
NOTE: 데이터셋 WORK.FAGE_READOUT_SCORED에 3768개의 관측값과 11개의 변수가 있습니다.
73                                                         SAS 시스템      2026년  9월 18일 금요일 오전 02시 11분 12초

NOTE: 프로시저 APPEND 실행 (총 프로세스 시간):
      실행 시간           0.00 초
      cpu 시간            0.00 초
      

NOTE: seed=42 method=fage_c threshold=0.386

NOTE: 2230개의 관측값을 데이터셋 WORK.FAGE_CAL.에서 읽었습니다.
NOTE: 데이터셋 WORK.FAGE_GRID에 2234460개의 관측값과 25개의 변수가 있습니다.
NOTE: DATA 문장 실행 (총 프로세스 시간):
      실행 시간           2.61 초
      cpu 시간            0.52 초
      

NOTE: Table WORK.FAGE_THRESHOLD_STATS created, with 1002 rows and 5 columns.

NOTE: 프로시저 SQL 실행 (총 프로세스 시간):
      실행 시간           0.51 초
      cpu 시간            1.08 초
      


NOTE: 1002개의 관측값을 데이터셋 WORK.FAGE_THRESHOLD_STATS.에서 읽었습니다.
NOTE: 데이터셋 WORK.FAGE_THRESHOLD_STATS에 1002개의 관측값과 7개의 변수가 있습니다.
NOTE: DATA 문장 실행 (총 프로세스 시간):
      실행 시간           0.00 초
      cpu 시간            0.00 초
      


NOTE: 1002개의 관측값을 데이터셋 WORK.FAGE_THRESHOLD_STATS.에서 읽었습니다.
NOTE: 데이터셋 WORK.FAGE_THRESHOLD_STATS에 1002개의 관측값과 7개의 변수가 있습니다.
NOTE: 프로시저 SORT 실행 (총 프로세스 시간):
      실행 시간           0.00 초
      cpu 시간            0.01 초
      


NOTE: 1개의 관측값을 데이터셋 WORK.FAGE_THRESHOLD_STATS.에서 읽었습니다.
      WHERE fpr<=0.01;
NOTE: 데이터셋 WORK.TH_LR_A_42에 1개의 관측값과 7개의 변수가 있습니다.
NOTE: DATA 문장 실행 (총 프로세스 시간):
      실행 시간           0.00 초
      cpu 시간            0.00 초
      


NOTE: 1개의 관측값을 데이터셋 WORK.TH_LR_A_42.에서 읽었습니다.
NOTE: DATA 문장 실행 (총 프로세스 시간):
      실행 시간           0.00 초
      cpu 시간            0.00 초
      


NOTE: 데이터셋 WORK.FAGE_TH_ROW에 1개의 관측값과 5개의 변수가 있습니다.
NOTE: DATA 문장 실행 (총 프로세스 시간):
      실행 시간           0.00 초
      cpu 시간            0.00 초
74                                                         SAS 시스템      2026년  9월 18일 금요일 오전 02시 11분 15초

      


NOTE: WORK.FAGE_TH_ROW을(를) WORK.FAGE_THRESHOLDS에 추가하는 중입니다.
NOTE: 1개의 관측값을 데이터셋 WORK.FAGE_TH_ROW.에서 읽었습니다.
NOTE: 1개 관측값이 추가되었습니다.
NOTE: 데이터셋 WORK.FAGE_THRESHOLDS에 5개의 관측값과 5개의 변수가 있습니다.
NOTE: 프로시저 APPEND 실행 (총 프로세스 시간):
      실행 시간           0.00 초
      cpu 시간            0.00 초
      


NOTE: 1884개의 관측값을 데이터셋 WORK.FAGE_READ.에서 읽었습니다.
NOTE: 데이터셋 WORK.READ_ONE에 1884개의 관측값과 11개의 변수가 있습니다.
NOTE: DATA 문장 실행 (총 프로세스 시간):
      실행 시간           0.00 초
      cpu 시간            0.01 초
      


NOTE: WORK.READ_ONE을(를) WORK.FAGE_READOUT_SCORED에 추가하는 중입니다.
NOTE: 1884개의 관측값을 데이터셋 WORK.READ_ONE.에서 읽었습니다.
NOTE: 1884개 관측값이 추가되었습니다.
NOTE: 데이터셋 WORK.FAGE_READOUT_SCORED에 5652개의 관측값과 11개의 변수가 있습니다.
NOTE: 프로시저 APPEND 실행 (총 프로세스 시간):
      실행 시간           0.00 초
      cpu 시간            0.00 초
      

NOTE: seed=42 method=lr_a threshold=0.493

NOTE: 2230개의 관측값을 데이터셋 WORK.FAGE_CAL.에서 읽었습니다.
NOTE: 데이터셋 WORK.FAGE_GRID에 2234460개의 관측값과 25개의 변수가 있습니다.
NOTE: DATA 문장 실행 (총 프로세스 시간):
      실행 시간           3.10 초
      cpu 시간            0.54 초
      

NOTE: Table WORK.FAGE_THRESHOLD_STATS created, with 1002 rows and 5 columns.

NOTE: 프로시저 SQL 실행 (총 프로세스 시간):
      실행 시간           0.53 초
      cpu 시간            1.13 초
      


NOTE: 1002개의 관측값을 데이터셋 WORK.FAGE_THRESHOLD_STATS.에서 읽었습니다.
NOTE: 데이터셋 WORK.FAGE_THRESHOLD_STATS에 1002개의 관측값과 7개의 변수가 있습니다.
NOTE: DATA 문장 실행 (총 프로세스 시간):
      실행 시간           0.00 초
      cpu 시간            0.00 초
      


NOTE: 1002개의 관측값을 데이터셋 WORK.FAGE_THRESHOLD_STATS.에서 읽었습니다.
NOTE: 데이터셋 WORK.FAGE_THRESHOLD_STATS에 1002개의 관측값과 7개의 변수가 있습니다.
NOTE: 프로시저 SORT 실행 (총 프로세스 시간):
75                                                         SAS 시스템      2026년  9월 18일 금요일 오전 02시 11분 18초

      실행 시간           0.00 초
      cpu 시간            0.00 초
      


NOTE: 1개의 관측값을 데이터셋 WORK.FAGE_THRESHOLD_STATS.에서 읽었습니다.
      WHERE fpr<=0.01;
NOTE: 데이터셋 WORK.TH_LR_B_42에 1개의 관측값과 7개의 변수가 있습니다.
NOTE: DATA 문장 실행 (총 프로세스 시간):
      실행 시간           0.00 초
      cpu 시간            0.00 초
      


NOTE: 1개의 관측값을 데이터셋 WORK.TH_LR_B_42.에서 읽었습니다.
NOTE: DATA 문장 실행 (총 프로세스 시간):
      실행 시간           0.00 초
      cpu 시간            0.00 초
      


NOTE: 데이터셋 WORK.FAGE_TH_ROW에 1개의 관측값과 5개의 변수가 있습니다.
NOTE: DATA 문장 실행 (총 프로세스 시간):
      실행 시간           0.00 초
      cpu 시간            0.00 초
      


NOTE: WORK.FAGE_TH_ROW을(를) WORK.FAGE_THRESHOLDS에 추가하는 중입니다.
NOTE: 1개의 관측값을 데이터셋 WORK.FAGE_TH_ROW.에서 읽었습니다.
NOTE: 1개 관측값이 추가되었습니다.
NOTE: 데이터셋 WORK.FAGE_THRESHOLDS에 6개의 관측값과 5개의 변수가 있습니다.
NOTE: 프로시저 APPEND 실행 (총 프로세스 시간):
      실행 시간           0.00 초
      cpu 시간            0.01 초
      


NOTE: 1884개의 관측값을 데이터셋 WORK.FAGE_READ.에서 읽었습니다.
NOTE: 데이터셋 WORK.READ_ONE에 1884개의 관측값과 11개의 변수가 있습니다.
NOTE: DATA 문장 실행 (총 프로세스 시간):
      실행 시간           0.00 초
      cpu 시간            0.00 초
      


NOTE: WORK.READ_ONE을(를) WORK.FAGE_READOUT_SCORED에 추가하는 중입니다.
NOTE: 1884개의 관측값을 데이터셋 WORK.READ_ONE.에서 읽었습니다.
NOTE: 1884개 관측값이 추가되었습니다.
NOTE: 데이터셋 WORK.FAGE_READOUT_SCORED에 7536개의 관측값과 11개의 변수가 있습니다.
NOTE: 프로시저 APPEND 실행 (총 프로세스 시간):
      실행 시간           0.00 초
      cpu 시간            0.00 초
      

NOTE: seed=42 method=lr_b threshold=0.56

NOTE: 2230개의 관측값을 데이터셋 WORK.FAGE_CAL.에서 읽었습니다.
76                                                         SAS 시스템      2026년  9월 18일 금요일 오전 02시 11분 19초

NOTE: 데이터셋 WORK.FAGE_GRID에 2234460개의 관측값과 25개의 변수가 있습니다.
NOTE: DATA 문장 실행 (총 프로세스 시간):
      실행 시간           2.36 초
      cpu 시간            0.54 초
      

NOTE: Table WORK.FAGE_THRESHOLD_STATS created, with 1002 rows and 5 columns.

NOTE: 프로시저 SQL 실행 (총 프로세스 시간):
      실행 시간           0.51 초
      cpu 시간            1.06 초
      


NOTE: 1002개의 관측값을 데이터셋 WORK.FAGE_THRESHOLD_STATS.에서 읽었습니다.
NOTE: 데이터셋 WORK.FAGE_THRESHOLD_STATS에 1002개의 관측값과 7개의 변수가 있습니다.
NOTE: DATA 문장 실행 (총 프로세스 시간):
      실행 시간           0.27 초
      cpu 시간            0.00 초
      


NOTE: 1002개의 관측값을 데이터셋 WORK.FAGE_THRESHOLD_STATS.에서 읽었습니다.
NOTE: 데이터셋 WORK.FAGE_THRESHOLD_STATS에 1002개의 관측값과 7개의 변수가 있습니다.
NOTE: 프로시저 SORT 실행 (총 프로세스 시간):
      실행 시간           0.00 초
      cpu 시간            0.00 초
      


NOTE: 1개의 관측값을 데이터셋 WORK.FAGE_THRESHOLD_STATS.에서 읽었습니다.
      WHERE fpr<=0.01;
NOTE: 데이터셋 WORK.TH_LR_C_42에 1개의 관측값과 7개의 변수가 있습니다.
NOTE: DATA 문장 실행 (총 프로세스 시간):
      실행 시간           0.00 초
      cpu 시간            0.00 초
      


NOTE: 1개의 관측값을 데이터셋 WORK.TH_LR_C_42.에서 읽었습니다.
NOTE: DATA 문장 실행 (총 프로세스 시간):
      실행 시간           0.00 초
      cpu 시간            0.00 초
      


NOTE: 데이터셋 WORK.FAGE_TH_ROW에 1개의 관측값과 5개의 변수가 있습니다.
NOTE: DATA 문장 실행 (총 프로세스 시간):
      실행 시간           0.00 초
      cpu 시간            0.00 초
      


NOTE: WORK.FAGE_TH_ROW을(를) WORK.FAGE_THRESHOLDS에 추가하는 중입니다.
NOTE: 1개의 관측값을 데이터셋 WORK.FAGE_TH_ROW.에서 읽었습니다.
NOTE: 1개 관측값이 추가되었습니다.
NOTE: 데이터셋 WORK.FAGE_THRESHOLDS에 7개의 관측값과 5개의 변수가 있습니다.
NOTE: 프로시저 APPEND 실행 (총 프로세스 시간):
77                                                         SAS 시스템      2026년  9월 18일 금요일 오전 02시 11분 22초

      실행 시간           0.00 초
      cpu 시간            0.00 초
      


NOTE: 1884개의 관측값을 데이터셋 WORK.FAGE_READ.에서 읽었습니다.
NOTE: 데이터셋 WORK.READ_ONE에 1884개의 관측값과 11개의 변수가 있습니다.
NOTE: DATA 문장 실행 (총 프로세스 시간):
      실행 시간           0.00 초
      cpu 시간            0.01 초
      


NOTE: WORK.READ_ONE을(를) WORK.FAGE_READOUT_SCORED에 추가하는 중입니다.
NOTE: 1884개의 관측값을 데이터셋 WORK.READ_ONE.에서 읽었습니다.
NOTE: 1884개 관측값이 추가되었습니다.
NOTE: 데이터셋 WORK.FAGE_READOUT_SCORED에 9420개의 관측값과 11개의 변수가 있습니다.
NOTE: 프로시저 APPEND 실행 (총 프로세스 시간):
      실행 시간           0.00 초
      cpu 시간            0.00 초
      

NOTE: seed=42 method=lr_c threshold=0.555

NOTE: 2230개의 관측값을 데이터셋 WORK.FAGE_CAL.에서 읽었습니다.
NOTE: 데이터셋 WORK.FAGE_GRID에 2234460개의 관측값과 25개의 변수가 있습니다.
NOTE: DATA 문장 실행 (총 프로세스 시간):
      실행 시간           2.50 초
      cpu 시간            0.57 초
      

NOTE: Table WORK.FAGE_THRESHOLD_STATS created, with 1002 rows and 5 columns.

NOTE: 프로시저 SQL 실행 (총 프로세스 시간):
      실행 시간           0.55 초
      cpu 시간            1.14 초
      


NOTE: 1002개의 관측값을 데이터셋 WORK.FAGE_THRESHOLD_STATS.에서 읽었습니다.
NOTE: 데이터셋 WORK.FAGE_THRESHOLD_STATS에 1002개의 관측값과 7개의 변수가 있습니다.
NOTE: DATA 문장 실행 (총 프로세스 시간):
      실행 시간           0.00 초
      cpu 시간            0.01 초
      


NOTE: 1002개의 관측값을 데이터셋 WORK.FAGE_THRESHOLD_STATS.에서 읽었습니다.
NOTE: 데이터셋 WORK.FAGE_THRESHOLD_STATS에 1002개의 관측값과 7개의 변수가 있습니다.
NOTE: 프로시저 SORT 실행 (총 프로세스 시간):
      실행 시간           0.00 초
      cpu 시간            0.00 초
      


NOTE: 1개의 관측값을 데이터셋 WORK.FAGE_THRESHOLD_STATS.에서 읽었습니다.
      WHERE fpr<=0.01;
NOTE: 데이터셋 WORK.TH_WORD_42에 1개의 관측값과 7개의 변수가 있습니다.
78                                                         SAS 시스템      2026년  9월 18일 금요일 오전 02시 11분 25초

NOTE: DATA 문장 실행 (총 프로세스 시간):
      실행 시간           0.00 초
      cpu 시간            0.00 초
      


NOTE: 1개의 관측값을 데이터셋 WORK.TH_WORD_42.에서 읽었습니다.
NOTE: DATA 문장 실행 (총 프로세스 시간):
      실행 시간           0.00 초
      cpu 시간            0.00 초
      


NOTE: 데이터셋 WORK.FAGE_TH_ROW에 1개의 관측값과 5개의 변수가 있습니다.
NOTE: DATA 문장 실행 (총 프로세스 시간):
      실행 시간           0.00 초
      cpu 시간            0.00 초
      


NOTE: WORK.FAGE_TH_ROW을(를) WORK.FAGE_THRESHOLDS에 추가하는 중입니다.
NOTE: 1개의 관측값을 데이터셋 WORK.FAGE_TH_ROW.에서 읽었습니다.
NOTE: 1개 관측값이 추가되었습니다.
NOTE: 데이터셋 WORK.FAGE_THRESHOLDS에 8개의 관측값과 5개의 변수가 있습니다.
NOTE: 프로시저 APPEND 실행 (총 프로세스 시간):
      실행 시간           0.00 초
      cpu 시간            0.00 초
      


NOTE: 1884개의 관측값을 데이터셋 WORK.FAGE_READ.에서 읽었습니다.
NOTE: 데이터셋 WORK.READ_ONE에 1884개의 관측값과 11개의 변수가 있습니다.
NOTE: DATA 문장 실행 (총 프로세스 시간):
      실행 시간           0.00 초
      cpu 시간            0.01 초
      


NOTE: WORK.READ_ONE을(를) WORK.FAGE_READOUT_SCORED에 추가하는 중입니다.
NOTE: 1884개의 관측값을 데이터셋 WORK.READ_ONE.에서 읽었습니다.
NOTE: 1884개 관측값이 추가되었습니다.
NOTE: 데이터셋 WORK.FAGE_READOUT_SCORED에 11304개의 관측값과 11개의 변수가 있습니다.
NOTE: 프로시저 APPEND 실행 (총 프로세스 시간):
      실행 시간           0.00 초
      cpu 시간            0.00 초
      

NOTE: seed=42 method=word threshold=0.613

NOTE: 2230개의 관측값을 데이터셋 WORK.FAGE_CAL.에서 읽었습니다.
NOTE: 데이터셋 WORK.FAGE_GRID에 2234460개의 관측값과 25개의 변수가 있습니다.
NOTE: DATA 문장 실행 (총 프로세스 시간):
      실행 시간           3.27 초
      cpu 시간            0.56 초
      

NOTE: Table WORK.FAGE_THRESHOLD_STATS created, with 1002 rows and 5 columns.

79                                                         SAS 시스템      2026년  9월 18일 금요일 오전 02시 11분 29초

NOTE: 프로시저 SQL 실행 (총 프로세스 시간):
      실행 시간           0.59 초
      cpu 시간            1.21 초
      


NOTE: 1002개의 관측값을 데이터셋 WORK.FAGE_THRESHOLD_STATS.에서 읽었습니다.
NOTE: 데이터셋 WORK.FAGE_THRESHOLD_STATS에 1002개의 관측값과 7개의 변수가 있습니다.
NOTE: DATA 문장 실행 (총 프로세스 시간):
      실행 시간           0.00 초
      cpu 시간            0.00 초
      


NOTE: 1002개의 관측값을 데이터셋 WORK.FAGE_THRESHOLD_STATS.에서 읽었습니다.
NOTE: 데이터셋 WORK.FAGE_THRESHOLD_STATS에 1002개의 관측값과 7개의 변수가 있습니다.
NOTE: 프로시저 SORT 실행 (총 프로세스 시간):
      실행 시간           0.00 초
      cpu 시간            0.00 초
      


NOTE: 1개의 관측값을 데이터셋 WORK.FAGE_THRESHOLD_STATS.에서 읽었습니다.
      WHERE fpr<=0.01;
NOTE: 데이터셋 WORK.TH_KCBERT_42에 1개의 관측값과 7개의 변수가 있습니다.
NOTE: DATA 문장 실행 (총 프로세스 시간):
      실행 시간           0.00 초
      cpu 시간            0.00 초
      


NOTE: 1개의 관측값을 데이터셋 WORK.TH_KCBERT_42.에서 읽었습니다.
NOTE: DATA 문장 실행 (총 프로세스 시간):
      실행 시간           0.00 초
      cpu 시간            0.01 초
      


NOTE: 데이터셋 WORK.FAGE_TH_ROW에 1개의 관측값과 5개의 변수가 있습니다.
NOTE: DATA 문장 실행 (총 프로세스 시간):
      실행 시간           0.00 초
      cpu 시간            0.00 초
      


NOTE: WORK.FAGE_TH_ROW을(를) WORK.FAGE_THRESHOLDS에 추가하는 중입니다.
NOTE: 1개의 관측값을 데이터셋 WORK.FAGE_TH_ROW.에서 읽었습니다.
NOTE: 1개 관측값이 추가되었습니다.
NOTE: 데이터셋 WORK.FAGE_THRESHOLDS에 9개의 관측값과 5개의 변수가 있습니다.
NOTE: 프로시저 APPEND 실행 (총 프로세스 시간):
      실행 시간           0.00 초
      cpu 시간            0.00 초
      


NOTE: 1884개의 관측값을 데이터셋 WORK.FAGE_READ.에서 읽었습니다.
NOTE: 데이터셋 WORK.READ_ONE에 1884개의 관측값과 11개의 변수가 있습니다.
NOTE: DATA 문장 실행 (총 프로세스 시간):
80                                                         SAS 시스템      2026년  9월 18일 금요일 오전 02시 11분 29초

      실행 시간           0.00 초
      cpu 시간            0.00 초
      


NOTE: WORK.READ_ONE을(를) WORK.FAGE_READOUT_SCORED에 추가하는 중입니다.
NOTE: 1884개의 관측값을 데이터셋 WORK.READ_ONE.에서 읽었습니다.
NOTE: 1884개 관측값이 추가되었습니다.
NOTE: 데이터셋 WORK.FAGE_READOUT_SCORED에 13188개의 관측값과 11개의 변수가 있습니다.
NOTE: 프로시저 APPEND 실행 (총 프로세스 시간):
      실행 시간           0.00 초
      cpu 시간            0.00 초
      

NOTE: seed=42 method=kcbert threshold=0.11

NOTE: 1884개의 관측값을 데이터셋 WORK.STACK_READ_42.에서 읽었습니다.
NOTE: 1884개의 관측값을 데이터셋 WORK.FAGE_READ_42.에서 읽었습니다.
NOTE: 데이터셋 WORK.READ_SCORED에 3768개의 관측값과 11개의 변수가 있습니다.
NOTE: DATA 문장 실행 (총 프로세스 시간):
      실행 시간           0.00 초
      cpu 시간            0.01 초
      


NOTE: WORK.READ_SCORED을(를) WORK.FAGE_READOUT_SCORED에 추가하는 중입니다.
NOTE: 3768개의 관측값을 데이터셋 WORK.READ_SCORED.에서 읽었습니다.
NOTE: 3768개 관측값이 추가되었습니다.
NOTE: 데이터셋 WORK.FAGE_READOUT_SCORED에 16956개의 관측값과 11개의 변수가 있습니다.
NOTE: 프로시저 APPEND 실행 (총 프로세스 시간):
      실행 시간           0.00 초
      cpu 시간            0.00 초
      


NOTE: 1884개의 관측값을 데이터셋 WORK.READ_SCORED.에서 읽었습니다.
      WHERE method='stacking';
NOTE: FREQ 프로시저가 373 페이지를 인쇄했습니다.
NOTE: 프로시저 FREQ 실행 (총 프로세스 시간):
      실행 시간           0.01 초
      cpu 시간            0.01 초
      


NOTE: 1884개의 관측값을 데이터셋 WORK.READ_SCORED.에서 읽었습니다.
      WHERE method='fage';
NOTE: FREQ 프로시저가 374 페이지를 인쇄했습니다.
NOTE: 프로시저 FREQ 실행 (총 프로세스 시간):
      실행 시간           0.01 초
      cpu 시간            0.02 초
      


NOTE: 1884개의 관측값을 데이터셋 WORK.READ_SCORED.에서 읽었습니다.
      WHERE method='fage';
NOTE: FREQ 프로시저가 375 페이지를 인쇄했습니다.
NOTE: 프로시저 FREQ 실행 (총 프로세스 시간):
      실행 시간           0.02 초
81                                                         SAS 시스템      2026년  9월 18일 금요일 오전 02시 11분 29초

      cpu 시간            0.02 초
      


NOTE: 20464개의 관측값을 데이터셋 WORK.FAGE.에서 읽었습니다.
NOTE: 데이터셋 WORK.FAGE_CAL에 2162개의 관측값과 19개의 변수가 있습니다.
NOTE: 데이터셋 WORK.FAGE_READ에 1896개의 관측값과 19개의 변수가 있습니다.
NOTE: DATA 문장 실행 (총 프로세스 시간):
      실행 시간           0.00 초
      cpu 시간            0.01 초
      

NOTE: 프로시저 SQL 실행 (총 프로세스 시간):
      실행 시간           0.00 초
      cpu 시간            0.01 초
      


NOTE: PROC LOGISTIC is modeling the probability that target=1.
NOTE: Convergence criterion (GCONV=1E-8) satisfied.
NOTE: 데이터셋 WORK.FAGE_STACK_CV_101에 1개의 관측값과 3개의 변수가 있습니다.
NOTE: 데이터셋 WORK.FAGE_STACK_FIT_101에 3개의 관측값과 4개의 변수가 있습니다.
NOTE: 데이터셋 WORK.FAGE_STACK_PE_101에 7개의 관측값과 7개의 변수가 있습니다.
NOTE: 2162개의 관측값을 데이터셋 WORK.FAGE_CAL.에서 읽었습니다.
NOTE: 데이터셋 WORK.FAGE_STACK_MODEL_101에 55개의 관측값과 6개의 변수가 있습니다.
NOTE: LOGISTIC 프로시저가 376-377 페이지를 인쇄했습니다.
NOTE: 프로시저 LOGISTIC 실행 (총 프로세스 시간):
      실행 시간           0.07 초
      cpu 시간            0.07 초
      


NOTE: PROC LOGISTIC is modeling the probability that target=1.
NOTE: Convergence criterion (GCONV=1E-8) satisfied.
NOTE: 데이터셋 WORK.FAGE_CV_101에 1개의 관측값과 3개의 변수가 있습니다.
NOTE: 데이터셋 WORK.FAGE_FIT_101에 3개의 관측값과 4개의 변수가 있습니다.
NOTE: 데이터셋 WORK.FAGE_PE_101에 11개의 관측값과 7개의 변수가 있습니다.
NOTE: 2162개의 관측값을 데이터셋 WORK.FAGE_CAL.에서 읽었습니다.
NOTE: 데이터셋 WORK.FAGE_MODEL_101에 105개의 관측값과 6개의 변수가 있습니다.
NOTE: LOGISTIC 프로시저가 378-379 페이지를 인쇄했습니다.
NOTE: 프로시저 LOGISTIC 실행 (총 프로세스 시간):
      실행 시간           0.07 초
      cpu 시간            0.08 초
      


NOTE: 1개의 관측값을 데이터셋 WORK.FAGE_STACK_CV_101.에서 읽었습니다.
NOTE: DATA 문장 실행 (총 프로세스 시간):
      실행 시간           0.00 초
      cpu 시간            0.00 초
      


NOTE: 1개의 관측값을 데이터셋 WORK.FAGE_CV_101.에서 읽었습니다.
NOTE: DATA 문장 실행 (총 프로세스 시간):
      실행 시간           0.00 초
      cpu 시간            0.00 초
      
82                                                         SAS 시스템      2026년  9월 18일 금요일 오전 02시 11분 29초



NOTE: 데이터셋 WORK.STACK_CAL_101에 2162개의 관측값과 23개의 변수가 있습니다.
NOTE: 데이터셋 WORK.STACK_READ_101에 1896개의 관측값과 23개의 변수가 있습니다.
NOTE: 프로시저 LOGISTIC 실행 (총 프로세스 시간):
      실행 시간           0.00 초
      cpu 시간            0.01 초
      


NOTE: 데이터셋 WORK.FAGE_CAL_101에 2162개의 관측값과 23개의 변수가 있습니다.
NOTE: 데이터셋 WORK.FAGE_READ_101에 1896개의 관측값과 23개의 변수가 있습니다.
NOTE: 프로시저 LOGISTIC 실행 (총 프로세스 시간):
      실행 시간           0.00 초
      cpu 시간            0.01 초
      


NOTE: 2162개의 관측값을 데이터셋 WORK.STACK_CAL_101.에서 읽었습니다.
NOTE: 데이터셋 WORK.FAGE_GRID에 2166324개의 관측값과 26개의 변수가 있습니다.
NOTE: DATA 문장 실행 (총 프로세스 시간):
      실행 시간           3.04 초
      cpu 시간            0.60 초
      

NOTE: Table WORK.FAGE_THRESHOLD_STATS created, with 1002 rows and 5 columns.

NOTE: 프로시저 SQL 실행 (총 프로세스 시간):
      실행 시간           0.49 초
      cpu 시간            1.04 초
      


NOTE: 1002개의 관측값을 데이터셋 WORK.FAGE_THRESHOLD_STATS.에서 읽었습니다.
NOTE: 데이터셋 WORK.FAGE_THRESHOLD_STATS에 1002개의 관측값과 7개의 변수가 있습니다.
NOTE: DATA 문장 실행 (총 프로세스 시간):
      실행 시간           0.00 초
      cpu 시간            0.00 초
      


NOTE: 1002개의 관측값을 데이터셋 WORK.FAGE_THRESHOLD_STATS.에서 읽었습니다.
NOTE: 데이터셋 WORK.FAGE_THRESHOLD_STATS에 1002개의 관측값과 7개의 변수가 있습니다.
NOTE: 프로시저 SORT 실행 (총 프로세스 시간):
      실행 시간           0.00 초
      cpu 시간            0.00 초
      


NOTE: 1개의 관측값을 데이터셋 WORK.FAGE_THRESHOLD_STATS.에서 읽었습니다.
      WHERE fpr<=0.01;
NOTE: 데이터셋 WORK.TH_STACK_101에 1개의 관측값과 7개의 변수가 있습니다.
NOTE: DATA 문장 실행 (총 프로세스 시간):
      실행 시간           0.00 초
      cpu 시간            0.00 초
      


83                                                         SAS 시스템      2026년  9월 18일 금요일 오전 02시 11분 33초

NOTE: 1개의 관측값을 데이터셋 WORK.TH_STACK_101.에서 읽었습니다.
NOTE: DATA 문장 실행 (총 프로세스 시간):
      실행 시간           0.00 초
      cpu 시간            0.00 초
      


NOTE: 데이터셋 WORK.FAGE_TH_ROW에 1개의 관측값과 5개의 변수가 있습니다.
NOTE: DATA 문장 실행 (총 프로세스 시간):
      실행 시간           0.00 초
      cpu 시간            0.00 초
      


NOTE: WORK.FAGE_TH_ROW을(를) WORK.FAGE_THRESHOLDS에 추가하는 중입니다.
NOTE: 1개의 관측값을 데이터셋 WORK.FAGE_TH_ROW.에서 읽었습니다.
NOTE: 1개 관측값이 추가되었습니다.
NOTE: 데이터셋 WORK.FAGE_THRESHOLDS에 10개의 관측값과 5개의 변수가 있습니다.
NOTE: 프로시저 APPEND 실행 (총 프로세스 시간):
      실행 시간           0.00 초
      cpu 시간            0.00 초
      


NOTE: 2162개의 관측값을 데이터셋 WORK.FAGE_CAL_101.에서 읽었습니다.
NOTE: 데이터셋 WORK.FAGE_GRID에 2166324개의 관측값과 26개의 변수가 있습니다.
NOTE: DATA 문장 실행 (총 프로세스 시간):
      실행 시간           2.65 초
      cpu 시간            0.55 초
      

NOTE: Table WORK.FAGE_THRESHOLD_STATS created, with 1002 rows and 5 columns.

NOTE: 프로시저 SQL 실행 (총 프로세스 시간):
      실행 시간           0.48 초
      cpu 시간            1.02 초
      


NOTE: 1002개의 관측값을 데이터셋 WORK.FAGE_THRESHOLD_STATS.에서 읽었습니다.
NOTE: 데이터셋 WORK.FAGE_THRESHOLD_STATS에 1002개의 관측값과 7개의 변수가 있습니다.
NOTE: DATA 문장 실행 (총 프로세스 시간):
      실행 시간           0.00 초
      cpu 시간            0.00 초
      


NOTE: 1002개의 관측값을 데이터셋 WORK.FAGE_THRESHOLD_STATS.에서 읽었습니다.
NOTE: 데이터셋 WORK.FAGE_THRESHOLD_STATS에 1002개의 관측값과 7개의 변수가 있습니다.
NOTE: 프로시저 SORT 실행 (총 프로세스 시간):
      실행 시간           0.00 초
      cpu 시간            0.00 초
      


NOTE: 1개의 관측값을 데이터셋 WORK.FAGE_THRESHOLD_STATS.에서 읽었습니다.
      WHERE fpr<=0.01;
NOTE: 데이터셋 WORK.TH_FAGE_101에 1개의 관측값과 7개의 변수가 있습니다.
84                                                         SAS 시스템      2026년  9월 18일 금요일 오전 02시 11분 36초

NOTE: DATA 문장 실행 (총 프로세스 시간):
      실행 시간           0.00 초
      cpu 시간            0.00 초
      


NOTE: 1개의 관측값을 데이터셋 WORK.TH_FAGE_101.에서 읽었습니다.
NOTE: DATA 문장 실행 (총 프로세스 시간):
      실행 시간           0.00 초
      cpu 시간            0.00 초
      


NOTE: 데이터셋 WORK.FAGE_TH_ROW에 1개의 관측값과 5개의 변수가 있습니다.
NOTE: DATA 문장 실행 (총 프로세스 시간):
      실행 시간           0.00 초
      cpu 시간            0.00 초
      


NOTE: WORK.FAGE_TH_ROW을(를) WORK.FAGE_THRESHOLDS에 추가하는 중입니다.
NOTE: 1개의 관측값을 데이터셋 WORK.FAGE_TH_ROW.에서 읽었습니다.
NOTE: 1개 관측값이 추가되었습니다.
NOTE: 데이터셋 WORK.FAGE_THRESHOLDS에 11개의 관측값과 5개의 변수가 있습니다.
NOTE: 프로시저 APPEND 실행 (총 프로세스 시간):
      실행 시간           0.00 초
      cpu 시간            0.01 초
      

NOTE: seed=101 stacking_threshold=0.165 fage_threshold=0.211
NOTE: 프로시저 SQL 실행 (총 프로세스 시간):
      실행 시간           0.00 초
      cpu 시간            0.00 초
      


NOTE: 2162개의 관측값을 데이터셋 WORK.FAGE_CAL.에서 읽었습니다.
NOTE: 데이터셋 WORK.FAGE_CAL에 2162개의 관측값과 21개의 변수가 있습니다.
NOTE: DATA 문장 실행 (총 프로세스 시간):
      실행 시간           0.00 초
      cpu 시간            0.00 초
      

NOTE: 프로시저 SQL 실행 (총 프로세스 시간):
      실행 시간           0.00 초
      cpu 시간            0.00 초
      


NOTE: 2162개의 관측값을 데이터셋 WORK.FAGE_CAL.에서 읽었습니다.
NOTE: 데이터셋 WORK.FAGE_CAL에 2162개의 관측값과 22개의 변수가 있습니다.
NOTE: DATA 문장 실행 (총 프로세스 시간):
      실행 시간           0.00 초
      cpu 시간            0.01 초
      


NOTE: PROC LOGISTIC is modeling the probability that target=1.
85                                                         SAS 시스템      2026년  9월 18일 금요일 오전 02시 11분 36초

NOTE: Convergence criterion (GCONV=1E-8) satisfied.
NOTE: 데이터셋 WORK.FAGE_A_CV_101에 1개의 관측값과 3개의 변수가 있습니다.
NOTE: 데이터셋 WORK.FAGE_A_FIT_101에 3개의 관측값과 4개의 변수가 있습니다.
NOTE: 데이터셋 WORK.FAGE_A_PE_101에 11개의 관측값과 7개의 변수가 있습니다.
NOTE: 2162개의 관측값을 데이터셋 WORK.FAGE_CAL.에서 읽었습니다.
NOTE: 데이터셋 WORK.FAGE_A_MODEL_101에 106개의 관측값과 6개의 변수가 있습니다.
NOTE: LOGISTIC 프로시저가 380-381 페이지를 인쇄했습니다.
NOTE: 프로시저 LOGISTIC 실행 (총 프로세스 시간):
      실행 시간           0.06 초
      cpu 시간            0.07 초
      


NOTE: 1개의 관측값을 데이터셋 WORK.FAGE_A_CV_101.에서 읽었습니다.
NOTE: DATA 문장 실행 (총 프로세스 시간):
      실행 시간           0.00 초
      cpu 시간            0.00 초
      


NOTE: 데이터셋 WORK.FAGE_A_CAL_101에 2162개의 관측값과 26개의 변수가 있습니다.
NOTE: 데이터셋 WORK.FAGE_A_READ_101에 1896개의 관측값과 23개의 변수가 있습니다.
NOTE: 프로시저 LOGISTIC 실행 (총 프로세스 시간):
      실행 시간           0.00 초
      cpu 시간            0.01 초
      


NOTE: 2162개의 관측값을 데이터셋 WORK.FAGE_A_CAL_101.에서 읽었습니다.
NOTE: 데이터셋 WORK.FAGE_GRID에 2166324개의 관측값과 29개의 변수가 있습니다.
NOTE: DATA 문장 실행 (총 프로세스 시간):
      실행 시간           3.31 초
      cpu 시간            0.59 초
      

NOTE: Table WORK.FAGE_THRESHOLD_STATS created, with 1002 rows and 5 columns.

NOTE: 프로시저 SQL 실행 (총 프로세스 시간):
      실행 시간           0.52 초
      cpu 시간            1.07 초
      


NOTE: 1002개의 관측값을 데이터셋 WORK.FAGE_THRESHOLD_STATS.에서 읽었습니다.
NOTE: 데이터셋 WORK.FAGE_THRESHOLD_STATS에 1002개의 관측값과 7개의 변수가 있습니다.
NOTE: DATA 문장 실행 (총 프로세스 시간):
      실행 시간           0.00 초
      cpu 시간            0.00 초
      


NOTE: 1002개의 관측값을 데이터셋 WORK.FAGE_THRESHOLD_STATS.에서 읽었습니다.
NOTE: 데이터셋 WORK.FAGE_THRESHOLD_STATS에 1002개의 관측값과 7개의 변수가 있습니다.
NOTE: 프로시저 SORT 실행 (총 프로세스 시간):
      실행 시간           0.00 초
      cpu 시간            0.00 초
      

86                                                         SAS 시스템      2026년  9월 18일 금요일 오전 02시 11분 40초


NOTE: 1개의 관측값을 데이터셋 WORK.FAGE_THRESHOLD_STATS.에서 읽었습니다.
      WHERE fpr<=0.01;
NOTE: 데이터셋 WORK.TH_FAGE_A_101에 1개의 관측값과 7개의 변수가 있습니다.
NOTE: DATA 문장 실행 (총 프로세스 시간):
      실행 시간           0.00 초
      cpu 시간            0.00 초
      


NOTE: 1개의 관측값을 데이터셋 WORK.TH_FAGE_A_101.에서 읽었습니다.
NOTE: DATA 문장 실행 (총 프로세스 시간):
      실행 시간           0.00 초
      cpu 시간            0.00 초
      


NOTE: 데이터셋 WORK.FAGE_TH_ROW에 1개의 관측값과 5개의 변수가 있습니다.
NOTE: DATA 문장 실행 (총 프로세스 시간):
      실행 시간           0.00 초
      cpu 시간            0.00 초
      


NOTE: WORK.FAGE_TH_ROW을(를) WORK.FAGE_THRESHOLDS에 추가하는 중입니다.
NOTE: 1개의 관측값을 데이터셋 WORK.FAGE_TH_ROW.에서 읽었습니다.
NOTE: 1개 관측값이 추가되었습니다.
NOTE: 데이터셋 WORK.FAGE_THRESHOLDS에 12개의 관측값과 5개의 변수가 있습니다.
NOTE: 프로시저 APPEND 실행 (총 프로세스 시간):
      실행 시간           0.00 초
      cpu 시간            0.00 초
      


NOTE: 1896개의 관측값을 데이터셋 WORK.FAGE_A_READ_101.에서 읽었습니다.
NOTE: 데이터셋 WORK.READ_ONE에 1896개의 관측값과 11개의 변수가 있습니다.
NOTE: DATA 문장 실행 (총 프로세스 시간):
      실행 시간           0.00 초
      cpu 시간            0.00 초
      


NOTE: WORK.READ_ONE을(를) WORK.FAGE_READOUT_SCORED에 추가하는 중입니다.
NOTE: 1896개의 관측값을 데이터셋 WORK.READ_ONE.에서 읽었습니다.
NOTE: 1896개 관측값이 추가되었습니다.
NOTE: 데이터셋 WORK.FAGE_READOUT_SCORED에 18852개의 관측값과 11개의 변수가 있습니다.
NOTE: 프로시저 APPEND 실행 (총 프로세스 시간):
      실행 시간           0.00 초
      cpu 시간            0.00 초
      

NOTE: seed=101 method=fage_a threshold=0.368

NOTE: PROC LOGISTIC is modeling the probability that target=1.
NOTE: Convergence criterion (GCONV=1E-8) satisfied.
NOTE: 데이터셋 WORK.FAGE_C_CV_101에 1개의 관측값과 3개의 변수가 있습니다.
NOTE: 데이터셋 WORK.FAGE_C_FIT_101에 3개의 관측값과 4개의 변수가 있습니다.
NOTE: 데이터셋 WORK.FAGE_C_PE_101에 11개의 관측값과 7개의 변수가 있습니다.
87                                                         SAS 시스템      2026년  9월 18일 금요일 오전 02시 11분 41초

NOTE: 2162개의 관측값을 데이터셋 WORK.FAGE_CAL.에서 읽었습니다.
NOTE: 데이터셋 WORK.FAGE_C_MODEL_101에 106개의 관측값과 6개의 변수가 있습니다.
NOTE: LOGISTIC 프로시저가 382-383 페이지를 인쇄했습니다.
NOTE: 프로시저 LOGISTIC 실행 (총 프로세스 시간):
      실행 시간           0.07 초
      cpu 시간            0.07 초
      


NOTE: 1개의 관측값을 데이터셋 WORK.FAGE_C_CV_101.에서 읽었습니다.
NOTE: DATA 문장 실행 (총 프로세스 시간):
      실행 시간           0.00 초
      cpu 시간            0.01 초
      


NOTE: 데이터셋 WORK.FAGE_C_CAL_101에 2162개의 관측값과 26개의 변수가 있습니다.
NOTE: 데이터셋 WORK.FAGE_C_READ_101에 1896개의 관측값과 23개의 변수가 있습니다.
NOTE: 프로시저 LOGISTIC 실행 (총 프로세스 시간):
      실행 시간           0.00 초
      cpu 시간            0.01 초
      


NOTE: 2162개의 관측값을 데이터셋 WORK.FAGE_C_CAL_101.에서 읽었습니다.
NOTE: 데이터셋 WORK.FAGE_GRID에 2166324개의 관측값과 29개의 변수가 있습니다.
NOTE: DATA 문장 실행 (총 프로세스 시간):
      실행 시간           3.51 초
      cpu 시간            0.63 초
      

NOTE: Table WORK.FAGE_THRESHOLD_STATS created, with 1002 rows and 5 columns.

NOTE: 프로시저 SQL 실행 (총 프로세스 시간):
      실행 시간           0.52 초
      cpu 시간            1.08 초
      


NOTE: 1002개의 관측값을 데이터셋 WORK.FAGE_THRESHOLD_STATS.에서 읽었습니다.
NOTE: 데이터셋 WORK.FAGE_THRESHOLD_STATS에 1002개의 관측값과 7개의 변수가 있습니다.
NOTE: DATA 문장 실행 (총 프로세스 시간):
      실행 시간           0.00 초
      cpu 시간            0.00 초
      


NOTE: 1002개의 관측값을 데이터셋 WORK.FAGE_THRESHOLD_STATS.에서 읽었습니다.
NOTE: 데이터셋 WORK.FAGE_THRESHOLD_STATS에 1002개의 관측값과 7개의 변수가 있습니다.
NOTE: 프로시저 SORT 실행 (총 프로세스 시간):
      실행 시간           0.00 초
      cpu 시간            0.00 초
      


NOTE: 1개의 관측값을 데이터셋 WORK.FAGE_THRESHOLD_STATS.에서 읽었습니다.
      WHERE fpr<=0.01;
NOTE: 데이터셋 WORK.TH_FAGE_C_101에 1개의 관측값과 7개의 변수가 있습니다.
88                                                         SAS 시스템      2026년  9월 18일 금요일 오전 02시 11분 45초

NOTE: DATA 문장 실행 (총 프로세스 시간):
      실행 시간           0.00 초
      cpu 시간            0.00 초
      


NOTE: 1개의 관측값을 데이터셋 WORK.TH_FAGE_C_101.에서 읽었습니다.
NOTE: DATA 문장 실행 (총 프로세스 시간):
      실행 시간           0.00 초
      cpu 시간            0.00 초
      


NOTE: 데이터셋 WORK.FAGE_TH_ROW에 1개의 관측값과 5개의 변수가 있습니다.
NOTE: DATA 문장 실행 (총 프로세스 시간):
      실행 시간           0.00 초
      cpu 시간            0.00 초
      


NOTE: WORK.FAGE_TH_ROW을(를) WORK.FAGE_THRESHOLDS에 추가하는 중입니다.
NOTE: 1개의 관측값을 데이터셋 WORK.FAGE_TH_ROW.에서 읽었습니다.
NOTE: 1개 관측값이 추가되었습니다.
NOTE: 데이터셋 WORK.FAGE_THRESHOLDS에 13개의 관측값과 5개의 변수가 있습니다.
NOTE: 프로시저 APPEND 실행 (총 프로세스 시간):
      실행 시간           0.00 초
      cpu 시간            0.01 초
      


NOTE: 1896개의 관측값을 데이터셋 WORK.FAGE_C_READ_101.에서 읽었습니다.
NOTE: 데이터셋 WORK.READ_ONE에 1896개의 관측값과 11개의 변수가 있습니다.
NOTE: DATA 문장 실행 (총 프로세스 시간):
      실행 시간           0.00 초
      cpu 시간            0.00 초
      


NOTE: WORK.READ_ONE을(를) WORK.FAGE_READOUT_SCORED에 추가하는 중입니다.
NOTE: 1896개의 관측값을 데이터셋 WORK.READ_ONE.에서 읽었습니다.
NOTE: 1896개 관측값이 추가되었습니다.
NOTE: 데이터셋 WORK.FAGE_READOUT_SCORED에 20748개의 관측값과 11개의 변수가 있습니다.
NOTE: 프로시저 APPEND 실행 (총 프로세스 시간):
      실행 시간           0.00 초
      cpu 시간            0.01 초
      

NOTE: seed=101 method=fage_c threshold=0.351

NOTE: 2162개의 관측값을 데이터셋 WORK.FAGE_CAL.에서 읽었습니다.
NOTE: 데이터셋 WORK.FAGE_GRID에 2166324개의 관측값과 25개의 변수가 있습니다.
NOTE: DATA 문장 실행 (총 프로세스 시간):
      실행 시간           2.61 초
      cpu 시간            0.51 초
      

NOTE: Table WORK.FAGE_THRESHOLD_STATS created, with 1002 rows and 5 columns.

89                                                         SAS 시스템      2026년  9월 18일 금요일 오전 02시 11분 48초

NOTE: 프로시저 SQL 실행 (총 프로세스 시간):
      실행 시간           0.50 초
      cpu 시간            1.07 초
      


NOTE: 1002개의 관측값을 데이터셋 WORK.FAGE_THRESHOLD_STATS.에서 읽었습니다.
NOTE: 데이터셋 WORK.FAGE_THRESHOLD_STATS에 1002개의 관측값과 7개의 변수가 있습니다.
NOTE: DATA 문장 실행 (총 프로세스 시간):
      실행 시간           0.00 초
      cpu 시간            0.00 초
      


NOTE: 1002개의 관측값을 데이터셋 WORK.FAGE_THRESHOLD_STATS.에서 읽었습니다.
NOTE: 데이터셋 WORK.FAGE_THRESHOLD_STATS에 1002개의 관측값과 7개의 변수가 있습니다.
NOTE: 프로시저 SORT 실행 (총 프로세스 시간):
      실행 시간           0.00 초
      cpu 시간            0.01 초
      


NOTE: 1개의 관측값을 데이터셋 WORK.FAGE_THRESHOLD_STATS.에서 읽었습니다.
      WHERE fpr<=0.01;
NOTE: 데이터셋 WORK.TH_LR_A_101에 1개의 관측값과 7개의 변수가 있습니다.
NOTE: DATA 문장 실행 (총 프로세스 시간):
      실행 시간           0.00 초
      cpu 시간            0.00 초
      


NOTE: 1개의 관측값을 데이터셋 WORK.TH_LR_A_101.에서 읽었습니다.
NOTE: DATA 문장 실행 (총 프로세스 시간):
      실행 시간           0.00 초
      cpu 시간            0.00 초
      


NOTE: 데이터셋 WORK.FAGE_TH_ROW에 1개의 관측값과 5개의 변수가 있습니다.
NOTE: DATA 문장 실행 (총 프로세스 시간):
      실행 시간           0.00 초
      cpu 시간            0.00 초
      


NOTE: WORK.FAGE_TH_ROW을(를) WORK.FAGE_THRESHOLDS에 추가하는 중입니다.
NOTE: 1개의 관측값을 데이터셋 WORK.FAGE_TH_ROW.에서 읽었습니다.
NOTE: 1개 관측값이 추가되었습니다.
NOTE: 데이터셋 WORK.FAGE_THRESHOLDS에 14개의 관측값과 5개의 변수가 있습니다.
NOTE: 프로시저 APPEND 실행 (총 프로세스 시간):
      실행 시간           0.00 초
      cpu 시간            0.00 초
      


NOTE: 1896개의 관측값을 데이터셋 WORK.FAGE_READ.에서 읽었습니다.
NOTE: 데이터셋 WORK.READ_ONE에 1896개의 관측값과 11개의 변수가 있습니다.
NOTE: DATA 문장 실행 (총 프로세스 시간):
90                                                         SAS 시스템      2026년  9월 18일 금요일 오전 02시 11분 48초

      실행 시간           0.00 초
      cpu 시간            0.00 초
      


NOTE: WORK.READ_ONE을(를) WORK.FAGE_READOUT_SCORED에 추가하는 중입니다.
NOTE: 1896개의 관측값을 데이터셋 WORK.READ_ONE.에서 읽었습니다.
NOTE: 1896개 관측값이 추가되었습니다.
NOTE: 데이터셋 WORK.FAGE_READOUT_SCORED에 22644개의 관측값과 11개의 변수가 있습니다.
NOTE: 프로시저 APPEND 실행 (총 프로세스 시간):
      실행 시간           0.00 초
      cpu 시간            0.00 초
      

NOTE: seed=101 method=lr_a threshold=0.392

NOTE: 2162개의 관측값을 데이터셋 WORK.FAGE_CAL.에서 읽었습니다.
NOTE: 데이터셋 WORK.FAGE_GRID에 2166324개의 관측값과 25개의 변수가 있습니다.
NOTE: DATA 문장 실행 (총 프로세스 시간):
      실행 시간           2.87 초
      cpu 시간            0.52 초
      

NOTE: Table WORK.FAGE_THRESHOLD_STATS created, with 1002 rows and 5 columns.

NOTE: 프로시저 SQL 실행 (총 프로세스 시간):
      실행 시간           0.52 초
      cpu 시간            1.08 초
      


NOTE: 1002개의 관측값을 데이터셋 WORK.FAGE_THRESHOLD_STATS.에서 읽었습니다.
NOTE: 데이터셋 WORK.FAGE_THRESHOLD_STATS에 1002개의 관측값과 7개의 변수가 있습니다.
NOTE: DATA 문장 실행 (총 프로세스 시간):
      실행 시간           0.00 초
      cpu 시간            0.00 초
      


NOTE: 1002개의 관측값을 데이터셋 WORK.FAGE_THRESHOLD_STATS.에서 읽었습니다.
NOTE: 데이터셋 WORK.FAGE_THRESHOLD_STATS에 1002개의 관측값과 7개의 변수가 있습니다.
NOTE: 프로시저 SORT 실행 (총 프로세스 시간):
      실행 시간           0.00 초
      cpu 시간            0.01 초
      


NOTE: 1개의 관측값을 데이터셋 WORK.FAGE_THRESHOLD_STATS.에서 읽었습니다.
      WHERE fpr<=0.01;
NOTE: 데이터셋 WORK.TH_LR_B_101에 1개의 관측값과 7개의 변수가 있습니다.
NOTE: DATA 문장 실행 (총 프로세스 시간):
      실행 시간           0.00 초
      cpu 시간            0.00 초
      


NOTE: 1개의 관측값을 데이터셋 WORK.TH_LR_B_101.에서 읽었습니다.
NOTE: DATA 문장 실행 (총 프로세스 시간):
91                                                         SAS 시스템      2026년  9월 18일 금요일 오전 02시 11분 51초

      실행 시간           0.00 초
      cpu 시간            0.00 초
      


NOTE: 데이터셋 WORK.FAGE_TH_ROW에 1개의 관측값과 5개의 변수가 있습니다.
NOTE: DATA 문장 실행 (총 프로세스 시간):
      실행 시간           0.00 초
      cpu 시간            0.00 초
      


NOTE: WORK.FAGE_TH_ROW을(를) WORK.FAGE_THRESHOLDS에 추가하는 중입니다.
NOTE: 1개의 관측값을 데이터셋 WORK.FAGE_TH_ROW.에서 읽었습니다.
NOTE: 1개 관측값이 추가되었습니다.
NOTE: 데이터셋 WORK.FAGE_THRESHOLDS에 15개의 관측값과 5개의 변수가 있습니다.
NOTE: 프로시저 APPEND 실행 (총 프로세스 시간):
      실행 시간           0.00 초
      cpu 시간            0.00 초
      


NOTE: 1896개의 관측값을 데이터셋 WORK.FAGE_READ.에서 읽었습니다.
NOTE: 데이터셋 WORK.READ_ONE에 1896개의 관측값과 11개의 변수가 있습니다.
NOTE: DATA 문장 실행 (총 프로세스 시간):
      실행 시간           0.00 초
      cpu 시간            0.01 초
      


NOTE: WORK.READ_ONE을(를) WORK.FAGE_READOUT_SCORED에 추가하는 중입니다.
NOTE: 1896개의 관측값을 데이터셋 WORK.READ_ONE.에서 읽었습니다.
NOTE: 1896개 관측값이 추가되었습니다.
NOTE: 데이터셋 WORK.FAGE_READOUT_SCORED에 24540개의 관측값과 11개의 변수가 있습니다.
NOTE: 프로시저 APPEND 실행 (총 프로세스 시간):
      실행 시간           0.00 초
      cpu 시간            0.00 초
      

NOTE: seed=101 method=lr_b threshold=0.477

NOTE: 2162개의 관측값을 데이터셋 WORK.FAGE_CAL.에서 읽었습니다.
NOTE: 데이터셋 WORK.FAGE_GRID에 2166324개의 관측값과 25개의 변수가 있습니다.
NOTE: DATA 문장 실행 (총 프로세스 시간):
      실행 시간           2.95 초
      cpu 시간            0.51 초
      

NOTE: Table WORK.FAGE_THRESHOLD_STATS created, with 1002 rows and 5 columns.

NOTE: 프로시저 SQL 실행 (총 프로세스 시간):
      실행 시간           0.58 초
      cpu 시간            1.12 초
      


NOTE: 1002개의 관측값을 데이터셋 WORK.FAGE_THRESHOLD_STATS.에서 읽었습니다.
NOTE: 데이터셋 WORK.FAGE_THRESHOLD_STATS에 1002개의 관측값과 7개의 변수가 있습니다.
92                                                         SAS 시스템      2026년  9월 18일 금요일 오전 02시 11분 55초

NOTE: DATA 문장 실행 (총 프로세스 시간):
      실행 시간           0.00 초
      cpu 시간            0.00 초
      


NOTE: 1002개의 관측값을 데이터셋 WORK.FAGE_THRESHOLD_STATS.에서 읽었습니다.
NOTE: 데이터셋 WORK.FAGE_THRESHOLD_STATS에 1002개의 관측값과 7개의 변수가 있습니다.
NOTE: 프로시저 SORT 실행 (총 프로세스 시간):
      실행 시간           0.00 초
      cpu 시간            0.01 초
      


NOTE: 1개의 관측값을 데이터셋 WORK.FAGE_THRESHOLD_STATS.에서 읽었습니다.
      WHERE fpr<=0.01;
NOTE: 데이터셋 WORK.TH_LR_C_101에 1개의 관측값과 7개의 변수가 있습니다.
NOTE: DATA 문장 실행 (총 프로세스 시간):
      실행 시간           0.00 초
      cpu 시간            0.00 초
      


NOTE: 1개의 관측값을 데이터셋 WORK.TH_LR_C_101.에서 읽었습니다.
NOTE: DATA 문장 실행 (총 프로세스 시간):
      실행 시간           0.00 초
      cpu 시간            0.00 초
      


NOTE: 데이터셋 WORK.FAGE_TH_ROW에 1개의 관측값과 5개의 변수가 있습니다.
NOTE: DATA 문장 실행 (총 프로세스 시간):
      실행 시간           0.00 초
      cpu 시간            0.00 초
      


NOTE: WORK.FAGE_TH_ROW을(를) WORK.FAGE_THRESHOLDS에 추가하는 중입니다.
NOTE: 1개의 관측값을 데이터셋 WORK.FAGE_TH_ROW.에서 읽었습니다.
NOTE: 1개 관측값이 추가되었습니다.
NOTE: 데이터셋 WORK.FAGE_THRESHOLDS에 16개의 관측값과 5개의 변수가 있습니다.
NOTE: 프로시저 APPEND 실행 (총 프로세스 시간):
      실행 시간           0.00 초
      cpu 시간            0.00 초
      


NOTE: 1896개의 관측값을 데이터셋 WORK.FAGE_READ.에서 읽었습니다.
NOTE: 데이터셋 WORK.READ_ONE에 1896개의 관측값과 11개의 변수가 있습니다.
NOTE: DATA 문장 실행 (총 프로세스 시간):
      실행 시간           0.00 초
      cpu 시간            0.01 초
      


NOTE: WORK.READ_ONE을(를) WORK.FAGE_READOUT_SCORED에 추가하는 중입니다.
NOTE: 1896개의 관측값을 데이터셋 WORK.READ_ONE.에서 읽었습니다.
NOTE: 1896개 관측값이 추가되었습니다.
93                                                         SAS 시스템      2026년  9월 18일 금요일 오전 02시 11분 55초

NOTE: 데이터셋 WORK.FAGE_READOUT_SCORED에 26436개의 관측값과 11개의 변수가 있습니다.
NOTE: 프로시저 APPEND 실행 (총 프로세스 시간):
      실행 시간           0.00 초
      cpu 시간            0.00 초
      

NOTE: seed=101 method=lr_c threshold=0.416

NOTE: 2162개의 관측값을 데이터셋 WORK.FAGE_CAL.에서 읽었습니다.
NOTE: 데이터셋 WORK.FAGE_GRID에 2166324개의 관측값과 25개의 변수가 있습니다.
NOTE: DATA 문장 실행 (총 프로세스 시간):
      실행 시간           2.26 초
      cpu 시간            0.55 초
      

NOTE: Table WORK.FAGE_THRESHOLD_STATS created, with 1002 rows and 5 columns.

NOTE: 프로시저 SQL 실행 (총 프로세스 시간):
      실행 시간           0.55 초
      cpu 시간            1.12 초
      


NOTE: 1002개의 관측값을 데이터셋 WORK.FAGE_THRESHOLD_STATS.에서 읽었습니다.
NOTE: 데이터셋 WORK.FAGE_THRESHOLD_STATS에 1002개의 관측값과 7개의 변수가 있습니다.
NOTE: DATA 문장 실행 (총 프로세스 시간):
      실행 시간           0.00 초
      cpu 시간            0.01 초
      


NOTE: 1002개의 관측값을 데이터셋 WORK.FAGE_THRESHOLD_STATS.에서 읽었습니다.
NOTE: 데이터셋 WORK.FAGE_THRESHOLD_STATS에 1002개의 관측값과 7개의 변수가 있습니다.
NOTE: 프로시저 SORT 실행 (총 프로세스 시간):
      실행 시간           0.00 초
      cpu 시간            0.00 초
      


NOTE: 1개의 관측값을 데이터셋 WORK.FAGE_THRESHOLD_STATS.에서 읽었습니다.
      WHERE fpr<=0.01;
NOTE: 데이터셋 WORK.TH_WORD_101에 1개의 관측값과 7개의 변수가 있습니다.
NOTE: DATA 문장 실행 (총 프로세스 시간):
      실행 시간           0.00 초
      cpu 시간            0.00 초
      


NOTE: 1개의 관측값을 데이터셋 WORK.TH_WORD_101.에서 읽었습니다.
NOTE: DATA 문장 실행 (총 프로세스 시간):
      실행 시간           0.00 초
      cpu 시간            0.00 초
      


NOTE: 데이터셋 WORK.FAGE_TH_ROW에 1개의 관측값과 5개의 변수가 있습니다.
NOTE: DATA 문장 실행 (총 프로세스 시간):
      실행 시간           0.00 초
94                                                         SAS 시스템      2026년  9월 18일 금요일 오전 02시 11분 58초

      cpu 시간            0.00 초
      


NOTE: WORK.FAGE_TH_ROW을(를) WORK.FAGE_THRESHOLDS에 추가하는 중입니다.
NOTE: 1개의 관측값을 데이터셋 WORK.FAGE_TH_ROW.에서 읽었습니다.
NOTE: 1개 관측값이 추가되었습니다.
NOTE: 데이터셋 WORK.FAGE_THRESHOLDS에 17개의 관측값과 5개의 변수가 있습니다.
NOTE: 프로시저 APPEND 실행 (총 프로세스 시간):
      실행 시간           0.00 초
      cpu 시간            0.00 초
      


NOTE: 1896개의 관측값을 데이터셋 WORK.FAGE_READ.에서 읽었습니다.
NOTE: 데이터셋 WORK.READ_ONE에 1896개의 관측값과 11개의 변수가 있습니다.
NOTE: DATA 문장 실행 (총 프로세스 시간):
      실행 시간           0.00 초
      cpu 시간            0.00 초
      


NOTE: WORK.READ_ONE을(를) WORK.FAGE_READOUT_SCORED에 추가하는 중입니다.
NOTE: 1896개의 관측값을 데이터셋 WORK.READ_ONE.에서 읽었습니다.
NOTE: 1896개 관측값이 추가되었습니다.
NOTE: 데이터셋 WORK.FAGE_READOUT_SCORED에 28332개의 관측값과 11개의 변수가 있습니다.
NOTE: 프로시저 APPEND 실행 (총 프로세스 시간):
      실행 시간           0.00 초
      cpu 시간            0.00 초
      

NOTE: seed=101 method=word threshold=0.515

NOTE: 2162개의 관측값을 데이터셋 WORK.FAGE_CAL.에서 읽었습니다.
NOTE: 데이터셋 WORK.FAGE_GRID에 2166324개의 관측값과 25개의 변수가 있습니다.
NOTE: DATA 문장 실행 (총 프로세스 시간):
      실행 시간           2.72 초
      cpu 시간            0.56 초
      

NOTE: Table WORK.FAGE_THRESHOLD_STATS created, with 1002 rows and 5 columns.

NOTE: 프로시저 SQL 실행 (총 프로세스 시간):
      실행 시간           0.52 초
      cpu 시간            1.06 초
      


NOTE: 1002개의 관측값을 데이터셋 WORK.FAGE_THRESHOLD_STATS.에서 읽었습니다.
NOTE: 데이터셋 WORK.FAGE_THRESHOLD_STATS에 1002개의 관측값과 7개의 변수가 있습니다.
NOTE: DATA 문장 실행 (총 프로세스 시간):
      실행 시간           0.00 초
      cpu 시간            0.01 초
      


NOTE: 1002개의 관측값을 데이터셋 WORK.FAGE_THRESHOLD_STATS.에서 읽었습니다.
NOTE: 데이터셋 WORK.FAGE_THRESHOLD_STATS에 1002개의 관측값과 7개의 변수가 있습니다.
95                                                         SAS 시스템      2026년  9월 18일 금요일 오전 02시 12분 01초

NOTE: 프로시저 SORT 실행 (총 프로세스 시간):
      실행 시간           0.00 초
      cpu 시간            0.00 초
      


NOTE: 1개의 관측값을 데이터셋 WORK.FAGE_THRESHOLD_STATS.에서 읽었습니다.
      WHERE fpr<=0.01;
NOTE: 데이터셋 WORK.TH_KCBERT_101에 1개의 관측값과 7개의 변수가 있습니다.
NOTE: DATA 문장 실행 (총 프로세스 시간):
      실행 시간           0.00 초
      cpu 시간            0.00 초
      


NOTE: 1개의 관측값을 데이터셋 WORK.TH_KCBERT_101.에서 읽었습니다.
NOTE: DATA 문장 실행 (총 프로세스 시간):
      실행 시간           0.00 초
      cpu 시간            0.00 초
      


NOTE: 데이터셋 WORK.FAGE_TH_ROW에 1개의 관측값과 5개의 변수가 있습니다.
NOTE: DATA 문장 실행 (총 프로세스 시간):
      실행 시간           0.00 초
      cpu 시간            0.00 초
      


NOTE: WORK.FAGE_TH_ROW을(를) WORK.FAGE_THRESHOLDS에 추가하는 중입니다.
NOTE: 1개의 관측값을 데이터셋 WORK.FAGE_TH_ROW.에서 읽었습니다.
NOTE: 1개 관측값이 추가되었습니다.
NOTE: 데이터셋 WORK.FAGE_THRESHOLDS에 18개의 관측값과 5개의 변수가 있습니다.
NOTE: 프로시저 APPEND 실행 (총 프로세스 시간):
      실행 시간           0.00 초
      cpu 시간            0.00 초
      


NOTE: 1896개의 관측값을 데이터셋 WORK.FAGE_READ.에서 읽었습니다.
NOTE: 데이터셋 WORK.READ_ONE에 1896개의 관측값과 11개의 변수가 있습니다.
NOTE: DATA 문장 실행 (총 프로세스 시간):
      실행 시간           0.00 초
      cpu 시간            0.00 초
      


NOTE: WORK.READ_ONE을(를) WORK.FAGE_READOUT_SCORED에 추가하는 중입니다.
NOTE: 1896개의 관측값을 데이터셋 WORK.READ_ONE.에서 읽었습니다.
NOTE: 1896개 관측값이 추가되었습니다.
NOTE: 데이터셋 WORK.FAGE_READOUT_SCORED에 30228개의 관측값과 11개의 변수가 있습니다.
NOTE: 프로시저 APPEND 실행 (총 프로세스 시간):
      실행 시간           0.00 초
      cpu 시간            0.01 초
      

NOTE: seed=101 method=kcbert threshold=0.125

96                                                         SAS 시스템      2026년  9월 18일 금요일 오전 02시 12분 01초

NOTE: 1896개의 관측값을 데이터셋 WORK.STACK_READ_101.에서 읽었습니다.
NOTE: 1896개의 관측값을 데이터셋 WORK.FAGE_READ_101.에서 읽었습니다.
NOTE: 데이터셋 WORK.READ_SCORED에 3792개의 관측값과 11개의 변수가 있습니다.
NOTE: DATA 문장 실행 (총 프로세스 시간):
      실행 시간           0.00 초
      cpu 시간            0.00 초
      


NOTE: WORK.READ_SCORED을(를) WORK.FAGE_READOUT_SCORED에 추가하는 중입니다.
NOTE: 3792개의 관측값을 데이터셋 WORK.READ_SCORED.에서 읽었습니다.
NOTE: 3792개 관측값이 추가되었습니다.
NOTE: 데이터셋 WORK.FAGE_READOUT_SCORED에 34020개의 관측값과 11개의 변수가 있습니다.
NOTE: 프로시저 APPEND 실행 (총 프로세스 시간):
      실행 시간           0.00 초
      cpu 시간            0.00 초
      


NOTE: 1896개의 관측값을 데이터셋 WORK.READ_SCORED.에서 읽었습니다.
      WHERE method='stacking';
NOTE: FREQ 프로시저가 384 페이지를 인쇄했습니다.
NOTE: 프로시저 FREQ 실행 (총 프로세스 시간):
      실행 시간           0.01 초
      cpu 시간            0.01 초
      


NOTE: 1896개의 관측값을 데이터셋 WORK.READ_SCORED.에서 읽었습니다.
      WHERE method='fage';
NOTE: FREQ 프로시저가 385 페이지를 인쇄했습니다.
NOTE: 프로시저 FREQ 실행 (총 프로세스 시간):
      실행 시간           0.01 초
      cpu 시간            0.01 초
      


NOTE: 1896개의 관측값을 데이터셋 WORK.READ_SCORED.에서 읽었습니다.
      WHERE method='fage';
NOTE: FREQ 프로시저가 386 페이지를 인쇄했습니다.
NOTE: 프로시저 FREQ 실행 (총 프로세스 시간):
      실행 시간           0.02 초
      cpu 시간            0.02 초
      


NOTE: 20464개의 관측값을 데이터셋 WORK.FAGE.에서 읽었습니다.
NOTE: 데이터셋 WORK.FAGE_CAL에 1881개의 관측값과 19개의 변수가 있습니다.
NOTE: 데이터셋 WORK.FAGE_READ에 2311개의 관측값과 19개의 변수가 있습니다.
NOTE: DATA 문장 실행 (총 프로세스 시간):
      실행 시간           0.00 초
      cpu 시간            0.00 초
      

NOTE: 프로시저 SQL 실행 (총 프로세스 시간):
      실행 시간           0.00 초
      cpu 시간            0.01 초
      
97                                                         SAS 시스템      2026년  9월 18일 금요일 오전 02시 12분 01초



NOTE: PROC LOGISTIC is modeling the probability that target=1.
NOTE: Convergence criterion (GCONV=1E-8) satisfied.
NOTE: 데이터셋 WORK.FAGE_STACK_CV_202에 1개의 관측값과 3개의 변수가 있습니다.
NOTE: 데이터셋 WORK.FAGE_STACK_FIT_202에 3개의 관측값과 4개의 변수가 있습니다.
NOTE: 데이터셋 WORK.FAGE_STACK_PE_202에 7개의 관측값과 7개의 변수가 있습니다.
NOTE: 1881개의 관측값을 데이터셋 WORK.FAGE_CAL.에서 읽었습니다.
NOTE: 데이터셋 WORK.FAGE_STACK_MODEL_202에 55개의 관측값과 6개의 변수가 있습니다.
NOTE: LOGISTIC 프로시저가 387-388 페이지를 인쇄했습니다.
NOTE: 프로시저 LOGISTIC 실행 (총 프로세스 시간):
      실행 시간           0.06 초
      cpu 시간            0.06 초
      


NOTE: PROC LOGISTIC is modeling the probability that target=1.
NOTE: Convergence criterion (GCONV=1E-8) satisfied.
NOTE: 데이터셋 WORK.FAGE_CV_202에 1개의 관측값과 3개의 변수가 있습니다.
NOTE: 데이터셋 WORK.FAGE_FIT_202에 3개의 관측값과 4개의 변수가 있습니다.
NOTE: 데이터셋 WORK.FAGE_PE_202에 11개의 관측값과 7개의 변수가 있습니다.
NOTE: 1881개의 관측값을 데이터셋 WORK.FAGE_CAL.에서 읽었습니다.
NOTE: 데이터셋 WORK.FAGE_MODEL_202에 105개의 관측값과 6개의 변수가 있습니다.
NOTE: LOGISTIC 프로시저가 389-390 페이지를 인쇄했습니다.
NOTE: 프로시저 LOGISTIC 실행 (총 프로세스 시간):
      실행 시간           0.06 초
      cpu 시간            0.05 초
      


NOTE: 1개의 관측값을 데이터셋 WORK.FAGE_STACK_CV_202.에서 읽었습니다.
NOTE: DATA 문장 실행 (총 프로세스 시간):
      실행 시간           0.00 초
      cpu 시간            0.01 초
      


NOTE: 1개의 관측값을 데이터셋 WORK.FAGE_CV_202.에서 읽었습니다.
NOTE: DATA 문장 실행 (총 프로세스 시간):
      실행 시간           0.00 초
      cpu 시간            0.00 초
      


NOTE: 데이터셋 WORK.STACK_CAL_202에 1881개의 관측값과 23개의 변수가 있습니다.
NOTE: 데이터셋 WORK.STACK_READ_202에 2311개의 관측값과 23개의 변수가 있습니다.
NOTE: 프로시저 LOGISTIC 실행 (총 프로세스 시간):
      실행 시간           0.00 초
      cpu 시간            0.00 초
      


NOTE: 데이터셋 WORK.FAGE_CAL_202에 1881개의 관측값과 23개의 변수가 있습니다.
NOTE: 데이터셋 WORK.FAGE_READ_202에 2311개의 관측값과 23개의 변수가 있습니다.
NOTE: 프로시저 LOGISTIC 실행 (총 프로세스 시간):
      실행 시간           0.00 초
      cpu 시간            0.00 초
      
98                                                         SAS 시스템      2026년  9월 18일 금요일 오전 02시 12분 01초



NOTE: 1881개의 관측값을 데이터셋 WORK.STACK_CAL_202.에서 읽었습니다.
NOTE: 데이터셋 WORK.FAGE_GRID에 1884762개의 관측값과 26개의 변수가 있습니다.
NOTE: DATA 문장 실행 (총 프로세스 시간):
      실행 시간           2.49 초
      cpu 시간            0.50 초
      

NOTE: Table WORK.FAGE_THRESHOLD_STATS created, with 1002 rows and 5 columns.

NOTE: 프로시저 SQL 실행 (총 프로세스 시간):
      실행 시간           0.44 초
      cpu 시간            0.93 초
      


NOTE: 1002개의 관측값을 데이터셋 WORK.FAGE_THRESHOLD_STATS.에서 읽었습니다.
NOTE: 데이터셋 WORK.FAGE_THRESHOLD_STATS에 1002개의 관측값과 7개의 변수가 있습니다.
NOTE: DATA 문장 실행 (총 프로세스 시간):
      실행 시간           0.00 초
      cpu 시간            0.00 초
      


NOTE: 1002개의 관측값을 데이터셋 WORK.FAGE_THRESHOLD_STATS.에서 읽었습니다.
NOTE: 데이터셋 WORK.FAGE_THRESHOLD_STATS에 1002개의 관측값과 7개의 변수가 있습니다.
NOTE: 프로시저 SORT 실행 (총 프로세스 시간):
      실행 시간           0.00 초
      cpu 시간            0.00 초
      


NOTE: 1개의 관측값을 데이터셋 WORK.FAGE_THRESHOLD_STATS.에서 읽었습니다.
      WHERE fpr<=0.01;
NOTE: 데이터셋 WORK.TH_STACK_202에 1개의 관측값과 7개의 변수가 있습니다.
NOTE: DATA 문장 실행 (총 프로세스 시간):
      실행 시간           0.00 초
      cpu 시간            0.00 초
      


NOTE: 1개의 관측값을 데이터셋 WORK.TH_STACK_202.에서 읽었습니다.
NOTE: DATA 문장 실행 (총 프로세스 시간):
      실행 시간           0.00 초
      cpu 시간            0.00 초
      


NOTE: 데이터셋 WORK.FAGE_TH_ROW에 1개의 관측값과 5개의 변수가 있습니다.
NOTE: DATA 문장 실행 (총 프로세스 시간):
      실행 시간           0.00 초
      cpu 시간            0.01 초
      


NOTE: WORK.FAGE_TH_ROW을(를) WORK.FAGE_THRESHOLDS에 추가하는 중입니다.
NOTE: 1개의 관측값을 데이터셋 WORK.FAGE_TH_ROW.에서 읽었습니다.
99                                                         SAS 시스템      2026년  9월 18일 금요일 오전 02시 12분 05초

NOTE: 1개 관측값이 추가되었습니다.
NOTE: 데이터셋 WORK.FAGE_THRESHOLDS에 19개의 관측값과 5개의 변수가 있습니다.
NOTE: 프로시저 APPEND 실행 (총 프로세스 시간):
      실행 시간           0.00 초
      cpu 시간            0.00 초
      


NOTE: 1881개의 관측값을 데이터셋 WORK.FAGE_CAL_202.에서 읽었습니다.
NOTE: 데이터셋 WORK.FAGE_GRID에 1884762개의 관측값과 26개의 변수가 있습니다.
NOTE: DATA 문장 실행 (총 프로세스 시간):
      실행 시간           2.18 초
      cpu 시간            0.49 초
      

NOTE: Table WORK.FAGE_THRESHOLD_STATS created, with 1002 rows and 5 columns.

NOTE: 프로시저 SQL 실행 (총 프로세스 시간):
      실행 시간           0.42 초
      cpu 시간            0.90 초
      


NOTE: 1002개의 관측값을 데이터셋 WORK.FAGE_THRESHOLD_STATS.에서 읽었습니다.
NOTE: 데이터셋 WORK.FAGE_THRESHOLD_STATS에 1002개의 관측값과 7개의 변수가 있습니다.
NOTE: DATA 문장 실행 (총 프로세스 시간):
      실행 시간           0.00 초
      cpu 시간            0.00 초
      


NOTE: 1002개의 관측값을 데이터셋 WORK.FAGE_THRESHOLD_STATS.에서 읽었습니다.
NOTE: 데이터셋 WORK.FAGE_THRESHOLD_STATS에 1002개의 관측값과 7개의 변수가 있습니다.
NOTE: 프로시저 SORT 실행 (총 프로세스 시간):
      실행 시간           0.00 초
      cpu 시간            0.00 초
      


NOTE: 1개의 관측값을 데이터셋 WORK.FAGE_THRESHOLD_STATS.에서 읽었습니다.
      WHERE fpr<=0.01;
NOTE: 데이터셋 WORK.TH_FAGE_202에 1개의 관측값과 7개의 변수가 있습니다.
NOTE: DATA 문장 실행 (총 프로세스 시간):
      실행 시간           0.00 초
      cpu 시간            0.00 초
      


NOTE: 1개의 관측값을 데이터셋 WORK.TH_FAGE_202.에서 읽었습니다.
NOTE: DATA 문장 실행 (총 프로세스 시간):
      실행 시간           0.00 초
      cpu 시간            0.00 초
      


NOTE: 데이터셋 WORK.FAGE_TH_ROW에 1개의 관측값과 5개의 변수가 있습니다.
NOTE: DATA 문장 실행 (총 프로세스 시간):
      실행 시간           0.00 초
100                                                        SAS 시스템      2026년  9월 18일 금요일 오전 02시 12분 08초

      cpu 시간            0.00 초
      


NOTE: WORK.FAGE_TH_ROW을(를) WORK.FAGE_THRESHOLDS에 추가하는 중입니다.
NOTE: 1개의 관측값을 데이터셋 WORK.FAGE_TH_ROW.에서 읽었습니다.
NOTE: 1개 관측값이 추가되었습니다.
NOTE: 데이터셋 WORK.FAGE_THRESHOLDS에 20개의 관측값과 5개의 변수가 있습니다.
NOTE: 프로시저 APPEND 실행 (총 프로세스 시간):
      실행 시간           0.00 초
      cpu 시간            0.00 초
      

NOTE: seed=202 stacking_threshold=0.172 fage_threshold=0.203
NOTE: 프로시저 SQL 실행 (총 프로세스 시간):
      실행 시간           0.00 초
      cpu 시간            0.01 초
      


NOTE: 1881개의 관측값을 데이터셋 WORK.FAGE_CAL.에서 읽었습니다.
NOTE: 데이터셋 WORK.FAGE_CAL에 1881개의 관측값과 21개의 변수가 있습니다.
NOTE: DATA 문장 실행 (총 프로세스 시간):
      실행 시간           0.00 초
      cpu 시간            0.00 초
      

NOTE: 프로시저 SQL 실행 (총 프로세스 시간):
      실행 시간           0.00 초
      cpu 시간            0.00 초
      


NOTE: 1881개의 관측값을 데이터셋 WORK.FAGE_CAL.에서 읽었습니다.
NOTE: 데이터셋 WORK.FAGE_CAL에 1881개의 관측값과 22개의 변수가 있습니다.
NOTE: DATA 문장 실행 (총 프로세스 시간):
      실행 시간           0.00 초
      cpu 시간            0.00 초
      


NOTE: PROC LOGISTIC is modeling the probability that target=1.
NOTE: Convergence criterion (GCONV=1E-8) satisfied.
NOTE: 데이터셋 WORK.FAGE_A_CV_202에 1개의 관측값과 3개의 변수가 있습니다.
NOTE: 데이터셋 WORK.FAGE_A_FIT_202에 3개의 관측값과 4개의 변수가 있습니다.
NOTE: 데이터셋 WORK.FAGE_A_PE_202에 11개의 관측값과 7개의 변수가 있습니다.
NOTE: 1881개의 관측값을 데이터셋 WORK.FAGE_CAL.에서 읽었습니다.
NOTE: 데이터셋 WORK.FAGE_A_MODEL_202에 106개의 관측값과 6개의 변수가 있습니다.
NOTE: LOGISTIC 프로시저가 391-392 페이지를 인쇄했습니다.
NOTE: 프로시저 LOGISTIC 실행 (총 프로세스 시간):
      실행 시간           0.06 초
      cpu 시간            0.07 초
      


NOTE: 1개의 관측값을 데이터셋 WORK.FAGE_A_CV_202.에서 읽었습니다.
NOTE: DATA 문장 실행 (총 프로세스 시간):
      실행 시간           0.00 초
101                                                        SAS 시스템      2026년  9월 18일 금요일 오전 02시 12분 08초

      cpu 시간            0.00 초
      


NOTE: 데이터셋 WORK.FAGE_A_CAL_202에 1881개의 관측값과 26개의 변수가 있습니다.
NOTE: 데이터셋 WORK.FAGE_A_READ_202에 2311개의 관측값과 23개의 변수가 있습니다.
NOTE: 프로시저 LOGISTIC 실행 (총 프로세스 시간):
      실행 시간           0.00 초
      cpu 시간            0.01 초
      


NOTE: 1881개의 관측값을 데이터셋 WORK.FAGE_A_CAL_202.에서 읽었습니다.
NOTE: 데이터셋 WORK.FAGE_GRID에 1884762개의 관측값과 29개의 변수가 있습니다.
NOTE: DATA 문장 실행 (총 프로세스 시간):
      실행 시간           2.42 초
      cpu 시간            0.51 초
      

NOTE: Table WORK.FAGE_THRESHOLD_STATS created, with 1002 rows and 5 columns.

NOTE: 프로시저 SQL 실행 (총 프로세스 시간):
      실행 시간           0.44 초
      cpu 시간            0.90 초
      


NOTE: 1002개의 관측값을 데이터셋 WORK.FAGE_THRESHOLD_STATS.에서 읽었습니다.
NOTE: 데이터셋 WORK.FAGE_THRESHOLD_STATS에 1002개의 관측값과 7개의 변수가 있습니다.
NOTE: DATA 문장 실행 (총 프로세스 시간):
      실행 시간           0.00 초
      cpu 시간            0.01 초
      


NOTE: 1002개의 관측값을 데이터셋 WORK.FAGE_THRESHOLD_STATS.에서 읽었습니다.
NOTE: 데이터셋 WORK.FAGE_THRESHOLD_STATS에 1002개의 관측값과 7개의 변수가 있습니다.
NOTE: 프로시저 SORT 실행 (총 프로세스 시간):
      실행 시간           0.00 초
      cpu 시간            0.00 초
      


NOTE: 1개의 관측값을 데이터셋 WORK.FAGE_THRESHOLD_STATS.에서 읽었습니다.
      WHERE fpr<=0.01;
NOTE: 데이터셋 WORK.TH_FAGE_A_202에 1개의 관측값과 7개의 변수가 있습니다.
NOTE: DATA 문장 실행 (총 프로세스 시간):
      실행 시간           0.00 초
      cpu 시간            0.00 초
      


NOTE: 1개의 관측값을 데이터셋 WORK.TH_FAGE_A_202.에서 읽었습니다.
NOTE: DATA 문장 실행 (총 프로세스 시간):
      실행 시간           0.00 초
      cpu 시간            0.00 초
      

102                                                        SAS 시스템      2026년  9월 18일 금요일 오전 02시 12분 11초


NOTE: 데이터셋 WORK.FAGE_TH_ROW에 1개의 관측값과 5개의 변수가 있습니다.
NOTE: DATA 문장 실행 (총 프로세스 시간):
      실행 시간           0.00 초
      cpu 시간            0.00 초
      


NOTE: WORK.FAGE_TH_ROW을(를) WORK.FAGE_THRESHOLDS에 추가하는 중입니다.
NOTE: 1개의 관측값을 데이터셋 WORK.FAGE_TH_ROW.에서 읽었습니다.
NOTE: 1개 관측값이 추가되었습니다.
NOTE: 데이터셋 WORK.FAGE_THRESHOLDS에 21개의 관측값과 5개의 변수가 있습니다.
NOTE: 프로시저 APPEND 실행 (총 프로세스 시간):
      실행 시간           0.00 초
      cpu 시간            0.01 초
      


NOTE: 2311개의 관측값을 데이터셋 WORK.FAGE_A_READ_202.에서 읽었습니다.
NOTE: 데이터셋 WORK.READ_ONE에 2311개의 관측값과 11개의 변수가 있습니다.
NOTE: DATA 문장 실행 (총 프로세스 시간):
      실행 시간           0.00 초
      cpu 시간            0.00 초
      


NOTE: WORK.READ_ONE을(를) WORK.FAGE_READOUT_SCORED에 추가하는 중입니다.
NOTE: 2311개의 관측값을 데이터셋 WORK.READ_ONE.에서 읽었습니다.
NOTE: 2311개 관측값이 추가되었습니다.
NOTE: 데이터셋 WORK.FAGE_READOUT_SCORED에 36331개의 관측값과 11개의 변수가 있습니다.
NOTE: 프로시저 APPEND 실행 (총 프로세스 시간):
      실행 시간           0.00 초
      cpu 시간            0.00 초
      

NOTE: seed=202 method=fage_a threshold=0.416

NOTE: PROC LOGISTIC is modeling the probability that target=1.
NOTE: Convergence criterion (GCONV=1E-8) satisfied.
NOTE: 데이터셋 WORK.FAGE_C_CV_202에 1개의 관측값과 3개의 변수가 있습니다.
NOTE: 데이터셋 WORK.FAGE_C_FIT_202에 3개의 관측값과 4개의 변수가 있습니다.
NOTE: 데이터셋 WORK.FAGE_C_PE_202에 11개의 관측값과 7개의 변수가 있습니다.
NOTE: 1881개의 관측값을 데이터셋 WORK.FAGE_CAL.에서 읽었습니다.
NOTE: 데이터셋 WORK.FAGE_C_MODEL_202에 106개의 관측값과 6개의 변수가 있습니다.
NOTE: LOGISTIC 프로시저가 393-394 페이지를 인쇄했습니다.
NOTE: 프로시저 LOGISTIC 실행 (총 프로세스 시간):
      실행 시간           0.06 초
      cpu 시간            0.06 초
      


NOTE: 1개의 관측값을 데이터셋 WORK.FAGE_C_CV_202.에서 읽었습니다.
NOTE: DATA 문장 실행 (총 프로세스 시간):
      실행 시간           0.00 초
      cpu 시간            0.00 초
      


103                                                        SAS 시스템      2026년  9월 18일 금요일 오전 02시 12분 11초

NOTE: 데이터셋 WORK.FAGE_C_CAL_202에 1881개의 관측값과 26개의 변수가 있습니다.
NOTE: 데이터셋 WORK.FAGE_C_READ_202에 2311개의 관측값과 23개의 변수가 있습니다.
NOTE: 프로시저 LOGISTIC 실행 (총 프로세스 시간):
      실행 시간           0.00 초
      cpu 시간            0.01 초
      


NOTE: 1881개의 관측값을 데이터셋 WORK.FAGE_C_CAL_202.에서 읽었습니다.
NOTE: 데이터셋 WORK.FAGE_GRID에 1884762개의 관측값과 29개의 변수가 있습니다.
NOTE: DATA 문장 실행 (총 프로세스 시간):
      실행 시간           2.70 초
      cpu 시간            0.51 초
      

NOTE: Table WORK.FAGE_THRESHOLD_STATS created, with 1002 rows and 5 columns.

NOTE: 프로시저 SQL 실행 (총 프로세스 시간):
      실행 시간           0.44 초
      cpu 시간            0.91 초
      


NOTE: 1002개의 관측값을 데이터셋 WORK.FAGE_THRESHOLD_STATS.에서 읽었습니다.
NOTE: 데이터셋 WORK.FAGE_THRESHOLD_STATS에 1002개의 관측값과 7개의 변수가 있습니다.
NOTE: DATA 문장 실행 (총 프로세스 시간):
      실행 시간           0.00 초
      cpu 시간            0.00 초
      


NOTE: 1002개의 관측값을 데이터셋 WORK.FAGE_THRESHOLD_STATS.에서 읽었습니다.
NOTE: 데이터셋 WORK.FAGE_THRESHOLD_STATS에 1002개의 관측값과 7개의 변수가 있습니다.
NOTE: 프로시저 SORT 실행 (총 프로세스 시간):
      실행 시간           0.00 초
      cpu 시간            0.00 초
      


NOTE: 1개의 관측값을 데이터셋 WORK.FAGE_THRESHOLD_STATS.에서 읽었습니다.
      WHERE fpr<=0.01;
NOTE: 데이터셋 WORK.TH_FAGE_C_202에 1개의 관측값과 7개의 변수가 있습니다.
NOTE: DATA 문장 실행 (총 프로세스 시간):
      실행 시간           0.00 초
      cpu 시간            0.01 초
      


NOTE: 1개의 관측값을 데이터셋 WORK.TH_FAGE_C_202.에서 읽었습니다.
NOTE: DATA 문장 실행 (총 프로세스 시간):
      실행 시간           0.00 초
      cpu 시간            0.00 초
      


NOTE: 데이터셋 WORK.FAGE_TH_ROW에 1개의 관측값과 5개의 변수가 있습니다.
NOTE: DATA 문장 실행 (총 프로세스 시간):
      실행 시간           0.00 초
104                                                        SAS 시스템      2026년  9월 18일 금요일 오전 02시 12분 14초

      cpu 시간            0.00 초
      


NOTE: WORK.FAGE_TH_ROW을(를) WORK.FAGE_THRESHOLDS에 추가하는 중입니다.
NOTE: 1개의 관측값을 데이터셋 WORK.FAGE_TH_ROW.에서 읽었습니다.
NOTE: 1개 관측값이 추가되었습니다.
NOTE: 데이터셋 WORK.FAGE_THRESHOLDS에 22개의 관측값과 5개의 변수가 있습니다.
NOTE: 프로시저 APPEND 실행 (총 프로세스 시간):
      실행 시간           0.00 초
      cpu 시간            0.01 초
      


NOTE: 2311개의 관측값을 데이터셋 WORK.FAGE_C_READ_202.에서 읽었습니다.
NOTE: 데이터셋 WORK.READ_ONE에 2311개의 관측값과 11개의 변수가 있습니다.
NOTE: DATA 문장 실행 (총 프로세스 시간):
      실행 시간           0.00 초
      cpu 시간            0.00 초
      


NOTE: WORK.READ_ONE을(를) WORK.FAGE_READOUT_SCORED에 추가하는 중입니다.
NOTE: 2311개의 관측값을 데이터셋 WORK.READ_ONE.에서 읽었습니다.
NOTE: 2311개 관측값이 추가되었습니다.
NOTE: 데이터셋 WORK.FAGE_READOUT_SCORED에 38642개의 관측값과 11개의 변수가 있습니다.
NOTE: 프로시저 APPEND 실행 (총 프로세스 시간):
      실행 시간           0.00 초
      cpu 시간            0.00 초
      

NOTE: seed=202 method=fage_c threshold=0.53

NOTE: 1881개의 관측값을 데이터셋 WORK.FAGE_CAL.에서 읽었습니다.
NOTE: 데이터셋 WORK.FAGE_GRID에 1884762개의 관측값과 25개의 변수가 있습니다.
NOTE: DATA 문장 실행 (총 프로세스 시간):
      실행 시간           2.64 초
      cpu 시간            0.47 초
      

NOTE: Table WORK.FAGE_THRESHOLD_STATS created, with 1002 rows and 5 columns.

NOTE: 프로시저 SQL 실행 (총 프로세스 시간):
      실행 시간           0.45 초
      cpu 시간            0.94 초
      


NOTE: 1002개의 관측값을 데이터셋 WORK.FAGE_THRESHOLD_STATS.에서 읽었습니다.
NOTE: 데이터셋 WORK.FAGE_THRESHOLD_STATS에 1002개의 관측값과 7개의 변수가 있습니다.
NOTE: DATA 문장 실행 (총 프로세스 시간):
      실행 시간           0.00 초
      cpu 시간            0.00 초
      


NOTE: 1002개의 관측값을 데이터셋 WORK.FAGE_THRESHOLD_STATS.에서 읽었습니다.
NOTE: 데이터셋 WORK.FAGE_THRESHOLD_STATS에 1002개의 관측값과 7개의 변수가 있습니다.
105                                                        SAS 시스템      2026년  9월 18일 금요일 오전 02시 12분 17초

NOTE: 프로시저 SORT 실행 (총 프로세스 시간):
      실행 시간           0.00 초
      cpu 시간            0.00 초
      


NOTE: 1개의 관측값을 데이터셋 WORK.FAGE_THRESHOLD_STATS.에서 읽었습니다.
      WHERE fpr<=0.01;
NOTE: 데이터셋 WORK.TH_LR_A_202에 1개의 관측값과 7개의 변수가 있습니다.
NOTE: DATA 문장 실행 (총 프로세스 시간):
      실행 시간           0.00 초
      cpu 시간            0.01 초
      


NOTE: 1개의 관측값을 데이터셋 WORK.TH_LR_A_202.에서 읽었습니다.
NOTE: DATA 문장 실행 (총 프로세스 시간):
      실행 시간           0.00 초
      cpu 시간            0.00 초
      


NOTE: 데이터셋 WORK.FAGE_TH_ROW에 1개의 관측값과 5개의 변수가 있습니다.
NOTE: DATA 문장 실행 (총 프로세스 시간):
      실행 시간           0.00 초
      cpu 시간            0.00 초
      


NOTE: WORK.FAGE_TH_ROW을(를) WORK.FAGE_THRESHOLDS에 추가하는 중입니다.
NOTE: 1개의 관측값을 데이터셋 WORK.FAGE_TH_ROW.에서 읽었습니다.
NOTE: 1개 관측값이 추가되었습니다.
NOTE: 데이터셋 WORK.FAGE_THRESHOLDS에 23개의 관측값과 5개의 변수가 있습니다.
NOTE: 프로시저 APPEND 실행 (총 프로세스 시간):
      실행 시간           0.00 초
      cpu 시간            0.00 초
      


NOTE: 2311개의 관측값을 데이터셋 WORK.FAGE_READ.에서 읽었습니다.
NOTE: 데이터셋 WORK.READ_ONE에 2311개의 관측값과 11개의 변수가 있습니다.
NOTE: DATA 문장 실행 (총 프로세스 시간):
      실행 시간           0.00 초
      cpu 시간            0.00 초
      


NOTE: WORK.READ_ONE을(를) WORK.FAGE_READOUT_SCORED에 추가하는 중입니다.
NOTE: 2311개의 관측값을 데이터셋 WORK.READ_ONE.에서 읽었습니다.
NOTE: 2311개 관측값이 추가되었습니다.
NOTE: 데이터셋 WORK.FAGE_READOUT_SCORED에 40953개의 관측값과 11개의 변수가 있습니다.
NOTE: 프로시저 APPEND 실행 (총 프로세스 시간):
      실행 시간           0.00 초
      cpu 시간            0.01 초
      

NOTE: seed=202 method=lr_a threshold=0.447

106                                                        SAS 시스템      2026년  9월 18일 금요일 오전 02시 12분 18초

NOTE: 1881개의 관측값을 데이터셋 WORK.FAGE_CAL.에서 읽었습니다.
NOTE: 데이터셋 WORK.FAGE_GRID에 1884762개의 관측값과 25개의 변수가 있습니다.
NOTE: DATA 문장 실행 (총 프로세스 시간):
      실행 시간           1.94 초
      cpu 시간            0.48 초
      

NOTE: Table WORK.FAGE_THRESHOLD_STATS created, with 1002 rows and 5 columns.

NOTE: 프로시저 SQL 실행 (총 프로세스 시간):
      실행 시간           0.42 초
      cpu 시간            0.88 초
      


NOTE: 1002개의 관측값을 데이터셋 WORK.FAGE_THRESHOLD_STATS.에서 읽었습니다.
NOTE: 데이터셋 WORK.FAGE_THRESHOLD_STATS에 1002개의 관측값과 7개의 변수가 있습니다.
NOTE: DATA 문장 실행 (총 프로세스 시간):
      실행 시간           0.00 초
      cpu 시간            0.00 초
      


NOTE: 1002개의 관측값을 데이터셋 WORK.FAGE_THRESHOLD_STATS.에서 읽었습니다.
NOTE: 데이터셋 WORK.FAGE_THRESHOLD_STATS에 1002개의 관측값과 7개의 변수가 있습니다.
NOTE: 프로시저 SORT 실행 (총 프로세스 시간):
      실행 시간           0.00 초
      cpu 시간            0.00 초
      


NOTE: 1개의 관측값을 데이터셋 WORK.FAGE_THRESHOLD_STATS.에서 읽었습니다.
      WHERE fpr<=0.01;
NOTE: 데이터셋 WORK.TH_LR_B_202에 1개의 관측값과 7개의 변수가 있습니다.
NOTE: DATA 문장 실행 (총 프로세스 시간):
      실행 시간           0.00 초
      cpu 시간            0.00 초
      


NOTE: 1개의 관측값을 데이터셋 WORK.TH_LR_B_202.에서 읽었습니다.
NOTE: DATA 문장 실행 (총 프로세스 시간):
      실행 시간           0.00 초
      cpu 시간            0.00 초
      


NOTE: 데이터셋 WORK.FAGE_TH_ROW에 1개의 관측값과 5개의 변수가 있습니다.
NOTE: DATA 문장 실행 (총 프로세스 시간):
      실행 시간           0.00 초
      cpu 시간            0.00 초
      


NOTE: WORK.FAGE_TH_ROW을(를) WORK.FAGE_THRESHOLDS에 추가하는 중입니다.
NOTE: 1개의 관측값을 데이터셋 WORK.FAGE_TH_ROW.에서 읽었습니다.
NOTE: 1개 관측값이 추가되었습니다.
NOTE: 데이터셋 WORK.FAGE_THRESHOLDS에 24개의 관측값과 5개의 변수가 있습니다.
107                                                        SAS 시스템      2026년  9월 18일 금요일 오전 02시 12분 20초

NOTE: 프로시저 APPEND 실행 (총 프로세스 시간):
      실행 시간           0.00 초
      cpu 시간            0.00 초
      


NOTE: 2311개의 관측값을 데이터셋 WORK.FAGE_READ.에서 읽었습니다.
NOTE: 데이터셋 WORK.READ_ONE에 2311개의 관측값과 11개의 변수가 있습니다.
NOTE: DATA 문장 실행 (총 프로세스 시간):
      실행 시간           0.00 초
      cpu 시간            0.00 초
      


NOTE: WORK.READ_ONE을(를) WORK.FAGE_READOUT_SCORED에 추가하는 중입니다.
NOTE: 2311개의 관측값을 데이터셋 WORK.READ_ONE.에서 읽었습니다.
NOTE: 2311개 관측값이 추가되었습니다.
NOTE: 데이터셋 WORK.FAGE_READOUT_SCORED에 43264개의 관측값과 11개의 변수가 있습니다.
NOTE: 프로시저 APPEND 실행 (총 프로세스 시간):
      실행 시간           0.00 초
      cpu 시간            0.00 초
      

NOTE: seed=202 method=lr_b threshold=0.544

NOTE: 1881개의 관측값을 데이터셋 WORK.FAGE_CAL.에서 읽었습니다.
NOTE: 데이터셋 WORK.FAGE_GRID에 1884762개의 관측값과 25개의 변수가 있습니다.
NOTE: DATA 문장 실행 (총 프로세스 시간):
      실행 시간           2.86 초
      cpu 시간            0.45 초
      

NOTE: Table WORK.FAGE_THRESHOLD_STATS created, with 1002 rows and 5 columns.

NOTE: 프로시저 SQL 실행 (총 프로세스 시간):
      실행 시간           0.42 초
      cpu 시간            0.87 초
      


NOTE: 1002개의 관측값을 데이터셋 WORK.FAGE_THRESHOLD_STATS.에서 읽었습니다.
NOTE: 데이터셋 WORK.FAGE_THRESHOLD_STATS에 1002개의 관측값과 7개의 변수가 있습니다.
NOTE: DATA 문장 실행 (총 프로세스 시간):
      실행 시간           0.00 초
      cpu 시간            0.01 초
      


NOTE: 1002개의 관측값을 데이터셋 WORK.FAGE_THRESHOLD_STATS.에서 읽었습니다.
NOTE: 데이터셋 WORK.FAGE_THRESHOLD_STATS에 1002개의 관측값과 7개의 변수가 있습니다.
NOTE: 프로시저 SORT 실행 (총 프로세스 시간):
      실행 시간           0.00 초
      cpu 시간            0.01 초
      


NOTE: 1개의 관측값을 데이터셋 WORK.FAGE_THRESHOLD_STATS.에서 읽었습니다.
      WHERE fpr<=0.01;
108                                                        SAS 시스템      2026년  9월 18일 금요일 오전 02시 12분 23초

NOTE: 데이터셋 WORK.TH_LR_C_202에 1개의 관측값과 7개의 변수가 있습니다.
NOTE: DATA 문장 실행 (총 프로세스 시간):
      실행 시간           0.05 초
      cpu 시간            0.00 초
      


NOTE: 1개의 관측값을 데이터셋 WORK.TH_LR_C_202.에서 읽었습니다.
NOTE: DATA 문장 실행 (총 프로세스 시간):
      실행 시간           0.00 초
      cpu 시간            0.00 초
      


NOTE: 데이터셋 WORK.FAGE_TH_ROW에 1개의 관측값과 5개의 변수가 있습니다.
NOTE: DATA 문장 실행 (총 프로세스 시간):
      실행 시간           0.00 초
      cpu 시간            0.00 초
      


NOTE: WORK.FAGE_TH_ROW을(를) WORK.FAGE_THRESHOLDS에 추가하는 중입니다.
NOTE: 1개의 관측값을 데이터셋 WORK.FAGE_TH_ROW.에서 읽었습니다.
NOTE: 1개 관측값이 추가되었습니다.
NOTE: 데이터셋 WORK.FAGE_THRESHOLDS에 25개의 관측값과 5개의 변수가 있습니다.
NOTE: 프로시저 APPEND 실행 (총 프로세스 시간):
      실행 시간           0.00 초
      cpu 시간            0.00 초
      


NOTE: 2311개의 관측값을 데이터셋 WORK.FAGE_READ.에서 읽었습니다.
NOTE: 데이터셋 WORK.READ_ONE에 2311개의 관측값과 11개의 변수가 있습니다.
NOTE: DATA 문장 실행 (총 프로세스 시간):
      실행 시간           0.00 초
      cpu 시간            0.01 초
      


NOTE: WORK.READ_ONE을(를) WORK.FAGE_READOUT_SCORED에 추가하는 중입니다.
NOTE: 2311개의 관측값을 데이터셋 WORK.READ_ONE.에서 읽었습니다.
NOTE: 2311개 관측값이 추가되었습니다.
NOTE: 데이터셋 WORK.FAGE_READOUT_SCORED에 45575개의 관측값과 11개의 변수가 있습니다.
NOTE: 프로시저 APPEND 실행 (총 프로세스 시간):
      실행 시간           0.00 초
      cpu 시간            0.00 초
      

NOTE: seed=202 method=lr_c threshold=0.43

NOTE: 1881개의 관측값을 데이터셋 WORK.FAGE_CAL.에서 읽었습니다.
NOTE: 데이터셋 WORK.FAGE_GRID에 1884762개의 관측값과 25개의 변수가 있습니다.
NOTE: DATA 문장 실행 (총 프로세스 시간):
      실행 시간           2.51 초
      cpu 시간            0.47 초
      

NOTE: Table WORK.FAGE_THRESHOLD_STATS created, with 1002 rows and 5 columns.
109                                                        SAS 시스템      2026년  9월 18일 금요일 오전 02시 12분 26초


NOTE: 프로시저 SQL 실행 (총 프로세스 시간):
      실행 시간           0.47 초
      cpu 시간            0.96 초
      


NOTE: 1002개의 관측값을 데이터셋 WORK.FAGE_THRESHOLD_STATS.에서 읽었습니다.
NOTE: 데이터셋 WORK.FAGE_THRESHOLD_STATS에 1002개의 관측값과 7개의 변수가 있습니다.
NOTE: DATA 문장 실행 (총 프로세스 시간):
      실행 시간           0.00 초
      cpu 시간            0.01 초
      


NOTE: 1002개의 관측값을 데이터셋 WORK.FAGE_THRESHOLD_STATS.에서 읽었습니다.
NOTE: 데이터셋 WORK.FAGE_THRESHOLD_STATS에 1002개의 관측값과 7개의 변수가 있습니다.
NOTE: 프로시저 SORT 실행 (총 프로세스 시간):
      실행 시간           0.00 초
      cpu 시간            0.00 초
      


NOTE: 1개의 관측값을 데이터셋 WORK.FAGE_THRESHOLD_STATS.에서 읽었습니다.
      WHERE fpr<=0.01;
NOTE: 데이터셋 WORK.TH_WORD_202에 1개의 관측값과 7개의 변수가 있습니다.
NOTE: DATA 문장 실행 (총 프로세스 시간):
      실행 시간           0.00 초
      cpu 시간            0.00 초
      


NOTE: 1개의 관측값을 데이터셋 WORK.TH_WORD_202.에서 읽었습니다.
NOTE: DATA 문장 실행 (총 프로세스 시간):
      실행 시간           0.00 초
      cpu 시간            0.00 초
      


NOTE: 데이터셋 WORK.FAGE_TH_ROW에 1개의 관측값과 5개의 변수가 있습니다.
NOTE: DATA 문장 실행 (총 프로세스 시간):
      실행 시간           0.00 초
      cpu 시간            0.01 초
      


NOTE: WORK.FAGE_TH_ROW을(를) WORK.FAGE_THRESHOLDS에 추가하는 중입니다.
NOTE: 1개의 관측값을 데이터셋 WORK.FAGE_TH_ROW.에서 읽었습니다.
NOTE: 1개 관측값이 추가되었습니다.
NOTE: 데이터셋 WORK.FAGE_THRESHOLDS에 26개의 관측값과 5개의 변수가 있습니다.
NOTE: 프로시저 APPEND 실행 (총 프로세스 시간):
      실행 시간           0.00 초
      cpu 시간            0.01 초
      


NOTE: 2311개의 관측값을 데이터셋 WORK.FAGE_READ.에서 읽었습니다.
NOTE: 데이터셋 WORK.READ_ONE에 2311개의 관측값과 11개의 변수가 있습니다.
110                                                        SAS 시스템      2026년  9월 18일 금요일 오전 02시 12분 26초

NOTE: DATA 문장 실행 (총 프로세스 시간):
      실행 시간           0.00 초
      cpu 시간            0.00 초
      


NOTE: WORK.READ_ONE을(를) WORK.FAGE_READOUT_SCORED에 추가하는 중입니다.
NOTE: 2311개의 관측값을 데이터셋 WORK.READ_ONE.에서 읽었습니다.
NOTE: 2311개 관측값이 추가되었습니다.
NOTE: 데이터셋 WORK.FAGE_READOUT_SCORED에 47886개의 관측값과 11개의 변수가 있습니다.
NOTE: 프로시저 APPEND 실행 (총 프로세스 시간):
      실행 시간           0.00 초
      cpu 시간            0.00 초
      

NOTE: seed=202 method=word threshold=0.458

NOTE: 1881개의 관측값을 데이터셋 WORK.FAGE_CAL.에서 읽었습니다.
NOTE: 데이터셋 WORK.FAGE_GRID에 1884762개의 관측값과 25개의 변수가 있습니다.
NOTE: DATA 문장 실행 (총 프로세스 시간):
      실행 시간           2.05 초
      cpu 시간            0.50 초
      

NOTE: Table WORK.FAGE_THRESHOLD_STATS created, with 1002 rows and 5 columns.

NOTE: 프로시저 SQL 실행 (총 프로세스 시간):
      실행 시간           0.52 초
      cpu 시간            0.99 초
      


NOTE: 1002개의 관측값을 데이터셋 WORK.FAGE_THRESHOLD_STATS.에서 읽었습니다.
NOTE: 데이터셋 WORK.FAGE_THRESHOLD_STATS에 1002개의 관측값과 7개의 변수가 있습니다.
NOTE: DATA 문장 실행 (총 프로세스 시간):
      실행 시간           0.00 초
      cpu 시간            0.00 초
      


NOTE: 1002개의 관측값을 데이터셋 WORK.FAGE_THRESHOLD_STATS.에서 읽었습니다.
NOTE: 데이터셋 WORK.FAGE_THRESHOLD_STATS에 1002개의 관측값과 7개의 변수가 있습니다.
NOTE: 프로시저 SORT 실행 (총 프로세스 시간):
      실행 시간           0.00 초
      cpu 시간            0.00 초
      


NOTE: 1개의 관측값을 데이터셋 WORK.FAGE_THRESHOLD_STATS.에서 읽었습니다.
      WHERE fpr<=0.01;
NOTE: 데이터셋 WORK.TH_KCBERT_202에 1개의 관측값과 7개의 변수가 있습니다.
NOTE: DATA 문장 실행 (총 프로세스 시간):
      실행 시간           0.00 초
      cpu 시간            0.00 초
      


NOTE: 1개의 관측값을 데이터셋 WORK.TH_KCBERT_202.에서 읽었습니다.
111                                                        SAS 시스템      2026년  9월 18일 금요일 오전 02시 12분 29초

NOTE: DATA 문장 실행 (총 프로세스 시간):
      실행 시간           0.00 초
      cpu 시간            0.00 초
      


NOTE: 데이터셋 WORK.FAGE_TH_ROW에 1개의 관측값과 5개의 변수가 있습니다.
NOTE: DATA 문장 실행 (총 프로세스 시간):
      실행 시간           0.00 초
      cpu 시간            0.00 초
      


NOTE: WORK.FAGE_TH_ROW을(를) WORK.FAGE_THRESHOLDS에 추가하는 중입니다.
NOTE: 1개의 관측값을 데이터셋 WORK.FAGE_TH_ROW.에서 읽었습니다.
NOTE: 1개 관측값이 추가되었습니다.
NOTE: 데이터셋 WORK.FAGE_THRESHOLDS에 27개의 관측값과 5개의 변수가 있습니다.
NOTE: 프로시저 APPEND 실행 (총 프로세스 시간):
      실행 시간           0.00 초
      cpu 시간            0.01 초
      


NOTE: 2311개의 관측값을 데이터셋 WORK.FAGE_READ.에서 읽었습니다.
NOTE: 데이터셋 WORK.READ_ONE에 2311개의 관측값과 11개의 변수가 있습니다.
NOTE: DATA 문장 실행 (총 프로세스 시간):
      실행 시간           0.00 초
      cpu 시간            0.00 초
      


NOTE: WORK.READ_ONE을(를) WORK.FAGE_READOUT_SCORED에 추가하는 중입니다.
NOTE: 2311개의 관측값을 데이터셋 WORK.READ_ONE.에서 읽었습니다.
NOTE: 2311개 관측값이 추가되었습니다.
NOTE: 데이터셋 WORK.FAGE_READOUT_SCORED에 50197개의 관측값과 11개의 변수가 있습니다.
NOTE: 프로시저 APPEND 실행 (총 프로세스 시간):
      실행 시간           0.00 초
      cpu 시간            0.00 초
      

NOTE: seed=202 method=kcbert threshold=0.054

NOTE: 2311개의 관측값을 데이터셋 WORK.STACK_READ_202.에서 읽었습니다.
NOTE: 2311개의 관측값을 데이터셋 WORK.FAGE_READ_202.에서 읽었습니다.
NOTE: 데이터셋 WORK.READ_SCORED에 4622개의 관측값과 11개의 변수가 있습니다.
NOTE: DATA 문장 실행 (총 프로세스 시간):
      실행 시간           0.00 초
      cpu 시간            0.00 초
      


NOTE: WORK.READ_SCORED을(를) WORK.FAGE_READOUT_SCORED에 추가하는 중입니다.
NOTE: 4622개의 관측값을 데이터셋 WORK.READ_SCORED.에서 읽었습니다.
NOTE: 4622개 관측값이 추가되었습니다.
NOTE: 데이터셋 WORK.FAGE_READOUT_SCORED에 54819개의 관측값과 11개의 변수가 있습니다.
NOTE: 프로시저 APPEND 실행 (총 프로세스 시간):
      실행 시간           0.00 초
      cpu 시간            0.00 초
112                                                        SAS 시스템      2026년  9월 18일 금요일 오전 02시 12분 29초

      


NOTE: 2311개의 관측값을 데이터셋 WORK.READ_SCORED.에서 읽었습니다.
      WHERE method='stacking';
NOTE: FREQ 프로시저가 395 페이지를 인쇄했습니다.
NOTE: 프로시저 FREQ 실행 (총 프로세스 시간):
      실행 시간           0.01 초
      cpu 시간            0.02 초
      


NOTE: 2311개의 관측값을 데이터셋 WORK.READ_SCORED.에서 읽었습니다.
      WHERE method='fage';
NOTE: FREQ 프로시저가 396 페이지를 인쇄했습니다.
NOTE: 프로시저 FREQ 실행 (총 프로세스 시간):
      실행 시간           0.01 초
      cpu 시간            0.02 초
      


NOTE: 2311개의 관측값을 데이터셋 WORK.READ_SCORED.에서 읽었습니다.
      WHERE method='fage';
NOTE: FREQ 프로시저가 397 페이지를 인쇄했습니다.
NOTE: 프로시저 FREQ 실행 (총 프로세스 시간):
      실행 시간           0.02 초
      cpu 시간            0.02 초
      


NOTE: 20464개의 관측값을 데이터셋 WORK.FAGE.에서 읽었습니다.
NOTE: 데이터셋 WORK.FAGE_CAL에 1899개의 관측값과 19개의 변수가 있습니다.
NOTE: 데이터셋 WORK.FAGE_READ에 2262개의 관측값과 19개의 변수가 있습니다.
NOTE: DATA 문장 실행 (총 프로세스 시간):
      실행 시간           0.00 초
      cpu 시간            0.01 초
      

NOTE: 프로시저 SQL 실행 (총 프로세스 시간):
      실행 시간           0.00 초
      cpu 시간            0.01 초
      


NOTE: PROC LOGISTIC is modeling the probability that target=1.
NOTE: Convergence criterion (GCONV=1E-8) satisfied.
NOTE: 데이터셋 WORK.FAGE_STACK_CV_303에 1개의 관측값과 3개의 변수가 있습니다.
NOTE: 데이터셋 WORK.FAGE_STACK_FIT_303에 3개의 관측값과 4개의 변수가 있습니다.
NOTE: 데이터셋 WORK.FAGE_STACK_PE_303에 7개의 관측값과 7개의 변수가 있습니다.
NOTE: 1899개의 관측값을 데이터셋 WORK.FAGE_CAL.에서 읽었습니다.
NOTE: 데이터셋 WORK.FAGE_STACK_MODEL_303에 55개의 관측값과 6개의 변수가 있습니다.
NOTE: LOGISTIC 프로시저가 398-399 페이지를 인쇄했습니다.
NOTE: 프로시저 LOGISTIC 실행 (총 프로세스 시간):
      실행 시간           0.07 초
      cpu 시간            0.07 초
      


113                                                        SAS 시스템      2026년  9월 18일 금요일 오전 02시 12분 29초

NOTE: PROC LOGISTIC is modeling the probability that target=1.
NOTE: Convergence criterion (GCONV=1E-8) satisfied.
NOTE: 데이터셋 WORK.FAGE_CV_303에 1개의 관측값과 3개의 변수가 있습니다.
NOTE: 데이터셋 WORK.FAGE_FIT_303에 3개의 관측값과 4개의 변수가 있습니다.
NOTE: 데이터셋 WORK.FAGE_PE_303에 11개의 관측값과 7개의 변수가 있습니다.
NOTE: 1899개의 관측값을 데이터셋 WORK.FAGE_CAL.에서 읽었습니다.
NOTE: 데이터셋 WORK.FAGE_MODEL_303에 105개의 관측값과 6개의 변수가 있습니다.
NOTE: LOGISTIC 프로시저가 400-401 페이지를 인쇄했습니다.
NOTE: 프로시저 LOGISTIC 실행 (총 프로세스 시간):
      실행 시간           0.08 초
      cpu 시간            0.09 초
      


NOTE: 1개의 관측값을 데이터셋 WORK.FAGE_STACK_CV_303.에서 읽었습니다.
NOTE: DATA 문장 실행 (총 프로세스 시간):
      실행 시간           0.00 초
      cpu 시간            0.00 초
      


NOTE: 1개의 관측값을 데이터셋 WORK.FAGE_CV_303.에서 읽었습니다.
NOTE: DATA 문장 실행 (총 프로세스 시간):
      실행 시간           0.00 초
      cpu 시간            0.00 초
      


NOTE: 데이터셋 WORK.STACK_CAL_303에 1899개의 관측값과 23개의 변수가 있습니다.
NOTE: 데이터셋 WORK.STACK_READ_303에 2262개의 관측값과 23개의 변수가 있습니다.
NOTE: 프로시저 LOGISTIC 실행 (총 프로세스 시간):
      실행 시간           0.00 초
      cpu 시간            0.00 초
      


NOTE: 데이터셋 WORK.FAGE_CAL_303에 1899개의 관측값과 23개의 변수가 있습니다.
NOTE: 데이터셋 WORK.FAGE_READ_303에 2262개의 관측값과 23개의 변수가 있습니다.
NOTE: 프로시저 LOGISTIC 실행 (총 프로세스 시간):
      실행 시간           0.00 초
      cpu 시간            0.01 초
      


NOTE: 1899개의 관측값을 데이터셋 WORK.STACK_CAL_303.에서 읽었습니다.
NOTE: 데이터셋 WORK.FAGE_GRID에 1902798개의 관측값과 26개의 변수가 있습니다.
NOTE: DATA 문장 실행 (총 프로세스 시간):
      실행 시간           2.18 초
      cpu 시간            0.57 초
      

NOTE: Table WORK.FAGE_THRESHOLD_STATS created, with 1002 rows and 5 columns.

NOTE: 프로시저 SQL 실행 (총 프로세스 시간):
      실행 시간           0.42 초
      cpu 시간            0.88 초
      

114                                                        SAS 시스템      2026년  9월 18일 금요일 오전 02시 12분 33초


NOTE: 1002개의 관측값을 데이터셋 WORK.FAGE_THRESHOLD_STATS.에서 읽었습니다.
NOTE: 데이터셋 WORK.FAGE_THRESHOLD_STATS에 1002개의 관측값과 7개의 변수가 있습니다.
NOTE: DATA 문장 실행 (총 프로세스 시간):
      실행 시간           0.00 초
      cpu 시간            0.00 초
      


NOTE: 1002개의 관측값을 데이터셋 WORK.FAGE_THRESHOLD_STATS.에서 읽었습니다.
NOTE: 데이터셋 WORK.FAGE_THRESHOLD_STATS에 1002개의 관측값과 7개의 변수가 있습니다.
NOTE: 프로시저 SORT 실행 (총 프로세스 시간):
      실행 시간           0.00 초
      cpu 시간            0.00 초
      


NOTE: 1개의 관측값을 데이터셋 WORK.FAGE_THRESHOLD_STATS.에서 읽었습니다.
      WHERE fpr<=0.01;
NOTE: 데이터셋 WORK.TH_STACK_303에 1개의 관측값과 7개의 변수가 있습니다.
NOTE: DATA 문장 실행 (총 프로세스 시간):
      실행 시간           0.00 초
      cpu 시간            0.00 초
      


NOTE: 1개의 관측값을 데이터셋 WORK.TH_STACK_303.에서 읽었습니다.
NOTE: DATA 문장 실행 (총 프로세스 시간):
      실행 시간           0.00 초
      cpu 시간            0.00 초
      


NOTE: 데이터셋 WORK.FAGE_TH_ROW에 1개의 관측값과 5개의 변수가 있습니다.
NOTE: DATA 문장 실행 (총 프로세스 시간):
      실행 시간           0.00 초
      cpu 시간            0.00 초
      


NOTE: WORK.FAGE_TH_ROW을(를) WORK.FAGE_THRESHOLDS에 추가하는 중입니다.
NOTE: 1개의 관측값을 데이터셋 WORK.FAGE_TH_ROW.에서 읽었습니다.
NOTE: 1개 관측값이 추가되었습니다.
NOTE: 데이터셋 WORK.FAGE_THRESHOLDS에 28개의 관측값과 5개의 변수가 있습니다.
NOTE: 프로시저 APPEND 실행 (총 프로세스 시간):
      실행 시간           0.00 초
      cpu 시간            0.00 초
      


NOTE: 1899개의 관측값을 데이터셋 WORK.FAGE_CAL_303.에서 읽었습니다.
NOTE: 데이터셋 WORK.FAGE_GRID에 1902798개의 관측값과 26개의 변수가 있습니다.
NOTE: DATA 문장 실행 (총 프로세스 시간):
      실행 시간           2.57 초
      cpu 시간            0.49 초
      

NOTE: Table WORK.FAGE_THRESHOLD_STATS created, with 1002 rows and 5 columns.
115                                                        SAS 시스템      2026년  9월 18일 금요일 오전 02시 12분 36초


NOTE: 프로시저 SQL 실행 (총 프로세스 시간):
      실행 시간           0.49 초
      cpu 시간            0.94 초
      


NOTE: 1002개의 관측값을 데이터셋 WORK.FAGE_THRESHOLD_STATS.에서 읽었습니다.
NOTE: 데이터셋 WORK.FAGE_THRESHOLD_STATS에 1002개의 관측값과 7개의 변수가 있습니다.
NOTE: DATA 문장 실행 (총 프로세스 시간):
      실행 시간           0.00 초
      cpu 시간            0.00 초
      


NOTE: 1002개의 관측값을 데이터셋 WORK.FAGE_THRESHOLD_STATS.에서 읽었습니다.
NOTE: 데이터셋 WORK.FAGE_THRESHOLD_STATS에 1002개의 관측값과 7개의 변수가 있습니다.
NOTE: 프로시저 SORT 실행 (총 프로세스 시간):
      실행 시간           0.00 초
      cpu 시간            0.00 초
      


NOTE: 1개의 관측값을 데이터셋 WORK.FAGE_THRESHOLD_STATS.에서 읽었습니다.
      WHERE fpr<=0.01;
NOTE: 데이터셋 WORK.TH_FAGE_303에 1개의 관측값과 7개의 변수가 있습니다.
NOTE: DATA 문장 실행 (총 프로세스 시간):
      실행 시간           0.00 초
      cpu 시간            0.00 초
      


NOTE: 1개의 관측값을 데이터셋 WORK.TH_FAGE_303.에서 읽었습니다.
NOTE: DATA 문장 실행 (총 프로세스 시간):
      실행 시간           0.00 초
      cpu 시간            0.00 초
      


NOTE: 데이터셋 WORK.FAGE_TH_ROW에 1개의 관측값과 5개의 변수가 있습니다.
NOTE: DATA 문장 실행 (총 프로세스 시간):
      실행 시간           0.00 초
      cpu 시간            0.00 초
      


NOTE: WORK.FAGE_TH_ROW을(를) WORK.FAGE_THRESHOLDS에 추가하는 중입니다.
NOTE: 1개의 관측값을 데이터셋 WORK.FAGE_TH_ROW.에서 읽었습니다.
NOTE: 1개 관측값이 추가되었습니다.
NOTE: 데이터셋 WORK.FAGE_THRESHOLDS에 29개의 관측값과 5개의 변수가 있습니다.
NOTE: 프로시저 APPEND 실행 (총 프로세스 시간):
      실행 시간           0.00 초
      cpu 시간            0.00 초
      

NOTE: seed=303 stacking_threshold=0.58 fage_threshold=0.523
NOTE: 프로시저 SQL 실행 (총 프로세스 시간):
      실행 시간           0.00 초
116                                                        SAS 시스템      2026년  9월 18일 금요일 오전 02시 12분 36초

      cpu 시간            0.00 초
      


NOTE: 1899개의 관측값을 데이터셋 WORK.FAGE_CAL.에서 읽었습니다.
NOTE: 데이터셋 WORK.FAGE_CAL에 1899개의 관측값과 21개의 변수가 있습니다.
NOTE: DATA 문장 실행 (총 프로세스 시간):
      실행 시간           0.00 초
      cpu 시간            0.00 초
      

NOTE: 프로시저 SQL 실행 (총 프로세스 시간):
      실행 시간           0.00 초
      cpu 시간            0.00 초
      


NOTE: 1899개의 관측값을 데이터셋 WORK.FAGE_CAL.에서 읽었습니다.
NOTE: 데이터셋 WORK.FAGE_CAL에 1899개의 관측값과 22개의 변수가 있습니다.
NOTE: DATA 문장 실행 (총 프로세스 시간):
      실행 시간           0.00 초
      cpu 시간            0.01 초
      


NOTE: PROC LOGISTIC is modeling the probability that target=1.
NOTE: Convergence criterion (GCONV=1E-8) satisfied.
NOTE: 데이터셋 WORK.FAGE_A_CV_303에 1개의 관측값과 3개의 변수가 있습니다.
NOTE: 데이터셋 WORK.FAGE_A_FIT_303에 3개의 관측값과 4개의 변수가 있습니다.
NOTE: 데이터셋 WORK.FAGE_A_PE_303에 11개의 관측값과 7개의 변수가 있습니다.
NOTE: 1899개의 관측값을 데이터셋 WORK.FAGE_CAL.에서 읽었습니다.
NOTE: 데이터셋 WORK.FAGE_A_MODEL_303에 106개의 관측값과 6개의 변수가 있습니다.
NOTE: LOGISTIC 프로시저가 402-403 페이지를 인쇄했습니다.
NOTE: 프로시저 LOGISTIC 실행 (총 프로세스 시간):
      실행 시간           0.06 초
      cpu 시간            0.06 초
      


NOTE: 1개의 관측값을 데이터셋 WORK.FAGE_A_CV_303.에서 읽었습니다.
NOTE: DATA 문장 실행 (총 프로세스 시간):
      실행 시간           0.00 초
      cpu 시간            0.00 초
      


NOTE: 데이터셋 WORK.FAGE_A_CAL_303에 1899개의 관측값과 26개의 변수가 있습니다.
NOTE: 데이터셋 WORK.FAGE_A_READ_303에 2262개의 관측값과 23개의 변수가 있습니다.
NOTE: 프로시저 LOGISTIC 실행 (총 프로세스 시간):
      실행 시간           0.00 초
      cpu 시간            0.01 초
      


NOTE: 1899개의 관측값을 데이터셋 WORK.FAGE_A_CAL_303.에서 읽었습니다.
NOTE: 데이터셋 WORK.FAGE_GRID에 1902798개의 관측값과 29개의 변수가 있습니다.
NOTE: DATA 문장 실행 (총 프로세스 시간):
      실행 시간           2.53 초
117                                                        SAS 시스템      2026년  9월 18일 금요일 오전 02시 12분 38초

      cpu 시간            0.54 초
      

NOTE: Table WORK.FAGE_THRESHOLD_STATS created, with 1002 rows and 5 columns.

NOTE: 프로시저 SQL 실행 (총 프로세스 시간):
      실행 시간           0.42 초
      cpu 시간            0.89 초
      


NOTE: 1002개의 관측값을 데이터셋 WORK.FAGE_THRESHOLD_STATS.에서 읽었습니다.
NOTE: 데이터셋 WORK.FAGE_THRESHOLD_STATS에 1002개의 관측값과 7개의 변수가 있습니다.
NOTE: DATA 문장 실행 (총 프로세스 시간):
      실행 시간           0.00 초
      cpu 시간            0.00 초
      


NOTE: 1002개의 관측값을 데이터셋 WORK.FAGE_THRESHOLD_STATS.에서 읽었습니다.
NOTE: 데이터셋 WORK.FAGE_THRESHOLD_STATS에 1002개의 관측값과 7개의 변수가 있습니다.
NOTE: 프로시저 SORT 실행 (총 프로세스 시간):
      실행 시간           0.00 초
      cpu 시간            0.00 초
      


NOTE: 1개의 관측값을 데이터셋 WORK.FAGE_THRESHOLD_STATS.에서 읽었습니다.
      WHERE fpr<=0.01;
NOTE: 데이터셋 WORK.TH_FAGE_A_303에 1개의 관측값과 7개의 변수가 있습니다.
NOTE: DATA 문장 실행 (총 프로세스 시간):
      실행 시간           0.00 초
      cpu 시간            0.00 초
      


NOTE: 1개의 관측값을 데이터셋 WORK.TH_FAGE_A_303.에서 읽었습니다.
NOTE: DATA 문장 실행 (총 프로세스 시간):
      실행 시간           0.00 초
      cpu 시간            0.00 초
      


NOTE: 데이터셋 WORK.FAGE_TH_ROW에 1개의 관측값과 5개의 변수가 있습니다.
NOTE: DATA 문장 실행 (총 프로세스 시간):
      실행 시간           0.00 초
      cpu 시간            0.00 초
      


NOTE: WORK.FAGE_TH_ROW을(를) WORK.FAGE_THRESHOLDS에 추가하는 중입니다.
NOTE: 1개의 관측값을 데이터셋 WORK.FAGE_TH_ROW.에서 읽었습니다.
NOTE: 1개 관측값이 추가되었습니다.
NOTE: 데이터셋 WORK.FAGE_THRESHOLDS에 30개의 관측값과 5개의 변수가 있습니다.
NOTE: 프로시저 APPEND 실행 (총 프로세스 시간):
      실행 시간           0.00 초
      cpu 시간            0.00 초
      
118                                                        SAS 시스템      2026년  9월 18일 금요일 오전 02시 12분 39초



NOTE: 2262개의 관측값을 데이터셋 WORK.FAGE_A_READ_303.에서 읽었습니다.
NOTE: 데이터셋 WORK.READ_ONE에 2262개의 관측값과 11개의 변수가 있습니다.
NOTE: DATA 문장 실행 (총 프로세스 시간):
      실행 시간           0.00 초
      cpu 시간            0.00 초
      


NOTE: WORK.READ_ONE을(를) WORK.FAGE_READOUT_SCORED에 추가하는 중입니다.
NOTE: 2262개의 관측값을 데이터셋 WORK.READ_ONE.에서 읽었습니다.
NOTE: 2262개 관측값이 추가되었습니다.
NOTE: 데이터셋 WORK.FAGE_READOUT_SCORED에 57081개의 관측값과 11개의 변수가 있습니다.
NOTE: 프로시저 APPEND 실행 (총 프로세스 시간):
      실행 시간           0.00 초
      cpu 시간            0.01 초
      

NOTE: seed=303 method=fage_a threshold=0.794

NOTE: PROC LOGISTIC is modeling the probability that target=1.
NOTE: Convergence criterion (GCONV=1E-8) satisfied.
NOTE: 데이터셋 WORK.FAGE_C_CV_303에 1개의 관측값과 3개의 변수가 있습니다.
NOTE: 데이터셋 WORK.FAGE_C_FIT_303에 3개의 관측값과 4개의 변수가 있습니다.
NOTE: 데이터셋 WORK.FAGE_C_PE_303에 11개의 관측값과 7개의 변수가 있습니다.
NOTE: 1899개의 관측값을 데이터셋 WORK.FAGE_CAL.에서 읽었습니다.
NOTE: 데이터셋 WORK.FAGE_C_MODEL_303에 106개의 관측값과 6개의 변수가 있습니다.
NOTE: LOGISTIC 프로시저가 404-405 페이지를 인쇄했습니다.
NOTE: 프로시저 LOGISTIC 실행 (총 프로세스 시간):
      실행 시간           0.06 초
      cpu 시간            0.05 초
      


NOTE: 1개의 관측값을 데이터셋 WORK.FAGE_C_CV_303.에서 읽었습니다.
NOTE: DATA 문장 실행 (총 프로세스 시간):
      실행 시간           0.00 초
      cpu 시간            0.00 초
      


NOTE: 데이터셋 WORK.FAGE_C_CAL_303에 1899개의 관측값과 26개의 변수가 있습니다.
NOTE: 데이터셋 WORK.FAGE_C_READ_303에 2262개의 관측값과 23개의 변수가 있습니다.
NOTE: 프로시저 LOGISTIC 실행 (총 프로세스 시간):
      실행 시간           0.00 초
      cpu 시간            0.01 초
      


NOTE: 1899개의 관측값을 데이터셋 WORK.FAGE_C_CAL_303.에서 읽었습니다.
NOTE: 데이터셋 WORK.FAGE_GRID에 1902798개의 관측값과 29개의 변수가 있습니다.
NOTE: DATA 문장 실행 (총 프로세스 시간):
      실행 시간           2.42 초
      cpu 시간            0.55 초
      

NOTE: Table WORK.FAGE_THRESHOLD_STATS created, with 1002 rows and 5 columns.
119                                                        SAS 시스템      2026년  9월 18일 금요일 오전 02시 12분 43초


NOTE: 프로시저 SQL 실행 (총 프로세스 시간):
      실행 시간           0.48 초
      cpu 시간            1.00 초
      


NOTE: 1002개의 관측값을 데이터셋 WORK.FAGE_THRESHOLD_STATS.에서 읽었습니다.
NOTE: 데이터셋 WORK.FAGE_THRESHOLD_STATS에 1002개의 관측값과 7개의 변수가 있습니다.
NOTE: DATA 문장 실행 (총 프로세스 시간):
      실행 시간           0.00 초
      cpu 시간            0.00 초
      


NOTE: 1002개의 관측값을 데이터셋 WORK.FAGE_THRESHOLD_STATS.에서 읽었습니다.
NOTE: 데이터셋 WORK.FAGE_THRESHOLD_STATS에 1002개의 관측값과 7개의 변수가 있습니다.
NOTE: 프로시저 SORT 실행 (총 프로세스 시간):
      실행 시간           0.00 초
      cpu 시간            0.01 초
      


NOTE: 1개의 관측값을 데이터셋 WORK.FAGE_THRESHOLD_STATS.에서 읽었습니다.
      WHERE fpr<=0.01;
NOTE: 데이터셋 WORK.TH_FAGE_C_303에 1개의 관측값과 7개의 변수가 있습니다.
NOTE: DATA 문장 실행 (총 프로세스 시간):
      실행 시간           0.00 초
      cpu 시간            0.00 초
      


NOTE: 1개의 관측값을 데이터셋 WORK.TH_FAGE_C_303.에서 읽었습니다.
NOTE: DATA 문장 실행 (총 프로세스 시간):
      실행 시간           0.00 초
      cpu 시간            0.00 초
      


NOTE: 데이터셋 WORK.FAGE_TH_ROW에 1개의 관측값과 5개의 변수가 있습니다.
NOTE: DATA 문장 실행 (총 프로세스 시간):
      실행 시간           0.00 초
      cpu 시간            0.00 초
      


NOTE: WORK.FAGE_TH_ROW을(를) WORK.FAGE_THRESHOLDS에 추가하는 중입니다.
NOTE: 1개의 관측값을 데이터셋 WORK.FAGE_TH_ROW.에서 읽었습니다.
NOTE: 1개 관측값이 추가되었습니다.
NOTE: 데이터셋 WORK.FAGE_THRESHOLDS에 31개의 관측값과 5개의 변수가 있습니다.
NOTE: 프로시저 APPEND 실행 (총 프로세스 시간):
      실행 시간           0.00 초
      cpu 시간            0.00 초
      


NOTE: 2262개의 관측값을 데이터셋 WORK.FAGE_C_READ_303.에서 읽었습니다.
NOTE: 데이터셋 WORK.READ_ONE에 2262개의 관측값과 11개의 변수가 있습니다.
120                                                        SAS 시스템      2026년  9월 18일 금요일 오전 02시 12분 43초

NOTE: DATA 문장 실행 (총 프로세스 시간):
      실행 시간           0.00 초
      cpu 시간            0.01 초
      


NOTE: WORK.READ_ONE을(를) WORK.FAGE_READOUT_SCORED에 추가하는 중입니다.
NOTE: 2262개의 관측값을 데이터셋 WORK.READ_ONE.에서 읽었습니다.
NOTE: 2262개 관측값이 추가되었습니다.
NOTE: 데이터셋 WORK.FAGE_READOUT_SCORED에 59343개의 관측값과 11개의 변수가 있습니다.
NOTE: 프로시저 APPEND 실행 (총 프로세스 시간):
      실행 시간           0.00 초
      cpu 시간            0.00 초
      

NOTE: seed=303 method=fage_c threshold=0.825

NOTE: 1899개의 관측값을 데이터셋 WORK.FAGE_CAL.에서 읽었습니다.
NOTE: 데이터셋 WORK.FAGE_GRID에 1902798개의 관측값과 25개의 변수가 있습니다.
NOTE: DATA 문장 실행 (총 프로세스 시간):
      실행 시간           1.99 초
      cpu 시간            0.48 초
      

NOTE: Table WORK.FAGE_THRESHOLD_STATS created, with 1002 rows and 5 columns.

NOTE: 프로시저 SQL 실행 (총 프로세스 시간):
      실행 시간           0.43 초
      cpu 시간            0.91 초
      


NOTE: 1002개의 관측값을 데이터셋 WORK.FAGE_THRESHOLD_STATS.에서 읽었습니다.
NOTE: 데이터셋 WORK.FAGE_THRESHOLD_STATS에 1002개의 관측값과 7개의 변수가 있습니다.
NOTE: DATA 문장 실행 (총 프로세스 시간):
      실행 시간           0.00 초
      cpu 시간            0.00 초
      


NOTE: 1002개의 관측값을 데이터셋 WORK.FAGE_THRESHOLD_STATS.에서 읽었습니다.
NOTE: 데이터셋 WORK.FAGE_THRESHOLD_STATS에 1002개의 관측값과 7개의 변수가 있습니다.
NOTE: 프로시저 SORT 실행 (총 프로세스 시간):
      실행 시간           0.00 초
      cpu 시간            0.00 초
      


NOTE: 1개의 관측값을 데이터셋 WORK.FAGE_THRESHOLD_STATS.에서 읽었습니다.
      WHERE fpr<=0.01;
NOTE: 데이터셋 WORK.TH_LR_A_303에 1개의 관측값과 7개의 변수가 있습니다.
NOTE: DATA 문장 실행 (총 프로세스 시간):
      실행 시간           0.00 초
      cpu 시간            0.00 초
      


NOTE: 1개의 관측값을 데이터셋 WORK.TH_LR_A_303.에서 읽었습니다.
121                                                        SAS 시스템      2026년  9월 18일 금요일 오전 02시 12분 45초

NOTE: DATA 문장 실행 (총 프로세스 시간):
      실행 시간           0.00 초
      cpu 시간            0.00 초
      


NOTE: 데이터셋 WORK.FAGE_TH_ROW에 1개의 관측값과 5개의 변수가 있습니다.
NOTE: DATA 문장 실행 (총 프로세스 시간):
      실행 시간           0.00 초
      cpu 시간            0.00 초
      


NOTE: WORK.FAGE_TH_ROW을(를) WORK.FAGE_THRESHOLDS에 추가하는 중입니다.
NOTE: 1개의 관측값을 데이터셋 WORK.FAGE_TH_ROW.에서 읽었습니다.
NOTE: 1개 관측값이 추가되었습니다.
NOTE: 데이터셋 WORK.FAGE_THRESHOLDS에 32개의 관측값과 5개의 변수가 있습니다.
NOTE: 프로시저 APPEND 실행 (총 프로세스 시간):
      실행 시간           0.00 초
      cpu 시간            0.00 초
      


NOTE: 2262개의 관측값을 데이터셋 WORK.FAGE_READ.에서 읽었습니다.
NOTE: 데이터셋 WORK.READ_ONE에 2262개의 관측값과 11개의 변수가 있습니다.
NOTE: DATA 문장 실행 (총 프로세스 시간):
      실행 시간           0.00 초
      cpu 시간            0.00 초
      


NOTE: WORK.READ_ONE을(를) WORK.FAGE_READOUT_SCORED에 추가하는 중입니다.
NOTE: 2262개의 관측값을 데이터셋 WORK.READ_ONE.에서 읽었습니다.
NOTE: 2262개 관측값이 추가되었습니다.
NOTE: 데이터셋 WORK.FAGE_READOUT_SCORED에 61605개의 관측값과 11개의 변수가 있습니다.
NOTE: 프로시저 APPEND 실행 (총 프로세스 시간):
      실행 시간           0.00 초
      cpu 시간            0.00 초
      

NOTE: seed=303 method=lr_a threshold=0.538

NOTE: 1899개의 관측값을 데이터셋 WORK.FAGE_CAL.에서 읽었습니다.
NOTE: 데이터셋 WORK.FAGE_GRID에 1902798개의 관측값과 25개의 변수가 있습니다.
NOTE: DATA 문장 실행 (총 프로세스 시간):
      실행 시간           2.46 초
      cpu 시간            0.47 초
      

NOTE: Table WORK.FAGE_THRESHOLD_STATS created, with 1002 rows and 5 columns.

NOTE: 프로시저 SQL 실행 (총 프로세스 시간):
      실행 시간           0.44 초
      cpu 시간            0.92 초
      


NOTE: 1002개의 관측값을 데이터셋 WORK.FAGE_THRESHOLD_STATS.에서 읽었습니다.
122                                                        SAS 시스템      2026년  9월 18일 금요일 오전 02시 12분 49초

NOTE: 데이터셋 WORK.FAGE_THRESHOLD_STATS에 1002개의 관측값과 7개의 변수가 있습니다.
NOTE: DATA 문장 실행 (총 프로세스 시간):
      실행 시간           0.00 초
      cpu 시간            0.01 초
      


NOTE: 1002개의 관측값을 데이터셋 WORK.FAGE_THRESHOLD_STATS.에서 읽었습니다.
NOTE: 데이터셋 WORK.FAGE_THRESHOLD_STATS에 1002개의 관측값과 7개의 변수가 있습니다.
NOTE: 프로시저 SORT 실행 (총 프로세스 시간):
      실행 시간           0.00 초
      cpu 시간            0.00 초
      


NOTE: 1개의 관측값을 데이터셋 WORK.FAGE_THRESHOLD_STATS.에서 읽었습니다.
      WHERE fpr<=0.01;
NOTE: 데이터셋 WORK.TH_LR_B_303에 1개의 관측값과 7개의 변수가 있습니다.
NOTE: DATA 문장 실행 (총 프로세스 시간):
      실행 시간           0.00 초
      cpu 시간            0.00 초
      


NOTE: 1개의 관측값을 데이터셋 WORK.TH_LR_B_303.에서 읽었습니다.
NOTE: DATA 문장 실행 (총 프로세스 시간):
      실행 시간           0.00 초
      cpu 시간            0.00 초
      


NOTE: 데이터셋 WORK.FAGE_TH_ROW에 1개의 관측값과 5개의 변수가 있습니다.
NOTE: DATA 문장 실행 (총 프로세스 시간):
      실행 시간           0.00 초
      cpu 시간            0.00 초
      


NOTE: WORK.FAGE_TH_ROW을(를) WORK.FAGE_THRESHOLDS에 추가하는 중입니다.
NOTE: 1개의 관측값을 데이터셋 WORK.FAGE_TH_ROW.에서 읽었습니다.
NOTE: 1개 관측값이 추가되었습니다.
NOTE: 데이터셋 WORK.FAGE_THRESHOLDS에 33개의 관측값과 5개의 변수가 있습니다.
NOTE: 프로시저 APPEND 실행 (총 프로세스 시간):
      실행 시간           0.00 초
      cpu 시간            0.01 초
      


NOTE: 2262개의 관측값을 데이터셋 WORK.FAGE_READ.에서 읽었습니다.
NOTE: 데이터셋 WORK.READ_ONE에 2262개의 관측값과 11개의 변수가 있습니다.
NOTE: DATA 문장 실행 (총 프로세스 시간):
      실행 시간           0.00 초
      cpu 시간            0.00 초
      


NOTE: WORK.READ_ONE을(를) WORK.FAGE_READOUT_SCORED에 추가하는 중입니다.
NOTE: 2262개의 관측값을 데이터셋 WORK.READ_ONE.에서 읽었습니다.
123                                                        SAS 시스템      2026년  9월 18일 금요일 오전 02시 12분 49초

NOTE: 2262개 관측값이 추가되었습니다.
NOTE: 데이터셋 WORK.FAGE_READOUT_SCORED에 63867개의 관측값과 11개의 변수가 있습니다.
NOTE: 프로시저 APPEND 실행 (총 프로세스 시간):
      실행 시간           0.00 초
      cpu 시간            0.00 초
      

NOTE: seed=303 method=lr_b threshold=0.592

NOTE: 1899개의 관측값을 데이터셋 WORK.FAGE_CAL.에서 읽었습니다.
NOTE: 데이터셋 WORK.FAGE_GRID에 1902798개의 관측값과 25개의 변수가 있습니다.
NOTE: DATA 문장 실행 (총 프로세스 시간):
      실행 시간           2.17 초
      cpu 시간            0.45 초
      

NOTE: Table WORK.FAGE_THRESHOLD_STATS created, with 1002 rows and 5 columns.

NOTE: 프로시저 SQL 실행 (총 프로세스 시간):
      실행 시간           0.44 초
      cpu 시간            0.84 초
      


NOTE: 1002개의 관측값을 데이터셋 WORK.FAGE_THRESHOLD_STATS.에서 읽었습니다.
NOTE: 데이터셋 WORK.FAGE_THRESHOLD_STATS에 1002개의 관측값과 7개의 변수가 있습니다.
NOTE: DATA 문장 실행 (총 프로세스 시간):
      실행 시간           0.00 초
      cpu 시간            0.01 초
      


NOTE: 1002개의 관측값을 데이터셋 WORK.FAGE_THRESHOLD_STATS.에서 읽었습니다.
NOTE: 데이터셋 WORK.FAGE_THRESHOLD_STATS에 1002개의 관측값과 7개의 변수가 있습니다.
NOTE: 프로시저 SORT 실행 (총 프로세스 시간):
      실행 시간           0.00 초
      cpu 시간            0.00 초
      


NOTE: 1개의 관측값을 데이터셋 WORK.FAGE_THRESHOLD_STATS.에서 읽었습니다.
      WHERE fpr<=0.01;
NOTE: 데이터셋 WORK.TH_LR_C_303에 1개의 관측값과 7개의 변수가 있습니다.
NOTE: DATA 문장 실행 (총 프로세스 시간):
      실행 시간           0.00 초
      cpu 시간            0.00 초
      


NOTE: 1개의 관측값을 데이터셋 WORK.TH_LR_C_303.에서 읽었습니다.
NOTE: DATA 문장 실행 (총 프로세스 시간):
      실행 시간           0.00 초
      cpu 시간            0.00 초
      


NOTE: 데이터셋 WORK.FAGE_TH_ROW에 1개의 관측값과 5개의 변수가 있습니다.
NOTE: DATA 문장 실행 (총 프로세스 시간):
124                                                        SAS 시스템      2026년  9월 18일 금요일 오전 02시 12분 51초

      실행 시간           0.00 초
      cpu 시간            0.00 초
      


NOTE: WORK.FAGE_TH_ROW을(를) WORK.FAGE_THRESHOLDS에 추가하는 중입니다.
NOTE: 1개의 관측값을 데이터셋 WORK.FAGE_TH_ROW.에서 읽었습니다.
NOTE: 1개 관측값이 추가되었습니다.
NOTE: 데이터셋 WORK.FAGE_THRESHOLDS에 34개의 관측값과 5개의 변수가 있습니다.
NOTE: 프로시저 APPEND 실행 (총 프로세스 시간):
      실행 시간           0.00 초
      cpu 시간            0.01 초
      


NOTE: 2262개의 관측값을 데이터셋 WORK.FAGE_READ.에서 읽었습니다.
NOTE: 데이터셋 WORK.READ_ONE에 2262개의 관측값과 11개의 변수가 있습니다.
NOTE: DATA 문장 실행 (총 프로세스 시간):
      실행 시간           0.00 초
      cpu 시간            0.00 초
      


NOTE: WORK.READ_ONE을(를) WORK.FAGE_READOUT_SCORED에 추가하는 중입니다.
NOTE: 2262개의 관측값을 데이터셋 WORK.READ_ONE.에서 읽었습니다.
NOTE: 2262개 관측값이 추가되었습니다.
NOTE: 데이터셋 WORK.FAGE_READOUT_SCORED에 66129개의 관측값과 11개의 변수가 있습니다.
NOTE: 프로시저 APPEND 실행 (총 프로세스 시간):
      실행 시간           0.00 초
      cpu 시간            0.00 초
      

NOTE: seed=303 method=lr_c threshold=0.499

NOTE: 1899개의 관측값을 데이터셋 WORK.FAGE_CAL.에서 읽었습니다.
NOTE: 데이터셋 WORK.FAGE_GRID에 1902798개의 관측값과 25개의 변수가 있습니다.
NOTE: DATA 문장 실행 (총 프로세스 시간):
      실행 시간           2.04 초
      cpu 시간            0.44 초
      

NOTE: Table WORK.FAGE_THRESHOLD_STATS created, with 1002 rows and 5 columns.

NOTE: 프로시저 SQL 실행 (총 프로세스 시간):
      실행 시간           0.42 초
      cpu 시간            0.89 초
      


NOTE: 1002개의 관측값을 데이터셋 WORK.FAGE_THRESHOLD_STATS.에서 읽었습니다.
NOTE: 데이터셋 WORK.FAGE_THRESHOLD_STATS에 1002개의 관측값과 7개의 변수가 있습니다.
NOTE: DATA 문장 실행 (총 프로세스 시간):
      실행 시간           0.00 초
      cpu 시간            0.01 초
      


NOTE: 1002개의 관측값을 데이터셋 WORK.FAGE_THRESHOLD_STATS.에서 읽었습니다.
125                                                        SAS 시스템      2026년  9월 18일 금요일 오전 02시 12분 54초

NOTE: 데이터셋 WORK.FAGE_THRESHOLD_STATS에 1002개의 관측값과 7개의 변수가 있습니다.
NOTE: 프로시저 SORT 실행 (총 프로세스 시간):
      실행 시간           0.00 초
      cpu 시간            0.01 초
      


NOTE: 1개의 관측값을 데이터셋 WORK.FAGE_THRESHOLD_STATS.에서 읽었습니다.
      WHERE fpr<=0.01;
NOTE: 데이터셋 WORK.TH_WORD_303에 1개의 관측값과 7개의 변수가 있습니다.
NOTE: DATA 문장 실행 (총 프로세스 시간):
      실행 시간           0.00 초
      cpu 시간            0.00 초
      


NOTE: 1개의 관측값을 데이터셋 WORK.TH_WORD_303.에서 읽었습니다.
NOTE: DATA 문장 실행 (총 프로세스 시간):
      실행 시간           0.00 초
      cpu 시간            0.00 초
      


NOTE: 데이터셋 WORK.FAGE_TH_ROW에 1개의 관측값과 5개의 변수가 있습니다.
NOTE: DATA 문장 실행 (총 프로세스 시간):
      실행 시간           0.00 초
      cpu 시간            0.00 초
      


NOTE: WORK.FAGE_TH_ROW을(를) WORK.FAGE_THRESHOLDS에 추가하는 중입니다.
NOTE: 1개의 관측값을 데이터셋 WORK.FAGE_TH_ROW.에서 읽었습니다.
NOTE: 1개 관측값이 추가되었습니다.
NOTE: 데이터셋 WORK.FAGE_THRESHOLDS에 35개의 관측값과 5개의 변수가 있습니다.
NOTE: 프로시저 APPEND 실행 (총 프로세스 시간):
      실행 시간           0.00 초
      cpu 시간            0.00 초
      


NOTE: 2262개의 관측값을 데이터셋 WORK.FAGE_READ.에서 읽었습니다.
NOTE: 데이터셋 WORK.READ_ONE에 2262개의 관측값과 11개의 변수가 있습니다.
NOTE: DATA 문장 실행 (총 프로세스 시간):
      실행 시간           0.00 초
      cpu 시간            0.00 초
      


NOTE: WORK.READ_ONE을(를) WORK.FAGE_READOUT_SCORED에 추가하는 중입니다.
NOTE: 2262개의 관측값을 데이터셋 WORK.READ_ONE.에서 읽었습니다.
NOTE: 2262개 관측값이 추가되었습니다.
NOTE: 데이터셋 WORK.FAGE_READOUT_SCORED에 68391개의 관측값과 11개의 변수가 있습니다.
NOTE: 프로시저 APPEND 실행 (총 프로세스 시간):
      실행 시간           0.00 초
      cpu 시간            0.00 초
      

NOTE: seed=303 method=word threshold=0.649
126                                                        SAS 시스템      2026년  9월 18일 금요일 오전 02시 12분 54초


NOTE: 1899개의 관측값을 데이터셋 WORK.FAGE_CAL.에서 읽었습니다.
NOTE: 데이터셋 WORK.FAGE_GRID에 1902798개의 관측값과 25개의 변수가 있습니다.
NOTE: DATA 문장 실행 (총 프로세스 시간):
      실행 시간           3.31 초
      cpu 시간            0.45 초
      

NOTE: Table WORK.FAGE_THRESHOLD_STATS created, with 1002 rows and 5 columns.

NOTE: 프로시저 SQL 실행 (총 프로세스 시간):
      실행 시간           0.47 초
      cpu 시간            0.96 초
      


NOTE: 1002개의 관측값을 데이터셋 WORK.FAGE_THRESHOLD_STATS.에서 읽었습니다.
NOTE: 데이터셋 WORK.FAGE_THRESHOLD_STATS에 1002개의 관측값과 7개의 변수가 있습니다.
NOTE: DATA 문장 실행 (총 프로세스 시간):
      실행 시간           0.00 초
      cpu 시간            0.00 초
      


NOTE: 1002개의 관측값을 데이터셋 WORK.FAGE_THRESHOLD_STATS.에서 읽었습니다.
NOTE: 데이터셋 WORK.FAGE_THRESHOLD_STATS에 1002개의 관측값과 7개의 변수가 있습니다.
NOTE: 프로시저 SORT 실행 (총 프로세스 시간):
      실행 시간           0.00 초
      cpu 시간            0.00 초
      


NOTE: 1개의 관측값을 데이터셋 WORK.FAGE_THRESHOLD_STATS.에서 읽었습니다.
      WHERE fpr<=0.01;
NOTE: 데이터셋 WORK.TH_KCBERT_303에 1개의 관측값과 7개의 변수가 있습니다.
NOTE: DATA 문장 실행 (총 프로세스 시간):
      실행 시간           0.00 초
      cpu 시간            0.00 초
      


NOTE: 1개의 관측값을 데이터셋 WORK.TH_KCBERT_303.에서 읽었습니다.
NOTE: DATA 문장 실행 (총 프로세스 시간):
      실행 시간           0.00 초
      cpu 시간            0.00 초
      


NOTE: 데이터셋 WORK.FAGE_TH_ROW에 1개의 관측값과 5개의 변수가 있습니다.
NOTE: DATA 문장 실행 (총 프로세스 시간):
      실행 시간           0.00 초
      cpu 시간            0.00 초
      


NOTE: WORK.FAGE_TH_ROW을(를) WORK.FAGE_THRESHOLDS에 추가하는 중입니다.
NOTE: 1개의 관측값을 데이터셋 WORK.FAGE_TH_ROW.에서 읽었습니다.
NOTE: 1개 관측값이 추가되었습니다.
127                                                        SAS 시스템      2026년  9월 18일 금요일 오전 02시 12분 58초

NOTE: 데이터셋 WORK.FAGE_THRESHOLDS에 36개의 관측값과 5개의 변수가 있습니다.
NOTE: 프로시저 APPEND 실행 (총 프로세스 시간):
      실행 시간           0.00 초
      cpu 시간            0.00 초
      


NOTE: 2262개의 관측값을 데이터셋 WORK.FAGE_READ.에서 읽었습니다.
NOTE: 데이터셋 WORK.READ_ONE에 2262개의 관측값과 11개의 변수가 있습니다.
NOTE: DATA 문장 실행 (총 프로세스 시간):
      실행 시간           0.00 초
      cpu 시간            0.00 초
      


NOTE: WORK.READ_ONE을(를) WORK.FAGE_READOUT_SCORED에 추가하는 중입니다.
NOTE: 2262개의 관측값을 데이터셋 WORK.READ_ONE.에서 읽었습니다.
NOTE: 2262개 관측값이 추가되었습니다.
NOTE: 데이터셋 WORK.FAGE_READOUT_SCORED에 70653개의 관측값과 11개의 변수가 있습니다.
NOTE: 프로시저 APPEND 실행 (총 프로세스 시간):
      실행 시간           0.00 초
      cpu 시간            0.01 초
      

NOTE: seed=303 method=kcbert threshold=0.756

NOTE: 2262개의 관측값을 데이터셋 WORK.STACK_READ_303.에서 읽었습니다.
NOTE: 2262개의 관측값을 데이터셋 WORK.FAGE_READ_303.에서 읽었습니다.
NOTE: 데이터셋 WORK.READ_SCORED에 4524개의 관측값과 11개의 변수가 있습니다.
NOTE: DATA 문장 실행 (총 프로세스 시간):
      실행 시간           0.00 초
      cpu 시간            0.00 초
      


NOTE: WORK.READ_SCORED을(를) WORK.FAGE_READOUT_SCORED에 추가하는 중입니다.
NOTE: 4524개의 관측값을 데이터셋 WORK.READ_SCORED.에서 읽었습니다.
NOTE: 4524개 관측값이 추가되었습니다.
NOTE: 데이터셋 WORK.FAGE_READOUT_SCORED에 75177개의 관측값과 11개의 변수가 있습니다.
NOTE: 프로시저 APPEND 실행 (총 프로세스 시간):
      실행 시간           0.00 초
      cpu 시간            0.01 초
      


NOTE: 2262개의 관측값을 데이터셋 WORK.READ_SCORED.에서 읽었습니다.
      WHERE method='stacking';
NOTE: FREQ 프로시저가 406 페이지를 인쇄했습니다.
NOTE: 프로시저 FREQ 실행 (총 프로세스 시간):
      실행 시간           0.01 초
      cpu 시간            0.01 초
      


NOTE: 2262개의 관측값을 데이터셋 WORK.READ_SCORED.에서 읽었습니다.
      WHERE method='fage';
NOTE: FREQ 프로시저가 407 페이지를 인쇄했습니다.
NOTE: 프로시저 FREQ 실행 (총 프로세스 시간):
128                                                        SAS 시스템      2026년  9월 18일 금요일 오전 02시 12분 58초

      실행 시간           0.01 초
      cpu 시간            0.01 초
      


NOTE: 2262개의 관측값을 데이터셋 WORK.READ_SCORED.에서 읽었습니다.
      WHERE method='fage';
NOTE: FREQ 프로시저가 408 페이지를 인쇄했습니다.
NOTE: 프로시저 FREQ 실행 (총 프로세스 시간):
      실행 시간           0.01 초
      cpu 시간            0.01 초
      


NOTE: 20464개의 관측값을 데이터셋 WORK.FAGE.에서 읽었습니다.
NOTE: 데이터셋 WORK.FAGE_CAL에 1988개의 관측값과 19개의 변수가 있습니다.
NOTE: 데이터셋 WORK.FAGE_READ에 1951개의 관측값과 19개의 변수가 있습니다.
NOTE: DATA 문장 실행 (총 프로세스 시간):
      실행 시간           0.00 초
      cpu 시간            0.00 초
      

NOTE: 프로시저 SQL 실행 (총 프로세스 시간):
      실행 시간           0.00 초
      cpu 시간            0.00 초
      


NOTE: PROC LOGISTIC is modeling the probability that target=1.
NOTE: Convergence criterion (GCONV=1E-8) satisfied.
NOTE: 데이터셋 WORK.FAGE_STACK_CV_404에 1개의 관측값과 3개의 변수가 있습니다.
NOTE: 데이터셋 WORK.FAGE_STACK_FIT_404에 3개의 관측값과 4개의 변수가 있습니다.
NOTE: 데이터셋 WORK.FAGE_STACK_PE_404에 7개의 관측값과 7개의 변수가 있습니다.
NOTE: 1988개의 관측값을 데이터셋 WORK.FAGE_CAL.에서 읽었습니다.
NOTE: 데이터셋 WORK.FAGE_STACK_MODEL_404에 55개의 관측값과 6개의 변수가 있습니다.
NOTE: LOGISTIC 프로시저가 409-410 페이지를 인쇄했습니다.
NOTE: 프로시저 LOGISTIC 실행 (총 프로세스 시간):
      실행 시간           0.06 초
      cpu 시간            0.07 초
      


NOTE: PROC LOGISTIC is modeling the probability that target=1.
NOTE: Convergence criterion (GCONV=1E-8) satisfied.
NOTE: 데이터셋 WORK.FAGE_CV_404에 1개의 관측값과 3개의 변수가 있습니다.
NOTE: 데이터셋 WORK.FAGE_FIT_404에 3개의 관측값과 4개의 변수가 있습니다.
NOTE: 데이터셋 WORK.FAGE_PE_404에 11개의 관측값과 7개의 변수가 있습니다.
NOTE: 1988개의 관측값을 데이터셋 WORK.FAGE_CAL.에서 읽었습니다.
NOTE: 데이터셋 WORK.FAGE_MODEL_404에 105개의 관측값과 6개의 변수가 있습니다.
NOTE: LOGISTIC 프로시저가 411-412 페이지를 인쇄했습니다.
NOTE: 프로시저 LOGISTIC 실행 (총 프로세스 시간):
      실행 시간           0.07 초
      cpu 시간            0.08 초
      


NOTE: 1개의 관측값을 데이터셋 WORK.FAGE_STACK_CV_404.에서 읽었습니다.
NOTE: DATA 문장 실행 (총 프로세스 시간):
129                                                        SAS 시스템      2026년  9월 18일 금요일 오전 02시 12분 58초

      실행 시간           0.00 초
      cpu 시간            0.00 초
      


NOTE: 1개의 관측값을 데이터셋 WORK.FAGE_CV_404.에서 읽었습니다.
NOTE: DATA 문장 실행 (총 프로세스 시간):
      실행 시간           0.00 초
      cpu 시간            0.00 초
      


NOTE: 데이터셋 WORK.STACK_CAL_404에 1988개의 관측값과 23개의 변수가 있습니다.
NOTE: 데이터셋 WORK.STACK_READ_404에 1951개의 관측값과 23개의 변수가 있습니다.
NOTE: 프로시저 LOGISTIC 실행 (총 프로세스 시간):
      실행 시간           0.00 초
      cpu 시간            0.01 초
      


NOTE: 데이터셋 WORK.FAGE_CAL_404에 1988개의 관측값과 23개의 변수가 있습니다.
NOTE: 데이터셋 WORK.FAGE_READ_404에 1951개의 관측값과 23개의 변수가 있습니다.
NOTE: 프로시저 LOGISTIC 실행 (총 프로세스 시간):
      실행 시간           0.00 초
      cpu 시간            0.00 초
      


NOTE: 1988개의 관측값을 데이터셋 WORK.STACK_CAL_404.에서 읽었습니다.
NOTE: 데이터셋 WORK.FAGE_GRID에 1991976개의 관측값과 26개의 변수가 있습니다.
NOTE: DATA 문장 실행 (총 프로세스 시간):
      실행 시간           2.80 초
      cpu 시간            0.54 초
      

NOTE: Table WORK.FAGE_THRESHOLD_STATS created, with 1002 rows and 5 columns.

NOTE: 프로시저 SQL 실행 (총 프로세스 시간):
      실행 시간           0.47 초
      cpu 시간            0.95 초
      


NOTE: 1002개의 관측값을 데이터셋 WORK.FAGE_THRESHOLD_STATS.에서 읽었습니다.
NOTE: 데이터셋 WORK.FAGE_THRESHOLD_STATS에 1002개의 관측값과 7개의 변수가 있습니다.
NOTE: DATA 문장 실행 (총 프로세스 시간):
      실행 시간           0.00 초
      cpu 시간            0.01 초
      


NOTE: 1002개의 관측값을 데이터셋 WORK.FAGE_THRESHOLD_STATS.에서 읽었습니다.
NOTE: 데이터셋 WORK.FAGE_THRESHOLD_STATS에 1002개의 관측값과 7개의 변수가 있습니다.
NOTE: 프로시저 SORT 실행 (총 프로세스 시간):
      실행 시간           0.00 초
      cpu 시간            0.00 초
      

130                                                        SAS 시스템      2026년  9월 18일 금요일 오전 02시 13분 01초


NOTE: 1개의 관측값을 데이터셋 WORK.FAGE_THRESHOLD_STATS.에서 읽었습니다.
      WHERE fpr<=0.01;
NOTE: 데이터셋 WORK.TH_STACK_404에 1개의 관측값과 7개의 변수가 있습니다.
NOTE: DATA 문장 실행 (총 프로세스 시간):
      실행 시간           0.00 초
      cpu 시간            0.00 초
      


NOTE: 1개의 관측값을 데이터셋 WORK.TH_STACK_404.에서 읽었습니다.
NOTE: DATA 문장 실행 (총 프로세스 시간):
      실행 시간           0.00 초
      cpu 시간            0.00 초
      


NOTE: 데이터셋 WORK.FAGE_TH_ROW에 1개의 관측값과 5개의 변수가 있습니다.
NOTE: DATA 문장 실행 (총 프로세스 시간):
      실행 시간           0.00 초
      cpu 시간            0.00 초
      


NOTE: WORK.FAGE_TH_ROW을(를) WORK.FAGE_THRESHOLDS에 추가하는 중입니다.
NOTE: 1개의 관측값을 데이터셋 WORK.FAGE_TH_ROW.에서 읽었습니다.
NOTE: 1개 관측값이 추가되었습니다.
NOTE: 데이터셋 WORK.FAGE_THRESHOLDS에 37개의 관측값과 5개의 변수가 있습니다.
NOTE: 프로시저 APPEND 실행 (총 프로세스 시간):
      실행 시간           0.00 초
      cpu 시간            0.00 초
      


NOTE: 1988개의 관측값을 데이터셋 WORK.FAGE_CAL_404.에서 읽었습니다.
NOTE: 데이터셋 WORK.FAGE_GRID에 1991976개의 관측값과 26개의 변수가 있습니다.
NOTE: DATA 문장 실행 (총 프로세스 시간):
      실행 시간           3.01 초
      cpu 시간            0.51 초
      

NOTE: Table WORK.FAGE_THRESHOLD_STATS created, with 1002 rows and 5 columns.

NOTE: 프로시저 SQL 실행 (총 프로세스 시간):
      실행 시간           0.52 초
      cpu 시간            0.97 초
      


NOTE: 1002개의 관측값을 데이터셋 WORK.FAGE_THRESHOLD_STATS.에서 읽었습니다.
NOTE: 데이터셋 WORK.FAGE_THRESHOLD_STATS에 1002개의 관측값과 7개의 변수가 있습니다.
NOTE: DATA 문장 실행 (총 프로세스 시간):
      실행 시간           0.01 초
      cpu 시간            0.00 초
      


NOTE: 1002개의 관측값을 데이터셋 WORK.FAGE_THRESHOLD_STATS.에서 읽었습니다.
131                                                        SAS 시스템      2026년  9월 18일 금요일 오전 02시 13분 05초

NOTE: 데이터셋 WORK.FAGE_THRESHOLD_STATS에 1002개의 관측값과 7개의 변수가 있습니다.
NOTE: 프로시저 SORT 실행 (총 프로세스 시간):
      실행 시간           0.00 초
      cpu 시간            0.00 초
      


NOTE: 1개의 관측값을 데이터셋 WORK.FAGE_THRESHOLD_STATS.에서 읽었습니다.
      WHERE fpr<=0.01;
NOTE: 데이터셋 WORK.TH_FAGE_404에 1개의 관측값과 7개의 변수가 있습니다.
NOTE: DATA 문장 실행 (총 프로세스 시간):
      실행 시간           0.00 초
      cpu 시간            0.00 초
      


NOTE: 1개의 관측값을 데이터셋 WORK.TH_FAGE_404.에서 읽었습니다.
NOTE: DATA 문장 실행 (총 프로세스 시간):
      실행 시간           0.00 초
      cpu 시간            0.00 초
      


NOTE: 데이터셋 WORK.FAGE_TH_ROW에 1개의 관측값과 5개의 변수가 있습니다.
NOTE: DATA 문장 실행 (총 프로세스 시간):
      실행 시간           0.00 초
      cpu 시간            0.00 초
      


NOTE: WORK.FAGE_TH_ROW을(를) WORK.FAGE_THRESHOLDS에 추가하는 중입니다.
NOTE: 1개의 관측값을 데이터셋 WORK.FAGE_TH_ROW.에서 읽었습니다.
NOTE: 1개 관측값이 추가되었습니다.
NOTE: 데이터셋 WORK.FAGE_THRESHOLDS에 38개의 관측값과 5개의 변수가 있습니다.
NOTE: 프로시저 APPEND 실행 (총 프로세스 시간):
      실행 시간           0.00 초
      cpu 시간            0.00 초
      

NOTE: seed=404 stacking_threshold=0.107 fage_threshold=0.23
NOTE: 프로시저 SQL 실행 (총 프로세스 시간):
      실행 시간           0.00 초
      cpu 시간            0.00 초
      


NOTE: 1988개의 관측값을 데이터셋 WORK.FAGE_CAL.에서 읽었습니다.
NOTE: 데이터셋 WORK.FAGE_CAL에 1988개의 관측값과 21개의 변수가 있습니다.
NOTE: DATA 문장 실행 (총 프로세스 시간):
      실행 시간           0.00 초
      cpu 시간            0.01 초
      

NOTE: 프로시저 SQL 실행 (총 프로세스 시간):
      실행 시간           0.00 초
      cpu 시간            0.00 초
      

132                                                        SAS 시스템      2026년  9월 18일 금요일 오전 02시 13분 05초


NOTE: 1988개의 관측값을 데이터셋 WORK.FAGE_CAL.에서 읽었습니다.
NOTE: 데이터셋 WORK.FAGE_CAL에 1988개의 관측값과 22개의 변수가 있습니다.
NOTE: DATA 문장 실행 (총 프로세스 시간):
      실행 시간           0.00 초
      cpu 시간            0.00 초
      


NOTE: PROC LOGISTIC is modeling the probability that target=1.
NOTE: Convergence criterion (GCONV=1E-8) satisfied.
NOTE: 데이터셋 WORK.FAGE_A_CV_404에 1개의 관측값과 3개의 변수가 있습니다.
NOTE: 데이터셋 WORK.FAGE_A_FIT_404에 3개의 관측값과 4개의 변수가 있습니다.
NOTE: 데이터셋 WORK.FAGE_A_PE_404에 11개의 관측값과 7개의 변수가 있습니다.
NOTE: 1988개의 관측값을 데이터셋 WORK.FAGE_CAL.에서 읽었습니다.
NOTE: 데이터셋 WORK.FAGE_A_MODEL_404에 106개의 관측값과 6개의 변수가 있습니다.
NOTE: LOGISTIC 프로시저가 413-414 페이지를 인쇄했습니다.
NOTE: 프로시저 LOGISTIC 실행 (총 프로세스 시간):
      실행 시간           0.06 초
      cpu 시간            0.06 초
      


NOTE: 1개의 관측값을 데이터셋 WORK.FAGE_A_CV_404.에서 읽었습니다.
NOTE: DATA 문장 실행 (총 프로세스 시간):
      실행 시간           0.00 초
      cpu 시간            0.00 초
      


NOTE: 데이터셋 WORK.FAGE_A_CAL_404에 1988개의 관측값과 26개의 변수가 있습니다.
NOTE: 데이터셋 WORK.FAGE_A_READ_404에 1951개의 관측값과 23개의 변수가 있습니다.
NOTE: 프로시저 LOGISTIC 실행 (총 프로세스 시간):
      실행 시간           0.00 초
      cpu 시간            0.01 초
      


NOTE: 1988개의 관측값을 데이터셋 WORK.FAGE_A_CAL_404.에서 읽었습니다.
NOTE: 데이터셋 WORK.FAGE_GRID에 1991976개의 관측값과 29개의 변수가 있습니다.
NOTE: DATA 문장 실행 (총 프로세스 시간):
      실행 시간           3.17 초
      cpu 시간            0.53 초
      

NOTE: Table WORK.FAGE_THRESHOLD_STATS created, with 1002 rows and 5 columns.

NOTE: 프로시저 SQL 실행 (총 프로세스 시간):
      실행 시간           0.49 초
      cpu 시간            0.99 초
      


NOTE: 1002개의 관측값을 데이터셋 WORK.FAGE_THRESHOLD_STATS.에서 읽었습니다.
NOTE: 데이터셋 WORK.FAGE_THRESHOLD_STATS에 1002개의 관측값과 7개의 변수가 있습니다.
NOTE: DATA 문장 실행 (총 프로세스 시간):
      실행 시간           0.00 초
      cpu 시간            0.01 초
133                                                        SAS 시스템      2026년  9월 18일 금요일 오전 02시 13분 08초

      


NOTE: 1002개의 관측값을 데이터셋 WORK.FAGE_THRESHOLD_STATS.에서 읽었습니다.
NOTE: 데이터셋 WORK.FAGE_THRESHOLD_STATS에 1002개의 관측값과 7개의 변수가 있습니다.
NOTE: 프로시저 SORT 실행 (총 프로세스 시간):
      실행 시간           0.00 초
      cpu 시간            0.00 초
      


NOTE: 1개의 관측값을 데이터셋 WORK.FAGE_THRESHOLD_STATS.에서 읽었습니다.
      WHERE fpr<=0.01;
NOTE: 데이터셋 WORK.TH_FAGE_A_404에 1개의 관측값과 7개의 변수가 있습니다.
NOTE: DATA 문장 실행 (총 프로세스 시간):
      실행 시간           0.00 초
      cpu 시간            0.00 초
      


NOTE: 1개의 관측값을 데이터셋 WORK.TH_FAGE_A_404.에서 읽었습니다.
NOTE: DATA 문장 실행 (총 프로세스 시간):
      실행 시간           0.00 초
      cpu 시간            0.00 초
      


NOTE: 데이터셋 WORK.FAGE_TH_ROW에 1개의 관측값과 5개의 변수가 있습니다.
NOTE: DATA 문장 실행 (총 프로세스 시간):
      실행 시간           0.00 초
      cpu 시간            0.00 초
      


NOTE: WORK.FAGE_TH_ROW을(를) WORK.FAGE_THRESHOLDS에 추가하는 중입니다.
NOTE: 1개의 관측값을 데이터셋 WORK.FAGE_TH_ROW.에서 읽었습니다.
NOTE: 1개 관측값이 추가되었습니다.
NOTE: 데이터셋 WORK.FAGE_THRESHOLDS에 39개의 관측값과 5개의 변수가 있습니다.
NOTE: 프로시저 APPEND 실행 (총 프로세스 시간):
      실행 시간           0.00 초
      cpu 시간            0.00 초
      


NOTE: 1951개의 관측값을 데이터셋 WORK.FAGE_A_READ_404.에서 읽었습니다.
NOTE: 데이터셋 WORK.READ_ONE에 1951개의 관측값과 11개의 변수가 있습니다.
NOTE: DATA 문장 실행 (총 프로세스 시간):
      실행 시간           0.00 초
      cpu 시간            0.00 초
      


NOTE: WORK.READ_ONE을(를) WORK.FAGE_READOUT_SCORED에 추가하는 중입니다.
NOTE: 1951개의 관측값을 데이터셋 WORK.READ_ONE.에서 읽었습니다.
NOTE: 1951개 관측값이 추가되었습니다.
NOTE: 데이터셋 WORK.FAGE_READOUT_SCORED에 77128개의 관측값과 11개의 변수가 있습니다.
NOTE: 프로시저 APPEND 실행 (총 프로세스 시간):
      실행 시간           0.00 초
134                                                        SAS 시스템      2026년  9월 18일 금요일 오전 02시 13분 08초

      cpu 시간            0.01 초
      

NOTE: seed=404 method=fage_a threshold=0.406

NOTE: PROC LOGISTIC is modeling the probability that target=1.
NOTE: Convergence criterion (GCONV=1E-8) satisfied.
NOTE: 데이터셋 WORK.FAGE_C_CV_404에 1개의 관측값과 3개의 변수가 있습니다.
NOTE: 데이터셋 WORK.FAGE_C_FIT_404에 3개의 관측값과 4개의 변수가 있습니다.
NOTE: 데이터셋 WORK.FAGE_C_PE_404에 11개의 관측값과 7개의 변수가 있습니다.
NOTE: 1988개의 관측값을 데이터셋 WORK.FAGE_CAL.에서 읽었습니다.
NOTE: 데이터셋 WORK.FAGE_C_MODEL_404에 106개의 관측값과 6개의 변수가 있습니다.
NOTE: LOGISTIC 프로시저가 415-416 페이지를 인쇄했습니다.
NOTE: 프로시저 LOGISTIC 실행 (총 프로세스 시간):
      실행 시간           0.06 초
      cpu 시간            0.06 초
      


NOTE: 1개의 관측값을 데이터셋 WORK.FAGE_C_CV_404.에서 읽었습니다.
NOTE: DATA 문장 실행 (총 프로세스 시간):
      실행 시간           0.00 초
      cpu 시간            0.00 초
      


NOTE: 데이터셋 WORK.FAGE_C_CAL_404에 1988개의 관측값과 26개의 변수가 있습니다.
NOTE: 데이터셋 WORK.FAGE_C_READ_404에 1951개의 관측값과 23개의 변수가 있습니다.
NOTE: 프로시저 LOGISTIC 실행 (총 프로세스 시간):
      실행 시간           0.00 초
      cpu 시간            0.00 초
      


NOTE: 1988개의 관측값을 데이터셋 WORK.FAGE_C_CAL_404.에서 읽었습니다.
NOTE: 데이터셋 WORK.FAGE_GRID에 1991976개의 관측값과 29개의 변수가 있습니다.
NOTE: DATA 문장 실행 (총 프로세스 시간):
      실행 시간           2.97 초
      cpu 시간            0.52 초
      

NOTE: Table WORK.FAGE_THRESHOLD_STATS created, with 1002 rows and 5 columns.

NOTE: 프로시저 SQL 실행 (총 프로세스 시간):
      실행 시간           0.50 초
      cpu 시간            0.98 초
      


NOTE: 1002개의 관측값을 데이터셋 WORK.FAGE_THRESHOLD_STATS.에서 읽었습니다.
NOTE: 데이터셋 WORK.FAGE_THRESHOLD_STATS에 1002개의 관측값과 7개의 변수가 있습니다.
NOTE: DATA 문장 실행 (총 프로세스 시간):
      실행 시간           0.00 초
      cpu 시간            0.00 초
      


NOTE: 1002개의 관측값을 데이터셋 WORK.FAGE_THRESHOLD_STATS.에서 읽었습니다.
135                                                        SAS 시스템      2026년  9월 18일 금요일 오전 02시 13분 12초

NOTE: 데이터셋 WORK.FAGE_THRESHOLD_STATS에 1002개의 관측값과 7개의 변수가 있습니다.
NOTE: 프로시저 SORT 실행 (총 프로세스 시간):
      실행 시간           0.00 초
      cpu 시간            0.00 초
      


NOTE: 1개의 관측값을 데이터셋 WORK.FAGE_THRESHOLD_STATS.에서 읽었습니다.
      WHERE fpr<=0.01;
NOTE: 데이터셋 WORK.TH_FAGE_C_404에 1개의 관측값과 7개의 변수가 있습니다.
NOTE: DATA 문장 실행 (총 프로세스 시간):
      실행 시간           0.00 초
      cpu 시간            0.00 초
      


NOTE: 1개의 관측값을 데이터셋 WORK.TH_FAGE_C_404.에서 읽었습니다.
NOTE: DATA 문장 실행 (총 프로세스 시간):
      실행 시간           0.00 초
      cpu 시간            0.00 초
      


NOTE: 데이터셋 WORK.FAGE_TH_ROW에 1개의 관측값과 5개의 변수가 있습니다.
NOTE: DATA 문장 실행 (총 프로세스 시간):
      실행 시간           0.00 초
      cpu 시간            0.00 초
      


NOTE: WORK.FAGE_TH_ROW을(를) WORK.FAGE_THRESHOLDS에 추가하는 중입니다.
NOTE: 1개의 관측값을 데이터셋 WORK.FAGE_TH_ROW.에서 읽었습니다.
NOTE: 1개 관측값이 추가되었습니다.
NOTE: 데이터셋 WORK.FAGE_THRESHOLDS에 40개의 관측값과 5개의 변수가 있습니다.
NOTE: 프로시저 APPEND 실행 (총 프로세스 시간):
      실행 시간           0.00 초
      cpu 시간            0.00 초
      


NOTE: 1951개의 관측값을 데이터셋 WORK.FAGE_C_READ_404.에서 읽었습니다.
NOTE: 데이터셋 WORK.READ_ONE에 1951개의 관측값과 11개의 변수가 있습니다.
NOTE: DATA 문장 실행 (총 프로세스 시간):
      실행 시간           0.00 초
      cpu 시간            0.00 초
      


NOTE: WORK.READ_ONE을(를) WORK.FAGE_READOUT_SCORED에 추가하는 중입니다.
NOTE: 1951개의 관측값을 데이터셋 WORK.READ_ONE.에서 읽었습니다.
NOTE: 1951개 관측값이 추가되었습니다.
NOTE: 데이터셋 WORK.FAGE_READOUT_SCORED에 79079개의 관측값과 11개의 변수가 있습니다.
NOTE: 프로시저 APPEND 실행 (총 프로세스 시간):
      실행 시간           0.00 초
      cpu 시간            0.00 초
      

NOTE: seed=404 method=fage_c threshold=0.653
136                                                        SAS 시스템      2026년  9월 18일 금요일 오전 02시 13분 12초


NOTE: 1988개의 관측값을 데이터셋 WORK.FAGE_CAL.에서 읽었습니다.
NOTE: 데이터셋 WORK.FAGE_GRID에 1991976개의 관측값과 25개의 변수가 있습니다.
NOTE: DATA 문장 실행 (총 프로세스 시간):
      실행 시간           2.72 초
      cpu 시간            0.51 초
      

NOTE: Table WORK.FAGE_THRESHOLD_STATS created, with 1002 rows and 5 columns.

NOTE: 프로시저 SQL 실행 (총 프로세스 시간):
      실행 시간           0.43 초
      cpu 시간            0.93 초
      


NOTE: 1002개의 관측값을 데이터셋 WORK.FAGE_THRESHOLD_STATS.에서 읽었습니다.
NOTE: 데이터셋 WORK.FAGE_THRESHOLD_STATS에 1002개의 관측값과 7개의 변수가 있습니다.
NOTE: DATA 문장 실행 (총 프로세스 시간):
      실행 시간           0.00 초
      cpu 시간            0.00 초
      


NOTE: 1002개의 관측값을 데이터셋 WORK.FAGE_THRESHOLD_STATS.에서 읽었습니다.
NOTE: 데이터셋 WORK.FAGE_THRESHOLD_STATS에 1002개의 관측값과 7개의 변수가 있습니다.
NOTE: 프로시저 SORT 실행 (총 프로세스 시간):
      실행 시간           0.00 초
      cpu 시간            0.00 초
      


NOTE: 1개의 관측값을 데이터셋 WORK.FAGE_THRESHOLD_STATS.에서 읽었습니다.
      WHERE fpr<=0.01;
NOTE: 데이터셋 WORK.TH_LR_A_404에 1개의 관측값과 7개의 변수가 있습니다.
NOTE: DATA 문장 실행 (총 프로세스 시간):
      실행 시간           0.00 초
      cpu 시간            0.01 초
      


NOTE: 1개의 관측값을 데이터셋 WORK.TH_LR_A_404.에서 읽었습니다.
NOTE: DATA 문장 실행 (총 프로세스 시간):
      실행 시간           0.00 초
      cpu 시간            0.00 초
      


NOTE: 데이터셋 WORK.FAGE_TH_ROW에 1개의 관측값과 5개의 변수가 있습니다.
NOTE: DATA 문장 실행 (총 프로세스 시간):
      실행 시간           0.00 초
      cpu 시간            0.00 초
      


NOTE: WORK.FAGE_TH_ROW을(를) WORK.FAGE_THRESHOLDS에 추가하는 중입니다.
NOTE: 1개의 관측값을 데이터셋 WORK.FAGE_TH_ROW.에서 읽었습니다.
NOTE: 1개 관측값이 추가되었습니다.
137                                                        SAS 시스템      2026년  9월 18일 금요일 오전 02시 13분 15초

NOTE: 데이터셋 WORK.FAGE_THRESHOLDS에 41개의 관측값과 5개의 변수가 있습니다.
NOTE: 프로시저 APPEND 실행 (총 프로세스 시간):
      실행 시간           0.00 초
      cpu 시간            0.00 초
      


NOTE: 1951개의 관측값을 데이터셋 WORK.FAGE_READ.에서 읽었습니다.
NOTE: 데이터셋 WORK.READ_ONE에 1951개의 관측값과 11개의 변수가 있습니다.
NOTE: DATA 문장 실행 (총 프로세스 시간):
      실행 시간           0.00 초
      cpu 시간            0.00 초
      


NOTE: WORK.READ_ONE을(를) WORK.FAGE_READOUT_SCORED에 추가하는 중입니다.
NOTE: 1951개의 관측값을 데이터셋 WORK.READ_ONE.에서 읽었습니다.
NOTE: 1951개 관측값이 추가되었습니다.
NOTE: 데이터셋 WORK.FAGE_READOUT_SCORED에 81030개의 관측값과 11개의 변수가 있습니다.
NOTE: 프로시저 APPEND 실행 (총 프로세스 시간):
      실행 시간           0.00 초
      cpu 시간            0.00 초
      

NOTE: seed=404 method=lr_a threshold=0.381

NOTE: 1988개의 관측값을 데이터셋 WORK.FAGE_CAL.에서 읽었습니다.
NOTE: 데이터셋 WORK.FAGE_GRID에 1991976개의 관측값과 25개의 변수가 있습니다.
NOTE: DATA 문장 실행 (총 프로세스 시간):
      실행 시간           2.72 초
      cpu 시간            0.48 초
      

NOTE: Table WORK.FAGE_THRESHOLD_STATS created, with 1002 rows and 5 columns.

NOTE: 프로시저 SQL 실행 (총 프로세스 시간):
      실행 시간           0.45 초
      cpu 시간            0.94 초
      


NOTE: 1002개의 관측값을 데이터셋 WORK.FAGE_THRESHOLD_STATS.에서 읽었습니다.
NOTE: 데이터셋 WORK.FAGE_THRESHOLD_STATS에 1002개의 관측값과 7개의 변수가 있습니다.
NOTE: DATA 문장 실행 (총 프로세스 시간):
      실행 시간           0.00 초
      cpu 시간            0.00 초
      


NOTE: 1002개의 관측값을 데이터셋 WORK.FAGE_THRESHOLD_STATS.에서 읽었습니다.
NOTE: 데이터셋 WORK.FAGE_THRESHOLD_STATS에 1002개의 관측값과 7개의 변수가 있습니다.
NOTE: 프로시저 SORT 실행 (총 프로세스 시간):
      실행 시간           0.00 초
      cpu 시간            0.01 초
      


NOTE: 1개의 관측값을 데이터셋 WORK.FAGE_THRESHOLD_STATS.에서 읽었습니다.
138                                                        SAS 시스템      2026년  9월 18일 금요일 오전 02시 13분 18초

      WHERE fpr<=0.01;
NOTE: 데이터셋 WORK.TH_LR_B_404에 1개의 관측값과 7개의 변수가 있습니다.
NOTE: DATA 문장 실행 (총 프로세스 시간):
      실행 시간           0.00 초
      cpu 시간            0.00 초
      


NOTE: 1개의 관측값을 데이터셋 WORK.TH_LR_B_404.에서 읽었습니다.
NOTE: DATA 문장 실행 (총 프로세스 시간):
      실행 시간           0.00 초
      cpu 시간            0.00 초
      


NOTE: 데이터셋 WORK.FAGE_TH_ROW에 1개의 관측값과 5개의 변수가 있습니다.
NOTE: DATA 문장 실행 (총 프로세스 시간):
      실행 시간           0.00 초
      cpu 시간            0.00 초
      


NOTE: WORK.FAGE_TH_ROW을(를) WORK.FAGE_THRESHOLDS에 추가하는 중입니다.
NOTE: 1개의 관측값을 데이터셋 WORK.FAGE_TH_ROW.에서 읽었습니다.
NOTE: 1개 관측값이 추가되었습니다.
NOTE: 데이터셋 WORK.FAGE_THRESHOLDS에 42개의 관측값과 5개의 변수가 있습니다.
NOTE: 프로시저 APPEND 실행 (총 프로세스 시간):
      실행 시간           0.00 초
      cpu 시간            0.00 초
      


NOTE: 1951개의 관측값을 데이터셋 WORK.FAGE_READ.에서 읽었습니다.
NOTE: 데이터셋 WORK.READ_ONE에 1951개의 관측값과 11개의 변수가 있습니다.
NOTE: DATA 문장 실행 (총 프로세스 시간):
      실행 시간           0.00 초
      cpu 시간            0.01 초
      


NOTE: WORK.READ_ONE을(를) WORK.FAGE_READOUT_SCORED에 추가하는 중입니다.
NOTE: 1951개의 관측값을 데이터셋 WORK.READ_ONE.에서 읽었습니다.
NOTE: 1951개 관측값이 추가되었습니다.
NOTE: 데이터셋 WORK.FAGE_READOUT_SCORED에 82981개의 관측값과 11개의 변수가 있습니다.
NOTE: 프로시저 APPEND 실행 (총 프로세스 시간):
      실행 시간           0.00 초
      cpu 시간            0.00 초
      

NOTE: seed=404 method=lr_b threshold=0.407

NOTE: 1988개의 관측값을 데이터셋 WORK.FAGE_CAL.에서 읽었습니다.
NOTE: 데이터셋 WORK.FAGE_GRID에 1991976개의 관측값과 25개의 변수가 있습니다.
NOTE: DATA 문장 실행 (총 프로세스 시간):
      실행 시간           2.71 초
      cpu 시간            0.46 초
      

139                                                        SAS 시스템      2026년  9월 18일 금요일 오전 02시 13분 22초

NOTE: Table WORK.FAGE_THRESHOLD_STATS created, with 1002 rows and 5 columns.

NOTE: 프로시저 SQL 실행 (총 프로세스 시간):
      실행 시간           0.46 초
      cpu 시간            0.96 초
      


NOTE: 1002개의 관측값을 데이터셋 WORK.FAGE_THRESHOLD_STATS.에서 읽었습니다.
NOTE: 데이터셋 WORK.FAGE_THRESHOLD_STATS에 1002개의 관측값과 7개의 변수가 있습니다.
NOTE: DATA 문장 실행 (총 프로세스 시간):
      실행 시간           0.00 초
      cpu 시간            0.00 초
      


NOTE: 1002개의 관측값을 데이터셋 WORK.FAGE_THRESHOLD_STATS.에서 읽었습니다.
NOTE: 데이터셋 WORK.FAGE_THRESHOLD_STATS에 1002개의 관측값과 7개의 변수가 있습니다.
NOTE: 프로시저 SORT 실행 (총 프로세스 시간):
      실행 시간           0.00 초
      cpu 시간            0.00 초
      


NOTE: 1개의 관측값을 데이터셋 WORK.FAGE_THRESHOLD_STATS.에서 읽었습니다.
      WHERE fpr<=0.01;
NOTE: 데이터셋 WORK.TH_LR_C_404에 1개의 관측값과 7개의 변수가 있습니다.
NOTE: DATA 문장 실행 (총 프로세스 시간):
      실행 시간           0.00 초
      cpu 시간            0.01 초
      


NOTE: 1개의 관측값을 데이터셋 WORK.TH_LR_C_404.에서 읽었습니다.
NOTE: DATA 문장 실행 (총 프로세스 시간):
      실행 시간           0.00 초
      cpu 시간            0.00 초
      


NOTE: 데이터셋 WORK.FAGE_TH_ROW에 1개의 관측값과 5개의 변수가 있습니다.
NOTE: DATA 문장 실행 (총 프로세스 시간):
      실행 시간           0.00 초
      cpu 시간            0.00 초
      


NOTE: WORK.FAGE_TH_ROW을(를) WORK.FAGE_THRESHOLDS에 추가하는 중입니다.
NOTE: 1개의 관측값을 데이터셋 WORK.FAGE_TH_ROW.에서 읽었습니다.
NOTE: 1개 관측값이 추가되었습니다.
NOTE: 데이터셋 WORK.FAGE_THRESHOLDS에 43개의 관측값과 5개의 변수가 있습니다.
NOTE: 프로시저 APPEND 실행 (총 프로세스 시간):
      실행 시간           0.00 초
      cpu 시간            0.00 초
      


NOTE: 1951개의 관측값을 데이터셋 WORK.FAGE_READ.에서 읽었습니다.
140                                                        SAS 시스템      2026년  9월 18일 금요일 오전 02시 13분 22초

NOTE: 데이터셋 WORK.READ_ONE에 1951개의 관측값과 11개의 변수가 있습니다.
NOTE: DATA 문장 실행 (총 프로세스 시간):
      실행 시간           0.00 초
      cpu 시간            0.00 초
      


NOTE: WORK.READ_ONE을(를) WORK.FAGE_READOUT_SCORED에 추가하는 중입니다.
NOTE: 1951개의 관측값을 데이터셋 WORK.READ_ONE.에서 읽었습니다.
NOTE: 1951개 관측값이 추가되었습니다.
NOTE: 데이터셋 WORK.FAGE_READOUT_SCORED에 84932개의 관측값과 11개의 변수가 있습니다.
NOTE: 프로시저 APPEND 실행 (총 프로세스 시간):
      실행 시간           0.00 초
      cpu 시간            0.00 초
      

NOTE: seed=404 method=lr_c threshold=0.406

NOTE: 1988개의 관측값을 데이터셋 WORK.FAGE_CAL.에서 읽었습니다.
NOTE: 데이터셋 WORK.FAGE_GRID에 1991976개의 관측값과 25개의 변수가 있습니다.
NOTE: DATA 문장 실행 (총 프로세스 시간):
      실행 시간           2.57 초
      cpu 시간            0.48 초
      

NOTE: Table WORK.FAGE_THRESHOLD_STATS created, with 1002 rows and 5 columns.

NOTE: 프로시저 SQL 실행 (총 프로세스 시간):
      실행 시간           0.51 초
      cpu 시간            1.05 초
      


NOTE: 1002개의 관측값을 데이터셋 WORK.FAGE_THRESHOLD_STATS.에서 읽었습니다.
NOTE: 데이터셋 WORK.FAGE_THRESHOLD_STATS에 1002개의 관측값과 7개의 변수가 있습니다.
NOTE: DATA 문장 실행 (총 프로세스 시간):
      실행 시간           0.00 초
      cpu 시간            0.00 초
      


NOTE: 1002개의 관측값을 데이터셋 WORK.FAGE_THRESHOLD_STATS.에서 읽었습니다.
NOTE: 데이터셋 WORK.FAGE_THRESHOLD_STATS에 1002개의 관측값과 7개의 변수가 있습니다.
NOTE: 프로시저 SORT 실행 (총 프로세스 시간):
      실행 시간           0.00 초
      cpu 시간            0.00 초
      


NOTE: 1개의 관측값을 데이터셋 WORK.FAGE_THRESHOLD_STATS.에서 읽었습니다.
      WHERE fpr<=0.01;
NOTE: 데이터셋 WORK.TH_WORD_404에 1개의 관측값과 7개의 변수가 있습니다.
NOTE: DATA 문장 실행 (총 프로세스 시간):
      실행 시간           0.00 초
      cpu 시간            0.01 초
      


141                                                        SAS 시스템      2026년  9월 18일 금요일 오전 02시 13분 25초

NOTE: 1개의 관측값을 데이터셋 WORK.TH_WORD_404.에서 읽었습니다.
NOTE: DATA 문장 실행 (총 프로세스 시간):
      실행 시간           0.00 초
      cpu 시간            0.00 초
      


NOTE: 데이터셋 WORK.FAGE_TH_ROW에 1개의 관측값과 5개의 변수가 있습니다.
NOTE: DATA 문장 실행 (총 프로세스 시간):
      실행 시간           0.00 초
      cpu 시간            0.00 초
      


NOTE: WORK.FAGE_TH_ROW을(를) WORK.FAGE_THRESHOLDS에 추가하는 중입니다.
NOTE: 1개의 관측값을 데이터셋 WORK.FAGE_TH_ROW.에서 읽었습니다.
NOTE: 1개 관측값이 추가되었습니다.
NOTE: 데이터셋 WORK.FAGE_THRESHOLDS에 44개의 관측값과 5개의 변수가 있습니다.
NOTE: 프로시저 APPEND 실행 (총 프로세스 시간):
      실행 시간           0.00 초
      cpu 시간            0.00 초
      


NOTE: 1951개의 관측값을 데이터셋 WORK.FAGE_READ.에서 읽었습니다.
NOTE: 데이터셋 WORK.READ_ONE에 1951개의 관측값과 11개의 변수가 있습니다.
NOTE: DATA 문장 실행 (총 프로세스 시간):
      실행 시간           0.00 초
      cpu 시간            0.00 초
      


NOTE: WORK.READ_ONE을(를) WORK.FAGE_READOUT_SCORED에 추가하는 중입니다.
NOTE: 1951개의 관측값을 데이터셋 WORK.READ_ONE.에서 읽었습니다.
NOTE: 1951개 관측값이 추가되었습니다.
NOTE: 데이터셋 WORK.FAGE_READOUT_SCORED에 86883개의 관측값과 11개의 변수가 있습니다.
NOTE: 프로시저 APPEND 실행 (총 프로세스 시간):
      실행 시간           0.00 초
      cpu 시간            0.00 초
      

NOTE: seed=404 method=word threshold=0.433

NOTE: 1988개의 관측값을 데이터셋 WORK.FAGE_CAL.에서 읽었습니다.
NOTE: 데이터셋 WORK.FAGE_GRID에 1991976개의 관측값과 25개의 변수가 있습니다.
NOTE: DATA 문장 실행 (총 프로세스 시간):
      실행 시간           2.83 초
      cpu 시간            0.52 초
      

NOTE: Table WORK.FAGE_THRESHOLD_STATS created, with 1002 rows and 5 columns.

NOTE: 프로시저 SQL 실행 (총 프로세스 시간):
      실행 시간           0.53 초
      cpu 시간            1.05 초
      


142                                                        SAS 시스템      2026년  9월 18일 금요일 오전 02시 13분 28초

NOTE: 1002개의 관측값을 데이터셋 WORK.FAGE_THRESHOLD_STATS.에서 읽었습니다.
NOTE: 데이터셋 WORK.FAGE_THRESHOLD_STATS에 1002개의 관측값과 7개의 변수가 있습니다.
NOTE: DATA 문장 실행 (총 프로세스 시간):
      실행 시간           0.00 초
      cpu 시간            0.00 초
      


NOTE: 1002개의 관측값을 데이터셋 WORK.FAGE_THRESHOLD_STATS.에서 읽었습니다.
NOTE: 데이터셋 WORK.FAGE_THRESHOLD_STATS에 1002개의 관측값과 7개의 변수가 있습니다.
NOTE: 프로시저 SORT 실행 (총 프로세스 시간):
      실행 시간           0.00 초
      cpu 시간            0.00 초
      


NOTE: 1개의 관측값을 데이터셋 WORK.FAGE_THRESHOLD_STATS.에서 읽었습니다.
      WHERE fpr<=0.01;
NOTE: 데이터셋 WORK.TH_KCBERT_404에 1개의 관측값과 7개의 변수가 있습니다.
NOTE: DATA 문장 실행 (총 프로세스 시간):
      실행 시간           0.00 초
      cpu 시간            0.00 초
      


NOTE: 1개의 관측값을 데이터셋 WORK.TH_KCBERT_404.에서 읽었습니다.
NOTE: DATA 문장 실행 (총 프로세스 시간):
      실행 시간           0.00 초
      cpu 시간            0.00 초
      


NOTE: 데이터셋 WORK.FAGE_TH_ROW에 1개의 관측값과 5개의 변수가 있습니다.
NOTE: DATA 문장 실행 (총 프로세스 시간):
      실행 시간           0.00 초
      cpu 시간            0.00 초
      


NOTE: WORK.FAGE_TH_ROW을(를) WORK.FAGE_THRESHOLDS에 추가하는 중입니다.
NOTE: 1개의 관측값을 데이터셋 WORK.FAGE_TH_ROW.에서 읽었습니다.
NOTE: 1개 관측값이 추가되었습니다.
NOTE: 데이터셋 WORK.FAGE_THRESHOLDS에 45개의 관측값과 5개의 변수가 있습니다.
NOTE: 프로시저 APPEND 실행 (총 프로세스 시간):
      실행 시간           0.00 초
      cpu 시간            0.00 초
      


NOTE: 1951개의 관측값을 데이터셋 WORK.FAGE_READ.에서 읽었습니다.
NOTE: 데이터셋 WORK.READ_ONE에 1951개의 관측값과 11개의 변수가 있습니다.
NOTE: DATA 문장 실행 (총 프로세스 시간):
      실행 시간           0.00 초
      cpu 시간            0.01 초
      


NOTE: WORK.READ_ONE을(를) WORK.FAGE_READOUT_SCORED에 추가하는 중입니다.
143                                                        SAS 시스템      2026년  9월 18일 금요일 오전 02시 13분 28초

NOTE: 1951개의 관측값을 데이터셋 WORK.READ_ONE.에서 읽었습니다.
NOTE: 1951개 관측값이 추가되었습니다.
NOTE: 데이터셋 WORK.FAGE_READOUT_SCORED에 88834개의 관측값과 11개의 변수가 있습니다.
NOTE: 프로시저 APPEND 실행 (총 프로세스 시간):
      실행 시간           0.00 초
      cpu 시간            0.00 초
      

NOTE: seed=404 method=kcbert threshold=0.187

NOTE: 1951개의 관측값을 데이터셋 WORK.STACK_READ_404.에서 읽었습니다.
NOTE: 1951개의 관측값을 데이터셋 WORK.FAGE_READ_404.에서 읽었습니다.
NOTE: 데이터셋 WORK.READ_SCORED에 3902개의 관측값과 11개의 변수가 있습니다.
NOTE: DATA 문장 실행 (총 프로세스 시간):
      실행 시간           0.00 초
      cpu 시간            0.00 초
      


NOTE: WORK.READ_SCORED을(를) WORK.FAGE_READOUT_SCORED에 추가하는 중입니다.
NOTE: 3902개의 관측값을 데이터셋 WORK.READ_SCORED.에서 읽었습니다.
NOTE: 3902개 관측값이 추가되었습니다.
NOTE: 데이터셋 WORK.FAGE_READOUT_SCORED에 92736개의 관측값과 11개의 변수가 있습니다.
NOTE: 프로시저 APPEND 실행 (총 프로세스 시간):
      실행 시간           0.00 초
      cpu 시간            0.01 초
      


NOTE: 1951개의 관측값을 데이터셋 WORK.READ_SCORED.에서 읽었습니다.
      WHERE method='stacking';
NOTE: FREQ 프로시저가 417 페이지를 인쇄했습니다.
NOTE: 프로시저 FREQ 실행 (총 프로세스 시간):
      실행 시간           0.01 초
      cpu 시간            0.01 초
      


NOTE: 1951개의 관측값을 데이터셋 WORK.READ_SCORED.에서 읽었습니다.
      WHERE method='fage';
NOTE: FREQ 프로시저가 418 페이지를 인쇄했습니다.
NOTE: 프로시저 FREQ 실행 (총 프로세스 시간):
      실행 시간           0.01 초
      cpu 시간            0.03 초
      


NOTE: 1951개의 관측값을 데이터셋 WORK.READ_SCORED.에서 읽었습니다.
      WHERE method='fage';
NOTE: FREQ 프로시저가 419 페이지를 인쇄했습니다.
NOTE: 프로시저 FREQ 실행 (총 프로세스 시간):
      실행 시간           0.02 초
      cpu 시간            0.02 초
      

1975  +
1976  +title "시드별 보정에서 고른 임계값 — A/B/C와 게이트, 시드를 합치지 않음";
1977  +proc print data=work.fage_thresholds noobs; run;
144                                                        SAS 시스템      2026년  9월 18일 금요일 오전 02시 13분 28초


NOTE: 45개의 관측값을 데이터셋 WORK.FAGE_THRESHOLDS.에서 읽었습니다.
NOTE: PRINT 프로시저가 420 페이지를 인쇄했습니다.
NOTE: 프로시저 PRINT 실행 (총 프로세스 시간):
      실행 시간           0.02 초
      cpu 시간            0.03 초
      

1978  +
1979  +title "결과 확인 URL 없는 악성 — 시드·방법별";
1980  +proc sql;
1981  +    create table work.fage_readout_nourl as
1982  +    select seed, method,
1983  +           sum(target=1) as malicious_rows,
1984  +           sum(target=1 and model_predicted=1) as tp,
1985  +           sum(target=1 and model_predicted=0) as fn
1986  +    from work.fage_readout_scored
1987  +    where has_url=0
1988  +    group by seed, method;
NOTE: Table WORK.FAGE_READOUT_NOURL created, with 45 rows and 5 columns.

1989  +quit;
NOTE: 프로시저 SQL 실행 (총 프로세스 시간):
      실행 시간           0.03 초
      cpu 시간            0.04 초
      

1990  +proc print data=work.fage_readout_nourl noobs; run;

NOTE: 45개의 관측값을 데이터셋 WORK.FAGE_READOUT_NOURL.에서 읽었습니다.
NOTE: PRINT 프로시저가 421 페이지를 인쇄했습니다.
NOTE: 프로시저 PRINT 실행 (총 프로세스 시간):
      실행 시간           0.03 초
      cpu 시간            0.04 초
      

1991  +
1992  +title "결과 확인 전체 정상 오탐 — 시드·방법별";
1993  +proc sql;
1994  +    create table work.fage_readout_fpr as
1995  +    select seed, method,
1996  +           sum(target=0) as normal_rows,
1997  +           sum(target=0 and model_predicted=1) as fp,
1998  +           sum(target=0 and model_predicted=0) as tn
1999  +    from work.fage_readout_scored
2000  +    group by seed, method;
NOTE: Table WORK.FAGE_READOUT_FPR created, with 45 rows and 5 columns.

2001  +quit;
NOTE: 프로시저 SQL 실행 (총 프로세스 시간):
      실행 시간           0.03 초
      cpu 시간            0.05 초
      

2002  +proc print data=work.fage_readout_fpr noobs; run;

NOTE: 45개의 관측값을 데이터셋 WORK.FAGE_READOUT_FPR.에서 읽었습니다.
NOTE: PRINT 프로시저가 422 페이지를 인쇄했습니다.
145                                                        SAS 시스템      2026년  9월 18일 금요일 오전 02시 13분 28초

NOTE: 프로시저 PRINT 실행 (총 프로세스 시간):
      실행 시간           0.03 초
      cpu 시간            0.03 초
      

2003  +
2004  +data _null_;
2005  +    rc = dcreate('outputs', "&projroot.");
2006  +run;

NOTE: DATA 문장 실행 (총 프로세스 시간):
      실행 시간           0.00 초
      cpu 시간            0.00 초
      

2007  +
2008  +proc export data=work.fage_thresholds
2009  +    outfile="&projroot./outputs/fage_thresholds.csv" dbms=csv replace;
2010  +run;

NOTE: Unable to open parameter catalog: SASUSER.PARMS.PARMS.SLIST in update mode. Temporary parameter values will be saved to 
WORK.PARMS.PARMS.SLIST.
2011    /**********************************************************************
2012    *   PRODUCT:   SAS
2013    *   VERSION:   V.04.00
2014    *   CREATOR:   External File Interface
2015    *   DATE:      18SEP26
2016    *   DESC:      Generated SAS Datastep Code
2017    *   TEMPLATE SOURCE:  (None Specified.)
2018    ***********************************************************************/
2019       data _null_;
2020       %let _EFIERR_ = 0; /* set the ERROR detection macro variable */
2021       %let _EFIREC_ = 0;     /* clear export record count macro variable */
2022       file '/home/student/github/outputs/fage_thresholds.csv' delimiter=',' DSD DROPOVER lrecl=32767;
2023       if _n_ = 1 then        /* write column names or labels */
2024        do;
2025          put
2026             "seed"
2027          ','
2028             "method"
2029          ','
2030             "threshold"
2031          ','
2032             "recall"
2033          ','
2034             "fpr"
2035          ;
2036        end;
2037      set  WORK.FAGE_THRESHOLDS   end=EFIEOD;
2038          format seed best12. ;
2039          format method $16. ;
2040          format threshold best12. ;
2041          format recall best12. ;
2042          format fpr best12. ;
2043        do;
2044          EFIOUT + 1;
2045          put seed @;
2046          put method $ @;
146                                                        SAS 시스템      2026년  9월 18일 금요일 오전 02시 13분 28초

2047          put threshold @;
2048          put recall @;
2049          put fpr ;
2050          ;
2051        end;
2052       if _ERROR_ then call symputx('_EFIERR_',1);  /* set ERROR detection macro variable */
2053       if EFIEOD then call symputx('_EFIREC_',EFIOUT);
2054       run;

NOTE: 파일 '/home/student/github/outputs/fage_thresholds.csv':
      파일 이름=/home/student/github/outputs/fage_thresholds.csv,
      소유자 이름=UNKNOWN,그룹 이름=UNKNOWN,
      액세스 권한=-rw-r--r--,
      마지막 수정일=2026년 09월 18일 02시13분28초

NOTE: 46개의 레코드를 파일 '/home/student/github/outputs/fage_thresholds.csv'에 기록했습니다.
      최소 레코드 길이는 32입니다.
      최대 레코드 길이는 44입니다.
NOTE: 45개의 관측값을 데이터셋 WORK.FAGE_THRESHOLDS.에서 읽었습니다.
NOTE: DATA 문장 실행 (총 프로세스 시간):
      실행 시간           0.01 초
      cpu 시간            0.01 초
      

45 records created in /home/student/github/outputs/fage_thresholds.csv from WORK.FAGE_THRESHOLDS.
  
  
NOTE: "/home/student/github/outputs/fage_thresholds.csv" 파일을 성공적으로 생성했습니다.
NOTE: 프로시저 EXPORT 실행 (총 프로세스 시간):
      실행 시간           0.05 초
      cpu 시간            0.04 초
      

2055  +proc export data=work.fage_readout_nourl
2056  +    outfile="&projroot./outputs/fage_readout_nourl.csv" dbms=csv replace;
2057  +run;

NOTE: Unable to open parameter catalog: SASUSER.PARMS.PARMS.SLIST in update mode. Temporary parameter values will be saved to 
WORK.PARMS.PARMS.SLIST.
2058    /**********************************************************************
2059    *   PRODUCT:   SAS
2060    *   VERSION:   V.04.00
2061    *   CREATOR:   External File Interface
2062    *   DATE:      18SEP26
2063    *   DESC:      Generated SAS Datastep Code
2064    *   TEMPLATE SOURCE:  (None Specified.)
2065    ***********************************************************************/
2066       data _null_;
2067       %let _EFIERR_ = 0; /* set the ERROR detection macro variable */
2068       %let _EFIREC_ = 0;     /* clear export record count macro variable */
2069       file '/home/student/github/outputs/fage_readout_nourl.csv' delimiter=',' DSD DROPOVER lrecl=32767;
2070       if _n_ = 1 then        /* write column names or labels */
2071        do;
2072          put
2073             "seed"
2074          ','
2075             "method"
2076          ','
147                                                        SAS 시스템      2026년  9월 18일 금요일 오전 02시 13분 28초

2077             "malicious_rows"
2078          ','
2079             "tp"
2080          ','
2081             "fn"
2082          ;
2083        end;
2084      set  WORK.FAGE_READOUT_NOURL   end=EFIEOD;
2085          format seed best12. ;
2086          format method $16. ;
2087          format malicious_rows best12. ;
2088          format tp best12. ;
2089          format fn best12. ;
2090        do;
2091          EFIOUT + 1;
2092          put seed @;
2093          put method $ @;
2094          put malicious_rows @;
2095          put tp @;
2096          put fn ;
2097          ;
2098        end;
2099       if _ERROR_ then call symputx('_EFIERR_',1);  /* set ERROR detection macro variable */
2100       if EFIEOD then call symputx('_EFIREC_',EFIOUT);
2101       run;

NOTE: 파일 '/home/student/github/outputs/fage_readout_nourl.csv':
      파일 이름=/home/student/github/outputs/fage_readout_nourl.csv,
      소유자 이름=UNKNOWN,그룹 이름=UNKNOWN,
      액세스 권한=-rw-r--r--,
      마지막 수정일=2026년 09월 18일 02시13분28초

NOTE: 46개의 레코드를 파일 '/home/student/github/outputs/fage_readout_nourl.csv'에 기록했습니다.
      최소 레코드 길이는 15입니다.
      최대 레코드 길이는 32입니다.
NOTE: 45개의 관측값을 데이터셋 WORK.FAGE_READOUT_NOURL.에서 읽었습니다.
NOTE: DATA 문장 실행 (총 프로세스 시간):
      실행 시간           0.01 초
      cpu 시간            0.00 초
      

45 records created in /home/student/github/outputs/fage_readout_nourl.csv from WORK.FAGE_READOUT_NOURL.
  
  
NOTE: "/home/student/github/outputs/fage_readout_nourl.csv" 파일을 성공적으로 생성했습니다.
NOTE: 프로시저 EXPORT 실행 (총 프로세스 시간):
      실행 시간           0.04 초
      cpu 시간            0.03 초
      

2102  +proc export data=work.fage_readout_fpr
2103  +    outfile="&projroot./outputs/fage_readout_fpr.csv" dbms=csv replace;
2104  +run;

NOTE: Unable to open parameter catalog: SASUSER.PARMS.PARMS.SLIST in update mode. Temporary parameter values will be saved to 
WORK.PARMS.PARMS.SLIST.
2105    /**********************************************************************
2106    *   PRODUCT:   SAS
148                                                        SAS 시스템      2026년  9월 18일 금요일 오전 02시 13분 29초

2107    *   VERSION:   V.04.00
2108    *   CREATOR:   External File Interface
2109    *   DATE:      18SEP26
2110    *   DESC:      Generated SAS Datastep Code
2111    *   TEMPLATE SOURCE:  (None Specified.)
2112    ***********************************************************************/
2113       data _null_;
2114       %let _EFIERR_ = 0; /* set the ERROR detection macro variable */
2115       %let _EFIREC_ = 0;     /* clear export record count macro variable */
2116       file '/home/student/github/outputs/fage_readout_fpr.csv' delimiter=',' DSD DROPOVER lrecl=32767;
2117       if _n_ = 1 then        /* write column names or labels */
2118        do;
2119          put
2120             "seed"
2121          ','
2122             "method"
2123          ','
2124             "normal_rows"
2125          ','
2126             "fp"
2127          ','
2128             "tn"
2129          ;
2130        end;
2131      set  WORK.FAGE_READOUT_FPR   end=EFIEOD;
2132          format seed best12. ;
2133          format method $16. ;
2134          format normal_rows best12. ;
2135          format fp best12. ;
2136          format tn best12. ;
2137        do;
2138          EFIOUT + 1;
2139          put seed @;
2140          put method $ @;
2141          put normal_rows @;
2142          put fp @;
2143          put tn ;
2144          ;
2145        end;
2146       if _ERROR_ then call symputx('_EFIERR_',1);  /* set ERROR detection macro variable */
2147       if EFIEOD then call symputx('_EFIREC_',EFIOUT);
2148       run;

NOTE: 파일 '/home/student/github/outputs/fage_readout_fpr.csv':
      파일 이름=/home/student/github/outputs/fage_readout_fpr.csv,
      소유자 이름=UNKNOWN,그룹 이름=UNKNOWN,
      액세스 권한=-rw-r--r--,
      마지막 수정일=2026년 09월 18일 02시13분29초

NOTE: 46개의 레코드를 파일 '/home/student/github/outputs/fage_readout_fpr.csv'에 기록했습니다.
      최소 레코드 길이는 19입니다.
      최대 레코드 길이는 29입니다.
NOTE: 45개의 관측값을 데이터셋 WORK.FAGE_READOUT_FPR.에서 읽었습니다.
NOTE: DATA 문장 실행 (총 프로세스 시간):
      실행 시간           0.01 초
      cpu 시간            0.00 초
      

149                                                        SAS 시스템      2026년  9월 18일 금요일 오전 02시 13분 29초

45 records created in /home/student/github/outputs/fage_readout_fpr.csv from WORK.FAGE_READOUT_FPR.
  
  
NOTE: "/home/student/github/outputs/fage_readout_fpr.csv" 파일을 성공적으로 생성했습니다.
NOTE: 프로시저 EXPORT 실행 (총 프로세스 시간):
      실행 시간           0.05 초
      cpu 시간            0.03 초
      

2149  +proc export data=work.fage_readout_scored
2150  +    outfile="&projroot./outputs/fage_readout_scored.csv" dbms=csv replace;
2151  +run;

NOTE: Unable to open parameter catalog: SASUSER.PARMS.PARMS.SLIST in update mode. Temporary parameter values will be saved to 
WORK.PARMS.PARMS.SLIST.
2152    /**********************************************************************
2153    *   PRODUCT:   SAS
2154    *   VERSION:   V.04.00
2155    *   CREATOR:   External File Interface
2156    *   DATE:      18SEP26
2157    *   DESC:      Generated SAS Datastep Code
2158    *   TEMPLATE SOURCE:  (None Specified.)
2159    ***********************************************************************/
2160       data _null_;
2161       %let _EFIERR_ = 0; /* set the ERROR detection macro variable */
2162       %let _EFIREC_ = 0;     /* clear export record count macro variable */
2163       file '/home/student/github/outputs/fage_readout_scored.csv' delimiter=',' DSD DROPOVER lrecl=32767;
2164       if _n_ = 1 then        /* write column names or labels */
2165        do;
2166          put
2167             "seed"
2168          ','
2169             "fold"
2170          ','
2171             "target"
2172          ','
2173             "has_url"
2174          ','
2175             "model_predicted"
2176          ','
2177             "method"
2178          ','
2179             "message_id"
2180          ','
2181             "role"
2182          ','
2183             "similarity_group_id"
2184          ','
2185             "label"
2186          ','
2187             "model_probability"
2188          ;
2189        end;
2190      set  WORK.FAGE_READOUT_SCORED   end=EFIEOD;
2191          format seed best12. ;
2192          format fold best12. ;
2193          format target best12. ;
2194          format has_url best12. ;
150                                                        SAS 시스템      2026년  9월 18일 금요일 오전 02시 13분 29초

2195          format model_predicted best12. ;
2196          format method $16. ;
2197          format message_id $40. ;
2198          format role $32. ;
2199          format similarity_group_id $40. ;
2200          format label $12. ;
2201          format model_probability best12. ;
2202        do;
2203          EFIOUT + 1;
2204          put seed @;
2205          put fold @;
2206          put target @;
2207          put has_url @;
2208          put model_predicted @;
2209          put method $ @;
2210          put message_id $ @;
2211          put role $ @;
2212          put similarity_group_id $ @;
2213          put label $ @;
2214          put model_probability ;
2215          ;
2216        end;
2217       if _ERROR_ then call symputx('_EFIERR_',1);  /* set ERROR detection macro variable */
2218       if EFIEOD then call symputx('_EFIREC_',EFIOUT);
2219       run;

NOTE: 파일 '/home/student/github/outputs/fage_readout_scored.csv':
      파일 이름=/home/student/github/outputs/fage_readout_scored.csv,
      소유자 이름=UNKNOWN,그룹 이름=UNKNOWN,
      액세스 권한=-rw-r--r--,
      마지막 수정일=2026년 09월 18일 02시13분29초

NOTE: 92737개의 레코드를 파일 '/home/student/github/outputs/fage_readout_scored.csv'에 기록했습니다.
      최소 레코드 길이는 101입니다.
      최대 레코드 길이는 112입니다.
NOTE: 92736개의 관측값을 데이터셋 WORK.FAGE_READOUT_SCORED.에서 읽었습니다.
NOTE: DATA 문장 실행 (총 프로세스 시간):
      실행 시간           0.31 초
      cpu 시간            0.28 초
      

92736 records created in /home/student/github/outputs/fage_readout_scored.csv from WORK.FAGE_READOUT_SCORED.
  
  
NOTE: "/home/student/github/outputs/fage_readout_scored.csv" 파일을 성공적으로 생성했습니다.
NOTE: 프로시저 EXPORT 실행 (총 프로세스 시간):
      실행 시간           0.34 초
      cpu 시간            0.30 초
      

2220  +
2221  +%put NOTE: Python FAGE 수치가 SAS 08 결과를 대신하지 않습니다. 로그와 ODS를 검수하십시오.;
NOTE: Python FAGE 수치가 SAS 08 결과를 대신하지 않습니다. 로그와 ODS를 검수하십시오.
2222  +title;
NOTE: %INCLUDE(레벨 1)를 종료 중입니다.

NOTE: 데이터셋 WORK._TMP_STATUS에 1개의 관측값과 6개의 변수가 있습니다.
NOTE: DATA 문장 실행 (총 프로세스 시간):
151                                                        SAS 시스템      2026년  9월 18일 금요일 오전 02시 13분 29초

      실행 시간           0.00 초
      cpu 시간            0.01 초
      


NOTE: WORK._TMP_STATUS을(를) WORK.SCAMLENS_MASTER_RUN_STATUS에 추가하는 중입니다.
NOTE: 1개의 관측값을 데이터셋 WORK._TMP_STATUS.에서 읽었습니다.
NOTE: 1개 관측값이 추가되었습니다.
NOTE: 데이터셋 WORK.SCAMLENS_MASTER_RUN_STATUS에 7개의 관측값과 6개의 변수가 있습니다.
NOTE: 프로시저 APPEND 실행 (총 프로세스 시간):
      실행 시간           0.00 초
      cpu 시간            0.00 초
      

NOTE:
NOTE: =========================================================================
NOTE: >>> [Step 8] 검수자 A/B 일치도 (Kappa) (11_reviewer_ab_agreement.sas)
NOTE: =========================================================================
NOTE: %INCLUDE(레벨 1) 파일 /home/student/github/sas/11_reviewer_ab_agreement.sas은(는) 파일 
      /home/student/github/sas/11_reviewer_ab_agreement.sas입니다.
2223  +/* Pre-consensus nominal A/B agreement; final consensus is a separate stratum. */
2224  +%macro sc11_check;
2225  +  %if &syscc ne 0 or &syserr ne 0 %then %do;
2226  +    %put ERROR: SAS 11 stopped after an unsuccessful step.;
2227  +    %abort cancel;
2228  +  %end;
2229  +%mend;
2230  +%macro sc11_run;
2231  +  %global projroot sasdata runout sc11_complete;
2232  +  %local n u bad;
2233  +  %let sc11_complete=0;
2234  +  %if %length(%superq(projroot))=0 %then %let projroot=/home/student/github;
2235  +  %if %length(%superq(sasdata))=0 %then %let sasdata=&projroot./data/processed/sas;
2236  +  %if %length(%superq(runout))=0 %then %do;
2237  +    %put ERROR: Run sas/00_RUN_AB.sas to define a fresh output directory.;
2238  +    %abort cancel;
2239  +  %end;
2240  +  %if not %sysfunc(fileexist(&sasdata./sas_reviewer_ab_20260914.csv)) %then %do;
2241  +    %put ERROR: Missing A/B agreement input.;
2242  +    %abort cancel;
2243  +  %end;
2244  +  data work.sc11_ab;
2245  +    infile "&sasdata./sas_reviewer_ab_20260914.csv" dsd dlm=',' firstobs=2
2246  +      truncover encoding='utf-8' lrecl=32767;
2247  +    length review_id $32 a_category b_category final_category a_action_mask b_action_mask 8
2248  +      resolution_source $48;
2249  +    input review_id $ a_category b_category final_category a_action_mask b_action_mask resolution_source $;
2250  +  run;
2251  +  %sc11_check;
2252  +  proc sql noprint;
2253  +    select count(*),count(distinct review_id) into :n trimmed,:u trimmed from work.sc11_ab;
2254  +    select count(*) into :bad trimmed from work.sc11_ab
2255  +    where missing(review_id) or missing(a_category) or missing(b_category) or missing(final_category)
2256  +      or a_category not in (1,2,3,4) or b_category not in (1,2,3,4)
2257  +      or final_category not in (1,2,3,4)
2258  +      or missing(a_action_mask) or missing(b_action_mask)
2259  +      or a_action_mask<1 or a_action_mask>127 or b_action_mask<1 or b_action_mask>127
2260  +      or a_action_mask ne floor(a_action_mask) or b_action_mask ne floor(b_action_mask)
152                                                        SAS 시스템      2026년  9월 18일 금요일 오전 02시 13분 29초

2261  +      or (band(a_action_mask,16)>0 and a_action_mask ne 16)
2262  +      or (band(b_action_mask,16)>0 and b_action_mask ne 16)
2263  +      or (band(a_action_mask,64)>0 and a_action_mask ne 64)
2264  +      or (band(b_action_mask,64)>0 and b_action_mask ne 64)
2265  +      or resolution_source not in ('auto_agreement_not_human_adjudication','adjudication')
2266  +      or ((resolution_source='auto_agreement_not_human_adjudication') ne
2267  +          (a_category=b_category and a_action_mask=b_action_mask))
2268  +      or (resolution_source='auto_agreement_not_human_adjudication' and final_category ne a_category);
2269  +  quit;
2270  +  %sc11_check;
2271  +  %if &n ne 556 or &u ne 556 or &bad ne 0 %then %do;
2272  +    %put ERROR: Invalid A/B input rows=&n. unique=&u. bad=&bad.;
2273  +    %abort cancel;
2274  +  %end;
2275  +
2276  +  data work.sc11_category_grid;
2277  +    do a_category=1 to 4; do b_category=1 to 4; output; end; end;
2278  +  run;
2279  +  proc sql;
2280  +    create table work.sc11_category_cells as
2281  +    select g.a_category,g.b_category,count(x.review_id) as n
2282  +    from work.sc11_category_grid g left join work.sc11_ab x
2283  +      on g.a_category=x.a_category and g.b_category=x.b_category
2284  +    group by g.a_category,g.b_category order by g.a_category,g.b_category;
2285  +  quit;
2286  +  %sc11_check;
2287  +  data work.sc11_final_category_grid;
2288  +    do final_category=1 to 4; output; end;
2289  +  run;
2290  +  %sc11_check;
2291  +  proc sql;
2292  +    create table work.sc11_final_category_cells as
2293  +    select g.final_category,count(x.review_id) as n
2294  +    from work.sc11_final_category_grid g left join work.sc11_ab x
2295  +      on g.final_category=x.final_category
2296  +    group by g.final_category order by g.final_category;
2297  +  quit;
2298  +  %sc11_check;
2299  +  data work.sc11_final_category_cells;
2300  +    set work.sc11_final_category_cells;
2301  +    proportion=n/&n.;
2302  +    format proportion best32.;
2303  +  run;
2304  +  %sc11_check;
2305  +  data work.sc11_actions;
2306  +    set work.sc11_ab;
2307  +    do action_code=1 to 7;
2308  +      a_value=(band(a_action_mask,2**(action_code-1))>0);
2309  +      b_value=(band(b_action_mask,2**(action_code-1))>0);
2310  +      output;
2311  +    end;
2312  +    keep review_id action_code a_value b_value;
2313  +  run;
2314  +  data work.sc11_action_grid;
2315  +    do action_code=1 to 7; do a_value=0 to 1; do b_value=0 to 1; output; end; end; end;
2316  +  run;
2317  +  proc sql;
2318  +    create table work.sc11_action_cells as
153                                                        SAS 시스템      2026년  9월 18일 금요일 오전 02시 13분 29초

2319  +    select g.action_code,g.a_value,g.b_value,count(x.review_id) as n
2320  +    from work.sc11_action_grid g left join work.sc11_actions x
2321  +      on g.action_code=x.action_code and g.a_value=x.a_value and g.b_value=x.b_value
2322  +    group by g.action_code,g.a_value,g.b_value order by g.action_code,g.a_value,g.b_value;
2323  +  quit;
2324  +  %sc11_check;
2325  +
2326  +  /* Both axes include all codes, including zero frequency rows and columns. */
2327  +  data work.sc11_all_cells;
2328  +    length measure $32;
2329  +    set work.sc11_category_cells(in=category) work.sc11_action_cells(in=action);
2330  +    if category then do; measure='category'; av=a_category; bv=b_category; end;
2331  +    if action then do; measure=cats('action_',action_code); av=a_value; bv=b_value; end;
2332  +    keep measure av bv n;
2333  +  run;
2334  +  proc sql;
2335  +    create table work.sc11_margina as select measure,av,sum(n) as na
2336  +      from work.sc11_all_cells group by measure,av;
2337  +    create table work.sc11_marginb as select measure,bv,sum(n) as nb
2338  +      from work.sc11_all_cells group by measure,bv;
2339  +    create table work.sc11_chance as select a.measure,sum(a.na*b.nb) as numerator
2340  +      from work.sc11_margina a inner join work.sc11_marginb b
2341  +      on a.measure=b.measure and a.av=b.bv group by a.measure;
2342  +    create table work.sc11_totals as select measure,sum(n) as n,
2343  +      sum(case when av=bv then n else 0 end) as agree_n
2344  +      from work.sc11_all_cells group by measure;
2345  +    create table work.sc11_agreement as select t.*,c.numerator
2346  +      from work.sc11_totals t inner join work.sc11_chance c on t.measure=c.measure;
2347  +    create table work.sc11_action_set as select 'action_set' as measure length=32,
2348  +      count(*) as n,sum(a_action_mask=b_action_mask) as agree_n from work.sc11_ab;
2349  +  quit;
2350  +  %sc11_check;
2351  +  data work.sc11_agreement;
2352  +    set work.sc11_agreement work.sc11_action_set;
2353  +    agreement=.; kappa=.;
2354  +    if n>0 then do;
2355  +      agreement=agree_n/n;
2356  +      if measure ne 'action_set' then do;
2357  +        pe=numerator/(n*n);
2358  +        if pe<1 then kappa=(agreement-pe)/(1-pe);
2359  +      end;
2360  +    end;
2361  +    format agreement kappa best32.;
2362  +    keep measure n agree_n agreement kappa;
2363  +  run;
2364  +  %sc11_check;
2365  +
2366  +  title 'Pre-consensus A/B categories: use unweighted kappa only';
2367  +  proc freq data=work.sc11_category_cells;
2368  +    tables a_category*b_category / agree;
2369  +    weight n / zeros;
2370  +  run;
2371  +  %sc11_check;
2372  +  title 'Pre-consensus action indicators: descriptive agreement';
2373  +  proc freq data=work.sc11_action_cells;
2374  +    by action_code;
2375  +    tables a_value*b_value / agree;
2376  +    weight n / zeros;
154                                                        SAS 시스템      2026년  9월 18일 금요일 오전 02시 13분 29초

2377  +  run;
2378  +  %sc11_check;
2379  +  title 'Pre-consensus agreement: category, exact action set, individual actions';
2380  +  proc print data=work.sc11_agreement noobs; run;
2381  +  title 'Final consensus category counts: separate descriptive table';
2382  +  proc freq data=work.sc11_ab; tables final_category; run;
2383  +  %sc11_check;
2384  +  proc export data=work.sc11_category_cells outfile="&runout./11_category_cells.csv" dbms=csv replace; run;
2385  +  %sc11_check;
2386  +  proc export data=work.sc11_final_category_cells outfile="&runout./11_final_category_cells.csv" dbms=csv replace; run;
2387  +  %sc11_check;
2388  +  proc export data=work.sc11_agreement outfile="&runout./11_agreement.csv" dbms=csv replace; run;
2389  +  %sc11_check;
2390  +  proc export data=work.sc11_action_cells outfile="&runout./11_action_cells.csv" dbms=csv replace; run;
2391  +  %sc11_check;
2392  +  title;
2393  +  %let sc11_complete=1;
2394  +  %put NOTE: A was AI-assisted. B used no AI and had no prior answer/label/prediction exposure per user attestation.;
2395  +  %put NOTE: Agreement is descriptive review evidence, not detection accuracy.;
2396  +  %put NOTE: SCAMLENS_11_COMPLETE;
2397  +%mend;
2398  +%sc11_run;
ERROR: Run sas/00_RUN_AB.sas to define a fresh output directory.
ERROR: %ABORT CANCEL 문으로 실행을 취소했습니다.
NOTE: %INCLUDE(레벨 1)를 종료 중입니다.
NOTE: SAS 시스템이 CANCEL 요청을 수신해서 프로세스를 중단했습니다.
1                                                          SAS 시스템      2026년  9월 18일 금요일 오전 02시 18분 00초

1      /* region: 생성한 프리앰블 */
2      /* 현재 디렉터리가 쓰기 가능한지 확인하십시오. */
3      data _null_;
4          length rc 4;
5          %let tworkloc="%sysfunc(getoption(work))";
6          rc=dlgcdir(&tworkloc);
7      run;

NOTE: '/opt/sas/viya/config/var/tmp/compsrv/default/04ee8070-d54a-4535-b462-e3946f5f09eb/SAS_work5D21000001EB_sas-compute-server-2b4
      73bef-58e9-4c87-8086-f8861afdcf8a-85'은(는) 현재 작동 중인 디렉터리입니다.
NOTE: DATA 문장 실행 (총 프로세스 시간):
      실행 시간           0.00 초
      cpu 시간            0.00 초
      

8      
9      /* 옵션 설정 */
10     title;
11     footnote;
12     options validvarname=any;
13     options validmemname=extend;
14     options dtreset date number;
15     options device=png;
16     
17     /* 매크로 변수 설정 */
18     %let syscc=0;
19     %let _clientapp = %nrquote(%nrstr(SAS Studio));
20     %let _clientappabbrev = %nrquote(%nrstr(Studio));
21     %let _clientappversion=2024.02;
22     %let _clientversion=;
23     %let _sasservername=&SYSHOSTNAME;
24     %let _sashostname=&SYSHOSTNAME;
25     %let _sasprogramfilehost=&SYSHOSTNAME;
26     %let _clientuserid = %nrquote(%nrstr(student));
27     %let _clientusername = %nrquote(%nrstr(Student));
28     %let clientmachine = %nrquote(%nrstr());
29     %let _clientmachine = %nrquote(%nrstr());
30     %let _clientmode = %nrquote(%nrstr(viya));
31     %let sasworklocation="%sysfunc(getoption(work))/";
32     filename _cwd &sasworklocation;
33     data _null_;
34         call symput('_sasworkingdir',pathname('_cwd'));
35     run;

NOTE: DATA 문장 실행 (총 프로세스 시간):
      실행 시간           0.00 초
      cpu 시간            0.00 초
      

36     filename _cwd;
NOTE: Fileref _CWD을(를) 삭제했습니다.
37     %let _sasprogramfile = %nrquote(%nrstr());
38     %let _baseurl = %nrquote(%nrstr(https://server.demo.sas.com/SASStudio/));
39     %let _execenv = %nrquote(%nrstr(SASStudio));
40     %symdel _dataout_mime_type _dataout_name _dataout_url _dataout_table / nowarn;
41     %let _sasws_ = %bquote(%sysfunc(getoption(work)));
42     %let _saswstemp_ = %bquote(%sysfunc(getoption(work)));
43     
2                                                          SAS 시스템      2026년  9월 18일 금요일 오전 02시 18분 00초

44     /* SAS/Graph 감지 및 그래프 옵션 설정 */
45     data _null_;
46         length rc $255;
47         call symput("graphinit","");
48         call symput("graphterm","");
49         rc=tslvl('sasxgopt','n');
50         _error_=0;
51         if (rc^=' ') then do;
52             call symput("graphinit","goptions reset=all gsfname=_gsfname;");
53             call symput("graphterm","goptions noaccessible;");
54         end;
55     run;

NOTE: DATA 문장 실행 (총 프로세스 시간):
      실행 시간           0.00 초
      cpu 시간            0.00 초
      

56     data _null_;
57         length rc 4;
58         rc=sysprod("PRODNUM002");
59         if (rc^=1) then do;
60             call symput("graphinit","");
61             call symput("graphterm","");
62         end;
63     run;

NOTE: DATA 문장 실행 (총 프로세스 시간):
      실행 시간           0.00 초
      cpu 시간            0.01 초
      

64     
65     /* ODS 대상 설정 */
66     ods _all_ close;
67     %studio_results_directory;
68     filename _htmlout "&_results_prefix_..html";
69     filename _listout "&_results_prefix_..lst";
70     filename _gsfname temp;
71     filename _dataout "&_results_prefix_..dat";
72     ods autonavigate off;
73     ods graphics on;
74     ods html5 (id=web) METATEXT='http-equiv="Content-Security-Policy" content="default-src ''none''; style-src ''unsafe-inline'';
74   !  img-src data: ;"' device=png gpath="&_saswstemp_" path="&_saswstemp_" encoding=utf8 file=_htmlout (title='결과:Git
74   ! 레파지토리 상태') style=Illuminate options(bitmap_mode='inline' outline='on' svg_mode='inline'
74   ! css_prefix=".ods_&SYS_COMPUTE_JOB_ID" body_id="div_&SYS_COMPUTE_JOB_ID" );
NOTE: HTML5(WEB) Body 파일 기록 중: _HTMLOUT
75     ods listing file=_listout;
76     &graphinit;
77     %studio_initialize_custom_output;
78     /* endregion */
79     
80     
81     proc datasets lib=WORK;
                                                             Directory

라이브러리 참조    WORK                                                                                                      
엔진                    V9                                                                                                        
3                                                          SAS 시스템      2026년  9월 18일 금요일 오전 02시 18분 00초

                                                             Directory

물리적 경로          /opt/sas/viya/config/var/tmp/compsrv/default/04ee8070-d54a-4535-b462-e3946f5f09eb/                        
                          SAS_work5D21000001EB_sas-compute-server-2b473bef-58e9-4c87-8086-f8861afdcf8a-85                           
파일 이름             /opt/sas/viya/config/var/tmp/compsrv/default/04ee8070-d54a-4535-b462-e3946f5f09eb/                        
                          SAS_work5D21000001EB_sas-compute-server-2b473bef-58e9-4c87-8086-f8861afdcf8a-85                           
Inode 번호              30146624                                                                                                  
액세스 권한          rwx------                                                                                                 
소유자 이름          UNKNOWN                                                                                                   
파일 크기             20KB                                                                                                      
파일 크기(바이트)  20480                                                                                                     


                                                          멤버      파일 크
                         #  이름                        유형             기  마지막 수정일

                         1  ATTACK_DETECTION              DATA             128KB  2026.09.18 06:10:54        
                         2  ATTACK_DETECTION_CI           DATA             128KB  2026.09.18 06:10:54        
                         3  BINNED                        DATA             896KB  2026.09.18 06:10:47        
                         4  BY_ATTACK                     DATA             128KB  2026.09.18 06:10:54        
                         5  CELL_COUNTS                   DATA             128KB  2026.09.18 06:10:44        
                         6  CONTRAST                      DATA             640KB  2026.09.18 06:10:51        
                         7  CONV_FULL                     DATA             128KB  2026.09.18 06:10:45        
                         8  CONV_INTER                    DATA             128KB  2026.09.18 06:10:47        
                         9  CONV_INTER_YEAR               DATA             128KB  2026.09.18 06:10:47        
                        10  CONV_MAIN                     DATA             128KB  2026.09.18 06:10:45        
                        11  CONV_RARE                     DATA             128KB  2026.09.18 06:10:47        
                        12  CONV_SIM                      DATA             128KB  2026.09.18 06:10:45        
                        13  CONV_TYPE                     DATA             128KB  2026.09.18 06:10:45        
                        14  CONV_YEAR                     DATA             128KB  2026.09.18 06:10:45        
                        15  CONV_YEAR_TYPE                DATA             128KB  2026.09.18 06:10:46        
                        16  DIST                          DATA             640KB  2026.09.18 06:10:54        
                        17  DOMINANT                      DATA             768KB  2026.09.18 06:10:44        
                        18  EST_FULL                      DATA             128KB  2026.09.18 06:10:45        
                        19  EST_INTER                     DATA             128KB  2026.09.18 06:10:47        
                        20  EST_INTER_YEAR                DATA             128KB  2026.09.18 06:10:47        
                        21  EST_MAIN                      DATA             128KB  2026.09.18 06:10:45        
                        22  EST_RARE                      DATA             128KB  2026.09.18 06:10:47        
                        23  EST_SIM                       DATA             128KB  2026.09.18 06:10:45        
                        24  EST_TYPE                      DATA             128KB  2026.09.18 06:10:45        
                        25  EST_YEAR                      DATA             128KB  2026.09.18 06:10:45        
                        26  EST_YEAR_TYPE                 DATA             128KB  2026.09.18 06:10:46        
                        27  EXCLUDED_NON_DOMINANT         DATA             128KB  2026.09.18 06:10:44        
                        28  EXCLUDED_SMALL_YEAR           DATA             128KB  2026.09.18 06:10:44        
                        29  EXT                           DATA             768KB  2026.09.18 06:10:44        
                        30  EXTERNAL                      DATA             768KB  2026.09.18 06:10:44        
                        31  FAGE                          DATA               5MB  2026.09.18 06:10:56        
                        32  FAGE_A_CAL_101                DATA             768KB  2026.09.18 06:11:36        
                        33  FAGE_A_CAL_202                DATA             704KB  2026.09.18 06:12:08        
                        34  FAGE_A_CAL_303                DATA             704KB  2026.09.18 06:12:36        
                        35  FAGE_A_CAL_404                DATA             704KB  2026.09.18 06:13:05        
                        36  FAGE_A_CAL_42                 DATA             768KB  2026.09.18 06:11:03        
                        37  FAGE_A_CV_101                 DATA             128KB  2026.09.18 06:11:36        
                        38  FAGE_A_CV_202                 DATA             128KB  2026.09.18 06:12:08        
                        39  FAGE_A_CV_303                 DATA             128KB  2026.09.18 06:12:36        
                        40  FAGE_A_CV_404                 DATA             128KB  2026.09.18 06:13:05        
                        41  FAGE_A_CV_42                  DATA             128KB  2026.09.18 06:11:03        
                        42  FAGE_A_FIT_101                DATA             128KB  2026.09.18 06:11:36        
4                                                          SAS 시스템      2026년  9월 18일 금요일 오전 02시 18분 00초

                                                          멤버      파일 크
                         #  이름                        유형             기  마지막 수정일

                        43  FAGE_A_FIT_202                DATA             128KB  2026.09.18 06:12:08        
                        44  FAGE_A_FIT_303                DATA             128KB  2026.09.18 06:12:36        
                        45  FAGE_A_FIT_404                DATA             128KB  2026.09.18 06:13:05        
                        46  FAGE_A_FIT_42                 DATA             128KB  2026.09.18 06:11:03        
                        47  FAGE_A_MODEL_101              DATA             128KB  2026.09.18 06:11:36        
                        48  FAGE_A_MODEL_202              DATA             128KB  2026.09.18 06:12:08        
                        49  FAGE_A_MODEL_303              DATA             128KB  2026.09.18 06:12:36        
                        50  FAGE_A_MODEL_404              DATA             128KB  2026.09.18 06:13:05        
                        51  FAGE_A_MODEL_42               DATA             128KB  2026.09.18 06:11:03        
                        52  FAGE_A_PE_101                 DATA             128KB  2026.09.18 06:11:36        
                        53  FAGE_A_PE_202                 DATA             128KB  2026.09.18 06:12:08        
                        54  FAGE_A_PE_303                 DATA             128KB  2026.09.18 06:12:36        
                        55  FAGE_A_PE_404                 DATA             128KB  2026.09.18 06:13:05        
                        56  FAGE_A_PE_42                  DATA             128KB  2026.09.18 06:11:03        
                        57  FAGE_A_READ_101               DATA             640KB  2026.09.18 06:11:36        
                        58  FAGE_A_READ_202               DATA             768KB  2026.09.18 06:12:08        
                        59  FAGE_A_READ_303               DATA             768KB  2026.09.18 06:12:36        
                        60  FAGE_A_READ_404               DATA             640KB  2026.09.18 06:13:05        
                        61  FAGE_A_READ_42                DATA             640KB  2026.09.18 06:11:03        
                        62  FAGE_CAL                      DATA             640KB  2026.09.18 06:13:05        
                        63  FAGE_CAL_101                  DATA             704KB  2026.09.18 06:11:29        
                        64  FAGE_CAL_202                  DATA             640KB  2026.09.18 06:12:01        
                        65  FAGE_CAL_303                  DATA             640KB  2026.09.18 06:12:29        
                        66  FAGE_CAL_404                  DATA             640KB  2026.09.18 06:12:58        
                        67  FAGE_CAL_42                   DATA             704KB  2026.09.18 06:10:56        
                        68  FAGE_CV_101                   DATA             128KB  2026.09.18 06:11:29        
                        69  FAGE_CV_202                   DATA             128KB  2026.09.18 06:12:01        
                        70  FAGE_CV_303                   DATA             128KB  2026.09.18 06:12:29        
                        71  FAGE_CV_404                   DATA             128KB  2026.09.18 06:12:58        
                        72  FAGE_CV_42                    DATA             128KB  2026.09.18 06:10:56        
                        73  FAGE_C_CAL_101                DATA             768KB  2026.09.18 06:11:41        
                        74  FAGE_C_CAL_202                DATA             704KB  2026.09.18 06:12:11        
                        75  FAGE_C_CAL_303                DATA             704KB  2026.09.18 06:12:39        
                        76  FAGE_C_CAL_404                DATA             704KB  2026.09.18 06:13:09        
                        77  FAGE_C_CAL_42                 DATA             768KB  2026.09.18 06:11:07        
                        78  FAGE_C_CV_101                 DATA             128KB  2026.09.18 06:11:41        
                        79  FAGE_C_CV_202                 DATA             128KB  2026.09.18 06:12:11        
                        80  FAGE_C_CV_303                 DATA             128KB  2026.09.18 06:12:39        
                        81  FAGE_C_CV_404                 DATA             128KB  2026.09.18 06:13:09        
                        82  FAGE_C_CV_42                  DATA             128KB  2026.09.18 06:11:07        
                        83  FAGE_C_FIT_101                DATA             128KB  2026.09.18 06:11:41        
                        84  FAGE_C_FIT_202                DATA             128KB  2026.09.18 06:12:11        
                        85  FAGE_C_FIT_303                DATA             128KB  2026.09.18 06:12:39        
                        86  FAGE_C_FIT_404                DATA             128KB  2026.09.18 06:13:09        
                        87  FAGE_C_FIT_42                 DATA             128KB  2026.09.18 06:11:07        
                        88  FAGE_C_MODEL_101              DATA             128KB  2026.09.18 06:11:41        
                        89  FAGE_C_MODEL_202              DATA             128KB  2026.09.18 06:12:11        
                        90  FAGE_C_MODEL_303              DATA             128KB  2026.09.18 06:12:39        
                        91  FAGE_C_MODEL_404              DATA             128KB  2026.09.18 06:13:09        
                        92  FAGE_C_MODEL_42               DATA             128KB  2026.09.18 06:11:07        
                        93  FAGE_C_PE_101                 DATA             128KB  2026.09.18 06:11:41        
                        94  FAGE_C_PE_202                 DATA             128KB  2026.09.18 06:12:11        
                        95  FAGE_C_PE_303                 DATA             128KB  2026.09.18 06:12:39        
                        96  FAGE_C_PE_404                 DATA             128KB  2026.09.18 06:13:09        
                        97  FAGE_C_PE_42                  DATA             128KB  2026.09.18 06:11:07        
5                                                          SAS 시스템      2026년  9월 18일 금요일 오전 02시 18분 00초

                                                          멤버      파일 크
                         #  이름                        유형             기  마지막 수정일

                        98  FAGE_C_READ_101               DATA             640KB  2026.09.18 06:11:41        
                        99  FAGE_C_READ_202               DATA             768KB  2026.09.18 06:12:11        
                       100  FAGE_C_READ_303               DATA             768KB  2026.09.18 06:12:39        
                       101  FAGE_C_READ_404               DATA             640KB  2026.09.18 06:13:09        
                       102  FAGE_C_READ_42                DATA             640KB  2026.09.18 06:11:07        
                       103  FAGE_FIT_101                  DATA             128KB  2026.09.18 06:11:29        
                       104  FAGE_FIT_202                  DATA             128KB  2026.09.18 06:12:01        
                       105  FAGE_FIT_303                  DATA             128KB  2026.09.18 06:12:29        
                       106  FAGE_FIT_404                  DATA             128KB  2026.09.18 06:12:58        
                       107  FAGE_FIT_42                   DATA             128KB  2026.09.18 06:10:56        
                       108  FAGE_GRID                     DATA             563MB  2026.09.18 06:13:25        
                       109  FAGE_MODEL_101                DATA             128KB  2026.09.18 06:11:29        
                       110  FAGE_MODEL_202                DATA             128KB  2026.09.18 06:12:01        
                       111  FAGE_MODEL_303                DATA             128KB  2026.09.18 06:12:29        
                       112  FAGE_MODEL_404                DATA             128KB  2026.09.18 06:12:58        
                       113  FAGE_MODEL_42                 DATA             128KB  2026.09.18 06:10:56        
                       114  FAGE_PE_101                   DATA             128KB  2026.09.18 06:11:29        
                       115  FAGE_PE_202                   DATA             128KB  2026.09.18 06:12:01        
                       116  FAGE_PE_303                   DATA             128KB  2026.09.18 06:12:29        
                       117  FAGE_PE_404                   DATA             128KB  2026.09.18 06:12:58        
                       118  FAGE_PE_42                    DATA             128KB  2026.09.18 06:10:56        
                       119  FAGE_READ                     DATA             576KB  2026.09.18 06:12:58        
                       120  FAGE_READOUT_FPR              DATA             128KB  2026.09.18 06:13:28        
                       121  FAGE_READOUT_NOURL            DATA             128KB  2026.09.18 06:13:28        
                       122  FAGE_READOUT_SCORED           DATA              17MB  2026.09.18 06:13:28        
                       123  FAGE_READ_101                 DATA             640KB  2026.09.18 06:11:29        
                       124  FAGE_READ_202                 DATA             768KB  2026.09.18 06:12:01        
                       125  FAGE_READ_303                 DATA             768KB  2026.09.18 06:12:29        
                       126  FAGE_READ_404                 DATA             640KB  2026.09.18 06:12:58        
                       127  FAGE_READ_42                  DATA             640KB  2026.09.18 06:10:56        
                       128  FAGE_STACK_CV_101             DATA             128KB  2026.09.18 06:11:29        
                       129  FAGE_STACK_CV_202             DATA             128KB  2026.09.18 06:12:01        
                       130  FAGE_STACK_CV_303             DATA             128KB  2026.09.18 06:12:29        
                       131  FAGE_STACK_CV_404             DATA             128KB  2026.09.18 06:12:58        
                       132  FAGE_STACK_CV_42              DATA             128KB  2026.09.18 06:10:56        
                       133  FAGE_STACK_FIT_101            DATA             128KB  2026.09.18 06:11:29        
                       134  FAGE_STACK_FIT_202            DATA             128KB  2026.09.18 06:12:01        
                       135  FAGE_STACK_FIT_303            DATA             128KB  2026.09.18 06:12:29        
                       136  FAGE_STACK_FIT_404            DATA             128KB  2026.09.18 06:12:58        
                       137  FAGE_STACK_FIT_42             DATA             128KB  2026.09.18 06:10:56        
                       138  FAGE_STACK_MODEL_101          DATA             128KB  2026.09.18 06:11:29        
                       139  FAGE_STACK_MODEL_202          DATA             128KB  2026.09.18 06:12:01        
                       140  FAGE_STACK_MODEL_303          DATA             128KB  2026.09.18 06:12:29        
                       141  FAGE_STACK_MODEL_404          DATA             128KB  2026.09.18 06:12:58        
                       142  FAGE_STACK_MODEL_42           DATA             128KB  2026.09.18 06:10:56        
                       143  FAGE_STACK_PE_101             DATA             128KB  2026.09.18 06:11:29        
                       144  FAGE_STACK_PE_202             DATA             128KB  2026.09.18 06:12:01        
                       145  FAGE_STACK_PE_303             DATA             128KB  2026.09.18 06:12:29        
                       146  FAGE_STACK_PE_404             DATA             128KB  2026.09.18 06:12:58        
                       147  FAGE_STACK_PE_42              DATA             128KB  2026.09.18 06:10:56        
                       148  FAGE_THRESHOLDS               DATA             128KB  2026.09.18 06:13:28        
                       149  FAGE_THRESHOLD_STATS          DATA             128KB  2026.09.18 06:13:28        
                       150  FAGE_TH_ROW                   DATA             128KB  2026.09.18 06:13:28        
                       151  FIT_FULL                      DATA             128KB  2026.09.18 06:10:45        
                       152  FIT_INTER                     DATA             128KB  2026.09.18 06:10:47        
6                                                          SAS 시스템      2026년  9월 18일 금요일 오전 02시 18분 00초

                                                          멤버      파일 크
                         #  이름                        유형             기  마지막 수정일

                       153  FIT_INTER_YEAR                DATA             128KB  2026.09.18 06:10:47        
                       154  FIT_MAIN                      DATA             128KB  2026.09.18 06:10:45        
                       155  FIT_RARE                      DATA             128KB  2026.09.18 06:10:47        
                       156  FIT_SIM                       DATA             128KB  2026.09.18 06:10:45        
                       157  FIT_TYPE                      DATA             128KB  2026.09.18 06:10:45        
                       158  FIT_YEAR                      DATA             128KB  2026.09.18 06:10:45        
                       159  FIT_YEAR_TYPE                 DATA             128KB  2026.09.18 06:10:46        
                       160  FLOW_ROWS                     DATA               3MB  2026.09.18 06:10:44        
                       161  FNR_BY_URL                    DATA             128KB  2026.09.18 06:10:54        
                       162  FORMATS                       CATALOG           24KB  2026.09.18 05:54:21        
                       163  FPR_BY_URL                    DATA             128KB  2026.09.18 06:10:54        
                       164  GRID                          DATA             121MB  2026.09.18 06:10:48        
                       165  JOINT_FULL                    DATA             128KB  2026.09.18 06:10:45        
                       166  JOINT_INTER                   DATA             128KB  2026.09.18 06:10:47        
                       167  JOINT_INTER_YEAR              DATA             128KB  2026.09.18 06:10:47        
                       168  JOINT_MAIN                    DATA             128KB  2026.09.18 06:10:45        
                       169  JOINT_RARE                    DATA             128KB  2026.09.18 06:10:47        
                       170  JOINT_TYPE                    DATA             128KB  2026.09.18 06:10:45        
                       171  JOINT_YEAR                    DATA             128KB  2026.09.18 06:10:45        
                       172  JOINT_YEAR_TYPE               DATA             128KB  2026.09.18 06:10:46        
                       173  KCBERT_15ARMS                 DATA             128KB  2026.09.18 05:54:21        
                       174  KCBERT_ARM_SUMMARY            DATA             128KB  2026.09.18 05:54:21        
                       175  KCBERT_SUBGROUP_URL           DATA             128KB  2026.09.18 05:54:21        
                       176  KCBERT_TOP_UNCERTAIN          DATA             128KB  2026.09.18 05:54:21        
                       177  KCBERT_TRANSITIONS            DATA             128KB  2026.09.18 05:54:21        
                       178  LR_INTERACTION                DATA             128KB  2026.09.18 06:10:47        
                       179  LR_INTERACTION_ADJUSTED_YEAR  DATA             128KB  2026.09.18 06:10:47        
                       180  LR_JOINT_YEAR                 DATA             128KB  2026.09.18 06:10:47        
                       181  LR_YEAR_ADDITIVE              DATA             128KB  2026.09.18 06:10:46        
                       182  LR_YEAR_TYPE                  DATA             128KB  2026.09.18 06:10:46        
                       183  MALICIOUS_TEST                DATA             256KB  2026.09.18 06:10:43        
                       184  MALICIOUS_TEST_CI             DATA             256KB  2026.09.18 06:10:43        
                       185  METAMODEL                     DATA             128KB  2026.09.18 06:10:48        
                       186  META_CONVERGENCE              DATA             128KB  2026.09.18 06:10:48        
                       187  META_FIT_STATISTICS           DATA             128KB  2026.09.18 06:10:48        
                       188  META_ODDS_CI                  DATA             128KB  2026.09.18 06:10:48        
                       189  META_PARAMETERS               DATA             128KB  2026.09.18 06:10:48        
                       190  META_URL_BLOCK_TEST           DATA             128KB  2026.09.18 06:10:48        
                       191  MSGTEXT                       DATA             131MB  2026.09.18 06:10:42        
                       192  NOBS_FULL                     DATA             128KB  2026.09.18 06:10:45        
                       193  NOBS_INTER                    DATA             128KB  2026.09.18 06:10:47        
                       194  NOBS_INTER_YEAR               DATA             128KB  2026.09.18 06:10:47        
                       195  NOBS_MAIN                     DATA             128KB  2026.09.18 06:10:45        
                       196  NOBS_RARE                     DATA             128KB  2026.09.18 06:10:47        
                       197  NOBS_SIM                      DATA             128KB  2026.09.18 06:10:45        
                       198  NOBS_TYPE                     DATA             128KB  2026.09.18 06:10:45        
                       199  NOBS_YEAR                     DATA             128KB  2026.09.18 06:10:45        
                       200  NOBS_YEAR_TYPE                DATA             128KB  2026.09.18 06:10:46        
                       201  NORMAL_TEST                   DATA             512KB  2026.09.18 06:10:43        
                       202  NORMAL_TEST_CI                DATA             512KB  2026.09.18 06:10:43        
                       203  OR_FULL                       DATA             128KB  2026.09.18 06:10:46        
                       204  OR_INTER                      DATA             128KB  2026.09.18 06:10:47        
                       205  OR_INTER_YEAR                 DATA             128KB  2026.09.18 06:10:47        
                       206  OR_MAIN                       DATA             128KB  2026.09.18 06:10:45        
                       207  OR_RARE                       DATA             128KB  2026.09.18 06:10:47        
7                                                          SAS 시스템      2026년  9월 18일 금요일 오전 02시 18분 00초

                                                          멤버      파일 크
                         #  이름                        유형             기  마지막 수정일

                       208  OR_SIM                        DATA             128KB  2026.09.18 06:10:45        
                       209  OR_TYPE                       DATA             128KB  2026.09.18 06:10:45        
                       210  OR_YEAR                       DATA             128KB  2026.09.18 06:10:45        
                       211  OR_YEAR_TYPE                  DATA             128KB  2026.09.18 06:10:46        
                       212  PARMS                         CATALOG           24KB  2026.09.18 06:13:29        
                       213  PRED_BINNED                   DATA             896KB  2026.09.18 06:10:47        
                       214  PRED_INTER                    DATA             832KB  2026.09.18 06:10:47        
                       215  PROFILE                       CATALOG           12KB  2026.09.18 05:53:47        
                       216  READ_ONE                      DATA             448KB  2026.09.18 06:13:28        
                       217  READ_SCORED                   DATA             832KB  2026.09.18 06:13:28        
                       218  REGSTRY                       ITEMSTOR          32KB  2026.09.18 05:53:47        
                       219  ROBUSTNESS                    DATA             128KB  2026.09.18 06:10:56        
                       220  ROC_AUC_ALL                   DATA             128KB  2026.09.18 06:10:49        
                       221  ROC_AUC_URL                   DATA             128KB  2026.09.18 06:10:50        
                       222  ROC_COMPARISON                DATA             768KB  2026.09.18 06:10:48        
                       223  ROC_DIFFERENCE_ALL            DATA             128KB  2026.09.18 06:10:49        
                       224  ROC_DIFFERENCE_URL            DATA             128KB  2026.09.18 06:10:50        
                       225  SAMPLE_FLOW                   DATA             128KB  2026.09.18 06:10:44        
                       226  SAMPLE_FLOW_YEAR              DATA             128KB  2026.09.18 06:10:44        
                       227  SASGOPT                       CATALOG           12KB  2026.09.18 05:53:54        
                       228  SASMAC1                       CATALOG           20KB  2026.09.18 06:10:45        
                       229  SASMAC3                       CATALOG           20KB  2026.09.18 06:18:00        
                       230  SASMACR                       CATALOG          392KB  2026.09.18 06:18:00        
                       231  SC11_AB                       DATA             128KB  2026.09.18 06:01:55        
                       232  SCAB_STATUS                   DATA             128KB  2026.09.18 06:01:55        
                       233  SCAMLENS_MASTER_RUN_STATUS    DATA             128KB  2026.09.18 06:13:29        
                       234  SCAMLENS_PIPELINE_SUMMARY     DATA             128KB  2026.09.18 05:57:16        
                       235  SCAMLENS_RUN_STATUS           DATA             128KB  2026.09.18 06:01:55        
                       236  SCAMLENS_STEP_STATUS          DATA             128KB  2026.09.18 06:01:55        
                       237  SCORED                        DATA               4MB  2026.09.18 06:10:48        
                       238  SCORES                        DATA               4MB  2026.09.18 06:10:42        
                       239  SLKC_BASELINE                 DATA             128KB  2026.09.18 05:54:24        
                       240  SLKC_READBACK                 DATA             128KB  2026.09.18 05:54:24        
                       241  STACK_CAL_101                 DATA             704KB  2026.09.18 06:11:29        
                       242  STACK_CAL_202                 DATA             640KB  2026.09.18 06:12:01        
                       243  STACK_CAL_303                 DATA             640KB  2026.09.18 06:12:29        
                       244  STACK_CAL_404                 DATA             640KB  2026.09.18 06:12:58        
                       245  STACK_CAL_42                  DATA             704KB  2026.09.18 06:10:56        
                       246  STACK_READ_101                DATA             640KB  2026.09.18 06:11:29        
                       247  STACK_READ_202                DATA             768KB  2026.09.18 06:12:01        
                       248  STACK_READ_303                DATA             768KB  2026.09.18 06:12:29        
                       249  STACK_READ_404                DATA             640KB  2026.09.18 06:12:58        
                       250  STACK_READ_42                 DATA             640KB  2026.09.18 06:10:56        
                       251  STRATIFIED                    DATA             128KB  2026.09.18 06:10:47        
                       252  STRATIFIED_CI                 DATA             128KB  2026.09.18 06:10:47        
                       253  TEST_SCORED                   DATA             768KB  2026.09.18 06:10:48        
                       254  TEXT_LENGTH_AUDIT             DATA             128KB  2026.09.18 06:10:43        
                       255  THRESHOLD_STATS               DATA             128KB  2026.09.18 06:10:48        
                       256  TH_FAGE_101                   DATA             128KB  2026.09.18 06:11:36        
                       257  TH_FAGE_202                   DATA             128KB  2026.09.18 06:12:08        
                       258  TH_FAGE_303                   DATA             128KB  2026.09.18 06:12:36        
                       259  TH_FAGE_404                   DATA             128KB  2026.09.18 06:13:05        
                       260  TH_FAGE_42                    DATA             128KB  2026.09.18 06:11:03        
                       261  TH_FAGE_A_101                 DATA             128KB  2026.09.18 06:11:40        
                       262  TH_FAGE_A_202                 DATA             128KB  2026.09.18 06:12:11        
8                                                          SAS 시스템      2026년  9월 18일 금요일 오전 02시 18분 00초

                                                          멤버      파일 크
                         #  이름                        유형             기  마지막 수정일

                       263  TH_FAGE_A_303                 DATA             128KB  2026.09.18 06:12:39        
                       264  TH_FAGE_A_404                 DATA             128KB  2026.09.18 06:13:08        
                       265  TH_FAGE_A_42                  DATA             128KB  2026.09.18 06:11:07        
                       266  TH_FAGE_C_101                 DATA             128KB  2026.09.18 06:11:45        
                       267  TH_FAGE_C_202                 DATA             128KB  2026.09.18 06:12:14        
                       268  TH_FAGE_C_303                 DATA             128KB  2026.09.18 06:12:43        
                       269  TH_FAGE_C_404                 DATA             128KB  2026.09.18 06:13:12        
                       270  TH_FAGE_C_42                  DATA             128KB  2026.09.18 06:11:12        
                       271  TH_KCBERT_101                 DATA             128KB  2026.09.18 06:12:01        
                       272  TH_KCBERT_202                 DATA             128KB  2026.09.18 06:12:29        
                       273  TH_KCBERT_303                 DATA             128KB  2026.09.18 06:12:58        
                       274  TH_KCBERT_404                 DATA             128KB  2026.09.18 06:13:28        
                       275  TH_KCBERT_42                  DATA             128KB  2026.09.18 06:11:29        
                       276  TH_LR_A_101                   DATA             128KB  2026.09.18 06:11:48        
                       277  TH_LR_A_202                   DATA             128KB  2026.09.18 06:12:17        
                       278  TH_LR_A_303                   DATA             128KB  2026.09.18 06:12:45        
                       279  TH_LR_A_404                   DATA             128KB  2026.09.18 06:13:15        
                       280  TH_LR_A_42                    DATA             128KB  2026.09.18 06:11:15        
                       281  TH_LR_B_101                   DATA             128KB  2026.09.18 06:11:51        
                       282  TH_LR_B_202                   DATA             128KB  2026.09.18 06:12:20        
                       283  TH_LR_B_303                   DATA             128KB  2026.09.18 06:12:49        
                       284  TH_LR_B_404                   DATA             128KB  2026.09.18 06:13:18        
                       285  TH_LR_B_42                    DATA             128KB  2026.09.18 06:11:18        
                       286  TH_LR_C_101                   DATA             128KB  2026.09.18 06:11:55        
                       287  TH_LR_C_202                   DATA             128KB  2026.09.18 06:12:23        
                       288  TH_LR_C_303                   DATA             128KB  2026.09.18 06:12:51        
                       289  TH_LR_C_404                   DATA             128KB  2026.09.18 06:13:22        
                       290  TH_LR_C_42                    DATA             128KB  2026.09.18 06:11:22        
                       291  TH_STACK_101                  DATA             128KB  2026.09.18 06:11:33        
                       292  TH_STACK_202                  DATA             128KB  2026.09.18 06:12:05        
                       293  TH_STACK_303                  DATA             128KB  2026.09.18 06:12:33        
                       294  TH_STACK_404                  DATA             128KB  2026.09.18 06:13:01        
                       295  TH_STACK_42                   DATA             128KB  2026.09.18 06:11:00        
                       296  TH_WORD_101                   DATA             128KB  2026.09.18 06:11:58        
                       297  TH_WORD_202                   DATA             128KB  2026.09.18 06:12:26        
                       298  TH_WORD_303                   DATA             128KB  2026.09.18 06:12:54        
                       299  TH_WORD_404                   DATA             128KB  2026.09.18 06:13:25        
                       300  TH_WORD_42                    DATA             128KB  2026.09.18 06:11:25        
                       301  TYPE_COUNTS                   DATA             128KB  2026.09.18 06:10:47        
                       302  VISUAL_ROC                    DATA             640KB  2026.09.18 06:10:54        
                       303  VISUAL_ROC_JOINED             DATA             640KB  2026.09.18 06:10:54        
                       304  WITH_RARE                     DATA               1MB  2026.09.18 06:10:47        
                       305  _SGSRT2_                      DATA             128KB  2026.09.18 06:10:56        
                       306  _TMP_STATUS                   DATA             128KB  2026.09.18 06:13:29        
82     delete gitstat1789726679430;
83     quit;

NOTE: 파일 WORK.GITSTAT1789726679430(memtype=DATA)을(를) 찾을 수 없지만, DELETE 문장에 나타납니다.
NOTE: 프로시저 DATASETS 실행 (총 프로세스 시간):
      실행 시간           0.17 초
      cpu 시간            0.17 초
      

84     data work.gitstat1789726679430;
85     N = GIT_STATUS("/home/student/github");
9                                                          SAS 시스템      2026년  9월 18일 금요일 오전 02시 18분 00초

86     LENGTH PATH $ 1024;
87     LENGTH STATUS $ 64;
88     LENGTH STAGED $ 32;
89     PATH='';
90     STATUS='';
91     STAGED='Staged';
92     do I=1 TO N;
93     RC=GIT_STATUS_GET(I, "/home/student/github", "Staged", STAGED);
94     RC=GIT_STATUS_GET(I, "/home/student/github", "Path", Path);
95     RC=GIT_STATUS_GET(I, "/home/student/github", "Status", Status);
96     output;
97     end;
98     RC = GIT_STATUS_FREE("/home/student/github");
99     run;

NOTE: Entry: outputs/01_audit.log. Staged: False. Status: Modified.
NOTE: Entry: outputs/02_meta.html. Staged: False. Status: Modified.
NOTE: Entry: outputs/02_meta.log. Staged: False. Status: Modified.
NOTE: Entry: outputs/03_roc.html. Staged: False. Status: Modified.
NOTE: Entry: outputs/03_roc.log. Staged: False. Status: Modified.
NOTE: Entry: outputs/05_visuals.html. Staged: False. Status: Modified.
NOTE: Entry: outputs/05_visuals.log. Staged: False. Status: Modified.
NOTE: Entry: outputs/06_transformer.html. Staged: False. Status: Modified.
NOTE: Entry: outputs/06_transformer.log. Staged: False. Status: Modified.
NOTE: Entry: outputs/07_composition.html. Staged: False. Status: Modified.
NOTE: Entry: outputs/07_composition.log. Staged: False. Status: Modified.
NOTE: Entry: outputs/08_fage.log. Staged: False. Status: Modified.
NOTE: Entry: outputs/ORPlot1.png. Staged: False. Status: Modified.
NOTE: Entry: outputs/ORPlot11.png. Staged: False. Status: Modified.
NOTE: Entry: outputs/ORPlot3.png. Staged: False. Status: Modified.
NOTE: Entry: outputs/ORPlot5.png. Staged: False. Status: Modified.
NOTE: Entry: outputs/ORPlot7.png. Staged: False. Status: Modified.
NOTE: Entry: outputs/ORPlot9.png. Staged: False. Status: Modified.
NOTE: Entry: outputs/SGPanel2.png. Staged: False. Status: New.
NOTE: Entry: outputs/SGPlot11.png. Staged: False. Status: Modified.
NOTE: Entry: outputs/SGPlot5.png. Staged: False. Status: Modified.
NOTE: Entry: outputs/SGPlot7.png. Staged: False. Status: Modified.
NOTE: Entry: outputs/SGPlot9.png. Staged: False. Status: Modified.
NOTE: Entry: outputs/ab_20260914_41DF5F24C4D1E026/11_reviewer_ab.html. Staged: False. Status: New.
NOTE: Entry: outputs/ab_20260914_41DF5F24C4D1E026/11_reviewer_ab.log. Staged: False. Status: New.
NOTE: Entry: outputs/analysis_run_status.csv. Staged: False. Status: Modified.
NOTE: 데이터셋 WORK.GITSTAT1789726679430에 26개의 관측값과 6개의 변수가 있습니다.
NOTE: DATA 문장 실행 (총 프로세스 시간):
      실행 시간           0.09 초
      cpu 시간            0.06 초
      

100    
101    
102    /* region: 생성한 포스트앰블 */
103    /* ODS 대상 닫기 */
104    &graphterm; ;*';*";*/;run;quit;
105    quit;run;
106    ods html5 (id=web) close;
107    ods listing close;
108    %if %sysfunc(fileref(_gsfname)) lt 0 %then %do;
109        filename _gsfname clear;
NOTE: Fileref _GSFNAME을(를) 삭제했습니다.
10                                                         SAS 시스템      2026년  9월 18일 금요일 오전 02시 18분 00초

110    %end;
111    %studio_capture_custom_output;
112    /* endregion */
113    

1                                                          SAS 시스템      2026년  9월 18일 금요일 오전 02시 18분 04초

1      /* region: 생성한 프리앰블 */
2      /* 현재 디렉터리가 쓰기 가능한지 확인하십시오. */
3      data _null_;
4          length rc 4;
5          %let tworkloc="%sysfunc(getoption(work))";
6          rc=dlgcdir(&tworkloc);
7      run;

NOTE: '/opt/sas/viya/config/var/tmp/compsrv/default/04ee8070-d54a-4535-b462-e3946f5f09eb/SAS_work5D21000001EB_sas-compute-server-2b4
      73bef-58e9-4c87-8086-f8861afdcf8a-85'은(는) 현재 작동 중인 디렉터리입니다.
NOTE: DATA 문장 실행 (총 프로세스 시간):
      실행 시간           0.00 초
      cpu 시간            0.00 초
      

8      
9      /* 옵션 설정 */
10     title;
11     footnote;
12     options validvarname=any;
13     options validmemname=extend;
14     options dtreset date number;
15     options device=png;
16     
17     /* 매크로 변수 설정 */
18     %let syscc=0;
19     %let _clientapp = %nrquote(%nrstr(SAS Studio));
20     %let _clientappabbrev = %nrquote(%nrstr(Studio));
21     %let _clientappversion=2024.02;
22     %let _clientversion=;
23     %let _sasservername=&SYSHOSTNAME;
24     %let _sashostname=&SYSHOSTNAME;
25     %let _sasprogramfilehost=&SYSHOSTNAME;
26     %let _clientuserid = %nrquote(%nrstr(student));
27     %let _clientusername = %nrquote(%nrstr(Student));
28     %let clientmachine = %nrquote(%nrstr());
29     %let _clientmachine = %nrquote(%nrstr());
30     %let _clientmode = %nrquote(%nrstr(viya));
31     %let sasworklocation="%sysfunc(getoption(work))/";
32     filename _cwd &sasworklocation;
33     data _null_;
34         call symput('_sasworkingdir',pathname('_cwd'));
35     run;

NOTE: DATA 문장 실행 (총 프로세스 시간):
      실행 시간           0.00 초
      cpu 시간            0.00 초
      

36     filename _cwd;
NOTE: Fileref _CWD을(를) 삭제했습니다.
37     %let _sasprogramfile = %nrquote(%nrstr());
38     %let _baseurl = %nrquote(%nrstr(https://server.demo.sas.com/SASStudio/));
39     %let _execenv = %nrquote(%nrstr(SASStudio));
40     %symdel _dataout_mime_type _dataout_name _dataout_url _dataout_table / nowarn;
41     %let _sasws_ = %bquote(%sysfunc(getoption(work)));
42     %let _saswstemp_ = %bquote(%sysfunc(getoption(work)));
43     
2                                                          SAS 시스템      2026년  9월 18일 금요일 오전 02시 18분 04초

44     /* SAS/Graph 감지 및 그래프 옵션 설정 */
45     data _null_;
46         length rc $255;
47         call symput("graphinit","");
48         call symput("graphterm","");
49         rc=tslvl('sasxgopt','n');
50         _error_=0;
51         if (rc^=' ') then do;
52             call symput("graphinit","goptions reset=all gsfname=_gsfname;");
53             call symput("graphterm","goptions noaccessible;");
54         end;
55     run;

NOTE: DATA 문장 실행 (총 프로세스 시간):
      실행 시간           0.00 초
      cpu 시간            0.00 초
      

56     data _null_;
57         length rc 4;
58         rc=sysprod("PRODNUM002");
59         if (rc^=1) then do;
60             call symput("graphinit","");
61             call symput("graphterm","");
62         end;
63     run;

NOTE: DATA 문장 실행 (총 프로세스 시간):
      실행 시간           0.00 초
      cpu 시간            0.00 초
      