review_id,message_id,original_label,text_judgment,a_risk_bucket,seed,fold,role,arm,probability,prediction
review-0056707322867f9e,msg-bfebdfbc523c88d22afe,normal,ordinary_notice_or_conversation_possible,a_not_risky_request_visible,42,0,development_readout,A,0.049464340400010756,0
review-01692c85b4c6e394,msg-86b2b582f59b8ef3cb9d,normal,ordinary_notice_or_conversation_possible,a_not_risky_request_visible,42,1,development_readout,A,0.16976103375064136,0
review-0191505287bc42c3,msg-125422950bbf2894b298,normal,ordinary_notice_or_conversation_possible,a_not_risky_request_visible,42,1,development_readout,A,0.09351778338244603,0
review-019e598ca75a2604,msg-51d91745aaf7c70cfe66,normal,ordinary_notice_or_conversation_possible,a_not_risky_request_visible,42,2,development_readout,A,0.06876280425521361,0
review-01daae558c8120c5,msg-a5fe2c7068a39a897fd5,normal,ordinary_notice_or_conversation_possible,a_not_risky_request_visible,42,0,development_readout,A,0.12429634230644586,0
review-0364c25d14e8bb7d,msg-ba7ace3a75e45b91726c,smishing,risky_request_visible,a_risky_request_visible,42,0,development_readout,A,0.9051139501067497,1
review-062650e5c03db7b3,msg-736f82ab7ef68bca67fc,smishing,risky_request_visible,a_risky_request_visible,42,1,development_readout,A,0.28631597391681485,0
review-0651a6827875d503,msg-6dcdcd189e5593455a49,smishing,risky_request_visible,a_risky_request_visible,42,0,development_readout,A,0.9060963757597014,1
review-075ea585da5cae15,msg-7013d5e6af2e769f406d,smishing,risky_request_visible,a_risky_request_visible,42,0,development_readout,A,0.9006108069023845,1
review-07c0fb876beabf4b,msg-cdcf2dfc7474190999c3,smishing,promotion_without_clear_scam_request,a_not_risky_request_visible,42,1,development_readout,A,0.5121209953655461,0
review-0822c98e66707747,msg-29c545e52c9813e635fa,normal,promotion_without_clear_scam_request,a_not_risky_request_visible,42,1,development_readout,A,0.11107948500300122,0
review-09f8a52a643bde75,msg-a190594f2bffb92ea5e6,normal,ordinary_notice_or_conversation_possible,a_not_risky_request_visible,42,2,development_readout,A,0.20104493936930073,0
review-0ba297695cc9a600,msg-593cd80d2ef7e33546ac,normal,ordinary_notice_or_conversation_possible,a_not_risky_request_visible,42,2,development_readout,A,0.29415020207162623,0
review-0bc7f01b43b4a4f4,msg-4d26af1bd51a813c0839,normal,promotion_without_clear_scam_request,a_not_risky_request_visible,42,1,development_readout,A,0.12107833116418809,0
review-0bfbacbb2760394c,msg-ccf0e6a8ef2af65aced4,smishing,risky_request_visible,a_risky_request_visible,42,1,development_readout,A,0.5960207950058378,1
review-0c756099e821ef26,msg-3de91ab063f18e6782bf,smishing,risky_request_visible,a_risky_request_visible,42,0,development_readout,A,0.2646389405456367,0
review-0cf62fd6142f6cb4,msg-2c0ffb2240bce4f0412b,smishing,risky_request_visible,a_risky_request_visible,42,1,development_readout,A,0.7138487954289224,1
review-10dcb33dda6d5472,msg-1de8402778c0caa023de,smishing,risky_request_visible,a_risky_request_visible,42,0,development_readout,A,0.908831581978426,1
review-10e329e8873017e2,msg-4d92830c608f0547ddb4,smishing,risky_request_visible,a_risky_request_visible,42,2,development_readout,A,0.5969419442777802,1
review-10f0da95f3fdd21e,msg-58b952e19b37c0bc3c3c,normal,ordinary_notice_or_conversation_possible,a_not_risky_request_visible,42,1,development_readout,A,0.11724500835518901,0
review-127bc1671c3021e3,msg-b3d3b6b29fae9b4cd139,smishing,risky_request_visible,a_risky_request_visible,42,2,development_readout,A,0.31362725305413075,0
review-12aedba2ef212671,msg-52cabfe559de650270d0,smishing,risky_request_visible,a_risky_request_visible,42,2,development_readout,A,0.9231755624269399,1
review-13e7350b6f9c843d,msg-6ef4e4d3849c3f2458f9,smishing,risky_request_visible,a_risky_request_visible,42,1,development_readout,A,0.1157046452444385,0
review-143e404949a72860,msg-9ab97598b92cc2549f26,smishing,risky_request_visible,a_risky_request_visible,42,0,development_readout,A,0.8931807717785084,1
review-1502532d7fb02e2b,msg-51961afc9b6d2bb950c4,smishing,risky_request_visible,a_risky_request_visible,42,2,development_readout,A,0.42912373960393374,0
review-1538fa93f259c264,msg-1d4f07b23c605c358a53,normal,ordinary_notice_or_conversation_possible,a_not_risky_request_visible,42,0,development_readout,A,0.2188191055156696,0
review-17bb16430527761d,msg-8a95db5cf464c51ec8bb,smishing,risky_request_visible,a_risky_request_visible,42,0,development_readout,A,0.37243498492340804,0
review-1820dec42f5ec2ca,msg-04d0a9cdecc5e27abe30,smishing,risky_request_visible,a_risky_request_visible,42,2,development_readout,A,0.6182902871471023,1
review-19d11b9f743aa049,msg-58f85354ff60f8afada7,smishing,risky_request_visible,a_risky_request_visible,42,1,development_readout,A,0.5842883103398783,1
review-1a4aa7992820ca2a,msg-f6bc1ff296dcef8d3f5e,smishing,risky_request_visible,a_risky_request_visible,42,2,development_readout,A,0.6940071825325562,1
review-1b29308cb4906d02,msg-7894af8fe183ef59232f,smishing,risky_request_visible,a_risky_request_visible,42,0,development_readout,A,0.8545411297800403,1
review-1bcdb8b5e4902f77,msg-6b0f921297bf6036cdd4,normal,ordinary_notice_or_conversation_possible,a_not_risky_request_visible,42,2,development_readout,A,0.0771012582218415,0
review-1c42c25c32f5bd82,msg-397c7d1d69e93306e43f,smishing,risky_request_visible,a_risky_request_visible,42,2,development_readout,A,0.8168231109012936,1
review-1e450b71c02e190a,msg-fde8fe5d8c4f6fbf52c2,smishing,risky_request_visible,a_risky_request_visible,42,1,development_readout,A,0.5403789524401553,1
review-1e479c4a302f356c,msg-1306cfdbb1eb6413c2f3,smishing,risky_request_visible,a_risky_request_visible,42,2,development_readout,A,0.13404370236760546,0
review-1e68018ab3a2b26e,msg-c93b3c338ad73e40adfd,normal,ordinary_notice_or_conversation_possible,a_not_risky_request_visible,42,1,development_readout,A,0.17627435250933515,0
review-1f07a8c7cd26df2c,msg-cada766d88b515618679,normal,insufficient_context,a_not_risky_request_visible,42,0,development_readout,A,0.10605391560965832,0
review-2015b61fb97f2965,msg-3649a91b276a45d342c6,normal,ordinary_notice_or_conversation_possible,a_not_risky_request_visible,42,2,development_readout,A,0.1458589797184368,0
review-21e2a2729d0906e0,msg-2f204be55b7d47704b0f,normal,ordinary_notice_or_conversation_possible,a_not_risky_request_visible,42,1,development_readout,A,0.17594787504147946,0
review-220daefcb5d386ed,msg-e3ec894bf4e93e8c550e,smishing,risky_request_visible,a_risky_request_visible,42,0,development_readout,A,0.7619709514161261,1
review-22f7bb9e3da427de,msg-6f925e06a88f8d1cfd58,smishing,risky_request_visible,a_risky_request_visible,42,2,development_readout,A,0.3704482507111522,0
review-23e4e9eb29dd8f93,msg-22e08f4c05ba067b383e,normal,ordinary_notice_or_conversation_possible,a_not_risky_request_visible,42,2,development_readout,A,0.21270411232234,0
review-25104a7eec1f7831,msg-f98da8116216cda9e3fe,smishing,risky_request_visible,a_risky_request_visible,42,0,development_readout,A,0.6944930300301545,1
review-256d1c0f349382b5,msg-b0438b6ad1731edd6ad6,normal,ordinary_notice_or_conversation_possible,a_not_risky_request_visible,42,2,development_readout,A,0.12109925292469001,0
review-2579df062aafc741,msg-fa2ff4bb2e3dd2a0cead,smishing,risky_request_visible,a_risky_request_visible,42,0,development_readout,A,0.4086061942078982,0
review-25ec7d62ea3d7444,msg-7f85a9711cbc0aa393d6,smishing,risky_request_visible,a_risky_request_visible,42,2,development_readout,A,0.18454861036276957,0
review-260a39866b3feb51,msg-81198fc0b9b05d10f4d1,normal,ordinary_notice_or_conversation_possible,a_not_risky_request_visible,42,0,development_readout,A,0.09656621617132433,0
review-270f57eba07d36f4,msg-aa1ffdd49e000415678a,smishing,risky_request_visible,a_risky_request_visible,42,1,development_readout,A,0.6198397031821435,1
review-27c93b924b9803a0,msg-18949d0a510e2e71cd5c,smishing,risky_request_visible,a_risky_request_visible,42,0,development_readout,A,0.7505623599878537,1
review-2ba16080ec46773d,msg-24c361e6f72073321220,normal,ordinary_notice_or_conversation_possible,a_not_risky_request_visible,42,1,development_readout,A,0.07479322696556732,0
review-2d707fce0fb4702c,msg-e94fec8af385dc5ff556,normal,ordinary_notice_or_conversation_possible,a_not_risky_request_visible,42,2,development_readout,A,0.1417620018231977,0
review-2dcd34cb42910200,msg-97b2b6ee95ed7d920877,smishing,risky_request_visible,a_risky_request_visible,42,1,development_readout,A,0.4758642217404479,0
review-2dd7b92c08e4f5c4,msg-42c7b3575f8a9da0d8d1,normal,promotion_without_clear_scam_request,a_not_risky_request_visible,42,2,development_readout,A,0.0907578663759533,0
review-2f31bd2c29ca07dd,msg-4301d7c49f5367242765,normal,ordinary_notice_or_conversation_possible,a_not_risky_request_visible,42,2,development_readout,A,0.09144514634844969,0
review-31a75727a167d60d,msg-f9061a931aba0d307ce6,smishing,risky_request_visible,a_risky_request_visible,42,1,development_readout,A,0.5149633490220732,0
review-326317e54a445bed,msg-df3f29c9891147e7f846,smishing,risky_request_visible,a_risky_request_visible,42,1,development_readout,A,0.9449984128108605,1
review-3398cc98a1b87648,msg-e33a5ed03522052013db,smishing,risky_request_visible,a_risky_request_visible,42,0,development_readout,A,0.6444667929965284,1
review-3423b715646fd583,msg-65bffe175e1d5b55382e,smishing,risky_request_visible,a_risky_request_visible,42,2,development_readout,A,0.9244994860087723,1
review-344682f2618ba8f9,msg-e5b4405ee48a541eecc0,normal,promotion_without_clear_scam_request,a_not_risky_request_visible,42,0,development_readout,A,0.21381148576940887,0
review-34c4c16cb5ea9aaf,msg-62610653bf85e35feeff,smishing,risky_request_visible,a_risky_request_visible,42,0,development_readout,A,0.9017743779358217,1
review-364329807a65a090,msg-0be5e1e2bd038f3a1a24,smishing,risky_request_visible,a_risky_request_visible,42,0,development_readout,A,0.46338271124326286,0
review-370202b258208735,msg-fc0286653fb100798da2,smishing,risky_request_visible,a_risky_request_visible,42,2,development_readout,A,0.3888522045720981,0
review-37962ff6cab628b9,msg-f745187c052997452a1e,smishing,risky_request_visible,a_risky_request_visible,42,0,development_readout,A,0.6670271909650021,1
review-37bb8af10a6775e3,msg-c1aa2ee82e014406c58e,smishing,insufficient_context,a_not_risky_request_visible,42,0,development_readout,A,0.46191846887996335,0
review-37c64855b20334c3,msg-000be99f5f9d9c3967c4,normal,insufficient_context,a_not_risky_request_visible,42,2,development_readout,A,0.08572810982324791,0
review-383246308e1d9552,msg-2536b5c581cb3fe10fe2,normal,risky_request_visible,a_risky_request_visible,42,1,development_readout,A,0.08094272850450121,0
review-39e0fa05577bfbae,msg-551d213c037c9c6eab04,smishing,risky_request_visible,a_risky_request_visible,42,0,development_readout,A,0.9056102235801688,1
review-3a343dbd60efe3c5,msg-e91ad896bc07a339c9ae,normal,promotion_without_clear_scam_request,a_not_risky_request_visible,42,0,development_readout,A,0.11166808030276947,0
review-3a3a0c9003eb78d2,msg-9b70e92fb8b03ad7c610,normal,ordinary_notice_or_conversation_possible,a_not_risky_request_visible,42,0,development_readout,A,0.2758090260727384,0
review-3b5a82f01656ae5e,msg-4c9bb8aab19cd59ba6b7,normal,promotion_without_clear_scam_request,a_not_risky_request_visible,42,0,development_readout,A,0.07132741663318394,0
review-3c542b2889f7ee41,msg-ab4e24de8042cbea05d6,smishing,risky_request_visible,a_risky_request_visible,42,2,development_readout,A,0.923321205104781,1
review-3c6ae33a89ac17a5,msg-c098e4b7c32dc66b6582,smishing,risky_request_visible,a_risky_request_visible,42,0,development_readout,A,0.884275524150444,1
review-3ec3c8e07bb7e369,msg-f5bfb9971a76c287fdd5,normal,promotion_without_clear_scam_request,a_not_risky_request_visible,42,1,development_readout,A,0.1321313613971866,0
review-3f1aad6856711dea,msg-d3a618b40117b1875806,normal,ordinary_notice_or_conversation_possible,a_not_risky_request_visible,42,1,development_readout,A,0.08039681878502801,0
review-40617332c72b6a65,msg-75bccb25272a125ae624,smishing,risky_request_visible,a_risky_request_visible,42,0,development_readout,A,0.7588137003633025,1
review-40eb85d72dbb3fa3,msg-4273962397b78faae1de,smishing,risky_request_visible,a_risky_request_visible,42,2,development_readout,A,0.8465178521655532,1
review-40f65d491fbb6c91,msg-29618cee18396e8a8e81,smishing,risky_request_visible,a_risky_request_visible,42,0,development_readout,A,0.6128873628168059,1
review-417d1a94491a5069,msg-a24654d3ad544c08124e,normal,promotion_without_clear_scam_request,a_not_risky_request_visible,42,0,development_readout,A,0.08537178184309265,0
review-419f917f2243e05b,msg-f80f31e80e69da69dd6c,normal,promotion_without_clear_scam_request,a_not_risky_request_visible,42,1,development_readout,A,0.09165415271377443,0
review-41e7242cf53f7aec,msg-414effb98a09982ec13d,normal,promotion_without_clear_scam_request,a_not_risky_request_visible,42,0,development_readout,A,0.11834756219669243,0
review-44d5803b821bc077,msg-382f83f816817c259074,smishing,risky_request_visible,a_risky_request_visible,42,1,development_readout,A,0.6365527840207421,1
review-4532712bae1263a4,msg-f2d213d6e51419f0c0c3,smishing,risky_request_visible,a_risky_request_visible,42,0,development_readout,A,0.8865482732223152,1
review-46f3555593434e8a,msg-ef6fd44a32790af20571,smishing,risky_request_visible,a_risky_request_visible,42,2,development_readout,A,0.9211321904054633,1
review-47389333283368dc,msg-32e17f91821e085e067c,smishing,risky_request_visible,a_risky_request_visible,42,2,development_readout,A,0.7747058241400834,1
review-48f7182245c9e551,msg-a52c445339e75c5638c4,smishing,ordinary_notice_or_conversation_possible,a_not_risky_request_visible,42,0,development_readout,A,0.3963304524310075,0
review-49db2f3969f4dab7,msg-d9f951c82ea54b25ac30,normal,promotion_without_clear_scam_request,a_not_risky_request_visible,42,1,development_readout,A,0.11633560643928449,0
review-4a4a9ac934622b9e,msg-77e7ed6fee4ff6e6b3c0,normal,ordinary_notice_or_conversation_possible,a_not_risky_request_visible,42,2,development_readout,A,0.5889835580991563,1
review-4aafcfede478ed2e,msg-42b716ae90c55a680465,smishing,risky_request_visible,a_risky_request_visible,42,0,development_readout,A,0.7229107417228163,1
review-4b0f3b3c6f3029e0,msg-095a369060c7ff33c341,smishing,risky_request_visible,a_risky_request_visible,42,2,development_readout,A,0.8483019308706458,1
review-4bb32c9d9587eb5b,msg-32a5ea1e4acbac97b230,smishing,risky_request_visible,a_risky_request_visible,42,0,development_readout,A,0.45834899337040474,0
review-4bc7fe6f6685e5b0,msg-6a306e2d77b134423cff,smishing,risky_request_visible,a_risky_request_visible,42,0,development_readout,A,0.19061271848725578,0
review-4be490099efed608,msg-1ba73bfe47e950778408,smishing,risky_request_visible,a_risky_request_visible,42,1,development_readout,A,0.704719496581111,1
review-4c45e2acc43cd09c,msg-240d23c05338edc37d89,smishing,risky_request_visible,a_risky_request_visible,42,0,development_readout,A,0.904664177915194,1
review-4c7db89388133c66,msg-b366110e17c486b16b15,normal,ordinary_notice_or_conversation_possible,a_not_risky_request_visible,42,0,development_readout,A,0.13552546768237206,0
review-4cbabc8906c81322,msg-0ed0bfb82462e09cd15a,smishing,risky_request_visible,a_risky_request_visible,42,2,development_readout,A,0.8441524287359268,1
review-4db7bde369258db0,msg-6dd03ec5f1c618ada2c5,smishing,risky_request_visible,a_risky_request_visible,42,2,development_readout,A,0.49829687375608434,1
review-4dee15ae26647c57,msg-12bf543cc6f8c5b10b0a,normal,ordinary_notice_or_conversation_possible,a_not_risky_request_visible,42,1,development_readout,A,0.12173173867250135,0
review-50913d75a97def28,msg-59fc050be5af6ecad8a5,smishing,risky_request_visible,a_risky_request_visible,42,2,development_readout,A,0.49102385600968596,1
review-50eaadd4d0f17b7f,msg-7ebb94a273063e6a25f7,normal,ordinary_notice_or_conversation_possible,a_not_risky_request_visible,42,2,development_readout,A,0.11963549725205058,0
review-5192f26c12526af0,msg-46cf015971a39796118d,normal,risky_request_visible,a_risky_request_visible,42,1,development_readout,A,0.32634815262557026,0
review-5201c5937ee64b08,msg-bb5a4640eee306e11287,smishing,risky_request_visible,a_risky_request_visible,42,1,development_readout,A,0.5726560763449197,1
review-53c35a92e8d9dc2a,msg-d521b3868f2aa0b03976,normal,ordinary_notice_or_conversation_possible,a_not_risky_request_visible,42,0,development_readout,A,0.3583430891354504,0
review-53cc92ecebb430c9,msg-e602e76abd3350bfd137,normal,ordinary_notice_or_conversation_possible,a_not_risky_request_visible,42,1,development_readout,A,0.0935689141809577,0
review-543aeb75302230e1,msg-7e2ff44dc281462ddd2c,normal,ordinary_notice_or_conversation_possible,a_not_risky_request_visible,42,2,development_readout,A,0.08493421091678896,0
review-545d35ba143011e5,msg-fe80fc54d234587af050,normal,ordinary_notice_or_conversation_possible,a_not_risky_request_visible,42,2,development_readout,A,0.0967510044795637,0
review-5582aae305ae4193,msg-50997c3a965c36ff8cbc,normal,promotion_without_clear_scam_request,a_not_risky_request_visible,42,2,development_readout,A,0.1448731043001919,0
review-55839cdd8c1c65c6,msg-7bc3eb6f8e2897ba9d73,normal,promotion_without_clear_scam_request,a_not_risky_request_visible,42,2,development_readout,A,0.0914002249808918,0
review-56f61182338ec612,msg-791874081029523d4d1d,smishing,risky_request_visible,a_risky_request_visible,42,1,development_readout,A,0.5237491102214679,0
review-572c07846f21e2ba,msg-5c8a3583b29803350025,normal,ordinary_notice_or_conversation_possible,a_not_risky_request_visible,42,1,development_readout,A,0.07065935270612696,0
review-573127865357f88a,msg-6f84d9cc313db045b133,normal,ordinary_notice_or_conversation_possible,a_not_risky_request_visible,42,2,development_readout,A,0.09552863614659264,0
review-5784e41a45931326,msg-f2c24a6dc6cb602f2b03,smishing,risky_request_visible,a_risky_request_visible,42,1,development_readout,A,0.2794127110786736,0
review-591262c8bdf0034a,msg-1cfca21a07370919433a,smishing,ordinary_notice_or_conversation_possible,a_not_risky_request_visible,42,1,development_readout,A,0.3319997820232281,0
review-5915bce9f0ed137d,msg-e395baa51463221daebc,normal,insufficient_context,a_not_risky_request_visible,42,1,development_readout,A,0.17226749491005164,0
review-5a021883af9f96ea,msg-156bbfc36ff5805e450a,normal,promotion_without_clear_scam_request,a_not_risky_request_visible,42,2,development_readout,A,0.10866321431933271,0
review-5a7aed2fa9914ccd,msg-c51a29b00765bbce70ab,normal,ordinary_notice_or_conversation_possible,a_not_risky_request_visible,42,0,development_readout,A,0.20439273864566856,0
review-5a9261ed8c81a5c6,msg-dda62389e8fe6499fde9,normal,ordinary_notice_or_conversation_possible,a_not_risky_request_visible,42,1,development_readout,A,0.09009791288676743,0
review-5bd99d54544ce7e3,msg-9517e9c73490ca66a042,normal,promotion_without_clear_scam_request,a_not_risky_request_visible,42,1,development_readout,A,0.2009836155706333,0
review-5cdeba2735509611,msg-ae080cc622858f685d5a,smishing,risky_request_visible,a_risky_request_visible,42,0,development_readout,A,0.8504836883872947,1
review-5d4e3193863f1946,msg-02ba53db573bb7d15551,smishing,risky_request_visible,a_risky_request_visible,42,0,development_readout,A,0.7412084068127838,1
review-5fad6c92922b1924,msg-d7ae6177f242cd43abef,normal,insufficient_context,a_not_risky_request_visible,42,1,development_readout,A,0.15982664204070443,0
review-613647025d825449,msg-c2dbf3f9ef08a79aafdb,normal,ordinary_notice_or_conversation_possible,a_not_risky_request_visible,42,1,development_readout,A,0.13363039193843512,0
review-6260263e3bc9f334,msg-549f98d3604f2acece98,smishing,risky_request_visible,a_risky_request_visible,42,0,development_readout,A,0.9052519204018451,1
review-63ea5eac0fdbfe2f,msg-f9613a09341e642b64ae,smishing,risky_request_visible,a_risky_request_visible,42,0,development_readout,A,0.9052885013442722,1
review-6521774e33af014d,msg-9b1f08af6e0ef529c373,normal,ordinary_notice_or_conversation_possible,a_not_risky_request_visible,42,0,development_readout,A,0.19555705784092134,0
review-65c507e4203143d6,msg-fa95489fe7c0dfeb2251,smishing,risky_request_visible,a_risky_request_visible,42,1,development_readout,A,0.7285642663511086,1
review-65fde99e6e05f377,msg-4cb8c149ce6f9aed0469,smishing,risky_request_visible,a_risky_request_visible,42,0,development_readout,A,0.7564302406672898,1
review-6925d1d5c92f5e6d,msg-44953d9e4eb6da25905d,normal,ordinary_notice_or_conversation_possible,a_not_risky_request_visible,42,0,development_readout,A,0.2633130148042977,0
review-6a3da5bb1cbb35c3,msg-c4c6b04cd9f64fdb2a1a,smishing,risky_request_visible,a_risky_request_visible,42,1,development_readout,A,0.40510986448406566,0
review-6ae02f39f51553d5,msg-6ea3d783002f06a87f20,smishing,risky_request_visible,a_risky_request_visible,42,2,development_readout,A,0.6461360599139991,1
review-6f695f49e7ab13e0,msg-8356b29b26dab4a93304,normal,ordinary_notice_or_conversation_possible,a_not_risky_request_visible,42,0,development_readout,A,0.27600950797952545,0
review-722fa17d1953465a,msg-b3fb5a0a6aea14d37b31,smishing,risky_request_visible,a_risky_request_visible,42,0,development_readout,A,0.9027364495177024,1
review-737f8fd0571ce3c6,msg-c41cc6431e9d998e3d0b,smishing,insufficient_context,a_not_risky_request_visible,42,0,development_readout,A,0.449181463265011,0
review-747ccc19ddd0a65f,msg-2b77caba18e48a22b597,normal,ordinary_notice_or_conversation_possible,a_not_risky_request_visible,42,2,development_readout,A,0.15713206224681606,0
review-7494a9906bb71039,msg-6f6bbab188df73ce6c08,normal,promotion_without_clear_scam_request,a_not_risky_request_visible,42,1,development_readout,A,0.17120570325211606,0
review-75ab06f0d698d679,msg-f273e56e9277fab3062d,smishing,risky_request_visible,a_risky_request_visible,42,0,development_readout,A,0.44373540021991376,0
review-75f8aea8c65c0cb2,msg-944b6913babee30e1aa4,smishing,risky_request_visible,a_risky_request_visible,42,2,development_readout,A,0.8649734105242978,1
review-76f98d8733690feb,msg-34b43fdf59308e46e47d,normal,risky_request_visible,a_risky_request_visible,42,2,development_readout,A,0.1442010912199414,0
review-77b394cbe6e1dc4b,msg-168706cc9aaa2ee44f65,normal,ordinary_notice_or_conversation_possible,a_not_risky_request_visible,42,1,development_readout,A,0.34591284704830777,0
review-787b7c042622aae0,msg-b3943f3bacab6f799477,normal,promotion_without_clear_scam_request,a_not_risky_request_visible,42,1,development_readout,A,0.08615696858122618,0
review-790151d3979b5cf2,msg-05a81159578289c50343,normal,ordinary_notice_or_conversation_possible,a_not_risky_request_visible,42,2,development_readout,A,0.07169742895746266,0
review-7aed3e349c71aa1c,msg-93087cebe3aa7340ffc8,smishing,risky_request_visible,a_risky_request_visible,42,0,development_readout,A,0.6816116721610659,1
review-7bc2e45e3ffc6c78,msg-b62543444f94f00ab76a,normal,ordinary_notice_or_conversation_possible,a_not_risky_request_visible,42,0,development_readout,A,0.14229050829239032,0
review-7c0605262829dbc3,msg-c35aa37c11bf43b745cb,smishing,risky_request_visible,a_risky_request_visible,42,0,development_readout,A,0.9055248721307309,1
review-7d4271562f20ae7d,msg-0f3c1de813a299c535f9,normal,promotion_without_clear_scam_request,a_not_risky_request_visible,42,2,development_readout,A,0.12628616758791494,0
review-7d723e9bf1b824f5,msg-87a76d50e35b48e41218,smishing,risky_request_visible,a_risky_request_visible,42,1,development_readout,A,0.4196338351827032,0
review-7e4208c3a8d81d5e,msg-51e93ba561b9d389f5a6,normal,ordinary_notice_or_conversation_possible,a_not_risky_request_visible,42,2,development_readout,A,0.20762923502201683,0
review-80c5a8d505a86e25,msg-0d11f1b2d5dd7fb1934a,normal,ordinary_notice_or_conversation_possible,a_not_risky_request_visible,42,2,development_readout,A,0.11923523674630684,0
review-833c087c0ab5f903,msg-9fd68b8a09c8f103465e,smishing,insufficient_context,a_not_risky_request_visible,42,1,development_readout,A,0.4707363434934862,0
review-8408e233d5c05195,msg-61e1958480c0e2e496e5,normal,ordinary_notice_or_conversation_possible,a_not_risky_request_visible,42,2,development_readout,A,0.09354000245475354,0
review-869ed6a92825209e,msg-ebf36f8049d0506e786b,smishing,risky_request_visible,a_risky_request_visible,42,2,development_readout,A,0.4244003510266222,0
review-87280a48b9739e82,msg-a277748568204738c928,smishing,risky_request_visible,a_risky_request_visible,42,2,development_readout,A,0.4453840776395317,0
review-87fb862754461a9e,msg-0d54c7b740e366837504,normal,promotion_without_clear_scam_request,a_not_risky_request_visible,42,1,development_readout,A,0.05259916678503692,0
review-8858113ca39c4a08,msg-8e807a0816ba58157c7b,smishing,risky_request_visible,a_risky_request_visible,42,1,development_readout,A,0.7145727873173107,1
review-8a9a3331b5fa55b8,msg-c77a2ab7f5ebcb835ce1,normal,ordinary_notice_or_conversation_possible,a_not_risky_request_visible,42,0,development_readout,A,0.34006928659574953,0
review-8b051b87b72136a4,msg-8a4662fd944d66f460fd,smishing,risky_request_visible,a_risky_request_visible,42,2,development_readout,A,0.44201742133855215,0
review-8c9379e6d07693b9,msg-be03c5915bdd7e2e4314,smishing,risky_request_visible,a_risky_request_visible,42,2,development_readout,A,0.12753298809609057,0
review-8e3e294dce3f381b,msg-5d0a2376083daf8a9bde,normal,ordinary_notice_or_conversation_possible,a_not_risky_request_visible,42,2,development_readout,A,0.0931069619745962,0
review-8f7e5118fc4a9d93,msg-54a310f893f9630cdab4,smishing,risky_request_visible,a_risky_request_visible,42,2,development_readout,A,0.8724153249412928,1
review-901aa5f6d890357c,msg-74012a11f8d7a0e2cbd2,smishing,risky_request_visible,a_risky_request_visible,42,2,development_readout,A,0.8693944192425769,1
review-92026380db179cfa,msg-11b3b10960d7a9f4d101,smishing,risky_request_visible,a_risky_request_visible,42,1,development_readout,A,0.5288869751064176,1
review-92a8bdc500ce598c,msg-b0731c666ab671570088,smishing,risky_request_visible,a_risky_request_visible,42,0,development_readout,A,0.8533342522802356,1
review-936c9b094a62d464,msg-c8e57aa3882734555677,normal,ordinary_notice_or_conversation_possible,a_not_risky_request_visible,42,0,development_readout,A,0.09296436042427478,0
review-93d84a89e42aa2d2,msg-08ce7d2baeca7acc8b65,smishing,risky_request_visible,a_risky_request_visible,42,0,development_readout,A,0.6671762099734819,1
review-93f251b7f415320e,msg-25125973e3120d610fce,smishing,risky_request_visible,a_risky_request_visible,42,0,development_readout,A,0.8608141977944199,1
review-94b8ffc8b0784e28,msg-75d8feb50109f84a12cc,normal,ordinary_notice_or_conversation_possible,a_not_risky_request_visible,42,1,development_readout,A,0.07560445288163584,0
review-95b51a345d37bf9b,msg-1c7e06763517aa4b43bf,smishing,risky_request_visible,a_risky_request_visible,42,2,development_readout,A,0.3682388812458267,0
review-95c15e2125e8158e,msg-0afc2595ae8ed75b8bb8,smishing,risky_request_visible,a_risky_request_visible,42,1,development_readout,A,0.6056789350838102,1
review-962656fa6b00f587,msg-cce4c00da9a7d9f77c32,normal,promotion_without_clear_scam_request,a_not_risky_request_visible,42,1,development_readout,A,0.11181584151468706,0
review-96be0a4e61349470,msg-04b55107c00ee5b070d9,smishing,risky_request_visible,a_risky_request_visible,42,1,development_readout,A,0.7092384581311083,1
review-9762bd209b88d2ac,msg-891bb14bf560270521ca,smishing,risky_request_visible,a_risky_request_visible,42,1,development_readout,A,0.7520479389693537,1
review-9827872ee45caecd,msg-6632bfd7a0b259199dcf,smishing,risky_request_visible,a_risky_request_visible,42,0,development_readout,A,0.7563469848422861,1
review-982aea7aee2bfd5b,msg-3189e01199a2f10ad163,smishing,risky_request_visible,a_risky_request_visible,42,0,development_readout,A,0.8562569723393397,1
review-9833d3f3d2c07833,msg-d787f40cfc7dbbe6778f,smishing,risky_request_visible,a_risky_request_visible,42,1,development_readout,A,0.6255713921189474,1
review-98f41617c328173b,msg-c51643d14946078e7d57,smishing,risky_request_visible,a_risky_request_visible,42,0,development_readout,A,0.8696009329520117,1
review-9955e43648119f93,msg-c9f03e64293fb8bae46b,smishing,risky_request_visible,a_risky_request_visible,42,0,development_readout,A,0.5975074069473826,1
review-9a4ea6655a8a5a4f,msg-df3170271394537db9ca,normal,promotion_without_clear_scam_request,a_not_risky_request_visible,42,0,development_readout,A,0.20621617153098687,0
review-9a6d46e3500865e5,msg-db804cd0d3465516e4ad,smishing,risky_request_visible,a_risky_request_visible,42,2,development_readout,A,0.6920007042015707,1
review-9c83743cb64ceb5e,msg-dc4ff0d2d722a2c6cbac,normal,ordinary_notice_or_conversation_possible,a_not_risky_request_visible,42,1,development_readout,A,0.187041534272319,0
review-9d4c0bc5bb2de352,msg-7f6ef3389d8815ed454b,smishing,risky_request_visible,a_risky_request_visible,42,2,development_readout,A,0.6392828096403973,1
review-9db42b53975f21ce,msg-d44b95e16930e223469c,normal,promotion_without_clear_scam_request,a_not_risky_request_visible,42,0,development_readout,A,0.15779506966243556,0
review-9dcbf9222596e8de,msg-142bb92fb41d9cbcef5f,normal,ordinary_notice_or_conversation_possible,a_not_risky_request_visible,42,2,development_readout,A,0.33000731320525456,0
review-9e59560a7b1c6aa2,msg-32ce2bf355f633f0fee5,smishing,promotion_without_clear_scam_request,a_not_risky_request_visible,42,0,development_readout,A,0.22656824523444974,0
review-9e77e04ddb3e3ff6,msg-374fc9d1a57bc673b881,smishing,risky_request_visible,a_risky_request_visible,42,1,development_readout,A,0.8596000781067544,1
review-a1325d40440edcad,msg-b68194dccdbc6eeaa462,normal,ordinary_notice_or_conversation_possible,a_not_risky_request_visible,42,0,development_readout,A,0.09251403010713102,0
review-a17319837ff0f25f,msg-3c260868d8790e3220b2,smishing,risky_request_visible,a_risky_request_visible,42,0,development_readout,A,0.8489472734273894,1
review-a1b685810c820047,msg-46ca64892a1c3e660136,smishing,risky_request_visible,a_risky_request_visible,42,2,development_readout,A,0.9205961948439386,1
review-a3348ee784bf419a,msg-ff64a4e11508a5dc7000,smishing,risky_request_visible,a_risky_request_visible,42,1,development_readout,A,0.8707202797826099,1
review-a884f7c925b47633,msg-0d319b74ea12c910e557,smishing,risky_request_visible,a_risky_request_visible,42,0,development_readout,A,0.6568487033421179,1
review-a966f0861f64ccf4,msg-730ac32bb52515f362b7,smishing,risky_request_visible,a_risky_request_visible,42,2,development_readout,A,0.41042978193158836,0
review-aa0341109ceb1209,msg-46a9686cf4e9faeb9042,normal,ordinary_notice_or_conversation_possible,a_not_risky_request_visible,42,0,development_readout,A,0.13905160767367958,0
review-ac307e4a1651f014,msg-5dce72e90a11834ff054,smishing,risky_request_visible,a_risky_request_visible,42,0,development_readout,A,0.14074217435697753,0
review-acfda6dedbd0ac44,msg-7a9e8cba7f71a7789866,normal,ordinary_notice_or_conversation_possible,a_not_risky_request_visible,42,2,development_readout,A,0.1385779702659773,0
review-add578e780e46b65,msg-219e4e28472310285851,normal,promotion_without_clear_scam_request,a_not_risky_request_visible,42,2,development_readout,A,0.15117387542088653,0
review-b1951ff1f4366cb0,msg-cced4520ab46379e15a2,normal,ordinary_notice_or_conversation_possible,a_not_risky_request_visible,42,2,development_readout,A,0.07177845650316875,0
review-b31a9429969a49d0,msg-462e7df5be571e9dec5d,normal,ordinary_notice_or_conversation_possible,a_not_risky_request_visible,42,0,development_readout,A,0.14532519782575526,0
review-b354a4224eb298ed,msg-03c2102e41eb110e0262,smishing,risky_request_visible,a_risky_request_visible,42,2,development_readout,A,0.7286049672735143,1
review-b4838689e702ca9d,msg-fd7536693be17ff11e66,normal,ordinary_notice_or_conversation_possible,a_not_risky_request_visible,42,2,development_readout,A,0.08872832410386448,0
review-b4f3af03fab1d1b9,msg-ca0bba4719e18ebdea2c,smishing,risky_request_visible,a_risky_request_visible,42,1,development_readout,A,0.31665430128201943,0
review-b7a4aa1c4b4f5a68,msg-ea43ef2af5abd7033448,normal,insufficient_context,a_not_risky_request_visible,42,0,development_readout,A,0.23373052167857422,0
review-b853cb37dc6b6e11,msg-51ae98811a8fd7ee3107,normal,ordinary_notice_or_conversation_possible,a_not_risky_request_visible,42,1,development_readout,A,0.10204301012173171,0
review-b8b4a371ec215d7c,msg-6ad7fc559a70473d3c43,normal,ordinary_notice_or_conversation_possible,a_not_risky_request_visible,42,0,development_readout,A,0.32860461689584497,0
review-baf06dfd954e1b3a,msg-2e3856be0b06e36d853e,smishing,risky_request_visible,a_risky_request_visible,42,2,development_readout,A,0.8730297851192295,1
review-bb5f23238e492978,msg-ae0b87b215621f5e8471,smishing,risky_request_visible,a_risky_request_visible,42,0,development_readout,A,0.8418273489561787,1
review-bb9c36d01d5155e0,msg-5af06b6771a844fe1037,smishing,risky_request_visible,a_risky_request_visible,42,2,development_readout,A,0.5212742943175498,1
review-bc58d3e0a50d9226,msg-14251aa27469f753be0a,normal,ordinary_notice_or_conversation_possible,a_not_risky_request_visible,42,2,development_readout,A,0.1317062043844965,0
review-bc64860bdda53d26,msg-fe8267c63ab4ef9ceaa5,normal,ordinary_notice_or_conversation_possible,a_not_risky_request_visible,42,2,development_readout,A,0.05230769644372598,0
review-bcc4f27e08342914,msg-8da1861e43112a887a4b,smishing,risky_request_visible,a_risky_request_visible,42,2,development_readout,A,0.693741651411325,1
review-bcc86610acb0f9ff,msg-6c850b57daa695a2a5bf,smishing,insufficient_context,a_not_risky_request_visible,42,1,development_readout,A,0.13343815009698148,0
review-be260e01d39a8550,msg-bbb84b4c518d7fb445cd,smishing,risky_request_visible,a_risky_request_visible,42,1,development_readout,A,0.9387339949229193,1
review-bef01b9f140416fa,msg-538e9bd6dde7a1aba023,normal,promotion_without_clear_scam_request,a_not_risky_request_visible,42,2,development_readout,A,0.2266188497293044,0
review-bf29414211fedb11,msg-c484e73c51ddf79b7f8b,smishing,risky_request_visible,a_risky_request_visible,42,0,development_readout,A,0.897251772325431,1
review-bf5fe000a4a8d9d5,msg-bcaba0c0cd46c0149e2b,smishing,risky_request_visible,a_risky_request_visible,42,0,development_readout,A,0.1759800217381905,0
review-bfec2c5d687b5e5a,msg-171c4288e43e466f5427,normal,ordinary_notice_or_conversation_possible,a_not_risky_request_visible,42,2,development_readout,A,0.2666310477868796,0
review-c0dec81b7dec22c5,msg-36f813c46481d09c7f14,normal,ordinary_notice_or_conversation_possible,a_not_risky_request_visible,42,2,development_readout,A,0.244003640019891,0
review-c1f9d74965cc6d56,msg-9f008694d2e9f838eeaa,smishing,risky_request_visible,a_risky_request_visible,42,2,development_readout,A,0.6661152332048171,1
review-c20d5a744e2d1992,msg-08bbc870048b82597982,normal,ordinary_notice_or_conversation_possible,a_not_risky_request_visible,42,2,development_readout,A,0.09862620008181089,0
review-c279584d5ab81989,msg-ac699df7f9a7b4400d68,smishing,risky_request_visible,a_risky_request_visible,42,0,development_readout,A,0.6706089734994385,1
review-c3157c09e695c3c5,msg-f0a3f2387d520f4943e1,normal,promotion_without_clear_scam_request,a_not_risky_request_visible,42,1,development_readout,A,0.14084948464386743,0
review-c4368025a0827097,msg-115656ab7419963f3ec4,normal,ordinary_notice_or_conversation_possible,a_not_risky_request_visible,42,1,development_readout,A,0.21072590099932714,0
review-c58fb60504f6d9d8,msg-fb1d46a056dbeb985081,smishing,risky_request_visible,a_risky_request_visible,42,0,development_readout,A,0.3492887358271364,0
review-c68883cf7ada6886,msg-e8325082747f144e0b1f,smishing,risky_request_visible,a_risky_request_visible,42,0,development_readout,A,0.49248639947729017,0
review-c882bcd351e72aee,msg-30a50896aabbd5f717a5,smishing,risky_request_visible,a_risky_request_visible,42,0,development_readout,A,0.9043690197934039,1
review-c964452f27eede18,msg-8cc13371612bd1cf432c,smishing,insufficient_context,a_not_risky_request_visible,42,1,development_readout,A,0.2881574947419004,0
review-c9bef77585bdd4e8,msg-2dbc56f9e20b89a67a13,smishing,risky_request_visible,a_risky_request_visible,42,0,development_readout,A,0.35148778515708345,0
review-c9eb20ef749cdb80,msg-96057ba4137a67242859,normal,promotion_without_clear_scam_request,a_not_risky_request_visible,42,0,development_readout,A,0.1323019707468484,0
review-ca1c52eb5a9e5a56,msg-383f97042ca6b0129236,normal,ordinary_notice_or_conversation_possible,a_not_risky_request_visible,42,1,development_readout,A,0.057871431680570136,0
review-ca722d1baa37caa6,msg-640a5ef11bb22eeb3dbc,smishing,risky_request_visible,a_risky_request_visible,42,2,development_readout,A,0.9223803107384272,1
review-cb32573abbb83f9f,msg-26e314f88d0d3eaafbd6,smishing,risky_request_visible,a_risky_request_visible,42,2,development_readout,A,0.9255871106496114,1
review-cd10401423c3d046,msg-90e4dfdb43017952dbb4,normal,ordinary_notice_or_conversation_possible,a_not_risky_request_visible,42,0,development_readout,A,0.0807418726259819,0
review-ce1c5319370b9470,msg-ae8747db917382e06db2,smishing,risky_request_visible,a_risky_request_visible,42,1,development_readout,A,0.383554884569184,0
review-cf59c2e5933f9fa2,msg-43d155d969d978189fb2,smishing,risky_request_visible,a_risky_request_visible,42,0,development_readout,A,0.7315187244381582,1
review-cf827f0ca2b4b9a5,msg-4e0bd498f47b89599ea6,smishing,risky_request_visible,a_risky_request_visible,42,0,development_readout,A,0.3112913539812785,0
review-cfc0b12d1183e034,msg-a382e8e19124dfbd1cd5,normal,ordinary_notice_or_conversation_possible,a_not_risky_request_visible,42,0,development_readout,A,0.3165917430590812,0
review-cfc80bc1541032df,msg-a1d665898cb5cf4eee06,smishing,risky_request_visible,a_risky_request_visible,42,0,development_readout,A,0.9065455516309845,1
review-d09099c6189f497b,msg-255cba56e8f9f375b954,smishing,risky_request_visible,a_risky_request_visible,42,1,development_readout,A,0.45471231329473905,0
review-d14a67c8f86c82a4,msg-f96269b2a48486c1fd45,normal,ordinary_notice_or_conversation_possible,a_not_risky_request_visible,42,1,development_readout,A,0.13224270837071717,0
review-d1b2ce556231d1b9,msg-1a13d7e1a0a296d7e9ac,normal,promotion_without_clear_scam_request,a_not_risky_request_visible,42,2,development_readout,A,0.1575178091722631,0
review-d1df54b7c0853995,msg-a19d969edbd3e4c563b7,normal,promotion_without_clear_scam_request,a_not_risky_request_visible,42,0,development_readout,A,0.06741547674282179,0
review-d27b1f741c6ce442,msg-d3e25a130f49e24fec59,normal,ordinary_notice_or_conversation_possible,a_not_risky_request_visible,42,2,development_readout,A,0.08961978618621631,0
review-d29c44ff7ec787ac,msg-18c2c8f93f103cd63104,normal,promotion_without_clear_scam_request,a_not_risky_request_visible,42,1,development_readout,A,0.16114505932716763,0
review-d33ca86cba802688,msg-e2900c16a353e5f15c43,smishing,risky_request_visible,a_risky_request_visible,42,1,development_readout,A,0.6258470651428735,1
review-d51a67f2e9911b52,msg-9412881b9906d37a2304,normal,ordinary_notice_or_conversation_possible,a_not_risky_request_visible,42,1,development_readout,A,0.08464135675634017,0
review-d6c4551ca894cc5c,msg-bbab9487a685ac85d931,smishing,risky_request_visible,a_risky_request_visible,42,0,development_readout,A,0.8422889605523965,1
review-d7e6ea82c0cbb7e9,msg-89bb289b1bdb8f41022f,normal,ordinary_notice_or_conversation_possible,a_not_risky_request_visible,42,1,development_readout,A,0.08699641116933207,0
review-d86e9dceafb57f52,msg-b1cc1dadab2abab75849,smishing,risky_request_visible,a_risky_request_visible,42,1,development_readout,A,0.7327107245521355,1
review-d870679fd6d01453,msg-7e320859ea45595a0398,smishing,promotion_without_clear_scam_request,a_not_risky_request_visible,42,0,development_readout,A,0.5653115351479552,1
review-d927fc30b0eb9634,msg-1af26a10b08f45f41fde,smishing,risky_request_visible,a_risky_request_visible,42,1,development_readout,A,0.37216245605524956,0
review-da5d8fa9864e211c,msg-65f4a5c0b197a96bdac3,normal,ordinary_notice_or_conversation_possible,a_not_risky_request_visible,42,0,development_readout,A,0.08738269279328817,0
review-db2e98df10b7ea70,msg-c3a7447e038aacfc0b56,normal,ordinary_notice_or_conversation_possible,a_not_risky_request_visible,42,0,development_readout,A,0.15385883657387348,0
review-dbbbfc8d3d158c2b,msg-19fa68b2542d83a61f79,smishing,risky_request_visible,a_risky_request_visible,42,0,development_readout,A,0.5549707531966828,1
review-dcfd0dc2773c1fc2,msg-efd9fc3fa5aed3568aff,smishing,risky_request_visible,a_risky_request_visible,42,0,development_readout,A,0.7362720772022338,1
review-dd1fb20a78a6cb60,msg-0c3c82dfb168fc722263,normal,ordinary_notice_or_conversation_possible,a_not_risky_request_visible,42,1,development_readout,A,0.10467736732044866,0
review-dd797ac5b4317bd3,msg-be92dc94342f95bbcf5d,smishing,risky_request_visible,a_risky_request_visible,42,2,development_readout,A,0.8135045519053877,1
review-de8af5907865c3e9,msg-8d5b64a36fbb3eb71e78,smishing,risky_request_visible,a_risky_request_visible,42,1,development_readout,A,0.34821228493822876,0
review-e058b93119484125,msg-64eeb1b2fa95ac8fb479,smishing,risky_request_visible,a_risky_request_visible,42,1,development_readout,A,0.8618414918638879,1
review-e2fd25cde06b2e07,msg-871f6b0c52c58905dd41,normal,promotion_without_clear_scam_request,a_not_risky_request_visible,42,0,development_readout,A,0.13592102832614741,0
review-e3520951883c1b51,msg-80d20dbfca1307061530,normal,promotion_without_clear_scam_request,a_not_risky_request_visible,42,1,development_readout,A,0.11422267227967801,0
review-e511d7b76f480bc7,msg-c12f37d2560f5acf8fc5,smishing,risky_request_visible,a_risky_request_visible,42,2,development_readout,A,0.9241469140668711,1
review-e58d1b3575c7e041,msg-60b7b814308d63263bea,smishing,risky_request_visible,a_risky_request_visible,42,2,development_readout,A,0.6562646432967225,1
review-e597199623b7b146,msg-35ad6d03750726a74248,normal,ordinary_notice_or_conversation_possible,a_not_risky_request_visible,42,0,development_readout,A,0.2356286660972738,0
review-e5c8c789729e554c,msg-d028b9185e67164eda89,normal,ordinary_notice_or_conversation_possible,a_not_risky_request_visible,42,0,development_readout,A,0.1489065531442739,0
review-e63efe4044e2aa11,msg-79b01393dcc39d7d282a,smishing,risky_request_visible,a_risky_request_visible,42,1,development_readout,A,0.9491524707148093,1
review-e736bb0c132d2dc8,msg-bf0dfb1e1aef571e6dfa,smishing,promotion_without_clear_scam_request,a_not_risky_request_visible,42,1,development_readout,A,0.4702808745405713,0
review-e945ebd4e9533666,msg-6ca0de4ebc5d9da5342b,smishing,risky_request_visible,a_risky_request_visible,42,0,development_readout,A,0.9064007070389937,1
review-eb5bbbe4e99a6f72,msg-aae535e14decd836abac,normal,ordinary_notice_or_conversation_possible,a_not_risky_request_visible,42,2,development_readout,A,0.15538156716063456,0
review-ec018bdef14b4dce,msg-ef69592a53abe3a01b4d,smishing,risky_request_visible,a_risky_request_visible,42,2,development_readout,A,0.858395897260243,1
review-ecc7155e591dec16,msg-7b45fdda561c81cabe19,smishing,risky_request_visible,a_risky_request_visible,42,1,development_readout,A,0.6201300718933801,1
review-ecf66ae7e447041e,msg-443a84cea11014478b84,smishing,risky_request_visible,a_risky_request_visible,42,2,development_readout,A,0.65460145981492,1
review-ed8aaee3f91ea267,msg-a319a3ad3f700d7f3e15,normal,promotion_without_clear_scam_request,a_not_risky_request_visible,42,2,development_readout,A,0.0771627592475573,0
review-edccbb4371a90711,msg-bb52082aaa2a867204a8,smishing,risky_request_visible,a_risky_request_visible,42,2,development_readout,A,0.8235671864653481,1
review-f02182e8f70df196,msg-b789ac48b433840d97a1,smishing,risky_request_visible,a_risky_request_visible,42,0,development_readout,A,0.2967234766999856,0
review-f0f2fce9301b3378,msg-e7a80c477afb0cccfac0,normal,ordinary_notice_or_conversation_possible,a_not_risky_request_visible,42,0,development_readout,A,0.06719391348631837,0
review-f296f965b5850c48,msg-fbcc5b098e1b1d189d50,normal,promotion_without_clear_scam_request,a_not_risky_request_visible,42,0,development_readout,A,0.10905090244005755,0
review-f2b62cb8a35fddc1,msg-44342a1ca335e0df03ca,smishing,risky_request_visible,a_risky_request_visible,42,0,development_readout,A,0.41803467078127443,0
review-f360abb82bcec3c4,msg-7a14eb32b51e33537f72,smishing,risky_request_visible,a_risky_request_visible,42,0,development_readout,A,0.8544447302234079,1
review-f48d763f6c721c5c,msg-05ce5c3a427de58a9e8d,smishing,risky_request_visible,a_risky_request_visible,42,1,development_readout,A,0.7034735596971975,1
review-f50f53a543208b94,msg-8c649a088b7f6eb07a65,smishing,risky_request_visible,a_risky_request_visible,42,2,development_readout,A,0.18849167903758693,0
review-f6f3c364cb66f280,msg-67f89394e1696666880c,normal,ordinary_notice_or_conversation_possible,a_not_risky_request_visible,42,0,development_readout,A,0.10803945315376859,0
review-f7a215d9e903b41d,msg-910004461353a81fdfb7,smishing,promotion_without_clear_scam_request,a_not_risky_request_visible,42,1,development_readout,A,0.5380501330284024,1
review-f7fbd3ab7a66e194,msg-8884dfa40bd5b5ff02f7,normal,promotion_without_clear_scam_request,a_not_risky_request_visible,42,0,development_readout,A,0.12832893843011445,0
review-f9b9a4279458f732,msg-5bf22a260fc90f900243,smishing,risky_request_visible,a_risky_request_visible,42,1,development_readout,A,0.7156688399828796,1
review-fbd669140c0c37bb,msg-299b1f56db41d7b2e7c2,normal,ordinary_notice_or_conversation_possible,a_not_risky_request_visible,42,2,development_readout,A,0.20345375440860078,0
review-fcb737070b879e4f,msg-63be477f140adc17e396,normal,ordinary_notice_or_conversation_possible,a_not_risky_request_visible,42,0,development_readout,A,0.11958669195789723,0
review-fd0999fd546bfed8,msg-fe1928a9a24b4573d509,smishing,risky_request_visible,a_risky_request_visible,42,2,development_readout,A,0.8581450905153767,1
review-fd4a4694d748b8f1,msg-8292e9166caa8ab05265,smishing,risky_request_visible,a_risky_request_visible,42,1,development_readout,A,0.37256188711975063,0
review-fe1822167edb9625,msg-bee493f64946ad6b35a4,normal,promotion_without_clear_scam_request,a_not_risky_request_visible,42,1,development_readout,A,0.08636191209137394,0
review-ff1ff6c1bdbeaee2,msg-35a30cfabb7c40cc1912,normal,ordinary_notice_or_conversation_possible,a_not_risky_request_visible,42,2,development_readout,A,0.1237613908646812,0
review-ff57873bcca80e84,msg-0d5b420dd958137f34fc,smishing,insufficient_context,a_not_risky_request_visible,42,1,development_readout,A,0.7471618184515949,1
review-014f431cdb07954a,msg-0c6dfbf2de170e52a942,smishing,risky_request_visible,a_risky_request_visible,42,1,threshold_calibration,A,0.25757940464924506,0
review-022dede98715a30c,msg-873db1de4a30a9f5c623,normal,ordinary_notice_or_conversation_possible,a_not_risky_request_visible,42,2,threshold_calibration,A,0.10829618673342138,0
review-0238870c30ef790e,msg-d2b85b2279d55f17aa61,smishing,risky_request_visible,a_risky_request_visible,42,1,threshold_calibration,A,0.13848361592150035,0
review-02ed9a9204fc5c8c,msg-8af5cc4194464b481799,smishing,risky_request_visible,a_risky_request_visible,42,1,threshold_calibration,A,0.571277469713426,1
review-031c270e33784faf,msg-7b77eedddff4504d9db0,smishing,risky_request_visible,a_risky_request_visible,42,0,threshold_calibration,A,0.4346053449386013,0
review-05ba384c6ab030f1,msg-0cf1f701a15c54d26789,normal,ordinary_notice_or_conversation_possible,a_not_risky_request_visible,42,1,threshold_calibration,A,0.1715692430522904,0
review-06613e1d63363778,msg-bd04b75032f0dfc2ee62,normal,promotion_without_clear_scam_request,a_not_risky_request_visible,42,1,threshold_calibration,A,0.11469272075606951,0
review-06745995f913ed5c,msg-fb9fed8f5353c19f4482,normal,ordinary_notice_or_conversation_possible,a_not_risky_request_visible,42,0,threshold_calibration,A,0.12706761655866425,0
review-06e6ec96dd763a34,msg-3be783148c7ea591a6af,normal,promotion_without_clear_scam_request,a_not_risky_request_visible,42,0,threshold_calibration,A,0.10726950959246788,0
review-06fe91fac978687e,msg-a83bb61726a247a6e1e1,normal,promotion_without_clear_scam_request,a_not_risky_request_visible,42,1,threshold_calibration,A,0.09560614517327148,0
review-09dc7d3fa6246119,msg-82c1c5902ccf0f6cb441,normal,ordinary_notice_or_conversation_possible,a_not_risky_request_visible,42,2,threshold_calibration,A,0.16101762070464903,0
review-09f9fd98d92b31c5,msg-cbb14d3ea8b4c356543b,smishing,risky_request_visible,a_risky_request_visible,42,2,threshold_calibration,A,0.27486831183311594,0
review-0bf0da403c12d587,msg-b7800f4db5faf73f5f6d,smishing,risky_request_visible,a_risky_request_visible,42,2,threshold_calibration,A,0.8088676785813443,1
review-0ce89002b27ae13e,msg-b3850b9d024fcf99c238,normal,ordinary_notice_or_conversation_possible,a_not_risky_request_visible,42,1,threshold_calibration,A,0.11457532106171751,0
review-0d61809b41685d2f,msg-3056e20984e704228691,normal,ordinary_notice_or_conversation_possible,a_not_risky_request_visible,42,1,threshold_calibration,A,0.09878533713070456,0
review-0d9dd805ae2674a4,msg-f65015ec6d6ca9ef912c,smishing,risky_request_visible,a_risky_request_visible,42,1,threshold_calibration,A,0.5883458895814789,1
review-0ddce31c46b4331c,msg-018ff56a19f05b63f7f1,normal,promotion_without_clear_scam_request,a_not_risky_request_visible,42,2,threshold_calibration,A,0.11458720831659207,0
review-0e3787ec2948234d,msg-f90fed3e0ba73a7afd40,smishing,risky_request_visible,a_risky_request_visible,42,0,threshold_calibration,A,0.8902180240820503,1
review-0e9363ce9bcb57c2,msg-a6db8f1ba339b796c36c,smishing,risky_request_visible,a_risky_request_visible,42,1,threshold_calibration,A,0.32943164524453084,0
review-0f5e5787e2464fe3,msg-31a602d9c77f86749c5b,smishing,risky_request_visible,a_risky_request_visible,42,1,threshold_calibration,A,0.8954549987097487,1
review-0f7f12381c38278e,msg-001d594cae67fd50f532,normal,promotion_without_clear_scam_request,a_not_risky_request_visible,42,0,threshold_calibration,A,0.10838151191342169,0
review-105735240253acfe,msg-882fdf4a57682ebb0be2,smishing,risky_request_visible,a_risky_request_visible,42,2,threshold_calibration,A,0.5558297436144096,1
review-131ed5d9023fe8e1,msg-879b8233c4a44252fb2e,normal,promotion_without_clear_scam_request,a_not_risky_request_visible,42,1,threshold_calibration,A,0.1428890485302465,0
review-137a8d7cde64d50f,msg-b66553208ce35fd6531e,normal,ordinary_notice_or_conversation_possible,a_not_risky_request_visible,42,1,threshold_calibration,A,0.10929946210953263,0
review-13ce66de75a8d3fc,msg-8827961dbffea331a040,smishing,risky_request_visible,a_risky_request_visible,42,1,threshold_calibration,A,0.9107816391702119,1
review-15f5cb8ca60e63e7,msg-93f6493043538f04abba,smishing,risky_request_visible,a_risky_request_visible,42,0,threshold_calibration,A,0.5180807436996238,1
review-170c904128c3b75d,msg-44ffbd69abef95d6b971,smishing,risky_request_visible,a_risky_request_visible,42,2,threshold_calibration,A,0.695747338106679,1
review-19cc4ce8b1dbe415,msg-e9e131d9372380a167cf,smishing,risky_request_visible,a_risky_request_visible,42,1,threshold_calibration,A,0.1092654750786826,0
review-1a60e1bd37131802,msg-7347b19b9989a8b7563c,normal,ordinary_notice_or_conversation_possible,a_not_risky_request_visible,42,0,threshold_calibration,A,0.1152664703781406,0
review-1b01c3e70a5cd621,msg-598291dbde5006fce551,smishing,risky_request_visible,a_risky_request_visible,42,0,threshold_calibration,A,0.4584884117033158,0
review-1bee5d35c3ae9550,msg-0a348fcb6248b2e02712,smishing,risky_request_visible,a_risky_request_visible,42,0,threshold_calibration,A,0.5314306109438085,1
review-1c32fedd4b32dd06,msg-b3fecdca68993f39816e,normal,promotion_without_clear_scam_request,a_not_risky_request_visible,42,0,threshold_calibration,A,0.08441106118412339,0
review-1cb842404c1056c4,msg-69af923a1b627636ba88,normal,ordinary_notice_or_conversation_possible,a_not_risky_request_visible,42,2,threshold_calibration,A,0.24296856029570782,0
review-1ea0789836e39e65,msg-50ce9ce367d7506d1b34,smishing,risky_request_visible,a_risky_request_visible,42,2,threshold_calibration,A,0.7245466233436095,1
review-223ad249b0ed1b08,msg-dbf89313b9ea1ac5b6d3,normal,ordinary_notice_or_conversation_possible,a_not_risky_request_visible,42,1,threshold_calibration,A,0.08245198919924074,0
review-2324027bc353cb29,msg-69cdd029e53ee97a620b,smishing,risky_request_visible,a_risky_request_visible,42,0,threshold_calibration,A,0.6979920797988758,1
review-266fac2cf4f9a2fe,msg-358dbfc77504383312c3,smishing,risky_request_visible,a_risky_request_visible,42,0,threshold_calibration,A,0.8199030643009371,1
review-2705653809f7ad8f,msg-c847ea1fe73639b29741,normal,ordinary_notice_or_conversation_possible,a_not_risky_request_visible,42,1,threshold_calibration,A,0.2319148729994924,0
review-2769abe8fc6ffd87,msg-45d3204953ffb0ec89ee,normal,ordinary_notice_or_conversation_possible,a_not_risky_request_visible,42,2,threshold_calibration,A,0.16413189745606058,0
review-27fee91252ef3d87,msg-0d7a1d02c979a5575363,normal,ordinary_notice_or_conversation_possible,a_not_risky_request_visible,42,2,threshold_calibration,A,0.18767435701363014,0
review-293586512b140a4e,msg-df9036abd2017f6f6be1,smishing,risky_request_visible,a_risky_request_visible,42,0,threshold_calibration,A,0.36415550089576976,0
review-2953de0d9a6a0ef3,msg-b3fe8c24cdcc85dd4f28,normal,ordinary_notice_or_conversation_possible,a_not_risky_request_visible,42,1,threshold_calibration,A,0.08135351362431298,0
review-2b3f3a2d3b9504b2,msg-a9571e0d77539178ffc3,normal,ordinary_notice_or_conversation_possible,a_not_risky_request_visible,42,1,threshold_calibration,A,0.2556705125099286,0
review-2b5a69423072c0ba,msg-258cc86a999cd351f9ca,normal,insufficient_context,a_not_risky_request_visible,42,0,threshold_calibration,A,0.077575422349008,0
review-2d4568421c26bf66,msg-96c30c2332ea6bf5e247,normal,ordinary_notice_or_conversation_possible,a_not_risky_request_visible,42,1,threshold_calibration,A,0.1614918373291287,0
review-2d80e47aaaa42543,msg-207b27eff27f4988fb0f,normal,ordinary_notice_or_conversation_possible,a_not_risky_request_visible,42,0,threshold_calibration,A,0.23410634206912553,0
review-300c4c657ef26689,msg-8d4de978440b72ca4a45,normal,ordinary_notice_or_conversation_possible,a_not_risky_request_visible,42,2,threshold_calibration,A,0.16384853083531667,0
review-30c664d1fb0416d2,msg-4facddef64d2b1d3b592,normal,promotion_without_clear_scam_request,a_not_risky_request_visible,42,0,threshold_calibration,A,0.08961994977781965,0
review-30d20e067658db39,msg-915558b1d57081861e23,normal,insufficient_context,a_not_risky_request_visible,42,1,threshold_calibration,A,0.1592787459034888,0
review-30e3bf5a7666c842,msg-2691ca74050fbbc9ed37,smishing,risky_request_visible,a_risky_request_visible,42,1,threshold_calibration,A,0.5799342960293197,1
review-322a0c915a6dca98,msg-3d77196a643275284eee,smishing,risky_request_visible,a_risky_request_visible,42,1,threshold_calibration,A,0.5535956795736697,1
review-363f281df3bd9ba4,msg-36bc461d0aefe348462d,normal,promotion_without_clear_scam_request,a_not_risky_request_visible,42,1,threshold_calibration,A,0.11989066780120419,0
review-36c6682493394c5a,msg-d54e4685cdd8f9aa710a,smishing,risky_request_visible,a_risky_request_visible,42,0,threshold_calibration,A,0.5245749470823905,1
review-37141dd75c3875fc,msg-372c6f62456bfbc0a7d9,normal,ordinary_notice_or_conversation_possible,a_not_risky_request_visible,42,2,threshold_calibration,A,0.07437527482896883,0
review-3735a715aa425485,msg-5cbba54c59da325a454c,normal,ordinary_notice_or_conversation_possible,a_not_risky_request_visible,42,1,threshold_calibration,A,0.24261164067275579,0
review-377101d740e3c93a,msg-f91f88e17b85bd740a41,smishing,risky_request_visible,a_risky_request_visible,42,2,threshold_calibration,A,0.6917616661704682,1
review-37a24da8c91a2014,msg-814c1d043296b3a3b379,smishing,risky_request_visible,a_risky_request_visible,42,2,threshold_calibration,A,0.6929374887993964,1
review-39a836fe3d87fa33,msg-758bd093f61744be66f6,normal,ordinary_notice_or_conversation_possible,a_not_risky_request_visible,42,0,threshold_calibration,A,0.08460243827628532,0
review-3aa78c267ab21f05,msg-224c0422b0003d17212c,smishing,ordinary_notice_or_conversation_possible,a_not_risky_request_visible,42,1,threshold_calibration,A,0.20848302653447995,0
review-3abe5c96847ee3b9,msg-e7c4d2ebb04e62e880b5,normal,ordinary_notice_or_conversation_possible,a_not_risky_request_visible,42,2,threshold_calibration,A,0.10007649677933471,0
review-3b23a85b0e54e4e2,msg-5a59a5ce918f6559e125,normal,promotion_without_clear_scam_request,a_not_risky_request_visible,42,0,threshold_calibration,A,0.07722218072779065,0
review-3b5e9306ce7f16f6,msg-75d22609d1f4fae1c474,normal,ordinary_notice_or_conversation_possible,a_not_risky_request_visible,42,1,threshold_calibration,A,0.1261537621307008,0
review-4034e1976e7caf3d,msg-a8f8f501a69d1d5855ba,normal,ordinary_notice_or_conversation_possible,a_not_risky_request_visible,42,0,threshold_calibration,A,0.08202582204211283,0
review-40e531a989b5b832,msg-90c8b223c83bae5b9f53,smishing,risky_request_visible,a_risky_request_visible,42,1,threshold_calibration,A,0.5681134429804483,1
review-41ec06c9fc578cef,msg-631fc966e6d1a8ec4785,smishing,risky_request_visible,a_risky_request_visible,42,2,threshold_calibration,A,0.9251062927012562,1
review-49230d04e233f44b,msg-88466b364e697e810f29,normal,promotion_without_clear_scam_request,a_not_risky_request_visible,42,2,threshold_calibration,A,0.23369781635505432,0
review-49a272d982158787,msg-15e2ac02e0ac09e5383b,smishing,risky_request_visible,a_risky_request_visible,42,0,threshold_calibration,A,0.5396007945955547,1
review-4a5f226471e5edaf,msg-92eab3c091583e1be9b2,smishing,risky_request_visible,a_risky_request_visible,42,2,threshold_calibration,A,0.7494896347190062,1
review-4aad735ff43af908,msg-d1f2ce6a48cfd3ddc352,smishing,ordinary_notice_or_conversation_possible,a_not_risky_request_visible,42,1,threshold_calibration,A,0.08471450239400366,0
review-4b7d3212a375f3c3,msg-e32c03f7fd12569b45d4,smishing,risky_request_visible,a_risky_request_visible,42,1,threshold_calibration,A,0.3946930159348805,0
review-4c1327797f738c0f,msg-c623d83809d140a75f70,normal,ordinary_notice_or_conversation_possible,a_not_risky_request_visible,42,2,threshold_calibration,A,0.2407640189607479,0
review-4c7f2895cbdfff17,msg-b6d879d72eac72ef59ac,smishing,risky_request_visible,a_risky_request_visible,42,1,threshold_calibration,A,0.6620604836152822,1
review-4e91758f8be8575d,msg-2a7f43ae7fa422fefb9b,smishing,risky_request_visible,a_risky_request_visible,42,2,threshold_calibration,A,0.16385193030189674,0
review-50c65fd60929a11c,msg-76755bc4cf7a9223f1f5,smishing,risky_request_visible,a_risky_request_visible,42,1,threshold_calibration,A,0.6240074473255814,1
review-5155bcd98221f6df,msg-260f9a35da3e12d1699f,normal,ordinary_notice_or_conversation_possible,a_not_risky_request_visible,42,0,threshold_calibration,A,0.12529161984010423,0
review-5176dde30e249277,msg-a95d096bdce327f3ec58,normal,ordinary_notice_or_conversation_possible,a_not_risky_request_visible,42,1,threshold_calibration,A,0.13049600712468837,0
review-5351da806d5c8862,msg-56c6f7e6fe95f4eaf8db,normal,ordinary_notice_or_conversation_possible,a_not_risky_request_visible,42,2,threshold_calibration,A,0.14752175926176186,0
review-54a4b61c2ddb946a,msg-d867888f40ccdc430a1d,normal,promotion_without_clear_scam_request,a_not_risky_request_visible,42,2,threshold_calibration,A,0.08813288435264809,0
review-55155ad766375eb6,msg-2512e3e666de174caf80,normal,promotion_without_clear_scam_request,a_not_risky_request_visible,42,2,threshold_calibration,A,0.18364732313954923,0
review-563b94c3e75e8c6d,msg-3943c098759d93b5d20b,smishing,risky_request_visible,a_risky_request_visible,42,1,threshold_calibration,A,0.19139888070854305,0
review-588539dd497a5994,msg-eb5f2cc2527297a7b5a3,smishing,risky_request_visible,a_risky_request_visible,42,1,threshold_calibration,A,0.46759150633478325,0
review-5a49e43857a6f8f0,msg-a4b7e6d3b527691e9a05,smishing,risky_request_visible,a_risky_request_visible,42,2,threshold_calibration,A,0.1366585453619427,0
review-5b0c0204dc451747,msg-31f308081fb21c6e8f09,smishing,risky_request_visible,a_risky_request_visible,42,0,threshold_calibration,A,0.8324321078944588,1
review-5b38287421b21063,msg-2eacbbd745e21908f221,normal,ordinary_notice_or_conversation_possible,a_not_risky_request_visible,42,1,threshold_calibration,A,0.11413321350805429,0
review-5b8a47398769e7ef,msg-380c22214f611250512c,normal,ordinary_notice_or_conversation_possible,a_not_risky_request_visible,42,1,threshold_calibration,A,0.1404295365555695,0
review-5c5069cca8a5add0,msg-0efb0ebfb655d5c5c6d3,normal,promotion_without_clear_scam_request,a_not_risky_request_visible,42,1,threshold_calibration,A,0.10251011405249422,0
review-5c8fb855522635b0,msg-8583f1e4ed2f6a4435f1,normal,ordinary_notice_or_conversation_possible,a_not_risky_request_visible,42,1,threshold_calibration,A,0.09609521261110697,0
review-5f54bbc511caaded,msg-542efb3f41bad8a46794,normal,ordinary_notice_or_conversation_possible,a_not_risky_request_visible,42,1,threshold_calibration,A,0.10687470834724903,0
review-5f5dd240c73902fa,msg-702b7967e690569fc457,normal,promotion_without_clear_scam_request,a_not_risky_request_visible,42,2,threshold_calibration,A,0.10366850732617641,0
review-6036afa1a4a219c3,msg-9bf6c95f6dc633dd8819,normal,ordinary_notice_or_conversation_possible,a_not_risky_request_visible,42,2,threshold_calibration,A,0.10617886348290365,0
review-61fef2c9ced4f942,msg-660c2fd797c40f8e55ca,normal,ordinary_notice_or_conversation_possible,a_not_risky_request_visible,42,2,threshold_calibration,A,0.28817012794888014,0
review-6236e7e3fd2a54c8,msg-03b2efa63efb18f3f74e,normal,ordinary_notice_or_conversation_possible,a_not_risky_request_visible,42,1,threshold_calibration,A,0.2838285390888203,0
review-63bef8982e454a02,msg-c75749a34e08d00a62cd,smishing,risky_request_visible,a_risky_request_visible,42,0,threshold_calibration,A,0.23084631623193408,0
review-65037cf8dfccb4af,msg-4a1016a531744e654831,normal,promotion_without_clear_scam_request,a_not_risky_request_visible,42,1,threshold_calibration,A,0.08481776666576664,0
review-66516cd6e1b084bc,msg-a67739cacf95ee18716c,normal,ordinary_notice_or_conversation_possible,a_not_risky_request_visible,42,1,threshold_calibration,A,0.21859582095062685,0
review-66ef57282af71d4f,msg-f51c8c7132e5405088dd,normal,ordinary_notice_or_conversation_possible,a_not_risky_request_visible,42,1,threshold_calibration,A,0.14049046778667418,0
review-6742e699b2c19637,msg-5e8796780c062e86063b,smishing,promotion_without_clear_scam_request,a_not_risky_request_visible,42,2,threshold_calibration,A,0.15643670681050595,0
review-6938cc7e883cfae5,msg-d0b351454bf1078555ca,smishing,risky_request_visible,a_risky_request_visible,42,1,threshold_calibration,A,0.2520838090813812,0
review-6b23a95e54455bfe,msg-7e73260daff23015e769,smishing,risky_request_visible,a_risky_request_visible,42,0,threshold_calibration,A,0.5647955072850297,1
review-6b90760350513e04,msg-f20701505d9754bbd32d,normal,ordinary_notice_or_conversation_possible,a_not_risky_request_visible,42,0,threshold_calibration,A,0.41992118277009705,0
review-6c345dd95982d152,msg-6abd20ac3d54a1acb08f,smishing,risky_request_visible,a_risky_request_visible,42,0,threshold_calibration,A,0.6561874140701875,1
review-6c7372dc6724ef49,msg-fd7adb6f5bdba22704bd,normal,ordinary_notice_or_conversation_possible,a_not_risky_request_visible,42,2,threshold_calibration,A,0.08040518592497777,0
review-6c9e3e62bbb95763,msg-a6d506945e9b701052e1,smishing,risky_request_visible,a_risky_request_visible,42,1,threshold_calibration,A,0.17204465816677095,0
review-6d70e00c3a0eb212,msg-78ebe7ba8de3e6f59138,normal,risky_request_visible,a_risky_request_visible,42,1,threshold_calibration,A,0.10677637522911436,0
review-6e51f1a0ccb981e6,msg-58425ae1f35d0d6e8f6c,smishing,risky_request_visible,a_risky_request_visible,42,2,threshold_calibration,A,0.6504260342034102,1
review-6ee455a4c31c9039,msg-9207c6b7c6c694beab91,normal,promotion_without_clear_scam_request,a_not_risky_request_visible,42,2,threshold_calibration,A,0.11455290357493624,0
review-70dad336d995a509,msg-00cd858afe8ef2de5fd3,normal,ordinary_notice_or_conversation_possible,a_not_risky_request_visible,42,0,threshold_calibration,A,0.12604248597541332,0
review-71bc6120e1507254,msg-b460f3c8ac1fe936b354,smishing,risky_request_visible,a_risky_request_visible,42,0,threshold_calibration,A,0.4934192760345856,1
review-7493575c90062c41,msg-e84d76b6ef43a1d586a7,normal,promotion_without_clear_scam_request,a_not_risky_request_visible,42,2,threshold_calibration,A,0.21266611286194992,0
review-755768c5838e2f29,msg-e2997981817c30d525be,smishing,risky_request_visible,a_risky_request_visible,42,1,threshold_calibration,A,0.7213072241008057,1
review-76a47d926f91413e,msg-81c59d9e2363e29c4af7,normal,ordinary_notice_or_conversation_possible,a_not_risky_request_visible,42,1,threshold_calibration,A,0.0946803232426502,0
review-7794b3bc9bc0c3a1,msg-a2db1c36a4678988377c,normal,ordinary_notice_or_conversation_possible,a_not_risky_request_visible,42,0,threshold_calibration,A,0.42429276036923597,0
review-7977c3d1276873c7,msg-68e127127a540d65f679,normal,ordinary_notice_or_conversation_possible,a_not_risky_request_visible,42,1,threshold_calibration,A,0.1892298027436231,0
review-7a761126add20b55,msg-14afe15514eab65aba06,smishing,risky_request_visible,a_risky_request_visible,42,2,threshold_calibration,A,0.8037175304486045,1
review-7b32c18f837c52f3,msg-906c8805c776e5912484,normal,risky_request_visible,a_risky_request_visible,42,1,threshold_calibration,A,0.16547409696498214,0
review-7b9d338bf5cd4bdc,msg-733b60f36694b02ec836,normal,ordinary_notice_or_conversation_possible,a_not_risky_request_visible,42,0,threshold_calibration,A,0.093799407996896,0
review-7cbff1d715e4b2f0,msg-565ddb5f77c920c58378,normal,promotion_without_clear_scam_request,a_not_risky_request_visible,42,0,threshold_calibration,A,0.137709758411523,0
review-8039ca8a8d71147c,msg-d7d609114f737190d087,smishing,risky_request_visible,a_risky_request_visible,42,2,threshold_calibration,A,0.38845239685393157,0
review-80aaf5285dff5d52,msg-f5342ad5453afafa654a,normal,promotion_without_clear_scam_request,a_not_risky_request_visible,42,1,threshold_calibration,A,0.07693335672874711,0
review-81b1a3bc8dfb1982,msg-4ab82cc3b14da8846e8f,normal,ordinary_notice_or_conversation_possible,a_not_risky_request_visible,42,1,threshold_calibration,A,0.09412625488445779,0
review-81db582ab9c83a7d,msg-2a0582fa3234a2d63356,normal,risky_request_visible,a_risky_request_visible,42,2,threshold_calibration,A,0.6609682752491228,1
review-83bf04c6b634cf0b,msg-b677ced3e884ac5d5c3c,normal,promotion_without_clear_scam_request,a_not_risky_request_visible,42,1,threshold_calibration,A,0.244523586305388,0
review-83fb52312abeb4ec,msg-57b110c902b64420f7db,smishing,risky_request_visible,a_risky_request_visible,42,2,threshold_calibration,A,0.700668787540871,1
review-85ef908a3e61f2a2,msg-30572cea27e54ac2130b,normal,ordinary_notice_or_conversation_possible,a_not_risky_request_visible,42,2,threshold_calibration,A,0.09180172100522846,0
review-87ca5145bb1464ea,msg-69d76db7edd5a86af1d7,normal,promotion_without_clear_scam_request,a_not_risky_request_visible,42,1,threshold_calibration,A,0.09764097972449363,0
review-8815f8f3d2cf8ddd,msg-c411a659d87891c23018,normal,ordinary_notice_or_conversation_possible,a_not_risky_request_visible,42,2,threshold_calibration,A,0.23388124517917525,0
review-8a9635c815342586,msg-5b3252b8d919d9dfa5c2,smishing,risky_request_visible,a_risky_request_visible,42,2,threshold_calibration,A,0.896631900639947,1
review-8ac3c67723460772,msg-7a0a306167abc3b72d8c,normal,ordinary_notice_or_conversation_possible,a_not_risky_request_visible,42,0,threshold_calibration,A,0.08840421480138735,0
review-8acb2fdf0b998c44,msg-442633ffd7cc37f8a891,smishing,risky_request_visible,a_risky_request_visible,42,1,threshold_calibration,A,0.5375725071118833,1
review-8c0239752664c9f7,msg-ebc9f34f94af5eeb68f0,smishing,risky_request_visible,a_risky_request_visible,42,2,threshold_calibration,A,0.7033880724590209,1
review-8c3afec16f00c8ea,msg-6173af161b27fe6f4ce6,normal,ordinary_notice_or_conversation_possible,a_not_risky_request_visible,42,2,threshold_calibration,A,0.09079723361329907,0
review-8f6994cbd2075acd,msg-47b3b6a2b2a28bdf7fb9,smishing,risky_request_visible,a_risky_request_visible,42,1,threshold_calibration,A,0.611834655042969,1
review-904be5b534ca4342,msg-2c7b345bbea477990d91,normal,ordinary_notice_or_conversation_possible,a_not_risky_request_visible,42,1,threshold_calibration,A,0.17404901224726307,0
review-92e977f1b9f64cdd,msg-3deb3a161a23b32aea25,smishing,risky_request_visible,a_risky_request_visible,42,0,threshold_calibration,A,0.6294087083799879,1
review-93e39f35ad377da3,msg-64cdca546bafdc9324f0,normal,ordinary_notice_or_conversation_possible,a_not_risky_request_visible,42,0,threshold_calibration,A,0.14259018919208602,0
review-9440c7b20214abb9,msg-e326b0533522ecb322de,smishing,risky_request_visible,a_risky_request_visible,42,2,threshold_calibration,A,0.7404084482591285,1
review-95ab42239fb052e7,msg-5052c7243f9985cc9bcf,normal,promotion_without_clear_scam_request,a_not_risky_request_visible,42,1,threshold_calibration,A,0.1033902119544862,0
review-973274a88b5aa1db,msg-706b91df031716838257,normal,ordinary_notice_or_conversation_possible,a_not_risky_request_visible,42,0,threshold_calibration,A,0.09094283008865098,0
review-9751bc751be6b57c,msg-64a843bec3f3dce4ee45,smishing,risky_request_visible,a_risky_request_visible,42,2,threshold_calibration,A,0.7004795296525709,1
review-97b3b26bd7e8a65a,msg-359327bd4e7edc3cb5ba,normal,insufficient_context,a_not_risky_request_visible,42,2,threshold_calibration,A,0.08435248110506911,0
review-97dbf9fb83d5fd0a,msg-6301a4730ee412e86a8c,normal,promotion_without_clear_scam_request,a_not_risky_request_visible,42,0,threshold_calibration,A,0.1000928436976615,0
review-97eb58f77becd57e,msg-991e31887c4954366165,normal,promotion_without_clear_scam_request,a_not_risky_request_visible,42,0,threshold_calibration,A,0.09122477950755481,0
review-9848e1bfbd07911c,msg-f2873d2e33fdffabc808,normal,ordinary_notice_or_conversation_possible,a_not_risky_request_visible,42,1,threshold_calibration,A,0.10168513666984885,0
review-98f9751b78a4c31e,msg-06b44744cbf1ec56130e,normal,ordinary_notice_or_conversation_possible,a_not_risky_request_visible,42,1,threshold_calibration,A,0.09185850262927406,0
review-99553665d7fa8d60,msg-ec2c63de47e93d56888f,normal,ordinary_notice_or_conversation_possible,a_not_risky_request_visible,42,1,threshold_calibration,A,0.1019369279927179,0
review-9a3f12ca280a1c8a,msg-9865307d8d5cb09874f2,normal,promotion_without_clear_scam_request,a_not_risky_request_visible,42,0,threshold_calibration,A,0.32306209130018354,0
review-9ad68457d5c5ddfe,msg-ff1e050906d7cfd80b2a,smishing,risky_request_visible,a_risky_request_visible,42,1,threshold_calibration,A,0.38643302684463676,0
review-9bf729353718fab4,msg-9ce453dc5d619e51234f,normal,ordinary_notice_or_conversation_possible,a_not_risky_request_visible,42,0,threshold_calibration,A,0.0535017020100515,0
review-9c94f8c84f214457,msg-79fa0f109f0555707dca,smishing,risky_request_visible,a_risky_request_visible,42,1,threshold_calibration,A,0.21556382454535153,0
review-9ca002eef5fabf4c,msg-a8d5485f9438f3ab5181,normal,ordinary_notice_or_conversation_possible,a_not_risky_request_visible,42,1,threshold_calibration,A,0.07902669702179499,0
review-9ec13abc1ec360b9,msg-053785582f2d9ed1abb9,normal,ordinary_notice_or_conversation_possible,a_not_risky_request_visible,42,2,threshold_calibration,A,0.12226352008192624,0
review-a00070320560c3ff,msg-eaeafeff80833a0c2e24,normal,risky_request_visible,a_risky_request_visible,42,0,threshold_calibration,A,0.49064812654939494,0
review-a003a34f2b7224ae,msg-ed3a4e31c52d999f2ab4,normal,ordinary_notice_or_conversation_possible,a_not_risky_request_visible,42,1,threshold_calibration,A,0.08613247429543087,0
review-a0157c7c504b2713,msg-75bb93c54e7c03e2de6b,smishing,risky_request_visible,a_risky_request_visible,42,0,threshold_calibration,A,0.8933797300594167,1
review-a077aa771a77e44f,msg-a37b49f0af9136126259,normal,ordinary_notice_or_conversation_possible,a_not_risky_request_visible,42,2,threshold_calibration,A,0.13866738514527874,0
review-a07cfcb07490d311,msg-5ce84ad96d59a95604b7,smishing,risky_request_visible,a_risky_request_visible,42,2,threshold_calibration,A,0.6934286308180017,1
review-a0abc212fe654fe2,msg-e8f6c41fc42d524da26b,smishing,risky_request_visible,a_risky_request_visible,42,2,threshold_calibration,A,0.8092399619794634,1
review-a1c208b7e2a31834,msg-cfebfff6180461481c77,smishing,risky_request_visible,a_risky_request_visible,42,1,threshold_calibration,A,0.4886411341557167,0
review-a31dcf3587c938e0,msg-69f98ce7e1a685df8515,smishing,risky_request_visible,a_risky_request_visible,42,0,threshold_calibration,A,0.6555489521504476,1
review-a3b8e31a589bfbf6,msg-72b62dcb8e0666cea243,smishing,risky_request_visible,a_risky_request_visible,42,1,threshold_calibration,A,0.6119205265621752,1
review-a55cc489390f4d15,msg-a11408f53fc97d32784a,smishing,risky_request_visible,a_risky_request_visible,42,2,threshold_calibration,A,0.6749229550831305,1
review-a5c8844b07d15249,msg-080a80350fda25ee4181,smishing,risky_request_visible,a_risky_request_visible,42,0,threshold_calibration,A,0.7122375353096173,1
review-a5e01613dff9b90c,msg-5f72ce400186780556af,normal,promotion_without_clear_scam_request,a_not_risky_request_visible,42,0,threshold_calibration,A,0.15017080968877358,0
review-a737e63e0af5d4ad,msg-58763f1db8c40f82f590,normal,promotion_without_clear_scam_request,a_not_risky_request_visible,42,2,threshold_calibration,A,0.1098260685187271,0
review-a8b302c46a81110b,msg-a923033b51733c278a32,normal,ordinary_notice_or_conversation_possible,a_not_risky_request_visible,42,1,threshold_calibration,A,0.08899530768742565,0
review-a93e9d44999fbedb,msg-7a5a0ef1560dbc98423a,normal,ordinary_notice_or_conversation_possible,a_not_risky_request_visible,42,2,threshold_calibration,A,0.0907208148698236,0
review-ab5082605dd6822e,msg-caea04347391d8ade4f5,smishing,risky_request_visible,a_risky_request_visible,42,1,threshold_calibration,A,0.5630736546799814,1
review-abfd0300b3e94bc9,msg-c6cb9735117d0df6bed5,normal,promotion_without_clear_scam_request,a_not_risky_request_visible,42,0,threshold_calibration,A,0.09420089012130882,0
review-aca9116d8021bfae,msg-ee6bc320eef92aaba68d,smishing,risky_request_visible,a_risky_request_visible,42,0,threshold_calibration,A,0.5288809045739039,1
review-ad512146de7da940,msg-c26a0b124b37127b90ce,smishing,risky_request_visible,a_risky_request_visible,42,1,threshold_calibration,A,0.6752254370739059,1
review-ad7039ac6a9ced27,msg-c81c5b25a163ca19481f,normal,ordinary_notice_or_conversation_possible,a_not_risky_request_visible,42,1,threshold_calibration,A,0.0903385846772141,0
review-ae30eff1c5009634,msg-034e267652beee654b7d,normal,promotion_without_clear_scam_request,a_not_risky_request_visible,42,2,threshold_calibration,A,0.12811676527204444,0
review-aefdc599d52d1968,msg-ce6e8882987410ea9dcb,normal,risky_request_visible,a_risky_request_visible,42,0,threshold_calibration,A,0.17203943114057707,0
review-af3cd140e815bf14,msg-76ea500b769d004670c6,normal,ordinary_notice_or_conversation_possible,a_not_risky_request_visible,42,2,threshold_calibration,A,0.15644110114407517,0
review-b0d0b31ce42bff6d,msg-80bd77dde6b57d4aa6b9,smishing,risky_request_visible,a_risky_request_visible,42,1,threshold_calibration,A,0.17951302274517508,0
review-b1335825efb8b815,msg-b01d387c5717587aaf48,normal,ordinary_notice_or_conversation_possible,a_not_risky_request_visible,42,0,threshold_calibration,A,0.35738061997133974,0
review-b495dcabfdc9e6bb,msg-c3e7d7b05d5a88764703,smishing,risky_request_visible,a_risky_request_visible,42,0,threshold_calibration,A,0.1633883988951728,0
review-b4a140a400dd0bd4,msg-8d50f5b84f82748b30f4,smishing,risky_request_visible,a_risky_request_visible,42,1,threshold_calibration,A,0.5751482423028947,1
review-b52505e7e689a4b8,msg-362b479a08fa48892f2e,normal,promotion_without_clear_scam_request,a_not_risky_request_visible,42,1,threshold_calibration,A,0.10853664477115399,0
review-b716d55654e9e174,msg-eac3f80ef98d49d5018b,normal,ordinary_notice_or_conversation_possible,a_not_risky_request_visible,42,0,threshold_calibration,A,0.06997876481072028,0
review-b75a5cafe4180fd6,msg-a850f5749efcb9c4f6a0,smishing,ordinary_notice_or_conversation_possible,a_not_risky_request_visible,42,2,threshold_calibration,A,0.4638828780325115,1
review-b7db7bfa3479f4d7,msg-432734d9e15c6f93d376,normal,ordinary_notice_or_conversation_possible,a_not_risky_request_visible,42,0,threshold_calibration,A,0.2783978255123241,0
review-b894aa9bff1613dc,msg-0f99b5457812bf9368a9,smishing,risky_request_visible,a_risky_request_visible,42,2,threshold_calibration,A,0.6726277834243586,1
review-b973d23ab4a680d4,msg-332a6ceef2ba82e72aee,normal,ordinary_notice_or_conversation_possible,a_not_risky_request_visible,42,2,threshold_calibration,A,0.0879813770408205,0
review-bbb9c61301495984,msg-d3591b5cc40dae36f63d,smishing,risky_request_visible,a_risky_request_visible,42,2,threshold_calibration,A,0.6317178948914608,1
review-bbe916c0a5f13c5a,msg-a45a85532c29434e8b27,smishing,risky_request_visible,a_risky_request_visible,42,2,threshold_calibration,A,0.9029996934210143,1
review-bc1ad3d6715f9dab,msg-e19e83293fb47143aa18,normal,promotion_without_clear_scam_request,a_not_risky_request_visible,42,0,threshold_calibration,A,0.0880678668400189,0
review-bc5e0069bbad7d67,msg-ccfb4bcf7b100e873356,normal,ordinary_notice_or_conversation_possible,a_not_risky_request_visible,42,0,threshold_calibration,A,0.10499514361701541,0
review-bc694d6c09671509,msg-70dcd4b0f26f61bdf407,normal,ordinary_notice_or_conversation_possible,a_not_risky_request_visible,42,0,threshold_calibration,A,0.09378168450650333,0
review-bc805b9a7fefb4c4,msg-b42fe9f654595657fa35,smishing,risky_request_visible,a_risky_request_visible,42,2,threshold_calibration,A,0.38563461119013326,0
review-bc9e9750ed2f2246,msg-9807f366fd3a944bee02,normal,ordinary_notice_or_conversation_possible,a_not_risky_request_visible,42,2,threshold_calibration,A,0.1471147212775329,0
review-bd2ee152f3f0a48a,msg-25ac7d2717cde23a4116,normal,ordinary_notice_or_conversation_possible,a_not_risky_request_visible,42,2,threshold_calibration,A,0.2356841751454153,0
review-be8ac302beaaaa38,msg-504e4d980601e6913b67,normal,ordinary_notice_or_conversation_possible,a_not_risky_request_visible,42,1,threshold_calibration,A,0.1499762694990329,0
review-bee3f43cbc979cc9,msg-4d9ff4113e4ed5d9e90c,smishing,risky_request_visible,a_risky_request_visible,42,2,threshold_calibration,A,0.25022450579803623,0
review-bf5160f31d278f7b,msg-c051b9c58babed147478,normal,ordinary_notice_or_conversation_possible,a_not_risky_request_visible,42,1,threshold_calibration,A,0.10158388764925685,0
review-c2b11fa0a2c3336f,msg-18146f4aa7a10243efff,normal,ordinary_notice_or_conversation_possible,a_not_risky_request_visible,42,2,threshold_calibration,A,0.12659239728661792,0
review-c386fdd922078a37,msg-c21e147ebc288236d642,normal,ordinary_notice_or_conversation_possible,a_not_risky_request_visible,42,2,threshold_calibration,A,0.15938004636689954,0
review-c45238e439e91c4d,msg-165866e6104c7226a8e8,smishing,risky_request_visible,a_risky_request_visible,42,1,threshold_calibration,A,0.4959960165997487,0
review-c7968cd6c3d1f959,msg-13d13b63af525be88c8e,normal,ordinary_notice_or_conversation_possible,a_not_risky_request_visible,42,0,threshold_calibration,A,0.06892232755471771,0
review-c7acc1ae1037b569,msg-9ae5d9f225d18d759f00,smishing,risky_request_visible,a_risky_request_visible,42,2,threshold_calibration,A,0.7207503312326449,1
review-c7e00bcebb9cbe94,msg-3eff4af4ff261cda8b13,normal,ordinary_notice_or_conversation_possible,a_not_risky_request_visible,42,0,threshold_calibration,A,0.26127981356738655,0
review-c7f76b1e1d80f49a,msg-47c423de9b8595f121a9,smishing,risky_request_visible,a_risky_request_visible,42,0,threshold_calibration,A,0.23103576487353591,0
review-c854f5ffb64bf3eb,msg-f2f023ae46a3f625f5ba,normal,ordinary_notice_or_conversation_possible,a_not_risky_request_visible,42,1,threshold_calibration,A,0.1477447294885569,0
review-c9d8f2fd31ea0b7f,msg-4d670f74ef64914e9b0e,normal,promotion_without_clear_scam_request,a_not_risky_request_visible,42,0,threshold_calibration,A,0.13056488149910994,0
review-cb23ce2b380ce815,msg-a81e33bc3946b0ae2550,normal,ordinary_notice_or_conversation_possible,a_not_risky_request_visible,42,2,threshold_calibration,A,0.25018191193527795,0
review-cb28a9106aef5505,msg-67de13a82fafaf8c3980,smishing,risky_request_visible,a_risky_request_visible,42,1,threshold_calibration,A,0.7470034162408942,1
review-cbbc72e510f286e3,msg-cb107b27366c1e7283c6,smishing,risky_request_visible,a_risky_request_visible,42,2,threshold_calibration,A,0.8874054337805092,1
review-cc41f3f4cb6e8629,msg-cd74555c5078c89aa225,smishing,risky_request_visible,a_risky_request_visible,42,1,threshold_calibration,A,0.638966524767811,1
review-cc4b16c2321274c0,msg-1737db0114226e8bb1b0,smishing,risky_request_visible,a_risky_request_visible,42,0,threshold_calibration,A,0.8893259285048318,1
review-cd39c34a5496687f,msg-28b8f57d24c88ea1fd3b,normal,ordinary_notice_or_conversation_possible,a_not_risky_request_visible,42,1,threshold_calibration,A,0.07001342491680525,0
review-d0b2291f671afb13,msg-69107f37830e441acc20,smishing,risky_request_visible,a_risky_request_visible,42,2,threshold_calibration,A,0.4768819497688432,1
review-d17c9fec5ba94c27,msg-0833b822c08cc170dc26,smishing,risky_request_visible,a_risky_request_visible,42,2,threshold_calibration,A,0.6220931881903954,1
review-d1ba629d1b0c0386,msg-3a166a3d426428da952d,smishing,insufficient_context,a_not_risky_request_visible,42,2,threshold_calibration,A,0.12162837370341423,0
review-d23755346e397e0d,msg-215f563424e984687bea,normal,ordinary_notice_or_conversation_possible,a_not_risky_request_visible,42,2,threshold_calibration,A,0.07683435721207037,0
review-d299ebb8c45a2f94,msg-0b586f5fca364bbc8c8d,smishing,insufficient_context,a_not_risky_request_visible,42,2,threshold_calibration,A,0.1442528913370295,0
review-d3b4daac66058960,msg-2819ed8636ecdee04bb3,normal,promotion_without_clear_scam_request,a_not_risky_request_visible,42,2,threshold_calibration,A,0.15081458561126712,0
review-d4f84d432e0d6d48,msg-94e0ae16541345a3f768,normal,ordinary_notice_or_conversation_possible,a_not_risky_request_visible,42,2,threshold_calibration,A,0.11508204616858154,0
review-d51050ea94555e33,msg-8dfc55b831e0422aaaf3,normal,ordinary_notice_or_conversation_possible,a_not_risky_request_visible,42,0,threshold_calibration,A,0.10190819824318739,0
review-d5b560692f11bda9,msg-20cb262bf7645dfe36d5,normal,ordinary_notice_or_conversation_possible,a_not_risky_request_visible,42,0,threshold_calibration,A,0.09010648951216409,0
review-d5cad39f16073736,msg-6b991d00ca9722186569,normal,promotion_without_clear_scam_request,a_not_risky_request_visible,42,1,threshold_calibration,A,0.11913772182847068,0
review-d684b0c9ae6eb28a,msg-b46e8faecd246cf1967d,smishing,risky_request_visible,a_risky_request_visible,42,2,threshold_calibration,A,0.7015552546558863,1
review-d6877eb437269499,msg-d6441157b1184c30f6c0,normal,ordinary_notice_or_conversation_possible,a_not_risky_request_visible,42,2,threshold_calibration,A,0.12957691122358878,0
review-d7a5aa91a1e9ef4b,msg-963560a696c2068b11aa,normal,promotion_without_clear_scam_request,a_not_risky_request_visible,42,1,threshold_calibration,A,0.12484837776557346,0
review-d885dde988ff81fc,msg-e9f133abd48046d0b082,smishing,risky_request_visible,a_risky_request_visible,42,1,threshold_calibration,A,0.7312164731550658,1
review-da0a87e60e534a8c,msg-817a4fa89633430e990d,normal,ordinary_notice_or_conversation_possible,a_not_risky_request_visible,42,2,threshold_calibration,A,0.08062054379553961,0
review-dc7c7acfd6e2db79,msg-b183e7136605118fd86a,normal,promotion_without_clear_scam_request,a_not_risky_request_visible,42,0,threshold_calibration,A,0.49611776749538644,1
review-dd85b84b55bb501f,msg-c7ae71424b0756ee528c,smishing,risky_request_visible,a_risky_request_visible,42,0,threshold_calibration,A,0.6563071446735205,1
review-dd9532439f290332,msg-d03214baadc38bd1336c,normal,ordinary_notice_or_conversation_possible,a_not_risky_request_visible,42,2,threshold_calibration,A,0.12165251326948671,0
review-e0a264aecc7ee1b0,msg-b08b74714736c2364217,normal,ordinary_notice_or_conversation_possible,a_not_risky_request_visible,42,1,threshold_calibration,A,0.3938146647764773,0
review-e0ac9753946feca9,msg-1cbe6cc1748e7262b5ab,smishing,risky_request_visible,a_risky_request_visible,42,0,threshold_calibration,A,0.4691132654926305,0
review-e1afcc76f28c4344,msg-957a54f95f91a63ee653,normal,ordinary_notice_or_conversation_possible,a_not_risky_request_visible,42,0,threshold_calibration,A,0.06809645213048293,0
review-e23fed0689d23954,msg-5bc65501f76a2d9c35b3,smishing,promotion_without_clear_scam_request,a_not_risky_request_visible,42,0,threshold_calibration,A,0.3328866799321445,0
review-e244a46bb3c89288,msg-b49a70f3593e3f36b11d,smishing,risky_request_visible,a_risky_request_visible,42,2,threshold_calibration,A,0.5338887105598161,1
review-e384094846a41b50,msg-705817f4922c88c5ecc5,smishing,risky_request_visible,a_risky_request_visible,42,0,threshold_calibration,A,0.6733176438800291,1
review-e432c718725ac7ae,msg-b372318bcb95d9f5bf57,normal,ordinary_notice_or_conversation_possible,a_not_risky_request_visible,42,0,threshold_calibration,A,0.2094986814665207,0
review-e447ae957587a31d,msg-0590a0a811adf41d19c4,smishing,risky_request_visible,a_risky_request_visible,42,0,threshold_calibration,A,0.6756428312598042,1
review-e4dca6a839df1435,msg-d7dccf71e0387df73450,normal,ordinary_notice_or_conversation_possible,a_not_risky_request_visible,42,1,threshold_calibration,A,0.17178373304183653,0
review-e8170ecaf09d95c1,msg-e863bf00fb6dbfb816f3,normal,ordinary_notice_or_conversation_possible,a_not_risky_request_visible,42,2,threshold_calibration,A,0.08559589656338194,0
review-e8eebbe27a7969d0,msg-26a403cb7e86084e2d88,normal,ordinary_notice_or_conversation_possible,a_not_risky_request_visible,42,1,threshold_calibration,A,0.1454305829553472,0
review-e9f675e3299ddb73,msg-74894396e30aa7e375f2,normal,ordinary_notice_or_conversation_possible,a_not_risky_request_visible,42,1,threshold_calibration,A,0.31531252300794266,0
review-ea8461ed56afeacc,msg-ad517b34fab57cf3b438,normal,ordinary_notice_or_conversation_possible,a_not_risky_request_visible,42,2,threshold_calibration,A,0.139394546531292,0
review-ed0223c36d93b8cb,msg-cfa0236fa8a0f40916bd,normal,promotion_without_clear_scam_request,a_not_risky_request_visible,42,1,threshold_calibration,A,0.3877102381788212,0
review-ed79a40573a23e85,msg-6f4d5cc6a56a922f2113,normal,promotion_without_clear_scam_request,a_not_risky_request_visible,42,0,threshold_calibration,A,0.18750820959166545,0
review-ed9460d363c32a66,msg-33b4946b6aa1c5826e5b,normal,ordinary_notice_or_conversation_possible,a_not_risky_request_visible,42,1,threshold_calibration,A,0.10822015008730126,0
review-ee314103593cc397,msg-3382d5781a64d5167a9f,smishing,risky_request_visible,a_risky_request_visible,42,0,threshold_calibration,A,0.14409300701832134,0
review-ee537a73bef42552,msg-a50c3f07d1c4116a5aae,normal,ordinary_notice_or_conversation_possible,a_not_risky_request_visible,42,1,threshold_calibration,A,0.15983793873939378,0
review-eef1587711f81f11,msg-2bf3512c4b917049d8d1,normal,ordinary_notice_or_conversation_possible,a_not_risky_request_visible,42,0,threshold_calibration,A,0.07653577338462977,0
review-f0b50460d98d4502,msg-95c382e5e68482d54b53,smishing,risky_request_visible,a_risky_request_visible,42,2,threshold_calibration,A,0.7003845812674,1
review-f160feeb48ff21ee,msg-441e65241cda094c5e2a,smishing,risky_request_visible,a_risky_request_visible,42,0,threshold_calibration,A,0.3315685057661348,0
review-f278c035dcc448b5,msg-69e20b477e1f38d22287,normal,ordinary_notice_or_conversation_possible,a_not_risky_request_visible,42,1,threshold_calibration,A,0.09180158528777488,0
review-f2c9ba7c14a8e7f4,msg-cbeab8aa1cb4e1328216,smishing,risky_request_visible,a_risky_request_visible,42,0,threshold_calibration,A,0.904858154290149,1
review-f44ca51cbbeda00a,msg-b16b1f045aab2ea4a56f,smishing,risky_request_visible,a_risky_request_visible,42,1,threshold_calibration,A,0.8938155314091779,1
review-f68968ff35ec4bea,msg-3f37d9bd39aa22dc8368,normal,ordinary_notice_or_conversation_possible,a_not_risky_request_visible,42,1,threshold_calibration,A,0.11035773645717019,0
review-f69dbdcfebf56998,msg-6dd3cea31f51bc6f063d,smishing,risky_request_visible,a_risky_request_visible,42,2,threshold_calibration,A,0.652364750497753,1
review-f778efc9b041eb43,msg-7a8ba417b2f4e2650e1b,normal,ordinary_notice_or_conversation_possible,a_not_risky_request_visible,42,1,threshold_calibration,A,0.12207918729944561,0
review-f8f57cab36b5e4f9,msg-0b0747a39cdb82046f16,normal,ordinary_notice_or_conversation_possible,a_not_risky_request_visible,42,1,threshold_calibration,A,0.20416268386212472,0
review-f9733f5a3ed15ba1,msg-c545ce4cd13f2f30e4db,smishing,risky_request_visible,a_risky_request_visible,42,0,threshold_calibration,A,0.9014455749588316,1
review-f9bfaa738fc7db78,msg-22666adef1260ae5f9a4,normal,ordinary_notice_or_conversation_possible,a_not_risky_request_visible,42,0,threshold_calibration,A,0.14253456378477203,0
review-f9d950de655d05cd,msg-5ef02907cd1045cb54a8,smishing,risky_request_visible,a_risky_request_visible,42,2,threshold_calibration,A,0.26560556590442136,0
review-fb2667a6a62b9c38,msg-c2539bcbb168ad9fac37,normal,ordinary_notice_or_conversation_possible,a_not_risky_request_visible,42,1,threshold_calibration,A,0.09371111163938053,0
review-fcba197835dbe421,msg-c9a0f816a24bd3e21470,smishing,risky_request_visible,a_risky_request_visible,42,2,threshold_calibration,A,0.5381178051742946,1
review-fd55ea1d04c7fc3b,msg-44deb8ec94adc01da101,normal,promotion_without_clear_scam_request,a_not_risky_request_visible,42,2,threshold_calibration,A,0.042350651849980527,0
review-fdc12fa3cc3d98a8,msg-37fd1ef16190049166d2,smishing,risky_request_visible,a_risky_request_visible,42,2,threshold_calibration,A,0.8784141757183422,1
review-fef8e7e55d89aaf1,msg-f0265af2067049f392b6,smishing,risky_request_visible,a_risky_request_visible,42,1,threshold_calibration,A,0.6524637677808304,1
review-ff61b33b22cf09db,msg-f83fe7e80b1199988bc6,smishing,insufficient_context,a_not_risky_request_visible,42,1,threshold_calibration,A,0.3776228656371462,0
review-ff7824303811b880,msg-3a8d13b5b7957521ed9d,smishing,risky_request_visible,a_risky_request_visible,42,0,threshold_calibration,A,0.6123393826790372,1
review-0056707322867f9e,msg-bfebdfbc523c88d22afe,normal,ordinary_notice_or_conversation_possible,a_not_risky_request_visible,42,0,development_readout,C,0.05148606545303232,0
review-01692c85b4c6e394,msg-86b2b582f59b8ef3cb9d,normal,ordinary_notice_or_conversation_possible,a_not_risky_request_visible,42,1,development_readout,C,0.19244407181793327,0
review-0191505287bc42c3,msg-125422950bbf2894b298,normal,ordinary_notice_or_conversation_possible,a_not_risky_request_visible,42,1,development_readout,C,0.09987993931700878,0
review-019e598ca75a2604,msg-51d91745aaf7c70cfe66,normal,ordinary_notice_or_conversation_possible,a_not_risky_request_visible,42,2,development_readout,C,0.07649432903881115,0
review-01daae558c8120c5,msg-a5fe2c7068a39a897fd5,normal,ordinary_notice_or_conversation_possible,a_not_risky_request_visible,42,0,development_readout,C,0.13688176544414796,0
review-0364c25d14e8bb7d,msg-ba7ace3a75e45b91726c,smishing,risky_request_visible,a_risky_request_visible,42,0,development_readout,C,0.9438482108412235,1
review-062650e5c03db7b3,msg-736f82ab7ef68bca67fc,smishing,risky_request_visible,a_risky_request_visible,42,1,development_readout,C,0.37174185352630745,0
review-0651a6827875d503,msg-6dcdcd189e5593455a49,smishing,risky_request_visible,a_risky_request_visible,42,0,development_readout,C,0.9441928505797073,1
review-075ea585da5cae15,msg-7013d5e6af2e769f406d,smishing,risky_request_visible,a_risky_request_visible,42,0,development_readout,C,0.9408915603027987,1
review-07c0fb876beabf4b,msg-cdcf2dfc7474190999c3,smishing,promotion_without_clear_scam_request,a_not_risky_request_visible,42,1,development_readout,C,0.6548511211334715,1
review-0822c98e66707747,msg-29c545e52c9813e635fa,normal,promotion_without_clear_scam_request,a_not_risky_request_visible,42,1,development_readout,C,0.13970118965199063,0
review-09f8a52a643bde75,msg-a190594f2bffb92ea5e6,normal,ordinary_notice_or_conversation_possible,a_not_risky_request_visible,42,2,development_readout,C,0.21673269757037464,0
review-0ba297695cc9a600,msg-593cd80d2ef7e33546ac,normal,ordinary_notice_or_conversation_possible,a_not_risky_request_visible,42,2,development_readout,C,0.3759061138186326,0
review-0bc7f01b43b4a4f4,msg-4d26af1bd51a813c0839,normal,promotion_without_clear_scam_request,a_not_risky_request_visible,42,1,development_readout,C,0.14300728474915322,0
review-0bfbacbb2760394c,msg-ccf0e6a8ef2af65aced4,smishing,risky_request_visible,a_risky_request_visible,42,1,development_readout,C,0.7075476737713685,1
review-0c756099e821ef26,msg-3de91ab063f18e6782bf,smishing,risky_request_visible,a_risky_request_visible,42,0,development_readout,C,0.35402650111885475,0
review-0cf62fd6142f6cb4,msg-2c0ffb2240bce4f0412b,smishing,risky_request_visible,a_risky_request_visible,42,1,development_readout,C,0.823358888316983,1
review-10dcb33dda6d5472,msg-1de8402778c0caa023de,smishing,risky_request_visible,a_risky_request_visible,42,0,development_readout,C,0.945884533588062,1
review-10e329e8873017e2,msg-4d92830c608f0547ddb4,smishing,risky_request_visible,a_risky_request_visible,42,2,development_readout,C,0.725957852956978,1
review-10f0da95f3fdd21e,msg-58b952e19b37c0bc3c3c,normal,ordinary_notice_or_conversation_possible,a_not_risky_request_visible,42,1,development_readout,C,0.12911394615692415,0
review-127bc1671c3021e3,msg-b3d3b6b29fae9b4cd139,smishing,risky_request_visible,a_risky_request_visible,42,2,development_readout,C,0.3875703882821843,0
review-12aedba2ef212671,msg-52cabfe559de650270d0,smishing,risky_request_visible,a_risky_request_visible,42,2,development_readout,C,0.9560145582145944,1
review-13e7350b6f9c843d,msg-6ef4e4d3849c3f2458f9,smishing,risky_request_visible,a_risky_request_visible,42,1,development_readout,C,0.14257969041500318,0
review-143e404949a72860,msg-9ab97598b92cc2549f26,smishing,risky_request_visible,a_risky_request_visible,42,0,development_readout,C,0.9445337933477541,1
review-1502532d7fb02e2b,msg-51961afc9b6d2bb950c4,smishing,risky_request_visible,a_risky_request_visible,42,2,development_readout,C,0.5388733211213925,1
review-1538fa93f259c264,msg-1d4f07b23c605c358a53,normal,ordinary_notice_or_conversation_possible,a_not_risky_request_visible,42,0,development_readout,C,0.24026305952283925,0
review-17bb16430527761d,msg-8a95db5cf464c51ec8bb,smishing,risky_request_visible,a_risky_request_visible,42,0,development_readout,C,0.4615307293220318,0
review-1820dec42f5ec2ca,msg-04d0a9cdecc5e27abe30,smishing,risky_request_visible,a_risky_request_visible,42,2,development_readout,C,0.7278672244288311,1
review-19d11b9f743aa049,msg-58f85354ff60f8afada7,smishing,risky_request_visible,a_risky_request_visible,42,1,development_readout,C,0.6970196633832069,1
review-1a4aa7992820ca2a,msg-f6bc1ff296dcef8d3f5e,smishing,risky_request_visible,a_risky_request_visible,42,2,development_readout,C,0.7907883252077413,1
review-1b29308cb4906d02,msg-7894af8fe183ef59232f,smishing,risky_request_visible,a_risky_request_visible,42,0,development_readout,C,0.9171397192871583,1
review-1bcdb8b5e4902f77,msg-6b0f921297bf6036cdd4,normal,ordinary_notice_or_conversation_possible,a_not_risky_request_visible,42,2,development_readout,C,0.08114898887131729,0
review-1c42c25c32f5bd82,msg-397c7d1d69e93306e43f,smishing,risky_request_visible,a_risky_request_visible,42,2,development_readout,C,0.881305165734186,1
review-1e450b71c02e190a,msg-fde8fe5d8c4f6fbf52c2,smishing,risky_request_visible,a_risky_request_visible,42,1,development_readout,C,0.6223865825266013,1
review-1e479c4a302f356c,msg-1306cfdbb1eb6413c2f3,smishing,risky_request_visible,a_risky_request_visible,42,2,development_readout,C,0.1552153886682226,0
review-1e68018ab3a2b26e,msg-c93b3c338ad73e40adfd,normal,ordinary_notice_or_conversation_possible,a_not_risky_request_visible,42,1,development_readout,C,0.1970968199538726,0
review-1f07a8c7cd26df2c,msg-cada766d88b515618679,normal,insufficient_context,a_not_risky_request_visible,42,0,development_readout,C,0.11800196207573008,0
review-2015b61fb97f2965,msg-3649a91b276a45d342c6,normal,ordinary_notice_or_conversation_possible,a_not_risky_request_visible,42,2,development_readout,C,0.18777852008993096,0
review-21e2a2729d0906e0,msg-2f204be55b7d47704b0f,normal,ordinary_notice_or_conversation_possible,a_not_risky_request_visible,42,1,development_readout,C,0.17918398000619573,0
review-220daefcb5d386ed,msg-e3ec894bf4e93e8c550e,smishing,risky_request_visible,a_risky_request_visible,42,0,development_readout,C,0.856133186299882,1
review-22f7bb9e3da427de,msg-6f925e06a88f8d1cfd58,smishing,risky_request_visible,a_risky_request_visible,42,2,development_readout,C,0.39438303074510483,0
review-23e4e9eb29dd8f93,msg-22e08f4c05ba067b383e,normal,ordinary_notice_or_conversation_possible,a_not_risky_request_visible,42,2,development_readout,C,0.2303206001523871,0
review-25104a7eec1f7831,msg-f98da8116216cda9e3fe,smishing,risky_request_visible,a_risky_request_visible,42,0,development_readout,C,0.8032606968061217,1
review-256d1c0f349382b5,msg-b0438b6ad1731edd6ad6,normal,ordinary_notice_or_conversation_possible,a_not_risky_request_visible,42,2,development_readout,C,0.1383912898070163,0
review-2579df062aafc741,msg-fa2ff4bb2e3dd2a0cead,smishing,risky_request_visible,a_risky_request_visible,42,0,development_readout,C,0.5282581653631451,0
review-25ec7d62ea3d7444,msg-7f85a9711cbc0aa393d6,smishing,risky_request_visible,a_risky_request_visible,42,2,development_readout,C,0.1887259808695299,0
review-260a39866b3feb51,msg-81198fc0b9b05d10f4d1,normal,ordinary_notice_or_conversation_possible,a_not_risky_request_visible,42,0,development_readout,C,0.10108112436817862,0
review-270f57eba07d36f4,msg-aa1ffdd49e000415678a,smishing,risky_request_visible,a_risky_request_visible,42,1,development_readout,C,0.7338612802316159,1
review-27c93b924b9803a0,msg-18949d0a510e2e71cd5c,smishing,risky_request_visible,a_risky_request_visible,42,0,development_readout,C,0.8581180315148983,1
review-2ba16080ec46773d,msg-24c361e6f72073321220,normal,ordinary_notice_or_conversation_possible,a_not_risky_request_visible,42,1,development_readout,C,0.07696009032931517,0
review-2d707fce0fb4702c,msg-e94fec8af385dc5ff556,normal,ordinary_notice_or_conversation_possible,a_not_risky_request_visible,42,2,development_readout,C,0.14390794635319923,0
review-2dcd34cb42910200,msg-97b2b6ee95ed7d920877,smishing,risky_request_visible,a_risky_request_visible,42,1,development_readout,C,0.6317838203258362,1
review-2dd7b92c08e4f5c4,msg-42c7b3575f8a9da0d8d1,normal,promotion_without_clear_scam_request,a_not_risky_request_visible,42,2,development_readout,C,0.1000380859884416,0
review-2f31bd2c29ca07dd,msg-4301d7c49f5367242765,normal,ordinary_notice_or_conversation_possible,a_not_risky_request_visible,42,2,development_readout,C,0.10287063986977175,0
review-31a75727a167d60d,msg-f9061a931aba0d307ce6,smishing,risky_request_visible,a_risky_request_visible,42,1,development_readout,C,0.660851203438438,1
review-326317e54a445bed,msg-df3f29c9891147e7f846,smishing,risky_request_visible,a_risky_request_visible,42,1,development_readout,C,0.9699451539101143,1
review-3398cc98a1b87648,msg-e33a5ed03522052013db,smishing,risky_request_visible,a_risky_request_visible,42,0,development_readout,C,0.7531127360430271,1
review-3423b715646fd583,msg-65bffe175e1d5b55382e,smishing,risky_request_visible,a_risky_request_visible,42,2,development_readout,C,0.9568052579711445,1
review-344682f2618ba8f9,msg-e5b4405ee48a541eecc0,normal,promotion_without_clear_scam_request,a_not_risky_request_visible,42,0,development_readout,C,0.23302389899781117,0
review-34c4c16cb5ea9aaf,msg-62610653bf85e35feeff,smishing,risky_request_visible,a_risky_request_visible,42,0,development_readout,C,0.9401432648103653,1
review-364329807a65a090,msg-0be5e1e2bd038f3a1a24,smishing,risky_request_visible,a_risky_request_visible,42,0,development_readout,C,0.5712761230170683,1
review-370202b258208735,msg-fc0286653fb100798da2,smishing,risky_request_visible,a_risky_request_visible,42,2,development_readout,C,0.5042343179696731,1
review-37962ff6cab628b9,msg-f745187c052997452a1e,smishing,risky_request_visible,a_risky_request_visible,42,0,development_readout,C,0.7703576058654616,1
review-37bb8af10a6775e3,msg-c1aa2ee82e014406c58e,smishing,insufficient_context,a_not_risky_request_visible,42,0,development_readout,C,0.5920520111319193,1
review-37c64855b20334c3,msg-000be99f5f9d9c3967c4,normal,insufficient_context,a_not_risky_request_visible,42,2,development_readout,C,0.10363630679557294,0
review-383246308e1d9552,msg-2536b5c581cb3fe10fe2,normal,risky_request_visible,a_risky_request_visible,42,1,development_readout,C,0.10433267315749033,0
review-39e0fa05577bfbae,msg-551d213c037c9c6eab04,smishing,risky_request_visible,a_risky_request_visible,42,0,development_readout,C,0.9450107846528047,1
review-3a343dbd60efe3c5,msg-e91ad896bc07a339c9ae,normal,promotion_without_clear_scam_request,a_not_risky_request_visible,42,0,development_readout,C,0.11401788152215038,0
review-3a3a0c9003eb78d2,msg-9b70e92fb8b03ad7c610,normal,ordinary_notice_or_conversation_possible,a_not_risky_request_visible,42,0,development_readout,C,0.2850076617737404,0
review-3b5a82f01656ae5e,msg-4c9bb8aab19cd59ba6b7,normal,promotion_without_clear_scam_request,a_not_risky_request_visible,42,0,development_readout,C,0.08048365890611252,0
review-3c542b2889f7ee41,msg-ab4e24de8042cbea05d6,smishing,risky_request_visible,a_risky_request_visible,42,2,development_readout,C,0.9561078406745049,1
review-3c6ae33a89ac17a5,msg-c098e4b7c32dc66b6582,smishing,risky_request_visible,a_risky_request_visible,42,0,development_readout,C,0.932760946744446,1
review-3ec3c8e07bb7e369,msg-f5bfb9971a76c287fdd5,normal,promotion_without_clear_scam_request,a_not_risky_request_visible,42,1,development_readout,C,0.14886823683073655,0
review-3f1aad6856711dea,msg-d3a618b40117b1875806,normal,ordinary_notice_or_conversation_possible,a_not_risky_request_visible,42,1,development_readout,C,0.08291888586099574,0
review-40617332c72b6a65,msg-75bccb25272a125ae624,smishing,risky_request_visible,a_risky_request_visible,42,0,development_readout,C,0.8497280083614375,1
review-40eb85d72dbb3fa3,msg-4273962397b78faae1de,smishing,risky_request_visible,a_risky_request_visible,42,2,development_readout,C,0.9092657175515063,1
review-40f65d491fbb6c91,msg-29618cee18396e8a8e81,smishing,risky_request_visible,a_risky_request_visible,42,0,development_readout,C,0.7350554450455371,1
review-417d1a94491a5069,msg-a24654d3ad544c08124e,normal,promotion_without_clear_scam_request,a_not_risky_request_visible,42,0,development_readout,C,0.09628321591533728,0
review-419f917f2243e05b,msg-f80f31e80e69da69dd6c,normal,promotion_without_clear_scam_request,a_not_risky_request_visible,42,1,development_readout,C,0.09552966300807189,0
review-41e7242cf53f7aec,msg-414effb98a09982ec13d,normal,promotion_without_clear_scam_request,a_not_risky_request_visible,42,0,development_readout,C,0.15391808204242632,0
review-44d5803b821bc077,msg-382f83f816817c259074,smishing,risky_request_visible,a_risky_request_visible,42,1,development_readout,C,0.7388215537232646,1
review-4532712bae1263a4,msg-f2d213d6e51419f0c0c3,smishing,risky_request_visible,a_risky_request_visible,42,0,development_readout,C,0.9337616332168857,1
review-46f3555593434e8a,msg-ef6fd44a32790af20571,smishing,risky_request_visible,a_risky_request_visible,42,2,development_readout,C,0.9545391337098651,1
review-47389333283368dc,msg-32e17f91821e085e067c,smishing,risky_request_visible,a_risky_request_visible,42,2,development_readout,C,0.8525161513684193,1
review-48f7182245c9e551,msg-a52c445339e75c5638c4,smishing,ordinary_notice_or_conversation_possible,a_not_risky_request_visible,42,0,development_readout,C,0.44409632935529286,0
review-49db2f3969f4dab7,msg-d9f951c82ea54b25ac30,normal,promotion_without_clear_scam_request,a_not_risky_request_visible,42,1,development_readout,C,0.14554269057194,0
review-4a4a9ac934622b9e,msg-77e7ed6fee4ff6e6b3c0,normal,ordinary_notice_or_conversation_possible,a_not_risky_request_visible,42,2,development_readout,C,0.6020116626510235,1
review-4aafcfede478ed2e,msg-42b716ae90c55a680465,smishing,risky_request_visible,a_risky_request_visible,42,0,development_readout,C,0.8219884044060584,1
review-4b0f3b3c6f3029e0,msg-095a369060c7ff33c341,smishing,risky_request_visible,a_risky_request_visible,42,2,development_readout,C,0.9096256447165514,1
review-4bb32c9d9587eb5b,msg-32a5ea1e4acbac97b230,smishing,risky_request_visible,a_risky_request_visible,42,0,development_readout,C,0.5894477016539064,1
review-4bc7fe6f6685e5b0,msg-6a306e2d77b134423cff,smishing,risky_request_visible,a_risky_request_visible,42,0,development_readout,C,0.2528322871721526,0
review-4be490099efed608,msg-1ba73bfe47e950778408,smishing,risky_request_visible,a_risky_request_visible,42,1,development_readout,C,0.814622316893884,1
review-4c45e2acc43cd09c,msg-240d23c05338edc37d89,smishing,risky_request_visible,a_risky_request_visible,42,0,development_readout,C,0.9442220887883335,1
review-4c7db89388133c66,msg-b366110e17c486b16b15,normal,ordinary_notice_or_conversation_possible,a_not_risky_request_visible,42,0,development_readout,C,0.15707707834699017,0
review-4cbabc8906c81322,msg-0ed0bfb82462e09cd15a,smishing,risky_request_visible,a_risky_request_visible,42,2,development_readout,C,0.9057953045009022,1
review-4db7bde369258db0,msg-6dd03ec5f1c618ada2c5,smishing,risky_request_visible,a_risky_request_visible,42,2,development_readout,C,0.627281851890536,1
review-4dee15ae26647c57,msg-12bf543cc6f8c5b10b0a,normal,ordinary_notice_or_conversation_possible,a_not_risky_request_visible,42,1,development_readout,C,0.14565746543992442,0
review-50913d75a97def28,msg-59fc050be5af6ecad8a5,smishing,risky_request_visible,a_risky_request_visible,42,2,development_readout,C,0.6174271022961532,1
review-50eaadd4d0f17b7f,msg-7ebb94a273063e6a25f7,normal,ordinary_notice_or_conversation_possible,a_not_risky_request_visible,42,2,development_readout,C,0.12770277789572287,0
review-5192f26c12526af0,msg-46cf015971a39796118d,normal,risky_request_visible,a_risky_request_visible,42,1,development_readout,C,0.3933343210557781,0
review-5201c5937ee64b08,msg-bb5a4640eee306e11287,smishing,risky_request_visible,a_risky_request_visible,42,1,development_readout,C,0.6913148273021176,1
review-53c35a92e8d9dc2a,msg-d521b3868f2aa0b03976,normal,ordinary_notice_or_conversation_possible,a_not_risky_request_visible,42,0,development_readout,C,0.38517232023288933,0
review-53cc92ecebb430c9,msg-e602e76abd3350bfd137,normal,ordinary_notice_or_conversation_possible,a_not_risky_request_visible,42,1,development_readout,C,0.13252260095613833,0
review-543aeb75302230e1,msg-7e2ff44dc281462ddd2c,normal,ordinary_notice_or_conversation_possible,a_not_risky_request_visible,42,2,development_readout,C,0.09508694683640276,0
review-545d35ba143011e5,msg-fe80fc54d234587af050,normal,ordinary_notice_or_conversation_possible,a_not_risky_request_visible,42,2,development_readout,C,0.10934395264615723,0
review-5582aae305ae4193,msg-50997c3a965c36ff8cbc,normal,promotion_without_clear_scam_request,a_not_risky_request_visible,42,2,development_readout,C,0.167099463357527,0
review-55839cdd8c1c65c6,msg-7bc3eb6f8e2897ba9d73,normal,promotion_without_clear_scam_request,a_not_risky_request_visible,42,2,development_readout,C,0.11523814190397272,0
review-56f61182338ec612,msg-791874081029523d4d1d,smishing,risky_request_visible,a_risky_request_visible,42,1,development_readout,C,0.6506065924489046,1
review-572c07846f21e2ba,msg-5c8a3583b29803350025,normal,ordinary_notice_or_conversation_possible,a_not_risky_request_visible,42,1,development_readout,C,0.0735183458730057,0
review-573127865357f88a,msg-6f84d9cc313db045b133,normal,ordinary_notice_or_conversation_possible,a_not_risky_request_visible,42,2,development_readout,C,0.0968282446640787,0
review-5784e41a45931326,msg-f2c24a6dc6cb602f2b03,smishing,risky_request_visible,a_risky_request_visible,42,1,development_readout,C,0.36605514130432415,0
review-591262c8bdf0034a,msg-1cfca21a07370919433a,smishing,ordinary_notice_or_conversation_possible,a_not_risky_request_visible,42,1,development_readout,C,0.38928747085511045,0
review-5915bce9f0ed137d,msg-e395baa51463221daebc,normal,insufficient_context,a_not_risky_request_visible,42,1,development_readout,C,0.19312045705327707,0
review-5a021883af9f96ea,msg-156bbfc36ff5805e450a,normal,promotion_without_clear_scam_request,a_not_risky_request_visible,42,2,development_readout,C,0.12885422144376615,0
review-5a7aed2fa9914ccd,msg-c51a29b00765bbce70ab,normal,ordinary_notice_or_conversation_possible,a_not_risky_request_visible,42,0,development_readout,C,0.24261975729237206,0
review-5a9261ed8c81a5c6,msg-dda62389e8fe6499fde9,normal,ordinary_notice_or_conversation_possible,a_not_risky_request_visible,42,1,development_readout,C,0.09388649295565313,0
review-5bd99d54544ce7e3,msg-9517e9c73490ca66a042,normal,promotion_without_clear_scam_request,a_not_risky_request_visible,42,1,development_readout,C,0.30089346823924207,0
review-5cdeba2735509611,msg-ae080cc622858f685d5a,smishing,risky_request_visible,a_risky_request_visible,42,0,development_readout,C,0.9066958116108023,1
review-5d4e3193863f1946,msg-02ba53db573bb7d15551,smishing,risky_request_visible,a_risky_request_visible,42,0,development_readout,C,0.8496435238267313,1
review-5fad6c92922b1924,msg-d7ae6177f242cd43abef,normal,insufficient_context,a_not_risky_request_visible,42,1,development_readout,C,0.1745416882305583,0
review-613647025d825449,msg-c2dbf3f9ef08a79aafdb,normal,ordinary_notice_or_conversation_possible,a_not_risky_request_visible,42,1,development_readout,C,0.1648889334320548,0
review-6260263e3bc9f334,msg-549f98d3604f2acece98,smishing,risky_request_visible,a_risky_request_visible,42,0,development_readout,C,0.9438025572834281,1
review-63ea5eac0fdbfe2f,msg-f9613a09341e642b64ae,smishing,risky_request_visible,a_risky_request_visible,42,0,development_readout,C,0.9436430881994168,1
review-6521774e33af014d,msg-9b1f08af6e0ef529c373,normal,ordinary_notice_or_conversation_possible,a_not_risky_request_visible,42,0,development_readout,C,0.21699107794387437,0
review-65c507e4203143d6,msg-fa95489fe7c0dfeb2251,smishing,risky_request_visible,a_risky_request_visible,42,1,development_readout,C,0.8315992304175954,1
review-65fde99e6e05f377,msg-4cb8c149ce6f9aed0469,smishing,risky_request_visible,a_risky_request_visible,42,0,development_readout,C,0.8419436886636216,1
review-6925d1d5c92f5e6d,msg-44953d9e4eb6da25905d,normal,ordinary_notice_or_conversation_possible,a_not_risky_request_visible,42,0,development_readout,C,0.2835515965121906,0
review-6a3da5bb1cbb35c3,msg-c4c6b04cd9f64fdb2a1a,smishing,risky_request_visible,a_risky_request_visible,42,1,development_readout,C,0.4963889357048291,0
review-6ae02f39f51553d5,msg-6ea3d783002f06a87f20,smishing,risky_request_visible,a_risky_request_visible,42,2,development_readout,C,0.7853757954224277,1
review-6f695f49e7ab13e0,msg-8356b29b26dab4a93304,normal,ordinary_notice_or_conversation_possible,a_not_risky_request_visible,42,0,development_readout,C,0.31434136446881605,0
review-722fa17d1953465a,msg-b3fb5a0a6aea14d37b31,smishing,risky_request_visible,a_risky_request_visible,42,0,development_readout,C,0.9419625709647016,1
review-737f8fd0571ce3c6,msg-c41cc6431e9d998e3d0b,smishing,insufficient_context,a_not_risky_request_visible,42,0,development_readout,C,0.6043147873420385,1
review-747ccc19ddd0a65f,msg-2b77caba18e48a22b597,normal,ordinary_notice_or_conversation_possible,a_not_risky_request_visible,42,2,development_readout,C,0.16517281773530174,0
review-7494a9906bb71039,msg-6f6bbab188df73ce6c08,normal,promotion_without_clear_scam_request,a_not_risky_request_visible,42,1,development_readout,C,0.2109167128773535,0
review-75ab06f0d698d679,msg-f273e56e9277fab3062d,smishing,risky_request_visible,a_risky_request_visible,42,0,development_readout,C,0.4699098300421505,0
review-75f8aea8c65c0cb2,msg-944b6913babee30e1aa4,smishing,risky_request_visible,a_risky_request_visible,42,2,development_readout,C,0.9161432369368094,1
review-76f98d8733690feb,msg-34b43fdf59308e46e47d,normal,risky_request_visible,a_risky_request_visible,42,2,development_readout,C,0.15499100099942228,0
review-77b394cbe6e1dc4b,msg-168706cc9aaa2ee44f65,normal,ordinary_notice_or_conversation_possible,a_not_risky_request_visible,42,1,development_readout,C,0.362246772627666,0
review-787b7c042622aae0,msg-b3943f3bacab6f799477,normal,promotion_without_clear_scam_request,a_not_risky_request_visible,42,1,development_readout,C,0.09588265683143334,0
review-790151d3979b5cf2,msg-05a81159578289c50343,normal,ordinary_notice_or_conversation_possible,a_not_risky_request_visible,42,2,development_readout,C,0.07536553183927437,0
review-7aed3e349c71aa1c,msg-93087cebe3aa7340ffc8,smishing,risky_request_visible,a_risky_request_visible,42,0,development_readout,C,0.7764620900288532,1
review-7bc2e45e3ffc6c78,msg-b62543444f94f00ab76a,normal,ordinary_notice_or_conversation_possible,a_not_risky_request_visible,42,0,development_readout,C,0.15164443744328707,0
review-7c0605262829dbc3,msg-c35aa37c11bf43b745cb,smishing,risky_request_visible,a_risky_request_visible,42,0,development_readout,C,0.9441989192734301,1
review-7d4271562f20ae7d,msg-0f3c1de813a299c535f9,normal,promotion_without_clear_scam_request,a_not_risky_request_visible,42,2,development_readout,C,0.16696511580159634,0
review-7d723e9bf1b824f5,msg-87a76d50e35b48e41218,smishing,risky_request_visible,a_risky_request_visible,42,1,development_readout,C,0.5308293604648708,1
review-7e4208c3a8d81d5e,msg-51e93ba561b9d389f5a6,normal,ordinary_notice_or_conversation_possible,a_not_risky_request_visible,42,2,development_readout,C,0.2262976305835866,0
review-80c5a8d505a86e25,msg-0d11f1b2d5dd7fb1934a,normal,ordinary_notice_or_conversation_possible,a_not_risky_request_visible,42,2,development_readout,C,0.12467654016606866,0
review-833c087c0ab5f903,msg-9fd68b8a09c8f103465e,smishing,insufficient_context,a_not_risky_request_visible,42,1,development_readout,C,0.6153456369259437,1
review-8408e233d5c05195,msg-61e1958480c0e2e496e5,normal,ordinary_notice_or_conversation_possible,a_not_risky_request_visible,42,2,development_readout,C,0.09770610647251719,0
review-869ed6a92825209e,msg-ebf36f8049d0506e786b,smishing,risky_request_visible,a_risky_request_visible,42,2,development_readout,C,0.49901759888429187,1
review-87280a48b9739e82,msg-a277748568204738c928,smishing,risky_request_visible,a_risky_request_visible,42,2,development_readout,C,0.5700243741120916,1
review-87fb862754461a9e,msg-0d54c7b740e366837504,normal,promotion_without_clear_scam_request,a_not_risky_request_visible,42,1,development_readout,C,0.05522108563069888,0
review-8858113ca39c4a08,msg-8e807a0816ba58157c7b,smishing,risky_request_visible,a_risky_request_visible,42,1,development_readout,C,0.8238864085261661,1
review-8a9a3331b5fa55b8,msg-c77a2ab7f5ebcb835ce1,normal,ordinary_notice_or_conversation_possible,a_not_risky_request_visible,42,0,development_readout,C,0.35671108435107574,0
review-8b051b87b72136a4,msg-8a4662fd944d66f460fd,smishing,risky_request_visible,a_risky_request_visible,42,2,development_readout,C,0.5194403807076576,1
review-8c9379e6d07693b9,msg-be03c5915bdd7e2e4314,smishing,risky_request_visible,a_risky_request_visible,42,2,development_readout,C,0.16038619256768977,0
review-8e3e294dce3f381b,msg-5d0a2376083daf8a9bde,normal,ordinary_notice_or_conversation_possible,a_not_risky_request_visible,42,2,development_readout,C,0.10314627342504104,0
review-8f7e5118fc4a9d93,msg-54a310f893f9630cdab4,smishing,risky_request_visible,a_risky_request_visible,42,2,development_readout,C,0.9264397147721115,1
review-901aa5f6d890357c,msg-74012a11f8d7a0e2cbd2,smishing,risky_request_visible,a_risky_request_visible,42,2,development_readout,C,0.9192747501727155,1
review-92026380db179cfa,msg-11b3b10960d7a9f4d101,smishing,risky_request_visible,a_risky_request_visible,42,1,development_readout,C,0.6453323095914069,1
review-92a8bdc500ce598c,msg-b0731c666ab671570088,smishing,risky_request_visible,a_risky_request_visible,42,0,development_readout,C,0.9081159282261505,1
review-936c9b094a62d464,msg-c8e57aa3882734555677,normal,ordinary_notice_or_conversation_possible,a_not_risky_request_visible,42,0,development_readout,C,0.10346216378485157,0
review-93d84a89e42aa2d2,msg-08ce7d2baeca7acc8b65,smishing,risky_request_visible,a_risky_request_visible,42,0,development_readout,C,0.7914697984195185,1
review-93f251b7f415320e,msg-25125973e3120d610fce,smishing,risky_request_visible,a_risky_request_visible,42,0,development_readout,C,0.9158710513613133,1
review-94b8ffc8b0784e28,msg-75d8feb50109f84a12cc,normal,ordinary_notice_or_conversation_possible,a_not_risky_request_visible,42,1,development_readout,C,0.08432855641591705,0
review-95b51a345d37bf9b,msg-1c7e06763517aa4b43bf,smishing,risky_request_visible,a_risky_request_visible,42,2,development_readout,C,0.44962652705875994,0
review-95c15e2125e8158e,msg-0afc2595ae8ed75b8bb8,smishing,risky_request_visible,a_risky_request_visible,42,1,development_readout,C,0.7025830355614197,1
review-962656fa6b00f587,msg-cce4c00da9a7d9f77c32,normal,promotion_without_clear_scam_request,a_not_risky_request_visible,42,1,development_readout,C,0.13807269738781938,0
review-96be0a4e61349470,msg-04b55107c00ee5b070d9,smishing,risky_request_visible,a_risky_request_visible,42,1,development_readout,C,0.8202697007649531,1
review-9762bd209b88d2ac,msg-891bb14bf560270521ca,smishing,risky_request_visible,a_risky_request_visible,42,1,development_readout,C,0.8626210328965409,1
review-9827872ee45caecd,msg-6632bfd7a0b259199dcf,smishing,risky_request_visible,a_risky_request_visible,42,0,development_readout,C,0.8415301305481905,1
review-982aea7aee2bfd5b,msg-3189e01199a2f10ad163,smishing,risky_request_visible,a_risky_request_visible,42,0,development_readout,C,0.9176409352907844,1
review-9833d3f3d2c07833,msg-d787f40cfc7dbbe6778f,smishing,risky_request_visible,a_risky_request_visible,42,1,development_readout,C,0.7596276855613588,1
review-98f41617c328173b,msg-c51643d14946078e7d57,smishing,risky_request_visible,a_risky_request_visible,42,0,development_readout,C,0.9221777101972941,1
review-9955e43648119f93,msg-c9f03e64293fb8bae46b,smishing,risky_request_visible,a_risky_request_visible,42,0,development_readout,C,0.7035876086555832,1
review-9a4ea6655a8a5a4f,msg-df3170271394537db9ca,normal,promotion_without_clear_scam_request,a_not_risky_request_visible,42,0,development_readout,C,0.23518602512494058,0
review-9a6d46e3500865e5,msg-db804cd0d3465516e4ad,smishing,risky_request_visible,a_risky_request_visible,42,2,development_readout,C,0.8072795651736706,1
review-9c83743cb64ceb5e,msg-dc4ff0d2d722a2c6cbac,normal,ordinary_notice_or_conversation_possible,a_not_risky_request_visible,42,1,development_readout,C,0.20707853664536077,0
review-9d4c0bc5bb2de352,msg-7f6ef3389d8815ed454b,smishing,risky_request_visible,a_risky_request_visible,42,2,development_readout,C,0.7380299533698069,1
review-9db42b53975f21ce,msg-d44b95e16930e223469c,normal,promotion_without_clear_scam_request,a_not_risky_request_visible,42,0,development_readout,C,0.1995058805679826,0
review-9dcbf9222596e8de,msg-142bb92fb41d9cbcef5f,normal,ordinary_notice_or_conversation_possible,a_not_risky_request_visible,42,2,development_readout,C,0.42569382258559996,0
review-9e59560a7b1c6aa2,msg-32ce2bf355f633f0fee5,smishing,promotion_without_clear_scam_request,a_not_risky_request_visible,42,0,development_readout,C,0.32495348504704924,0
review-9e77e04ddb3e3ff6,msg-374fc9d1a57bc673b881,smishing,risky_request_visible,a_risky_request_visible,42,1,development_readout,C,0.9123132057833707,1
review-a1325d40440edcad,msg-b68194dccdbc6eeaa462,normal,ordinary_notice_or_conversation_possible,a_not_risky_request_visible,42,0,development_readout,C,0.10423673266729812,0
review-a17319837ff0f25f,msg-3c260868d8790e3220b2,smishing,risky_request_visible,a_risky_request_visible,42,0,development_readout,C,0.9093244487545149,1
review-a1b685810c820047,msg-46ca64892a1c3e660136,smishing,risky_request_visible,a_risky_request_visible,42,2,development_readout,C,0.9548216540437037,1
review-a3348ee784bf419a,msg-ff64a4e11508a5dc7000,smishing,risky_request_visible,a_risky_request_visible,42,1,development_readout,C,0.9198744761280175,1
review-a884f7c925b47633,msg-0d319b74ea12c910e557,smishing,risky_request_visible,a_risky_request_visible,42,0,development_readout,C,0.7657355417539229,1
review-a966f0861f64ccf4,msg-730ac32bb52515f362b7,smishing,risky_request_visible,a_risky_request_visible,42,2,development_readout,C,0.4855788674935773,1
review-aa0341109ceb1209,msg-46a9686cf4e9faeb9042,normal,ordinary_notice_or_conversation_possible,a_not_risky_request_visible,42,0,development_readout,C,0.15514815904542126,0
review-ac307e4a1651f014,msg-5dce72e90a11834ff054,smishing,risky_request_visible,a_risky_request_visible,42,0,development_readout,C,0.1888561294582647,0
review-acfda6dedbd0ac44,msg-7a9e8cba7f71a7789866,normal,ordinary_notice_or_conversation_possible,a_not_risky_request_visible,42,2,development_readout,C,0.15720764650724806,0
review-add578e780e46b65,msg-219e4e28472310285851,normal,promotion_without_clear_scam_request,a_not_risky_request_visible,42,2,development_readout,C,0.168620586679679,0
review-b1951ff1f4366cb0,msg-cced4520ab46379e15a2,normal,ordinary_notice_or_conversation_possible,a_not_risky_request_visible,42,2,development_readout,C,0.07614711096676573,0
review-b31a9429969a49d0,msg-462e7df5be571e9dec5d,normal,ordinary_notice_or_conversation_possible,a_not_risky_request_visible,42,0,development_readout,C,0.16954828491664473,0
review-b354a4224eb298ed,msg-03c2102e41eb110e0262,smishing,risky_request_visible,a_risky_request_visible,42,2,development_readout,C,0.8249244064140145,1
review-b4838689e702ca9d,msg-fd7536693be17ff11e66,normal,ordinary_notice_or_conversation_possible,a_not_risky_request_visible,42,2,development_readout,C,0.10214053244626961,0
review-b4f3af03fab1d1b9,msg-ca0bba4719e18ebdea2c,smishing,risky_request_visible,a_risky_request_visible,42,1,development_readout,C,0.44734910771353903,0
review-b7a4aa1c4b4f5a68,msg-ea43ef2af5abd7033448,normal,insufficient_context,a_not_risky_request_visible,42,0,development_readout,C,0.2577065379765361,0
review-b853cb37dc6b6e11,msg-51ae98811a8fd7ee3107,normal,ordinary_notice_or_conversation_possible,a_not_risky_request_visible,42,1,development_readout,C,0.1230223264906169,0
review-b8b4a371ec215d7c,msg-6ad7fc559a70473d3c43,normal,ordinary_notice_or_conversation_possible,a_not_risky_request_visible,42,0,development_readout,C,0.35740581672987504,0
review-baf06dfd954e1b3a,msg-2e3856be0b06e36d853e,smishing,risky_request_visible,a_risky_request_visible,42,2,development_readout,C,0.9225512062827882,1
review-bb5f23238e492978,msg-ae0b87b215621f5e8471,smishing,risky_request_visible,a_risky_request_visible,42,0,development_readout,C,0.9041551049821202,1
review-bb9c36d01d5155e0,msg-5af06b6771a844fe1037,smishing,risky_request_visible,a_risky_request_visible,42,2,development_readout,C,0.6571509077109807,1
review-bc58d3e0a50d9226,msg-14251aa27469f753be0a,normal,ordinary_notice_or_conversation_possible,a_not_risky_request_visible,42,2,development_readout,C,0.16862967452128844,0
review-bc64860bdda53d26,msg-fe8267c63ab4ef9ceaa5,normal,ordinary_notice_or_conversation_possible,a_not_risky_request_visible,42,2,development_readout,C,0.05532428970215335,0
review-bcc4f27e08342914,msg-8da1861e43112a887a4b,smishing,risky_request_visible,a_risky_request_visible,42,2,development_readout,C,0.7994698159393164,1
review-bcc86610acb0f9ff,msg-6c850b57daa695a2a5bf,smishing,insufficient_context,a_not_risky_request_visible,42,1,development_readout,C,0.1551686563503293,0
review-be260e01d39a8550,msg-bbb84b4c518d7fb445cd,smishing,risky_request_visible,a_risky_request_visible,42,1,development_readout,C,0.9654219652492702,1
review-bef01b9f140416fa,msg-538e9bd6dde7a1aba023,normal,promotion_without_clear_scam_request,a_not_risky_request_visible,42,2,development_readout,C,0.2524222808434753,0
review-bf29414211fedb11,msg-c484e73c51ddf79b7f8b,smishing,risky_request_visible,a_risky_request_visible,42,0,development_readout,C,0.9385369437702064,1
review-bf5fe000a4a8d9d5,msg-bcaba0c0cd46c0149e2b,smishing,risky_request_visible,a_risky_request_visible,42,0,development_readout,C,0.24382377315021106,0
review-bfec2c5d687b5e5a,msg-171c4288e43e466f5427,normal,ordinary_notice_or_conversation_possible,a_not_risky_request_visible,42,2,development_readout,C,0.3314408667539386,0
review-c0dec81b7dec22c5,msg-36f813c46481d09c7f14,normal,ordinary_notice_or_conversation_possible,a_not_risky_request_visible,42,2,development_readout,C,0.3136144070329094,0
review-c1f9d74965cc6d56,msg-9f008694d2e9f838eeaa,smishing,risky_request_visible,a_risky_request_visible,42,2,development_readout,C,0.7681606421897114,1
review-c20d5a744e2d1992,msg-08bbc870048b82597982,normal,ordinary_notice_or_conversation_possible,a_not_risky_request_visible,42,2,development_readout,C,0.10527602104946068,0
review-c279584d5ab81989,msg-ac699df7f9a7b4400d68,smishing,risky_request_visible,a_risky_request_visible,42,0,development_readout,C,0.7783643108727111,1
review-c3157c09e695c3c5,msg-f0a3f2387d520f4943e1,normal,promotion_without_clear_scam_request,a_not_risky_request_visible,42,1,development_readout,C,0.18556368200621562,0
review-c4368025a0827097,msg-115656ab7419963f3ec4,normal,ordinary_notice_or_conversation_possible,a_not_risky_request_visible,42,1,development_readout,C,0.22743779616075982,0
review-c58fb60504f6d9d8,msg-fb1d46a056dbeb985081,smishing,risky_request_visible,a_risky_request_visible,42,0,development_readout,C,0.4444675476056937,0
review-c68883cf7ada6886,msg-e8325082747f144e0b1f,smishing,risky_request_visible,a_risky_request_visible,42,0,development_readout,C,0.6090846684150284,1
review-c882bcd351e72aee,msg-30a50896aabbd5f717a5,smishing,risky_request_visible,a_risky_request_visible,42,0,development_readout,C,0.9455155801966437,1
review-c964452f27eede18,msg-8cc13371612bd1cf432c,smishing,insufficient_context,a_not_risky_request_visible,42,1,development_readout,C,0.33399417204882864,0
review-c9bef77585bdd4e8,msg-2dbc56f9e20b89a67a13,smishing,risky_request_visible,a_risky_request_visible,42,0,development_readout,C,0.4453644076499419,0
review-c9eb20ef749cdb80,msg-96057ba4137a67242859,normal,promotion_without_clear_scam_request,a_not_risky_request_visible,42,0,development_readout,C,0.16295220149135842,0
review-ca1c52eb5a9e5a56,msg-383f97042ca6b0129236,normal,ordinary_notice_or_conversation_possible,a_not_risky_request_visible,42,1,development_readout,C,0.06321382854251523,0
review-ca722d1baa37caa6,msg-640a5ef11bb22eeb3dbc,smishing,risky_request_visible,a_risky_request_visible,42,2,development_readout,C,0.9556061871263679,1
review-cb32573abbb83f9f,msg-26e314f88d0d3eaafbd6,smishing,risky_request_visible,a_risky_request_visible,42,2,development_readout,C,0.9578427439309427,1
review-cd10401423c3d046,msg-90e4dfdb43017952dbb4,normal,ordinary_notice_or_conversation_possible,a_not_risky_request_visible,42,0,development_readout,C,0.08395880716851993,0
review-ce1c5319370b9470,msg-ae8747db917382e06db2,smishing,risky_request_visible,a_risky_request_visible,42,1,development_readout,C,0.5003327271482143,0
review-cf59c2e5933f9fa2,msg-43d155d969d978189fb2,smishing,risky_request_visible,a_risky_request_visible,42,0,development_readout,C,0.8291006855717025,1
review-cf827f0ca2b4b9a5,msg-4e0bd498f47b89599ea6,smishing,risky_request_visible,a_risky_request_visible,42,0,development_readout,C,0.39038262282748265,0
review-cfc0b12d1183e034,msg-a382e8e19124dfbd1cd5,normal,ordinary_notice_or_conversation_possible,a_not_risky_request_visible,42,0,development_readout,C,0.3319825809743446,0
review-cfc80bc1541032df,msg-a1d665898cb5cf4eee06,smishing,risky_request_visible,a_risky_request_visible,42,0,development_readout,C,0.9470084557783288,1
review-d09099c6189f497b,msg-255cba56e8f9f375b954,smishing,risky_request_visible,a_risky_request_visible,42,1,development_readout,C,0.5590474082506947,1
review-d14a67c8f86c82a4,msg-f96269b2a48486c1fd45,normal,ordinary_notice_or_conversation_possible,a_not_risky_request_visible,42,1,development_readout,C,0.14139159562928208,0
review-d1b2ce556231d1b9,msg-1a13d7e1a0a296d7e9ac,normal,promotion_without_clear_scam_request,a_not_risky_request_visible,42,2,development_readout,C,0.18100066341834822,0
review-d1df54b7c0853995,msg-a19d969edbd3e4c563b7,normal,promotion_without_clear_scam_request,a_not_risky_request_visible,42,0,development_readout,C,0.08761991348637199,0
review-d27b1f741c6ce442,msg-d3e25a130f49e24fec59,normal,ordinary_notice_or_conversation_possible,a_not_risky_request_visible,42,2,development_readout,C,0.09511395730357368,0
review-d29c44ff7ec787ac,msg-18c2c8f93f103cd63104,normal,promotion_without_clear_scam_request,a_not_risky_request_visible,42,1,development_readout,C,0.21711058159483118,0
review-d33ca86cba802688,msg-e2900c16a353e5f15c43,smishing,risky_request_visible,a_risky_request_visible,42,1,development_readout,C,0.7676771945050506,1
review-d51a67f2e9911b52,msg-9412881b9906d37a2304,normal,ordinary_notice_or_conversation_possible,a_not_risky_request_visible,42,1,development_readout,C,0.09252695774562765,0
review-d6c4551ca894cc5c,msg-bbab9487a685ac85d931,smishing,risky_request_visible,a_risky_request_visible,42,0,development_readout,C,0.904153999707409,1
review-d7e6ea82c0cbb7e9,msg-89bb289b1bdb8f41022f,normal,ordinary_notice_or_conversation_possible,a_not_risky_request_visible,42,1,development_readout,C,0.09684395978398802,0
review-d86e9dceafb57f52,msg-b1cc1dadab2abab75849,smishing,risky_request_visible,a_risky_request_visible,42,1,development_readout,C,0.8075308606480008,1
review-d870679fd6d01453,msg-7e320859ea45595a0398,smishing,promotion_without_clear_scam_request,a_not_risky_request_visible,42,0,development_readout,C,0.6854250663428793,1
review-d927fc30b0eb9634,msg-1af26a10b08f45f41fde,smishing,risky_request_visible,a_risky_request_visible,42,1,development_readout,C,0.4467616186956277,0
review-da5d8fa9864e211c,msg-65f4a5c0b197a96bdac3,normal,ordinary_notice_or_conversation_possible,a_not_risky_request_visible,42,0,development_readout,C,0.09279174035422114,0
review-db2e98df10b7ea70,msg-c3a7447e038aacfc0b56,normal,ordinary_notice_or_conversation_possible,a_not_risky_request_visible,42,0,development_readout,C,0.16202307193592624,0
review-dbbbfc8d3d158c2b,msg-19fa68b2542d83a61f79,smishing,risky_request_visible,a_risky_request_visible,42,0,development_readout,C,0.6623304036942534,1
review-dcfd0dc2773c1fc2,msg-efd9fc3fa5aed3568aff,smishing,risky_request_visible,a_risky_request_visible,42,0,development_readout,C,0.8464014887445294,1
review-dd1fb20a78a6cb60,msg-0c3c82dfb168fc722263,normal,ordinary_notice_or_conversation_possible,a_not_risky_request_visible,42,1,development_readout,C,0.11558493332332559,0
review-dd797ac5b4317bd3,msg-be92dc94342f95bbcf5d,smishing,risky_request_visible,a_risky_request_visible,42,2,development_readout,C,0.8773050623798633,1
review-de8af5907865c3e9,msg-8d5b64a36fbb3eb71e78,smishing,risky_request_visible,a_risky_request_visible,42,1,development_readout,C,0.4207674791191261,0
review-e058b93119484125,msg-64eeb1b2fa95ac8fb479,smishing,risky_request_visible,a_risky_request_visible,42,1,development_readout,C,0.9163860189184457,1
review-e2fd25cde06b2e07,msg-871f6b0c52c58905dd41,normal,promotion_without_clear_scam_request,a_not_risky_request_visible,42,0,development_readout,C,0.20677225406510436,0
review-e3520951883c1b51,msg-80d20dbfca1307061530,normal,promotion_without_clear_scam_request,a_not_risky_request_visible,42,1,development_readout,C,0.13503288706229657,0
review-e511d7b76f480bc7,msg-c12f37d2560f5acf8fc5,smishing,risky_request_visible,a_risky_request_visible,42,2,development_readout,C,0.9567253626882963,1
review-e58d1b3575c7e041,msg-60b7b814308d63263bea,smishing,risky_request_visible,a_risky_request_visible,42,2,development_readout,C,0.7836498427438308,1
review-e597199623b7b146,msg-35ad6d03750726a74248,normal,ordinary_notice_or_conversation_possible,a_not_risky_request_visible,42,0,development_readout,C,0.243968857957495,0
review-e5c8c789729e554c,msg-d028b9185e67164eda89,normal,ordinary_notice_or_conversation_possible,a_not_risky_request_visible,42,0,development_readout,C,0.16170548950582994,0
review-e63efe4044e2aa11,msg-79b01393dcc39d7d282a,smishing,risky_request_visible,a_risky_request_visible,42,1,development_readout,C,0.9727732542314523,1
review-e736bb0c132d2dc8,msg-bf0dfb1e1aef571e6dfa,smishing,promotion_without_clear_scam_request,a_not_risky_request_visible,42,1,development_readout,C,0.614366607905113,1
review-e945ebd4e9533666,msg-6ca0de4ebc5d9da5342b,smishing,risky_request_visible,a_risky_request_visible,42,0,development_readout,C,0.9449341957047634,1
review-eb5bbbe4e99a6f72,msg-aae535e14decd836abac,normal,ordinary_notice_or_conversation_possible,a_not_risky_request_visible,42,2,development_readout,C,0.16250427038934295,0
review-ec018bdef14b4dce,msg-ef69592a53abe3a01b4d,smishing,risky_request_visible,a_risky_request_visible,42,2,development_readout,C,0.9165331405347272,1
review-ecc7155e591dec16,msg-7b45fdda561c81cabe19,smishing,risky_request_visible,a_risky_request_visible,42,1,development_readout,C,0.7609685922651078,1
review-ecf66ae7e447041e,msg-443a84cea11014478b84,smishing,risky_request_visible,a_risky_request_visible,42,2,development_readout,C,0.7792649327346947,1
review-ed8aaee3f91ea267,msg-a319a3ad3f700d7f3e15,normal,promotion_without_clear_scam_request,a_not_risky_request_visible,42,2,development_readout,C,0.08656674221577781,0
review-edccbb4371a90711,msg-bb52082aaa2a867204a8,smishing,risky_request_visible,a_risky_request_visible,42,2,development_readout,C,0.8883785899604529,1
review-f02182e8f70df196,msg-b789ac48b433840d97a1,smishing,risky_request_visible,a_risky_request_visible,42,0,development_readout,C,0.3864913937535011,0
review-f0f2fce9301b3378,msg-e7a80c477afb0cccfac0,normal,ordinary_notice_or_conversation_possible,a_not_risky_request_visible,42,0,development_readout,C,0.0720612339090838,0
review-f296f965b5850c48,msg-fbcc5b098e1b1d189d50,normal,promotion_without_clear_scam_request,a_not_risky_request_visible,42,0,development_readout,C,0.12623103032253194,0
review-f2b62cb8a35fddc1,msg-44342a1ca335e0df03ca,smishing,risky_request_visible,a_risky_request_visible,42,0,development_readout,C,0.5490769451011561,0
review-f360abb82bcec3c4,msg-7a14eb32b51e33537f72,smishing,risky_request_visible,a_risky_request_visible,42,0,development_readout,C,0.9165061493486312,1
review-f48d763f6c721c5c,msg-05ce5c3a427de58a9e8d,smishing,risky_request_visible,a_risky_request_visible,42,1,development_readout,C,0.8135673487209146,1
review-f50f53a543208b94,msg-8c649a088b7f6eb07a65,smishing,risky_request_visible,a_risky_request_visible,42,2,development_readout,C,0.24262060807655939,0
review-f6f3c364cb66f280,msg-67f89394e1696666880c,normal,ordinary_notice_or_conversation_possible,a_not_risky_request_visible,42,0,development_readout,C,0.12122001169867574,0
review-f7a215d9e903b41d,msg-910004461353a81fdfb7,smishing,promotion_without_clear_scam_request,a_not_risky_request_visible,42,1,development_readout,C,0.6632538341542374,1
review-f7fbd3ab7a66e194,msg-8884dfa40bd5b5ff02f7,normal,promotion_without_clear_scam_request,a_not_risky_request_visible,42,0,development_readout,C,0.1845067789996909,0
review-f9b9a4279458f732,msg-5bf22a260fc90f900243,smishing,risky_request_visible,a_risky_request_visible,42,1,development_readout,C,0.8245345373155158,1
review-fbd669140c0c37bb,msg-299b1f56db41d7b2e7c2,normal,ordinary_notice_or_conversation_possible,a_not_risky_request_visible,42,2,development_readout,C,0.20524618680494713,0
review-fcb737070b879e4f,msg-63be477f140adc17e396,normal,ordinary_notice_or_conversation_possible,a_not_risky_request_visible,42,0,development_readout,C,0.12430538027410211,0
review-fd0999fd546bfed8,msg-fe1928a9a24b4573d509,smishing,risky_request_visible,a_risky_request_visible,42,2,development_readout,C,0.9163001856514793,1
review-fd4a4694d748b8f1,msg-8292e9166caa8ab05265,smishing,risky_request_visible,a_risky_request_visible,42,1,development_readout,C,0.49461536272419615,0
review-fe1822167edb9625,msg-bee493f64946ad6b35a4,normal,promotion_without_clear_scam_request,a_not_risky_request_visible,42,1,development_readout,C,0.1063345929428248,0
review-ff1ff6c1bdbeaee2,msg-35a30cfabb7c40cc1912,normal,ordinary_notice_or_conversation_possible,a_not_risky_request_visible,42,2,development_readout,C,0.13504973935776618,0
review-ff57873bcca80e84,msg-0d5b420dd958137f34fc,smishing,insufficient_context,a_not_risky_request_visible,42,1,development_readout,C,0.7702941583762936,1
review-014f431cdb07954a,msg-0c6dfbf2de170e52a942,smishing,risky_request_visible,a_risky_request_visible,42,1,threshold_calibration,C,0.35899029336573396,0
review-022dede98715a30c,msg-873db1de4a30a9f5c623,normal,ordinary_notice_or_conversation_possible,a_not_risky_request_visible,42,2,threshold_calibration,C,0.1145011528064763,0
review-0238870c30ef790e,msg-d2b85b2279d55f17aa61,smishing,risky_request_visible,a_risky_request_visible,42,1,threshold_calibration,C,0.17932615754231204,0
review-02ed9a9204fc5c8c,msg-8af5cc4194464b481799,smishing,risky_request_visible,a_risky_request_visible,42,1,threshold_calibration,C,0.6619682643242888,1
review-031c270e33784faf,msg-7b77eedddff4504d9db0,smishing,risky_request_visible,a_risky_request_visible,42,0,threshold_calibration,C,0.49779194008521754,0
review-05ba384c6ab030f1,msg-0cf1f701a15c54d26789,normal,ordinary_notice_or_conversation_possible,a_not_risky_request_visible,42,1,threshold_calibration,C,0.1845658602320168,0
review-06613e1d63363778,msg-bd04b75032f0dfc2ee62,normal,promotion_without_clear_scam_request,a_not_risky_request_visible,42,1,threshold_calibration,C,0.14913491961105182,0
review-06745995f913ed5c,msg-fb9fed8f5353c19f4482,normal,ordinary_notice_or_conversation_possible,a_not_risky_request_visible,42,0,threshold_calibration,C,0.14067161815538431,0
review-06e6ec96dd763a34,msg-3be783148c7ea591a6af,normal,promotion_without_clear_scam_request,a_not_risky_request_visible,42,0,threshold_calibration,C,0.12923448965654885,0
review-06fe91fac978687e,msg-a83bb61726a247a6e1e1,normal,promotion_without_clear_scam_request,a_not_risky_request_visible,42,1,threshold_calibration,C,0.10206958596435203,0
review-09dc7d3fa6246119,msg-82c1c5902ccf0f6cb441,normal,ordinary_notice_or_conversation_possible,a_not_risky_request_visible,42,2,threshold_calibration,C,0.16894317084449353,0
review-09f9fd98d92b31c5,msg-cbb14d3ea8b4c356543b,smishing,risky_request_visible,a_risky_request_visible,42,2,threshold_calibration,C,0.34168536160699997,0
review-0bf0da403c12d587,msg-b7800f4db5faf73f5f6d,smishing,risky_request_visible,a_risky_request_visible,42,2,threshold_calibration,C,0.879373740783151,1
review-0ce89002b27ae13e,msg-b3850b9d024fcf99c238,normal,ordinary_notice_or_conversation_possible,a_not_risky_request_visible,42,1,threshold_calibration,C,0.12459631447001998,0
review-0d61809b41685d2f,msg-3056e20984e704228691,normal,ordinary_notice_or_conversation_possible,a_not_risky_request_visible,42,1,threshold_calibration,C,0.10604493828409171,0
review-0d9dd805ae2674a4,msg-f65015ec6d6ca9ef912c,smishing,risky_request_visible,a_risky_request_visible,42,1,threshold_calibration,C,0.7141612066573565,1
review-0ddce31c46b4331c,msg-018ff56a19f05b63f7f1,normal,promotion_without_clear_scam_request,a_not_risky_request_visible,42,2,threshold_calibration,C,0.14241095703380346,0
review-0e3787ec2948234d,msg-f90fed3e0ba73a7afd40,smishing,risky_request_visible,a_risky_request_visible,42,0,threshold_calibration,C,0.9355223084290349,1
review-0e9363ce9bcb57c2,msg-a6db8f1ba339b796c36c,smishing,risky_request_visible,a_risky_request_visible,42,1,threshold_calibration,C,0.45174528286324206,0
review-0f5e5787e2464fe3,msg-31a602d9c77f86749c5b,smishing,risky_request_visible,a_risky_request_visible,42,1,threshold_calibration,C,0.9364577192665214,1
review-0f7f12381c38278e,msg-001d594cae67fd50f532,normal,promotion_without_clear_scam_request,a_not_risky_request_visible,42,0,threshold_calibration,C,0.12973901051902972,0
review-105735240253acfe,msg-882fdf4a57682ebb0be2,smishing,risky_request_visible,a_risky_request_visible,42,2,threshold_calibration,C,0.6778589551983063,1
review-131ed5d9023fe8e1,msg-879b8233c4a44252fb2e,normal,promotion_without_clear_scam_request,a_not_risky_request_visible,42,1,threshold_calibration,C,0.1926160351639665,0
review-137a8d7cde64d50f,msg-b66553208ce35fd6531e,normal,ordinary_notice_or_conversation_possible,a_not_risky_request_visible,42,1,threshold_calibration,C,0.11698596390296934,0
review-13ce66de75a8d3fc,msg-8827961dbffea331a040,smishing,risky_request_visible,a_risky_request_visible,42,1,threshold_calibration,C,0.9486435408697725,1
review-15f5cb8ca60e63e7,msg-93f6493043538f04abba,smishing,risky_request_visible,a_risky_request_visible,42,0,threshold_calibration,C,0.6428515395152746,1
review-170c904128c3b75d,msg-44ffbd69abef95d6b971,smishing,risky_request_visible,a_risky_request_visible,42,2,threshold_calibration,C,0.8098363660258019,1
review-19cc4ce8b1dbe415,msg-e9e131d9372380a167cf,smishing,risky_request_visible,a_risky_request_visible,42,1,threshold_calibration,C,0.11789304596750175,0
review-1a60e1bd37131802,msg-7347b19b9989a8b7563c,normal,ordinary_notice_or_conversation_possible,a_not_risky_request_visible,42,0,threshold_calibration,C,0.1180594004872714,0
review-1b01c3e70a5cd621,msg-598291dbde5006fce551,smishing,risky_request_visible,a_risky_request_visible,42,0,threshold_calibration,C,0.4683669710640107,0
review-1bee5d35c3ae9550,msg-0a348fcb6248b2e02712,smishing,risky_request_visible,a_risky_request_visible,42,0,threshold_calibration,C,0.6155447022685928,1
review-1c32fedd4b32dd06,msg-b3fecdca68993f39816e,normal,promotion_without_clear_scam_request,a_not_risky_request_visible,42,0,threshold_calibration,C,0.0999089394481602,0
review-1cb842404c1056c4,msg-69af923a1b627636ba88,normal,ordinary_notice_or_conversation_possible,a_not_risky_request_visible,42,2,threshold_calibration,C,0.2727267489948384,0
review-1ea0789836e39e65,msg-50ce9ce367d7506d1b34,smishing,risky_request_visible,a_risky_request_visible,42,2,threshold_calibration,C,0.812480773929905,1
review-223ad249b0ed1b08,msg-dbf89313b9ea1ac5b6d3,normal,ordinary_notice_or_conversation_possible,a_not_risky_request_visible,42,1,threshold_calibration,C,0.08771250955153219,0
review-2324027bc353cb29,msg-69cdd029e53ee97a620b,smishing,risky_request_visible,a_risky_request_visible,42,0,threshold_calibration,C,0.8000824542018988,1
review-266fac2cf4f9a2fe,msg-358dbfc77504383312c3,smishing,risky_request_visible,a_risky_request_visible,42,0,threshold_calibration,C,0.887020570441956,1
review-2705653809f7ad8f,msg-c847ea1fe73639b29741,normal,ordinary_notice_or_conversation_possible,a_not_risky_request_visible,42,1,threshold_calibration,C,0.24744848403468128,0
review-2769abe8fc6ffd87,msg-45d3204953ffb0ec89ee,normal,ordinary_notice_or_conversation_possible,a_not_risky_request_visible,42,2,threshold_calibration,C,0.1789597132196039,0
review-27fee91252ef3d87,msg-0d7a1d02c979a5575363,normal,ordinary_notice_or_conversation_possible,a_not_risky_request_visible,42,2,threshold_calibration,C,0.20188607879120055,0
review-293586512b140a4e,msg-df9036abd2017f6f6be1,smishing,risky_request_visible,a_risky_request_visible,42,0,threshold_calibration,C,0.45680608321110816,0
review-2953de0d9a6a0ef3,msg-b3fe8c24cdcc85dd4f28,normal,ordinary_notice_or_conversation_possible,a_not_risky_request_visible,42,1,threshold_calibration,C,0.08749392166393573,0
review-2b3f3a2d3b9504b2,msg-a9571e0d77539178ffc3,normal,ordinary_notice_or_conversation_possible,a_not_risky_request_visible,42,1,threshold_calibration,C,0.3163166495118974,0
review-2b5a69423072c0ba,msg-258cc86a999cd351f9ca,normal,insufficient_context,a_not_risky_request_visible,42,0,threshold_calibration,C,0.08511262058381487,0
review-2d4568421c26bf66,msg-96c30c2332ea6bf5e247,normal,ordinary_notice_or_conversation_possible,a_not_risky_request_visible,42,1,threshold_calibration,C,0.1758275670951864,0
review-2d80e47aaaa42543,msg-207b27eff27f4988fb0f,normal,ordinary_notice_or_conversation_possible,a_not_risky_request_visible,42,0,threshold_calibration,C,0.26291853693735356,0
review-300c4c657ef26689,msg-8d4de978440b72ca4a45,normal,ordinary_notice_or_conversation_possible,a_not_risky_request_visible,42,2,threshold_calibration,C,0.1875648736518623,0
review-30c664d1fb0416d2,msg-4facddef64d2b1d3b592,normal,promotion_without_clear_scam_request,a_not_risky_request_visible,42,0,threshold_calibration,C,0.1078892887845403,0
review-30d20e067658db39,msg-915558b1d57081861e23,normal,insufficient_context,a_not_risky_request_visible,42,1,threshold_calibration,C,0.19251463044861014,0
review-30e3bf5a7666c842,msg-2691ca74050fbbc9ed37,smishing,risky_request_visible,a_risky_request_visible,42,1,threshold_calibration,C,0.6832433874828961,1
review-322a0c915a6dca98,msg-3d77196a643275284eee,smishing,risky_request_visible,a_risky_request_visible,42,1,threshold_calibration,C,0.6743576794981908,1
review-363f281df3bd9ba4,msg-36bc461d0aefe348462d,normal,promotion_without_clear_scam_request,a_not_risky_request_visible,42,1,threshold_calibration,C,0.14856596043611034,0
review-36c6682493394c5a,msg-d54e4685cdd8f9aa710a,smishing,risky_request_visible,a_risky_request_visible,42,0,threshold_calibration,C,0.6315239101050846,1
review-37141dd75c3875fc,msg-372c6f62456bfbc0a7d9,normal,ordinary_notice_or_conversation_possible,a_not_risky_request_visible,42,2,threshold_calibration,C,0.07632679965301406,0
review-3735a715aa425485,msg-5cbba54c59da325a454c,normal,ordinary_notice_or_conversation_possible,a_not_risky_request_visible,42,1,threshold_calibration,C,0.2828032583353554,0
review-377101d740e3c93a,msg-f91f88e17b85bd740a41,smishing,risky_request_visible,a_risky_request_visible,42,2,threshold_calibration,C,0.8090797104021044,1
review-37a24da8c91a2014,msg-814c1d043296b3a3b379,smishing,risky_request_visible,a_risky_request_visible,42,2,threshold_calibration,C,0.8073920414101604,1
review-39a836fe3d87fa33,msg-758bd093f61744be66f6,normal,ordinary_notice_or_conversation_possible,a_not_risky_request_visible,42,0,threshold_calibration,C,0.08991391247207717,0
review-3aa78c267ab21f05,msg-224c0422b0003d17212c,smishing,ordinary_notice_or_conversation_possible,a_not_risky_request_visible,42,1,threshold_calibration,C,0.2503704035106539,0
review-3abe5c96847ee3b9,msg-e7c4d2ebb04e62e880b5,normal,ordinary_notice_or_conversation_possible,a_not_risky_request_visible,42,2,threshold_calibration,C,0.11354320031535083,0
review-3b23a85b0e54e4e2,msg-5a59a5ce918f6559e125,normal,promotion_without_clear_scam_request,a_not_risky_request_visible,42,0,threshold_calibration,C,0.08300954408432519,0
review-3b5e9306ce7f16f6,msg-75d22609d1f4fae1c474,normal,ordinary_notice_or_conversation_possible,a_not_risky_request_visible,42,1,threshold_calibration,C,0.13938685117909655,0
review-4034e1976e7caf3d,msg-a8f8f501a69d1d5855ba,normal,ordinary_notice_or_conversation_possible,a_not_risky_request_visible,42,0,threshold_calibration,C,0.08379150210229094,0
review-40e531a989b5b832,msg-90c8b223c83bae5b9f53,smishing,risky_request_visible,a_risky_request_visible,42,1,threshold_calibration,C,0.686965580762813,1
review-41ec06c9fc578cef,msg-631fc966e6d1a8ec4785,smishing,risky_request_visible,a_risky_request_visible,42,2,threshold_calibration,C,0.9571436012814784,1
review-49230d04e233f44b,msg-88466b364e697e810f29,normal,promotion_without_clear_scam_request,a_not_risky_request_visible,42,2,threshold_calibration,C,0.2787753647729136,0
review-49a272d982158787,msg-15e2ac02e0ac09e5383b,smishing,risky_request_visible,a_risky_request_visible,42,0,threshold_calibration,C,0.6454067991165074,1
review-4a5f226471e5edaf,msg-92eab3c091583e1be9b2,smishing,risky_request_visible,a_risky_request_visible,42,2,threshold_calibration,C,0.8268910062928945,1
review-4aad735ff43af908,msg-d1f2ce6a48cfd3ddc352,smishing,ordinary_notice_or_conversation_possible,a_not_risky_request_visible,42,1,threshold_calibration,C,0.09119409360423124,0
review-4b7d3212a375f3c3,msg-e32c03f7fd12569b45d4,smishing,risky_request_visible,a_risky_request_visible,42,1,threshold_calibration,C,0.5173704380246472,1
review-4c1327797f738c0f,msg-c623d83809d140a75f70,normal,ordinary_notice_or_conversation_possible,a_not_risky_request_visible,42,2,threshold_calibration,C,0.2530755931182623,0
review-4c7f2895cbdfff17,msg-b6d879d72eac72ef59ac,smishing,risky_request_visible,a_risky_request_visible,42,1,threshold_calibration,C,0.7741171456095155,1
review-4e91758f8be8575d,msg-2a7f43ae7fa422fefb9b,smishing,risky_request_visible,a_risky_request_visible,42,2,threshold_calibration,C,0.19427559062030697,0
review-50c65fd60929a11c,msg-76755bc4cf7a9223f1f5,smishing,risky_request_visible,a_risky_request_visible,42,1,threshold_calibration,C,0.7343116703622927,1
review-5155bcd98221f6df,msg-260f9a35da3e12d1699f,normal,ordinary_notice_or_conversation_possible,a_not_risky_request_visible,42,0,threshold_calibration,C,0.14340554385710683,0
review-5176dde30e249277,msg-a95d096bdce327f3ec58,normal,ordinary_notice_or_conversation_possible,a_not_risky_request_visible,42,1,threshold_calibration,C,0.14682027837702585,0
review-5351da806d5c8862,msg-56c6f7e6fe95f4eaf8db,normal,ordinary_notice_or_conversation_possible,a_not_risky_request_visible,42,2,threshold_calibration,C,0.1695366661032529,0
review-54a4b61c2ddb946a,msg-d867888f40ccdc430a1d,normal,promotion_without_clear_scam_request,a_not_risky_request_visible,42,2,threshold_calibration,C,0.10332283576578813,0
review-55155ad766375eb6,msg-2512e3e666de174caf80,normal,promotion_without_clear_scam_request,a_not_risky_request_visible,42,2,threshold_calibration,C,0.22286153644539203,0
review-563b94c3e75e8c6d,msg-3943c098759d93b5d20b,smishing,risky_request_visible,a_risky_request_visible,42,1,threshold_calibration,C,0.3062480037242711,0
review-588539dd497a5994,msg-eb5f2cc2527297a7b5a3,smishing,risky_request_visible,a_risky_request_visible,42,1,threshold_calibration,C,0.5584064616691679,1
review-5a49e43857a6f8f0,msg-a4b7e6d3b527691e9a05,smishing,risky_request_visible,a_risky_request_visible,42,2,threshold_calibration,C,0.17919137634431478,0
review-5b0c0204dc451747,msg-31f308081fb21c6e8f09,smishing,risky_request_visible,a_risky_request_visible,42,0,threshold_calibration,C,0.8972629106762011,1
review-5b38287421b21063,msg-2eacbbd745e21908f221,normal,ordinary_notice_or_conversation_possible,a_not_risky_request_visible,42,1,threshold_calibration,C,0.11984933269028365,0
review-5b8a47398769e7ef,msg-380c22214f611250512c,normal,ordinary_notice_or_conversation_possible,a_not_risky_request_visible,42,1,threshold_calibration,C,0.14491792248266225,0
review-5c5069cca8a5add0,msg-0efb0ebfb655d5c5c6d3,normal,promotion_without_clear_scam_request,a_not_risky_request_visible,42,1,threshold_calibration,C,0.1260250704300009,0
review-5c8fb855522635b0,msg-8583f1e4ed2f6a4435f1,normal,ordinary_notice_or_conversation_possible,a_not_risky_request_visible,42,1,threshold_calibration,C,0.11293366671990697,0
review-5f54bbc511caaded,msg-542efb3f41bad8a46794,normal,ordinary_notice_or_conversation_possible,a_not_risky_request_visible,42,1,threshold_calibration,C,0.11457221859819763,0
review-5f5dd240c73902fa,msg-702b7967e690569fc457,normal,promotion_without_clear_scam_request,a_not_risky_request_visible,42,2,threshold_calibration,C,0.12114819530020211,0
review-6036afa1a4a219c3,msg-9bf6c95f6dc633dd8819,normal,ordinary_notice_or_conversation_possible,a_not_risky_request_visible,42,2,threshold_calibration,C,0.11495612729079567,0
review-61fef2c9ced4f942,msg-660c2fd797c40f8e55ca,normal,ordinary_notice_or_conversation_possible,a_not_risky_request_visible,42,2,threshold_calibration,C,0.3263138742153325,0
review-6236e7e3fd2a54c8,msg-03b2efa63efb18f3f74e,normal,ordinary_notice_or_conversation_possible,a_not_risky_request_visible,42,1,threshold_calibration,C,0.3229364442667006,0
review-63bef8982e454a02,msg-c75749a34e08d00a62cd,smishing,risky_request_visible,a_risky_request_visible,42,0,threshold_calibration,C,0.2819409399804084,0
review-65037cf8dfccb4af,msg-4a1016a531744e654831,normal,promotion_without_clear_scam_request,a_not_risky_request_visible,42,1,threshold_calibration,C,0.11828624980620056,0
review-66516cd6e1b084bc,msg-a67739cacf95ee18716c,normal,ordinary_notice_or_conversation_possible,a_not_risky_request_visible,42,1,threshold_calibration,C,0.2264686228739413,0
review-66ef57282af71d4f,msg-f51c8c7132e5405088dd,normal,ordinary_notice_or_conversation_possible,a_not_risky_request_visible,42,1,threshold_calibration,C,0.15468292736806974,0
review-6742e699b2c19637,msg-5e8796780c062e86063b,smishing,promotion_without_clear_scam_request,a_not_risky_request_visible,42,2,threshold_calibration,C,0.1755739809878404,0
review-6938cc7e883cfae5,msg-d0b351454bf1078555ca,smishing,risky_request_visible,a_risky_request_visible,42,1,threshold_calibration,C,0.2911573780563627,0
review-6b23a95e54455bfe,msg-7e73260daff23015e769,smishing,risky_request_visible,a_risky_request_visible,42,0,threshold_calibration,C,0.6264812859042388,1
review-6b90760350513e04,msg-f20701505d9754bbd32d,normal,ordinary_notice_or_conversation_possible,a_not_risky_request_visible,42,0,threshold_calibration,C,0.4555628942571423,0
review-6c345dd95982d152,msg-6abd20ac3d54a1acb08f,smishing,risky_request_visible,a_risky_request_visible,42,0,threshold_calibration,C,0.7620532206344729,1
review-6c7372dc6724ef49,msg-fd7adb6f5bdba22704bd,normal,ordinary_notice_or_conversation_possible,a_not_risky_request_visible,42,2,threshold_calibration,C,0.08296695990969605,0
review-6c9e3e62bbb95763,msg-a6d506945e9b701052e1,smishing,risky_request_visible,a_risky_request_visible,42,1,threshold_calibration,C,0.20378802067519516,0
review-6d70e00c3a0eb212,msg-78ebe7ba8de3e6f59138,normal,risky_request_visible,a_risky_request_visible,42,1,threshold_calibration,C,0.1223609349527146,0
review-6e51f1a0ccb981e6,msg-58425ae1f35d0d6e8f6c,smishing,risky_request_visible,a_risky_request_visible,42,2,threshold_calibration,C,0.7489502381129108,1
review-6ee455a4c31c9039,msg-9207c6b7c6c694beab91,normal,promotion_without_clear_scam_request,a_not_risky_request_visible,42,2,threshold_calibration,C,0.128562020714074,0
review-70dad336d995a509,msg-00cd858afe8ef2de5fd3,normal,ordinary_notice_or_conversation_possible,a_not_risky_request_visible,42,0,threshold_calibration,C,0.13193462669080835,0
review-71bc6120e1507254,msg-b460f3c8ac1fe936b354,smishing,risky_request_visible,a_risky_request_visible,42,0,threshold_calibration,C,0.5970473729891488,1
review-7493575c90062c41,msg-e84d76b6ef43a1d586a7,normal,promotion_without_clear_scam_request,a_not_risky_request_visible,42,2,threshold_calibration,C,0.23668188217382718,0
review-755768c5838e2f29,msg-e2997981817c30d525be,smishing,risky_request_visible,a_risky_request_visible,42,1,threshold_calibration,C,0.8264756320617583,1
review-76a47d926f91413e,msg-81c59d9e2363e29c4af7,normal,ordinary_notice_or_conversation_possible,a_not_risky_request_visible,42,1,threshold_calibration,C,0.09928302809581951,0
review-7794b3bc9bc0c3a1,msg-a2db1c36a4678988377c,normal,ordinary_notice_or_conversation_possible,a_not_risky_request_visible,42,0,threshold_calibration,C,0.4467405408120612,0
review-7977c3d1276873c7,msg-68e127127a540d65f679,normal,ordinary_notice_or_conversation_possible,a_not_risky_request_visible,42,1,threshold_calibration,C,0.1963386739812592,0
review-7a761126add20b55,msg-14afe15514eab65aba06,smishing,risky_request_visible,a_risky_request_visible,42,2,threshold_calibration,C,0.8753141501798588,1
review-7b32c18f837c52f3,msg-906c8805c776e5912484,normal,risky_request_visible,a_risky_request_visible,42,1,threshold_calibration,C,0.18498271360122034,0
review-7b9d338bf5cd4bdc,msg-733b60f36694b02ec836,normal,ordinary_notice_or_conversation_possible,a_not_risky_request_visible,42,0,threshold_calibration,C,0.10837284323130891,0
review-7cbff1d715e4b2f0,msg-565ddb5f77c920c58378,normal,promotion_without_clear_scam_request,a_not_risky_request_visible,42,0,threshold_calibration,C,0.15428508890985052,0
review-8039ca8a8d71147c,msg-d7d609114f737190d087,smishing,risky_request_visible,a_risky_request_visible,42,2,threshold_calibration,C,0.47609692343631765,1
review-80aaf5285dff5d52,msg-f5342ad5453afafa654a,normal,promotion_without_clear_scam_request,a_not_risky_request_visible,42,1,threshold_calibration,C,0.09623342290342275,0
review-81b1a3bc8dfb1982,msg-4ab82cc3b14da8846e8f,normal,ordinary_notice_or_conversation_possible,a_not_risky_request_visible,42,1,threshold_calibration,C,0.10392718771174089,0
review-81db582ab9c83a7d,msg-2a0582fa3234a2d63356,normal,risky_request_visible,a_risky_request_visible,42,2,threshold_calibration,C,0.7597257760656316,1
review-83bf04c6b634cf0b,msg-b677ced3e884ac5d5c3c,normal,promotion_without_clear_scam_request,a_not_risky_request_visible,42,1,threshold_calibration,C,0.2924211348432433,0
review-83fb52312abeb4ec,msg-57b110c902b64420f7db,smishing,risky_request_visible,a_risky_request_visible,42,2,threshold_calibration,C,0.8147161753535489,1
review-85ef908a3e61f2a2,msg-30572cea27e54ac2130b,normal,ordinary_notice_or_conversation_possible,a_not_risky_request_visible,42,2,threshold_calibration,C,0.10016564589206069,0
review-87ca5145bb1464ea,msg-69d76db7edd5a86af1d7,normal,promotion_without_clear_scam_request,a_not_risky_request_visible,42,1,threshold_calibration,C,0.11645900567818407,0
review-8815f8f3d2cf8ddd,msg-c411a659d87891c23018,normal,ordinary_notice_or_conversation_possible,a_not_risky_request_visible,42,2,threshold_calibration,C,0.25948908435678963,0
review-8a9635c815342586,msg-5b3252b8d919d9dfa5c2,smishing,risky_request_visible,a_risky_request_visible,42,2,threshold_calibration,C,0.9394954435225193,1
review-8ac3c67723460772,msg-7a0a306167abc3b72d8c,normal,ordinary_notice_or_conversation_possible,a_not_risky_request_visible,42,0,threshold_calibration,C,0.09706268587131876,0
review-8acb2fdf0b998c44,msg-442633ffd7cc37f8a891,smishing,risky_request_visible,a_risky_request_visible,42,1,threshold_calibration,C,0.6509252547068083,1
review-8c0239752664c9f7,msg-ebc9f34f94af5eeb68f0,smishing,risky_request_visible,a_risky_request_visible,42,2,threshold_calibration,C,0.7395680404842034,1
review-8c3afec16f00c8ea,msg-6173af161b27fe6f4ce6,normal,ordinary_notice_or_conversation_possible,a_not_risky_request_visible,42,2,threshold_calibration,C,0.09797511043029199,0
review-8f6994cbd2075acd,msg-47b3b6a2b2a28bdf7fb9,smishing,risky_request_visible,a_risky_request_visible,42,1,threshold_calibration,C,0.7266710190230316,1
review-904be5b534ca4342,msg-2c7b345bbea477990d91,normal,ordinary_notice_or_conversation_possible,a_not_risky_request_visible,42,1,threshold_calibration,C,0.21790644840443132,0
review-92e977f1b9f64cdd,msg-3deb3a161a23b32aea25,smishing,risky_request_visible,a_risky_request_visible,42,0,threshold_calibration,C,0.7480462083593903,1
review-93e39f35ad377da3,msg-64cdca546bafdc9324f0,normal,ordinary_notice_or_conversation_possible,a_not_risky_request_visible,42,0,threshold_calibration,C,0.15331293936243898,0
review-9440c7b20214abb9,msg-e326b0533522ecb322de,smishing,risky_request_visible,a_risky_request_visible,42,2,threshold_calibration,C,0.8202585713418111,1
review-95ab42239fb052e7,msg-5052c7243f9985cc9bcf,normal,promotion_without_clear_scam_request,a_not_risky_request_visible,42,1,threshold_calibration,C,0.12678018003137997,0
review-973274a88b5aa1db,msg-706b91df031716838257,normal,ordinary_notice_or_conversation_possible,a_not_risky_request_visible,42,0,threshold_calibration,C,0.09283548482712994,0
review-9751bc751be6b57c,msg-64a843bec3f3dce4ee45,smishing,risky_request_visible,a_risky_request_visible,42,2,threshold_calibration,C,0.8263388622575054,1
review-97b3b26bd7e8a65a,msg-359327bd4e7edc3cb5ba,normal,insufficient_context,a_not_risky_request_visible,42,2,threshold_calibration,C,0.09209977260140638,0
review-97dbf9fb83d5fd0a,msg-6301a4730ee412e86a8c,normal,promotion_without_clear_scam_request,a_not_risky_request_visible,42,0,threshold_calibration,C,0.11257704661515182,0
review-97eb58f77becd57e,msg-991e31887c4954366165,normal,promotion_without_clear_scam_request,a_not_risky_request_visible,42,0,threshold_calibration,C,0.10011204259621821,0
review-9848e1bfbd07911c,msg-f2873d2e33fdffabc808,normal,ordinary_notice_or_conversation_possible,a_not_risky_request_visible,42,1,threshold_calibration,C,0.11095675240136976,0
review-98f9751b78a4c31e,msg-06b44744cbf1ec56130e,normal,ordinary_notice_or_conversation_possible,a_not_risky_request_visible,42,1,threshold_calibration,C,0.10140474612162283,0
review-99553665d7fa8d60,msg-ec2c63de47e93d56888f,normal,ordinary_notice_or_conversation_possible,a_not_risky_request_visible,42,1,threshold_calibration,C,0.10878283577359324,0
review-9a3f12ca280a1c8a,msg-9865307d8d5cb09874f2,normal,promotion_without_clear_scam_request,a_not_risky_request_visible,42,0,threshold_calibration,C,0.38142738226874084,0
review-9ad68457d5c5ddfe,msg-ff1e050906d7cfd80b2a,smishing,risky_request_visible,a_risky_request_visible,42,1,threshold_calibration,C,0.49949291375548704,0
review-9bf729353718fab4,msg-9ce453dc5d619e51234f,normal,ordinary_notice_or_conversation_possible,a_not_risky_request_visible,42,0,threshold_calibration,C,0.06011919888450434,0
review-9c94f8c84f214457,msg-79fa0f109f0555707dca,smishing,risky_request_visible,a_risky_request_visible,42,1,threshold_calibration,C,0.2711553651935855,0
review-9ca002eef5fabf4c,msg-a8d5485f9438f3ab5181,normal,ordinary_notice_or_conversation_possible,a_not_risky_request_visible,42,1,threshold_calibration,C,0.08341354396645802,0
review-9ec13abc1ec360b9,msg-053785582f2d9ed1abb9,normal,ordinary_notice_or_conversation_possible,a_not_risky_request_visible,42,2,threshold_calibration,C,0.12884408469606057,0
review-a00070320560c3ff,msg-eaeafeff80833a0c2e24,normal,risky_request_visible,a_risky_request_visible,42,0,threshold_calibration,C,0.5904188508685057,1
review-a003a34f2b7224ae,msg-ed3a4e31c52d999f2ab4,normal,ordinary_notice_or_conversation_possible,a_not_risky_request_visible,42,1,threshold_calibration,C,0.08846541637740118,0
review-a0157c7c504b2713,msg-75bb93c54e7c03e2de6b,smishing,risky_request_visible,a_risky_request_visible,42,0,threshold_calibration,C,0.9370992479733022,1
review-a077aa771a77e44f,msg-a37b49f0af9136126259,normal,ordinary_notice_or_conversation_possible,a_not_risky_request_visible,42,2,threshold_calibration,C,0.16551147869163024,0
review-a07cfcb07490d311,msg-5ce84ad96d59a95604b7,smishing,risky_request_visible,a_risky_request_visible,42,2,threshold_calibration,C,0.8082005099065381,1
review-a0abc212fe654fe2,msg-e8f6c41fc42d524da26b,smishing,risky_request_visible,a_risky_request_visible,42,2,threshold_calibration,C,0.8793903158434434,1
review-a1c208b7e2a31834,msg-cfebfff6180461481c77,smishing,risky_request_visible,a_risky_request_visible,42,1,threshold_calibration,C,0.5927432968140065,1
review-a31dcf3587c938e0,msg-69f98ce7e1a685df8515,smishing,risky_request_visible,a_risky_request_visible,42,0,threshold_calibration,C,0.7903244392146846,1
review-a3b8e31a589bfbf6,msg-72b62dcb8e0666cea243,smishing,risky_request_visible,a_risky_request_visible,42,1,threshold_calibration,C,0.7196879855425169,1
review-a55cc489390f4d15,msg-a11408f53fc97d32784a,smishing,risky_request_visible,a_risky_request_visible,42,2,threshold_calibration,C,0.7827672715130763,1
review-a5c8844b07d15249,msg-080a80350fda25ee4181,smishing,risky_request_visible,a_risky_request_visible,42,0,threshold_calibration,C,0.8170696231655957,1
review-a5e01613dff9b90c,msg-5f72ce400186780556af,normal,promotion_without_clear_scam_request,a_not_risky_request_visible,42,0,threshold_calibration,C,0.1765995766263458,0
review-a737e63e0af5d4ad,msg-58763f1db8c40f82f590,normal,promotion_without_clear_scam_request,a_not_risky_request_visible,42,2,threshold_calibration,C,0.13272171264056717,0
review-a8b302c46a81110b,msg-a923033b51733c278a32,normal,ordinary_notice_or_conversation_possible,a_not_risky_request_visible,42,1,threshold_calibration,C,0.0962490640222693,0
review-a93e9d44999fbedb,msg-7a5a0ef1560dbc98423a,normal,ordinary_notice_or_conversation_possible,a_not_risky_request_visible,42,2,threshold_calibration,C,0.09585773929135079,0
review-ab5082605dd6822e,msg-caea04347391d8ade4f5,smishing,risky_request_visible,a_risky_request_visible,42,1,threshold_calibration,C,0.6681533420159589,1
review-abfd0300b3e94bc9,msg-c6cb9735117d0df6bed5,normal,promotion_without_clear_scam_request,a_not_risky_request_visible,42,0,threshold_calibration,C,0.10911489141476886,0
review-aca9116d8021bfae,msg-ee6bc320eef92aaba68d,smishing,risky_request_visible,a_risky_request_visible,42,0,threshold_calibration,C,0.6300516657399416,1
review-ad512146de7da940,msg-c26a0b124b37127b90ce,smishing,risky_request_visible,a_risky_request_visible,42,1,threshold_calibration,C,0.8061986215650101,1
review-ad7039ac6a9ced27,msg-c81c5b25a163ca19481f,normal,ordinary_notice_or_conversation_possible,a_not_risky_request_visible,42,1,threshold_calibration,C,0.09734600611525653,0
review-ae30eff1c5009634,msg-034e267652beee654b7d,normal,promotion_without_clear_scam_request,a_not_risky_request_visible,42,2,threshold_calibration,C,0.16045476538297185,0
review-aefdc599d52d1968,msg-ce6e8882987410ea9dcb,normal,risky_request_visible,a_risky_request_visible,42,0,threshold_calibration,C,0.20951680906262893,0
review-af3cd140e815bf14,msg-76ea500b769d004670c6,normal,ordinary_notice_or_conversation_possible,a_not_risky_request_visible,42,2,threshold_calibration,C,0.1737829959360287,0
review-b0d0b31ce42bff6d,msg-80bd77dde6b57d4aa6b9,smishing,risky_request_visible,a_risky_request_visible,42,1,threshold_calibration,C,0.19486550052643606,0
review-b1335825efb8b815,msg-b01d387c5717587aaf48,normal,ordinary_notice_or_conversation_possible,a_not_risky_request_visible,42,0,threshold_calibration,C,0.3809998212212492,0
review-b495dcabfdc9e6bb,msg-c3e7d7b05d5a88764703,smishing,risky_request_visible,a_risky_request_visible,42,0,threshold_calibration,C,0.1931058571757341,0
review-b4a140a400dd0bd4,msg-8d50f5b84f82748b30f4,smishing,risky_request_visible,a_risky_request_visible,42,1,threshold_calibration,C,0.6793871176347855,1
review-b52505e7e689a4b8,msg-362b479a08fa48892f2e,normal,promotion_without_clear_scam_request,a_not_risky_request_visible,42,1,threshold_calibration,C,0.12736355609020217,0
review-b716d55654e9e174,msg-eac3f80ef98d49d5018b,normal,ordinary_notice_or_conversation_possible,a_not_risky_request_visible,42,0,threshold_calibration,C,0.07038169431276321,0
review-b75a5cafe4180fd6,msg-a850f5749efcb9c4f6a0,smishing,ordinary_notice_or_conversation_possible,a_not_risky_request_visible,42,2,threshold_calibration,C,0.4856589684730703,1
review-b7db7bfa3479f4d7,msg-432734d9e15c6f93d376,normal,ordinary_notice_or_conversation_possible,a_not_risky_request_visible,42,0,threshold_calibration,C,0.29104232627558607,0
review-b894aa9bff1613dc,msg-0f99b5457812bf9368a9,smishing,risky_request_visible,a_risky_request_visible,42,2,threshold_calibration,C,0.7791556152924857,1
review-b973d23ab4a680d4,msg-332a6ceef2ba82e72aee,normal,ordinary_notice_or_conversation_possible,a_not_risky_request_visible,42,2,threshold_calibration,C,0.0918424845440998,0
review-bbb9c61301495984,msg-d3591b5cc40dae36f63d,smishing,risky_request_visible,a_risky_request_visible,42,2,threshold_calibration,C,0.7846597772679361,1
review-bbe916c0a5f13c5a,msg-a45a85532c29434e8b27,smishing,risky_request_visible,a_risky_request_visible,42,2,threshold_calibration,C,0.9432144989407624,1
review-bc1ad3d6715f9dab,msg-e19e83293fb47143aa18,normal,promotion_without_clear_scam_request,a_not_risky_request_visible,42,0,threshold_calibration,C,0.09804460867606248,0
review-bc5e0069bbad7d67,msg-ccfb4bcf7b100e873356,normal,ordinary_notice_or_conversation_possible,a_not_risky_request_visible,42,0,threshold_calibration,C,0.11525587621836449,0
review-bc694d6c09671509,msg-70dcd4b0f26f61bdf407,normal,ordinary_notice_or_conversation_possible,a_not_risky_request_visible,42,0,threshold_calibration,C,0.1048875716567458,0
review-bc805b9a7fefb4c4,msg-b42fe9f654595657fa35,smishing,risky_request_visible,a_risky_request_visible,42,2,threshold_calibration,C,0.4985640331468034,1
review-bc9e9750ed2f2246,msg-9807f366fd3a944bee02,normal,ordinary_notice_or_conversation_possible,a_not_risky_request_visible,42,2,threshold_calibration,C,0.1622232459122843,0
review-bd2ee152f3f0a48a,msg-25ac7d2717cde23a4116,normal,ordinary_notice_or_conversation_possible,a_not_risky_request_visible,42,2,threshold_calibration,C,0.2958864393874927,0
review-be8ac302beaaaa38,msg-504e4d980601e6913b67,normal,ordinary_notice_or_conversation_possible,a_not_risky_request_visible,42,1,threshold_calibration,C,0.16399031338302053,0
review-bee3f43cbc979cc9,msg-4d9ff4113e4ed5d9e90c,smishing,risky_request_visible,a_risky_request_visible,42,2,threshold_calibration,C,0.3186936444225155,0
review-bf5160f31d278f7b,msg-c051b9c58babed147478,normal,ordinary_notice_or_conversation_possible,a_not_risky_request_visible,42,1,threshold_calibration,C,0.11215558833831894,0
review-c2b11fa0a2c3336f,msg-18146f4aa7a10243efff,normal,ordinary_notice_or_conversation_possible,a_not_risky_request_visible,42,2,threshold_calibration,C,0.13691648236324472,0
review-c386fdd922078a37,msg-c21e147ebc288236d642,normal,ordinary_notice_or_conversation_possible,a_not_risky_request_visible,42,2,threshold_calibration,C,0.16458670083868557,0
review-c45238e439e91c4d,msg-165866e6104c7226a8e8,smishing,risky_request_visible,a_risky_request_visible,42,1,threshold_calibration,C,0.6055182011473551,1
review-c7968cd6c3d1f959,msg-13d13b63af525be88c8e,normal,ordinary_notice_or_conversation_possible,a_not_risky_request_visible,42,0,threshold_calibration,C,0.07234551871810967,0
review-c7acc1ae1037b569,msg-9ae5d9f225d18d759f00,smishing,risky_request_visible,a_risky_request_visible,42,2,threshold_calibration,C,0.8217896840689253,1
review-c7e00bcebb9cbe94,msg-3eff4af4ff261cda8b13,normal,ordinary_notice_or_conversation_possible,a_not_risky_request_visible,42,0,threshold_calibration,C,0.27569033487616446,0
review-c7f76b1e1d80f49a,msg-47c423de9b8595f121a9,smishing,risky_request_visible,a_risky_request_visible,42,0,threshold_calibration,C,0.31718361029520337,0
review-c854f5ffb64bf3eb,msg-f2f023ae46a3f625f5ba,normal,ordinary_notice_or_conversation_possible,a_not_risky_request_visible,42,1,threshold_calibration,C,0.14997161303674478,0
review-c9d8f2fd31ea0b7f,msg-4d670f74ef64914e9b0e,normal,promotion_without_clear_scam_request,a_not_risky_request_visible,42,0,threshold_calibration,C,0.16438516667764855,0
review-cb23ce2b380ce815,msg-a81e33bc3946b0ae2550,normal,ordinary_notice_or_conversation_possible,a_not_risky_request_visible,42,2,threshold_calibration,C,0.2624294448538863,0
review-cb28a9106aef5505,msg-67de13a82fafaf8c3980,smishing,risky_request_visible,a_risky_request_visible,42,1,threshold_calibration,C,0.8272744761087473,1
review-cbbc72e510f286e3,msg-cb107b27366c1e7283c6,smishing,risky_request_visible,a_risky_request_visible,42,2,threshold_calibration,C,0.9352898592059721,1
review-cc41f3f4cb6e8629,msg-cd74555c5078c89aa225,smishing,risky_request_visible,a_risky_request_visible,42,1,threshold_calibration,C,0.7533379830370546,1
review-cc4b16c2321274c0,msg-1737db0114226e8bb1b0,smishing,risky_request_visible,a_risky_request_visible,42,0,threshold_calibration,C,0.9348187462697574,1
review-cd39c34a5496687f,msg-28b8f57d24c88ea1fd3b,normal,ordinary_notice_or_conversation_possible,a_not_risky_request_visible,42,1,threshold_calibration,C,0.07602906119874107,0
review-d0b2291f671afb13,msg-69107f37830e441acc20,smishing,risky_request_visible,a_risky_request_visible,42,2,threshold_calibration,C,0.5774062393213658,1
review-d17c9fec5ba94c27,msg-0833b822c08cc170dc26,smishing,risky_request_visible,a_risky_request_visible,42,2,threshold_calibration,C,0.7608803021781875,1
review-d1ba629d1b0c0386,msg-3a166a3d426428da952d,smishing,insufficient_context,a_not_risky_request_visible,42,2,threshold_calibration,C,0.14345486192902887,0
review-d23755346e397e0d,msg-215f563424e984687bea,normal,ordinary_notice_or_conversation_possible,a_not_risky_request_visible,42,2,threshold_calibration,C,0.08030647030780702,0
review-d299ebb8c45a2f94,msg-0b586f5fca364bbc8c8d,smishing,insufficient_context,a_not_risky_request_visible,42,2,threshold_calibration,C,0.15013669678531477,0
review-d3b4daac66058960,msg-2819ed8636ecdee04bb3,normal,promotion_without_clear_scam_request,a_not_risky_request_visible,42,2,threshold_calibration,C,0.18529353744623817,0
review-d4f84d432e0d6d48,msg-94e0ae16541345a3f768,normal,ordinary_notice_or_conversation_possible,a_not_risky_request_visible,42,2,threshold_calibration,C,0.11987975424663033,0
review-d51050ea94555e33,msg-8dfc55b831e0422aaaf3,normal,ordinary_notice_or_conversation_possible,a_not_risky_request_visible,42,0,threshold_calibration,C,0.11267648803237611,0
review-d5b560692f11bda9,msg-20cb262bf7645dfe36d5,normal,ordinary_notice_or_conversation_possible,a_not_risky_request_visible,42,0,threshold_calibration,C,0.09521760094640293,0
review-d5cad39f16073736,msg-6b991d00ca9722186569,normal,promotion_without_clear_scam_request,a_not_risky_request_visible,42,1,threshold_calibration,C,0.15246588521544852,0
review-d684b0c9ae6eb28a,msg-b46e8faecd246cf1967d,smishing,risky_request_visible,a_risky_request_visible,42,2,threshold_calibration,C,0.8163703885708765,1
review-d6877eb437269499,msg-d6441157b1184c30f6c0,normal,ordinary_notice_or_conversation_possible,a_not_risky_request_visible,42,2,threshold_calibration,C,0.1433498846996029,0
review-d7a5aa91a1e9ef4b,msg-963560a696c2068b11aa,normal,promotion_without_clear_scam_request,a_not_risky_request_visible,42,1,threshold_calibration,C,0.16423221468700694,0
review-d885dde988ff81fc,msg-e9f133abd48046d0b082,smishing,risky_request_visible,a_risky_request_visible,42,1,threshold_calibration,C,0.7769538357609691,1
review-da0a87e60e534a8c,msg-817a4fa89633430e990d,normal,ordinary_notice_or_conversation_possible,a_not_risky_request_visible,42,2,threshold_calibration,C,0.08955159364133772,0
review-dc7c7acfd6e2db79,msg-b183e7136605118fd86a,normal,promotion_without_clear_scam_request,a_not_risky_request_visible,42,0,threshold_calibration,C,0.540329700887507,0
review-dd85b84b55bb501f,msg-c7ae71424b0756ee528c,smishing,risky_request_visible,a_risky_request_visible,42,0,threshold_calibration,C,0.7764227689330544,1
review-dd9532439f290332,msg-d03214baadc38bd1336c,normal,ordinary_notice_or_conversation_possible,a_not_risky_request_visible,42,2,threshold_calibration,C,0.12410107991987461,0
review-e0a264aecc7ee1b0,msg-b08b74714736c2364217,normal,ordinary_notice_or_conversation_possible,a_not_risky_request_visible,42,1,threshold_calibration,C,0.4329277082366608,0
review-e0ac9753946feca9,msg-1cbe6cc1748e7262b5ab,smishing,risky_request_visible,a_risky_request_visible,42,0,threshold_calibration,C,0.5751506282386492,1
review-e1afcc76f28c4344,msg-957a54f95f91a63ee653,normal,ordinary_notice_or_conversation_possible,a_not_risky_request_visible,42,0,threshold_calibration,C,0.07204720953640621,0
review-e23fed0689d23954,msg-5bc65501f76a2d9c35b3,smishing,promotion_without_clear_scam_request,a_not_risky_request_visible,42,0,threshold_calibration,C,0.3807870550592294,0
review-e244a46bb3c89288,msg-b49a70f3593e3f36b11d,smishing,risky_request_visible,a_risky_request_visible,42,2,threshold_calibration,C,0.6068821807627665,1
review-e384094846a41b50,msg-705817f4922c88c5ecc5,smishing,risky_request_visible,a_risky_request_visible,42,0,threshold_calibration,C,0.7885838668894974,1
review-e432c718725ac7ae,msg-b372318bcb95d9f5bf57,normal,ordinary_notice_or_conversation_possible,a_not_risky_request_visible,42,0,threshold_calibration,C,0.21249172693073692,0
review-e447ae957587a31d,msg-0590a0a811adf41d19c4,smishing,risky_request_visible,a_risky_request_visible,42,0,threshold_calibration,C,0.7774100351114083,1
review-e4dca6a839df1435,msg-d7dccf71e0387df73450,normal,ordinary_notice_or_conversation_possible,a_not_risky_request_visible,42,1,threshold_calibration,C,0.20304450118598816,0
review-e8170ecaf09d95c1,msg-e863bf00fb6dbfb816f3,normal,ordinary_notice_or_conversation_possible,a_not_risky_request_visible,42,2,threshold_calibration,C,0.08751339420153868,0
review-e8eebbe27a7969d0,msg-26a403cb7e86084e2d88,normal,ordinary_notice_or_conversation_possible,a_not_risky_request_visible,42,1,threshold_calibration,C,0.160835776012208,0
review-e9f675e3299ddb73,msg-74894396e30aa7e375f2,normal,ordinary_notice_or_conversation_possible,a_not_risky_request_visible,42,1,threshold_calibration,C,0.3375944516135099,0
review-ea8461ed56afeacc,msg-ad517b34fab57cf3b438,normal,ordinary_notice_or_conversation_possible,a_not_risky_request_visible,42,2,threshold_calibration,C,0.14404942784982883,0
review-ed0223c36d93b8cb,msg-cfa0236fa8a0f40916bd,normal,promotion_without_clear_scam_request,a_not_risky_request_visible,42,1,threshold_calibration,C,0.4293257570296659,0
review-ed79a40573a23e85,msg-6f4d5cc6a56a922f2113,normal,promotion_without_clear_scam_request,a_not_risky_request_visible,42,0,threshold_calibration,C,0.2359640392526836,0
review-ed9460d363c32a66,msg-33b4946b6aa1c5826e5b,normal,ordinary_notice_or_conversation_possible,a_not_risky_request_visible,42,1,threshold_calibration,C,0.12291882460524622,0
review-ee314103593cc397,msg-3382d5781a64d5167a9f,smishing,risky_request_visible,a_risky_request_visible,42,0,threshold_calibration,C,0.21331230519369856,0
review-ee537a73bef42552,msg-a50c3f07d1c4116a5aae,normal,ordinary_notice_or_conversation_possible,a_not_risky_request_visible,42,1,threshold_calibration,C,0.18232734908548315,0
review-eef1587711f81f11,msg-2bf3512c4b917049d8d1,normal,ordinary_notice_or_conversation_possible,a_not_risky_request_visible,42,0,threshold_calibration,C,0.08422177267501124,0
review-f0b50460d98d4502,msg-95c382e5e68482d54b53,smishing,risky_request_visible,a_risky_request_visible,42,2,threshold_calibration,C,0.8156612048571482,1
review-f160feeb48ff21ee,msg-441e65241cda094c5e2a,smishing,risky_request_visible,a_risky_request_visible,42,0,threshold_calibration,C,0.48011963248498796,0
review-f278c035dcc448b5,msg-69e20b477e1f38d22287,normal,ordinary_notice_or_conversation_possible,a_not_risky_request_visible,42,1,threshold_calibration,C,0.09620103055969,0
review-f2c9ba7c14a8e7f4,msg-cbeab8aa1cb4e1328216,smishing,risky_request_visible,a_risky_request_visible,42,0,threshold_calibration,C,0.9450747940219106,1
review-f44ca51cbbeda00a,msg-b16b1f045aab2ea4a56f,smishing,risky_request_visible,a_risky_request_visible,42,1,threshold_calibration,C,0.9353675522843558,1
review-f68968ff35ec4bea,msg-3f37d9bd39aa22dc8368,normal,ordinary_notice_or_conversation_possible,a_not_risky_request_visible,42,1,threshold_calibration,C,0.12652912965281563,0
review-f69dbdcfebf56998,msg-6dd3cea31f51bc6f063d,smishing,risky_request_visible,a_risky_request_visible,42,2,threshold_calibration,C,0.7634337733864273,1
review-f778efc9b041eb43,msg-7a8ba417b2f4e2650e1b,normal,ordinary_notice_or_conversation_possible,a_not_risky_request_visible,42,1,threshold_calibration,C,0.13668438902437074,0
review-f8f57cab36b5e4f9,msg-0b0747a39cdb82046f16,normal,ordinary_notice_or_conversation_possible,a_not_risky_request_visible,42,1,threshold_calibration,C,0.22337590633992505,0
review-f9733f5a3ed15ba1,msg-c545ce4cd13f2f30e4db,smishing,risky_request_visible,a_risky_request_visible,42,0,threshold_calibration,C,0.9418301842658149,1
review-f9bfaa738fc7db78,msg-22666adef1260ae5f9a4,normal,ordinary_notice_or_conversation_possible,a_not_risky_request_visible,42,0,threshold_calibration,C,0.15631729333448297,0
review-f9d950de655d05cd,msg-5ef02907cd1045cb54a8,smishing,risky_request_visible,a_risky_request_visible,42,2,threshold_calibration,C,0.361014106318864,0
review-fb2667a6a62b9c38,msg-c2539bcbb168ad9fac37,normal,ordinary_notice_or_conversation_possible,a_not_risky_request_visible,42,1,threshold_calibration,C,0.10534872138441442,0
review-fcba197835dbe421,msg-c9a0f816a24bd3e21470,smishing,risky_request_visible,a_risky_request_visible,42,2,threshold_calibration,C,0.6585941796640824,1
review-fd55ea1d04c7fc3b,msg-44deb8ec94adc01da101,normal,promotion_without_clear_scam_request,a_not_risky_request_visible,42,2,threshold_calibration,C,0.044411417740786475,0
review-fdc12fa3cc3d98a8,msg-37fd1ef16190049166d2,smishing,risky_request_visible,a_risky_request_visible,42,2,threshold_calibration,C,0.9287605490377074,1
review-fef8e7e55d89aaf1,msg-f0265af2067049f392b6,smishing,risky_request_visible,a_risky_request_visible,42,1,threshold_calibration,C,0.7532168818313258,1
review-ff61b33b22cf09db,msg-f83fe7e80b1199988bc6,smishing,insufficient_context,a_not_risky_request_visible,42,1,threshold_calibration,C,0.48941081391123764,0
review-ff7824303811b880,msg-3a8d13b5b7957521ed9d,smishing,risky_request_visible,a_risky_request_visible,42,0,threshold_calibration,C,0.7256910284543479,1
review-01692c85b4c6e394,msg-86b2b582f59b8ef3cb9d,normal,ordinary_notice_or_conversation_possible,a_not_risky_request_visible,101,1,development_readout,A,0.1774496540265058,0
review-019e598ca75a2604,msg-51d91745aaf7c70cfe66,normal,ordinary_notice_or_conversation_possible,a_not_risky_request_visible,101,2,development_readout,A,0.06645876006495001,0
review-01daae558c8120c5,msg-a5fe2c7068a39a897fd5,normal,ordinary_notice_or_conversation_possible,a_not_risky_request_visible,101,1,development_readout,A,0.115850382623777,0
review-031c270e33784faf,msg-7b77eedddff4504d9db0,smishing,risky_request_visible,a_risky_request_visible,101,0,development_readout,A,0.419304627756785,1
review-062650e5c03db7b3,msg-736f82ab7ef68bca67fc,smishing,risky_request_visible,a_risky_request_visible,101,1,development_readout,A,0.3498642753773509,0
review-0651a6827875d503,msg-6dcdcd189e5593455a49,smishing,risky_request_visible,a_risky_request_visible,101,0,development_readout,A,0.9164277366757613,1
review-06613e1d63363778,msg-bd04b75032f0dfc2ee62,normal,promotion_without_clear_scam_request,a_not_risky_request_visible,101,1,development_readout,A,0.12059926305681024,0
review-06745995f913ed5c,msg-fb9fed8f5353c19f4482,normal,ordinary_notice_or_conversation_possible,a_not_risky_request_visible,101,1,development_readout,A,0.11302380551065426,0
review-075ea585da5cae15,msg-7013d5e6af2e769f406d,smishing,risky_request_visible,a_risky_request_visible,101,0,development_readout,A,0.9116172044638615,1
review-0822c98e66707747,msg-29c545e52c9813e635fa,normal,promotion_without_clear_scam_request,a_not_risky_request_visible,101,0,development_readout,A,0.11427086468101964,0
review-09dc7d3fa6246119,msg-82c1c5902ccf0f6cb441,normal,ordinary_notice_or_conversation_possible,a_not_risky_request_visible,101,1,development_readout,A,0.14588394026475524,0
review-0bc7f01b43b4a4f4,msg-4d26af1bd51a813c0839,normal,promotion_without_clear_scam_request,a_not_risky_request_visible,101,0,development_readout,A,0.1380525619102699,0
review-0bfbacbb2760394c,msg-ccf0e6a8ef2af65aced4,smishing,risky_request_visible,a_risky_request_visible,101,0,development_readout,A,0.6459173262615722,1
review-0ce89002b27ae13e,msg-b3850b9d024fcf99c238,normal,ordinary_notice_or_conversation_possible,a_not_risky_request_visible,101,1,development_readout,A,0.1330386071782159,0
review-0d61809b41685d2f,msg-3056e20984e704228691,normal,ordinary_notice_or_conversation_possible,a_not_risky_request_visible,101,1,development_readout,A,0.07897754626603407,0
review-105735240253acfe,msg-882fdf4a57682ebb0be2,smishing,risky_request_visible,a_risky_request_visible,101,2,development_readout,A,0.5107733571563569,1
review-10dcb33dda6d5472,msg-1de8402778c0caa023de,smishing,risky_request_visible,a_risky_request_visible,101,0,development_readout,A,0.9165839595237552,1
review-10e329e8873017e2,msg-4d92830c608f0547ddb4,smishing,risky_request_visible,a_risky_request_visible,101,1,development_readout,A,0.6216341021432843,1
review-10f0da95f3fdd21e,msg-58b952e19b37c0bc3c3c,normal,ordinary_notice_or_conversation_possible,a_not_risky_request_visible,101,0,development_readout,A,0.12187742173217073,0
review-12aedba2ef212671,msg-52cabfe559de650270d0,smishing,risky_request_visible,a_risky_request_visible,101,1,development_readout,A,0.9219726991348192,1
review-137a8d7cde64d50f,msg-b66553208ce35fd6531e,normal,ordinary_notice_or_conversation_possible,a_not_risky_request_visible,101,1,development_readout,A,0.11038616653479669,0
review-143e404949a72860,msg-9ab97598b92cc2549f26,smishing,risky_request_visible,a_risky_request_visible,101,0,development_readout,A,0.9128146463932787,1
review-1502532d7fb02e2b,msg-51961afc9b6d2bb950c4,smishing,risky_request_visible,a_risky_request_visible,101,1,development_readout,A,0.4389023572463236,0
review-170c904128c3b75d,msg-44ffbd69abef95d6b971,smishing,risky_request_visible,a_risky_request_visible,101,1,development_readout,A,0.6430705079299243,1
review-1820dec42f5ec2ca,msg-04d0a9cdecc5e27abe30,smishing,risky_request_visible,a_risky_request_visible,101,0,development_readout,A,0.5501971617744195,1
review-19cc4ce8b1dbe415,msg-e9e131d9372380a167cf,smishing,risky_request_visible,a_risky_request_visible,101,2,development_readout,A,0.265504634985282,0
review-19d11b9f743aa049,msg-58f85354ff60f8afada7,smishing,risky_request_visible,a_risky_request_visible,101,0,development_readout,A,0.6347490476153849,1
review-1a4aa7992820ca2a,msg-f6bc1ff296dcef8d3f5e,smishing,risky_request_visible,a_risky_request_visible,101,0,development_readout,A,0.6900122780118506,1
review-1a60e1bd37131802,msg-7347b19b9989a8b7563c,normal,ordinary_notice_or_conversation_possible,a_not_risky_request_visible,101,0,development_readout,A,0.09956732188757461,0
review-1bcdb8b5e4902f77,msg-6b0f921297bf6036cdd4,normal,ordinary_notice_or_conversation_possible,a_not_risky_request_visible,101,0,development_readout,A,0.08417781074514352,0
review-1cb842404c1056c4,msg-69af923a1b627636ba88,normal,ordinary_notice_or_conversation_possible,a_not_risky_request_visible,101,0,development_readout,A,0.1907694879345888,0
review-1e450b71c02e190a,msg-fde8fe5d8c4f6fbf52c2,smishing,risky_request_visible,a_risky_request_visible,101,1,development_readout,A,0.5471859439433623,1
review-1e68018ab3a2b26e,msg-c93b3c338ad73e40adfd,normal,ordinary_notice_or_conversation_possible,a_not_risky_request_visible,101,2,development_readout,A,0.2096995459472493,0
review-2015b61fb97f2965,msg-3649a91b276a45d342c6,normal,ordinary_notice_or_conversation_possible,a_not_risky_request_visible,101,2,development_readout,A,0.1326436642824981,0
review-21e2a2729d0906e0,msg-2f204be55b7d47704b0f,normal,ordinary_notice_or_conversation_possible,a_not_risky_request_visible,101,1,development_readout,A,0.13177204369612663,0
review-220daefcb5d386ed,msg-e3ec894bf4e93e8c550e,smishing,risky_request_visible,a_risky_request_visible,101,0,development_readout,A,0.7325675557283355,1
review-223ad249b0ed1b08,msg-dbf89313b9ea1ac5b6d3,normal,ordinary_notice_or_conversation_possible,a_not_risky_request_visible,101,1,development_readout,A,0.08920206828387496,0
review-22f7bb9e3da427de,msg-6f925e06a88f8d1cfd58,smishing,risky_request_visible,a_risky_request_visible,101,2,development_readout,A,0.3687528029829624,0
review-2324027bc353cb29,msg-69cdd029e53ee97a620b,smishing,risky_request_visible,a_risky_request_visible,101,0,development_readout,A,0.7070855131014282,1
review-23e4e9eb29dd8f93,msg-22e08f4c05ba067b383e,normal,ordinary_notice_or_conversation_possible,a_not_risky_request_visible,101,0,development_readout,A,0.13230422408926087,0
review-25104a7eec1f7831,msg-f98da8116216cda9e3fe,smishing,risky_request_visible,a_risky_request_visible,101,1,development_readout,A,0.6849792558875645,1
review-25ec7d62ea3d7444,msg-7f85a9711cbc0aa393d6,smishing,risky_request_visible,a_risky_request_visible,101,2,development_readout,A,0.23273987419560083,0
review-270f57eba07d36f4,msg-aa1ffdd49e000415678a,smishing,risky_request_visible,a_risky_request_visible,101,0,development_readout,A,0.6449692937923724,1
review-293586512b140a4e,msg-df9036abd2017f6f6be1,smishing,risky_request_visible,a_risky_request_visible,101,0,development_readout,A,0.40853443236907977,1
review-2953de0d9a6a0ef3,msg-b3fe8c24cdcc85dd4f28,normal,ordinary_notice_or_conversation_possible,a_not_risky_request_visible,101,1,development_readout,A,0.08242032868462727,0
review-2d4568421c26bf66,msg-96c30c2332ea6bf5e247,normal,ordinary_notice_or_conversation_possible,a_not_risky_request_visible,101,1,development_readout,A,0.15775719327416007,0
review-2d707fce0fb4702c,msg-e94fec8af385dc5ff556,normal,ordinary_notice_or_conversation_possible,a_not_risky_request_visible,101,0,development_readout,A,0.1751081021961324,0
review-2d80e47aaaa42543,msg-207b27eff27f4988fb0f,normal,ordinary_notice_or_conversation_possible,a_not_risky_request_visible,101,0,development_readout,A,0.2293602051202045,0
review-2dcd34cb42910200,msg-97b2b6ee95ed7d920877,smishing,risky_request_visible,a_risky_request_visible,101,1,development_readout,A,0.5802558017238646,1
review-2dd7b92c08e4f5c4,msg-42c7b3575f8a9da0d8d1,normal,promotion_without_clear_scam_request,a_not_risky_request_visible,101,1,development_readout,A,0.09116623012714666,0
review-2f31bd2c29ca07dd,msg-4301d7c49f5367242765,normal,ordinary_notice_or_conversation_possible,a_not_risky_request_visible,101,2,development_readout,A,0.07932362047133247,0
review-30c664d1fb0416d2,msg-4facddef64d2b1d3b592,normal,promotion_without_clear_scam_request,a_not_risky_request_visible,101,2,development_readout,A,0.09678840044067134,0
review-31a75727a167d60d,msg-f9061a931aba0d307ce6,smishing,risky_request_visible,a_risky_request_visible,101,0,development_readout,A,0.5130985258552339,1
review-322a0c915a6dca98,msg-3d77196a643275284eee,smishing,risky_request_visible,a_risky_request_visible,101,1,development_readout,A,0.5010661580216261,1
review-3398cc98a1b87648,msg-e33a5ed03522052013db,smishing,risky_request_visible,a_risky_request_visible,101,1,development_readout,A,0.6684679605100124,1
review-3423b715646fd583,msg-65bffe175e1d5b55382e,smishing,risky_request_visible,a_risky_request_visible,101,1,development_readout,A,0.9235204338741333,1
review-363f281df3bd9ba4,msg-36bc461d0aefe348462d,normal,promotion_without_clear_scam_request,a_not_risky_request_visible,101,0,development_readout,A,0.1319619803649434,0
review-364329807a65a090,msg-0be5e1e2bd038f3a1a24,smishing,risky_request_visible,a_risky_request_visible,101,2,development_readout,A,0.35486925196097324,0
review-370202b258208735,msg-fc0286653fb100798da2,smishing,risky_request_visible,a_risky_request_visible,101,0,development_readout,A,0.32113269545228296,0
review-3735a715aa425485,msg-5cbba54c59da325a454c,normal,ordinary_notice_or_conversation_possible,a_not_risky_request_visible,101,0,development_readout,A,0.24580088673838252,0
review-377101d740e3c93a,msg-f91f88e17b85bd740a41,smishing,risky_request_visible,a_risky_request_visible,101,1,development_readout,A,0.635596785693479,1
review-37962ff6cab628b9,msg-f745187c052997452a1e,smishing,risky_request_visible,a_risky_request_visible,101,0,development_readout,A,0.6924331537097758,1
review-37a24da8c91a2014,msg-814c1d043296b3a3b379,smishing,risky_request_visible,a_risky_request_visible,101,1,development_readout,A,0.6376095639511701,1
review-37bb8af10a6775e3,msg-c1aa2ee82e014406c58e,smishing,insufficient_context,a_not_risky_request_visible,101,1,development_readout,A,0.3007913116082937,0
review-3a343dbd60efe3c5,msg-e91ad896bc07a339c9ae,normal,promotion_without_clear_scam_request,a_not_risky_request_visible,101,1,development_readout,A,0.09544965629020237,0
review-3b5a82f01656ae5e,msg-4c9bb8aab19cd59ba6b7,normal,promotion_without_clear_scam_request,a_not_risky_request_visible,101,1,development_readout,A,0.06705961073186285,0
review-3c542b2889f7ee41,msg-ab4e24de8042cbea05d6,smishing,risky_request_visible,a_risky_request_visible,101,1,development_readout,A,0.9204721792346167,1
review-4034e1976e7caf3d,msg-a8f8f501a69d1d5855ba,normal,ordinary_notice_or_conversation_possible,a_not_risky_request_visible,101,1,development_readout,A,0.07858601473049043,0
review-40617332c72b6a65,msg-75bccb25272a125ae624,smishing,risky_request_visible,a_risky_request_visible,101,0,development_readout,A,0.7539028787864142,1
review-40e531a989b5b832,msg-90c8b223c83bae5b9f53,smishing,risky_request_visible,a_risky_request_visible,101,1,development_readout,A,0.5092436021695057,1
review-40f65d491fbb6c91,msg-29618cee18396e8a8e81,smishing,risky_request_visible,a_risky_request_visible,101,1,development_readout,A,0.6037324203473395,1
review-419f917f2243e05b,msg-f80f31e80e69da69dd6c,normal,promotion_without_clear_scam_request,a_not_risky_request_visible,101,2,development_readout,A,0.11814807077767722,0
review-41e7242cf53f7aec,msg-414effb98a09982ec13d,normal,promotion_without_clear_scam_request,a_not_risky_request_visible,101,1,development_readout,A,0.10232802025531385,0
review-46f3555593434e8a,msg-ef6fd44a32790af20571,smishing,risky_request_visible,a_risky_request_visible,101,1,development_readout,A,0.917941319697341,1
review-47389333283368dc,msg-32e17f91821e085e067c,smishing,risky_request_visible,a_risky_request_visible,101,2,development_readout,A,0.804190096125164,1
review-48f7182245c9e551,msg-a52c445339e75c5638c4,smishing,ordinary_notice_or_conversation_possible,a_not_risky_request_visible,101,2,development_readout,A,0.40294538358145215,0
review-49a272d982158787,msg-15e2ac02e0ac09e5383b,smishing,risky_request_visible,a_risky_request_visible,101,0,development_readout,A,0.4651321974508383,1
review-4bb32c9d9587eb5b,msg-32a5ea1e4acbac97b230,smishing,risky_request_visible,a_risky_request_visible,101,0,development_readout,A,0.3305208059809807,0
review-4bc7fe6f6685e5b0,msg-6a306e2d77b134423cff,smishing,risky_request_visible,a_risky_request_visible,101,2,development_readout,A,0.2007138229803244,0
review-4c45e2acc43cd09c,msg-240d23c05338edc37d89,smishing,risky_request_visible,a_risky_request_visible,101,0,development_readout,A,0.9113436123096261,1
review-4c7db89388133c66,msg-b366110e17c486b16b15,normal,ordinary_notice_or_conversation_possible,a_not_risky_request_visible,101,2,development_readout,A,0.1571513637074688,0
review-4db7bde369258db0,msg-6dd03ec5f1c618ada2c5,smishing,risky_request_visible,a_risky_request_visible,101,2,development_readout,A,0.6031267493600733,1
review-4e91758f8be8575d,msg-2a7f43ae7fa422fefb9b,smishing,risky_request_visible,a_risky_request_visible,101,2,development_readout,A,0.1809280789216284,0
review-50913d75a97def28,msg-59fc050be5af6ecad8a5,smishing,risky_request_visible,a_risky_request_visible,101,0,development_readout,A,0.5047809847909027,1
review-50c65fd60929a11c,msg-76755bc4cf7a9223f1f5,smishing,risky_request_visible,a_risky_request_visible,101,0,development_readout,A,0.6028676249814101,1
review-50eaadd4d0f17b7f,msg-7ebb94a273063e6a25f7,normal,ordinary_notice_or_conversation_possible,a_not_risky_request_visible,101,1,development_readout,A,0.10738226978151882,0
review-5155bcd98221f6df,msg-260f9a35da3e12d1699f,normal,ordinary_notice_or_conversation_possible,a_not_risky_request_visible,101,1,development_readout,A,0.11518738109821126,0
review-5176dde30e249277,msg-a95d096bdce327f3ec58,normal,ordinary_notice_or_conversation_possible,a_not_risky_request_visible,101,2,development_readout,A,0.1395549232742489,0
review-5192f26c12526af0,msg-46cf015971a39796118d,normal,risky_request_visible,a_risky_request_visible,101,0,development_readout,A,0.3627244604610663,0
review-5201c5937ee64b08,msg-bb5a4640eee306e11287,smishing,risky_request_visible,a_risky_request_visible,101,0,development_readout,A,0.47029485227998485,1
review-5351da806d5c8862,msg-56c6f7e6fe95f4eaf8db,normal,ordinary_notice_or_conversation_possible,a_not_risky_request_visible,101,1,development_readout,A,0.13734639914396204,0
review-53c35a92e8d9dc2a,msg-d521b3868f2aa0b03976,normal,ordinary_notice_or_conversation_possible,a_not_risky_request_visible,101,0,development_readout,A,0.33471366335862107,0
review-53cc92ecebb430c9,msg-e602e76abd3350bfd137,normal,ordinary_notice_or_conversation_possible,a_not_risky_request_visible,101,1,development_readout,A,0.09759890107968285,0
review-55155ad766375eb6,msg-2512e3e666de174caf80,normal,promotion_without_clear_scam_request,a_not_risky_request_visible,101,2,development_readout,A,0.19277825295987594,0
review-5582aae305ae4193,msg-50997c3a965c36ff8cbc,normal,promotion_without_clear_scam_request,a_not_risky_request_visible,101,0,development_readout,A,0.15609430227051638,0
review-55839cdd8c1c65c6,msg-7bc3eb6f8e2897ba9d73,normal,promotion_without_clear_scam_request,a_not_risky_request_visible,101,0,development_readout,A,0.10264576713379645,0
review-563b94c3e75e8c6d,msg-3943c098759d93b5d20b,smishing,risky_request_visible,a_risky_request_visible,101,2,development_readout,A,0.22534143003438706,0
review-56f61182338ec612,msg-791874081029523d4d1d,smishing,risky_request_visible,a_risky_request_visible,101,0,development_readout,A,0.5988452178305496,1
review-573127865357f88a,msg-6f84d9cc313db045b133,normal,ordinary_notice_or_conversation_possible,a_not_risky_request_visible,101,1,development_readout,A,0.08738671807850859,0
review-5784e41a45931326,msg-f2c24a6dc6cb602f2b03,smishing,risky_request_visible,a_risky_request_visible,101,2,development_readout,A,0.32185774829675207,0
review-588539dd497a5994,msg-eb5f2cc2527297a7b5a3,smishing,risky_request_visible,a_risky_request_visible,101,1,development_readout,A,0.46812334966753183,1
review-5a021883af9f96ea,msg-156bbfc36ff5805e450a,normal,promotion_without_clear_scam_request,a_not_risky_request_visible,101,2,development_readout,A,0.10076892428237126,0
review-5bd99d54544ce7e3,msg-9517e9c73490ca66a042,normal,promotion_without_clear_scam_request,a_not_risky_request_visible,101,2,development_readout,A,0.2420036851854787,0
review-5c5069cca8a5add0,msg-0efb0ebfb655d5c5c6d3,normal,promotion_without_clear_scam_request,a_not_risky_request_visible,101,0,development_readout,A,0.12165973061277938,0
review-6036afa1a4a219c3,msg-9bf6c95f6dc633dd8819,normal,ordinary_notice_or_conversation_possible,a_not_risky_request_visible,101,0,development_readout,A,0.11875617631442457,0
review-613647025d825449,msg-c2dbf3f9ef08a79aafdb,normal,ordinary_notice_or_conversation_possible,a_not_risky_request_visible,101,0,development_readout,A,0.15434872014283474,0
review-61fef2c9ced4f942,msg-660c2fd797c40f8e55ca,normal,ordinary_notice_or_conversation_possible,a_not_risky_request_visible,101,2,development_readout,A,0.32846260553114587,0
review-6236e7e3fd2a54c8,msg-03b2efa63efb18f3f74e,normal,ordinary_notice_or_conversation_possible,a_not_risky_request_visible,101,1,development_readout,A,0.2576288967272036,0
review-6260263e3bc9f334,msg-549f98d3604f2acece98,smishing,risky_request_visible,a_risky_request_visible,101,0,development_readout,A,0.9144223564812184,1
review-65fde99e6e05f377,msg-4cb8c149ce6f9aed0469,smishing,risky_request_visible,a_risky_request_visible,101,2,development_readout,A,0.7739769834922808,1
review-6925d1d5c92f5e6d,msg-44953d9e4eb6da25905d,normal,ordinary_notice_or_conversation_possible,a_not_risky_request_visible,101,0,development_readout,A,0.24784443897414885,0
review-6c345dd95982d152,msg-6abd20ac3d54a1acb08f,smishing,risky_request_visible,a_risky_request_visible,101,1,development_readout,A,0.7217877978708169,1
review-6c7372dc6724ef49,msg-fd7adb6f5bdba22704bd,normal,ordinary_notice_or_conversation_possible,a_not_risky_request_visible,101,2,development_readout,A,0.09981181227092485,0
review-6c9e3e62bbb95763,msg-a6d506945e9b701052e1,smishing,risky_request_visible,a_risky_request_visible,101,0,development_readout,A,0.18768788794973798,0
review-6e51f1a0ccb981e6,msg-58425ae1f35d0d6e8f6c,smishing,risky_request_visible,a_risky_request_visible,101,2,development_readout,A,0.6544675046841711,1
review-6f695f49e7ab13e0,msg-8356b29b26dab4a93304,normal,ordinary_notice_or_conversation_possible,a_not_risky_request_visible,101,2,development_readout,A,0.271764355618016,0
review-70dad336d995a509,msg-00cd858afe8ef2de5fd3,normal,ordinary_notice_or_conversation_possible,a_not_risky_request_visible,101,2,development_readout,A,0.1333260388756112,0
review-747ccc19ddd0a65f,msg-2b77caba18e48a22b597,normal,ordinary_notice_or_conversation_possible,a_not_risky_request_visible,101,0,development_readout,A,0.14666731715652237,0
review-75f8aea8c65c0cb2,msg-944b6913babee30e1aa4,smishing,risky_request_visible,a_risky_request_visible,101,0,development_readout,A,0.8487230116302564,1
review-76a47d926f91413e,msg-81c59d9e2363e29c4af7,normal,ordinary_notice_or_conversation_possible,a_not_risky_request_visible,101,2,development_readout,A,0.09674719730986102,0
review-7794b3bc9bc0c3a1,msg-a2db1c36a4678988377c,normal,ordinary_notice_or_conversation_possible,a_not_risky_request_visible,101,2,development_readout,A,0.360012202664848,0
review-77b394cbe6e1dc4b,msg-168706cc9aaa2ee44f65,normal,ordinary_notice_or_conversation_possible,a_not_risky_request_visible,101,0,development_readout,A,0.3731573841905468,0
review-790151d3979b5cf2,msg-05a81159578289c50343,normal,ordinary_notice_or_conversation_possible,a_not_risky_request_visible,101,0,development_readout,A,0.07247989209430006,0
review-7b32c18f837c52f3,msg-906c8805c776e5912484,normal,risky_request_visible,a_risky_request_visible,101,1,development_readout,A,0.17502689694664736,0
review-7b9d338bf5cd4bdc,msg-733b60f36694b02ec836,normal,ordinary_notice_or_conversation_possible,a_not_risky_request_visible,101,0,development_readout,A,0.11429458506770705,0
review-7c0605262829dbc3,msg-c35aa37c11bf43b745cb,smishing,risky_request_visible,a_risky_request_visible,101,0,development_readout,A,0.9163631251727266,1
review-7cbff1d715e4b2f0,msg-565ddb5f77c920c58378,normal,promotion_without_clear_scam_request,a_not_risky_request_visible,101,2,development_readout,A,0.13896842130690615,0
review-7e4208c3a8d81d5e,msg-51e93ba561b9d389f5a6,normal,ordinary_notice_or_conversation_possible,a_not_risky_request_visible,101,2,development_readout,A,0.1785804860804904,0
review-8039ca8a8d71147c,msg-d7d609114f737190d087,smishing,risky_request_visible,a_risky_request_visible,101,2,development_readout,A,0.4229030929981059,0
review-80aaf5285dff5d52,msg-f5342ad5453afafa654a,normal,promotion_without_clear_scam_request,a_not_risky_request_visible,101,2,development_readout,A,0.07374589358989671,0
review-80c5a8d505a86e25,msg-0d11f1b2d5dd7fb1934a,normal,ordinary_notice_or_conversation_possible,a_not_risky_request_visible,101,1,development_readout,A,0.10823808941067453,0
review-83fb52312abeb4ec,msg-57b110c902b64420f7db,smishing,risky_request_visible,a_risky_request_visible,101,1,development_readout,A,0.6471880700707325,1
review-87280a48b9739e82,msg-a277748568204738c928,smishing,risky_request_visible,a_risky_request_visible,101,1,development_readout,A,0.44834320032031705,0
review-87fb862754461a9e,msg-0d54c7b740e366837504,normal,promotion_without_clear_scam_request,a_not_risky_request_visible,101,2,development_readout,A,0.05984404703876572,0
review-8a9635c815342586,msg-5b3252b8d919d9dfa5c2,smishing,risky_request_visible,a_risky_request_visible,101,0,development_readout,A,0.9061307589213747,1
review-8ac3c67723460772,msg-7a0a306167abc3b72d8c,normal,ordinary_notice_or_conversation_possible,a_not_risky_request_visible,101,1,development_readout,A,0.07481503174372581,0
review-8acb2fdf0b998c44,msg-442633ffd7cc37f8a891,smishing,risky_request_visible,a_risky_request_visible,101,2,development_readout,A,0.5658333291451468,1
review-8b051b87b72136a4,msg-8a4662fd944d66f460fd,smishing,risky_request_visible,a_risky_request_visible,101,1,development_readout,A,0.32354339522405046,0
review-8c3afec16f00c8ea,msg-6173af161b27fe6f4ce6,normal,ordinary_notice_or_conversation_possible,a_not_risky_request_visible,101,2,development_readout,A,0.09154067805370168,0
review-8c9379e6d07693b9,msg-be03c5915bdd7e2e4314,smishing,risky_request_visible,a_risky_request_visible,101,1,development_readout,A,0.14092333995557962,0
review-901aa5f6d890357c,msg-74012a11f8d7a0e2cbd2,smishing,risky_request_visible,a_risky_request_visible,101,0,development_readout,A,0.8556912957339414,1
review-92e977f1b9f64cdd,msg-3deb3a161a23b32aea25,smishing,risky_request_visible,a_risky_request_visible,101,2,development_readout,A,0.5277315961003536,1
review-93d84a89e42aa2d2,msg-08ce7d2baeca7acc8b65,smishing,risky_request_visible,a_risky_request_visible,101,1,development_readout,A,0.6606144032522314,1
review-93e39f35ad377da3,msg-64cdca546bafdc9324f0,normal,ordinary_notice_or_conversation_possible,a_not_risky_request_visible,101,0,development_readout,A,0.16744642398484752,0
review-94b8ffc8b0784e28,msg-75d8feb50109f84a12cc,normal,ordinary_notice_or_conversation_possible,a_not_risky_request_visible,101,0,development_readout,A,0.08653716055288328,0
review-95c15e2125e8158e,msg-0afc2595ae8ed75b8bb8,smishing,risky_request_visible,a_risky_request_visible,101,2,development_readout,A,0.6714920234646127,1
review-973274a88b5aa1db,msg-706b91df031716838257,normal,ordinary_notice_or_conversation_possible,a_not_risky_request_visible,101,2,development_readout,A,0.09678958166661604,0
review-9751bc751be6b57c,msg-64a843bec3f3dce4ee45,smishing,risky_request_visible,a_risky_request_visible,101,0,development_readout,A,0.6201062441480489,1
review-97b3b26bd7e8a65a,msg-359327bd4e7edc3cb5ba,normal,insufficient_context,a_not_risky_request_visible,101,1,development_readout,A,0.07924935010700722,0
review-97dbf9fb83d5fd0a,msg-6301a4730ee412e86a8c,normal,promotion_without_clear_scam_request,a_not_risky_request_visible,101,2,development_readout,A,0.10841274363357742,0
review-9827872ee45caecd,msg-6632bfd7a0b259199dcf,smishing,risky_request_visible,a_risky_request_visible,101,2,development_readout,A,0.77379201449109,1
review-9833d3f3d2c07833,msg-d787f40cfc7dbbe6778f,smishing,risky_request_visible,a_risky_request_visible,101,1,development_readout,A,0.6220661730286038,1
review-9848e1bfbd07911c,msg-f2873d2e33fdffabc808,normal,ordinary_notice_or_conversation_possible,a_not_risky_request_visible,101,1,development_readout,A,0.09163738446200123,0
review-98f9751b78a4c31e,msg-06b44744cbf1ec56130e,normal,ordinary_notice_or_conversation_possible,a_not_risky_request_visible,101,0,development_readout,A,0.09111490590248336,0
review-9a3f12ca280a1c8a,msg-9865307d8d5cb09874f2,normal,promotion_without_clear_scam_request,a_not_risky_request_visible,101,0,development_readout,A,0.2874530770102358,0
review-9a4ea6655a8a5a4f,msg-df3170271394537db9ca,normal,promotion_without_clear_scam_request,a_not_risky_request_visible,101,2,development_readout,A,0.16723800485276236,0
review-9bf729353718fab4,msg-9ce453dc5d619e51234f,normal,ordinary_notice_or_conversation_possible,a_not_risky_request_visible,101,1,development_readout,A,0.04989084031249223,0
review-9c83743cb64ceb5e,msg-dc4ff0d2d722a2c6cbac,normal,ordinary_notice_or_conversation_possible,a_not_risky_request_visible,101,2,development_readout,A,0.18946408766673808,0
review-9c94f8c84f214457,msg-79fa0f109f0555707dca,smishing,risky_request_visible,a_risky_request_visible,101,0,development_readout,A,0.22611358595714326,0
review-9ca002eef5fabf4c,msg-a8d5485f9438f3ab5181,normal,ordinary_notice_or_conversation_possible,a_not_risky_request_visible,101,1,development_readout,A,0.08419686383290138,0
review-9d4c0bc5bb2de352,msg-7f6ef3389d8815ed454b,smishing,risky_request_visible,a_risky_request_visible,101,0,development_readout,A,0.6277578966151535,1
review-9db42b53975f21ce,msg-d44b95e16930e223469c,normal,promotion_without_clear_scam_request,a_not_risky_request_visible,101,2,development_readout,A,0.14575381411873323,0
review-9dcbf9222596e8de,msg-142bb92fb41d9cbcef5f,normal,ordinary_notice_or_conversation_possible,a_not_risky_request_visible,101,2,development_readout,A,0.25822722794499553,0
review-9e59560a7b1c6aa2,msg-32ce2bf355f633f0fee5,smishing,promotion_without_clear_scam_request,a_not_risky_request_visible,101,2,development_readout,A,0.17173065865720555,0
review-9e77e04ddb3e3ff6,msg-374fc9d1a57bc673b881,smishing,risky_request_visible,a_risky_request_visible,101,1,development_readout,A,0.8527291567740809,1
review-9ec13abc1ec360b9,msg-053785582f2d9ed1abb9,normal,ordinary_notice_or_conversation_possible,a_not_risky_request_visible,101,1,development_readout,A,0.11290356745006955,0
review-a00070320560c3ff,msg-eaeafeff80833a0c2e24,normal,risky_request_visible,a_risky_request_visible,101,0,development_readout,A,0.5303770292533673,1
review-a077aa771a77e44f,msg-a37b49f0af9136126259,normal,ordinary_notice_or_conversation_possible,a_not_risky_request_visible,101,1,development_readout,A,0.14023491089620568,0
review-a07cfcb07490d311,msg-5ce84ad96d59a95604b7,smishing,risky_request_visible,a_risky_request_visible,101,1,development_readout,A,0.6414523022514448,1
review-a1325d40440edcad,msg-b68194dccdbc6eeaa462,normal,ordinary_notice_or_conversation_possible,a_not_risky_request_visible,101,1,development_readout,A,0.08420277308801102,0
review-a1b685810c820047,msg-46ca64892a1c3e660136,smishing,risky_request_visible,a_risky_request_visible,101,1,development_readout,A,0.9199180391951468,1
review-a1c208b7e2a31834,msg-cfebfff6180461481c77,smishing,risky_request_visible,a_risky_request_visible,101,2,development_readout,A,0.5152937770175169,1
review-a31dcf3587c938e0,msg-69f98ce7e1a685df8515,smishing,risky_request_visible,a_risky_request_visible,101,2,development_readout,A,0.5902964328732138,1
review-a3348ee784bf419a,msg-ff64a4e11508a5dc7000,smishing,risky_request_visible,a_risky_request_visible,101,1,development_readout,A,0.8650788206260759,1
review-a3b8e31a589bfbf6,msg-72b62dcb8e0666cea243,smishing,risky_request_visible,a_risky_request_visible,101,0,development_readout,A,0.6240181941105128,1
review-a5c8844b07d15249,msg-080a80350fda25ee4181,smishing,risky_request_visible,a_risky_request_visible,101,0,development_readout,A,0.6735409666634911,1
review-a737e63e0af5d4ad,msg-58763f1db8c40f82f590,normal,promotion_without_clear_scam_request,a_not_risky_request_visible,101,1,development_readout,A,0.11412796031206408,0
review-a8b302c46a81110b,msg-a923033b51733c278a32,normal,ordinary_notice_or_conversation_possible,a_not_risky_request_visible,101,1,development_readout,A,0.08246727720572791,0
review-a966f0861f64ccf4,msg-730ac32bb52515f362b7,smishing,risky_request_visible,a_risky_request_visible,101,0,development_readout,A,0.33974860321764716,0
review-ab5082605dd6822e,msg-caea04347391d8ade4f5,smishing,risky_request_visible,a_risky_request_visible,101,2,development_readout,A,0.575474977369878,1
review-ad7039ac6a9ced27,msg-c81c5b25a163ca19481f,normal,ordinary_notice_or_conversation_possible,a_not_risky_request_visible,101,2,development_readout,A,0.08940669345453,0
review-add578e780e46b65,msg-219e4e28472310285851,normal,promotion_without_clear_scam_request,a_not_risky_request_visible,101,2,development_readout,A,0.15163334390613986,0
review-aefdc599d52d1968,msg-ce6e8882987410ea9dcb,normal,risky_request_visible,a_risky_request_visible,101,2,development_readout,A,0.20703354155158116,0
review-af3cd140e815bf14,msg-76ea500b769d004670c6,normal,ordinary_notice_or_conversation_possible,a_not_risky_request_visible,101,0,development_readout,A,0.15585307960288328,0
review-b1335825efb8b815,msg-b01d387c5717587aaf48,normal,ordinary_notice_or_conversation_possible,a_not_risky_request_visible,101,0,development_readout,A,0.31043991842050556,0
review-b1951ff1f4366cb0,msg-cced4520ab46379e15a2,normal,ordinary_notice_or_conversation_possible,a_not_risky_request_visible,101,0,development_readout,A,0.07478596111753373,0
review-b4f3af03fab1d1b9,msg-ca0bba4719e18ebdea2c,smishing,risky_request_visible,a_risky_request_visible,101,0,development_readout,A,0.3591323744902942,0
review-b52505e7e689a4b8,msg-362b479a08fa48892f2e,normal,promotion_without_clear_scam_request,a_not_risky_request_visible,101,0,development_readout,A,0.12142291784297296,0
review-b7db7bfa3479f4d7,msg-432734d9e15c6f93d376,normal,ordinary_notice_or_conversation_possible,a_not_risky_request_visible,101,0,development_readout,A,0.21631403041146122,0
review-b8b4a371ec215d7c,msg-6ad7fc559a70473d3c43,normal,ordinary_notice_or_conversation_possible,a_not_risky_request_visible,101,1,development_readout,A,0.27692966894800286,0
review-bb9c36d01d5155e0,msg-5af06b6771a844fe1037,smishing,risky_request_visible,a_risky_request_visible,101,2,development_readout,A,0.5075502263795396,1
review-bbe916c0a5f13c5a,msg-a45a85532c29434e8b27,smishing,risky_request_visible,a_risky_request_visible,101,0,development_readout,A,0.9105668760373679,1
review-bc5e0069bbad7d67,msg-ccfb4bcf7b100e873356,normal,ordinary_notice_or_conversation_possible,a_not_risky_request_visible,101,2,development_readout,A,0.09139941357755203,0
review-bc64860bdda53d26,msg-fe8267c63ab4ef9ceaa5,normal,ordinary_notice_or_conversation_possible,a_not_risky_request_visible,101,1,development_readout,A,0.043711777054773845,0
review-bc9e9750ed2f2246,msg-9807f366fd3a944bee02,normal,ordinary_notice_or_conversation_possible,a_not_risky_request_visible,101,0,development_readout,A,0.17030915549180983,0
review-be8ac302beaaaa38,msg-504e4d980601e6913b67,normal,ordinary_notice_or_conversation_possible,a_not_risky_request_visible,101,2,development_readout,A,0.1755484775025336,0
review-bee3f43cbc979cc9,msg-4d9ff4113e4ed5d9e90c,smishing,risky_request_visible,a_risky_request_visible,101,1,development_readout,A,0.28271922595937965,0
review-bf5160f31d278f7b,msg-c051b9c58babed147478,normal,ordinary_notice_or_conversation_possible,a_not_risky_request_visible,101,2,development_readout,A,0.10749707570566866,0
review-c0dec81b7dec22c5,msg-36f813c46481d09c7f14,normal,ordinary_notice_or_conversation_possible,a_not_risky_request_visible,101,2,development_readout,A,0.17378112730238354,0
review-c2b11fa0a2c3336f,msg-18146f4aa7a10243efff,normal,ordinary_notice_or_conversation_possible,a_not_risky_request_visible,101,2,development_readout,A,0.1122775881665314,0
review-c386fdd922078a37,msg-c21e147ebc288236d642,normal,ordinary_notice_or_conversation_possible,a_not_risky_request_visible,101,1,development_readout,A,0.13994610433311266,0
review-c4368025a0827097,msg-115656ab7419963f3ec4,normal,ordinary_notice_or_conversation_possible,a_not_risky_request_visible,101,0,development_readout,A,0.24035169698494785,0
review-c58fb60504f6d9d8,msg-fb1d46a056dbeb985081,smishing,risky_request_visible,a_risky_request_visible,101,1,development_readout,A,0.3441999848294249,0
review-c68883cf7ada6886,msg-e8325082747f144e0b1f,smishing,risky_request_visible,a_risky_request_visible,101,0,development_readout,A,0.5436288610221336,1
review-c7968cd6c3d1f959,msg-13d13b63af525be88c8e,normal,ordinary_notice_or_conversation_possible,a_not_risky_request_visible,101,0,development_readout,A,0.07367637459028403,0
review-c7acc1ae1037b569,msg-9ae5d9f225d18d759f00,smishing,risky_request_visible,a_risky_request_visible,101,1,development_readout,A,0.6771443241685856,1
review-c964452f27eede18,msg-8cc13371612bd1cf432c,smishing,insufficient_context,a_not_risky_request_visible,101,1,development_readout,A,0.3009395410561555,0
review-c9bef77585bdd4e8,msg-2dbc56f9e20b89a67a13,smishing,risky_request_visible,a_risky_request_visible,101,1,development_readout,A,0.3581783145581011,0
review-c9eb20ef749cdb80,msg-96057ba4137a67242859,normal,promotion_without_clear_scam_request,a_not_risky_request_visible,101,1,development_readout,A,0.13312202723743952,0
review-ca1c52eb5a9e5a56,msg-383f97042ca6b0129236,normal,ordinary_notice_or_conversation_possible,a_not_risky_request_visible,101,2,development_readout,A,0.04684049346790946,0
review-ca722d1baa37caa6,msg-640a5ef11bb22eeb3dbc,smishing,risky_request_visible,a_risky_request_visible,101,1,development_readout,A,0.9197355978760225,1
review-cb32573abbb83f9f,msg-26e314f88d0d3eaafbd6,smishing,risky_request_visible,a_risky_request_visible,101,1,development_readout,A,0.9257243861176603,1
review-cbbc72e510f286e3,msg-cb107b27366c1e7283c6,smishing,risky_request_visible,a_risky_request_visible,101,0,development_readout,A,0.8998016708934993,1
review-cf827f0ca2b4b9a5,msg-4e0bd498f47b89599ea6,smishing,risky_request_visible,a_risky_request_visible,101,1,development_readout,A,0.2719416815382675,0
review-cfc0b12d1183e034,msg-a382e8e19124dfbd1cd5,normal,ordinary_notice_or_conversation_possible,a_not_risky_request_visible,101,2,development_readout,A,0.3214513682464522,0
review-d0b2291f671afb13,msg-69107f37830e441acc20,smishing,risky_request_visible,a_risky_request_visible,101,2,development_readout,A,0.44598238437684506,1
review-d17c9fec5ba94c27,msg-0833b822c08cc170dc26,smishing,risky_request_visible,a_risky_request_visible,101,0,development_readout,A,0.6157709944338532,1
review-d1ba629d1b0c0386,msg-3a166a3d426428da952d,smishing,insufficient_context,a_not_risky_request_visible,101,0,development_readout,A,0.12801259278035476,0
review-d299ebb8c45a2f94,msg-0b586f5fca364bbc8c8d,smishing,insufficient_context,a_not_risky_request_visible,101,0,development_readout,A,0.13936106257509523,0
review-d3b4daac66058960,msg-2819ed8636ecdee04bb3,normal,promotion_without_clear_scam_request,a_not_risky_request_visible,101,1,development_readout,A,0.12792318585807,0
review-d5b560692f11bda9,msg-20cb262bf7645dfe36d5,normal,ordinary_notice_or_conversation_possible,a_not_risky_request_visible,101,1,development_readout,A,0.0904252364517981,0
review-d684b0c9ae6eb28a,msg-b46e8faecd246cf1967d,smishing,risky_request_visible,a_risky_request_visible,101,1,development_readout,A,0.6473445220671735,1
review-d6877eb437269499,msg-d6441157b1184c30f6c0,normal,ordinary_notice_or_conversation_possible,a_not_risky_request_visible,101,1,development_readout,A,0.13889731460940877,0
review-d7a5aa91a1e9ef4b,msg-963560a696c2068b11aa,normal,promotion_without_clear_scam_request,a_not_risky_request_visible,101,2,development_readout,A,0.12801998000399947,0
review-d885dde988ff81fc,msg-e9f133abd48046d0b082,smishing,risky_request_visible,a_risky_request_visible,101,1,development_readout,A,0.7664930479473899,1
review-d927fc30b0eb9634,msg-1af26a10b08f45f41fde,smishing,risky_request_visible,a_risky_request_visible,101,1,development_readout,A,0.345250319567344,0
review-db2e98df10b7ea70,msg-c3a7447e038aacfc0b56,normal,ordinary_notice_or_conversation_possible,a_not_risky_request_visible,101,2,development_readout,A,0.1567111639600148,0
review-dcfd0dc2773c1fc2,msg-efd9fc3fa5aed3568aff,smishing,risky_request_visible,a_risky_request_visible,101,1,development_readout,A,0.7365332856912488,1
review-dd1fb20a78a6cb60,msg-0c3c82dfb168fc722263,normal,ordinary_notice_or_conversation_possible,a_not_risky_request_visible,101,1,development_readout,A,0.09903585288462216,0
review-de8af5907865c3e9,msg-8d5b64a36fbb3eb71e78,smishing,risky_request_visible,a_risky_request_visible,101,1,development_readout,A,0.3734416582257481,0
review-e058b93119484125,msg-64eeb1b2fa95ac8fb479,smishing,risky_request_visible,a_risky_request_visible,101,1,development_readout,A,0.8531303624103111,1
review-e1afcc76f28c4344,msg-957a54f95f91a63ee653,normal,ordinary_notice_or_conversation_possible,a_not_risky_request_visible,101,2,development_readout,A,0.05891135140417863,0
review-e23fed0689d23954,msg-5bc65501f76a2d9c35b3,smishing,promotion_without_clear_scam_request,a_not_risky_request_visible,101,2,development_readout,A,0.324834160676105,0
review-e2fd25cde06b2e07,msg-871f6b0c52c58905dd41,normal,promotion_without_clear_scam_request,a_not_risky_request_visible,101,2,development_readout,A,0.16016013848976154,0
review-e432c718725ac7ae,msg-b372318bcb95d9f5bf57,normal,ordinary_notice_or_conversation_possible,a_not_risky_request_visible,101,2,development_readout,A,0.23629181916736164,0
review-e447ae957587a31d,msg-0590a0a811adf41d19c4,smishing,risky_request_visible,a_risky_request_visible,101,1,development_readout,A,0.6793710069049066,1
review-e4dca6a839df1435,msg-d7dccf71e0387df73450,normal,ordinary_notice_or_conversation_possible,a_not_risky_request_visible,101,2,development_readout,A,0.16494653023022204,0
review-e511d7b76f480bc7,msg-c12f37d2560f5acf8fc5,smishing,risky_request_visible,a_risky_request_visible,101,1,development_readout,A,0.9216768276560476,1
review-e58d1b3575c7e041,msg-60b7b814308d63263bea,smishing,risky_request_visible,a_risky_request_visible,101,0,development_readout,A,0.6835481813604529,1
review-e5c8c789729e554c,msg-d028b9185e67164eda89,normal,ordinary_notice_or_conversation_possible,a_not_risky_request_visible,101,0,development_readout,A,0.14850465138757524,0
review-e8170ecaf09d95c1,msg-e863bf00fb6dbfb816f3,normal,ordinary_notice_or_conversation_possible,a_not_risky_request_visible,101,1,development_readout,A,0.10852356994601763,0
review-e8eebbe27a7969d0,msg-26a403cb7e86084e2d88,normal,ordinary_notice_or_conversation_possible,a_not_risky_request_visible,101,1,development_readout,A,0.17817503894635597,0
review-eb5bbbe4e99a6f72,msg-aae535e14decd836abac,normal,ordinary_notice_or_conversation_possible,a_not_risky_request_visible,101,0,development_readout,A,0.1786433451132595,0
review-ecc7155e591dec16,msg-7b45fdda561c81cabe19,smishing,risky_request_visible,a_risky_request_visible,101,0,development_readout,A,0.5441374742878186,1
review-ed9460d363c32a66,msg-33b4946b6aa1c5826e5b,normal,ordinary_notice_or_conversation_possible,a_not_risky_request_visible,101,2,development_readout,A,0.11720662606717215,0
review-ee314103593cc397,msg-3382d5781a64d5167a9f,smishing,risky_request_visible,a_risky_request_visible,101,2,development_readout,A,0.1476914240073867,0
review-ee537a73bef42552,msg-a50c3f07d1c4116a5aae,normal,ordinary_notice_or_conversation_possible,a_not_risky_request_visible,101,1,development_readout,A,0.16732752361636052,0
review-eef1587711f81f11,msg-2bf3512c4b917049d8d1,normal,ordinary_notice_or_conversation_possible,a_not_risky_request_visible,101,1,development_readout,A,0.07748925671779801,0
review-f02182e8f70df196,msg-b789ac48b433840d97a1,smishing,risky_request_visible,a_risky_request_visible,101,0,development_readout,A,0.3707179085323071,0
review-f0b50460d98d4502,msg-95c382e5e68482d54b53,smishing,risky_request_visible,a_risky_request_visible,101,1,development_readout,A,0.6466736036071918,1
review-f160feeb48ff21ee,msg-441e65241cda094c5e2a,smishing,risky_request_visible,a_risky_request_visible,101,1,development_readout,A,0.3503668824041001,0
review-f68968ff35ec4bea,msg-3f37d9bd39aa22dc8368,normal,ordinary_notice_or_conversation_possible,a_not_risky_request_visible,101,2,development_readout,A,0.1107269785403522,0
review-f69dbdcfebf56998,msg-6dd3cea31f51bc6f063d,smishing,risky_request_visible,a_risky_request_visible,101,2,development_readout,A,0.5161658802069132,1
review-f6f3c364cb66f280,msg-67f89394e1696666880c,normal,ordinary_notice_or_conversation_possible,a_not_risky_request_visible,101,0,development_readout,A,0.10857710261184497,0
review-f778efc9b041eb43,msg-7a8ba417b2f4e2650e1b,normal,ordinary_notice_or_conversation_possible,a_not_risky_request_visible,101,2,development_readout,A,0.12571789056668473,0
review-f8f57cab36b5e4f9,msg-0b0747a39cdb82046f16,normal,ordinary_notice_or_conversation_possible,a_not_risky_request_visible,101,1,development_readout,A,0.20859103329299541,0
review-f9733f5a3ed15ba1,msg-c545ce4cd13f2f30e4db,smishing,risky_request_visible,a_risky_request_visible,101,2,development_readout,A,0.9394275661054806,1
review-fb2667a6a62b9c38,msg-c2539bcbb168ad9fac37,normal,ordinary_notice_or_conversation_possible,a_not_risky_request_visible,101,1,development_readout,A,0.10308845249301678,0
review-fcb737070b879e4f,msg-63be477f140adc17e396,normal,ordinary_notice_or_conversation_possible,a_not_risky_request_visible,101,0,development_readout,A,0.12373612382431062,0
review-fd55ea1d04c7fc3b,msg-44deb8ec94adc01da101,normal,promotion_without_clear_scam_request,a_not_risky_request_visible,101,1,development_readout,A,0.04007840605146703,0
review-fdc12fa3cc3d98a8,msg-37fd1ef16190049166d2,smishing,risky_request_visible,a_risky_request_visible,101,0,development_readout,A,0.8895885861206032,1
review-fe1822167edb9625,msg-bee493f64946ad6b35a4,normal,promotion_without_clear_scam_request,a_not_risky_request_visible,101,0,development_readout,A,0.1001586854405308,0
review-fef8e7e55d89aaf1,msg-f0265af2067049f392b6,smishing,risky_request_visible,a_risky_request_visible,101,2,development_readout,A,0.679398434932,1
review-ff1ff6c1bdbeaee2,msg-35a30cfabb7c40cc1912,normal,ordinary_notice_or_conversation_possible,a_not_risky_request_visible,101,2,development_readout,A,0.10865387856895704,0
review-ff61b33b22cf09db,msg-f83fe7e80b1199988bc6,smishing,insufficient_context,a_not_risky_request_visible,101,1,development_readout,A,0.29291614153703305,0
review-0056707322867f9e,msg-bfebdfbc523c88d22afe,normal,ordinary_notice_or_conversation_possible,a_not_risky_request_visible,101,0,threshold_calibration,A,0.047851809857976615,0
review-014f431cdb07954a,msg-0c6dfbf2de170e52a942,smishing,risky_request_visible,a_risky_request_visible,101,0,threshold_calibration,A,0.2974537679794389,0
review-0191505287bc42c3,msg-125422950bbf2894b298,normal,ordinary_notice_or_conversation_possible,a_not_risky_request_visible,101,0,threshold_calibration,A,0.09168356915430166,0
review-022dede98715a30c,msg-873db1de4a30a9f5c623,normal,ordinary_notice_or_conversation_possible,a_not_risky_request_visible,101,1,threshold_calibration,A,0.11268341210100251,0
review-0238870c30ef790e,msg-d2b85b2279d55f17aa61,smishing,risky_request_visible,a_risky_request_visible,101,2,threshold_calibration,A,0.13883493863450613,0
review-02ed9a9204fc5c8c,msg-8af5cc4194464b481799,smishing,risky_request_visible,a_risky_request_visible,101,2,threshold_calibration,A,0.6262650924693921,1
review-0364c25d14e8bb7d,msg-ba7ace3a75e45b91726c,smishing,risky_request_visible,a_risky_request_visible,101,0,threshold_calibration,A,0.9150486289034082,1
review-05ba384c6ab030f1,msg-0cf1f701a15c54d26789,normal,ordinary_notice_or_conversation_possible,a_not_risky_request_visible,101,2,threshold_calibration,A,0.1751881403067238,0
review-06e6ec96dd763a34,msg-3be783148c7ea591a6af,normal,promotion_without_clear_scam_request,a_not_risky_request_visible,101,2,threshold_calibration,A,0.11335490700625976,0
review-06fe91fac978687e,msg-a83bb61726a247a6e1e1,normal,promotion_without_clear_scam_request,a_not_risky_request_visible,101,1,threshold_calibration,A,0.07530770361827852,0
review-07c0fb876beabf4b,msg-cdcf2dfc7474190999c3,smishing,promotion_without_clear_scam_request,a_not_risky_request_visible,101,0,threshold_calibration,A,0.6101579768346898,1
review-09f8a52a643bde75,msg-a190594f2bffb92ea5e6,normal,ordinary_notice_or_conversation_possible,a_not_risky_request_visible,101,0,threshold_calibration,A,0.2163761566477037,0
review-09f9fd98d92b31c5,msg-cbb14d3ea8b4c356543b,smishing,risky_request_visible,a_risky_request_visible,101,1,threshold_calibration,A,0.3113603861356078,0
review-0ba297695cc9a600,msg-593cd80d2ef7e33546ac,normal,ordinary_notice_or_conversation_possible,a_not_risky_request_visible,101,1,threshold_calibration,A,0.19828576259086847,0
review-0bf0da403c12d587,msg-b7800f4db5faf73f5f6d,smishing,risky_request_visible,a_risky_request_visible,101,2,threshold_calibration,A,0.8143646450290546,1
review-0c756099e821ef26,msg-3de91ab063f18e6782bf,smishing,risky_request_visible,a_risky_request_visible,101,0,threshold_calibration,A,0.3210706173922799,0
review-0cf62fd6142f6cb4,msg-2c0ffb2240bce4f0412b,smishing,risky_request_visible,a_risky_request_visible,101,2,threshold_calibration,A,0.6212200695158933,1
review-0d9dd805ae2674a4,msg-f65015ec6d6ca9ef912c,smishing,risky_request_visible,a_risky_request_visible,101,1,threshold_calibration,A,0.5654442372291338,1
review-0ddce31c46b4331c,msg-018ff56a19f05b63f7f1,normal,promotion_without_clear_scam_request,a_not_risky_request_visible,101,2,threshold_calibration,A,0.11372766627423418,0
review-0e3787ec2948234d,msg-f90fed3e0ba73a7afd40,smishing,risky_request_visible,a_risky_request_visible,101,2,threshold_calibration,A,0.9286758105184053,1
review-0e9363ce9bcb57c2,msg-a6db8f1ba339b796c36c,smishing,risky_request_visible,a_risky_request_visible,101,0,threshold_calibration,A,0.3986835284466079,1
review-0f5e5787e2464fe3,msg-31a602d9c77f86749c5b,smishing,risky_request_visible,a_risky_request_visible,101,0,threshold_calibration,A,0.8684842676264554,1
review-0f7f12381c38278e,msg-001d594cae67fd50f532,normal,promotion_without_clear_scam_request,a_not_risky_request_visible,101,2,threshold_calibration,A,0.10685871438011073,0
review-127bc1671c3021e3,msg-b3d3b6b29fae9b4cd139,smishing,risky_request_visible,a_risky_request_visible,101,2,threshold_calibration,A,0.29462035432381756,0
review-131ed5d9023fe8e1,msg-879b8233c4a44252fb2e,normal,promotion_without_clear_scam_request,a_not_risky_request_visible,101,0,threshold_calibration,A,0.1529505188801363,0
review-13ce66de75a8d3fc,msg-8827961dbffea331a040,smishing,risky_request_visible,a_risky_request_visible,101,0,threshold_calibration,A,0.9058118141007281,1
review-13e7350b6f9c843d,msg-6ef4e4d3849c3f2458f9,smishing,risky_request_visible,a_risky_request_visible,101,2,threshold_calibration,A,0.13286133577203524,0
review-1538fa93f259c264,msg-1d4f07b23c605c358a53,normal,ordinary_notice_or_conversation_possible,a_not_risky_request_visible,101,2,threshold_calibration,A,0.20365650171023592,0
review-15f5cb8ca60e63e7,msg-93f6493043538f04abba,smishing,risky_request_visible,a_risky_request_visible,101,0,threshold_calibration,A,0.5821913107918019,1
review-17bb16430527761d,msg-8a95db5cf464c51ec8bb,smishing,risky_request_visible,a_risky_request_visible,101,0,threshold_calibration,A,0.37677588719051547,0
review-1b01c3e70a5cd621,msg-598291dbde5006fce551,smishing,risky_request_visible,a_risky_request_visible,101,1,threshold_calibration,A,0.4957945711196595,1
review-1b29308cb4906d02,msg-7894af8fe183ef59232f,smishing,risky_request_visible,a_risky_request_visible,101,0,threshold_calibration,A,0.8358293031527894,1
review-1bee5d35c3ae9550,msg-0a348fcb6248b2e02712,smishing,risky_request_visible,a_risky_request_visible,101,1,threshold_calibration,A,0.5787024724943918,1
review-1c32fedd4b32dd06,msg-b3fecdca68993f39816e,normal,promotion_without_clear_scam_request,a_not_risky_request_visible,101,1,threshold_calibration,A,0.09590837497457785,0
review-1c42c25c32f5bd82,msg-397c7d1d69e93306e43f,smishing,risky_request_visible,a_risky_request_visible,101,0,threshold_calibration,A,0.846093613214689,1
review-1e479c4a302f356c,msg-1306cfdbb1eb6413c2f3,smishing,risky_request_visible,a_risky_request_visible,101,2,threshold_calibration,A,0.12612886162255801,0
review-1ea0789836e39e65,msg-50ce9ce367d7506d1b34,smishing,risky_request_visible,a_risky_request_visible,101,1,threshold_calibration,A,0.640972547322177,1
review-1f07a8c7cd26df2c,msg-cada766d88b515618679,normal,insufficient_context,a_not_risky_request_visible,101,2,threshold_calibration,A,0.11610801455520582,0
review-256d1c0f349382b5,msg-b0438b6ad1731edd6ad6,normal,ordinary_notice_or_conversation_possible,a_not_risky_request_visible,101,1,threshold_calibration,A,0.11362720746448808,0
review-2579df062aafc741,msg-fa2ff4bb2e3dd2a0cead,smishing,risky_request_visible,a_risky_request_visible,101,2,threshold_calibration,A,0.3428021459681295,0
review-260a39866b3feb51,msg-81198fc0b9b05d10f4d1,normal,ordinary_notice_or_conversation_possible,a_not_risky_request_visible,101,0,threshold_calibration,A,0.091170167435052,0
review-266fac2cf4f9a2fe,msg-358dbfc77504383312c3,smishing,risky_request_visible,a_risky_request_visible,101,2,threshold_calibration,A,0.8090683240241383,1
review-2705653809f7ad8f,msg-c847ea1fe73639b29741,normal,ordinary_notice_or_conversation_possible,a_not_risky_request_visible,101,2,threshold_calibration,A,0.28415184366812246,0
review-2769abe8fc6ffd87,msg-45d3204953ffb0ec89ee,normal,ordinary_notice_or_conversation_possible,a_not_risky_request_visible,101,2,threshold_calibration,A,0.13744783141445113,0
review-27c93b924b9803a0,msg-18949d0a510e2e71cd5c,smishing,risky_request_visible,a_risky_request_visible,101,0,threshold_calibration,A,0.7279141309287929,1
review-27fee91252ef3d87,msg-0d7a1d02c979a5575363,normal,ordinary_notice_or_conversation_possible,a_not_risky_request_visible,101,2,threshold_calibration,A,0.15922551834822882,0
review-2b3f3a2d3b9504b2,msg-a9571e0d77539178ffc3,normal,ordinary_notice_or_conversation_possible,a_not_risky_request_visible,101,1,threshold_calibration,A,0.2814041748214462,0
review-2b5a69423072c0ba,msg-258cc86a999cd351f9ca,normal,insufficient_context,a_not_risky_request_visible,101,1,threshold_calibration,A,0.08152305866182842,0
review-2ba16080ec46773d,msg-24c361e6f72073321220,normal,ordinary_notice_or_conversation_possible,a_not_risky_request_visible,101,1,threshold_calibration,A,0.0820855894947368,0
review-300c4c657ef26689,msg-8d4de978440b72ca4a45,normal,ordinary_notice_or_conversation_possible,a_not_risky_request_visible,101,0,threshold_calibration,A,0.18813533874445462,0
review-30d20e067658db39,msg-915558b1d57081861e23,normal,insufficient_context,a_not_risky_request_visible,101,2,threshold_calibration,A,0.16086944449107246,0
review-30e3bf5a7666c842,msg-2691ca74050fbbc9ed37,smishing,risky_request_visible,a_risky_request_visible,101,2,threshold_calibration,A,0.6458159470093174,1
review-326317e54a445bed,msg-df3f29c9891147e7f846,smishing,risky_request_visible,a_risky_request_visible,101,1,threshold_calibration,A,0.9320548471630914,1
review-344682f2618ba8f9,msg-e5b4405ee48a541eecc0,normal,promotion_without_clear_scam_request,a_not_risky_request_visible,101,2,threshold_calibration,A,0.18654912753675765,0
review-34c4c16cb5ea9aaf,msg-62610653bf85e35feeff,smishing,risky_request_visible,a_risky_request_visible,101,0,threshold_calibration,A,0.9065229181419698,1
review-36c6682493394c5a,msg-d54e4685cdd8f9aa710a,smishing,risky_request_visible,a_risky_request_visible,101,1,threshold_calibration,A,0.6049285937331099,1
review-37141dd75c3875fc,msg-372c6f62456bfbc0a7d9,normal,ordinary_notice_or_conversation_possible,a_not_risky_request_visible,101,0,threshold_calibration,A,0.09535278916004301,0
review-37c64855b20334c3,msg-000be99f5f9d9c3967c4,normal,insufficient_context,a_not_risky_request_visible,101,1,threshold_calibration,A,0.09391926504725497,0
review-383246308e1d9552,msg-2536b5c581cb3fe10fe2,normal,risky_request_visible,a_risky_request_visible,101,1,threshold_calibration,A,0.08147147383788779,0
review-39a836fe3d87fa33,msg-758bd093f61744be66f6,normal,ordinary_notice_or_conversation_possible,a_not_risky_request_visible,101,1,threshold_calibration,A,0.09499744165870024,0
review-39e0fa05577bfbae,msg-551d213c037c9c6eab04,smishing,risky_request_visible,a_risky_request_visible,101,1,threshold_calibration,A,0.9227946328546015,1
review-3a3a0c9003eb78d2,msg-9b70e92fb8b03ad7c610,normal,ordinary_notice_or_conversation_possible,a_not_risky_request_visible,101,2,threshold_calibration,A,0.24337542376422955,0
review-3aa78c267ab21f05,msg-224c0422b0003d17212c,smishing,ordinary_notice_or_conversation_possible,a_not_risky_request_visible,101,2,threshold_calibration,A,0.24258933552023834,0
review-3abe5c96847ee3b9,msg-e7c4d2ebb04e62e880b5,normal,ordinary_notice_or_conversation_possible,a_not_risky_request_visible,101,1,threshold_calibration,A,0.11646001701434698,0
review-3b23a85b0e54e4e2,msg-5a59a5ce918f6559e125,normal,promotion_without_clear_scam_request,a_not_risky_request_visible,101,2,threshold_calibration,A,0.09842712845728084,0
review-3b5e9306ce7f16f6,msg-75d22609d1f4fae1c474,normal,ordinary_notice_or_conversation_possible,a_not_risky_request_visible,101,1,threshold_calibration,A,0.10559528385814385,0
review-3c6ae33a89ac17a5,msg-c098e4b7c32dc66b6582,smishing,risky_request_visible,a_risky_request_visible,101,1,threshold_calibration,A,0.8906749464014138,1
review-3ec3c8e07bb7e369,msg-f5bfb9971a76c287fdd5,normal,promotion_without_clear_scam_request,a_not_risky_request_visible,101,0,threshold_calibration,A,0.1696796282202981,0
review-3f1aad6856711dea,msg-d3a618b40117b1875806,normal,ordinary_notice_or_conversation_possible,a_not_risky_request_visible,101,0,threshold_calibration,A,0.08462289743325041,0
review-40eb85d72dbb3fa3,msg-4273962397b78faae1de,smishing,risky_request_visible,a_risky_request_visible,101,2,threshold_calibration,A,0.8640121746950339,1
review-417d1a94491a5069,msg-a24654d3ad544c08124e,normal,promotion_without_clear_scam_request,a_not_risky_request_visible,101,2,threshold_calibration,A,0.09188973561059467,0
review-41ec06c9fc578cef,msg-631fc966e6d1a8ec4785,smishing,risky_request_visible,a_risky_request_visible,101,1,threshold_calibration,A,0.9188697145625038,1
review-44d5803b821bc077,msg-382f83f816817c259074,smishing,risky_request_visible,a_risky_request_visible,101,0,threshold_calibration,A,0.6488181959727443,1
review-4532712bae1263a4,msg-f2d213d6e51419f0c0c3,smishing,risky_request_visible,a_risky_request_visible,101,1,threshold_calibration,A,0.8961776509544116,1
review-49230d04e233f44b,msg-88466b364e697e810f29,normal,promotion_without_clear_scam_request,a_not_risky_request_visible,101,2,threshold_calibration,A,0.2350167427763591,0
review-49db2f3969f4dab7,msg-d9f951c82ea54b25ac30,normal,promotion_without_clear_scam_request,a_not_risky_request_visible,101,0,threshold_calibration,A,0.11756404374296563,0
review-4a4a9ac934622b9e,msg-77e7ed6fee4ff6e6b3c0,normal,ordinary_notice_or_conversation_possible,a_not_risky_request_visible,101,1,threshold_calibration,A,0.46817734610086875,1
review-4a5f226471e5edaf,msg-92eab3c091583e1be9b2,smishing,risky_request_visible,a_risky_request_visible,101,0,threshold_calibration,A,0.7729267690837894,1
review-4aad735ff43af908,msg-d1f2ce6a48cfd3ddc352,smishing,ordinary_notice_or_conversation_possible,a_not_risky_request_visible,101,1,threshold_calibration,A,0.1801556841437897,0
review-4aafcfede478ed2e,msg-42b716ae90c55a680465,smishing,risky_request_visible,a_risky_request_visible,101,1,threshold_calibration,A,0.7517769861282406,1
review-4b0f3b3c6f3029e0,msg-095a369060c7ff33c341,smishing,risky_request_visible,a_risky_request_visible,101,2,threshold_calibration,A,0.8638380272958925,1
review-4b7d3212a375f3c3,msg-e32c03f7fd12569b45d4,smishing,risky_request_visible,a_risky_request_visible,101,1,threshold_calibration,A,0.5464334085735476,1
review-4be490099efed608,msg-1ba73bfe47e950778408,smishing,risky_request_visible,a_risky_request_visible,101,2,threshold_calibration,A,0.736697183839878,1
review-4c1327797f738c0f,msg-c623d83809d140a75f70,normal,ordinary_notice_or_conversation_possible,a_not_risky_request_visible,101,2,threshold_calibration,A,0.2649881293007054,0
review-4c7f2895cbdfff17,msg-b6d879d72eac72ef59ac,smishing,risky_request_visible,a_risky_request_visible,101,2,threshold_calibration,A,0.5013943682693603,1
review-4cbabc8906c81322,msg-0ed0bfb82462e09cd15a,smishing,risky_request_visible,a_risky_request_visible,101,2,threshold_calibration,A,0.8609206598703169,1
review-4dee15ae26647c57,msg-12bf543cc6f8c5b10b0a,normal,ordinary_notice_or_conversation_possible,a_not_risky_request_visible,101,0,threshold_calibration,A,0.11661273349749639,0
review-543aeb75302230e1,msg-7e2ff44dc281462ddd2c,normal,ordinary_notice_or_conversation_possible,a_not_risky_request_visible,101,2,threshold_calibration,A,0.09818434313643803,0
review-545d35ba143011e5,msg-fe80fc54d234587af050,normal,ordinary_notice_or_conversation_possible,a_not_risky_request_visible,101,1,threshold_calibration,A,0.09471463963210601,0
review-54a4b61c2ddb946a,msg-d867888f40ccdc430a1d,normal,promotion_without_clear_scam_request,a_not_risky_request_visible,101,0,threshold_calibration,A,0.09137557082660368,0
review-572c07846f21e2ba,msg-5c8a3583b29803350025,normal,ordinary_notice_or_conversation_possible,a_not_risky_request_visible,101,0,threshold_calibration,A,0.07989945572221117,0
review-591262c8bdf0034a,msg-1cfca21a07370919433a,smishing,ordinary_notice_or_conversation_possible,a_not_risky_request_visible,101,2,threshold_calibration,A,0.40073961016533366,0
review-5915bce9f0ed137d,msg-e395baa51463221daebc,normal,insufficient_context,a_not_risky_request_visible,101,0,threshold_calibration,A,0.21185671837676254,0
review-5a49e43857a6f8f0,msg-a4b7e6d3b527691e9a05,smishing,risky_request_visible,a_risky_request_visible,101,2,threshold_calibration,A,0.13313634451277034,0
review-5a7aed2fa9914ccd,msg-c51a29b00765bbce70ab,normal,ordinary_notice_or_conversation_possible,a_not_risky_request_visible,101,1,threshold_calibration,A,0.17521977640609887,0
review-5a9261ed8c81a5c6,msg-dda62389e8fe6499fde9,normal,ordinary_notice_or_conversation_possible,a_not_risky_request_visible,101,1,threshold_calibration,A,0.0835697012069046,0
review-5b0c0204dc451747,msg-31f308081fb21c6e8f09,smishing,risky_request_visible,a_risky_request_visible,101,1,threshold_calibration,A,0.8384443568048341,1
review-5b38287421b21063,msg-2eacbbd745e21908f221,normal,ordinary_notice_or_conversation_possible,a_not_risky_request_visible,101,1,threshold_calibration,A,0.11092515450817185,0
review-5b8a47398769e7ef,msg-380c22214f611250512c,normal,ordinary_notice_or_conversation_possible,a_not_risky_request_visible,101,2,threshold_calibration,A,0.1404440742096279,0
review-5c8fb855522635b0,msg-8583f1e4ed2f6a4435f1,normal,ordinary_notice_or_conversation_possible,a_not_risky_request_visible,101,0,threshold_calibration,A,0.13232342510763279,0
review-5cdeba2735509611,msg-ae080cc622858f685d5a,smishing,risky_request_visible,a_risky_request_visible,101,0,threshold_calibration,A,0.846418011971614,1
review-5d4e3193863f1946,msg-02ba53db573bb7d15551,smishing,risky_request_visible,a_risky_request_visible,101,1,threshold_calibration,A,0.7348658948465534,1
review-5f54bbc511caaded,msg-542efb3f41bad8a46794,normal,ordinary_notice_or_conversation_possible,a_not_risky_request_visible,101,1,threshold_calibration,A,0.12901404034732428,0
review-5f5dd240c73902fa,msg-702b7967e690569fc457,normal,promotion_without_clear_scam_request,a_not_risky_request_visible,101,2,threshold_calibration,A,0.0962170468187887,0
review-5fad6c92922b1924,msg-d7ae6177f242cd43abef,normal,insufficient_context,a_not_risky_request_visible,101,0,threshold_calibration,A,0.16148841276566325,0
review-63bef8982e454a02,msg-c75749a34e08d00a62cd,smishing,risky_request_visible,a_risky_request_visible,101,2,threshold_calibration,A,0.1946093128758528,0
review-63ea5eac0fdbfe2f,msg-f9613a09341e642b64ae,smishing,risky_request_visible,a_risky_request_visible,101,0,threshold_calibration,A,0.917947862038567,1
review-65037cf8dfccb4af,msg-4a1016a531744e654831,normal,promotion_without_clear_scam_request,a_not_risky_request_visible,101,0,threshold_calibration,A,0.11216731861543593,0
review-6521774e33af014d,msg-9b1f08af6e0ef529c373,normal,ordinary_notice_or_conversation_possible,a_not_risky_request_visible,101,1,threshold_calibration,A,0.1872282557173721,0
review-65c507e4203143d6,msg-fa95489fe7c0dfeb2251,smishing,risky_request_visible,a_risky_request_visible,101,1,threshold_calibration,A,0.7370358891920993,1
review-66516cd6e1b084bc,msg-a67739cacf95ee18716c,normal,ordinary_notice_or_conversation_possible,a_not_risky_request_visible,101,2,threshold_calibration,A,0.22078000593737412,0
review-66ef57282af71d4f,msg-f51c8c7132e5405088dd,normal,ordinary_notice_or_conversation_possible,a_not_risky_request_visible,101,1,threshold_calibration,A,0.13108798680664693,0
review-6742e699b2c19637,msg-5e8796780c062e86063b,smishing,promotion_without_clear_scam_request,a_not_risky_request_visible,101,1,threshold_calibration,A,0.13348452275744235,0
review-6938cc7e883cfae5,msg-d0b351454bf1078555ca,smishing,risky_request_visible,a_risky_request_visible,101,1,threshold_calibration,A,0.24343495592734363,0
review-6a3da5bb1cbb35c3,msg-c4c6b04cd9f64fdb2a1a,smishing,risky_request_visible,a_risky_request_visible,101,1,threshold_calibration,A,0.40992092439680256,0
review-6ae02f39f51553d5,msg-6ea3d783002f06a87f20,smishing,risky_request_visible,a_risky_request_visible,101,0,threshold_calibration,A,0.7330904813519799,1
review-6b23a95e54455bfe,msg-7e73260daff23015e769,smishing,risky_request_visible,a_risky_request_visible,101,0,threshold_calibration,A,0.5820199550285413,1
review-6b90760350513e04,msg-f20701505d9754bbd32d,normal,ordinary_notice_or_conversation_possible,a_not_risky_request_visible,101,2,threshold_calibration,A,0.4160675921805556,0
review-6d70e00c3a0eb212,msg-78ebe7ba8de3e6f59138,normal,risky_request_visible,a_risky_request_visible,101,1,threshold_calibration,A,0.11470823517225598,0
review-6ee455a4c31c9039,msg-9207c6b7c6c694beab91,normal,promotion_without_clear_scam_request,a_not_risky_request_visible,101,0,threshold_calibration,A,0.12803429037898947,0
review-71bc6120e1507254,msg-b460f3c8ac1fe936b354,smishing,risky_request_visible,a_risky_request_visible,101,2,threshold_calibration,A,0.5392323058305988,1
review-722fa17d1953465a,msg-b3fb5a0a6aea14d37b31,smishing,risky_request_visible,a_risky_request_visible,101,0,threshold_calibration,A,0.9102925373594678,1
review-737f8fd0571ce3c6,msg-c41cc6431e9d998e3d0b,smishing,insufficient_context,a_not_risky_request_visible,101,2,threshold_calibration,A,0.46584510789163963,1
review-7493575c90062c41,msg-e84d76b6ef43a1d586a7,normal,promotion_without_clear_scam_request,a_not_risky_request_visible,101,2,threshold_calibration,A,0.21678781972390906,0
review-7494a9906bb71039,msg-6f6bbab188df73ce6c08,normal,promotion_without_clear_scam_request,a_not_risky_request_visible,101,2,threshold_calibration,A,0.19309147612585717,0
review-755768c5838e2f29,msg-e2997981817c30d525be,smishing,risky_request_visible,a_risky_request_visible,101,0,threshold_calibration,A,0.7433492819001942,1
review-75ab06f0d698d679,msg-f273e56e9277fab3062d,smishing,risky_request_visible,a_risky_request_visible,101,2,threshold_calibration,A,0.42823393377192337,0
review-76f98d8733690feb,msg-34b43fdf59308e46e47d,normal,risky_request_visible,a_risky_request_visible,101,1,threshold_calibration,A,0.12732289218209522,0
review-787b7c042622aae0,msg-b3943f3bacab6f799477,normal,promotion_without_clear_scam_request,a_not_risky_request_visible,101,1,threshold_calibration,A,0.09137770783139706,0
review-7977c3d1276873c7,msg-68e127127a540d65f679,normal,ordinary_notice_or_conversation_possible,a_not_risky_request_visible,101,0,threshold_calibration,A,0.1819914660117367,0
review-7a761126add20b55,msg-14afe15514eab65aba06,smishing,risky_request_visible,a_risky_request_visible,101,2,threshold_calibration,A,0.8130040466189558,1
review-7aed3e349c71aa1c,msg-93087cebe3aa7340ffc8,smishing,risky_request_visible,a_risky_request_visible,101,1,threshold_calibration,A,0.7113012962954921,1
review-7bc2e45e3ffc6c78,msg-b62543444f94f00ab76a,normal,ordinary_notice_or_conversation_possible,a_not_risky_request_visible,101,1,threshold_calibration,A,0.15166761288764125,0
review-7d4271562f20ae7d,msg-0f3c1de813a299c535f9,normal,promotion_without_clear_scam_request,a_not_risky_request_visible,101,2,threshold_calibration,A,0.11342284233999207,0
review-7d723e9bf1b824f5,msg-87a76d50e35b48e41218,smishing,risky_request_visible,a_risky_request_visible,101,2,threshold_calibration,A,0.45938605872979094,1
review-81b1a3bc8dfb1982,msg-4ab82cc3b14da8846e8f,normal,ordinary_notice_or_conversation_possible,a_not_risky_request_visible,101,1,threshold_calibration,A,0.10510802509068844,0
review-81db582ab9c83a7d,msg-2a0582fa3234a2d63356,normal,risky_request_visible,a_risky_request_visible,101,2,threshold_calibration,A,0.6663931956348148,1
review-833c087c0ab5f903,msg-9fd68b8a09c8f103465e,smishing,insufficient_context,a_not_risky_request_visible,101,0,threshold_calibration,A,0.5827043290206549,1
review-83bf04c6b634cf0b,msg-b677ced3e884ac5d5c3c,normal,promotion_without_clear_scam_request,a_not_risky_request_visible,101,2,threshold_calibration,A,0.31845914681789206,0
review-8408e233d5c05195,msg-61e1958480c0e2e496e5,normal,ordinary_notice_or_conversation_possible,a_not_risky_request_visible,101,1,threshold_calibration,A,0.09391229016766879,0
review-85ef908a3e61f2a2,msg-30572cea27e54ac2130b,normal,ordinary_notice_or_conversation_possible,a_not_risky_request_visible,101,1,threshold_calibration,A,0.08231939246233075,0
review-869ed6a92825209e,msg-ebf36f8049d0506e786b,smishing,risky_request_visible,a_risky_request_visible,101,1,threshold_calibration,A,0.3379953860138233,0
review-87ca5145bb1464ea,msg-69d76db7edd5a86af1d7,normal,promotion_without_clear_scam_request,a_not_risky_request_visible,101,2,threshold_calibration,A,0.10054617567887035,0
review-8815f8f3d2cf8ddd,msg-c411a659d87891c23018,normal,ordinary_notice_or_conversation_possible,a_not_risky_request_visible,101,0,threshold_calibration,A,0.25425131233657555,0
review-8858113ca39c4a08,msg-8e807a0816ba58157c7b,smishing,risky_request_visible,a_risky_request_visible,101,2,threshold_calibration,A,0.6070441339027918,1
review-8a9a3331b5fa55b8,msg-c77a2ab7f5ebcb835ce1,normal,ordinary_notice_or_conversation_possible,a_not_risky_request_visible,101,0,threshold_calibration,A,0.386329839117395,0
review-8c0239752664c9f7,msg-ebc9f34f94af5eeb68f0,smishing,risky_request_visible,a_risky_request_visible,101,0,threshold_calibration,A,0.6432590951814702,1
review-8e3e294dce3f381b,msg-5d0a2376083daf8a9bde,normal,ordinary_notice_or_conversation_possible,a_not_risky_request_visible,101,2,threshold_calibration,A,0.09392034454755298,0
review-8f6994cbd2075acd,msg-47b3b6a2b2a28bdf7fb9,smishing,risky_request_visible,a_risky_request_visible,101,1,threshold_calibration,A,0.6526941961038825,1
review-8f7e5118fc4a9d93,msg-54a310f893f9630cdab4,smishing,risky_request_visible,a_risky_request_visible,101,2,threshold_calibration,A,0.88508781765601,1
review-904be5b534ca4342,msg-2c7b345bbea477990d91,normal,ordinary_notice_or_conversation_possible,a_not_risky_request_visible,101,1,threshold_calibration,A,0.18223321233719672,0
review-92026380db179cfa,msg-11b3b10960d7a9f4d101,smishing,risky_request_visible,a_risky_request_visible,101,2,threshold_calibration,A,0.46632364543115873,1
review-92a8bdc500ce598c,msg-b0731c666ab671570088,smishing,risky_request_visible,a_risky_request_visible,101,0,threshold_calibration,A,0.8489863541327773,1
review-936c9b094a62d464,msg-c8e57aa3882734555677,normal,ordinary_notice_or_conversation_possible,a_not_risky_request_visible,101,2,threshold_calibration,A,0.10235526961574967,0
review-93f251b7f415320e,msg-25125973e3120d610fce,smishing,risky_request_visible,a_risky_request_visible,101,2,threshold_calibration,A,0.8732363873865271,1
review-9440c7b20214abb9,msg-e326b0533522ecb322de,smishing,risky_request_visible,a_risky_request_visible,101,0,threshold_calibration,A,0.7709131282912536,1
review-95ab42239fb052e7,msg-5052c7243f9985cc9bcf,normal,promotion_without_clear_scam_request,a_not_risky_request_visible,101,0,threshold_calibration,A,0.10897275908644682,0
review-95b51a345d37bf9b,msg-1c7e06763517aa4b43bf,smishing,risky_request_visible,a_risky_request_visible,101,0,threshold_calibration,A,0.3928270511081544,1
review-962656fa6b00f587,msg-cce4c00da9a7d9f77c32,normal,promotion_without_clear_scam_request,a_not_risky_request_visible,101,1,threshold_calibration,A,0.11607905506738805,0
review-96be0a4e61349470,msg-04b55107c00ee5b070d9,smishing,risky_request_visible,a_risky_request_visible,101,2,threshold_calibration,A,0.6017753238877435,1
review-9762bd209b88d2ac,msg-891bb14bf560270521ca,smishing,risky_request_visible,a_risky_request_visible,101,2,threshold_calibration,A,0.7650784239039271,1
review-97eb58f77becd57e,msg-991e31887c4954366165,normal,promotion_without_clear_scam_request,a_not_risky_request_visible,101,1,threshold_calibration,A,0.09287466317523854,0
review-982aea7aee2bfd5b,msg-3189e01199a2f10ad163,smishing,risky_request_visible,a_risky_request_visible,101,1,threshold_calibration,A,0.8685072109149543,1
review-98f41617c328173b,msg-c51643d14946078e7d57,smishing,risky_request_visible,a_risky_request_visible,101,1,threshold_calibration,A,0.8794249458591415,1
review-99553665d7fa8d60,msg-ec2c63de47e93d56888f,normal,ordinary_notice_or_conversation_possible,a_not_risky_request_visible,101,1,threshold_calibration,A,0.11602976650551117,0
review-9955e43648119f93,msg-c9f03e64293fb8bae46b,smishing,risky_request_visible,a_risky_request_visible,101,1,threshold_calibration,A,0.599777100733506,1
review-9a6d46e3500865e5,msg-db804cd0d3465516e4ad,smishing,risky_request_visible,a_risky_request_visible,101,0,threshold_calibration,A,0.6871714166167786,1
review-9ad68457d5c5ddfe,msg-ff1e050906d7cfd80b2a,smishing,risky_request_visible,a_risky_request_visible,101,0,threshold_calibration,A,0.4334445167945046,1
review-a003a34f2b7224ae,msg-ed3a4e31c52d999f2ab4,normal,ordinary_notice_or_conversation_possible,a_not_risky_request_visible,101,2,threshold_calibration,A,0.10198375321697022,0
review-a0157c7c504b2713,msg-75bb93c54e7c03e2de6b,smishing,risky_request_visible,a_risky_request_visible,101,2,threshold_calibration,A,0.9269387986195095,1
review-a0abc212fe654fe2,msg-e8f6c41fc42d524da26b,smishing,risky_request_visible,a_risky_request_visible,101,2,threshold_calibration,A,0.8211564156460446,1
review-a17319837ff0f25f,msg-3c260868d8790e3220b2,smishing,risky_request_visible,a_risky_request_visible,101,1,threshold_calibration,A,0.8643777974596218,1
review-a55cc489390f4d15,msg-a11408f53fc97d32784a,smishing,risky_request_visible,a_risky_request_visible,101,2,threshold_calibration,A,0.681588697218276,1
review-a5e01613dff9b90c,msg-5f72ce400186780556af,normal,promotion_without_clear_scam_request,a_not_risky_request_visible,101,1,threshold_calibration,A,0.1275352379468434,0
review-a884f7c925b47633,msg-0d319b74ea12c910e557,smishing,risky_request_visible,a_risky_request_visible,101,2,threshold_calibration,A,0.5299334804128993,1
review-a93e9d44999fbedb,msg-7a5a0ef1560dbc98423a,normal,ordinary_notice_or_conversation_possible,a_not_risky_request_visible,101,2,threshold_calibration,A,0.09727903906437554,0
review-aa0341109ceb1209,msg-46a9686cf4e9faeb9042,normal,ordinary_notice_or_conversation_possible,a_not_risky_request_visible,101,2,threshold_calibration,A,0.14608124586056845,0
review-abfd0300b3e94bc9,msg-c6cb9735117d0df6bed5,normal,promotion_without_clear_scam_request,a_not_risky_request_visible,101,1,threshold_calibration,A,0.10956099070038262,0
review-ac307e4a1651f014,msg-5dce72e90a11834ff054,smishing,risky_request_visible,a_risky_request_visible,101,1,threshold_calibration,A,0.19217907896374536,0
review-aca9116d8021bfae,msg-ee6bc320eef92aaba68d,smishing,risky_request_visible,a_risky_request_visible,101,1,threshold_calibration,A,0.3867615526269005,0
review-acfda6dedbd0ac44,msg-7a9e8cba7f71a7789866,normal,ordinary_notice_or_conversation_possible,a_not_risky_request_visible,101,0,threshold_calibration,A,0.15399264835562831,0
review-ad512146de7da940,msg-c26a0b124b37127b90ce,smishing,risky_request_visible,a_risky_request_visible,101,0,threshold_calibration,A,0.755519135109258,1
review-ae30eff1c5009634,msg-034e267652beee654b7d,normal,promotion_without_clear_scam_request,a_not_risky_request_visible,101,0,threshold_calibration,A,0.1205519652335398,0
review-b0d0b31ce42bff6d,msg-80bd77dde6b57d4aa6b9,smishing,risky_request_visible,a_risky_request_visible,101,0,threshold_calibration,A,0.24881585387427835,0
review-b31a9429969a49d0,msg-462e7df5be571e9dec5d,normal,ordinary_notice_or_conversation_possible,a_not_risky_request_visible,101,1,threshold_calibration,A,0.14745766633845223,0
review-b354a4224eb298ed,msg-03c2102e41eb110e0262,smishing,risky_request_visible,a_risky_request_visible,101,2,threshold_calibration,A,0.6008001976000215,1
review-b4838689e702ca9d,msg-fd7536693be17ff11e66,normal,ordinary_notice_or_conversation_possible,a_not_risky_request_visible,101,1,threshold_calibration,A,0.09382096163211866,0
review-b495dcabfdc9e6bb,msg-c3e7d7b05d5a88764703,smishing,risky_request_visible,a_risky_request_visible,101,2,threshold_calibration,A,0.1420440878159847,0
review-b4a140a400dd0bd4,msg-8d50f5b84f82748b30f4,smishing,risky_request_visible,a_risky_request_visible,101,2,threshold_calibration,A,0.6421337199621705,1
review-b716d55654e9e174,msg-eac3f80ef98d49d5018b,normal,ordinary_notice_or_conversation_possible,a_not_risky_request_visible,101,0,threshold_calibration,A,0.07702421424819775,0
review-b75a5cafe4180fd6,msg-a850f5749efcb9c4f6a0,smishing,ordinary_notice_or_conversation_possible,a_not_risky_request_visible,101,1,threshold_calibration,A,0.46331097862575854,1
review-b7a4aa1c4b4f5a68,msg-ea43ef2af5abd7033448,normal,insufficient_context,a_not_risky_request_visible,101,2,threshold_calibration,A,0.1865070417851779,0
review-b853cb37dc6b6e11,msg-51ae98811a8fd7ee3107,normal,ordinary_notice_or_conversation_possible,a_not_risky_request_visible,101,2,threshold_calibration,A,0.13325740502847838,0
review-b894aa9bff1613dc,msg-0f99b5457812bf9368a9,smishing,risky_request_visible,a_risky_request_visible,101,2,threshold_calibration,A,0.6771843642246947,1
review-b973d23ab4a680d4,msg-332a6ceef2ba82e72aee,normal,ordinary_notice_or_conversation_possible,a_not_risky_request_visible,101,2,threshold_calibration,A,0.08883203989390659,0
review-baf06dfd954e1b3a,msg-2e3856be0b06e36d853e,smishing,risky_request_visible,a_risky_request_visible,101,0,threshold_calibration,A,0.8636226232188353,1
review-bb5f23238e492978,msg-ae0b87b215621f5e8471,smishing,risky_request_visible,a_risky_request_visible,101,1,threshold_calibration,A,0.8558699211066869,1
review-bbb9c61301495984,msg-d3591b5cc40dae36f63d,smishing,risky_request_visible,a_risky_request_visible,101,0,threshold_calibration,A,0.6559463989260006,1
review-bc1ad3d6715f9dab,msg-e19e83293fb47143aa18,normal,promotion_without_clear_scam_request,a_not_risky_request_visible,101,0,threshold_calibration,A,0.0946456799779042,0
review-bc58d3e0a50d9226,msg-14251aa27469f753be0a,normal,ordinary_notice_or_conversation_possible,a_not_risky_request_visible,101,0,threshold_calibration,A,0.1286880672622589,0
review-bc694d6c09671509,msg-70dcd4b0f26f61bdf407,normal,ordinary_notice_or_conversation_possible,a_not_risky_request_visible,101,0,threshold_calibration,A,0.10092782154305616,0
review-bc805b9a7fefb4c4,msg-b42fe9f654595657fa35,smishing,risky_request_visible,a_risky_request_visible,101,0,threshold_calibration,A,0.3813175742545009,0
review-bcc4f27e08342914,msg-8da1861e43112a887a4b,smishing,risky_request_visible,a_risky_request_visible,101,2,threshold_calibration,A,0.6511678300965303,1
review-bcc86610acb0f9ff,msg-6c850b57daa695a2a5bf,smishing,insufficient_context,a_not_risky_request_visible,101,0,threshold_calibration,A,0.1361673031207775,0
review-bd2ee152f3f0a48a,msg-25ac7d2717cde23a4116,normal,ordinary_notice_or_conversation_possible,a_not_risky_request_visible,101,2,threshold_calibration,A,0.18759117935779923,0
review-be260e01d39a8550,msg-bbb84b4c518d7fb445cd,smishing,risky_request_visible,a_risky_request_visible,101,0,threshold_calibration,A,0.9181197084425872,1
review-bef01b9f140416fa,msg-538e9bd6dde7a1aba023,normal,promotion_without_clear_scam_request,a_not_risky_request_visible,101,0,threshold_calibration,A,0.23944760642228172,0
review-bf29414211fedb11,msg-c484e73c51ddf79b7f8b,smishing,risky_request_visible,a_risky_request_visible,101,0,threshold_calibration,A,0.9099224156549102,1
review-bf5fe000a4a8d9d5,msg-bcaba0c0cd46c0149e2b,smishing,risky_request_visible,a_risky_request_visible,101,1,threshold_calibration,A,0.2271389460863848,0
review-bfec2c5d687b5e5a,msg-171c4288e43e466f5427,normal,ordinary_notice_or_conversation_possible,a_not_risky_request_visible,101,1,threshold_calibration,A,0.25553802930084735,0
review-c1f9d74965cc6d56,msg-9f008694d2e9f838eeaa,smishing,risky_request_visible,a_risky_request_visible,101,0,threshold_calibration,A,0.6491424799277495,1
review-c20d5a744e2d1992,msg-08bbc870048b82597982,normal,ordinary_notice_or_conversation_possible,a_not_risky_request_visible,101,0,threshold_calibration,A,0.10391754238676396,0
review-c279584d5ab81989,msg-ac699df7f9a7b4400d68,smishing,risky_request_visible,a_risky_request_visible,101,2,threshold_calibration,A,0.5762065878509244,1
review-c3157c09e695c3c5,msg-f0a3f2387d520f4943e1,normal,promotion_without_clear_scam_request,a_not_risky_request_visible,101,1,threshold_calibration,A,0.15380805523034513,0
review-c45238e439e91c4d,msg-165866e6104c7226a8e8,smishing,risky_request_visible,a_risky_request_visible,101,1,threshold_calibration,A,0.4896427885656633,1
review-c7e00bcebb9cbe94,msg-3eff4af4ff261cda8b13,normal,ordinary_notice_or_conversation_possible,a_not_risky_request_visible,101,2,threshold_calibration,A,0.27835384353124065,0
review-c7f76b1e1d80f49a,msg-47c423de9b8595f121a9,smishing,risky_request_visible,a_risky_request_visible,101,1,threshold_calibration,A,0.23741985476589578,0
review-c854f5ffb64bf3eb,msg-f2f023ae46a3f625f5ba,normal,ordinary_notice_or_conversation_possible,a_not_risky_request_visible,101,0,threshold_calibration,A,0.15701666077491253,0
review-c882bcd351e72aee,msg-30a50896aabbd5f717a5,smishing,risky_request_visible,a_risky_request_visible,101,1,threshold_calibration,A,0.899608179762404,1
review-c9d8f2fd31ea0b7f,msg-4d670f74ef64914e9b0e,normal,promotion_without_clear_scam_request,a_not_risky_request_visible,101,0,threshold_calibration,A,0.1532155871363084,0
review-cb23ce2b380ce815,msg-a81e33bc3946b0ae2550,normal,ordinary_notice_or_conversation_possible,a_not_risky_request_visible,101,0,threshold_calibration,A,0.2655899343121612,0
review-cb28a9106aef5505,msg-67de13a82fafaf8c3980,smishing,risky_request_visible,a_risky_request_visible,101,0,threshold_calibration,A,0.7357993322077199,1
review-cc41f3f4cb6e8629,msg-cd74555c5078c89aa225,smishing,risky_request_visible,a_risky_request_visible,101,2,threshold_calibration,A,0.632525456419109,1
review-cc4b16c2321274c0,msg-1737db0114226e8bb1b0,smishing,risky_request_visible,a_risky_request_visible,101,2,threshold_calibration,A,0.9272644107887397,1
review-cd10401423c3d046,msg-90e4dfdb43017952dbb4,normal,ordinary_notice_or_conversation_possible,a_not_risky_request_visible,101,1,threshold_calibration,A,0.07918617624543811,0
review-cd39c34a5496687f,msg-28b8f57d24c88ea1fd3b,normal,ordinary_notice_or_conversation_possible,a_not_risky_request_visible,101,2,threshold_calibration,A,0.06506146360060217,0
review-ce1c5319370b9470,msg-ae8747db917382e06db2,smishing,risky_request_visible,a_risky_request_visible,101,2,threshold_calibration,A,0.30939582164865015,0
review-cf59c2e5933f9fa2,msg-43d155d969d978189fb2,smishing,risky_request_visible,a_risky_request_visible,101,1,threshold_calibration,A,0.7298705522953468,1
review-cfc80bc1541032df,msg-a1d665898cb5cf4eee06,smishing,risky_request_visible,a_risky_request_visible,101,1,threshold_calibration,A,0.900122119558025,1
review-d09099c6189f497b,msg-255cba56e8f9f375b954,smishing,risky_request_visible,a_risky_request_visible,101,1,threshold_calibration,A,0.3827869088054079,0
review-d14a67c8f86c82a4,msg-f96269b2a48486c1fd45,normal,ordinary_notice_or_conversation_possible,a_not_risky_request_visible,101,1,threshold_calibration,A,0.1351933571448783,0
review-d1b2ce556231d1b9,msg-1a13d7e1a0a296d7e9ac,normal,promotion_without_clear_scam_request,a_not_risky_request_visible,101,0,threshold_calibration,A,0.1435741446564945,0
review-d1df54b7c0853995,msg-a19d969edbd3e4c563b7,normal,promotion_without_clear_scam_request,a_not_risky_request_visible,101,2,threshold_calibration,A,0.06181830770014177,0
review-d23755346e397e0d,msg-215f563424e984687bea,normal,ordinary_notice_or_conversation_possible,a_not_risky_request_visible,101,1,threshold_calibration,A,0.09198806064210703,0
review-d27b1f741c6ce442,msg-d3e25a130f49e24fec59,normal,ordinary_notice_or_conversation_possible,a_not_risky_request_visible,101,1,threshold_calibration,A,0.10187358143057645,0
review-d29c44ff7ec787ac,msg-18c2c8f93f103cd63104,normal,promotion_without_clear_scam_request,a_not_risky_request_visible,101,2,threshold_calibration,A,0.15929842857883625,0
review-d33ca86cba802688,msg-e2900c16a353e5f15c43,smishing,risky_request_visible,a_risky_request_visible,101,1,threshold_calibration,A,0.6441984267020073,1
review-d4f84d432e0d6d48,msg-94e0ae16541345a3f768,normal,ordinary_notice_or_conversation_possible,a_not_risky_request_visible,101,0,threshold_calibration,A,0.12661108394621898,0
review-d51050ea94555e33,msg-8dfc55b831e0422aaaf3,normal,ordinary_notice_or_conversation_possible,a_not_risky_request_visible,101,0,threshold_calibration,A,0.10111204357039756,0
review-d51a67f2e9911b52,msg-9412881b9906d37a2304,normal,ordinary_notice_or_conversation_possible,a_not_risky_request_visible,101,0,threshold_calibration,A,0.08461228521108037,0
review-d5cad39f16073736,msg-6b991d00ca9722186569,normal,promotion_without_clear_scam_request,a_not_risky_request_visible,101,0,threshold_calibration,A,0.15286584040668125,0
review-d6c4551ca894cc5c,msg-bbab9487a685ac85d931,smishing,risky_request_visible,a_risky_request_visible,101,1,threshold_calibration,A,0.8558530628227734,1
review-d7e6ea82c0cbb7e9,msg-89bb289b1bdb8f41022f,normal,ordinary_notice_or_conversation_possible,a_not_risky_request_visible,101,0,threshold_calibration,A,0.09200613783967324,0
review-d86e9dceafb57f52,msg-b1cc1dadab2abab75849,smishing,risky_request_visible,a_risky_request_visible,101,2,threshold_calibration,A,0.7615826552337369,1
review-d870679fd6d01453,msg-7e320859ea45595a0398,smishing,promotion_without_clear_scam_request,a_not_risky_request_visible,101,2,threshold_calibration,A,0.4246765100596052,0
review-da0a87e60e534a8c,msg-817a4fa89633430e990d,normal,ordinary_notice_or_conversation_possible,a_not_risky_request_visible,101,0,threshold_calibration,A,0.08358891151407295,0
review-da5d8fa9864e211c,msg-65f4a5c0b197a96bdac3,normal,ordinary_notice_or_conversation_possible,a_not_risky_request_visible,101,2,threshold_calibration,A,0.08483341556249605,0
review-dbbbfc8d3d158c2b,msg-19fa68b2542d83a61f79,smishing,risky_request_visible,a_risky_request_visible,101,2,threshold_calibration,A,0.6807249251689844,1
review-dc7c7acfd6e2db79,msg-b183e7136605118fd86a,normal,promotion_without_clear_scam_request,a_not_risky_request_visible,101,1,threshold_calibration,A,0.48112327499867547,1
review-dd797ac5b4317bd3,msg-be92dc94342f95bbcf5d,smishing,risky_request_visible,a_risky_request_visible,101,0,threshold_calibration,A,0.8438774764077549,1
review-dd85b84b55bb501f,msg-c7ae71424b0756ee528c,smishing,risky_request_visible,a_risky_request_visible,101,1,threshold_calibration,A,0.6703801611420677,1
review-dd9532439f290332,msg-d03214baadc38bd1336c,normal,ordinary_notice_or_conversation_possible,a_not_risky_request_visible,101,0,threshold_calibration,A,0.11156126510366766,0
review-e0a264aecc7ee1b0,msg-b08b74714736c2364217,normal,ordinary_notice_or_conversation_possible,a_not_risky_request_visible,101,2,threshold_calibration,A,0.35195093423442475,0
review-e0ac9753946feca9,msg-1cbe6cc1748e7262b5ab,smishing,risky_request_visible,a_risky_request_visible,101,0,threshold_calibration,A,0.4636636780012316,1
review-e244a46bb3c89288,msg-b49a70f3593e3f36b11d,smishing,risky_request_visible,a_risky_request_visible,101,2,threshold_calibration,A,0.5348108623989131,1
review-e3520951883c1b51,msg-80d20dbfca1307061530,normal,promotion_without_clear_scam_request,a_not_risky_request_visible,101,2,threshold_calibration,A,0.10997750001832968,0
review-e384094846a41b50,msg-705817f4922c88c5ecc5,smishing,risky_request_visible,a_risky_request_visible,101,2,threshold_calibration,A,0.5654374716547356,1
review-e597199623b7b146,msg-35ad6d03750726a74248,normal,ordinary_notice_or_conversation_possible,a_not_risky_request_visible,101,2,threshold_calibration,A,0.21437501564357947,0
review-e63efe4044e2aa11,msg-79b01393dcc39d7d282a,smishing,risky_request_visible,a_risky_request_visible,101,1,threshold_calibration,A,0.9345252574932401,1
review-e736bb0c132d2dc8,msg-bf0dfb1e1aef571e6dfa,smishing,promotion_without_clear_scam_request,a_not_risky_request_visible,101,0,threshold_calibration,A,0.566123882275788,1
review-e945ebd4e9533666,msg-6ca0de4ebc5d9da5342b,smishing,risky_request_visible,a_risky_request_visible,101,0,threshold_calibration,A,0.9148626852174859,1
review-e9f675e3299ddb73,msg-74894396e30aa7e375f2,normal,ordinary_notice_or_conversation_possible,a_not_risky_request_visible,101,2,threshold_calibration,A,0.3090379438666842,0
review-ea8461ed56afeacc,msg-ad517b34fab57cf3b438,normal,ordinary_notice_or_conversation_possible,a_not_risky_request_visible,101,1,threshold_calibration,A,0.15142177542111096,0
review-ec018bdef14b4dce,msg-ef69592a53abe3a01b4d,smishing,risky_request_visible,a_risky_request_visible,101,2,threshold_calibration,A,0.8751202979750332,1
review-ecf66ae7e447041e,msg-443a84cea11014478b84,smishing,risky_request_visible,a_risky_request_visible,101,0,threshold_calibration,A,0.7029450803308125,1
review-ed0223c36d93b8cb,msg-cfa0236fa8a0f40916bd,normal,promotion_without_clear_scam_request,a_not_risky_request_visible,101,1,threshold_calibration,A,0.3307691777844434,0
review-ed79a40573a23e85,msg-6f4d5cc6a56a922f2113,normal,promotion_without_clear_scam_request,a_not_risky_request_visible,101,2,threshold_calibration,A,0.15654855844942925,0
review-ed8aaee3f91ea267,msg-a319a3ad3f700d7f3e15,normal,promotion_without_clear_scam_request,a_not_risky_request_visible,101,0,threshold_calibration,A,0.08433561795923257,0
review-edccbb4371a90711,msg-bb52082aaa2a867204a8,smishing,risky_request_visible,a_risky_request_visible,101,0,threshold_calibration,A,0.8509345484995177,1
review-f0f2fce9301b3378,msg-e7a80c477afb0cccfac0,normal,ordinary_notice_or_conversation_possible,a_not_risky_request_visible,101,0,threshold_calibration,A,0.08175392904899861,0
review-f278c035dcc448b5,msg-69e20b477e1f38d22287,normal,ordinary_notice_or_conversation_possible,a_not_risky_request_visible,101,1,threshold_calibration,A,0.10244829434756265,0
review-f296f965b5850c48,msg-fbcc5b098e1b1d189d50,normal,promotion_without_clear_scam_request,a_not_risky_request_visible,101,1,threshold_calibration,A,0.11991177080153552,0
review-f2b62cb8a35fddc1,msg-44342a1ca335e0df03ca,smishing,risky_request_visible,a_risky_request_visible,101,2,threshold_calibration,A,0.4256497370392846,0
review-f2c9ba7c14a8e7f4,msg-cbeab8aa1cb4e1328216,smishing,risky_request_visible,a_risky_request_visible,101,2,threshold_calibration,A,0.938584189628394,1
review-f360abb82bcec3c4,msg-7a14eb32b51e33537f72,smishing,risky_request_visible,a_risky_request_visible,101,1,threshold_calibration,A,0.8689599882752701,1
review-f44ca51cbbeda00a,msg-b16b1f045aab2ea4a56f,smishing,risky_request_visible,a_risky_request_visible,101,0,threshold_calibration,A,0.8664552214461116,1
review-f48d763f6c721c5c,msg-05ce5c3a427de58a9e8d,smishing,risky_request_visible,a_risky_request_visible,101,2,threshold_calibration,A,0.7362390212134624,1
review-f50f53a543208b94,msg-8c649a088b7f6eb07a65,smishing,risky_request_visible,a_risky_request_visible,101,0,threshold_calibration,A,0.2403417052284864,0
review-f7a215d9e903b41d,msg-910004461353a81fdfb7,smishing,promotion_without_clear_scam_request,a_not_risky_request_visible,101,2,threshold_calibration,A,0.43322648484812853,1
review-f7fbd3ab7a66e194,msg-8884dfa40bd5b5ff02f7,normal,promotion_without_clear_scam_request,a_not_risky_request_visible,101,0,threshold_calibration,A,0.1596357080124175,0
review-f9b9a4279458f732,msg-5bf22a260fc90f900243,smishing,risky_request_visible,a_risky_request_visible,101,2,threshold_calibration,A,0.6174344419881581,1
review-f9bfaa738fc7db78,msg-22666adef1260ae5f9a4,normal,ordinary_notice_or_conversation_possible,a_not_risky_request_visible,101,1,threshold_calibration,A,0.12698934288714986,0
review-f9d950de655d05cd,msg-5ef02907cd1045cb54a8,smishing,risky_request_visible,a_risky_request_visible,101,2,threshold_calibration,A,0.24975966641088815,0
review-fbd669140c0c37bb,msg-299b1f56db41d7b2e7c2,normal,ordinary_notice_or_conversation_possible,a_not_risky_request_visible,101,2,threshold_calibration,A,0.20371432741619572,0
review-fcba197835dbe421,msg-c9a0f816a24bd3e21470,smishing,risky_request_visible,a_risky_request_visible,101,1,threshold_calibration,A,0.35454705785295904,0
review-fd0999fd546bfed8,msg-fe1928a9a24b4573d509,smishing,risky_request_visible,a_risky_request_visible,101,2,threshold_calibration,A,0.8736858500356599,1
review-fd4a4694d748b8f1,msg-8292e9166caa8ab05265,smishing,risky_request_visible,a_risky_request_visible,101,1,threshold_calibration,A,0.2828599965916593,0
review-ff57873bcca80e84,msg-0d5b420dd958137f34fc,smishing,insufficient_context,a_not_risky_request_visible,101,1,threshold_calibration,A,0.777933555674805,1
review-ff7824303811b880,msg-3a8d13b5b7957521ed9d,smishing,risky_request_visible,a_risky_request_visible,101,0,threshold_calibration,A,0.6375293612409316,1
review-01692c85b4c6e394,msg-86b2b582f59b8ef3cb9d,normal,ordinary_notice_or_conversation_possible,a_not_risky_request_visible,101,1,development_readout,C,0.19740085934942733,0
review-019e598ca75a2604,msg-51d91745aaf7c70cfe66,normal,ordinary_notice_or_conversation_possible,a_not_risky_request_visible,101,2,development_readout,C,0.07487952698751939,0
review-01daae558c8120c5,msg-a5fe2c7068a39a897fd5,normal,ordinary_notice_or_conversation_possible,a_not_risky_request_visible,101,1,development_readout,C,0.12420243496313135,0
review-031c270e33784faf,msg-7b77eedddff4504d9db0,smishing,risky_request_visible,a_risky_request_visible,101,0,development_readout,C,0.47442587977736184,1
review-062650e5c03db7b3,msg-736f82ab7ef68bca67fc,smishing,risky_request_visible,a_risky_request_visible,101,1,development_readout,C,0.44969115234516505,0
review-0651a6827875d503,msg-6dcdcd189e5593455a49,smishing,risky_request_visible,a_risky_request_visible,101,0,development_readout,C,0.9509497953711492,1
review-06613e1d63363778,msg-bd04b75032f0dfc2ee62,normal,promotion_without_clear_scam_request,a_not_risky_request_visible,101,1,development_readout,C,0.15896105318286696,0
review-06745995f913ed5c,msg-fb9fed8f5353c19f4482,normal,ordinary_notice_or_conversation_possible,a_not_risky_request_visible,101,1,development_readout,C,0.1234530609895983,0
review-075ea585da5cae15,msg-7013d5e6af2e769f406d,smishing,risky_request_visible,a_risky_request_visible,101,0,development_readout,C,0.9476784898553322,1
review-0822c98e66707747,msg-29c545e52c9813e635fa,normal,promotion_without_clear_scam_request,a_not_risky_request_visible,101,0,development_readout,C,0.1401034883064699,0
review-09dc7d3fa6246119,msg-82c1c5902ccf0f6cb441,normal,ordinary_notice_or_conversation_possible,a_not_risky_request_visible,101,1,development_readout,C,0.15414297609433744,0
review-0bc7f01b43b4a4f4,msg-4d26af1bd51a813c0839,normal,promotion_without_clear_scam_request,a_not_risky_request_visible,101,0,development_readout,C,0.1647721517333772,0
review-0bfbacbb2760394c,msg-ccf0e6a8ef2af65aced4,smishing,risky_request_visible,a_risky_request_visible,101,0,development_readout,C,0.7488826216924924,1
review-0ce89002b27ae13e,msg-b3850b9d024fcf99c238,normal,ordinary_notice_or_conversation_possible,a_not_risky_request_visible,101,1,development_readout,C,0.1401988333855401,0
review-0d61809b41685d2f,msg-3056e20984e704228691,normal,ordinary_notice_or_conversation_possible,a_not_risky_request_visible,101,1,development_readout,C,0.08208610815474214,0
review-105735240253acfe,msg-882fdf4a57682ebb0be2,smishing,risky_request_visible,a_risky_request_visible,101,2,development_readout,C,0.6190452276263534,1
review-10dcb33dda6d5472,msg-1de8402778c0caa023de,smishing,risky_request_visible,a_risky_request_visible,101,0,development_readout,C,0.9507777910591423,1
review-10e329e8873017e2,msg-4d92830c608f0547ddb4,smishing,risky_request_visible,a_risky_request_visible,101,1,development_readout,C,0.7406057982115587,1
review-10f0da95f3fdd21e,msg-58b952e19b37c0bc3c3c,normal,ordinary_notice_or_conversation_possible,a_not_risky_request_visible,101,0,development_readout,C,0.1356358439343194,0
review-12aedba2ef212671,msg-52cabfe559de650270d0,smishing,risky_request_visible,a_risky_request_visible,101,1,development_readout,C,0.9559026056545513,1
review-137a8d7cde64d50f,msg-b66553208ce35fd6531e,normal,ordinary_notice_or_conversation_possible,a_not_risky_request_visible,101,1,development_readout,C,0.1196839908942808,0
review-143e404949a72860,msg-9ab97598b92cc2549f26,smishing,risky_request_visible,a_risky_request_visible,101,0,development_readout,C,0.9537866485862683,1
review-1502532d7fb02e2b,msg-51961afc9b6d2bb950c4,smishing,risky_request_visible,a_risky_request_visible,101,1,development_readout,C,0.5644443092514548,1
review-170c904128c3b75d,msg-44ffbd69abef95d6b971,smishing,risky_request_visible,a_risky_request_visible,101,1,development_readout,C,0.7626465700000713,1
review-1820dec42f5ec2ca,msg-04d0a9cdecc5e27abe30,smishing,risky_request_visible,a_risky_request_visible,101,0,development_readout,C,0.6639174644966703,1
review-19cc4ce8b1dbe415,msg-e9e131d9372380a167cf,smishing,risky_request_visible,a_risky_request_visible,101,2,development_readout,C,0.3853601048785124,0
review-19d11b9f743aa049,msg-58f85354ff60f8afada7,smishing,risky_request_visible,a_risky_request_visible,101,0,development_readout,C,0.7392045475736343,1
review-1a4aa7992820ca2a,msg-f6bc1ff296dcef8d3f5e,smishing,risky_request_visible,a_risky_request_visible,101,0,development_readout,C,0.7896483165574878,1
review-1a60e1bd37131802,msg-7347b19b9989a8b7563c,normal,ordinary_notice_or_conversation_possible,a_not_risky_request_visible,101,0,development_readout,C,0.10262166368985011,0
review-1bcdb8b5e4902f77,msg-6b0f921297bf6036cdd4,normal,ordinary_notice_or_conversation_possible,a_not_risky_request_visible,101,0,development_readout,C,0.08910114826344145,0
review-1cb842404c1056c4,msg-69af923a1b627636ba88,normal,ordinary_notice_or_conversation_possible,a_not_risky_request_visible,101,0,development_readout,C,0.21674744180743738,0
review-1e450b71c02e190a,msg-fde8fe5d8c4f6fbf52c2,smishing,risky_request_visible,a_risky_request_visible,101,1,development_readout,C,0.6207125735641569,1
review-1e68018ab3a2b26e,msg-c93b3c338ad73e40adfd,normal,ordinary_notice_or_conversation_possible,a_not_risky_request_visible,101,2,development_readout,C,0.23820410387986005,0
review-2015b61fb97f2965,msg-3649a91b276a45d342c6,normal,ordinary_notice_or_conversation_possible,a_not_risky_request_visible,101,2,development_readout,C,0.1634205880544015,0
review-21e2a2729d0906e0,msg-2f204be55b7d47704b0f,normal,ordinary_notice_or_conversation_possible,a_not_risky_request_visible,101,1,development_readout,C,0.13509989611876447,0
review-220daefcb5d386ed,msg-e3ec894bf4e93e8c550e,smishing,risky_request_visible,a_risky_request_visible,101,0,development_readout,C,0.8345326944567433,1
review-223ad249b0ed1b08,msg-dbf89313b9ea1ac5b6d3,normal,ordinary_notice_or_conversation_possible,a_not_risky_request_visible,101,1,development_readout,C,0.09868908162572776,0
review-22f7bb9e3da427de,msg-6f925e06a88f8d1cfd58,smishing,risky_request_visible,a_risky_request_visible,101,2,development_readout,C,0.3871260692634985,0
review-2324027bc353cb29,msg-69cdd029e53ee97a620b,smishing,risky_request_visible,a_risky_request_visible,101,0,development_readout,C,0.8067629430870923,1
review-23e4e9eb29dd8f93,msg-22e08f4c05ba067b383e,normal,ordinary_notice_or_conversation_possible,a_not_risky_request_visible,101,0,development_readout,C,0.14332625528081167,0
review-25104a7eec1f7831,msg-f98da8116216cda9e3fe,smishing,risky_request_visible,a_risky_request_visible,101,1,development_readout,C,0.796147223111226,1
review-25ec7d62ea3d7444,msg-7f85a9711cbc0aa393d6,smishing,risky_request_visible,a_risky_request_visible,101,2,development_readout,C,0.2337322768235186,0
review-270f57eba07d36f4,msg-aa1ffdd49e000415678a,smishing,risky_request_visible,a_risky_request_visible,101,0,development_readout,C,0.7540025998508464,1
review-293586512b140a4e,msg-df9036abd2017f6f6be1,smishing,risky_request_visible,a_risky_request_visible,101,0,development_readout,C,0.5164202623420634,1
review-2953de0d9a6a0ef3,msg-b3fe8c24cdcc85dd4f28,normal,ordinary_notice_or_conversation_possible,a_not_risky_request_visible,101,1,development_readout,C,0.0913542184394577,0
review-2d4568421c26bf66,msg-96c30c2332ea6bf5e247,normal,ordinary_notice_or_conversation_possible,a_not_risky_request_visible,101,1,development_readout,C,0.17976042056385916,0
review-2d707fce0fb4702c,msg-e94fec8af385dc5ff556,normal,ordinary_notice_or_conversation_possible,a_not_risky_request_visible,101,0,development_readout,C,0.18686293582308552,0
review-2d80e47aaaa42543,msg-207b27eff27f4988fb0f,normal,ordinary_notice_or_conversation_possible,a_not_risky_request_visible,101,0,development_readout,C,0.25285947473006615,0
review-2dcd34cb42910200,msg-97b2b6ee95ed7d920877,smishing,risky_request_visible,a_risky_request_visible,101,1,development_readout,C,0.7384054062506235,1
review-2dd7b92c08e4f5c4,msg-42c7b3575f8a9da0d8d1,normal,promotion_without_clear_scam_request,a_not_risky_request_visible,101,1,development_readout,C,0.10245272551274925,0
review-2f31bd2c29ca07dd,msg-4301d7c49f5367242765,normal,ordinary_notice_or_conversation_possible,a_not_risky_request_visible,101,2,development_readout,C,0.08695123123408147,0
review-30c664d1fb0416d2,msg-4facddef64d2b1d3b592,normal,promotion_without_clear_scam_request,a_not_risky_request_visible,101,2,development_readout,C,0.11708585792397895,0
review-31a75727a167d60d,msg-f9061a931aba0d307ce6,smishing,risky_request_visible,a_risky_request_visible,101,0,development_readout,C,0.6484570746285572,1
review-322a0c915a6dca98,msg-3d77196a643275284eee,smishing,risky_request_visible,a_risky_request_visible,101,1,development_readout,C,0.6187637115679399,1
review-3398cc98a1b87648,msg-e33a5ed03522052013db,smishing,risky_request_visible,a_risky_request_visible,101,1,development_readout,C,0.7745135074626438,1
review-3423b715646fd583,msg-65bffe175e1d5b55382e,smishing,risky_request_visible,a_risky_request_visible,101,1,development_readout,C,0.9568709501933731,1
review-363f281df3bd9ba4,msg-36bc461d0aefe348462d,normal,promotion_without_clear_scam_request,a_not_risky_request_visible,101,0,development_readout,C,0.1618470334989442,0
review-364329807a65a090,msg-0be5e1e2bd038f3a1a24,smishing,risky_request_visible,a_risky_request_visible,101,2,development_readout,C,0.43138451491167057,0
review-370202b258208735,msg-fc0286653fb100798da2,smishing,risky_request_visible,a_risky_request_visible,101,0,development_readout,C,0.40757529711967644,0
review-3735a715aa425485,msg-5cbba54c59da325a454c,normal,ordinary_notice_or_conversation_possible,a_not_risky_request_visible,101,0,development_readout,C,0.2834970998339417,0
review-377101d740e3c93a,msg-f91f88e17b85bd740a41,smishing,risky_request_visible,a_risky_request_visible,101,1,development_readout,C,0.7594075146612723,1
review-37962ff6cab628b9,msg-f745187c052997452a1e,smishing,risky_request_visible,a_risky_request_visible,101,0,development_readout,C,0.7911261919721564,1
review-37a24da8c91a2014,msg-814c1d043296b3a3b379,smishing,risky_request_visible,a_risky_request_visible,101,1,development_readout,C,0.7581891956498997,1
review-37bb8af10a6775e3,msg-c1aa2ee82e014406c58e,smishing,insufficient_context,a_not_risky_request_visible,101,1,development_readout,C,0.3664896204520465,0
review-3a343dbd60efe3c5,msg-e91ad896bc07a339c9ae,normal,promotion_without_clear_scam_request,a_not_risky_request_visible,101,1,development_readout,C,0.09547632666485023,0
review-3b5a82f01656ae5e,msg-4c9bb8aab19cd59ba6b7,normal,promotion_without_clear_scam_request,a_not_risky_request_visible,101,1,development_readout,C,0.07644645827949255,0
review-3c542b2889f7ee41,msg-ab4e24de8042cbea05d6,smishing,risky_request_visible,a_risky_request_visible,101,1,development_readout,C,0.9549219808835506,1
review-4034e1976e7caf3d,msg-a8f8f501a69d1d5855ba,normal,ordinary_notice_or_conversation_possible,a_not_risky_request_visible,101,1,development_readout,C,0.08040495870090451,0
review-40617332c72b6a65,msg-75bccb25272a125ae624,smishing,risky_request_visible,a_risky_request_visible,101,0,development_readout,C,0.848646877925651,1
review-40e531a989b5b832,msg-90c8b223c83bae5b9f53,smishing,risky_request_visible,a_risky_request_visible,101,1,development_readout,C,0.6249698849625431,1
review-40f65d491fbb6c91,msg-29618cee18396e8a8e81,smishing,risky_request_visible,a_risky_request_visible,101,1,development_readout,C,0.7267092484622877,1
review-419f917f2243e05b,msg-f80f31e80e69da69dd6c,normal,promotion_without_clear_scam_request,a_not_risky_request_visible,101,2,development_readout,C,0.12379012325705177,0
review-41e7242cf53f7aec,msg-414effb98a09982ec13d,normal,promotion_without_clear_scam_request,a_not_risky_request_visible,101,1,development_readout,C,0.1326473842235015,0
review-46f3555593434e8a,msg-ef6fd44a32790af20571,smishing,risky_request_visible,a_risky_request_visible,101,1,development_readout,C,0.9532263630260887,1
review-47389333283368dc,msg-32e17f91821e085e067c,smishing,risky_request_visible,a_risky_request_visible,101,2,development_readout,C,0.8725911368211192,1
review-48f7182245c9e551,msg-a52c445339e75c5638c4,smishing,ordinary_notice_or_conversation_possible,a_not_risky_request_visible,101,2,development_readout,C,0.4560621908167521,1
review-49a272d982158787,msg-15e2ac02e0ac09e5383b,smishing,risky_request_visible,a_risky_request_visible,101,0,development_readout,C,0.5521335904361006,1
review-4bb32c9d9587eb5b,msg-32a5ea1e4acbac97b230,smishing,risky_request_visible,a_risky_request_visible,101,0,development_readout,C,0.4346113855377138,1
review-4bc7fe6f6685e5b0,msg-6a306e2d77b134423cff,smishing,risky_request_visible,a_risky_request_visible,101,2,development_readout,C,0.2802301951918536,0
review-4c45e2acc43cd09c,msg-240d23c05338edc37d89,smishing,risky_request_visible,a_risky_request_visible,101,0,development_readout,C,0.9476374844827539,1
review-4c7db89388133c66,msg-b366110e17c486b16b15,normal,ordinary_notice_or_conversation_possible,a_not_risky_request_visible,101,2,development_readout,C,0.18041625084956098,0
review-4db7bde369258db0,msg-6dd03ec5f1c618ada2c5,smishing,risky_request_visible,a_risky_request_visible,101,2,development_readout,C,0.7086561055378593,1
review-4e91758f8be8575d,msg-2a7f43ae7fa422fefb9b,smishing,risky_request_visible,a_risky_request_visible,101,2,development_readout,C,0.2103291288666772,0
review-50913d75a97def28,msg-59fc050be5af6ecad8a5,smishing,risky_request_visible,a_risky_request_visible,101,0,development_readout,C,0.6491934867089856,1
review-50c65fd60929a11c,msg-76755bc4cf7a9223f1f5,smishing,risky_request_visible,a_risky_request_visible,101,0,development_readout,C,0.7091953551899312,1
review-50eaadd4d0f17b7f,msg-7ebb94a273063e6a25f7,normal,ordinary_notice_or_conversation_possible,a_not_risky_request_visible,101,1,development_readout,C,0.11395242993376435,0
review-5155bcd98221f6df,msg-260f9a35da3e12d1699f,normal,ordinary_notice_or_conversation_possible,a_not_risky_request_visible,101,1,development_readout,C,0.13131289854617487,0
review-5176dde30e249277,msg-a95d096bdce327f3ec58,normal,ordinary_notice_or_conversation_possible,a_not_risky_request_visible,101,2,development_readout,C,0.15937159578554436,0
review-5192f26c12526af0,msg-46cf015971a39796118d,normal,risky_request_visible,a_risky_request_visible,101,0,development_readout,C,0.4225257757134184,1
review-5201c5937ee64b08,msg-bb5a4640eee306e11287,smishing,risky_request_visible,a_risky_request_visible,101,0,development_readout,C,0.5758748195307871,1
review-5351da806d5c8862,msg-56c6f7e6fe95f4eaf8db,normal,ordinary_notice_or_conversation_possible,a_not_risky_request_visible,101,1,development_readout,C,0.1604012547722687,0
review-53c35a92e8d9dc2a,msg-d521b3868f2aa0b03976,normal,ordinary_notice_or_conversation_possible,a_not_risky_request_visible,101,0,development_readout,C,0.3608130338927775,0
review-53cc92ecebb430c9,msg-e602e76abd3350bfd137,normal,ordinary_notice_or_conversation_possible,a_not_risky_request_visible,101,1,development_readout,C,0.1360834047737747,0
review-55155ad766375eb6,msg-2512e3e666de174caf80,normal,promotion_without_clear_scam_request,a_not_risky_request_visible,101,2,development_readout,C,0.2270241651680019,0
review-5582aae305ae4193,msg-50997c3a965c36ff8cbc,normal,promotion_without_clear_scam_request,a_not_risky_request_visible,101,0,development_readout,C,0.18151559738035355,0
review-55839cdd8c1c65c6,msg-7bc3eb6f8e2897ba9d73,normal,promotion_without_clear_scam_request,a_not_risky_request_visible,101,0,development_readout,C,0.13213291746566197,0
review-563b94c3e75e8c6d,msg-3943c098759d93b5d20b,smishing,risky_request_visible,a_risky_request_visible,101,2,development_readout,C,0.36337342604362544,0
review-56f61182338ec612,msg-791874081029523d4d1d,smishing,risky_request_visible,a_risky_request_visible,101,0,development_readout,C,0.721537132124758,1
review-573127865357f88a,msg-6f84d9cc313db045b133,normal,ordinary_notice_or_conversation_possible,a_not_risky_request_visible,101,1,development_readout,C,0.08795179106225354,0
review-5784e41a45931326,msg-f2c24a6dc6cb602f2b03,smishing,risky_request_visible,a_risky_request_visible,101,2,development_readout,C,0.4147111945566806,0
review-588539dd497a5994,msg-eb5f2cc2527297a7b5a3,smishing,risky_request_visible,a_risky_request_visible,101,1,development_readout,C,0.5641436762720683,1
review-5a021883af9f96ea,msg-156bbfc36ff5805e450a,normal,promotion_without_clear_scam_request,a_not_risky_request_visible,101,2,development_readout,C,0.11864850106290929,0
review-5bd99d54544ce7e3,msg-9517e9c73490ca66a042,normal,promotion_without_clear_scam_request,a_not_risky_request_visible,101,2,development_readout,C,0.37139378044916677,0
review-5c5069cca8a5add0,msg-0efb0ebfb655d5c5c6d3,normal,promotion_without_clear_scam_request,a_not_risky_request_visible,101,0,development_readout,C,0.150781325110515,0
review-6036afa1a4a219c3,msg-9bf6c95f6dc633dd8819,normal,ordinary_notice_or_conversation_possible,a_not_risky_request_visible,101,0,development_readout,C,0.13175413041951756,0
review-613647025d825449,msg-c2dbf3f9ef08a79aafdb,normal,ordinary_notice_or_conversation_possible,a_not_risky_request_visible,101,0,development_readout,C,0.18757544222680037,0
review-61fef2c9ced4f942,msg-660c2fd797c40f8e55ca,normal,ordinary_notice_or_conversation_possible,a_not_risky_request_visible,101,2,development_readout,C,0.37440437059325515,0
review-6236e7e3fd2a54c8,msg-03b2efa63efb18f3f74e,normal,ordinary_notice_or_conversation_possible,a_not_risky_request_visible,101,1,development_readout,C,0.29383897265345826,0
review-6260263e3bc9f334,msg-549f98d3604f2acece98,smishing,risky_request_visible,a_risky_request_visible,101,0,development_readout,C,0.9488435143995487,1
review-65fde99e6e05f377,msg-4cb8c149ce6f9aed0469,smishing,risky_request_visible,a_risky_request_visible,101,2,development_readout,C,0.8557889014308622,1
review-6925d1d5c92f5e6d,msg-44953d9e4eb6da25905d,normal,ordinary_notice_or_conversation_possible,a_not_risky_request_visible,101,0,development_readout,C,0.265650472407101,0
review-6c345dd95982d152,msg-6abd20ac3d54a1acb08f,smishing,risky_request_visible,a_risky_request_visible,101,1,development_readout,C,0.8272807191853226,1
review-6c7372dc6724ef49,msg-fd7adb6f5bdba22704bd,normal,ordinary_notice_or_conversation_possible,a_not_risky_request_visible,101,2,development_readout,C,0.1047329142997664,0
review-6c9e3e62bbb95763,msg-a6d506945e9b701052e1,smishing,risky_request_visible,a_risky_request_visible,101,0,development_readout,C,0.22759908442872318,0
review-6e51f1a0ccb981e6,msg-58425ae1f35d0d6e8f6c,smishing,risky_request_visible,a_risky_request_visible,101,2,development_readout,C,0.7420628248832367,1
review-6f695f49e7ab13e0,msg-8356b29b26dab4a93304,normal,ordinary_notice_or_conversation_possible,a_not_risky_request_visible,101,2,development_readout,C,0.30263391434962267,0
review-70dad336d995a509,msg-00cd858afe8ef2de5fd3,normal,ordinary_notice_or_conversation_possible,a_not_risky_request_visible,101,2,development_readout,C,0.14041421087070322,0
review-747ccc19ddd0a65f,msg-2b77caba18e48a22b597,normal,ordinary_notice_or_conversation_possible,a_not_risky_request_visible,101,0,development_readout,C,0.15137070005137404,0
review-75f8aea8c65c0cb2,msg-944b6913babee30e1aa4,smishing,risky_request_visible,a_risky_request_visible,101,0,development_readout,C,0.9044052227880028,1
review-76a47d926f91413e,msg-81c59d9e2363e29c4af7,normal,ordinary_notice_or_conversation_possible,a_not_risky_request_visible,101,2,development_readout,C,0.10081785240303041,0
review-7794b3bc9bc0c3a1,msg-a2db1c36a4678988377c,normal,ordinary_notice_or_conversation_possible,a_not_risky_request_visible,101,2,development_readout,C,0.38163716334207703,0
review-77b394cbe6e1dc4b,msg-168706cc9aaa2ee44f65,normal,ordinary_notice_or_conversation_possible,a_not_risky_request_visible,101,0,development_readout,C,0.39054469820160204,0
review-790151d3979b5cf2,msg-05a81159578289c50343,normal,ordinary_notice_or_conversation_possible,a_not_risky_request_visible,101,0,development_readout,C,0.07653514535238536,0
review-7b32c18f837c52f3,msg-906c8805c776e5912484,normal,risky_request_visible,a_risky_request_visible,101,1,development_readout,C,0.20021151351086922,0
review-7b9d338bf5cd4bdc,msg-733b60f36694b02ec836,normal,ordinary_notice_or_conversation_possible,a_not_risky_request_visible,101,0,development_readout,C,0.1301781273351508,0
review-7c0605262829dbc3,msg-c35aa37c11bf43b745cb,smishing,risky_request_visible,a_risky_request_visible,101,0,development_readout,C,0.9505608602538401,1
review-7cbff1d715e4b2f0,msg-565ddb5f77c920c58378,normal,promotion_without_clear_scam_request,a_not_risky_request_visible,101,2,development_readout,C,0.15171743489954703,0
review-7e4208c3a8d81d5e,msg-51e93ba561b9d389f5a6,normal,ordinary_notice_or_conversation_possible,a_not_risky_request_visible,101,2,development_readout,C,0.19336837821213118,0
review-8039ca8a8d71147c,msg-d7d609114f737190d087,smishing,risky_request_visible,a_risky_request_visible,101,2,development_readout,C,0.5028746126357876,1
review-80aaf5285dff5d52,msg-f5342ad5453afafa654a,normal,promotion_without_clear_scam_request,a_not_risky_request_visible,101,2,development_readout,C,0.08978968230505475,0
review-80c5a8d505a86e25,msg-0d11f1b2d5dd7fb1934a,normal,ordinary_notice_or_conversation_possible,a_not_risky_request_visible,101,1,development_readout,C,0.11311531244170389,0
review-83fb52312abeb4ec,msg-57b110c902b64420f7db,smishing,risky_request_visible,a_risky_request_visible,101,1,development_readout,C,0.767250599189357,1
review-87280a48b9739e82,msg-a277748568204738c928,smishing,risky_request_visible,a_risky_request_visible,101,1,development_readout,C,0.5735286512755003,1
review-87fb862754461a9e,msg-0d54c7b740e366837504,normal,promotion_without_clear_scam_request,a_not_risky_request_visible,101,2,development_readout,C,0.06224841157853831,0
review-8a9635c815342586,msg-5b3252b8d919d9dfa5c2,smishing,risky_request_visible,a_risky_request_visible,101,0,development_readout,C,0.9462178291489717,1
review-8ac3c67723460772,msg-7a0a306167abc3b72d8c,normal,ordinary_notice_or_conversation_possible,a_not_risky_request_visible,101,1,development_readout,C,0.07867302132904906,0
review-8acb2fdf0b998c44,msg-442633ffd7cc37f8a891,smishing,risky_request_visible,a_risky_request_visible,101,2,development_readout,C,0.673592636582524,1
review-8b051b87b72136a4,msg-8a4662fd944d66f460fd,smishing,risky_request_visible,a_risky_request_visible,101,1,development_readout,C,0.38583631285156317,0
review-8c3afec16f00c8ea,msg-6173af161b27fe6f4ce6,normal,ordinary_notice_or_conversation_possible,a_not_risky_request_visible,101,2,development_readout,C,0.0997182611481023,0
review-8c9379e6d07693b9,msg-be03c5915bdd7e2e4314,smishing,risky_request_visible,a_risky_request_visible,101,1,development_readout,C,0.17537729006742817,0
review-901aa5f6d890357c,msg-74012a11f8d7a0e2cbd2,smishing,risky_request_visible,a_risky_request_visible,101,0,development_readout,C,0.9097625963805235,1
review-92e977f1b9f64cdd,msg-3deb3a161a23b32aea25,smishing,risky_request_visible,a_risky_request_visible,101,2,development_readout,C,0.6464883322826195,1
review-93d84a89e42aa2d2,msg-08ce7d2baeca7acc8b65,smishing,risky_request_visible,a_risky_request_visible,101,1,development_readout,C,0.794934847258244,1
review-93e39f35ad377da3,msg-64cdca546bafdc9324f0,normal,ordinary_notice_or_conversation_possible,a_not_risky_request_visible,101,0,development_readout,C,0.17620390215461637,0
review-94b8ffc8b0784e28,msg-75d8feb50109f84a12cc,normal,ordinary_notice_or_conversation_possible,a_not_risky_request_visible,101,0,development_readout,C,0.09657183609373589,0
review-95c15e2125e8158e,msg-0afc2595ae8ed75b8bb8,smishing,risky_request_visible,a_risky_request_visible,101,2,development_readout,C,0.7682072437451047,1
review-973274a88b5aa1db,msg-706b91df031716838257,normal,ordinary_notice_or_conversation_possible,a_not_risky_request_visible,101,2,development_readout,C,0.10030513751814664,0
review-9751bc751be6b57c,msg-64a843bec3f3dce4ee45,smishing,risky_request_visible,a_risky_request_visible,101,0,development_readout,C,0.7477866180185285,1
review-97b3b26bd7e8a65a,msg-359327bd4e7edc3cb5ba,normal,insufficient_context,a_not_risky_request_visible,101,1,development_readout,C,0.08640326492574832,0
review-97dbf9fb83d5fd0a,msg-6301a4730ee412e86a8c,normal,promotion_without_clear_scam_request,a_not_risky_request_visible,101,2,development_readout,C,0.12036809648498951,0
review-9827872ee45caecd,msg-6632bfd7a0b259199dcf,smishing,risky_request_visible,a_risky_request_visible,101,2,development_readout,C,0.8557949512381389,1
review-9833d3f3d2c07833,msg-d787f40cfc7dbbe6778f,smishing,risky_request_visible,a_risky_request_visible,101,1,development_readout,C,0.7556981389121171,1
review-9848e1bfbd07911c,msg-f2873d2e33fdffabc808,normal,ordinary_notice_or_conversation_possible,a_not_risky_request_visible,101,1,development_readout,C,0.09994709579383564,0
review-98f9751b78a4c31e,msg-06b44744cbf1ec56130e,normal,ordinary_notice_or_conversation_possible,a_not_risky_request_visible,101,0,development_readout,C,0.09843364308336063,0
review-9a3f12ca280a1c8a,msg-9865307d8d5cb09874f2,normal,promotion_without_clear_scam_request,a_not_risky_request_visible,101,0,development_readout,C,0.3368036313415313,0
review-9a4ea6655a8a5a4f,msg-df3170271394537db9ca,normal,promotion_without_clear_scam_request,a_not_risky_request_visible,101,2,development_readout,C,0.18635948103850558,0
review-9bf729353718fab4,msg-9ce453dc5d619e51234f,normal,ordinary_notice_or_conversation_possible,a_not_risky_request_visible,101,1,development_readout,C,0.05575140223800522,0
review-9c83743cb64ceb5e,msg-dc4ff0d2d722a2c6cbac,normal,ordinary_notice_or_conversation_possible,a_not_risky_request_visible,101,2,development_readout,C,0.2082743808943069,0
review-9c94f8c84f214457,msg-79fa0f109f0555707dca,smishing,risky_request_visible,a_risky_request_visible,101,0,development_readout,C,0.282130687886169,0
review-9ca002eef5fabf4c,msg-a8d5485f9438f3ab5181,normal,ordinary_notice_or_conversation_possible,a_not_risky_request_visible,101,1,development_readout,C,0.08963738187398668,0
review-9d4c0bc5bb2de352,msg-7f6ef3389d8815ed454b,smishing,risky_request_visible,a_risky_request_visible,101,0,development_readout,C,0.7285736024054844,1
review-9db42b53975f21ce,msg-d44b95e16930e223469c,normal,promotion_without_clear_scam_request,a_not_risky_request_visible,101,2,development_readout,C,0.1879238462975055,0
review-9dcbf9222596e8de,msg-142bb92fb41d9cbcef5f,normal,ordinary_notice_or_conversation_possible,a_not_risky_request_visible,101,2,development_readout,C,0.3234509676676357,0
review-9e59560a7b1c6aa2,msg-32ce2bf355f633f0fee5,smishing,promotion_without_clear_scam_request,a_not_risky_request_visible,101,2,development_readout,C,0.25151669955981126,0
review-9e77e04ddb3e3ff6,msg-374fc9d1a57bc673b881,smishing,risky_request_visible,a_risky_request_visible,101,1,development_readout,C,0.9094360212766293,1
review-9ec13abc1ec360b9,msg-053785582f2d9ed1abb9,normal,ordinary_notice_or_conversation_possible,a_not_risky_request_visible,101,1,development_readout,C,0.11996684522463358,0
review-a00070320560c3ff,msg-eaeafeff80833a0c2e24,normal,risky_request_visible,a_risky_request_visible,101,0,development_readout,C,0.6283518042052229,1
review-a077aa771a77e44f,msg-a37b49f0af9136126259,normal,ordinary_notice_or_conversation_possible,a_not_risky_request_visible,101,1,development_readout,C,0.1695556349381914,0
review-a07cfcb07490d311,msg-5ce84ad96d59a95604b7,smishing,risky_request_visible,a_risky_request_visible,101,1,development_readout,C,0.7616618191271308,1
review-a1325d40440edcad,msg-b68194dccdbc6eeaa462,normal,ordinary_notice_or_conversation_possible,a_not_risky_request_visible,101,1,development_readout,C,0.09352421233571599,0
review-a1b685810c820047,msg-46ca64892a1c3e660136,smishing,risky_request_visible,a_risky_request_visible,101,1,development_readout,C,0.9550217369844982,1
review-a1c208b7e2a31834,msg-cfebfff6180461481c77,smishing,risky_request_visible,a_risky_request_visible,101,2,development_readout,C,0.6194915878785807,1
review-a31dcf3587c938e0,msg-69f98ce7e1a685df8515,smishing,risky_request_visible,a_risky_request_visible,101,2,development_readout,C,0.7305278837204654,1
review-a3348ee784bf419a,msg-ff64a4e11508a5dc7000,smishing,risky_request_visible,a_risky_request_visible,101,1,development_readout,C,0.9181734809167464,1
review-a3b8e31a589bfbf6,msg-72b62dcb8e0666cea243,smishing,risky_request_visible,a_risky_request_visible,101,0,development_readout,C,0.7338719162013889,1
review-a5c8844b07d15249,msg-080a80350fda25ee4181,smishing,risky_request_visible,a_risky_request_visible,101,0,development_readout,C,0.7796792303462323,1
review-a737e63e0af5d4ad,msg-58763f1db8c40f82f590,normal,promotion_without_clear_scam_request,a_not_risky_request_visible,101,1,development_readout,C,0.1399850426374742,0
review-a8b302c46a81110b,msg-a923033b51733c278a32,normal,ordinary_notice_or_conversation_possible,a_not_risky_request_visible,101,1,development_readout,C,0.08847037086367728,0
review-a966f0861f64ccf4,msg-730ac32bb52515f362b7,smishing,risky_request_visible,a_risky_request_visible,101,0,development_readout,C,0.3931881049659638,0
review-ab5082605dd6822e,msg-caea04347391d8ade4f5,smishing,risky_request_visible,a_risky_request_visible,101,2,development_readout,C,0.6729820899583808,1
review-ad7039ac6a9ced27,msg-c81c5b25a163ca19481f,normal,ordinary_notice_or_conversation_possible,a_not_risky_request_visible,101,2,development_readout,C,0.09589588961715245,0
review-add578e780e46b65,msg-219e4e28472310285851,normal,promotion_without_clear_scam_request,a_not_risky_request_visible,101,2,development_readout,C,0.1631715990258887,0
review-aefdc599d52d1968,msg-ce6e8882987410ea9dcb,normal,risky_request_visible,a_risky_request_visible,101,2,development_readout,C,0.2609434578157508,0
review-af3cd140e815bf14,msg-76ea500b769d004670c6,normal,ordinary_notice_or_conversation_possible,a_not_risky_request_visible,101,0,development_readout,C,0.17563568495689375,0
review-b1335825efb8b815,msg-b01d387c5717587aaf48,normal,ordinary_notice_or_conversation_possible,a_not_risky_request_visible,101,0,development_readout,C,0.3219250963455664,0
review-b1951ff1f4366cb0,msg-cced4520ab46379e15a2,normal,ordinary_notice_or_conversation_possible,a_not_risky_request_visible,101,0,development_readout,C,0.0781137345058215,0
review-b4f3af03fab1d1b9,msg-ca0bba4719e18ebdea2c,smishing,risky_request_visible,a_risky_request_visible,101,0,development_readout,C,0.4995096522568781,1
review-b52505e7e689a4b8,msg-362b479a08fa48892f2e,normal,promotion_without_clear_scam_request,a_not_risky_request_visible,101,0,development_readout,C,0.1388893935602808,0
review-b7db7bfa3479f4d7,msg-432734d9e15c6f93d376,normal,ordinary_notice_or_conversation_possible,a_not_risky_request_visible,101,0,development_readout,C,0.22591142415039803,0
review-b8b4a371ec215d7c,msg-6ad7fc559a70473d3c43,normal,ordinary_notice_or_conversation_possible,a_not_risky_request_visible,101,1,development_readout,C,0.29765322117560195,0
review-bb9c36d01d5155e0,msg-5af06b6771a844fe1037,smishing,risky_request_visible,a_risky_request_visible,101,2,development_readout,C,0.6390388050043546,1
review-bbe916c0a5f13c5a,msg-a45a85532c29434e8b27,smishing,risky_request_visible,a_risky_request_visible,101,0,development_readout,C,0.9487795580271746,1
review-bc5e0069bbad7d67,msg-ccfb4bcf7b100e873356,normal,ordinary_notice_or_conversation_possible,a_not_risky_request_visible,101,2,development_readout,C,0.09626668967503926,0
review-bc64860bdda53d26,msg-fe8267c63ab4ef9ceaa5,normal,ordinary_notice_or_conversation_possible,a_not_risky_request_visible,101,1,development_readout,C,0.04715198133038863,0
review-bc9e9750ed2f2246,msg-9807f366fd3a944bee02,normal,ordinary_notice_or_conversation_possible,a_not_risky_request_visible,101,0,development_readout,C,0.18860553258366292,0
review-be8ac302beaaaa38,msg-504e4d980601e6913b67,normal,ordinary_notice_or_conversation_possible,a_not_risky_request_visible,101,2,development_readout,C,0.195467080080531,0
review-bee3f43cbc979cc9,msg-4d9ff4113e4ed5d9e90c,smishing,risky_request_visible,a_risky_request_visible,101,1,development_readout,C,0.3633439824207427,0
review-bf5160f31d278f7b,msg-c051b9c58babed147478,normal,ordinary_notice_or_conversation_possible,a_not_risky_request_visible,101,2,development_readout,C,0.12058906142617057,0
review-c0dec81b7dec22c5,msg-36f813c46481d09c7f14,normal,ordinary_notice_or_conversation_possible,a_not_risky_request_visible,101,2,development_readout,C,0.2157701036233238,0
review-c2b11fa0a2c3336f,msg-18146f4aa7a10243efff,normal,ordinary_notice_or_conversation_possible,a_not_risky_request_visible,101,2,development_readout,C,0.1233498321454619,0
review-c386fdd922078a37,msg-c21e147ebc288236d642,normal,ordinary_notice_or_conversation_possible,a_not_risky_request_visible,101,1,development_readout,C,0.1470683063115026,0
review-c4368025a0827097,msg-115656ab7419963f3ec4,normal,ordinary_notice_or_conversation_possible,a_not_risky_request_visible,101,0,development_readout,C,0.26036954155273373,0
review-c58fb60504f6d9d8,msg-fb1d46a056dbeb985081,smishing,risky_request_visible,a_risky_request_visible,101,1,development_readout,C,0.4412189109786831,0
review-c68883cf7ada6886,msg-e8325082747f144e0b1f,smishing,risky_request_visible,a_risky_request_visible,101,0,development_readout,C,0.6574584868636204,1
review-c7968cd6c3d1f959,msg-13d13b63af525be88c8e,normal,ordinary_notice_or_conversation_possible,a_not_risky_request_visible,101,0,development_readout,C,0.07948080681072371,0
review-c7acc1ae1037b569,msg-9ae5d9f225d18d759f00,smishing,risky_request_visible,a_risky_request_visible,101,1,development_readout,C,0.7917516557657054,1
review-c964452f27eede18,msg-8cc13371612bd1cf432c,smishing,insufficient_context,a_not_risky_request_visible,101,1,development_readout,C,0.34269942170660306,0
review-c9bef77585bdd4e8,msg-2dbc56f9e20b89a67a13,smishing,risky_request_visible,a_risky_request_visible,101,1,development_readout,C,0.45749787104767653,0
review-c9eb20ef749cdb80,msg-96057ba4137a67242859,normal,promotion_without_clear_scam_request,a_not_risky_request_visible,101,1,development_readout,C,0.16420027934507142,0
review-ca1c52eb5a9e5a56,msg-383f97042ca6b0129236,normal,ordinary_notice_or_conversation_possible,a_not_risky_request_visible,101,2,development_readout,C,0.04796064561666695,0
review-ca722d1baa37caa6,msg-640a5ef11bb22eeb3dbc,smishing,risky_request_visible,a_risky_request_visible,101,1,development_readout,C,0.9546755533005247,1
review-cb32573abbb83f9f,msg-26e314f88d0d3eaafbd6,smishing,risky_request_visible,a_risky_request_visible,101,1,development_readout,C,0.9586384559068197,1
review-cbbc72e510f286e3,msg-cb107b27366c1e7283c6,smishing,risky_request_visible,a_risky_request_visible,101,0,development_readout,C,0.9429613909367857,1
review-cf827f0ca2b4b9a5,msg-4e0bd498f47b89599ea6,smishing,risky_request_visible,a_risky_request_visible,101,1,development_readout,C,0.3406142457747572,0
review-cfc0b12d1183e034,msg-a382e8e19124dfbd1cd5,normal,ordinary_notice_or_conversation_possible,a_not_risky_request_visible,101,2,development_readout,C,0.3377600914265288,0
review-d0b2291f671afb13,msg-69107f37830e441acc20,smishing,risky_request_visible,a_risky_request_visible,101,2,development_readout,C,0.542605718940925,1
review-d17c9fec5ba94c27,msg-0833b822c08cc170dc26,smishing,risky_request_visible,a_risky_request_visible,101,0,development_readout,C,0.751669340128539,1
review-d1ba629d1b0c0386,msg-3a166a3d426428da952d,smishing,insufficient_context,a_not_risky_request_visible,101,0,development_readout,C,0.15229164600461126,0
review-d299ebb8c45a2f94,msg-0b586f5fca364bbc8c8d,smishing,insufficient_context,a_not_risky_request_visible,101,0,development_readout,C,0.14438394644842914,0
review-d3b4daac66058960,msg-2819ed8636ecdee04bb3,normal,promotion_without_clear_scam_request,a_not_risky_request_visible,101,1,development_readout,C,0.15793370846358168,0
review-d5b560692f11bda9,msg-20cb262bf7645dfe36d5,normal,ordinary_notice_or_conversation_possible,a_not_risky_request_visible,101,1,development_readout,C,0.09603202670827711,0
review-d684b0c9ae6eb28a,msg-b46e8faecd246cf1967d,smishing,risky_request_visible,a_risky_request_visible,101,1,development_readout,C,0.7693622936922688,1
review-d6877eb437269499,msg-d6441157b1184c30f6c0,normal,ordinary_notice_or_conversation_possible,a_not_risky_request_visible,101,1,development_readout,C,0.1547850172348553,0
review-d7a5aa91a1e9ef4b,msg-963560a696c2068b11aa,normal,promotion_without_clear_scam_request,a_not_risky_request_visible,101,2,development_readout,C,0.16650088579020214,0
review-d885dde988ff81fc,msg-e9f133abd48046d0b082,smishing,risky_request_visible,a_risky_request_visible,101,1,development_readout,C,0.8103044039487047,1
review-d927fc30b0eb9634,msg-1af26a10b08f45f41fde,smishing,risky_request_visible,a_risky_request_visible,101,1,development_readout,C,0.4153853676802144,0
review-db2e98df10b7ea70,msg-c3a7447e038aacfc0b56,normal,ordinary_notice_or_conversation_possible,a_not_risky_request_visible,101,2,development_readout,C,0.16722363685736716,0
review-dcfd0dc2773c1fc2,msg-efd9fc3fa5aed3568aff,smishing,risky_request_visible,a_risky_request_visible,101,1,development_readout,C,0.8518880415200939,1
review-dd1fb20a78a6cb60,msg-0c3c82dfb168fc722263,normal,ordinary_notice_or_conversation_possible,a_not_risky_request_visible,101,1,development_readout,C,0.11199995371653969,0
review-de8af5907865c3e9,msg-8d5b64a36fbb3eb71e78,smishing,risky_request_visible,a_risky_request_visible,101,1,development_readout,C,0.4529390043688161,0
review-e058b93119484125,msg-64eeb1b2fa95ac8fb479,smishing,risky_request_visible,a_risky_request_visible,101,1,development_readout,C,0.9145055814786974,1
review-e1afcc76f28c4344,msg-957a54f95f91a63ee653,normal,ordinary_notice_or_conversation_possible,a_not_risky_request_visible,101,2,development_readout,C,0.06044784278791092,0
review-e23fed0689d23954,msg-5bc65501f76a2d9c35b3,smishing,promotion_without_clear_scam_request,a_not_risky_request_visible,101,2,development_readout,C,0.36555755832970704,0
review-e2fd25cde06b2e07,msg-871f6b0c52c58905dd41,normal,promotion_without_clear_scam_request,a_not_risky_request_visible,101,2,development_readout,C,0.24700542925652308,0
review-e432c718725ac7ae,msg-b372318bcb95d9f5bf57,normal,ordinary_notice_or_conversation_possible,a_not_risky_request_visible,101,2,development_readout,C,0.24189690207712708,0
review-e447ae957587a31d,msg-0590a0a811adf41d19c4,smishing,risky_request_visible,a_risky_request_visible,101,1,development_readout,C,0.7859802366776649,1
review-e4dca6a839df1435,msg-d7dccf71e0387df73450,normal,ordinary_notice_or_conversation_possible,a_not_risky_request_visible,101,2,development_readout,C,0.1950530002141254,0
review-e511d7b76f480bc7,msg-c12f37d2560f5acf8fc5,smishing,risky_request_visible,a_risky_request_visible,101,1,development_readout,C,0.9558644907387476,1
review-e58d1b3575c7e041,msg-60b7b814308d63263bea,smishing,risky_request_visible,a_risky_request_visible,101,0,development_readout,C,0.8064246484367773,1
review-e5c8c789729e554c,msg-d028b9185e67164eda89,normal,ordinary_notice_or_conversation_possible,a_not_risky_request_visible,101,0,development_readout,C,0.15953249666202965,0
review-e8170ecaf09d95c1,msg-e863bf00fb6dbfb816f3,normal,ordinary_notice_or_conversation_possible,a_not_risky_request_visible,101,1,development_readout,C,0.11337030810449095,0
review-e8eebbe27a7969d0,msg-26a403cb7e86084e2d88,normal,ordinary_notice_or_conversation_possible,a_not_risky_request_visible,101,1,development_readout,C,0.20474784054028014,0
review-eb5bbbe4e99a6f72,msg-aae535e14decd836abac,normal,ordinary_notice_or_conversation_possible,a_not_risky_request_visible,101,0,development_readout,C,0.18819265472654817,0
review-ecc7155e591dec16,msg-7b45fdda561c81cabe19,smishing,risky_request_visible,a_risky_request_visible,101,0,development_readout,C,0.695717443653824,1
review-ed9460d363c32a66,msg-33b4946b6aa1c5826e5b,normal,ordinary_notice_or_conversation_possible,a_not_risky_request_visible,101,2,development_readout,C,0.13373730768793754,0
review-ee314103593cc397,msg-3382d5781a64d5167a9f,smishing,risky_request_visible,a_risky_request_visible,101,2,development_readout,C,0.23206816121151574,0
review-ee537a73bef42552,msg-a50c3f07d1c4116a5aae,normal,ordinary_notice_or_conversation_possible,a_not_risky_request_visible,101,1,development_readout,C,0.19405199226711545,0
review-eef1587711f81f11,msg-2bf3512c4b917049d8d1,normal,ordinary_notice_or_conversation_possible,a_not_risky_request_visible,101,1,development_readout,C,0.08663303425007367,0
review-f02182e8f70df196,msg-b789ac48b433840d97a1,smishing,risky_request_visible,a_risky_request_visible,101,0,development_readout,C,0.47739530506203565,1
review-f0b50460d98d4502,msg-95c382e5e68482d54b53,smishing,risky_request_visible,a_risky_request_visible,101,1,development_readout,C,0.76895167791654,1
review-f160feeb48ff21ee,msg-441e65241cda094c5e2a,smishing,risky_request_visible,a_risky_request_visible,101,1,development_readout,C,0.5046836309239006,1
review-f68968ff35ec4bea,msg-3f37d9bd39aa22dc8368,normal,ordinary_notice_or_conversation_possible,a_not_risky_request_visible,101,2,development_readout,C,0.1275235275541363,0
review-f69dbdcfebf56998,msg-6dd3cea31f51bc6f063d,smishing,risky_request_visible,a_risky_request_visible,101,2,development_readout,C,0.6167586216445776,1
review-f6f3c364cb66f280,msg-67f89394e1696666880c,normal,ordinary_notice_or_conversation_possible,a_not_risky_request_visible,101,0,development_readout,C,0.12074376711011837,0
review-f778efc9b041eb43,msg-7a8ba417b2f4e2650e1b,normal,ordinary_notice_or_conversation_possible,a_not_risky_request_visible,101,2,development_readout,C,0.1438716554906605,0
review-f8f57cab36b5e4f9,msg-0b0747a39cdb82046f16,normal,ordinary_notice_or_conversation_possible,a_not_risky_request_visible,101,1,development_readout,C,0.22319789890486713,0
review-f9733f5a3ed15ba1,msg-c545ce4cd13f2f30e4db,smishing,risky_request_visible,a_risky_request_visible,101,2,development_readout,C,0.9649849293309902,1
review-fb2667a6a62b9c38,msg-c2539bcbb168ad9fac37,normal,ordinary_notice_or_conversation_possible,a_not_risky_request_visible,101,1,development_readout,C,0.12180421614687029,0
review-fcb737070b879e4f,msg-63be477f140adc17e396,normal,ordinary_notice_or_conversation_possible,a_not_risky_request_visible,101,0,development_readout,C,0.1340100496782281,0
review-fd55ea1d04c7fc3b,msg-44deb8ec94adc01da101,normal,promotion_without_clear_scam_request,a_not_risky_request_visible,101,1,development_readout,C,0.04234593879721713,0
review-fdc12fa3cc3d98a8,msg-37fd1ef16190049166d2,smishing,risky_request_visible,a_risky_request_visible,101,0,development_readout,C,0.9358106578347944,1
review-fe1822167edb9625,msg-bee493f64946ad6b35a4,normal,promotion_without_clear_scam_request,a_not_risky_request_visible,101,0,development_readout,C,0.12303631248449269,0
review-fef8e7e55d89aaf1,msg-f0265af2067049f392b6,smishing,risky_request_visible,a_risky_request_visible,101,2,development_readout,C,0.7786678501331744,1
review-ff1ff6c1bdbeaee2,msg-35a30cfabb7c40cc1912,normal,ordinary_notice_or_conversation_possible,a_not_risky_request_visible,101,2,development_readout,C,0.11688355921232163,0
review-ff61b33b22cf09db,msg-f83fe7e80b1199988bc6,smishing,insufficient_context,a_not_risky_request_visible,101,1,development_readout,C,0.33674683933905925,0
review-0056707322867f9e,msg-bfebdfbc523c88d22afe,normal,ordinary_notice_or_conversation_possible,a_not_risky_request_visible,101,0,threshold_calibration,C,0.04868631934228926,0
review-014f431cdb07954a,msg-0c6dfbf2de170e52a942,smishing,risky_request_visible,a_risky_request_visible,101,0,threshold_calibration,C,0.4082619877872381,1
review-0191505287bc42c3,msg-125422950bbf2894b298,normal,ordinary_notice_or_conversation_possible,a_not_risky_request_visible,101,0,threshold_calibration,C,0.09665485246635193,0
review-022dede98715a30c,msg-873db1de4a30a9f5c623,normal,ordinary_notice_or_conversation_possible,a_not_risky_request_visible,101,1,threshold_calibration,C,0.12072972303500912,0
review-0238870c30ef790e,msg-d2b85b2279d55f17aa61,smishing,risky_request_visible,a_risky_request_visible,101,2,threshold_calibration,C,0.17237013982384475,0
review-02ed9a9204fc5c8c,msg-8af5cc4194464b481799,smishing,risky_request_visible,a_risky_request_visible,101,2,threshold_calibration,C,0.7240176928568111,1
review-0364c25d14e8bb7d,msg-ba7ace3a75e45b91726c,smishing,risky_request_visible,a_risky_request_visible,101,0,threshold_calibration,C,0.9494185721276007,1
review-05ba384c6ab030f1,msg-0cf1f701a15c54d26789,normal,ordinary_notice_or_conversation_possible,a_not_risky_request_visible,101,2,threshold_calibration,C,0.18531448328705105,0
review-06e6ec96dd763a34,msg-3be783148c7ea591a6af,normal,promotion_without_clear_scam_request,a_not_risky_request_visible,101,2,threshold_calibration,C,0.13851533733880175,0
review-06fe91fac978687e,msg-a83bb61726a247a6e1e1,normal,promotion_without_clear_scam_request,a_not_risky_request_visible,101,1,threshold_calibration,C,0.07774624717436894,0
review-07c0fb876beabf4b,msg-cdcf2dfc7474190999c3,smishing,promotion_without_clear_scam_request,a_not_risky_request_visible,101,0,threshold_calibration,C,0.7486893475066868,1
review-09f8a52a643bde75,msg-a190594f2bffb92ea5e6,normal,ordinary_notice_or_conversation_possible,a_not_risky_request_visible,101,0,threshold_calibration,C,0.23888282691014553,0
review-09f9fd98d92b31c5,msg-cbb14d3ea8b4c356543b,smishing,risky_request_visible,a_risky_request_visible,101,1,threshold_calibration,C,0.38523558109175327,0
review-0ba297695cc9a600,msg-593cd80d2ef7e33546ac,normal,ordinary_notice_or_conversation_possible,a_not_risky_request_visible,101,1,threshold_calibration,C,0.2617187185393102,0
review-0bf0da403c12d587,msg-b7800f4db5faf73f5f6d,smishing,risky_request_visible,a_risky_request_visible,101,2,threshold_calibration,C,0.8841932318041112,1
review-0c756099e821ef26,msg-3de91ab063f18e6782bf,smishing,risky_request_visible,a_risky_request_visible,101,0,threshold_calibration,C,0.4267041399774286,1
review-0cf62fd6142f6cb4,msg-2c0ffb2240bce4f0412b,smishing,risky_request_visible,a_risky_request_visible,101,2,threshold_calibration,C,0.7317318603811844,1
review-0d9dd805ae2674a4,msg-f65015ec6d6ca9ef912c,smishing,risky_request_visible,a_risky_request_visible,101,1,threshold_calibration,C,0.7005308994507006,1
review-0ddce31c46b4331c,msg-018ff56a19f05b63f7f1,normal,promotion_without_clear_scam_request,a_not_risky_request_visible,101,2,threshold_calibration,C,0.14083386849107613,0
review-0e3787ec2948234d,msg-f90fed3e0ba73a7afd40,smishing,risky_request_visible,a_risky_request_visible,101,2,threshold_calibration,C,0.9587622940567829,1
review-0e9363ce9bcb57c2,msg-a6db8f1ba339b796c36c,smishing,risky_request_visible,a_risky_request_visible,101,0,threshold_calibration,C,0.5250681789478109,1
review-0f5e5787e2464fe3,msg-31a602d9c77f86749c5b,smishing,risky_request_visible,a_risky_request_visible,101,0,threshold_calibration,C,0.9191878551424603,1
review-0f7f12381c38278e,msg-001d594cae67fd50f532,normal,promotion_without_clear_scam_request,a_not_risky_request_visible,101,2,threshold_calibration,C,0.12912006168845636,0
review-127bc1671c3021e3,msg-b3d3b6b29fae9b4cd139,smishing,risky_request_visible,a_risky_request_visible,101,2,threshold_calibration,C,0.3624851234076793,0
review-131ed5d9023fe8e1,msg-879b8233c4a44252fb2e,normal,promotion_without_clear_scam_request,a_not_risky_request_visible,101,0,threshold_calibration,C,0.2029402860884089,0
review-13ce66de75a8d3fc,msg-8827961dbffea331a040,smishing,risky_request_visible,a_risky_request_visible,101,0,threshold_calibration,C,0.9463928548188272,1
review-13e7350b6f9c843d,msg-6ef4e4d3849c3f2458f9,smishing,risky_request_visible,a_risky_request_visible,101,2,threshold_calibration,C,0.16370269613924462,0
review-1538fa93f259c264,msg-1d4f07b23c605c358a53,normal,ordinary_notice_or_conversation_possible,a_not_risky_request_visible,101,2,threshold_calibration,C,0.21670189072020068,0
review-15f5cb8ca60e63e7,msg-93f6493043538f04abba,smishing,risky_request_visible,a_risky_request_visible,101,0,threshold_calibration,C,0.7033278991057688,1
review-17bb16430527761d,msg-8a95db5cf464c51ec8bb,smishing,risky_request_visible,a_risky_request_visible,101,0,threshold_calibration,C,0.4704001716776514,1
review-1b01c3e70a5cd621,msg-598291dbde5006fce551,smishing,risky_request_visible,a_risky_request_visible,101,1,threshold_calibration,C,0.5082815283947657,1
review-1b29308cb4906d02,msg-7894af8fe183ef59232f,smishing,risky_request_visible,a_risky_request_visible,101,0,threshold_calibration,C,0.8975868404204321,1
review-1bee5d35c3ae9550,msg-0a348fcb6248b2e02712,smishing,risky_request_visible,a_risky_request_visible,101,1,threshold_calibration,C,0.6737510831735914,1
review-1c32fedd4b32dd06,msg-b3fecdca68993f39816e,normal,promotion_without_clear_scam_request,a_not_risky_request_visible,101,1,threshold_calibration,C,0.11547567923222808,0
review-1c42c25c32f5bd82,msg-397c7d1d69e93306e43f,smishing,risky_request_visible,a_risky_request_visible,101,0,threshold_calibration,C,0.9012116453108021,1
review-1e479c4a302f356c,msg-1306cfdbb1eb6413c2f3,smishing,risky_request_visible,a_risky_request_visible,101,2,threshold_calibration,C,0.14528278900576003,0
review-1ea0789836e39e65,msg-50ce9ce367d7506d1b34,smishing,risky_request_visible,a_risky_request_visible,101,1,threshold_calibration,C,0.7436641297189974,1
review-1f07a8c7cd26df2c,msg-cada766d88b515618679,normal,insufficient_context,a_not_risky_request_visible,101,2,threshold_calibration,C,0.13453412370818918,0
review-256d1c0f349382b5,msg-b0438b6ad1731edd6ad6,normal,ordinary_notice_or_conversation_possible,a_not_risky_request_visible,101,1,threshold_calibration,C,0.1287480519604527,0
review-2579df062aafc741,msg-fa2ff4bb2e3dd2a0cead,smishing,risky_request_visible,a_risky_request_visible,101,2,threshold_calibration,C,0.4369732381786412,0
review-260a39866b3feb51,msg-81198fc0b9b05d10f4d1,normal,ordinary_notice_or_conversation_possible,a_not_risky_request_visible,101,0,threshold_calibration,C,0.0950594345679841,0
review-266fac2cf4f9a2fe,msg-358dbfc77504383312c3,smishing,risky_request_visible,a_risky_request_visible,101,2,threshold_calibration,C,0.8765027427553173,1
review-2705653809f7ad8f,msg-c847ea1fe73639b29741,normal,ordinary_notice_or_conversation_possible,a_not_risky_request_visible,101,2,threshold_calibration,C,0.2964906753673009,0
review-2769abe8fc6ffd87,msg-45d3204953ffb0ec89ee,normal,ordinary_notice_or_conversation_possible,a_not_risky_request_visible,101,2,threshold_calibration,C,0.14795503002922625,0
review-27c93b924b9803a0,msg-18949d0a510e2e71cd5c,smishing,risky_request_visible,a_risky_request_visible,101,0,threshold_calibration,C,0.8474688195978229,1
review-27fee91252ef3d87,msg-0d7a1d02c979a5575363,normal,ordinary_notice_or_conversation_possible,a_not_risky_request_visible,101,2,threshold_calibration,C,0.17279563470717518,0
review-2b3f3a2d3b9504b2,msg-a9571e0d77539178ffc3,normal,ordinary_notice_or_conversation_possible,a_not_risky_request_visible,101,1,threshold_calibration,C,0.34621551502552333,0
review-2b5a69423072c0ba,msg-258cc86a999cd351f9ca,normal,insufficient_context,a_not_risky_request_visible,101,1,threshold_calibration,C,0.08927376629788321,0
review-2ba16080ec46773d,msg-24c361e6f72073321220,normal,ordinary_notice_or_conversation_possible,a_not_risky_request_visible,101,1,threshold_calibration,C,0.08568804434646048,0
review-300c4c657ef26689,msg-8d4de978440b72ca4a45,normal,ordinary_notice_or_conversation_possible,a_not_risky_request_visible,101,0,threshold_calibration,C,0.22584988032716632,0
review-30d20e067658db39,msg-915558b1d57081861e23,normal,insufficient_context,a_not_risky_request_visible,101,2,threshold_calibration,C,0.19913202384792364,0
review-30e3bf5a7666c842,msg-2691ca74050fbbc9ed37,smishing,risky_request_visible,a_risky_request_visible,101,2,threshold_calibration,C,0.7424126355237611,1
review-326317e54a445bed,msg-df3f29c9891147e7f846,smishing,risky_request_visible,a_risky_request_visible,101,1,threshold_calibration,C,0.9631796794571897,1
review-344682f2618ba8f9,msg-e5b4405ee48a541eecc0,normal,promotion_without_clear_scam_request,a_not_risky_request_visible,101,2,threshold_calibration,C,0.199276527320594,0
review-34c4c16cb5ea9aaf,msg-62610653bf85e35feeff,smishing,risky_request_visible,a_risky_request_visible,101,0,threshold_calibration,C,0.9424307339655462,1
review-36c6682493394c5a,msg-d54e4685cdd8f9aa710a,smishing,risky_request_visible,a_risky_request_visible,101,1,threshold_calibration,C,0.7221553589591989,1
review-37141dd75c3875fc,msg-372c6f62456bfbc0a7d9,normal,ordinary_notice_or_conversation_possible,a_not_risky_request_visible,101,0,threshold_calibration,C,0.10251896578142204,0
review-37c64855b20334c3,msg-000be99f5f9d9c3967c4,normal,insufficient_context,a_not_risky_request_visible,101,1,threshold_calibration,C,0.11712446294763619,0
review-383246308e1d9552,msg-2536b5c581cb3fe10fe2,normal,risky_request_visible,a_risky_request_visible,101,1,threshold_calibration,C,0.10571379550134695,0
review-39a836fe3d87fa33,msg-758bd093f61744be66f6,normal,ordinary_notice_or_conversation_possible,a_not_risky_request_visible,101,1,threshold_calibration,C,0.10358729324270224,0
review-39e0fa05577bfbae,msg-551d213c037c9c6eab04,smishing,risky_request_visible,a_risky_request_visible,101,1,threshold_calibration,C,0.955935664637292,1
review-3a3a0c9003eb78d2,msg-9b70e92fb8b03ad7c610,normal,ordinary_notice_or_conversation_possible,a_not_risky_request_visible,101,2,threshold_calibration,C,0.2528931756965097,0
review-3aa78c267ab21f05,msg-224c0422b0003d17212c,smishing,ordinary_notice_or_conversation_possible,a_not_risky_request_visible,101,2,threshold_calibration,C,0.2932171218647422,0
review-3abe5c96847ee3b9,msg-e7c4d2ebb04e62e880b5,normal,ordinary_notice_or_conversation_possible,a_not_risky_request_visible,101,1,threshold_calibration,C,0.13374884814587687,0
review-3b23a85b0e54e4e2,msg-5a59a5ce918f6559e125,normal,promotion_without_clear_scam_request,a_not_risky_request_visible,101,2,threshold_calibration,C,0.10624338422972292,0
review-3b5e9306ce7f16f6,msg-75d22609d1f4fae1c474,normal,ordinary_notice_or_conversation_possible,a_not_risky_request_visible,101,1,threshold_calibration,C,0.11426109630402596,0
review-3c6ae33a89ac17a5,msg-c098e4b7c32dc66b6582,smishing,risky_request_visible,a_risky_request_visible,101,1,threshold_calibration,C,0.9373488471734415,1
review-3ec3c8e07bb7e369,msg-f5bfb9971a76c287fdd5,normal,promotion_without_clear_scam_request,a_not_risky_request_visible,101,0,threshold_calibration,C,0.1945015447251873,0
review-3f1aad6856711dea,msg-d3a618b40117b1875806,normal,ordinary_notice_or_conversation_possible,a_not_risky_request_visible,101,0,threshold_calibration,C,0.08799486216184807,0
review-40eb85d72dbb3fa3,msg-4273962397b78faae1de,smishing,risky_request_visible,a_risky_request_visible,101,2,threshold_calibration,C,0.9193467814556245,1
review-417d1a94491a5069,msg-a24654d3ad544c08124e,normal,promotion_without_clear_scam_request,a_not_risky_request_visible,101,2,threshold_calibration,C,0.10233137419535616,0
review-41ec06c9fc578cef,msg-631fc966e6d1a8ec4785,smishing,risky_request_visible,a_risky_request_visible,101,1,threshold_calibration,C,0.9538830932948483,1
review-44d5803b821bc077,msg-382f83f816817c259074,smishing,risky_request_visible,a_risky_request_visible,101,0,threshold_calibration,C,0.7502065984234652,1
review-4532712bae1263a4,msg-f2d213d6e51419f0c0c3,smishing,risky_request_visible,a_risky_request_visible,101,1,threshold_calibration,C,0.9418802400092653,1
review-49230d04e233f44b,msg-88466b364e697e810f29,normal,promotion_without_clear_scam_request,a_not_risky_request_visible,101,2,threshold_calibration,C,0.27784950255194674,0
review-49db2f3969f4dab7,msg-d9f951c82ea54b25ac30,normal,promotion_without_clear_scam_request,a_not_risky_request_visible,101,0,threshold_calibration,C,0.14320457654264737,0
review-4a4a9ac934622b9e,msg-77e7ed6fee4ff6e6b3c0,normal,ordinary_notice_or_conversation_possible,a_not_risky_request_visible,101,1,threshold_calibration,C,0.47953213797535266,0
review-4a5f226471e5edaf,msg-92eab3c091583e1be9b2,smishing,risky_request_visible,a_risky_request_visible,101,0,threshold_calibration,C,0.8443273407281326,1
review-4aad735ff43af908,msg-d1f2ce6a48cfd3ddc352,smishing,ordinary_notice_or_conversation_possible,a_not_risky_request_visible,101,1,threshold_calibration,C,0.26797568847079967,0
review-4aafcfede478ed2e,msg-42b716ae90c55a680465,smishing,risky_request_visible,a_risky_request_visible,101,1,threshold_calibration,C,0.8458640599070348,1
review-4b0f3b3c6f3029e0,msg-095a369060c7ff33c341,smishing,risky_request_visible,a_risky_request_visible,101,2,threshold_calibration,C,0.9178902159622803,1
review-4b7d3212a375f3c3,msg-e32c03f7fd12569b45d4,smishing,risky_request_visible,a_risky_request_visible,101,1,threshold_calibration,C,0.6825403406686692,1
review-4be490099efed608,msg-1ba73bfe47e950778408,smishing,risky_request_visible,a_risky_request_visible,101,2,threshold_calibration,C,0.8372230076884558,1
review-4c1327797f738c0f,msg-c623d83809d140a75f70,normal,ordinary_notice_or_conversation_possible,a_not_risky_request_visible,101,2,threshold_calibration,C,0.2780405503170945,0
review-4c7f2895cbdfff17,msg-b6d879d72eac72ef59ac,smishing,risky_request_visible,a_risky_request_visible,101,2,threshold_calibration,C,0.6059359208373943,1
review-4cbabc8906c81322,msg-0ed0bfb82462e09cd15a,smishing,risky_request_visible,a_risky_request_visible,101,2,threshold_calibration,C,0.9155502200603488,1
review-4dee15ae26647c57,msg-12bf543cc6f8c5b10b0a,normal,ordinary_notice_or_conversation_possible,a_not_risky_request_visible,101,0,threshold_calibration,C,0.13578915432242544,0
review-543aeb75302230e1,msg-7e2ff44dc281462ddd2c,normal,ordinary_notice_or_conversation_possible,a_not_risky_request_visible,101,2,threshold_calibration,C,0.1082580918562905,0
review-545d35ba143011e5,msg-fe80fc54d234587af050,normal,ordinary_notice_or_conversation_possible,a_not_risky_request_visible,101,1,threshold_calibration,C,0.10709142993126007,0
review-54a4b61c2ddb946a,msg-d867888f40ccdc430a1d,normal,promotion_without_clear_scam_request,a_not_risky_request_visible,101,0,threshold_calibration,C,0.10846298686354032,0
review-572c07846f21e2ba,msg-5c8a3583b29803350025,normal,ordinary_notice_or_conversation_possible,a_not_risky_request_visible,101,0,threshold_calibration,C,0.08814281145810628,0
review-591262c8bdf0034a,msg-1cfca21a07370919433a,smishing,ordinary_notice_or_conversation_possible,a_not_risky_request_visible,101,2,threshold_calibration,C,0.4679080136389597,1
review-5915bce9f0ed137d,msg-e395baa51463221daebc,normal,insufficient_context,a_not_risky_request_visible,101,0,threshold_calibration,C,0.23726064890561602,0
review-5a49e43857a6f8f0,msg-a4b7e6d3b527691e9a05,smishing,risky_request_visible,a_risky_request_visible,101,2,threshold_calibration,C,0.1672146290269741,0
review-5a7aed2fa9914ccd,msg-c51a29b00765bbce70ab,normal,ordinary_notice_or_conversation_possible,a_not_risky_request_visible,101,1,threshold_calibration,C,0.204637500340066,0
review-5a9261ed8c81a5c6,msg-dda62389e8fe6499fde9,normal,ordinary_notice_or_conversation_possible,a_not_risky_request_visible,101,1,threshold_calibration,C,0.08756870111187422,0
review-5b0c0204dc451747,msg-31f308081fb21c6e8f09,smishing,risky_request_visible,a_risky_request_visible,101,1,threshold_calibration,C,0.9012478747351319,1
review-5b38287421b21063,msg-2eacbbd745e21908f221,normal,ordinary_notice_or_conversation_possible,a_not_risky_request_visible,101,1,threshold_calibration,C,0.11755409553591342,0
review-5b8a47398769e7ef,msg-380c22214f611250512c,normal,ordinary_notice_or_conversation_possible,a_not_risky_request_visible,101,2,threshold_calibration,C,0.14539594999484268,0
review-5c8fb855522635b0,msg-8583f1e4ed2f6a4435f1,normal,ordinary_notice_or_conversation_possible,a_not_risky_request_visible,101,0,threshold_calibration,C,0.15306503752985723,0
review-5cdeba2735509611,msg-ae080cc622858f685d5a,smishing,risky_request_visible,a_risky_request_visible,101,0,threshold_calibration,C,0.9020637936943809,1
review-5d4e3193863f1946,msg-02ba53db573bb7d15551,smishing,risky_request_visible,a_risky_request_visible,101,1,threshold_calibration,C,0.8542734021460999,1
review-5f54bbc511caaded,msg-542efb3f41bad8a46794,normal,ordinary_notice_or_conversation_possible,a_not_risky_request_visible,101,1,threshold_calibration,C,0.14495393518416844,0
review-5f5dd240c73902fa,msg-702b7967e690569fc457,normal,promotion_without_clear_scam_request,a_not_risky_request_visible,101,2,threshold_calibration,C,0.1095591202577722,0
review-5fad6c92922b1924,msg-d7ae6177f242cd43abef,normal,insufficient_context,a_not_risky_request_visible,101,0,threshold_calibration,C,0.1792245349396296,0
review-63bef8982e454a02,msg-c75749a34e08d00a62cd,smishing,risky_request_visible,a_risky_request_visible,101,2,threshold_calibration,C,0.22563721704704578,0
review-63ea5eac0fdbfe2f,msg-f9613a09341e642b64ae,smishing,risky_request_visible,a_risky_request_visible,101,0,threshold_calibration,C,0.9514716445482675,1
review-65037cf8dfccb4af,msg-4a1016a531744e654831,normal,promotion_without_clear_scam_request,a_not_risky_request_visible,101,0,threshold_calibration,C,0.15472997980285114,0
review-6521774e33af014d,msg-9b1f08af6e0ef529c373,normal,ordinary_notice_or_conversation_possible,a_not_risky_request_visible,101,1,threshold_calibration,C,0.20218478105203402,0
review-65c507e4203143d6,msg-fa95489fe7c0dfeb2251,smishing,risky_request_visible,a_risky_request_visible,101,1,threshold_calibration,C,0.8394840486706144,1
review-66516cd6e1b084bc,msg-a67739cacf95ee18716c,normal,ordinary_notice_or_conversation_possible,a_not_risky_request_visible,101,2,threshold_calibration,C,0.23169575003392853,0
review-66ef57282af71d4f,msg-f51c8c7132e5405088dd,normal,ordinary_notice_or_conversation_possible,a_not_risky_request_visible,101,1,threshold_calibration,C,0.14331419600782735,0
review-6742e699b2c19637,msg-5e8796780c062e86063b,smishing,promotion_without_clear_scam_request,a_not_risky_request_visible,101,1,threshold_calibration,C,0.14642876431648086,0
review-6938cc7e883cfae5,msg-d0b351454bf1078555ca,smishing,risky_request_visible,a_risky_request_visible,101,1,threshold_calibration,C,0.2809630898467066,0
review-6a3da5bb1cbb35c3,msg-c4c6b04cd9f64fdb2a1a,smishing,risky_request_visible,a_risky_request_visible,101,1,threshold_calibration,C,0.4956105041040081,1
review-6ae02f39f51553d5,msg-6ea3d783002f06a87f20,smishing,risky_request_visible,a_risky_request_visible,101,0,threshold_calibration,C,0.8554602192560453,1
review-6b23a95e54455bfe,msg-7e73260daff23015e769,smishing,risky_request_visible,a_risky_request_visible,101,0,threshold_calibration,C,0.6519384829955595,1
review-6b90760350513e04,msg-f20701505d9754bbd32d,normal,ordinary_notice_or_conversation_possible,a_not_risky_request_visible,101,2,threshold_calibration,C,0.4449525282465609,0
review-6d70e00c3a0eb212,msg-78ebe7ba8de3e6f59138,normal,risky_request_visible,a_risky_request_visible,101,1,threshold_calibration,C,0.13228391753576219,0
review-6ee455a4c31c9039,msg-9207c6b7c6c694beab91,normal,promotion_without_clear_scam_request,a_not_risky_request_visible,101,0,threshold_calibration,C,0.14421942441046626,0
review-71bc6120e1507254,msg-b460f3c8ac1fe936b354,smishing,risky_request_visible,a_risky_request_visible,101,2,threshold_calibration,C,0.6357070493987766,1
review-722fa17d1953465a,msg-b3fb5a0a6aea14d37b31,smishing,risky_request_visible,a_risky_request_visible,101,0,threshold_calibration,C,0.9466385104783626,1
review-737f8fd0571ce3c6,msg-c41cc6431e9d998e3d0b,smishing,insufficient_context,a_not_risky_request_visible,101,2,threshold_calibration,C,0.6175913882195889,1
review-7493575c90062c41,msg-e84d76b6ef43a1d586a7,normal,promotion_without_clear_scam_request,a_not_risky_request_visible,101,2,threshold_calibration,C,0.24180800629665603,0
review-7494a9906bb71039,msg-6f6bbab188df73ce6c08,normal,promotion_without_clear_scam_request,a_not_risky_request_visible,101,2,threshold_calibration,C,0.23954345428257104,0
review-755768c5838e2f29,msg-e2997981817c30d525be,smishing,risky_request_visible,a_risky_request_visible,101,0,threshold_calibration,C,0.8390373518747022,1
review-75ab06f0d698d679,msg-f273e56e9277fab3062d,smishing,risky_request_visible,a_risky_request_visible,101,2,threshold_calibration,C,0.45281908130575715,1
review-76f98d8733690feb,msg-34b43fdf59308e46e47d,normal,risky_request_visible,a_risky_request_visible,101,1,threshold_calibration,C,0.13945248979047156,0
review-787b7c042622aae0,msg-b3943f3bacab6f799477,normal,promotion_without_clear_scam_request,a_not_risky_request_visible,101,1,threshold_calibration,C,0.10166572080474487,0
review-7977c3d1276873c7,msg-68e127127a540d65f679,normal,ordinary_notice_or_conversation_possible,a_not_risky_request_visible,101,0,threshold_calibration,C,0.1941414746394506,0
review-7a761126add20b55,msg-14afe15514eab65aba06,smishing,risky_request_visible,a_risky_request_visible,101,2,threshold_calibration,C,0.8830253236728395,1
review-7aed3e349c71aa1c,msg-93087cebe3aa7340ffc8,smishing,risky_request_visible,a_risky_request_visible,101,1,threshold_calibration,C,0.8042856310300469,1
review-7bc2e45e3ffc6c78,msg-b62543444f94f00ab76a,normal,ordinary_notice_or_conversation_possible,a_not_risky_request_visible,101,1,threshold_calibration,C,0.16022939760843832,0
review-7d4271562f20ae7d,msg-0f3c1de813a299c535f9,normal,promotion_without_clear_scam_request,a_not_risky_request_visible,101,2,threshold_calibration,C,0.14707365522854296,0
review-7d723e9bf1b824f5,msg-87a76d50e35b48e41218,smishing,risky_request_visible,a_risky_request_visible,101,2,threshold_calibration,C,0.5715210380068412,1
review-81b1a3bc8dfb1982,msg-4ab82cc3b14da8846e8f,normal,ordinary_notice_or_conversation_possible,a_not_risky_request_visible,101,1,threshold_calibration,C,0.11878870686414945,0
review-81db582ab9c83a7d,msg-2a0582fa3234a2d63356,normal,risky_request_visible,a_risky_request_visible,101,2,threshold_calibration,C,0.7638728349795922,1
review-833c087c0ab5f903,msg-9fd68b8a09c8f103465e,smishing,insufficient_context,a_not_risky_request_visible,101,0,threshold_calibration,C,0.7276202868727811,1
review-83bf04c6b634cf0b,msg-b677ced3e884ac5d5c3c,normal,promotion_without_clear_scam_request,a_not_risky_request_visible,101,2,threshold_calibration,C,0.37242745760157314,0
review-8408e233d5c05195,msg-61e1958480c0e2e496e5,normal,ordinary_notice_or_conversation_possible,a_not_risky_request_visible,101,1,threshold_calibration,C,0.09913014058681477,0
review-85ef908a3e61f2a2,msg-30572cea27e54ac2130b,normal,ordinary_notice_or_conversation_possible,a_not_risky_request_visible,101,1,threshold_calibration,C,0.08829620420050392,0
review-869ed6a92825209e,msg-ebf36f8049d0506e786b,smishing,risky_request_visible,a_risky_request_visible,101,1,threshold_calibration,C,0.4019632728224935,0
review-87ca5145bb1464ea,msg-69d76db7edd5a86af1d7,normal,promotion_without_clear_scam_request,a_not_risky_request_visible,101,2,threshold_calibration,C,0.11912939772489142,0
review-8815f8f3d2cf8ddd,msg-c411a659d87891c23018,normal,ordinary_notice_or_conversation_possible,a_not_risky_request_visible,101,0,threshold_calibration,C,0.2774806958309691,0
review-8858113ca39c4a08,msg-8e807a0816ba58157c7b,smishing,risky_request_visible,a_risky_request_visible,101,2,threshold_calibration,C,0.7189732389407552,1
review-8a9a3331b5fa55b8,msg-c77a2ab7f5ebcb835ce1,normal,ordinary_notice_or_conversation_possible,a_not_risky_request_visible,101,0,threshold_calibration,C,0.40385976568805054,0
review-8c0239752664c9f7,msg-ebc9f34f94af5eeb68f0,smishing,risky_request_visible,a_risky_request_visible,101,0,threshold_calibration,C,0.6853401106024595,1
review-8e3e294dce3f381b,msg-5d0a2376083daf8a9bde,normal,ordinary_notice_or_conversation_possible,a_not_risky_request_visible,101,2,threshold_calibration,C,0.10599560683971297,0
review-8f6994cbd2075acd,msg-47b3b6a2b2a28bdf7fb9,smishing,risky_request_visible,a_risky_request_visible,101,1,threshold_calibration,C,0.7693314629271487,1
review-8f7e5118fc4a9d93,msg-54a310f893f9630cdab4,smishing,risky_request_visible,a_risky_request_visible,101,2,threshold_calibration,C,0.9331911973794619,1
review-904be5b534ca4342,msg-2c7b345bbea477990d91,normal,ordinary_notice_or_conversation_possible,a_not_risky_request_visible,101,1,threshold_calibration,C,0.2337568419023143,0
review-92026380db179cfa,msg-11b3b10960d7a9f4d101,smishing,risky_request_visible,a_risky_request_visible,101,2,threshold_calibration,C,0.5711182313687441,1
review-92a8bdc500ce598c,msg-b0731c666ab671570088,smishing,risky_request_visible,a_risky_request_visible,101,0,threshold_calibration,C,0.9035944859234883,1
review-936c9b094a62d464,msg-c8e57aa3882734555677,normal,ordinary_notice_or_conversation_possible,a_not_risky_request_visible,101,2,threshold_calibration,C,0.11451277567130753,0
review-93f251b7f415320e,msg-25125973e3120d610fce,smishing,risky_request_visible,a_risky_request_visible,101,2,threshold_calibration,C,0.9239171583726828,1
review-9440c7b20214abb9,msg-e326b0533522ecb322de,smishing,risky_request_visible,a_risky_request_visible,101,0,threshold_calibration,C,0.8431830503933658,1
review-95ab42239fb052e7,msg-5052c7243f9985cc9bcf,normal,promotion_without_clear_scam_request,a_not_risky_request_visible,101,0,threshold_calibration,C,0.13124627189947674,0
review-95b51a345d37bf9b,msg-1c7e06763517aa4b43bf,smishing,risky_request_visible,a_risky_request_visible,101,0,threshold_calibration,C,0.47838837323110395,1
review-962656fa6b00f587,msg-cce4c00da9a7d9f77c32,normal,promotion_without_clear_scam_request,a_not_risky_request_visible,101,1,threshold_calibration,C,0.14201572164482573,0
review-96be0a4e61349470,msg-04b55107c00ee5b070d9,smishing,risky_request_visible,a_risky_request_visible,101,2,threshold_calibration,C,0.7154049059986495,1
review-9762bd209b88d2ac,msg-891bb14bf560270521ca,smishing,risky_request_visible,a_risky_request_visible,101,2,threshold_calibration,C,0.8653533037210493,1
review-97eb58f77becd57e,msg-991e31887c4954366165,normal,promotion_without_clear_scam_request,a_not_risky_request_visible,101,1,threshold_calibration,C,0.10547634423364598,0
review-982aea7aee2bfd5b,msg-3189e01199a2f10ad163,smishing,risky_request_visible,a_risky_request_visible,101,1,threshold_calibration,C,0.9272414588280282,1
review-98f41617c328173b,msg-c51643d14946078e7d57,smishing,risky_request_visible,a_risky_request_visible,101,1,threshold_calibration,C,0.9310148582456687,1
review-99553665d7fa8d60,msg-ec2c63de47e93d56888f,normal,ordinary_notice_or_conversation_possible,a_not_risky_request_visible,101,1,threshold_calibration,C,0.12386282753285084,0
review-9955e43648119f93,msg-c9f03e64293fb8bae46b,smishing,risky_request_visible,a_risky_request_visible,101,1,threshold_calibration,C,0.707169785706203,1
review-9a6d46e3500865e5,msg-db804cd0d3465516e4ad,smishing,risky_request_visible,a_risky_request_visible,101,0,threshold_calibration,C,0.8008206288777411,1
review-9ad68457d5c5ddfe,msg-ff1e050906d7cfd80b2a,smishing,risky_request_visible,a_risky_request_visible,101,0,threshold_calibration,C,0.5544922717695159,1
review-a003a34f2b7224ae,msg-ed3a4e31c52d999f2ab4,normal,ordinary_notice_or_conversation_possible,a_not_risky_request_visible,101,2,threshold_calibration,C,0.10466862369802907,0
review-a0157c7c504b2713,msg-75bb93c54e7c03e2de6b,smishing,risky_request_visible,a_risky_request_visible,101,2,threshold_calibration,C,0.9575913280208715,1
review-a0abc212fe654fe2,msg-e8f6c41fc42d524da26b,smishing,risky_request_visible,a_risky_request_visible,101,2,threshold_calibration,C,0.8889894005371834,1
review-a17319837ff0f25f,msg-3c260868d8790e3220b2,smishing,risky_request_visible,a_risky_request_visible,101,1,threshold_calibration,C,0.9223169181281842,1
review-a55cc489390f4d15,msg-a11408f53fc97d32784a,smishing,risky_request_visible,a_risky_request_visible,101,2,threshold_calibration,C,0.788860533382391,1
review-a5e01613dff9b90c,msg-5f72ce400186780556af,normal,promotion_without_clear_scam_request,a_not_risky_request_visible,101,1,threshold_calibration,C,0.14738822125687936,0
review-a884f7c925b47633,msg-0d319b74ea12c910e557,smishing,risky_request_visible,a_risky_request_visible,101,2,threshold_calibration,C,0.6475004823373415,1
review-a93e9d44999fbedb,msg-7a5a0ef1560dbc98423a,normal,ordinary_notice_or_conversation_possible,a_not_risky_request_visible,101,2,threshold_calibration,C,0.10417862196527232,0
review-aa0341109ceb1209,msg-46a9686cf4e9faeb9042,normal,ordinary_notice_or_conversation_possible,a_not_risky_request_visible,101,2,threshold_calibration,C,0.15920420939268903,0
review-abfd0300b3e94bc9,msg-c6cb9735117d0df6bed5,normal,promotion_without_clear_scam_request,a_not_risky_request_visible,101,1,threshold_calibration,C,0.13254722833271612,0
review-ac307e4a1651f014,msg-5dce72e90a11834ff054,smishing,risky_request_visible,a_risky_request_visible,101,1,threshold_calibration,C,0.2697170500799487,0
review-aca9116d8021bfae,msg-ee6bc320eef92aaba68d,smishing,risky_request_visible,a_risky_request_visible,101,1,threshold_calibration,C,0.47445013944131553,0
review-acfda6dedbd0ac44,msg-7a9e8cba7f71a7789866,normal,ordinary_notice_or_conversation_possible,a_not_risky_request_visible,101,0,threshold_calibration,C,0.17476137410167572,0
review-ad512146de7da940,msg-c26a0b124b37127b90ce,smishing,risky_request_visible,a_risky_request_visible,101,0,threshold_calibration,C,0.8603826142972436,1
review-ae30eff1c5009634,msg-034e267652beee654b7d,normal,promotion_without_clear_scam_request,a_not_risky_request_visible,101,0,threshold_calibration,C,0.1493532894293774,0
review-b0d0b31ce42bff6d,msg-80bd77dde6b57d4aa6b9,smishing,risky_request_visible,a_risky_request_visible,101,0,threshold_calibration,C,0.26280581845182543,0
review-b31a9429969a49d0,msg-462e7df5be571e9dec5d,normal,ordinary_notice_or_conversation_possible,a_not_risky_request_visible,101,1,threshold_calibration,C,0.17087614128755463,0
review-b354a4224eb298ed,msg-03c2102e41eb110e0262,smishing,risky_request_visible,a_risky_request_visible,101,2,threshold_calibration,C,0.7112222579293271,1
review-b4838689e702ca9d,msg-fd7536693be17ff11e66,normal,ordinary_notice_or_conversation_possible,a_not_risky_request_visible,101,1,threshold_calibration,C,0.10908205077061438,0
review-b495dcabfdc9e6bb,msg-c3e7d7b05d5a88764703,smishing,risky_request_visible,a_risky_request_visible,101,2,threshold_calibration,C,0.16252327154883442,0
review-b4a140a400dd0bd4,msg-8d50f5b84f82748b30f4,smishing,risky_request_visible,a_risky_request_visible,101,2,threshold_calibration,C,0.7398860741319976,1
review-b716d55654e9e174,msg-eac3f80ef98d49d5018b,normal,ordinary_notice_or_conversation_possible,a_not_risky_request_visible,101,0,threshold_calibration,C,0.07900505279761381,0
review-b75a5cafe4180fd6,msg-a850f5749efcb9c4f6a0,smishing,ordinary_notice_or_conversation_possible,a_not_risky_request_visible,101,1,threshold_calibration,C,0.4877093790798411,1
review-b7a4aa1c4b4f5a68,msg-ea43ef2af5abd7033448,normal,insufficient_context,a_not_risky_request_visible,101,2,threshold_calibration,C,0.20263976110728021,0
review-b853cb37dc6b6e11,msg-51ae98811a8fd7ee3107,normal,ordinary_notice_or_conversation_possible,a_not_risky_request_visible,101,2,threshold_calibration,C,0.16225707900380745,0
review-b894aa9bff1613dc,msg-0f99b5457812bf9368a9,smishing,risky_request_visible,a_risky_request_visible,101,2,threshold_calibration,C,0.7839964790062764,1
review-b973d23ab4a680d4,msg-332a6ceef2ba82e72aee,normal,ordinary_notice_or_conversation_possible,a_not_risky_request_visible,101,2,threshold_calibration,C,0.09207997182740595,0
review-baf06dfd954e1b3a,msg-2e3856be0b06e36d853e,smishing,risky_request_visible,a_risky_request_visible,101,0,threshold_calibration,C,0.9160759690880356,1
review-bb5f23238e492978,msg-ae0b87b215621f5e8471,smishing,risky_request_visible,a_risky_request_visible,101,1,threshold_calibration,C,0.9166638932474321,1
review-bbb9c61301495984,msg-d3591b5cc40dae36f63d,smishing,risky_request_visible,a_risky_request_visible,101,0,threshold_calibration,C,0.7954250199849752,1
review-bc1ad3d6715f9dab,msg-e19e83293fb47143aa18,normal,promotion_without_clear_scam_request,a_not_risky_request_visible,101,0,threshold_calibration,C,0.10562667495692832,0
review-bc58d3e0a50d9226,msg-14251aa27469f753be0a,normal,ordinary_notice_or_conversation_possible,a_not_risky_request_visible,101,0,threshold_calibration,C,0.15923191417845203,0
review-bc694d6c09671509,msg-70dcd4b0f26f61bdf407,normal,ordinary_notice_or_conversation_possible,a_not_risky_request_visible,101,0,threshold_calibration,C,0.11252084324154672,0
review-bc805b9a7fefb4c4,msg-b42fe9f654595657fa35,smishing,risky_request_visible,a_risky_request_visible,101,0,threshold_calibration,C,0.47640284661791216,1
review-bcc4f27e08342914,msg-8da1861e43112a887a4b,smishing,risky_request_visible,a_risky_request_visible,101,2,threshold_calibration,C,0.7540553386634189,1
review-bcc86610acb0f9ff,msg-6c850b57daa695a2a5bf,smishing,insufficient_context,a_not_risky_request_visible,101,0,threshold_calibration,C,0.1562711706900806,0
review-bd2ee152f3f0a48a,msg-25ac7d2717cde23a4116,normal,ordinary_notice_or_conversation_possible,a_not_risky_request_visible,101,2,threshold_calibration,C,0.2302822914312026,0
review-be260e01d39a8550,msg-bbb84b4c518d7fb445cd,smishing,risky_request_visible,a_risky_request_visible,101,0,threshold_calibration,C,0.9530027767954111,1
review-bef01b9f140416fa,msg-538e9bd6dde7a1aba023,normal,promotion_without_clear_scam_request,a_not_risky_request_visible,101,0,threshold_calibration,C,0.2646104329321422,0
review-bf29414211fedb11,msg-c484e73c51ddf79b7f8b,smishing,risky_request_visible,a_risky_request_visible,101,0,threshold_calibration,C,0.9467719042520568,1
review-bf5fe000a4a8d9d5,msg-bcaba0c0cd46c0149e2b,smishing,risky_request_visible,a_risky_request_visible,101,1,threshold_calibration,C,0.3210912695867787,0
review-bfec2c5d687b5e5a,msg-171c4288e43e466f5427,normal,ordinary_notice_or_conversation_possible,a_not_risky_request_visible,101,1,threshold_calibration,C,0.3265115711563025,0
review-c1f9d74965cc6d56,msg-9f008694d2e9f838eeaa,smishing,risky_request_visible,a_risky_request_visible,101,0,threshold_calibration,C,0.7588018304764815,1
review-c20d5a744e2d1992,msg-08bbc870048b82597982,normal,ordinary_notice_or_conversation_possible,a_not_risky_request_visible,101,0,threshold_calibration,C,0.11183817807621564,0
review-c279584d5ab81989,msg-ac699df7f9a7b4400d68,smishing,risky_request_visible,a_risky_request_visible,101,2,threshold_calibration,C,0.6947752002652743,1
review-c3157c09e695c3c5,msg-f0a3f2387d520f4943e1,normal,promotion_without_clear_scam_request,a_not_risky_request_visible,101,1,threshold_calibration,C,0.19707374031750582,0
review-c45238e439e91c4d,msg-165866e6104c7226a8e8,smishing,risky_request_visible,a_risky_request_visible,101,1,threshold_calibration,C,0.6012132653365124,1
review-c7e00bcebb9cbe94,msg-3eff4af4ff261cda8b13,normal,ordinary_notice_or_conversation_possible,a_not_risky_request_visible,101,2,threshold_calibration,C,0.2861951385409939,0
review-c7f76b1e1d80f49a,msg-47c423de9b8595f121a9,smishing,risky_request_visible,a_risky_request_visible,101,1,threshold_calibration,C,0.3265665943751462,0
review-c854f5ffb64bf3eb,msg-f2f023ae46a3f625f5ba,normal,ordinary_notice_or_conversation_possible,a_not_risky_request_visible,101,0,threshold_calibration,C,0.15978703286165713,0
review-c882bcd351e72aee,msg-30a50896aabbd5f717a5,smishing,risky_request_visible,a_risky_request_visible,101,1,threshold_calibration,C,0.9426462757197845,1
review-c9d8f2fd31ea0b7f,msg-4d670f74ef64914e9b0e,normal,promotion_without_clear_scam_request,a_not_risky_request_visible,101,0,threshold_calibration,C,0.19909805679463438,0
review-cb23ce2b380ce815,msg-a81e33bc3946b0ae2550,normal,ordinary_notice_or_conversation_possible,a_not_risky_request_visible,101,0,threshold_calibration,C,0.2821926157787852,0
review-cb28a9106aef5505,msg-67de13a82fafaf8c3980,smishing,risky_request_visible,a_risky_request_visible,101,0,threshold_calibration,C,0.8158212739344367,1
review-cc41f3f4cb6e8629,msg-cd74555c5078c89aa225,smishing,risky_request_visible,a_risky_request_visible,101,2,threshold_calibration,C,0.744011424691133,1
review-cc4b16c2321274c0,msg-1737db0114226e8bb1b0,smishing,risky_request_visible,a_risky_request_visible,101,2,threshold_calibration,C,0.9578620644850872,1
review-cd10401423c3d046,msg-90e4dfdb43017952dbb4,normal,ordinary_notice_or_conversation_possible,a_not_risky_request_visible,101,1,threshold_calibration,C,0.08246494071710328,0
review-cd39c34a5496687f,msg-28b8f57d24c88ea1fd3b,normal,ordinary_notice_or_conversation_possible,a_not_risky_request_visible,101,2,threshold_calibration,C,0.06999055408224546,0
review-ce1c5319370b9470,msg-ae8747db917382e06db2,smishing,risky_request_visible,a_risky_request_visible,101,2,threshold_calibration,C,0.3928533297586183,0
review-cf59c2e5933f9fa2,msg-43d155d969d978189fb2,smishing,risky_request_visible,a_risky_request_visible,101,1,threshold_calibration,C,0.8344157401111857,1
review-cfc80bc1541032df,msg-a1d665898cb5cf4eee06,smishing,risky_request_visible,a_risky_request_visible,101,1,threshold_calibration,C,0.9430323404630502,1
review-d09099c6189f497b,msg-255cba56e8f9f375b954,smishing,risky_request_visible,a_risky_request_visible,101,1,threshold_calibration,C,0.47292659068020665,0
review-d14a67c8f86c82a4,msg-f96269b2a48486c1fd45,normal,ordinary_notice_or_conversation_possible,a_not_risky_request_visible,101,1,threshold_calibration,C,0.1447325901454008,0
review-d1b2ce556231d1b9,msg-1a13d7e1a0a296d7e9ac,normal,promotion_without_clear_scam_request,a_not_risky_request_visible,101,0,threshold_calibration,C,0.16782576652705908,0
review-d1df54b7c0853995,msg-a19d969edbd3e4c563b7,normal,promotion_without_clear_scam_request,a_not_risky_request_visible,101,2,threshold_calibration,C,0.07933765697644302,0
review-d23755346e397e0d,msg-215f563424e984687bea,normal,ordinary_notice_or_conversation_possible,a_not_risky_request_visible,101,1,threshold_calibration,C,0.10232286276871369,0
review-d27b1f741c6ce442,msg-d3e25a130f49e24fec59,normal,ordinary_notice_or_conversation_possible,a_not_risky_request_visible,101,1,threshold_calibration,C,0.10965027528697509,0
review-d29c44ff7ec787ac,msg-18c2c8f93f103cd63104,normal,promotion_without_clear_scam_request,a_not_risky_request_visible,101,2,threshold_calibration,C,0.21115781622680022,0
review-d33ca86cba802688,msg-e2900c16a353e5f15c43,smishing,risky_request_visible,a_risky_request_visible,101,1,threshold_calibration,C,0.7911054972785234,1
review-d4f84d432e0d6d48,msg-94e0ae16541345a3f768,normal,ordinary_notice_or_conversation_possible,a_not_risky_request_visible,101,0,threshold_calibration,C,0.1330370574723651,0
review-d51050ea94555e33,msg-8dfc55b831e0422aaaf3,normal,ordinary_notice_or_conversation_possible,a_not_risky_request_visible,101,0,threshold_calibration,C,0.11315060528142493,0
review-d51a67f2e9911b52,msg-9412881b9906d37a2304,normal,ordinary_notice_or_conversation_possible,a_not_risky_request_visible,101,0,threshold_calibration,C,0.09244071482700653,0
review-d5cad39f16073736,msg-6b991d00ca9722186569,normal,promotion_without_clear_scam_request,a_not_risky_request_visible,101,0,threshold_calibration,C,0.20043916465611333,0
review-d6c4551ca894cc5c,msg-bbab9487a685ac85d931,smishing,risky_request_visible,a_risky_request_visible,101,1,threshold_calibration,C,0.9162295300874194,1
review-d7e6ea82c0cbb7e9,msg-89bb289b1bdb8f41022f,normal,ordinary_notice_or_conversation_possible,a_not_risky_request_visible,101,0,threshold_calibration,C,0.10109748481910594,0
review-d86e9dceafb57f52,msg-b1cc1dadab2abab75849,smishing,risky_request_visible,a_risky_request_visible,101,2,threshold_calibration,C,0.8325921393349434,1
review-d870679fd6d01453,msg-7e320859ea45595a0398,smishing,promotion_without_clear_scam_request,a_not_risky_request_visible,101,2,threshold_calibration,C,0.5139073429566366,1
review-da0a87e60e534a8c,msg-817a4fa89633430e990d,normal,ordinary_notice_or_conversation_possible,a_not_risky_request_visible,101,0,threshold_calibration,C,0.09443026049315915,0
review-da5d8fa9864e211c,msg-65f4a5c0b197a96bdac3,normal,ordinary_notice_or_conversation_possible,a_not_risky_request_visible,101,2,threshold_calibration,C,0.0892310749903751,0
review-dbbbfc8d3d158c2b,msg-19fa68b2542d83a61f79,smishing,risky_request_visible,a_risky_request_visible,101,2,threshold_calibration,C,0.7837083503968258,1
review-dc7c7acfd6e2db79,msg-b183e7136605118fd86a,normal,promotion_without_clear_scam_request,a_not_risky_request_visible,101,1,threshold_calibration,C,0.5182233050455344,1
review-dd797ac5b4317bd3,msg-be92dc94342f95bbcf5d,smishing,risky_request_visible,a_risky_request_visible,101,0,threshold_calibration,C,0.8985033147210473,1
review-dd85b84b55bb501f,msg-c7ae71424b0756ee528c,smishing,risky_request_visible,a_risky_request_visible,101,1,threshold_calibration,C,0.7918839208097284,1
review-dd9532439f290332,msg-d03214baadc38bd1336c,normal,ordinary_notice_or_conversation_possible,a_not_risky_request_visible,101,0,threshold_calibration,C,0.115606149756822,0
review-e0a264aecc7ee1b0,msg-b08b74714736c2364217,normal,ordinary_notice_or_conversation_possible,a_not_risky_request_visible,101,2,threshold_calibration,C,0.3772019418798851,0
review-e0ac9753946feca9,msg-1cbe6cc1748e7262b5ab,smishing,risky_request_visible,a_risky_request_visible,101,0,threshold_calibration,C,0.5635741149460927,1
review-e244a46bb3c89288,msg-b49a70f3593e3f36b11d,smishing,risky_request_visible,a_risky_request_visible,101,2,threshold_calibration,C,0.6068739066153531,1
review-e3520951883c1b51,msg-80d20dbfca1307061530,normal,promotion_without_clear_scam_request,a_not_risky_request_visible,101,2,threshold_calibration,C,0.1275609185074651,0
review-e384094846a41b50,msg-705817f4922c88c5ecc5,smishing,risky_request_visible,a_risky_request_visible,101,2,threshold_calibration,C,0.6766872148204822,1
review-e597199623b7b146,msg-35ad6d03750726a74248,normal,ordinary_notice_or_conversation_possible,a_not_risky_request_visible,101,2,threshold_calibration,C,0.22324316283104123,0
review-e63efe4044e2aa11,msg-79b01393dcc39d7d282a,smishing,risky_request_visible,a_risky_request_visible,101,1,threshold_calibration,C,0.9646715812423917,1
review-e736bb0c132d2dc8,msg-bf0dfb1e1aef571e6dfa,smishing,promotion_without_clear_scam_request,a_not_risky_request_visible,101,0,threshold_calibration,C,0.7103240985196427,1
review-e945ebd4e9533666,msg-6ca0de4ebc5d9da5342b,smishing,risky_request_visible,a_risky_request_visible,101,0,threshold_calibration,C,0.9499751600372978,1
review-e9f675e3299ddb73,msg-74894396e30aa7e375f2,normal,ordinary_notice_or_conversation_possible,a_not_risky_request_visible,101,2,threshold_calibration,C,0.32195926459538515,0
review-ea8461ed56afeacc,msg-ad517b34fab57cf3b438,normal,ordinary_notice_or_conversation_possible,a_not_risky_request_visible,101,1,threshold_calibration,C,0.15768208667276576,0
review-ec018bdef14b4dce,msg-ef69592a53abe3a01b4d,smishing,risky_request_visible,a_risky_request_visible,101,2,threshold_calibration,C,0.9263867356636102,1
review-ecf66ae7e447041e,msg-443a84cea11014478b84,smishing,risky_request_visible,a_risky_request_visible,101,0,threshold_calibration,C,0.8203855777650443,1
review-ed0223c36d93b8cb,msg-cfa0236fa8a0f40916bd,normal,promotion_without_clear_scam_request,a_not_risky_request_visible,101,1,threshold_calibration,C,0.37345287342697636,0
review-ed79a40573a23e85,msg-6f4d5cc6a56a922f2113,normal,promotion_without_clear_scam_request,a_not_risky_request_visible,101,2,threshold_calibration,C,0.19992847815659456,0
review-ed8aaee3f91ea267,msg-a319a3ad3f700d7f3e15,normal,promotion_without_clear_scam_request,a_not_risky_request_visible,101,0,threshold_calibration,C,0.09564416292166542,0
review-edccbb4371a90711,msg-bb52082aaa2a867204a8,smishing,risky_request_visible,a_risky_request_visible,101,0,threshold_calibration,C,0.9063891145205344,1
review-f0f2fce9301b3378,msg-e7a80c477afb0cccfac0,normal,ordinary_notice_or_conversation_possible,a_not_risky_request_visible,101,0,threshold_calibration,C,0.0922407163000559,0
review-f278c035dcc448b5,msg-69e20b477e1f38d22287,normal,ordinary_notice_or_conversation_possible,a_not_risky_request_visible,101,1,threshold_calibration,C,0.10696626409764624,0
review-f296f965b5850c48,msg-fbcc5b098e1b1d189d50,normal,promotion_without_clear_scam_request,a_not_risky_request_visible,101,1,threshold_calibration,C,0.14375374436347085,0
review-f2b62cb8a35fddc1,msg-44342a1ca335e0df03ca,smishing,risky_request_visible,a_risky_request_visible,101,2,threshold_calibration,C,0.5574052232959171,1
review-f2c9ba7c14a8e7f4,msg-cbeab8aa1cb4e1328216,smishing,risky_request_visible,a_risky_request_visible,101,2,threshold_calibration,C,0.9651011138270474,1
review-f360abb82bcec3c4,msg-7a14eb32b51e33537f72,smishing,risky_request_visible,a_risky_request_visible,101,1,threshold_calibration,C,0.9270882322375433,1
review-f44ca51cbbeda00a,msg-b16b1f045aab2ea4a56f,smishing,risky_request_visible,a_risky_request_visible,101,0,threshold_calibration,C,0.9177256605155671,1
review-f48d763f6c721c5c,msg-05ce5c3a427de58a9e8d,smishing,risky_request_visible,a_risky_request_visible,101,2,threshold_calibration,C,0.8368449524918106,1
review-f50f53a543208b94,msg-8c649a088b7f6eb07a65,smishing,risky_request_visible,a_risky_request_visible,101,0,threshold_calibration,C,0.3223484286576935,0
review-f7a215d9e903b41d,msg-910004461353a81fdfb7,smishing,promotion_without_clear_scam_request,a_not_risky_request_visible,101,2,threshold_calibration,C,0.5226684609145491,1
review-f7fbd3ab7a66e194,msg-8884dfa40bd5b5ff02f7,normal,promotion_without_clear_scam_request,a_not_risky_request_visible,101,0,threshold_calibration,C,0.2297780826771352,0
review-f9b9a4279458f732,msg-5bf22a260fc90f900243,smishing,risky_request_visible,a_risky_request_visible,101,2,threshold_calibration,C,0.7270054968615016,1
review-f9bfaa738fc7db78,msg-22666adef1260ae5f9a4,normal,ordinary_notice_or_conversation_possible,a_not_risky_request_visible,101,1,threshold_calibration,C,0.14162736984352303,0
review-f9d950de655d05cd,msg-5ef02907cd1045cb54a8,smishing,risky_request_visible,a_risky_request_visible,101,2,threshold_calibration,C,0.33953766208710634,0
review-fbd669140c0c37bb,msg-299b1f56db41d7b2e7c2,normal,ordinary_notice_or_conversation_possible,a_not_risky_request_visible,101,2,threshold_calibration,C,0.2120893745681919,0
review-fcba197835dbe421,msg-c9a0f816a24bd3e21470,smishing,risky_request_visible,a_risky_request_visible,101,1,threshold_calibration,C,0.4382654762820067,0
review-fd0999fd546bfed8,msg-fe1928a9a24b4573d509,smishing,risky_request_visible,a_risky_request_visible,101,2,threshold_calibration,C,0.9252943121797229,1
review-fd4a4694d748b8f1,msg-8292e9166caa8ab05265,smishing,risky_request_visible,a_risky_request_visible,101,1,threshold_calibration,C,0.36137645292520354,0
review-ff57873bcca80e84,msg-0d5b420dd958137f34fc,smishing,insufficient_context,a_not_risky_request_visible,101,1,threshold_calibration,C,0.7936228636711667,1
review-ff7824303811b880,msg-3a8d13b5b7957521ed9d,smishing,risky_request_visible,a_risky_request_visible,101,0,threshold_calibration,C,0.7433738882344333,1
review-014f431cdb07954a,msg-0c6dfbf2de170e52a942,smishing,risky_request_visible,a_risky_request_visible,202,2,development_readout,A,0.28088020408898695,0
review-0191505287bc42c3,msg-125422950bbf2894b298,normal,ordinary_notice_or_conversation_possible,a_not_risky_request_visible,202,0,development_readout,A,0.10059739179587122,0
review-019e598ca75a2604,msg-51d91745aaf7c70cfe66,normal,ordinary_notice_or_conversation_possible,a_not_risky_request_visible,202,2,development_readout,A,0.05605045460179325,0
review-01daae558c8120c5,msg-a5fe2c7068a39a897fd5,normal,ordinary_notice_or_conversation_possible,a_not_risky_request_visible,202,0,development_readout,A,0.11189881913128474,0
review-022dede98715a30c,msg-873db1de4a30a9f5c623,normal,ordinary_notice_or_conversation_possible,a_not_risky_request_visible,202,2,development_readout,A,0.09457479737646114,0
review-0238870c30ef790e,msg-d2b85b2279d55f17aa61,smishing,risky_request_visible,a_risky_request_visible,202,1,development_readout,A,0.1422385105836002,0
review-02ed9a9204fc5c8c,msg-8af5cc4194464b481799,smishing,risky_request_visible,a_risky_request_visible,202,1,development_readout,A,0.6183249548684953,1
review-05ba384c6ab030f1,msg-0cf1f701a15c54d26789,normal,ordinary_notice_or_conversation_possible,a_not_risky_request_visible,202,2,development_readout,A,0.16129630138425516,0
review-062650e5c03db7b3,msg-736f82ab7ef68bca67fc,smishing,risky_request_visible,a_risky_request_visible,202,1,development_readout,A,0.3038251471351011,0
review-06613e1d63363778,msg-bd04b75032f0dfc2ee62,normal,promotion_without_clear_scam_request,a_not_risky_request_visible,202,1,development_readout,A,0.08714757873387394,0
review-06fe91fac978687e,msg-a83bb61726a247a6e1e1,normal,promotion_without_clear_scam_request,a_not_risky_request_visible,202,2,development_readout,A,0.08860876535522155,0
review-09f8a52a643bde75,msg-a190594f2bffb92ea5e6,normal,ordinary_notice_or_conversation_possible,a_not_risky_request_visible,202,0,development_readout,A,0.22233082442462238,0
review-0ba297695cc9a600,msg-593cd80d2ef7e33546ac,normal,ordinary_notice_or_conversation_possible,a_not_risky_request_visible,202,2,development_readout,A,0.16560760086964105,0
review-0bf0da403c12d587,msg-b7800f4db5faf73f5f6d,smishing,risky_request_visible,a_risky_request_visible,202,2,development_readout,A,0.8092230779558994,1
review-0bfbacbb2760394c,msg-ccf0e6a8ef2af65aced4,smishing,risky_request_visible,a_risky_request_visible,202,2,development_readout,A,0.5450829997439243,1
review-0c756099e821ef26,msg-3de91ab063f18e6782bf,smishing,risky_request_visible,a_risky_request_visible,202,0,development_readout,A,0.3158296079972642,0
review-0ce89002b27ae13e,msg-b3850b9d024fcf99c238,normal,ordinary_notice_or_conversation_possible,a_not_risky_request_visible,202,0,development_readout,A,0.13727115910250823,0
review-0d61809b41685d2f,msg-3056e20984e704228691,normal,ordinary_notice_or_conversation_possible,a_not_risky_request_visible,202,2,development_readout,A,0.09200110679053215,0
review-0ddce31c46b4331c,msg-018ff56a19f05b63f7f1,normal,promotion_without_clear_scam_request,a_not_risky_request_visible,202,2,development_readout,A,0.10774128734921821,0
review-0e9363ce9bcb57c2,msg-a6db8f1ba339b796c36c,smishing,risky_request_visible,a_risky_request_visible,202,0,development_readout,A,0.454987806296123,1
review-0f5e5787e2464fe3,msg-31a602d9c77f86749c5b,smishing,risky_request_visible,a_risky_request_visible,202,1,development_readout,A,0.8818409096059512,1
review-10f0da95f3fdd21e,msg-58b952e19b37c0bc3c3c,normal,ordinary_notice_or_conversation_possible,a_not_risky_request_visible,202,2,development_readout,A,0.0997916509597651,0
review-12aedba2ef212671,msg-52cabfe559de650270d0,smishing,risky_request_visible,a_risky_request_visible,202,2,development_readout,A,0.8979205986660201,1
review-13e7350b6f9c843d,msg-6ef4e4d3849c3f2458f9,smishing,risky_request_visible,a_risky_request_visible,202,2,development_readout,A,0.1099371788173905,0
review-17bb16430527761d,msg-8a95db5cf464c51ec8bb,smishing,risky_request_visible,a_risky_request_visible,202,0,development_readout,A,0.4203335962713333,0
review-1820dec42f5ec2ca,msg-04d0a9cdecc5e27abe30,smishing,risky_request_visible,a_risky_request_visible,202,1,development_readout,A,0.5680210172849197,1
review-19d11b9f743aa049,msg-58f85354ff60f8afada7,smishing,risky_request_visible,a_risky_request_visible,202,2,development_readout,A,0.5309643424637771,1
review-1a4aa7992820ca2a,msg-f6bc1ff296dcef8d3f5e,smishing,risky_request_visible,a_risky_request_visible,202,2,development_readout,A,0.653557541967694,1
review-1a60e1bd37131802,msg-7347b19b9989a8b7563c,normal,ordinary_notice_or_conversation_possible,a_not_risky_request_visible,202,0,development_readout,A,0.11306699186255802,0
review-1b01c3e70a5cd621,msg-598291dbde5006fce551,smishing,risky_request_visible,a_risky_request_visible,202,2,development_readout,A,0.4580162168627588,1
review-1bcdb8b5e4902f77,msg-6b0f921297bf6036cdd4,normal,ordinary_notice_or_conversation_possible,a_not_risky_request_visible,202,0,development_readout,A,0.08392789846974022,0
review-1bee5d35c3ae9550,msg-0a348fcb6248b2e02712,smishing,risky_request_visible,a_risky_request_visible,202,1,development_readout,A,0.4965123341934487,1
review-1c32fedd4b32dd06,msg-b3fecdca68993f39816e,normal,promotion_without_clear_scam_request,a_not_risky_request_visible,202,2,development_readout,A,0.08723695225040125,0
review-1c42c25c32f5bd82,msg-397c7d1d69e93306e43f,smishing,risky_request_visible,a_risky_request_visible,202,1,development_readout,A,0.8385835763853653,1
review-1cb842404c1056c4,msg-69af923a1b627636ba88,normal,ordinary_notice_or_conversation_possible,a_not_risky_request_visible,202,2,development_readout,A,0.17705698001372375,0
review-1e68018ab3a2b26e,msg-c93b3c338ad73e40adfd,normal,ordinary_notice_or_conversation_possible,a_not_risky_request_visible,202,1,development_readout,A,0.22080167576588486,0
review-1ea0789836e39e65,msg-50ce9ce367d7506d1b34,smishing,risky_request_visible,a_risky_request_visible,202,1,development_readout,A,0.6680727879314551,1
review-21e2a2729d0906e0,msg-2f204be55b7d47704b0f,normal,ordinary_notice_or_conversation_possible,a_not_risky_request_visible,202,2,development_readout,A,0.16713076574646515,0
review-220daefcb5d386ed,msg-e3ec894bf4e93e8c550e,smishing,risky_request_visible,a_risky_request_visible,202,0,development_readout,A,0.7659519802651684,1
review-2324027bc353cb29,msg-69cdd029e53ee97a620b,smishing,risky_request_visible,a_risky_request_visible,202,1,development_readout,A,0.7113448187819184,1
review-23e4e9eb29dd8f93,msg-22e08f4c05ba067b383e,normal,ordinary_notice_or_conversation_possible,a_not_risky_request_visible,202,0,development_readout,A,0.13647282184665632,0
review-25104a7eec1f7831,msg-f98da8116216cda9e3fe,smishing,risky_request_visible,a_risky_request_visible,202,2,development_readout,A,0.6742235921724467,1
review-256d1c0f349382b5,msg-b0438b6ad1731edd6ad6,normal,ordinary_notice_or_conversation_possible,a_not_risky_request_visible,202,2,development_readout,A,0.1081791946456635,0
review-2579df062aafc741,msg-fa2ff4bb2e3dd2a0cead,smishing,risky_request_visible,a_risky_request_visible,202,1,development_readout,A,0.377299931673071,1
review-25ec7d62ea3d7444,msg-7f85a9711cbc0aa393d6,smishing,risky_request_visible,a_risky_request_visible,202,1,development_readout,A,0.21665148785037963,0
review-2705653809f7ad8f,msg-c847ea1fe73639b29741,normal,ordinary_notice_or_conversation_possible,a_not_risky_request_visible,202,1,development_readout,A,0.24357812547972219,0
review-27fee91252ef3d87,msg-0d7a1d02c979a5575363,normal,ordinary_notice_or_conversation_possible,a_not_risky_request_visible,202,1,development_readout,A,0.1290453966107032,0
review-293586512b140a4e,msg-df9036abd2017f6f6be1,smishing,risky_request_visible,a_risky_request_visible,202,1,development_readout,A,0.4241074995316749,1
review-2953de0d9a6a0ef3,msg-b3fe8c24cdcc85dd4f28,normal,ordinary_notice_or_conversation_possible,a_not_risky_request_visible,202,1,development_readout,A,0.07953211551407824,0
review-2ba16080ec46773d,msg-24c361e6f72073321220,normal,ordinary_notice_or_conversation_possible,a_not_risky_request_visible,202,1,development_readout,A,0.08686960766250978,0
review-2d4568421c26bf66,msg-96c30c2332ea6bf5e247,normal,ordinary_notice_or_conversation_possible,a_not_risky_request_visible,202,2,development_readout,A,0.1559661691605276,0
review-2d707fce0fb4702c,msg-e94fec8af385dc5ff556,normal,ordinary_notice_or_conversation_possible,a_not_risky_request_visible,202,0,development_readout,A,0.1718147963466173,0
review-2d80e47aaaa42543,msg-207b27eff27f4988fb0f,normal,ordinary_notice_or_conversation_possible,a_not_risky_request_visible,202,0,development_readout,A,0.23951375435328284,0
review-2dcd34cb42910200,msg-97b2b6ee95ed7d920877,smishing,risky_request_visible,a_risky_request_visible,202,1,development_readout,A,0.5926057344684856,1
review-2dd7b92c08e4f5c4,msg-42c7b3575f8a9da0d8d1,normal,promotion_without_clear_scam_request,a_not_risky_request_visible,202,0,development_readout,A,0.09692058868191258,0
review-300c4c657ef26689,msg-8d4de978440b72ca4a45,normal,ordinary_notice_or_conversation_possible,a_not_risky_request_visible,202,2,development_readout,A,0.17673230361395426,0
review-30c664d1fb0416d2,msg-4facddef64d2b1d3b592,normal,promotion_without_clear_scam_request,a_not_risky_request_visible,202,0,development_readout,A,0.10296367107272762,0
review-30e3bf5a7666c842,msg-2691ca74050fbbc9ed37,smishing,risky_request_visible,a_risky_request_visible,202,0,development_readout,A,0.6333408771338219,1
review-31a75727a167d60d,msg-f9061a931aba0d307ce6,smishing,risky_request_visible,a_risky_request_visible,202,0,development_readout,A,0.551440470913777,1
review-322a0c915a6dca98,msg-3d77196a643275284eee,smishing,risky_request_visible,a_risky_request_visible,202,2,development_readout,A,0.5285186861479572,1
review-3423b715646fd583,msg-65bffe175e1d5b55382e,smishing,risky_request_visible,a_risky_request_visible,202,2,development_readout,A,0.9002341491357079,1
review-363f281df3bd9ba4,msg-36bc461d0aefe348462d,normal,promotion_without_clear_scam_request,a_not_risky_request_visible,202,0,development_readout,A,0.12277441187503176,0
review-364329807a65a090,msg-0be5e1e2bd038f3a1a24,smishing,risky_request_visible,a_risky_request_visible,202,0,development_readout,A,0.4315653618679888,0
review-37962ff6cab628b9,msg-f745187c052997452a1e,smishing,risky_request_visible,a_risky_request_visible,202,1,development_readout,A,0.6897639316109453,1
review-39a836fe3d87fa33,msg-758bd093f61744be66f6,normal,ordinary_notice_or_conversation_possible,a_not_risky_request_visible,202,2,development_readout,A,0.09630259685476378,0
review-3aa78c267ab21f05,msg-224c0422b0003d17212c,smishing,ordinary_notice_or_conversation_possible,a_not_risky_request_visible,202,0,development_readout,A,0.22803836245728853,0
review-3b23a85b0e54e4e2,msg-5a59a5ce918f6559e125,normal,promotion_without_clear_scam_request,a_not_risky_request_visible,202,1,development_readout,A,0.08758645211774164,0
review-3b5a82f01656ae5e,msg-4c9bb8aab19cd59ba6b7,normal,promotion_without_clear_scam_request,a_not_risky_request_visible,202,0,development_readout,A,0.06443100385351194,0
review-3c542b2889f7ee41,msg-ab4e24de8042cbea05d6,smishing,risky_request_visible,a_risky_request_visible,202,2,development_readout,A,0.8959687540807235,1
review-3c6ae33a89ac17a5,msg-c098e4b7c32dc66b6582,smishing,risky_request_visible,a_risky_request_visible,202,1,development_readout,A,0.8953380336985669,1
review-4034e1976e7caf3d,msg-a8f8f501a69d1d5855ba,normal,ordinary_notice_or_conversation_possible,a_not_risky_request_visible,202,0,development_readout,A,0.07670217666703805,0
review-40617332c72b6a65,msg-75bccb25272a125ae624,smishing,risky_request_visible,a_risky_request_visible,202,0,development_readout,A,0.7806216038133473,1
review-40e531a989b5b832,msg-90c8b223c83bae5b9f53,smishing,risky_request_visible,a_risky_request_visible,202,2,development_readout,A,0.5322744844657619,1
review-40f65d491fbb6c91,msg-29618cee18396e8a8e81,smishing,risky_request_visible,a_risky_request_visible,202,2,development_readout,A,0.5447161022036253,1
review-41e7242cf53f7aec,msg-414effb98a09982ec13d,normal,promotion_without_clear_scam_request,a_not_risky_request_visible,202,0,development_readout,A,0.12324939999271917,0
review-44d5803b821bc077,msg-382f83f816817c259074,smishing,risky_request_visible,a_risky_request_visible,202,1,development_readout,A,0.6737614336052096,1
review-46f3555593434e8a,msg-ef6fd44a32790af20571,smishing,risky_request_visible,a_risky_request_visible,202,2,development_readout,A,0.8943073424101288,1
review-47389333283368dc,msg-32e17f91821e085e067c,smishing,risky_request_visible,a_risky_request_visible,202,1,development_readout,A,0.8006429639471083,1
review-48f7182245c9e551,msg-a52c445339e75c5638c4,smishing,ordinary_notice_or_conversation_possible,a_not_risky_request_visible,202,2,development_readout,A,0.3955186229577987,0
review-49db2f3969f4dab7,msg-d9f951c82ea54b25ac30,normal,promotion_without_clear_scam_request,a_not_risky_request_visible,202,0,development_readout,A,0.11149851027568551,0
review-4aafcfede478ed2e,msg-42b716ae90c55a680465,smishing,risky_request_visible,a_risky_request_visible,202,0,development_readout,A,0.6898877718254678,1
review-4b7d3212a375f3c3,msg-e32c03f7fd12569b45d4,smishing,risky_request_visible,a_risky_request_visible,202,1,development_readout,A,0.3004864191930097,0
review-4c7db89388133c66,msg-b366110e17c486b16b15,normal,ordinary_notice_or_conversation_possible,a_not_risky_request_visible,202,0,development_readout,A,0.1294844049262014,0
review-4db7bde369258db0,msg-6dd03ec5f1c618ada2c5,smishing,risky_request_visible,a_risky_request_visible,202,1,development_readout,A,0.6035298882487268,1
review-4e91758f8be8575d,msg-2a7f43ae7fa422fefb9b,smishing,risky_request_visible,a_risky_request_visible,202,2,development_readout,A,0.16563050591088527,0
review-50913d75a97def28,msg-59fc050be5af6ecad8a5,smishing,risky_request_visible,a_risky_request_visible,202,1,development_readout,A,0.4528077954864645,1
review-50eaadd4d0f17b7f,msg-7ebb94a273063e6a25f7,normal,ordinary_notice_or_conversation_possible,a_not_risky_request_visible,202,2,development_readout,A,0.11280363954418632,0
review-5176dde30e249277,msg-a95d096bdce327f3ec58,normal,ordinary_notice_or_conversation_possible,a_not_risky_request_visible,202,1,development_readout,A,0.14140416538518757,0
review-5192f26c12526af0,msg-46cf015971a39796118d,normal,risky_request_visible,a_risky_request_visible,202,2,development_readout,A,0.315868151597484,0
review-5201c5937ee64b08,msg-bb5a4640eee306e11287,smishing,risky_request_visible,a_risky_request_visible,202,2,development_readout,A,0.5046048141419179,1
review-5351da806d5c8862,msg-56c6f7e6fe95f4eaf8db,normal,ordinary_notice_or_conversation_possible,a_not_risky_request_visible,202,0,development_readout,A,0.1577545835413367,0
review-572c07846f21e2ba,msg-5c8a3583b29803350025,normal,ordinary_notice_or_conversation_possible,a_not_risky_request_visible,202,2,development_readout,A,0.06374769336785593,0
review-573127865357f88a,msg-6f84d9cc313db045b133,normal,ordinary_notice_or_conversation_possible,a_not_risky_request_visible,202,0,development_readout,A,0.09219629969337562,0
review-588539dd497a5994,msg-eb5f2cc2527297a7b5a3,smishing,risky_request_visible,a_risky_request_visible,202,0,development_readout,A,0.5237266544006685,1
review-5915bce9f0ed137d,msg-e395baa51463221daebc,normal,insufficient_context,a_not_risky_request_visible,202,2,development_readout,A,0.1829260832296544,0
review-5a021883af9f96ea,msg-156bbfc36ff5805e450a,normal,promotion_without_clear_scam_request,a_not_risky_request_visible,202,1,development_readout,A,0.10888620158177528,0
review-5a7aed2fa9914ccd,msg-c51a29b00765bbce70ab,normal,ordinary_notice_or_conversation_possible,a_not_risky_request_visible,202,0,development_readout,A,0.209885184508388,0
review-5a9261ed8c81a5c6,msg-dda62389e8fe6499fde9,normal,ordinary_notice_or_conversation_possible,a_not_risky_request_visible,202,1,development_readout,A,0.0923928317216714,0
review-5b0c0204dc451747,msg-31f308081fb21c6e8f09,smishing,risky_request_visible,a_risky_request_visible,202,2,development_readout,A,0.8289780111391046,1
review-5b38287421b21063,msg-2eacbbd745e21908f221,normal,ordinary_notice_or_conversation_possible,a_not_risky_request_visible,202,0,development_readout,A,0.13335272410165322,0
review-5c5069cca8a5add0,msg-0efb0ebfb655d5c5c6d3,normal,promotion_without_clear_scam_request,a_not_risky_request_visible,202,1,development_readout,A,0.11972303563538852,0
review-5cdeba2735509611,msg-ae080cc622858f685d5a,smishing,risky_request_visible,a_risky_request_visible,202,1,development_readout,A,0.8462753179088768,1
review-5f54bbc511caaded,msg-542efb3f41bad8a46794,normal,ordinary_notice_or_conversation_possible,a_not_risky_request_visible,202,1,development_readout,A,0.15815805542805753,0
review-5f5dd240c73902fa,msg-702b7967e690569fc457,normal,promotion_without_clear_scam_request,a_not_risky_request_visible,202,2,development_readout,A,0.09742120361611471,0
review-6036afa1a4a219c3,msg-9bf6c95f6dc633dd8819,normal,ordinary_notice_or_conversation_possible,a_not_risky_request_visible,202,1,development_readout,A,0.10802344047194147,0
review-613647025d825449,msg-c2dbf3f9ef08a79aafdb,normal,ordinary_notice_or_conversation_possible,a_not_risky_request_visible,202,0,development_readout,A,0.21424519762910038,0
review-61fef2c9ced4f942,msg-660c2fd797c40f8e55ca,normal,ordinary_notice_or_conversation_possible,a_not_risky_request_visible,202,1,development_readout,A,0.3172469114124393,0
review-6521774e33af014d,msg-9b1f08af6e0ef529c373,normal,ordinary_notice_or_conversation_possible,a_not_risky_request_visible,202,0,development_readout,A,0.20910219740283223,0
review-65c507e4203143d6,msg-fa95489fe7c0dfeb2251,smishing,risky_request_visible,a_risky_request_visible,202,2,development_readout,A,0.7194697749206113,1
review-65fde99e6e05f377,msg-4cb8c149ce6f9aed0469,smishing,risky_request_visible,a_risky_request_visible,202,2,development_readout,A,0.7544332390494994,1
review-66ef57282af71d4f,msg-f51c8c7132e5405088dd,normal,ordinary_notice_or_conversation_possible,a_not_risky_request_visible,202,1,development_readout,A,0.13861403858469953,0
review-6742e699b2c19637,msg-5e8796780c062e86063b,smishing,promotion_without_clear_scam_request,a_not_risky_request_visible,202,0,development_readout,A,0.14934883755830236,0
review-6ae02f39f51553d5,msg-6ea3d783002f06a87f20,smishing,risky_request_visible,a_risky_request_visible,202,1,development_readout,A,0.6478150161732201,1
review-6c9e3e62bbb95763,msg-a6d506945e9b701052e1,smishing,risky_request_visible,a_risky_request_visible,202,0,development_readout,A,0.1969370717880085,0
review-6e51f1a0ccb981e6,msg-58425ae1f35d0d6e8f6c,smishing,risky_request_visible,a_risky_request_visible,202,0,development_readout,A,0.6775241238836983,1
review-70dad336d995a509,msg-00cd858afe8ef2de5fd3,normal,ordinary_notice_or_conversation_possible,a_not_risky_request_visible,202,2,development_readout,A,0.08213384069056469,0
review-737f8fd0571ce3c6,msg-c41cc6431e9d998e3d0b,smishing,insufficient_context,a_not_risky_request_visible,202,1,development_readout,A,0.3500926586890279,0
review-747ccc19ddd0a65f,msg-2b77caba18e48a22b597,normal,ordinary_notice_or_conversation_possible,a_not_risky_request_visible,202,0,development_readout,A,0.1453625631862175,0
review-7493575c90062c41,msg-e84d76b6ef43a1d586a7,normal,promotion_without_clear_scam_request,a_not_risky_request_visible,202,2,development_readout,A,0.195082991628729,0
review-7494a9906bb71039,msg-6f6bbab188df73ce6c08,normal,promotion_without_clear_scam_request,a_not_risky_request_visible,202,0,development_readout,A,0.16731831943428752,0
review-75ab06f0d698d679,msg-f273e56e9277fab3062d,smishing,risky_request_visible,a_risky_request_visible,202,0,development_readout,A,0.3905421719621334,0
review-76a47d926f91413e,msg-81c59d9e2363e29c4af7,normal,ordinary_notice_or_conversation_possible,a_not_risky_request_visible,202,1,development_readout,A,0.0939865795514598,0
review-7794b3bc9bc0c3a1,msg-a2db1c36a4678988377c,normal,ordinary_notice_or_conversation_possible,a_not_risky_request_visible,202,1,development_readout,A,0.3879762701300374,1
review-790151d3979b5cf2,msg-05a81159578289c50343,normal,ordinary_notice_or_conversation_possible,a_not_risky_request_visible,202,0,development_readout,A,0.07414710297944252,0
review-7bc2e45e3ffc6c78,msg-b62543444f94f00ab76a,normal,ordinary_notice_or_conversation_possible,a_not_risky_request_visible,202,2,development_readout,A,0.13243422192246176,0
review-7cbff1d715e4b2f0,msg-565ddb5f77c920c58378,normal,promotion_without_clear_scam_request,a_not_risky_request_visible,202,0,development_readout,A,0.12897787388109894,0
review-7d4271562f20ae7d,msg-0f3c1de813a299c535f9,normal,promotion_without_clear_scam_request,a_not_risky_request_visible,202,0,development_readout,A,0.12454344267519012,0
review-7d723e9bf1b824f5,msg-87a76d50e35b48e41218,smishing,risky_request_visible,a_risky_request_visible,202,1,development_readout,A,0.3521897343083619,0
review-8039ca8a8d71147c,msg-d7d609114f737190d087,smishing,risky_request_visible,a_risky_request_visible,202,1,development_readout,A,0.46742265474877986,1
review-80aaf5285dff5d52,msg-f5342ad5453afafa654a,normal,promotion_without_clear_scam_request,a_not_risky_request_visible,202,1,development_readout,A,0.08833333326249874,0
review-81db582ab9c83a7d,msg-2a0582fa3234a2d63356,normal,risky_request_visible,a_risky_request_visible,202,1,development_readout,A,0.6517980051510555,1
review-83bf04c6b634cf0b,msg-b677ced3e884ac5d5c3c,normal,promotion_without_clear_scam_request,a_not_risky_request_visible,202,1,development_readout,A,0.3085985317789888,0
review-8408e233d5c05195,msg-61e1958480c0e2e496e5,normal,ordinary_notice_or_conversation_possible,a_not_risky_request_visible,202,0,development_readout,A,0.10382223957785626,0
review-85ef908a3e61f2a2,msg-30572cea27e54ac2130b,normal,ordinary_notice_or_conversation_possible,a_not_risky_request_visible,202,1,development_readout,A,0.08100615701389603,0
review-87ca5145bb1464ea,msg-69d76db7edd5a86af1d7,normal,promotion_without_clear_scam_request,a_not_risky_request_visible,202,0,development_readout,A,0.10029232385005385,0
review-8acb2fdf0b998c44,msg-442633ffd7cc37f8a891,smishing,risky_request_visible,a_risky_request_visible,202,2,development_readout,A,0.5269738727232123,1
review-8c3afec16f00c8ea,msg-6173af161b27fe6f4ce6,normal,ordinary_notice_or_conversation_possible,a_not_risky_request_visible,202,1,development_readout,A,0.07485339900939315,0
review-92026380db179cfa,msg-11b3b10960d7a9f4d101,smishing,risky_request_visible,a_risky_request_visible,202,2,development_readout,A,0.5177741846905202,1
review-92a8bdc500ce598c,msg-b0731c666ab671570088,smishing,risky_request_visible,a_risky_request_visible,202,1,development_readout,A,0.8486599999992236,1
review-92e977f1b9f64cdd,msg-3deb3a161a23b32aea25,smishing,risky_request_visible,a_risky_request_visible,202,1,development_readout,A,0.6091144158385652,1
review-93d84a89e42aa2d2,msg-08ce7d2baeca7acc8b65,smishing,risky_request_visible,a_risky_request_visible,202,1,development_readout,A,0.6379592564977882,1
review-93f251b7f415320e,msg-25125973e3120d610fce,smishing,risky_request_visible,a_risky_request_visible,202,2,development_readout,A,0.8447797021313408,1
review-94b8ffc8b0784e28,msg-75d8feb50109f84a12cc,normal,ordinary_notice_or_conversation_possible,a_not_risky_request_visible,202,2,development_readout,A,0.07860765467918478,0
review-95c15e2125e8158e,msg-0afc2595ae8ed75b8bb8,smishing,risky_request_visible,a_risky_request_visible,202,2,development_readout,A,0.6078065520098153,1
review-962656fa6b00f587,msg-cce4c00da9a7d9f77c32,normal,promotion_without_clear_scam_request,a_not_risky_request_visible,202,1,development_readout,A,0.11012204669763456,0
review-973274a88b5aa1db,msg-706b91df031716838257,normal,ordinary_notice_or_conversation_possible,a_not_risky_request_visible,202,2,development_readout,A,0.09884086083607212,0
review-9751bc751be6b57c,msg-64a843bec3f3dce4ee45,smishing,risky_request_visible,a_risky_request_visible,202,1,development_readout,A,0.676795529971683,1
review-9762bd209b88d2ac,msg-891bb14bf560270521ca,smishing,risky_request_visible,a_risky_request_visible,202,2,development_readout,A,0.6762774745238703,1
review-97b3b26bd7e8a65a,msg-359327bd4e7edc3cb5ba,normal,insufficient_context,a_not_risky_request_visible,202,1,development_readout,A,0.08122552403464181,0
review-97dbf9fb83d5fd0a,msg-6301a4730ee412e86a8c,normal,promotion_without_clear_scam_request,a_not_risky_request_visible,202,1,development_readout,A,0.09011947169587803,0
review-97eb58f77becd57e,msg-991e31887c4954366165,normal,promotion_without_clear_scam_request,a_not_risky_request_visible,202,0,development_readout,A,0.08597327669062879,0
review-9827872ee45caecd,msg-6632bfd7a0b259199dcf,smishing,risky_request_visible,a_risky_request_visible,202,2,development_readout,A,0.7534745662403234,1
review-9955e43648119f93,msg-c9f03e64293fb8bae46b,smishing,risky_request_visible,a_risky_request_visible,202,0,development_readout,A,0.6566193708549884,1
review-9a6d46e3500865e5,msg-db804cd0d3465516e4ad,smishing,risky_request_visible,a_risky_request_visible,202,2,development_readout,A,0.6528315905058034,1
review-9c94f8c84f214457,msg-79fa0f109f0555707dca,smishing,risky_request_visible,a_risky_request_visible,202,0,development_readout,A,0.2226081852522681,0
review-9ca002eef5fabf4c,msg-a8d5485f9438f3ab5181,normal,ordinary_notice_or_conversation_possible,a_not_risky_request_visible,202,2,development_readout,A,0.08081097439585454,0
review-9d4c0bc5bb2de352,msg-7f6ef3389d8815ed454b,smishing,risky_request_visible,a_risky_request_visible,202,2,development_readout,A,0.5649169146463694,1
review-9db42b53975f21ce,msg-d44b95e16930e223469c,normal,promotion_without_clear_scam_request,a_not_risky_request_visible,202,1,development_readout,A,0.16966003622190062,0
review-9dcbf9222596e8de,msg-142bb92fb41d9cbcef5f,normal,ordinary_notice_or_conversation_possible,a_not_risky_request_visible,202,0,development_readout,A,0.34647648501553835,0
review-9e77e04ddb3e3ff6,msg-374fc9d1a57bc673b881,smishing,risky_request_visible,a_risky_request_visible,202,1,development_readout,A,0.8475748686248298,1
review-a00070320560c3ff,msg-eaeafeff80833a0c2e24,normal,risky_request_visible,a_risky_request_visible,202,2,development_readout,A,0.5140884998328188,1
review-a003a34f2b7224ae,msg-ed3a4e31c52d999f2ab4,normal,ordinary_notice_or_conversation_possible,a_not_risky_request_visible,202,1,development_readout,A,0.09956837945735791,0
review-a077aa771a77e44f,msg-a37b49f0af9136126259,normal,ordinary_notice_or_conversation_possible,a_not_risky_request_visible,202,2,development_readout,A,0.14732263753067043,0
review-a1b685810c820047,msg-46ca64892a1c3e660136,smishing,risky_request_visible,a_risky_request_visible,202,2,development_readout,A,0.8950985693042458,1
review-a1c208b7e2a31834,msg-cfebfff6180461481c77,smishing,risky_request_visible,a_risky_request_visible,202,0,development_readout,A,0.5181783713600824,1
review-a31dcf3587c938e0,msg-69f98ce7e1a685df8515,smishing,risky_request_visible,a_risky_request_visible,202,2,development_readout,A,0.5790197329626692,1
review-a3348ee784bf419a,msg-ff64a4e11508a5dc7000,smishing,risky_request_visible,a_risky_request_visible,202,1,development_readout,A,0.85853043413475,1
review-a5c8844b07d15249,msg-080a80350fda25ee4181,smishing,risky_request_visible,a_risky_request_visible,202,2,development_readout,A,0.5333978134549842,1
review-a737e63e0af5d4ad,msg-58763f1db8c40f82f590,normal,promotion_without_clear_scam_request,a_not_risky_request_visible,202,2,development_readout,A,0.0936730758113184,0
review-a884f7c925b47633,msg-0d319b74ea12c910e557,smishing,risky_request_visible,a_risky_request_visible,202,2,development_readout,A,0.6094626250270659,1
review-a93e9d44999fbedb,msg-7a5a0ef1560dbc98423a,normal,ordinary_notice_or_conversation_possible,a_not_risky_request_visible,202,2,development_readout,A,0.0808811767891134,0
review-ab5082605dd6822e,msg-caea04347391d8ade4f5,smishing,risky_request_visible,a_risky_request_visible,202,2,development_readout,A,0.5403914192813862,1
review-acfda6dedbd0ac44,msg-7a9e8cba7f71a7789866,normal,ordinary_notice_or_conversation_possible,a_not_risky_request_visible,202,0,development_readout,A,0.16157741960363253,0
review-ad512146de7da940,msg-c26a0b124b37127b90ce,smishing,risky_request_visible,a_risky_request_visible,202,2,development_readout,A,0.5456212183354361,1
review-add578e780e46b65,msg-219e4e28472310285851,normal,promotion_without_clear_scam_request,a_not_risky_request_visible,202,2,development_readout,A,0.15096293526233923,0
review-aefdc599d52d1968,msg-ce6e8882987410ea9dcb,normal,risky_request_visible,a_risky_request_visible,202,1,development_readout,A,0.15244761008145769,0
review-b0d0b31ce42bff6d,msg-80bd77dde6b57d4aa6b9,smishing,risky_request_visible,a_risky_request_visible,202,2,development_readout,A,0.20021112396697793,0
review-b1951ff1f4366cb0,msg-cced4520ab46379e15a2,normal,ordinary_notice_or_conversation_possible,a_not_risky_request_visible,202,0,development_readout,A,0.06788843690376808,0
review-b31a9429969a49d0,msg-462e7df5be571e9dec5d,normal,ordinary_notice_or_conversation_possible,a_not_risky_request_visible,202,0,development_readout,A,0.16534916380702966,0
review-b354a4224eb298ed,msg-03c2102e41eb110e0262,smishing,risky_request_visible,a_risky_request_visible,202,0,development_readout,A,0.7033030862955586,1
review-b4838689e702ca9d,msg-fd7536693be17ff11e66,normal,ordinary_notice_or_conversation_possible,a_not_risky_request_visible,202,1,development_readout,A,0.0956412966964567,0
review-b495dcabfdc9e6bb,msg-c3e7d7b05d5a88764703,smishing,risky_request_visible,a_risky_request_visible,202,2,development_readout,A,0.14210387472691838,0
review-b4a140a400dd0bd4,msg-8d50f5b84f82748b30f4,smishing,risky_request_visible,a_risky_request_visible,202,0,development_readout,A,0.6308609133773961,1
review-b716d55654e9e174,msg-eac3f80ef98d49d5018b,normal,ordinary_notice_or_conversation_possible,a_not_risky_request_visible,202,0,development_readout,A,0.06619705369290561,0
review-b7a4aa1c4b4f5a68,msg-ea43ef2af5abd7033448,normal,insufficient_context,a_not_risky_request_visible,202,0,development_readout,A,0.21221139839009892,0
review-b853cb37dc6b6e11,msg-51ae98811a8fd7ee3107,normal,ordinary_notice_or_conversation_possible,a_not_risky_request_visible,202,2,development_readout,A,0.109788787057327,0
review-bb9c36d01d5155e0,msg-5af06b6771a844fe1037,smishing,risky_request_visible,a_risky_request_visible,202,2,development_readout,A,0.5707699262008842,1
review-bbb9c61301495984,msg-d3591b5cc40dae36f63d,smishing,risky_request_visible,a_risky_request_visible,202,2,development_readout,A,0.6000915272024174,1
review-bc64860bdda53d26,msg-fe8267c63ab4ef9ceaa5,normal,ordinary_notice_or_conversation_possible,a_not_risky_request_visible,202,0,development_readout,A,0.05887100847191254,0
review-bc694d6c09671509,msg-70dcd4b0f26f61bdf407,normal,ordinary_notice_or_conversation_possible,a_not_risky_request_visible,202,0,development_readout,A,0.0989342978745393,0
review-bef01b9f140416fa,msg-538e9bd6dde7a1aba023,normal,promotion_without_clear_scam_request,a_not_risky_request_visible,202,2,development_readout,A,0.1997137673306584,0
review-bf5fe000a4a8d9d5,msg-bcaba0c0cd46c0149e2b,smishing,risky_request_visible,a_risky_request_visible,202,2,development_readout,A,0.2252387337520748,0
review-bfec2c5d687b5e5a,msg-171c4288e43e466f5427,normal,ordinary_notice_or_conversation_possible,a_not_risky_request_visible,202,2,development_readout,A,0.26746025863768735,0
review-c1f9d74965cc6d56,msg-9f008694d2e9f838eeaa,smishing,risky_request_visible,a_risky_request_visible,202,1,development_readout,A,0.6137311164403052,1
review-c279584d5ab81989,msg-ac699df7f9a7b4400d68,smishing,risky_request_visible,a_risky_request_visible,202,2,development_readout,A,0.6301183352768379,1
review-c2b11fa0a2c3336f,msg-18146f4aa7a10243efff,normal,ordinary_notice_or_conversation_possible,a_not_risky_request_visible,202,2,development_readout,A,0.12784546731840155,0
review-c386fdd922078a37,msg-c21e147ebc288236d642,normal,ordinary_notice_or_conversation_possible,a_not_risky_request_visible,202,2,development_readout,A,0.16161491394554298,0
review-c58fb60504f6d9d8,msg-fb1d46a056dbeb985081,smishing,risky_request_visible,a_risky_request_visible,202,0,development_readout,A,0.41978790754912715,0
review-c7e00bcebb9cbe94,msg-3eff4af4ff261cda8b13,normal,ordinary_notice_or_conversation_possible,a_not_risky_request_visible,202,1,development_readout,A,0.27965260793567465,0
review-c7f76b1e1d80f49a,msg-47c423de9b8595f121a9,smishing,risky_request_visible,a_risky_request_visible,202,2,development_readout,A,0.19285622622403067,0
review-c882bcd351e72aee,msg-30a50896aabbd5f717a5,smishing,risky_request_visible,a_risky_request_visible,202,1,development_readout,A,0.9105018649152883,1
review-c964452f27eede18,msg-8cc13371612bd1cf432c,smishing,insufficient_context,a_not_risky_request_visible,202,1,development_readout,A,0.25810972818467537,0
review-c9bef77585bdd4e8,msg-2dbc56f9e20b89a67a13,smishing,risky_request_visible,a_risky_request_visible,202,0,development_readout,A,0.4226743107071631,0
review-c9d8f2fd31ea0b7f,msg-4d670f74ef64914e9b0e,normal,promotion_without_clear_scam_request,a_not_risky_request_visible,202,2,development_readout,A,0.13061888547484682,0
review-c9eb20ef749cdb80,msg-96057ba4137a67242859,normal,promotion_without_clear_scam_request,a_not_risky_request_visible,202,0,development_readout,A,0.13286603409668568,0
review-ca722d1baa37caa6,msg-640a5ef11bb22eeb3dbc,smishing,risky_request_visible,a_risky_request_visible,202,2,development_readout,A,0.8969534808646493,1
review-cb32573abbb83f9f,msg-26e314f88d0d3eaafbd6,smishing,risky_request_visible,a_risky_request_visible,202,2,development_readout,A,0.9021022068205196,1
review-cbbc72e510f286e3,msg-cb107b27366c1e7283c6,smishing,risky_request_visible,a_risky_request_visible,202,0,development_readout,A,0.8998126823944111,1
review-cd10401423c3d046,msg-90e4dfdb43017952dbb4,normal,ordinary_notice_or_conversation_possible,a_not_risky_request_visible,202,0,development_readout,A,0.09567167617130622,0
review-ce1c5319370b9470,msg-ae8747db917382e06db2,smishing,risky_request_visible,a_risky_request_visible,202,2,development_readout,A,0.2740828796383641,0
review-cf59c2e5933f9fa2,msg-43d155d969d978189fb2,smishing,risky_request_visible,a_risky_request_visible,202,2,development_readout,A,0.679713733263468,1
review-cf827f0ca2b4b9a5,msg-4e0bd498f47b89599ea6,smishing,risky_request_visible,a_risky_request_visible,202,2,development_readout,A,0.2835476985234376,0
review-cfc0b12d1183e034,msg-a382e8e19124dfbd1cd5,normal,ordinary_notice_or_conversation_possible,a_not_risky_request_visible,202,1,development_readout,A,0.29776184127455935,0
review-cfc80bc1541032df,msg-a1d665898cb5cf4eee06,smishing,risky_request_visible,a_risky_request_visible,202,1,development_readout,A,0.9093503024401084,1
review-d1df54b7c0853995,msg-a19d969edbd3e4c563b7,normal,promotion_without_clear_scam_request,a_not_risky_request_visible,202,2,development_readout,A,0.07609365383225698,0
review-d23755346e397e0d,msg-215f563424e984687bea,normal,ordinary_notice_or_conversation_possible,a_not_risky_request_visible,202,0,development_readout,A,0.09202947435653189,0
review-d27b1f741c6ce442,msg-d3e25a130f49e24fec59,normal,ordinary_notice_or_conversation_possible,a_not_risky_request_visible,202,0,development_readout,A,0.09814734188441171,0
review-d299ebb8c45a2f94,msg-0b586f5fca364bbc8c8d,smishing,insufficient_context,a_not_risky_request_visible,202,0,development_readout,A,0.12410404883660041,0
review-d3b4daac66058960,msg-2819ed8636ecdee04bb3,normal,promotion_without_clear_scam_request,a_not_risky_request_visible,202,0,development_readout,A,0.13991008832135132,0
review-d51a67f2e9911b52,msg-9412881b9906d37a2304,normal,ordinary_notice_or_conversation_possible,a_not_risky_request_visible,202,2,development_readout,A,0.08149475162253575,0
review-d5b560692f11bda9,msg-20cb262bf7645dfe36d5,normal,ordinary_notice_or_conversation_possible,a_not_risky_request_visible,202,2,development_readout,A,0.08802452877813509,0
review-d6877eb437269499,msg-d6441157b1184c30f6c0,normal,ordinary_notice_or_conversation_possible,a_not_risky_request_visible,202,0,development_readout,A,0.13873485119213375,0
review-da5d8fa9864e211c,msg-65f4a5c0b197a96bdac3,normal,ordinary_notice_or_conversation_possible,a_not_risky_request_visible,202,2,development_readout,A,0.07722347956129114,0
review-db2e98df10b7ea70,msg-c3a7447e038aacfc0b56,normal,ordinary_notice_or_conversation_possible,a_not_risky_request_visible,202,1,development_readout,A,0.1600925224178474,0
review-dcfd0dc2773c1fc2,msg-efd9fc3fa5aed3568aff,smishing,risky_request_visible,a_risky_request_visible,202,2,development_readout,A,0.7091464259348763,1
review-dd1fb20a78a6cb60,msg-0c3c82dfb168fc722263,normal,ordinary_notice_or_conversation_possible,a_not_risky_request_visible,202,2,development_readout,A,0.10111221240265651,0
review-dd797ac5b4317bd3,msg-be92dc94342f95bbcf5d,smishing,risky_request_visible,a_risky_request_visible,202,1,development_readout,A,0.8350166959367661,1
review-dd9532439f290332,msg-d03214baadc38bd1336c,normal,ordinary_notice_or_conversation_possible,a_not_risky_request_visible,202,2,development_readout,A,0.12590398069597789,0
review-de8af5907865c3e9,msg-8d5b64a36fbb3eb71e78,smishing,risky_request_visible,a_risky_request_visible,202,0,development_readout,A,0.3987548065080128,0
review-e058b93119484125,msg-64eeb1b2fa95ac8fb479,smishing,risky_request_visible,a_risky_request_visible,202,2,development_readout,A,0.8181597869884405,1
review-e0a264aecc7ee1b0,msg-b08b74714736c2364217,normal,ordinary_notice_or_conversation_possible,a_not_risky_request_visible,202,2,development_readout,A,0.38537280758818065,0
review-e0ac9753946feca9,msg-1cbe6cc1748e7262b5ab,smishing,risky_request_visible,a_risky_request_visible,202,0,development_readout,A,0.4869711883205754,1
review-e432c718725ac7ae,msg-b372318bcb95d9f5bf57,normal,ordinary_notice_or_conversation_possible,a_not_risky_request_visible,202,1,development_readout,A,0.2030064460480842,0
review-e4dca6a839df1435,msg-d7dccf71e0387df73450,normal,ordinary_notice_or_conversation_possible,a_not_risky_request_visible,202,2,development_readout,A,0.14614175857604259,0
review-e511d7b76f480bc7,msg-c12f37d2560f5acf8fc5,smishing,risky_request_visible,a_risky_request_visible,202,2,development_readout,A,0.9009847735049747,1
review-e597199623b7b146,msg-35ad6d03750726a74248,normal,ordinary_notice_or_conversation_possible,a_not_risky_request_visible,202,0,development_readout,A,0.21288639766080625,0
review-e5c8c789729e554c,msg-d028b9185e67164eda89,normal,ordinary_notice_or_conversation_possible,a_not_risky_request_visible,202,2,development_readout,A,0.1308697836158563,0
review-ea8461ed56afeacc,msg-ad517b34fab57cf3b438,normal,ordinary_notice_or_conversation_possible,a_not_risky_request_visible,202,1,development_readout,A,0.11979733192053245,0
review-ecc7155e591dec16,msg-7b45fdda561c81cabe19,smishing,risky_request_visible,a_risky_request_visible,202,2,development_readout,A,0.5191329310882741,1
review-ed0223c36d93b8cb,msg-cfa0236fa8a0f40916bd,normal,promotion_without_clear_scam_request,a_not_risky_request_visible,202,2,development_readout,A,0.3364773883578833,0
review-ed79a40573a23e85,msg-6f4d5cc6a56a922f2113,normal,promotion_without_clear_scam_request,a_not_risky_request_visible,202,0,development_readout,A,0.2132835011941246,0
review-edccbb4371a90711,msg-bb52082aaa2a867204a8,smishing,risky_request_visible,a_risky_request_visible,202,1,development_readout,A,0.8428589610715075,1
review-eef1587711f81f11,msg-2bf3512c4b917049d8d1,normal,ordinary_notice_or_conversation_possible,a_not_risky_request_visible,202,1,development_readout,A,0.07043902146311805,0
review-f0f2fce9301b3378,msg-e7a80c477afb0cccfac0,normal,ordinary_notice_or_conversation_possible,a_not_risky_request_visible,202,1,development_readout,A,0.07898013727403014,0
review-f160feeb48ff21ee,msg-441e65241cda094c5e2a,smishing,risky_request_visible,a_risky_request_visible,202,1,development_readout,A,0.3857504596096231,1
review-f296f965b5850c48,msg-fbcc5b098e1b1d189d50,normal,promotion_without_clear_scam_request,a_not_risky_request_visible,202,2,development_readout,A,0.1004625576684239,0
review-f44ca51cbbeda00a,msg-b16b1f045aab2ea4a56f,smishing,risky_request_visible,a_risky_request_visible,202,1,development_readout,A,0.8809137326334961,1
review-f50f53a543208b94,msg-8c649a088b7f6eb07a65,smishing,risky_request_visible,a_risky_request_visible,202,2,development_readout,A,0.20315656605372484,0
review-f69dbdcfebf56998,msg-6dd3cea31f51bc6f063d,smishing,risky_request_visible,a_risky_request_visible,202,1,development_readout,A,0.6057701251165865,1
review-f6f3c364cb66f280,msg-67f89394e1696666880c,normal,ordinary_notice_or_conversation_possible,a_not_risky_request_visible,202,1,development_readout,A,0.11501689975288383,0
review-f7a215d9e903b41d,msg-910004461353a81fdfb7,smishing,promotion_without_clear_scam_request,a_not_risky_request_visible,202,2,development_readout,A,0.5401145021346035,1
review-f7fbd3ab7a66e194,msg-8884dfa40bd5b5ff02f7,normal,promotion_without_clear_scam_request,a_not_risky_request_visible,202,0,development_readout,A,0.1442670060795318,0
review-f8f57cab36b5e4f9,msg-0b0747a39cdb82046f16,normal,ordinary_notice_or_conversation_possible,a_not_risky_request_visible,202,1,development_readout,A,0.17557125640019172,0
review-f9733f5a3ed15ba1,msg-c545ce4cd13f2f30e4db,smishing,risky_request_visible,a_risky_request_visible,202,1,development_readout,A,0.9288096418285466,1
review-f9bfaa738fc7db78,msg-22666adef1260ae5f9a4,normal,ordinary_notice_or_conversation_possible,a_not_risky_request_visible,202,1,development_readout,A,0.16282543779590697,0
review-f9d950de655d05cd,msg-5ef02907cd1045cb54a8,smishing,risky_request_visible,a_risky_request_visible,202,1,development_readout,A,0.2573680533994727,0
review-fb2667a6a62b9c38,msg-c2539bcbb168ad9fac37,normal,ordinary_notice_or_conversation_possible,a_not_risky_request_visible,202,1,development_readout,A,0.08827507993765796,0
review-fbd669140c0c37bb,msg-299b1f56db41d7b2e7c2,normal,ordinary_notice_or_conversation_possible,a_not_risky_request_visible,202,1,development_readout,A,0.1994120889231876,0
review-fcb737070b879e4f,msg-63be477f140adc17e396,normal,ordinary_notice_or_conversation_possible,a_not_risky_request_visible,202,1,development_readout,A,0.1283996511798401,0
review-fcba197835dbe421,msg-c9a0f816a24bd3e21470,smishing,risky_request_visible,a_risky_request_visible,202,2,development_readout,A,0.34076764227717765,0
review-fd55ea1d04c7fc3b,msg-44deb8ec94adc01da101,normal,promotion_without_clear_scam_request,a_not_risky_request_visible,202,0,development_readout,A,0.043927431704218055,0
review-fdc12fa3cc3d98a8,msg-37fd1ef16190049166d2,smishing,risky_request_visible,a_risky_request_visible,202,0,development_readout,A,0.8954477336226144,1
review-fef8e7e55d89aaf1,msg-f0265af2067049f392b6,smishing,risky_request_visible,a_risky_request_visible,202,1,development_readout,A,0.6573711305825384,1
review-ff1ff6c1bdbeaee2,msg-35a30cfabb7c40cc1912,normal,ordinary_notice_or_conversation_possible,a_not_risky_request_visible,202,0,development_readout,A,0.11714920030478583,0
review-ff57873bcca80e84,msg-0d5b420dd958137f34fc,smishing,insufficient_context,a_not_risky_request_visible,202,2,development_readout,A,0.7612249300910476,1
review-ff7824303811b880,msg-3a8d13b5b7957521ed9d,smishing,risky_request_visible,a_risky_request_visible,202,1,development_readout,A,0.6287272805956754,1
review-0056707322867f9e,msg-bfebdfbc523c88d22afe,normal,ordinary_notice_or_conversation_possible,a_not_risky_request_visible,202,1,threshold_calibration,A,0.05001489652974583,0
review-01692c85b4c6e394,msg-86b2b582f59b8ef3cb9d,normal,ordinary_notice_or_conversation_possible,a_not_risky_request_visible,202,0,threshold_calibration,A,0.16562032372679866,0
review-031c270e33784faf,msg-7b77eedddff4504d9db0,smishing,risky_request_visible,a_risky_request_visible,202,2,threshold_calibration,A,0.43978081846045675,1
review-0364c25d14e8bb7d,msg-ba7ace3a75e45b91726c,smishing,risky_request_visible,a_risky_request_visible,202,2,threshold_calibration,A,0.8960560107354497,1
review-0651a6827875d503,msg-6dcdcd189e5593455a49,smishing,risky_request_visible,a_risky_request_visible,202,2,threshold_calibration,A,0.8979383593874093,1
review-06745995f913ed5c,msg-fb9fed8f5353c19f4482,normal,ordinary_notice_or_conversation_possible,a_not_risky_request_visible,202,1,threshold_calibration,A,0.12241193839807596,0
review-06e6ec96dd763a34,msg-3be783148c7ea591a6af,normal,promotion_without_clear_scam_request,a_not_risky_request_visible,202,2,threshold_calibration,A,0.11260315938609665,0
review-075ea585da5cae15,msg-7013d5e6af2e769f406d,smishing,risky_request_visible,a_risky_request_visible,202,2,threshold_calibration,A,0.8939702519263659,1
review-07c0fb876beabf4b,msg-cdcf2dfc7474190999c3,smishing,promotion_without_clear_scam_request,a_not_risky_request_visible,202,1,threshold_calibration,A,0.41927766037500774,1
review-0822c98e66707747,msg-29c545e52c9813e635fa,normal,promotion_without_clear_scam_request,a_not_risky_request_visible,202,1,threshold_calibration,A,0.1163142594798765,0
review-09dc7d3fa6246119,msg-82c1c5902ccf0f6cb441,normal,ordinary_notice_or_conversation_possible,a_not_risky_request_visible,202,0,threshold_calibration,A,0.1530133583459294,0
review-09f9fd98d92b31c5,msg-cbb14d3ea8b4c356543b,smishing,risky_request_visible,a_risky_request_visible,202,2,threshold_calibration,A,0.3290392175372965,0
review-0bc7f01b43b4a4f4,msg-4d26af1bd51a813c0839,normal,promotion_without_clear_scam_request,a_not_risky_request_visible,202,1,threshold_calibration,A,0.13479602961841827,0
review-0cf62fd6142f6cb4,msg-2c0ffb2240bce4f0412b,smishing,risky_request_visible,a_risky_request_visible,202,0,threshold_calibration,A,0.7298537190765914,1
review-0d9dd805ae2674a4,msg-f65015ec6d6ca9ef912c,smishing,risky_request_visible,a_risky_request_visible,202,2,threshold_calibration,A,0.5871951842788591,1
review-0e3787ec2948234d,msg-f90fed3e0ba73a7afd40,smishing,risky_request_visible,a_risky_request_visible,202,0,threshold_calibration,A,0.9266753227442023,1
review-0f7f12381c38278e,msg-001d594cae67fd50f532,normal,promotion_without_clear_scam_request,a_not_risky_request_visible,202,0,threshold_calibration,A,0.11887815701936391,0
review-105735240253acfe,msg-882fdf4a57682ebb0be2,smishing,risky_request_visible,a_risky_request_visible,202,2,threshold_calibration,A,0.5311119168236511,1
review-10dcb33dda6d5472,msg-1de8402778c0caa023de,smishing,risky_request_visible,a_risky_request_visible,202,2,threshold_calibration,A,0.8979510392088348,1
review-10e329e8873017e2,msg-4d92830c608f0547ddb4,smishing,risky_request_visible,a_risky_request_visible,202,1,threshold_calibration,A,0.6259177127708909,1
review-127bc1671c3021e3,msg-b3d3b6b29fae9b4cd139,smishing,risky_request_visible,a_risky_request_visible,202,0,threshold_calibration,A,0.29354401351477666,0
review-131ed5d9023fe8e1,msg-879b8233c4a44252fb2e,normal,promotion_without_clear_scam_request,a_not_risky_request_visible,202,1,threshold_calibration,A,0.1399837844732134,0
review-137a8d7cde64d50f,msg-b66553208ce35fd6531e,normal,ordinary_notice_or_conversation_possible,a_not_risky_request_visible,202,1,threshold_calibration,A,0.12099683307614456,0
review-13ce66de75a8d3fc,msg-8827961dbffea331a040,smishing,risky_request_visible,a_risky_request_visible,202,0,threshold_calibration,A,0.9253595731755877,1
review-143e404949a72860,msg-9ab97598b92cc2549f26,smishing,risky_request_visible,a_risky_request_visible,202,0,threshold_calibration,A,0.9029660329303594,1
review-1502532d7fb02e2b,msg-51961afc9b6d2bb950c4,smishing,risky_request_visible,a_risky_request_visible,202,0,threshold_calibration,A,0.40962776902186704,0
review-1538fa93f259c264,msg-1d4f07b23c605c358a53,normal,ordinary_notice_or_conversation_possible,a_not_risky_request_visible,202,2,threshold_calibration,A,0.17113171226605667,0
review-15f5cb8ca60e63e7,msg-93f6493043538f04abba,smishing,risky_request_visible,a_risky_request_visible,202,2,threshold_calibration,A,0.5545825693635563,1
review-170c904128c3b75d,msg-44ffbd69abef95d6b971,smishing,risky_request_visible,a_risky_request_visible,202,2,threshold_calibration,A,0.5821395449160772,1
review-19cc4ce8b1dbe415,msg-e9e131d9372380a167cf,smishing,risky_request_visible,a_risky_request_visible,202,0,threshold_calibration,A,0.11772337110245834,0
review-1b29308cb4906d02,msg-7894af8fe183ef59232f,smishing,risky_request_visible,a_risky_request_visible,202,0,threshold_calibration,A,0.862193348132569,1
review-1e450b71c02e190a,msg-fde8fe5d8c4f6fbf52c2,smishing,risky_request_visible,a_risky_request_visible,202,1,threshold_calibration,A,0.5310656623689621,1
review-1e479c4a302f356c,msg-1306cfdbb1eb6413c2f3,smishing,risky_request_visible,a_risky_request_visible,202,1,threshold_calibration,A,0.13537789450178728,0
review-1f07a8c7cd26df2c,msg-cada766d88b515618679,normal,insufficient_context,a_not_risky_request_visible,202,0,threshold_calibration,A,0.11113851308716198,0
review-2015b61fb97f2965,msg-3649a91b276a45d342c6,normal,ordinary_notice_or_conversation_possible,a_not_risky_request_visible,202,1,threshold_calibration,A,0.1390063368742101,0
review-223ad249b0ed1b08,msg-dbf89313b9ea1ac5b6d3,normal,ordinary_notice_or_conversation_possible,a_not_risky_request_visible,202,1,threshold_calibration,A,0.08724171136296405,0
review-22f7bb9e3da427de,msg-6f925e06a88f8d1cfd58,smishing,risky_request_visible,a_risky_request_visible,202,1,threshold_calibration,A,0.39333747350155673,1
review-260a39866b3feb51,msg-81198fc0b9b05d10f4d1,normal,ordinary_notice_or_conversation_possible,a_not_risky_request_visible,202,2,threshold_calibration,A,0.09280701158437342,0
review-266fac2cf4f9a2fe,msg-358dbfc77504383312c3,smishing,risky_request_visible,a_risky_request_visible,202,1,threshold_calibration,A,0.812295159675585,1
review-270f57eba07d36f4,msg-aa1ffdd49e000415678a,smishing,risky_request_visible,a_risky_request_visible,202,2,threshold_calibration,A,0.6164332768056972,1
review-2769abe8fc6ffd87,msg-45d3204953ffb0ec89ee,normal,ordinary_notice_or_conversation_possible,a_not_risky_request_visible,202,0,threshold_calibration,A,0.15280464988817088,0
review-27c93b924b9803a0,msg-18949d0a510e2e71cd5c,smishing,risky_request_visible,a_risky_request_visible,202,1,threshold_calibration,A,0.6906466559873178,1
review-2b3f3a2d3b9504b2,msg-a9571e0d77539178ffc3,normal,ordinary_notice_or_conversation_possible,a_not_risky_request_visible,202,1,threshold_calibration,A,0.2896891031267116,0
review-2b5a69423072c0ba,msg-258cc86a999cd351f9ca,normal,insufficient_context,a_not_risky_request_visible,202,2,threshold_calibration,A,0.07136807740065634,0
review-2f31bd2c29ca07dd,msg-4301d7c49f5367242765,normal,ordinary_notice_or_conversation_possible,a_not_risky_request_visible,202,2,threshold_calibration,A,0.07484474876186326,0
review-30d20e067658db39,msg-915558b1d57081861e23,normal,insufficient_context,a_not_risky_request_visible,202,1,threshold_calibration,A,0.14172067745961822,0
review-326317e54a445bed,msg-df3f29c9891147e7f846,smishing,risky_request_visible,a_risky_request_visible,202,2,threshold_calibration,A,0.898445344789235,1
review-3398cc98a1b87648,msg-e33a5ed03522052013db,smishing,risky_request_visible,a_risky_request_visible,202,0,threshold_calibration,A,0.6841474365317626,1
review-344682f2618ba8f9,msg-e5b4405ee48a541eecc0,normal,promotion_without_clear_scam_request,a_not_risky_request_visible,202,0,threshold_calibration,A,0.21599279980894504,0
review-34c4c16cb5ea9aaf,msg-62610653bf85e35feeff,smishing,risky_request_visible,a_risky_request_visible,202,2,threshold_calibration,A,0.8828827657849715,1
review-36c6682493394c5a,msg-d54e4685cdd8f9aa710a,smishing,risky_request_visible,a_risky_request_visible,202,0,threshold_calibration,A,0.6490425033539032,1
review-370202b258208735,msg-fc0286653fb100798da2,smishing,risky_request_visible,a_risky_request_visible,202,2,threshold_calibration,A,0.3439702758946442,0
review-37141dd75c3875fc,msg-372c6f62456bfbc0a7d9,normal,ordinary_notice_or_conversation_possible,a_not_risky_request_visible,202,2,threshold_calibration,A,0.09137071041642511,0
review-3735a715aa425485,msg-5cbba54c59da325a454c,normal,ordinary_notice_or_conversation_possible,a_not_risky_request_visible,202,0,threshold_calibration,A,0.25620557494950047,0
review-377101d740e3c93a,msg-f91f88e17b85bd740a41,smishing,risky_request_visible,a_risky_request_visible,202,2,threshold_calibration,A,0.5699840500365736,1
review-37a24da8c91a2014,msg-814c1d043296b3a3b379,smishing,risky_request_visible,a_risky_request_visible,202,2,threshold_calibration,A,0.5781822306057176,1
review-37bb8af10a6775e3,msg-c1aa2ee82e014406c58e,smishing,insufficient_context,a_not_risky_request_visible,202,0,threshold_calibration,A,0.4587431068758746,1
review-37c64855b20334c3,msg-000be99f5f9d9c3967c4,normal,insufficient_context,a_not_risky_request_visible,202,2,threshold_calibration,A,0.08006673577770212,0
review-383246308e1d9552,msg-2536b5c581cb3fe10fe2,normal,risky_request_visible,a_risky_request_visible,202,0,threshold_calibration,A,0.0931789141737097,0
review-39e0fa05577bfbae,msg-551d213c037c9c6eab04,smishing,risky_request_visible,a_risky_request_visible,202,1,threshold_calibration,A,0.9254871972760914,1
review-3a343dbd60efe3c5,msg-e91ad896bc07a339c9ae,normal,promotion_without_clear_scam_request,a_not_risky_request_visible,202,1,threshold_calibration,A,0.10597520317164687,0
review-3a3a0c9003eb78d2,msg-9b70e92fb8b03ad7c610,normal,ordinary_notice_or_conversation_possible,a_not_risky_request_visible,202,2,threshold_calibration,A,0.2386197711002656,0
review-3abe5c96847ee3b9,msg-e7c4d2ebb04e62e880b5,normal,ordinary_notice_or_conversation_possible,a_not_risky_request_visible,202,0,threshold_calibration,A,0.13968097492800766,0
review-3b5e9306ce7f16f6,msg-75d22609d1f4fae1c474,normal,ordinary_notice_or_conversation_possible,a_not_risky_request_visible,202,0,threshold_calibration,A,0.12061090432062943,0
review-3ec3c8e07bb7e369,msg-f5bfb9971a76c287fdd5,normal,promotion_without_clear_scam_request,a_not_risky_request_visible,202,0,threshold_calibration,A,0.17100965081291958,0
review-3f1aad6856711dea,msg-d3a618b40117b1875806,normal,ordinary_notice_or_conversation_possible,a_not_risky_request_visible,202,2,threshold_calibration,A,0.07460596996869967,0
review-40eb85d72dbb3fa3,msg-4273962397b78faae1de,smishing,risky_request_visible,a_risky_request_visible,202,2,threshold_calibration,A,0.8398970992729158,1
review-417d1a94491a5069,msg-a24654d3ad544c08124e,normal,promotion_without_clear_scam_request,a_not_risky_request_visible,202,1,threshold_calibration,A,0.07991636023353828,0
review-419f917f2243e05b,msg-f80f31e80e69da69dd6c,normal,promotion_without_clear_scam_request,a_not_risky_request_visible,202,1,threshold_calibration,A,0.10003210854813156,0
review-41ec06c9fc578cef,msg-631fc966e6d1a8ec4785,smishing,risky_request_visible,a_risky_request_visible,202,1,threshold_calibration,A,0.9212471603020241,1
review-4532712bae1263a4,msg-f2d213d6e51419f0c0c3,smishing,risky_request_visible,a_risky_request_visible,202,2,threshold_calibration,A,0.8666874373143494,1
review-49230d04e233f44b,msg-88466b364e697e810f29,normal,promotion_without_clear_scam_request,a_not_risky_request_visible,202,0,threshold_calibration,A,0.20461773350461096,0
review-49a272d982158787,msg-15e2ac02e0ac09e5383b,smishing,risky_request_visible,a_risky_request_visible,202,2,threshold_calibration,A,0.5024182846535904,1
review-4a4a9ac934622b9e,msg-77e7ed6fee4ff6e6b3c0,normal,ordinary_notice_or_conversation_possible,a_not_risky_request_visible,202,0,threshold_calibration,A,0.5450172727394241,1
review-4a5f226471e5edaf,msg-92eab3c091583e1be9b2,smishing,risky_request_visible,a_risky_request_visible,202,1,threshold_calibration,A,0.7895053372446695,1
review-4aad735ff43af908,msg-d1f2ce6a48cfd3ddc352,smishing,ordinary_notice_or_conversation_possible,a_not_risky_request_visible,202,0,threshold_calibration,A,0.09317037599922334,0
review-4b0f3b3c6f3029e0,msg-095a369060c7ff33c341,smishing,risky_request_visible,a_risky_request_visible,202,2,threshold_calibration,A,0.8391050907282213,1
review-4bb32c9d9587eb5b,msg-32a5ea1e4acbac97b230,smishing,risky_request_visible,a_risky_request_visible,202,0,threshold_calibration,A,0.45806371792241607,1
review-4bc7fe6f6685e5b0,msg-6a306e2d77b134423cff,smishing,risky_request_visible,a_risky_request_visible,202,1,threshold_calibration,A,0.2683593843144915,0
review-4be490099efed608,msg-1ba73bfe47e950778408,smishing,risky_request_visible,a_risky_request_visible,202,1,threshold_calibration,A,0.7248430921775386,1
review-4c1327797f738c0f,msg-c623d83809d140a75f70,normal,ordinary_notice_or_conversation_possible,a_not_risky_request_visible,202,0,threshold_calibration,A,0.27474914830457836,0
review-4c45e2acc43cd09c,msg-240d23c05338edc37d89,smishing,risky_request_visible,a_risky_request_visible,202,2,threshold_calibration,A,0.8892060349857641,1
review-4c7f2895cbdfff17,msg-b6d879d72eac72ef59ac,smishing,risky_request_visible,a_risky_request_visible,202,2,threshold_calibration,A,0.6329612394124144,1
review-4cbabc8906c81322,msg-0ed0bfb82462e09cd15a,smishing,risky_request_visible,a_risky_request_visible,202,2,threshold_calibration,A,0.8367259830305649,1
review-4dee15ae26647c57,msg-12bf543cc6f8c5b10b0a,normal,ordinary_notice_or_conversation_possible,a_not_risky_request_visible,202,1,threshold_calibration,A,0.13803677021603764,0
review-50c65fd60929a11c,msg-76755bc4cf7a9223f1f5,smishing,risky_request_visible,a_risky_request_visible,202,2,threshold_calibration,A,0.4670074225222419,1
review-5155bcd98221f6df,msg-260f9a35da3e12d1699f,normal,ordinary_notice_or_conversation_possible,a_not_risky_request_visible,202,2,threshold_calibration,A,0.1293390457713101,0
review-53c35a92e8d9dc2a,msg-d521b3868f2aa0b03976,normal,ordinary_notice_or_conversation_possible,a_not_risky_request_visible,202,2,threshold_calibration,A,0.2830332853514785,0
review-53cc92ecebb430c9,msg-e602e76abd3350bfd137,normal,ordinary_notice_or_conversation_possible,a_not_risky_request_visible,202,0,threshold_calibration,A,0.10994022521224149,0
review-543aeb75302230e1,msg-7e2ff44dc281462ddd2c,normal,ordinary_notice_or_conversation_possible,a_not_risky_request_visible,202,2,threshold_calibration,A,0.09080591915105284,0
review-545d35ba143011e5,msg-fe80fc54d234587af050,normal,ordinary_notice_or_conversation_possible,a_not_risky_request_visible,202,1,threshold_calibration,A,0.08472891064785784,0
review-54a4b61c2ddb946a,msg-d867888f40ccdc430a1d,normal,promotion_without_clear_scam_request,a_not_risky_request_visible,202,0,threshold_calibration,A,0.0817101942172197,0
review-55155ad766375eb6,msg-2512e3e666de174caf80,normal,promotion_without_clear_scam_request,a_not_risky_request_visible,202,0,threshold_calibration,A,0.2238345429618866,0
review-5582aae305ae4193,msg-50997c3a965c36ff8cbc,normal,promotion_without_clear_scam_request,a_not_risky_request_visible,202,1,threshold_calibration,A,0.141600740831511,0
review-55839cdd8c1c65c6,msg-7bc3eb6f8e2897ba9d73,normal,promotion_without_clear_scam_request,a_not_risky_request_visible,202,0,threshold_calibration,A,0.08689680416779094,0
review-563b94c3e75e8c6d,msg-3943c098759d93b5d20b,smishing,risky_request_visible,a_risky_request_visible,202,0,threshold_calibration,A,0.2201275976154045,0
review-56f61182338ec612,msg-791874081029523d4d1d,smishing,risky_request_visible,a_risky_request_visible,202,2,threshold_calibration,A,0.46367722436938175,1
review-5784e41a45931326,msg-f2c24a6dc6cb602f2b03,smishing,risky_request_visible,a_risky_request_visible,202,2,threshold_calibration,A,0.27310119945159683,0
review-591262c8bdf0034a,msg-1cfca21a07370919433a,smishing,ordinary_notice_or_conversation_possible,a_not_risky_request_visible,202,1,threshold_calibration,A,0.36317245147157484,1
review-5a49e43857a6f8f0,msg-a4b7e6d3b527691e9a05,smishing,risky_request_visible,a_risky_request_visible,202,1,threshold_calibration,A,0.1291777611754528,0
review-5b8a47398769e7ef,msg-380c22214f611250512c,normal,ordinary_notice_or_conversation_possible,a_not_risky_request_visible,202,2,threshold_calibration,A,0.12553288221332,0
review-5bd99d54544ce7e3,msg-9517e9c73490ca66a042,normal,promotion_without_clear_scam_request,a_not_risky_request_visible,202,1,threshold_calibration,A,0.24639364483403972,0
review-5c8fb855522635b0,msg-8583f1e4ed2f6a4435f1,normal,ordinary_notice_or_conversation_possible,a_not_risky_request_visible,202,2,threshold_calibration,A,0.13948317747845157,0
review-5d4e3193863f1946,msg-02ba53db573bb7d15551,smishing,risky_request_visible,a_risky_request_visible,202,2,threshold_calibration,A,0.6279784949078525,1
review-5fad6c92922b1924,msg-d7ae6177f242cd43abef,normal,insufficient_context,a_not_risky_request_visible,202,0,threshold_calibration,A,0.16091519137276575,0
review-6236e7e3fd2a54c8,msg-03b2efa63efb18f3f74e,normal,ordinary_notice_or_conversation_possible,a_not_risky_request_visible,202,0,threshold_calibration,A,0.2777560463292829,0
review-6260263e3bc9f334,msg-549f98d3604f2acece98,smishing,risky_request_visible,a_risky_request_visible,202,2,threshold_calibration,A,0.8905661525747045,1
review-63bef8982e454a02,msg-c75749a34e08d00a62cd,smishing,risky_request_visible,a_risky_request_visible,202,2,threshold_calibration,A,0.20426006430811922,0
review-63ea5eac0fdbfe2f,msg-f9613a09341e642b64ae,smishing,risky_request_visible,a_risky_request_visible,202,2,threshold_calibration,A,0.8915517741922729,1
review-65037cf8dfccb4af,msg-4a1016a531744e654831,normal,promotion_without_clear_scam_request,a_not_risky_request_visible,202,2,threshold_calibration,A,0.09248880108228032,0
review-66516cd6e1b084bc,msg-a67739cacf95ee18716c,normal,ordinary_notice_or_conversation_possible,a_not_risky_request_visible,202,0,threshold_calibration,A,0.22809473561970767,0
review-6925d1d5c92f5e6d,msg-44953d9e4eb6da25905d,normal,ordinary_notice_or_conversation_possible,a_not_risky_request_visible,202,0,threshold_calibration,A,0.19257289419572288,0
review-6938cc7e883cfae5,msg-d0b351454bf1078555ca,smishing,risky_request_visible,a_risky_request_visible,202,2,threshold_calibration,A,0.23511018940937212,0
review-6a3da5bb1cbb35c3,msg-c4c6b04cd9f64fdb2a1a,smishing,risky_request_visible,a_risky_request_visible,202,2,threshold_calibration,A,0.4235959626019222,0
review-6b23a95e54455bfe,msg-7e73260daff23015e769,smishing,risky_request_visible,a_risky_request_visible,202,1,threshold_calibration,A,0.5486097283324257,1
review-6b90760350513e04,msg-f20701505d9754bbd32d,normal,ordinary_notice_or_conversation_possible,a_not_risky_request_visible,202,1,threshold_calibration,A,0.41921242804197667,1
review-6c345dd95982d152,msg-6abd20ac3d54a1acb08f,smishing,risky_request_visible,a_risky_request_visible,202,1,threshold_calibration,A,0.6331756923646796,1
review-6c7372dc6724ef49,msg-fd7adb6f5bdba22704bd,normal,ordinary_notice_or_conversation_possible,a_not_risky_request_visible,202,0,threshold_calibration,A,0.10699421425742041,0
review-6d70e00c3a0eb212,msg-78ebe7ba8de3e6f59138,normal,risky_request_visible,a_risky_request_visible,202,0,threshold_calibration,A,0.1255018471068904,0
review-6ee455a4c31c9039,msg-9207c6b7c6c694beab91,normal,promotion_without_clear_scam_request,a_not_risky_request_visible,202,2,threshold_calibration,A,0.1324843911892977,0
review-6f695f49e7ab13e0,msg-8356b29b26dab4a93304,normal,ordinary_notice_or_conversation_possible,a_not_risky_request_visible,202,2,threshold_calibration,A,0.24285050100130634,0
review-71bc6120e1507254,msg-b460f3c8ac1fe936b354,smishing,risky_request_visible,a_risky_request_visible,202,1,threshold_calibration,A,0.5837676081419865,1
review-722fa17d1953465a,msg-b3fb5a0a6aea14d37b31,smishing,risky_request_visible,a_risky_request_visible,202,2,threshold_calibration,A,0.8892479410617665,1
review-755768c5838e2f29,msg-e2997981817c30d525be,smishing,risky_request_visible,a_risky_request_visible,202,1,threshold_calibration,A,0.7413723979089079,1
review-75f8aea8c65c0cb2,msg-944b6913babee30e1aa4,smishing,risky_request_visible,a_risky_request_visible,202,2,threshold_calibration,A,0.8526787182101317,1
review-76f98d8733690feb,msg-34b43fdf59308e46e47d,normal,risky_request_visible,a_risky_request_visible,202,2,threshold_calibration,A,0.15015641847449493,0
review-77b394cbe6e1dc4b,msg-168706cc9aaa2ee44f65,normal,ordinary_notice_or_conversation_possible,a_not_risky_request_visible,202,1,threshold_calibration,A,0.3453115587051091,0
review-787b7c042622aae0,msg-b3943f3bacab6f799477,normal,promotion_without_clear_scam_request,a_not_risky_request_visible,202,2,threshold_calibration,A,0.08484819178250837,0
review-7977c3d1276873c7,msg-68e127127a540d65f679,normal,ordinary_notice_or_conversation_possible,a_not_risky_request_visible,202,0,threshold_calibration,A,0.17163470187662141,0
review-7a761126add20b55,msg-14afe15514eab65aba06,smishing,risky_request_visible,a_risky_request_visible,202,0,threshold_calibration,A,0.8448147857214866,1
review-7aed3e349c71aa1c,msg-93087cebe3aa7340ffc8,smishing,risky_request_visible,a_risky_request_visible,202,1,threshold_calibration,A,0.6887388429602062,1
review-7b32c18f837c52f3,msg-906c8805c776e5912484,normal,risky_request_visible,a_risky_request_visible,202,2,threshold_calibration,A,0.17692511773600758,0
review-7b9d338bf5cd4bdc,msg-733b60f36694b02ec836,normal,ordinary_notice_or_conversation_possible,a_not_risky_request_visible,202,2,threshold_calibration,A,0.09962356977882264,0
review-7c0605262829dbc3,msg-c35aa37c11bf43b745cb,smishing,risky_request_visible,a_risky_request_visible,202,2,threshold_calibration,A,0.8967329592113471,1
review-7e4208c3a8d81d5e,msg-51e93ba561b9d389f5a6,normal,ordinary_notice_or_conversation_possible,a_not_risky_request_visible,202,0,threshold_calibration,A,0.19812282067977313,0
review-80c5a8d505a86e25,msg-0d11f1b2d5dd7fb1934a,normal,ordinary_notice_or_conversation_possible,a_not_risky_request_visible,202,1,threshold_calibration,A,0.1437871374569827,0
review-81b1a3bc8dfb1982,msg-4ab82cc3b14da8846e8f,normal,ordinary_notice_or_conversation_possible,a_not_risky_request_visible,202,2,threshold_calibration,A,0.09779593583866188,0
review-833c087c0ab5f903,msg-9fd68b8a09c8f103465e,smishing,insufficient_context,a_not_risky_request_visible,202,1,threshold_calibration,A,0.36921330231896365,1
review-83fb52312abeb4ec,msg-57b110c902b64420f7db,smishing,risky_request_visible,a_risky_request_visible,202,2,threshold_calibration,A,0.5865249432163291,1
review-869ed6a92825209e,msg-ebf36f8049d0506e786b,smishing,risky_request_visible,a_risky_request_visible,202,0,threshold_calibration,A,0.3910788331240734,0
review-87280a48b9739e82,msg-a277748568204738c928,smishing,risky_request_visible,a_risky_request_visible,202,2,threshold_calibration,A,0.38823418805518767,0
review-87fb862754461a9e,msg-0d54c7b740e366837504,normal,promotion_without_clear_scam_request,a_not_risky_request_visible,202,1,threshold_calibration,A,0.05977889336921182,0
review-8815f8f3d2cf8ddd,msg-c411a659d87891c23018,normal,ordinary_notice_or_conversation_possible,a_not_risky_request_visible,202,0,threshold_calibration,A,0.2549822252777997,0
review-8858113ca39c4a08,msg-8e807a0816ba58157c7b,smishing,risky_request_visible,a_risky_request_visible,202,0,threshold_calibration,A,0.7167243134899905,1
review-8a9635c815342586,msg-5b3252b8d919d9dfa5c2,smishing,risky_request_visible,a_risky_request_visible,202,0,threshold_calibration,A,0.931741264596979,1
review-8a9a3331b5fa55b8,msg-c77a2ab7f5ebcb835ce1,normal,ordinary_notice_or_conversation_possible,a_not_risky_request_visible,202,1,threshold_calibration,A,0.32142585640531085,0
review-8ac3c67723460772,msg-7a0a306167abc3b72d8c,normal,ordinary_notice_or_conversation_possible,a_not_risky_request_visible,202,1,threshold_calibration,A,0.07177022647048459,0
review-8b051b87b72136a4,msg-8a4662fd944d66f460fd,smishing,risky_request_visible,a_risky_request_visible,202,2,threshold_calibration,A,0.3627292651333185,0
review-8c0239752664c9f7,msg-ebc9f34f94af5eeb68f0,smishing,risky_request_visible,a_risky_request_visible,202,0,threshold_calibration,A,0.6468556505184269,1
review-8c9379e6d07693b9,msg-be03c5915bdd7e2e4314,smishing,risky_request_visible,a_risky_request_visible,202,1,threshold_calibration,A,0.13211437377584712,0
review-8e3e294dce3f381b,msg-5d0a2376083daf8a9bde,normal,ordinary_notice_or_conversation_possible,a_not_risky_request_visible,202,0,threshold_calibration,A,0.07779308110829161,0
review-8f6994cbd2075acd,msg-47b3b6a2b2a28bdf7fb9,smishing,risky_request_visible,a_risky_request_visible,202,2,threshold_calibration,A,0.6379629476317786,1
review-8f7e5118fc4a9d93,msg-54a310f893f9630cdab4,smishing,risky_request_visible,a_risky_request_visible,202,2,threshold_calibration,A,0.8621929478690573,1
review-901aa5f6d890357c,msg-74012a11f8d7a0e2cbd2,smishing,risky_request_visible,a_risky_request_visible,202,2,threshold_calibration,A,0.8558450084088439,1
review-904be5b534ca4342,msg-2c7b345bbea477990d91,normal,ordinary_notice_or_conversation_possible,a_not_risky_request_visible,202,0,threshold_calibration,A,0.24967391204064537,0
review-936c9b094a62d464,msg-c8e57aa3882734555677,normal,ordinary_notice_or_conversation_possible,a_not_risky_request_visible,202,2,threshold_calibration,A,0.10174414767063071,0
review-93e39f35ad377da3,msg-64cdca546bafdc9324f0,normal,ordinary_notice_or_conversation_possible,a_not_risky_request_visible,202,0,threshold_calibration,A,0.15265782463120298,0
review-9440c7b20214abb9,msg-e326b0533522ecb322de,smishing,risky_request_visible,a_risky_request_visible,202,1,threshold_calibration,A,0.7858644072614501,1
review-95ab42239fb052e7,msg-5052c7243f9985cc9bcf,normal,promotion_without_clear_scam_request,a_not_risky_request_visible,202,1,threshold_calibration,A,0.10847742960183815,0
review-95b51a345d37bf9b,msg-1c7e06763517aa4b43bf,smishing,risky_request_visible,a_risky_request_visible,202,1,threshold_calibration,A,0.3808621044538259,1
review-96be0a4e61349470,msg-04b55107c00ee5b070d9,smishing,risky_request_visible,a_risky_request_visible,202,0,threshold_calibration,A,0.718249762851136,1
review-982aea7aee2bfd5b,msg-3189e01199a2f10ad163,smishing,risky_request_visible,a_risky_request_visible,202,2,threshold_calibration,A,0.843908601006601,1
review-9833d3f3d2c07833,msg-d787f40cfc7dbbe6778f,smishing,risky_request_visible,a_risky_request_visible,202,2,threshold_calibration,A,0.6505482189800341,1
review-9848e1bfbd07911c,msg-f2873d2e33fdffabc808,normal,ordinary_notice_or_conversation_possible,a_not_risky_request_visible,202,1,threshold_calibration,A,0.08860692061427453,0
review-98f41617c328173b,msg-c51643d14946078e7d57,smishing,risky_request_visible,a_risky_request_visible,202,2,threshold_calibration,A,0.8536102510595164,1
review-98f9751b78a4c31e,msg-06b44744cbf1ec56130e,normal,ordinary_notice_or_conversation_possible,a_not_risky_request_visible,202,2,threshold_calibration,A,0.08945628373246876,0
review-99553665d7fa8d60,msg-ec2c63de47e93d56888f,normal,ordinary_notice_or_conversation_possible,a_not_risky_request_visible,202,1,threshold_calibration,A,0.1087310315504112,0
review-9a3f12ca280a1c8a,msg-9865307d8d5cb09874f2,normal,promotion_without_clear_scam_request,a_not_risky_request_visible,202,2,threshold_calibration,A,0.24800548124888133,0
review-9a4ea6655a8a5a4f,msg-df3170271394537db9ca,normal,promotion_without_clear_scam_request,a_not_risky_request_visible,202,2,threshold_calibration,A,0.1553932033007516,0
review-9ad68457d5c5ddfe,msg-ff1e050906d7cfd80b2a,smishing,risky_request_visible,a_risky_request_visible,202,2,threshold_calibration,A,0.3492917597554348,0
review-9bf729353718fab4,msg-9ce453dc5d619e51234f,normal,ordinary_notice_or_conversation_possible,a_not_risky_request_visible,202,1,threshold_calibration,A,0.04584704135826998,0
review-9c83743cb64ceb5e,msg-dc4ff0d2d722a2c6cbac,normal,ordinary_notice_or_conversation_possible,a_not_risky_request_visible,202,1,threshold_calibration,A,0.22050334542430505,0
review-9e59560a7b1c6aa2,msg-32ce2bf355f633f0fee5,smishing,promotion_without_clear_scam_request,a_not_risky_request_visible,202,2,threshold_calibration,A,0.22733585397519845,0
review-9ec13abc1ec360b9,msg-053785582f2d9ed1abb9,normal,ordinary_notice_or_conversation_possible,a_not_risky_request_visible,202,1,threshold_calibration,A,0.1322830353479643,0
review-a0157c7c504b2713,msg-75bb93c54e7c03e2de6b,smishing,risky_request_visible,a_risky_request_visible,202,0,threshold_calibration,A,0.9287857725824948,1
review-a07cfcb07490d311,msg-5ce84ad96d59a95604b7,smishing,risky_request_visible,a_risky_request_visible,202,2,threshold_calibration,A,0.5698228504187746,1
review-a0abc212fe654fe2,msg-e8f6c41fc42d524da26b,smishing,risky_request_visible,a_risky_request_visible,202,0,threshold_calibration,A,0.852714031122566,1
review-a1325d40440edcad,msg-b68194dccdbc6eeaa462,normal,ordinary_notice_or_conversation_possible,a_not_risky_request_visible,202,2,threshold_calibration,A,0.09178273288498642,0
review-a17319837ff0f25f,msg-3c260868d8790e3220b2,smishing,risky_request_visible,a_risky_request_visible,202,2,threshold_calibration,A,0.8352572689053142,1
review-a3b8e31a589bfbf6,msg-72b62dcb8e0666cea243,smishing,risky_request_visible,a_risky_request_visible,202,0,threshold_calibration,A,0.684567880332707,1
review-a55cc489390f4d15,msg-a11408f53fc97d32784a,smishing,risky_request_visible,a_risky_request_visible,202,0,threshold_calibration,A,0.6544668942178347,1
review-a5e01613dff9b90c,msg-5f72ce400186780556af,normal,promotion_without_clear_scam_request,a_not_risky_request_visible,202,2,threshold_calibration,A,0.1454241923129879,0
review-a8b302c46a81110b,msg-a923033b51733c278a32,normal,ordinary_notice_or_conversation_possible,a_not_risky_request_visible,202,0,threshold_calibration,A,0.0930872952429814,0
review-a966f0861f64ccf4,msg-730ac32bb52515f362b7,smishing,risky_request_visible,a_risky_request_visible,202,1,threshold_calibration,A,0.3755697348644698,1
review-aa0341109ceb1209,msg-46a9686cf4e9faeb9042,normal,ordinary_notice_or_conversation_possible,a_not_risky_request_visible,202,0,threshold_calibration,A,0.1523683737502609,0
review-abfd0300b3e94bc9,msg-c6cb9735117d0df6bed5,normal,promotion_without_clear_scam_request,a_not_risky_request_visible,202,1,threshold_calibration,A,0.10697986319916011,0
review-ac307e4a1651f014,msg-5dce72e90a11834ff054,smishing,risky_request_visible,a_risky_request_visible,202,0,threshold_calibration,A,0.19072168656574015,0
review-aca9116d8021bfae,msg-ee6bc320eef92aaba68d,smishing,risky_request_visible,a_risky_request_visible,202,0,threshold_calibration,A,0.5317271017331835,1
review-ad7039ac6a9ced27,msg-c81c5b25a163ca19481f,normal,ordinary_notice_or_conversation_possible,a_not_risky_request_visible,202,1,threshold_calibration,A,0.09868581540862198,0
review-ae30eff1c5009634,msg-034e267652beee654b7d,normal,promotion_without_clear_scam_request,a_not_risky_request_visible,202,0,threshold_calibration,A,0.11321734528434493,0
review-af3cd140e815bf14,msg-76ea500b769d004670c6,normal,ordinary_notice_or_conversation_possible,a_not_risky_request_visible,202,0,threshold_calibration,A,0.14984159621689763,0
review-b1335825efb8b815,msg-b01d387c5717587aaf48,normal,ordinary_notice_or_conversation_possible,a_not_risky_request_visible,202,1,threshold_calibration,A,0.33591251769643504,0
review-b4f3af03fab1d1b9,msg-ca0bba4719e18ebdea2c,smishing,risky_request_visible,a_risky_request_visible,202,2,threshold_calibration,A,0.33588405088587237,0
review-b52505e7e689a4b8,msg-362b479a08fa48892f2e,normal,promotion_without_clear_scam_request,a_not_risky_request_visible,202,2,threshold_calibration,A,0.10693234706743278,0
review-b75a5cafe4180fd6,msg-a850f5749efcb9c4f6a0,smishing,ordinary_notice_or_conversation_possible,a_not_risky_request_visible,202,2,threshold_calibration,A,0.45912565889123086,1
review-b7db7bfa3479f4d7,msg-432734d9e15c6f93d376,normal,ordinary_notice_or_conversation_possible,a_not_risky_request_visible,202,0,threshold_calibration,A,0.2610365796528044,0
review-b894aa9bff1613dc,msg-0f99b5457812bf9368a9,smishing,risky_request_visible,a_risky_request_visible,202,0,threshold_calibration,A,0.6546342206738459,1
review-b8b4a371ec215d7c,msg-6ad7fc559a70473d3c43,normal,ordinary_notice_or_conversation_possible,a_not_risky_request_visible,202,0,threshold_calibration,A,0.3203179137333568,0
review-b973d23ab4a680d4,msg-332a6ceef2ba82e72aee,normal,ordinary_notice_or_conversation_possible,a_not_risky_request_visible,202,1,threshold_calibration,A,0.0882838539854981,0
review-baf06dfd954e1b3a,msg-2e3856be0b06e36d853e,smishing,risky_request_visible,a_risky_request_visible,202,1,threshold_calibration,A,0.8583123032912365,1
review-bb5f23238e492978,msg-ae0b87b215621f5e8471,smishing,risky_request_visible,a_risky_request_visible,202,2,threshold_calibration,A,0.8208248920018403,1
review-bbe916c0a5f13c5a,msg-a45a85532c29434e8b27,smishing,risky_request_visible,a_risky_request_visible,202,0,threshold_calibration,A,0.9331191946960343,1
review-bc1ad3d6715f9dab,msg-e19e83293fb47143aa18,normal,promotion_without_clear_scam_request,a_not_risky_request_visible,202,1,threshold_calibration,A,0.07823523985149,0
review-bc58d3e0a50d9226,msg-14251aa27469f753be0a,normal,ordinary_notice_or_conversation_possible,a_not_risky_request_visible,202,0,threshold_calibration,A,0.10614563833264487,0
review-bc5e0069bbad7d67,msg-ccfb4bcf7b100e873356,normal,ordinary_notice_or_conversation_possible,a_not_risky_request_visible,202,2,threshold_calibration,A,0.09662625033920982,0
review-bc805b9a7fefb4c4,msg-b42fe9f654595657fa35,smishing,risky_request_visible,a_risky_request_visible,202,2,threshold_calibration,A,0.40699039719244934,0
review-bc9e9750ed2f2246,msg-9807f366fd3a944bee02,normal,ordinary_notice_or_conversation_possible,a_not_risky_request_visible,202,0,threshold_calibration,A,0.16136341074079666,0
review-bcc4f27e08342914,msg-8da1861e43112a887a4b,smishing,risky_request_visible,a_risky_request_visible,202,1,threshold_calibration,A,0.7085263079998352,1
review-bcc86610acb0f9ff,msg-6c850b57daa695a2a5bf,smishing,insufficient_context,a_not_risky_request_visible,202,0,threshold_calibration,A,0.14682952569400573,0
review-bd2ee152f3f0a48a,msg-25ac7d2717cde23a4116,normal,ordinary_notice_or_conversation_possible,a_not_risky_request_visible,202,2,threshold_calibration,A,0.1517403423235792,0
review-be260e01d39a8550,msg-bbb84b4c518d7fb445cd,smishing,risky_request_visible,a_risky_request_visible,202,2,threshold_calibration,A,0.897130528224053,1
review-be8ac302beaaaa38,msg-504e4d980601e6913b67,normal,ordinary_notice_or_conversation_possible,a_not_risky_request_visible,202,1,threshold_calibration,A,0.17222554209933089,0
review-bee3f43cbc979cc9,msg-4d9ff4113e4ed5d9e90c,smishing,risky_request_visible,a_risky_request_visible,202,1,threshold_calibration,A,0.2829840402769682,0
review-bf29414211fedb11,msg-c484e73c51ddf79b7f8b,smishing,risky_request_visible,a_risky_request_visible,202,2,threshold_calibration,A,0.8830103601997406,1
review-bf5160f31d278f7b,msg-c051b9c58babed147478,normal,ordinary_notice_or_conversation_possible,a_not_risky_request_visible,202,0,threshold_calibration,A,0.11912980675915924,0
review-c0dec81b7dec22c5,msg-36f813c46481d09c7f14,normal,ordinary_notice_or_conversation_possible,a_not_risky_request_visible,202,1,threshold_calibration,A,0.1613707499189125,0
review-c20d5a744e2d1992,msg-08bbc870048b82597982,normal,ordinary_notice_or_conversation_possible,a_not_risky_request_visible,202,1,threshold_calibration,A,0.09912360325909036,0
review-c3157c09e695c3c5,msg-f0a3f2387d520f4943e1,normal,promotion_without_clear_scam_request,a_not_risky_request_visible,202,0,threshold_calibration,A,0.1431901142661994,0
review-c4368025a0827097,msg-115656ab7419963f3ec4,normal,ordinary_notice_or_conversation_possible,a_not_risky_request_visible,202,2,threshold_calibration,A,0.21047749007548805,0
review-c45238e439e91c4d,msg-165866e6104c7226a8e8,smishing,risky_request_visible,a_risky_request_visible,202,1,threshold_calibration,A,0.5387044816397274,1
review-c68883cf7ada6886,msg-e8325082747f144e0b1f,smishing,risky_request_visible,a_risky_request_visible,202,0,threshold_calibration,A,0.541608719595369,1
review-c7968cd6c3d1f959,msg-13d13b63af525be88c8e,normal,ordinary_notice_or_conversation_possible,a_not_risky_request_visible,202,0,threshold_calibration,A,0.07255335752243973,0
review-c7acc1ae1037b569,msg-9ae5d9f225d18d759f00,smishing,risky_request_visible,a_risky_request_visible,202,2,threshold_calibration,A,0.6644654287866236,1
review-c854f5ffb64bf3eb,msg-f2f023ae46a3f625f5ba,normal,ordinary_notice_or_conversation_possible,a_not_risky_request_visible,202,1,threshold_calibration,A,0.12025732876874108,0
review-ca1c52eb5a9e5a56,msg-383f97042ca6b0129236,normal,ordinary_notice_or_conversation_possible,a_not_risky_request_visible,202,2,threshold_calibration,A,0.05364063160122506,0
review-cb23ce2b380ce815,msg-a81e33bc3946b0ae2550,normal,ordinary_notice_or_conversation_possible,a_not_risky_request_visible,202,2,threshold_calibration,A,0.24037599269182067,0
review-cb28a9106aef5505,msg-67de13a82fafaf8c3980,smishing,risky_request_visible,a_risky_request_visible,202,0,threshold_calibration,A,0.7706367740576647,1
review-cc41f3f4cb6e8629,msg-cd74555c5078c89aa225,smishing,risky_request_visible,a_risky_request_visible,202,1,threshold_calibration,A,0.6685981891072024,1
review-cc4b16c2321274c0,msg-1737db0114226e8bb1b0,smishing,risky_request_visible,a_risky_request_visible,202,0,threshold_calibration,A,0.9259783947624458,1
review-cd39c34a5496687f,msg-28b8f57d24c88ea1fd3b,normal,ordinary_notice_or_conversation_possible,a_not_risky_request_visible,202,1,threshold_calibration,A,0.06601730920508449,0
review-d09099c6189f497b,msg-255cba56e8f9f375b954,smishing,risky_request_visible,a_risky_request_visible,202,2,threshold_calibration,A,0.3651364855269188,0
review-d0b2291f671afb13,msg-69107f37830e441acc20,smishing,risky_request_visible,a_risky_request_visible,202,0,threshold_calibration,A,0.45976366031742966,1
review-d14a67c8f86c82a4,msg-f96269b2a48486c1fd45,normal,ordinary_notice_or_conversation_possible,a_not_risky_request_visible,202,0,threshold_calibration,A,0.14677254469119377,0
review-d17c9fec5ba94c27,msg-0833b822c08cc170dc26,smishing,risky_request_visible,a_risky_request_visible,202,0,threshold_calibration,A,0.7084961456618681,1
review-d1b2ce556231d1b9,msg-1a13d7e1a0a296d7e9ac,normal,promotion_without_clear_scam_request,a_not_risky_request_visible,202,1,threshold_calibration,A,0.15517339735305574,0
review-d1ba629d1b0c0386,msg-3a166a3d426428da952d,smishing,insufficient_context,a_not_risky_request_visible,202,1,threshold_calibration,A,0.12063368734249659,0
review-d29c44ff7ec787ac,msg-18c2c8f93f103cd63104,normal,promotion_without_clear_scam_request,a_not_risky_request_visible,202,2,threshold_calibration,A,0.16373091749825538,0
review-d33ca86cba802688,msg-e2900c16a353e5f15c43,smishing,risky_request_visible,a_risky_request_visible,202,0,threshold_calibration,A,0.6701828617054024,1
review-d4f84d432e0d6d48,msg-94e0ae16541345a3f768,normal,ordinary_notice_or_conversation_possible,a_not_risky_request_visible,202,1,threshold_calibration,A,0.1179689063568358,0
review-d51050ea94555e33,msg-8dfc55b831e0422aaaf3,normal,ordinary_notice_or_conversation_possible,a_not_risky_request_visible,202,1,threshold_calibration,A,0.09216845652073251,0
review-d5cad39f16073736,msg-6b991d00ca9722186569,normal,promotion_without_clear_scam_request,a_not_risky_request_visible,202,1,threshold_calibration,A,0.13575883680775697,0
review-d684b0c9ae6eb28a,msg-b46e8faecd246cf1967d,smishing,risky_request_visible,a_risky_request_visible,202,2,threshold_calibration,A,0.5754436262958604,1
review-d6c4551ca894cc5c,msg-bbab9487a685ac85d931,smishing,risky_request_visible,a_risky_request_visible,202,2,threshold_calibration,A,0.8212688933538276,1
review-d7a5aa91a1e9ef4b,msg-963560a696c2068b11aa,normal,promotion_without_clear_scam_request,a_not_risky_request_visible,202,2,threshold_calibration,A,0.13113557873728793,0
review-d7e6ea82c0cbb7e9,msg-89bb289b1bdb8f41022f,normal,ordinary_notice_or_conversation_possible,a_not_risky_request_visible,202,0,threshold_calibration,A,0.08871115355423143,0
review-d86e9dceafb57f52,msg-b1cc1dadab2abab75849,smishing,risky_request_visible,a_risky_request_visible,202,2,threshold_calibration,A,0.6820654745452105,1
review-d870679fd6d01453,msg-7e320859ea45595a0398,smishing,promotion_without_clear_scam_request,a_not_risky_request_visible,202,1,threshold_calibration,A,0.5942041037171707,1
review-d885dde988ff81fc,msg-e9f133abd48046d0b082,smishing,risky_request_visible,a_risky_request_visible,202,1,threshold_calibration,A,0.7428102666860577,1
review-d927fc30b0eb9634,msg-1af26a10b08f45f41fde,smishing,risky_request_visible,a_risky_request_visible,202,1,threshold_calibration,A,0.42005163408160023,1
review-da0a87e60e534a8c,msg-817a4fa89633430e990d,normal,ordinary_notice_or_conversation_possible,a_not_risky_request_visible,202,2,threshold_calibration,A,0.08422011779174217,0
review-dbbbfc8d3d158c2b,msg-19fa68b2542d83a61f79,smishing,risky_request_visible,a_risky_request_visible,202,1,threshold_calibration,A,0.6622697891227344,1
review-dc7c7acfd6e2db79,msg-b183e7136605118fd86a,normal,promotion_without_clear_scam_request,a_not_risky_request_visible,202,0,threshold_calibration,A,0.4415091026265196,0
review-dd85b84b55bb501f,msg-c7ae71424b0756ee528c,smishing,risky_request_visible,a_risky_request_visible,202,1,threshold_calibration,A,0.654393419371558,1
review-e1afcc76f28c4344,msg-957a54f95f91a63ee653,normal,ordinary_notice_or_conversation_possible,a_not_risky_request_visible,202,1,threshold_calibration,A,0.06330258403814112,0
review-e23fed0689d23954,msg-5bc65501f76a2d9c35b3,smishing,promotion_without_clear_scam_request,a_not_risky_request_visible,202,0,threshold_calibration,A,0.3537776121342498,0
review-e244a46bb3c89288,msg-b49a70f3593e3f36b11d,smishing,risky_request_visible,a_risky_request_visible,202,2,threshold_calibration,A,0.451457106936257,1
review-e2fd25cde06b2e07,msg-871f6b0c52c58905dd41,normal,promotion_without_clear_scam_request,a_not_risky_request_visible,202,0,threshold_calibration,A,0.15374299537844635,0
review-e3520951883c1b51,msg-80d20dbfca1307061530,normal,promotion_without_clear_scam_request,a_not_risky_request_visible,202,1,threshold_calibration,A,0.12700139752138678,0
review-e384094846a41b50,msg-705817f4922c88c5ecc5,smishing,risky_request_visible,a_risky_request_visible,202,1,threshold_calibration,A,0.6453120871373442,1
review-e447ae957587a31d,msg-0590a0a811adf41d19c4,smishing,risky_request_visible,a_risky_request_visible,202,0,threshold_calibration,A,0.712528878588129,1
review-e58d1b3575c7e041,msg-60b7b814308d63263bea,smishing,risky_request_visible,a_risky_request_visible,202,1,threshold_calibration,A,0.6264029556650555,1
review-e63efe4044e2aa11,msg-79b01393dcc39d7d282a,smishing,risky_request_visible,a_risky_request_visible,202,2,threshold_calibration,A,0.9041169131879572,1
review-e736bb0c132d2dc8,msg-bf0dfb1e1aef571e6dfa,smishing,promotion_without_clear_scam_request,a_not_risky_request_visible,202,1,threshold_calibration,A,0.37937145810248213,1
review-e8170ecaf09d95c1,msg-e863bf00fb6dbfb816f3,normal,ordinary_notice_or_conversation_possible,a_not_risky_request_visible,202,1,threshold_calibration,A,0.10024812373249839,0
review-e8eebbe27a7969d0,msg-26a403cb7e86084e2d88,normal,ordinary_notice_or_conversation_possible,a_not_risky_request_visible,202,2,threshold_calibration,A,0.15239664237247308,0
review-e945ebd4e9533666,msg-6ca0de4ebc5d9da5342b,smishing,risky_request_visible,a_risky_request_visible,202,2,threshold_calibration,A,0.8944262492283682,1
review-e9f675e3299ddb73,msg-74894396e30aa7e375f2,normal,ordinary_notice_or_conversation_possible,a_not_risky_request_visible,202,0,threshold_calibration,A,0.3322556419705314,0
review-eb5bbbe4e99a6f72,msg-aae535e14decd836abac,normal,ordinary_notice_or_conversation_possible,a_not_risky_request_visible,202,1,threshold_calibration,A,0.16766633445428714,0
review-ec018bdef14b4dce,msg-ef69592a53abe3a01b4d,smishing,risky_request_visible,a_risky_request_visible,202,2,threshold_calibration,A,0.8498607699725864,1
review-ecf66ae7e447041e,msg-443a84cea11014478b84,smishing,risky_request_visible,a_risky_request_visible,202,1,threshold_calibration,A,0.6450274761676622,1
review-ed8aaee3f91ea267,msg-a319a3ad3f700d7f3e15,normal,promotion_without_clear_scam_request,a_not_risky_request_visible,202,0,threshold_calibration,A,0.09059042916816942,0
review-ed9460d363c32a66,msg-33b4946b6aa1c5826e5b,normal,ordinary_notice_or_conversation_possible,a_not_risky_request_visible,202,0,threshold_calibration,A,0.11798335904596156,0
review-ee314103593cc397,msg-3382d5781a64d5167a9f,smishing,risky_request_visible,a_risky_request_visible,202,0,threshold_calibration,A,0.21504253451688082,0
review-ee537a73bef42552,msg-a50c3f07d1c4116a5aae,normal,ordinary_notice_or_conversation_possible,a_not_risky_request_visible,202,2,threshold_calibration,A,0.20036275643948695,0
review-f02182e8f70df196,msg-b789ac48b433840d97a1,smishing,risky_request_visible,a_risky_request_visible,202,0,threshold_calibration,A,0.36857559511093174,0
review-f0b50460d98d4502,msg-95c382e5e68482d54b53,smishing,risky_request_visible,a_risky_request_visible,202,2,threshold_calibration,A,0.5738088406705448,1
review-f278c035dcc448b5,msg-69e20b477e1f38d22287,normal,ordinary_notice_or_conversation_possible,a_not_risky_request_visible,202,2,threshold_calibration,A,0.08784106955951856,0
review-f2b62cb8a35fddc1,msg-44342a1ca335e0df03ca,smishing,risky_request_visible,a_risky_request_visible,202,1,threshold_calibration,A,0.3910750856404271,1
review-f2c9ba7c14a8e7f4,msg-cbeab8aa1cb4e1328216,smishing,risky_request_visible,a_risky_request_visible,202,0,threshold_calibration,A,0.9386854861552215,1
review-f360abb82bcec3c4,msg-7a14eb32b51e33537f72,smishing,risky_request_visible,a_risky_request_visible,202,2,threshold_calibration,A,0.8496985830250536,1
review-f48d763f6c721c5c,msg-05ce5c3a427de58a9e8d,smishing,risky_request_visible,a_risky_request_visible,202,1,threshold_calibration,A,0.7242017253239255,1
review-f68968ff35ec4bea,msg-3f37d9bd39aa22dc8368,normal,ordinary_notice_or_conversation_possible,a_not_risky_request_visible,202,2,threshold_calibration,A,0.09823912228241029,0
review-f778efc9b041eb43,msg-7a8ba417b2f4e2650e1b,normal,ordinary_notice_or_conversation_possible,a_not_risky_request_visible,202,1,threshold_calibration,A,0.13633525972780192,0
review-f9b9a4279458f732,msg-5bf22a260fc90f900243,smishing,risky_request_visible,a_risky_request_visible,202,0,threshold_calibration,A,0.7265361074216318,1
review-fd0999fd546bfed8,msg-fe1928a9a24b4573d509,smishing,risky_request_visible,a_risky_request_visible,202,2,threshold_calibration,A,0.8497903813397728,1
review-fd4a4694d748b8f1,msg-8292e9166caa8ab05265,smishing,risky_request_visible,a_risky_request_visible,202,2,threshold_calibration,A,0.26573834762006215,0
review-fe1822167edb9625,msg-bee493f64946ad6b35a4,normal,promotion_without_clear_scam_request,a_not_risky_request_visible,202,0,threshold_calibration,A,0.1045312286869419,0
review-ff61b33b22cf09db,msg-f83fe7e80b1199988bc6,smishing,insufficient_context,a_not_risky_request_visible,202,1,threshold_calibration,A,0.40911360286616527,1
review-014f431cdb07954a,msg-0c6dfbf2de170e52a942,smishing,risky_request_visible,a_risky_request_visible,202,2,development_readout,C,0.3924612380300785,0
review-0191505287bc42c3,msg-125422950bbf2894b298,normal,ordinary_notice_or_conversation_possible,a_not_risky_request_visible,202,0,development_readout,C,0.10658461933046406,0
review-019e598ca75a2604,msg-51d91745aaf7c70cfe66,normal,ordinary_notice_or_conversation_possible,a_not_risky_request_visible,202,2,development_readout,C,0.059905912187437765,0
review-01daae558c8120c5,msg-a5fe2c7068a39a897fd5,normal,ordinary_notice_or_conversation_possible,a_not_risky_request_visible,202,0,development_readout,C,0.11757302411452002,0
review-022dede98715a30c,msg-873db1de4a30a9f5c623,normal,ordinary_notice_or_conversation_possible,a_not_risky_request_visible,202,2,development_readout,C,0.10245835747764902,0
review-0238870c30ef790e,msg-d2b85b2279d55f17aa61,smishing,risky_request_visible,a_risky_request_visible,202,1,development_readout,C,0.17913010375078084,0
review-02ed9a9204fc5c8c,msg-8af5cc4194464b481799,smishing,risky_request_visible,a_risky_request_visible,202,1,development_readout,C,0.7146726946334228,1
review-05ba384c6ab030f1,msg-0cf1f701a15c54d26789,normal,ordinary_notice_or_conversation_possible,a_not_risky_request_visible,202,2,development_readout,C,0.16966373840390359,0
review-062650e5c03db7b3,msg-736f82ab7ef68bca67fc,smishing,risky_request_visible,a_risky_request_visible,202,1,development_readout,C,0.39365859365066846,1
review-06613e1d63363778,msg-bd04b75032f0dfc2ee62,normal,promotion_without_clear_scam_request,a_not_risky_request_visible,202,1,development_readout,C,0.10456824829701393,0
review-06fe91fac978687e,msg-a83bb61726a247a6e1e1,normal,promotion_without_clear_scam_request,a_not_risky_request_visible,202,2,development_readout,C,0.09523733843662514,0
review-09f8a52a643bde75,msg-a190594f2bffb92ea5e6,normal,ordinary_notice_or_conversation_possible,a_not_risky_request_visible,202,0,development_readout,C,0.24025483033396558,0
review-0ba297695cc9a600,msg-593cd80d2ef7e33546ac,normal,ordinary_notice_or_conversation_possible,a_not_risky_request_visible,202,2,development_readout,C,0.19948689966733849,0
review-0bf0da403c12d587,msg-b7800f4db5faf73f5f6d,smishing,risky_request_visible,a_risky_request_visible,202,2,development_readout,C,0.8864006562287305,1
review-0bfbacbb2760394c,msg-ccf0e6a8ef2af65aced4,smishing,risky_request_visible,a_risky_request_visible,202,2,development_readout,C,0.6689344643154037,1
review-0c756099e821ef26,msg-3de91ab063f18e6782bf,smishing,risky_request_visible,a_risky_request_visible,202,0,development_readout,C,0.4152121333568525,0
review-0ce89002b27ae13e,msg-b3850b9d024fcf99c238,normal,ordinary_notice_or_conversation_possible,a_not_risky_request_visible,202,0,development_readout,C,0.15020800025760245,0
review-0d61809b41685d2f,msg-3056e20984e704228691,normal,ordinary_notice_or_conversation_possible,a_not_risky_request_visible,202,2,development_readout,C,0.09830625421470579,0
review-0ddce31c46b4331c,msg-018ff56a19f05b63f7f1,normal,promotion_without_clear_scam_request,a_not_risky_request_visible,202,2,development_readout,C,0.1343716741885359,0
review-0e9363ce9bcb57c2,msg-a6db8f1ba339b796c36c,smishing,risky_request_visible,a_risky_request_visible,202,0,development_readout,C,0.5851628245228744,1
review-0f5e5787e2464fe3,msg-31a602d9c77f86749c5b,smishing,risky_request_visible,a_risky_request_visible,202,1,development_readout,C,0.9271285326468072,1
review-10f0da95f3fdd21e,msg-58b952e19b37c0bc3c3c,normal,ordinary_notice_or_conversation_possible,a_not_risky_request_visible,202,2,development_readout,C,0.11370153602957249,0
review-12aedba2ef212671,msg-52cabfe559de650270d0,smishing,risky_request_visible,a_risky_request_visible,202,2,development_readout,C,0.9423505689758158,1
review-13e7350b6f9c843d,msg-6ef4e4d3849c3f2458f9,smishing,risky_request_visible,a_risky_request_visible,202,2,development_readout,C,0.132151914000059,0
review-17bb16430527761d,msg-8a95db5cf464c51ec8bb,smishing,risky_request_visible,a_risky_request_visible,202,0,development_readout,C,0.514586612658594,1
review-1820dec42f5ec2ca,msg-04d0a9cdecc5e27abe30,smishing,risky_request_visible,a_risky_request_visible,202,1,development_readout,C,0.6830696110177822,1
review-19d11b9f743aa049,msg-58f85354ff60f8afada7,smishing,risky_request_visible,a_risky_request_visible,202,2,development_readout,C,0.6557725655884215,1
review-1a4aa7992820ca2a,msg-f6bc1ff296dcef8d3f5e,smishing,risky_request_visible,a_risky_request_visible,202,2,development_readout,C,0.7674031936790269,1
review-1a60e1bd37131802,msg-7347b19b9989a8b7563c,normal,ordinary_notice_or_conversation_possible,a_not_risky_request_visible,202,0,development_readout,C,0.11647429890619407,0
review-1b01c3e70a5cd621,msg-598291dbde5006fce551,smishing,risky_request_visible,a_risky_request_visible,202,2,development_readout,C,0.4703041394815444,1
review-1bcdb8b5e4902f77,msg-6b0f921297bf6036cdd4,normal,ordinary_notice_or_conversation_possible,a_not_risky_request_visible,202,0,development_readout,C,0.08765040528228249,0
review-1bee5d35c3ae9550,msg-0a348fcb6248b2e02712,smishing,risky_request_visible,a_risky_request_visible,202,1,development_readout,C,0.5876373320992406,1
review-1c32fedd4b32dd06,msg-b3fecdca68993f39816e,normal,promotion_without_clear_scam_request,a_not_risky_request_visible,202,2,development_readout,C,0.10601814745752418,0
review-1c42c25c32f5bd82,msg-397c7d1d69e93306e43f,smishing,risky_request_visible,a_risky_request_visible,202,1,development_readout,C,0.8951231458714465,1
review-1cb842404c1056c4,msg-69af923a1b627636ba88,normal,ordinary_notice_or_conversation_possible,a_not_risky_request_visible,202,2,development_readout,C,0.20745080343937028,0
review-1e68018ab3a2b26e,msg-c93b3c338ad73e40adfd,normal,ordinary_notice_or_conversation_possible,a_not_risky_request_visible,202,1,development_readout,C,0.24930390491209392,0
review-1ea0789836e39e65,msg-50ce9ce367d7506d1b34,smishing,risky_request_visible,a_risky_request_visible,202,1,development_readout,C,0.7664991139110814,1
review-21e2a2729d0906e0,msg-2f204be55b7d47704b0f,normal,ordinary_notice_or_conversation_possible,a_not_risky_request_visible,202,2,development_readout,C,0.17126738782480458,0
review-220daefcb5d386ed,msg-e3ec894bf4e93e8c550e,smishing,risky_request_visible,a_risky_request_visible,202,0,development_readout,C,0.8545273084206029,1
review-2324027bc353cb29,msg-69cdd029e53ee97a620b,smishing,risky_request_visible,a_risky_request_visible,202,1,development_readout,C,0.8079138851663402,1
review-23e4e9eb29dd8f93,msg-22e08f4c05ba067b383e,normal,ordinary_notice_or_conversation_possible,a_not_risky_request_visible,202,0,development_readout,C,0.15065113407109665,0
review-25104a7eec1f7831,msg-f98da8116216cda9e3fe,smishing,risky_request_visible,a_risky_request_visible,202,2,development_readout,C,0.786111056421444,1
review-256d1c0f349382b5,msg-b0438b6ad1731edd6ad6,normal,ordinary_notice_or_conversation_possible,a_not_risky_request_visible,202,2,development_readout,C,0.1222882334979717,0
review-2579df062aafc741,msg-fa2ff4bb2e3dd2a0cead,smishing,risky_request_visible,a_risky_request_visible,202,1,development_readout,C,0.4944394801193069,1
review-25ec7d62ea3d7444,msg-7f85a9711cbc0aa393d6,smishing,risky_request_visible,a_risky_request_visible,202,1,development_readout,C,0.2205768079024522,0
review-2705653809f7ad8f,msg-c847ea1fe73639b29741,normal,ordinary_notice_or_conversation_possible,a_not_risky_request_visible,202,1,development_readout,C,0.2614942265267424,0
review-27fee91252ef3d87,msg-0d7a1d02c979a5575363,normal,ordinary_notice_or_conversation_possible,a_not_risky_request_visible,202,1,development_readout,C,0.1376205154292867,0
review-293586512b140a4e,msg-df9036abd2017f6f6be1,smishing,risky_request_visible,a_risky_request_visible,202,1,development_readout,C,0.5359884468573152,1
review-2953de0d9a6a0ef3,msg-b3fe8c24cdcc85dd4f28,normal,ordinary_notice_or_conversation_possible,a_not_risky_request_visible,202,1,development_readout,C,0.08712607897775818,0
review-2ba16080ec46773d,msg-24c361e6f72073321220,normal,ordinary_notice_or_conversation_possible,a_not_risky_request_visible,202,1,development_readout,C,0.09109454501481992,0
review-2d4568421c26bf66,msg-96c30c2332ea6bf5e247,normal,ordinary_notice_or_conversation_possible,a_not_risky_request_visible,202,2,development_readout,C,0.1747854384684238,0
review-2d707fce0fb4702c,msg-e94fec8af385dc5ff556,normal,ordinary_notice_or_conversation_possible,a_not_risky_request_visible,202,0,development_readout,C,0.17838463578790362,0
review-2d80e47aaaa42543,msg-207b27eff27f4988fb0f,normal,ordinary_notice_or_conversation_possible,a_not_risky_request_visible,202,0,development_readout,C,0.26636154671537055,0
review-2dcd34cb42910200,msg-97b2b6ee95ed7d920877,smishing,risky_request_visible,a_risky_request_visible,202,1,development_readout,C,0.7485875518182136,1
review-2dd7b92c08e4f5c4,msg-42c7b3575f8a9da0d8d1,normal,promotion_without_clear_scam_request,a_not_risky_request_visible,202,0,development_readout,C,0.10954387816679848,0
review-300c4c657ef26689,msg-8d4de978440b72ca4a45,normal,ordinary_notice_or_conversation_possible,a_not_risky_request_visible,202,2,development_readout,C,0.2025375082375847,0
review-30c664d1fb0416d2,msg-4facddef64d2b1d3b592,normal,promotion_without_clear_scam_request,a_not_risky_request_visible,202,0,development_readout,C,0.12576236922816167,0
review-30e3bf5a7666c842,msg-2691ca74050fbbc9ed37,smishing,risky_request_visible,a_risky_request_visible,202,0,development_readout,C,0.7281548636292385,1
review-31a75727a167d60d,msg-f9061a931aba0d307ce6,smishing,risky_request_visible,a_risky_request_visible,202,0,development_readout,C,0.6863490936944108,1
review-322a0c915a6dca98,msg-3d77196a643275284eee,smishing,risky_request_visible,a_risky_request_visible,202,2,development_readout,C,0.6531864869291928,1
review-3423b715646fd583,msg-65bffe175e1d5b55382e,smishing,risky_request_visible,a_risky_request_visible,202,2,development_readout,C,0.94369642735669,1
review-363f281df3bd9ba4,msg-36bc461d0aefe348462d,normal,promotion_without_clear_scam_request,a_not_risky_request_visible,202,0,development_readout,C,0.15065712007006338,0
review-364329807a65a090,msg-0be5e1e2bd038f3a1a24,smishing,risky_request_visible,a_risky_request_visible,202,0,development_readout,C,0.5272537179683466,1
review-37962ff6cab628b9,msg-f745187c052997452a1e,smishing,risky_request_visible,a_risky_request_visible,202,1,development_readout,C,0.79240684257001,1
review-39a836fe3d87fa33,msg-758bd093f61744be66f6,normal,ordinary_notice_or_conversation_possible,a_not_risky_request_visible,202,2,development_readout,C,0.10725254312175053,0
review-3aa78c267ab21f05,msg-224c0422b0003d17212c,smishing,ordinary_notice_or_conversation_possible,a_not_risky_request_visible,202,0,development_readout,C,0.265196591788148,0
review-3b23a85b0e54e4e2,msg-5a59a5ce918f6559e125,normal,promotion_without_clear_scam_request,a_not_risky_request_visible,202,1,development_readout,C,0.09437122791201454,0
review-3b5a82f01656ae5e,msg-4c9bb8aab19cd59ba6b7,normal,promotion_without_clear_scam_request,a_not_risky_request_visible,202,0,development_readout,C,0.07197309019749372,0
review-3c542b2889f7ee41,msg-ab4e24de8042cbea05d6,smishing,risky_request_visible,a_risky_request_visible,202,2,development_readout,C,0.9409369335066796,1
review-3c6ae33a89ac17a5,msg-c098e4b7c32dc66b6582,smishing,risky_request_visible,a_risky_request_visible,202,1,development_readout,C,0.9392281389508061,1
review-4034e1976e7caf3d,msg-a8f8f501a69d1d5855ba,normal,ordinary_notice_or_conversation_possible,a_not_risky_request_visible,202,0,development_readout,C,0.07810453090559175,0
review-40617332c72b6a65,msg-75bccb25272a125ae624,smishing,risky_request_visible,a_risky_request_visible,202,0,development_readout,C,0.8634610077071413,1
review-40e531a989b5b832,msg-90c8b223c83bae5b9f53,smishing,risky_request_visible,a_risky_request_visible,202,2,development_readout,C,0.6559056126750556,1
review-40f65d491fbb6c91,msg-29618cee18396e8a8e81,smishing,risky_request_visible,a_risky_request_visible,202,2,development_readout,C,0.6736438067293551,1
review-41e7242cf53f7aec,msg-414effb98a09982ec13d,normal,promotion_without_clear_scam_request,a_not_risky_request_visible,202,0,development_readout,C,0.1574572041706721,0
review-44d5803b821bc077,msg-382f83f816817c259074,smishing,risky_request_visible,a_risky_request_visible,202,1,development_readout,C,0.7763389557065321,1
review-46f3555593434e8a,msg-ef6fd44a32790af20571,smishing,risky_request_visible,a_risky_request_visible,202,2,development_readout,C,0.9398112895172834,1
review-47389333283368dc,msg-32e17f91821e085e067c,smishing,risky_request_visible,a_risky_request_visible,202,1,development_readout,C,0.8698370704066539,1
review-48f7182245c9e551,msg-a52c445339e75c5638c4,smishing,ordinary_notice_or_conversation_possible,a_not_risky_request_visible,202,2,development_readout,C,0.4470743333135243,1
review-49db2f3969f4dab7,msg-d9f951c82ea54b25ac30,normal,promotion_without_clear_scam_request,a_not_risky_request_visible,202,0,development_readout,C,0.13701733902914617,0
review-4aafcfede478ed2e,msg-42b716ae90c55a680465,smishing,risky_request_visible,a_risky_request_visible,202,0,development_readout,C,0.7872401927546914,1
review-4b7d3212a375f3c3,msg-e32c03f7fd12569b45d4,smishing,risky_request_visible,a_risky_request_visible,202,1,development_readout,C,0.3996439557951191,1
review-4c7db89388133c66,msg-b366110e17c486b16b15,normal,ordinary_notice_or_conversation_possible,a_not_risky_request_visible,202,0,development_readout,C,0.14654196406688044,0
review-4db7bde369258db0,msg-6dd03ec5f1c618ada2c5,smishing,risky_request_visible,a_risky_request_visible,202,1,development_readout,C,0.7139882933263132,1
review-4e91758f8be8575d,msg-2a7f43ae7fa422fefb9b,smishing,risky_request_visible,a_risky_request_visible,202,2,development_readout,C,0.19812325088261745,0
review-50913d75a97def28,msg-59fc050be5af6ecad8a5,smishing,risky_request_visible,a_risky_request_visible,202,1,development_readout,C,0.6017448653720308,1
review-50eaadd4d0f17b7f,msg-7ebb94a273063e6a25f7,normal,ordinary_notice_or_conversation_possible,a_not_risky_request_visible,202,2,development_readout,C,0.11889689457586837,0
review-5176dde30e249277,msg-a95d096bdce327f3ec58,normal,ordinary_notice_or_conversation_possible,a_not_risky_request_visible,202,1,development_readout,C,0.16133277118804426,0
review-5192f26c12526af0,msg-46cf015971a39796118d,normal,risky_request_visible,a_risky_request_visible,202,2,development_readout,C,0.38286876247570867,0
review-5201c5937ee64b08,msg-bb5a4640eee306e11287,smishing,risky_request_visible,a_risky_request_visible,202,2,development_readout,C,0.6275686541284028,1
review-5351da806d5c8862,msg-56c6f7e6fe95f4eaf8db,normal,ordinary_notice_or_conversation_possible,a_not_risky_request_visible,202,0,development_readout,C,0.18099260536784306,0
review-572c07846f21e2ba,msg-5c8a3583b29803350025,normal,ordinary_notice_or_conversation_possible,a_not_risky_request_visible,202,2,development_readout,C,0.0665697080165589,0
review-573127865357f88a,msg-6f84d9cc313db045b133,normal,ordinary_notice_or_conversation_possible,a_not_risky_request_visible,202,0,development_readout,C,0.09314851257433387,0
review-588539dd497a5994,msg-eb5f2cc2527297a7b5a3,smishing,risky_request_visible,a_risky_request_visible,202,0,development_readout,C,0.6140433546547909,1
review-5915bce9f0ed137d,msg-e395baa51463221daebc,normal,insufficient_context,a_not_risky_request_visible,202,2,development_readout,C,0.1989862099154457,0
review-5a021883af9f96ea,msg-156bbfc36ff5805e450a,normal,promotion_without_clear_scam_request,a_not_risky_request_visible,202,1,development_readout,C,0.1308764668249336,0
review-5a7aed2fa9914ccd,msg-c51a29b00765bbce70ab,normal,ordinary_notice_or_conversation_possible,a_not_risky_request_visible,202,0,development_readout,C,0.2457161379166136,0
review-5a9261ed8c81a5c6,msg-dda62389e8fe6499fde9,normal,ordinary_notice_or_conversation_possible,a_not_risky_request_visible,202,1,development_readout,C,0.10112454953992545,0
review-5b0c0204dc451747,msg-31f308081fb21c6e8f09,smishing,risky_request_visible,a_risky_request_visible,202,2,development_readout,C,0.8975678777672274,1
review-5b38287421b21063,msg-2eacbbd745e21908f221,normal,ordinary_notice_or_conversation_possible,a_not_risky_request_visible,202,0,development_readout,C,0.14123397236225352,0
review-5c5069cca8a5add0,msg-0efb0ebfb655d5c5c6d3,normal,promotion_without_clear_scam_request,a_not_risky_request_visible,202,1,development_readout,C,0.14831812328842642,0
review-5cdeba2735509611,msg-ae080cc622858f685d5a,smishing,risky_request_visible,a_risky_request_visible,202,1,development_readout,C,0.9004531077004667,1
review-5f54bbc511caaded,msg-542efb3f41bad8a46794,normal,ordinary_notice_or_conversation_possible,a_not_risky_request_visible,202,1,development_readout,C,0.17655995318211581,0
review-5f5dd240c73902fa,msg-702b7967e690569fc457,normal,promotion_without_clear_scam_request,a_not_risky_request_visible,202,2,development_readout,C,0.11402155014534118,0
review-6036afa1a4a219c3,msg-9bf6c95f6dc633dd8819,normal,ordinary_notice_or_conversation_possible,a_not_risky_request_visible,202,1,development_readout,C,0.11550085876500803,0
review-613647025d825449,msg-c2dbf3f9ef08a79aafdb,normal,ordinary_notice_or_conversation_possible,a_not_risky_request_visible,202,0,development_readout,C,0.2665096547851804,0
review-61fef2c9ced4f942,msg-660c2fd797c40f8e55ca,normal,ordinary_notice_or_conversation_possible,a_not_risky_request_visible,202,1,development_readout,C,0.36006012339025545,0
review-6521774e33af014d,msg-9b1f08af6e0ef529c373,normal,ordinary_notice_or_conversation_possible,a_not_risky_request_visible,202,0,development_readout,C,0.22535965871087926,0
review-65c507e4203143d6,msg-fa95489fe7c0dfeb2251,smishing,risky_request_visible,a_risky_request_visible,202,2,development_readout,C,0.8315432191454879,1
review-65fde99e6e05f377,msg-4cb8c149ce6f9aed0469,smishing,risky_request_visible,a_risky_request_visible,202,2,development_readout,C,0.8483161785930153,1
review-66ef57282af71d4f,msg-f51c8c7132e5405088dd,normal,ordinary_notice_or_conversation_possible,a_not_risky_request_visible,202,1,development_readout,C,0.15294967714539578,0
review-6742e699b2c19637,msg-5e8796780c062e86063b,smishing,promotion_without_clear_scam_request,a_not_risky_request_visible,202,0,development_readout,C,0.16546206221449225,0
review-6ae02f39f51553d5,msg-6ea3d783002f06a87f20,smishing,risky_request_visible,a_risky_request_visible,202,1,development_readout,C,0.7833367841488628,1
review-6c9e3e62bbb95763,msg-a6d506945e9b701052e1,smishing,risky_request_visible,a_risky_request_visible,202,0,development_readout,C,0.23118748017476098,0
review-6e51f1a0ccb981e6,msg-58425ae1f35d0d6e8f6c,smishing,risky_request_visible,a_risky_request_visible,202,0,development_readout,C,0.7659945844373992,1
review-70dad336d995a509,msg-00cd858afe8ef2de5fd3,normal,ordinary_notice_or_conversation_possible,a_not_risky_request_visible,202,2,development_readout,C,0.08932429952699125,0
review-737f8fd0571ce3c6,msg-c41cc6431e9d998e3d0b,smishing,insufficient_context,a_not_risky_request_visible,202,1,development_readout,C,0.5075608655071121,1
review-747ccc19ddd0a65f,msg-2b77caba18e48a22b597,normal,ordinary_notice_or_conversation_possible,a_not_risky_request_visible,202,0,development_readout,C,0.1485496292943032,0
review-7493575c90062c41,msg-e84d76b6ef43a1d586a7,normal,promotion_without_clear_scam_request,a_not_risky_request_visible,202,2,development_readout,C,0.22172245348102063,0
review-7494a9906bb71039,msg-6f6bbab188df73ce6c08,normal,promotion_without_clear_scam_request,a_not_risky_request_visible,202,0,development_readout,C,0.2107095766658196,0
review-75ab06f0d698d679,msg-f273e56e9277fab3062d,smishing,risky_request_visible,a_risky_request_visible,202,0,development_readout,C,0.3987738687427233,0
review-76a47d926f91413e,msg-81c59d9e2363e29c4af7,normal,ordinary_notice_or_conversation_possible,a_not_risky_request_visible,202,1,development_readout,C,0.09802095000299711,0
review-7794b3bc9bc0c3a1,msg-a2db1c36a4678988377c,normal,ordinary_notice_or_conversation_possible,a_not_risky_request_visible,202,1,development_readout,C,0.4051240919401933,1
review-790151d3979b5cf2,msg-05a81159578289c50343,normal,ordinary_notice_or_conversation_possible,a_not_risky_request_visible,202,0,development_readout,C,0.07762967236365934,0
review-7bc2e45e3ffc6c78,msg-b62543444f94f00ab76a,normal,ordinary_notice_or_conversation_possible,a_not_risky_request_visible,202,2,development_readout,C,0.13909020473488728,0
review-7cbff1d715e4b2f0,msg-565ddb5f77c920c58378,normal,promotion_without_clear_scam_request,a_not_risky_request_visible,202,0,development_readout,C,0.14335056538448998,0
review-7d4271562f20ae7d,msg-0f3c1de813a299c535f9,normal,promotion_without_clear_scam_request,a_not_risky_request_visible,202,0,development_readout,C,0.1614304977240492,0
review-7d723e9bf1b824f5,msg-87a76d50e35b48e41218,smishing,risky_request_visible,a_risky_request_visible,202,1,development_readout,C,0.4469877159603289,1
review-8039ca8a8d71147c,msg-d7d609114f737190d087,smishing,risky_request_visible,a_risky_request_visible,202,1,development_readout,C,0.5636670176426711,1
review-80aaf5285dff5d52,msg-f5342ad5453afafa654a,normal,promotion_without_clear_scam_request,a_not_risky_request_visible,202,1,development_readout,C,0.11083054419760842,0
review-81db582ab9c83a7d,msg-2a0582fa3234a2d63356,normal,risky_request_visible,a_risky_request_visible,202,1,development_readout,C,0.7511754026437265,1
review-83bf04c6b634cf0b,msg-b677ced3e884ac5d5c3c,normal,promotion_without_clear_scam_request,a_not_risky_request_visible,202,1,development_readout,C,0.37239077566575984,0
review-8408e233d5c05195,msg-61e1958480c0e2e496e5,normal,ordinary_notice_or_conversation_possible,a_not_risky_request_visible,202,0,development_readout,C,0.11102469855491766,0
review-85ef908a3e61f2a2,msg-30572cea27e54ac2130b,normal,ordinary_notice_or_conversation_possible,a_not_risky_request_visible,202,1,development_readout,C,0.08541162728583916,0
review-87ca5145bb1464ea,msg-69d76db7edd5a86af1d7,normal,promotion_without_clear_scam_request,a_not_risky_request_visible,202,0,development_readout,C,0.11804353640170434,0
review-8acb2fdf0b998c44,msg-442633ffd7cc37f8a891,smishing,risky_request_visible,a_risky_request_visible,202,2,development_readout,C,0.6462130819098448,1
review-8c3afec16f00c8ea,msg-6173af161b27fe6f4ce6,normal,ordinary_notice_or_conversation_possible,a_not_risky_request_visible,202,1,development_readout,C,0.07993887923269155,0
review-92026380db179cfa,msg-11b3b10960d7a9f4d101,smishing,risky_request_visible,a_risky_request_visible,202,2,development_readout,C,0.6494708264032508,1
review-92a8bdc500ce598c,msg-b0731c666ab671570088,smishing,risky_request_visible,a_risky_request_visible,202,1,development_readout,C,0.9019377674837948,1
review-92e977f1b9f64cdd,msg-3deb3a161a23b32aea25,smishing,risky_request_visible,a_risky_request_visible,202,1,development_readout,C,0.7385538630337597,1
review-93d84a89e42aa2d2,msg-08ce7d2baeca7acc8b65,smishing,risky_request_visible,a_risky_request_visible,202,1,development_readout,C,0.7741386749354456,1
review-93f251b7f415320e,msg-25125973e3120d610fce,smishing,risky_request_visible,a_risky_request_visible,202,2,development_readout,C,0.9069114032370065,1
review-94b8ffc8b0784e28,msg-75d8feb50109f84a12cc,normal,ordinary_notice_or_conversation_possible,a_not_risky_request_visible,202,2,development_readout,C,0.08933281189152568,0
review-95c15e2125e8158e,msg-0afc2595ae8ed75b8bb8,smishing,risky_request_visible,a_risky_request_visible,202,2,development_readout,C,0.7205164490876508,1
review-962656fa6b00f587,msg-cce4c00da9a7d9f77c32,normal,promotion_without_clear_scam_request,a_not_risky_request_visible,202,1,development_readout,C,0.13346843303068986,0
review-973274a88b5aa1db,msg-706b91df031716838257,normal,ordinary_notice_or_conversation_possible,a_not_risky_request_visible,202,2,development_readout,C,0.10307571115175382,0
review-9751bc751be6b57c,msg-64a843bec3f3dce4ee45,smishing,risky_request_visible,a_risky_request_visible,202,1,development_readout,C,0.8073634326380527,1
review-9762bd209b88d2ac,msg-891bb14bf560270521ca,smishing,risky_request_visible,a_risky_request_visible,202,2,development_readout,C,0.8043216294609065,1
review-97b3b26bd7e8a65a,msg-359327bd4e7edc3cb5ba,normal,insufficient_context,a_not_risky_request_visible,202,1,development_readout,C,0.08790988628964316,0
review-97dbf9fb83d5fd0a,msg-6301a4730ee412e86a8c,normal,promotion_without_clear_scam_request,a_not_risky_request_visible,202,1,development_readout,C,0.09916053776153375,0
review-97eb58f77becd57e,msg-991e31887c4954366165,normal,promotion_without_clear_scam_request,a_not_risky_request_visible,202,0,development_readout,C,0.09418874537888083,0
review-9827872ee45caecd,msg-6632bfd7a0b259199dcf,smishing,risky_request_visible,a_risky_request_visible,202,2,development_readout,C,0.847881896620626,1
review-9955e43648119f93,msg-c9f03e64293fb8bae46b,smishing,risky_request_visible,a_risky_request_visible,202,0,development_readout,C,0.7541772982870456,1
review-9a6d46e3500865e5,msg-db804cd0d3465516e4ad,smishing,risky_request_visible,a_risky_request_visible,202,2,development_readout,C,0.7690006861035261,1
review-9c94f8c84f214457,msg-79fa0f109f0555707dca,smishing,risky_request_visible,a_risky_request_visible,202,0,development_readout,C,0.2723937124228814,0
review-9ca002eef5fabf4c,msg-a8d5485f9438f3ab5181,normal,ordinary_notice_or_conversation_possible,a_not_risky_request_visible,202,2,development_readout,C,0.08645957378973419,0
review-9d4c0bc5bb2de352,msg-7f6ef3389d8815ed454b,smishing,risky_request_visible,a_risky_request_visible,202,2,development_readout,C,0.6761646820420205,1
review-9db42b53975f21ce,msg-d44b95e16930e223469c,normal,promotion_without_clear_scam_request,a_not_risky_request_visible,202,1,development_readout,C,0.22241129290286174,0
review-9dcbf9222596e8de,msg-142bb92fb41d9cbcef5f,normal,ordinary_notice_or_conversation_possible,a_not_risky_request_visible,202,0,development_readout,C,0.4398432446845283,1
review-9e77e04ddb3e3ff6,msg-374fc9d1a57bc673b881,smishing,risky_request_visible,a_risky_request_visible,202,1,development_readout,C,0.9033477310829878,1
review-a00070320560c3ff,msg-eaeafeff80833a0c2e24,normal,risky_request_visible,a_risky_request_visible,202,2,development_readout,C,0.6149509263467838,1
review-a003a34f2b7224ae,msg-ed3a4e31c52d999f2ab4,normal,ordinary_notice_or_conversation_possible,a_not_risky_request_visible,202,1,development_readout,C,0.1021823022777774,0
review-a077aa771a77e44f,msg-a37b49f0af9136126259,normal,ordinary_notice_or_conversation_possible,a_not_risky_request_visible,202,2,development_readout,C,0.1742826444796347,0
review-a1b685810c820047,msg-46ca64892a1c3e660136,smishing,risky_request_visible,a_risky_request_visible,202,2,development_readout,C,0.9410147068402414,1
review-a1c208b7e2a31834,msg-cfebfff6180461481c77,smishing,risky_request_visible,a_risky_request_visible,202,0,development_readout,C,0.6163394093687956,1
review-a31dcf3587c938e0,msg-69f98ce7e1a685df8515,smishing,risky_request_visible,a_risky_request_visible,202,2,development_readout,C,0.7342566659745893,1
review-a3348ee784bf419a,msg-ff64a4e11508a5dc7000,smishing,risky_request_visible,a_risky_request_visible,202,1,development_readout,C,0.9109094549229637,1
review-a5c8844b07d15249,msg-080a80350fda25ee4181,smishing,risky_request_visible,a_risky_request_visible,202,2,development_readout,C,0.6705129303692544,1
review-a737e63e0af5d4ad,msg-58763f1db8c40f82f590,normal,promotion_without_clear_scam_request,a_not_risky_request_visible,202,2,development_readout,C,0.11136612925047222,0
review-a884f7c925b47633,msg-0d319b74ea12c910e557,smishing,risky_request_visible,a_risky_request_visible,202,2,development_readout,C,0.7325437551706625,1
review-a93e9d44999fbedb,msg-7a5a0ef1560dbc98423a,normal,ordinary_notice_or_conversation_possible,a_not_risky_request_visible,202,2,development_readout,C,0.08486510118600323,0
review-ab5082605dd6822e,msg-caea04347391d8ade4f5,smishing,risky_request_visible,a_risky_request_visible,202,2,development_readout,C,0.6514806050517578,1
review-acfda6dedbd0ac44,msg-7a9e8cba7f71a7789866,normal,ordinary_notice_or_conversation_possible,a_not_risky_request_visible,202,0,development_readout,C,0.18501390943105475,0
review-ad512146de7da940,msg-c26a0b124b37127b90ce,smishing,risky_request_visible,a_risky_request_visible,202,2,development_readout,C,0.6833813405524581,1
review-add578e780e46b65,msg-219e4e28472310285851,normal,promotion_without_clear_scam_request,a_not_risky_request_visible,202,2,development_readout,C,0.16798964077156842,0
review-aefdc599d52d1968,msg-ce6e8882987410ea9dcb,normal,risky_request_visible,a_risky_request_visible,202,1,development_readout,C,0.1817862124460944,0
review-b0d0b31ce42bff6d,msg-80bd77dde6b57d4aa6b9,smishing,risky_request_visible,a_risky_request_visible,202,2,development_readout,C,0.21554331291170226,0
review-b1951ff1f4366cb0,msg-cced4520ab46379e15a2,normal,ordinary_notice_or_conversation_possible,a_not_risky_request_visible,202,0,development_readout,C,0.07020622513587572,0
review-b31a9429969a49d0,msg-462e7df5be571e9dec5d,normal,ordinary_notice_or_conversation_possible,a_not_risky_request_visible,202,0,development_readout,C,0.1937050960508999,0
review-b354a4224eb298ed,msg-03c2102e41eb110e0262,smishing,risky_request_visible,a_risky_request_visible,202,0,development_readout,C,0.8047253081266542,1
review-b4838689e702ca9d,msg-fd7536693be17ff11e66,normal,ordinary_notice_or_conversation_possible,a_not_risky_request_visible,202,1,development_readout,C,0.1101105738504103,0
review-b495dcabfdc9e6bb,msg-c3e7d7b05d5a88764703,smishing,risky_request_visible,a_risky_request_visible,202,2,development_readout,C,0.17192062140793374,0
review-b4a140a400dd0bd4,msg-8d50f5b84f82748b30f4,smishing,risky_request_visible,a_risky_request_visible,202,0,development_readout,C,0.7266989530644984,1
review-b716d55654e9e174,msg-eac3f80ef98d49d5018b,normal,ordinary_notice_or_conversation_possible,a_not_risky_request_visible,202,0,development_readout,C,0.06712494699451745,0
review-b7a4aa1c4b4f5a68,msg-ea43ef2af5abd7033448,normal,insufficient_context,a_not_risky_request_visible,202,0,development_readout,C,0.23012879509196424,0
review-b853cb37dc6b6e11,msg-51ae98811a8fd7ee3107,normal,ordinary_notice_or_conversation_possible,a_not_risky_request_visible,202,2,development_readout,C,0.12835418010037522,0
review-bb9c36d01d5155e0,msg-5af06b6771a844fe1037,smishing,risky_request_visible,a_risky_request_visible,202,2,development_readout,C,0.7237649499904495,1
review-bbb9c61301495984,msg-d3591b5cc40dae36f63d,smishing,risky_request_visible,a_risky_request_visible,202,2,development_readout,C,0.7612301255700976,1
review-bc64860bdda53d26,msg-fe8267c63ab4ef9ceaa5,normal,ordinary_notice_or_conversation_possible,a_not_risky_request_visible,202,0,development_readout,C,0.06295900438071735,0
review-bc694d6c09671509,msg-70dcd4b0f26f61bdf407,normal,ordinary_notice_or_conversation_possible,a_not_risky_request_visible,202,0,development_readout,C,0.10916972616553164,0
review-bef01b9f140416fa,msg-538e9bd6dde7a1aba023,normal,promotion_without_clear_scam_request,a_not_risky_request_visible,202,2,development_readout,C,0.22084138905830827,0
review-bf5fe000a4a8d9d5,msg-bcaba0c0cd46c0149e2b,smishing,risky_request_visible,a_risky_request_visible,202,2,development_readout,C,0.3176357007329022,0
review-bfec2c5d687b5e5a,msg-171c4288e43e466f5427,normal,ordinary_notice_or_conversation_possible,a_not_risky_request_visible,202,2,development_readout,C,0.3284339998190115,0
review-c1f9d74965cc6d56,msg-9f008694d2e9f838eeaa,smishing,risky_request_visible,a_risky_request_visible,202,1,development_readout,C,0.715427606147858,1
review-c279584d5ab81989,msg-ac699df7f9a7b4400d68,smishing,risky_request_visible,a_risky_request_visible,202,2,development_readout,C,0.7524437457557471,1
review-c2b11fa0a2c3336f,msg-18146f4aa7a10243efff,normal,ordinary_notice_or_conversation_possible,a_not_risky_request_visible,202,2,development_readout,C,0.14039921113810627,0
review-c386fdd922078a37,msg-c21e147ebc288236d642,normal,ordinary_notice_or_conversation_possible,a_not_risky_request_visible,202,2,development_readout,C,0.17466663344906957,0
review-c58fb60504f6d9d8,msg-fb1d46a056dbeb985081,smishing,risky_request_visible,a_risky_request_visible,202,0,development_readout,C,0.5196023239383806,1
review-c7e00bcebb9cbe94,msg-3eff4af4ff261cda8b13,normal,ordinary_notice_or_conversation_possible,a_not_risky_request_visible,202,1,development_readout,C,0.29165168175576645,0
review-c7f76b1e1d80f49a,msg-47c423de9b8595f121a9,smishing,risky_request_visible,a_risky_request_visible,202,2,development_readout,C,0.26683209420994436,0
review-c882bcd351e72aee,msg-30a50896aabbd5f717a5,smishing,risky_request_visible,a_risky_request_visible,202,1,development_readout,C,0.9489639591075586,1
review-c964452f27eede18,msg-8cc13371612bd1cf432c,smishing,insufficient_context,a_not_risky_request_visible,202,1,development_readout,C,0.2981548399395968,0
review-c9bef77585bdd4e8,msg-2dbc56f9e20b89a67a13,smishing,risky_request_visible,a_risky_request_visible,202,0,development_readout,C,0.5209167657164683,1
review-c9d8f2fd31ea0b7f,msg-4d670f74ef64914e9b0e,normal,promotion_without_clear_scam_request,a_not_risky_request_visible,202,2,development_readout,C,0.17717678655414132,0
review-c9eb20ef749cdb80,msg-96057ba4137a67242859,normal,promotion_without_clear_scam_request,a_not_risky_request_visible,202,0,development_readout,C,0.16217890389129688,0
review-ca722d1baa37caa6,msg-640a5ef11bb22eeb3dbc,smishing,risky_request_visible,a_risky_request_visible,202,2,development_readout,C,0.9418263283323781,1
review-cb32573abbb83f9f,msg-26e314f88d0d3eaafbd6,smishing,risky_request_visible,a_risky_request_visible,202,2,development_readout,C,0.9453526844062464,1
review-cbbc72e510f286e3,msg-cb107b27366c1e7283c6,smishing,risky_request_visible,a_risky_request_visible,202,0,development_readout,C,0.9400592766957832,1
review-cd10401423c3d046,msg-90e4dfdb43017952dbb4,normal,ordinary_notice_or_conversation_possible,a_not_risky_request_visible,202,0,development_readout,C,0.10167663417559494,0
review-ce1c5319370b9470,msg-ae8747db917382e06db2,smishing,risky_request_visible,a_risky_request_visible,202,2,development_readout,C,0.3492511263934092,0
review-cf59c2e5933f9fa2,msg-43d155d969d978189fb2,smishing,risky_request_visible,a_risky_request_visible,202,2,development_readout,C,0.8022306402197401,1
review-cf827f0ca2b4b9a5,msg-4e0bd498f47b89599ea6,smishing,risky_request_visible,a_risky_request_visible,202,2,development_readout,C,0.36193840998979987,0
review-cfc0b12d1183e034,msg-a382e8e19124dfbd1cd5,normal,ordinary_notice_or_conversation_possible,a_not_risky_request_visible,202,1,development_readout,C,0.30811176666662266,0
review-cfc80bc1541032df,msg-a1d665898cb5cf4eee06,smishing,risky_request_visible,a_risky_request_visible,202,1,development_readout,C,0.9482442379258648,1
review-d1df54b7c0853995,msg-a19d969edbd3e4c563b7,normal,promotion_without_clear_scam_request,a_not_risky_request_visible,202,2,development_readout,C,0.10498265013878294,0
review-d23755346e397e0d,msg-215f563424e984687bea,normal,ordinary_notice_or_conversation_possible,a_not_risky_request_visible,202,0,development_readout,C,0.10226327390121565,0
review-d27b1f741c6ce442,msg-d3e25a130f49e24fec59,normal,ordinary_notice_or_conversation_possible,a_not_risky_request_visible,202,0,development_readout,C,0.10357544061506806,0
review-d299ebb8c45a2f94,msg-0b586f5fca364bbc8c8d,smishing,insufficient_context,a_not_risky_request_visible,202,0,development_readout,C,0.1290498841204577,0
review-d3b4daac66058960,msg-2819ed8636ecdee04bb3,normal,promotion_without_clear_scam_request,a_not_risky_request_visible,202,0,development_readout,C,0.1740396158712938,0
review-d51a67f2e9911b52,msg-9412881b9906d37a2304,normal,ordinary_notice_or_conversation_possible,a_not_risky_request_visible,202,2,development_readout,C,0.08685233612857368,0
review-d5b560692f11bda9,msg-20cb262bf7645dfe36d5,normal,ordinary_notice_or_conversation_possible,a_not_risky_request_visible,202,2,development_readout,C,0.09311822149614322,0
review-d6877eb437269499,msg-d6441157b1184c30f6c0,normal,ordinary_notice_or_conversation_possible,a_not_risky_request_visible,202,0,development_readout,C,0.15391635337926604,0
review-da5d8fa9864e211c,msg-65f4a5c0b197a96bdac3,normal,ordinary_notice_or_conversation_possible,a_not_risky_request_visible,202,2,development_readout,C,0.08199866015801748,0
review-db2e98df10b7ea70,msg-c3a7447e038aacfc0b56,normal,ordinary_notice_or_conversation_possible,a_not_risky_request_visible,202,1,development_readout,C,0.16853364546533284,0
review-dcfd0dc2773c1fc2,msg-efd9fc3fa5aed3568aff,smishing,risky_request_visible,a_risky_request_visible,202,2,development_readout,C,0.8295443087779913,1
review-dd1fb20a78a6cb60,msg-0c3c82dfb168fc722263,normal,ordinary_notice_or_conversation_possible,a_not_risky_request_visible,202,2,development_readout,C,0.11418347614152832,0
review-dd797ac5b4317bd3,msg-be92dc94342f95bbcf5d,smishing,risky_request_visible,a_risky_request_visible,202,1,development_readout,C,0.8912878160017033,1
review-dd9532439f290332,msg-d03214baadc38bd1336c,normal,ordinary_notice_or_conversation_possible,a_not_risky_request_visible,202,2,development_readout,C,0.13098280816036767,0
review-de8af5907865c3e9,msg-8d5b64a36fbb3eb71e78,smishing,risky_request_visible,a_risky_request_visible,202,0,development_readout,C,0.47380259332009483,1
review-e058b93119484125,msg-64eeb1b2fa95ac8fb479,smishing,risky_request_visible,a_risky_request_visible,202,2,development_readout,C,0.8923701523271218,1
review-e0a264aecc7ee1b0,msg-b08b74714736c2364217,normal,ordinary_notice_or_conversation_possible,a_not_risky_request_visible,202,2,development_readout,C,0.4122737643182007,0
review-e0ac9753946feca9,msg-1cbe6cc1748e7262b5ab,smishing,risky_request_visible,a_risky_request_visible,202,0,development_readout,C,0.5887707701057951,1
review-e432c718725ac7ae,msg-b372318bcb95d9f5bf57,normal,ordinary_notice_or_conversation_possible,a_not_risky_request_visible,202,1,development_readout,C,0.2076593999016785,0
review-e4dca6a839df1435,msg-d7dccf71e0387df73450,normal,ordinary_notice_or_conversation_possible,a_not_risky_request_visible,202,2,development_readout,C,0.17627822437592683,0
review-e511d7b76f480bc7,msg-c12f37d2560f5acf8fc5,smishing,risky_request_visible,a_risky_request_visible,202,2,development_readout,C,0.9444516950995225,1
review-e597199623b7b146,msg-35ad6d03750726a74248,normal,ordinary_notice_or_conversation_possible,a_not_risky_request_visible,202,0,development_readout,C,0.22104344966895942,0
review-e5c8c789729e554c,msg-d028b9185e67164eda89,normal,ordinary_notice_or_conversation_possible,a_not_risky_request_visible,202,2,development_readout,C,0.14092604099998737,0
review-ea8461ed56afeacc,msg-ad517b34fab57cf3b438,normal,ordinary_notice_or_conversation_possible,a_not_risky_request_visible,202,1,development_readout,C,0.12451609465245517,0
review-ecc7155e591dec16,msg-7b45fdda561c81cabe19,smishing,risky_request_visible,a_risky_request_visible,202,2,development_readout,C,0.6665538861275738,1
review-ed0223c36d93b8cb,msg-cfa0236fa8a0f40916bd,normal,promotion_without_clear_scam_request,a_not_risky_request_visible,202,2,development_readout,C,0.37380507958276554,0
review-ed79a40573a23e85,msg-6f4d5cc6a56a922f2113,normal,promotion_without_clear_scam_request,a_not_risky_request_visible,202,0,development_readout,C,0.2837349679609466,0
review-edccbb4371a90711,msg-bb52082aaa2a867204a8,smishing,risky_request_visible,a_risky_request_visible,202,1,development_readout,C,0.9003757600160003,1
review-eef1587711f81f11,msg-2bf3512c4b917049d8d1,normal,ordinary_notice_or_conversation_possible,a_not_risky_request_visible,202,1,development_readout,C,0.07797213269181351,0
review-f0f2fce9301b3378,msg-e7a80c477afb0cccfac0,normal,ordinary_notice_or_conversation_possible,a_not_risky_request_visible,202,1,development_readout,C,0.08911843385293326,0
review-f160feeb48ff21ee,msg-441e65241cda094c5e2a,smishing,risky_request_visible,a_risky_request_visible,202,1,development_readout,C,0.5477781381663577,1
review-f296f965b5850c48,msg-fbcc5b098e1b1d189d50,normal,promotion_without_clear_scam_request,a_not_risky_request_visible,202,2,development_readout,C,0.11928312316460327,0
review-f44ca51cbbeda00a,msg-b16b1f045aab2ea4a56f,smishing,risky_request_visible,a_risky_request_visible,202,1,development_readout,C,0.9263977039856479,1
review-f50f53a543208b94,msg-8c649a088b7f6eb07a65,smishing,risky_request_visible,a_risky_request_visible,202,2,development_readout,C,0.2725483212951864,0
review-f69dbdcfebf56998,msg-6dd3cea31f51bc6f063d,smishing,risky_request_visible,a_risky_request_visible,202,1,development_readout,C,0.7211883236771689,1
review-f6f3c364cb66f280,msg-67f89394e1696666880c,normal,ordinary_notice_or_conversation_possible,a_not_risky_request_visible,202,1,development_readout,C,0.12923948648667963,0
review-f7a215d9e903b41d,msg-910004461353a81fdfb7,smishing,promotion_without_clear_scam_request,a_not_risky_request_visible,202,2,development_readout,C,0.6728871364253646,1
review-f7fbd3ab7a66e194,msg-8884dfa40bd5b5ff02f7,normal,promotion_without_clear_scam_request,a_not_risky_request_visible,202,0,development_readout,C,0.21835844546251207,0
review-f8f57cab36b5e4f9,msg-0b0747a39cdb82046f16,normal,ordinary_notice_or_conversation_possible,a_not_risky_request_visible,202,1,development_readout,C,0.19021195194288704,0
review-f9733f5a3ed15ba1,msg-c545ce4cd13f2f30e4db,smishing,risky_request_visible,a_risky_request_visible,202,1,development_readout,C,0.9587518020197706,1
review-f9bfaa738fc7db78,msg-22666adef1260ae5f9a4,normal,ordinary_notice_or_conversation_possible,a_not_risky_request_visible,202,1,development_readout,C,0.1858055520089791,0
review-f9d950de655d05cd,msg-5ef02907cd1045cb54a8,smishing,risky_request_visible,a_risky_request_visible,202,1,development_readout,C,0.3552935169585148,0
review-fb2667a6a62b9c38,msg-c2539bcbb168ad9fac37,normal,ordinary_notice_or_conversation_possible,a_not_risky_request_visible,202,1,development_readout,C,0.10083505477568089,0
review-fbd669140c0c37bb,msg-299b1f56db41d7b2e7c2,normal,ordinary_notice_or_conversation_possible,a_not_risky_request_visible,202,1,development_readout,C,0.20626302772269162,0
review-fcb737070b879e4f,msg-63be477f140adc17e396,normal,ordinary_notice_or_conversation_possible,a_not_risky_request_visible,202,1,development_readout,C,0.13858073742841315,0
review-fcba197835dbe421,msg-c9a0f816a24bd3e21470,smishing,risky_request_visible,a_risky_request_visible,202,2,development_readout,C,0.4260792915831687,0
review-fd55ea1d04c7fc3b,msg-44deb8ec94adc01da101,normal,promotion_without_clear_scam_request,a_not_risky_request_visible,202,0,development_readout,C,0.04580091017109465,0
review-fdc12fa3cc3d98a8,msg-37fd1ef16190049166d2,smishing,risky_request_visible,a_risky_request_visible,202,0,development_readout,C,0.9371597868357421,1
review-fef8e7e55d89aaf1,msg-f0265af2067049f392b6,smishing,risky_request_visible,a_risky_request_visible,202,1,development_readout,C,0.7569183383822565,1
review-ff1ff6c1bdbeaee2,msg-35a30cfabb7c40cc1912,normal,ordinary_notice_or_conversation_possible,a_not_risky_request_visible,202,0,development_readout,C,0.12472621837156726,0
review-ff57873bcca80e84,msg-0d5b420dd958137f34fc,smishing,insufficient_context,a_not_risky_request_visible,202,2,development_readout,C,0.7840804346301304,1
review-ff7824303811b880,msg-3a8d13b5b7957521ed9d,smishing,risky_request_visible,a_risky_request_visible,202,1,development_readout,C,0.7382833970277871,1
review-0056707322867f9e,msg-bfebdfbc523c88d22afe,normal,ordinary_notice_or_conversation_possible,a_not_risky_request_visible,202,1,threshold_calibration,C,0.052635960872842585,0
review-01692c85b4c6e394,msg-86b2b582f59b8ef3cb9d,normal,ordinary_notice_or_conversation_possible,a_not_risky_request_visible,202,0,threshold_calibration,C,0.18922668067652676,0
review-031c270e33784faf,msg-7b77eedddff4504d9db0,smishing,risky_request_visible,a_risky_request_visible,202,2,threshold_calibration,C,0.4928990197149352,1
review-0364c25d14e8bb7d,msg-ba7ace3a75e45b91726c,smishing,risky_request_visible,a_risky_request_visible,202,2,threshold_calibration,C,0.9396068134944494,1
review-0651a6827875d503,msg-6dcdcd189e5593455a49,smishing,risky_request_visible,a_risky_request_visible,202,2,threshold_calibration,C,0.9415548987917055,1
review-06745995f913ed5c,msg-fb9fed8f5353c19f4482,normal,ordinary_notice_or_conversation_possible,a_not_risky_request_visible,202,1,threshold_calibration,C,0.1334114303471976,0
review-06e6ec96dd763a34,msg-3be783148c7ea591a6af,normal,promotion_without_clear_scam_request,a_not_risky_request_visible,202,2,threshold_calibration,C,0.14081146106848444,0
review-075ea585da5cae15,msg-7013d5e6af2e769f406d,smishing,risky_request_visible,a_risky_request_visible,202,2,threshold_calibration,C,0.9387342057750436,1
review-07c0fb876beabf4b,msg-cdcf2dfc7474190999c3,smishing,promotion_without_clear_scam_request,a_not_risky_request_visible,202,1,threshold_calibration,C,0.5567203234101247,1
review-0822c98e66707747,msg-29c545e52c9813e635fa,normal,promotion_without_clear_scam_request,a_not_risky_request_visible,202,1,threshold_calibration,C,0.14542306941892996,0
review-09dc7d3fa6246119,msg-82c1c5902ccf0f6cb441,normal,ordinary_notice_or_conversation_possible,a_not_risky_request_visible,202,0,threshold_calibration,C,0.1631147761715049,0
review-09f9fd98d92b31c5,msg-cbb14d3ea8b4c356543b,smishing,risky_request_visible,a_risky_request_visible,202,2,threshold_calibration,C,0.41896263269535694,0
review-0bc7f01b43b4a4f4,msg-4d26af1bd51a813c0839,normal,promotion_without_clear_scam_request,a_not_risky_request_visible,202,1,threshold_calibration,C,0.16067263290055167,0
review-0cf62fd6142f6cb4,msg-2c0ffb2240bce4f0412b,smishing,risky_request_visible,a_risky_request_visible,202,0,threshold_calibration,C,0.8291913331529227,1
review-0d9dd805ae2674a4,msg-f65015ec6d6ca9ef912c,smishing,risky_request_visible,a_risky_request_visible,202,2,threshold_calibration,C,0.7168281442196937,1
review-0e3787ec2948234d,msg-f90fed3e0ba73a7afd40,smishing,risky_request_visible,a_risky_request_visible,202,0,threshold_calibration,C,0.9569856115299992,1
review-0f7f12381c38278e,msg-001d594cae67fd50f532,normal,promotion_without_clear_scam_request,a_not_risky_request_visible,202,0,threshold_calibration,C,0.14324695156928074,0
review-105735240253acfe,msg-882fdf4a57682ebb0be2,smishing,risky_request_visible,a_risky_request_visible,202,2,threshold_calibration,C,0.6549578052911624,1
review-10dcb33dda6d5472,msg-1de8402778c0caa023de,smishing,risky_request_visible,a_risky_request_visible,202,2,threshold_calibration,C,0.9412363108388933,1
review-10e329e8873017e2,msg-4d92830c608f0547ddb4,smishing,risky_request_visible,a_risky_request_visible,202,1,threshold_calibration,C,0.7668231356493614,1
review-127bc1671c3021e3,msg-b3d3b6b29fae9b4cd139,smishing,risky_request_visible,a_risky_request_visible,202,0,threshold_calibration,C,0.3523023026857156,0
review-131ed5d9023fe8e1,msg-879b8233c4a44252fb2e,normal,promotion_without_clear_scam_request,a_not_risky_request_visible,202,1,threshold_calibration,C,0.1850187613033661,0
review-137a8d7cde64d50f,msg-b66553208ce35fd6531e,normal,ordinary_notice_or_conversation_possible,a_not_risky_request_visible,202,1,threshold_calibration,C,0.13202046560600744,0
review-13ce66de75a8d3fc,msg-8827961dbffea331a040,smishing,risky_request_visible,a_risky_request_visible,202,0,threshold_calibration,C,0.9571330230413589,1
review-143e404949a72860,msg-9ab97598b92cc2549f26,smishing,risky_request_visible,a_risky_request_visible,202,0,threshold_calibration,C,0.9468941617954298,1
review-1502532d7fb02e2b,msg-51961afc9b6d2bb950c4,smishing,risky_request_visible,a_risky_request_visible,202,0,threshold_calibration,C,0.5075088852095798,1
review-1538fa93f259c264,msg-1d4f07b23c605c358a53,normal,ordinary_notice_or_conversation_possible,a_not_risky_request_visible,202,2,threshold_calibration,C,0.18377353694548146,0
review-15f5cb8ca60e63e7,msg-93f6493043538f04abba,smishing,risky_request_visible,a_risky_request_visible,202,2,threshold_calibration,C,0.6864815608344339,1
review-170c904128c3b75d,msg-44ffbd69abef95d6b971,smishing,risky_request_visible,a_risky_request_visible,202,2,threshold_calibration,C,0.7198307437742445,1
review-19cc4ce8b1dbe415,msg-e9e131d9372380a167cf,smishing,risky_request_visible,a_risky_request_visible,202,0,threshold_calibration,C,0.12717082276747627,0
review-1b29308cb4906d02,msg-7894af8fe183ef59232f,smishing,risky_request_visible,a_risky_request_visible,202,0,threshold_calibration,C,0.9181301830343459,1
review-1e450b71c02e190a,msg-fde8fe5d8c4f6fbf52c2,smishing,risky_request_visible,a_risky_request_visible,202,1,threshold_calibration,C,0.6123742685534049,1
review-1e479c4a302f356c,msg-1306cfdbb1eb6413c2f3,smishing,risky_request_visible,a_risky_request_visible,202,1,threshold_calibration,C,0.15987799670857228,0
review-1f07a8c7cd26df2c,msg-cada766d88b515618679,normal,insufficient_context,a_not_risky_request_visible,202,0,threshold_calibration,C,0.1267820730363869,0
review-2015b61fb97f2965,msg-3649a91b276a45d342c6,normal,ordinary_notice_or_conversation_possible,a_not_risky_request_visible,202,1,threshold_calibration,C,0.17445613630226398,0
review-223ad249b0ed1b08,msg-dbf89313b9ea1ac5b6d3,normal,ordinary_notice_or_conversation_possible,a_not_risky_request_visible,202,1,threshold_calibration,C,0.09661849927982084,0
review-22f7bb9e3da427de,msg-6f925e06a88f8d1cfd58,smishing,risky_request_visible,a_risky_request_visible,202,1,threshold_calibration,C,0.4251805924421017,1
review-260a39866b3feb51,msg-81198fc0b9b05d10f4d1,normal,ordinary_notice_or_conversation_possible,a_not_risky_request_visible,202,2,threshold_calibration,C,0.0999179805244354,0
review-266fac2cf4f9a2fe,msg-358dbfc77504383312c3,smishing,risky_request_visible,a_risky_request_visible,202,1,threshold_calibration,C,0.8811317603261307,1
review-270f57eba07d36f4,msg-aa1ffdd49e000415678a,smishing,risky_request_visible,a_risky_request_visible,202,2,threshold_calibration,C,0.7376966316442413,1
review-2769abe8fc6ffd87,msg-45d3204953ffb0ec89ee,normal,ordinary_notice_or_conversation_possible,a_not_risky_request_visible,202,0,threshold_calibration,C,0.169359575329217,0
review-27c93b924b9803a0,msg-18949d0a510e2e71cd5c,smishing,risky_request_visible,a_risky_request_visible,202,1,threshold_calibration,C,0.8272442978215275,1
review-2b3f3a2d3b9504b2,msg-a9571e0d77539178ffc3,normal,ordinary_notice_or_conversation_possible,a_not_risky_request_visible,202,1,threshold_calibration,C,0.36143060493773116,0
review-2b5a69423072c0ba,msg-258cc86a999cd351f9ca,normal,insufficient_context,a_not_risky_request_visible,202,2,threshold_calibration,C,0.07659412413869164,0
review-2f31bd2c29ca07dd,msg-4301d7c49f5367242765,normal,ordinary_notice_or_conversation_possible,a_not_risky_request_visible,202,2,threshold_calibration,C,0.08549137241421931,0
review-30d20e067658db39,msg-915558b1d57081861e23,normal,insufficient_context,a_not_risky_request_visible,202,1,threshold_calibration,C,0.16738084434054948,0
review-326317e54a445bed,msg-df3f29c9891147e7f846,smishing,risky_request_visible,a_risky_request_visible,202,2,threshold_calibration,C,0.9441758471170832,1
review-3398cc98a1b87648,msg-e33a5ed03522052013db,smishing,risky_request_visible,a_risky_request_visible,202,0,threshold_calibration,C,0.7862639461396761,1
review-344682f2618ba8f9,msg-e5b4405ee48a541eecc0,normal,promotion_without_clear_scam_request,a_not_risky_request_visible,202,0,threshold_calibration,C,0.23149573077050634,0
review-34c4c16cb5ea9aaf,msg-62610653bf85e35feeff,smishing,risky_request_visible,a_risky_request_visible,202,2,threshold_calibration,C,0.9290143829355729,1
review-36c6682493394c5a,msg-d54e4685cdd8f9aa710a,smishing,risky_request_visible,a_risky_request_visible,202,0,threshold_calibration,C,0.7525275337723293,1
review-370202b258208735,msg-fc0286653fb100798da2,smishing,risky_request_visible,a_risky_request_visible,202,2,threshold_calibration,C,0.45507728036224043,1
review-37141dd75c3875fc,msg-372c6f62456bfbc0a7d9,normal,ordinary_notice_or_conversation_possible,a_not_risky_request_visible,202,2,threshold_calibration,C,0.09917378333710747,0
review-3735a715aa425485,msg-5cbba54c59da325a454c,normal,ordinary_notice_or_conversation_possible,a_not_risky_request_visible,202,0,threshold_calibration,C,0.30094542825790993,0
review-377101d740e3c93a,msg-f91f88e17b85bd740a41,smishing,risky_request_visible,a_risky_request_visible,202,2,threshold_calibration,C,0.711668477949159,1
review-37a24da8c91a2014,msg-814c1d043296b3a3b379,smishing,risky_request_visible,a_risky_request_visible,202,2,threshold_calibration,C,0.7153323850073289,1
review-37bb8af10a6775e3,msg-c1aa2ee82e014406c58e,smishing,insufficient_context,a_not_risky_request_visible,202,0,threshold_calibration,C,0.5812652999402356,1
review-37c64855b20334c3,msg-000be99f5f9d9c3967c4,normal,insufficient_context,a_not_risky_request_visible,202,2,threshold_calibration,C,0.09713035536918993,0
review-383246308e1d9552,msg-2536b5c581cb3fe10fe2,normal,risky_request_visible,a_risky_request_visible,202,0,threshold_calibration,C,0.1196743249799814,0
review-39e0fa05577bfbae,msg-551d213c037c9c6eab04,smishing,risky_request_visible,a_risky_request_visible,202,1,threshold_calibration,C,0.9565733540334233,1
review-3a343dbd60efe3c5,msg-e91ad896bc07a339c9ae,normal,promotion_without_clear_scam_request,a_not_risky_request_visible,202,1,threshold_calibration,C,0.10697513492874068,0
review-3a3a0c9003eb78d2,msg-9b70e92fb8b03ad7c610,normal,ordinary_notice_or_conversation_possible,a_not_risky_request_visible,202,2,threshold_calibration,C,0.2506560292236035,0
review-3abe5c96847ee3b9,msg-e7c4d2ebb04e62e880b5,normal,ordinary_notice_or_conversation_possible,a_not_risky_request_visible,202,0,threshold_calibration,C,0.16343353243920408,0
review-3b5e9306ce7f16f6,msg-75d22609d1f4fae1c474,normal,ordinary_notice_or_conversation_possible,a_not_risky_request_visible,202,0,threshold_calibration,C,0.13069813281856119,0
review-3ec3c8e07bb7e369,msg-f5bfb9971a76c287fdd5,normal,promotion_without_clear_scam_request,a_not_risky_request_visible,202,0,threshold_calibration,C,0.192677267291485,0
review-3f1aad6856711dea,msg-d3a618b40117b1875806,normal,ordinary_notice_or_conversation_possible,a_not_risky_request_visible,202,2,threshold_calibration,C,0.07698841270001786,0
review-40eb85d72dbb3fa3,msg-4273962397b78faae1de,smishing,risky_request_visible,a_risky_request_visible,202,2,threshold_calibration,C,0.9098350021060098,1
review-417d1a94491a5069,msg-a24654d3ad544c08124e,normal,promotion_without_clear_scam_request,a_not_risky_request_visible,202,1,threshold_calibration,C,0.0899201136866074,0
review-419f917f2243e05b,msg-f80f31e80e69da69dd6c,normal,promotion_without_clear_scam_request,a_not_risky_request_visible,202,1,threshold_calibration,C,0.104202890124701,0
review-41ec06c9fc578cef,msg-631fc966e6d1a8ec4785,smishing,risky_request_visible,a_risky_request_visible,202,1,threshold_calibration,C,0.9537421567335748,1
review-4532712bae1263a4,msg-f2d213d6e51419f0c0c3,smishing,risky_request_visible,a_risky_request_visible,202,2,threshold_calibration,C,0.9235666690091285,1
review-49230d04e233f44b,msg-88466b364e697e810f29,normal,promotion_without_clear_scam_request,a_not_risky_request_visible,202,0,threshold_calibration,C,0.23181739775657037,0
review-49a272d982158787,msg-15e2ac02e0ac09e5383b,smishing,risky_request_visible,a_risky_request_visible,202,2,threshold_calibration,C,0.6007979276187723,1
review-4a4a9ac934622b9e,msg-77e7ed6fee4ff6e6b3c0,normal,ordinary_notice_or_conversation_possible,a_not_risky_request_visible,202,0,threshold_calibration,C,0.5595558676134884,1
review-4a5f226471e5edaf,msg-92eab3c091583e1be9b2,smishing,risky_request_visible,a_risky_request_visible,202,1,threshold_calibration,C,0.8596804067764767,1
review-4aad735ff43af908,msg-d1f2ce6a48cfd3ddc352,smishing,ordinary_notice_or_conversation_possible,a_not_risky_request_visible,202,0,threshold_calibration,C,0.09970861218011207,0
review-4b0f3b3c6f3029e0,msg-095a369060c7ff33c341,smishing,risky_request_visible,a_risky_request_visible,202,2,threshold_calibration,C,0.9074677665468551,1
review-4bb32c9d9587eb5b,msg-32a5ea1e4acbac97b230,smishing,risky_request_visible,a_risky_request_visible,202,0,threshold_calibration,C,0.5863124827042481,1
review-4bc7fe6f6685e5b0,msg-6a306e2d77b134423cff,smishing,risky_request_visible,a_risky_request_visible,202,1,threshold_calibration,C,0.37283617255485463,1
review-4be490099efed608,msg-1ba73bfe47e950778408,smishing,risky_request_visible,a_risky_request_visible,202,1,threshold_calibration,C,0.8282596791589781,1
review-4c1327797f738c0f,msg-c623d83809d140a75f70,normal,ordinary_notice_or_conversation_possible,a_not_risky_request_visible,202,0,threshold_calibration,C,0.29193514146144206,0
review-4c45e2acc43cd09c,msg-240d23c05338edc37d89,smishing,risky_request_visible,a_risky_request_visible,202,2,threshold_calibration,C,0.936329784463062,1
review-4c7f2895cbdfff17,msg-b6d879d72eac72ef59ac,smishing,risky_request_visible,a_risky_request_visible,202,2,threshold_calibration,C,0.7545804895449746,1
review-4cbabc8906c81322,msg-0ed0bfb82462e09cd15a,smishing,risky_request_visible,a_risky_request_visible,202,2,threshold_calibration,C,0.9054020606011689,1
review-4dee15ae26647c57,msg-12bf543cc6f8c5b10b0a,normal,ordinary_notice_or_conversation_possible,a_not_risky_request_visible,202,1,threshold_calibration,C,0.16557262906659245,0
review-50c65fd60929a11c,msg-76755bc4cf7a9223f1f5,smishing,risky_request_visible,a_risky_request_visible,202,2,threshold_calibration,C,0.5959723135992139,1
review-5155bcd98221f6df,msg-260f9a35da3e12d1699f,normal,ordinary_notice_or_conversation_possible,a_not_risky_request_visible,202,2,threshold_calibration,C,0.15107130745411762,0
review-53c35a92e8d9dc2a,msg-d521b3868f2aa0b03976,normal,ordinary_notice_or_conversation_possible,a_not_risky_request_visible,202,2,threshold_calibration,C,0.30674877460596167,0
review-53cc92ecebb430c9,msg-e602e76abd3350bfd137,normal,ordinary_notice_or_conversation_possible,a_not_risky_request_visible,202,0,threshold_calibration,C,0.1539765688447556,0
review-543aeb75302230e1,msg-7e2ff44dc281462ddd2c,normal,ordinary_notice_or_conversation_possible,a_not_risky_request_visible,202,2,threshold_calibration,C,0.10229301195648427,0
review-545d35ba143011e5,msg-fe80fc54d234587af050,normal,ordinary_notice_or_conversation_possible,a_not_risky_request_visible,202,1,threshold_calibration,C,0.09485179981336003,0
review-54a4b61c2ddb946a,msg-d867888f40ccdc430a1d,normal,promotion_without_clear_scam_request,a_not_risky_request_visible,202,0,threshold_calibration,C,0.09239239333920604,0
review-55155ad766375eb6,msg-2512e3e666de174caf80,normal,promotion_without_clear_scam_request,a_not_risky_request_visible,202,0,threshold_calibration,C,0.26561893885086535,0
review-5582aae305ae4193,msg-50997c3a965c36ff8cbc,normal,promotion_without_clear_scam_request,a_not_risky_request_visible,202,1,threshold_calibration,C,0.15973169642991858,0
review-55839cdd8c1c65c6,msg-7bc3eb6f8e2897ba9d73,normal,promotion_without_clear_scam_request,a_not_risky_request_visible,202,0,threshold_calibration,C,0.10720626594673587,0
review-563b94c3e75e8c6d,msg-3943c098759d93b5d20b,smishing,risky_request_visible,a_risky_request_visible,202,0,threshold_calibration,C,0.33838224009282336,0
review-56f61182338ec612,msg-791874081029523d4d1d,smishing,risky_request_visible,a_risky_request_visible,202,2,threshold_calibration,C,0.5860716933294009,1
review-5784e41a45931326,msg-f2c24a6dc6cb602f2b03,smishing,risky_request_visible,a_risky_request_visible,202,2,threshold_calibration,C,0.36220821036127765,0
review-591262c8bdf0034a,msg-1cfca21a07370919433a,smishing,ordinary_notice_or_conversation_possible,a_not_risky_request_visible,202,1,threshold_calibration,C,0.42138425356351095,1
review-5a49e43857a6f8f0,msg-a4b7e6d3b527691e9a05,smishing,risky_request_visible,a_risky_request_visible,202,1,threshold_calibration,C,0.16345825979496933,0
review-5b8a47398769e7ef,msg-380c22214f611250512c,normal,ordinary_notice_or_conversation_possible,a_not_risky_request_visible,202,2,threshold_calibration,C,0.13186784197034765,0
review-5bd99d54544ce7e3,msg-9517e9c73490ca66a042,normal,promotion_without_clear_scam_request,a_not_risky_request_visible,202,1,threshold_calibration,C,0.3723798330762395,0
review-5c8fb855522635b0,msg-8583f1e4ed2f6a4435f1,normal,ordinary_notice_or_conversation_possible,a_not_risky_request_visible,202,2,threshold_calibration,C,0.16350232919966246,0
review-5d4e3193863f1946,msg-02ba53db573bb7d15551,smishing,risky_request_visible,a_risky_request_visible,202,2,threshold_calibration,C,0.7752375376621284,1
review-5fad6c92922b1924,msg-d7ae6177f242cd43abef,normal,insufficient_context,a_not_risky_request_visible,202,0,threshold_calibration,C,0.17760496252954497,0
review-6236e7e3fd2a54c8,msg-03b2efa63efb18f3f74e,normal,ordinary_notice_or_conversation_possible,a_not_risky_request_visible,202,0,threshold_calibration,C,0.31188907729455445,0
review-6260263e3bc9f334,msg-549f98d3604f2acece98,smishing,risky_request_visible,a_risky_request_visible,202,2,threshold_calibration,C,0.9366459426588823,1
review-63bef8982e454a02,msg-c75749a34e08d00a62cd,smishing,risky_request_visible,a_risky_request_visible,202,2,threshold_calibration,C,0.25186791596633135,0
review-63ea5eac0fdbfe2f,msg-f9613a09341e642b64ae,smishing,risky_request_visible,a_risky_request_visible,202,2,threshold_calibration,C,0.9372197239202137,1
review-65037cf8dfccb4af,msg-4a1016a531744e654831,normal,promotion_without_clear_scam_request,a_not_risky_request_visible,202,2,threshold_calibration,C,0.12957744805602425,0
review-66516cd6e1b084bc,msg-a67739cacf95ee18716c,normal,ordinary_notice_or_conversation_possible,a_not_risky_request_visible,202,0,threshold_calibration,C,0.23833255555950483,0
review-6925d1d5c92f5e6d,msg-44953d9e4eb6da25905d,normal,ordinary_notice_or_conversation_possible,a_not_risky_request_visible,202,0,threshold_calibration,C,0.2079125452250059,0
review-6938cc7e883cfae5,msg-d0b351454bf1078555ca,smishing,risky_request_visible,a_risky_request_visible,202,2,threshold_calibration,C,0.2692715164293172,0
review-6a3da5bb1cbb35c3,msg-c4c6b04cd9f64fdb2a1a,smishing,risky_request_visible,a_risky_request_visible,202,2,threshold_calibration,C,0.5213878626691222,1
review-6b23a95e54455bfe,msg-7e73260daff23015e769,smishing,risky_request_visible,a_risky_request_visible,202,1,threshold_calibration,C,0.6189038562057305,1
review-6b90760350513e04,msg-f20701505d9754bbd32d,normal,ordinary_notice_or_conversation_possible,a_not_risky_request_visible,202,1,threshold_calibration,C,0.45189128689401176,1
review-6c345dd95982d152,msg-6abd20ac3d54a1acb08f,smishing,risky_request_visible,a_risky_request_visible,202,1,threshold_calibration,C,0.7530973039742683,1
review-6c7372dc6724ef49,msg-fd7adb6f5bdba22704bd,normal,ordinary_notice_or_conversation_possible,a_not_risky_request_visible,202,0,threshold_calibration,C,0.11661983109335351,0
review-6d70e00c3a0eb212,msg-78ebe7ba8de3e6f59138,normal,risky_request_visible,a_risky_request_visible,202,0,threshold_calibration,C,0.14460424544790762,0
review-6ee455a4c31c9039,msg-9207c6b7c6c694beab91,normal,promotion_without_clear_scam_request,a_not_risky_request_visible,202,2,threshold_calibration,C,0.15342228561650284,0
review-6f695f49e7ab13e0,msg-8356b29b26dab4a93304,normal,ordinary_notice_or_conversation_possible,a_not_risky_request_visible,202,2,threshold_calibration,C,0.27790667374598854,0
review-71bc6120e1507254,msg-b460f3c8ac1fe936b354,smishing,risky_request_visible,a_risky_request_visible,202,1,threshold_calibration,C,0.7036385190808884,1
review-722fa17d1953465a,msg-b3fb5a0a6aea14d37b31,smishing,risky_request_visible,a_risky_request_visible,202,2,threshold_calibration,C,0.9354991917285499,1
review-755768c5838e2f29,msg-e2997981817c30d525be,smishing,risky_request_visible,a_risky_request_visible,202,1,threshold_calibration,C,0.8408185172506774,1
review-75f8aea8c65c0cb2,msg-944b6913babee30e1aa4,smishing,risky_request_visible,a_risky_request_visible,202,2,threshold_calibration,C,0.9102285244147403,1
review-76f98d8733690feb,msg-34b43fdf59308e46e47d,normal,risky_request_visible,a_risky_request_visible,202,2,threshold_calibration,C,0.1630977297327072,0
review-77b394cbe6e1dc4b,msg-168706cc9aaa2ee44f65,normal,ordinary_notice_or_conversation_possible,a_not_risky_request_visible,202,1,threshold_calibration,C,0.35774489488802524,0
review-787b7c042622aae0,msg-b3943f3bacab6f799477,normal,promotion_without_clear_scam_request,a_not_risky_request_visible,202,2,threshold_calibration,C,0.0935199731230556,0
review-7977c3d1276873c7,msg-68e127127a540d65f679,normal,ordinary_notice_or_conversation_possible,a_not_risky_request_visible,202,0,threshold_calibration,C,0.17770235672794232,0
review-7a761126add20b55,msg-14afe15514eab65aba06,smishing,risky_request_visible,a_risky_request_visible,202,0,threshold_calibration,C,0.9029221334184014,1
review-7aed3e349c71aa1c,msg-93087cebe3aa7340ffc8,smishing,risky_request_visible,a_risky_request_visible,202,1,threshold_calibration,C,0.774544672586857,1
review-7b32c18f837c52f3,msg-906c8805c776e5912484,normal,risky_request_visible,a_risky_request_visible,202,2,threshold_calibration,C,0.1974816013773879,0
review-7b9d338bf5cd4bdc,msg-733b60f36694b02ec836,normal,ordinary_notice_or_conversation_possible,a_not_risky_request_visible,202,2,threshold_calibration,C,0.11258851544826512,0
review-7c0605262829dbc3,msg-c35aa37c11bf43b745cb,smishing,risky_request_visible,a_risky_request_visible,202,2,threshold_calibration,C,0.9402996085615783,1
review-7e4208c3a8d81d5e,msg-51e93ba561b9d389f5a6,normal,ordinary_notice_or_conversation_possible,a_not_risky_request_visible,202,0,threshold_calibration,C,0.2174646598456327,0
review-80c5a8d505a86e25,msg-0d11f1b2d5dd7fb1934a,normal,ordinary_notice_or_conversation_possible,a_not_risky_request_visible,202,1,threshold_calibration,C,0.15052838891675013,0
review-81b1a3bc8dfb1982,msg-4ab82cc3b14da8846e8f,normal,ordinary_notice_or_conversation_possible,a_not_risky_request_visible,202,2,threshold_calibration,C,0.11115821961910138,0
review-833c087c0ab5f903,msg-9fd68b8a09c8f103465e,smishing,insufficient_context,a_not_risky_request_visible,202,1,threshold_calibration,C,0.5012599890312168,1
review-83fb52312abeb4ec,msg-57b110c902b64420f7db,smishing,risky_request_visible,a_risky_request_visible,202,2,threshold_calibration,C,0.7254313631838424,1
review-869ed6a92825209e,msg-ebf36f8049d0506e786b,smishing,risky_request_visible,a_risky_request_visible,202,0,threshold_calibration,C,0.4627079974927691,1
review-87280a48b9739e82,msg-a277748568204738c928,smishing,risky_request_visible,a_risky_request_visible,202,2,threshold_calibration,C,0.5226715798575037,1
review-87fb862754461a9e,msg-0d54c7b740e366837504,normal,promotion_without_clear_scam_request,a_not_risky_request_visible,202,1,threshold_calibration,C,0.06194849891417317,0
review-8815f8f3d2cf8ddd,msg-c411a659d87891c23018,normal,ordinary_notice_or_conversation_possible,a_not_risky_request_visible,202,0,threshold_calibration,C,0.27383035525936417,0
review-8858113ca39c4a08,msg-8e807a0816ba58157c7b,smishing,risky_request_visible,a_risky_request_visible,202,0,threshold_calibration,C,0.8188813844749618,1
review-8a9635c815342586,msg-5b3252b8d919d9dfa5c2,smishing,risky_request_visible,a_risky_request_visible,202,0,threshold_calibration,C,0.9608918765987143,1
review-8a9a3331b5fa55b8,msg-c77a2ab7f5ebcb835ce1,normal,ordinary_notice_or_conversation_possible,a_not_risky_request_visible,202,1,threshold_calibration,C,0.3332597485931029,0
review-8ac3c67723460772,msg-7a0a306167abc3b72d8c,normal,ordinary_notice_or_conversation_possible,a_not_risky_request_visible,202,1,threshold_calibration,C,0.0749511658796886,0
review-8b051b87b72136a4,msg-8a4662fd944d66f460fd,smishing,risky_request_visible,a_risky_request_visible,202,2,threshold_calibration,C,0.42910557328929927,1
review-8c0239752664c9f7,msg-ebc9f34f94af5eeb68f0,smishing,risky_request_visible,a_risky_request_visible,202,0,threshold_calibration,C,0.6774014573541814,1
review-8c9379e6d07693b9,msg-be03c5915bdd7e2e4314,smishing,risky_request_visible,a_risky_request_visible,202,1,threshold_calibration,C,0.16380515944466922,0
review-8e3e294dce3f381b,msg-5d0a2376083daf8a9bde,normal,ordinary_notice_or_conversation_possible,a_not_risky_request_visible,202,0,threshold_calibration,C,0.08403225565954182,0
review-8f6994cbd2075acd,msg-47b3b6a2b2a28bdf7fb9,smishing,risky_request_visible,a_risky_request_visible,202,2,threshold_calibration,C,0.7585605230354401,1
review-8f7e5118fc4a9d93,msg-54a310f893f9630cdab4,smishing,risky_request_visible,a_risky_request_visible,202,2,threshold_calibration,C,0.9233668187380087,1
review-901aa5f6d890357c,msg-74012a11f8d7a0e2cbd2,smishing,risky_request_visible,a_risky_request_visible,202,2,threshold_calibration,C,0.9128751567076482,1
review-904be5b534ca4342,msg-2c7b345bbea477990d91,normal,ordinary_notice_or_conversation_possible,a_not_risky_request_visible,202,0,threshold_calibration,C,0.31364298449202316,0
review-936c9b094a62d464,msg-c8e57aa3882734555677,normal,ordinary_notice_or_conversation_possible,a_not_risky_request_visible,202,2,threshold_calibration,C,0.11513886382611321,0
review-93e39f35ad377da3,msg-64cdca546bafdc9324f0,normal,ordinary_notice_or_conversation_possible,a_not_risky_request_visible,202,0,threshold_calibration,C,0.16109988498149835,0
review-9440c7b20214abb9,msg-e326b0533522ecb322de,smishing,risky_request_visible,a_risky_request_visible,202,1,threshold_calibration,C,0.8578886214004717,1
review-95ab42239fb052e7,msg-5052c7243f9985cc9bcf,normal,promotion_without_clear_scam_request,a_not_risky_request_visible,202,1,threshold_calibration,C,0.13223411903296267,0
review-95b51a345d37bf9b,msg-1c7e06763517aa4b43bf,smishing,risky_request_visible,a_risky_request_visible,202,1,threshold_calibration,C,0.46069433804931287,1
review-96be0a4e61349470,msg-04b55107c00ee5b070d9,smishing,risky_request_visible,a_risky_request_visible,202,0,threshold_calibration,C,0.8209788338541906,1
review-982aea7aee2bfd5b,msg-3189e01199a2f10ad163,smishing,risky_request_visible,a_risky_request_visible,202,2,threshold_calibration,C,0.9133631451780988,1
review-9833d3f3d2c07833,msg-d787f40cfc7dbbe6778f,smishing,risky_request_visible,a_risky_request_visible,202,2,threshold_calibration,C,0.7937265638038972,1
review-9848e1bfbd07911c,msg-f2873d2e33fdffabc808,normal,ordinary_notice_or_conversation_possible,a_not_risky_request_visible,202,1,threshold_calibration,C,0.09532204955449936,0
review-98f41617c328173b,msg-c51643d14946078e7d57,smishing,risky_request_visible,a_risky_request_visible,202,2,threshold_calibration,C,0.9149331712153268,1
review-98f9751b78a4c31e,msg-06b44744cbf1ec56130e,normal,ordinary_notice_or_conversation_possible,a_not_risky_request_visible,202,2,threshold_calibration,C,0.09823409291276682,0
review-99553665d7fa8d60,msg-ec2c63de47e93d56888f,normal,ordinary_notice_or_conversation_possible,a_not_risky_request_visible,202,1,threshold_calibration,C,0.11385173476742788,0
review-9a3f12ca280a1c8a,msg-9865307d8d5cb09874f2,normal,promotion_without_clear_scam_request,a_not_risky_request_visible,202,2,threshold_calibration,C,0.2937252704938353,0
review-9a4ea6655a8a5a4f,msg-df3170271394537db9ca,normal,promotion_without_clear_scam_request,a_not_risky_request_visible,202,2,threshold_calibration,C,0.17902780168277593,0
review-9ad68457d5c5ddfe,msg-ff1e050906d7cfd80b2a,smishing,risky_request_visible,a_risky_request_visible,202,2,threshold_calibration,C,0.4641333663620923,1
review-9bf729353718fab4,msg-9ce453dc5d619e51234f,normal,ordinary_notice_or_conversation_possible,a_not_risky_request_visible,202,1,threshold_calibration,C,0.05120238951635014,0
review-9c83743cb64ceb5e,msg-dc4ff0d2d722a2c6cbac,normal,ordinary_notice_or_conversation_possible,a_not_risky_request_visible,202,1,threshold_calibration,C,0.2575932986839547,0
review-9e59560a7b1c6aa2,msg-32ce2bf355f633f0fee5,smishing,promotion_without_clear_scam_request,a_not_risky_request_visible,202,2,threshold_calibration,C,0.3391430601147949,0
review-9ec13abc1ec360b9,msg-053785582f2d9ed1abb9,normal,ordinary_notice_or_conversation_possible,a_not_risky_request_visible,202,1,threshold_calibration,C,0.14956633418742513,0
review-a0157c7c504b2713,msg-75bb93c54e7c03e2de6b,smishing,risky_request_visible,a_risky_request_visible,202,0,threshold_calibration,C,0.9581451509577574,1
review-a07cfcb07490d311,msg-5ce84ad96d59a95604b7,smishing,risky_request_visible,a_risky_request_visible,202,2,threshold_calibration,C,0.709142629487238,1
review-a0abc212fe654fe2,msg-e8f6c41fc42d524da26b,smishing,risky_request_visible,a_risky_request_visible,202,0,threshold_calibration,C,0.9079026418295078,1
review-a1325d40440edcad,msg-b68194dccdbc6eeaa462,normal,ordinary_notice_or_conversation_possible,a_not_risky_request_visible,202,2,threshold_calibration,C,0.1020460979280652,0
review-a17319837ff0f25f,msg-3c260868d8790e3220b2,smishing,risky_request_visible,a_risky_request_visible,202,2,threshold_calibration,C,0.9037454153068368,1
review-a3b8e31a589bfbf6,msg-72b62dcb8e0666cea243,smishing,risky_request_visible,a_risky_request_visible,202,0,threshold_calibration,C,0.7859468294675191,1
review-a55cc489390f4d15,msg-a11408f53fc97d32784a,smishing,risky_request_visible,a_risky_request_visible,202,0,threshold_calibration,C,0.7568973976786371,1
review-a5e01613dff9b90c,msg-5f72ce400186780556af,normal,promotion_without_clear_scam_request,a_not_risky_request_visible,202,2,threshold_calibration,C,0.17040921061909187,0
review-a8b302c46a81110b,msg-a923033b51733c278a32,normal,ordinary_notice_or_conversation_possible,a_not_risky_request_visible,202,0,threshold_calibration,C,0.0992570390626281,0
review-a966f0861f64ccf4,msg-730ac32bb52515f362b7,smishing,risky_request_visible,a_risky_request_visible,202,1,threshold_calibration,C,0.45391635773099737,1
review-aa0341109ceb1209,msg-46a9686cf4e9faeb9042,normal,ordinary_notice_or_conversation_possible,a_not_risky_request_visible,202,0,threshold_calibration,C,0.16618159913163627,0
review-abfd0300b3e94bc9,msg-c6cb9735117d0df6bed5,normal,promotion_without_clear_scam_request,a_not_risky_request_visible,202,1,threshold_calibration,C,0.12794793549229636,0
review-ac307e4a1651f014,msg-5dce72e90a11834ff054,smishing,risky_request_visible,a_risky_request_visible,202,0,threshold_calibration,C,0.26118874954068705,0
review-aca9116d8021bfae,msg-ee6bc320eef92aaba68d,smishing,risky_request_visible,a_risky_request_visible,202,0,threshold_calibration,C,0.6270144816351165,1
review-ad7039ac6a9ced27,msg-c81c5b25a163ca19481f,normal,ordinary_notice_or_conversation_possible,a_not_risky_request_visible,202,1,threshold_calibration,C,0.10610540969282022,0
review-ae30eff1c5009634,msg-034e267652beee654b7d,normal,promotion_without_clear_scam_request,a_not_risky_request_visible,202,0,threshold_calibration,C,0.1417303246128256,0
review-af3cd140e815bf14,msg-76ea500b769d004670c6,normal,ordinary_notice_or_conversation_possible,a_not_risky_request_visible,202,0,threshold_calibration,C,0.16845685597081753,0
review-b1335825efb8b815,msg-b01d387c5717587aaf48,normal,ordinary_notice_or_conversation_possible,a_not_risky_request_visible,202,1,threshold_calibration,C,0.36021127439128486,0
review-b4f3af03fab1d1b9,msg-ca0bba4719e18ebdea2c,smishing,risky_request_visible,a_risky_request_visible,202,2,threshold_calibration,C,0.47376592908119153,1
review-b52505e7e689a4b8,msg-362b479a08fa48892f2e,normal,promotion_without_clear_scam_request,a_not_risky_request_visible,202,2,threshold_calibration,C,0.12463641778593769,0
review-b75a5cafe4180fd6,msg-a850f5749efcb9c4f6a0,smishing,ordinary_notice_or_conversation_possible,a_not_risky_request_visible,202,2,threshold_calibration,C,0.49901218696461225,1
review-b7db7bfa3479f4d7,msg-432734d9e15c6f93d376,normal,ordinary_notice_or_conversation_possible,a_not_risky_request_visible,202,0,threshold_calibration,C,0.2740143688503111,0
review-b894aa9bff1613dc,msg-0f99b5457812bf9368a9,smishing,risky_request_visible,a_risky_request_visible,202,0,threshold_calibration,C,0.7564229081036614,1
review-b8b4a371ec215d7c,msg-6ad7fc559a70473d3c43,normal,ordinary_notice_or_conversation_possible,a_not_risky_request_visible,202,0,threshold_calibration,C,0.3451851333385391,0
review-b973d23ab4a680d4,msg-332a6ceef2ba82e72aee,normal,ordinary_notice_or_conversation_possible,a_not_risky_request_visible,202,1,threshold_calibration,C,0.09148822745271366,0
review-baf06dfd954e1b3a,msg-2e3856be0b06e36d853e,smishing,risky_request_visible,a_risky_request_visible,202,1,threshold_calibration,C,0.9119644200036433,1
review-bb5f23238e492978,msg-ae0b87b215621f5e8471,smishing,risky_request_visible,a_risky_request_visible,202,2,threshold_calibration,C,0.8939967914389705,1
review-bbe916c0a5f13c5a,msg-a45a85532c29434e8b27,smishing,risky_request_visible,a_risky_request_visible,202,0,threshold_calibration,C,0.9616388142196381,1
review-bc1ad3d6715f9dab,msg-e19e83293fb47143aa18,normal,promotion_without_clear_scam_request,a_not_risky_request_visible,202,1,threshold_calibration,C,0.08673961389411346,0
review-bc58d3e0a50d9226,msg-14251aa27469f753be0a,normal,ordinary_notice_or_conversation_possible,a_not_risky_request_visible,202,0,threshold_calibration,C,0.12784408492932978,0
review-bc5e0069bbad7d67,msg-ccfb4bcf7b100e873356,normal,ordinary_notice_or_conversation_possible,a_not_risky_request_visible,202,2,threshold_calibration,C,0.10429809759637479,0
review-bc805b9a7fefb4c4,msg-b42fe9f654595657fa35,smishing,risky_request_visible,a_risky_request_visible,202,2,threshold_calibration,C,0.5092262982714204,1
review-bc9e9750ed2f2246,msg-9807f366fd3a944bee02,normal,ordinary_notice_or_conversation_possible,a_not_risky_request_visible,202,0,threshold_calibration,C,0.1749752533668539,0
review-bcc4f27e08342914,msg-8da1861e43112a887a4b,smishing,risky_request_visible,a_risky_request_visible,202,1,threshold_calibration,C,0.8141710240765055,1
review-bcc86610acb0f9ff,msg-6c850b57daa695a2a5bf,smishing,insufficient_context,a_not_risky_request_visible,202,0,threshold_calibration,C,0.16846763689883185,0
review-bd2ee152f3f0a48a,msg-25ac7d2717cde23a4116,normal,ordinary_notice_or_conversation_possible,a_not_risky_request_visible,202,2,threshold_calibration,C,0.1796622579374804,0
review-be260e01d39a8550,msg-bbb84b4c518d7fb445cd,smishing,risky_request_visible,a_risky_request_visible,202,2,threshold_calibration,C,0.9418477350997814,1
review-be8ac302beaaaa38,msg-504e4d980601e6913b67,normal,ordinary_notice_or_conversation_possible,a_not_risky_request_visible,202,1,threshold_calibration,C,0.19121304601543243,0
review-bee3f43cbc979cc9,msg-4d9ff4113e4ed5d9e90c,smishing,risky_request_visible,a_risky_request_visible,202,1,threshold_calibration,C,0.36476362945949276,0
review-bf29414211fedb11,msg-c484e73c51ddf79b7f8b,smishing,risky_request_visible,a_risky_request_visible,202,2,threshold_calibration,C,0.9316921036900149,1
review-bf5160f31d278f7b,msg-c051b9c58babed147478,normal,ordinary_notice_or_conversation_possible,a_not_risky_request_visible,202,0,threshold_calibration,C,0.13178690490826198,0
review-c0dec81b7dec22c5,msg-36f813c46481d09c7f14,normal,ordinary_notice_or_conversation_possible,a_not_risky_request_visible,202,1,threshold_calibration,C,0.20792747545130033,0
review-c20d5a744e2d1992,msg-08bbc870048b82597982,normal,ordinary_notice_or_conversation_possible,a_not_risky_request_visible,202,1,threshold_calibration,C,0.10412292678824135,0
review-c3157c09e695c3c5,msg-f0a3f2387d520f4943e1,normal,promotion_without_clear_scam_request,a_not_risky_request_visible,202,0,threshold_calibration,C,0.18263744547747696,0
review-c4368025a0827097,msg-115656ab7419963f3ec4,normal,ordinary_notice_or_conversation_possible,a_not_risky_request_visible,202,2,threshold_calibration,C,0.22902188986902045,0
review-c45238e439e91c4d,msg-165866e6104c7226a8e8,smishing,risky_request_visible,a_risky_request_visible,202,1,threshold_calibration,C,0.645143252721672,1
review-c68883cf7ada6886,msg-e8325082747f144e0b1f,smishing,risky_request_visible,a_risky_request_visible,202,0,threshold_calibration,C,0.6505501393405212,1
review-c7968cd6c3d1f959,msg-13d13b63af525be88c8e,normal,ordinary_notice_or_conversation_possible,a_not_risky_request_visible,202,0,threshold_calibration,C,0.07646530987859632,0
review-c7acc1ae1037b569,msg-9ae5d9f225d18d759f00,smishing,risky_request_visible,a_risky_request_visible,202,2,threshold_calibration,C,0.7833560631113192,1
review-c854f5ffb64bf3eb,msg-f2f023ae46a3f625f5ba,normal,ordinary_notice_or_conversation_possible,a_not_risky_request_visible,202,1,threshold_calibration,C,0.12225861906432867,0
review-ca1c52eb5a9e5a56,msg-383f97042ca6b0129236,normal,ordinary_notice_or_conversation_possible,a_not_risky_request_visible,202,2,threshold_calibration,C,0.058639168362684735,0
review-cb23ce2b380ce815,msg-a81e33bc3946b0ae2550,normal,ordinary_notice_or_conversation_possible,a_not_risky_request_visible,202,2,threshold_calibration,C,0.25179860555011435,0
review-cb28a9106aef5505,msg-67de13a82fafaf8c3980,smishing,risky_request_visible,a_risky_request_visible,202,0,threshold_calibration,C,0.8403727622531662,1
review-cc41f3f4cb6e8629,msg-cd74555c5078c89aa225,smishing,risky_request_visible,a_risky_request_visible,202,1,threshold_calibration,C,0.7881887739833471,1
review-cc4b16c2321274c0,msg-1737db0114226e8bb1b0,smishing,risky_request_visible,a_risky_request_visible,202,0,threshold_calibration,C,0.9565095295043914,1
review-cd39c34a5496687f,msg-28b8f57d24c88ea1fd3b,normal,ordinary_notice_or_conversation_possible,a_not_risky_request_visible,202,1,threshold_calibration,C,0.07118272172714313,0
review-d09099c6189f497b,msg-255cba56e8f9f375b954,smishing,risky_request_visible,a_risky_request_visible,202,2,threshold_calibration,C,0.45292377247540067,1
review-d0b2291f671afb13,msg-69107f37830e441acc20,smishing,risky_request_visible,a_risky_request_visible,202,0,threshold_calibration,C,0.565797112155309,1
review-d14a67c8f86c82a4,msg-f96269b2a48486c1fd45,normal,ordinary_notice_or_conversation_possible,a_not_risky_request_visible,202,0,threshold_calibration,C,0.1543728695048814,0
review-d17c9fec5ba94c27,msg-0833b822c08cc170dc26,smishing,risky_request_visible,a_risky_request_visible,202,0,threshold_calibration,C,0.8207528279532252,1
review-d1b2ce556231d1b9,msg-1a13d7e1a0a296d7e9ac,normal,promotion_without_clear_scam_request,a_not_risky_request_visible,202,1,threshold_calibration,C,0.17530238755892705,0
review-d1ba629d1b0c0386,msg-3a166a3d426428da952d,smishing,insufficient_context,a_not_risky_request_visible,202,1,threshold_calibration,C,0.14217949539246091,0
review-d29c44ff7ec787ac,msg-18c2c8f93f103cd63104,normal,promotion_without_clear_scam_request,a_not_risky_request_visible,202,2,threshold_calibration,C,0.2156593100481501,0
review-d33ca86cba802688,msg-e2900c16a353e5f15c43,smishing,risky_request_visible,a_risky_request_visible,202,0,threshold_calibration,C,0.7990388090162196,1
review-d4f84d432e0d6d48,msg-94e0ae16541345a3f768,normal,ordinary_notice_or_conversation_possible,a_not_risky_request_visible,202,1,threshold_calibration,C,0.12353823725793035,0
review-d51050ea94555e33,msg-8dfc55b831e0422aaaf3,normal,ordinary_notice_or_conversation_possible,a_not_risky_request_visible,202,1,threshold_calibration,C,0.10186990298694942,0
review-d5cad39f16073736,msg-6b991d00ca9722186569,normal,promotion_without_clear_scam_request,a_not_risky_request_visible,202,1,threshold_calibration,C,0.17861368406256048,0
review-d684b0c9ae6eb28a,msg-b46e8faecd246cf1967d,smishing,risky_request_visible,a_risky_request_visible,202,2,threshold_calibration,C,0.7168039154591902,1
review-d6c4551ca894cc5c,msg-bbab9487a685ac85d931,smishing,risky_request_visible,a_risky_request_visible,202,2,threshold_calibration,C,0.8937487794993596,1
review-d7a5aa91a1e9ef4b,msg-963560a696c2068b11aa,normal,promotion_without_clear_scam_request,a_not_risky_request_visible,202,2,threshold_calibration,C,0.17010483743219226,0
review-d7e6ea82c0cbb7e9,msg-89bb289b1bdb8f41022f,normal,ordinary_notice_or_conversation_possible,a_not_risky_request_visible,202,0,threshold_calibration,C,0.09774843936134782,0
review-d86e9dceafb57f52,msg-b1cc1dadab2abab75849,smishing,risky_request_visible,a_risky_request_visible,202,2,threshold_calibration,C,0.7675818370863752,1
review-d870679fd6d01453,msg-7e320859ea45595a0398,smishing,promotion_without_clear_scam_request,a_not_risky_request_visible,202,1,threshold_calibration,C,0.708641052281414,1
review-d885dde988ff81fc,msg-e9f133abd48046d0b082,smishing,risky_request_visible,a_risky_request_visible,202,1,threshold_calibration,C,0.7895814908461501,1
review-d927fc30b0eb9634,msg-1af26a10b08f45f41fde,smishing,risky_request_visible,a_risky_request_visible,202,1,threshold_calibration,C,0.49180219342216014,1
review-da0a87e60e534a8c,msg-817a4fa89633430e990d,normal,ordinary_notice_or_conversation_possible,a_not_risky_request_visible,202,2,threshold_calibration,C,0.09633497053965293,0
review-dbbbfc8d3d158c2b,msg-19fa68b2542d83a61f79,smishing,risky_request_visible,a_risky_request_visible,202,1,threshold_calibration,C,0.7688925048690309,1
review-dc7c7acfd6e2db79,msg-b183e7136605118fd86a,normal,promotion_without_clear_scam_request,a_not_risky_request_visible,202,0,threshold_calibration,C,0.4841123153233506,1
review-dd85b84b55bb501f,msg-c7ae71424b0756ee528c,smishing,risky_request_visible,a_risky_request_visible,202,1,threshold_calibration,C,0.7654406336867683,1
review-e1afcc76f28c4344,msg-957a54f95f91a63ee653,normal,ordinary_notice_or_conversation_possible,a_not_risky_request_visible,202,1,threshold_calibration,C,0.06641296873528281,0
review-e23fed0689d23954,msg-5bc65501f76a2d9c35b3,smishing,promotion_without_clear_scam_request,a_not_risky_request_visible,202,0,threshold_calibration,C,0.4055834347121413,0
review-e244a46bb3c89288,msg-b49a70f3593e3f36b11d,smishing,risky_request_visible,a_risky_request_visible,202,2,threshold_calibration,C,0.5180155066725718,1
review-e2fd25cde06b2e07,msg-871f6b0c52c58905dd41,normal,promotion_without_clear_scam_request,a_not_risky_request_visible,202,0,threshold_calibration,C,0.23476737720217541,0
review-e3520951883c1b51,msg-80d20dbfca1307061530,normal,promotion_without_clear_scam_request,a_not_risky_request_visible,202,1,threshold_calibration,C,0.15163441125845828,0
review-e384094846a41b50,msg-705817f4922c88c5ecc5,smishing,risky_request_visible,a_risky_request_visible,202,1,threshold_calibration,C,0.762345766915554,1
review-e447ae957587a31d,msg-0590a0a811adf41d19c4,smishing,risky_request_visible,a_risky_request_visible,202,0,threshold_calibration,C,0.7997965199076011,1
review-e58d1b3575c7e041,msg-60b7b814308d63263bea,smishing,risky_request_visible,a_risky_request_visible,202,1,threshold_calibration,C,0.7543696290317794,1
review-e63efe4044e2aa11,msg-79b01393dcc39d7d282a,smishing,risky_request_visible,a_risky_request_visible,202,2,threshold_calibration,C,0.9477437991111537,1
review-e736bb0c132d2dc8,msg-bf0dfb1e1aef571e6dfa,smishing,promotion_without_clear_scam_request,a_not_risky_request_visible,202,1,threshold_calibration,C,0.5147295844617339,1
review-e8170ecaf09d95c1,msg-e863bf00fb6dbfb816f3,normal,ordinary_notice_or_conversation_possible,a_not_risky_request_visible,202,1,threshold_calibration,C,0.10366010338585188,0
review-e8eebbe27a7969d0,msg-26a403cb7e86084e2d88,normal,ordinary_notice_or_conversation_possible,a_not_risky_request_visible,202,2,threshold_calibration,C,0.16976781244651362,0
review-e945ebd4e9533666,msg-6ca0de4ebc5d9da5342b,smishing,risky_request_visible,a_risky_request_visible,202,2,threshold_calibration,C,0.9390962100370817,1
review-e9f675e3299ddb73,msg-74894396e30aa7e375f2,normal,ordinary_notice_or_conversation_possible,a_not_risky_request_visible,202,0,threshold_calibration,C,0.35706796541216695,0
review-eb5bbbe4e99a6f72,msg-aae535e14decd836abac,normal,ordinary_notice_or_conversation_possible,a_not_risky_request_visible,202,1,threshold_calibration,C,0.17739958218180593,0
review-ec018bdef14b4dce,msg-ef69592a53abe3a01b4d,smishing,risky_request_visible,a_risky_request_visible,202,2,threshold_calibration,C,0.9152035262408347,1
review-ecf66ae7e447041e,msg-443a84cea11014478b84,smishing,risky_request_visible,a_risky_request_visible,202,1,threshold_calibration,C,0.7724506738563729,1
review-ed8aaee3f91ea267,msg-a319a3ad3f700d7f3e15,normal,promotion_without_clear_scam_request,a_not_risky_request_visible,202,0,threshold_calibration,C,0.1029524313609248,0
review-ed9460d363c32a66,msg-33b4946b6aa1c5826e5b,normal,ordinary_notice_or_conversation_possible,a_not_risky_request_visible,202,0,threshold_calibration,C,0.13225179339554294,0
review-ee314103593cc397,msg-3382d5781a64d5167a9f,smishing,risky_request_visible,a_risky_request_visible,202,0,threshold_calibration,C,0.3335155645393557,0
review-ee537a73bef42552,msg-a50c3f07d1c4116a5aae,normal,ordinary_notice_or_conversation_possible,a_not_risky_request_visible,202,2,threshold_calibration,C,0.2305028066979691,0
review-f02182e8f70df196,msg-b789ac48b433840d97a1,smishing,risky_request_visible,a_risky_request_visible,202,0,threshold_calibration,C,0.47100438216078083,1
review-f0b50460d98d4502,msg-95c382e5e68482d54b53,smishing,risky_request_visible,a_risky_request_visible,202,2,threshold_calibration,C,0.7156320284900499,1
review-f278c035dcc448b5,msg-69e20b477e1f38d22287,normal,ordinary_notice_or_conversation_possible,a_not_risky_request_visible,202,2,threshold_calibration,C,0.09015361069455567,0
review-f2b62cb8a35fddc1,msg-44342a1ca335e0df03ca,smishing,risky_request_visible,a_risky_request_visible,202,1,threshold_calibration,C,0.5252738300846689,1
review-f2c9ba7c14a8e7f4,msg-cbeab8aa1cb4e1328216,smishing,risky_request_visible,a_risky_request_visible,202,0,threshold_calibration,C,0.9648584276517563,1
review-f360abb82bcec3c4,msg-7a14eb32b51e33537f72,smishing,risky_request_visible,a_risky_request_visible,202,2,threshold_calibration,C,0.9173106362803796,1
review-f48d763f6c721c5c,msg-05ce5c3a427de58a9e8d,smishing,risky_request_visible,a_risky_request_visible,202,1,threshold_calibration,C,0.8277403777046313,1
review-f68968ff35ec4bea,msg-3f37d9bd39aa22dc8368,normal,ordinary_notice_or_conversation_possible,a_not_risky_request_visible,202,2,threshold_calibration,C,0.11013312345706158,0
review-f778efc9b041eb43,msg-7a8ba417b2f4e2650e1b,normal,ordinary_notice_or_conversation_possible,a_not_risky_request_visible,202,1,threshold_calibration,C,0.15963185046570835,0
review-f9b9a4279458f732,msg-5bf22a260fc90f900243,smishing,risky_request_visible,a_risky_request_visible,202,0,threshold_calibration,C,0.8254783276957878,1
review-fd0999fd546bfed8,msg-fe1928a9a24b4573d509,smishing,risky_request_visible,a_risky_request_visible,202,2,threshold_calibration,C,0.9151409475919616,1
review-fd4a4694d748b8f1,msg-8292e9166caa8ab05265,smishing,risky_request_visible,a_risky_request_visible,202,2,threshold_calibration,C,0.34159483108127836,0
review-fe1822167edb9625,msg-bee493f64946ad6b35a4,normal,promotion_without_clear_scam_request,a_not_risky_request_visible,202,0,threshold_calibration,C,0.1366110528140589,0
review-ff61b33b22cf09db,msg-f83fe7e80b1199988bc6,smishing,insufficient_context,a_not_risky_request_visible,202,1,threshold_calibration,C,0.5305049657683347,1
review-0056707322867f9e,msg-bfebdfbc523c88d22afe,normal,ordinary_notice_or_conversation_possible,a_not_risky_request_visible,303,0,development_readout,A,0.04926925868833925,0
review-01692c85b4c6e394,msg-86b2b582f59b8ef3cb9d,normal,ordinary_notice_or_conversation_possible,a_not_risky_request_visible,303,2,development_readout,A,0.14551960022533308,0
review-019e598ca75a2604,msg-51d91745aaf7c70cfe66,normal,ordinary_notice_or_conversation_possible,a_not_risky_request_visible,303,0,development_readout,A,0.06964891769656331,0
review-01daae558c8120c5,msg-a5fe2c7068a39a897fd5,normal,ordinary_notice_or_conversation_possible,a_not_risky_request_visible,303,2,development_readout,A,0.10807782274610545,0
review-031c270e33784faf,msg-7b77eedddff4504d9db0,smishing,risky_request_visible,a_risky_request_visible,303,2,development_readout,A,0.3987804212774014,1
review-0364c25d14e8bb7d,msg-ba7ace3a75e45b91726c,smishing,risky_request_visible,a_risky_request_visible,303,1,development_readout,A,0.8979408112023519,1
review-05ba384c6ab030f1,msg-0cf1f701a15c54d26789,normal,ordinary_notice_or_conversation_possible,a_not_risky_request_visible,303,0,development_readout,A,0.19467798389484578,0
review-062650e5c03db7b3,msg-736f82ab7ef68bca67fc,smishing,risky_request_visible,a_risky_request_visible,303,2,development_readout,A,0.2912770154104314,0
review-0651a6827875d503,msg-6dcdcd189e5593455a49,smishing,risky_request_visible,a_risky_request_visible,303,2,development_readout,A,0.92764287169251,1
review-06613e1d63363778,msg-bd04b75032f0dfc2ee62,normal,promotion_without_clear_scam_request,a_not_risky_request_visible,303,0,development_readout,A,0.0993605265681521,0
review-06e6ec96dd763a34,msg-3be783148c7ea591a6af,normal,promotion_without_clear_scam_request,a_not_risky_request_visible,303,1,development_readout,A,0.11986889976270412,0
review-075ea585da5cae15,msg-7013d5e6af2e769f406d,smishing,risky_request_visible,a_risky_request_visible,303,2,development_readout,A,0.9260707001468469,1
review-0822c98e66707747,msg-29c545e52c9813e635fa,normal,promotion_without_clear_scam_request,a_not_risky_request_visible,303,1,development_readout,A,0.1135387398823085,0
review-09dc7d3fa6246119,msg-82c1c5902ccf0f6cb441,normal,ordinary_notice_or_conversation_possible,a_not_risky_request_visible,303,0,development_readout,A,0.1625949077402411,0
review-0bc7f01b43b4a4f4,msg-4d26af1bd51a813c0839,normal,promotion_without_clear_scam_request,a_not_risky_request_visible,303,2,development_readout,A,0.13510230337996387,0
review-0c756099e821ef26,msg-3de91ab063f18e6782bf,smishing,risky_request_visible,a_risky_request_visible,303,1,development_readout,A,0.29512948370529846,0
review-0cf62fd6142f6cb4,msg-2c0ffb2240bce4f0412b,smishing,risky_request_visible,a_risky_request_visible,303,2,development_readout,A,0.6290926180589309,1
review-0ddce31c46b4331c,msg-018ff56a19f05b63f7f1,normal,promotion_without_clear_scam_request,a_not_risky_request_visible,303,0,development_readout,A,0.11244575783459966,0
review-0e3787ec2948234d,msg-f90fed3e0ba73a7afd40,smishing,risky_request_visible,a_risky_request_visible,303,1,development_readout,A,0.8824291148201883,1
review-0e9363ce9bcb57c2,msg-a6db8f1ba339b796c36c,smishing,risky_request_visible,a_risky_request_visible,303,1,development_readout,A,0.43059489370464615,0
review-0f5e5787e2464fe3,msg-31a602d9c77f86749c5b,smishing,risky_request_visible,a_risky_request_visible,303,0,development_readout,A,0.9096033999471473,1
review-10dcb33dda6d5472,msg-1de8402778c0caa023de,smishing,risky_request_visible,a_risky_request_visible,303,2,development_readout,A,0.9302161472375319,1
review-10f0da95f3fdd21e,msg-58b952e19b37c0bc3c3c,normal,ordinary_notice_or_conversation_possible,a_not_risky_request_visible,303,2,development_readout,A,0.1058249658621846,0
review-127bc1671c3021e3,msg-b3d3b6b29fae9b4cd139,smishing,risky_request_visible,a_risky_request_visible,303,2,development_readout,A,0.2864321207862423,0
review-12aedba2ef212671,msg-52cabfe559de650270d0,smishing,risky_request_visible,a_risky_request_visible,303,1,development_readout,A,0.8998948375595536,1
review-131ed5d9023fe8e1,msg-879b8233c4a44252fb2e,normal,promotion_without_clear_scam_request,a_not_risky_request_visible,303,0,development_readout,A,0.1333587861200049,0
review-13ce66de75a8d3fc,msg-8827961dbffea331a040,smishing,risky_request_visible,a_risky_request_visible,303,2,development_readout,A,0.9039105078888033,1
review-13e7350b6f9c843d,msg-6ef4e4d3849c3f2458f9,smishing,risky_request_visible,a_risky_request_visible,303,0,development_readout,A,0.17550897508549868,0
review-1502532d7fb02e2b,msg-51961afc9b6d2bb950c4,smishing,risky_request_visible,a_risky_request_visible,303,0,development_readout,A,0.3576090918996688,0
review-1538fa93f259c264,msg-1d4f07b23c605c358a53,normal,ordinary_notice_or_conversation_possible,a_not_risky_request_visible,303,0,development_readout,A,0.19517559664893439,0
review-15f5cb8ca60e63e7,msg-93f6493043538f04abba,smishing,risky_request_visible,a_risky_request_visible,303,2,development_readout,A,0.5026865568925241,1
review-170c904128c3b75d,msg-44ffbd69abef95d6b971,smishing,risky_request_visible,a_risky_request_visible,303,1,development_readout,A,0.6903221206236823,1
review-17bb16430527761d,msg-8a95db5cf464c51ec8bb,smishing,risky_request_visible,a_risky_request_visible,303,0,development_readout,A,0.38461467488334244,0
review-19cc4ce8b1dbe415,msg-e9e131d9372380a167cf,smishing,risky_request_visible,a_risky_request_visible,303,2,development_readout,A,0.23408957830506158,0
review-1b29308cb4906d02,msg-7894af8fe183ef59232f,smishing,risky_request_visible,a_risky_request_visible,303,1,development_readout,A,0.8655380495622698,1
review-1bcdb8b5e4902f77,msg-6b0f921297bf6036cdd4,normal,ordinary_notice_or_conversation_possible,a_not_risky_request_visible,303,1,development_readout,A,0.07667771663416725,0
review-1cb842404c1056c4,msg-69af923a1b627636ba88,normal,ordinary_notice_or_conversation_possible,a_not_risky_request_visible,303,0,development_readout,A,0.22839686811069823,0
review-1e68018ab3a2b26e,msg-c93b3c338ad73e40adfd,normal,ordinary_notice_or_conversation_possible,a_not_risky_request_visible,303,1,development_readout,A,0.1926220389543337,0
review-1f07a8c7cd26df2c,msg-cada766d88b515618679,normal,insufficient_context,a_not_risky_request_visible,303,2,development_readout,A,0.11392300576046796,0
review-2015b61fb97f2965,msg-3649a91b276a45d342c6,normal,ordinary_notice_or_conversation_possible,a_not_risky_request_visible,303,1,development_readout,A,0.1458268045865554,0
review-21e2a2729d0906e0,msg-2f204be55b7d47704b0f,normal,ordinary_notice_or_conversation_possible,a_not_risky_request_visible,303,2,development_readout,A,0.17630801600528562,0
review-220daefcb5d386ed,msg-e3ec894bf4e93e8c550e,smishing,risky_request_visible,a_risky_request_visible,303,1,development_readout,A,0.7380584557434844,1
review-223ad249b0ed1b08,msg-dbf89313b9ea1ac5b6d3,normal,ordinary_notice_or_conversation_possible,a_not_risky_request_visible,303,2,development_readout,A,0.08581540332522003,0
review-22f7bb9e3da427de,msg-6f925e06a88f8d1cfd58,smishing,risky_request_visible,a_risky_request_visible,303,1,development_readout,A,0.3742239874377745,0
review-25104a7eec1f7831,msg-f98da8116216cda9e3fe,smishing,risky_request_visible,a_risky_request_visible,303,2,development_readout,A,0.5807397333332187,1
review-256d1c0f349382b5,msg-b0438b6ad1731edd6ad6,normal,ordinary_notice_or_conversation_possible,a_not_risky_request_visible,303,1,development_readout,A,0.10098071294550597,0
review-2579df062aafc741,msg-fa2ff4bb2e3dd2a0cead,smishing,risky_request_visible,a_risky_request_visible,303,0,development_readout,A,0.4256705309724353,0
review-266fac2cf4f9a2fe,msg-358dbfc77504383312c3,smishing,risky_request_visible,a_risky_request_visible,303,1,development_readout,A,0.8057019725612723,1
review-2953de0d9a6a0ef3,msg-b3fe8c24cdcc85dd4f28,normal,ordinary_notice_or_conversation_possible,a_not_risky_request_visible,303,2,development_readout,A,0.09577018445752372,0
review-2ba16080ec46773d,msg-24c361e6f72073321220,normal,ordinary_notice_or_conversation_possible,a_not_risky_request_visible,303,1,development_readout,A,0.08392178981652222,0
review-2d4568421c26bf66,msg-96c30c2332ea6bf5e247,normal,ordinary_notice_or_conversation_possible,a_not_risky_request_visible,303,1,development_readout,A,0.18772645814299363,0
review-2d707fce0fb4702c,msg-e94fec8af385dc5ff556,normal,ordinary_notice_or_conversation_possible,a_not_risky_request_visible,303,2,development_readout,A,0.18021072963481632,0
review-2dd7b92c08e4f5c4,msg-42c7b3575f8a9da0d8d1,normal,promotion_without_clear_scam_request,a_not_risky_request_visible,303,1,development_readout,A,0.09284891204896352,0
review-30c664d1fb0416d2,msg-4facddef64d2b1d3b592,normal,promotion_without_clear_scam_request,a_not_risky_request_visible,303,1,development_readout,A,0.1008564715162452,0
review-30d20e067658db39,msg-915558b1d57081861e23,normal,insufficient_context,a_not_risky_request_visible,303,2,development_readout,A,0.15941869887393353,0
review-30e3bf5a7666c842,msg-2691ca74050fbbc9ed37,smishing,risky_request_visible,a_risky_request_visible,303,2,development_readout,A,0.5549796892113386,1
review-31a75727a167d60d,msg-f9061a931aba0d307ce6,smishing,risky_request_visible,a_risky_request_visible,303,2,development_readout,A,0.4639742338614576,1
review-322a0c915a6dca98,msg-3d77196a643275284eee,smishing,risky_request_visible,a_risky_request_visible,303,0,development_readout,A,0.45816625239507913,0
review-3423b715646fd583,msg-65bffe175e1d5b55382e,smishing,risky_request_visible,a_risky_request_visible,303,1,development_readout,A,0.901988495058733,1
review-344682f2618ba8f9,msg-e5b4405ee48a541eecc0,normal,promotion_without_clear_scam_request,a_not_risky_request_visible,303,1,development_readout,A,0.21247540372711277,0
review-34c4c16cb5ea9aaf,msg-62610653bf85e35feeff,smishing,risky_request_visible,a_risky_request_visible,303,1,development_readout,A,0.8920392655939999,1
review-36c6682493394c5a,msg-d54e4685cdd8f9aa710a,smishing,risky_request_visible,a_risky_request_visible,303,0,development_readout,A,0.6664022111893915,1
review-3735a715aa425485,msg-5cbba54c59da325a454c,normal,ordinary_notice_or_conversation_possible,a_not_risky_request_visible,303,2,development_readout,A,0.24515123840514283,0
review-377101d740e3c93a,msg-f91f88e17b85bd740a41,smishing,risky_request_visible,a_risky_request_visible,303,1,development_readout,A,0.6808703373964544,1
review-37962ff6cab628b9,msg-f745187c052997452a1e,smishing,risky_request_visible,a_risky_request_visible,303,0,development_readout,A,0.5929196034688454,1
review-37a24da8c91a2014,msg-814c1d043296b3a3b379,smishing,risky_request_visible,a_risky_request_visible,303,1,development_readout,A,0.6871667518527695,1
review-3a3a0c9003eb78d2,msg-9b70e92fb8b03ad7c610,normal,ordinary_notice_or_conversation_possible,a_not_risky_request_visible,303,0,development_readout,A,0.2759070058773344,0
review-3aa78c267ab21f05,msg-224c0422b0003d17212c,smishing,ordinary_notice_or_conversation_possible,a_not_risky_request_visible,303,2,development_readout,A,0.280676557173247,0
review-3b23a85b0e54e4e2,msg-5a59a5ce918f6559e125,normal,promotion_without_clear_scam_request,a_not_risky_request_visible,303,0,development_readout,A,0.09895570235625857,0
review-3b5a82f01656ae5e,msg-4c9bb8aab19cd59ba6b7,normal,promotion_without_clear_scam_request,a_not_risky_request_visible,303,2,development_readout,A,0.06623594686850268,0
review-3b5e9306ce7f16f6,msg-75d22609d1f4fae1c474,normal,ordinary_notice_or_conversation_possible,a_not_risky_request_visible,303,0,development_readout,A,0.10745258373425544,0
review-3c542b2889f7ee41,msg-ab4e24de8042cbea05d6,smishing,risky_request_visible,a_risky_request_visible,303,1,development_readout,A,0.899690492645956,1
review-3c6ae33a89ac17a5,msg-c098e4b7c32dc66b6582,smishing,risky_request_visible,a_risky_request_visible,303,2,development_readout,A,0.9003027649799996,1
review-3ec3c8e07bb7e369,msg-f5bfb9971a76c287fdd5,normal,promotion_without_clear_scam_request,a_not_risky_request_visible,303,2,development_readout,A,0.14678040675687445,0
review-3f1aad6856711dea,msg-d3a618b40117b1875806,normal,ordinary_notice_or_conversation_possible,a_not_risky_request_visible,303,1,development_readout,A,0.07982666539877284,0
review-40617332c72b6a65,msg-75bccb25272a125ae624,smishing,risky_request_visible,a_risky_request_visible,303,1,development_readout,A,0.7415268380410386,1
review-40e531a989b5b832,msg-90c8b223c83bae5b9f53,smishing,risky_request_visible,a_risky_request_visible,303,0,development_readout,A,0.46766514829396394,0
review-40eb85d72dbb3fa3,msg-4273962397b78faae1de,smishing,risky_request_visible,a_risky_request_visible,303,0,development_readout,A,0.847655084076247,1
review-40f65d491fbb6c91,msg-29618cee18396e8a8e81,smishing,risky_request_visible,a_risky_request_visible,303,0,development_readout,A,0.569243540681978,1
review-419f917f2243e05b,msg-f80f31e80e69da69dd6c,normal,promotion_without_clear_scam_request,a_not_risky_request_visible,303,2,development_readout,A,0.09575740511459156,0
review-41ec06c9fc578cef,msg-631fc966e6d1a8ec4785,smishing,risky_request_visible,a_risky_request_visible,303,2,development_readout,A,0.9173993825183464,1
review-44d5803b821bc077,msg-382f83f816817c259074,smishing,risky_request_visible,a_risky_request_visible,303,1,development_readout,A,0.6742288596378213,1
review-4532712bae1263a4,msg-f2d213d6e51419f0c0c3,smishing,risky_request_visible,a_risky_request_visible,303,1,development_readout,A,0.9018609794608131,1
review-46f3555593434e8a,msg-ef6fd44a32790af20571,smishing,risky_request_visible,a_risky_request_visible,303,1,development_readout,A,0.8963947367013203,1
review-49a272d982158787,msg-15e2ac02e0ac09e5383b,smishing,risky_request_visible,a_risky_request_visible,303,0,development_readout,A,0.5183872771746504,0
review-49db2f3969f4dab7,msg-d9f951c82ea54b25ac30,normal,promotion_without_clear_scam_request,a_not_risky_request_visible,303,2,development_readout,A,0.11148909132894268,0
review-4a4a9ac934622b9e,msg-77e7ed6fee4ff6e6b3c0,normal,ordinary_notice_or_conversation_possible,a_not_risky_request_visible,303,2,development_readout,A,0.5248868885302408,1
review-4a5f226471e5edaf,msg-92eab3c091583e1be9b2,smishing,risky_request_visible,a_risky_request_visible,303,0,development_readout,A,0.7308233198068742,1
review-4b0f3b3c6f3029e0,msg-095a369060c7ff33c341,smishing,risky_request_visible,a_risky_request_visible,303,0,development_readout,A,0.8533930261427497,1
review-4bb32c9d9587eb5b,msg-32a5ea1e4acbac97b230,smishing,risky_request_visible,a_risky_request_visible,303,1,development_readout,A,0.41643109109061466,0
review-4c1327797f738c0f,msg-c623d83809d140a75f70,normal,ordinary_notice_or_conversation_possible,a_not_risky_request_visible,303,2,development_readout,A,0.27335908073374343,0
review-4c45e2acc43cd09c,msg-240d23c05338edc37d89,smishing,risky_request_visible,a_risky_request_visible,303,2,development_readout,A,0.928676173011816,1
review-4c7db89388133c66,msg-b366110e17c486b16b15,normal,ordinary_notice_or_conversation_possible,a_not_risky_request_visible,303,2,development_readout,A,0.1345233837005016,0
review-4c7f2895cbdfff17,msg-b6d879d72eac72ef59ac,smishing,risky_request_visible,a_risky_request_visible,303,2,development_readout,A,0.5581550596742735,1
review-4cbabc8906c81322,msg-0ed0bfb82462e09cd15a,smishing,risky_request_visible,a_risky_request_visible,303,0,development_readout,A,0.8449880418209598,1
review-4e91758f8be8575d,msg-2a7f43ae7fa422fefb9b,smishing,risky_request_visible,a_risky_request_visible,303,2,development_readout,A,0.1870883973687755,0
review-50c65fd60929a11c,msg-76755bc4cf7a9223f1f5,smishing,risky_request_visible,a_risky_request_visible,303,2,development_readout,A,0.5546295983486822,1
review-5155bcd98221f6df,msg-260f9a35da3e12d1699f,normal,ordinary_notice_or_conversation_possible,a_not_risky_request_visible,303,1,development_readout,A,0.136380948860412,0
review-5351da806d5c8862,msg-56c6f7e6fe95f4eaf8db,normal,ordinary_notice_or_conversation_possible,a_not_risky_request_visible,303,1,development_readout,A,0.17922011223439482,0
review-545d35ba143011e5,msg-fe80fc54d234587af050,normal,ordinary_notice_or_conversation_possible,a_not_risky_request_visible,303,0,development_readout,A,0.08950486521420828,0
review-55839cdd8c1c65c6,msg-7bc3eb6f8e2897ba9d73,normal,promotion_without_clear_scam_request,a_not_risky_request_visible,303,1,development_readout,A,0.0936133694004828,0
review-572c07846f21e2ba,msg-5c8a3583b29803350025,normal,ordinary_notice_or_conversation_possible,a_not_risky_request_visible,303,2,development_readout,A,0.06838383325377603,0
review-5a021883af9f96ea,msg-156bbfc36ff5805e450a,normal,promotion_without_clear_scam_request,a_not_risky_request_visible,303,2,development_readout,A,0.1079732348219152,0
review-5a9261ed8c81a5c6,msg-dda62389e8fe6499fde9,normal,ordinary_notice_or_conversation_possible,a_not_risky_request_visible,303,1,development_readout,A,0.0921049333284795,0
review-5b0c0204dc451747,msg-31f308081fb21c6e8f09,smishing,risky_request_visible,a_risky_request_visible,303,2,development_readout,A,0.8321070997592117,1
review-5b38287421b21063,msg-2eacbbd745e21908f221,normal,ordinary_notice_or_conversation_possible,a_not_risky_request_visible,303,2,development_readout,A,0.11804795829361929,0
review-6036afa1a4a219c3,msg-9bf6c95f6dc633dd8819,normal,ordinary_notice_or_conversation_possible,a_not_risky_request_visible,303,0,development_readout,A,0.11349189405240999,0
review-6236e7e3fd2a54c8,msg-03b2efa63efb18f3f74e,normal,ordinary_notice_or_conversation_possible,a_not_risky_request_visible,303,1,development_readout,A,0.31169231178618334,0
review-6260263e3bc9f334,msg-549f98d3604f2acece98,smishing,risky_request_visible,a_risky_request_visible,303,2,development_readout,A,0.9313540333662388,1
review-63bef8982e454a02,msg-c75749a34e08d00a62cd,smishing,risky_request_visible,a_risky_request_visible,303,1,development_readout,A,0.2419670568543297,0
review-63ea5eac0fdbfe2f,msg-f9613a09341e642b64ae,smishing,risky_request_visible,a_risky_request_visible,303,1,development_readout,A,0.9032800074870205,1
review-65fde99e6e05f377,msg-4cb8c149ce6f9aed0469,smishing,risky_request_visible,a_risky_request_visible,303,2,development_readout,A,0.7155258660476139,1
review-66ef57282af71d4f,msg-f51c8c7132e5405088dd,normal,ordinary_notice_or_conversation_possible,a_not_risky_request_visible,303,1,development_readout,A,0.1476023639452196,0
review-6742e699b2c19637,msg-5e8796780c062e86063b,smishing,promotion_without_clear_scam_request,a_not_risky_request_visible,303,0,development_readout,A,0.15124975795661683,0
review-6938cc7e883cfae5,msg-d0b351454bf1078555ca,smishing,risky_request_visible,a_risky_request_visible,303,2,development_readout,A,0.2492326076343229,0
review-6a3da5bb1cbb35c3,msg-c4c6b04cd9f64fdb2a1a,smishing,risky_request_visible,a_risky_request_visible,303,0,development_readout,A,0.47496841049943317,0
review-6b23a95e54455bfe,msg-7e73260daff23015e769,smishing,risky_request_visible,a_risky_request_visible,303,1,development_readout,A,0.5243606099836132,1
review-6c7372dc6724ef49,msg-fd7adb6f5bdba22704bd,normal,ordinary_notice_or_conversation_possible,a_not_risky_request_visible,303,0,development_readout,A,0.10986048989071111,0
review-6c9e3e62bbb95763,msg-a6d506945e9b701052e1,smishing,risky_request_visible,a_risky_request_visible,303,2,development_readout,A,0.2050828759966227,0
review-6d70e00c3a0eb212,msg-78ebe7ba8de3e6f59138,normal,risky_request_visible,a_risky_request_visible,303,1,development_readout,A,0.14099155391239343,0
review-6e51f1a0ccb981e6,msg-58425ae1f35d0d6e8f6c,smishing,risky_request_visible,a_risky_request_visible,303,0,development_readout,A,0.639760481172612,1
review-6ee455a4c31c9039,msg-9207c6b7c6c694beab91,normal,promotion_without_clear_scam_request,a_not_risky_request_visible,303,1,development_readout,A,0.13659478747289833,0
review-70dad336d995a509,msg-00cd858afe8ef2de5fd3,normal,ordinary_notice_or_conversation_possible,a_not_risky_request_visible,303,1,development_readout,A,0.14898849884797494,0
review-71bc6120e1507254,msg-b460f3c8ac1fe936b354,smishing,risky_request_visible,a_risky_request_visible,303,1,development_readout,A,0.588882727341923,1
review-722fa17d1953465a,msg-b3fb5a0a6aea14d37b31,smishing,risky_request_visible,a_risky_request_visible,303,1,development_readout,A,0.8924957633242188,1
review-7493575c90062c41,msg-e84d76b6ef43a1d586a7,normal,promotion_without_clear_scam_request,a_not_risky_request_visible,303,2,development_readout,A,0.1790044162899589,0
review-7494a9906bb71039,msg-6f6bbab188df73ce6c08,normal,promotion_without_clear_scam_request,a_not_risky_request_visible,303,2,development_readout,A,0.18589848345966806,0
review-76f98d8733690feb,msg-34b43fdf59308e46e47d,normal,risky_request_visible,a_risky_request_visible,303,1,development_readout,A,0.13173593705571165,0
review-7794b3bc9bc0c3a1,msg-a2db1c36a4678988377c,normal,ordinary_notice_or_conversation_possible,a_not_risky_request_visible,303,1,development_readout,A,0.3497720348838085,0
review-77b394cbe6e1dc4b,msg-168706cc9aaa2ee44f65,normal,ordinary_notice_or_conversation_possible,a_not_risky_request_visible,303,1,development_readout,A,0.32001386589071884,0
review-7aed3e349c71aa1c,msg-93087cebe3aa7340ffc8,smishing,risky_request_visible,a_risky_request_visible,303,1,development_readout,A,0.7120251648329767,1
review-7b9d338bf5cd4bdc,msg-733b60f36694b02ec836,normal,ordinary_notice_or_conversation_possible,a_not_risky_request_visible,303,1,development_readout,A,0.10924679924126328,0
review-7bc2e45e3ffc6c78,msg-b62543444f94f00ab76a,normal,ordinary_notice_or_conversation_possible,a_not_risky_request_visible,303,1,development_readout,A,0.1395266223723352,0
review-7c0605262829dbc3,msg-c35aa37c11bf43b745cb,smishing,risky_request_visible,a_risky_request_visible,303,2,development_readout,A,0.9327452708012611,1
review-7d723e9bf1b824f5,msg-87a76d50e35b48e41218,smishing,risky_request_visible,a_risky_request_visible,303,2,development_readout,A,0.39729936392452087,1
review-7e4208c3a8d81d5e,msg-51e93ba561b9d389f5a6,normal,ordinary_notice_or_conversation_possible,a_not_risky_request_visible,303,0,development_readout,A,0.2050413982018981,0
review-80c5a8d505a86e25,msg-0d11f1b2d5dd7fb1934a,normal,ordinary_notice_or_conversation_possible,a_not_risky_request_visible,303,2,development_readout,A,0.12269829180176245,0
review-81db582ab9c83a7d,msg-2a0582fa3234a2d63356,normal,risky_request_visible,a_risky_request_visible,303,1,development_readout,A,0.6745520699680684,1
review-83fb52312abeb4ec,msg-57b110c902b64420f7db,smishing,risky_request_visible,a_risky_request_visible,303,1,development_readout,A,0.6954254697092427,1
review-8408e233d5c05195,msg-61e1958480c0e2e496e5,normal,ordinary_notice_or_conversation_possible,a_not_risky_request_visible,303,2,development_readout,A,0.08953956292171336,0
review-85ef908a3e61f2a2,msg-30572cea27e54ac2130b,normal,ordinary_notice_or_conversation_possible,a_not_risky_request_visible,303,2,development_readout,A,0.07558207413250033,0
review-87280a48b9739e82,msg-a277748568204738c928,smishing,risky_request_visible,a_risky_request_visible,303,2,development_readout,A,0.40598633112938404,1
review-87ca5145bb1464ea,msg-69d76db7edd5a86af1d7,normal,promotion_without_clear_scam_request,a_not_risky_request_visible,303,1,development_readout,A,0.10126575083873036,0
review-8858113ca39c4a08,msg-8e807a0816ba58157c7b,smishing,risky_request_visible,a_risky_request_visible,303,2,development_readout,A,0.6284097076511084,1
review-8a9635c815342586,msg-5b3252b8d919d9dfa5c2,smishing,risky_request_visible,a_risky_request_visible,303,1,development_readout,A,0.8846236305156578,1
review-8ac3c67723460772,msg-7a0a306167abc3b72d8c,normal,ordinary_notice_or_conversation_possible,a_not_risky_request_visible,303,2,development_readout,A,0.08071983571354535,0
review-8b051b87b72136a4,msg-8a4662fd944d66f460fd,smishing,risky_request_visible,a_risky_request_visible,303,1,development_readout,A,0.3365594640847179,0
review-8c0239752664c9f7,msg-ebc9f34f94af5eeb68f0,smishing,risky_request_visible,a_risky_request_visible,303,1,development_readout,A,0.6424233337880553,1
review-8c3afec16f00c8ea,msg-6173af161b27fe6f4ce6,normal,ordinary_notice_or_conversation_possible,a_not_risky_request_visible,303,0,development_readout,A,0.09172386220403146,0
review-8f7e5118fc4a9d93,msg-54a310f893f9630cdab4,smishing,risky_request_visible,a_risky_request_visible,303,0,development_readout,A,0.8764851454941055,1
review-904be5b534ca4342,msg-2c7b345bbea477990d91,normal,ordinary_notice_or_conversation_possible,a_not_risky_request_visible,303,1,development_readout,A,0.1517969600783035,0
review-92026380db179cfa,msg-11b3b10960d7a9f4d101,smishing,risky_request_visible,a_risky_request_visible,303,1,development_readout,A,0.5571664666922178,1
review-93f251b7f415320e,msg-25125973e3120d610fce,smishing,risky_request_visible,a_risky_request_visible,303,0,development_readout,A,0.8566829027221021,1
review-9440c7b20214abb9,msg-e326b0533522ecb322de,smishing,risky_request_visible,a_risky_request_visible,303,0,development_readout,A,0.726215920836016,1
review-95ab42239fb052e7,msg-5052c7243f9985cc9bcf,normal,promotion_without_clear_scam_request,a_not_risky_request_visible,303,2,development_readout,A,0.10353355884004409,0
review-95c15e2125e8158e,msg-0afc2595ae8ed75b8bb8,smishing,risky_request_visible,a_risky_request_visible,303,0,development_readout,A,0.6443250039768078,1
review-96be0a4e61349470,msg-04b55107c00ee5b070d9,smishing,risky_request_visible,a_risky_request_visible,303,2,development_readout,A,0.6224998700357082,1
review-9751bc751be6b57c,msg-64a843bec3f3dce4ee45,smishing,risky_request_visible,a_risky_request_visible,303,2,development_readout,A,0.6750713121895667,1
review-9762bd209b88d2ac,msg-891bb14bf560270521ca,smishing,risky_request_visible,a_risky_request_visible,303,1,development_readout,A,0.7855035636669405,1
review-97dbf9fb83d5fd0a,msg-6301a4730ee412e86a8c,normal,promotion_without_clear_scam_request,a_not_risky_request_visible,303,0,development_readout,A,0.10681444058899003,0
review-9827872ee45caecd,msg-6632bfd7a0b259199dcf,smishing,risky_request_visible,a_risky_request_visible,303,2,development_readout,A,0.7126078512386251,1
review-9833d3f3d2c07833,msg-d787f40cfc7dbbe6778f,smishing,risky_request_visible,a_risky_request_visible,303,2,development_readout,A,0.6502353127231499,1
review-9848e1bfbd07911c,msg-f2873d2e33fdffabc808,normal,ordinary_notice_or_conversation_possible,a_not_risky_request_visible,303,2,development_readout,A,0.1151596874853421,0
review-98f41617c328173b,msg-c51643d14946078e7d57,smishing,risky_request_visible,a_risky_request_visible,303,1,development_readout,A,0.888702879494696,1
review-98f9751b78a4c31e,msg-06b44744cbf1ec56130e,normal,ordinary_notice_or_conversation_possible,a_not_risky_request_visible,303,2,development_readout,A,0.08577957627912951,0
review-99553665d7fa8d60,msg-ec2c63de47e93d56888f,normal,ordinary_notice_or_conversation_possible,a_not_risky_request_visible,303,2,development_readout,A,0.09419199511518549,0
review-9955e43648119f93,msg-c9f03e64293fb8bae46b,smishing,risky_request_visible,a_risky_request_visible,303,1,development_readout,A,0.6147242280004659,1
review-9a3f12ca280a1c8a,msg-9865307d8d5cb09874f2,normal,promotion_without_clear_scam_request,a_not_risky_request_visible,303,2,development_readout,A,0.24146278718643047,0
review-9ad68457d5c5ddfe,msg-ff1e050906d7cfd80b2a,smishing,risky_request_visible,a_risky_request_visible,303,0,development_readout,A,0.44491819074084454,0
review-9ca002eef5fabf4c,msg-a8d5485f9438f3ab5181,normal,ordinary_notice_or_conversation_possible,a_not_risky_request_visible,303,0,development_readout,A,0.08342518008445143,0
review-9d4c0bc5bb2de352,msg-7f6ef3389d8815ed454b,smishing,risky_request_visible,a_risky_request_visible,303,2,development_readout,A,0.5661079048080442,1
review-9db42b53975f21ce,msg-d44b95e16930e223469c,normal,promotion_without_clear_scam_request,a_not_risky_request_visible,303,2,development_readout,A,0.13827779516985264,0
review-9e59560a7b1c6aa2,msg-32ce2bf355f633f0fee5,smishing,promotion_without_clear_scam_request,a_not_risky_request_visible,303,0,development_readout,A,0.17953632813748283,0
review-a0157c7c504b2713,msg-75bb93c54e7c03e2de6b,smishing,risky_request_visible,a_risky_request_visible,303,1,development_readout,A,0.8869620510293749,1
review-a07cfcb07490d311,msg-5ce84ad96d59a95604b7,smishing,risky_request_visible,a_risky_request_visible,303,1,development_readout,A,0.6831929090060322,1
review-a1325d40440edcad,msg-b68194dccdbc6eeaa462,normal,ordinary_notice_or_conversation_possible,a_not_risky_request_visible,303,2,development_readout,A,0.08494862371444256,0
review-a17319837ff0f25f,msg-3c260868d8790e3220b2,smishing,risky_request_visible,a_risky_request_visible,303,1,development_readout,A,0.8751013019763054,1
review-a1b685810c820047,msg-46ca64892a1c3e660136,smishing,risky_request_visible,a_risky_request_visible,303,1,development_readout,A,0.8943770188258601,1
review-a5c8844b07d15249,msg-080a80350fda25ee4181,smishing,risky_request_visible,a_risky_request_visible,303,2,development_readout,A,0.6249570830558779,1
review-a737e63e0af5d4ad,msg-58763f1db8c40f82f590,normal,promotion_without_clear_scam_request,a_not_risky_request_visible,303,2,development_readout,A,0.10563150879599917,0
review-a93e9d44999fbedb,msg-7a5a0ef1560dbc98423a,normal,ordinary_notice_or_conversation_possible,a_not_risky_request_visible,303,1,development_readout,A,0.09781344677631999,0
review-a966f0861f64ccf4,msg-730ac32bb52515f362b7,smishing,risky_request_visible,a_risky_request_visible,303,1,development_readout,A,0.44319176334540966,0
review-aa0341109ceb1209,msg-46a9686cf4e9faeb9042,normal,ordinary_notice_or_conversation_possible,a_not_risky_request_visible,303,0,development_readout,A,0.13043370594354753,0
review-ac307e4a1651f014,msg-5dce72e90a11834ff054,smishing,risky_request_visible,a_risky_request_visible,303,2,development_readout,A,0.19215520012473816,0
review-acfda6dedbd0ac44,msg-7a9e8cba7f71a7789866,normal,ordinary_notice_or_conversation_possible,a_not_risky_request_visible,303,2,development_readout,A,0.13251946641461296,0
review-ae30eff1c5009634,msg-034e267652beee654b7d,normal,promotion_without_clear_scam_request,a_not_risky_request_visible,303,2,development_readout,A,0.11688535004156551,0
review-b0d0b31ce42bff6d,msg-80bd77dde6b57d4aa6b9,smishing,risky_request_visible,a_risky_request_visible,303,0,development_readout,A,0.20589002560629274,0
review-b1951ff1f4366cb0,msg-cced4520ab46379e15a2,normal,ordinary_notice_or_conversation_possible,a_not_risky_request_visible,303,1,development_readout,A,0.07656783135920404,0
review-b31a9429969a49d0,msg-462e7df5be571e9dec5d,normal,ordinary_notice_or_conversation_possible,a_not_risky_request_visible,303,1,development_readout,A,0.15941493223786646,0
review-b4838689e702ca9d,msg-fd7536693be17ff11e66,normal,ordinary_notice_or_conversation_possible,a_not_risky_request_visible,303,2,development_readout,A,0.09405962935526493,0
review-b495dcabfdc9e6bb,msg-c3e7d7b05d5a88764703,smishing,risky_request_visible,a_risky_request_visible,303,0,development_readout,A,0.15884497631262015,0
review-b4a140a400dd0bd4,msg-8d50f5b84f82748b30f4,smishing,risky_request_visible,a_risky_request_visible,303,2,development_readout,A,0.5524965910096693,1
review-b716d55654e9e174,msg-eac3f80ef98d49d5018b,normal,ordinary_notice_or_conversation_possible,a_not_risky_request_visible,303,2,development_readout,A,0.07254311294279511,0
review-b7db7bfa3479f4d7,msg-432734d9e15c6f93d376,normal,ordinary_notice_or_conversation_possible,a_not_risky_request_visible,303,1,development_readout,A,0.27146396443826637,0
review-b973d23ab4a680d4,msg-332a6ceef2ba82e72aee,normal,ordinary_notice_or_conversation_possible,a_not_risky_request_visible,303,1,development_readout,A,0.08902012365936637,0
review-bb5f23238e492978,msg-ae0b87b215621f5e8471,smishing,risky_request_visible,a_risky_request_visible,303,1,development_readout,A,0.8604412141216828,1
review-bbb9c61301495984,msg-d3591b5cc40dae36f63d,smishing,risky_request_visible,a_risky_request_visible,303,0,development_readout,A,0.7058270905113264,1
review-bbe916c0a5f13c5a,msg-a45a85532c29434e8b27,smishing,risky_request_visible,a_risky_request_visible,303,1,development_readout,A,0.8858386129336951,1
review-bc58d3e0a50d9226,msg-14251aa27469f753be0a,normal,ordinary_notice_or_conversation_possible,a_not_risky_request_visible,303,2,development_readout,A,0.10844391924350194,0
review-bc64860bdda53d26,msg-fe8267c63ab4ef9ceaa5,normal,ordinary_notice_or_conversation_possible,a_not_risky_request_visible,303,0,development_readout,A,0.05692035296681557,0
review-bc694d6c09671509,msg-70dcd4b0f26f61bdf407,normal,ordinary_notice_or_conversation_possible,a_not_risky_request_visible,303,1,development_readout,A,0.09937299820601157,0
review-bc805b9a7fefb4c4,msg-b42fe9f654595657fa35,smishing,risky_request_visible,a_risky_request_visible,303,0,development_readout,A,0.47256262370041463,0
review-bcc4f27e08342914,msg-8da1861e43112a887a4b,smishing,risky_request_visible,a_risky_request_visible,303,0,development_readout,A,0.696103527928221,1
review-bcc86610acb0f9ff,msg-6c850b57daa695a2a5bf,smishing,insufficient_context,a_not_risky_request_visible,303,1,development_readout,A,0.12989349187230695,0
review-bf29414211fedb11,msg-c484e73c51ddf79b7f8b,smishing,risky_request_visible,a_risky_request_visible,303,1,development_readout,A,0.8922017321621634,1
review-c3157c09e695c3c5,msg-f0a3f2387d520f4943e1,normal,promotion_without_clear_scam_request,a_not_risky_request_visible,303,0,development_readout,A,0.1520100704439176,0
review-c4368025a0827097,msg-115656ab7419963f3ec4,normal,ordinary_notice_or_conversation_possible,a_not_risky_request_visible,303,1,development_readout,A,0.21942223404428052,0
review-c882bcd351e72aee,msg-30a50896aabbd5f717a5,smishing,risky_request_visible,a_risky_request_visible,303,2,development_readout,A,0.9096928749286946,1
review-c964452f27eede18,msg-8cc13371612bd1cf432c,smishing,insufficient_context,a_not_risky_request_visible,303,2,development_readout,A,0.27160646405898586,0
review-c9eb20ef749cdb80,msg-96057ba4137a67242859,normal,promotion_without_clear_scam_request,a_not_risky_request_visible,303,2,development_readout,A,0.11810822359909313,0
review-ca1c52eb5a9e5a56,msg-383f97042ca6b0129236,normal,ordinary_notice_or_conversation_possible,a_not_risky_request_visible,303,1,development_readout,A,0.0569477450505641,0
review-ca722d1baa37caa6,msg-640a5ef11bb22eeb3dbc,smishing,risky_request_visible,a_risky_request_visible,303,1,development_readout,A,0.8995911429724458,1
review-cb32573abbb83f9f,msg-26e314f88d0d3eaafbd6,smishing,risky_request_visible,a_risky_request_visible,303,1,development_readout,A,0.9005038775451074,1
review-cbbc72e510f286e3,msg-cb107b27366c1e7283c6,smishing,risky_request_visible,a_risky_request_visible,303,0,development_readout,A,0.8880925072091932,1
review-cc4b16c2321274c0,msg-1737db0114226e8bb1b0,smishing,risky_request_visible,a_risky_request_visible,303,1,development_readout,A,0.8808439120303361,1
review-cfc0b12d1183e034,msg-a382e8e19124dfbd1cd5,normal,ordinary_notice_or_conversation_possible,a_not_risky_request_visible,303,1,development_readout,A,0.30151891087827454,0
review-cfc80bc1541032df,msg-a1d665898cb5cf4eee06,smishing,risky_request_visible,a_risky_request_visible,303,2,development_readout,A,0.9067047460139768,1
review-d09099c6189f497b,msg-255cba56e8f9f375b954,smishing,risky_request_visible,a_risky_request_visible,303,2,development_readout,A,0.3914630592863553,1
review-d0b2291f671afb13,msg-69107f37830e441acc20,smishing,risky_request_visible,a_risky_request_visible,303,2,development_readout,A,0.4346059249013155,1
review-d1ba629d1b0c0386,msg-3a166a3d426428da952d,smishing,insufficient_context,a_not_risky_request_visible,303,0,development_readout,A,0.12492846508439011,0
review-d23755346e397e0d,msg-215f563424e984687bea,normal,ordinary_notice_or_conversation_possible,a_not_risky_request_visible,303,1,development_readout,A,0.0758899201721134,0
review-d4f84d432e0d6d48,msg-94e0ae16541345a3f768,normal,ordinary_notice_or_conversation_possible,a_not_risky_request_visible,303,2,development_readout,A,0.11808371782143066,0
review-d5b560692f11bda9,msg-20cb262bf7645dfe36d5,normal,ordinary_notice_or_conversation_possible,a_not_risky_request_visible,303,1,development_readout,A,0.09003630053602973,0
review-d684b0c9ae6eb28a,msg-b46e8faecd246cf1967d,smishing,risky_request_visible,a_risky_request_visible,303,1,development_readout,A,0.6882784324192678,1
review-d6877eb437269499,msg-d6441157b1184c30f6c0,normal,ordinary_notice_or_conversation_possible,a_not_risky_request_visible,303,0,development_readout,A,0.12624851302536758,0
review-d6c4551ca894cc5c,msg-bbab9487a685ac85d931,smishing,risky_request_visible,a_risky_request_visible,303,1,development_readout,A,0.8610732003830017,1
review-d7a5aa91a1e9ef4b,msg-963560a696c2068b11aa,normal,promotion_without_clear_scam_request,a_not_risky_request_visible,303,1,development_readout,A,0.13298988305782283,0
review-d7e6ea82c0cbb7e9,msg-89bb289b1bdb8f41022f,normal,ordinary_notice_or_conversation_possible,a_not_risky_request_visible,303,2,development_readout,A,0.08915887496541909,0
review-d870679fd6d01453,msg-7e320859ea45595a0398,smishing,promotion_without_clear_scam_request,a_not_risky_request_visible,303,1,development_readout,A,0.5664171864723757,1
review-d885dde988ff81fc,msg-e9f133abd48046d0b082,smishing,risky_request_visible,a_risky_request_visible,303,2,development_readout,A,0.7588047418688383,1
review-d927fc30b0eb9634,msg-1af26a10b08f45f41fde,smishing,risky_request_visible,a_risky_request_visible,303,1,development_readout,A,0.42281570251557843,0
review-da0a87e60e534a8c,msg-817a4fa89633430e990d,normal,ordinary_notice_or_conversation_possible,a_not_risky_request_visible,303,0,development_readout,A,0.09340586931718668,0
review-da5d8fa9864e211c,msg-65f4a5c0b197a96bdac3,normal,ordinary_notice_or_conversation_possible,a_not_risky_request_visible,303,1,development_readout,A,0.0830937052165997,0
review-dc7c7acfd6e2db79,msg-b183e7136605118fd86a,normal,promotion_without_clear_scam_request,a_not_risky_request_visible,303,0,development_readout,A,0.4670186291496798,0
review-dd9532439f290332,msg-d03214baadc38bd1336c,normal,ordinary_notice_or_conversation_possible,a_not_risky_request_visible,303,2,development_readout,A,0.13046836800579215,0
review-e384094846a41b50,msg-705817f4922c88c5ecc5,smishing,risky_request_visible,a_risky_request_visible,303,0,development_readout,A,0.6968447728990937,1
review-e447ae957587a31d,msg-0590a0a811adf41d19c4,smishing,risky_request_visible,a_risky_request_visible,303,1,development_readout,A,0.7175515829559428,1
review-e4dca6a839df1435,msg-d7dccf71e0387df73450,normal,ordinary_notice_or_conversation_possible,a_not_risky_request_visible,303,0,development_readout,A,0.15802201600363627,0
review-e511d7b76f480bc7,msg-c12f37d2560f5acf8fc5,smishing,risky_request_visible,a_risky_request_visible,303,1,development_readout,A,0.8998963960439332,1
review-e58d1b3575c7e041,msg-60b7b814308d63263bea,smishing,risky_request_visible,a_risky_request_visible,303,1,development_readout,A,0.728735799539909,1
review-e597199623b7b146,msg-35ad6d03750726a74248,normal,ordinary_notice_or_conversation_possible,a_not_risky_request_visible,303,0,development_readout,A,0.21549099887296722,0
review-e5c8c789729e554c,msg-d028b9185e67164eda89,normal,ordinary_notice_or_conversation_possible,a_not_risky_request_visible,303,0,development_readout,A,0.14256490266034583,0
review-e8eebbe27a7969d0,msg-26a403cb7e86084e2d88,normal,ordinary_notice_or_conversation_possible,a_not_risky_request_visible,303,2,development_readout,A,0.1470294538971688,0
review-e945ebd4e9533666,msg-6ca0de4ebc5d9da5342b,smishing,risky_request_visible,a_risky_request_visible,303,1,development_readout,A,0.9001361134014504,1
review-e9f675e3299ddb73,msg-74894396e30aa7e375f2,normal,ordinary_notice_or_conversation_possible,a_not_risky_request_visible,303,0,development_readout,A,0.309890019829797,0
review-ec018bdef14b4dce,msg-ef69592a53abe3a01b4d,smishing,risky_request_visible,a_risky_request_visible,303,0,development_readout,A,0.8609136902115233,1
review-ecc7155e591dec16,msg-7b45fdda561c81cabe19,smishing,risky_request_visible,a_risky_request_visible,303,1,development_readout,A,0.6028104393041455,1
review-ed0223c36d93b8cb,msg-cfa0236fa8a0f40916bd,normal,promotion_without_clear_scam_request,a_not_risky_request_visible,303,2,development_readout,A,0.37446233090763875,1
review-ed9460d363c32a66,msg-33b4946b6aa1c5826e5b,normal,ordinary_notice_or_conversation_possible,a_not_risky_request_visible,303,0,development_readout,A,0.12990123082478258,0
review-ee314103593cc397,msg-3382d5781a64d5167a9f,smishing,risky_request_visible,a_risky_request_visible,303,0,development_readout,A,0.19381080954061616,0
review-eef1587711f81f11,msg-2bf3512c4b917049d8d1,normal,ordinary_notice_or_conversation_possible,a_not_risky_request_visible,303,1,development_readout,A,0.07555699670801035,0
review-f02182e8f70df196,msg-b789ac48b433840d97a1,smishing,risky_request_visible,a_risky_request_visible,303,2,development_readout,A,0.3431189572308864,1
review-f0b50460d98d4502,msg-95c382e5e68482d54b53,smishing,risky_request_visible,a_risky_request_visible,303,1,development_readout,A,0.6865637867918999,1
review-f0f2fce9301b3378,msg-e7a80c477afb0cccfac0,normal,ordinary_notice_or_conversation_possible,a_not_risky_request_visible,303,0,development_readout,A,0.07855461038835995,0
review-f296f965b5850c48,msg-fbcc5b098e1b1d189d50,normal,promotion_without_clear_scam_request,a_not_risky_request_visible,303,1,development_readout,A,0.10432260079648324,0
review-f2b62cb8a35fddc1,msg-44342a1ca335e0df03ca,smishing,risky_request_visible,a_risky_request_visible,303,0,development_readout,A,0.5169249651706894,0
review-f2c9ba7c14a8e7f4,msg-cbeab8aa1cb4e1328216,smishing,risky_request_visible,a_risky_request_visible,303,1,development_readout,A,0.9017559836742433,1
review-f44ca51cbbeda00a,msg-b16b1f045aab2ea4a56f,smishing,risky_request_visible,a_risky_request_visible,303,0,development_readout,A,0.908200038561764,1
review-f69dbdcfebf56998,msg-6dd3cea31f51bc6f063d,smishing,risky_request_visible,a_risky_request_visible,303,2,development_readout,A,0.5704575372906013,1
review-f6f3c364cb66f280,msg-67f89394e1696666880c,normal,ordinary_notice_or_conversation_possible,a_not_risky_request_visible,303,0,development_readout,A,0.11812003514776666,0
review-f778efc9b041eb43,msg-7a8ba417b2f4e2650e1b,normal,ordinary_notice_or_conversation_possible,a_not_risky_request_visible,303,1,development_readout,A,0.14989912526063823,0
review-f7a215d9e903b41d,msg-910004461353a81fdfb7,smishing,promotion_without_clear_scam_request,a_not_risky_request_visible,303,0,development_readout,A,0.6036224393905779,1
review-f8f57cab36b5e4f9,msg-0b0747a39cdb82046f16,normal,ordinary_notice_or_conversation_possible,a_not_risky_request_visible,303,1,development_readout,A,0.1911169722551082,0
review-f9733f5a3ed15ba1,msg-c545ce4cd13f2f30e4db,smishing,risky_request_visible,a_risky_request_visible,303,1,development_readout,A,0.8993661516653549,1
review-f9b9a4279458f732,msg-5bf22a260fc90f900243,smishing,risky_request_visible,a_risky_request_visible,303,2,development_readout,A,0.6369432576235607,1
review-f9d950de655d05cd,msg-5ef02907cd1045cb54a8,smishing,risky_request_visible,a_risky_request_visible,303,2,development_readout,A,0.2674318794933645,0
review-fb2667a6a62b9c38,msg-c2539bcbb168ad9fac37,normal,ordinary_notice_or_conversation_possible,a_not_risky_request_visible,303,2,development_readout,A,0.0973275128953063,0
review-fd0999fd546bfed8,msg-fe1928a9a24b4573d509,smishing,risky_request_visible,a_risky_request_visible,303,0,development_readout,A,0.8609114498492685,1
review-fd4a4694d748b8f1,msg-8292e9166caa8ab05265,smishing,risky_request_visible,a_risky_request_visible,303,2,development_readout,A,0.3834658237467735,1
review-fdc12fa3cc3d98a8,msg-37fd1ef16190049166d2,smishing,risky_request_visible,a_risky_request_visible,303,0,development_readout,A,0.8759111325920607,1
review-fef8e7e55d89aaf1,msg-f0265af2067049f392b6,smishing,risky_request_visible,a_risky_request_visible,303,2,development_readout,A,0.6155920181873351,1
review-ff7824303811b880,msg-3a8d13b5b7957521ed9d,smishing,risky_request_visible,a_risky_request_visible,303,1,development_readout,A,0.6195062568378236,1
review-014f431cdb07954a,msg-0c6dfbf2de170e52a942,smishing,risky_request_visible,a_risky_request_visible,303,2,threshold_calibration,A,0.2898840048030198,0
review-0191505287bc42c3,msg-125422950bbf2894b298,normal,ordinary_notice_or_conversation_possible,a_not_risky_request_visible,303,0,threshold_calibration,A,0.10723544936446702,0
review-022dede98715a30c,msg-873db1de4a30a9f5c623,normal,ordinary_notice_or_conversation_possible,a_not_risky_request_visible,303,0,threshold_calibration,A,0.10118214974104656,0
review-0238870c30ef790e,msg-d2b85b2279d55f17aa61,smishing,risky_request_visible,a_risky_request_visible,303,2,threshold_calibration,A,0.13463961998663102,0
review-02ed9a9204fc5c8c,msg-8af5cc4194464b481799,smishing,risky_request_visible,a_risky_request_visible,303,0,threshold_calibration,A,0.6129265105947849,1
review-06745995f913ed5c,msg-fb9fed8f5353c19f4482,normal,ordinary_notice_or_conversation_possible,a_not_risky_request_visible,303,1,threshold_calibration,A,0.11688720333317007,0
review-06fe91fac978687e,msg-a83bb61726a247a6e1e1,normal,promotion_without_clear_scam_request,a_not_risky_request_visible,303,0,threshold_calibration,A,0.07859321876969624,0
review-07c0fb876beabf4b,msg-cdcf2dfc7474190999c3,smishing,promotion_without_clear_scam_request,a_not_risky_request_visible,303,1,threshold_calibration,A,0.637435796584479,1
review-09f8a52a643bde75,msg-a190594f2bffb92ea5e6,normal,ordinary_notice_or_conversation_possible,a_not_risky_request_visible,303,0,threshold_calibration,A,0.21061114349878857,0
review-09f9fd98d92b31c5,msg-cbb14d3ea8b4c356543b,smishing,risky_request_visible,a_risky_request_visible,303,1,threshold_calibration,A,0.3352030997839121,0
review-0ba297695cc9a600,msg-593cd80d2ef7e33546ac,normal,ordinary_notice_or_conversation_possible,a_not_risky_request_visible,303,0,threshold_calibration,A,0.2729917079572735,0
review-0bf0da403c12d587,msg-b7800f4db5faf73f5f6d,smishing,risky_request_visible,a_risky_request_visible,303,1,threshold_calibration,A,0.8433173751978774,1
review-0bfbacbb2760394c,msg-ccf0e6a8ef2af65aced4,smishing,risky_request_visible,a_risky_request_visible,303,2,threshold_calibration,A,0.5770171446310158,1
review-0ce89002b27ae13e,msg-b3850b9d024fcf99c238,normal,ordinary_notice_or_conversation_possible,a_not_risky_request_visible,303,2,threshold_calibration,A,0.21824180577486746,0
review-0d61809b41685d2f,msg-3056e20984e704228691,normal,ordinary_notice_or_conversation_possible,a_not_risky_request_visible,303,0,threshold_calibration,A,0.08294653993104978,0
review-0d9dd805ae2674a4,msg-f65015ec6d6ca9ef912c,smishing,risky_request_visible,a_risky_request_visible,303,2,threshold_calibration,A,0.6075289634257187,1
review-0f7f12381c38278e,msg-001d594cae67fd50f532,normal,promotion_without_clear_scam_request,a_not_risky_request_visible,303,1,threshold_calibration,A,0.11951437944773162,0
review-105735240253acfe,msg-882fdf4a57682ebb0be2,smishing,risky_request_visible,a_risky_request_visible,303,2,threshold_calibration,A,0.5526376803094406,1
review-10e329e8873017e2,msg-4d92830c608f0547ddb4,smishing,risky_request_visible,a_risky_request_visible,303,2,threshold_calibration,A,0.6482332781611282,1
review-137a8d7cde64d50f,msg-b66553208ce35fd6531e,normal,ordinary_notice_or_conversation_possible,a_not_risky_request_visible,303,2,threshold_calibration,A,0.11150910056255504,0
review-143e404949a72860,msg-9ab97598b92cc2549f26,smishing,risky_request_visible,a_risky_request_visible,303,1,threshold_calibration,A,0.9129490851772775,1
review-1820dec42f5ec2ca,msg-04d0a9cdecc5e27abe30,smishing,risky_request_visible,a_risky_request_visible,303,1,threshold_calibration,A,0.5720757968377862,1
review-19d11b9f743aa049,msg-58f85354ff60f8afada7,smishing,risky_request_visible,a_risky_request_visible,303,2,threshold_calibration,A,0.5662936686156673,1
review-1a4aa7992820ca2a,msg-f6bc1ff296dcef8d3f5e,smishing,risky_request_visible,a_risky_request_visible,303,0,threshold_calibration,A,0.7098153467645474,1
review-1a60e1bd37131802,msg-7347b19b9989a8b7563c,normal,ordinary_notice_or_conversation_possible,a_not_risky_request_visible,303,0,threshold_calibration,A,0.12938654066277525,0
review-1b01c3e70a5cd621,msg-598291dbde5006fce551,smishing,risky_request_visible,a_risky_request_visible,303,0,threshold_calibration,A,0.4854286873351205,0
review-1bee5d35c3ae9550,msg-0a348fcb6248b2e02712,smishing,risky_request_visible,a_risky_request_visible,303,2,threshold_calibration,A,0.5273146316184534,1
review-1c32fedd4b32dd06,msg-b3fecdca68993f39816e,normal,promotion_without_clear_scam_request,a_not_risky_request_visible,303,2,threshold_calibration,A,0.08948667595448177,0
review-1c42c25c32f5bd82,msg-397c7d1d69e93306e43f,smishing,risky_request_visible,a_risky_request_visible,303,2,threshold_calibration,A,0.8403194637006034,1
review-1e450b71c02e190a,msg-fde8fe5d8c4f6fbf52c2,smishing,risky_request_visible,a_risky_request_visible,303,2,threshold_calibration,A,0.4951674968270707,1
review-1e479c4a302f356c,msg-1306cfdbb1eb6413c2f3,smishing,risky_request_visible,a_risky_request_visible,303,1,threshold_calibration,A,0.1385293296969351,0
review-1ea0789836e39e65,msg-50ce9ce367d7506d1b34,smishing,risky_request_visible,a_risky_request_visible,303,0,threshold_calibration,A,0.6826072469754284,1
review-2324027bc353cb29,msg-69cdd029e53ee97a620b,smishing,risky_request_visible,a_risky_request_visible,303,2,threshold_calibration,A,0.6524572493126315,1
review-23e4e9eb29dd8f93,msg-22e08f4c05ba067b383e,normal,ordinary_notice_or_conversation_possible,a_not_risky_request_visible,303,2,threshold_calibration,A,0.21813719037794738,0
review-25ec7d62ea3d7444,msg-7f85a9711cbc0aa393d6,smishing,risky_request_visible,a_risky_request_visible,303,2,threshold_calibration,A,0.1884529670117818,0
review-260a39866b3feb51,msg-81198fc0b9b05d10f4d1,normal,ordinary_notice_or_conversation_possible,a_not_risky_request_visible,303,1,threshold_calibration,A,0.09870143942413996,0
review-2705653809f7ad8f,msg-c847ea1fe73639b29741,normal,ordinary_notice_or_conversation_possible,a_not_risky_request_visible,303,0,threshold_calibration,A,0.2416390025401964,0
review-270f57eba07d36f4,msg-aa1ffdd49e000415678a,smishing,risky_request_visible,a_risky_request_visible,303,2,threshold_calibration,A,0.5537527548714316,1
review-2769abe8fc6ffd87,msg-45d3204953ffb0ec89ee,normal,ordinary_notice_or_conversation_possible,a_not_risky_request_visible,303,2,threshold_calibration,A,0.13139897245508614,0
review-27c93b924b9803a0,msg-18949d0a510e2e71cd5c,smishing,risky_request_visible,a_risky_request_visible,303,0,threshold_calibration,A,0.7481642131127824,1
review-27fee91252ef3d87,msg-0d7a1d02c979a5575363,normal,ordinary_notice_or_conversation_possible,a_not_risky_request_visible,303,2,threshold_calibration,A,0.17285368345196164,0
review-293586512b140a4e,msg-df9036abd2017f6f6be1,smishing,risky_request_visible,a_risky_request_visible,303,2,threshold_calibration,A,0.3653459546812054,1
review-2b3f3a2d3b9504b2,msg-a9571e0d77539178ffc3,normal,ordinary_notice_or_conversation_possible,a_not_risky_request_visible,303,1,threshold_calibration,A,0.3164166517902087,0
review-2b5a69423072c0ba,msg-258cc86a999cd351f9ca,normal,insufficient_context,a_not_risky_request_visible,303,0,threshold_calibration,A,0.07453573680783307,0
review-2d80e47aaaa42543,msg-207b27eff27f4988fb0f,normal,ordinary_notice_or_conversation_possible,a_not_risky_request_visible,303,2,threshold_calibration,A,0.2186986180817342,0
review-2dcd34cb42910200,msg-97b2b6ee95ed7d920877,smishing,risky_request_visible,a_risky_request_visible,303,0,threshold_calibration,A,0.596661327106959,1
review-2f31bd2c29ca07dd,msg-4301d7c49f5367242765,normal,ordinary_notice_or_conversation_possible,a_not_risky_request_visible,303,2,threshold_calibration,A,0.07977746677615359,0
review-300c4c657ef26689,msg-8d4de978440b72ca4a45,normal,ordinary_notice_or_conversation_possible,a_not_risky_request_visible,303,1,threshold_calibration,A,0.18287730348330342,0
review-326317e54a445bed,msg-df3f29c9891147e7f846,smishing,risky_request_visible,a_risky_request_visible,303,1,threshold_calibration,A,0.9077013328222294,1
review-3398cc98a1b87648,msg-e33a5ed03522052013db,smishing,risky_request_visible,a_risky_request_visible,303,0,threshold_calibration,A,0.6630278034200899,1
review-363f281df3bd9ba4,msg-36bc461d0aefe348462d,normal,promotion_without_clear_scam_request,a_not_risky_request_visible,303,1,threshold_calibration,A,0.12834288509742398,0
review-364329807a65a090,msg-0be5e1e2bd038f3a1a24,smishing,risky_request_visible,a_risky_request_visible,303,0,threshold_calibration,A,0.41115998735850956,0
review-370202b258208735,msg-fc0286653fb100798da2,smishing,risky_request_visible,a_risky_request_visible,303,2,threshold_calibration,A,0.34883955588771526,1
review-37141dd75c3875fc,msg-372c6f62456bfbc0a7d9,normal,ordinary_notice_or_conversation_possible,a_not_risky_request_visible,303,0,threshold_calibration,A,0.08744873620351451,0
review-37bb8af10a6775e3,msg-c1aa2ee82e014406c58e,smishing,insufficient_context,a_not_risky_request_visible,303,1,threshold_calibration,A,0.4405363642145551,0
review-37c64855b20334c3,msg-000be99f5f9d9c3967c4,normal,insufficient_context,a_not_risky_request_visible,303,0,threshold_calibration,A,0.08921990100123108,0
review-383246308e1d9552,msg-2536b5c581cb3fe10fe2,normal,risky_request_visible,a_risky_request_visible,303,0,threshold_calibration,A,0.08729342197666921,0
review-39a836fe3d87fa33,msg-758bd093f61744be66f6,normal,ordinary_notice_or_conversation_possible,a_not_risky_request_visible,303,2,threshold_calibration,A,0.0839771069287364,0
review-39e0fa05577bfbae,msg-551d213c037c9c6eab04,smishing,risky_request_visible,a_risky_request_visible,303,1,threshold_calibration,A,0.8961240795458603,1
review-3a343dbd60efe3c5,msg-e91ad896bc07a339c9ae,normal,promotion_without_clear_scam_request,a_not_risky_request_visible,303,0,threshold_calibration,A,0.10261154856565413,0
review-3abe5c96847ee3b9,msg-e7c4d2ebb04e62e880b5,normal,ordinary_notice_or_conversation_possible,a_not_risky_request_visible,303,1,threshold_calibration,A,0.12012779625095012,0
review-4034e1976e7caf3d,msg-a8f8f501a69d1d5855ba,normal,ordinary_notice_or_conversation_possible,a_not_risky_request_visible,303,2,threshold_calibration,A,0.07821911724071431,0
review-417d1a94491a5069,msg-a24654d3ad544c08124e,normal,promotion_without_clear_scam_request,a_not_risky_request_visible,303,2,threshold_calibration,A,0.08130985005129832,0
review-41e7242cf53f7aec,msg-414effb98a09982ec13d,normal,promotion_without_clear_scam_request,a_not_risky_request_visible,303,0,threshold_calibration,A,0.10540556610299831,0
review-47389333283368dc,msg-32e17f91821e085e067c,smishing,risky_request_visible,a_risky_request_visible,303,1,threshold_calibration,A,0.7787695623459512,1
review-48f7182245c9e551,msg-a52c445339e75c5638c4,smishing,ordinary_notice_or_conversation_possible,a_not_risky_request_visible,303,2,threshold_calibration,A,0.3547674104159299,1
review-49230d04e233f44b,msg-88466b364e697e810f29,normal,promotion_without_clear_scam_request,a_not_risky_request_visible,303,2,threshold_calibration,A,0.2103297664554917,0
review-4aad735ff43af908,msg-d1f2ce6a48cfd3ddc352,smishing,ordinary_notice_or_conversation_possible,a_not_risky_request_visible,303,0,threshold_calibration,A,0.20677743225396872,0
review-4aafcfede478ed2e,msg-42b716ae90c55a680465,smishing,risky_request_visible,a_risky_request_visible,303,1,threshold_calibration,A,0.7373201900235712,1
review-4b7d3212a375f3c3,msg-e32c03f7fd12569b45d4,smishing,risky_request_visible,a_risky_request_visible,303,2,threshold_calibration,A,0.5628717770431841,1
review-4bc7fe6f6685e5b0,msg-6a306e2d77b134423cff,smishing,risky_request_visible,a_risky_request_visible,303,1,threshold_calibration,A,0.25330858005837337,0
review-4be490099efed608,msg-1ba73bfe47e950778408,smishing,risky_request_visible,a_risky_request_visible,303,2,threshold_calibration,A,0.6562985012166093,1
review-4db7bde369258db0,msg-6dd03ec5f1c618ada2c5,smishing,risky_request_visible,a_risky_request_visible,303,1,threshold_calibration,A,0.6081227560760364,1
review-4dee15ae26647c57,msg-12bf543cc6f8c5b10b0a,normal,ordinary_notice_or_conversation_possible,a_not_risky_request_visible,303,0,threshold_calibration,A,0.09421443983948063,0
review-50913d75a97def28,msg-59fc050be5af6ecad8a5,smishing,risky_request_visible,a_risky_request_visible,303,1,threshold_calibration,A,0.5085901979411999,1
review-50eaadd4d0f17b7f,msg-7ebb94a273063e6a25f7,normal,ordinary_notice_or_conversation_possible,a_not_risky_request_visible,303,2,threshold_calibration,A,0.11826644738755937,0
review-5176dde30e249277,msg-a95d096bdce327f3ec58,normal,ordinary_notice_or_conversation_possible,a_not_risky_request_visible,303,2,threshold_calibration,A,0.12834537640900692,0
review-5192f26c12526af0,msg-46cf015971a39796118d,normal,risky_request_visible,a_risky_request_visible,303,2,threshold_calibration,A,0.3157034880439059,0
review-5201c5937ee64b08,msg-bb5a4640eee306e11287,smishing,risky_request_visible,a_risky_request_visible,303,2,threshold_calibration,A,0.5259958385505605,1
review-53c35a92e8d9dc2a,msg-d521b3868f2aa0b03976,normal,ordinary_notice_or_conversation_possible,a_not_risky_request_visible,303,1,threshold_calibration,A,0.341313888176178,0
review-53cc92ecebb430c9,msg-e602e76abd3350bfd137,normal,ordinary_notice_or_conversation_possible,a_not_risky_request_visible,303,1,threshold_calibration,A,0.10612223515357044,0
review-543aeb75302230e1,msg-7e2ff44dc281462ddd2c,normal,ordinary_notice_or_conversation_possible,a_not_risky_request_visible,303,0,threshold_calibration,A,0.09784260441415447,0
review-54a4b61c2ddb946a,msg-d867888f40ccdc430a1d,normal,promotion_without_clear_scam_request,a_not_risky_request_visible,303,1,threshold_calibration,A,0.08807983831329444,0
review-55155ad766375eb6,msg-2512e3e666de174caf80,normal,promotion_without_clear_scam_request,a_not_risky_request_visible,303,0,threshold_calibration,A,0.18162961937318406,0
review-5582aae305ae4193,msg-50997c3a965c36ff8cbc,normal,promotion_without_clear_scam_request,a_not_risky_request_visible,303,0,threshold_calibration,A,0.11735994937569486,0
review-563b94c3e75e8c6d,msg-3943c098759d93b5d20b,smishing,risky_request_visible,a_risky_request_visible,303,0,threshold_calibration,A,0.22489387503229216,0
review-56f61182338ec612,msg-791874081029523d4d1d,smishing,risky_request_visible,a_risky_request_visible,303,0,threshold_calibration,A,0.5386656677481053,1
review-573127865357f88a,msg-6f84d9cc313db045b133,normal,ordinary_notice_or_conversation_possible,a_not_risky_request_visible,303,1,threshold_calibration,A,0.09362131986487461,0
review-5784e41a45931326,msg-f2c24a6dc6cb602f2b03,smishing,risky_request_visible,a_risky_request_visible,303,1,threshold_calibration,A,0.30928965113386575,0
review-588539dd497a5994,msg-eb5f2cc2527297a7b5a3,smishing,risky_request_visible,a_risky_request_visible,303,1,threshold_calibration,A,0.5337813061843711,1
review-591262c8bdf0034a,msg-1cfca21a07370919433a,smishing,ordinary_notice_or_conversation_possible,a_not_risky_request_visible,303,2,threshold_calibration,A,0.31369617581957576,0
review-5915bce9f0ed137d,msg-e395baa51463221daebc,normal,insufficient_context,a_not_risky_request_visible,303,1,threshold_calibration,A,0.1719137926273701,0
review-5a49e43857a6f8f0,msg-a4b7e6d3b527691e9a05,smishing,risky_request_visible,a_risky_request_visible,303,2,threshold_calibration,A,0.14379929298752542,0
review-5a7aed2fa9914ccd,msg-c51a29b00765bbce70ab,normal,ordinary_notice_or_conversation_possible,a_not_risky_request_visible,303,2,threshold_calibration,A,0.18540952069993893,0
review-5b8a47398769e7ef,msg-380c22214f611250512c,normal,ordinary_notice_or_conversation_possible,a_not_risky_request_visible,303,0,threshold_calibration,A,0.16114413718839732,0
review-5bd99d54544ce7e3,msg-9517e9c73490ca66a042,normal,promotion_without_clear_scam_request,a_not_risky_request_visible,303,2,threshold_calibration,A,0.23432112318531295,0
review-5c5069cca8a5add0,msg-0efb0ebfb655d5c5c6d3,normal,promotion_without_clear_scam_request,a_not_risky_request_visible,303,1,threshold_calibration,A,0.10852670910250876,0
review-5c8fb855522635b0,msg-8583f1e4ed2f6a4435f1,normal,ordinary_notice_or_conversation_possible,a_not_risky_request_visible,303,2,threshold_calibration,A,0.1047735225037465,0
review-5cdeba2735509611,msg-ae080cc622858f685d5a,smishing,risky_request_visible,a_risky_request_visible,303,1,threshold_calibration,A,0.8460449362302812,1
review-5d4e3193863f1946,msg-02ba53db573bb7d15551,smishing,risky_request_visible,a_risky_request_visible,303,0,threshold_calibration,A,0.7428905555886405,1
review-5f54bbc511caaded,msg-542efb3f41bad8a46794,normal,ordinary_notice_or_conversation_possible,a_not_risky_request_visible,303,0,threshold_calibration,A,0.12360115129378275,0
review-5f5dd240c73902fa,msg-702b7967e690569fc457,normal,promotion_without_clear_scam_request,a_not_risky_request_visible,303,0,threshold_calibration,A,0.08859224152699172,0
review-5fad6c92922b1924,msg-d7ae6177f242cd43abef,normal,insufficient_context,a_not_risky_request_visible,303,1,threshold_calibration,A,0.15534062623128284,0
review-613647025d825449,msg-c2dbf3f9ef08a79aafdb,normal,ordinary_notice_or_conversation_possible,a_not_risky_request_visible,303,0,threshold_calibration,A,0.20473102439315766,0
review-61fef2c9ced4f942,msg-660c2fd797c40f8e55ca,normal,ordinary_notice_or_conversation_possible,a_not_risky_request_visible,303,2,threshold_calibration,A,0.26809857558488237,0
review-65037cf8dfccb4af,msg-4a1016a531744e654831,normal,promotion_without_clear_scam_request,a_not_risky_request_visible,303,2,threshold_calibration,A,0.10220228835248228,0
review-6521774e33af014d,msg-9b1f08af6e0ef529c373,normal,ordinary_notice_or_conversation_possible,a_not_risky_request_visible,303,0,threshold_calibration,A,0.20854991375776583,0
review-65c507e4203143d6,msg-fa95489fe7c0dfeb2251,smishing,risky_request_visible,a_risky_request_visible,303,1,threshold_calibration,A,0.7649389230560519,1
review-66516cd6e1b084bc,msg-a67739cacf95ee18716c,normal,ordinary_notice_or_conversation_possible,a_not_risky_request_visible,303,1,threshold_calibration,A,0.2219182656760852,0
review-6925d1d5c92f5e6d,msg-44953d9e4eb6da25905d,normal,ordinary_notice_or_conversation_possible,a_not_risky_request_visible,303,0,threshold_calibration,A,0.22594245266165552,0
review-6ae02f39f51553d5,msg-6ea3d783002f06a87f20,smishing,risky_request_visible,a_risky_request_visible,303,2,threshold_calibration,A,0.7255089666083305,1
review-6b90760350513e04,msg-f20701505d9754bbd32d,normal,ordinary_notice_or_conversation_possible,a_not_risky_request_visible,303,1,threshold_calibration,A,0.40724115577558806,0
review-6c345dd95982d152,msg-6abd20ac3d54a1acb08f,smishing,risky_request_visible,a_risky_request_visible,303,0,threshold_calibration,A,0.6866821884212941,1
review-6f695f49e7ab13e0,msg-8356b29b26dab4a93304,normal,ordinary_notice_or_conversation_possible,a_not_risky_request_visible,303,0,threshold_calibration,A,0.2522182220740368,0
review-737f8fd0571ce3c6,msg-c41cc6431e9d998e3d0b,smishing,insufficient_context,a_not_risky_request_visible,303,0,threshold_calibration,A,0.4298190025755715,0
review-747ccc19ddd0a65f,msg-2b77caba18e48a22b597,normal,ordinary_notice_or_conversation_possible,a_not_risky_request_visible,303,1,threshold_calibration,A,0.13449834630769733,0
review-755768c5838e2f29,msg-e2997981817c30d525be,smishing,risky_request_visible,a_risky_request_visible,303,2,threshold_calibration,A,0.6663375966607366,1
review-75ab06f0d698d679,msg-f273e56e9277fab3062d,smishing,risky_request_visible,a_risky_request_visible,303,1,threshold_calibration,A,0.4600688864501669,0
review-75f8aea8c65c0cb2,msg-944b6913babee30e1aa4,smishing,risky_request_visible,a_risky_request_visible,303,0,threshold_calibration,A,0.8783767737267663,1
review-76a47d926f91413e,msg-81c59d9e2363e29c4af7,normal,ordinary_notice_or_conversation_possible,a_not_risky_request_visible,303,1,threshold_calibration,A,0.08745632034514973,0
review-787b7c042622aae0,msg-b3943f3bacab6f799477,normal,promotion_without_clear_scam_request,a_not_risky_request_visible,303,2,threshold_calibration,A,0.08319946511941916,0
review-790151d3979b5cf2,msg-05a81159578289c50343,normal,ordinary_notice_or_conversation_possible,a_not_risky_request_visible,303,1,threshold_calibration,A,0.07172254652284027,0
review-7977c3d1276873c7,msg-68e127127a540d65f679,normal,ordinary_notice_or_conversation_possible,a_not_risky_request_visible,303,1,threshold_calibration,A,0.18382298014243664,0
review-7a761126add20b55,msg-14afe15514eab65aba06,smishing,risky_request_visible,a_risky_request_visible,303,0,threshold_calibration,A,0.817551726814933,1
review-7b32c18f837c52f3,msg-906c8805c776e5912484,normal,risky_request_visible,a_risky_request_visible,303,2,threshold_calibration,A,0.17821250376560815,0
review-7cbff1d715e4b2f0,msg-565ddb5f77c920c58378,normal,promotion_without_clear_scam_request,a_not_risky_request_visible,303,0,threshold_calibration,A,0.136214919422546,0
review-7d4271562f20ae7d,msg-0f3c1de813a299c535f9,normal,promotion_without_clear_scam_request,a_not_risky_request_visible,303,1,threshold_calibration,A,0.13630980931161638,0
review-8039ca8a8d71147c,msg-d7d609114f737190d087,smishing,risky_request_visible,a_risky_request_visible,303,1,threshold_calibration,A,0.45482459756362575,0
review-80aaf5285dff5d52,msg-f5342ad5453afafa654a,normal,promotion_without_clear_scam_request,a_not_risky_request_visible,303,1,threshold_calibration,A,0.08996795029175118,0
review-81b1a3bc8dfb1982,msg-4ab82cc3b14da8846e8f,normal,ordinary_notice_or_conversation_possible,a_not_risky_request_visible,303,2,threshold_calibration,A,0.09924608681846563,0
review-833c087c0ab5f903,msg-9fd68b8a09c8f103465e,smishing,insufficient_context,a_not_risky_request_visible,303,1,threshold_calibration,A,0.6019051221526008,1
review-83bf04c6b634cf0b,msg-b677ced3e884ac5d5c3c,normal,promotion_without_clear_scam_request,a_not_risky_request_visible,303,2,threshold_calibration,A,0.2777012859406003,0
review-869ed6a92825209e,msg-ebf36f8049d0506e786b,smishing,risky_request_visible,a_risky_request_visible,303,0,threshold_calibration,A,0.41097461468519836,0
review-87fb862754461a9e,msg-0d54c7b740e366837504,normal,promotion_without_clear_scam_request,a_not_risky_request_visible,303,1,threshold_calibration,A,0.06197661576093008,0
review-8815f8f3d2cf8ddd,msg-c411a659d87891c23018,normal,ordinary_notice_or_conversation_possible,a_not_risky_request_visible,303,2,threshold_calibration,A,0.2714878724996326,0
review-8a9a3331b5fa55b8,msg-c77a2ab7f5ebcb835ce1,normal,ordinary_notice_or_conversation_possible,a_not_risky_request_visible,303,0,threshold_calibration,A,0.3979192084515344,0
review-8acb2fdf0b998c44,msg-442633ffd7cc37f8a891,smishing,risky_request_visible,a_risky_request_visible,303,2,threshold_calibration,A,0.544001075773581,1
review-8c9379e6d07693b9,msg-be03c5915bdd7e2e4314,smishing,risky_request_visible,a_risky_request_visible,303,0,threshold_calibration,A,0.16433756956564888,0
review-8e3e294dce3f381b,msg-5d0a2376083daf8a9bde,normal,ordinary_notice_or_conversation_possible,a_not_risky_request_visible,303,2,threshold_calibration,A,0.07139725617573636,0
review-8f6994cbd2075acd,msg-47b3b6a2b2a28bdf7fb9,smishing,risky_request_visible,a_risky_request_visible,303,2,threshold_calibration,A,0.5799166054087157,1
review-901aa5f6d890357c,msg-74012a11f8d7a0e2cbd2,smishing,risky_request_visible,a_risky_request_visible,303,0,threshold_calibration,A,0.8776086397151751,1
review-92a8bdc500ce598c,msg-b0731c666ab671570088,smishing,risky_request_visible,a_risky_request_visible,303,1,threshold_calibration,A,0.8469508310469668,1
review-92e977f1b9f64cdd,msg-3deb3a161a23b32aea25,smishing,risky_request_visible,a_risky_request_visible,303,2,threshold_calibration,A,0.5432647738192674,1
review-936c9b094a62d464,msg-c8e57aa3882734555677,normal,ordinary_notice_or_conversation_possible,a_not_risky_request_visible,303,1,threshold_calibration,A,0.10211990558131685,0
review-93d84a89e42aa2d2,msg-08ce7d2baeca7acc8b65,smishing,risky_request_visible,a_risky_request_visible,303,1,threshold_calibration,A,0.6436834401958532,1
review-93e39f35ad377da3,msg-64cdca546bafdc9324f0,normal,ordinary_notice_or_conversation_possible,a_not_risky_request_visible,303,2,threshold_calibration,A,0.1563267592002299,0
review-94b8ffc8b0784e28,msg-75d8feb50109f84a12cc,normal,ordinary_notice_or_conversation_possible,a_not_risky_request_visible,303,2,threshold_calibration,A,0.06560818139696203,0
review-95b51a345d37bf9b,msg-1c7e06763517aa4b43bf,smishing,risky_request_visible,a_risky_request_visible,303,1,threshold_calibration,A,0.3805406161929605,0
review-962656fa6b00f587,msg-cce4c00da9a7d9f77c32,normal,promotion_without_clear_scam_request,a_not_risky_request_visible,303,2,threshold_calibration,A,0.10794743692088468,0
review-973274a88b5aa1db,msg-706b91df031716838257,normal,ordinary_notice_or_conversation_possible,a_not_risky_request_visible,303,1,threshold_calibration,A,0.09109126924541541,0
review-97b3b26bd7e8a65a,msg-359327bd4e7edc3cb5ba,normal,insufficient_context,a_not_risky_request_visible,303,0,threshold_calibration,A,0.09939920525939984,0
review-97eb58f77becd57e,msg-991e31887c4954366165,normal,promotion_without_clear_scam_request,a_not_risky_request_visible,303,2,threshold_calibration,A,0.0909866249132333,0
review-982aea7aee2bfd5b,msg-3189e01199a2f10ad163,smishing,risky_request_visible,a_risky_request_visible,303,0,threshold_calibration,A,0.8612205885345776,1
review-9a4ea6655a8a5a4f,msg-df3170271394537db9ca,normal,promotion_without_clear_scam_request,a_not_risky_request_visible,303,1,threshold_calibration,A,0.2059180789639214,0
review-9a6d46e3500865e5,msg-db804cd0d3465516e4ad,smishing,risky_request_visible,a_risky_request_visible,303,0,threshold_calibration,A,0.7294034768779946,1
review-9bf729353718fab4,msg-9ce453dc5d619e51234f,normal,ordinary_notice_or_conversation_possible,a_not_risky_request_visible,303,1,threshold_calibration,A,0.052571517799589185,0
review-9c83743cb64ceb5e,msg-dc4ff0d2d722a2c6cbac,normal,ordinary_notice_or_conversation_possible,a_not_risky_request_visible,303,2,threshold_calibration,A,0.19886963056438287,0
review-9c94f8c84f214457,msg-79fa0f109f0555707dca,smishing,risky_request_visible,a_risky_request_visible,303,0,threshold_calibration,A,0.22328943903696347,0
review-9dcbf9222596e8de,msg-142bb92fb41d9cbcef5f,normal,ordinary_notice_or_conversation_possible,a_not_risky_request_visible,303,0,threshold_calibration,A,0.3175096672078493,0
review-9e77e04ddb3e3ff6,msg-374fc9d1a57bc673b881,smishing,risky_request_visible,a_risky_request_visible,303,2,threshold_calibration,A,0.8522374142362925,1
review-9ec13abc1ec360b9,msg-053785582f2d9ed1abb9,normal,ordinary_notice_or_conversation_possible,a_not_risky_request_visible,303,0,threshold_calibration,A,0.14873812200071118,0
review-a00070320560c3ff,msg-eaeafeff80833a0c2e24,normal,risky_request_visible,a_risky_request_visible,303,1,threshold_calibration,A,0.5162184163409251,1
review-a003a34f2b7224ae,msg-ed3a4e31c52d999f2ab4,normal,ordinary_notice_or_conversation_possible,a_not_risky_request_visible,303,1,threshold_calibration,A,0.1019202164548135,0
review-a077aa771a77e44f,msg-a37b49f0af9136126259,normal,ordinary_notice_or_conversation_possible,a_not_risky_request_visible,303,0,threshold_calibration,A,0.13423760985555824,0
review-a0abc212fe654fe2,msg-e8f6c41fc42d524da26b,smishing,risky_request_visible,a_risky_request_visible,303,0,threshold_calibration,A,0.8253167311830502,1
review-a1c208b7e2a31834,msg-cfebfff6180461481c77,smishing,risky_request_visible,a_risky_request_visible,303,1,threshold_calibration,A,0.5568798144382042,1
review-a31dcf3587c938e0,msg-69f98ce7e1a685df8515,smishing,risky_request_visible,a_risky_request_visible,303,1,threshold_calibration,A,0.6398390155139225,1
review-a3348ee784bf419a,msg-ff64a4e11508a5dc7000,smishing,risky_request_visible,a_risky_request_visible,303,2,threshold_calibration,A,0.8624422322888107,1
review-a3b8e31a589bfbf6,msg-72b62dcb8e0666cea243,smishing,risky_request_visible,a_risky_request_visible,303,2,threshold_calibration,A,0.6124070486599267,1
review-a55cc489390f4d15,msg-a11408f53fc97d32784a,smishing,risky_request_visible,a_risky_request_visible,303,0,threshold_calibration,A,0.6857446376698348,1
review-a5e01613dff9b90c,msg-5f72ce400186780556af,normal,promotion_without_clear_scam_request,a_not_risky_request_visible,303,2,threshold_calibration,A,0.12042854077945041,0
review-a884f7c925b47633,msg-0d319b74ea12c910e557,smishing,risky_request_visible,a_risky_request_visible,303,2,threshold_calibration,A,0.5167623727629669,1
review-a8b302c46a81110b,msg-a923033b51733c278a32,normal,ordinary_notice_or_conversation_possible,a_not_risky_request_visible,303,1,threshold_calibration,A,0.08284775389959381,0
review-ab5082605dd6822e,msg-caea04347391d8ade4f5,smishing,risky_request_visible,a_risky_request_visible,303,2,threshold_calibration,A,0.5527035769304797,1
review-abfd0300b3e94bc9,msg-c6cb9735117d0df6bed5,normal,promotion_without_clear_scam_request,a_not_risky_request_visible,303,1,threshold_calibration,A,0.10789075318378281,0
review-aca9116d8021bfae,msg-ee6bc320eef92aaba68d,smishing,risky_request_visible,a_risky_request_visible,303,0,threshold_calibration,A,0.4403506334090158,0
review-ad512146de7da940,msg-c26a0b124b37127b90ce,smishing,risky_request_visible,a_risky_request_visible,303,1,threshold_calibration,A,0.7176406563524846,1
review-ad7039ac6a9ced27,msg-c81c5b25a163ca19481f,normal,ordinary_notice_or_conversation_possible,a_not_risky_request_visible,303,2,threshold_calibration,A,0.08142134685027877,0
review-add578e780e46b65,msg-219e4e28472310285851,normal,promotion_without_clear_scam_request,a_not_risky_request_visible,303,2,threshold_calibration,A,0.151357580963836,0
review-aefdc599d52d1968,msg-ce6e8882987410ea9dcb,normal,risky_request_visible,a_risky_request_visible,303,1,threshold_calibration,A,0.20002319110736244,0
review-af3cd140e815bf14,msg-76ea500b769d004670c6,normal,ordinary_notice_or_conversation_possible,a_not_risky_request_visible,303,2,threshold_calibration,A,0.13887906815077133,0
review-b1335825efb8b815,msg-b01d387c5717587aaf48,normal,ordinary_notice_or_conversation_possible,a_not_risky_request_visible,303,0,threshold_calibration,A,0.3119358006583491,0
review-b354a4224eb298ed,msg-03c2102e41eb110e0262,smishing,risky_request_visible,a_risky_request_visible,303,1,threshold_calibration,A,0.726927996322316,1
review-b4f3af03fab1d1b9,msg-ca0bba4719e18ebdea2c,smishing,risky_request_visible,a_risky_request_visible,303,1,threshold_calibration,A,0.30891046945104805,0
review-b52505e7e689a4b8,msg-362b479a08fa48892f2e,normal,promotion_without_clear_scam_request,a_not_risky_request_visible,303,0,threshold_calibration,A,0.12548202548819154,0
review-b75a5cafe4180fd6,msg-a850f5749efcb9c4f6a0,smishing,ordinary_notice_or_conversation_possible,a_not_risky_request_visible,303,0,threshold_calibration,A,0.4155465069713075,0
review-b7a4aa1c4b4f5a68,msg-ea43ef2af5abd7033448,normal,insufficient_context,a_not_risky_request_visible,303,0,threshold_calibration,A,0.2514188012591693,0
review-b853cb37dc6b6e11,msg-51ae98811a8fd7ee3107,normal,ordinary_notice_or_conversation_possible,a_not_risky_request_visible,303,2,threshold_calibration,A,0.13832979002031254,0
review-b894aa9bff1613dc,msg-0f99b5457812bf9368a9,smishing,risky_request_visible,a_risky_request_visible,303,0,threshold_calibration,A,0.6892474673891994,1
review-b8b4a371ec215d7c,msg-6ad7fc559a70473d3c43,normal,ordinary_notice_or_conversation_possible,a_not_risky_request_visible,303,0,threshold_calibration,A,0.3176497391591997,0
review-baf06dfd954e1b3a,msg-2e3856be0b06e36d853e,smishing,risky_request_visible,a_risky_request_visible,303,1,threshold_calibration,A,0.8623343918879119,1
review-bb9c36d01d5155e0,msg-5af06b6771a844fe1037,smishing,risky_request_visible,a_risky_request_visible,303,2,threshold_calibration,A,0.5193424859320276,1
review-bc1ad3d6715f9dab,msg-e19e83293fb47143aa18,normal,promotion_without_clear_scam_request,a_not_risky_request_visible,303,1,threshold_calibration,A,0.08858047440010337,0
review-bc5e0069bbad7d67,msg-ccfb4bcf7b100e873356,normal,ordinary_notice_or_conversation_possible,a_not_risky_request_visible,303,1,threshold_calibration,A,0.09763356799274281,0
review-bc9e9750ed2f2246,msg-9807f366fd3a944bee02,normal,ordinary_notice_or_conversation_possible,a_not_risky_request_visible,303,2,threshold_calibration,A,0.16894001984604304,0
review-bd2ee152f3f0a48a,msg-25ac7d2717cde23a4116,normal,ordinary_notice_or_conversation_possible,a_not_risky_request_visible,303,2,threshold_calibration,A,0.18742897153131916,0
review-be260e01d39a8550,msg-bbb84b4c518d7fb445cd,smishing,risky_request_visible,a_risky_request_visible,303,0,threshold_calibration,A,0.9451003204632803,1
review-be8ac302beaaaa38,msg-504e4d980601e6913b67,normal,ordinary_notice_or_conversation_possible,a_not_risky_request_visible,303,1,threshold_calibration,A,0.17176680810116243,0
review-bee3f43cbc979cc9,msg-4d9ff4113e4ed5d9e90c,smishing,risky_request_visible,a_risky_request_visible,303,2,threshold_calibration,A,0.2799816554421822,0
review-bef01b9f140416fa,msg-538e9bd6dde7a1aba023,normal,promotion_without_clear_scam_request,a_not_risky_request_visible,303,2,threshold_calibration,A,0.21991210980845535,0
review-bf5160f31d278f7b,msg-c051b9c58babed147478,normal,ordinary_notice_or_conversation_possible,a_not_risky_request_visible,303,0,threshold_calibration,A,0.11698019890952428,0
review-bf5fe000a4a8d9d5,msg-bcaba0c0cd46c0149e2b,smishing,risky_request_visible,a_risky_request_visible,303,0,threshold_calibration,A,0.21746020064911087,0
review-bfec2c5d687b5e5a,msg-171c4288e43e466f5427,normal,ordinary_notice_or_conversation_possible,a_not_risky_request_visible,303,0,threshold_calibration,A,0.29139353023698855,0
review-c0dec81b7dec22c5,msg-36f813c46481d09c7f14,normal,ordinary_notice_or_conversation_possible,a_not_risky_request_visible,303,0,threshold_calibration,A,0.21524189319988526,0
review-c1f9d74965cc6d56,msg-9f008694d2e9f838eeaa,smishing,risky_request_visible,a_risky_request_visible,303,1,threshold_calibration,A,0.6629925318156025,1
review-c20d5a744e2d1992,msg-08bbc870048b82597982,normal,ordinary_notice_or_conversation_possible,a_not_risky_request_visible,303,1,threshold_calibration,A,0.1092105118852352,0
review-c279584d5ab81989,msg-ac699df7f9a7b4400d68,smishing,risky_request_visible,a_risky_request_visible,303,2,threshold_calibration,A,0.5562590437856669,1
review-c2b11fa0a2c3336f,msg-18146f4aa7a10243efff,normal,ordinary_notice_or_conversation_possible,a_not_risky_request_visible,303,1,threshold_calibration,A,0.12543651794173344,0
review-c386fdd922078a37,msg-c21e147ebc288236d642,normal,ordinary_notice_or_conversation_possible,a_not_risky_request_visible,303,1,threshold_calibration,A,0.17460431786506442,0
review-c45238e439e91c4d,msg-165866e6104c7226a8e8,smishing,risky_request_visible,a_risky_request_visible,303,0,threshold_calibration,A,0.5516257419826515,1
review-c58fb60504f6d9d8,msg-fb1d46a056dbeb985081,smishing,risky_request_visible,a_risky_request_visible,303,1,threshold_calibration,A,0.4041104897916398,0
review-c68883cf7ada6886,msg-e8325082747f144e0b1f,smishing,risky_request_visible,a_risky_request_visible,303,2,threshold_calibration,A,0.46016971404062196,1
review-c7968cd6c3d1f959,msg-13d13b63af525be88c8e,normal,ordinary_notice_or_conversation_possible,a_not_risky_request_visible,303,1,threshold_calibration,A,0.06515525533077374,0
review-c7acc1ae1037b569,msg-9ae5d9f225d18d759f00,smishing,risky_request_visible,a_risky_request_visible,303,1,threshold_calibration,A,0.7307011210470999,1
review-c7e00bcebb9cbe94,msg-3eff4af4ff261cda8b13,normal,ordinary_notice_or_conversation_possible,a_not_risky_request_visible,303,0,threshold_calibration,A,0.26264040168469643,0
review-c7f76b1e1d80f49a,msg-47c423de9b8595f121a9,smishing,risky_request_visible,a_risky_request_visible,303,0,threshold_calibration,A,0.2059806638127451,0
review-c854f5ffb64bf3eb,msg-f2f023ae46a3f625f5ba,normal,ordinary_notice_or_conversation_possible,a_not_risky_request_visible,303,1,threshold_calibration,A,0.15775445091332768,0
review-c9bef77585bdd4e8,msg-2dbc56f9e20b89a67a13,smishing,risky_request_visible,a_risky_request_visible,303,1,threshold_calibration,A,0.4078318544665563,0
review-c9d8f2fd31ea0b7f,msg-4d670f74ef64914e9b0e,normal,promotion_without_clear_scam_request,a_not_risky_request_visible,303,1,threshold_calibration,A,0.15720297642606829,0
review-cb23ce2b380ce815,msg-a81e33bc3946b0ae2550,normal,ordinary_notice_or_conversation_possible,a_not_risky_request_visible,303,2,threshold_calibration,A,0.275954469087784,0
review-cb28a9106aef5505,msg-67de13a82fafaf8c3980,smishing,risky_request_visible,a_risky_request_visible,303,2,threshold_calibration,A,0.6745493079890403,1
review-cc41f3f4cb6e8629,msg-cd74555c5078c89aa225,smishing,risky_request_visible,a_risky_request_visible,303,2,threshold_calibration,A,0.6689718915925869,1
review-cd10401423c3d046,msg-90e4dfdb43017952dbb4,normal,ordinary_notice_or_conversation_possible,a_not_risky_request_visible,303,0,threshold_calibration,A,0.08686499731882542,0
review-cd39c34a5496687f,msg-28b8f57d24c88ea1fd3b,normal,ordinary_notice_or_conversation_possible,a_not_risky_request_visible,303,2,threshold_calibration,A,0.06267636731859724,0
review-ce1c5319370b9470,msg-ae8747db917382e06db2,smishing,risky_request_visible,a_risky_request_visible,303,1,threshold_calibration,A,0.397888177003919,0
review-cf59c2e5933f9fa2,msg-43d155d969d978189fb2,smishing,risky_request_visible,a_risky_request_visible,303,2,threshold_calibration,A,0.6372149497541008,1
review-cf827f0ca2b4b9a5,msg-4e0bd498f47b89599ea6,smishing,risky_request_visible,a_risky_request_visible,303,2,threshold_calibration,A,0.286352002139145,0
review-d14a67c8f86c82a4,msg-f96269b2a48486c1fd45,normal,ordinary_notice_or_conversation_possible,a_not_risky_request_visible,303,1,threshold_calibration,A,0.14689988466030615,0
review-d17c9fec5ba94c27,msg-0833b822c08cc170dc26,smishing,risky_request_visible,a_risky_request_visible,303,1,threshold_calibration,A,0.6285886758439044,1
review-d1b2ce556231d1b9,msg-1a13d7e1a0a296d7e9ac,normal,promotion_without_clear_scam_request,a_not_risky_request_visible,303,1,threshold_calibration,A,0.14227701406148993,0
review-d1df54b7c0853995,msg-a19d969edbd3e4c563b7,normal,promotion_without_clear_scam_request,a_not_risky_request_visible,303,0,threshold_calibration,A,0.06958837475766765,0
review-d27b1f741c6ce442,msg-d3e25a130f49e24fec59,normal,ordinary_notice_or_conversation_possible,a_not_risky_request_visible,303,1,threshold_calibration,A,0.09504556850180063,0
review-d299ebb8c45a2f94,msg-0b586f5fca364bbc8c8d,smishing,insufficient_context,a_not_risky_request_visible,303,0,threshold_calibration,A,0.14152147880219335,0
review-d29c44ff7ec787ac,msg-18c2c8f93f103cd63104,normal,promotion_without_clear_scam_request,a_not_risky_request_visible,303,1,threshold_calibration,A,0.1725862332416806,0
review-d33ca86cba802688,msg-e2900c16a353e5f15c43,smishing,risky_request_visible,a_risky_request_visible,303,2,threshold_calibration,A,0.6222162399739206,1
review-d3b4daac66058960,msg-2819ed8636ecdee04bb3,normal,promotion_without_clear_scam_request,a_not_risky_request_visible,303,2,threshold_calibration,A,0.13339332873231508,0
review-d51050ea94555e33,msg-8dfc55b831e0422aaaf3,normal,ordinary_notice_or_conversation_possible,a_not_risky_request_visible,303,2,threshold_calibration,A,0.09428325305968899,0
review-d51a67f2e9911b52,msg-9412881b9906d37a2304,normal,ordinary_notice_or_conversation_possible,a_not_risky_request_visible,303,0,threshold_calibration,A,0.08703806900931593,0
review-d5cad39f16073736,msg-6b991d00ca9722186569,normal,promotion_without_clear_scam_request,a_not_risky_request_visible,303,2,threshold_calibration,A,0.1418764918408197,0
review-d86e9dceafb57f52,msg-b1cc1dadab2abab75849,smishing,risky_request_visible,a_risky_request_visible,303,0,threshold_calibration,A,0.7142251797217303,1
review-db2e98df10b7ea70,msg-c3a7447e038aacfc0b56,normal,ordinary_notice_or_conversation_possible,a_not_risky_request_visible,303,1,threshold_calibration,A,0.15548298149794523,0
review-dbbbfc8d3d158c2b,msg-19fa68b2542d83a61f79,smishing,risky_request_visible,a_risky_request_visible,303,2,threshold_calibration,A,0.6068902254411933,1
review-dcfd0dc2773c1fc2,msg-efd9fc3fa5aed3568aff,smishing,risky_request_visible,a_risky_request_visible,303,1,threshold_calibration,A,0.7547989191452469,1
review-dd1fb20a78a6cb60,msg-0c3c82dfb168fc722263,normal,ordinary_notice_or_conversation_possible,a_not_risky_request_visible,303,1,threshold_calibration,A,0.11631966727925921,0
review-dd797ac5b4317bd3,msg-be92dc94342f95bbcf5d,smishing,risky_request_visible,a_risky_request_visible,303,2,threshold_calibration,A,0.839376058636077,1
review-dd85b84b55bb501f,msg-c7ae71424b0756ee528c,smishing,risky_request_visible,a_risky_request_visible,303,1,threshold_calibration,A,0.6887039691954673,1
review-de8af5907865c3e9,msg-8d5b64a36fbb3eb71e78,smishing,risky_request_visible,a_risky_request_visible,303,1,threshold_calibration,A,0.3903230118023639,0
review-e058b93119484125,msg-64eeb1b2fa95ac8fb479,smishing,risky_request_visible,a_risky_request_visible,303,0,threshold_calibration,A,0.8465264268044479,1
review-e0a264aecc7ee1b0,msg-b08b74714736c2364217,normal,ordinary_notice_or_conversation_possible,a_not_risky_request_visible,303,1,threshold_calibration,A,0.40672804388128153,0
review-e0ac9753946feca9,msg-1cbe6cc1748e7262b5ab,smishing,risky_request_visible,a_risky_request_visible,303,2,threshold_calibration,A,0.38709450458387373,1
review-e1afcc76f28c4344,msg-957a54f95f91a63ee653,normal,ordinary_notice_or_conversation_possible,a_not_risky_request_visible,303,1,threshold_calibration,A,0.057626066056236346,0
review-e23fed0689d23954,msg-5bc65501f76a2d9c35b3,smishing,promotion_without_clear_scam_request,a_not_risky_request_visible,303,0,threshold_calibration,A,0.3752005017130637,0
review-e244a46bb3c89288,msg-b49a70f3593e3f36b11d,smishing,risky_request_visible,a_risky_request_visible,303,2,threshold_calibration,A,0.4846959020729877,1
review-e2fd25cde06b2e07,msg-871f6b0c52c58905dd41,normal,promotion_without_clear_scam_request,a_not_risky_request_visible,303,1,threshold_calibration,A,0.17439281265929155,0
review-e3520951883c1b51,msg-80d20dbfca1307061530,normal,promotion_without_clear_scam_request,a_not_risky_request_visible,303,0,threshold_calibration,A,0.11573082370757469,0
review-e432c718725ac7ae,msg-b372318bcb95d9f5bf57,normal,ordinary_notice_or_conversation_possible,a_not_risky_request_visible,303,0,threshold_calibration,A,0.231472434956199,0
review-e63efe4044e2aa11,msg-79b01393dcc39d7d282a,smishing,risky_request_visible,a_risky_request_visible,303,1,threshold_calibration,A,0.9143831596595182,1
review-e736bb0c132d2dc8,msg-bf0dfb1e1aef571e6dfa,smishing,promotion_without_clear_scam_request,a_not_risky_request_visible,303,1,threshold_calibration,A,0.6025027775325801,1
review-e8170ecaf09d95c1,msg-e863bf00fb6dbfb816f3,normal,ordinary_notice_or_conversation_possible,a_not_risky_request_visible,303,1,threshold_calibration,A,0.10041217763633206,0
review-ea8461ed56afeacc,msg-ad517b34fab57cf3b438,normal,ordinary_notice_or_conversation_possible,a_not_risky_request_visible,303,1,threshold_calibration,A,0.1305398445232287,0
review-eb5bbbe4e99a6f72,msg-aae535e14decd836abac,normal,ordinary_notice_or_conversation_possible,a_not_risky_request_visible,303,1,threshold_calibration,A,0.1857207046624843,0
review-ecf66ae7e447041e,msg-443a84cea11014478b84,smishing,risky_request_visible,a_risky_request_visible,303,2,threshold_calibration,A,0.6900504318785661,1
review-ed79a40573a23e85,msg-6f4d5cc6a56a922f2113,normal,promotion_without_clear_scam_request,a_not_risky_request_visible,303,0,threshold_calibration,A,0.19287588675249023,0
review-ed8aaee3f91ea267,msg-a319a3ad3f700d7f3e15,normal,promotion_without_clear_scam_request,a_not_risky_request_visible,303,2,threshold_calibration,A,0.07393888509840334,0
review-edccbb4371a90711,msg-bb52082aaa2a867204a8,smishing,risky_request_visible,a_risky_request_visible,303,2,threshold_calibration,A,0.8445171421268367,1
review-ee537a73bef42552,msg-a50c3f07d1c4116a5aae,normal,ordinary_notice_or_conversation_possible,a_not_risky_request_visible,303,2,threshold_calibration,A,0.17295731733087757,0
review-f160feeb48ff21ee,msg-441e65241cda094c5e2a,smishing,risky_request_visible,a_risky_request_visible,303,1,threshold_calibration,A,0.3388644185902101,0
review-f278c035dcc448b5,msg-69e20b477e1f38d22287,normal,ordinary_notice_or_conversation_possible,a_not_risky_request_visible,303,0,threshold_calibration,A,0.09578494652574372,0
review-f360abb82bcec3c4,msg-7a14eb32b51e33537f72,smishing,risky_request_visible,a_risky_request_visible,303,0,threshold_calibration,A,0.8568967118698427,1
review-f48d763f6c721c5c,msg-05ce5c3a427de58a9e8d,smishing,risky_request_visible,a_risky_request_visible,303,2,threshold_calibration,A,0.6546207122115001,1
review-f50f53a543208b94,msg-8c649a088b7f6eb07a65,smishing,risky_request_visible,a_risky_request_visible,303,1,threshold_calibration,A,0.2220268763200401,0
review-f68968ff35ec4bea,msg-3f37d9bd39aa22dc8368,normal,ordinary_notice_or_conversation_possible,a_not_risky_request_visible,303,1,threshold_calibration,A,0.10174564478180731,0
review-f7fbd3ab7a66e194,msg-8884dfa40bd5b5ff02f7,normal,promotion_without_clear_scam_request,a_not_risky_request_visible,303,2,threshold_calibration,A,0.1530702640970261,0
review-f9bfaa738fc7db78,msg-22666adef1260ae5f9a4,normal,ordinary_notice_or_conversation_possible,a_not_risky_request_visible,303,0,threshold_calibration,A,0.16394239448342884,0
review-fbd669140c0c37bb,msg-299b1f56db41d7b2e7c2,normal,ordinary_notice_or_conversation_possible,a_not_risky_request_visible,303,0,threshold_calibration,A,0.1915864729911747,0
review-fcb737070b879e4f,msg-63be477f140adc17e396,normal,ordinary_notice_or_conversation_possible,a_not_risky_request_visible,303,2,threshold_calibration,A,0.12339712374330242,0
review-fcba197835dbe421,msg-c9a0f816a24bd3e21470,smishing,risky_request_visible,a_risky_request_visible,303,1,threshold_calibration,A,0.4895150967093807,1
review-fd55ea1d04c7fc3b,msg-44deb8ec94adc01da101,normal,promotion_without_clear_scam_request,a_not_risky_request_visible,303,0,threshold_calibration,A,0.042638458919338956,0
review-fe1822167edb9625,msg-bee493f64946ad6b35a4,normal,promotion_without_clear_scam_request,a_not_risky_request_visible,303,0,threshold_calibration,A,0.09166633129599944,0
review-ff1ff6c1bdbeaee2,msg-35a30cfabb7c40cc1912,normal,ordinary_notice_or_conversation_possible,a_not_risky_request_visible,303,1,threshold_calibration,A,0.11084447553687005,0
review-ff57873bcca80e84,msg-0d5b420dd958137f34fc,smishing,insufficient_context,a_not_risky_request_visible,303,1,threshold_calibration,A,0.7310364850660556,1
review-ff61b33b22cf09db,msg-f83fe7e80b1199988bc6,smishing,insufficient_context,a_not_risky_request_visible,303,2,threshold_calibration,A,0.35238675924108387,1
review-0056707322867f9e,msg-bfebdfbc523c88d22afe,normal,ordinary_notice_or_conversation_possible,a_not_risky_request_visible,303,0,development_readout,C,0.05013938470356865,0
review-01692c85b4c6e394,msg-86b2b582f59b8ef3cb9d,normal,ordinary_notice_or_conversation_possible,a_not_risky_request_visible,303,2,development_readout,C,0.16980847901372373,0
review-019e598ca75a2604,msg-51d91745aaf7c70cfe66,normal,ordinary_notice_or_conversation_possible,a_not_risky_request_visible,303,0,development_readout,C,0.07797071506501417,0
review-01daae558c8120c5,msg-a5fe2c7068a39a897fd5,normal,ordinary_notice_or_conversation_possible,a_not_risky_request_visible,303,2,development_readout,C,0.11297134615460613,0
review-031c270e33784faf,msg-7b77eedddff4504d9db0,smishing,risky_request_visible,a_risky_request_visible,303,2,development_readout,C,0.43390948315612227,1
review-0364c25d14e8bb7d,msg-ba7ace3a75e45b91726c,smishing,risky_request_visible,a_risky_request_visible,303,1,development_readout,C,0.9402578480864238,1
review-05ba384c6ab030f1,msg-0cf1f701a15c54d26789,normal,ordinary_notice_or_conversation_possible,a_not_risky_request_visible,303,0,development_readout,C,0.20853527499023153,0
review-062650e5c03db7b3,msg-736f82ab7ef68bca67fc,smishing,risky_request_visible,a_risky_request_visible,303,2,development_readout,C,0.38110127780063296,1
review-0651a6827875d503,msg-6dcdcd189e5593455a49,smishing,risky_request_visible,a_risky_request_visible,303,2,development_readout,C,0.9584136978762643,1
review-06613e1d63363778,msg-bd04b75032f0dfc2ee62,normal,promotion_without_clear_scam_request,a_not_risky_request_visible,303,0,development_readout,C,0.12033614122783307,0
review-06e6ec96dd763a34,msg-3be783148c7ea591a6af,normal,promotion_without_clear_scam_request,a_not_risky_request_visible,303,1,development_readout,C,0.15157360501349257,0
review-075ea585da5cae15,msg-7013d5e6af2e769f406d,smishing,risky_request_visible,a_risky_request_visible,303,2,development_readout,C,0.957356022991655,1
review-0822c98e66707747,msg-29c545e52c9813e635fa,normal,promotion_without_clear_scam_request,a_not_risky_request_visible,303,1,development_readout,C,0.14242766849304092,0
review-09dc7d3fa6246119,msg-82c1c5902ccf0f6cb441,normal,ordinary_notice_or_conversation_possible,a_not_risky_request_visible,303,0,development_readout,C,0.1712199847562193,0
review-0bc7f01b43b4a4f4,msg-4d26af1bd51a813c0839,normal,promotion_without_clear_scam_request,a_not_risky_request_visible,303,2,development_readout,C,0.16021076974781173,0
review-0c756099e821ef26,msg-3de91ab063f18e6782bf,smishing,risky_request_visible,a_risky_request_visible,303,1,development_readout,C,0.3995740930676169,0
review-0cf62fd6142f6cb4,msg-2c0ffb2240bce4f0412b,smishing,risky_request_visible,a_risky_request_visible,303,2,development_readout,C,0.7591001376309567,1
review-0ddce31c46b4331c,msg-018ff56a19f05b63f7f1,normal,promotion_without_clear_scam_request,a_not_risky_request_visible,303,0,development_readout,C,0.13482304084671115,0
review-0e3787ec2948234d,msg-f90fed3e0ba73a7afd40,smishing,risky_request_visible,a_risky_request_visible,303,1,development_readout,C,0.9310717811596043,1
review-0e9363ce9bcb57c2,msg-a6db8f1ba339b796c36c,smishing,risky_request_visible,a_risky_request_visible,303,1,development_readout,C,0.5712745014320891,1
review-0f5e5787e2464fe3,msg-31a602d9c77f86749c5b,smishing,risky_request_visible,a_risky_request_visible,303,0,development_readout,C,0.9449406977497755,1
review-10dcb33dda6d5472,msg-1de8402778c0caa023de,smishing,risky_request_visible,a_risky_request_visible,303,2,development_readout,C,0.9598078142775406,1
review-10f0da95f3fdd21e,msg-58b952e19b37c0bc3c3c,normal,ordinary_notice_or_conversation_possible,a_not_risky_request_visible,303,2,development_readout,C,0.12071494676116926,0
review-127bc1671c3021e3,msg-b3d3b6b29fae9b4cd139,smishing,risky_request_visible,a_risky_request_visible,303,2,development_readout,C,0.3437823845720915,0
review-12aedba2ef212671,msg-52cabfe559de650270d0,smishing,risky_request_visible,a_risky_request_visible,303,1,development_readout,C,0.9423504413367241,1
review-131ed5d9023fe8e1,msg-879b8233c4a44252fb2e,normal,promotion_without_clear_scam_request,a_not_risky_request_visible,303,0,development_readout,C,0.1680865305378211,0
review-13ce66de75a8d3fc,msg-8827961dbffea331a040,smishing,risky_request_visible,a_risky_request_visible,303,2,development_readout,C,0.9458040040836074,1
review-13e7350b6f9c843d,msg-6ef4e4d3849c3f2458f9,smishing,risky_request_visible,a_risky_request_visible,303,0,development_readout,C,0.2132670639399312,0
review-1502532d7fb02e2b,msg-51961afc9b6d2bb950c4,smishing,risky_request_visible,a_risky_request_visible,303,0,development_readout,C,0.45507950997877117,0
review-1538fa93f259c264,msg-1d4f07b23c605c358a53,normal,ordinary_notice_or_conversation_possible,a_not_risky_request_visible,303,0,development_readout,C,0.21178243390228127,0
review-15f5cb8ca60e63e7,msg-93f6493043538f04abba,smishing,risky_request_visible,a_risky_request_visible,303,2,development_readout,C,0.6400874484725005,1
review-170c904128c3b75d,msg-44ffbd69abef95d6b971,smishing,risky_request_visible,a_risky_request_visible,303,1,development_readout,C,0.80577291877459,1
review-17bb16430527761d,msg-8a95db5cf464c51ec8bb,smishing,risky_request_visible,a_risky_request_visible,303,0,development_readout,C,0.4694206316542536,0
review-19cc4ce8b1dbe415,msg-e9e131d9372380a167cf,smishing,risky_request_visible,a_risky_request_visible,303,2,development_readout,C,0.340081174787433,0
review-1b29308cb4906d02,msg-7894af8fe183ef59232f,smishing,risky_request_visible,a_risky_request_visible,303,1,development_readout,C,0.9229004951256048,1
review-1bcdb8b5e4902f77,msg-6b0f921297bf6036cdd4,normal,ordinary_notice_or_conversation_possible,a_not_risky_request_visible,303,1,development_readout,C,0.07994662957714563,0
review-1cb842404c1056c4,msg-69af923a1b627636ba88,normal,ordinary_notice_or_conversation_possible,a_not_risky_request_visible,303,0,development_readout,C,0.2567088378751404,0
review-1e68018ab3a2b26e,msg-c93b3c338ad73e40adfd,normal,ordinary_notice_or_conversation_possible,a_not_risky_request_visible,303,1,development_readout,C,0.21952037254324128,0
review-1f07a8c7cd26df2c,msg-cada766d88b515618679,normal,insufficient_context,a_not_risky_request_visible,303,2,development_readout,C,0.1320217820678448,0
review-2015b61fb97f2965,msg-3649a91b276a45d342c6,normal,ordinary_notice_or_conversation_possible,a_not_risky_request_visible,303,1,development_readout,C,0.1877605523159531,0
review-21e2a2729d0906e0,msg-2f204be55b7d47704b0f,normal,ordinary_notice_or_conversation_possible,a_not_risky_request_visible,303,2,development_readout,C,0.1799284419201004,0
review-220daefcb5d386ed,msg-e3ec894bf4e93e8c550e,smishing,risky_request_visible,a_risky_request_visible,303,1,development_readout,C,0.8379059652047245,1
review-223ad249b0ed1b08,msg-dbf89313b9ea1ac5b6d3,normal,ordinary_notice_or_conversation_possible,a_not_risky_request_visible,303,2,development_readout,C,0.09500244261104906,0
review-22f7bb9e3da427de,msg-6f925e06a88f8d1cfd58,smishing,risky_request_visible,a_risky_request_visible,303,1,development_readout,C,0.40275077520688307,0
review-25104a7eec1f7831,msg-f98da8116216cda9e3fe,smishing,risky_request_visible,a_risky_request_visible,303,2,development_readout,C,0.7082671383946576,1
review-256d1c0f349382b5,msg-b0438b6ad1731edd6ad6,normal,ordinary_notice_or_conversation_possible,a_not_risky_request_visible,303,1,development_readout,C,0.11243204720505305,0
review-2579df062aafc741,msg-fa2ff4bb2e3dd2a0cead,smishing,risky_request_visible,a_risky_request_visible,303,0,development_readout,C,0.5460930643680367,1
review-266fac2cf4f9a2fe,msg-358dbfc77504383312c3,smishing,risky_request_visible,a_risky_request_visible,303,1,development_readout,C,0.8775624488474223,1
review-2953de0d9a6a0ef3,msg-b3fe8c24cdcc85dd4f28,normal,ordinary_notice_or_conversation_possible,a_not_risky_request_visible,303,2,development_readout,C,0.10800604853609409,0
review-2ba16080ec46773d,msg-24c361e6f72073321220,normal,ordinary_notice_or_conversation_possible,a_not_risky_request_visible,303,1,development_readout,C,0.08752729359826356,0
review-2d4568421c26bf66,msg-96c30c2332ea6bf5e247,normal,ordinary_notice_or_conversation_possible,a_not_risky_request_visible,303,1,development_readout,C,0.2225526799648623,0
review-2d707fce0fb4702c,msg-e94fec8af385dc5ff556,normal,ordinary_notice_or_conversation_possible,a_not_risky_request_visible,303,2,development_readout,C,0.18930087970588688,0
review-2dd7b92c08e4f5c4,msg-42c7b3575f8a9da0d8d1,normal,promotion_without_clear_scam_request,a_not_risky_request_visible,303,1,development_readout,C,0.10346379328273908,0
review-30c664d1fb0416d2,msg-4facddef64d2b1d3b592,normal,promotion_without_clear_scam_request,a_not_risky_request_visible,303,1,development_readout,C,0.12424428189679948,0
review-30d20e067658db39,msg-915558b1d57081861e23,normal,insufficient_context,a_not_risky_request_visible,303,2,development_readout,C,0.20379562839692808,0
review-30e3bf5a7666c842,msg-2691ca74050fbbc9ed37,smishing,risky_request_visible,a_risky_request_visible,303,2,development_readout,C,0.6728308289010775,1
review-31a75727a167d60d,msg-f9061a931aba0d307ce6,smishing,risky_request_visible,a_risky_request_visible,303,2,development_readout,C,0.6102649889576696,1
review-322a0c915a6dca98,msg-3d77196a643275284eee,smishing,risky_request_visible,a_risky_request_visible,303,0,development_readout,C,0.5536022468746957,1
review-3423b715646fd583,msg-65bffe175e1d5b55382e,smishing,risky_request_visible,a_risky_request_visible,303,1,development_readout,C,0.9436883230062046,1
review-344682f2618ba8f9,msg-e5b4405ee48a541eecc0,normal,promotion_without_clear_scam_request,a_not_risky_request_visible,303,1,development_readout,C,0.23090801894554866,0
review-34c4c16cb5ea9aaf,msg-62610653bf85e35feeff,smishing,risky_request_visible,a_risky_request_visible,303,1,development_readout,C,0.9342657799958424,1
review-36c6682493394c5a,msg-d54e4685cdd8f9aa710a,smishing,risky_request_visible,a_risky_request_visible,303,0,development_readout,C,0.762933533419396,1
review-3735a715aa425485,msg-5cbba54c59da325a454c,normal,ordinary_notice_or_conversation_possible,a_not_risky_request_visible,303,2,development_readout,C,0.2808108319322189,0
review-377101d740e3c93a,msg-f91f88e17b85bd740a41,smishing,risky_request_visible,a_risky_request_visible,303,1,development_readout,C,0.8007668779627388,1
review-37962ff6cab628b9,msg-f745187c052997452a1e,smishing,risky_request_visible,a_risky_request_visible,303,0,development_readout,C,0.6871548315380428,1
review-37a24da8c91a2014,msg-814c1d043296b3a3b379,smishing,risky_request_visible,a_risky_request_visible,303,1,development_readout,C,0.802964435511447,1
review-3a3a0c9003eb78d2,msg-9b70e92fb8b03ad7c610,normal,ordinary_notice_or_conversation_possible,a_not_risky_request_visible,303,0,development_readout,C,0.28436962820777795,0
review-3aa78c267ab21f05,msg-224c0422b0003d17212c,smishing,ordinary_notice_or_conversation_possible,a_not_risky_request_visible,303,2,development_readout,C,0.3371060095164768,0
review-3b23a85b0e54e4e2,msg-5a59a5ce918f6559e125,normal,promotion_without_clear_scam_request,a_not_risky_request_visible,303,0,development_readout,C,0.10793554247985128,0
review-3b5a82f01656ae5e,msg-4c9bb8aab19cd59ba6b7,normal,promotion_without_clear_scam_request,a_not_risky_request_visible,303,2,development_readout,C,0.0753749269152982,0
review-3b5e9306ce7f16f6,msg-75d22609d1f4fae1c474,normal,ordinary_notice_or_conversation_possible,a_not_risky_request_visible,303,0,development_readout,C,0.11652866321291452,0
review-3c542b2889f7ee41,msg-ab4e24de8042cbea05d6,smishing,risky_request_visible,a_risky_request_visible,303,1,development_readout,C,0.9424016185420707,1
review-3c6ae33a89ac17a5,msg-c098e4b7c32dc66b6582,smishing,risky_request_visible,a_risky_request_visible,303,2,development_readout,C,0.9435794045843017,1
review-3ec3c8e07bb7e369,msg-f5bfb9971a76c287fdd5,normal,promotion_without_clear_scam_request,a_not_risky_request_visible,303,2,development_readout,C,0.16502629096460697,0
review-3f1aad6856711dea,msg-d3a618b40117b1875806,normal,ordinary_notice_or_conversation_possible,a_not_risky_request_visible,303,1,development_readout,C,0.08188907268569365,0
review-40617332c72b6a65,msg-75bccb25272a125ae624,smishing,risky_request_visible,a_risky_request_visible,303,1,development_readout,C,0.8367565176383425,1
review-40e531a989b5b832,msg-90c8b223c83bae5b9f53,smishing,risky_request_visible,a_risky_request_visible,303,0,development_readout,C,0.5622058014628054,1
review-40eb85d72dbb3fa3,msg-4273962397b78faae1de,smishing,risky_request_visible,a_risky_request_visible,303,0,development_readout,C,0.907783979301773,1
review-40f65d491fbb6c91,msg-29618cee18396e8a8e81,smishing,risky_request_visible,a_risky_request_visible,303,0,development_readout,C,0.6812829467329214,1
review-419f917f2243e05b,msg-f80f31e80e69da69dd6c,normal,promotion_without_clear_scam_request,a_not_risky_request_visible,303,2,development_readout,C,0.10028328163470047,0
review-41ec06c9fc578cef,msg-631fc966e6d1a8ec4785,smishing,risky_request_visible,a_risky_request_visible,303,2,development_readout,C,0.9527937730678145,1
review-44d5803b821bc077,msg-382f83f816817c259074,smishing,risky_request_visible,a_risky_request_visible,303,1,development_readout,C,0.7782522237033623,1
review-4532712bae1263a4,msg-f2d213d6e51419f0c0c3,smishing,risky_request_visible,a_risky_request_visible,303,1,development_readout,C,0.9442044111801889,1
review-46f3555593434e8a,msg-ef6fd44a32790af20571,smishing,risky_request_visible,a_risky_request_visible,303,1,development_readout,C,0.9401035767382465,1
review-49a272d982158787,msg-15e2ac02e0ac09e5383b,smishing,risky_request_visible,a_risky_request_visible,303,0,development_readout,C,0.6109164752810909,1
review-49db2f3969f4dab7,msg-d9f951c82ea54b25ac30,normal,promotion_without_clear_scam_request,a_not_risky_request_visible,303,2,development_readout,C,0.1378610588031803,0
review-4a4a9ac934622b9e,msg-77e7ed6fee4ff6e6b3c0,normal,ordinary_notice_or_conversation_possible,a_not_risky_request_visible,303,2,development_readout,C,0.5430165859770731,1
review-4a5f226471e5edaf,msg-92eab3c091583e1be9b2,smishing,risky_request_visible,a_risky_request_visible,303,0,development_readout,C,0.8077028510161333,1
review-4b0f3b3c6f3029e0,msg-095a369060c7ff33c341,smishing,risky_request_visible,a_risky_request_visible,303,0,development_readout,C,0.910387818021241,1
review-4bb32c9d9587eb5b,msg-32a5ea1e4acbac97b230,smishing,risky_request_visible,a_risky_request_visible,303,1,development_readout,C,0.5498321997261271,1
review-4c1327797f738c0f,msg-c623d83809d140a75f70,normal,ordinary_notice_or_conversation_possible,a_not_risky_request_visible,303,2,development_readout,C,0.2857787320108383,0
review-4c45e2acc43cd09c,msg-240d23c05338edc37d89,smishing,risky_request_visible,a_risky_request_visible,303,2,development_readout,C,0.9595813781781616,1
review-4c7db89388133c66,msg-b366110e17c486b16b15,normal,ordinary_notice_or_conversation_possible,a_not_risky_request_visible,303,2,development_readout,C,0.1561876785231906,0
review-4c7f2895cbdfff17,msg-b6d879d72eac72ef59ac,smishing,risky_request_visible,a_risky_request_visible,303,2,development_readout,C,0.6783606421799717,1
review-4cbabc8906c81322,msg-0ed0bfb82462e09cd15a,smishing,risky_request_visible,a_risky_request_visible,303,0,development_readout,C,0.9038294538810863,1
review-4e91758f8be8575d,msg-2a7f43ae7fa422fefb9b,smishing,risky_request_visible,a_risky_request_visible,303,2,development_readout,C,0.22235951542796953,0
review-50c65fd60929a11c,msg-76755bc4cf7a9223f1f5,smishing,risky_request_visible,a_risky_request_visible,303,2,development_readout,C,0.6741250521465185,1
review-5155bcd98221f6df,msg-260f9a35da3e12d1699f,normal,ordinary_notice_or_conversation_possible,a_not_risky_request_visible,303,1,development_readout,C,0.15474563330798408,0
review-5351da806d5c8862,msg-56c6f7e6fe95f4eaf8db,normal,ordinary_notice_or_conversation_possible,a_not_risky_request_visible,303,1,development_readout,C,0.2059107100844945,0
review-545d35ba143011e5,msg-fe80fc54d234587af050,normal,ordinary_notice_or_conversation_possible,a_not_risky_request_visible,303,0,development_readout,C,0.10003597118945988,0
review-55839cdd8c1c65c6,msg-7bc3eb6f8e2897ba9d73,normal,promotion_without_clear_scam_request,a_not_risky_request_visible,303,1,development_readout,C,0.11983742455237795,0
review-572c07846f21e2ba,msg-5c8a3583b29803350025,normal,ordinary_notice_or_conversation_possible,a_not_risky_request_visible,303,2,development_readout,C,0.07108933145620863,0
review-5a021883af9f96ea,msg-156bbfc36ff5805e450a,normal,promotion_without_clear_scam_request,a_not_risky_request_visible,303,2,development_readout,C,0.13053010947707014,0
review-5a9261ed8c81a5c6,msg-dda62389e8fe6499fde9,normal,ordinary_notice_or_conversation_possible,a_not_risky_request_visible,303,1,development_readout,C,0.1003677474551361,0
review-5b0c0204dc451747,msg-31f308081fb21c6e8f09,smishing,risky_request_visible,a_risky_request_visible,303,2,development_readout,C,0.8972080428969997,1
review-5b38287421b21063,msg-2eacbbd745e21908f221,normal,ordinary_notice_or_conversation_possible,a_not_risky_request_visible,303,2,development_readout,C,0.12608292034449742,0
review-6036afa1a4a219c3,msg-9bf6c95f6dc633dd8819,normal,ordinary_notice_or_conversation_possible,a_not_risky_request_visible,303,0,development_readout,C,0.12166828574527372,0
review-6236e7e3fd2a54c8,msg-03b2efa63efb18f3f74e,normal,ordinary_notice_or_conversation_possible,a_not_risky_request_visible,303,1,development_readout,C,0.34908128385577114,0
review-6260263e3bc9f334,msg-549f98d3604f2acece98,smishing,risky_request_visible,a_risky_request_visible,303,2,development_readout,C,0.9607834017387834,1
review-63bef8982e454a02,msg-c75749a34e08d00a62cd,smishing,risky_request_visible,a_risky_request_visible,303,1,development_readout,C,0.2972351963269606,0
review-63ea5eac0fdbfe2f,msg-f9613a09341e642b64ae,smishing,risky_request_visible,a_risky_request_visible,303,1,development_readout,C,0.9436216770139343,1
review-65fde99e6e05f377,msg-4cb8c149ce6f9aed0469,smishing,risky_request_visible,a_risky_request_visible,303,2,development_readout,C,0.809494794123541,1
review-66ef57282af71d4f,msg-f51c8c7132e5405088dd,normal,ordinary_notice_or_conversation_possible,a_not_risky_request_visible,303,1,development_readout,C,0.1635142035328961,0
review-6742e699b2c19637,msg-5e8796780c062e86063b,smishing,promotion_without_clear_scam_request,a_not_risky_request_visible,303,0,development_readout,C,0.16818738086726842,0
review-6938cc7e883cfae5,msg-d0b351454bf1078555ca,smishing,risky_request_visible,a_risky_request_visible,303,2,development_readout,C,0.2893302439792187,0
review-6a3da5bb1cbb35c3,msg-c4c6b04cd9f64fdb2a1a,smishing,risky_request_visible,a_risky_request_visible,303,0,development_readout,C,0.5607307944040569,1
review-6b23a95e54455bfe,msg-7e73260daff23015e769,smishing,risky_request_visible,a_risky_request_visible,303,1,development_readout,C,0.6041526900025739,1
review-6c7372dc6724ef49,msg-fd7adb6f5bdba22704bd,normal,ordinary_notice_or_conversation_possible,a_not_risky_request_visible,303,0,development_readout,C,0.11957411695471966,0
review-6c9e3e62bbb95763,msg-a6d506945e9b701052e1,smishing,risky_request_visible,a_risky_request_visible,303,2,development_readout,C,0.24833330645296073,0
review-6d70e00c3a0eb212,msg-78ebe7ba8de3e6f59138,normal,risky_request_visible,a_risky_request_visible,303,1,development_readout,C,0.15941087706391413,0
review-6e51f1a0ccb981e6,msg-58425ae1f35d0d6e8f6c,smishing,risky_request_visible,a_risky_request_visible,303,0,development_readout,C,0.7314822985381007,1
review-6ee455a4c31c9039,msg-9207c6b7c6c694beab91,normal,promotion_without_clear_scam_request,a_not_risky_request_visible,303,1,development_readout,C,0.15245521841989904,0
review-70dad336d995a509,msg-00cd858afe8ef2de5fd3,normal,ordinary_notice_or_conversation_possible,a_not_risky_request_visible,303,1,development_readout,C,0.15905628010286282,0
review-71bc6120e1507254,msg-b460f3c8ac1fe936b354,smishing,risky_request_visible,a_risky_request_visible,303,1,development_readout,C,0.7031963340887899,1
review-722fa17d1953465a,msg-b3fb5a0a6aea14d37b31,smishing,risky_request_visible,a_risky_request_visible,303,1,development_readout,C,0.9367780176763805,1
review-7493575c90062c41,msg-e84d76b6ef43a1d586a7,normal,promotion_without_clear_scam_request,a_not_risky_request_visible,303,2,development_readout,C,0.20459569426377958,0
review-7494a9906bb71039,msg-6f6bbab188df73ce6c08,normal,promotion_without_clear_scam_request,a_not_risky_request_visible,303,2,development_readout,C,0.23421688404147578,0
review-76f98d8733690feb,msg-34b43fdf59308e46e47d,normal,risky_request_visible,a_risky_request_visible,303,1,development_readout,C,0.14504116516015103,0
review-7794b3bc9bc0c3a1,msg-a2db1c36a4678988377c,normal,ordinary_notice_or_conversation_possible,a_not_risky_request_visible,303,1,development_readout,C,0.3772432034222846,0
review-77b394cbe6e1dc4b,msg-168706cc9aaa2ee44f65,normal,ordinary_notice_or_conversation_possible,a_not_risky_request_visible,303,1,development_readout,C,0.3451619665270179,0
review-7aed3e349c71aa1c,msg-93087cebe3aa7340ffc8,smishing,risky_request_visible,a_risky_request_visible,303,1,development_readout,C,0.8018791847690385,1
review-7b9d338bf5cd4bdc,msg-733b60f36694b02ec836,normal,ordinary_notice_or_conversation_possible,a_not_risky_request_visible,303,1,development_readout,C,0.12870729899545347,0
review-7bc2e45e3ffc6c78,msg-b62543444f94f00ab76a,normal,ordinary_notice_or_conversation_possible,a_not_risky_request_visible,303,1,development_readout,C,0.14669812322864423,0
review-7c0605262829dbc3,msg-c35aa37c11bf43b745cb,smishing,risky_request_visible,a_risky_request_visible,303,2,development_readout,C,0.9614775508330299,1
review-7d723e9bf1b824f5,msg-87a76d50e35b48e41218,smishing,risky_request_visible,a_risky_request_visible,303,2,development_readout,C,0.5048161895552326,1
review-7e4208c3a8d81d5e,msg-51e93ba561b9d389f5a6,normal,ordinary_notice_or_conversation_possible,a_not_risky_request_visible,303,0,development_readout,C,0.22379987564418674,0
review-80c5a8d505a86e25,msg-0d11f1b2d5dd7fb1934a,normal,ordinary_notice_or_conversation_possible,a_not_risky_request_visible,303,2,development_readout,C,0.1300589829010497,0
review-81db582ab9c83a7d,msg-2a0582fa3234a2d63356,normal,risky_request_visible,a_risky_request_visible,303,1,development_readout,C,0.7652127364683777,1
review-83fb52312abeb4ec,msg-57b110c902b64420f7db,smishing,risky_request_visible,a_risky_request_visible,303,1,development_readout,C,0.8114811561825428,1
review-8408e233d5c05195,msg-61e1958480c0e2e496e5,normal,ordinary_notice_or_conversation_possible,a_not_risky_request_visible,303,2,development_readout,C,0.09648770222306076,0
review-85ef908a3e61f2a2,msg-30572cea27e54ac2130b,normal,ordinary_notice_or_conversation_possible,a_not_risky_request_visible,303,2,development_readout,C,0.07897153899808101,0
review-87280a48b9739e82,msg-a277748568204738c928,smishing,risky_request_visible,a_risky_request_visible,303,2,development_readout,C,0.5284533471622261,1
review-87ca5145bb1464ea,msg-69d76db7edd5a86af1d7,normal,promotion_without_clear_scam_request,a_not_risky_request_visible,303,1,development_readout,C,0.1212635774283527,0
review-8858113ca39c4a08,msg-8e807a0816ba58157c7b,smishing,risky_request_visible,a_risky_request_visible,303,2,development_readout,C,0.7577321391449797,1
review-8a9635c815342586,msg-5b3252b8d919d9dfa5c2,smishing,risky_request_visible,a_risky_request_visible,303,1,development_readout,C,0.9331049715647464,1
review-8ac3c67723460772,msg-7a0a306167abc3b72d8c,normal,ordinary_notice_or_conversation_possible,a_not_risky_request_visible,303,2,development_readout,C,0.08903890421089444,0
review-8b051b87b72136a4,msg-8a4662fd944d66f460fd,smishing,risky_request_visible,a_risky_request_visible,303,1,development_readout,C,0.40960384687975987,0
review-8c0239752664c9f7,msg-ebc9f34f94af5eeb68f0,smishing,risky_request_visible,a_risky_request_visible,303,1,development_readout,C,0.6616570768501973,1
review-8c3afec16f00c8ea,msg-6173af161b27fe6f4ce6,normal,ordinary_notice_or_conversation_possible,a_not_risky_request_visible,303,0,development_readout,C,0.0996020250784788,0
review-8f7e5118fc4a9d93,msg-54a310f893f9630cdab4,smishing,risky_request_visible,a_risky_request_visible,303,0,development_readout,C,0.926996128841776,1
review-904be5b534ca4342,msg-2c7b345bbea477990d91,normal,ordinary_notice_or_conversation_possible,a_not_risky_request_visible,303,1,development_readout,C,0.1972364026211892,0
review-92026380db179cfa,msg-11b3b10960d7a9f4d101,smishing,risky_request_visible,a_risky_request_visible,303,1,development_readout,C,0.671191668295242,1
review-93f251b7f415320e,msg-25125973e3120d610fce,smishing,risky_request_visible,a_risky_request_visible,303,0,development_readout,C,0.908845050262387,1
review-9440c7b20214abb9,msg-e326b0533522ecb322de,smishing,risky_request_visible,a_risky_request_visible,303,0,development_readout,C,0.8044749453512297,1
review-95ab42239fb052e7,msg-5052c7243f9985cc9bcf,normal,promotion_without_clear_scam_request,a_not_risky_request_visible,303,2,development_readout,C,0.12615183349128214,0
review-95c15e2125e8158e,msg-0afc2595ae8ed75b8bb8,smishing,risky_request_visible,a_risky_request_visible,303,0,development_readout,C,0.7377871513080343,1
review-96be0a4e61349470,msg-04b55107c00ee5b070d9,smishing,risky_request_visible,a_risky_request_visible,303,2,development_readout,C,0.7538430535759213,1
review-9751bc751be6b57c,msg-64a843bec3f3dce4ee45,smishing,risky_request_visible,a_risky_request_visible,303,2,development_readout,C,0.8069507760085644,1
review-9762bd209b88d2ac,msg-891bb14bf560270521ca,smishing,risky_request_visible,a_risky_request_visible,303,1,development_readout,C,0.8911036226426884,1
review-97dbf9fb83d5fd0a,msg-6301a4730ee412e86a8c,normal,promotion_without_clear_scam_request,a_not_risky_request_visible,303,0,development_readout,C,0.11770856934662975,0
review-9827872ee45caecd,msg-6632bfd7a0b259199dcf,smishing,risky_request_visible,a_risky_request_visible,303,2,development_readout,C,0.8070991992136272,1
review-9833d3f3d2c07833,msg-d787f40cfc7dbbe6778f,smishing,risky_request_visible,a_risky_request_visible,303,2,development_readout,C,0.7860309037197587,1
review-9848e1bfbd07911c,msg-f2873d2e33fdffabc808,normal,ordinary_notice_or_conversation_possible,a_not_risky_request_visible,303,2,development_readout,C,0.12893342611001438,0
review-98f41617c328173b,msg-c51643d14946078e7d57,smishing,risky_request_visible,a_risky_request_visible,303,1,development_readout,C,0.9356037969857283,1
review-98f9751b78a4c31e,msg-06b44744cbf1ec56130e,normal,ordinary_notice_or_conversation_possible,a_not_risky_request_visible,303,2,development_readout,C,0.09482211643689398,0
review-99553665d7fa8d60,msg-ec2c63de47e93d56888f,normal,ordinary_notice_or_conversation_possible,a_not_risky_request_visible,303,2,development_readout,C,0.10012098057215918,0
review-9955e43648119f93,msg-c9f03e64293fb8bae46b,smishing,risky_request_visible,a_risky_request_visible,303,1,development_readout,C,0.7162222751332915,1
review-9a3f12ca280a1c8a,msg-9865307d8d5cb09874f2,normal,promotion_without_clear_scam_request,a_not_risky_request_visible,303,2,development_readout,C,0.2853160409739438,0
review-9ad68457d5c5ddfe,msg-ff1e050906d7cfd80b2a,smishing,risky_request_visible,a_risky_request_visible,303,0,development_readout,C,0.5706307713265688,1
review-9ca002eef5fabf4c,msg-a8d5485f9438f3ab5181,normal,ordinary_notice_or_conversation_possible,a_not_risky_request_visible,303,0,development_readout,C,0.08737959086568238,0
review-9d4c0bc5bb2de352,msg-7f6ef3389d8815ed454b,smishing,risky_request_visible,a_risky_request_visible,303,2,development_readout,C,0.6832885219549607,1
review-9db42b53975f21ce,msg-d44b95e16930e223469c,normal,promotion_without_clear_scam_request,a_not_risky_request_visible,303,2,development_readout,C,0.1832062994968132,0
review-9e59560a7b1c6aa2,msg-32ce2bf355f633f0fee5,smishing,promotion_without_clear_scam_request,a_not_risky_request_visible,303,0,development_readout,C,0.2611162285646301,0
review-a0157c7c504b2713,msg-75bb93c54e7c03e2de6b,smishing,risky_request_visible,a_risky_request_visible,303,1,development_readout,C,0.9339985639301162,1
review-a07cfcb07490d311,msg-5ce84ad96d59a95604b7,smishing,risky_request_visible,a_risky_request_visible,303,1,development_readout,C,0.8009513173985325,1
review-a1325d40440edcad,msg-b68194dccdbc6eeaa462,normal,ordinary_notice_or_conversation_possible,a_not_risky_request_visible,303,2,development_readout,C,0.09359427671072738,0
review-a17319837ff0f25f,msg-3c260868d8790e3220b2,smishing,risky_request_visible,a_risky_request_visible,303,1,development_readout,C,0.9275145504901385,1
review-a1b685810c820047,msg-46ca64892a1c3e660136,smishing,risky_request_visible,a_risky_request_visible,303,1,development_readout,C,0.9394597248522478,1
review-a5c8844b07d15249,msg-080a80350fda25ee4181,smishing,risky_request_visible,a_risky_request_visible,303,2,development_readout,C,0.7468084681763628,1
review-a737e63e0af5d4ad,msg-58763f1db8c40f82f590,normal,promotion_without_clear_scam_request,a_not_risky_request_visible,303,2,development_readout,C,0.12857328354810016,0
review-a93e9d44999fbedb,msg-7a5a0ef1560dbc98423a,normal,ordinary_notice_or_conversation_possible,a_not_risky_request_visible,303,1,development_readout,C,0.10420889043337052,0
review-a966f0861f64ccf4,msg-730ac32bb52515f362b7,smishing,risky_request_visible,a_risky_request_visible,303,1,development_readout,C,0.5344969911496076,1
review-aa0341109ceb1209,msg-46a9686cf4e9faeb9042,normal,ordinary_notice_or_conversation_possible,a_not_risky_request_visible,303,0,development_readout,C,0.1402832748908151,0
review-ac307e4a1651f014,msg-5dce72e90a11834ff054,smishing,risky_request_visible,a_risky_request_visible,303,2,development_readout,C,0.2846570270774154,0
review-acfda6dedbd0ac44,msg-7a9e8cba7f71a7789866,normal,ordinary_notice_or_conversation_possible,a_not_risky_request_visible,303,2,development_readout,C,0.15270254855635235,0
review-ae30eff1c5009634,msg-034e267652beee654b7d,normal,promotion_without_clear_scam_request,a_not_risky_request_visible,303,2,development_readout,C,0.14835243737278034,0
review-b0d0b31ce42bff6d,msg-80bd77dde6b57d4aa6b9,smishing,risky_request_visible,a_risky_request_visible,303,0,development_readout,C,0.21761483054219877,0
review-b1951ff1f4366cb0,msg-cced4520ab46379e15a2,normal,ordinary_notice_or_conversation_possible,a_not_risky_request_visible,303,1,development_readout,C,0.08156840052670708,0
review-b31a9429969a49d0,msg-462e7df5be571e9dec5d,normal,ordinary_notice_or_conversation_possible,a_not_risky_request_visible,303,1,development_readout,C,0.18670284664331976,0
review-b4838689e702ca9d,msg-fd7536693be17ff11e66,normal,ordinary_notice_or_conversation_possible,a_not_risky_request_visible,303,2,development_readout,C,0.10717812372166964,0
review-b495dcabfdc9e6bb,msg-c3e7d7b05d5a88764703,smishing,risky_request_visible,a_risky_request_visible,303,0,development_readout,C,0.1894375263275705,0
review-b4a140a400dd0bd4,msg-8d50f5b84f82748b30f4,smishing,risky_request_visible,a_risky_request_visible,303,2,development_readout,C,0.6712064846659834,1
review-b716d55654e9e174,msg-eac3f80ef98d49d5018b,normal,ordinary_notice_or_conversation_possible,a_not_risky_request_visible,303,2,development_readout,C,0.07348828883699456,0
review-b7db7bfa3479f4d7,msg-432734d9e15c6f93d376,normal,ordinary_notice_or_conversation_possible,a_not_risky_request_visible,303,1,development_readout,C,0.28513103502375914,0
review-b973d23ab4a680d4,msg-332a6ceef2ba82e72aee,normal,ordinary_notice_or_conversation_possible,a_not_risky_request_visible,303,1,development_readout,C,0.09338456239503434,0
review-bb5f23238e492978,msg-ae0b87b215621f5e8471,smishing,risky_request_visible,a_risky_request_visible,303,1,development_readout,C,0.9181464309205131,1
review-bbb9c61301495984,msg-d3591b5cc40dae36f63d,smishing,risky_request_visible,a_risky_request_visible,303,0,development_readout,C,0.8333876120486274,1
review-bbe916c0a5f13c5a,msg-a45a85532c29434e8b27,smishing,risky_request_visible,a_risky_request_visible,303,1,development_readout,C,0.9338273023897055,1
review-bc58d3e0a50d9226,msg-14251aa27469f753be0a,normal,ordinary_notice_or_conversation_possible,a_not_risky_request_visible,303,2,development_readout,C,0.13590843867856123,0
review-bc64860bdda53d26,msg-fe8267c63ab4ef9ceaa5,normal,ordinary_notice_or_conversation_possible,a_not_risky_request_visible,303,0,development_readout,C,0.05995899300571892,0
review-bc694d6c09671509,msg-70dcd4b0f26f61bdf407,normal,ordinary_notice_or_conversation_possible,a_not_risky_request_visible,303,1,development_readout,C,0.11018431643055673,0
review-bc805b9a7fefb4c4,msg-b42fe9f654595657fa35,smishing,risky_request_visible,a_risky_request_visible,303,0,development_readout,C,0.5825139065889037,1
review-bcc4f27e08342914,msg-8da1861e43112a887a4b,smishing,risky_request_visible,a_risky_request_visible,303,0,development_readout,C,0.7889694919153852,1
review-bcc86610acb0f9ff,msg-6c850b57daa695a2a5bf,smishing,insufficient_context,a_not_risky_request_visible,303,1,development_readout,C,0.14597672971041536,0
review-bf29414211fedb11,msg-c484e73c51ddf79b7f8b,smishing,risky_request_visible,a_risky_request_visible,303,1,development_readout,C,0.936731197829174,1
review-c3157c09e695c3c5,msg-f0a3f2387d520f4943e1,normal,promotion_without_clear_scam_request,a_not_risky_request_visible,303,0,development_readout,C,0.18732323062792505,0
review-c4368025a0827097,msg-115656ab7419963f3ec4,normal,ordinary_notice_or_conversation_possible,a_not_risky_request_visible,303,1,development_readout,C,0.2384356003063251,0
review-c882bcd351e72aee,msg-30a50896aabbd5f717a5,smishing,risky_request_visible,a_risky_request_visible,303,2,development_readout,C,0.9491542111859572,1
review-c964452f27eede18,msg-8cc13371612bd1cf432c,smishing,insufficient_context,a_not_risky_request_visible,303,2,development_readout,C,0.3206526480673991,0
review-c9eb20ef749cdb80,msg-96057ba4137a67242859,normal,promotion_without_clear_scam_request,a_not_risky_request_visible,303,2,development_readout,C,0.14610070814904452,0
review-ca1c52eb5a9e5a56,msg-383f97042ca6b0129236,normal,ordinary_notice_or_conversation_possible,a_not_risky_request_visible,303,1,development_readout,C,0.06206586418368182,0
review-ca722d1baa37caa6,msg-640a5ef11bb22eeb3dbc,smishing,risky_request_visible,a_risky_request_visible,303,1,development_readout,C,0.942518543720888,1
review-cb32573abbb83f9f,msg-26e314f88d0d3eaafbd6,smishing,risky_request_visible,a_risky_request_visible,303,1,development_readout,C,0.9432373619075011,1
review-cbbc72e510f286e3,msg-cb107b27366c1e7283c6,smishing,risky_request_visible,a_risky_request_visible,303,0,development_readout,C,0.9334833448874569,1
review-cc4b16c2321274c0,msg-1737db0114226e8bb1b0,smishing,risky_request_visible,a_risky_request_visible,303,1,development_readout,C,0.9299847288158795,1
review-cfc0b12d1183e034,msg-a382e8e19124dfbd1cd5,normal,ordinary_notice_or_conversation_possible,a_not_risky_request_visible,303,1,development_readout,C,0.3225815780695222,0
review-cfc80bc1541032df,msg-a1d665898cb5cf4eee06,smishing,risky_request_visible,a_risky_request_visible,303,2,development_readout,C,0.9472014300938146,1
review-d09099c6189f497b,msg-255cba56e8f9f375b954,smishing,risky_request_visible,a_risky_request_visible,303,2,development_readout,C,0.49169164841790874,1
review-d0b2291f671afb13,msg-69107f37830e441acc20,smishing,risky_request_visible,a_risky_request_visible,303,2,development_readout,C,0.5535738120169884,1
review-d1ba629d1b0c0386,msg-3a166a3d426428da952d,smishing,insufficient_context,a_not_risky_request_visible,303,0,development_readout,C,0.14824444465029324,0
review-d23755346e397e0d,msg-215f563424e984687bea,normal,ordinary_notice_or_conversation_possible,a_not_risky_request_visible,303,1,development_readout,C,0.07968111832252134,0
review-d4f84d432e0d6d48,msg-94e0ae16541345a3f768,normal,ordinary_notice_or_conversation_possible,a_not_risky_request_visible,303,2,development_readout,C,0.12588907830239895,0
review-d5b560692f11bda9,msg-20cb262bf7645dfe36d5,normal,ordinary_notice_or_conversation_possible,a_not_risky_request_visible,303,1,development_readout,C,0.09382103292274423,0
review-d684b0c9ae6eb28a,msg-b46e8faecd246cf1967d,smishing,risky_request_visible,a_risky_request_visible,303,1,development_readout,C,0.8052186496316477,1
review-d6877eb437269499,msg-d6441157b1184c30f6c0,normal,ordinary_notice_or_conversation_possible,a_not_risky_request_visible,303,0,development_readout,C,0.13862261721561456,0
review-d6c4551ca894cc5c,msg-bbab9487a685ac85d931,smishing,risky_request_visible,a_risky_request_visible,303,1,development_readout,C,0.9182405621657159,1
review-d7a5aa91a1e9ef4b,msg-963560a696c2068b11aa,normal,promotion_without_clear_scam_request,a_not_risky_request_visible,303,1,development_readout,C,0.17406165156489803,0
review-d7e6ea82c0cbb7e9,msg-89bb289b1bdb8f41022f,normal,ordinary_notice_or_conversation_possible,a_not_risky_request_visible,303,2,development_readout,C,0.09896163969129593,0
review-d870679fd6d01453,msg-7e320859ea45595a0398,smishing,promotion_without_clear_scam_request,a_not_risky_request_visible,303,1,development_readout,C,0.6882969972743102,1
review-d885dde988ff81fc,msg-e9f133abd48046d0b082,smishing,risky_request_visible,a_risky_request_visible,303,2,development_readout,C,0.800908262245591,1
review-d927fc30b0eb9634,msg-1af26a10b08f45f41fde,smishing,risky_request_visible,a_risky_request_visible,303,1,development_readout,C,0.5007470839215423,0
review-da0a87e60e534a8c,msg-817a4fa89633430e990d,normal,ordinary_notice_or_conversation_possible,a_not_risky_request_visible,303,0,development_readout,C,0.10559175342788299,0
review-da5d8fa9864e211c,msg-65f4a5c0b197a96bdac3,normal,ordinary_notice_or_conversation_possible,a_not_risky_request_visible,303,1,development_readout,C,0.08748431624547812,0
review-dc7c7acfd6e2db79,msg-b183e7136605118fd86a,normal,promotion_without_clear_scam_request,a_not_risky_request_visible,303,0,development_readout,C,0.5048701173323644,1
review-dd9532439f290332,msg-d03214baadc38bd1336c,normal,ordinary_notice_or_conversation_possible,a_not_risky_request_visible,303,2,development_readout,C,0.13778233977081294,0
review-e384094846a41b50,msg-705817f4922c88c5ecc5,smishing,risky_request_visible,a_risky_request_visible,303,0,development_readout,C,0.8037728698034033,1
review-e447ae957587a31d,msg-0590a0a811adf41d19c4,smishing,risky_request_visible,a_risky_request_visible,303,1,development_readout,C,0.8069793713351576,1
review-e4dca6a839df1435,msg-d7dccf71e0387df73450,normal,ordinary_notice_or_conversation_possible,a_not_risky_request_visible,303,0,development_readout,C,0.18466073890404525,0
review-e511d7b76f480bc7,msg-c12f37d2560f5acf8fc5,smishing,risky_request_visible,a_risky_request_visible,303,1,development_readout,C,0.942751551672685,1
review-e58d1b3575c7e041,msg-60b7b814308d63263bea,smishing,risky_request_visible,a_risky_request_visible,303,1,development_readout,C,0.8392735476542084,1
review-e597199623b7b146,msg-35ad6d03750726a74248,normal,ordinary_notice_or_conversation_possible,a_not_risky_request_visible,303,0,development_readout,C,0.2203780844363549,0
review-e5c8c789729e554c,msg-d028b9185e67164eda89,normal,ordinary_notice_or_conversation_possible,a_not_risky_request_visible,303,0,development_readout,C,0.15244261301387807,0
review-e8eebbe27a7969d0,msg-26a403cb7e86084e2d88,normal,ordinary_notice_or_conversation_possible,a_not_risky_request_visible,303,2,development_readout,C,0.16099186809454402,0
review-e945ebd4e9533666,msg-6ca0de4ebc5d9da5342b,smishing,risky_request_visible,a_risky_request_visible,303,1,development_readout,C,0.9421579444848749,1
review-e9f675e3299ddb73,msg-74894396e30aa7e375f2,normal,ordinary_notice_or_conversation_possible,a_not_risky_request_visible,303,0,development_readout,C,0.3324090026046201,0
review-ec018bdef14b4dce,msg-ef69592a53abe3a01b4d,smishing,risky_request_visible,a_risky_request_visible,303,0,development_readout,C,0.9163130411799911,1
review-ecc7155e591dec16,msg-7b45fdda561c81cabe19,smishing,risky_request_visible,a_risky_request_visible,303,1,development_readout,C,0.7507253207871748,1
review-ed0223c36d93b8cb,msg-cfa0236fa8a0f40916bd,normal,promotion_without_clear_scam_request,a_not_risky_request_visible,303,2,development_readout,C,0.42555510679807607,1
review-ed9460d363c32a66,msg-33b4946b6aa1c5826e5b,normal,ordinary_notice_or_conversation_possible,a_not_risky_request_visible,303,0,development_readout,C,0.15040970795785422,0
review-ee314103593cc397,msg-3382d5781a64d5167a9f,smishing,risky_request_visible,a_risky_request_visible,303,0,development_readout,C,0.2993985257576737,0
review-eef1587711f81f11,msg-2bf3512c4b917049d8d1,normal,ordinary_notice_or_conversation_possible,a_not_risky_request_visible,303,1,development_readout,C,0.08377321320575287,0
review-f02182e8f70df196,msg-b789ac48b433840d97a1,smishing,risky_request_visible,a_risky_request_visible,303,2,development_readout,C,0.4557532436549747,1
review-f0b50460d98d4502,msg-95c382e5e68482d54b53,smishing,risky_request_visible,a_risky_request_visible,303,1,development_readout,C,0.8041281947728245,1
review-f0f2fce9301b3378,msg-e7a80c477afb0cccfac0,normal,ordinary_notice_or_conversation_possible,a_not_risky_request_visible,303,0,development_readout,C,0.08896638713745574,0
review-f296f965b5850c48,msg-fbcc5b098e1b1d189d50,normal,promotion_without_clear_scam_request,a_not_risky_request_visible,303,1,development_readout,C,0.12036565685806017,0
review-f2b62cb8a35fddc1,msg-44342a1ca335e0df03ca,smishing,risky_request_visible,a_risky_request_visible,303,0,development_readout,C,0.6677214138389519,1
review-f2c9ba7c14a8e7f4,msg-cbeab8aa1cb4e1328216,smishing,risky_request_visible,a_risky_request_visible,303,1,development_readout,C,0.9439694264291202,1
review-f44ca51cbbeda00a,msg-b16b1f045aab2ea4a56f,smishing,risky_request_visible,a_risky_request_visible,303,0,development_readout,C,0.9439860602351371,1
review-f69dbdcfebf56998,msg-6dd3cea31f51bc6f063d,smishing,risky_request_visible,a_risky_request_visible,303,2,development_readout,C,0.6884307307711623,1
review-f6f3c364cb66f280,msg-67f89394e1696666880c,normal,ordinary_notice_or_conversation_possible,a_not_risky_request_visible,303,0,development_readout,C,0.13341175726123827,0
review-f778efc9b041eb43,msg-7a8ba417b2f4e2650e1b,normal,ordinary_notice_or_conversation_possible,a_not_risky_request_visible,303,1,development_readout,C,0.17476980473908563,0
review-f7a215d9e903b41d,msg-910004461353a81fdfb7,smishing,promotion_without_clear_scam_request,a_not_risky_request_visible,303,0,development_readout,C,0.7163194452535406,1
review-f8f57cab36b5e4f9,msg-0b0747a39cdb82046f16,normal,ordinary_notice_or_conversation_possible,a_not_risky_request_visible,303,1,development_readout,C,0.2097840187405845,0
review-f9733f5a3ed15ba1,msg-c545ce4cd13f2f30e4db,smishing,risky_request_visible,a_risky_request_visible,303,1,development_readout,C,0.9417807817856818,1
review-f9b9a4279458f732,msg-5bf22a260fc90f900243,smishing,risky_request_visible,a_risky_request_visible,303,2,development_readout,C,0.7629975321607905,1
review-f9d950de655d05cd,msg-5ef02907cd1045cb54a8,smishing,risky_request_visible,a_risky_request_visible,303,2,development_readout,C,0.3740901252468016,1
review-fb2667a6a62b9c38,msg-c2539bcbb168ad9fac37,normal,ordinary_notice_or_conversation_possible,a_not_risky_request_visible,303,2,development_readout,C,0.11499172133160494,0
review-fd0999fd546bfed8,msg-fe1928a9a24b4573d509,smishing,risky_request_visible,a_risky_request_visible,303,0,development_readout,C,0.9163839541767531,1
review-fd4a4694d748b8f1,msg-8292e9166caa8ab05265,smishing,risky_request_visible,a_risky_request_visible,303,2,development_readout,C,0.5093537500539203,1
review-fdc12fa3cc3d98a8,msg-37fd1ef16190049166d2,smishing,risky_request_visible,a_risky_request_visible,303,0,development_readout,C,0.9234413614099647,1
review-fef8e7e55d89aaf1,msg-f0265af2067049f392b6,smishing,risky_request_visible,a_risky_request_visible,303,2,development_readout,C,0.7358184198408129,1
review-ff7824303811b880,msg-3a8d13b5b7957521ed9d,smishing,risky_request_visible,a_risky_request_visible,303,1,development_readout,C,0.7316722613770215,1
review-014f431cdb07954a,msg-0c6dfbf2de170e52a942,smishing,risky_request_visible,a_risky_request_visible,303,2,threshold_calibration,C,0.41424671308174493,1
review-0191505287bc42c3,msg-125422950bbf2894b298,normal,ordinary_notice_or_conversation_possible,a_not_risky_request_visible,303,0,threshold_calibration,C,0.11123756186289917,0
review-022dede98715a30c,msg-873db1de4a30a9f5c623,normal,ordinary_notice_or_conversation_possible,a_not_risky_request_visible,303,0,threshold_calibration,C,0.10794705443041562,0
review-0238870c30ef790e,msg-d2b85b2279d55f17aa61,smishing,risky_request_visible,a_risky_request_visible,303,2,threshold_calibration,C,0.1734341443505375,0
review-02ed9a9204fc5c8c,msg-8af5cc4194464b481799,smishing,risky_request_visible,a_risky_request_visible,303,0,threshold_calibration,C,0.7013417116568376,1
review-06745995f913ed5c,msg-fb9fed8f5353c19f4482,normal,ordinary_notice_or_conversation_possible,a_not_risky_request_visible,303,1,threshold_calibration,C,0.12709857294764246,0
review-06fe91fac978687e,msg-a83bb61726a247a6e1e1,normal,promotion_without_clear_scam_request,a_not_risky_request_visible,303,0,threshold_calibration,C,0.08123505745287404,0
review-07c0fb876beabf4b,msg-cdcf2dfc7474190999c3,smishing,promotion_without_clear_scam_request,a_not_risky_request_visible,303,1,threshold_calibration,C,0.784365100408216,1
review-09f8a52a643bde75,msg-a190594f2bffb92ea5e6,normal,ordinary_notice_or_conversation_possible,a_not_risky_request_visible,303,0,threshold_calibration,C,0.22895156664264588,0
review-09f9fd98d92b31c5,msg-cbb14d3ea8b4c356543b,smishing,risky_request_visible,a_risky_request_visible,303,1,threshold_calibration,C,0.4240351145542866,0
review-0ba297695cc9a600,msg-593cd80d2ef7e33546ac,normal,ordinary_notice_or_conversation_possible,a_not_risky_request_visible,303,0,threshold_calibration,C,0.33666122950879157,0
review-0bf0da403c12d587,msg-b7800f4db5faf73f5f6d,smishing,risky_request_visible,a_risky_request_visible,303,1,threshold_calibration,C,0.9067824739639349,1
review-0bfbacbb2760394c,msg-ccf0e6a8ef2af65aced4,smishing,risky_request_visible,a_risky_request_visible,303,2,threshold_calibration,C,0.6922296722252774,1
review-0ce89002b27ae13e,msg-b3850b9d024fcf99c238,normal,ordinary_notice_or_conversation_possible,a_not_risky_request_visible,303,2,threshold_calibration,C,0.2406536403931765,0
review-0d61809b41685d2f,msg-3056e20984e704228691,normal,ordinary_notice_or_conversation_possible,a_not_risky_request_visible,303,0,threshold_calibration,C,0.08544130754215853,0
review-0d9dd805ae2674a4,msg-f65015ec6d6ca9ef912c,smishing,risky_request_visible,a_risky_request_visible,303,2,threshold_calibration,C,0.7437405730027538,1
review-0f7f12381c38278e,msg-001d594cae67fd50f532,normal,promotion_without_clear_scam_request,a_not_risky_request_visible,303,1,threshold_calibration,C,0.1463779757379097,0
review-105735240253acfe,msg-882fdf4a57682ebb0be2,smishing,risky_request_visible,a_risky_request_visible,303,2,threshold_calibration,C,0.6839204412971928,1
review-10e329e8873017e2,msg-4d92830c608f0547ddb4,smishing,risky_request_visible,a_risky_request_visible,303,2,threshold_calibration,C,0.7774936585615324,1
review-137a8d7cde64d50f,msg-b66553208ce35fd6531e,normal,ordinary_notice_or_conversation_possible,a_not_risky_request_visible,303,2,threshold_calibration,C,0.12078409702416527,0
review-143e404949a72860,msg-9ab97598b92cc2549f26,smishing,risky_request_visible,a_risky_request_visible,303,1,threshold_calibration,C,0.9541588319714935,1
review-1820dec42f5ec2ca,msg-04d0a9cdecc5e27abe30,smishing,risky_request_visible,a_risky_request_visible,303,1,threshold_calibration,C,0.6868801468526544,1
review-19d11b9f743aa049,msg-58f85354ff60f8afada7,smishing,risky_request_visible,a_risky_request_visible,303,2,threshold_calibration,C,0.6824275049837127,1
review-1a4aa7992820ca2a,msg-f6bc1ff296dcef8d3f5e,smishing,risky_request_visible,a_risky_request_visible,303,0,threshold_calibration,C,0.8006495603662658,1
review-1a60e1bd37131802,msg-7347b19b9989a8b7563c,normal,ordinary_notice_or_conversation_possible,a_not_risky_request_visible,303,0,threshold_calibration,C,0.13560827758498054,0
review-1b01c3e70a5cd621,msg-598291dbde5006fce551,smishing,risky_request_visible,a_risky_request_visible,303,0,threshold_calibration,C,0.4993529544571772,1
review-1bee5d35c3ae9550,msg-0a348fcb6248b2e02712,smishing,risky_request_visible,a_risky_request_visible,303,2,threshold_calibration,C,0.626327458573726,1
review-1c32fedd4b32dd06,msg-b3fecdca68993f39816e,normal,promotion_without_clear_scam_request,a_not_risky_request_visible,303,2,threshold_calibration,C,0.11036215823956631,0
review-1c42c25c32f5bd82,msg-397c7d1d69e93306e43f,smishing,risky_request_visible,a_risky_request_visible,303,2,threshold_calibration,C,0.9002132279556286,1
review-1e450b71c02e190a,msg-fde8fe5d8c4f6fbf52c2,smishing,risky_request_visible,a_risky_request_visible,303,2,threshold_calibration,C,0.5400309186750674,1
review-1e479c4a302f356c,msg-1306cfdbb1eb6413c2f3,smishing,risky_request_visible,a_risky_request_visible,303,1,threshold_calibration,C,0.16346952422571528,0
review-1ea0789836e39e65,msg-50ce9ce367d7506d1b34,smishing,risky_request_visible,a_risky_request_visible,303,0,threshold_calibration,C,0.772627081057919,1
review-2324027bc353cb29,msg-69cdd029e53ee97a620b,smishing,risky_request_visible,a_risky_request_visible,303,2,threshold_calibration,C,0.7698885541639705,1
review-23e4e9eb29dd8f93,msg-22e08f4c05ba067b383e,normal,ordinary_notice_or_conversation_possible,a_not_risky_request_visible,303,2,threshold_calibration,C,0.24318439013548165,0
review-25ec7d62ea3d7444,msg-7f85a9711cbc0aa393d6,smishing,risky_request_visible,a_risky_request_visible,303,2,threshold_calibration,C,0.19217434277853782,0
review-260a39866b3feb51,msg-81198fc0b9b05d10f4d1,normal,ordinary_notice_or_conversation_possible,a_not_risky_request_visible,303,1,threshold_calibration,C,0.10588144447026653,0
review-2705653809f7ad8f,msg-c847ea1fe73639b29741,normal,ordinary_notice_or_conversation_possible,a_not_risky_request_visible,303,0,threshold_calibration,C,0.25018712666146115,0
review-270f57eba07d36f4,msg-aa1ffdd49e000415678a,smishing,risky_request_visible,a_risky_request_visible,303,2,threshold_calibration,C,0.6778340705497661,1
review-2769abe8fc6ffd87,msg-45d3204953ffb0ec89ee,normal,ordinary_notice_or_conversation_possible,a_not_risky_request_visible,303,2,threshold_calibration,C,0.14159330794418812,0
review-27c93b924b9803a0,msg-18949d0a510e2e71cd5c,smishing,risky_request_visible,a_risky_request_visible,303,0,threshold_calibration,C,0.8539754266551149,1
review-27fee91252ef3d87,msg-0d7a1d02c979a5575363,normal,ordinary_notice_or_conversation_possible,a_not_risky_request_visible,303,2,threshold_calibration,C,0.18410429857313426,0
review-293586512b140a4e,msg-df9036abd2017f6f6be1,smishing,risky_request_visible,a_risky_request_visible,303,2,threshold_calibration,C,0.4664294919614548,1
review-2b3f3a2d3b9504b2,msg-a9571e0d77539178ffc3,normal,ordinary_notice_or_conversation_possible,a_not_risky_request_visible,303,1,threshold_calibration,C,0.39353411897571916,0
review-2b5a69423072c0ba,msg-258cc86a999cd351f9ca,normal,insufficient_context,a_not_risky_request_visible,303,0,threshold_calibration,C,0.08052487499596335,0
review-2d80e47aaaa42543,msg-207b27eff27f4988fb0f,normal,ordinary_notice_or_conversation_possible,a_not_risky_request_visible,303,2,threshold_calibration,C,0.24354885621806435,0
review-2dcd34cb42910200,msg-97b2b6ee95ed7d920877,smishing,risky_request_visible,a_risky_request_visible,303,0,threshold_calibration,C,0.7406865273285088,1
review-2f31bd2c29ca07dd,msg-4301d7c49f5367242765,normal,ordinary_notice_or_conversation_possible,a_not_risky_request_visible,303,2,threshold_calibration,C,0.09146482098309769,0
review-300c4c657ef26689,msg-8d4de978440b72ca4a45,normal,ordinary_notice_or_conversation_possible,a_not_risky_request_visible,303,1,threshold_calibration,C,0.21686477815480562,0
review-326317e54a445bed,msg-df3f29c9891147e7f846,smishing,risky_request_visible,a_risky_request_visible,303,1,threshold_calibration,C,0.9486070564334449,1
review-3398cc98a1b87648,msg-e33a5ed03522052013db,smishing,risky_request_visible,a_risky_request_visible,303,0,threshold_calibration,C,0.763109063334352,1
review-363f281df3bd9ba4,msg-36bc461d0aefe348462d,normal,promotion_without_clear_scam_request,a_not_risky_request_visible,303,1,threshold_calibration,C,0.15849945792180659,0
review-364329807a65a090,msg-0be5e1e2bd038f3a1a24,smishing,risky_request_visible,a_risky_request_visible,303,0,threshold_calibration,C,0.5130420928077354,1
review-370202b258208735,msg-fc0286653fb100798da2,smishing,risky_request_visible,a_risky_request_visible,303,2,threshold_calibration,C,0.44424375100970026,1
review-37141dd75c3875fc,msg-372c6f62456bfbc0a7d9,normal,ordinary_notice_or_conversation_possible,a_not_risky_request_visible,303,0,threshold_calibration,C,0.08986587849133419,0
review-37bb8af10a6775e3,msg-c1aa2ee82e014406c58e,smishing,insufficient_context,a_not_risky_request_visible,303,1,threshold_calibration,C,0.5749370636517427,1
review-37c64855b20334c3,msg-000be99f5f9d9c3967c4,normal,insufficient_context,a_not_risky_request_visible,303,0,threshold_calibration,C,0.10574740877469889,0
review-383246308e1d9552,msg-2536b5c581cb3fe10fe2,normal,risky_request_visible,a_risky_request_visible,303,0,threshold_calibration,C,0.10925618919360602,0
review-39a836fe3d87fa33,msg-758bd093f61744be66f6,normal,ordinary_notice_or_conversation_possible,a_not_risky_request_visible,303,2,threshold_calibration,C,0.09025506220850048,0
review-39e0fa05577bfbae,msg-551d213c037c9c6eab04,smishing,risky_request_visible,a_risky_request_visible,303,1,threshold_calibration,C,0.9397157588317051,1
review-3a343dbd60efe3c5,msg-e91ad896bc07a339c9ae,normal,promotion_without_clear_scam_request,a_not_risky_request_visible,303,0,threshold_calibration,C,0.10384538768310228,0
review-3abe5c96847ee3b9,msg-e7c4d2ebb04e62e880b5,normal,ordinary_notice_or_conversation_possible,a_not_risky_request_visible,303,1,threshold_calibration,C,0.13685073387052066,0
review-4034e1976e7caf3d,msg-a8f8f501a69d1d5855ba,normal,ordinary_notice_or_conversation_possible,a_not_risky_request_visible,303,2,threshold_calibration,C,0.07978260872017598,0
review-417d1a94491a5069,msg-a24654d3ad544c08124e,normal,promotion_without_clear_scam_request,a_not_risky_request_visible,303,2,threshold_calibration,C,0.08995240015423954,0
review-41e7242cf53f7aec,msg-414effb98a09982ec13d,normal,promotion_without_clear_scam_request,a_not_risky_request_visible,303,0,threshold_calibration,C,0.13248749677579819,0
review-47389333283368dc,msg-32e17f91821e085e067c,smishing,risky_request_visible,a_risky_request_visible,303,1,threshold_calibration,C,0.8542959397160828,1
review-48f7182245c9e551,msg-a52c445339e75c5638c4,smishing,ordinary_notice_or_conversation_possible,a_not_risky_request_visible,303,2,threshold_calibration,C,0.3990038190186663,1
review-49230d04e233f44b,msg-88466b364e697e810f29,normal,promotion_without_clear_scam_request,a_not_risky_request_visible,303,2,threshold_calibration,C,0.2505321336389412,0
review-4aad735ff43af908,msg-d1f2ce6a48cfd3ddc352,smishing,ordinary_notice_or_conversation_possible,a_not_risky_request_visible,303,0,threshold_calibration,C,0.3047717970194915,0
review-4aafcfede478ed2e,msg-42b716ae90c55a680465,smishing,risky_request_visible,a_risky_request_visible,303,1,threshold_calibration,C,0.8339905058821241,1
review-4b7d3212a375f3c3,msg-e32c03f7fd12569b45d4,smishing,risky_request_visible,a_risky_request_visible,303,2,threshold_calibration,C,0.6957443395045227,1
review-4bc7fe6f6685e5b0,msg-6a306e2d77b134423cff,smishing,risky_request_visible,a_risky_request_visible,303,1,threshold_calibration,C,0.35570334195263004,0
review-4be490099efed608,msg-1ba73bfe47e950778408,smishing,risky_request_visible,a_risky_request_visible,303,2,threshold_calibration,C,0.7797582761282663,1
review-4db7bde369258db0,msg-6dd03ec5f1c618ada2c5,smishing,risky_request_visible,a_risky_request_visible,303,1,threshold_calibration,C,0.7175954617344616,1
review-4dee15ae26647c57,msg-12bf543cc6f8c5b10b0a,normal,ordinary_notice_or_conversation_possible,a_not_risky_request_visible,303,0,threshold_calibration,C,0.10227449411393023,0
review-50913d75a97def28,msg-59fc050be5af6ecad8a5,smishing,risky_request_visible,a_risky_request_visible,303,1,threshold_calibration,C,0.6447552778502692,1
review-50eaadd4d0f17b7f,msg-7ebb94a273063e6a25f7,normal,ordinary_notice_or_conversation_possible,a_not_risky_request_visible,303,2,threshold_calibration,C,0.12700148065981545,0
review-5176dde30e249277,msg-a95d096bdce327f3ec58,normal,ordinary_notice_or_conversation_possible,a_not_risky_request_visible,303,2,threshold_calibration,C,0.14424603798843244,0
review-5192f26c12526af0,msg-46cf015971a39796118d,normal,risky_request_visible,a_risky_request_visible,303,2,threshold_calibration,C,0.37893877708479595,1
review-5201c5937ee64b08,msg-bb5a4640eee306e11287,smishing,risky_request_visible,a_risky_request_visible,303,2,threshold_calibration,C,0.651888142776449,1
review-53c35a92e8d9dc2a,msg-d521b3868f2aa0b03976,normal,ordinary_notice_or_conversation_possible,a_not_risky_request_visible,303,1,threshold_calibration,C,0.3700291748201589,0
review-53cc92ecebb430c9,msg-e602e76abd3350bfd137,normal,ordinary_notice_or_conversation_possible,a_not_risky_request_visible,303,1,threshold_calibration,C,0.15097132538170613,0
review-543aeb75302230e1,msg-7e2ff44dc281462ddd2c,normal,ordinary_notice_or_conversation_possible,a_not_risky_request_visible,303,0,threshold_calibration,C,0.10761605091287667,0
review-54a4b61c2ddb946a,msg-d867888f40ccdc430a1d,normal,promotion_without_clear_scam_request,a_not_risky_request_visible,303,1,threshold_calibration,C,0.10427321905065075,0
review-55155ad766375eb6,msg-2512e3e666de174caf80,normal,promotion_without_clear_scam_request,a_not_risky_request_visible,303,0,threshold_calibration,C,0.21887872248000556,0
review-5582aae305ae4193,msg-50997c3a965c36ff8cbc,normal,promotion_without_clear_scam_request,a_not_risky_request_visible,303,0,threshold_calibration,C,0.13322707334492725,0
review-563b94c3e75e8c6d,msg-3943c098759d93b5d20b,smishing,risky_request_visible,a_risky_request_visible,303,0,threshold_calibration,C,0.32776592889342177,0
review-56f61182338ec612,msg-791874081029523d4d1d,smishing,risky_request_visible,a_risky_request_visible,303,0,threshold_calibration,C,0.6504312495106713,1
review-573127865357f88a,msg-6f84d9cc313db045b133,normal,ordinary_notice_or_conversation_possible,a_not_risky_request_visible,303,1,threshold_calibration,C,0.0941593700942622,0
review-5784e41a45931326,msg-f2c24a6dc6cb602f2b03,smishing,risky_request_visible,a_risky_request_visible,303,1,threshold_calibration,C,0.402207283071312,0
review-588539dd497a5994,msg-eb5f2cc2527297a7b5a3,smishing,risky_request_visible,a_risky_request_visible,303,1,threshold_calibration,C,0.6226988946076928,1
review-591262c8bdf0034a,msg-1cfca21a07370919433a,smishing,ordinary_notice_or_conversation_possible,a_not_risky_request_visible,303,2,threshold_calibration,C,0.36874875083008085,0
review-5915bce9f0ed137d,msg-e395baa51463221daebc,normal,insufficient_context,a_not_risky_request_visible,303,1,threshold_calibration,C,0.18933646514932492,0
review-5a49e43857a6f8f0,msg-a4b7e6d3b527691e9a05,smishing,risky_request_visible,a_risky_request_visible,303,2,threshold_calibration,C,0.19184919737192702,0
review-5a7aed2fa9914ccd,msg-c51a29b00765bbce70ab,normal,ordinary_notice_or_conversation_possible,a_not_risky_request_visible,303,2,threshold_calibration,C,0.22231298200270158,0
review-5b8a47398769e7ef,msg-380c22214f611250512c,normal,ordinary_notice_or_conversation_possible,a_not_risky_request_visible,303,0,threshold_calibration,C,0.16864498353069465,0
review-5bd99d54544ce7e3,msg-9517e9c73490ca66a042,normal,promotion_without_clear_scam_request,a_not_risky_request_visible,303,2,threshold_calibration,C,0.3694550818445962,0
review-5c5069cca8a5add0,msg-0efb0ebfb655d5c5c6d3,normal,promotion_without_clear_scam_request,a_not_risky_request_visible,303,1,threshold_calibration,C,0.13138618197069102,0
review-5c8fb855522635b0,msg-8583f1e4ed2f6a4435f1,normal,ordinary_notice_or_conversation_possible,a_not_risky_request_visible,303,2,threshold_calibration,C,0.1210930200234424,0
review-5cdeba2735509611,msg-ae080cc622858f685d5a,smishing,risky_request_visible,a_risky_request_visible,303,1,threshold_calibration,C,0.9041087597701104,1
review-5d4e3193863f1946,msg-02ba53db573bb7d15551,smishing,risky_request_visible,a_risky_request_visible,303,0,threshold_calibration,C,0.8496796157607126,1
review-5f54bbc511caaded,msg-542efb3f41bad8a46794,normal,ordinary_notice_or_conversation_possible,a_not_risky_request_visible,303,0,threshold_calibration,C,0.13591648318436494,0
review-5f5dd240c73902fa,msg-702b7967e690569fc457,normal,promotion_without_clear_scam_request,a_not_risky_request_visible,303,0,threshold_calibration,C,0.0996543627392269,0
review-5fad6c92922b1924,msg-d7ae6177f242cd43abef,normal,insufficient_context,a_not_risky_request_visible,303,1,threshold_calibration,C,0.17917646156876466,0
review-613647025d825449,msg-c2dbf3f9ef08a79aafdb,normal,ordinary_notice_or_conversation_possible,a_not_risky_request_visible,303,0,threshold_calibration,C,0.24897908433424593,0
review-61fef2c9ced4f942,msg-660c2fd797c40f8e55ca,normal,ordinary_notice_or_conversation_possible,a_not_risky_request_visible,303,2,threshold_calibration,C,0.3074957451550381,0
review-65037cf8dfccb4af,msg-4a1016a531744e654831,normal,promotion_without_clear_scam_request,a_not_risky_request_visible,303,2,threshold_calibration,C,0.14382746363887097,0
review-6521774e33af014d,msg-9b1f08af6e0ef529c373,normal,ordinary_notice_or_conversation_possible,a_not_risky_request_visible,303,0,threshold_calibration,C,0.22441794879783447,0
review-65c507e4203143d6,msg-fa95489fe7c0dfeb2251,smishing,risky_request_visible,a_risky_request_visible,303,1,threshold_calibration,C,0.8565473782916981,1
review-66516cd6e1b084bc,msg-a67739cacf95ee18716c,normal,ordinary_notice_or_conversation_possible,a_not_risky_request_visible,303,1,threshold_calibration,C,0.23279546093996212,0
review-6925d1d5c92f5e6d,msg-44953d9e4eb6da25905d,normal,ordinary_notice_or_conversation_possible,a_not_risky_request_visible,303,0,threshold_calibration,C,0.24439365817030284,0
review-6ae02f39f51553d5,msg-6ea3d783002f06a87f20,smishing,risky_request_visible,a_risky_request_visible,303,2,threshold_calibration,C,0.8529058984002595,1
review-6b90760350513e04,msg-f20701505d9754bbd32d,normal,ordinary_notice_or_conversation_possible,a_not_risky_request_visible,303,1,threshold_calibration,C,0.4369067672653545,0
review-6c345dd95982d152,msg-6abd20ac3d54a1acb08f,smishing,risky_request_visible,a_risky_request_visible,303,0,threshold_calibration,C,0.7876866602998333,1
review-6f695f49e7ab13e0,msg-8356b29b26dab4a93304,normal,ordinary_notice_or_conversation_possible,a_not_risky_request_visible,303,0,threshold_calibration,C,0.2828705290003,0
review-737f8fd0571ce3c6,msg-c41cc6431e9d998e3d0b,smishing,insufficient_context,a_not_risky_request_visible,303,0,threshold_calibration,C,0.5566369199411728,1
review-747ccc19ddd0a65f,msg-2b77caba18e48a22b597,normal,ordinary_notice_or_conversation_possible,a_not_risky_request_visible,303,1,threshold_calibration,C,0.14070875125002966,0
review-755768c5838e2f29,msg-e2997981817c30d525be,smishing,risky_request_visible,a_risky_request_visible,303,2,threshold_calibration,C,0.7874598331256975,1
review-75ab06f0d698d679,msg-f273e56e9277fab3062d,smishing,risky_request_visible,a_risky_request_visible,303,1,threshold_calibration,C,0.48352554862512287,0
review-75f8aea8c65c0cb2,msg-944b6913babee30e1aa4,smishing,risky_request_visible,a_risky_request_visible,303,0,threshold_calibration,C,0.923394571302292,1
review-76a47d926f91413e,msg-81c59d9e2363e29c4af7,normal,ordinary_notice_or_conversation_possible,a_not_risky_request_visible,303,1,threshold_calibration,C,0.09121548609147195,0
review-787b7c042622aae0,msg-b3943f3bacab6f799477,normal,promotion_without_clear_scam_request,a_not_risky_request_visible,303,2,threshold_calibration,C,0.09322580512043006,0
review-790151d3979b5cf2,msg-05a81159578289c50343,normal,ordinary_notice_or_conversation_possible,a_not_risky_request_visible,303,1,threshold_calibration,C,0.0758673924126418,0
review-7977c3d1276873c7,msg-68e127127a540d65f679,normal,ordinary_notice_or_conversation_possible,a_not_risky_request_visible,303,1,threshold_calibration,C,0.19629613986511568,0
review-7a761126add20b55,msg-14afe15514eab65aba06,smishing,risky_request_visible,a_risky_request_visible,303,0,threshold_calibration,C,0.884304426151217,1
review-7b32c18f837c52f3,msg-906c8805c776e5912484,normal,risky_request_visible,a_risky_request_visible,303,2,threshold_calibration,C,0.19310318199133072,0
review-7cbff1d715e4b2f0,msg-565ddb5f77c920c58378,normal,promotion_without_clear_scam_request,a_not_risky_request_visible,303,0,threshold_calibration,C,0.15076018736763525,0
review-7d4271562f20ae7d,msg-0f3c1de813a299c535f9,normal,promotion_without_clear_scam_request,a_not_risky_request_visible,303,1,threshold_calibration,C,0.17694965395707019,0
review-8039ca8a8d71147c,msg-d7d609114f737190d087,smishing,risky_request_visible,a_risky_request_visible,303,1,threshold_calibration,C,0.5461434029166858,1
review-80aaf5285dff5d52,msg-f5342ad5453afafa654a,normal,promotion_without_clear_scam_request,a_not_risky_request_visible,303,1,threshold_calibration,C,0.11271146905524172,0
review-81b1a3bc8dfb1982,msg-4ab82cc3b14da8846e8f,normal,ordinary_notice_or_conversation_possible,a_not_risky_request_visible,303,2,threshold_calibration,C,0.11286819247368698,0
review-833c087c0ab5f903,msg-9fd68b8a09c8f103465e,smishing,insufficient_context,a_not_risky_request_visible,303,1,threshold_calibration,C,0.7567046000164127,1
review-83bf04c6b634cf0b,msg-b677ced3e884ac5d5c3c,normal,promotion_without_clear_scam_request,a_not_risky_request_visible,303,2,threshold_calibration,C,0.33693930522779797,0
review-869ed6a92825209e,msg-ebf36f8049d0506e786b,smishing,risky_request_visible,a_risky_request_visible,303,0,threshold_calibration,C,0.4814196791528041,0
review-87fb862754461a9e,msg-0d54c7b740e366837504,normal,promotion_without_clear_scam_request,a_not_risky_request_visible,303,1,threshold_calibration,C,0.06461854630786158,0
review-8815f8f3d2cf8ddd,msg-c411a659d87891c23018,normal,ordinary_notice_or_conversation_possible,a_not_risky_request_visible,303,2,threshold_calibration,C,0.3012972205716905,0
review-8a9a3331b5fa55b8,msg-c77a2ab7f5ebcb835ce1,normal,ordinary_notice_or_conversation_possible,a_not_risky_request_visible,303,0,threshold_calibration,C,0.4094404356932652,0
review-8acb2fdf0b998c44,msg-442633ffd7cc37f8a891,smishing,risky_request_visible,a_risky_request_visible,303,2,threshold_calibration,C,0.6618244149025804,1
review-8c9379e6d07693b9,msg-be03c5915bdd7e2e4314,smishing,risky_request_visible,a_risky_request_visible,303,0,threshold_calibration,C,0.21004408158685509,0
review-8e3e294dce3f381b,msg-5d0a2376083daf8a9bde,normal,ordinary_notice_or_conversation_possible,a_not_risky_request_visible,303,2,threshold_calibration,C,0.08077540506472686,0
review-8f6994cbd2075acd,msg-47b3b6a2b2a28bdf7fb9,smishing,risky_request_visible,a_risky_request_visible,303,2,threshold_calibration,C,0.711207952720006,1
review-901aa5f6d890357c,msg-74012a11f8d7a0e2cbd2,smishing,risky_request_visible,a_risky_request_visible,303,0,threshold_calibration,C,0.922731954118293,1
review-92a8bdc500ce598c,msg-b0731c666ab671570088,smishing,risky_request_visible,a_risky_request_visible,303,1,threshold_calibration,C,0.9045400241469087,1
review-92e977f1b9f64cdd,msg-3deb3a161a23b32aea25,smishing,risky_request_visible,a_risky_request_visible,303,2,threshold_calibration,C,0.673331287066577,1
review-936c9b094a62d464,msg-c8e57aa3882734555677,normal,ordinary_notice_or_conversation_possible,a_not_risky_request_visible,303,1,threshold_calibration,C,0.11151748378369643,0
review-93d84a89e42aa2d2,msg-08ce7d2baeca7acc8b65,smishing,risky_request_visible,a_risky_request_visible,303,1,threshold_calibration,C,0.7742580266908468,1
review-93e39f35ad377da3,msg-64cdca546bafdc9324f0,normal,ordinary_notice_or_conversation_possible,a_not_risky_request_visible,303,2,threshold_calibration,C,0.1672218475520839,0
review-94b8ffc8b0784e28,msg-75d8feb50109f84a12cc,normal,ordinary_notice_or_conversation_possible,a_not_risky_request_visible,303,2,threshold_calibration,C,0.07348175364489373,0
review-95b51a345d37bf9b,msg-1c7e06763517aa4b43bf,smishing,risky_request_visible,a_risky_request_visible,303,1,threshold_calibration,C,0.45636677915300244,0
review-962656fa6b00f587,msg-cce4c00da9a7d9f77c32,normal,promotion_without_clear_scam_request,a_not_risky_request_visible,303,2,threshold_calibration,C,0.13156168296854218,0
review-973274a88b5aa1db,msg-706b91df031716838257,normal,ordinary_notice_or_conversation_possible,a_not_risky_request_visible,303,1,threshold_calibration,C,0.09499615244693752,0
review-97b3b26bd7e8a65a,msg-359327bd4e7edc3cb5ba,normal,insufficient_context,a_not_risky_request_visible,303,0,threshold_calibration,C,0.10841042346542595,0
review-97eb58f77becd57e,msg-991e31887c4954366165,normal,promotion_without_clear_scam_request,a_not_risky_request_visible,303,2,threshold_calibration,C,0.09951094823392226,0
review-982aea7aee2bfd5b,msg-3189e01199a2f10ad163,smishing,risky_request_visible,a_risky_request_visible,303,0,threshold_calibration,C,0.9183765770280584,1
review-9a4ea6655a8a5a4f,msg-df3170271394537db9ca,normal,promotion_without_clear_scam_request,a_not_risky_request_visible,303,1,threshold_calibration,C,0.2366410751881555,0
review-9a6d46e3500865e5,msg-db804cd0d3465516e4ad,smishing,risky_request_visible,a_risky_request_visible,303,0,threshold_calibration,C,0.8262052113297895,1
review-9bf729353718fab4,msg-9ce453dc5d619e51234f,normal,ordinary_notice_or_conversation_possible,a_not_risky_request_visible,303,1,threshold_calibration,C,0.05938317350807064,0
review-9c83743cb64ceb5e,msg-dc4ff0d2d722a2c6cbac,normal,ordinary_notice_or_conversation_possible,a_not_risky_request_visible,303,2,threshold_calibration,C,0.21444232698578666,0
review-9c94f8c84f214457,msg-79fa0f109f0555707dca,smishing,risky_request_visible,a_risky_request_visible,303,0,threshold_calibration,C,0.2764074141363952,0
review-9dcbf9222596e8de,msg-142bb92fb41d9cbcef5f,normal,ordinary_notice_or_conversation_possible,a_not_risky_request_visible,303,0,threshold_calibration,C,0.39295394460672994,0
review-9e77e04ddb3e3ff6,msg-374fc9d1a57bc673b881,smishing,risky_request_visible,a_risky_request_visible,303,2,threshold_calibration,C,0.9095915822443753,1
review-9ec13abc1ec360b9,msg-053785582f2d9ed1abb9,normal,ordinary_notice_or_conversation_possible,a_not_risky_request_visible,303,0,threshold_calibration,C,0.16286451778390185,0
review-a00070320560c3ff,msg-eaeafeff80833a0c2e24,normal,risky_request_visible,a_risky_request_visible,303,1,threshold_calibration,C,0.6087975309061142,1
review-a003a34f2b7224ae,msg-ed3a4e31c52d999f2ab4,normal,ordinary_notice_or_conversation_possible,a_not_risky_request_visible,303,1,threshold_calibration,C,0.10449965364827986,0
review-a077aa771a77e44f,msg-a37b49f0af9136126259,normal,ordinary_notice_or_conversation_possible,a_not_risky_request_visible,303,0,threshold_calibration,C,0.15938241475727125,0
review-a0abc212fe654fe2,msg-e8f6c41fc42d524da26b,smishing,risky_request_visible,a_risky_request_visible,303,0,threshold_calibration,C,0.8889761130356276,1
review-a1c208b7e2a31834,msg-cfebfff6180461481c77,smishing,risky_request_visible,a_risky_request_visible,303,1,threshold_calibration,C,0.668238576548279,1
review-a31dcf3587c938e0,msg-69f98ce7e1a685df8515,smishing,risky_request_visible,a_risky_request_visible,303,1,threshold_calibration,C,0.7836273810016601,1
review-a3348ee784bf419a,msg-ff64a4e11508a5dc7000,smishing,risky_request_visible,a_risky_request_visible,303,2,threshold_calibration,C,0.9164905482824168,1
review-a3b8e31a589bfbf6,msg-72b62dcb8e0666cea243,smishing,risky_request_visible,a_risky_request_visible,303,2,threshold_calibration,C,0.7396407036626284,1
review-a55cc489390f4d15,msg-a11408f53fc97d32784a,smishing,risky_request_visible,a_risky_request_visible,303,0,threshold_calibration,C,0.7866657356611337,1
review-a5e01613dff9b90c,msg-5f72ce400186780556af,normal,promotion_without_clear_scam_request,a_not_risky_request_visible,303,2,threshold_calibration,C,0.1429921379264798,0
review-a884f7c925b47633,msg-0d319b74ea12c910e557,smishing,risky_request_visible,a_risky_request_visible,303,2,threshold_calibration,C,0.6531195739609575,1
review-a8b302c46a81110b,msg-a923033b51733c278a32,normal,ordinary_notice_or_conversation_possible,a_not_risky_request_visible,303,1,threshold_calibration,C,0.08630097489621863,0
review-ab5082605dd6822e,msg-caea04347391d8ade4f5,smishing,risky_request_visible,a_risky_request_visible,303,2,threshold_calibration,C,0.6607540179651408,1
review-abfd0300b3e94bc9,msg-c6cb9735117d0df6bed5,normal,promotion_without_clear_scam_request,a_not_risky_request_visible,303,1,threshold_calibration,C,0.1312464403176497,0
review-aca9116d8021bfae,msg-ee6bc320eef92aaba68d,smishing,risky_request_visible,a_risky_request_visible,303,0,threshold_calibration,C,0.5281036899170822,1
review-ad512146de7da940,msg-c26a0b124b37127b90ce,smishing,risky_request_visible,a_risky_request_visible,303,1,threshold_calibration,C,0.8445211124158567,1
review-ad7039ac6a9ced27,msg-c81c5b25a163ca19481f,normal,ordinary_notice_or_conversation_possible,a_not_risky_request_visible,303,2,threshold_calibration,C,0.08704656891906551,0
review-add578e780e46b65,msg-219e4e28472310285851,normal,promotion_without_clear_scam_request,a_not_risky_request_visible,303,2,threshold_calibration,C,0.1620796830884543,0
review-aefdc599d52d1968,msg-ce6e8882987410ea9dcb,normal,risky_request_visible,a_risky_request_visible,303,1,threshold_calibration,C,0.2527358828568572,0
review-af3cd140e815bf14,msg-76ea500b769d004670c6,normal,ordinary_notice_or_conversation_possible,a_not_risky_request_visible,303,2,threshold_calibration,C,0.150371706556986,0
review-b1335825efb8b815,msg-b01d387c5717587aaf48,normal,ordinary_notice_or_conversation_possible,a_not_risky_request_visible,303,0,threshold_calibration,C,0.3302440040893592,0
review-b354a4224eb298ed,msg-03c2102e41eb110e0262,smishing,risky_request_visible,a_risky_request_visible,303,1,threshold_calibration,C,0.8237506409348697,1
review-b4f3af03fab1d1b9,msg-ca0bba4719e18ebdea2c,smishing,risky_request_visible,a_risky_request_visible,303,1,threshold_calibration,C,0.43172416491015914,0
review-b52505e7e689a4b8,msg-362b479a08fa48892f2e,normal,promotion_without_clear_scam_request,a_not_risky_request_visible,303,0,threshold_calibration,C,0.14284082969342435,0
review-b75a5cafe4180fd6,msg-a850f5749efcb9c4f6a0,smishing,ordinary_notice_or_conversation_possible,a_not_risky_request_visible,303,0,threshold_calibration,C,0.4385826636688115,0
review-b7a4aa1c4b4f5a68,msg-ea43ef2af5abd7033448,normal,insufficient_context,a_not_risky_request_visible,303,0,threshold_calibration,C,0.2829292078141245,0
review-b853cb37dc6b6e11,msg-51ae98811a8fd7ee3107,normal,ordinary_notice_or_conversation_possible,a_not_risky_request_visible,303,2,threshold_calibration,C,0.1658967576715912,0
review-b894aa9bff1613dc,msg-0f99b5457812bf9368a9,smishing,risky_request_visible,a_risky_request_visible,303,0,threshold_calibration,C,0.7887821608891844,1
review-b8b4a371ec215d7c,msg-6ad7fc559a70473d3c43,normal,ordinary_notice_or_conversation_possible,a_not_risky_request_visible,303,0,threshold_calibration,C,0.3385877597605914,0
review-baf06dfd954e1b3a,msg-2e3856be0b06e36d853e,smishing,risky_request_visible,a_risky_request_visible,303,1,threshold_calibration,C,0.9170575175486503,1
review-bb9c36d01d5155e0,msg-5af06b6771a844fe1037,smishing,risky_request_visible,a_risky_request_visible,303,2,threshold_calibration,C,0.6597747292519953,1
review-bc1ad3d6715f9dab,msg-e19e83293fb47143aa18,normal,promotion_without_clear_scam_request,a_not_risky_request_visible,303,1,threshold_calibration,C,0.09974900612347684,0
review-bc5e0069bbad7d67,msg-ccfb4bcf7b100e873356,normal,ordinary_notice_or_conversation_possible,a_not_risky_request_visible,303,1,threshold_calibration,C,0.10804778140883503,0
review-bc9e9750ed2f2246,msg-9807f366fd3a944bee02,normal,ordinary_notice_or_conversation_possible,a_not_risky_request_visible,303,2,threshold_calibration,C,0.18448040495763515,0
review-bd2ee152f3f0a48a,msg-25ac7d2717cde23a4116,normal,ordinary_notice_or_conversation_possible,a_not_risky_request_visible,303,2,threshold_calibration,C,0.2254943810068658,0
review-be260e01d39a8550,msg-bbb84b4c518d7fb445cd,smishing,risky_request_visible,a_risky_request_visible,303,0,threshold_calibration,C,0.9689052884598678,1
review-be8ac302beaaaa38,msg-504e4d980601e6913b67,normal,ordinary_notice_or_conversation_possible,a_not_risky_request_visible,303,1,threshold_calibration,C,0.19187112965122768,0
review-bee3f43cbc979cc9,msg-4d9ff4113e4ed5d9e90c,smishing,risky_request_visible,a_risky_request_visible,303,2,threshold_calibration,C,0.36602120039281116,0
review-bef01b9f140416fa,msg-538e9bd6dde7a1aba023,normal,promotion_without_clear_scam_request,a_not_risky_request_visible,303,2,threshold_calibration,C,0.24741657708896272,0
review-bf5160f31d278f7b,msg-c051b9c58babed147478,normal,ordinary_notice_or_conversation_possible,a_not_risky_request_visible,303,0,threshold_calibration,C,0.12819546770692167,0
review-bf5fe000a4a8d9d5,msg-bcaba0c0cd46c0149e2b,smishing,risky_request_visible,a_risky_request_visible,303,0,threshold_calibration,C,0.29675245679869955,0
review-bfec2c5d687b5e5a,msg-171c4288e43e466f5427,normal,ordinary_notice_or_conversation_possible,a_not_risky_request_visible,303,0,threshold_calibration,C,0.3672536662061643,0
review-c0dec81b7dec22c5,msg-36f813c46481d09c7f14,normal,ordinary_notice_or_conversation_possible,a_not_risky_request_visible,303,0,threshold_calibration,C,0.2659688038516509,0
review-c1f9d74965cc6d56,msg-9f008694d2e9f838eeaa,smishing,risky_request_visible,a_risky_request_visible,303,1,threshold_calibration,C,0.7658650108409392,1
review-c20d5a744e2d1992,msg-08bbc870048b82597982,normal,ordinary_notice_or_conversation_possible,a_not_risky_request_visible,303,1,threshold_calibration,C,0.11757230073108682,0
review-c279584d5ab81989,msg-ac699df7f9a7b4400d68,smishing,risky_request_visible,a_risky_request_visible,303,2,threshold_calibration,C,0.6936654740521239,1
review-c2b11fa0a2c3336f,msg-18146f4aa7a10243efff,normal,ordinary_notice_or_conversation_possible,a_not_risky_request_visible,303,1,threshold_calibration,C,0.13673466865346054,0
review-c386fdd922078a37,msg-c21e147ebc288236d642,normal,ordinary_notice_or_conversation_possible,a_not_risky_request_visible,303,1,threshold_calibration,C,0.18372132244823366,0
review-c45238e439e91c4d,msg-165866e6104c7226a8e8,smishing,risky_request_visible,a_risky_request_visible,303,0,threshold_calibration,C,0.6525251985069572,1
review-c58fb60504f6d9d8,msg-fb1d46a056dbeb985081,smishing,risky_request_visible,a_risky_request_visible,303,1,threshold_calibration,C,0.5186684110075436,1
review-c68883cf7ada6886,msg-e8325082747f144e0b1f,smishing,risky_request_visible,a_risky_request_visible,303,2,threshold_calibration,C,0.5863970868350836,1
review-c7968cd6c3d1f959,msg-13d13b63af525be88c8e,normal,ordinary_notice_or_conversation_possible,a_not_risky_request_visible,303,1,threshold_calibration,C,0.06934551544269708,0
review-c7acc1ae1037b569,msg-9ae5d9f225d18d759f00,smishing,risky_request_visible,a_risky_request_visible,303,1,threshold_calibration,C,0.8265126575508072,1
review-c7e00bcebb9cbe94,msg-3eff4af4ff261cda8b13,normal,ordinary_notice_or_conversation_possible,a_not_risky_request_visible,303,0,threshold_calibration,C,0.27912527127784614,0
review-c7f76b1e1d80f49a,msg-47c423de9b8595f121a9,smishing,risky_request_visible,a_risky_request_visible,303,0,threshold_calibration,C,0.27740296678779003,0
review-c854f5ffb64bf3eb,msg-f2f023ae46a3f625f5ba,normal,ordinary_notice_or_conversation_possible,a_not_risky_request_visible,303,1,threshold_calibration,C,0.15859124418657702,0
review-c9bef77585bdd4e8,msg-2dbc56f9e20b89a67a13,smishing,risky_request_visible,a_risky_request_visible,303,1,threshold_calibration,C,0.5215868609696063,1
review-c9d8f2fd31ea0b7f,msg-4d670f74ef64914e9b0e,normal,promotion_without_clear_scam_request,a_not_risky_request_visible,303,1,threshold_calibration,C,0.20713435485405818,0
review-cb23ce2b380ce815,msg-a81e33bc3946b0ae2550,normal,ordinary_notice_or_conversation_possible,a_not_risky_request_visible,303,2,threshold_calibration,C,0.29052887026481083,0
review-cb28a9106aef5505,msg-67de13a82fafaf8c3980,smishing,risky_request_visible,a_risky_request_visible,303,2,threshold_calibration,C,0.7618297650685116,1
review-cc41f3f4cb6e8629,msg-cd74555c5078c89aa225,smishing,risky_request_visible,a_risky_request_visible,303,2,threshold_calibration,C,0.7896844816441384,1
review-cd10401423c3d046,msg-90e4dfdb43017952dbb4,normal,ordinary_notice_or_conversation_possible,a_not_risky_request_visible,303,0,threshold_calibration,C,0.0910020762065381,0
review-cd39c34a5496687f,msg-28b8f57d24c88ea1fd3b,normal,ordinary_notice_or_conversation_possible,a_not_risky_request_visible,303,2,threshold_calibration,C,0.06762517440323353,0
review-ce1c5319370b9470,msg-ae8747db917382e06db2,smishing,risky_request_visible,a_risky_request_visible,303,1,threshold_calibration,C,0.5121673516020072,1
review-cf59c2e5933f9fa2,msg-43d155d969d978189fb2,smishing,risky_request_visible,a_risky_request_visible,303,2,threshold_calibration,C,0.7629088061672195,1
review-cf827f0ca2b4b9a5,msg-4e0bd498f47b89599ea6,smishing,risky_request_visible,a_risky_request_visible,303,2,threshold_calibration,C,0.3598554875998818,0
review-d14a67c8f86c82a4,msg-f96269b2a48486c1fd45,normal,ordinary_notice_or_conversation_possible,a_not_risky_request_visible,303,1,threshold_calibration,C,0.15550852509596758,0
review-d17c9fec5ba94c27,msg-0833b822c08cc170dc26,smishing,risky_request_visible,a_risky_request_visible,303,1,threshold_calibration,C,0.7579698668320693,1
review-d1b2ce556231d1b9,msg-1a13d7e1a0a296d7e9ac,normal,promotion_without_clear_scam_request,a_not_risky_request_visible,303,1,threshold_calibration,C,0.16304994088974953,0
review-d1df54b7c0853995,msg-a19d969edbd3e4c563b7,normal,promotion_without_clear_scam_request,a_not_risky_request_visible,303,0,threshold_calibration,C,0.08901082993098818,0
review-d27b1f741c6ce442,msg-d3e25a130f49e24fec59,normal,ordinary_notice_or_conversation_possible,a_not_risky_request_visible,303,1,threshold_calibration,C,0.10309246478116339,0
review-d299ebb8c45a2f94,msg-0b586f5fca364bbc8c8d,smishing,insufficient_context,a_not_risky_request_visible,303,0,threshold_calibration,C,0.14708062473675776,0
review-d29c44ff7ec787ac,msg-18c2c8f93f103cd63104,normal,promotion_without_clear_scam_request,a_not_risky_request_visible,303,1,threshold_calibration,C,0.2287695474058509,0
review-d33ca86cba802688,msg-e2900c16a353e5f15c43,smishing,risky_request_visible,a_risky_request_visible,303,2,threshold_calibration,C,0.7746843799936122,1
review-d3b4daac66058960,msg-2819ed8636ecdee04bb3,normal,promotion_without_clear_scam_request,a_not_risky_request_visible,303,2,threshold_calibration,C,0.16741807666918812,0
review-d51050ea94555e33,msg-8dfc55b831e0422aaaf3,normal,ordinary_notice_or_conversation_possible,a_not_risky_request_visible,303,2,threshold_calibration,C,0.10465150117191509,0
review-d51a67f2e9911b52,msg-9412881b9906d37a2304,normal,ordinary_notice_or_conversation_possible,a_not_risky_request_visible,303,0,threshold_calibration,C,0.09232075015495758,0
review-d5cad39f16073736,msg-6b991d00ca9722186569,normal,promotion_without_clear_scam_request,a_not_risky_request_visible,303,2,threshold_calibration,C,0.18082481736522066,0
review-d86e9dceafb57f52,msg-b1cc1dadab2abab75849,smishing,risky_request_visible,a_risky_request_visible,303,0,threshold_calibration,C,0.7900843835839932,1
review-db2e98df10b7ea70,msg-c3a7447e038aacfc0b56,normal,ordinary_notice_or_conversation_possible,a_not_risky_request_visible,303,1,threshold_calibration,C,0.16599831977659107,0
review-dbbbfc8d3d158c2b,msg-19fa68b2542d83a61f79,smishing,risky_request_visible,a_risky_request_visible,303,2,threshold_calibration,C,0.7312231018739078,1
review-dcfd0dc2773c1fc2,msg-efd9fc3fa5aed3568aff,smishing,risky_request_visible,a_risky_request_visible,303,1,threshold_calibration,C,0.8654155820121768,1
review-dd1fb20a78a6cb60,msg-0c3c82dfb168fc722263,normal,ordinary_notice_or_conversation_possible,a_not_risky_request_visible,303,1,threshold_calibration,C,0.12875374289577218,0
review-dd797ac5b4317bd3,msg-be92dc94342f95bbcf5d,smishing,risky_request_visible,a_risky_request_visible,303,2,threshold_calibration,C,0.8986096819000579,1
review-dd85b84b55bb501f,msg-c7ae71424b0756ee528c,smishing,risky_request_visible,a_risky_request_visible,303,1,threshold_calibration,C,0.7976031688072693,1
review-de8af5907865c3e9,msg-8d5b64a36fbb3eb71e78,smishing,risky_request_visible,a_risky_request_visible,303,1,threshold_calibration,C,0.46838921732946953,0
review-e058b93119484125,msg-64eeb1b2fa95ac8fb479,smishing,risky_request_visible,a_risky_request_visible,303,0,threshold_calibration,C,0.9051788512524521,1
review-e0a264aecc7ee1b0,msg-b08b74714736c2364217,normal,ordinary_notice_or_conversation_possible,a_not_risky_request_visible,303,1,threshold_calibration,C,0.445370678107068,0
review-e0ac9753946feca9,msg-1cbe6cc1748e7262b5ab,smishing,risky_request_visible,a_risky_request_visible,303,2,threshold_calibration,C,0.48219791445324534,1
review-e1afcc76f28c4344,msg-957a54f95f91a63ee653,normal,ordinary_notice_or_conversation_possible,a_not_risky_request_visible,303,1,threshold_calibration,C,0.05976719076576744,0
review-e23fed0689d23954,msg-5bc65501f76a2d9c35b3,smishing,promotion_without_clear_scam_request,a_not_risky_request_visible,303,0,threshold_calibration,C,0.4308961659724774,0
review-e244a46bb3c89288,msg-b49a70f3593e3f36b11d,smishing,risky_request_visible,a_risky_request_visible,303,2,threshold_calibration,C,0.5627982675244098,1
review-e2fd25cde06b2e07,msg-871f6b0c52c58905dd41,normal,promotion_without_clear_scam_request,a_not_risky_request_visible,303,1,threshold_calibration,C,0.2677723471100138,0
review-e3520951883c1b51,msg-80d20dbfca1307061530,normal,promotion_without_clear_scam_request,a_not_risky_request_visible,303,0,threshold_calibration,C,0.13652256841059315,0
review-e432c718725ac7ae,msg-b372318bcb95d9f5bf57,normal,ordinary_notice_or_conversation_possible,a_not_risky_request_visible,303,0,threshold_calibration,C,0.23301500374166675,0
review-e63efe4044e2aa11,msg-79b01393dcc39d7d282a,smishing,risky_request_visible,a_risky_request_visible,303,1,threshold_calibration,C,0.9533734353214521,1
review-e736bb0c132d2dc8,msg-bf0dfb1e1aef571e6dfa,smishing,promotion_without_clear_scam_request,a_not_risky_request_visible,303,1,threshold_calibration,C,0.7579004030857754,1
review-e8170ecaf09d95c1,msg-e863bf00fb6dbfb816f3,normal,ordinary_notice_or_conversation_possible,a_not_risky_request_visible,303,1,threshold_calibration,C,0.1048471247894228,0
review-ea8461ed56afeacc,msg-ad517b34fab57cf3b438,normal,ordinary_notice_or_conversation_possible,a_not_risky_request_visible,303,1,threshold_calibration,C,0.13562532468694588,0
review-eb5bbbe4e99a6f72,msg-aae535e14decd836abac,normal,ordinary_notice_or_conversation_possible,a_not_risky_request_visible,303,1,threshold_calibration,C,0.19635017886728873,0
review-ecf66ae7e447041e,msg-443a84cea11014478b84,smishing,risky_request_visible,a_risky_request_visible,303,2,threshold_calibration,C,0.8039765927685347,1
review-ed79a40573a23e85,msg-6f4d5cc6a56a922f2113,normal,promotion_without_clear_scam_request,a_not_risky_request_visible,303,0,threshold_calibration,C,0.24690185043843804,0
review-ed8aaee3f91ea267,msg-a319a3ad3f700d7f3e15,normal,promotion_without_clear_scam_request,a_not_risky_request_visible,303,2,threshold_calibration,C,0.08439501358385018,0
review-edccbb4371a90711,msg-bb52082aaa2a867204a8,smishing,risky_request_visible,a_risky_request_visible,303,2,threshold_calibration,C,0.9053171465902207,1
review-ee537a73bef42552,msg-a50c3f07d1c4116a5aae,normal,ordinary_notice_or_conversation_possible,a_not_risky_request_visible,303,2,threshold_calibration,C,0.20345954481945558,0
review-f160feeb48ff21ee,msg-441e65241cda094c5e2a,smishing,risky_request_visible,a_risky_request_visible,303,1,threshold_calibration,C,0.48339203243997847,0
review-f278c035dcc448b5,msg-69e20b477e1f38d22287,normal,ordinary_notice_or_conversation_possible,a_not_risky_request_visible,303,0,threshold_calibration,C,0.09879932650022721,0
review-f360abb82bcec3c4,msg-7a14eb32b51e33537f72,smishing,risky_request_visible,a_risky_request_visible,303,0,threshold_calibration,C,0.915814404896969,1
review-f48d763f6c721c5c,msg-05ce5c3a427de58a9e8d,smishing,risky_request_visible,a_risky_request_visible,303,2,threshold_calibration,C,0.7783013444093132,1
review-f50f53a543208b94,msg-8c649a088b7f6eb07a65,smishing,risky_request_visible,a_risky_request_visible,303,1,threshold_calibration,C,0.28977487016178805,0
review-f68968ff35ec4bea,msg-3f37d9bd39aa22dc8368,normal,ordinary_notice_or_conversation_possible,a_not_risky_request_visible,303,1,threshold_calibration,C,0.11358176413518822,0
review-f7fbd3ab7a66e194,msg-8884dfa40bd5b5ff02f7,normal,promotion_without_clear_scam_request,a_not_risky_request_visible,303,2,threshold_calibration,C,0.2315278608399122,0
review-f9bfaa738fc7db78,msg-22666adef1260ae5f9a4,normal,ordinary_notice_or_conversation_possible,a_not_risky_request_visible,303,0,threshold_calibration,C,0.1829749707063523,0
review-fbd669140c0c37bb,msg-299b1f56db41d7b2e7c2,normal,ordinary_notice_or_conversation_possible,a_not_risky_request_visible,303,0,threshold_calibration,C,0.19510901413475057,0
review-fcb737070b879e4f,msg-63be477f140adc17e396,normal,ordinary_notice_or_conversation_possible,a_not_risky_request_visible,303,2,threshold_calibration,C,0.1319737226060307,0
review-fcba197835dbe421,msg-c9a0f816a24bd3e21470,smishing,risky_request_visible,a_risky_request_visible,303,1,threshold_calibration,C,0.6119497848181686,1
review-fd55ea1d04c7fc3b,msg-44deb8ec94adc01da101,normal,promotion_without_clear_scam_request,a_not_risky_request_visible,303,0,threshold_calibration,C,0.04489392523726895,0
review-fe1822167edb9625,msg-bee493f64946ad6b35a4,normal,promotion_without_clear_scam_request,a_not_risky_request_visible,303,0,threshold_calibration,C,0.11075492506495563,0
review-ff1ff6c1bdbeaee2,msg-35a30cfabb7c40cc1912,normal,ordinary_notice_or_conversation_possible,a_not_risky_request_visible,303,1,threshold_calibration,C,0.11882211462363079,0
review-ff57873bcca80e84,msg-0d5b420dd958137f34fc,smishing,insufficient_context,a_not_risky_request_visible,303,1,threshold_calibration,C,0.7411782087771303,1
review-ff61b33b22cf09db,msg-f83fe7e80b1199988bc6,smishing,insufficient_context,a_not_risky_request_visible,303,2,threshold_calibration,C,0.43654713722796773,1
review-0056707322867f9e,msg-bfebdfbc523c88d22afe,normal,ordinary_notice_or_conversation_possible,a_not_risky_request_visible,404,2,development_readout,A,0.04917481803577221,0
review-014f431cdb07954a,msg-0c6dfbf2de170e52a942,smishing,risky_request_visible,a_risky_request_visible,404,0,development_readout,A,0.25792660672775997,0
review-02ed9a9204fc5c8c,msg-8af5cc4194464b481799,smishing,risky_request_visible,a_risky_request_visible,404,1,development_readout,A,0.6273740658636491,0
review-031c270e33784faf,msg-7b77eedddff4504d9db0,smishing,risky_request_visible,a_risky_request_visible,404,1,development_readout,A,0.4260392500467463,0
review-06745995f913ed5c,msg-fb9fed8f5353c19f4482,normal,ordinary_notice_or_conversation_possible,a_not_risky_request_visible,404,2,development_readout,A,0.11051378655438558,0
review-06e6ec96dd763a34,msg-3be783148c7ea591a6af,normal,promotion_without_clear_scam_request,a_not_risky_request_visible,404,2,development_readout,A,0.1167048066542761,0
review-06fe91fac978687e,msg-a83bb61726a247a6e1e1,normal,promotion_without_clear_scam_request,a_not_risky_request_visible,404,2,development_readout,A,0.09208936597180409,0
review-07c0fb876beabf4b,msg-cdcf2dfc7474190999c3,smishing,promotion_without_clear_scam_request,a_not_risky_request_visible,404,0,development_readout,A,0.4805150778696599,1
review-09dc7d3fa6246119,msg-82c1c5902ccf0f6cb441,normal,ordinary_notice_or_conversation_possible,a_not_risky_request_visible,404,0,development_readout,A,0.14618591543661683,0
review-0bc7f01b43b4a4f4,msg-4d26af1bd51a813c0839,normal,promotion_without_clear_scam_request,a_not_risky_request_visible,404,0,development_readout,A,0.12092659674101078,0
review-0cf62fd6142f6cb4,msg-2c0ffb2240bce4f0412b,smishing,risky_request_visible,a_risky_request_visible,404,0,development_readout,A,0.6983299054313077,1
review-0d61809b41685d2f,msg-3056e20984e704228691,normal,ordinary_notice_or_conversation_possible,a_not_risky_request_visible,404,1,development_readout,A,0.09839422816049569,0
review-0ddce31c46b4331c,msg-018ff56a19f05b63f7f1,normal,promotion_without_clear_scam_request,a_not_risky_request_visible,404,2,development_readout,A,0.11923041916035901,0
review-0f7f12381c38278e,msg-001d594cae67fd50f532,normal,promotion_without_clear_scam_request,a_not_risky_request_visible,404,0,development_readout,A,0.11934542939412456,0
review-105735240253acfe,msg-882fdf4a57682ebb0be2,smishing,risky_request_visible,a_risky_request_visible,404,0,development_readout,A,0.4880087952947004,1
review-10e329e8873017e2,msg-4d92830c608f0547ddb4,smishing,risky_request_visible,a_risky_request_visible,404,0,development_readout,A,0.5916545918353593,1
review-12aedba2ef212671,msg-52cabfe559de650270d0,smishing,risky_request_visible,a_risky_request_visible,404,0,development_readout,A,0.9335985980493108,1
review-137a8d7cde64d50f,msg-b66553208ce35fd6531e,normal,ordinary_notice_or_conversation_possible,a_not_risky_request_visible,404,1,development_readout,A,0.1217066657154694,0
review-143e404949a72860,msg-9ab97598b92cc2549f26,smishing,risky_request_visible,a_risky_request_visible,404,2,development_readout,A,0.893664859225281,1
review-1538fa93f259c264,msg-1d4f07b23c605c358a53,normal,ordinary_notice_or_conversation_possible,a_not_risky_request_visible,404,0,development_readout,A,0.18756668421675093,0
review-15f5cb8ca60e63e7,msg-93f6493043538f04abba,smishing,risky_request_visible,a_risky_request_visible,404,2,development_readout,A,0.6044429006071824,1
review-17bb16430527761d,msg-8a95db5cf464c51ec8bb,smishing,risky_request_visible,a_risky_request_visible,404,0,development_readout,A,0.3530394132733669,0
review-1820dec42f5ec2ca,msg-04d0a9cdecc5e27abe30,smishing,risky_request_visible,a_risky_request_visible,404,1,development_readout,A,0.6081255945188491,0
review-19cc4ce8b1dbe415,msg-e9e131d9372380a167cf,smishing,risky_request_visible,a_risky_request_visible,404,0,development_readout,A,0.11798948131893525,0
review-1a4aa7992820ca2a,msg-f6bc1ff296dcef8d3f5e,smishing,risky_request_visible,a_risky_request_visible,404,0,development_readout,A,0.6462692028006046,1
review-1b01c3e70a5cd621,msg-598291dbde5006fce551,smishing,risky_request_visible,a_risky_request_visible,404,1,development_readout,A,0.47689976277578233,0
review-1bee5d35c3ae9550,msg-0a348fcb6248b2e02712,smishing,risky_request_visible,a_risky_request_visible,404,0,development_readout,A,0.47220328767538605,1
review-1c32fedd4b32dd06,msg-b3fecdca68993f39816e,normal,promotion_without_clear_scam_request,a_not_risky_request_visible,404,0,development_readout,A,0.08004658065159098,0
review-1c42c25c32f5bd82,msg-397c7d1d69e93306e43f,smishing,risky_request_visible,a_risky_request_visible,404,0,development_readout,A,0.8304777808613205,1
review-1e450b71c02e190a,msg-fde8fe5d8c4f6fbf52c2,smishing,risky_request_visible,a_risky_request_visible,404,1,development_readout,A,0.5187155980878407,0
review-1e479c4a302f356c,msg-1306cfdbb1eb6413c2f3,smishing,risky_request_visible,a_risky_request_visible,404,0,development_readout,A,0.14588069745406915,0
review-2015b61fb97f2965,msg-3649a91b276a45d342c6,normal,ordinary_notice_or_conversation_possible,a_not_risky_request_visible,404,2,development_readout,A,0.133151065439166,0
review-220daefcb5d386ed,msg-e3ec894bf4e93e8c550e,smishing,risky_request_visible,a_risky_request_visible,404,2,development_readout,A,0.735443210598931,1
review-25104a7eec1f7831,msg-f98da8116216cda9e3fe,smishing,risky_request_visible,a_risky_request_visible,404,0,development_readout,A,0.6546313580198103,1
review-25ec7d62ea3d7444,msg-7f85a9711cbc0aa393d6,smishing,risky_request_visible,a_risky_request_visible,404,2,development_readout,A,0.2135650639948039,0
review-266fac2cf4f9a2fe,msg-358dbfc77504383312c3,smishing,risky_request_visible,a_risky_request_visible,404,0,development_readout,A,0.8106593616035149,1
review-2705653809f7ad8f,msg-c847ea1fe73639b29741,normal,ordinary_notice_or_conversation_possible,a_not_risky_request_visible,404,0,development_readout,A,0.2358499217521703,0
review-2769abe8fc6ffd87,msg-45d3204953ffb0ec89ee,normal,ordinary_notice_or_conversation_possible,a_not_risky_request_visible,404,0,development_readout,A,0.1296557226197581,0
review-293586512b140a4e,msg-df9036abd2017f6f6be1,smishing,risky_request_visible,a_risky_request_visible,404,0,development_readout,A,0.304609229578096,0
review-2d4568421c26bf66,msg-96c30c2332ea6bf5e247,normal,ordinary_notice_or_conversation_possible,a_not_risky_request_visible,404,1,development_readout,A,0.19065430852617046,0
review-2d707fce0fb4702c,msg-e94fec8af385dc5ff556,normal,ordinary_notice_or_conversation_possible,a_not_risky_request_visible,404,1,development_readout,A,0.18903271001214242,0
review-2d80e47aaaa42543,msg-207b27eff27f4988fb0f,normal,ordinary_notice_or_conversation_possible,a_not_risky_request_visible,404,1,development_readout,A,0.24718779901056673,0
review-2dcd34cb42910200,msg-97b2b6ee95ed7d920877,smishing,risky_request_visible,a_risky_request_visible,404,0,development_readout,A,0.4582304619595828,1
review-2dd7b92c08e4f5c4,msg-42c7b3575f8a9da0d8d1,normal,promotion_without_clear_scam_request,a_not_risky_request_visible,404,1,development_readout,A,0.09512901975111525,0
review-300c4c657ef26689,msg-8d4de978440b72ca4a45,normal,ordinary_notice_or_conversation_possible,a_not_risky_request_visible,404,2,development_readout,A,0.14539221264489605,0
review-30d20e067658db39,msg-915558b1d57081861e23,normal,insufficient_context,a_not_risky_request_visible,404,2,development_readout,A,0.14705356967950875,0
review-31a75727a167d60d,msg-f9061a931aba0d307ce6,smishing,risky_request_visible,a_risky_request_visible,404,0,development_readout,A,0.4356279588751304,1
review-322a0c915a6dca98,msg-3d77196a643275284eee,smishing,risky_request_visible,a_risky_request_visible,404,1,development_readout,A,0.5383797460402241,0
review-3423b715646fd583,msg-65bffe175e1d5b55382e,smishing,risky_request_visible,a_risky_request_visible,404,0,development_readout,A,0.9360986636502856,1
review-344682f2618ba8f9,msg-e5b4405ee48a541eecc0,normal,promotion_without_clear_scam_request,a_not_risky_request_visible,404,1,development_readout,A,0.19790776225247364,0
review-363f281df3bd9ba4,msg-36bc461d0aefe348462d,normal,promotion_without_clear_scam_request,a_not_risky_request_visible,404,0,development_readout,A,0.12958671044536155,0
review-364329807a65a090,msg-0be5e1e2bd038f3a1a24,smishing,risky_request_visible,a_risky_request_visible,404,0,development_readout,A,0.34640060546724555,0
review-36c6682493394c5a,msg-d54e4685cdd8f9aa710a,smishing,risky_request_visible,a_risky_request_visible,404,1,development_readout,A,0.651299978097464,1
review-370202b258208735,msg-fc0286653fb100798da2,smishing,risky_request_visible,a_risky_request_visible,404,1,development_readout,A,0.3496213733073478,0
review-37141dd75c3875fc,msg-372c6f62456bfbc0a7d9,normal,ordinary_notice_or_conversation_possible,a_not_risky_request_visible,404,2,development_readout,A,0.09386841669437851,0
review-3735a715aa425485,msg-5cbba54c59da325a454c,normal,ordinary_notice_or_conversation_possible,a_not_risky_request_visible,404,1,development_readout,A,0.27470282913194827,0
review-39a836fe3d87fa33,msg-758bd093f61744be66f6,normal,ordinary_notice_or_conversation_possible,a_not_risky_request_visible,404,0,development_readout,A,0.08846248861266075,0
review-39e0fa05577bfbae,msg-551d213c037c9c6eab04,smishing,risky_request_visible,a_risky_request_visible,404,0,development_readout,A,0.9321983528265319,1
review-3a343dbd60efe3c5,msg-e91ad896bc07a339c9ae,normal,promotion_without_clear_scam_request,a_not_risky_request_visible,404,2,development_readout,A,0.10912691192863225,0
review-3aa78c267ab21f05,msg-224c0422b0003d17212c,smishing,ordinary_notice_or_conversation_possible,a_not_risky_request_visible,404,1,development_readout,A,0.25395378437413346,0
review-3abe5c96847ee3b9,msg-e7c4d2ebb04e62e880b5,normal,ordinary_notice_or_conversation_possible,a_not_risky_request_visible,404,2,development_readout,A,0.1272340920956769,0
review-3b23a85b0e54e4e2,msg-5a59a5ce918f6559e125,normal,promotion_without_clear_scam_request,a_not_risky_request_visible,404,1,development_readout,A,0.09236191912938381,0
review-3b5e9306ce7f16f6,msg-75d22609d1f4fae1c474,normal,ordinary_notice_or_conversation_possible,a_not_risky_request_visible,404,0,development_readout,A,0.10705097769434146,0
review-3c542b2889f7ee41,msg-ab4e24de8042cbea05d6,smishing,risky_request_visible,a_risky_request_visible,404,0,development_readout,A,0.9323751773480766,1
review-3c6ae33a89ac17a5,msg-c098e4b7c32dc66b6582,smishing,risky_request_visible,a_risky_request_visible,404,2,development_readout,A,0.9119028293588405,1
review-3ec3c8e07bb7e369,msg-f5bfb9971a76c287fdd5,normal,promotion_without_clear_scam_request,a_not_risky_request_visible,404,2,development_readout,A,0.159886234570689,0
review-40617332c72b6a65,msg-75bccb25272a125ae624,smishing,risky_request_visible,a_risky_request_visible,404,2,development_readout,A,0.7486088201725627,1
review-40e531a989b5b832,msg-90c8b223c83bae5b9f53,smishing,risky_request_visible,a_risky_request_visible,404,1,development_readout,A,0.5442841942211691,0
review-40eb85d72dbb3fa3,msg-4273962397b78faae1de,smishing,risky_request_visible,a_risky_request_visible,404,2,development_readout,A,0.8658169937457258,1
review-40f65d491fbb6c91,msg-29618cee18396e8a8e81,smishing,risky_request_visible,a_risky_request_visible,404,0,development_readout,A,0.6099027639438864,1
review-417d1a94491a5069,msg-a24654d3ad544c08124e,normal,promotion_without_clear_scam_request,a_not_risky_request_visible,404,2,development_readout,A,0.07965088004634288,0
review-41e7242cf53f7aec,msg-414effb98a09982ec13d,normal,promotion_without_clear_scam_request,a_not_risky_request_visible,404,2,development_readout,A,0.12192397156946351,0
review-46f3555593434e8a,msg-ef6fd44a32790af20571,smishing,risky_request_visible,a_risky_request_visible,404,0,development_readout,A,0.9315782568473234,1
review-49230d04e233f44b,msg-88466b364e697e810f29,normal,promotion_without_clear_scam_request,a_not_risky_request_visible,404,2,development_readout,A,0.20122560052274469,0
review-49db2f3969f4dab7,msg-d9f951c82ea54b25ac30,normal,promotion_without_clear_scam_request,a_not_risky_request_visible,404,1,development_readout,A,0.11213358199743699,0
review-4a5f226471e5edaf,msg-92eab3c091583e1be9b2,smishing,risky_request_visible,a_risky_request_visible,404,1,development_readout,A,0.7866689078639242,1
review-4b0f3b3c6f3029e0,msg-095a369060c7ff33c341,smishing,risky_request_visible,a_risky_request_visible,404,2,development_readout,A,0.86606410109723,1
review-4b7d3212a375f3c3,msg-e32c03f7fd12569b45d4,smishing,risky_request_visible,a_risky_request_visible,404,1,development_readout,A,0.6266427520992438,0
review-4c1327797f738c0f,msg-c623d83809d140a75f70,normal,ordinary_notice_or_conversation_possible,a_not_risky_request_visible,404,2,development_readout,A,0.22969080790210938,0
review-4cbabc8906c81322,msg-0ed0bfb82462e09cd15a,smishing,risky_request_visible,a_risky_request_visible,404,2,development_readout,A,0.8573582141635798,1
review-4e91758f8be8575d,msg-2a7f43ae7fa422fefb9b,smishing,risky_request_visible,a_risky_request_visible,404,1,development_readout,A,0.18356862262769308,0
review-50913d75a97def28,msg-59fc050be5af6ecad8a5,smishing,risky_request_visible,a_risky_request_visible,404,2,development_readout,A,0.5722877443631587,1
review-50c65fd60929a11c,msg-76755bc4cf7a9223f1f5,smishing,risky_request_visible,a_risky_request_visible,404,0,development_readout,A,0.639435396099788,1
review-5155bcd98221f6df,msg-260f9a35da3e12d1699f,normal,ordinary_notice_or_conversation_possible,a_not_risky_request_visible,404,1,development_readout,A,0.12457761452616604,0
review-5176dde30e249277,msg-a95d096bdce327f3ec58,normal,ordinary_notice_or_conversation_possible,a_not_risky_request_visible,404,0,development_readout,A,0.11705732374295517,0
review-5192f26c12526af0,msg-46cf015971a39796118d,normal,risky_request_visible,a_risky_request_visible,404,2,development_readout,A,0.3944752525049207,0
review-5201c5937ee64b08,msg-bb5a4640eee306e11287,smishing,risky_request_visible,a_risky_request_visible,404,0,development_readout,A,0.47638763495684877,1
review-5351da806d5c8862,msg-56c6f7e6fe95f4eaf8db,normal,ordinary_notice_or_conversation_possible,a_not_risky_request_visible,404,2,development_readout,A,0.15521484382923106,0
review-53cc92ecebb430c9,msg-e602e76abd3350bfd137,normal,ordinary_notice_or_conversation_possible,a_not_risky_request_visible,404,2,development_readout,A,0.12222765242492865,0
review-54a4b61c2ddb946a,msg-d867888f40ccdc430a1d,normal,promotion_without_clear_scam_request,a_not_risky_request_visible,404,1,development_readout,A,0.0889477003822135,0
review-5582aae305ae4193,msg-50997c3a965c36ff8cbc,normal,promotion_without_clear_scam_request,a_not_risky_request_visible,404,2,development_readout,A,0.12648591654261898,0
review-55839cdd8c1c65c6,msg-7bc3eb6f8e2897ba9d73,normal,promotion_without_clear_scam_request,a_not_risky_request_visible,404,1,development_readout,A,0.08598955508458074,0
review-563b94c3e75e8c6d,msg-3943c098759d93b5d20b,smishing,risky_request_visible,a_risky_request_visible,404,0,development_readout,A,0.17032480187967153,0
review-5784e41a45931326,msg-f2c24a6dc6cb602f2b03,smishing,risky_request_visible,a_risky_request_visible,404,0,development_readout,A,0.28168224254277147,0
review-5915bce9f0ed137d,msg-e395baa51463221daebc,normal,insufficient_context,a_not_risky_request_visible,404,1,development_readout,A,0.2112148354522421,0
review-5a021883af9f96ea,msg-156bbfc36ff5805e450a,normal,promotion_without_clear_scam_request,a_not_risky_request_visible,404,0,development_readout,A,0.11348245346120454,0
review-5a49e43857a6f8f0,msg-a4b7e6d3b527691e9a05,smishing,risky_request_visible,a_risky_request_visible,404,0,development_readout,A,0.13142926257430324,0
review-5a7aed2fa9914ccd,msg-c51a29b00765bbce70ab,normal,ordinary_notice_or_conversation_possible,a_not_risky_request_visible,404,2,development_readout,A,0.18987625322401291,0
review-5b38287421b21063,msg-2eacbbd745e21908f221,normal,ordinary_notice_or_conversation_possible,a_not_risky_request_visible,404,2,development_readout,A,0.12060188721120123,0
review-5bd99d54544ce7e3,msg-9517e9c73490ca66a042,normal,promotion_without_clear_scam_request,a_not_risky_request_visible,404,0,development_readout,A,0.18759833376800708,0
review-5c8fb855522635b0,msg-8583f1e4ed2f6a4435f1,normal,ordinary_notice_or_conversation_possible,a_not_risky_request_visible,404,0,development_readout,A,0.12074560447425155,0
review-5cdeba2735509611,msg-ae080cc622858f685d5a,smishing,risky_request_visible,a_risky_request_visible,404,1,development_readout,A,0.8466274899754678,1
review-5f54bbc511caaded,msg-542efb3f41bad8a46794,normal,ordinary_notice_or_conversation_possible,a_not_risky_request_visible,404,1,development_readout,A,0.14177231900880768,0
review-6036afa1a4a219c3,msg-9bf6c95f6dc633dd8819,normal,ordinary_notice_or_conversation_possible,a_not_risky_request_visible,404,2,development_readout,A,0.10588386846732603,0
review-613647025d825449,msg-c2dbf3f9ef08a79aafdb,normal,ordinary_notice_or_conversation_possible,a_not_risky_request_visible,404,0,development_readout,A,0.13226126884383563,0
review-6521774e33af014d,msg-9b1f08af6e0ef529c373,normal,ordinary_notice_or_conversation_possible,a_not_risky_request_visible,404,0,development_readout,A,0.18264105156150315,0
review-66516cd6e1b084bc,msg-a67739cacf95ee18716c,normal,ordinary_notice_or_conversation_possible,a_not_risky_request_visible,404,2,development_readout,A,0.21017386372745306,0
review-66ef57282af71d4f,msg-f51c8c7132e5405088dd,normal,ordinary_notice_or_conversation_possible,a_not_risky_request_visible,404,0,development_readout,A,0.11787253771653138,0
review-6925d1d5c92f5e6d,msg-44953d9e4eb6da25905d,normal,ordinary_notice_or_conversation_possible,a_not_risky_request_visible,404,0,development_readout,A,0.22184225290946208,0
review-6938cc7e883cfae5,msg-d0b351454bf1078555ca,smishing,risky_request_visible,a_risky_request_visible,404,0,development_readout,A,0.23952560558559807,0
review-6a3da5bb1cbb35c3,msg-c4c6b04cd9f64fdb2a1a,smishing,risky_request_visible,a_risky_request_visible,404,2,development_readout,A,0.45971308456222754,0
review-6ae02f39f51553d5,msg-6ea3d783002f06a87f20,smishing,risky_request_visible,a_risky_request_visible,404,2,development_readout,A,0.7244380971457303,1
review-6b23a95e54455bfe,msg-7e73260daff23015e769,smishing,risky_request_visible,a_risky_request_visible,404,1,development_readout,A,0.6109826326527493,0
review-6c9e3e62bbb95763,msg-a6d506945e9b701052e1,smishing,risky_request_visible,a_risky_request_visible,404,2,development_readout,A,0.21829058863220716,0
review-6e51f1a0ccb981e6,msg-58425ae1f35d0d6e8f6c,smishing,risky_request_visible,a_risky_request_visible,404,0,development_readout,A,0.6485435518632058,1
review-6ee455a4c31c9039,msg-9207c6b7c6c694beab91,normal,promotion_without_clear_scam_request,a_not_risky_request_visible,404,0,development_readout,A,0.14662075447944464,0
review-6f695f49e7ab13e0,msg-8356b29b26dab4a93304,normal,ordinary_notice_or_conversation_possible,a_not_risky_request_visible,404,1,development_readout,A,0.28897740242676656,0
review-70dad336d995a509,msg-00cd858afe8ef2de5fd3,normal,ordinary_notice_or_conversation_possible,a_not_risky_request_visible,404,2,development_readout,A,0.12664671327478963,0
review-737f8fd0571ce3c6,msg-c41cc6431e9d998e3d0b,smishing,insufficient_context,a_not_risky_request_visible,404,2,development_readout,A,0.4783764425982819,1
review-76a47d926f91413e,msg-81c59d9e2363e29c4af7,normal,ordinary_notice_or_conversation_possible,a_not_risky_request_visible,404,0,development_readout,A,0.08797415497131005,0
review-7794b3bc9bc0c3a1,msg-a2db1c36a4678988377c,normal,ordinary_notice_or_conversation_possible,a_not_risky_request_visible,404,2,development_readout,A,0.4218623500616984,0
review-787b7c042622aae0,msg-b3943f3bacab6f799477,normal,promotion_without_clear_scam_request,a_not_risky_request_visible,404,2,development_readout,A,0.09277650650305305,0
review-7b32c18f837c52f3,msg-906c8805c776e5912484,normal,risky_request_visible,a_risky_request_visible,404,1,development_readout,A,0.1897885284381766,0
review-7bc2e45e3ffc6c78,msg-b62543444f94f00ab76a,normal,ordinary_notice_or_conversation_possible,a_not_risky_request_visible,404,0,development_readout,A,0.1267160723054139,0
review-7cbff1d715e4b2f0,msg-565ddb5f77c920c58378,normal,promotion_without_clear_scam_request,a_not_risky_request_visible,404,1,development_readout,A,0.12343277038920378,0
review-7d723e9bf1b824f5,msg-87a76d50e35b48e41218,smishing,risky_request_visible,a_risky_request_visible,404,1,development_readout,A,0.44198933816993397,0
review-8039ca8a8d71147c,msg-d7d609114f737190d087,smishing,risky_request_visible,a_risky_request_visible,404,1,development_readout,A,0.46115167466044765,0
review-833c087c0ab5f903,msg-9fd68b8a09c8f103465e,smishing,insufficient_context,a_not_risky_request_visible,404,0,development_readout,A,0.44441847251223304,1
review-87280a48b9739e82,msg-a277748568204738c928,smishing,risky_request_visible,a_risky_request_visible,404,1,development_readout,A,0.41426851780637586,0
review-87ca5145bb1464ea,msg-69d76db7edd5a86af1d7,normal,promotion_without_clear_scam_request,a_not_risky_request_visible,404,1,development_readout,A,0.09771325042160772,0
review-8858113ca39c4a08,msg-8e807a0816ba58157c7b,smishing,risky_request_visible,a_risky_request_visible,404,0,development_readout,A,0.6913768761509473,1
review-8a9635c815342586,msg-5b3252b8d919d9dfa5c2,smishing,risky_request_visible,a_risky_request_visible,404,2,development_readout,A,0.9221430714117652,1
review-8a9a3331b5fa55b8,msg-c77a2ab7f5ebcb835ce1,normal,ordinary_notice_or_conversation_possible,a_not_risky_request_visible,404,1,development_readout,A,0.3129803555565771,0
review-8ac3c67723460772,msg-7a0a306167abc3b72d8c,normal,ordinary_notice_or_conversation_possible,a_not_risky_request_visible,404,2,development_readout,A,0.08803681688018246,0
review-8acb2fdf0b998c44,msg-442633ffd7cc37f8a891,smishing,risky_request_visible,a_risky_request_visible,404,1,development_readout,A,0.5652786534478919,0
review-8b051b87b72136a4,msg-8a4662fd944d66f460fd,smishing,risky_request_visible,a_risky_request_visible,404,2,development_readout,A,0.3849506946827788,0
review-8f6994cbd2075acd,msg-47b3b6a2b2a28bdf7fb9,smishing,risky_request_visible,a_risky_request_visible,404,0,development_readout,A,0.6050592766424641,1
review-8f7e5118fc4a9d93,msg-54a310f893f9630cdab4,smishing,risky_request_visible,a_risky_request_visible,404,2,development_readout,A,0.883896484546831,1
review-904be5b534ca4342,msg-2c7b345bbea477990d91,normal,ordinary_notice_or_conversation_possible,a_not_risky_request_visible,404,1,development_readout,A,0.19336906980216792,0
review-92a8bdc500ce598c,msg-b0731c666ab671570088,smishing,risky_request_visible,a_risky_request_visible,404,1,development_readout,A,0.8497631813098662,1
review-93d84a89e42aa2d2,msg-08ce7d2baeca7acc8b65,smishing,risky_request_visible,a_risky_request_visible,404,2,development_readout,A,0.7131953602654583,1
review-93e39f35ad377da3,msg-64cdca546bafdc9324f0,normal,ordinary_notice_or_conversation_possible,a_not_risky_request_visible,404,0,development_readout,A,0.14083479444121091,0
review-9440c7b20214abb9,msg-e326b0533522ecb322de,smishing,risky_request_visible,a_risky_request_visible,404,1,development_readout,A,0.7834286173530002,1
review-94b8ffc8b0784e28,msg-75d8feb50109f84a12cc,normal,ordinary_notice_or_conversation_possible,a_not_risky_request_visible,404,0,development_readout,A,0.07902088319260847,0
review-95ab42239fb052e7,msg-5052c7243f9985cc9bcf,normal,promotion_without_clear_scam_request,a_not_risky_request_visible,404,2,development_readout,A,0.10603039953898342,0
review-96be0a4e61349470,msg-04b55107c00ee5b070d9,smishing,risky_request_visible,a_risky_request_visible,404,0,development_readout,A,0.6831473744775681,1
review-973274a88b5aa1db,msg-706b91df031716838257,normal,ordinary_notice_or_conversation_possible,a_not_risky_request_visible,404,2,development_readout,A,0.0939718325442673,0
review-9762bd209b88d2ac,msg-891bb14bf560270521ca,smishing,risky_request_visible,a_risky_request_visible,404,0,development_readout,A,0.7210622865030785,1
review-97b3b26bd7e8a65a,msg-359327bd4e7edc3cb5ba,normal,insufficient_context,a_not_risky_request_visible,404,1,development_readout,A,0.08535370997198338,0
review-97dbf9fb83d5fd0a,msg-6301a4730ee412e86a8c,normal,promotion_without_clear_scam_request,a_not_risky_request_visible,404,2,development_readout,A,0.09015624710358856,0
review-97eb58f77becd57e,msg-991e31887c4954366165,normal,promotion_without_clear_scam_request,a_not_risky_request_visible,404,1,development_readout,A,0.11647397833086885,0
review-9833d3f3d2c07833,msg-d787f40cfc7dbbe6778f,smishing,risky_request_visible,a_risky_request_visible,404,0,development_readout,A,0.5663832233681233,1
review-98f9751b78a4c31e,msg-06b44744cbf1ec56130e,normal,ordinary_notice_or_conversation_possible,a_not_risky_request_visible,404,1,development_readout,A,0.09175590145719646,0
review-99553665d7fa8d60,msg-ec2c63de47e93d56888f,normal,ordinary_notice_or_conversation_possible,a_not_risky_request_visible,404,0,development_readout,A,0.10186377667947964,0
review-9955e43648119f93,msg-c9f03e64293fb8bae46b,smishing,risky_request_visible,a_risky_request_visible,404,0,development_readout,A,0.5825406363272219,1
review-9a3f12ca280a1c8a,msg-9865307d8d5cb09874f2,normal,promotion_without_clear_scam_request,a_not_risky_request_visible,404,0,development_readout,A,0.25517524904363875,0
review-9ad68457d5c5ddfe,msg-ff1e050906d7cfd80b2a,smishing,risky_request_visible,a_risky_request_visible,404,1,development_readout,A,0.4732456626028,0
review-9c83743cb64ceb5e,msg-dc4ff0d2d722a2c6cbac,normal,ordinary_notice_or_conversation_possible,a_not_risky_request_visible,404,0,development_readout,A,0.1811473312641955,0
review-9c94f8c84f214457,msg-79fa0f109f0555707dca,smishing,risky_request_visible,a_risky_request_visible,404,2,development_readout,A,0.20245002668798565,0
review-9dcbf9222596e8de,msg-142bb92fb41d9cbcef5f,normal,ordinary_notice_or_conversation_possible,a_not_risky_request_visible,404,2,development_readout,A,0.28849196267751065,0
review-9e77e04ddb3e3ff6,msg-374fc9d1a57bc673b881,smishing,risky_request_visible,a_risky_request_visible,404,1,development_readout,A,0.8322543934242556,1
review-a003a34f2b7224ae,msg-ed3a4e31c52d999f2ab4,normal,ordinary_notice_or_conversation_possible,a_not_risky_request_visible,404,2,development_readout,A,0.09322651559644467,0
review-a077aa771a77e44f,msg-a37b49f0af9136126259,normal,ordinary_notice_or_conversation_possible,a_not_risky_request_visible,404,1,development_readout,A,0.1623494869464533,0
review-a1b685810c820047,msg-46ca64892a1c3e660136,smishing,risky_request_visible,a_risky_request_visible,404,0,development_readout,A,0.9296160361939314,1
review-a1c208b7e2a31834,msg-cfebfff6180461481c77,smishing,risky_request_visible,a_risky_request_visible,404,1,development_readout,A,0.5962664220556917,0
review-a3348ee784bf419a,msg-ff64a4e11508a5dc7000,smishing,risky_request_visible,a_risky_request_visible,404,1,development_readout,A,0.8443653397146359,1
review-a3b8e31a589bfbf6,msg-72b62dcb8e0666cea243,smishing,risky_request_visible,a_risky_request_visible,404,2,development_readout,A,0.6692895422143602,1
review-a55cc489390f4d15,msg-a11408f53fc97d32784a,smishing,risky_request_visible,a_risky_request_visible,404,1,development_readout,A,0.699945883774002,1
review-a5c8844b07d15249,msg-080a80350fda25ee4181,smishing,risky_request_visible,a_risky_request_visible,404,2,development_readout,A,0.6135382917513929,1
review-a93e9d44999fbedb,msg-7a5a0ef1560dbc98423a,normal,ordinary_notice_or_conversation_possible,a_not_risky_request_visible,404,2,development_readout,A,0.09571940769547305,0
review-a966f0861f64ccf4,msg-730ac32bb52515f362b7,smishing,risky_request_visible,a_risky_request_visible,404,0,development_readout,A,0.38805951243940934,1
review-aa0341109ceb1209,msg-46a9686cf4e9faeb9042,normal,ordinary_notice_or_conversation_possible,a_not_risky_request_visible,404,2,development_readout,A,0.13508226814600463,0
review-ab5082605dd6822e,msg-caea04347391d8ade4f5,smishing,risky_request_visible,a_risky_request_visible,404,1,development_readout,A,0.5739108148063171,0
review-ac307e4a1651f014,msg-5dce72e90a11834ff054,smishing,risky_request_visible,a_risky_request_visible,404,0,development_readout,A,0.15884160518768087,0
review-aca9116d8021bfae,msg-ee6bc320eef92aaba68d,smishing,risky_request_visible,a_risky_request_visible,404,1,development_readout,A,0.4823236155933341,0
review-ad512146de7da940,msg-c26a0b124b37127b90ce,smishing,risky_request_visible,a_risky_request_visible,404,0,development_readout,A,0.636297961308537,1
review-ad7039ac6a9ced27,msg-c81c5b25a163ca19481f,normal,ordinary_notice_or_conversation_possible,a_not_risky_request_visible,404,1,development_readout,A,0.09686249131477527,0
review-b0d0b31ce42bff6d,msg-80bd77dde6b57d4aa6b9,smishing,risky_request_visible,a_risky_request_visible,404,2,development_readout,A,0.1758270647007251,0
review-b1951ff1f4366cb0,msg-cced4520ab46379e15a2,normal,ordinary_notice_or_conversation_possible,a_not_risky_request_visible,404,0,development_readout,A,0.08029591801302477,0
review-b31a9429969a49d0,msg-462e7df5be571e9dec5d,normal,ordinary_notice_or_conversation_possible,a_not_risky_request_visible,404,0,development_readout,A,0.14926795216153765,0
review-b4838689e702ca9d,msg-fd7536693be17ff11e66,normal,ordinary_notice_or_conversation_possible,a_not_risky_request_visible,404,2,development_readout,A,0.10631418107282672,0
review-b4f3af03fab1d1b9,msg-ca0bba4719e18ebdea2c,smishing,risky_request_visible,a_risky_request_visible,404,1,development_readout,A,0.355137582704068,0
review-b52505e7e689a4b8,msg-362b479a08fa48892f2e,normal,promotion_without_clear_scam_request,a_not_risky_request_visible,404,2,development_readout,A,0.12856996669053217,0
review-b7a4aa1c4b4f5a68,msg-ea43ef2af5abd7033448,normal,insufficient_context,a_not_risky_request_visible,404,0,development_readout,A,0.2187364312012792,0
review-b853cb37dc6b6e11,msg-51ae98811a8fd7ee3107,normal,ordinary_notice_or_conversation_possible,a_not_risky_request_visible,404,1,development_readout,A,0.16367108554585003,0
review-b894aa9bff1613dc,msg-0f99b5457812bf9368a9,smishing,risky_request_visible,a_risky_request_visible,404,1,development_readout,A,0.6968273692905274,1
review-bbe916c0a5f13c5a,msg-a45a85532c29434e8b27,smishing,risky_request_visible,a_risky_request_visible,404,2,development_readout,A,0.926759620992615,1
review-bc1ad3d6715f9dab,msg-e19e83293fb47143aa18,normal,promotion_without_clear_scam_request,a_not_risky_request_visible,404,2,development_readout,A,0.08898690724245381,0
review-bc5e0069bbad7d67,msg-ccfb4bcf7b100e873356,normal,ordinary_notice_or_conversation_possible,a_not_risky_request_visible,404,0,development_readout,A,0.09372748619367062,0
review-bc694d6c09671509,msg-70dcd4b0f26f61bdf407,normal,ordinary_notice_or_conversation_possible,a_not_risky_request_visible,404,0,development_readout,A,0.0957087309386977,0
review-bc805b9a7fefb4c4,msg-b42fe9f654595657fa35,smishing,risky_request_visible,a_risky_request_visible,404,0,development_readout,A,0.36725081647208313,0
review-bc9e9750ed2f2246,msg-9807f366fd3a944bee02,normal,ordinary_notice_or_conversation_possible,a_not_risky_request_visible,404,1,development_readout,A,0.183229437687857,0
review-bcc4f27e08342914,msg-8da1861e43112a887a4b,smishing,risky_request_visible,a_risky_request_visible,404,1,development_readout,A,0.7283790960564932,1
review-bcc86610acb0f9ff,msg-6c850b57daa695a2a5bf,smishing,insufficient_context,a_not_risky_request_visible,404,1,development_readout,A,0.13399004570846346,0
review-be8ac302beaaaa38,msg-504e4d980601e6913b67,normal,ordinary_notice_or_conversation_possible,a_not_risky_request_visible,404,1,development_readout,A,0.1960155671078621,0
review-bef01b9f140416fa,msg-538e9bd6dde7a1aba023,normal,promotion_without_clear_scam_request,a_not_risky_request_visible,404,1,development_readout,A,0.23600048642185387,0
review-bf5160f31d278f7b,msg-c051b9c58babed147478,normal,ordinary_notice_or_conversation_possible,a_not_risky_request_visible,404,1,development_readout,A,0.10474857237311323,0
review-bfec2c5d687b5e5a,msg-171c4288e43e466f5427,normal,ordinary_notice_or_conversation_possible,a_not_risky_request_visible,404,0,development_readout,A,0.24658882550771863,0
review-c20d5a744e2d1992,msg-08bbc870048b82597982,normal,ordinary_notice_or_conversation_possible,a_not_risky_request_visible,404,1,development_readout,A,0.10124317655624233,0
review-c2b11fa0a2c3336f,msg-18146f4aa7a10243efff,normal,ordinary_notice_or_conversation_possible,a_not_risky_request_visible,404,0,development_readout,A,0.12519501705110092,0
review-c58fb60504f6d9d8,msg-fb1d46a056dbeb985081,smishing,risky_request_visible,a_risky_request_visible,404,0,development_readout,A,0.3319029142576355,0
review-c68883cf7ada6886,msg-e8325082747f144e0b1f,smishing,risky_request_visible,a_risky_request_visible,404,1,development_readout,A,0.46650754221216056,0
review-c7968cd6c3d1f959,msg-13d13b63af525be88c8e,normal,ordinary_notice_or_conversation_possible,a_not_risky_request_visible,404,2,development_readout,A,0.07199674833988137,0
review-c7acc1ae1037b569,msg-9ae5d9f225d18d759f00,smishing,risky_request_visible,a_risky_request_visible,404,1,development_readout,A,0.7092495177934366,1
review-c882bcd351e72aee,msg-30a50896aabbd5f717a5,smishing,risky_request_visible,a_risky_request_visible,404,2,development_readout,A,0.9235196529231655,1
review-c964452f27eede18,msg-8cc13371612bd1cf432c,smishing,insufficient_context,a_not_risky_request_visible,404,1,development_readout,A,0.3009581388904198,0
review-c9bef77585bdd4e8,msg-2dbc56f9e20b89a67a13,smishing,risky_request_visible,a_risky_request_visible,404,0,development_readout,A,0.33409402099844143,0
review-c9eb20ef749cdb80,msg-96057ba4137a67242859,normal,promotion_without_clear_scam_request,a_not_risky_request_visible,404,2,development_readout,A,0.15423669209451912,0
review-ca722d1baa37caa6,msg-640a5ef11bb22eeb3dbc,smishing,risky_request_visible,a_risky_request_visible,404,0,development_readout,A,0.9334954288882101,1
review-cb32573abbb83f9f,msg-26e314f88d0d3eaafbd6,smishing,risky_request_visible,a_risky_request_visible,404,0,development_readout,A,0.9364410652709185,1
review-cd39c34a5496687f,msg-28b8f57d24c88ea1fd3b,normal,ordinary_notice_or_conversation_possible,a_not_risky_request_visible,404,1,development_readout,A,0.06552053553736885,0
review-cf827f0ca2b4b9a5,msg-4e0bd498f47b89599ea6,smishing,risky_request_visible,a_risky_request_visible,404,0,development_readout,A,0.28657627465452734,0
review-cfc80bc1541032df,msg-a1d665898cb5cf4eee06,smishing,risky_request_visible,a_risky_request_visible,404,2,development_readout,A,0.9232432414423145,1
review-d0b2291f671afb13,msg-69107f37830e441acc20,smishing,risky_request_visible,a_risky_request_visible,404,1,development_readout,A,0.45052385398018524,0
review-d1b2ce556231d1b9,msg-1a13d7e1a0a296d7e9ac,normal,promotion_without_clear_scam_request,a_not_risky_request_visible,404,2,development_readout,A,0.12671803782425975,0
review-d23755346e397e0d,msg-215f563424e984687bea,normal,ordinary_notice_or_conversation_possible,a_not_risky_request_visible,404,0,development_readout,A,0.07977049106578896,0
review-d299ebb8c45a2f94,msg-0b586f5fca364bbc8c8d,smishing,insufficient_context,a_not_risky_request_visible,404,0,development_readout,A,0.12774152346231585,0
review-d29c44ff7ec787ac,msg-18c2c8f93f103cd63104,normal,promotion_without_clear_scam_request,a_not_risky_request_visible,404,0,development_readout,A,0.17713628627070857,0
review-d4f84d432e0d6d48,msg-94e0ae16541345a3f768,normal,ordinary_notice_or_conversation_possible,a_not_risky_request_visible,404,0,development_readout,A,0.1229729776144809,0
review-d51050ea94555e33,msg-8dfc55b831e0422aaaf3,normal,ordinary_notice_or_conversation_possible,a_not_risky_request_visible,404,0,development_readout,A,0.09025075395707328,0
review-d7a5aa91a1e9ef4b,msg-963560a696c2068b11aa,normal,promotion_without_clear_scam_request,a_not_risky_request_visible,404,0,development_readout,A,0.1393825590227552,0
review-d86e9dceafb57f52,msg-b1cc1dadab2abab75849,smishing,risky_request_visible,a_risky_request_visible,404,2,development_readout,A,0.7391824638690647,1
review-d885dde988ff81fc,msg-e9f133abd48046d0b082,smishing,risky_request_visible,a_risky_request_visible,404,0,development_readout,A,0.6707497041673922,1
review-dc7c7acfd6e2db79,msg-b183e7136605118fd86a,normal,promotion_without_clear_scam_request,a_not_risky_request_visible,404,0,development_readout,A,0.45198040055704847,1
review-dcfd0dc2773c1fc2,msg-efd9fc3fa5aed3568aff,smishing,risky_request_visible,a_risky_request_visible,404,1,development_readout,A,0.7882589033703425,1
review-dd797ac5b4317bd3,msg-be92dc94342f95bbcf5d,smishing,risky_request_visible,a_risky_request_visible,404,0,development_readout,A,0.8284414463948555,1
review-dd9532439f290332,msg-d03214baadc38bd1336c,normal,ordinary_notice_or_conversation_possible,a_not_risky_request_visible,404,2,development_readout,A,0.14612694778097343,0
review-de8af5907865c3e9,msg-8d5b64a36fbb3eb71e78,smishing,risky_request_visible,a_risky_request_visible,404,2,development_readout,A,0.3931760206499328,0
review-e058b93119484125,msg-64eeb1b2fa95ac8fb479,smishing,risky_request_visible,a_risky_request_visible,404,0,development_readout,A,0.8616030177690247,1
review-e0a264aecc7ee1b0,msg-b08b74714736c2364217,normal,ordinary_notice_or_conversation_possible,a_not_risky_request_visible,404,0,development_readout,A,0.3455021177446814,0
review-e0ac9753946feca9,msg-1cbe6cc1748e7262b5ab,smishing,risky_request_visible,a_risky_request_visible,404,1,development_readout,A,0.4316758418198394,0
review-e2fd25cde06b2e07,msg-871f6b0c52c58905dd41,normal,promotion_without_clear_scam_request,a_not_risky_request_visible,404,1,development_readout,A,0.16147141354469674,0
review-e3520951883c1b51,msg-80d20dbfca1307061530,normal,promotion_without_clear_scam_request,a_not_risky_request_visible,404,1,development_readout,A,0.11744845721473304,0
review-e384094846a41b50,msg-705817f4922c88c5ecc5,smishing,risky_request_visible,a_risky_request_visible,404,1,development_readout,A,0.6353479077187888,0
review-e432c718725ac7ae,msg-b372318bcb95d9f5bf57,normal,ordinary_notice_or_conversation_possible,a_not_risky_request_visible,404,0,development_readout,A,0.20856378484602187,0
review-e511d7b76f480bc7,msg-c12f37d2560f5acf8fc5,smishing,risky_request_visible,a_risky_request_visible,404,0,development_readout,A,0.9340013544868307,1
review-e597199623b7b146,msg-35ad6d03750726a74248,normal,ordinary_notice_or_conversation_possible,a_not_risky_request_visible,404,2,development_readout,A,0.19793161594553213,0
review-e5c8c789729e554c,msg-d028b9185e67164eda89,normal,ordinary_notice_or_conversation_possible,a_not_risky_request_visible,404,2,development_readout,A,0.12822337355775,0
review-e736bb0c132d2dc8,msg-bf0dfb1e1aef571e6dfa,smishing,promotion_without_clear_scam_request,a_not_risky_request_visible,404,0,development_readout,A,0.4424281120559218,1
review-e9f675e3299ddb73,msg-74894396e30aa7e375f2,normal,ordinary_notice_or_conversation_possible,a_not_risky_request_visible,404,2,development_readout,A,0.2951382414155695,0
review-eb5bbbe4e99a6f72,msg-aae535e14decd836abac,normal,ordinary_notice_or_conversation_possible,a_not_risky_request_visible,404,1,development_readout,A,0.1828597227335737,0
review-ec018bdef14b4dce,msg-ef69592a53abe3a01b4d,smishing,risky_request_visible,a_risky_request_visible,404,2,development_readout,A,0.872245388587573,1
review-ed79a40573a23e85,msg-6f4d5cc6a56a922f2113,normal,promotion_without_clear_scam_request,a_not_risky_request_visible,404,0,development_readout,A,0.17847054703124735,0
review-ed8aaee3f91ea267,msg-a319a3ad3f700d7f3e15,normal,promotion_without_clear_scam_request,a_not_risky_request_visible,404,2,development_readout,A,0.0832342710426249,0
review-ed9460d363c32a66,msg-33b4946b6aa1c5826e5b,normal,ordinary_notice_or_conversation_possible,a_not_risky_request_visible,404,0,development_readout,A,0.11124353638051171,0
review-edccbb4371a90711,msg-bb52082aaa2a867204a8,smishing,risky_request_visible,a_risky_request_visible,404,0,development_readout,A,0.8275356917514403,1
review-ee314103593cc397,msg-3382d5781a64d5167a9f,smishing,risky_request_visible,a_risky_request_visible,404,1,development_readout,A,0.19466190815173273,0
review-ee537a73bef42552,msg-a50c3f07d1c4116a5aae,normal,ordinary_notice_or_conversation_possible,a_not_risky_request_visible,404,2,development_readout,A,0.20172620389586218,0
review-f02182e8f70df196,msg-b789ac48b433840d97a1,smishing,risky_request_visible,a_risky_request_visible,404,2,development_readout,A,0.37552054779812655,0
review-f160feeb48ff21ee,msg-441e65241cda094c5e2a,smishing,risky_request_visible,a_risky_request_visible,404,2,development_readout,A,0.3901621879646098,0
review-f296f965b5850c48,msg-fbcc5b098e1b1d189d50,normal,promotion_without_clear_scam_request,a_not_risky_request_visible,404,1,development_readout,A,0.10924589941420605,0
review-f50f53a543208b94,msg-8c649a088b7f6eb07a65,smishing,risky_request_visible,a_risky_request_visible,404,1,development_readout,A,0.22333392869131377,0
review-f68968ff35ec4bea,msg-3f37d9bd39aa22dc8368,normal,ordinary_notice_or_conversation_possible,a_not_risky_request_visible,404,1,development_readout,A,0.10828821736501168,0
review-f69dbdcfebf56998,msg-6dd3cea31f51bc6f063d,smishing,risky_request_visible,a_risky_request_visible,404,2,development_readout,A,0.6583791735277539,1
review-f9b9a4279458f732,msg-5bf22a260fc90f900243,smishing,risky_request_visible,a_risky_request_visible,404,0,development_readout,A,0.6973392652264102,1
review-f9bfaa738fc7db78,msg-22666adef1260ae5f9a4,normal,ordinary_notice_or_conversation_possible,a_not_risky_request_visible,404,1,development_readout,A,0.18029239085156198,0
review-f9d950de655d05cd,msg-5ef02907cd1045cb54a8,smishing,risky_request_visible,a_risky_request_visible,404,2,development_readout,A,0.2916394513847946,0
review-fb2667a6a62b9c38,msg-c2539bcbb168ad9fac37,normal,ordinary_notice_or_conversation_possible,a_not_risky_request_visible,404,2,development_readout,A,0.10439635434716789,0
review-fd0999fd546bfed8,msg-fe1928a9a24b4573d509,smishing,risky_request_visible,a_risky_request_visible,404,2,development_readout,A,0.8721687758438272,1
review-fd4a4694d748b8f1,msg-8292e9166caa8ab05265,smishing,risky_request_visible,a_risky_request_visible,404,0,development_readout,A,0.3404304789686614,0
review-fd55ea1d04c7fc3b,msg-44deb8ec94adc01da101,normal,promotion_without_clear_scam_request,a_not_risky_request_visible,404,2,development_readout,A,0.04381641264298132,0
review-fe1822167edb9625,msg-bee493f64946ad6b35a4,normal,promotion_without_clear_scam_request,a_not_risky_request_visible,404,1,development_readout,A,0.09473181026882072,0
review-ff1ff6c1bdbeaee2,msg-35a30cfabb7c40cc1912,normal,ordinary_notice_or_conversation_possible,a_not_risky_request_visible,404,0,development_readout,A,0.10508982332661872,0
review-ff57873bcca80e84,msg-0d5b420dd958137f34fc,smishing,insufficient_context,a_not_risky_request_visible,404,0,development_readout,A,0.7794047870099492,1
review-ff61b33b22cf09db,msg-f83fe7e80b1199988bc6,smishing,insufficient_context,a_not_risky_request_visible,404,0,development_readout,A,0.37704943044537353,0
review-01692c85b4c6e394,msg-86b2b582f59b8ef3cb9d,normal,ordinary_notice_or_conversation_possible,a_not_risky_request_visible,404,2,threshold_calibration,A,0.1866515579514221,0
review-0191505287bc42c3,msg-125422950bbf2894b298,normal,ordinary_notice_or_conversation_possible,a_not_risky_request_visible,404,0,threshold_calibration,A,0.09999399323825917,0
review-019e598ca75a2604,msg-51d91745aaf7c70cfe66,normal,ordinary_notice_or_conversation_possible,a_not_risky_request_visible,404,0,threshold_calibration,A,0.0662255375147765,0
review-01daae558c8120c5,msg-a5fe2c7068a39a897fd5,normal,ordinary_notice_or_conversation_possible,a_not_risky_request_visible,404,2,threshold_calibration,A,0.09745272558613575,0
review-022dede98715a30c,msg-873db1de4a30a9f5c623,normal,ordinary_notice_or_conversation_possible,a_not_risky_request_visible,404,0,threshold_calibration,A,0.11369637035453348,0
review-0238870c30ef790e,msg-d2b85b2279d55f17aa61,smishing,risky_request_visible,a_risky_request_visible,404,2,threshold_calibration,A,0.15131622288927965,0
review-0364c25d14e8bb7d,msg-ba7ace3a75e45b91726c,smishing,risky_request_visible,a_risky_request_visible,404,1,threshold_calibration,A,0.9006894075246491,1
review-05ba384c6ab030f1,msg-0cf1f701a15c54d26789,normal,ordinary_notice_or_conversation_possible,a_not_risky_request_visible,404,2,threshold_calibration,A,0.17202460672982484,0
review-062650e5c03db7b3,msg-736f82ab7ef68bca67fc,smishing,risky_request_visible,a_risky_request_visible,404,0,threshold_calibration,A,0.3075934501307852,0
review-0651a6827875d503,msg-6dcdcd189e5593455a49,smishing,risky_request_visible,a_risky_request_visible,404,1,threshold_calibration,A,0.9094280001247875,1
review-06613e1d63363778,msg-bd04b75032f0dfc2ee62,normal,promotion_without_clear_scam_request,a_not_risky_request_visible,404,2,threshold_calibration,A,0.10529718288111677,0
review-075ea585da5cae15,msg-7013d5e6af2e769f406d,smishing,risky_request_visible,a_risky_request_visible,404,1,threshold_calibration,A,0.904527753631973,1
review-0822c98e66707747,msg-29c545e52c9813e635fa,normal,promotion_without_clear_scam_request,a_not_risky_request_visible,404,0,threshold_calibration,A,0.11081442404651043,0
review-09f8a52a643bde75,msg-a190594f2bffb92ea5e6,normal,ordinary_notice_or_conversation_possible,a_not_risky_request_visible,404,1,threshold_calibration,A,0.23323449515287342,0
review-09f9fd98d92b31c5,msg-cbb14d3ea8b4c356543b,smishing,risky_request_visible,a_risky_request_visible,404,0,threshold_calibration,A,0.2645051970544606,0
review-0ba297695cc9a600,msg-593cd80d2ef7e33546ac,normal,ordinary_notice_or_conversation_possible,a_not_risky_request_visible,404,1,threshold_calibration,A,0.2258661161524466,0
review-0bf0da403c12d587,msg-b7800f4db5faf73f5f6d,smishing,risky_request_visible,a_risky_request_visible,404,2,threshold_calibration,A,0.8224820167659623,1
review-0bfbacbb2760394c,msg-ccf0e6a8ef2af65aced4,smishing,risky_request_visible,a_risky_request_visible,404,0,threshold_calibration,A,0.5826723600829616,1
review-0c756099e821ef26,msg-3de91ab063f18e6782bf,smishing,risky_request_visible,a_risky_request_visible,404,1,threshold_calibration,A,0.27022039931726716,0
review-0ce89002b27ae13e,msg-b3850b9d024fcf99c238,normal,ordinary_notice_or_conversation_possible,a_not_risky_request_visible,404,2,threshold_calibration,A,0.11970526561235095,0
review-0d9dd805ae2674a4,msg-f65015ec6d6ca9ef912c,smishing,risky_request_visible,a_risky_request_visible,404,0,threshold_calibration,A,0.5129888237024867,1
review-0e3787ec2948234d,msg-f90fed3e0ba73a7afd40,smishing,risky_request_visible,a_risky_request_visible,404,1,threshold_calibration,A,0.891302994662026,1
review-0e9363ce9bcb57c2,msg-a6db8f1ba339b796c36c,smishing,risky_request_visible,a_risky_request_visible,404,0,threshold_calibration,A,0.26363796658229527,0
review-0f5e5787e2464fe3,msg-31a602d9c77f86749c5b,smishing,risky_request_visible,a_risky_request_visible,404,1,threshold_calibration,A,0.8650432752672511,1
review-10dcb33dda6d5472,msg-1de8402778c0caa023de,smishing,risky_request_visible,a_risky_request_visible,404,1,threshold_calibration,A,0.9096273231505564,1
review-10f0da95f3fdd21e,msg-58b952e19b37c0bc3c3c,normal,ordinary_notice_or_conversation_possible,a_not_risky_request_visible,404,2,threshold_calibration,A,0.11435808356023584,0
review-127bc1671c3021e3,msg-b3d3b6b29fae9b4cd139,smishing,risky_request_visible,a_risky_request_visible,404,0,threshold_calibration,A,0.24231514015058728,0
review-131ed5d9023fe8e1,msg-879b8233c4a44252fb2e,normal,promotion_without_clear_scam_request,a_not_risky_request_visible,404,0,threshold_calibration,A,0.13811592039154758,0
review-13ce66de75a8d3fc,msg-8827961dbffea331a040,smishing,risky_request_visible,a_risky_request_visible,404,0,threshold_calibration,A,0.8944695013803188,1
review-13e7350b6f9c843d,msg-6ef4e4d3849c3f2458f9,smishing,risky_request_visible,a_risky_request_visible,404,0,threshold_calibration,A,0.11780406537690569,0
review-1502532d7fb02e2b,msg-51961afc9b6d2bb950c4,smishing,risky_request_visible,a_risky_request_visible,404,0,threshold_calibration,A,0.28456199387064857,0
review-170c904128c3b75d,msg-44ffbd69abef95d6b971,smishing,risky_request_visible,a_risky_request_visible,404,2,threshold_calibration,A,0.6229075890645951,1
review-19d11b9f743aa049,msg-58f85354ff60f8afada7,smishing,risky_request_visible,a_risky_request_visible,404,0,threshold_calibration,A,0.5727882925476658,1
review-1a60e1bd37131802,msg-7347b19b9989a8b7563c,normal,ordinary_notice_or_conversation_possible,a_not_risky_request_visible,404,1,threshold_calibration,A,0.11730256443380904,0
review-1b29308cb4906d02,msg-7894af8fe183ef59232f,smishing,risky_request_visible,a_risky_request_visible,404,2,threshold_calibration,A,0.844517458743661,1
review-1bcdb8b5e4902f77,msg-6b0f921297bf6036cdd4,normal,ordinary_notice_or_conversation_possible,a_not_risky_request_visible,404,2,threshold_calibration,A,0.09047058712853119,0
review-1cb842404c1056c4,msg-69af923a1b627636ba88,normal,ordinary_notice_or_conversation_possible,a_not_risky_request_visible,404,0,threshold_calibration,A,0.18897399963061456,0
review-1e68018ab3a2b26e,msg-c93b3c338ad73e40adfd,normal,ordinary_notice_or_conversation_possible,a_not_risky_request_visible,404,2,threshold_calibration,A,0.1887489381666034,0
review-1ea0789836e39e65,msg-50ce9ce367d7506d1b34,smishing,risky_request_visible,a_risky_request_visible,404,0,threshold_calibration,A,0.6564844261857211,1
review-1f07a8c7cd26df2c,msg-cada766d88b515618679,normal,insufficient_context,a_not_risky_request_visible,404,0,threshold_calibration,A,0.11165856889449835,0
review-21e2a2729d0906e0,msg-2f204be55b7d47704b0f,normal,ordinary_notice_or_conversation_possible,a_not_risky_request_visible,404,1,threshold_calibration,A,0.17398427244079925,0
review-223ad249b0ed1b08,msg-dbf89313b9ea1ac5b6d3,normal,ordinary_notice_or_conversation_possible,a_not_risky_request_visible,404,0,threshold_calibration,A,0.0993896472037835,0
review-22f7bb9e3da427de,msg-6f925e06a88f8d1cfd58,smishing,risky_request_visible,a_risky_request_visible,404,0,threshold_calibration,A,0.35549167799033465,0
review-2324027bc353cb29,msg-69cdd029e53ee97a620b,smishing,risky_request_visible,a_risky_request_visible,404,1,threshold_calibration,A,0.6864665921313168,1
review-23e4e9eb29dd8f93,msg-22e08f4c05ba067b383e,normal,ordinary_notice_or_conversation_possible,a_not_risky_request_visible,404,0,threshold_calibration,A,0.16014430989009182,0
review-256d1c0f349382b5,msg-b0438b6ad1731edd6ad6,normal,ordinary_notice_or_conversation_possible,a_not_risky_request_visible,404,1,threshold_calibration,A,0.11077558360342388,0
review-2579df062aafc741,msg-fa2ff4bb2e3dd2a0cead,smishing,risky_request_visible,a_risky_request_visible,404,1,threshold_calibration,A,0.4685018054261661,0
review-260a39866b3feb51,msg-81198fc0b9b05d10f4d1,normal,ordinary_notice_or_conversation_possible,a_not_risky_request_visible,404,1,threshold_calibration,A,0.09577257422320483,0
review-270f57eba07d36f4,msg-aa1ffdd49e000415678a,smishing,risky_request_visible,a_risky_request_visible,404,0,threshold_calibration,A,0.5776110041041177,1
review-27c93b924b9803a0,msg-18949d0a510e2e71cd5c,smishing,risky_request_visible,a_risky_request_visible,404,1,threshold_calibration,A,0.7455100421934818,1
review-27fee91252ef3d87,msg-0d7a1d02c979a5575363,normal,ordinary_notice_or_conversation_possible,a_not_risky_request_visible,404,2,threshold_calibration,A,0.1591529726385053,0
review-2953de0d9a6a0ef3,msg-b3fe8c24cdcc85dd4f28,normal,ordinary_notice_or_conversation_possible,a_not_risky_request_visible,404,1,threshold_calibration,A,0.08959337574411523,0
review-2b3f3a2d3b9504b2,msg-a9571e0d77539178ffc3,normal,ordinary_notice_or_conversation_possible,a_not_risky_request_visible,404,0,threshold_calibration,A,0.2450779538775094,0
review-2b5a69423072c0ba,msg-258cc86a999cd351f9ca,normal,insufficient_context,a_not_risky_request_visible,404,0,threshold_calibration,A,0.0760006179674266,0
review-2ba16080ec46773d,msg-24c361e6f72073321220,normal,ordinary_notice_or_conversation_possible,a_not_risky_request_visible,404,2,threshold_calibration,A,0.0830847539545638,0
review-2f31bd2c29ca07dd,msg-4301d7c49f5367242765,normal,ordinary_notice_or_conversation_possible,a_not_risky_request_visible,404,1,threshold_calibration,A,0.09068332869067229,0
review-30c664d1fb0416d2,msg-4facddef64d2b1d3b592,normal,promotion_without_clear_scam_request,a_not_risky_request_visible,404,1,threshold_calibration,A,0.09946562506024662,0
review-30e3bf5a7666c842,msg-2691ca74050fbbc9ed37,smishing,risky_request_visible,a_risky_request_visible,404,0,threshold_calibration,A,0.5813680309424609,1
review-326317e54a445bed,msg-df3f29c9891147e7f846,smishing,risky_request_visible,a_risky_request_visible,404,2,threshold_calibration,A,0.939211662077486,1
review-3398cc98a1b87648,msg-e33a5ed03522052013db,smishing,risky_request_visible,a_risky_request_visible,404,2,threshold_calibration,A,0.7038717853255091,1
review-34c4c16cb5ea9aaf,msg-62610653bf85e35feeff,smishing,risky_request_visible,a_risky_request_visible,404,1,threshold_calibration,A,0.8987914740577,1
review-377101d740e3c93a,msg-f91f88e17b85bd740a41,smishing,risky_request_visible,a_risky_request_visible,404,2,threshold_calibration,A,0.6211670969782086,1
review-37962ff6cab628b9,msg-f745187c052997452a1e,smishing,risky_request_visible,a_risky_request_visible,404,2,threshold_calibration,A,0.6923063989891344,1
review-37a24da8c91a2014,msg-814c1d043296b3a3b379,smishing,risky_request_visible,a_risky_request_visible,404,2,threshold_calibration,A,0.6197899260021722,1
review-37bb8af10a6775e3,msg-c1aa2ee82e014406c58e,smishing,insufficient_context,a_not_risky_request_visible,404,2,threshold_calibration,A,0.47760385762684576,1
review-37c64855b20334c3,msg-000be99f5f9d9c3967c4,normal,insufficient_context,a_not_risky_request_visible,404,2,threshold_calibration,A,0.08474232341598713,0
review-383246308e1d9552,msg-2536b5c581cb3fe10fe2,normal,risky_request_visible,a_risky_request_visible,404,2,threshold_calibration,A,0.09584884079755887,0
review-3a3a0c9003eb78d2,msg-9b70e92fb8b03ad7c610,normal,ordinary_notice_or_conversation_possible,a_not_risky_request_visible,404,0,threshold_calibration,A,0.26016509931087967,0
review-3b5a82f01656ae5e,msg-4c9bb8aab19cd59ba6b7,normal,promotion_without_clear_scam_request,a_not_risky_request_visible,404,0,threshold_calibration,A,0.05978133717032292,0
review-3f1aad6856711dea,msg-d3a618b40117b1875806,normal,ordinary_notice_or_conversation_possible,a_not_risky_request_visible,404,1,threshold_calibration,A,0.08924146515304712,0
review-4034e1976e7caf3d,msg-a8f8f501a69d1d5855ba,normal,ordinary_notice_or_conversation_possible,a_not_risky_request_visible,404,1,threshold_calibration,A,0.08225181527625797,0
review-419f917f2243e05b,msg-f80f31e80e69da69dd6c,normal,promotion_without_clear_scam_request,a_not_risky_request_visible,404,1,threshold_calibration,A,0.11148378035636562,0
review-41ec06c9fc578cef,msg-631fc966e6d1a8ec4785,smishing,risky_request_visible,a_risky_request_visible,404,1,threshold_calibration,A,0.9053578185735934,1
review-44d5803b821bc077,msg-382f83f816817c259074,smishing,risky_request_visible,a_risky_request_visible,404,2,threshold_calibration,A,0.6673141308200891,1
review-4532712bae1263a4,msg-f2d213d6e51419f0c0c3,smishing,risky_request_visible,a_risky_request_visible,404,1,threshold_calibration,A,0.9035771142985194,1
review-47389333283368dc,msg-32e17f91821e085e067c,smishing,risky_request_visible,a_risky_request_visible,404,1,threshold_calibration,A,0.7984291146960516,1
review-48f7182245c9e551,msg-a52c445339e75c5638c4,smishing,ordinary_notice_or_conversation_possible,a_not_risky_request_visible,404,1,threshold_calibration,A,0.3940358666383867,0
review-49a272d982158787,msg-15e2ac02e0ac09e5383b,smishing,risky_request_visible,a_risky_request_visible,404,2,threshold_calibration,A,0.5036692216715796,1
review-4a4a9ac934622b9e,msg-77e7ed6fee4ff6e6b3c0,normal,ordinary_notice_or_conversation_possible,a_not_risky_request_visible,404,1,threshold_calibration,A,0.5665965897380525,0
review-4aad735ff43af908,msg-d1f2ce6a48cfd3ddc352,smishing,ordinary_notice_or_conversation_possible,a_not_risky_request_visible,404,0,threshold_calibration,A,0.09503507053867917,0
review-4aafcfede478ed2e,msg-42b716ae90c55a680465,smishing,risky_request_visible,a_risky_request_visible,404,2,threshold_calibration,A,0.7383386558921115,1
review-4bb32c9d9587eb5b,msg-32a5ea1e4acbac97b230,smishing,risky_request_visible,a_risky_request_visible,404,1,threshold_calibration,A,0.37553342324244987,0
review-4bc7fe6f6685e5b0,msg-6a306e2d77b134423cff,smishing,risky_request_visible,a_risky_request_visible,404,1,threshold_calibration,A,0.2436153433856809,0
review-4be490099efed608,msg-1ba73bfe47e950778408,smishing,risky_request_visible,a_risky_request_visible,404,2,threshold_calibration,A,0.7460050854543143,1
review-4c45e2acc43cd09c,msg-240d23c05338edc37d89,smishing,risky_request_visible,a_risky_request_visible,404,1,threshold_calibration,A,0.9068105747431036,1
review-4c7db89388133c66,msg-b366110e17c486b16b15,normal,ordinary_notice_or_conversation_possible,a_not_risky_request_visible,404,0,threshold_calibration,A,0.13952515796733178,0
review-4c7f2895cbdfff17,msg-b6d879d72eac72ef59ac,smishing,risky_request_visible,a_risky_request_visible,404,1,threshold_calibration,A,0.5735838580787863,0
review-4db7bde369258db0,msg-6dd03ec5f1c618ada2c5,smishing,risky_request_visible,a_risky_request_visible,404,0,threshold_calibration,A,0.5668812727651678,1
review-4dee15ae26647c57,msg-12bf543cc6f8c5b10b0a,normal,ordinary_notice_or_conversation_possible,a_not_risky_request_visible,404,0,threshold_calibration,A,0.08287682542116985,0
review-50eaadd4d0f17b7f,msg-7ebb94a273063e6a25f7,normal,ordinary_notice_or_conversation_possible,a_not_risky_request_visible,404,2,threshold_calibration,A,0.11474586153963622,0
review-53c35a92e8d9dc2a,msg-d521b3868f2aa0b03976,normal,ordinary_notice_or_conversation_possible,a_not_risky_request_visible,404,0,threshold_calibration,A,0.3477672575275918,0
review-543aeb75302230e1,msg-7e2ff44dc281462ddd2c,normal,ordinary_notice_or_conversation_possible,a_not_risky_request_visible,404,1,threshold_calibration,A,0.09664382961868506,0
review-545d35ba143011e5,msg-fe80fc54d234587af050,normal,ordinary_notice_or_conversation_possible,a_not_risky_request_visible,404,1,threshold_calibration,A,0.08564835525095721,0
review-55155ad766375eb6,msg-2512e3e666de174caf80,normal,promotion_without_clear_scam_request,a_not_risky_request_visible,404,0,threshold_calibration,A,0.18470053633823336,0
review-56f61182338ec612,msg-791874081029523d4d1d,smishing,risky_request_visible,a_risky_request_visible,404,0,threshold_calibration,A,0.47324342567907646,1
review-572c07846f21e2ba,msg-5c8a3583b29803350025,normal,ordinary_notice_or_conversation_possible,a_not_risky_request_visible,404,0,threshold_calibration,A,0.062300251567970165,0
review-573127865357f88a,msg-6f84d9cc313db045b133,normal,ordinary_notice_or_conversation_possible,a_not_risky_request_visible,404,1,threshold_calibration,A,0.10869605618148079,0
review-588539dd497a5994,msg-eb5f2cc2527297a7b5a3,smishing,risky_request_visible,a_risky_request_visible,404,0,threshold_calibration,A,0.5041333030076544,1
review-591262c8bdf0034a,msg-1cfca21a07370919433a,smishing,ordinary_notice_or_conversation_possible,a_not_risky_request_visible,404,1,threshold_calibration,A,0.3473475528678106,0
review-5a9261ed8c81a5c6,msg-dda62389e8fe6499fde9,normal,ordinary_notice_or_conversation_possible,a_not_risky_request_visible,404,2,threshold_calibration,A,0.09018701081656773,0
review-5b0c0204dc451747,msg-31f308081fb21c6e8f09,smishing,risky_request_visible,a_risky_request_visible,404,2,threshold_calibration,A,0.8417031035742445,1
review-5b8a47398769e7ef,msg-380c22214f611250512c,normal,ordinary_notice_or_conversation_possible,a_not_risky_request_visible,404,0,threshold_calibration,A,0.15675877043717032,0
review-5c5069cca8a5add0,msg-0efb0ebfb655d5c5c6d3,normal,promotion_without_clear_scam_request,a_not_risky_request_visible,404,2,threshold_calibration,A,0.10757516186825584,0
review-5d4e3193863f1946,msg-02ba53db573bb7d15551,smishing,risky_request_visible,a_risky_request_visible,404,0,threshold_calibration,A,0.6162668802133454,1
review-5f5dd240c73902fa,msg-702b7967e690569fc457,normal,promotion_without_clear_scam_request,a_not_risky_request_visible,404,1,threshold_calibration,A,0.10954267216179428,0
review-5fad6c92922b1924,msg-d7ae6177f242cd43abef,normal,insufficient_context,a_not_risky_request_visible,404,0,threshold_calibration,A,0.14684447684620083,0
review-61fef2c9ced4f942,msg-660c2fd797c40f8e55ca,normal,ordinary_notice_or_conversation_possible,a_not_risky_request_visible,404,1,threshold_calibration,A,0.36689970169059904,0
review-6236e7e3fd2a54c8,msg-03b2efa63efb18f3f74e,normal,ordinary_notice_or_conversation_possible,a_not_risky_request_visible,404,2,threshold_calibration,A,0.29012330388049457,0
review-6260263e3bc9f334,msg-549f98d3604f2acece98,smishing,risky_request_visible,a_risky_request_visible,404,1,threshold_calibration,A,0.9064362463604624,1
review-63bef8982e454a02,msg-c75749a34e08d00a62cd,smishing,risky_request_visible,a_risky_request_visible,404,0,threshold_calibration,A,0.19801779178862325,0
review-63ea5eac0fdbfe2f,msg-f9613a09341e642b64ae,smishing,risky_request_visible,a_risky_request_visible,404,1,threshold_calibration,A,0.9070799577345032,1
review-65037cf8dfccb4af,msg-4a1016a531744e654831,normal,promotion_without_clear_scam_request,a_not_risky_request_visible,404,0,threshold_calibration,A,0.08071763679959278,0
review-65c507e4203143d6,msg-fa95489fe7c0dfeb2251,smishing,risky_request_visible,a_risky_request_visible,404,1,threshold_calibration,A,0.7340926779719458,1
review-65fde99e6e05f377,msg-4cb8c149ce6f9aed0469,smishing,risky_request_visible,a_risky_request_visible,404,2,threshold_calibration,A,0.7820321647586803,1
review-6742e699b2c19637,msg-5e8796780c062e86063b,smishing,promotion_without_clear_scam_request,a_not_risky_request_visible,404,0,threshold_calibration,A,0.1454087352429509,0
review-6b90760350513e04,msg-f20701505d9754bbd32d,normal,ordinary_notice_or_conversation_possible,a_not_risky_request_visible,404,2,threshold_calibration,A,0.36928289814639165,0
review-6c345dd95982d152,msg-6abd20ac3d54a1acb08f,smishing,risky_request_visible,a_risky_request_visible,404,0,threshold_calibration,A,0.564026231806261,1
review-6c7372dc6724ef49,msg-fd7adb6f5bdba22704bd,normal,ordinary_notice_or_conversation_possible,a_not_risky_request_visible,404,2,threshold_calibration,A,0.11054800445713736,0
review-6d70e00c3a0eb212,msg-78ebe7ba8de3e6f59138,normal,risky_request_visible,a_risky_request_visible,404,0,threshold_calibration,A,0.11091076794795852,0
review-71bc6120e1507254,msg-b460f3c8ac1fe936b354,smishing,risky_request_visible,a_risky_request_visible,404,2,threshold_calibration,A,0.6015721243019881,1
review-722fa17d1953465a,msg-b3fb5a0a6aea14d37b31,smishing,risky_request_visible,a_risky_request_visible,404,1,threshold_calibration,A,0.9003276403891856,1
review-747ccc19ddd0a65f,msg-2b77caba18e48a22b597,normal,ordinary_notice_or_conversation_possible,a_not_risky_request_visible,404,1,threshold_calibration,A,0.1570431167650972,0
review-7493575c90062c41,msg-e84d76b6ef43a1d586a7,normal,promotion_without_clear_scam_request,a_not_risky_request_visible,404,0,threshold_calibration,A,0.1794026511852449,0
review-7494a9906bb71039,msg-6f6bbab188df73ce6c08,normal,promotion_without_clear_scam_request,a_not_risky_request_visible,404,2,threshold_calibration,A,0.20797186913865343,0
review-755768c5838e2f29,msg-e2997981817c30d525be,smishing,risky_request_visible,a_risky_request_visible,404,0,threshold_calibration,A,0.7265698642598151,1
review-75ab06f0d698d679,msg-f273e56e9277fab3062d,smishing,risky_request_visible,a_risky_request_visible,404,1,threshold_calibration,A,0.4542450907765381,0
review-75f8aea8c65c0cb2,msg-944b6913babee30e1aa4,smishing,risky_request_visible,a_risky_request_visible,404,1,threshold_calibration,A,0.8480855094026101,1
review-76f98d8733690feb,msg-34b43fdf59308e46e47d,normal,risky_request_visible,a_risky_request_visible,404,0,threshold_calibration,A,0.1379295498508959,0
review-77b394cbe6e1dc4b,msg-168706cc9aaa2ee44f65,normal,ordinary_notice_or_conversation_possible,a_not_risky_request_visible,404,0,threshold_calibration,A,0.3604705775233813,0
review-790151d3979b5cf2,msg-05a81159578289c50343,normal,ordinary_notice_or_conversation_possible,a_not_risky_request_visible,404,2,threshold_calibration,A,0.07232293350527788,0
review-7977c3d1276873c7,msg-68e127127a540d65f679,normal,ordinary_notice_or_conversation_possible,a_not_risky_request_visible,404,1,threshold_calibration,A,0.15144995051599372,0
review-7a761126add20b55,msg-14afe15514eab65aba06,smishing,risky_request_visible,a_risky_request_visible,404,0,threshold_calibration,A,0.8212276798999563,1
review-7aed3e349c71aa1c,msg-93087cebe3aa7340ffc8,smishing,risky_request_visible,a_risky_request_visible,404,1,threshold_calibration,A,0.7242910781355325,1
review-7b9d338bf5cd4bdc,msg-733b60f36694b02ec836,normal,ordinary_notice_or_conversation_possible,a_not_risky_request_visible,404,0,threshold_calibration,A,0.10251283167682278,0
review-7c0605262829dbc3,msg-c35aa37c11bf43b745cb,smishing,risky_request_visible,a_risky_request_visible,404,1,threshold_calibration,A,0.9126545290157786,1
review-7d4271562f20ae7d,msg-0f3c1de813a299c535f9,normal,promotion_without_clear_scam_request,a_not_risky_request_visible,404,0,threshold_calibration,A,0.1318463394983408,0
review-7e4208c3a8d81d5e,msg-51e93ba561b9d389f5a6,normal,ordinary_notice_or_conversation_possible,a_not_risky_request_visible,404,1,threshold_calibration,A,0.23313441226518508,0
review-80aaf5285dff5d52,msg-f5342ad5453afafa654a,normal,promotion_without_clear_scam_request,a_not_risky_request_visible,404,0,threshold_calibration,A,0.06600930274291109,0
review-80c5a8d505a86e25,msg-0d11f1b2d5dd7fb1934a,normal,ordinary_notice_or_conversation_possible,a_not_risky_request_visible,404,2,threshold_calibration,A,0.10687557071800077,0
review-81b1a3bc8dfb1982,msg-4ab82cc3b14da8846e8f,normal,ordinary_notice_or_conversation_possible,a_not_risky_request_visible,404,2,threshold_calibration,A,0.10656535453877822,0
review-81db582ab9c83a7d,msg-2a0582fa3234a2d63356,normal,risky_request_visible,a_risky_request_visible,404,2,threshold_calibration,A,0.6745753333668418,1
review-83bf04c6b634cf0b,msg-b677ced3e884ac5d5c3c,normal,promotion_without_clear_scam_request,a_not_risky_request_visible,404,1,threshold_calibration,A,0.29699407251113225,0
review-83fb52312abeb4ec,msg-57b110c902b64420f7db,smishing,risky_request_visible,a_risky_request_visible,404,2,threshold_calibration,A,0.628966179422987,1
review-8408e233d5c05195,msg-61e1958480c0e2e496e5,normal,ordinary_notice_or_conversation_possible,a_not_risky_request_visible,404,0,threshold_calibration,A,0.09671229353509385,0
review-85ef908a3e61f2a2,msg-30572cea27e54ac2130b,normal,ordinary_notice_or_conversation_possible,a_not_risky_request_visible,404,2,threshold_calibration,A,0.08555863831043353,0
review-869ed6a92825209e,msg-ebf36f8049d0506e786b,smishing,risky_request_visible,a_risky_request_visible,404,1,threshold_calibration,A,0.41304123041434226,0
review-87fb862754461a9e,msg-0d54c7b740e366837504,normal,promotion_without_clear_scam_request,a_not_risky_request_visible,404,1,threshold_calibration,A,0.05900276538751824,0
review-8815f8f3d2cf8ddd,msg-c411a659d87891c23018,normal,ordinary_notice_or_conversation_possible,a_not_risky_request_visible,404,1,threshold_calibration,A,0.2248499105358142,0
review-8c0239752664c9f7,msg-ebc9f34f94af5eeb68f0,smishing,risky_request_visible,a_risky_request_visible,404,2,threshold_calibration,A,0.6611250553683902,1
review-8c3afec16f00c8ea,msg-6173af161b27fe6f4ce6,normal,ordinary_notice_or_conversation_possible,a_not_risky_request_visible,404,2,threshold_calibration,A,0.08781474013934763,0
review-8c9379e6d07693b9,msg-be03c5915bdd7e2e4314,smishing,risky_request_visible,a_risky_request_visible,404,1,threshold_calibration,A,0.1497618152837233,0
review-8e3e294dce3f381b,msg-5d0a2376083daf8a9bde,normal,ordinary_notice_or_conversation_possible,a_not_risky_request_visible,404,2,threshold_calibration,A,0.08262396561340339,0
review-901aa5f6d890357c,msg-74012a11f8d7a0e2cbd2,smishing,risky_request_visible,a_risky_request_visible,404,1,threshold_calibration,A,0.8528610179867321,1
review-92026380db179cfa,msg-11b3b10960d7a9f4d101,smishing,risky_request_visible,a_risky_request_visible,404,1,threshold_calibration,A,0.5220089990129898,0
review-92e977f1b9f64cdd,msg-3deb3a161a23b32aea25,smishing,risky_request_visible,a_risky_request_visible,404,0,threshold_calibration,A,0.5513082444606525,1
review-936c9b094a62d464,msg-c8e57aa3882734555677,normal,ordinary_notice_or_conversation_possible,a_not_risky_request_visible,404,1,threshold_calibration,A,0.09580373683007391,0
review-93f251b7f415320e,msg-25125973e3120d610fce,smishing,risky_request_visible,a_risky_request_visible,404,0,threshold_calibration,A,0.8511541274355601,1
review-95b51a345d37bf9b,msg-1c7e06763517aa4b43bf,smishing,risky_request_visible,a_risky_request_visible,404,0,threshold_calibration,A,0.3149517617149132,0
review-95c15e2125e8158e,msg-0afc2595ae8ed75b8bb8,smishing,risky_request_visible,a_risky_request_visible,404,0,threshold_calibration,A,0.6131860104281153,1
review-962656fa6b00f587,msg-cce4c00da9a7d9f77c32,normal,promotion_without_clear_scam_request,a_not_risky_request_visible,404,2,threshold_calibration,A,0.11377589983969452,0
review-9751bc751be6b57c,msg-64a843bec3f3dce4ee45,smishing,risky_request_visible,a_risky_request_visible,404,2,threshold_calibration,A,0.6815392840397564,1
review-9827872ee45caecd,msg-6632bfd7a0b259199dcf,smishing,risky_request_visible,a_risky_request_visible,404,2,threshold_calibration,A,0.7840217685933464,1
review-982aea7aee2bfd5b,msg-3189e01199a2f10ad163,smishing,risky_request_visible,a_risky_request_visible,404,1,threshold_calibration,A,0.873517046278049,1
review-9848e1bfbd07911c,msg-f2873d2e33fdffabc808,normal,ordinary_notice_or_conversation_possible,a_not_risky_request_visible,404,1,threshold_calibration,A,0.11664891186860979,0
review-98f41617c328173b,msg-c51643d14946078e7d57,smishing,risky_request_visible,a_risky_request_visible,404,1,threshold_calibration,A,0.8923724668331744,1
review-9a4ea6655a8a5a4f,msg-df3170271394537db9ca,normal,promotion_without_clear_scam_request,a_not_risky_request_visible,404,1,threshold_calibration,A,0.21479919982528642,0
review-9a6d46e3500865e5,msg-db804cd0d3465516e4ad,smishing,risky_request_visible,a_risky_request_visible,404,2,threshold_calibration,A,0.7351355481764507,1
review-9bf729353718fab4,msg-9ce453dc5d619e51234f,normal,ordinary_notice_or_conversation_possible,a_not_risky_request_visible,404,0,threshold_calibration,A,0.05001560785771762,0
review-9ca002eef5fabf4c,msg-a8d5485f9438f3ab5181,normal,ordinary_notice_or_conversation_possible,a_not_risky_request_visible,404,2,threshold_calibration,A,0.08048664954279851,0
review-9d4c0bc5bb2de352,msg-7f6ef3389d8815ed454b,smishing,risky_request_visible,a_risky_request_visible,404,0,threshold_calibration,A,0.5571046679348395,1
review-9db42b53975f21ce,msg-d44b95e16930e223469c,normal,promotion_without_clear_scam_request,a_not_risky_request_visible,404,1,threshold_calibration,A,0.1518448567497457,0
review-9e59560a7b1c6aa2,msg-32ce2bf355f633f0fee5,smishing,promotion_without_clear_scam_request,a_not_risky_request_visible,404,0,threshold_calibration,A,0.18474021385414313,0
review-9ec13abc1ec360b9,msg-053785582f2d9ed1abb9,normal,ordinary_notice_or_conversation_possible,a_not_risky_request_visible,404,2,threshold_calibration,A,0.13542818752476732,0
review-a00070320560c3ff,msg-eaeafeff80833a0c2e24,normal,risky_request_visible,a_risky_request_visible,404,2,threshold_calibration,A,0.5431233059235371,1
review-a0157c7c504b2713,msg-75bb93c54e7c03e2de6b,smishing,risky_request_visible,a_risky_request_visible,404,1,threshold_calibration,A,0.8945747855304981,1
review-a07cfcb07490d311,msg-5ce84ad96d59a95604b7,smishing,risky_request_visible,a_risky_request_visible,404,2,threshold_calibration,A,0.6215942538515968,1
review-a0abc212fe654fe2,msg-e8f6c41fc42d524da26b,smishing,risky_request_visible,a_risky_request_visible,404,0,threshold_calibration,A,0.8318936923863713,1
review-a1325d40440edcad,msg-b68194dccdbc6eeaa462,normal,ordinary_notice_or_conversation_possible,a_not_risky_request_visible,404,0,threshold_calibration,A,0.09063694319669398,0
review-a17319837ff0f25f,msg-3c260868d8790e3220b2,smishing,risky_request_visible,a_risky_request_visible,404,1,threshold_calibration,A,0.8821460384509652,1
review-a31dcf3587c938e0,msg-69f98ce7e1a685df8515,smishing,risky_request_visible,a_risky_request_visible,404,2,threshold_calibration,A,0.6978093947151967,1
review-a5e01613dff9b90c,msg-5f72ce400186780556af,normal,promotion_without_clear_scam_request,a_not_risky_request_visible,404,0,threshold_calibration,A,0.16047728866291774,0
review-a737e63e0af5d4ad,msg-58763f1db8c40f82f590,normal,promotion_without_clear_scam_request,a_not_risky_request_visible,404,0,threshold_calibration,A,0.10860071884516961,0
review-a884f7c925b47633,msg-0d319b74ea12c910e557,smishing,risky_request_visible,a_risky_request_visible,404,1,threshold_calibration,A,0.6837190804935758,1
review-a8b302c46a81110b,msg-a923033b51733c278a32,normal,ordinary_notice_or_conversation_possible,a_not_risky_request_visible,404,2,threshold_calibration,A,0.0853805151293254,0
review-abfd0300b3e94bc9,msg-c6cb9735117d0df6bed5,normal,promotion_without_clear_scam_request,a_not_risky_request_visible,404,1,threshold_calibration,A,0.10417934805242654,0
review-acfda6dedbd0ac44,msg-7a9e8cba7f71a7789866,normal,ordinary_notice_or_conversation_possible,a_not_risky_request_visible,404,0,threshold_calibration,A,0.1492572950053567,0
review-add578e780e46b65,msg-219e4e28472310285851,normal,promotion_without_clear_scam_request,a_not_risky_request_visible,404,1,threshold_calibration,A,0.16750078319686376,0
review-ae30eff1c5009634,msg-034e267652beee654b7d,normal,promotion_without_clear_scam_request,a_not_risky_request_visible,404,0,threshold_calibration,A,0.11635342669469001,0
review-aefdc599d52d1968,msg-ce6e8882987410ea9dcb,normal,risky_request_visible,a_risky_request_visible,404,2,threshold_calibration,A,0.19351078288803958,0
review-af3cd140e815bf14,msg-76ea500b769d004670c6,normal,ordinary_notice_or_conversation_possible,a_not_risky_request_visible,404,0,threshold_calibration,A,0.13764160679664694,0
review-b1335825efb8b815,msg-b01d387c5717587aaf48,normal,ordinary_notice_or_conversation_possible,a_not_risky_request_visible,404,1,threshold_calibration,A,0.32415692844734456,0
review-b354a4224eb298ed,msg-03c2102e41eb110e0262,smishing,risky_request_visible,a_risky_request_visible,404,0,threshold_calibration,A,0.6766533041560103,1
review-b495dcabfdc9e6bb,msg-c3e7d7b05d5a88764703,smishing,risky_request_visible,a_risky_request_visible,404,2,threshold_calibration,A,0.19064863541410368,0
review-b4a140a400dd0bd4,msg-8d50f5b84f82748b30f4,smishing,risky_request_visible,a_risky_request_visible,404,0,threshold_calibration,A,0.5756205908364007,1
review-b716d55654e9e174,msg-eac3f80ef98d49d5018b,normal,ordinary_notice_or_conversation_possible,a_not_risky_request_visible,404,1,threshold_calibration,A,0.07198494152320951,0
review-b75a5cafe4180fd6,msg-a850f5749efcb9c4f6a0,smishing,ordinary_notice_or_conversation_possible,a_not_risky_request_visible,404,2,threshold_calibration,A,0.4539304723460905,0
review-b7db7bfa3479f4d7,msg-432734d9e15c6f93d376,normal,ordinary_notice_or_conversation_possible,a_not_risky_request_visible,404,0,threshold_calibration,A,0.24399270924838487,0
review-b8b4a371ec215d7c,msg-6ad7fc559a70473d3c43,normal,ordinary_notice_or_conversation_possible,a_not_risky_request_visible,404,1,threshold_calibration,A,0.3151612843476153,0
review-b973d23ab4a680d4,msg-332a6ceef2ba82e72aee,normal,ordinary_notice_or_conversation_possible,a_not_risky_request_visible,404,2,threshold_calibration,A,0.08200242982932776,0
review-baf06dfd954e1b3a,msg-2e3856be0b06e36d853e,smishing,risky_request_visible,a_risky_request_visible,404,2,threshold_calibration,A,0.8717387716123207,1
review-bb5f23238e492978,msg-ae0b87b215621f5e8471,smishing,risky_request_visible,a_risky_request_visible,404,1,threshold_calibration,A,0.8724282815810961,1
review-bb9c36d01d5155e0,msg-5af06b6771a844fe1037,smishing,risky_request_visible,a_risky_request_visible,404,2,threshold_calibration,A,0.6339506571907715,1
review-bbb9c61301495984,msg-d3591b5cc40dae36f63d,smishing,risky_request_visible,a_risky_request_visible,404,2,threshold_calibration,A,0.6741163137534869,1
review-bc58d3e0a50d9226,msg-14251aa27469f753be0a,normal,ordinary_notice_or_conversation_possible,a_not_risky_request_visible,404,1,threshold_calibration,A,0.12728069651686533,0
review-bc64860bdda53d26,msg-fe8267c63ab4ef9ceaa5,normal,ordinary_notice_or_conversation_possible,a_not_risky_request_visible,404,2,threshold_calibration,A,0.04923706185784027,0
review-bd2ee152f3f0a48a,msg-25ac7d2717cde23a4116,normal,ordinary_notice_or_conversation_possible,a_not_risky_request_visible,404,2,threshold_calibration,A,0.19359715575649286,0
review-be260e01d39a8550,msg-bbb84b4c518d7fb445cd,smishing,risky_request_visible,a_risky_request_visible,404,2,threshold_calibration,A,0.9356121769416776,1
review-bee3f43cbc979cc9,msg-4d9ff4113e4ed5d9e90c,smishing,risky_request_visible,a_risky_request_visible,404,1,threshold_calibration,A,0.32683517623740066,0
review-bf29414211fedb11,msg-c484e73c51ddf79b7f8b,smishing,risky_request_visible,a_risky_request_visible,404,1,threshold_calibration,A,0.8987034812744591,1
review-bf5fe000a4a8d9d5,msg-bcaba0c0cd46c0149e2b,smishing,risky_request_visible,a_risky_request_visible,404,0,threshold_calibration,A,0.21077169228366086,0
review-c0dec81b7dec22c5,msg-36f813c46481d09c7f14,normal,ordinary_notice_or_conversation_possible,a_not_risky_request_visible,404,2,threshold_calibration,A,0.19133195987904733,0
review-c1f9d74965cc6d56,msg-9f008694d2e9f838eeaa,smishing,risky_request_visible,a_risky_request_visible,404,0,threshold_calibration,A,0.6354611800645513,1
review-c279584d5ab81989,msg-ac699df7f9a7b4400d68,smishing,risky_request_visible,a_risky_request_visible,404,1,threshold_calibration,A,0.7002804297912678,1
review-c3157c09e695c3c5,msg-f0a3f2387d520f4943e1,normal,promotion_without_clear_scam_request,a_not_risky_request_visible,404,0,threshold_calibration,A,0.14508767769873493,0
review-c386fdd922078a37,msg-c21e147ebc288236d642,normal,ordinary_notice_or_conversation_possible,a_not_risky_request_visible,404,2,threshold_calibration,A,0.17640161744120467,0
review-c4368025a0827097,msg-115656ab7419963f3ec4,normal,ordinary_notice_or_conversation_possible,a_not_risky_request_visible,404,1,threshold_calibration,A,0.22902974447046734,0
review-c45238e439e91c4d,msg-165866e6104c7226a8e8,smishing,risky_request_visible,a_risky_request_visible,404,2,threshold_calibration,A,0.4486432328113809,0
review-c7e00bcebb9cbe94,msg-3eff4af4ff261cda8b13,normal,ordinary_notice_or_conversation_possible,a_not_risky_request_visible,404,0,threshold_calibration,A,0.2738407862443436,0
review-c7f76b1e1d80f49a,msg-47c423de9b8595f121a9,smishing,risky_request_visible,a_risky_request_visible,404,0,threshold_calibration,A,0.17799094066715496,0
review-c854f5ffb64bf3eb,msg-f2f023ae46a3f625f5ba,normal,ordinary_notice_or_conversation_possible,a_not_risky_request_visible,404,0,threshold_calibration,A,0.12294147588305426,0
review-c9d8f2fd31ea0b7f,msg-4d670f74ef64914e9b0e,normal,promotion_without_clear_scam_request,a_not_risky_request_visible,404,1,threshold_calibration,A,0.14303822915523326,0
review-ca1c52eb5a9e5a56,msg-383f97042ca6b0129236,normal,ordinary_notice_or_conversation_possible,a_not_risky_request_visible,404,0,threshold_calibration,A,0.05679604148808517,0
review-cb23ce2b380ce815,msg-a81e33bc3946b0ae2550,normal,ordinary_notice_or_conversation_possible,a_not_risky_request_visible,404,1,threshold_calibration,A,0.27790910432877386,0
review-cb28a9106aef5505,msg-67de13a82fafaf8c3980,smishing,risky_request_visible,a_risky_request_visible,404,0,threshold_calibration,A,0.7301104329783737,1
review-cbbc72e510f286e3,msg-cb107b27366c1e7283c6,smishing,risky_request_visible,a_risky_request_visible,404,2,threshold_calibration,A,0.8869501785978434,1
review-cc41f3f4cb6e8629,msg-cd74555c5078c89aa225,smishing,risky_request_visible,a_risky_request_visible,404,1,threshold_calibration,A,0.7071182765607307,1
review-cc4b16c2321274c0,msg-1737db0114226e8bb1b0,smishing,risky_request_visible,a_risky_request_visible,404,1,threshold_calibration,A,0.8889478303718137,1
review-cd10401423c3d046,msg-90e4dfdb43017952dbb4,normal,ordinary_notice_or_conversation_possible,a_not_risky_request_visible,404,0,threshold_calibration,A,0.07762554115917958,0
review-ce1c5319370b9470,msg-ae8747db917382e06db2,smishing,risky_request_visible,a_risky_request_visible,404,0,threshold_calibration,A,0.33600512836209906,0
review-cf59c2e5933f9fa2,msg-43d155d969d978189fb2,smishing,risky_request_visible,a_risky_request_visible,404,1,threshold_calibration,A,0.7062869876048782,1
review-cfc0b12d1183e034,msg-a382e8e19124dfbd1cd5,normal,ordinary_notice_or_conversation_possible,a_not_risky_request_visible,404,2,threshold_calibration,A,0.3161269421010466,0
review-d09099c6189f497b,msg-255cba56e8f9f375b954,smishing,risky_request_visible,a_risky_request_visible,404,2,threshold_calibration,A,0.3738238945882316,0
review-d14a67c8f86c82a4,msg-f96269b2a48486c1fd45,normal,ordinary_notice_or_conversation_possible,a_not_risky_request_visible,404,0,threshold_calibration,A,0.1339270936406487,0
review-d17c9fec5ba94c27,msg-0833b822c08cc170dc26,smishing,risky_request_visible,a_risky_request_visible,404,1,threshold_calibration,A,0.6785960381363491,1
review-d1ba629d1b0c0386,msg-3a166a3d426428da952d,smishing,insufficient_context,a_not_risky_request_visible,404,2,threshold_calibration,A,0.14324613464162153,0
review-d1df54b7c0853995,msg-a19d969edbd3e4c563b7,normal,promotion_without_clear_scam_request,a_not_risky_request_visible,404,2,threshold_calibration,A,0.09296189900469742,0
review-d27b1f741c6ce442,msg-d3e25a130f49e24fec59,normal,ordinary_notice_or_conversation_possible,a_not_risky_request_visible,404,1,threshold_calibration,A,0.09470238411764204,0
review-d33ca86cba802688,msg-e2900c16a353e5f15c43,smishing,risky_request_visible,a_risky_request_visible,404,1,threshold_calibration,A,0.6575886211034638,1
review-d3b4daac66058960,msg-2819ed8636ecdee04bb3,normal,promotion_without_clear_scam_request,a_not_risky_request_visible,404,2,threshold_calibration,A,0.13259174304425492,0
review-d51a67f2e9911b52,msg-9412881b9906d37a2304,normal,ordinary_notice_or_conversation_possible,a_not_risky_request_visible,404,0,threshold_calibration,A,0.08352362392885061,0
review-d5b560692f11bda9,msg-20cb262bf7645dfe36d5,normal,ordinary_notice_or_conversation_possible,a_not_risky_request_visible,404,2,threshold_calibration,A,0.09065552914566577,0
review-d5cad39f16073736,msg-6b991d00ca9722186569,normal,promotion_without_clear_scam_request,a_not_risky_request_visible,404,0,threshold_calibration,A,0.12190568860213749,0
review-d684b0c9ae6eb28a,msg-b46e8faecd246cf1967d,smishing,risky_request_visible,a_risky_request_visible,404,2,threshold_calibration,A,0.6329384754841552,1
review-d6877eb437269499,msg-d6441157b1184c30f6c0,normal,ordinary_notice_or_conversation_possible,a_not_risky_request_visible,404,1,threshold_calibration,A,0.1327957859022655,0
review-d6c4551ca894cc5c,msg-bbab9487a685ac85d931,smishing,risky_request_visible,a_risky_request_visible,404,1,threshold_calibration,A,0.8720094274416174,1
review-d7e6ea82c0cbb7e9,msg-89bb289b1bdb8f41022f,normal,ordinary_notice_or_conversation_possible,a_not_risky_request_visible,404,0,threshold_calibration,A,0.08374766717898299,0
review-d870679fd6d01453,msg-7e320859ea45595a0398,smishing,promotion_without_clear_scam_request,a_not_risky_request_visible,404,0,threshold_calibration,A,0.5554624559744331,1
review-d927fc30b0eb9634,msg-1af26a10b08f45f41fde,smishing,risky_request_visible,a_risky_request_visible,404,1,threshold_calibration,A,0.39939884512847745,0
review-da0a87e60e534a8c,msg-817a4fa89633430e990d,normal,ordinary_notice_or_conversation_possible,a_not_risky_request_visible,404,1,threshold_calibration,A,0.09092006022142166,0
review-da5d8fa9864e211c,msg-65f4a5c0b197a96bdac3,normal,ordinary_notice_or_conversation_possible,a_not_risky_request_visible,404,2,threshold_calibration,A,0.08608217352002304,0
review-db2e98df10b7ea70,msg-c3a7447e038aacfc0b56,normal,ordinary_notice_or_conversation_possible,a_not_risky_request_visible,404,1,threshold_calibration,A,0.17070597842122295,0
review-dbbbfc8d3d158c2b,msg-19fa68b2542d83a61f79,smishing,risky_request_visible,a_risky_request_visible,404,2,threshold_calibration,A,0.6640387901492342,1
review-dd1fb20a78a6cb60,msg-0c3c82dfb168fc722263,normal,ordinary_notice_or_conversation_possible,a_not_risky_request_visible,404,1,threshold_calibration,A,0.10216874542538802,0
review-dd85b84b55bb501f,msg-c7ae71424b0756ee528c,smishing,risky_request_visible,a_risky_request_visible,404,0,threshold_calibration,A,0.6367801110854914,1
review-e1afcc76f28c4344,msg-957a54f95f91a63ee653,normal,ordinary_notice_or_conversation_possible,a_not_risky_request_visible,404,0,threshold_calibration,A,0.05727105296956201,0
review-e23fed0689d23954,msg-5bc65501f76a2d9c35b3,smishing,promotion_without_clear_scam_request,a_not_risky_request_visible,404,0,threshold_calibration,A,0.2730972702572296,0
review-e244a46bb3c89288,msg-b49a70f3593e3f36b11d,smishing,risky_request_visible,a_risky_request_visible,404,2,threshold_calibration,A,0.49021225560971865,1
review-e447ae957587a31d,msg-0590a0a811adf41d19c4,smishing,risky_request_visible,a_risky_request_visible,404,0,threshold_calibration,A,0.6476092847302841,1
review-e4dca6a839df1435,msg-d7dccf71e0387df73450,normal,ordinary_notice_or_conversation_possible,a_not_risky_request_visible,404,2,threshold_calibration,A,0.15499117956091465,0
review-e58d1b3575c7e041,msg-60b7b814308d63263bea,smishing,risky_request_visible,a_risky_request_visible,404,0,threshold_calibration,A,0.6383833236510815,1
review-e63efe4044e2aa11,msg-79b01393dcc39d7d282a,smishing,risky_request_visible,a_risky_request_visible,404,2,threshold_calibration,A,0.9412398960066837,1
review-e8170ecaf09d95c1,msg-e863bf00fb6dbfb816f3,normal,ordinary_notice_or_conversation_possible,a_not_risky_request_visible,404,2,threshold_calibration,A,0.09198695426353004,0
review-e8eebbe27a7969d0,msg-26a403cb7e86084e2d88,normal,ordinary_notice_or_conversation_possible,a_not_risky_request_visible,404,2,threshold_calibration,A,0.18265972300503125,0
review-e945ebd4e9533666,msg-6ca0de4ebc5d9da5342b,smishing,risky_request_visible,a_risky_request_visible,404,1,threshold_calibration,A,0.9043071345552184,1
review-ea8461ed56afeacc,msg-ad517b34fab57cf3b438,normal,ordinary_notice_or_conversation_possible,a_not_risky_request_visible,404,0,threshold_calibration,A,0.12633931134109566,0
review-ecc7155e591dec16,msg-7b45fdda561c81cabe19,smishing,risky_request_visible,a_risky_request_visible,404,1,threshold_calibration,A,0.5875773581837868,0
review-ecf66ae7e447041e,msg-443a84cea11014478b84,smishing,risky_request_visible,a_risky_request_visible,404,0,threshold_calibration,A,0.6194155295199517,1
review-ed0223c36d93b8cb,msg-cfa0236fa8a0f40916bd,normal,promotion_without_clear_scam_request,a_not_risky_request_visible,404,2,threshold_calibration,A,0.4017107669455034,0
review-eef1587711f81f11,msg-2bf3512c4b917049d8d1,normal,ordinary_notice_or_conversation_possible,a_not_risky_request_visible,404,0,threshold_calibration,A,0.07001232038766754,0
review-f0b50460d98d4502,msg-95c382e5e68482d54b53,smishing,risky_request_visible,a_risky_request_visible,404,2,threshold_calibration,A,0.6309987909644884,1
review-f0f2fce9301b3378,msg-e7a80c477afb0cccfac0,normal,ordinary_notice_or_conversation_possible,a_not_risky_request_visible,404,0,threshold_calibration,A,0.06765675560233217,0
review-f278c035dcc448b5,msg-69e20b477e1f38d22287,normal,ordinary_notice_or_conversation_possible,a_not_risky_request_visible,404,1,threshold_calibration,A,0.0964701931169639,0
review-f2b62cb8a35fddc1,msg-44342a1ca335e0df03ca,smishing,risky_request_visible,a_risky_request_visible,404,1,threshold_calibration,A,0.43789900433830875,0
review-f2c9ba7c14a8e7f4,msg-cbeab8aa1cb4e1328216,smishing,risky_request_visible,a_risky_request_visible,404,1,threshold_calibration,A,0.9022862863867136,1
review-f360abb82bcec3c4,msg-7a14eb32b51e33537f72,smishing,risky_request_visible,a_risky_request_visible,404,1,threshold_calibration,A,0.8619008558844565,1
review-f44ca51cbbeda00a,msg-b16b1f045aab2ea4a56f,smishing,risky_request_visible,a_risky_request_visible,404,1,threshold_calibration,A,0.8630043750092814,1
review-f48d763f6c721c5c,msg-05ce5c3a427de58a9e8d,smishing,risky_request_visible,a_risky_request_visible,404,2,threshold_calibration,A,0.7455393437179643,1
review-f6f3c364cb66f280,msg-67f89394e1696666880c,normal,ordinary_notice_or_conversation_possible,a_not_risky_request_visible,404,2,threshold_calibration,A,0.09898718208526586,0
review-f778efc9b041eb43,msg-7a8ba417b2f4e2650e1b,normal,ordinary_notice_or_conversation_possible,a_not_risky_request_visible,404,2,threshold_calibration,A,0.12954636689485852,0
review-f7a215d9e903b41d,msg-910004461353a81fdfb7,smishing,promotion_without_clear_scam_request,a_not_risky_request_visible,404,1,threshold_calibration,A,0.5574907873406852,0
review-f7fbd3ab7a66e194,msg-8884dfa40bd5b5ff02f7,normal,promotion_without_clear_scam_request,a_not_risky_request_visible,404,2,threshold_calibration,A,0.1842163493666726,0
review-f8f57cab36b5e4f9,msg-0b0747a39cdb82046f16,normal,ordinary_notice_or_conversation_possible,a_not_risky_request_visible,404,2,threshold_calibration,A,0.19252639833051863,0
review-f9733f5a3ed15ba1,msg-c545ce4cd13f2f30e4db,smishing,risky_request_visible,a_risky_request_visible,404,2,threshold_calibration,A,0.9317130538168117,1
review-fbd669140c0c37bb,msg-299b1f56db41d7b2e7c2,normal,ordinary_notice_or_conversation_possible,a_not_risky_request_visible,404,1,threshold_calibration,A,0.18256327508984552,0
review-fcb737070b879e4f,msg-63be477f140adc17e396,normal,ordinary_notice_or_conversation_possible,a_not_risky_request_visible,404,1,threshold_calibration,A,0.1284721887363255,0
review-fcba197835dbe421,msg-c9a0f816a24bd3e21470,smishing,risky_request_visible,a_risky_request_visible,404,1,threshold_calibration,A,0.5161336281916168,0
review-fdc12fa3cc3d98a8,msg-37fd1ef16190049166d2,smishing,risky_request_visible,a_risky_request_visible,404,2,threshold_calibration,A,0.8745117730252379,1
review-fef8e7e55d89aaf1,msg-f0265af2067049f392b6,smishing,risky_request_visible,a_risky_request_visible,404,1,threshold_calibration,A,0.68818922616175,1
review-ff7824303811b880,msg-3a8d13b5b7957521ed9d,smishing,risky_request_visible,a_risky_request_visible,404,2,threshold_calibration,A,0.6087372851501283,1
review-0056707322867f9e,msg-bfebdfbc523c88d22afe,normal,ordinary_notice_or_conversation_possible,a_not_risky_request_visible,404,2,development_readout,C,0.05135747661372665,0
review-014f431cdb07954a,msg-0c6dfbf2de170e52a942,smishing,risky_request_visible,a_risky_request_visible,404,0,development_readout,C,0.35231986013979577,0
review-02ed9a9204fc5c8c,msg-8af5cc4194464b481799,smishing,risky_request_visible,a_risky_request_visible,404,1,development_readout,C,0.718956510586337,1
review-031c270e33784faf,msg-7b77eedddff4504d9db0,smishing,risky_request_visible,a_risky_request_visible,404,1,development_readout,C,0.46276980534410245,0
review-06745995f913ed5c,msg-fb9fed8f5353c19f4482,normal,ordinary_notice_or_conversation_possible,a_not_risky_request_visible,404,2,development_readout,C,0.12186030156325492,0
review-06e6ec96dd763a34,msg-3be783148c7ea591a6af,normal,promotion_without_clear_scam_request,a_not_risky_request_visible,404,2,development_readout,C,0.14301035987388555,0
review-06fe91fac978687e,msg-a83bb61726a247a6e1e1,normal,promotion_without_clear_scam_request,a_not_risky_request_visible,404,2,development_readout,C,0.09886676789776097,0
review-07c0fb876beabf4b,msg-cdcf2dfc7474190999c3,smishing,promotion_without_clear_scam_request,a_not_risky_request_visible,404,0,development_readout,C,0.6417700335544148,1
review-09dc7d3fa6246119,msg-82c1c5902ccf0f6cb441,normal,ordinary_notice_or_conversation_possible,a_not_risky_request_visible,404,0,development_readout,C,0.15749958774496875,0
review-0bc7f01b43b4a4f4,msg-4d26af1bd51a813c0839,normal,promotion_without_clear_scam_request,a_not_risky_request_visible,404,0,development_readout,C,0.14697490972912708,0
review-0cf62fd6142f6cb4,msg-2c0ffb2240bce4f0412b,smishing,risky_request_visible,a_risky_request_visible,404,0,development_readout,C,0.8122795016243315,1
review-0d61809b41685d2f,msg-3056e20984e704228691,normal,ordinary_notice_or_conversation_possible,a_not_risky_request_visible,404,1,development_readout,C,0.10489451176706344,0
review-0ddce31c46b4331c,msg-018ff56a19f05b63f7f1,normal,promotion_without_clear_scam_request,a_not_risky_request_visible,404,2,development_readout,C,0.14736188323998536,0
review-0f7f12381c38278e,msg-001d594cae67fd50f532,normal,promotion_without_clear_scam_request,a_not_risky_request_visible,404,0,development_readout,C,0.14569722132031124,0
review-105735240253acfe,msg-882fdf4a57682ebb0be2,smishing,risky_request_visible,a_risky_request_visible,404,0,development_readout,C,0.618199927609462,1
review-10e329e8873017e2,msg-4d92830c608f0547ddb4,smishing,risky_request_visible,a_risky_request_visible,404,0,development_readout,C,0.72936992882267,1
review-12aedba2ef212671,msg-52cabfe559de650270d0,smishing,risky_request_visible,a_risky_request_visible,404,0,development_readout,C,0.962705132411753,1
review-137a8d7cde64d50f,msg-b66553208ce35fd6531e,normal,ordinary_notice_or_conversation_possible,a_not_risky_request_visible,404,1,development_readout,C,0.13255844669104094,0
review-143e404949a72860,msg-9ab97598b92cc2549f26,smishing,risky_request_visible,a_risky_request_visible,404,2,development_readout,C,0.9435516354484288,1
review-1538fa93f259c264,msg-1d4f07b23c605c358a53,normal,ordinary_notice_or_conversation_possible,a_not_risky_request_visible,404,0,development_readout,C,0.21026191370651018,0
review-15f5cb8ca60e63e7,msg-93f6493043538f04abba,smishing,risky_request_visible,a_risky_request_visible,404,2,development_readout,C,0.7223141478861814,1
review-17bb16430527761d,msg-8a95db5cf464c51ec8bb,smishing,risky_request_visible,a_risky_request_visible,404,0,development_readout,C,0.45136930827683924,1
review-1820dec42f5ec2ca,msg-04d0a9cdecc5e27abe30,smishing,risky_request_visible,a_risky_request_visible,404,1,development_readout,C,0.7242327540476822,1
review-19cc4ce8b1dbe415,msg-e9e131d9372380a167cf,smishing,risky_request_visible,a_risky_request_visible,404,0,development_readout,C,0.13036840824904256,0
review-1a4aa7992820ca2a,msg-f6bc1ff296dcef8d3f5e,smishing,risky_request_visible,a_risky_request_visible,404,0,development_readout,C,0.7523056175934058,1
review-1b01c3e70a5cd621,msg-598291dbde5006fce551,smishing,risky_request_visible,a_risky_request_visible,404,1,development_readout,C,0.48670767715439334,0
review-1bee5d35c3ae9550,msg-0a348fcb6248b2e02712,smishing,risky_request_visible,a_risky_request_visible,404,0,development_readout,C,0.5769770273675924,1
review-1c32fedd4b32dd06,msg-b3fecdca68993f39816e,normal,promotion_without_clear_scam_request,a_not_risky_request_visible,404,0,development_readout,C,0.09633189187902166,0
review-1c42c25c32f5bd82,msg-397c7d1d69e93306e43f,smishing,risky_request_visible,a_risky_request_visible,404,0,development_readout,C,0.8918485811629413,1
review-1e450b71c02e190a,msg-fde8fe5d8c4f6fbf52c2,smishing,risky_request_visible,a_risky_request_visible,404,1,development_readout,C,0.5636907885582756,0
review-1e479c4a302f356c,msg-1306cfdbb1eb6413c2f3,smishing,risky_request_visible,a_risky_request_visible,404,0,development_readout,C,0.17454348598086225,0
review-2015b61fb97f2965,msg-3649a91b276a45d342c6,normal,ordinary_notice_or_conversation_possible,a_not_risky_request_visible,404,2,development_readout,C,0.163215534166623,0
review-220daefcb5d386ed,msg-e3ec894bf4e93e8c550e,smishing,risky_request_visible,a_risky_request_visible,404,2,development_readout,C,0.835671430261899,1
review-25104a7eec1f7831,msg-f98da8116216cda9e3fe,smishing,risky_request_visible,a_risky_request_visible,404,0,development_readout,C,0.7671597510584525,1
review-25ec7d62ea3d7444,msg-7f85a9711cbc0aa393d6,smishing,risky_request_visible,a_risky_request_visible,404,2,development_readout,C,0.21652120317008938,0
review-266fac2cf4f9a2fe,msg-358dbfc77504383312c3,smishing,risky_request_visible,a_risky_request_visible,404,0,development_readout,C,0.8798563622300822,1
review-2705653809f7ad8f,msg-c847ea1fe73639b29741,normal,ordinary_notice_or_conversation_possible,a_not_risky_request_visible,404,0,development_readout,C,0.25208649542877115,0
review-2769abe8fc6ffd87,msg-45d3204953ffb0ec89ee,normal,ordinary_notice_or_conversation_possible,a_not_risky_request_visible,404,0,development_readout,C,0.14063002526179935,0
review-293586512b140a4e,msg-df9036abd2017f6f6be1,smishing,risky_request_visible,a_risky_request_visible,404,0,development_readout,C,0.391104381536586,0
review-2d4568421c26bf66,msg-96c30c2332ea6bf5e247,normal,ordinary_notice_or_conversation_possible,a_not_risky_request_visible,404,1,development_readout,C,0.22118112829057182,0
review-2d707fce0fb4702c,msg-e94fec8af385dc5ff556,normal,ordinary_notice_or_conversation_possible,a_not_risky_request_visible,404,1,development_readout,C,0.19485848558784435,0
review-2d80e47aaaa42543,msg-207b27eff27f4988fb0f,normal,ordinary_notice_or_conversation_possible,a_not_risky_request_visible,404,1,development_readout,C,0.2743575383516486,0
review-2dcd34cb42910200,msg-97b2b6ee95ed7d920877,smishing,risky_request_visible,a_risky_request_visible,404,0,development_readout,C,0.6302261963203709,1
review-2dd7b92c08e4f5c4,msg-42c7b3575f8a9da0d8d1,normal,promotion_without_clear_scam_request,a_not_risky_request_visible,404,1,development_readout,C,0.10628022107494275,0
review-300c4c657ef26689,msg-8d4de978440b72ca4a45,normal,ordinary_notice_or_conversation_possible,a_not_risky_request_visible,404,2,development_readout,C,0.16812698002849444,0
review-30d20e067658db39,msg-915558b1d57081861e23,normal,insufficient_context,a_not_risky_request_visible,404,2,development_readout,C,0.17971056110565448,0
review-31a75727a167d60d,msg-f9061a931aba0d307ce6,smishing,risky_request_visible,a_risky_request_visible,404,0,development_readout,C,0.5781738443876155,1
review-322a0c915a6dca98,msg-3d77196a643275284eee,smishing,risky_request_visible,a_risky_request_visible,404,1,development_readout,C,0.6470999928066431,1
review-3423b715646fd583,msg-65bffe175e1d5b55382e,smishing,risky_request_visible,a_risky_request_visible,404,0,development_readout,C,0.9643141489822922,1
review-344682f2618ba8f9,msg-e5b4405ee48a541eecc0,normal,promotion_without_clear_scam_request,a_not_risky_request_visible,404,1,development_readout,C,0.21763619131198333,0
review-363f281df3bd9ba4,msg-36bc461d0aefe348462d,normal,promotion_without_clear_scam_request,a_not_risky_request_visible,404,0,development_readout,C,0.15996015342438902,0
review-364329807a65a090,msg-0be5e1e2bd038f3a1a24,smishing,risky_request_visible,a_risky_request_visible,404,0,development_readout,C,0.43628239167903154,1
review-36c6682493394c5a,msg-d54e4685cdd8f9aa710a,smishing,risky_request_visible,a_risky_request_visible,404,1,development_readout,C,0.7559530752598338,1
review-370202b258208735,msg-fc0286653fb100798da2,smishing,risky_request_visible,a_risky_request_visible,404,1,development_readout,C,0.4332080193471951,0
review-37141dd75c3875fc,msg-372c6f62456bfbc0a7d9,normal,ordinary_notice_or_conversation_possible,a_not_risky_request_visible,404,2,development_readout,C,0.10097496660578613,0
review-3735a715aa425485,msg-5cbba54c59da325a454c,normal,ordinary_notice_or_conversation_possible,a_not_risky_request_visible,404,1,development_readout,C,0.31345556158953297,0
review-39a836fe3d87fa33,msg-758bd093f61744be66f6,normal,ordinary_notice_or_conversation_possible,a_not_risky_request_visible,404,0,development_readout,C,0.09580443916572838,0
review-39e0fa05577bfbae,msg-551d213c037c9c6eab04,smishing,risky_request_visible,a_risky_request_visible,404,0,development_readout,C,0.9614156164054611,1
review-3a343dbd60efe3c5,msg-e91ad896bc07a339c9ae,normal,promotion_without_clear_scam_request,a_not_risky_request_visible,404,2,development_readout,C,0.11082447497171093,0
review-3aa78c267ab21f05,msg-224c0422b0003d17212c,smishing,ordinary_notice_or_conversation_possible,a_not_risky_request_visible,404,1,development_readout,C,0.30179998517352574,0
review-3abe5c96847ee3b9,msg-e7c4d2ebb04e62e880b5,normal,ordinary_notice_or_conversation_possible,a_not_risky_request_visible,404,2,development_readout,C,0.1504317469825878,0
review-3b23a85b0e54e4e2,msg-5a59a5ce918f6559e125,normal,promotion_without_clear_scam_request,a_not_risky_request_visible,404,1,development_readout,C,0.09897581077579497,0
review-3b5e9306ce7f16f6,msg-75d22609d1f4fae1c474,normal,ordinary_notice_or_conversation_possible,a_not_risky_request_visible,404,0,development_readout,C,0.11662098632902204,0
review-3c542b2889f7ee41,msg-ab4e24de8042cbea05d6,smishing,risky_request_visible,a_risky_request_visible,404,0,development_readout,C,0.9620231947657707,1
review-3c6ae33a89ac17a5,msg-c098e4b7c32dc66b6582,smishing,risky_request_visible,a_risky_request_visible,404,2,development_readout,C,0.9507123015207128,1
review-3ec3c8e07bb7e369,msg-f5bfb9971a76c287fdd5,normal,promotion_without_clear_scam_request,a_not_risky_request_visible,404,2,development_readout,C,0.1826180975184606,0
review-40617332c72b6a65,msg-75bccb25272a125ae624,smishing,risky_request_visible,a_risky_request_visible,404,2,development_readout,C,0.8446794837330336,1
review-40e531a989b5b832,msg-90c8b223c83bae5b9f53,smishing,risky_request_visible,a_risky_request_visible,404,1,development_readout,C,0.6498995888030573,1
review-40eb85d72dbb3fa3,msg-4273962397b78faae1de,smishing,risky_request_visible,a_risky_request_visible,404,2,development_readout,C,0.9224508393288903,1
review-40f65d491fbb6c91,msg-29618cee18396e8a8e81,smishing,risky_request_visible,a_risky_request_visible,404,0,development_readout,C,0.7465222702793621,1
review-417d1a94491a5069,msg-a24654d3ad544c08124e,normal,promotion_without_clear_scam_request,a_not_risky_request_visible,404,2,development_readout,C,0.08843268060121315,0
review-41e7242cf53f7aec,msg-414effb98a09982ec13d,normal,promotion_without_clear_scam_request,a_not_risky_request_visible,404,2,development_readout,C,0.15706981444919155,0
review-46f3555593434e8a,msg-ef6fd44a32790af20571,smishing,risky_request_visible,a_risky_request_visible,404,0,development_readout,C,0.96142386170857,1
review-49230d04e233f44b,msg-88466b364e697e810f29,normal,promotion_without_clear_scam_request,a_not_risky_request_visible,404,2,development_readout,C,0.23615773321413075,0
review-49db2f3969f4dab7,msg-d9f951c82ea54b25ac30,normal,promotion_without_clear_scam_request,a_not_risky_request_visible,404,1,development_readout,C,0.13892900573062436,0
review-4a5f226471e5edaf,msg-92eab3c091583e1be9b2,smishing,risky_request_visible,a_risky_request_visible,404,1,development_readout,C,0.8583946021963206,1
review-4b0f3b3c6f3029e0,msg-095a369060c7ff33c341,smishing,risky_request_visible,a_risky_request_visible,404,2,development_readout,C,0.9215248829125924,1
review-4b7d3212a375f3c3,msg-e32c03f7fd12569b45d4,smishing,risky_request_visible,a_risky_request_visible,404,1,development_readout,C,0.7447597511352737,1
review-4c1327797f738c0f,msg-c623d83809d140a75f70,normal,ordinary_notice_or_conversation_possible,a_not_risky_request_visible,404,2,development_readout,C,0.2431177077984717,0
review-4cbabc8906c81322,msg-0ed0bfb82462e09cd15a,smishing,risky_request_visible,a_risky_request_visible,404,2,development_readout,C,0.9155397325025023,1
review-4e91758f8be8575d,msg-2a7f43ae7fa422fefb9b,smishing,risky_request_visible,a_risky_request_visible,404,1,development_readout,C,0.21168821399123672,0
review-50913d75a97def28,msg-59fc050be5af6ecad8a5,smishing,risky_request_visible,a_risky_request_visible,404,2,development_readout,C,0.7077555719649558,1
review-50c65fd60929a11c,msg-76755bc4cf7a9223f1f5,smishing,risky_request_visible,a_risky_request_visible,404,0,development_readout,C,0.7542210698356119,1
review-5155bcd98221f6df,msg-260f9a35da3e12d1699f,normal,ordinary_notice_or_conversation_possible,a_not_risky_request_visible,404,1,development_readout,C,0.13984602756656783,0
review-5176dde30e249277,msg-a95d096bdce327f3ec58,normal,ordinary_notice_or_conversation_possible,a_not_risky_request_visible,404,0,development_readout,C,0.1295887618319041,0
review-5192f26c12526af0,msg-46cf015971a39796118d,normal,risky_request_visible,a_risky_request_visible,404,2,development_readout,C,0.46581386653458823,0
review-5201c5937ee64b08,msg-bb5a4640eee306e11287,smishing,risky_request_visible,a_risky_request_visible,404,0,development_readout,C,0.5908387486361034,1
review-5351da806d5c8862,msg-56c6f7e6fe95f4eaf8db,normal,ordinary_notice_or_conversation_possible,a_not_risky_request_visible,404,2,development_readout,C,0.18060350473224757,0
review-53cc92ecebb430c9,msg-e602e76abd3350bfd137,normal,ordinary_notice_or_conversation_possible,a_not_risky_request_visible,404,2,development_readout,C,0.1697358448183818,0
review-54a4b61c2ddb946a,msg-d867888f40ccdc430a1d,normal,promotion_without_clear_scam_request,a_not_risky_request_visible,404,1,development_readout,C,0.10502200186165078,0
review-5582aae305ae4193,msg-50997c3a965c36ff8cbc,normal,promotion_without_clear_scam_request,a_not_risky_request_visible,404,2,development_readout,C,0.14656435853814995,0
review-55839cdd8c1c65c6,msg-7bc3eb6f8e2897ba9d73,normal,promotion_without_clear_scam_request,a_not_risky_request_visible,404,1,development_readout,C,0.1059034224248375,0
review-563b94c3e75e8c6d,msg-3943c098759d93b5d20b,smishing,risky_request_visible,a_risky_request_visible,404,0,development_readout,C,0.26778304721752977,0
review-5784e41a45931326,msg-f2c24a6dc6cb602f2b03,smishing,risky_request_visible,a_risky_request_visible,404,0,development_readout,C,0.3741231660765428,0
review-5915bce9f0ed137d,msg-e395baa51463221daebc,normal,insufficient_context,a_not_risky_request_visible,404,1,development_readout,C,0.23006215139268907,0
review-5a021883af9f96ea,msg-156bbfc36ff5805e450a,normal,promotion_without_clear_scam_request,a_not_risky_request_visible,404,0,development_readout,C,0.13727753435763607,0
review-5a49e43857a6f8f0,msg-a4b7e6d3b527691e9a05,smishing,risky_request_visible,a_risky_request_visible,404,0,development_readout,C,0.1684685801607698,0
review-5a7aed2fa9914ccd,msg-c51a29b00765bbce70ab,normal,ordinary_notice_or_conversation_possible,a_not_risky_request_visible,404,2,development_readout,C,0.22440362533322822,0
review-5b38287421b21063,msg-2eacbbd745e21908f221,normal,ordinary_notice_or_conversation_possible,a_not_risky_request_visible,404,2,development_readout,C,0.1270130153216661,0
review-5bd99d54544ce7e3,msg-9517e9c73490ca66a042,normal,promotion_without_clear_scam_request,a_not_risky_request_visible,404,0,development_readout,C,0.28252430749259244,0
review-5c8fb855522635b0,msg-8583f1e4ed2f6a4435f1,normal,ordinary_notice_or_conversation_possible,a_not_risky_request_visible,404,0,development_readout,C,0.14227956815191042,0
review-5cdeba2735509611,msg-ae080cc622858f685d5a,smishing,risky_request_visible,a_risky_request_visible,404,1,development_readout,C,0.9013214712920555,1
review-5f54bbc511caaded,msg-542efb3f41bad8a46794,normal,ordinary_notice_or_conversation_possible,a_not_risky_request_visible,404,1,development_readout,C,0.15800911583769264,0
review-6036afa1a4a219c3,msg-9bf6c95f6dc633dd8819,normal,ordinary_notice_or_conversation_possible,a_not_risky_request_visible,404,2,development_readout,C,0.11658464154370828,0
review-613647025d825449,msg-c2dbf3f9ef08a79aafdb,normal,ordinary_notice_or_conversation_possible,a_not_risky_request_visible,404,0,development_readout,C,0.16555704133696472,0
review-6521774e33af014d,msg-9b1f08af6e0ef529c373,normal,ordinary_notice_or_conversation_possible,a_not_risky_request_visible,404,0,development_readout,C,0.20044613295651353,0
review-66516cd6e1b084bc,msg-a67739cacf95ee18716c,normal,ordinary_notice_or_conversation_possible,a_not_risky_request_visible,404,2,development_readout,C,0.22140901010050223,0
review-66ef57282af71d4f,msg-f51c8c7132e5405088dd,normal,ordinary_notice_or_conversation_possible,a_not_risky_request_visible,404,0,development_readout,C,0.12197425051525458,0
review-6925d1d5c92f5e6d,msg-44953d9e4eb6da25905d,normal,ordinary_notice_or_conversation_possible,a_not_risky_request_visible,404,0,development_readout,C,0.24372561725936184,0
review-6938cc7e883cfae5,msg-d0b351454bf1078555ca,smishing,risky_request_visible,a_risky_request_visible,404,0,development_readout,C,0.27576091591425167,0
review-6a3da5bb1cbb35c3,msg-c4c6b04cd9f64fdb2a1a,smishing,risky_request_visible,a_risky_request_visible,404,2,development_readout,C,0.54805215649811,1
review-6ae02f39f51553d5,msg-6ea3d783002f06a87f20,smishing,risky_request_visible,a_risky_request_visible,404,2,development_readout,C,0.8461012626015778,1
review-6b23a95e54455bfe,msg-7e73260daff23015e769,smishing,risky_request_visible,a_risky_request_visible,404,1,development_readout,C,0.6678009338376478,1
review-6c9e3e62bbb95763,msg-a6d506945e9b701052e1,smishing,risky_request_visible,a_risky_request_visible,404,2,development_readout,C,0.2721996664934808,0
review-6e51f1a0ccb981e6,msg-58425ae1f35d0d6e8f6c,smishing,risky_request_visible,a_risky_request_visible,404,0,development_readout,C,0.743359945163752,1
review-6ee455a4c31c9039,msg-9207c6b7c6c694beab91,normal,promotion_without_clear_scam_request,a_not_risky_request_visible,404,0,development_readout,C,0.17299928887141747,0
review-6f695f49e7ab13e0,msg-8356b29b26dab4a93304,normal,ordinary_notice_or_conversation_possible,a_not_risky_request_visible,404,1,development_readout,C,0.32452396725852334,0
review-70dad336d995a509,msg-00cd858afe8ef2de5fd3,normal,ordinary_notice_or_conversation_possible,a_not_risky_request_visible,404,2,development_readout,C,0.13363872238521207,0
review-737f8fd0571ce3c6,msg-c41cc6431e9d998e3d0b,smishing,insufficient_context,a_not_risky_request_visible,404,2,development_readout,C,0.6396352453839534,1
review-76a47d926f91413e,msg-81c59d9e2363e29c4af7,normal,ordinary_notice_or_conversation_possible,a_not_risky_request_visible,404,0,development_readout,C,0.09154615919236746,0
review-7794b3bc9bc0c3a1,msg-a2db1c36a4678988377c,normal,ordinary_notice_or_conversation_possible,a_not_risky_request_visible,404,2,development_readout,C,0.44277370909013636,0
review-787b7c042622aae0,msg-b3943f3bacab6f799477,normal,promotion_without_clear_scam_request,a_not_risky_request_visible,404,2,development_readout,C,0.10267225804119294,0
review-7b32c18f837c52f3,msg-906c8805c776e5912484,normal,risky_request_visible,a_risky_request_visible,404,1,development_readout,C,0.2062829960802621,0
review-7bc2e45e3ffc6c78,msg-b62543444f94f00ab76a,normal,ordinary_notice_or_conversation_possible,a_not_risky_request_visible,404,0,development_readout,C,0.1300439024383945,0
review-7cbff1d715e4b2f0,msg-565ddb5f77c920c58378,normal,promotion_without_clear_scam_request,a_not_risky_request_visible,404,1,development_readout,C,0.13917175632944462,0
review-7d723e9bf1b824f5,msg-87a76d50e35b48e41218,smishing,risky_request_visible,a_risky_request_visible,404,1,development_readout,C,0.5381764738500107,0
review-8039ca8a8d71147c,msg-d7d609114f737190d087,smishing,risky_request_visible,a_risky_request_visible,404,1,development_readout,C,0.5520741491198838,0
review-833c087c0ab5f903,msg-9fd68b8a09c8f103465e,smishing,insufficient_context,a_not_risky_request_visible,404,0,development_readout,C,0.606895647212237,1
review-87280a48b9739e82,msg-a277748568204738c928,smishing,risky_request_visible,a_risky_request_visible,404,1,development_readout,C,0.5232917652212632,0
review-87ca5145bb1464ea,msg-69d76db7edd5a86af1d7,normal,promotion_without_clear_scam_request,a_not_risky_request_visible,404,1,development_readout,C,0.1152072874570401,0
review-8858113ca39c4a08,msg-8e807a0816ba58157c7b,smishing,risky_request_visible,a_risky_request_visible,404,0,development_readout,C,0.8060957234083267,1
review-8a9635c815342586,msg-5b3252b8d919d9dfa5c2,smishing,risky_request_visible,a_risky_request_visible,404,2,development_readout,C,0.9565558915471232,1
review-8a9a3331b5fa55b8,msg-c77a2ab7f5ebcb835ce1,normal,ordinary_notice_or_conversation_possible,a_not_risky_request_visible,404,1,development_readout,C,0.3229582842723375,0
review-8ac3c67723460772,msg-7a0a306167abc3b72d8c,normal,ordinary_notice_or_conversation_possible,a_not_risky_request_visible,404,2,development_readout,C,0.09823975287560557,0
review-8acb2fdf0b998c44,msg-442633ffd7cc37f8a891,smishing,risky_request_visible,a_risky_request_visible,404,1,development_readout,C,0.6837747894782594,1
review-8b051b87b72136a4,msg-8a4662fd944d66f460fd,smishing,risky_request_visible,a_risky_request_visible,404,2,development_readout,C,0.46156752094081943,0
review-8f6994cbd2075acd,msg-47b3b6a2b2a28bdf7fb9,smishing,risky_request_visible,a_risky_request_visible,404,0,development_readout,C,0.721754107487093,1
review-8f7e5118fc4a9d93,msg-54a310f893f9630cdab4,smishing,risky_request_visible,a_risky_request_visible,404,2,development_readout,C,0.9341376574705624,1
review-904be5b534ca4342,msg-2c7b345bbea477990d91,normal,ordinary_notice_or_conversation_possible,a_not_risky_request_visible,404,1,development_readout,C,0.23396620152075678,0
review-92a8bdc500ce598c,msg-b0731c666ab671570088,smishing,risky_request_visible,a_risky_request_visible,404,1,development_readout,C,0.9032512031405033,1
review-93d84a89e42aa2d2,msg-08ce7d2baeca7acc8b65,smishing,risky_request_visible,a_risky_request_visible,404,2,development_readout,C,0.8320168906914744,1
review-93e39f35ad377da3,msg-64cdca546bafdc9324f0,normal,ordinary_notice_or_conversation_possible,a_not_risky_request_visible,404,0,development_readout,C,0.1493290066011226,0
review-9440c7b20214abb9,msg-e326b0533522ecb322de,smishing,risky_request_visible,a_risky_request_visible,404,1,development_readout,C,0.8566129878343094,1
review-94b8ffc8b0784e28,msg-75d8feb50109f84a12cc,normal,ordinary_notice_or_conversation_possible,a_not_risky_request_visible,404,0,development_readout,C,0.08780538340087819,0
review-95ab42239fb052e7,msg-5052c7243f9985cc9bcf,normal,promotion_without_clear_scam_request,a_not_risky_request_visible,404,2,development_readout,C,0.12833431053447933,0
review-96be0a4e61349470,msg-04b55107c00ee5b070d9,smishing,risky_request_visible,a_risky_request_visible,404,0,development_readout,C,0.8010698931464693,1
review-973274a88b5aa1db,msg-706b91df031716838257,normal,ordinary_notice_or_conversation_possible,a_not_risky_request_visible,404,2,development_readout,C,0.09800905564467965,0
review-9762bd209b88d2ac,msg-891bb14bf560270521ca,smishing,risky_request_visible,a_risky_request_visible,404,0,development_readout,C,0.8486189410035978,1
review-97b3b26bd7e8a65a,msg-359327bd4e7edc3cb5ba,normal,insufficient_context,a_not_risky_request_visible,404,1,development_readout,C,0.09217806452257223,0
review-97dbf9fb83d5fd0a,msg-6301a4730ee412e86a8c,normal,promotion_without_clear_scam_request,a_not_risky_request_visible,404,2,development_readout,C,0.09918197090976254,0
review-97eb58f77becd57e,msg-991e31887c4954366165,normal,promotion_without_clear_scam_request,a_not_risky_request_visible,404,1,development_readout,C,0.12981136790937603,0
review-9833d3f3d2c07833,msg-d787f40cfc7dbbe6778f,smishing,risky_request_visible,a_risky_request_visible,404,0,development_readout,C,0.7142460983789388,1
review-98f9751b78a4c31e,msg-06b44744cbf1ec56130e,normal,ordinary_notice_or_conversation_possible,a_not_risky_request_visible,404,1,development_readout,C,0.09923089768541492,0
review-99553665d7fa8d60,msg-ec2c63de47e93d56888f,normal,ordinary_notice_or_conversation_possible,a_not_risky_request_visible,404,0,development_readout,C,0.10754052045366386,0
review-9955e43648119f93,msg-c9f03e64293fb8bae46b,smishing,risky_request_visible,a_risky_request_visible,404,0,development_readout,C,0.6866283545301024,1
review-9a3f12ca280a1c8a,msg-9865307d8d5cb09874f2,normal,promotion_without_clear_scam_request,a_not_risky_request_visible,404,0,development_readout,C,0.30848088281442737,0
review-9ad68457d5c5ddfe,msg-ff1e050906d7cfd80b2a,smishing,risky_request_visible,a_risky_request_visible,404,1,development_readout,C,0.6016109614982343,0
review-9c83743cb64ceb5e,msg-dc4ff0d2d722a2c6cbac,normal,ordinary_notice_or_conversation_possible,a_not_risky_request_visible,404,0,development_readout,C,0.21138521284962802,0
review-9c94f8c84f214457,msg-79fa0f109f0555707dca,smishing,risky_request_visible,a_risky_request_visible,404,2,development_readout,C,0.2498116996591904,0
review-9dcbf9222596e8de,msg-142bb92fb41d9cbcef5f,normal,ordinary_notice_or_conversation_possible,a_not_risky_request_visible,404,2,development_readout,C,0.3733670445206618,0
review-9e77e04ddb3e3ff6,msg-374fc9d1a57bc673b881,smishing,risky_request_visible,a_risky_request_visible,404,1,development_readout,C,0.8918499428015194,1
review-a003a34f2b7224ae,msg-ed3a4e31c52d999f2ab4,normal,ordinary_notice_or_conversation_possible,a_not_risky_request_visible,404,2,development_readout,C,0.09697381501396972,0
review-a077aa771a77e44f,msg-a37b49f0af9136126259,normal,ordinary_notice_or_conversation_possible,a_not_risky_request_visible,404,1,development_readout,C,0.1847148298151069,0
review-a1b685810c820047,msg-46ca64892a1c3e660136,smishing,risky_request_visible,a_risky_request_visible,404,0,development_readout,C,0.9605185728658991,1
review-a1c208b7e2a31834,msg-cfebfff6180461481c77,smishing,risky_request_visible,a_risky_request_visible,404,1,development_readout,C,0.7083313115145123,1
review-a3348ee784bf419a,msg-ff64a4e11508a5dc7000,smishing,risky_request_visible,a_risky_request_visible,404,1,development_readout,C,0.9007202151314969,1
review-a3b8e31a589bfbf6,msg-72b62dcb8e0666cea243,smishing,risky_request_visible,a_risky_request_visible,404,2,development_readout,C,0.7763855253521122,1
review-a55cc489390f4d15,msg-a11408f53fc97d32784a,smishing,risky_request_visible,a_risky_request_visible,404,1,development_readout,C,0.8023582659455692,1
review-a5c8844b07d15249,msg-080a80350fda25ee4181,smishing,risky_request_visible,a_risky_request_visible,404,2,development_readout,C,0.7427734916556316,1
review-a93e9d44999fbedb,msg-7a5a0ef1560dbc98423a,normal,ordinary_notice_or_conversation_possible,a_not_risky_request_visible,404,2,development_readout,C,0.1016365547145066,0
review-a966f0861f64ccf4,msg-730ac32bb52515f362b7,smishing,risky_request_visible,a_risky_request_visible,404,0,development_readout,C,0.4763648066000688,1
review-aa0341109ceb1209,msg-46a9686cf4e9faeb9042,normal,ordinary_notice_or_conversation_possible,a_not_risky_request_visible,404,2,development_readout,C,0.1469838379122637,0
review-ab5082605dd6822e,msg-caea04347391d8ade4f5,smishing,risky_request_visible,a_risky_request_visible,404,1,development_readout,C,0.6839323002865203,1
review-ac307e4a1651f014,msg-5dce72e90a11834ff054,smishing,risky_request_visible,a_risky_request_visible,404,0,development_readout,C,0.23162779187220797,0
review-aca9116d8021bfae,msg-ee6bc320eef92aaba68d,smishing,risky_request_visible,a_risky_request_visible,404,1,development_readout,C,0.5737071603465651,0
review-ad512146de7da940,msg-c26a0b124b37127b90ce,smishing,risky_request_visible,a_risky_request_visible,404,0,development_readout,C,0.7872837355880619,1
review-ad7039ac6a9ced27,msg-c81c5b25a163ca19481f,normal,ordinary_notice_or_conversation_possible,a_not_risky_request_visible,404,1,development_readout,C,0.10642713549247919,0
review-b0d0b31ce42bff6d,msg-80bd77dde6b57d4aa6b9,smishing,risky_request_visible,a_risky_request_visible,404,2,development_readout,C,0.18412363630853326,0
review-b1951ff1f4366cb0,msg-cced4520ab46379e15a2,normal,ordinary_notice_or_conversation_possible,a_not_risky_request_visible,404,0,development_readout,C,0.08836812260538421,0
review-b31a9429969a49d0,msg-462e7df5be571e9dec5d,normal,ordinary_notice_or_conversation_possible,a_not_risky_request_visible,404,0,development_readout,C,0.17813555899226582,0
review-b4838689e702ca9d,msg-fd7536693be17ff11e66,normal,ordinary_notice_or_conversation_possible,a_not_risky_request_visible,404,2,development_readout,C,0.12195790683043556,0
review-b4f3af03fab1d1b9,msg-ca0bba4719e18ebdea2c,smishing,risky_request_visible,a_risky_request_visible,404,1,development_readout,C,0.49046123871880415,0
review-b52505e7e689a4b8,msg-362b479a08fa48892f2e,normal,promotion_without_clear_scam_request,a_not_risky_request_visible,404,2,development_readout,C,0.15012183552516675,0
review-b7a4aa1c4b4f5a68,msg-ea43ef2af5abd7033448,normal,insufficient_context,a_not_risky_request_visible,404,0,development_readout,C,0.24989236782195462,0
review-b853cb37dc6b6e11,msg-51ae98811a8fd7ee3107,normal,ordinary_notice_or_conversation_possible,a_not_risky_request_visible,404,1,development_readout,C,0.19909281933539646,0
review-b894aa9bff1613dc,msg-0f99b5457812bf9368a9,smishing,risky_request_visible,a_risky_request_visible,404,1,development_readout,C,0.7982904217392811,1
review-bbe916c0a5f13c5a,msg-a45a85532c29434e8b27,smishing,risky_request_visible,a_risky_request_visible,404,2,development_readout,C,0.9592761026962304,1
review-bc1ad3d6715f9dab,msg-e19e83293fb47143aa18,normal,promotion_without_clear_scam_request,a_not_risky_request_visible,404,2,development_readout,C,0.1007848463569044,0
review-bc5e0069bbad7d67,msg-ccfb4bcf7b100e873356,normal,ordinary_notice_or_conversation_possible,a_not_risky_request_visible,404,0,development_readout,C,0.10251275240740271,0
review-bc694d6c09671509,msg-70dcd4b0f26f61bdf407,normal,ordinary_notice_or_conversation_possible,a_not_risky_request_visible,404,0,development_readout,C,0.1060466488336976,0
review-bc805b9a7fefb4c4,msg-b42fe9f654595657fa35,smishing,risky_request_visible,a_risky_request_visible,404,0,development_readout,C,0.4642588664717898,1
review-bc9e9750ed2f2246,msg-9807f366fd3a944bee02,normal,ordinary_notice_or_conversation_possible,a_not_risky_request_visible,404,1,development_readout,C,0.19826903040230234,0
review-bcc4f27e08342914,msg-8da1861e43112a887a4b,smishing,risky_request_visible,a_risky_request_visible,404,1,development_readout,C,0.8193998705703996,1
review-bcc86610acb0f9ff,msg-6c850b57daa695a2a5bf,smishing,insufficient_context,a_not_risky_request_visible,404,1,development_readout,C,0.15241593065149406,0
review-be8ac302beaaaa38,msg-504e4d980601e6913b67,normal,ordinary_notice_or_conversation_possible,a_not_risky_request_visible,404,1,development_readout,C,0.22314385279753143,0
review-bef01b9f140416fa,msg-538e9bd6dde7a1aba023,normal,promotion_without_clear_scam_request,a_not_risky_request_visible,404,1,development_readout,C,0.2621226253457725,0
review-bf5160f31d278f7b,msg-c051b9c58babed147478,normal,ordinary_notice_or_conversation_possible,a_not_risky_request_visible,404,1,development_readout,C,0.11393366532463475,0
review-bfec2c5d687b5e5a,msg-171c4288e43e466f5427,normal,ordinary_notice_or_conversation_possible,a_not_risky_request_visible,404,0,development_readout,C,0.33203093735814415,0
review-c20d5a744e2d1992,msg-08bbc870048b82597982,normal,ordinary_notice_or_conversation_possible,a_not_risky_request_visible,404,1,development_readout,C,0.10860156381697318,0
review-c2b11fa0a2c3336f,msg-18146f4aa7a10243efff,normal,ordinary_notice_or_conversation_possible,a_not_risky_request_visible,404,0,development_readout,C,0.13615328991605516,0
review-c58fb60504f6d9d8,msg-fb1d46a056dbeb985081,smishing,risky_request_visible,a_risky_request_visible,404,0,development_readout,C,0.44159028620592966,1
review-c68883cf7ada6886,msg-e8325082747f144e0b1f,smishing,risky_request_visible,a_risky_request_visible,404,1,development_readout,C,0.5780613126594508,0
review-c7968cd6c3d1f959,msg-13d13b63af525be88c8e,normal,ordinary_notice_or_conversation_possible,a_not_risky_request_visible,404,2,development_readout,C,0.07729605253232018,0
review-c7acc1ae1037b569,msg-9ae5d9f225d18d759f00,smishing,risky_request_visible,a_risky_request_visible,404,1,development_readout,C,0.8097216865186476,1
review-c882bcd351e72aee,msg-30a50896aabbd5f717a5,smishing,risky_request_visible,a_risky_request_visible,404,2,development_readout,C,0.9576869399684163,1
review-c964452f27eede18,msg-8cc13371612bd1cf432c,smishing,insufficient_context,a_not_risky_request_visible,404,1,development_readout,C,0.34558307066637023,0
review-c9bef77585bdd4e8,msg-2dbc56f9e20b89a67a13,smishing,risky_request_visible,a_risky_request_visible,404,0,development_readout,C,0.4438917283719175,1
review-c9eb20ef749cdb80,msg-96057ba4137a67242859,normal,promotion_without_clear_scam_request,a_not_risky_request_visible,404,2,development_readout,C,0.18790050408792472,0
review-ca722d1baa37caa6,msg-640a5ef11bb22eeb3dbc,smishing,risky_request_visible,a_risky_request_visible,404,0,development_readout,C,0.9628003503059436,1
review-cb32573abbb83f9f,msg-26e314f88d0d3eaafbd6,smishing,risky_request_visible,a_risky_request_visible,404,0,development_readout,C,0.9647902374695119,1
review-cd39c34a5496687f,msg-28b8f57d24c88ea1fd3b,normal,ordinary_notice_or_conversation_possible,a_not_risky_request_visible,404,1,development_readout,C,0.0691604270076064,0
review-cf827f0ca2b4b9a5,msg-4e0bd498f47b89599ea6,smishing,risky_request_visible,a_risky_request_visible,404,0,development_readout,C,0.3505718139697807,0
review-cfc80bc1541032df,msg-a1d665898cb5cf4eee06,smishing,risky_request_visible,a_risky_request_visible,404,2,development_readout,C,0.9574886635683962,1
review-d0b2291f671afb13,msg-69107f37830e441acc20,smishing,risky_request_visible,a_risky_request_visible,404,1,development_readout,C,0.5634246201069769,0
review-d1b2ce556231d1b9,msg-1a13d7e1a0a296d7e9ac,normal,promotion_without_clear_scam_request,a_not_risky_request_visible,404,2,development_readout,C,0.1464296216000558,0
review-d23755346e397e0d,msg-215f563424e984687bea,normal,ordinary_notice_or_conversation_possible,a_not_risky_request_visible,404,0,development_readout,C,0.08549252281625315,0
review-d299ebb8c45a2f94,msg-0b586f5fca364bbc8c8d,smishing,insufficient_context,a_not_risky_request_visible,404,0,development_readout,C,0.1333991306008885,0
review-d29c44ff7ec787ac,msg-18c2c8f93f103cd63104,normal,promotion_without_clear_scam_request,a_not_risky_request_visible,404,0,development_readout,C,0.23715585146202922,0
review-d4f84d432e0d6d48,msg-94e0ae16541345a3f768,normal,ordinary_notice_or_conversation_possible,a_not_risky_request_visible,404,0,development_readout,C,0.12791855740143912,0
review-d51050ea94555e33,msg-8dfc55b831e0422aaaf3,normal,ordinary_notice_or_conversation_possible,a_not_risky_request_visible,404,0,development_readout,C,0.09911216177508266,0
review-d7a5aa91a1e9ef4b,msg-963560a696c2068b11aa,normal,promotion_without_clear_scam_request,a_not_risky_request_visible,404,0,development_readout,C,0.18543188775228409,0
review-d86e9dceafb57f52,msg-b1cc1dadab2abab75849,smishing,risky_request_visible,a_risky_request_visible,404,2,development_readout,C,0.8254137094369455,1
review-d885dde988ff81fc,msg-e9f133abd48046d0b082,smishing,risky_request_visible,a_risky_request_visible,404,0,development_readout,C,0.7172634767965511,1
review-dc7c7acfd6e2db79,msg-b183e7136605118fd86a,normal,promotion_without_clear_scam_request,a_not_risky_request_visible,404,0,development_readout,C,0.4925417920017336,1
review-dcfd0dc2773c1fc2,msg-efd9fc3fa5aed3568aff,smishing,risky_request_visible,a_risky_request_visible,404,1,development_readout,C,0.8796716570932654,1
review-dd797ac5b4317bd3,msg-be92dc94342f95bbcf5d,smishing,risky_request_visible,a_risky_request_visible,404,0,development_readout,C,0.888980173640058,1
review-dd9532439f290332,msg-d03214baadc38bd1336c,normal,ordinary_notice_or_conversation_possible,a_not_risky_request_visible,404,2,development_readout,C,0.15306830078763137,0
review-de8af5907865c3e9,msg-8d5b64a36fbb3eb71e78,smishing,risky_request_visible,a_risky_request_visible,404,2,development_readout,C,0.46823013371059274,0
review-e058b93119484125,msg-64eeb1b2fa95ac8fb479,smishing,risky_request_visible,a_risky_request_visible,404,0,development_readout,C,0.9176421596358715,1
review-e0a264aecc7ee1b0,msg-b08b74714736c2364217,normal,ordinary_notice_or_conversation_possible,a_not_risky_request_visible,404,0,development_readout,C,0.37341397441193636,0
review-e0ac9753946feca9,msg-1cbe6cc1748e7262b5ab,smishing,risky_request_visible,a_risky_request_visible,404,1,development_readout,C,0.5209839105080821,0
review-e2fd25cde06b2e07,msg-871f6b0c52c58905dd41,normal,promotion_without_clear_scam_request,a_not_risky_request_visible,404,1,development_readout,C,0.24861879442019091,0
review-e3520951883c1b51,msg-80d20dbfca1307061530,normal,promotion_without_clear_scam_request,a_not_risky_request_visible,404,1,development_readout,C,0.13794293775743505,0
review-e384094846a41b50,msg-705817f4922c88c5ecc5,smishing,risky_request_visible,a_risky_request_visible,404,1,development_readout,C,0.7526708658447743,1
review-e432c718725ac7ae,msg-b372318bcb95d9f5bf57,normal,ordinary_notice_or_conversation_possible,a_not_risky_request_visible,404,0,development_readout,C,0.21049341620507075,0
review-e511d7b76f480bc7,msg-c12f37d2560f5acf8fc5,smishing,risky_request_visible,a_risky_request_visible,404,0,development_readout,C,0.9631492550867892,1
review-e597199623b7b146,msg-35ad6d03750726a74248,normal,ordinary_notice_or_conversation_possible,a_not_risky_request_visible,404,2,development_readout,C,0.20534248586249254,0
review-e5c8c789729e554c,msg-d028b9185e67164eda89,normal,ordinary_notice_or_conversation_possible,a_not_risky_request_visible,404,2,development_readout,C,0.1366155920504359,0
review-e736bb0c132d2dc8,msg-bf0dfb1e1aef571e6dfa,smishing,promotion_without_clear_scam_request,a_not_risky_request_visible,404,0,development_readout,C,0.6046883381817175,1
review-e9f675e3299ddb73,msg-74894396e30aa7e375f2,normal,ordinary_notice_or_conversation_possible,a_not_risky_request_visible,404,2,development_readout,C,0.31580426943742157,0
review-eb5bbbe4e99a6f72,msg-aae535e14decd836abac,normal,ordinary_notice_or_conversation_possible,a_not_risky_request_visible,404,1,development_readout,C,0.1928094114650063,0
review-ec018bdef14b4dce,msg-ef69592a53abe3a01b4d,smishing,risky_request_visible,a_risky_request_visible,404,2,development_readout,C,0.9261603866502437,1
review-ed79a40573a23e85,msg-6f4d5cc6a56a922f2113,normal,promotion_without_clear_scam_request,a_not_risky_request_visible,404,0,development_readout,C,0.2376837502293107,0
review-ed8aaee3f91ea267,msg-a319a3ad3f700d7f3e15,normal,promotion_without_clear_scam_request,a_not_risky_request_visible,404,2,development_readout,C,0.09446016706809,0
review-ed9460d363c32a66,msg-33b4946b6aa1c5826e5b,normal,ordinary_notice_or_conversation_possible,a_not_risky_request_visible,404,0,development_readout,C,0.1267112780914131,0
review-edccbb4371a90711,msg-bb52082aaa2a867204a8,smishing,risky_request_visible,a_risky_request_visible,404,0,development_readout,C,0.8918923679875039,1
review-ee314103593cc397,msg-3382d5781a64d5167a9f,smishing,risky_request_visible,a_risky_request_visible,404,1,development_readout,C,0.30093867802815966,0
review-ee537a73bef42552,msg-a50c3f07d1c4116a5aae,normal,ordinary_notice_or_conversation_possible,a_not_risky_request_visible,404,2,development_readout,C,0.23799115962584125,0
review-f02182e8f70df196,msg-b789ac48b433840d97a1,smishing,risky_request_visible,a_risky_request_visible,404,2,development_readout,C,0.48689274149820644,1
review-f160feeb48ff21ee,msg-441e65241cda094c5e2a,smishing,risky_request_visible,a_risky_request_visible,404,2,development_readout,C,0.5424845039438916,1
review-f296f965b5850c48,msg-fbcc5b098e1b1d189d50,normal,promotion_without_clear_scam_request,a_not_risky_request_visible,404,1,development_readout,C,0.12648053886977126,0
review-f50f53a543208b94,msg-8c649a088b7f6eb07a65,smishing,risky_request_visible,a_risky_request_visible,404,1,development_readout,C,0.2928038218085609,0
review-f68968ff35ec4bea,msg-3f37d9bd39aa22dc8368,normal,ordinary_notice_or_conversation_possible,a_not_risky_request_visible,404,1,development_readout,C,0.12058721236593027,0
review-f69dbdcfebf56998,msg-6dd3cea31f51bc6f063d,smishing,risky_request_visible,a_risky_request_visible,404,2,development_readout,C,0.7690534032174327,1
review-f9b9a4279458f732,msg-5bf22a260fc90f900243,smishing,risky_request_visible,a_risky_request_visible,404,0,development_readout,C,0.8098284478428066,1
review-f9bfaa738fc7db78,msg-22666adef1260ae5f9a4,normal,ordinary_notice_or_conversation_possible,a_not_risky_request_visible,404,1,development_readout,C,0.2028167986962473,0
review-f9d950de655d05cd,msg-5ef02907cd1045cb54a8,smishing,risky_request_visible,a_risky_request_visible,404,2,development_readout,C,0.3943990815340506,0
review-fb2667a6a62b9c38,msg-c2539bcbb168ad9fac37,normal,ordinary_notice_or_conversation_possible,a_not_risky_request_visible,404,2,development_readout,C,0.1215213918924377,0
review-fd0999fd546bfed8,msg-fe1928a9a24b4573d509,smishing,risky_request_visible,a_risky_request_visible,404,2,development_readout,C,0.926161420983253,1
review-fd4a4694d748b8f1,msg-8292e9166caa8ab05265,smishing,risky_request_visible,a_risky_request_visible,404,0,development_readout,C,0.4598146968868853,1
review-fd55ea1d04c7fc3b,msg-44deb8ec94adc01da101,normal,promotion_without_clear_scam_request,a_not_risky_request_visible,404,2,development_readout,C,0.04535861392690179,0
review-fe1822167edb9625,msg-bee493f64946ad6b35a4,normal,promotion_without_clear_scam_request,a_not_risky_request_visible,404,1,development_readout,C,0.11376429268317934,0
review-ff1ff6c1bdbeaee2,msg-35a30cfabb7c40cc1912,normal,ordinary_notice_or_conversation_possible,a_not_risky_request_visible,404,0,development_readout,C,0.11218148049262112,0
review-ff57873bcca80e84,msg-0d5b420dd958137f34fc,smishing,insufficient_context,a_not_risky_request_visible,404,0,development_readout,C,0.7974684196448159,1
review-ff61b33b22cf09db,msg-f83fe7e80b1199988bc6,smishing,insufficient_context,a_not_risky_request_visible,404,0,development_readout,C,0.4861982624661657,1
review-01692c85b4c6e394,msg-86b2b582f59b8ef3cb9d,normal,ordinary_notice_or_conversation_possible,a_not_risky_request_visible,404,2,threshold_calibration,C,0.20949262918536518,0
review-0191505287bc42c3,msg-125422950bbf2894b298,normal,ordinary_notice_or_conversation_possible,a_not_risky_request_visible,404,0,threshold_calibration,C,0.1056199763436978,0
review-019e598ca75a2604,msg-51d91745aaf7c70cfe66,normal,ordinary_notice_or_conversation_possible,a_not_risky_request_visible,404,0,threshold_calibration,C,0.07333639875574204,0
review-01daae558c8120c5,msg-a5fe2c7068a39a897fd5,normal,ordinary_notice_or_conversation_possible,a_not_risky_request_visible,404,2,threshold_calibration,C,0.10242593940274712,0
review-022dede98715a30c,msg-873db1de4a30a9f5c623,normal,ordinary_notice_or_conversation_possible,a_not_risky_request_visible,404,0,threshold_calibration,C,0.12087840602380132,0
review-0238870c30ef790e,msg-d2b85b2279d55f17aa61,smishing,risky_request_visible,a_risky_request_visible,404,2,threshold_calibration,C,0.19997042682751878,0
review-0364c25d14e8bb7d,msg-ba7ace3a75e45b91726c,smishing,risky_request_visible,a_risky_request_visible,404,1,threshold_calibration,C,0.9402427095581264,1
review-05ba384c6ab030f1,msg-0cf1f701a15c54d26789,normal,ordinary_notice_or_conversation_possible,a_not_risky_request_visible,404,2,threshold_calibration,C,0.18585218081773855,0
review-062650e5c03db7b3,msg-736f82ab7ef68bca67fc,smishing,risky_request_visible,a_risky_request_visible,404,0,threshold_calibration,C,0.40637765481782584,1
review-0651a6827875d503,msg-6dcdcd189e5593455a49,smishing,risky_request_visible,a_risky_request_visible,404,1,threshold_calibration,C,0.9465323513185062,1
review-06613e1d63363778,msg-bd04b75032f0dfc2ee62,normal,promotion_without_clear_scam_request,a_not_risky_request_visible,404,2,threshold_calibration,C,0.12938901559248447,0
review-075ea585da5cae15,msg-7013d5e6af2e769f406d,smishing,risky_request_visible,a_risky_request_visible,404,1,threshold_calibration,C,0.9430934267999753,1
review-0822c98e66707747,msg-29c545e52c9813e635fa,normal,promotion_without_clear_scam_request,a_not_risky_request_visible,404,0,threshold_calibration,C,0.13629150561553718,0
review-09f8a52a643bde75,msg-a190594f2bffb92ea5e6,normal,ordinary_notice_or_conversation_possible,a_not_risky_request_visible,404,1,threshold_calibration,C,0.25430253752940774,0
review-09f9fd98d92b31c5,msg-cbb14d3ea8b4c356543b,smishing,risky_request_visible,a_risky_request_visible,404,0,threshold_calibration,C,0.34067713840195757,0
review-0ba297695cc9a600,msg-593cd80d2ef7e33546ac,normal,ordinary_notice_or_conversation_possible,a_not_risky_request_visible,404,1,threshold_calibration,C,0.2737083918802969,0
review-0bf0da403c12d587,msg-b7800f4db5faf73f5f6d,smishing,risky_request_visible,a_risky_request_visible,404,2,threshold_calibration,C,0.8919568483835704,1
review-0bfbacbb2760394c,msg-ccf0e6a8ef2af65aced4,smishing,risky_request_visible,a_risky_request_visible,404,0,threshold_calibration,C,0.6910869099823832,1
review-0c756099e821ef26,msg-3de91ab063f18e6782bf,smishing,risky_request_visible,a_risky_request_visible,404,1,threshold_calibration,C,0.3579707505082868,0
review-0ce89002b27ae13e,msg-b3850b9d024fcf99c238,normal,ordinary_notice_or_conversation_possible,a_not_risky_request_visible,404,2,threshold_calibration,C,0.12904907055517156,0
review-0d9dd805ae2674a4,msg-f65015ec6d6ca9ef912c,smishing,risky_request_visible,a_risky_request_visible,404,0,threshold_calibration,C,0.646565594512997,1
review-0e3787ec2948234d,msg-f90fed3e0ba73a7afd40,smishing,risky_request_visible,a_risky_request_visible,404,1,threshold_calibration,C,0.9343987166229708,1
review-0e9363ce9bcb57c2,msg-a6db8f1ba339b796c36c,smishing,risky_request_visible,a_risky_request_visible,404,0,threshold_calibration,C,0.3607083637137316,0
review-0f5e5787e2464fe3,msg-31a602d9c77f86749c5b,smishing,risky_request_visible,a_risky_request_visible,404,1,threshold_calibration,C,0.9154531523962215,1
review-10dcb33dda6d5472,msg-1de8402778c0caa023de,smishing,risky_request_visible,a_risky_request_visible,404,1,threshold_calibration,C,0.9463674334412028,1
review-10f0da95f3fdd21e,msg-58b952e19b37c0bc3c3c,normal,ordinary_notice_or_conversation_possible,a_not_risky_request_visible,404,2,threshold_calibration,C,0.12869040191887038,0
review-127bc1671c3021e3,msg-b3d3b6b29fae9b4cd139,smishing,risky_request_visible,a_risky_request_visible,404,0,threshold_calibration,C,0.2992248647574427,0
review-131ed5d9023fe8e1,msg-879b8233c4a44252fb2e,normal,promotion_without_clear_scam_request,a_not_risky_request_visible,404,0,threshold_calibration,C,0.18715809402967676,0
review-13ce66de75a8d3fc,msg-8827961dbffea331a040,smishing,risky_request_visible,a_risky_request_visible,404,0,threshold_calibration,C,0.9378902280901059,1
review-13e7350b6f9c843d,msg-6ef4e4d3849c3f2458f9,smishing,risky_request_visible,a_risky_request_visible,404,0,threshold_calibration,C,0.14414863956612192,0
review-1502532d7fb02e2b,msg-51961afc9b6d2bb950c4,smishing,risky_request_visible,a_risky_request_visible,404,0,threshold_calibration,C,0.36748794995145934,0
review-170c904128c3b75d,msg-44ffbd69abef95d6b971,smishing,risky_request_visible,a_risky_request_visible,404,2,threshold_calibration,C,0.7500470050292299,1
review-19d11b9f743aa049,msg-58f85354ff60f8afada7,smishing,risky_request_visible,a_risky_request_visible,404,0,threshold_calibration,C,0.6820875034324676,1
review-1a60e1bd37131802,msg-7347b19b9989a8b7563c,normal,ordinary_notice_or_conversation_possible,a_not_risky_request_visible,404,1,threshold_calibration,C,0.12008680969469465,0
review-1b29308cb4906d02,msg-7894af8fe183ef59232f,smishing,risky_request_visible,a_risky_request_visible,404,2,threshold_calibration,C,0.908836318257922,1
review-1bcdb8b5e4902f77,msg-6b0f921297bf6036cdd4,normal,ordinary_notice_or_conversation_possible,a_not_risky_request_visible,404,2,threshold_calibration,C,0.09676925347793654,0
review-1cb842404c1056c4,msg-69af923a1b627636ba88,normal,ordinary_notice_or_conversation_possible,a_not_risky_request_visible,404,0,threshold_calibration,C,0.223215049359142,0
review-1e68018ab3a2b26e,msg-c93b3c338ad73e40adfd,normal,ordinary_notice_or_conversation_possible,a_not_risky_request_visible,404,2,threshold_calibration,C,0.21115906857220246,0
review-1ea0789836e39e65,msg-50ce9ce367d7506d1b34,smishing,risky_request_visible,a_risky_request_visible,404,0,threshold_calibration,C,0.7563158001109528,1
review-1f07a8c7cd26df2c,msg-cada766d88b515618679,normal,insufficient_context,a_not_risky_request_visible,404,0,threshold_calibration,C,0.12823451042108758,0
review-21e2a2729d0906e0,msg-2f204be55b7d47704b0f,normal,ordinary_notice_or_conversation_possible,a_not_risky_request_visible,404,1,threshold_calibration,C,0.17765004805655904,0
review-223ad249b0ed1b08,msg-dbf89313b9ea1ac5b6d3,normal,ordinary_notice_or_conversation_possible,a_not_risky_request_visible,404,0,threshold_calibration,C,0.11327374935063754,0
review-22f7bb9e3da427de,msg-6f925e06a88f8d1cfd58,smishing,risky_request_visible,a_risky_request_visible,404,0,threshold_calibration,C,0.3816656590293225,0
review-2324027bc353cb29,msg-69cdd029e53ee97a620b,smishing,risky_request_visible,a_risky_request_visible,404,1,threshold_calibration,C,0.7859779800689494,1
review-23e4e9eb29dd8f93,msg-22e08f4c05ba067b383e,normal,ordinary_notice_or_conversation_possible,a_not_risky_request_visible,404,0,threshold_calibration,C,0.17463924631492805,0
review-256d1c0f349382b5,msg-b0438b6ad1731edd6ad6,normal,ordinary_notice_or_conversation_possible,a_not_risky_request_visible,404,1,threshold_calibration,C,0.12072977488110317,0
review-2579df062aafc741,msg-fa2ff4bb2e3dd2a0cead,smishing,risky_request_visible,a_risky_request_visible,404,1,threshold_calibration,C,0.5963155160089331,0
review-260a39866b3feb51,msg-81198fc0b9b05d10f4d1,normal,ordinary_notice_or_conversation_possible,a_not_risky_request_visible,404,1,threshold_calibration,C,0.10014091449317045,0
review-270f57eba07d36f4,msg-aa1ffdd49e000415678a,smishing,risky_request_visible,a_risky_request_visible,404,0,threshold_calibration,C,0.6975799667470642,1
review-27c93b924b9803a0,msg-18949d0a510e2e71cd5c,smishing,risky_request_visible,a_risky_request_visible,404,1,threshold_calibration,C,0.8492088424681149,1
review-27fee91252ef3d87,msg-0d7a1d02c979a5575363,normal,ordinary_notice_or_conversation_possible,a_not_risky_request_visible,404,2,threshold_calibration,C,0.17276859071365647,0
review-2953de0d9a6a0ef3,msg-b3fe8c24cdcc85dd4f28,normal,ordinary_notice_or_conversation_possible,a_not_risky_request_visible,404,1,threshold_calibration,C,0.09672397440240732,0
review-2b3f3a2d3b9504b2,msg-a9571e0d77539178ffc3,normal,ordinary_notice_or_conversation_possible,a_not_risky_request_visible,404,0,threshold_calibration,C,0.30691454327044715,0
review-2b5a69423072c0ba,msg-258cc86a999cd351f9ca,normal,insufficient_context,a_not_risky_request_visible,404,0,threshold_calibration,C,0.07967062012164056,0
review-2ba16080ec46773d,msg-24c361e6f72073321220,normal,ordinary_notice_or_conversation_possible,a_not_risky_request_visible,404,2,threshold_calibration,C,0.08717168802599642,0
review-2f31bd2c29ca07dd,msg-4301d7c49f5367242765,normal,ordinary_notice_or_conversation_possible,a_not_risky_request_visible,404,1,threshold_calibration,C,0.10115384106532939,0
review-30c664d1fb0416d2,msg-4facddef64d2b1d3b592,normal,promotion_without_clear_scam_request,a_not_risky_request_visible,404,1,threshold_calibration,C,0.11760479912242827,0
review-30e3bf5a7666c842,msg-2691ca74050fbbc9ed37,smishing,risky_request_visible,a_risky_request_visible,404,0,threshold_calibration,C,0.6879281959177845,1
review-326317e54a445bed,msg-df3f29c9891147e7f846,smishing,risky_request_visible,a_risky_request_visible,404,2,threshold_calibration,C,0.966831883729868,1
review-3398cc98a1b87648,msg-e33a5ed03522052013db,smishing,risky_request_visible,a_risky_request_visible,404,2,threshold_calibration,C,0.8033799722930712,1
review-34c4c16cb5ea9aaf,msg-62610653bf85e35feeff,smishing,risky_request_visible,a_risky_request_visible,404,1,threshold_calibration,C,0.9369674235254662,1
review-377101d740e3c93a,msg-f91f88e17b85bd740a41,smishing,risky_request_visible,a_risky_request_visible,404,2,threshold_calibration,C,0.7516481656621117,1
review-37962ff6cab628b9,msg-f745187c052997452a1e,smishing,risky_request_visible,a_risky_request_visible,404,2,threshold_calibration,C,0.795757042387072,1
review-37a24da8c91a2014,msg-814c1d043296b3a3b379,smishing,risky_request_visible,a_risky_request_visible,404,2,threshold_calibration,C,0.7475086764302767,1
review-37bb8af10a6775e3,msg-c1aa2ee82e014406c58e,smishing,insufficient_context,a_not_risky_request_visible,404,2,threshold_calibration,C,0.6137044844483875,1
review-37c64855b20334c3,msg-000be99f5f9d9c3967c4,normal,insufficient_context,a_not_risky_request_visible,404,2,threshold_calibration,C,0.10205119365778836,0
review-383246308e1d9552,msg-2536b5c581cb3fe10fe2,normal,risky_request_visible,a_risky_request_visible,404,2,threshold_calibration,C,0.12577020948322476,0
review-3a3a0c9003eb78d2,msg-9b70e92fb8b03ad7c610,normal,ordinary_notice_or_conversation_possible,a_not_risky_request_visible,404,0,threshold_calibration,C,0.27351224848729605,0
review-3b5a82f01656ae5e,msg-4c9bb8aab19cd59ba6b7,normal,promotion_without_clear_scam_request,a_not_risky_request_visible,404,0,threshold_calibration,C,0.06895629070005685,0
review-3f1aad6856711dea,msg-d3a618b40117b1875806,normal,ordinary_notice_or_conversation_possible,a_not_risky_request_visible,404,1,threshold_calibration,C,0.09334827017943421,0
review-4034e1976e7caf3d,msg-a8f8f501a69d1d5855ba,normal,ordinary_notice_or_conversation_possible,a_not_risky_request_visible,404,1,threshold_calibration,C,0.08362949201583839,0
review-419f917f2243e05b,msg-f80f31e80e69da69dd6c,normal,promotion_without_clear_scam_request,a_not_risky_request_visible,404,1,threshold_calibration,C,0.1153889468811607,0
review-41ec06c9fc578cef,msg-631fc966e6d1a8ec4785,smishing,risky_request_visible,a_risky_request_visible,404,1,threshold_calibration,C,0.943333279642417,1
review-44d5803b821bc077,msg-382f83f816817c259074,smishing,risky_request_visible,a_risky_request_visible,404,2,threshold_calibration,C,0.7711256484375644,1
review-4532712bae1263a4,msg-f2d213d6e51419f0c0c3,smishing,risky_request_visible,a_risky_request_visible,404,1,threshold_calibration,C,0.945147862454875,1
review-47389333283368dc,msg-32e17f91821e085e067c,smishing,risky_request_visible,a_risky_request_visible,404,1,threshold_calibration,C,0.8669778567863841,1
review-48f7182245c9e551,msg-a52c445339e75c5638c4,smishing,ordinary_notice_or_conversation_possible,a_not_risky_request_visible,404,1,threshold_calibration,C,0.4404943388114452,0
review-49a272d982158787,msg-15e2ac02e0ac09e5383b,smishing,risky_request_visible,a_risky_request_visible,404,2,threshold_calibration,C,0.591908343905344,1
review-4a4a9ac934622b9e,msg-77e7ed6fee4ff6e6b3c0,normal,ordinary_notice_or_conversation_possible,a_not_risky_request_visible,404,1,threshold_calibration,C,0.5788555425018068,0
review-4aad735ff43af908,msg-d1f2ce6a48cfd3ddc352,smishing,ordinary_notice_or_conversation_possible,a_not_risky_request_visible,404,0,threshold_calibration,C,0.10527470555404514,0
review-4aafcfede478ed2e,msg-42b716ae90c55a680465,smishing,risky_request_visible,a_risky_request_visible,404,2,threshold_calibration,C,0.8363590772584962,1
review-4bb32c9d9587eb5b,msg-32a5ea1e4acbac97b230,smishing,risky_request_visible,a_risky_request_visible,404,1,threshold_calibration,C,0.48064773973389385,0
review-4bc7fe6f6685e5b0,msg-6a306e2d77b134423cff,smishing,risky_request_visible,a_risky_request_visible,404,1,threshold_calibration,C,0.3307994659258185,0
review-4be490099efed608,msg-1ba73bfe47e950778408,smishing,risky_request_visible,a_risky_request_visible,404,2,threshold_calibration,C,0.8449584012435036,1
review-4c45e2acc43cd09c,msg-240d23c05338edc37d89,smishing,risky_request_visible,a_risky_request_visible,404,1,threshold_calibration,C,0.9449257539238171,1
review-4c7db89388133c66,msg-b366110e17c486b16b15,normal,ordinary_notice_or_conversation_possible,a_not_risky_request_visible,404,0,threshold_calibration,C,0.16281656062949484,0
review-4c7f2895cbdfff17,msg-b6d879d72eac72ef59ac,smishing,risky_request_visible,a_risky_request_visible,404,1,threshold_calibration,C,0.6918282398686275,1
review-4db7bde369258db0,msg-6dd03ec5f1c618ada2c5,smishing,risky_request_visible,a_risky_request_visible,404,0,threshold_calibration,C,0.6834399452371578,1
review-4dee15ae26647c57,msg-12bf543cc6f8c5b10b0a,normal,ordinary_notice_or_conversation_possible,a_not_risky_request_visible,404,0,threshold_calibration,C,0.0896219113887276,0
review-50eaadd4d0f17b7f,msg-7ebb94a273063e6a25f7,normal,ordinary_notice_or_conversation_possible,a_not_risky_request_visible,404,2,threshold_calibration,C,0.12144649770282934,0
review-53c35a92e8d9dc2a,msg-d521b3868f2aa0b03976,normal,ordinary_notice_or_conversation_possible,a_not_risky_request_visible,404,0,threshold_calibration,C,0.3754967289932548,0
review-543aeb75302230e1,msg-7e2ff44dc281462ddd2c,normal,ordinary_notice_or_conversation_possible,a_not_risky_request_visible,404,1,threshold_calibration,C,0.108846068883725,0
review-545d35ba143011e5,msg-fe80fc54d234587af050,normal,ordinary_notice_or_conversation_possible,a_not_risky_request_visible,404,1,threshold_calibration,C,0.09506065526523202,0
review-55155ad766375eb6,msg-2512e3e666de174caf80,normal,promotion_without_clear_scam_request,a_not_risky_request_visible,404,0,threshold_calibration,C,0.21982555918168262,0
review-56f61182338ec612,msg-791874081029523d4d1d,smishing,risky_request_visible,a_risky_request_visible,404,0,threshold_calibration,C,0.6065286097373015,1
review-572c07846f21e2ba,msg-5c8a3583b29803350025,normal,ordinary_notice_or_conversation_possible,a_not_risky_request_visible,404,0,threshold_calibration,C,0.06379620212051448,0
review-573127865357f88a,msg-6f84d9cc313db045b133,normal,ordinary_notice_or_conversation_possible,a_not_risky_request_visible,404,1,threshold_calibration,C,0.10977737989894139,0
review-588539dd497a5994,msg-eb5f2cc2527297a7b5a3,smishing,risky_request_visible,a_risky_request_visible,404,0,threshold_calibration,C,0.596507141122067,1
review-591262c8bdf0034a,msg-1cfca21a07370919433a,smishing,ordinary_notice_or_conversation_possible,a_not_risky_request_visible,404,1,threshold_calibration,C,0.40285315210394684,0
review-5a9261ed8c81a5c6,msg-dda62389e8fe6499fde9,normal,ordinary_notice_or_conversation_possible,a_not_risky_request_visible,404,2,threshold_calibration,C,0.09736960023154524,0
review-5b0c0204dc451747,msg-31f308081fb21c6e8f09,smishing,risky_request_visible,a_risky_request_visible,404,2,threshold_calibration,C,0.9029205823432459,1
review-5b8a47398769e7ef,msg-380c22214f611250512c,normal,ordinary_notice_or_conversation_possible,a_not_risky_request_visible,404,0,threshold_calibration,C,0.16245220887226713,0
review-5c5069cca8a5add0,msg-0efb0ebfb655d5c5c6d3,normal,promotion_without_clear_scam_request,a_not_risky_request_visible,404,2,threshold_calibration,C,0.13158478361069845,0
review-5d4e3193863f1946,msg-02ba53db573bb7d15551,smishing,risky_request_visible,a_risky_request_visible,404,0,threshold_calibration,C,0.7655538235815081,1
review-5f5dd240c73902fa,msg-702b7967e690569fc457,normal,promotion_without_clear_scam_request,a_not_risky_request_visible,404,1,threshold_calibration,C,0.1256032093336526,0
review-5fad6c92922b1924,msg-d7ae6177f242cd43abef,normal,insufficient_context,a_not_risky_request_visible,404,0,threshold_calibration,C,0.16485629131039334,0
review-61fef2c9ced4f942,msg-660c2fd797c40f8e55ca,normal,ordinary_notice_or_conversation_possible,a_not_risky_request_visible,404,1,threshold_calibration,C,0.40820043263147326,0
review-6236e7e3fd2a54c8,msg-03b2efa63efb18f3f74e,normal,ordinary_notice_or_conversation_possible,a_not_risky_request_visible,404,2,threshold_calibration,C,0.32308003588804507,0
review-6260263e3bc9f334,msg-549f98d3604f2acece98,smishing,risky_request_visible,a_risky_request_visible,404,1,threshold_calibration,C,0.9441318639295083,1
review-63bef8982e454a02,msg-c75749a34e08d00a62cd,smishing,risky_request_visible,a_risky_request_visible,404,0,threshold_calibration,C,0.23109621385920648,0
review-63ea5eac0fdbfe2f,msg-f9613a09341e642b64ae,smishing,risky_request_visible,a_risky_request_visible,404,1,threshold_calibration,C,0.9447133346186646,1
review-65037cf8dfccb4af,msg-4a1016a531744e654831,normal,promotion_without_clear_scam_request,a_not_risky_request_visible,404,0,threshold_calibration,C,0.11125304968950943,0
review-65c507e4203143d6,msg-fa95489fe7c0dfeb2251,smishing,risky_request_visible,a_risky_request_visible,404,1,threshold_calibration,C,0.8301813589094881,1
review-65fde99e6e05f377,msg-4cb8c149ce6f9aed0469,smishing,risky_request_visible,a_risky_request_visible,404,2,threshold_calibration,C,0.8636392655348186,1
review-6742e699b2c19637,msg-5e8796780c062e86063b,smishing,promotion_without_clear_scam_request,a_not_risky_request_visible,404,0,threshold_calibration,C,0.16253728063767883,0
review-6b90760350513e04,msg-f20701505d9754bbd32d,normal,ordinary_notice_or_conversation_possible,a_not_risky_request_visible,404,2,threshold_calibration,C,0.4030254391557066,0
review-6c345dd95982d152,msg-6abd20ac3d54a1acb08f,smishing,risky_request_visible,a_risky_request_visible,404,0,threshold_calibration,C,0.6796962295252291,1
review-6c7372dc6724ef49,msg-fd7adb6f5bdba22704bd,normal,ordinary_notice_or_conversation_possible,a_not_risky_request_visible,404,2,threshold_calibration,C,0.12226682654506377,0
review-6d70e00c3a0eb212,msg-78ebe7ba8de3e6f59138,normal,risky_request_visible,a_risky_request_visible,404,0,threshold_calibration,C,0.1273813911003608,0
review-71bc6120e1507254,msg-b460f3c8ac1fe936b354,smishing,risky_request_visible,a_risky_request_visible,404,2,threshold_calibration,C,0.7172018571015814,1
review-722fa17d1953465a,msg-b3fb5a0a6aea14d37b31,smishing,risky_request_visible,a_risky_request_visible,404,1,threshold_calibration,C,0.9397148120622102,1
review-747ccc19ddd0a65f,msg-2b77caba18e48a22b597,normal,ordinary_notice_or_conversation_possible,a_not_risky_request_visible,404,1,threshold_calibration,C,0.16523601640436797,0
review-7493575c90062c41,msg-e84d76b6ef43a1d586a7,normal,promotion_without_clear_scam_request,a_not_risky_request_visible,404,0,threshold_calibration,C,0.20249871233649155,0
review-7494a9906bb71039,msg-6f6bbab188df73ce6c08,normal,promotion_without_clear_scam_request,a_not_risky_request_visible,404,2,threshold_calibration,C,0.2585364220060049,0
review-755768c5838e2f29,msg-e2997981817c30d525be,smishing,risky_request_visible,a_risky_request_visible,404,0,threshold_calibration,C,0.8274997555808544,1
review-75ab06f0d698d679,msg-f273e56e9277fab3062d,smishing,risky_request_visible,a_risky_request_visible,404,1,threshold_calibration,C,0.4776203132015819,0
review-75f8aea8c65c0cb2,msg-944b6913babee30e1aa4,smishing,risky_request_visible,a_risky_request_visible,404,1,threshold_calibration,C,0.9027461488653832,1
review-76f98d8733690feb,msg-34b43fdf59308e46e47d,normal,risky_request_visible,a_risky_request_visible,404,0,threshold_calibration,C,0.1499176058722872,0
review-77b394cbe6e1dc4b,msg-168706cc9aaa2ee44f65,normal,ordinary_notice_or_conversation_possible,a_not_risky_request_visible,404,0,threshold_calibration,C,0.38422262009050595,0
review-790151d3979b5cf2,msg-05a81159578289c50343,normal,ordinary_notice_or_conversation_possible,a_not_risky_request_visible,404,2,threshold_calibration,C,0.07647051821712607,0
review-7977c3d1276873c7,msg-68e127127a540d65f679,normal,ordinary_notice_or_conversation_possible,a_not_risky_request_visible,404,1,threshold_calibration,C,0.1551250413932712,0
review-7a761126add20b55,msg-14afe15514eab65aba06,smishing,risky_request_visible,a_risky_request_visible,404,0,threshold_calibration,C,0.8899186195388147,1
review-7aed3e349c71aa1c,msg-93087cebe3aa7340ffc8,smishing,risky_request_visible,a_risky_request_visible,404,1,threshold_calibration,C,0.8114507392825103,1
review-7b9d338bf5cd4bdc,msg-733b60f36694b02ec836,normal,ordinary_notice_or_conversation_possible,a_not_risky_request_visible,404,0,threshold_calibration,C,0.1171113495987844,0
review-7c0605262829dbc3,msg-c35aa37c11bf43b745cb,smishing,risky_request_visible,a_risky_request_visible,404,1,threshold_calibration,C,0.9483961712820078,1
review-7d4271562f20ae7d,msg-0f3c1de813a299c535f9,normal,promotion_without_clear_scam_request,a_not_risky_request_visible,404,0,threshold_calibration,C,0.1754029381559904,0
review-7e4208c3a8d81d5e,msg-51e93ba561b9d389f5a6,normal,ordinary_notice_or_conversation_possible,a_not_risky_request_visible,404,1,threshold_calibration,C,0.24948795180966074,0
review-80aaf5285dff5d52,msg-f5342ad5453afafa654a,normal,promotion_without_clear_scam_request,a_not_risky_request_visible,404,0,threshold_calibration,C,0.08084156972545765,0
review-80c5a8d505a86e25,msg-0d11f1b2d5dd7fb1934a,normal,ordinary_notice_or_conversation_possible,a_not_risky_request_visible,404,2,threshold_calibration,C,0.11182529846974908,0
review-81b1a3bc8dfb1982,msg-4ab82cc3b14da8846e8f,normal,ordinary_notice_or_conversation_possible,a_not_risky_request_visible,404,2,threshold_calibration,C,0.11969190955228888,0
review-81db582ab9c83a7d,msg-2a0582fa3234a2d63356,normal,risky_request_visible,a_risky_request_visible,404,2,threshold_calibration,C,0.7818385621380076,1
review-83bf04c6b634cf0b,msg-b677ced3e884ac5d5c3c,normal,promotion_without_clear_scam_request,a_not_risky_request_visible,404,1,threshold_calibration,C,0.35652252805256224,0
review-83fb52312abeb4ec,msg-57b110c902b64420f7db,smishing,risky_request_visible,a_risky_request_visible,404,2,threshold_calibration,C,0.7566542735648542,1
review-8408e233d5c05195,msg-61e1958480c0e2e496e5,normal,ordinary_notice_or_conversation_possible,a_not_risky_request_visible,404,0,threshold_calibration,C,0.10228366549695339,0
review-85ef908a3e61f2a2,msg-30572cea27e54ac2130b,normal,ordinary_notice_or_conversation_possible,a_not_risky_request_visible,404,2,threshold_calibration,C,0.09008399511138558,0
review-869ed6a92825209e,msg-ebf36f8049d0506e786b,smishing,risky_request_visible,a_risky_request_visible,404,1,threshold_calibration,C,0.4809960649695021,0
review-87fb862754461a9e,msg-0d54c7b740e366837504,normal,promotion_without_clear_scam_request,a_not_risky_request_visible,404,1,threshold_calibration,C,0.0614235181613486,0
review-8815f8f3d2cf8ddd,msg-c411a659d87891c23018,normal,ordinary_notice_or_conversation_possible,a_not_risky_request_visible,404,1,threshold_calibration,C,0.24931628608523881,0
review-8c0239752664c9f7,msg-ebc9f34f94af5eeb68f0,smishing,risky_request_visible,a_risky_request_visible,404,2,threshold_calibration,C,0.6982663971542942,1
review-8c3afec16f00c8ea,msg-6173af161b27fe6f4ce6,normal,ordinary_notice_or_conversation_possible,a_not_risky_request_visible,404,2,threshold_calibration,C,0.09477526099747986,0
review-8c9379e6d07693b9,msg-be03c5915bdd7e2e4314,smishing,risky_request_visible,a_risky_request_visible,404,1,threshold_calibration,C,0.18280994789035018,0
review-8e3e294dce3f381b,msg-5d0a2376083daf8a9bde,normal,ordinary_notice_or_conversation_possible,a_not_risky_request_visible,404,2,threshold_calibration,C,0.0914724597672239,0
review-901aa5f6d890357c,msg-74012a11f8d7a0e2cbd2,smishing,risky_request_visible,a_risky_request_visible,404,1,threshold_calibration,C,0.9059949483977945,1
review-92026380db179cfa,msg-11b3b10960d7a9f4d101,smishing,risky_request_visible,a_risky_request_visible,404,1,threshold_calibration,C,0.627867506961991,0
review-92e977f1b9f64cdd,msg-3deb3a161a23b32aea25,smishing,risky_request_visible,a_risky_request_visible,404,0,threshold_calibration,C,0.6870425887715378,1
review-936c9b094a62d464,msg-c8e57aa3882734555677,normal,ordinary_notice_or_conversation_possible,a_not_risky_request_visible,404,1,threshold_calibration,C,0.10470584669159262,0
review-93f251b7f415320e,msg-25125973e3120d610fce,smishing,risky_request_visible,a_risky_request_visible,404,0,threshold_calibration,C,0.9094415864764123,1
review-95b51a345d37bf9b,msg-1c7e06763517aa4b43bf,smishing,risky_request_visible,a_risky_request_visible,404,0,threshold_calibration,C,0.37235886249234507,0
review-95c15e2125e8158e,msg-0afc2595ae8ed75b8bb8,smishing,risky_request_visible,a_risky_request_visible,404,0,threshold_calibration,C,0.7217683422496297,1
review-962656fa6b00f587,msg-cce4c00da9a7d9f77c32,normal,promotion_without_clear_scam_request,a_not_risky_request_visible,404,2,threshold_calibration,C,0.13843806762679972,0
review-9751bc751be6b57c,msg-64a843bec3f3dce4ee45,smishing,risky_request_visible,a_risky_request_visible,404,2,threshold_calibration,C,0.8000505458027459,1
review-9827872ee45caecd,msg-6632bfd7a0b259199dcf,smishing,risky_request_visible,a_risky_request_visible,404,2,threshold_calibration,C,0.8651272502528673,1
review-982aea7aee2bfd5b,msg-3189e01199a2f10ad163,smishing,risky_request_visible,a_risky_request_visible,404,1,threshold_calibration,C,0.9279184665346775,1
review-9848e1bfbd07911c,msg-f2873d2e33fdffabc808,normal,ordinary_notice_or_conversation_possible,a_not_risky_request_visible,404,1,threshold_calibration,C,0.12698209960117368,0
review-98f41617c328173b,msg-c51643d14946078e7d57,smishing,risky_request_visible,a_risky_request_visible,404,1,threshold_calibration,C,0.9371351626509219,1
review-9a4ea6655a8a5a4f,msg-df3170271394537db9ca,normal,promotion_without_clear_scam_request,a_not_risky_request_visible,404,1,threshold_calibration,C,0.24766982601439402,0
review-9a6d46e3500865e5,msg-db804cd0d3465516e4ad,smishing,risky_request_visible,a_risky_request_visible,404,2,threshold_calibration,C,0.8352910982002993,1
review-9bf729353718fab4,msg-9ce453dc5d619e51234f,normal,ordinary_notice_or_conversation_possible,a_not_risky_request_visible,404,0,threshold_calibration,C,0.05570348734779973,0
review-9ca002eef5fabf4c,msg-a8d5485f9438f3ab5181,normal,ordinary_notice_or_conversation_possible,a_not_risky_request_visible,404,2,threshold_calibration,C,0.08322646056791308,0
review-9d4c0bc5bb2de352,msg-7f6ef3389d8815ed454b,smishing,risky_request_visible,a_risky_request_visible,404,0,threshold_calibration,C,0.6546870196457649,1
review-9db42b53975f21ce,msg-d44b95e16930e223469c,normal,promotion_without_clear_scam_request,a_not_risky_request_visible,404,1,threshold_calibration,C,0.20179057173827586,0
review-9e59560a7b1c6aa2,msg-32ce2bf355f633f0fee5,smishing,promotion_without_clear_scam_request,a_not_risky_request_visible,404,0,threshold_calibration,C,0.2870936986928746,0
review-9ec13abc1ec360b9,msg-053785582f2d9ed1abb9,normal,ordinary_notice_or_conversation_possible,a_not_risky_request_visible,404,2,threshold_calibration,C,0.14867510897581182,0
review-a00070320560c3ff,msg-eaeafeff80833a0c2e24,normal,risky_request_visible,a_risky_request_visible,404,2,threshold_calibration,C,0.6438780785428232,1
review-a0157c7c504b2713,msg-75bb93c54e7c03e2de6b,smishing,risky_request_visible,a_risky_request_visible,404,1,threshold_calibration,C,0.9365618355222031,1
review-a07cfcb07490d311,msg-5ce84ad96d59a95604b7,smishing,risky_request_visible,a_risky_request_visible,404,2,threshold_calibration,C,0.7493976318366404,1
review-a0abc212fe654fe2,msg-e8f6c41fc42d524da26b,smishing,risky_request_visible,a_risky_request_visible,404,0,threshold_calibration,C,0.8962373738124066,1
review-a1325d40440edcad,msg-b68194dccdbc6eeaa462,normal,ordinary_notice_or_conversation_possible,a_not_risky_request_visible,404,0,threshold_calibration,C,0.10312510740837567,0
review-a17319837ff0f25f,msg-3c260868d8790e3220b2,smishing,risky_request_visible,a_risky_request_visible,404,1,threshold_calibration,C,0.9312348151318053,1
review-a31dcf3587c938e0,msg-69f98ce7e1a685df8515,smishing,risky_request_visible,a_risky_request_visible,404,2,threshold_calibration,C,0.8258568917225468,1
review-a5e01613dff9b90c,msg-5f72ce400186780556af,normal,promotion_without_clear_scam_request,a_not_risky_request_visible,404,0,threshold_calibration,C,0.19073797718324131,0
review-a737e63e0af5d4ad,msg-58763f1db8c40f82f590,normal,promotion_without_clear_scam_request,a_not_risky_request_visible,404,0,threshold_calibration,C,0.1314037935753174,0
review-a884f7c925b47633,msg-0d319b74ea12c910e557,smishing,risky_request_visible,a_risky_request_visible,404,1,threshold_calibration,C,0.7859005997371894,1
review-a8b302c46a81110b,msg-a923033b51733c278a32,normal,ordinary_notice_or_conversation_possible,a_not_risky_request_visible,404,2,threshold_calibration,C,0.09249521060372302,0
review-abfd0300b3e94bc9,msg-c6cb9735117d0df6bed5,normal,promotion_without_clear_scam_request,a_not_risky_request_visible,404,1,threshold_calibration,C,0.12472221882547711,0
review-acfda6dedbd0ac44,msg-7a9e8cba7f71a7789866,normal,ordinary_notice_or_conversation_possible,a_not_risky_request_visible,404,0,threshold_calibration,C,0.17133318755209553,0
review-add578e780e46b65,msg-219e4e28472310285851,normal,promotion_without_clear_scam_request,a_not_risky_request_visible,404,1,threshold_calibration,C,0.18261261538328294,0
review-ae30eff1c5009634,msg-034e267652beee654b7d,normal,promotion_without_clear_scam_request,a_not_risky_request_visible,404,0,threshold_calibration,C,0.14674216954147745,0
review-aefdc599d52d1968,msg-ce6e8882987410ea9dcb,normal,risky_request_visible,a_risky_request_visible,404,2,threshold_calibration,C,0.24021305445679875,0
review-af3cd140e815bf14,msg-76ea500b769d004670c6,normal,ordinary_notice_or_conversation_possible,a_not_risky_request_visible,404,0,threshold_calibration,C,0.15425042036757128,0
review-b1335825efb8b815,msg-b01d387c5717587aaf48,normal,ordinary_notice_or_conversation_possible,a_not_risky_request_visible,404,1,threshold_calibration,C,0.34228007226235857,0
review-b354a4224eb298ed,msg-03c2102e41eb110e0262,smishing,risky_request_visible,a_risky_request_visible,404,0,threshold_calibration,C,0.7897578905826268,1
review-b495dcabfdc9e6bb,msg-c3e7d7b05d5a88764703,smishing,risky_request_visible,a_risky_request_visible,404,2,threshold_calibration,C,0.2319549645992493,0
review-b4a140a400dd0bd4,msg-8d50f5b84f82748b30f4,smishing,risky_request_visible,a_risky_request_visible,404,0,threshold_calibration,C,0.6830747819433733,1
review-b716d55654e9e174,msg-eac3f80ef98d49d5018b,normal,ordinary_notice_or_conversation_possible,a_not_risky_request_visible,404,1,threshold_calibration,C,0.07226144780182063,0
review-b75a5cafe4180fd6,msg-a850f5749efcb9c4f6a0,smishing,ordinary_notice_or_conversation_possible,a_not_risky_request_visible,404,2,threshold_calibration,C,0.47417621076819466,1
review-b7db7bfa3479f4d7,msg-432734d9e15c6f93d376,normal,ordinary_notice_or_conversation_possible,a_not_risky_request_visible,404,0,threshold_calibration,C,0.2559174653741707,0
review-b8b4a371ec215d7c,msg-6ad7fc559a70473d3c43,normal,ordinary_notice_or_conversation_possible,a_not_risky_request_visible,404,1,threshold_calibration,C,0.3432690614015753,0
review-b973d23ab4a680d4,msg-332a6ceef2ba82e72aee,normal,ordinary_notice_or_conversation_possible,a_not_risky_request_visible,404,2,threshold_calibration,C,0.08523924953833974,0
review-baf06dfd954e1b3a,msg-2e3856be0b06e36d853e,smishing,risky_request_visible,a_risky_request_visible,404,2,threshold_calibration,C,0.9232131682200383,1
review-bb5f23238e492978,msg-ae0b87b215621f5e8471,smishing,risky_request_visible,a_risky_request_visible,404,1,threshold_calibration,C,0.9248610099915056,1
review-bb9c36d01d5155e0,msg-5af06b6771a844fe1037,smishing,risky_request_visible,a_risky_request_visible,404,2,threshold_calibration,C,0.7709664596117669,1
review-bbb9c61301495984,msg-d3591b5cc40dae36f63d,smishing,risky_request_visible,a_risky_request_visible,404,2,threshold_calibration,C,0.8077272424790651,1
review-bc58d3e0a50d9226,msg-14251aa27469f753be0a,normal,ordinary_notice_or_conversation_possible,a_not_risky_request_visible,404,1,threshold_calibration,C,0.15751832998758422,0
review-bc64860bdda53d26,msg-fe8267c63ab4ef9ceaa5,normal,ordinary_notice_or_conversation_possible,a_not_risky_request_visible,404,2,threshold_calibration,C,0.05228748982671107,0
review-bd2ee152f3f0a48a,msg-25ac7d2717cde23a4116,normal,ordinary_notice_or_conversation_possible,a_not_risky_request_visible,404,2,threshold_calibration,C,0.2435512591702616,0
review-be260e01d39a8550,msg-bbb84b4c518d7fb445cd,smishing,risky_request_visible,a_risky_request_visible,404,2,threshold_calibration,C,0.9641737784744713,1
review-bee3f43cbc979cc9,msg-4d9ff4113e4ed5d9e90c,smishing,risky_request_visible,a_risky_request_visible,404,1,threshold_calibration,C,0.41284052741367955,0
review-bf29414211fedb11,msg-c484e73c51ddf79b7f8b,smishing,risky_request_visible,a_risky_request_visible,404,1,threshold_calibration,C,0.9393180513995715,1
review-bf5fe000a4a8d9d5,msg-bcaba0c0cd46c0149e2b,smishing,risky_request_visible,a_risky_request_visible,404,0,threshold_calibration,C,0.30248042597415536,0
review-c0dec81b7dec22c5,msg-36f813c46481d09c7f14,normal,ordinary_notice_or_conversation_possible,a_not_risky_request_visible,404,2,threshold_calibration,C,0.24421459686312577,0
review-c1f9d74965cc6d56,msg-9f008694d2e9f838eeaa,smishing,risky_request_visible,a_risky_request_visible,404,0,threshold_calibration,C,0.7467403888358276,1
review-c279584d5ab81989,msg-ac699df7f9a7b4400d68,smishing,risky_request_visible,a_risky_request_visible,404,1,threshold_calibration,C,0.799560357983084,1
review-c3157c09e695c3c5,msg-f0a3f2387d520f4943e1,normal,promotion_without_clear_scam_request,a_not_risky_request_visible,404,0,threshold_calibration,C,0.1846927636033516,0
review-c386fdd922078a37,msg-c21e147ebc288236d642,normal,ordinary_notice_or_conversation_possible,a_not_risky_request_visible,404,2,threshold_calibration,C,0.18395709838076638,0
review-c4368025a0827097,msg-115656ab7419963f3ec4,normal,ordinary_notice_or_conversation_possible,a_not_risky_request_visible,404,1,threshold_calibration,C,0.2439435208064533,0
review-c45238e439e91c4d,msg-165866e6104c7226a8e8,smishing,risky_request_visible,a_risky_request_visible,404,2,threshold_calibration,C,0.5615792915223913,1
review-c7e00bcebb9cbe94,msg-3eff4af4ff261cda8b13,normal,ordinary_notice_or_conversation_possible,a_not_risky_request_visible,404,0,threshold_calibration,C,0.28556852632524676,0
review-c7f76b1e1d80f49a,msg-47c423de9b8595f121a9,smishing,risky_request_visible,a_risky_request_visible,404,0,threshold_calibration,C,0.24312673021279232,0
review-c854f5ffb64bf3eb,msg-f2f023ae46a3f625f5ba,normal,ordinary_notice_or_conversation_possible,a_not_risky_request_visible,404,0,threshold_calibration,C,0.12270615537756167,0
review-c9d8f2fd31ea0b7f,msg-4d670f74ef64914e9b0e,normal,promotion_without_clear_scam_request,a_not_risky_request_visible,404,1,threshold_calibration,C,0.18761270055731155,0
review-ca1c52eb5a9e5a56,msg-383f97042ca6b0129236,normal,ordinary_notice_or_conversation_possible,a_not_risky_request_visible,404,0,threshold_calibration,C,0.062479501183676865,0
review-cb23ce2b380ce815,msg-a81e33bc3946b0ae2550,normal,ordinary_notice_or_conversation_possible,a_not_risky_request_visible,404,1,threshold_calibration,C,0.29156387938979533,0
review-cb28a9106aef5505,msg-67de13a82fafaf8c3980,smishing,risky_request_visible,a_risky_request_visible,404,0,threshold_calibration,C,0.8183849486581382,1
review-cbbc72e510f286e3,msg-cb107b27366c1e7283c6,smishing,risky_request_visible,a_risky_request_visible,404,2,threshold_calibration,C,0.9360529775566279,1
review-cc41f3f4cb6e8629,msg-cd74555c5078c89aa225,smishing,risky_request_visible,a_risky_request_visible,404,1,threshold_calibration,C,0.8052682336953222,1
review-cc4b16c2321274c0,msg-1737db0114226e8bb1b0,smishing,risky_request_visible,a_risky_request_visible,404,1,threshold_calibration,C,0.9328126161066425,1
review-cd10401423c3d046,msg-90e4dfdb43017952dbb4,normal,ordinary_notice_or_conversation_possible,a_not_risky_request_visible,404,0,threshold_calibration,C,0.08032623046450892,0
review-ce1c5319370b9470,msg-ae8747db917382e06db2,smishing,risky_request_visible,a_risky_request_visible,404,0,threshold_calibration,C,0.45350791147519504,1
review-cf59c2e5933f9fa2,msg-43d155d969d978189fb2,smishing,risky_request_visible,a_risky_request_visible,404,1,threshold_calibration,C,0.8093222087686395,1
review-cfc0b12d1183e034,msg-a382e8e19124dfbd1cd5,normal,ordinary_notice_or_conversation_possible,a_not_risky_request_visible,404,2,threshold_calibration,C,0.32704105008613704,0
review-d09099c6189f497b,msg-255cba56e8f9f375b954,smishing,risky_request_visible,a_risky_request_visible,404,2,threshold_calibration,C,0.47248339540579176,1
review-d14a67c8f86c82a4,msg-f96269b2a48486c1fd45,normal,ordinary_notice_or_conversation_possible,a_not_risky_request_visible,404,0,threshold_calibration,C,0.14254473658998654,0
review-d17c9fec5ba94c27,msg-0833b822c08cc170dc26,smishing,risky_request_visible,a_risky_request_visible,404,1,threshold_calibration,C,0.7989975026761219,1
review-d1ba629d1b0c0386,msg-3a166a3d426428da952d,smishing,insufficient_context,a_not_risky_request_visible,404,2,threshold_calibration,C,0.17336426942033661,0
review-d1df54b7c0853995,msg-a19d969edbd3e4c563b7,normal,promotion_without_clear_scam_request,a_not_risky_request_visible,404,2,threshold_calibration,C,0.12710756271620458,0
review-d27b1f741c6ce442,msg-d3e25a130f49e24fec59,normal,ordinary_notice_or_conversation_possible,a_not_risky_request_visible,404,1,threshold_calibration,C,0.10195073725929155,0
review-d33ca86cba802688,msg-e2900c16a353e5f15c43,smishing,risky_request_visible,a_risky_request_visible,404,1,threshold_calibration,C,0.791417160267629,1
review-d3b4daac66058960,msg-2819ed8636ecdee04bb3,normal,promotion_without_clear_scam_request,a_not_risky_request_visible,404,2,threshold_calibration,C,0.16365503585646143,0
review-d51a67f2e9911b52,msg-9412881b9906d37a2304,normal,ordinary_notice_or_conversation_possible,a_not_risky_request_visible,404,0,threshold_calibration,C,0.0880222062928168,0
review-d5b560692f11bda9,msg-20cb262bf7645dfe36d5,normal,ordinary_notice_or_conversation_possible,a_not_risky_request_visible,404,2,threshold_calibration,C,0.09581805197787378,0
review-d5cad39f16073736,msg-6b991d00ca9722186569,normal,promotion_without_clear_scam_request,a_not_risky_request_visible,404,0,threshold_calibration,C,0.15521578764647842,0
review-d684b0c9ae6eb28a,msg-b46e8faecd246cf1967d,smishing,risky_request_visible,a_risky_request_visible,404,2,threshold_calibration,C,0.761652516942703,1
review-d6877eb437269499,msg-d6441157b1184c30f6c0,normal,ordinary_notice_or_conversation_possible,a_not_risky_request_visible,404,1,threshold_calibration,C,0.14762261295630016,0
review-d6c4551ca894cc5c,msg-bbab9487a685ac85d931,smishing,risky_request_visible,a_risky_request_visible,404,1,threshold_calibration,C,0.9241603616790299,1
review-d7e6ea82c0cbb7e9,msg-89bb289b1bdb8f41022f,normal,ordinary_notice_or_conversation_possible,a_not_risky_request_visible,404,0,threshold_calibration,C,0.09195806263720718,0
review-d870679fd6d01453,msg-7e320859ea45595a0398,smishing,promotion_without_clear_scam_request,a_not_risky_request_visible,404,0,threshold_calibration,C,0.6804505672779023,1
review-d927fc30b0eb9634,msg-1af26a10b08f45f41fde,smishing,risky_request_visible,a_risky_request_visible,404,1,threshold_calibration,C,0.46426603143795464,0
review-da0a87e60e534a8c,msg-817a4fa89633430e990d,normal,ordinary_notice_or_conversation_possible,a_not_risky_request_visible,404,1,threshold_calibration,C,0.10303858606662901,0
review-da5d8fa9864e211c,msg-65f4a5c0b197a96bdac3,normal,ordinary_notice_or_conversation_possible,a_not_risky_request_visible,404,2,threshold_calibration,C,0.09180972066944314,0
review-db2e98df10b7ea70,msg-c3a7447e038aacfc0b56,normal,ordinary_notice_or_conversation_possible,a_not_risky_request_visible,404,1,threshold_calibration,C,0.18156985673814294,0
review-dbbbfc8d3d158c2b,msg-19fa68b2542d83a61f79,smishing,risky_request_visible,a_risky_request_visible,404,2,threshold_calibration,C,0.7687666384929945,1
review-dd1fb20a78a6cb60,msg-0c3c82dfb168fc722263,normal,ordinary_notice_or_conversation_possible,a_not_risky_request_visible,404,1,threshold_calibration,C,0.11348600959279799,0
review-dd85b84b55bb501f,msg-c7ae71424b0756ee528c,smishing,risky_request_visible,a_risky_request_visible,404,0,threshold_calibration,C,0.7606314342861304,1
review-e1afcc76f28c4344,msg-957a54f95f91a63ee653,normal,ordinary_notice_or_conversation_possible,a_not_risky_request_visible,404,0,threshold_calibration,C,0.05889628796625069,0
review-e23fed0689d23954,msg-5bc65501f76a2d9c35b3,smishing,promotion_without_clear_scam_request,a_not_risky_request_visible,404,0,threshold_calibration,C,0.3149257943984172,0
review-e244a46bb3c89288,msg-b49a70f3593e3f36b11d,smishing,risky_request_visible,a_risky_request_visible,404,2,threshold_calibration,C,0.5565583713041484,1
review-e447ae957587a31d,msg-0590a0a811adf41d19c4,smishing,risky_request_visible,a_risky_request_visible,404,0,threshold_calibration,C,0.7493721589602619,1
review-e4dca6a839df1435,msg-d7dccf71e0387df73450,normal,ordinary_notice_or_conversation_possible,a_not_risky_request_visible,404,2,threshold_calibration,C,0.18316484028289287,0
review-e58d1b3575c7e041,msg-60b7b814308d63263bea,smishing,risky_request_visible,a_risky_request_visible,404,0,threshold_calibration,C,0.7726906323444441,1
review-e63efe4044e2aa11,msg-79b01393dcc39d7d282a,smishing,risky_request_visible,a_risky_request_visible,404,2,threshold_calibration,C,0.9685291887783664,1
review-e8170ecaf09d95c1,msg-e863bf00fb6dbfb816f3,normal,ordinary_notice_or_conversation_possible,a_not_risky_request_visible,404,2,threshold_calibration,C,0.09570554561276554,0
review-e8eebbe27a7969d0,msg-26a403cb7e86084e2d88,normal,ordinary_notice_or_conversation_possible,a_not_risky_request_visible,404,2,threshold_calibration,C,0.20666566496946537,0
review-e945ebd4e9533666,msg-6ca0de4ebc5d9da5342b,smishing,risky_request_visible,a_risky_request_visible,404,1,threshold_calibration,C,0.9430018760532954,1
review-ea8461ed56afeacc,msg-ad517b34fab57cf3b438,normal,ordinary_notice_or_conversation_possible,a_not_risky_request_visible,404,0,threshold_calibration,C,0.13077035806180673,0
review-ecc7155e591dec16,msg-7b45fdda561c81cabe19,smishing,risky_request_visible,a_risky_request_visible,404,1,threshold_calibration,C,0.7160519157774969,1
review-ecf66ae7e447041e,msg-443a84cea11014478b84,smishing,risky_request_visible,a_risky_request_visible,404,0,threshold_calibration,C,0.7525699981312215,1
review-ed0223c36d93b8cb,msg-cfa0236fa8a0f40916bd,normal,promotion_without_clear_scam_request,a_not_risky_request_visible,404,2,threshold_calibration,C,0.44224246135110784,0
review-eef1587711f81f11,msg-2bf3512c4b917049d8d1,normal,ordinary_notice_or_conversation_possible,a_not_risky_request_visible,404,0,threshold_calibration,C,0.07696217678309467,0
review-f0b50460d98d4502,msg-95c382e5e68482d54b53,smishing,risky_request_visible,a_risky_request_visible,404,2,threshold_calibration,C,0.7602374814499417,1
review-f0f2fce9301b3378,msg-e7a80c477afb0cccfac0,normal,ordinary_notice_or_conversation_possible,a_not_risky_request_visible,404,0,threshold_calibration,C,0.07326372560455639,0
review-f278c035dcc448b5,msg-69e20b477e1f38d22287,normal,ordinary_notice_or_conversation_possible,a_not_risky_request_visible,404,1,threshold_calibration,C,0.10100188868117975,0
review-f2b62cb8a35fddc1,msg-44342a1ca335e0df03ca,smishing,risky_request_visible,a_risky_request_visible,404,1,threshold_calibration,C,0.5698871389138456,0
review-f2c9ba7c14a8e7f4,msg-cbeab8aa1cb4e1328216,smishing,risky_request_visible,a_risky_request_visible,404,1,threshold_calibration,C,0.9420684356440246,1
review-f360abb82bcec3c4,msg-7a14eb32b51e33537f72,smishing,risky_request_visible,a_risky_request_visible,404,1,threshold_calibration,C,0.9220865269752502,1
review-f44ca51cbbeda00a,msg-b16b1f045aab2ea4a56f,smishing,risky_request_visible,a_risky_request_visible,404,1,threshold_calibration,C,0.9139798301756495,1
review-f48d763f6c721c5c,msg-05ce5c3a427de58a9e8d,smishing,risky_request_visible,a_risky_request_visible,404,2,threshold_calibration,C,0.8446281112153272,1
review-f6f3c364cb66f280,msg-67f89394e1696666880c,normal,ordinary_notice_or_conversation_possible,a_not_risky_request_visible,404,2,threshold_calibration,C,0.11091621530240296,0
review-f778efc9b041eb43,msg-7a8ba417b2f4e2650e1b,normal,ordinary_notice_or_conversation_possible,a_not_risky_request_visible,404,2,threshold_calibration,C,0.14924745879203977,0
review-f7a215d9e903b41d,msg-910004461353a81fdfb7,smishing,promotion_without_clear_scam_request,a_not_risky_request_visible,404,1,threshold_calibration,C,0.6853683375226466,1
review-f7fbd3ab7a66e194,msg-8884dfa40bd5b5ff02f7,normal,promotion_without_clear_scam_request,a_not_risky_request_visible,404,2,threshold_calibration,C,0.2681674930341682,0
review-f8f57cab36b5e4f9,msg-0b0747a39cdb82046f16,normal,ordinary_notice_or_conversation_possible,a_not_risky_request_visible,404,2,threshold_calibration,C,0.20956308631906426,0
review-f9733f5a3ed15ba1,msg-c545ce4cd13f2f30e4db,smishing,risky_request_visible,a_risky_request_visible,404,2,threshold_calibration,C,0.9609439833254857,1
review-fbd669140c0c37bb,msg-299b1f56db41d7b2e7c2,normal,ordinary_notice_or_conversation_possible,a_not_risky_request_visible,404,1,threshold_calibration,C,0.1866918216134834,0
review-fcb737070b879e4f,msg-63be477f140adc17e396,normal,ordinary_notice_or_conversation_possible,a_not_risky_request_visible,404,1,threshold_calibration,C,0.13887302380815045,0
review-fcba197835dbe421,msg-c9a0f816a24bd3e21470,smishing,risky_request_visible,a_risky_request_visible,404,1,threshold_calibration,C,0.6417935243649463,1
review-fdc12fa3cc3d98a8,msg-37fd1ef16190049166d2,smishing,risky_request_visible,a_risky_request_visible,404,2,threshold_calibration,C,0.9270461273775371,1
review-fef8e7e55d89aaf1,msg-f0265af2067049f392b6,smishing,risky_request_visible,a_risky_request_visible,404,1,threshold_calibration,C,0.7871649232458781,1
review-ff7824303811b880,msg-3a8d13b5b7957521ed9d,smishing,risky_request_visible,a_risky_request_visible,404,2,threshold_calibration,C,0.7233926852099652,1
