customer_id,name,gender,age,grade,region,signup_date,income_level,credit_score,churn
1,한하은,M,67,Silver,부산,2020-10-12,Low,512,1
2,조서연,M,25,Gold,강원,2023-05-17,High,684,0
3,한수빈,F,34,Silver,대구,2024-07-15,Low,581,0
4,정지우,M,68,Silver,경기,2022-02-17,High,636,0
5,임시우,M,66,Silver,경기,2022-02-14,High,644,0
6,강진우,M,65,Gold,전라,2021-04-11,Medium,734,0
7,권수아,M,44,Silver,전라,2024-09-04,Medium,646,0
8,황지호,M,54,Bronze,인천,2022-08-04,Medium,614,0
9,한수빈,M,63,Silver,제주,2024-05-08,High,721,0
10,이우진,F,33,Bronze,대전,2024-12-16,Low,444,1
11,정지우,M,67,Silver,대구,2024-03-09,Medium,642,0
12,박선우,F,25,Bronze,경기,2020-11-09,Low,485,0
13,조은서,M,44,Silver,세종,2022-12-19,Medium,574,0
14,이수빈,F,69,Bronze,경기,2021-08-24,Medium,508,0
15,오시우,M,52,Bronze,전라,2021-09-03,Low,508,0
16,박수빈,M,58,Silver,서울,2020-08-17,Low,578,0
17,권지아,M,23,Gold,충청,2020-06-10,High,714,0
18,신지우,M,62,Silver,강원,2020-12-04,Medium,641,0
19,조우진,M,65,Silver,전라,2023-08-23,Medium,645,0
20,이도윤,M,57,Silver,충청,2021-03-27,High,664,0
21,김수아,M,22,Bronze,경기,2022-11-18,Medium,526,1
22,황진우,F,35,Bronze,제주,2022-04-13,Medium,570,1
23,조지유,F,46,Silver,경상,2020-04-20,Medium,683,0
24,강하은,M,32,Gold,세종,2020-10-14,Medium,708,0
25,최지호,F,55,Gold,전라,2023-01-12,Medium,824,0
26,박채원,F,50,Gold,대전,2020-04-30,High,767,1
27,조시우,F,38,Silver,경상,2024-05-23,Medium,660,0
28,김진우,M,67,Silver,서울,2023-04-11,Medium,587,0
29,장서윤,M,52,Gold,인천,2020-05-20,Medium,721,0
30,황진우,M,57,Silver,충청,2020-06-16,Medium,613,0
31,장도윤,F,33,Bronze,광주,2021-05-03,Medium,609,0
32,황지호,M,49,Bronze,충청,2020-07-23,High,687,0
33,정지우,F,24,Bronze,광주,2021-08-06,Medium,571,0
34,신선우,M,62,Bronze,대구,2023-09-20,Medium,516,0
35,정하은,M,67,Silver,대구,2021-07-31,Medium,604,0
36,정선우,F,36,Bronze,서울,2020-07-08,Low,508,0
37,김민준,F,69,Gold,대구,2020-11-26,Medium,639,1
38,이지우,M,43,Silver,인천,2022-05-30,High,701,0
39,황서연,F,33,Bronze,전라,2020-07-29,Medium,494,0
40,오지우,M,30,Bronze,제주,2020-12-28,Low,480,1
41,오도윤,F,62,Bronze,제주,2021-05-23,Medium,574,0
42,권다은,M,32,Bronze,세종,2021-12-17,Medium,551,0
43,최수아,M,62,Gold,광주,2021-07-24,Low,681,0
44,조수빈,F,21,Gold,대구,2020-12-31,Medium,673,0
45,김하은,F,42,Bronze,광주,2022-06-12,Low,495,0
46,정서연,F,20,Silver,제주,2023-01-07,Medium,607,0
47,오우진,F,47,Gold,전라,2021-11-07,Medium,724,0
48,장지아,F,40,Silver,대구,2023-02-09,High,697,0
49,조서윤,F,45,Silver,서울,2021-09-14,Medium,617,0
50,윤주원,F,63,Gold,세종,2024-06-13,Low,672,0
51,박지호,F,52,Bronze,충청,2021-11-17,High,672,0
52,신우진,M,21,VIP,세종,2023-06-05,Medium,741,0
53,조진우,M,65,Bronze,세종,2022-03-29,Medium,537,0
54,신하은,F,34,Gold,경상,2022-11-26,Medium,706,0
55,황하은,F,28,Bronze,전라,2022-12-23,Low,429,0
56,임선우,F,55,Silver,인천,2024-03-03,Low,549,0
57,신수아,F,69,Bronze,세종,2023-07-07,Medium,481,1
58,강도윤,M,28,Gold,대전,2023-11-22,High,783,0
59,조채원,F,54,Silver,서울,2021-02-27,Low,552,0
60,김진우,F,50,VIP,광주,2021-09-03,Medium,848,0
61,권채원,M,51,Gold,대전,2022-09-21,High,753,0
62,박주원,M,59,Silver,대전,2023-04-27,Medium,691,1
63,한채원,M,49,Gold,대구,2022-02-15,High,750,0
64,정채원,F,25,Silver,경상,2023-01-09,High,700,0
65,최지호,M,68,VIP,부산,2021-02-12,Medium,728,0
66,이진우,M,49,Bronze,제주,2022-01-25,Medium,574,0
67,오하은,M,39,Gold,서울,2021-09-30,Medium,767,0
68,최지호,M,26,Bronze,대구,2024-10-07,Low,488,0
69,신진우,M,42,Silver,전라,2022-01-28,High,711,0
70,윤하은,F,43,Bronze,세종,2023-12-19,Medium,589,1
71,장시우,F,49,Silver,경상,2023-04-28,Medium,709,0
72,황주원,M,68,Silver,충청,2023-09-30,Medium,549,1
73,권도윤,M,51,Gold,제주,2021-06-13,High,830,0
74,김선우,M,25,Gold,대전,2022-09-27,Medium,667,0
75,윤다은,F,21,Gold,부산,2022-04-08,Medium,661,0
76,장지유,F,67,Silver,광주,2023-12-10,Medium,659,0
77,최하은,M,40,Gold,강원,2024-04-09,Medium,758,0
78,임선우,F,26,Bronze,대구,2021-04-10,Medium,631,0
79,오수빈,M,37,VIP,서울,2023-02-07,High,908,0
80,이민준,F,50,Silver,광주,2021-01-12,Low,585,0
81,권다은,M,24,Silver,경기,2023-03-27,Medium,631,0
82,정지호,M,27,Silver,대전,2023-05-26,Medium,647,0
83,신선우,F,48,Bronze,대구,2024-10-27,Low,488,1
84,오하은,M,60,Gold,전라,2020-06-15,High,782,0
85,이서윤,M,46,Silver,충청,2022-08-20,Medium,672,0
86,윤지호,M,36,Bronze,전라,2023-04-22,Low,597,0
87,조하은,M,61,Gold,대구,2024-08-19,High,826,0
88,권진우,F,48,Gold,경상,2021-09-14,Medium,760,0
89,장수빈,F,48,Gold,서울,2024-12-26,Medium,721,0
90,한진우,M,68,Bronze,대구,2023-03-26,High,617,0
91,윤선우,F,37,Gold,충청,2022-06-11,Medium,717,0
92,강도윤,M,30,Silver,경상,2022-10-11,Medium,640,0
93,권수빈,M,49,Gold,대구,2021-10-24,High,796,0
94,김수빈,F,46,Gold,강원,2022-01-10,Medium,655,0
95,윤서연,M,37,Silver,대구,2022-06-16,Low,595,0
96,신수아,M,39,Silver,강원,2022-04-15,High,715,0
97,황하은,F,27,Bronze,인천,2022-10-17,Low,493,0
98,윤다은,M,49,Silver,대전,2021-01-25,Low,665,0
99,황지우,M,37,Bronze,대전,2021-11-27,Low,460,1
100,정진우,F,29,Silver,세종,2021-12-07,Medium,636,0
101,조주원,F,32,Bronze,부산,2023-03-17,Medium,595,0
102,윤예준,F,62,Bronze,전라,2020-11-07,Low,477,1
103,장진우,F,26,Bronze,세종,2020-07-23,Low,448,0
104,한지우,M,50,Bronze,대구,2021-11-24,Low,552,0
105,이도윤,F,40,Bronze,제주,2022-09-26,Low,549,0
106,황지아,M,67,Gold,경기,2024-04-06,Medium,683,0
107,윤서윤,F,21,VIP,제주,2020-04-24,High,784,0
108,임서윤,M,31,Gold,대전,2023-06-23,Medium,725,0
109,임지우,M,49,Bronze,세종,2021-06-06,Low,571,0
110,장서윤,M,48,Bronze,충청,2021-09-04,Low,508,0
111,정주원,F,32,Bronze,세종,2020-08-06,Medium,522,0
112,정민준,F,37,VIP,전라,2024-05-12,Medium,782,0
113,임다은,F,69,Bronze,충청,2024-06-30,Medium,503,0
114,오지우,M,60,Bronze,대구,2024-06-03,Medium,527,0
115,오지우,M,38,Silver,대전,2020-12-25,Medium,683,0
116,장시우,M,36,Bronze,세종,2024-07-09,Medium,515,0
117,신하은,F,24,Gold,부산,2024-10-27,Medium,661,0
118,장지유,M,45,VIP,강원,2020-09-10,High,819,0
119,한시우,F,60,Bronze,경기,2023-10-14,Medium,652,0
120,황은서,M,61,Gold,세종,2023-12-06,High,773,0
121,박서연,M,39,Bronze,경기,2020-07-18,Medium,556,0
122,오수빈,F,57,Bronze,인천,2024-12-18,Medium,560,1
123,윤은서,F,37,VIP,광주,2021-03-20,High,929,0
124,한지유,F,23,Silver,부산,2020-09-07,Low,525,0
125,이우진,M,23,Bronze,부산,2020-09-14,Low,500,0
126,임우진,M,41,Bronze,제주,2023-05-05,High,717,0
127,박지우,F,31,Gold,서울,2020-09-26,High,767,0
128,박시우,M,28,Bronze,강원,2020-08-20,Low,481,0
129,신지유,M,48,Silver,충청,2020-03-29,Low,654,0
130,한민준,M,50,Bronze,대전,2023-11-06,Medium,563,0
131,윤지호,M,40,Bronze,경기,2020-09-15,Medium,561,0
132,임선우,F,49,Silver,대전,2020-07-22,Low,567,0
133,한수빈,M,47,Silver,부산,2022-04-27,Medium,625,0
134,조도윤,F,43,Bronze,전라,2022-08-29,High,656,0
135,이채원,M,67,Bronze,제주,2020-09-23,Low,436,1
136,이채원,F,62,Bronze,대전,2024-11-12,Low,483,1
137,정은서,F,42,Gold,강원,2021-03-11,High,707,0
138,장지유,M,68,Silver,부산,2024-07-11,Medium,618,0
139,신은서,M,58,Bronze,경상,2021-07-01,High,610,0
140,강민준,M,29,Silver,대전,2020-05-22,High,757,0
141,김지호,M,44,Silver,광주,2020-11-18,Medium,652,0
142,이서연,M,30,Bronze,서울,2023-10-12,High,551,0
143,조다은,F,46,Silver,제주,2022-11-15,High,685,0
144,윤선우,F,22,Gold,충청,2020-04-22,High,743,0
145,최지우,F,38,Silver,서울,2022-10-15,Low,622,0
146,장수빈,F,24,Silver,경상,2020-03-27,Medium,644,0
147,이도윤,F,56,Silver,전라,2022-05-05,Medium,553,0
148,임주원,F,25,Silver,경기,2021-05-13,Medium,698,0
149,이예준,F,67,Silver,광주,2024-05-14,High,640,0
150,황지유,F,66,Bronze,전라,2024-07-27,Medium,538,1
151,정우진,M,58,Gold,제주,2023-09-04,High,813,0
152,임진우,F,63,Bronze,충청,2023-08-09,Low,493,0
153,권도윤,M,48,Gold,세종,2023-07-17,High,782,0
154,정주원,F,22,Gold,대구,2020-06-06,Medium,693,0
155,이은서,F,49,Silver,제주,2024-02-22,Low,535,0
156,강은서,F,52,Gold,서울,2022-07-11,High,807,0
157,강지호,M,22,Gold,세종,2022-06-18,Medium,650,0
158,조채원,F,63,Silver,제주,2023-07-16,Medium,615,1
159,이수빈,F,38,Silver,전라,2023-05-19,Low,578,1
160,강지아,F,28,Silver,경기,2021-09-26,Medium,685,0
161,강지우,M,61,Bronze,강원,2022-01-11,High,584,0
162,신다은,M,34,Bronze,인천,2020-06-07,Medium,661,0
163,장수빈,M,62,Silver,제주,2023-06-19,High,672,0
164,신은서,M,66,Silver,대전,2022-01-16,Medium,626,0
165,윤은서,F,68,Bronze,세종,2021-04-24,Low,453,0
166,권우진,F,63,Bronze,세종,2022-08-03,Low,577,0
167,장선우,F,30,Bronze,제주,2023-05-23,Medium,569,0
168,장하은,M,38,Gold,인천,2021-07-12,Medium,792,0
169,권채원,M,34,Bronze,광주,2020-02-24,Medium,539,0
170,이지유,M,21,Silver,경기,2024-09-14,Low,573,0
171,박지우,M,38,Bronze,세종,2023-11-26,Low,537,0
172,황지호,M,36,Gold,인천,2023-01-28,Low,630,0
173,조하은,F,35,Silver,서울,2021-05-03,Medium,677,0
174,황다은,M,60,Silver,부산,2024-01-11,High,647,0
175,임지유,M,56,Silver,전라,2023-09-30,High,704,0
176,장선우,M,44,Bronze,서울,2023-07-25,Medium,592,0
177,오민준,F,24,Silver,경상,2023-09-07,Medium,618,0
178,김지유,F,61,Gold,제주,2023-11-03,Medium,645,0
179,한서윤,M,24,Bronze,세종,2020-03-16,Medium,565,1
180,황지아,F,54,Silver,서울,2024-03-22,Medium,672,0
181,권서연,F,37,Gold,광주,2022-06-13,Low,671,0
182,박다은,F,43,Bronze,강원,2021-06-30,Low,450,0
183,이채원,M,54,Silver,경기,2020-06-12,Medium,652,0
184,박주원,F,48,VIP,광주,2023-06-13,Low,786,0
185,신서연,M,62,Bronze,광주,2022-11-16,Low,467,1
186,임주원,M,28,Gold,제주,2023-08-14,High,670,0
187,임서연,M,63,Silver,광주,2022-01-31,Medium,659,0
188,강시우,M,27,VIP,인천,2022-10-19,High,840,0
189,이시우,F,65,Silver,충청,2021-08-07,Medium,636,0
190,이주원,M,65,Silver,경기,2024-07-17,Medium,609,0
191,강지유,M,55,Silver,대구,2024-10-09,High,699,0
192,강선우,M,27,Bronze,제주,2020-10-11,Medium,509,0
193,강수빈,F,49,Bronze,강원,2020-09-22,Low,564,0
194,오다은,F,69,Silver,충청,2020-05-31,High,677,0
195,이주원,F,63,Silver,인천,2024-12-03,Low,529,0
196,박채원,M,27,Silver,대구,2020-12-03,High,673,0
197,최지유,F,25,Silver,전라,2023-02-02,Medium,600,1
198,한서윤,M,30,Bronze,경상,2023-05-24,Medium,530,0
199,김민준,M,22,Bronze,제주,2023-03-27,Medium,552,0
200,김다은,F,61,Bronze,세종,2021-05-16,Low,560,0
201,정주원,M,64,Gold,세종,2022-05-01,Medium,725,0
202,오도윤,F,45,Gold,광주,2022-11-20,Medium,787,0
203,윤하은,F,48,Gold,경기,2020-04-13,High,743,0
204,권서윤,F,56,Bronze,부산,2024-04-11,Medium,606,0
205,윤다은,F,51,VIP,대전,2022-11-01,High,858,0
206,정다은,F,38,Silver,경기,2022-06-01,High,767,0
207,강예준,F,22,Silver,충청,2023-02-24,High,645,0
208,신수빈,F,59,Bronze,경기,2020-09-20,Low,504,0
209,신도윤,F,68,Gold,충청,2022-11-08,Medium,690,0
210,신다은,F,29,Bronze,강원,2020-10-13,Medium,572,0
211,박예준,F,57,Silver,강원,2022-12-26,Medium,598,1
212,강하은,F,57,Silver,경상,2024-11-21,Medium,622,1
213,윤시우,M,66,Gold,세종,2020-12-15,Medium,667,0
214,권수아,M,56,Bronze,경기,2021-01-25,High,552,0
215,박채원,M,46,Silver,충청,2022-08-23,Low,603,0
216,최수빈,F,62,Silver,대전,2021-10-04,Low,565,0
217,장도윤,F,63,Bronze,경상,2023-10-26,Low,490,1
218,최시우,F,34,Bronze,대구,2024-04-28,Medium,518,1
219,오다은,F,50,Silver,제주,2024-01-17,Medium,708,0
220,조지유,M,38,VIP,경상,2020-06-10,High,896,0
221,정다은,M,32,Bronze,대구,2023-02-25,Low,545,0
222,최서연,M,60,Gold,경기,2022-04-26,High,802,0
223,한지우,M,55,Bronze,인천,2022-04-13,Low,568,0
224,신지아,F,38,Bronze,제주,2020-07-02,Low,504,1
225,오서연,M,46,Bronze,인천,2020-03-15,Low,497,0
226,권지아,M,20,Silver,충청,2020-08-07,Low,578,0
227,윤수빈,F,28,Bronze,세종,2021-07-12,Medium,588,0
228,정서윤,M,67,Silver,대구,2023-03-08,Medium,625,0
229,임예준,F,52,Silver,대전,2023-10-02,High,760,0
230,김시우,F,35,Silver,대구,2021-11-06,Medium,659,0
231,김시우,F,64,Gold,전라,2020-08-30,Medium,742,0
232,황지아,M,60,Bronze,대구,2022-01-22,Low,561,0
233,박다은,M,49,Bronze,충청,2022-02-04,Medium,552,0
234,한우진,M,63,Bronze,제주,2020-06-16,Low,496,0
235,강지호,M,23,Bronze,강원,2021-02-18,Low,500,0
236,이우진,F,25,Bronze,세종,2024-07-14,High,648,1
237,조주원,M,55,Silver,제주,2021-09-23,Low,546,0
238,임지호,M,47,Silver,경기,2023-01-13,Low,649,0
239,이다은,M,38,Silver,제주,2020-10-04,Low,662,0
240,황예준,F,44,Silver,전라,2023-09-17,Low,597,1
241,권지유,M,31,Bronze,대전,2022-12-19,Medium,645,0
242,정주원,F,54,Silver,부산,2021-05-21,Medium,654,0
243,최하은,M,62,Silver,제주,2024-12-14,Low,580,0
244,윤은서,M,35,Bronze,대전,2022-06-17,Medium,609,0
245,권서연,M,52,Bronze,부산,2024-07-28,Low,488,0
246,권도윤,M,39,Bronze,전라,2022-12-03,Medium,570,0
247,김수빈,M,60,Bronze,강원,2022-10-12,High,587,0
248,장도윤,F,46,Gold,대전,2021-01-11,Medium,782,0
249,권수아,F,65,Gold,세종,2020-04-28,Medium,730,0
250,최시우,M,41,Bronze,세종,2024-09-30,Medium,584,0
251,권우진,M,37,Silver,충청,2023-05-19,High,779,0
252,한수빈,M,50,Gold,광주,2021-09-12,Low,706,1
253,황우진,M,67,Bronze,세종,2021-05-11,Low,468,1
254,강지아,F,49,Silver,광주,2021-09-23,Medium,626,0
255,윤주원,M,66,Silver,광주,2021-02-20,Medium,565,0
256,박민준,F,55,Bronze,충청,2024-01-14,Medium,621,1
257,강수아,F,56,Bronze,세종,2023-02-01,Low,497,0
258,오다은,F,30,Bronze,광주,2020-12-12,Medium,541,0
259,박수빈,M,53,VIP,경기,2024-08-02,High,858,0
260,최지호,M,20,Gold,세종,2022-02-03,High,688,0
261,황은서,F,62,Silver,서울,2022-12-25,Medium,688,0
262,정민준,F,31,Gold,경기,2022-12-09,High,763,0
263,장시우,F,37,Bronze,경기,2022-02-03,Low,506,0
264,정지호,M,25,Silver,대전,2023-02-05,Medium,647,0
265,오서윤,M,51,Bronze,전라,2024-05-25,Medium,701,0
266,황서연,M,33,Bronze,경상,2024-12-22,Low,494,1
267,황지호,F,54,Silver,서울,2021-01-02,Low,564,0
268,신예준,M,39,Gold,부산,2023-03-06,Medium,828,0
269,황수빈,F,44,Bronze,인천,2024-06-06,Low,527,0
270,김하은,F,34,Bronze,광주,2023-05-24,Low,463,0
271,조도윤,M,60,Silver,세종,2022-10-01,Medium,603,0
272,임예준,M,69,Bronze,제주,2021-05-19,Low,467,1
273,박예준,M,67,Silver,광주,2020-08-06,High,700,0
274,이지우,M,31,Silver,강원,2023-02-10,Medium,624,0
275,이지유,M,58,Silver,광주,2024-11-03,Medium,629,1
276,황수빈,M,56,Silver,전라,2022-02-18,High,728,0
277,정다은,M,24,Gold,대구,2022-05-12,High,737,0
278,오다은,M,49,Gold,대구,2020-01-14,Low,637,0
279,임예준,F,48,Silver,전라,2023-05-02,High,673,0
280,강서윤,F,40,Silver,경상,2023-07-20,Medium,752,0
281,최도윤,F,37,Bronze,대전,2022-01-17,Medium,545,0
282,한수빈,M,66,Silver,경상,2021-03-05,Medium,589,0
283,오지호,F,63,Silver,전라,2021-09-12,Medium,605,0
284,이주원,F,57,Silver,강원,2024-11-16,Medium,586,0
285,신지유,M,26,Bronze,전라,2023-09-23,Medium,562,0
286,한예준,F,47,Gold,경기,2021-06-13,High,775,0
287,장진우,M,48,Silver,세종,2024-04-30,Medium,656,0
288,윤하은,F,46,Bronze,경기,2020-08-25,Low,513,0
289,강지아,F,49,Bronze,강원,2022-09-16,Medium,647,0
290,이지아,M,65,Gold,광주,2023-08-20,High,766,0
291,황수아,M,55,Gold,강원,2022-05-23,Low,679,0
292,한채원,F,21,Bronze,부산,2022-07-09,Low,520,0
293,오우진,M,37,Bronze,제주,2024-06-18,High,710,0
294,강우진,F,27,Silver,세종,2022-12-16,Low,628,0
295,조은서,F,57,Gold,광주,2024-09-27,Medium,737,0
296,황은서,M,63,Gold,경기,2021-05-03,High,812,0
297,오지우,F,46,Silver,충청,2022-02-24,Medium,615,0
298,황서윤,M,51,Silver,인천,2021-10-06,Low,609,0
299,권지유,M,51,Gold,대전,2023-02-24,Medium,674,0
300,권주원,F,30,Gold,서울,2024-06-17,Medium,711,0
301,정수아,F,30,Bronze,충청,2024-02-29,Low,462,0
302,정수빈,F,54,Bronze,서울,2024-04-05,Low,536,0
303,조하은,M,39,Bronze,서울,2022-07-10,Medium,606,0
304,이수아,M,67,Silver,광주,2024-10-29,Low,537,0
305,박은서,M,33,Bronze,제주,2020-05-01,Low,457,1
306,오지아,F,56,Silver,강원,2023-10-23,Low,569,1
307,신채원,M,37,Bronze,인천,2023-12-07,Low,535,0
308,신예준,F,29,Silver,대구,2023-07-09,Medium,703,0
309,한지호,F,52,Bronze,경상,2024-12-01,Medium,628,1
310,신지호,F,60,Bronze,광주,2024-10-07,High,609,0
311,최채원,M,51,Silver,대구,2021-11-22,Medium,718,0
312,황서연,M,26,Bronze,세종,2020-02-03,Medium,627,0
313,윤주원,M,47,Gold,경상,2020-09-27,Low,648,0
314,이지유,F,25,Silver,전라,2020-12-04,High,767,0
315,오수아,F,61,Gold,경기,2020-01-03,High,807,0
316,윤민준,M,64,Silver,경기,2024-10-27,Medium,665,0
317,이수아,F,25,Bronze,경기,2020-07-30,Medium,585,0
318,신지우,M,24,Silver,서울,2023-06-03,Medium,595,0
319,오우진,M,46,Bronze,세종,2024-10-27,Medium,612,1
320,오예준,F,47,Silver,인천,2021-05-22,Medium,651,0
321,장은서,F,69,Bronze,서울,2024-10-02,Low,499,0
322,최예준,F,61,Gold,제주,2021-05-05,Medium,690,0
323,윤은서,M,53,Bronze,서울,2022-01-09,Low,588,0
324,강수빈,M,68,Silver,제주,2020-05-29,High,718,0
325,정우진,M,23,Bronze,대전,2022-11-03,Medium,524,0
326,조지호,M,37,Gold,경기,2022-11-13,Low,608,0
327,박수빈,F,45,Silver,제주,2024-09-05,Medium,643,0
328,권수아,M,35,Gold,대전,2020-08-25,Medium,708,0
329,정서윤,M,20,Bronze,경상,2020-01-24,Medium,586,0
330,오시우,M,43,Gold,제주,2024-11-23,High,770,0
331,신민준,F,47,Silver,경기,2021-06-22,Low,590,0
332,강서연,F,56,Gold,인천,2021-06-06,Medium,702,0
333,한하은,M,67,Silver,서울,2024-10-24,Low,551,0
334,박서윤,M,55,Bronze,경상,2024-02-25,Low,580,1
335,최채원,F,37,Bronze,충청,2022-02-02,Medium,588,0
336,장서연,F,24,Bronze,대구,2024-05-03,Low,468,1
337,장주원,M,43,Gold,충청,2024-05-25,High,752,0
338,윤우진,M,29,VIP,대전,2020-02-18,High,798,0
339,권민준,F,20,Bronze,대전,2024-10-04,Low,470,0
340,조다은,M,29,Bronze,경기,2020-03-30,Low,535,0
341,장채원,F,49,Bronze,경기,2023-04-04,High,694,1
342,임서연,F,62,Bronze,부산,2021-08-20,Medium,625,0
343,신예준,F,40,Silver,부산,2020-06-01,Low,650,0
344,이서윤,F,49,Silver,경기,2023-01-02,Medium,716,0
345,윤지아,F,36,Bronze,경기,2020-11-18,Low,514,0
346,최도윤,M,25,Bronze,광주,2022-03-22,Low,568,0
347,정서윤,M,45,Bronze,강원,2024-03-12,Low,550,0
348,이민준,M,69,Bronze,인천,2021-02-09,Low,490,0
349,한지호,F,24,VIP,경기,2021-02-08,Medium,730,0
350,권도윤,M,22,Bronze,서울,2020-12-10,Low,487,0
351,오예준,F,21,Silver,대전,2020-12-19,Medium,636,0
352,박서연,M,61,Silver,대전,2024-12-12,Medium,622,1
353,정예준,M,46,Gold,제주,2022-12-12,High,835,0
354,조지유,F,54,Bronze,광주,2023-03-04,Low,533,0
355,박민준,F,58,Gold,제주,2024-05-13,High,776,0
356,임수아,M,26,Gold,부산,2021-06-29,Medium,667,0
357,오서연,M,56,Bronze,제주,2022-03-06,Medium,611,0
358,임도윤,F,57,VIP,경상,2021-12-21,Medium,714,0
359,임우진,F,54,Silver,세종,2020-03-18,High,718,0
360,김도윤,M,28,Silver,인천,2024-07-01,Low,607,0
361,김지우,M,69,Gold,강원,2024-10-28,High,786,0
362,임하은,F,39,Silver,인천,2024-02-08,Low,632,0
363,윤도윤,M,65,Bronze,경상,2024-12-26,Low,486,0
364,박예준,F,66,Bronze,인천,2020-12-29,Low,452,0
365,임예준,M,31,Bronze,제주,2023-06-06,Medium,483,1
366,오지호,M,42,Bronze,인천,2023-07-26,Low,497,1
367,오도윤,F,20,Silver,부산,2023-11-20,High,659,1
368,조주원,F,30,Bronze,세종,2024-12-10,Medium,589,0
369,이다은,M,30,Silver,제주,2024-09-28,High,720,0
370,강서윤,F,30,Bronze,강원,2020-07-09,Medium,573,0
371,황다은,M,47,Bronze,인천,2023-05-28,Low,545,1
372,최채원,F,62,Silver,부산,2020-07-15,High,705,0
373,권다은,M,23,Silver,대전,2020-06-28,Medium,581,0
374,김우진,M,60,Silver,경기,2022-08-27,Low,533,0
375,조다은,F,62,Silver,전라,2023-01-19,Medium,612,0
376,김시우,F,49,Silver,대구,2023-03-01,High,743,0
377,한하은,M,62,Silver,강원,2022-04-27,Low,537,0
378,권선우,F,54,Bronze,세종,2023-03-18,Low,507,0
379,이예준,M,52,Silver,강원,2024-06-27,Medium,687,0
380,윤서윤,M,33,Bronze,인천,2020-03-28,Medium,567,0
381,조우진,M,58,Silver,경상,2024-07-11,High,659,0
382,정선우,F,20,Bronze,충청,2023-04-18,Low,506,0
383,조지우,M,56,Silver,제주,2020-07-24,Low,562,0
384,장지유,F,36,Silver,세종,2023-03-17,Medium,657,1
385,정예준,M,59,Bronze,경상,2022-04-02,High,647,0
386,오다은,F,43,VIP,제주,2021-09-12,High,832,0
387,권하은,M,28,Silver,경상,2022-06-26,Low,552,0
388,이우진,F,33,Bronze,대전,2024-02-26,Low,568,0
389,강서연,M,24,Silver,강원,2022-04-06,High,708,1
390,최우진,M,35,VIP,서울,2022-01-08,Medium,738,0
391,권주원,F,60,Bronze,전라,2020-03-03,Medium,526,0
392,윤진우,F,42,Gold,대구,2024-03-13,Medium,738,0
393,김예준,M,30,Bronze,제주,2021-03-14,Low,473,1
394,조선우,M,69,Bronze,전라,2020-01-19,Low,431,1
395,박은서,M,34,Silver,제주,2021-09-17,Low,571,0
396,권지유,F,36,Gold,대구,2023-10-18,Medium,703,0
397,임하은,M,52,Bronze,광주,2023-02-23,Low,508,1
398,이도윤,F,60,Silver,대구,2021-06-18,Medium,618,0
399,한지아,M,29,Silver,부산,2020-04-26,Low,597,0
400,한지우,M,61,Silver,대구,2021-06-15,Low,528,0
401,오서연,M,41,Bronze,부산,2023-11-06,Low,553,0
402,장지아,M,62,Bronze,인천,2021-08-24,High,534,1
403,정수빈,M,63,Bronze,전라,2020-07-01,Medium,583,0
404,황도윤,F,36,Silver,세종,2024-10-09,High,794,0
405,한진우,M,50,Bronze,강원,2020-09-02,Low,510,1
406,권지우,M,32,Silver,충청,2022-07-26,High,712,0
407,박지호,F,41,Bronze,인천,2021-10-03,Low,566,0
408,박진우,M,51,Bronze,제주,2020-06-29,Medium,595,0
409,조예준,F,50,Silver,서울,2022-12-29,High,710,0
410,권선우,M,21,Bronze,전라,2024-02-11,Medium,544,0
411,강지아,M,26,Silver,충청,2021-09-18,High,705,0
412,오선우,F,47,Bronze,인천,2021-12-02,Low,504,0
413,신우진,M,45,VIP,부산,2024-01-29,Low,747,0
414,이지유,M,44,Bronze,대구,2024-04-28,Low,543,1
415,김하은,M,23,Bronze,대전,2022-06-28,Medium,496,1
416,오민준,F,46,Bronze,전라,2022-12-01,Medium,581,0
417,박채원,M,52,Bronze,경기,2021-08-01,Medium,615,0
418,정선우,M,42,Bronze,대구,2020-11-24,High,661,0
419,최다은,F,35,VIP,전라,2020-07-01,Medium,835,0
420,이선우,M,66,Bronze,대구,2023-08-12,Medium,488,0
421,정시우,F,23,Gold,인천,2024-11-25,High,711,0
422,오하은,M,68,Bronze,서울,2024-10-10,Medium,609,0
423,강지유,F,59,Silver,경상,2020-07-09,Medium,629,0
424,윤시우,F,64,Bronze,제주,2022-05-13,Low,526,0
425,이지우,M,30,Gold,충청,2022-09-15,Medium,698,0
426,강은서,M,63,Bronze,경상,2024-12-31,Medium,547,0
427,이채원,F,22,Gold,전라,2021-10-05,High,763,0
428,오진우,M,62,Bronze,강원,2022-12-07,Low,474,0
429,조수아,F,42,Bronze,전라,2022-02-27,Medium,633,0
430,김서윤,F,51,Bronze,경기,2024-03-18,Low,460,1
431,정서연,M,55,Bronze,대전,2024-07-31,Medium,525,0
432,권다은,F,40,Gold,세종,2024-03-06,Medium,753,0
433,조서연,M,25,Bronze,충청,2023-07-29,Medium,542,0
434,강지유,M,34,Bronze,광주,2023-02-21,Low,508,0
435,오지유,F,27,Gold,전라,2021-03-30,High,725,0
436,장선우,F,64,Gold,인천,2022-10-05,High,804,0
437,오채원,M,36,Bronze,부산,2020-09-04,Low,500,0
438,오도윤,M,68,Silver,전라,2024-09-11,Medium,637,1
439,황주원,F,62,Silver,강원,2020-10-02,Low,645,0
440,조진우,F,52,Bronze,인천,2023-11-17,Low,536,0
441,박하은,F,62,Bronze,광주,2022-10-29,Low,462,0
442,최시우,F,41,Bronze,세종,2024-07-06,Medium,621,0
443,오선우,F,64,Silver,광주,2023-12-28,Low,553,0
444,오지아,F,63,Gold,경상,2023-08-24,Low,640,0
445,장도윤,M,68,Silver,세종,2023-04-08,Medium,589,0
446,권수빈,F,47,Bronze,강원,2020-08-06,High,608,0
447,한서연,M,37,Bronze,인천,2021-08-09,Low,543,0
448,최수빈,M,42,Bronze,경기,2023-06-15,Low,546,0
449,권수아,F,35,Silver,제주,2024-06-23,Medium,660,0
450,조도윤,M,20,Bronze,부산,2023-06-24,Low,468,0
451,윤수아,F,68,Silver,경상,2023-05-20,High,655,0
452,한지호,M,31,Bronze,경기,2022-02-11,High,594,0
453,정지우,M,57,Bronze,서울,2021-11-07,Low,520,0
454,임서연,F,51,Bronze,강원,2022-01-03,High,640,0
455,장수아,M,53,Gold,강원,2020-11-22,Medium,717,0
456,최도윤,F,43,Silver,제주,2023-06-20,Medium,660,0
457,권민준,M,62,Silver,부산,2023-08-08,Medium,566,0
458,강예준,M,44,Silver,경상,2021-08-02,High,645,0
459,신지유,F,51,VIP,전라,2021-01-29,High,870,0
460,신수빈,M,60,Gold,전라,2023-07-13,Medium,718,0
461,조하은,M,54,Bronze,경상,2024-05-06,Medium,601,0
462,김주원,F,22,Gold,서울,2020-12-30,Medium,665,0
463,임수아,F,46,Silver,전라,2022-04-08,Medium,724,0
464,한은서,M,68,Bronze,서울,2023-12-06,Low,486,1
465,장하은,F,63,Silver,경기,2021-07-30,Low,542,0
466,윤서윤,M,28,Bronze,제주,2024-06-21,Low,525,1
467,한지우,F,63,Bronze,제주,2024-11-10,Low,441,1
468,장지우,M,22,VIP,충청,2022-03-18,High,869,0
469,정우진,F,33,Silver,전라,2024-10-09,Medium,654,0
470,최하은,M,62,Bronze,서울,2024-10-09,Low,533,0
471,장주원,M,38,Bronze,대구,2020-07-20,Medium,508,0
472,한수아,M,38,Bronze,부산,2021-10-12,Low,487,0
473,한지아,M,56,Silver,제주,2021-10-09,Low,596,0
474,오채원,F,43,Gold,경상,2021-11-10,Low,705,0
475,강지아,F,55,Gold,전라,2023-05-27,High,770,0
476,최시우,M,66,Gold,서울,2024-10-05,Medium,753,0
477,임진우,F,69,Silver,서울,2023-02-03,Medium,649,0
478,박지유,F,34,Bronze,충청,2024-02-10,Low,479,1
479,장선우,M,45,Silver,서울,2023-09-19,Medium,775,0
480,신선우,M,48,Gold,충청,2023-03-04,Medium,709,0
481,오다은,F,22,Gold,세종,2021-04-19,High,721,0
482,황지유,F,50,Bronze,서울,2020-03-22,Low,543,0
483,오선우,F,67,Silver,강원,2023-03-13,High,638,0
484,권지호,F,44,Bronze,부산,2022-11-23,Medium,563,0
485,강다은,F,58,VIP,인천,2022-06-19,High,880,0
486,박서윤,F,58,Bronze,경기,2023-09-15,Medium,596,0
487,오하은,F,63,Silver,부산,2023-04-24,High,694,1
488,임진우,M,28,Bronze,서울,2024-12-29,Low,502,1
489,정서윤,F,58,Bronze,전라,2020-02-08,Low,499,0
490,최주원,F,50,Gold,대전,2023-05-15,High,711,0
491,신서윤,F,30,Bronze,광주,2022-07-17,Low,545,1
492,김우진,F,29,Bronze,인천,2022-09-01,Low,526,0
493,황수빈,M,25,Silver,인천,2023-05-20,Medium,734,0
494,조선우,F,43,Bronze,경상,2022-12-21,Medium,595,0
495,윤예준,F,57,Bronze,제주,2024-09-10,Low,527,0
496,최지호,F,58,Bronze,대전,2021-06-11,Medium,582,0
497,신민준,M,53,VIP,전라,2021-02-24,High,839,0
498,한진우,F,36,Bronze,대전,2023-03-02,Medium,629,0
499,한예준,M,46,Silver,강원,2022-09-15,High,672,0
500,임지유,F,67,Gold,전라,2020-08-31,Medium,663,0
501,오서윤,M,33,Silver,제주,2021-11-24,Low,534,1
502,조민준,M,29,Silver,충청,2022-06-10,High,650,0
503,강지호,M,66,Silver,대전,2023-06-11,Medium,586,1
504,신서윤,F,48,VIP,전라,2024-07-04,High,950,0
505,신은서,M,59,Gold,서울,2022-01-06,High,783,0
506,신예준,F,62,Silver,충청,2021-02-14,Medium,640,0
507,이지호,F,66,Bronze,충청,2021-12-13,Medium,551,0
508,윤예준,M,36,Gold,강원,2020-08-06,Medium,708,0
509,강하은,F,54,Bronze,충청,2021-05-27,Low,585,0
510,신도윤,F,63,Silver,충청,2024-10-31,High,679,0
511,이예준,M,63,Bronze,제주,2021-10-08,Medium,540,0
512,정수아,F,25,Silver,경상,2024-08-08,Medium,679,0
513,박다은,F,42,Gold,충청,2021-07-05,High,782,0
514,오우진,M,67,Gold,대구,2021-02-27,High,637,0
515,권은서,F,29,Bronze,경기,2020-06-09,Low,481,0
516,장서연,F,43,Bronze,세종,2024-12-09,Low,487,0
517,윤서윤,F,45,Gold,충청,2020-09-19,High,798,0
518,장지유,F,63,Bronze,세종,2020-09-03,Low,466,0
519,오민준,M,63,Gold,충청,2020-07-25,High,736,0
520,최시우,F,59,Silver,인천,2022-10-18,Medium,619,0
521,신지유,F,45,Silver,인천,2023-03-16,High,689,0
522,정수아,F,44,Gold,제주,2024-02-21,High,771,0
523,박채원,F,28,Bronze,전라,2022-11-24,Low,491,1
524,권진우,M,45,Gold,인천,2020-05-02,High,827,0
525,권하은,F,67,Silver,광주,2022-01-07,Medium,638,1
526,이지유,M,56,Silver,전라,2023-01-07,High,677,0
527,강도윤,F,69,Bronze,경기,2022-02-19,Low,382,0
528,한도윤,F,60,Bronze,대전,2024-10-04,Low,532,1
529,강수아,F,40,Bronze,경상,2021-07-01,Low,468,0
530,강진우,F,46,Gold,서울,2020-09-13,Medium,786,0
531,오지호,M,30,Silver,경기,2020-05-10,Low,566,0
532,장지호,M,36,Bronze,경기,2023-09-03,Low,537,0
533,최수아,F,48,Bronze,인천,2022-12-14,Low,593,0
534,강다은,F,54,Bronze,강원,2022-06-30,Medium,605,0
535,장서윤,F,60,Bronze,충청,2022-06-09,Low,487,1
536,장수아,M,48,Silver,대전,2021-06-16,High,688,1
537,장지우,F,38,Silver,서울,2023-11-09,Low,648,1
538,조지아,M,20,Silver,부산,2022-04-23,Low,535,0
539,최서윤,F,44,Gold,경기,2022-05-14,Medium,663,0
540,오시우,F,61,Bronze,제주,2021-07-04,Medium,562,0
541,박지우,F,27,Bronze,충청,2022-07-16,Medium,551,1
542,김수빈,M,31,Bronze,대구,2021-07-05,Medium,552,0
543,김수아,M,29,VIP,부산,2021-12-01,High,840,0
544,오서연,F,25,Bronze,인천,2020-04-24,Medium,524,0
545,장다은,M,32,Bronze,대구,2024-07-31,Medium,678,0
546,조주원,M,67,Bronze,부산,2022-08-01,Low,488,1
547,한우진,F,44,Bronze,대구,2021-10-23,Medium,585,0
548,이시우,F,60,Silver,광주,2024-12-22,High,624,0
549,이수아,F,40,VIP,제주,2021-07-19,High,831,0
550,임다은,M,43,Bronze,부산,2020-11-18,Low,553,0
551,강서연,M,42,Bronze,경상,2023-01-03,Low,555,0
552,신지유,F,66,Gold,경상,2022-02-12,High,750,0
553,황서연,F,65,Silver,대구,2023-01-16,Medium,619,0
554,오주원,F,58,Bronze,강원,2020-11-24,High,643,0
555,정시우,F,49,VIP,전라,2022-11-02,High,858,0
556,신은서,M,40,Bronze,전라,2023-01-08,Low,542,1
557,한다은,M,59,Silver,대전,2023-08-05,Medium,688,1
558,박서윤,M,32,Gold,부산,2020-07-21,High,793,0
559,조다은,F,23,Silver,충청,2024-01-10,High,684,0
560,황지호,F,60,Gold,강원,2024-03-02,Low,638,0
561,강서연,F,53,VIP,경기,2024-09-04,High,950,0
562,오수아,F,32,Gold,전라,2021-05-24,Medium,675,0
563,장수빈,F,67,Gold,전라,2023-03-26,High,672,0
564,박서윤,F,52,Silver,인천,2022-12-29,Low,620,0
565,강도윤,F,43,Silver,전라,2022-05-31,Low,591,0
566,조수빈,F,43,Bronze,세종,2022-03-24,High,671,1
567,정은서,M,53,Gold,대구,2020-01-14,High,798,0
568,권시우,M,26,VIP,광주,2020-11-15,High,907,0
569,임수아,M,36,Bronze,경기,2023-03-14,Medium,651,0
570,신다은,M,51,Bronze,경상,2023-12-10,Low,502,0
571,임지아,M,66,Bronze,대전,2020-06-09,Low,511,0
572,조채원,M,69,Gold,전라,2024-10-05,Medium,662,1
573,신예준,M,39,Silver,광주,2023-01-10,Medium,636,0
574,한예준,F,68,Silver,강원,2020-07-03,Medium,664,0
575,조지우,M,41,Gold,충청,2024-03-06,High,771,0
576,신지우,M,50,Silver,세종,2022-03-20,Medium,674,0
577,임선우,M,35,Gold,제주,2022-05-30,High,800,0
578,조지유,F,32,Silver,충청,2023-09-04,High,682,0
579,강은서,F,59,Gold,서울,2024-08-02,High,750,0
580,이하은,M,35,Bronze,인천,2024-11-14,Low,513,1
581,강하은,F,48,Silver,광주,2021-03-04,Low,616,0
582,장다은,M,64,Bronze,서울,2022-02-10,Low,558,0
583,김시우,M,23,Silver,제주,2023-11-27,Medium,665,1
584,조시우,F,26,VIP,전라,2022-03-02,High,849,0
585,오하은,F,51,Bronze,강원,2020-06-29,Medium,550,0
586,김서연,M,53,Silver,세종,2022-03-16,Low,604,1
587,한지유,F,60,Silver,강원,2021-07-18,Low,522,0
588,권민준,F,34,Gold,대전,2023-09-07,High,701,0
589,장은서,M,46,Gold,인천,2022-05-23,Low,705,0
590,최지우,M,28,Silver,경상,2022-12-08,Low,560,0
591,황지우,M,40,Gold,강원,2024-01-13,High,751,0
592,신도윤,F,46,Silver,경상,2024-08-09,Low,679,0
593,정지우,M,26,Gold,서울,2024-04-10,Low,609,0
594,임수아,M,63,VIP,경기,2023-11-10,Medium,743,0
595,권은서,F,65,Bronze,인천,2024-10-11,Medium,516,1
596,조민준,F,46,Gold,전라,2021-02-19,Medium,738,0
597,황주원,F,64,Silver,세종,2024-12-22,Medium,630,0
598,조도윤,F,59,Bronze,충청,2023-05-01,Low,516,0
599,오서연,M,48,Silver,서울,2024-12-02,Low,565,0
600,장예준,M,32,Silver,대전,2024-12-16,Medium,635,0
601,윤서윤,F,38,Bronze,서울,2023-11-14,Low,582,0
602,오선우,M,31,Bronze,경상,2023-01-24,Medium,628,0
603,윤민준,M,49,Silver,경상,2021-02-17,Low,634,0
604,오서윤,M,25,Gold,세종,2023-07-22,High,779,0
605,조선우,M,44,Silver,서울,2024-04-22,High,673,0
606,박지우,M,69,Bronze,대전,2021-09-22,Medium,609,0
607,윤지아,M,27,Bronze,부산,2020-01-08,Low,509,0
608,장민준,F,35,Gold,전라,2022-09-01,Medium,779,0
609,임은서,M,35,Bronze,대구,2023-06-23,Low,546,1
610,김지유,M,29,Bronze,전라,2023-03-29,Low,485,1
611,황지호,M,26,Silver,인천,2020-11-26,Medium,593,0
612,신수빈,M,49,Bronze,광주,2020-03-14,High,605,0
613,강예준,M,68,Silver,강원,2020-05-12,Medium,650,0
614,장채원,M,64,Gold,서울,2020-08-11,Medium,756,0
615,장지호,F,66,Bronze,제주,2023-12-18,Medium,512,0
616,임지유,M,59,Silver,강원,2024-02-02,Medium,617,0
617,박은서,M,65,Silver,부산,2020-01-04,High,590,0
618,최은서,F,46,VIP,광주,2023-02-21,Medium,820,0
619,한우진,F,36,Bronze,대구,2021-09-06,Low,533,0
620,강예준,M,31,Gold,광주,2023-10-09,Medium,713,0
621,김지우,F,29,Bronze,강원,2021-11-17,Low,545,1
622,장지아,F,55,Silver,부산,2023-03-28,Medium,580,0
623,황지유,M,29,Silver,서울,2021-11-25,Low,526,0
624,조서윤,M,68,Silver,광주,2023-12-24,High,605,0
625,윤수아,F,48,Bronze,대구,2021-03-18,Low,552,1
626,최지호,F,52,VIP,세종,2022-10-21,High,889,0
627,윤선우,F,69,Silver,제주,2024-11-20,High,707,0
628,최서연,F,44,Bronze,강원,2020-08-25,High,639,0
629,한은서,M,41,Silver,서울,2020-07-30,Medium,646,0
630,정우진,F,32,Gold,대구,2022-12-26,High,730,0
631,이시우,M,30,Silver,서울,2023-06-29,Medium,680,0
632,정지우,F,56,Gold,경기,2021-09-29,Medium,740,0
633,윤서연,M,21,Silver,전라,2020-04-13,High,699,0
634,임진우,F,59,Silver,광주,2024-08-01,High,703,0
635,신수빈,M,68,Bronze,충청,2020-09-26,High,610,1
636,정주원,F,34,Bronze,인천,2024-10-29,Low,451,1
637,강예준,M,64,Bronze,광주,2024-06-03,Low,489,1
638,이지유,F,49,Bronze,대구,2024-04-21,Medium,636,0
639,장하은,F,65,Bronze,광주,2023-02-12,Low,492,0
640,조수아,M,55,Gold,세종,2022-02-25,High,737,0
641,오진우,F,47,Silver,광주,2023-01-20,Medium,692,0
642,오진우,F,27,Silver,세종,2021-10-28,Medium,692,0
643,박지아,F,24,Silver,전라,2024-07-25,Medium,625,0
644,김지호,M,28,Bronze,제주,2023-07-26,Low,477,0
645,한지우,F,54,Silver,충청,2023-03-29,Medium,687,0
646,신지아,F,65,Bronze,광주,2020-07-01,Low,558,0
647,장예준,M,38,Gold,강원,2020-04-18,High,681,0
648,정민준,M,47,Bronze,대전,2023-07-04,Medium,554,0
649,조채원,M,62,Gold,인천,2021-01-20,Medium,730,0
650,정지우,M,20,Gold,서울,2020-10-21,Medium,648,0
651,조지우,M,28,Bronze,대전,2024-10-27,Low,523,0
652,박주원,F,55,Bronze,대전,2021-12-28,Medium,542,0
653,김진우,F,66,Gold,강원,2021-07-05,Medium,643,0
654,임다은,F,27,Silver,경상,2020-06-12,High,679,0
655,권시우,F,53,Gold,충청,2020-06-30,High,744,0
656,한수빈,F,59,Gold,광주,2022-12-31,Medium,666,0
657,장다은,F,46,Silver,제주,2021-08-26,Medium,753,0
658,오진우,F,23,Bronze,충청,2020-12-12,Low,499,0
659,정은서,M,38,Silver,인천,2022-11-01,High,721,0
660,정시우,M,67,Gold,인천,2023-04-26,Medium,650,0
661,강서윤,F,64,Gold,인천,2024-06-25,Medium,822,0
662,임지우,F,68,Bronze,제주,2022-02-23,Medium,563,0
663,한서윤,M,56,Bronze,광주,2020-04-21,Low,510,1
664,조다은,F,50,Bronze,제주,2022-12-26,Medium,575,0
665,조다은,F,29,Silver,대전,2020-01-25,Medium,651,0
666,장서연,M,54,Bronze,대전,2023-06-04,Low,497,0
667,강시우,F,26,Silver,충청,2022-03-12,Medium,626,0
668,신우진,F,63,Bronze,인천,2021-10-03,Low,483,0
669,권지호,M,46,Gold,경기,2023-11-04,Medium,741,0
670,김은서,M,23,Bronze,전라,2024-09-07,Medium,572,0
671,이하은,M,58,Gold,전라,2024-04-13,Low,554,0
672,오서윤,F,38,Silver,경기,2023-08-01,Medium,622,0
673,신채원,F,36,Gold,경기,2021-07-21,Medium,708,0
674,권시우,M,48,Gold,부산,2023-06-03,High,809,0
675,이지우,F,33,Bronze,경기,2022-06-23,Low,522,0
676,정주원,M,51,Gold,전라,2020-01-02,Low,684,0
677,정지우,F,45,Silver,강원,2023-12-20,Low,562,0
678,신지호,M,20,Silver,경상,2024-08-02,Low,552,1
679,장지유,F,63,Silver,서울,2023-07-18,Low,557,0
680,강지호,F,68,Bronze,전라,2021-02-19,Medium,509,1
681,조우진,F,64,Silver,경기,2023-07-15,Medium,557,0
682,최지우,M,32,VIP,충청,2021-05-03,High,837,0
683,장지아,F,54,Bronze,제주,2022-07-09,Low,571,0
684,오서연,F,27,Gold,전라,2023-09-28,Medium,713,0
685,권수빈,M,67,Silver,경기,2020-03-16,Low,542,0
686,임서연,M,64,Bronze,서울,2020-12-18,Low,510,0
687,권하은,F,59,Gold,충청,2020-05-10,Medium,746,0
688,최지호,M,47,Silver,경상,2023-10-21,Medium,694,0
689,한진우,M,40,Bronze,제주,2021-03-12,Low,504,1
690,박채원,M,64,Silver,인천,2022-06-17,Medium,620,0
691,박하은,F,69,Gold,세종,2020-06-14,High,737,0
692,황지아,F,64,Bronze,제주,2022-09-01,Low,525,1
693,한시우,F,46,Gold,인천,2023-06-04,Medium,682,0
694,이지아,F,46,VIP,부산,2021-01-28,High,818,0
695,이은서,F,68,Bronze,강원,2021-03-25,Low,460,1
696,이지우,F,51,Gold,전라,2020-03-29,High,765,0
697,최채원,F,41,Bronze,제주,2022-07-17,High,639,0
698,신민준,F,52,Gold,부산,2024-01-17,Medium,644,0
699,조우진,F,34,Bronze,광주,2021-04-11,High,613,0
700,최지호,F,57,Silver,대전,2020-10-23,Medium,559,0
701,박예준,F,28,Silver,부산,2023-07-18,Medium,635,1
702,임서연,F,28,Gold,세종,2022-07-28,Medium,745,0
703,최지아,M,60,Bronze,인천,2023-03-29,Low,520,0
704,윤우진,F,49,Silver,경상,2022-05-26,Low,591,0
705,강채원,M,57,Bronze,충청,2020-01-11,Medium,688,0
706,장서연,F,53,Silver,제주,2024-06-22,Medium,698,0
707,윤수아,M,55,Bronze,경상,2024-02-07,Medium,602,0
708,이민준,F,62,Silver,경상,2022-07-29,Low,616,0
709,김주원,F,69,Gold,경상,2022-04-10,High,768,0
710,김지호,F,64,Silver,서울,2021-08-30,Medium,599,0
711,임수빈,M,63,Gold,광주,2024-02-15,Low,562,0
712,김하은,F,43,Silver,서울,2022-01-18,Medium,656,0
713,오지호,M,28,Bronze,부산,2023-01-10,Medium,476,0
714,오우진,M,40,Silver,대구,2022-10-28,Medium,677,0
715,이지유,F,48,Silver,강원,2024-08-25,High,699,0
716,정주원,F,63,Bronze,제주,2024-12-13,High,561,0
717,윤지호,M,45,Bronze,대구,2020-06-06,Medium,584,0
718,권우진,M,38,Silver,전라,2023-01-13,Low,666,0
719,조주원,M,38,Gold,서울,2024-11-20,Medium,759,0
720,임도윤,F,51,Silver,경상,2022-12-21,Low,563,0
721,정진우,M,39,Gold,대구,2021-04-09,Medium,802,0
722,강지아,F,30,Bronze,인천,2023-12-28,Low,497,1
723,박지우,M,35,Gold,광주,2023-03-22,High,783,0
724,김도윤,F,29,Silver,강원,2020-11-28,Medium,665,0
725,김예준,F,69,Gold,세종,2021-10-17,High,779,0
726,한지아,F,38,Bronze,제주,2023-03-20,Low,525,0
727,오주원,F,64,Gold,세종,2020-03-23,High,727,0
728,권수아,F,42,Gold,서울,2023-05-30,Medium,724,0
729,최시우,M,21,Gold,세종,2023-10-18,Medium,720,0
730,강은서,M,62,Silver,인천,2024-01-06,Low,604,0
731,강민준,F,42,Silver,세종,2024-11-25,Medium,682,0
732,조주원,F,30,Bronze,대전,2024-02-01,Low,591,1
733,임은서,M,29,Gold,세종,2024-11-11,Medium,662,0
734,조지호,M,46,Bronze,대구,2022-04-28,Medium,674,0
735,임지우,M,31,Bronze,대구,2023-02-08,Low,524,0
736,윤수빈,F,34,VIP,서울,2020-11-11,High,799,0
737,권다은,M,61,Bronze,대구,2022-05-04,Medium,617,1
738,신시우,F,24,Silver,광주,2023-04-05,Medium,578,0
739,정다은,M,43,Silver,충청,2020-02-05,Low,612,0
740,황지우,F,30,Gold,광주,2022-05-09,Medium,721,0
741,김지아,F,53,Bronze,경기,2022-11-18,Medium,547,0
742,박수빈,F,40,Bronze,전라,2024-06-26,Medium,545,0
743,오지유,M,54,Silver,인천,2020-01-27,High,701,0
744,황서윤,M,33,Gold,부산,2024-08-30,High,828,0
745,임선우,M,46,Silver,경기,2020-08-26,Low,645,0
746,강지우,F,58,Silver,광주,2020-12-18,Low,558,1
747,권하은,M,28,Bronze,인천,2023-11-10,Medium,584,1
748,오하은,M,21,Bronze,제주,2022-06-02,High,604,1
749,신선우,M,50,Gold,대구,2020-03-29,High,751,0
750,황은서,M,57,Bronze,인천,2023-10-05,Medium,511,1
751,권시우,F,42,Gold,강원,2024-05-18,Medium,737,0
752,임민준,M,65,Gold,대구,2020-12-17,Low,671,0
753,오하은,M,52,Bronze,세종,2022-01-20,Low,558,1
754,권지유,F,47,Gold,부산,2022-04-14,High,839,0
755,이주원,M,53,Gold,제주,2022-01-09,Medium,724,0
756,이예준,F,49,Bronze,대구,2023-11-08,Low,530,0
757,장채원,F,47,Gold,경기,2024-09-18,Medium,770,1
758,한다은,M,45,Silver,전라,2023-10-17,High,700,0
759,조진우,M,67,Bronze,인천,2020-05-12,Medium,548,0
760,조하은,M,47,Bronze,대구,2024-04-15,Low,560,0
761,정예준,F,50,Bronze,대전,2022-09-19,Low,561,1
762,윤다은,M,60,Bronze,서울,2020-07-22,Low,545,0
763,윤민준,M,44,Bronze,광주,2020-11-08,Medium,546,0
764,장다은,F,32,Silver,세종,2022-10-01,Medium,592,0
765,신수빈,M,68,VIP,대전,2024-12-07,Medium,724,0
766,윤서연,M,31,Silver,제주,2021-09-12,Low,603,0
767,조지우,F,65,Silver,제주,2020-08-12,Medium,559,0
768,윤다은,M,52,Gold,대구,2022-10-10,Medium,738,0
769,한지유,F,40,Gold,충청,2020-04-02,High,736,0
770,신도윤,F,26,Silver,광주,2022-04-23,Medium,694,0
771,최수아,F,57,Gold,경상,2020-05-14,Low,668,0
772,김주원,F,56,Silver,대전,2021-06-30,High,706,0
773,김도윤,F,56,Silver,충청,2020-07-19,Low,628,0
774,장도윤,M,59,Silver,대전,2021-02-17,Medium,675,0
775,신지호,M,38,Silver,대구,2023-03-20,Medium,674,0
776,권진우,M,57,Silver,경기,2023-03-06,Low,645,0
777,최지유,M,61,Bronze,강원,2024-07-04,Medium,552,0
778,정은서,F,62,Bronze,인천,2024-12-09,High,590,0
779,권서윤,F,33,Bronze,경상,2022-08-15,Medium,522,0
780,황채원,M,53,Gold,세종,2020-10-29,High,729,0
781,신지아,F,46,Silver,경기,2023-07-22,Medium,601,0
782,정은서,M,45,Gold,인천,2021-01-28,High,823,0
783,정주원,F,55,Bronze,대전,2023-08-17,Low,544,1
784,신시우,M,61,Bronze,경상,2022-09-22,Low,540,1
785,황지호,F,58,Silver,경기,2022-04-13,Low,540,0
786,권지우,M,27,Silver,강원,2020-09-04,Medium,566,0
787,신선우,F,51,Bronze,부산,2023-05-13,Medium,607,0
788,조수아,F,33,Gold,인천,2021-03-14,Low,616,0
789,정진우,M,51,Silver,경상,2020-08-19,Medium,611,0
790,황지우,F,50,Bronze,대구,2020-02-13,Low,562,0
791,김서연,M,36,Silver,대구,2023-08-01,Low,557,1
792,권수아,F,44,VIP,대전,2021-06-07,High,910,0
793,신수아,F,33,Bronze,인천,2022-06-17,Low,559,0
794,김시우,M,69,Bronze,세종,2024-02-18,Medium,493,0
795,오채원,M,30,Bronze,강원,2020-05-15,Medium,511,0
796,윤민준,M,61,Bronze,전라,2022-06-27,Low,466,1
797,조우진,F,40,Silver,경기,2020-11-19,Medium,649,0
798,박은서,F,40,Silver,경상,2020-09-30,Medium,598,0
799,권도윤,F,32,Gold,광주,2021-01-07,High,705,0
800,김민준,M,25,Bronze,부산,2021-06-20,Low,562,1
801,조은서,F,58,Silver,경기,2022-01-23,High,683,0
802,신주원,F,27,Gold,부산,2021-01-25,Low,647,0
803,정지아,F,44,Gold,부산,2023-05-13,High,813,0
804,박채원,M,21,Silver,대구,2021-04-27,Medium,552,0
805,강진우,F,25,VIP,인천,2024-11-19,High,808,0
806,오채원,F,24,Gold,서울,2020-04-16,High,672,0
807,황지유,M,20,Silver,충청,2022-02-19,Medium,579,0
808,장서연,M,36,Gold,세종,2021-11-25,Low,698,0
809,강선우,F,29,Silver,광주,2020-03-31,Low,472,0
810,강채원,F,36,Bronze,제주,2021-06-24,Low,535,0
811,박도윤,F,68,Bronze,강원,2024-10-13,Low,451,1
812,김수아,M,22,Silver,인천,2023-12-16,Medium,577,1
813,황다은,M,48,Silver,경상,2023-02-22,Medium,587,0
814,이지유,M,33,Bronze,인천,2024-09-05,Medium,573,0
815,정진우,M,57,Bronze,서울,2022-12-13,Low,548,1
816,윤하은,F,21,Silver,전라,2020-09-06,Medium,691,0
817,이도윤,M,21,Gold,경상,2023-09-12,Medium,658,0
818,강서연,F,40,Bronze,경상,2024-06-20,Low,512,1
819,김지아,F,23,Bronze,강원,2023-05-18,Medium,519,0
820,권예준,M,21,Bronze,인천,2022-03-06,Low,494,1
821,신지우,M,39,Silver,대전,2024-02-16,Low,582,1
822,한하은,F,52,Gold,세종,2024-12-18,High,841,0
823,임채원,M,68,Silver,광주,2023-06-11,High,647,0
824,윤수아,M,51,Silver,전라,2022-12-10,High,702,0
825,이다은,F,29,Bronze,전라,2021-09-07,Low,476,1
826,이서연,M,52,Silver,경기,2022-08-09,Medium,660,0
827,정지유,F,57,Gold,강원,2020-02-03,High,746,0
828,조서연,M,46,Bronze,대구,2021-10-04,Low,513,0
829,한주원,F,41,Bronze,제주,2021-01-18,Medium,695,0
830,한하은,F,54,VIP,대전,2020-08-26,High,908,0
831,윤예준,F,39,Bronze,충청,2022-01-08,Low,593,0
832,이지우,M,20,Gold,서울,2023-11-26,Low,606,0
833,최다은,M,61,Gold,전라,2024-10-23,Medium,722,0
834,윤채원,M,27,Gold,인천,2024-02-22,Medium,741,0
835,윤민준,F,57,Gold,대구,2023-03-12,Medium,681,0
836,권채원,F,51,Bronze,충청,2024-02-06,Low,557,1
837,윤예준,F,52,Silver,충청,2023-10-21,Low,624,1
838,김채원,F,55,Gold,전라,2022-05-04,Low,653,0
839,임지유,F,64,Silver,인천,2021-08-12,Low,537,0
840,임도윤,F,28,Bronze,경상,2023-12-27,Medium,578,0
841,한지유,F,30,Bronze,대구,2023-11-15,Low,499,1
842,임다은,M,46,Bronze,세종,2021-09-13,Medium,576,0
843,김지유,F,42,Bronze,인천,2024-08-22,Low,462,1
844,이은서,M,27,Silver,세종,2021-06-12,Low,578,0
845,신서연,F,29,Bronze,강원,2023-05-22,Low,485,0
846,윤하은,M,59,Bronze,경기,2024-08-13,Low,421,1
847,박하은,M,43,Gold,대구,2023-12-21,Medium,670,0
848,한지유,F,28,Gold,부산,2022-06-18,Low,647,0
849,김수아,F,41,Silver,인천,2020-06-23,Medium,656,0
850,최지우,F,34,Gold,대전,2022-04-26,Low,609,0
851,권선우,F,21,Silver,제주,2020-01-21,Low,534,0
852,조서윤,F,23,Silver,서울,2023-09-14,Low,548,1
853,임서연,F,46,Silver,전라,2023-12-06,Medium,642,0
854,김시우,M,64,Silver,전라,2021-02-24,Low,642,0
855,임주원,F,61,Silver,부산,2024-12-09,Medium,675,0
856,오지우,F,33,Gold,강원,2021-10-01,Medium,718,0
857,박민준,M,54,Silver,부산,2024-08-31,Low,587,1
858,김지유,F,60,Silver,경기,2020-04-07,Low,463,0
859,윤지아,M,49,Silver,부산,2024-07-07,Low,549,0
860,한수빈,M,42,Silver,전라,2024-05-26,Low,573,0
861,박예준,M,26,Silver,충청,2021-01-29,Low,568,0
862,권채원,M,25,Gold,인천,2022-09-02,High,773,0
863,한선우,F,57,Silver,제주,2022-03-19,Low,530,0
864,오다은,F,30,Gold,인천,2022-09-19,Medium,681,0
865,오선우,M,64,Gold,세종,2020-03-07,Medium,746,0
866,임채원,M,27,Silver,대구,2020-03-23,Medium,626,0
867,정지유,F,38,Silver,제주,2020-10-19,High,704,0
868,황지아,M,31,Bronze,세종,2020-01-05,Medium,563,0
869,권서연,F,50,Silver,충청,2022-07-15,Low,613,0
870,임지우,M,52,Bronze,제주,2022-07-10,Low,490,1
871,오도윤,M,59,Bronze,대전,2022-03-04,Medium,530,0
872,황주원,F,61,Gold,인천,2023-12-19,High,790,0
873,신지아,M,61,Silver,부산,2023-06-21,Medium,644,0
874,신다은,M,27,Bronze,강원,2021-01-03,Low,409,1
875,최수아,F,25,Bronze,충청,2021-10-18,Medium,646,1
876,조서윤,F,21,Bronze,광주,2022-02-21,Medium,562,1
877,이수빈,M,38,Gold,대구,2024-04-22,High,770,0
878,임도윤,M,21,Bronze,대구,2022-03-09,High,628,1
879,황도윤,F,44,Bronze,경기,2020-04-16,Medium,595,0
880,신선우,F,27,Silver,광주,2022-08-09,Medium,586,1
881,김채원,M,21,Silver,충청,2023-10-14,High,664,0
882,임채원,F,25,Bronze,강원,2021-02-20,Low,452,1
883,장서윤,M,54,Bronze,강원,2022-07-14,High,684,0
884,한서윤,M,23,Bronze,세종,2021-07-13,Low,385,0
885,조지유,M,57,Bronze,대구,2020-04-03,Medium,555,1
886,오하은,M,66,Silver,대구,2024-12-03,Medium,606,0
887,신도윤,F,60,Silver,제주,2023-12-20,Medium,642,0
888,윤은서,F,21,Bronze,인천,2023-08-16,Low,594,0
889,김민준,M,46,Silver,경상,2023-12-11,Medium,652,0
890,한지호,M,62,Silver,경기,2021-12-23,Low,590,0
891,임지유,F,31,Bronze,제주,2023-11-28,Low,537,1
892,김수아,M,68,Silver,경상,2022-01-02,High,687,0
893,한지아,M,34,Bronze,광주,2020-03-16,Medium,621,0
894,최예준,M,37,Silver,세종,2020-12-15,Medium,629,0
895,임은서,M,24,Silver,경상,2020-05-13,High,731,0
896,오시우,M,63,VIP,경상,2023-10-20,High,798,0
897,장주원,M,47,Bronze,전라,2020-04-16,Low,500,0
898,이선우,F,51,Silver,제주,2020-03-30,Low,674,0
899,정채원,F,40,VIP,부산,2021-11-16,High,846,0
900,오채원,M,35,Gold,광주,2021-09-28,High,781,0
901,김다은,F,21,Silver,전라,2021-11-15,Low,550,0
902,권서연,F,53,Bronze,경기,2024-05-07,Low,580,0
903,이주원,M,25,Bronze,서울,2022-02-11,Medium,578,1
904,황주원,M,39,Bronze,대전,2020-05-14,Medium,583,1
905,김지아,F,45,Gold,제주,2022-04-21,High,737,1
906,조주원,F,59,Bronze,광주,2023-08-26,Low,475,0
907,윤선우,F,57,Gold,경기,2020-01-26,Medium,774,0
908,임지우,F,42,Silver,경상,2023-06-25,Medium,694,0
909,신서연,M,28,Silver,대전,2022-11-16,Low,580,0
910,신지우,M,50,Silver,광주,2021-08-19,Medium,630,1
911,임지우,M,35,Silver,강원,2024-10-24,High,654,0
912,최지호,F,32,Bronze,경상,2023-11-17,Low,601,0
913,강진우,F,59,Silver,광주,2020-11-28,High,752,0
914,황민준,M,64,Gold,충청,2021-03-12,High,698,0
915,권도윤,F,33,Silver,서울,2022-01-13,High,658,0
916,윤우진,F,22,Bronze,부산,2021-02-09,Medium,579,0
917,정서윤,F,55,Gold,부산,2020-02-14,High,783,0
918,박예준,M,41,Bronze,대구,2022-07-23,Medium,613,0
919,한서윤,F,65,Gold,인천,2024-12-12,Low,627,0
920,강도윤,F,60,Gold,서울,2024-04-11,Medium,684,0
921,장지아,M,40,Gold,전라,2024-06-17,High,818,0
922,윤우진,M,50,Bronze,충청,2020-05-12,Medium,629,0
923,황선우,F,51,Silver,인천,2021-10-21,Low,559,0
924,윤시우,F,60,Bronze,충청,2023-08-23,High,612,0
925,최주원,M,45,Gold,대전,2024-12-25,High,827,0
926,이지우,M,38,Silver,광주,2021-04-16,Medium,729,0
927,임도윤,F,48,Silver,대전,2022-01-22,Low,588,0
928,최시우,M,42,Bronze,대구,2024-09-21,Low,570,0
929,이시우,M,26,Gold,광주,2020-03-19,Medium,679,0
930,오시우,M,65,Bronze,인천,2024-10-17,Low,531,0
931,황시우,M,69,Silver,광주,2024-05-22,Low,620,0
932,김다은,M,45,Gold,경상,2024-03-14,High,760,0
933,임수빈,F,66,Bronze,광주,2024-06-09,High,613,0
934,조우진,F,48,Bronze,서울,2022-02-06,Medium,560,0
935,정민준,F,62,Bronze,광주,2021-04-06,Medium,554,0
936,장지아,F,57,VIP,제주,2020-03-06,Medium,742,0
937,강진우,F,44,Gold,대전,2020-05-10,Medium,742,0
938,윤지아,M,30,Gold,강원,2020-12-29,High,777,0
939,윤민준,M,32,Gold,대전,2021-08-04,High,747,0
940,강선우,M,30,Silver,대전,2022-03-11,High,737,0
941,장채원,F,67,Gold,부산,2020-09-23,Low,592,0
942,박은서,F,57,Gold,경상,2023-11-03,Medium,778,0
943,박주원,M,45,Bronze,부산,2022-12-12,Medium,552,0
944,김지호,F,61,Bronze,세종,2021-12-11,Low,490,0
945,정예준,M,46,Gold,충청,2024-02-10,Medium,691,0
946,이예준,M,35,Bronze,인천,2021-07-14,Low,573,0
947,한지호,M,51,Silver,제주,2023-02-06,High,669,0
948,신도윤,F,48,Gold,부산,2022-11-02,High,834,0
949,한주원,F,41,Bronze,부산,2022-03-23,High,644,0
950,한주원,F,49,Gold,강원,2023-09-07,High,847,0
951,박다은,F,30,Gold,서울,2023-05-28,High,746,0
952,이민준,F,29,Silver,인천,2021-03-19,Low,627,0
953,장우진,F,64,VIP,전라,2024-07-19,High,799,0
954,오지아,F,23,Silver,서울,2024-04-30,Medium,559,0
955,최지유,M,32,Gold,대전,2020-02-27,Low,636,0
956,최하은,M,66,Gold,대전,2022-11-15,High,752,0
957,장우진,M,54,Silver,대전,2020-09-04,Medium,692,1
958,한도윤,M,44,Gold,부산,2020-05-15,Medium,756,0
959,임지유,M,24,Bronze,대전,2021-09-09,Low,357,0
960,신진우,M,36,Bronze,충청,2021-10-26,Low,535,0
961,한지우,F,31,Bronze,경상,2021-10-13,Low,502,1
962,황진우,F,44,Silver,경상,2021-04-21,Medium,652,0
963,김수아,M,59,Bronze,경기,2021-09-24,Medium,543,1
964,박지유,F,38,Gold,대전,2021-02-22,Medium,747,0
965,오은서,F,67,Bronze,인천,2021-07-23,Medium,542,0
966,조지아,M,34,Bronze,광주,2021-12-02,Medium,558,0
967,황수아,M,58,Bronze,강원,2021-10-20,Medium,559,0
968,최서연,M,33,Gold,인천,2023-04-28,Medium,699,0
969,최수아,M,47,Bronze,대구,2020-12-02,Low,535,0
970,정진우,F,60,Gold,제주,2022-09-12,High,784,0
971,조예준,M,50,Silver,강원,2023-06-02,Low,609,0
972,김예준,F,25,Bronze,대구,2023-05-03,Low,436,0
973,박시우,F,49,Silver,대구,2022-02-07,Medium,629,0
974,최지우,M,20,VIP,강원,2024-02-04,Medium,754,0
975,황채원,F,67,Silver,세종,2021-09-22,Medium,575,1
976,황하은,F,56,Gold,제주,2022-06-12,Low,628,0
977,신지유,F,60,Bronze,경상,2020-04-28,Low,568,0
978,김지유,M,64,Bronze,인천,2021-06-19,Low,480,0
979,박시우,M,58,Silver,전라,2024-09-19,High,703,0
980,조예준,M,53,Bronze,대전,2020-12-05,Low,546,0
981,정선우,F,57,Silver,대전,2024-03-21,Low,577,0
982,신지유,M,37,Bronze,경상,2022-03-26,Low,517,1
983,박다은,M,26,Gold,경상,2022-05-05,Medium,673,0
984,강서윤,M,32,Silver,강원,2020-08-13,Medium,586,0
985,박우진,M,67,Gold,제주,2021-01-27,High,763,0
986,임하은,M,25,Silver,대전,2020-09-12,Medium,616,0
987,임수아,F,51,Bronze,경기,2020-01-20,High,645,0
988,김하은,M,53,Bronze,대전,2023-05-19,Low,530,0
989,정다은,F,68,Silver,대전,2021-11-20,Medium,729,0
990,강예준,F,59,Gold,광주,2024-11-23,High,661,0
991,윤예준,M,21,Bronze,강원,2021-07-26,Low,480,0
992,한다은,F,62,Gold,전라,2024-07-22,High,729,0
993,권서연,F,63,Silver,충청,2022-09-19,Medium,627,0
994,황다은,M,66,Silver,충청,2021-02-03,Low,539,0
995,황진우,M,28,Silver,경기,2021-09-09,Low,698,0
996,황주원,M,50,Bronze,부산,2021-05-13,Medium,592,0
997,한지호,M,47,Bronze,서울,2020-11-24,Low,516,0
998,오시우,F,62,Gold,인천,2022-12-30,Medium,744,0
999,신도윤,M,56,Bronze,충청,2020-05-12,Low,464,0
1000,조수빈,F,34,Gold,경기,2021-08-18,High,804,0
1001,오진우,M,67,Bronze,충청,2022-01-23,Medium,524,0
1002,정서연,M,44,Bronze,광주,2024-04-28,Medium,631,0
1003,신지우,M,26,Silver,강원,2024-10-11,Medium,698,0
1004,윤주원,M,58,Silver,경상,2023-09-24,Low,655,0
1005,김은서,F,39,Silver,경상,2020-09-09,Medium,695,0
1006,최다은,F,65,Bronze,서울,2024-07-17,Medium,497,0
1007,최수아,M,69,Gold,세종,2024-01-29,High,788,0
1008,김수빈,F,41,Silver,세종,2021-12-14,Low,599,0
1009,장지아,F,64,Bronze,경상,2024-10-19,Low,538,0
1010,권서연,F,49,Bronze,충청,2020-10-08,Medium,615,0
1011,황지우,M,33,Bronze,부산,2024-02-14,Low,458,1
1012,신지우,F,47,Bronze,인천,2020-04-25,High,704,0
1013,박서연,M,52,Bronze,충청,2022-06-07,Low,506,1
1014,최예준,F,39,Bronze,인천,2023-08-29,Low,505,0
1015,신지호,F,61,Silver,전라,2023-08-30,Medium,659,0
1016,한선우,M,21,Silver,충청,2022-09-09,Medium,611,0
1017,신진우,M,44,Silver,전라,2023-12-10,Medium,648,1
1018,황수빈,M,45,Bronze,서울,2022-03-17,Low,527,0
1019,신선우,F,24,Silver,충청,2023-01-08,Low,555,0
1020,한하은,M,58,Bronze,서울,2023-02-10,Medium,550,0
1021,김지우,M,61,Gold,강원,2021-06-09,Low,759,0
1022,강수빈,M,47,Bronze,전라,2020-01-01,Medium,619,1
1023,장지아,F,28,Silver,경상,2021-10-02,Medium,677,0
1024,최하은,M,35,VIP,인천,2021-09-05,Medium,801,0
1025,박은서,M,57,Silver,인천,2024-02-02,Medium,667,0
1026,황서윤,F,49,Gold,대구,2023-10-17,Medium,748,0
1027,장우진,M,60,Bronze,전라,2023-11-28,Low,498,0
1028,장은서,M,46,Bronze,광주,2024-06-01,Medium,544,1
1029,임수아,M,37,Gold,경기,2023-11-01,Medium,787,0
1030,강시우,M,34,Silver,경기,2022-02-11,Low,603,0
1031,이하은,M,53,Bronze,대구,2023-04-20,Low,486,0
1032,권지아,F,58,Gold,서울,2020-12-15,High,763,0
1033,박지유,F,50,Silver,대구,2020-01-20,Medium,651,0
1034,임시우,M,66,Bronze,광주,2023-12-19,Low,422,0
1035,조주원,M,48,Bronze,제주,2022-08-17,Low,528,0
1036,황수아,F,60,Bronze,대구,2022-04-12,Low,551,0
1037,한지호,M,66,Gold,경기,2020-12-04,Medium,708,0
1038,신민준,F,63,Silver,경상,2020-10-06,Medium,656,0
1039,한수빈,M,45,VIP,부산,2024-08-29,Medium,791,0
1040,최선우,M,58,Silver,인천,2023-10-13,Low,519,0
1041,황수아,M,24,Silver,인천,2022-11-18,Medium,654,0
1042,이도윤,M,54,Bronze,경기,2021-08-17,Medium,609,0
1043,최민준,F,33,Bronze,전라,2022-11-21,Low,553,0
1044,윤서연,F,20,Bronze,광주,2021-09-03,Medium,549,1
1045,황서윤,F,42,VIP,대전,2022-10-04,High,770,0
1046,황다은,M,29,Bronze,대구,2021-04-08,Low,494,0
1047,강채원,M,54,Bronze,경기,2022-06-17,Low,514,0
1048,김지유,M,27,Gold,서울,2020-09-30,High,768,0
1049,황서연,M,62,Gold,세종,2023-09-24,Low,684,0
1050,한지우,F,68,Bronze,대전,2022-10-24,Low,511,0
1051,권예준,M,27,Bronze,제주,2020-02-13,Medium,566,0
1052,김도윤,F,58,Bronze,대전,2022-09-10,Medium,575,0
1053,신채원,M,59,Gold,강원,2021-01-17,High,768,0
1054,최채원,M,50,Bronze,제주,2020-07-30,Low,455,0
1055,박우진,M,34,Gold,대전,2020-03-19,High,767,0
1056,최지호,M,44,Silver,대구,2023-12-04,Medium,686,0
1057,강채원,F,23,Silver,전라,2020-04-15,Medium,606,0
1058,조수아,F,23,Gold,서울,2020-04-16,Medium,712,0
1059,정다은,F,58,Gold,인천,2021-05-31,Low,627,0
1060,김수빈,M,41,Silver,제주,2022-01-10,Low,630,0
1061,임지유,M,61,Silver,충청,2022-02-25,High,734,0
1062,김진우,M,32,Bronze,경기,2020-06-02,Low,544,0
1063,정다은,M,54,Bronze,서울,2020-09-18,Medium,566,0
1064,권수빈,F,43,Silver,경상,2020-08-28,Low,595,1
1065,조선우,M,30,Silver,경상,2020-09-21,Medium,653,0
1066,최예준,F,63,Silver,강원,2020-06-02,High,686,0
1067,조수빈,F,45,Bronze,부산,2021-01-11,High,596,1
1068,황선우,F,52,Bronze,강원,2021-06-14,Medium,571,0
1069,오시우,M,30,Gold,강원,2021-05-02,High,698,0
1070,박시우,M,61,Bronze,부산,2022-12-30,Medium,496,0
1071,한은서,F,40,Gold,경상,2024-12-15,Medium,727,0
1072,강서연,M,42,Gold,대구,2020-12-27,High,744,0
1073,한진우,M,66,Bronze,대전,2023-09-01,Medium,501,1
1074,윤수아,F,37,Gold,전라,2024-07-12,Low,636,0
1075,윤수아,F,43,Gold,세종,2020-07-10,Medium,663,0
1076,임다은,M,61,Silver,대구,2020-11-29,Low,598,0
1077,한은서,M,24,Gold,대전,2021-05-17,Medium,655,0
1078,박민준,M,44,Silver,경기,2024-08-19,High,682,0
1079,황서연,M,35,Bronze,대구,2020-10-19,Low,477,1
1080,신하은,F,65,Gold,인천,2022-09-10,Medium,638,0
1081,권서윤,F,41,Silver,부산,2020-04-24,Medium,659,1
1082,김하은,F,26,Silver,대전,2020-10-17,High,739,0
1083,최채원,F,29,Silver,대구,2021-04-07,Low,555,0
1084,황하은,F,30,Bronze,부산,2020-07-27,Low,454,1
1085,이은서,F,27,Silver,경기,2020-03-29,Medium,661,0
1086,한채원,M,62,Bronze,충청,2024-08-01,Medium,614,0
1087,정다은,F,36,Bronze,경상,2024-06-23,High,738,0
1088,한지우,F,29,Silver,경상,2024-06-19,Low,581,0
1089,이하은,F,66,Silver,경기,2021-10-23,Low,566,0
1090,조다은,F,58,Bronze,광주,2020-10-10,Low,545,0
1091,최예준,F,55,Silver,강원,2022-10-05,Medium,682,0
1092,조선우,M,64,Gold,광주,2020-01-06,High,724,0
1093,강수빈,F,28,Bronze,서울,2021-12-16,Medium,610,1
1094,윤지우,F,35,Gold,부산,2020-04-24,Medium,678,0
1095,오지우,F,66,VIP,대전,2022-01-31,High,841,0
1096,임서윤,M,29,Silver,경기,2021-05-16,High,722,0
1097,권채원,M,68,Gold,경상,2020-10-13,Medium,669,0
1098,강주원,M,38,Gold,서울,2024-12-09,Medium,702,0
1099,박선우,M,20,Silver,대전,2023-10-24,Low,489,1
1100,임선우,F,65,Gold,인천,2021-07-10,Low,637,0
1101,박우진,F,59,Gold,대전,2021-01-11,Medium,763,0
1102,오주원,F,40,Bronze,대전,2024-08-21,Medium,586,1
1103,강채원,M,37,Gold,경기,2022-01-12,Medium,740,0
1104,장하은,M,33,Silver,제주,2021-09-25,High,682,0
1105,황서연,M,37,Gold,충청,2023-03-02,High,830,0
1106,이지아,M,42,Bronze,대전,2022-10-21,Medium,591,0
1107,오지유,M,64,Bronze,광주,2022-04-14,Low,462,0
1108,김진우,F,50,Silver,서울,2021-08-17,High,713,0
1109,이지호,M,33,Bronze,전라,2020-10-15,Low,564,0
1110,오은서,F,48,Bronze,광주,2021-08-18,Medium,682,0
1111,조서연,F,35,Gold,충청,2023-05-27,High,817,0
1112,신민준,M,69,Bronze,강원,2024-11-11,Low,525,0
1113,이다은,M,49,Silver,대구,2020-11-26,High,681,0
1114,오주원,F,50,Bronze,제주,2024-11-30,Medium,577,0
1115,이진우,F,22,Silver,대구,2022-04-01,Medium,565,0
1116,장은서,F,43,Gold,대전,2022-11-02,Medium,693,0
1117,한서연,M,67,Bronze,경상,2024-08-08,Low,490,1
1118,임예준,M,34,Silver,세종,2023-10-02,High,705,0
1119,한수빈,F,26,Gold,경상,2020-08-09,Low,710,0
1120,강지호,F,41,Bronze,세종,2021-03-11,Low,502,0
1121,정주원,M,54,Gold,세종,2020-10-25,Medium,730,0
1122,조서연,F,47,Bronze,부산,2020-04-20,Medium,604,1
1123,신채원,F,36,Bronze,경기,2020-10-17,High,617,0
1124,권채원,M,62,Bronze,인천,2024-08-27,High,638,0
1125,조도윤,F,30,Gold,대전,2022-09-13,Medium,701,0
1126,강진우,F,20,Silver,충청,2021-02-10,High,638,0
1127,임지우,F,62,Bronze,경상,2024-03-01,Low,509,0
1128,황지우,F,40,Gold,전라,2022-04-12,High,778,0
1129,윤지우,F,60,Bronze,경기,2020-03-15,Medium,611,0
1130,박은서,F,33,Silver,부산,2023-10-23,Medium,634,1
1131,권지유,M,39,Bronze,강원,2024-08-04,Low,516,0
1132,조지유,F,54,Silver,제주,2021-11-18,High,660,0
1133,조지유,M,55,Silver,강원,2022-06-11,Medium,699,0
1134,정은서,M,25,Bronze,경기,2020-07-02,Low,459,0
1135,조하은,F,67,Bronze,강원,2020-07-23,Low,407,0
1136,권채원,M,34,Bronze,강원,2022-02-19,Medium,568,0
1137,이지유,F,46,Bronze,전라,2023-12-12,Low,459,0
1138,장지아,F,62,Silver,제주,2022-04-29,Medium,697,1
1139,황채원,M,20,VIP,제주,2022-02-05,Medium,684,0
1140,박진우,F,35,Silver,대전,2021-01-29,Medium,657,0
1141,김진우,F,28,Bronze,대전,2024-01-31,Medium,609,0
1142,이지우,M,60,Silver,대전,2024-09-22,Low,552,0
1143,권수빈,M,40,Gold,경기,2020-02-22,Medium,697,0
1144,오수빈,M,56,Silver,경상,2024-02-12,High,651,0
1145,한지유,M,35,Bronze,부산,2021-08-31,Medium,629,0
1146,조시우,M,37,Gold,인천,2023-07-08,High,730,0
1147,권하은,M,49,Bronze,경기,2020-08-07,Medium,593,1
1148,권지유,M,45,Gold,제주,2020-02-14,Medium,760,0
1149,한지호,M,63,Silver,광주,2023-07-21,Low,589,1
1150,박진우,M,27,Bronze,광주,2022-09-18,Low,486,0
1151,김서윤,F,27,Gold,서울,2023-01-02,High,737,0
1152,이우진,M,40,Gold,경기,2024-01-30,Medium,733,0
1153,정다은,M,25,Silver,강원,2023-08-28,Medium,638,0
1154,조우진,F,31,Gold,경상,2021-07-29,Low,603,0
1155,신진우,F,30,Bronze,경상,2022-09-26,Medium,519,1
1156,강은서,M,58,Silver,부산,2023-03-07,Medium,657,0
1157,권지호,F,30,Bronze,강원,2021-06-02,Low,489,0
1158,장지유,F,21,Gold,제주,2021-10-22,Medium,752,0
1159,최지호,M,62,Silver,인천,2024-05-15,Medium,700,0
1160,최주원,F,34,Silver,대전,2021-08-03,Medium,643,0
1161,이수빈,F,65,Bronze,제주,2024-10-27,Low,428,0
1162,조도윤,F,32,Gold,제주,2022-10-08,Medium,684,0
1163,조하은,M,48,Gold,광주,2023-04-25,High,755,0
1164,권진우,M,49,Silver,대전,2020-03-16,Low,589,0
1165,김도윤,M,24,Silver,제주,2022-04-30,Low,539,0
1166,장도윤,F,59,VIP,대구,2023-11-27,Low,786,0
1167,한하은,F,59,Gold,부산,2020-04-07,Medium,791,0
1168,오채원,M,30,Gold,경상,2024-07-21,High,857,0
1169,김서연,F,22,Gold,대구,2020-06-02,High,703,0
1170,오서윤,M,57,Silver,인천,2021-10-15,Low,514,0
1171,황채원,F,62,Gold,강원,2021-05-07,Medium,652,0
1172,오다은,M,25,Silver,대구,2023-12-27,High,597,0
1173,권수아,M,64,Gold,세종,2020-05-03,High,738,0
1174,윤하은,F,33,Bronze,제주,2022-12-16,Low,470,1
1175,정주원,M,52,Gold,인천,2021-03-24,Low,641,0
1176,최예준,M,24,Silver,인천,2023-11-06,Medium,638,0
1177,한하은,M,49,Bronze,경상,2020-08-13,Medium,615,1
1178,한선우,F,42,Silver,강원,2020-06-21,Medium,649,0
1179,조선우,F,52,Silver,세종,2021-07-12,Medium,702,0
1180,최지아,M,45,Gold,대구,2022-12-20,Medium,746,0
1181,이서연,M,27,Gold,서울,2020-03-14,Medium,713,0
1182,황은서,F,45,Silver,부산,2024-02-12,Low,654,0
1183,윤우진,M,33,Silver,대구,2023-12-16,Medium,638,0
1184,오은서,F,67,Silver,경상,2021-05-03,High,642,0
1185,박서윤,F,49,Gold,서울,2023-09-26,Medium,722,0
1186,이서윤,M,58,Silver,세종,2023-04-09,High,711,0
1187,윤하은,M,21,Silver,대구,2024-09-06,Medium,542,0
1188,이지아,F,48,Silver,광주,2023-01-22,Medium,663,0
1189,강주원,M,42,Silver,광주,2024-12-30,Medium,623,0
1190,윤하은,F,63,Silver,전라,2020-02-12,High,621,0
1191,최지우,F,51,VIP,충청,2024-02-26,High,830,0
1192,황예준,M,37,Bronze,전라,2023-01-20,Low,546,0
1193,황선우,M,36,Bronze,광주,2024-12-23,Medium,513,1
1194,최서연,F,59,Gold,제주,2022-07-20,Medium,658,0
1195,강지아,M,20,Silver,전라,2020-10-28,Medium,671,0
1196,한서윤,F,51,Silver,제주,2021-08-26,High,799,0
1197,정진우,M,23,Silver,서울,2022-05-31,Medium,616,0
1198,황지아,M,25,Bronze,인천,2024-02-10,Medium,558,0
1199,이지아,M,22,Silver,광주,2021-05-24,Low,522,0
1200,이시우,F,58,Silver,충청,2022-06-11,Medium,608,0
1201,임지우,M,36,Gold,강원,2021-02-12,High,829,0
1202,장서윤,F,47,Gold,강원,2022-06-24,Medium,761,0
1203,한지유,F,42,Silver,대전,2022-04-20,Medium,672,0
1204,이지우,F,35,Silver,광주,2020-09-17,Medium,660,0
1205,황지아,M,68,Bronze,인천,2022-04-05,Low,413,0
1206,권서연,M,23,Silver,전라,2020-08-07,Medium,625,0
1207,정진우,F,64,Silver,서울,2020-09-05,Low,550,1
1208,최선우,M,55,Bronze,세종,2020-10-06,Medium,536,0
1209,권지우,F,60,Silver,서울,2024-07-07,Medium,632,1
1210,임하은,M,35,Gold,세종,2020-02-20,Medium,716,0
1211,김하은,F,45,Silver,인천,2024-08-06,Medium,682,0
1212,윤은서,M,47,Gold,서울,2021-01-13,High,759,0
1213,최서윤,M,50,Silver,대구,2023-09-29,High,682,0
1214,조하은,F,46,Bronze,인천,2020-02-27,Medium,574,1
1215,조민준,F,22,Bronze,전라,2023-06-23,Medium,571,1
1216,황주원,F,20,Bronze,광주,2022-10-22,Low,459,0
1217,강선우,F,52,Gold,전라,2020-11-06,High,777,0
1218,신지우,F,68,Bronze,대전,2020-05-19,Low,444,0
1219,조다은,M,56,Bronze,강원,2024-05-07,Low,506,0
1220,임지유,F,24,VIP,경상,2020-11-21,High,861,0
1221,윤다은,F,68,Gold,제주,2024-07-13,Low,625,0
1222,오예준,F,24,Gold,대구,2020-08-22,High,711,0
1223,윤지유,M,31,Silver,경상,2022-07-09,Medium,692,0
1224,정다은,F,63,Silver,부산,2024-02-28,High,686,0
1225,신우진,M,57,VIP,전라,2020-07-16,High,861,0
1226,조진우,M,41,Gold,경상,2024-01-31,Medium,656,0
1227,권우진,F,52,Silver,충청,2023-02-18,Low,618,0
1228,권지호,M,28,Bronze,대구,2020-07-25,Medium,529,0
1229,임수빈,F,21,Gold,대구,2024-08-23,High,725,0
1230,정지호,M,53,Bronze,강원,2021-10-01,Medium,580,1
1231,오하은,F,36,Bronze,서울,2021-11-23,Medium,620,1
1232,최수빈,F,68,Bronze,서울,2021-04-27,Low,559,0
1233,임은서,M,42,Bronze,대전,2023-05-10,Low,610,0
1234,박시우,M,26,VIP,강원,2021-04-06,High,794,0
1235,정수아,M,23,VIP,제주,2024-07-19,High,769,0
1236,김수빈,F,23,Silver,대전,2023-11-25,High,635,0
1237,장지우,M,48,Gold,충청,2022-01-23,High,735,0
1238,이진우,M,34,Silver,제주,2024-12-24,Low,654,0
1239,김민준,M,23,Gold,인천,2022-06-17,High,765,0
1240,최지아,M,58,Silver,전라,2020-09-07,Medium,650,0
1241,장우진,F,65,Bronze,광주,2024-10-24,Medium,518,0
1242,정수아,F,40,Bronze,강원,2020-08-01,High,552,0
1243,오은서,F,37,Gold,인천,2024-09-19,Low,683,0
1244,강지우,M,35,Bronze,전라,2024-04-14,Low,600,1
1245,윤서연,F,37,Silver,대구,2024-08-21,Low,678,0
1246,김예준,F,48,VIP,부산,2022-02-15,High,883,0
1247,김지아,M,54,Bronze,서울,2023-05-31,Low,496,1
1248,신진우,M,68,VIP,경상,2024-08-25,High,864,0
1249,신서연,M,55,Silver,경상,2023-10-20,Medium,714,0
1250,오진우,F,30,Bronze,세종,2024-03-07,Low,507,1
1251,황민준,F,63,Bronze,경기,2021-05-26,Low,495,1
1252,정지유,F,62,Silver,전라,2024-07-17,Low,629,1
1253,정진우,F,36,Bronze,세종,2022-08-05,High,655,0
1254,한수빈,M,46,Gold,경기,2021-07-20,Low,675,0
1255,이주원,M,36,Bronze,대구,2021-06-15,Low,574,1
1256,임서연,M,27,Bronze,인천,2023-11-02,Low,550,0
1257,강서연,M,23,Bronze,대구,2021-06-11,High,633,0
1258,김은서,M,42,Gold,강원,2022-06-27,High,720,0
1259,최도윤,F,63,Silver,전라,2022-05-23,Low,602,0
1260,강채원,F,50,Bronze,대구,2023-06-27,High,672,0
1261,정지우,M,26,Bronze,제주,2021-10-03,Low,519,0
1262,강우진,F,57,VIP,경상,2020-11-03,High,783,0
1263,이지호,M,56,Silver,충청,2023-07-14,Medium,583,0
1264,장서연,F,62,Silver,세종,2021-10-11,Medium,672,0
1265,정수아,F,35,Bronze,광주,2021-04-17,Low,534,0
1266,오채원,F,25,Silver,강원,2020-06-05,Low,560,0
1267,임수아,F,46,Gold,인천,2023-01-06,High,835,0
1268,임시우,F,41,Silver,경기,2022-04-16,Medium,632,0
1269,임다은,M,31,Bronze,서울,2020-12-07,Medium,565,0
1270,오하은,M,22,Bronze,서울,2023-11-14,Medium,590,1
1271,장선우,F,47,Silver,대전,2023-11-28,Medium,660,0
1272,황도윤,M,66,VIP,경상,2021-12-27,Medium,730,0
1273,한주원,F,38,Bronze,경상,2020-10-02,Low,526,0
1274,장지호,M,20,Silver,광주,2023-10-12,Medium,557,0
1275,윤서윤,F,69,Gold,대구,2022-10-07,High,651,0
1276,권채원,F,40,Silver,제주,2020-12-31,Low,571,1
1277,오우진,F,53,Silver,충청,2021-10-05,High,710,0
1278,윤수아,M,38,Bronze,대구,2023-05-26,Low,554,0
1279,한시우,M,26,Gold,강원,2024-03-25,High,750,0
1280,장우진,M,51,Bronze,서울,2022-01-26,Medium,588,0
1281,임채원,F,53,Gold,세종,2021-08-27,Low,656,0
1282,황채원,F,36,Gold,인천,2021-07-24,Medium,647,0
1283,강지호,M,66,Gold,인천,2022-11-04,High,667,0
1284,이도윤,M,47,Gold,경상,2024-06-14,Medium,753,0
1285,장서연,M,35,Gold,대전,2024-11-21,Low,660,0
1286,권서윤,F,38,Gold,전라,2024-11-28,High,757,0
1287,오우진,M,47,Gold,강원,2023-06-05,High,803,0
1288,조진우,M,60,Silver,강원,2023-09-07,Low,617,0
1289,권수아,F,62,Silver,제주,2023-07-14,Medium,611,1
1290,이지아,F,48,Silver,전라,2022-05-20,High,750,0
1291,강하은,F,64,Silver,인천,2024-05-03,Low,622,0
1292,한수아,M,38,Silver,부산,2024-12-27,Low,537,0
1293,장도윤,F,63,Silver,대전,2024-07-14,Medium,569,0
1294,오수아,F,60,Bronze,대구,2022-07-05,Medium,622,0
1295,박수빈,M,69,Bronze,충청,2023-06-04,Medium,533,0
1296,신예준,M,69,Bronze,광주,2024-04-19,Low,475,1
1297,김선우,M,43,Silver,인천,2024-09-12,Medium,683,0
1298,황지유,F,46,Gold,경상,2021-05-24,Low,652,0
1299,김선우,M,52,Silver,세종,2020-03-27,High,705,0
1300,최서연,F,67,Gold,제주,2022-02-12,Medium,707,0
1301,오시우,M,24,Gold,경상,2023-12-11,Medium,674,0
1302,임지우,M,67,Silver,대전,2021-02-01,Low,553,0
1303,신도윤,F,52,Bronze,대구,2021-07-15,Low,620,0
1304,조지아,F,25,Gold,대전,2023-02-22,High,821,0
1305,오수빈,M,44,VIP,세종,2024-01-30,High,819,0
1306,최진우,M,45,Bronze,세종,2022-01-27,Low,571,1
1307,정도윤,M,60,Bronze,경기,2023-02-22,Medium,600,0
1308,박예준,F,53,Bronze,충청,2024-04-06,Medium,560,0
1309,정채원,F,67,Silver,인천,2020-03-15,Medium,572,1
1310,오우진,F,54,Silver,전라,2021-04-27,Medium,648,0
1311,장수빈,M,26,Silver,경기,2022-02-08,High,738,0
1312,최주원,M,22,Bronze,세종,2020-12-15,Low,484,0
1313,박수빈,F,45,VIP,경기,2022-06-10,Low,729,0
1314,강은서,F,56,Bronze,인천,2021-08-17,Low,429,1
1315,임지유,F,50,Silver,광주,2024-03-09,Low,617,0
1316,권다은,M,40,Silver,인천,2022-08-21,High,697,0
1317,정우진,M,64,Gold,세종,2021-11-08,High,721,0
1318,한수빈,M,42,Bronze,부산,2021-07-16,Medium,557,0
1319,조진우,F,43,Bronze,대전,2021-06-05,Low,518,0
1320,이우진,F,31,Silver,경기,2020-09-16,Low,559,0
1321,신예준,F,56,Bronze,충청,2023-05-23,Medium,598,0
1322,윤우진,M,20,Bronze,부산,2020-07-06,Low,404,0
1323,박서윤,F,20,Silver,서울,2020-10-07,Medium,555,0
1324,장하은,M,55,Silver,제주,2022-02-28,Low,626,0
1325,권선우,F,53,Gold,충청,2024-09-20,High,813,0
1326,박채원,F,51,Bronze,대구,2023-11-04,Medium,644,0
1327,한지유,M,21,Bronze,세종,2024-04-27,Low,476,0
1328,황우진,F,43,Gold,경상,2020-01-22,High,757,0
1329,최민준,F,41,Gold,광주,2021-06-03,Medium,766,0
1330,한다은,F,22,Bronze,경상,2021-06-02,Medium,542,1
1331,임민준,F,58,Bronze,세종,2020-12-21,Low,557,0
1332,김지유,M,59,Bronze,인천,2023-12-16,Low,462,0
1333,박지호,F,27,Gold,전라,2023-12-26,High,801,0
1334,최은서,M,41,Bronze,광주,2023-12-23,Medium,623,0
1335,오지유,M,62,Silver,전라,2023-10-03,High,713,0
1336,정지호,M,48,VIP,충청,2021-02-10,High,918,0
1337,한민준,F,37,Silver,경기,2021-11-30,Medium,673,0
1338,이하은,M,31,Bronze,인천,2021-10-12,Low,495,0
1339,신서윤,M,33,Bronze,세종,2020-06-15,Low,542,0
1340,황우진,M,39,Gold,경상,2021-08-10,High,773,0
1341,강채원,M,32,Silver,부산,2020-12-28,Low,577,1
1342,강진우,F,42,Bronze,강원,2022-07-09,Low,577,0
1343,박서연,F,29,Silver,부산,2023-12-09,Medium,603,0
1344,강선우,F,25,Silver,부산,2021-06-12,Medium,591,0
1345,황하은,M,50,Gold,충청,2021-10-23,High,746,0
1346,오하은,F,20,Gold,세종,2021-11-16,High,766,0
1347,박지유,F,30,Silver,인천,2024-03-20,High,706,0
1348,조예준,F,35,Silver,광주,2023-05-15,Medium,623,0
1349,정서연,M,68,Bronze,강원,2020-08-08,Medium,554,0
1350,김서윤,M,39,Bronze,경상,2022-12-09,Medium,496,0
1351,신지우,M,62,Silver,서울,2020-07-04,Medium,647,0
1352,박주원,M,62,Gold,인천,2021-09-09,High,688,0
1353,권우진,F,25,Bronze,인천,2023-11-03,Low,510,1
1354,이다은,F,64,Gold,세종,2023-09-30,High,756,0
1355,최하은,F,28,Silver,인천,2022-03-29,Low,639,0
1356,조은서,F,54,Gold,세종,2023-10-03,Medium,690,0
1357,최은서,M,69,Gold,광주,2021-11-27,Medium,734,0
1358,이수아,M,51,Gold,부산,2021-09-10,Medium,735,0
1359,한서윤,F,29,Silver,대전,2023-10-14,Low,678,0
1360,박예준,M,49,Bronze,광주,2023-11-06,Low,556,0
1361,조민준,M,40,Gold,강원,2022-02-25,Medium,793,0
1362,조서연,F,47,Silver,전라,2020-08-25,Medium,669,0
1363,윤선우,F,69,Silver,광주,2024-09-24,Medium,563,0
1364,장예준,M,29,VIP,경상,2023-04-23,High,882,0
1365,임주원,F,23,Silver,서울,2020-09-05,Low,537,0
1366,강시우,F,41,Bronze,제주,2024-08-04,High,648,0
1367,정지유,F,21,Silver,대구,2023-07-26,High,709,0
1368,조수아,M,25,Silver,인천,2024-01-28,High,731,0
1369,황시우,F,49,Bronze,부산,2024-08-17,Low,602,0
1370,김지호,F,43,VIP,충청,2024-01-22,High,824,0
1371,조선우,M,41,Bronze,경상,2021-09-10,Medium,692,0
1372,한지호,F,27,Bronze,충청,2021-06-18,Low,523,0
1373,장수아,M,43,Silver,부산,2024-04-06,Low,595,0
1374,장서연,F,31,Bronze,대구,2020-01-11,Medium,630,1
1375,조지우,F,37,Silver,제주,2023-07-24,Medium,666,0
1376,이은서,F,66,Bronze,세종,2023-04-19,Medium,547,0
1377,장예준,F,55,VIP,광주,2021-10-16,High,813,0
1378,최수빈,M,63,Silver,대전,2020-03-07,Medium,655,0
1379,이다은,F,25,Gold,강원,2022-01-26,High,760,0
1380,박은서,M,59,Silver,대전,2022-04-30,Low,536,1
1381,정수빈,F,35,Silver,강원,2020-09-26,Medium,684,0
1382,최하은,F,31,Bronze,제주,2024-05-11,Low,503,0
1383,장채원,F,68,Gold,충청,2021-07-25,High,717,0
1384,한도윤,F,34,Bronze,세종,2024-03-29,Low,524,0
1385,윤서윤,M,45,Silver,강원,2024-08-26,Medium,641,0
1386,조진우,F,46,Silver,전라,2020-02-29,Medium,670,0
1387,임선우,M,58,Silver,대전,2020-02-16,Medium,640,0
1388,이지유,M,67,Bronze,제주,2023-09-01,Medium,591,0
1389,최서윤,F,43,Bronze,부산,2020-12-24,Low,528,1
1390,이민준,M,56,Silver,부산,2023-11-01,Medium,614,0
1391,신서윤,F,52,Bronze,제주,2023-05-22,Low,595,0
1392,오지호,M,67,VIP,전라,2022-04-12,Medium,686,0
1393,권예준,M,46,Bronze,경상,2023-01-05,Medium,604,0
1394,김주원,F,66,Gold,제주,2022-03-26,Medium,623,0
1395,김지유,F,65,Bronze,전라,2023-08-23,Medium,544,0
1396,신진우,M,66,Gold,대전,2023-09-06,High,711,0
1397,신다은,M,36,Gold,전라,2023-11-21,High,822,0
1398,정도윤,F,64,Silver,제주,2022-07-11,Medium,612,0
1399,임서연,M,29,Silver,서울,2021-03-28,Low,521,0
1400,오서윤,F,50,Bronze,전라,2021-08-26,Medium,570,0
1401,박지우,F,44,Silver,부산,2020-02-27,Low,585,1
1402,강선우,F,50,Bronze,인천,2021-12-05,Low,523,0
1403,장도윤,F,44,Bronze,세종,2023-08-20,Medium,570,0
1404,김지호,F,34,Silver,부산,2020-11-03,Medium,636,0
1405,신하은,M,42,Silver,충청,2023-07-31,Low,646,0
1406,장수아,M,43,Bronze,대전,2023-07-06,High,579,0
1407,이시우,M,23,Silver,강원,2021-05-22,Medium,617,0
1408,권수아,M,64,Bronze,인천,2020-03-23,Low,485,0
1409,정지호,M,66,Bronze,경기,2020-09-28,Low,506,0
1410,임다은,F,26,Silver,제주,2020-04-14,Medium,650,0
1411,최다은,M,48,Gold,부산,2020-07-23,Medium,745,0
1412,임채원,M,66,Bronze,제주,2023-08-09,Medium,585,0
1413,임주원,M,36,Bronze,충청,2021-07-08,Low,556,0
1414,한지아,F,54,Gold,대구,2023-10-20,Medium,777,0
1415,윤하은,M,51,VIP,강원,2022-08-21,High,884,0
1416,이주원,F,60,Bronze,인천,2021-01-31,Low,570,0
1417,최지아,F,40,Bronze,세종,2020-07-29,Low,559,0
1418,강서윤,M,69,Silver,인천,2024-10-11,High,647,0
1419,강선우,F,61,Silver,대전,2024-05-15,Low,584,0
1420,권지아,F,29,Silver,경상,2021-12-25,Low,610,0
1421,정채원,F,68,Silver,제주,2022-04-07,High,611,0
1422,윤시우,M,65,Gold,전라,2024-01-07,High,761,0
1423,김도윤,F,44,Silver,강원,2024-02-22,High,725,0
1424,이지호,M,30,Silver,세종,2024-01-17,Medium,686,0
1425,김예준,F,35,Silver,충청,2023-04-15,Medium,710,0
1426,강주원,F,27,Silver,경상,2020-05-31,Medium,674,0
1427,조지우,M,57,Silver,부산,2023-02-24,High,691,0
1428,정수빈,F,64,VIP,제주,2024-04-25,High,882,0
1429,오도윤,F,69,Silver,부산,2021-01-12,Medium,615,0
1430,오시우,F,58,Bronze,서울,2020-10-14,Medium,607,0
1431,조다은,M,53,Gold,강원,2022-02-03,High,775,0
1432,신도윤,F,38,Silver,전라,2020-05-17,Low,608,0
1433,장하은,M,52,Bronze,경기,2023-03-21,Low,437,0
1434,신채원,F,49,Silver,경상,2020-11-07,Medium,584,1
1435,한진우,F,49,Silver,경상,2024-02-23,Low,597,0
1436,김은서,F,21,VIP,광주,2022-05-24,High,803,0
1437,임도윤,F,61,Bronze,제주,2024-08-09,Low,459,0
1438,박우진,M,33,Silver,경기,2020-02-23,Medium,705,0
1439,김지우,F,24,Silver,광주,2021-04-16,Medium,617,0
1440,최우진,F,21,Gold,세종,2020-09-09,Medium,702,0
1441,윤우진,F,23,Silver,대전,2021-02-10,Medium,556,1
1442,박선우,M,30,Bronze,경기,2022-09-28,Low,560,0
1443,강채원,M,33,Bronze,제주,2022-11-04,Medium,569,0
1444,김예준,F,45,Bronze,경기,2021-12-27,Medium,614,0
1445,이채원,F,34,Bronze,경기,2023-08-25,Low,475,0
1446,정도윤,M,29,Bronze,인천,2023-03-02,High,648,0
1447,박다은,M,23,Silver,부산,2024-11-09,Low,535,0
1448,조서윤,M,53,Bronze,경상,2024-07-15,Low,588,1
1449,황하은,M,21,Silver,대구,2022-04-06,Medium,636,0
1450,신민준,F,21,Bronze,서울,2024-02-14,Low,463,0
1451,김수빈,F,68,Silver,강원,2020-12-13,High,744,0
1452,이하은,F,49,Bronze,강원,2022-06-20,Medium,602,0
1453,한민준,F,50,Silver,대구,2020-09-19,Medium,567,0
1454,이다은,F,67,Bronze,충청,2021-02-05,Medium,515,0
1455,신지우,M,62,Gold,경기,2024-01-08,Medium,724,0
1456,박지아,F,65,Bronze,전라,2023-04-24,Low,467,0
1457,황시우,M,40,Silver,전라,2020-10-24,Medium,674,0
1458,조서연,M,31,VIP,전라,2020-03-10,Medium,775,0
1459,조도윤,M,56,Silver,광주,2021-01-19,Medium,661,0
1460,최주원,F,54,Silver,경상,2021-07-26,Medium,617,0
1461,강도윤,M,36,Silver,세종,2024-04-30,Medium,634,0
1462,장시우,M,43,Silver,서울,2023-01-17,High,664,0
1463,윤하은,M,55,Bronze,인천,2024-11-23,Medium,546,0
1464,권선우,M,45,Bronze,강원,2021-02-03,Medium,609,0
1465,신민준,M,66,Bronze,강원,2023-05-15,Low,434,1
1466,장지유,M,64,Bronze,강원,2020-12-07,Medium,551,1
1467,박은서,M,68,Bronze,강원,2023-06-02,Medium,543,0
1468,조지아,F,53,Bronze,세종,2022-08-16,Medium,607,0
1469,정민준,M,36,Bronze,전라,2021-09-30,Medium,589,1
1470,신채원,M,29,Silver,인천,2024-04-14,Low,526,0
1471,최예준,M,61,Silver,충청,2021-01-31,Medium,623,0
1472,박예준,M,66,Bronze,전라,2020-11-06,Medium,563,1
1473,정도윤,M,60,Gold,대구,2022-12-09,High,728,0
1474,정하은,F,29,Gold,제주,2024-01-14,High,727,0
1475,김예준,F,27,Bronze,대전,2023-04-13,Medium,549,0
1476,정수아,M,25,Bronze,충청,2023-05-11,Low,432,1
1477,권다은,F,46,Gold,경기,2024-11-06,Medium,770,0
1478,한선우,F,46,Bronze,대구,2021-12-31,High,590,1
1479,신다은,M,57,Silver,충청,2022-06-07,Medium,695,0
1480,장은서,F,58,Silver,전라,2022-02-22,High,732,0
1481,권하은,M,27,Bronze,부산,2022-01-08,Low,496,0
1482,오서연,F,61,Bronze,세종,2023-03-20,Low,457,1
1483,조채원,M,33,Silver,서울,2023-07-15,Low,653,0
1484,오주원,F,42,Bronze,광주,2021-12-22,Low,587,0
1485,윤서연,F,49,Bronze,전라,2021-06-22,Low,562,0
1486,한도윤,F,68,Silver,인천,2024-09-25,Medium,653,1
1487,강은서,M,40,Bronze,경기,2024-01-18,High,598,0
1488,신예준,M,36,Bronze,세종,2021-12-19,Medium,626,0
1489,강서윤,M,40,VIP,부산,2023-04-06,High,797,0
1490,장수빈,M,45,Bronze,경기,2021-02-10,High,642,0
1491,황예준,F,29,Bronze,강원,2021-12-25,Medium,586,0
1492,권지아,M,40,Bronze,세종,2024-08-18,High,636,0
1493,한시우,M,51,Gold,경상,2021-03-24,High,793,0
1494,김지아,M,21,Bronze,세종,2024-09-12,Medium,597,0
1495,임우진,F,31,Bronze,충청,2022-03-29,Low,595,0
1496,오지유,F,47,Silver,부산,2021-10-17,Medium,593,1
1497,오지우,F,64,Gold,강원,2023-03-31,High,829,0
1498,윤수빈,F,26,Bronze,충청,2021-04-11,Low,501,0
1499,한수빈,M,49,Silver,서울,2022-07-31,Medium,622,0
1500,박민준,F,55,Bronze,광주,2022-09-03,Low,535,1
1501,한지유,M,66,Silver,대구,2024-01-30,High,625,0
1502,박예준,M,62,Silver,강원,2023-11-28,Medium,615,0
1503,임선우,F,29,Bronze,전라,2023-04-16,Medium,624,0
1504,강진우,M,69,Bronze,충청,2020-05-10,Low,482,0
1505,오우진,M,58,Bronze,인천,2024-09-07,Medium,542,1
1506,이하은,F,56,Bronze,전라,2022-03-04,Low,472,0
1507,윤지우,F,31,Gold,광주,2020-12-29,Medium,744,0
1508,조우진,M,42,Bronze,전라,2020-06-16,Medium,562,0
1509,장시우,M,58,Gold,강원,2020-05-01,Medium,711,0
1510,김민준,F,44,Silver,제주,2023-03-09,Medium,666,0
1511,박우진,F,31,Silver,광주,2020-07-17,Low,626,0
1512,황주원,M,52,Gold,세종,2020-03-03,Medium,706,0
1513,황하은,F,38,Gold,전라,2021-01-04,Medium,744,0
1514,박은서,F,49,Bronze,강원,2024-08-30,Medium,610,0
1515,이수빈,M,41,Gold,인천,2021-05-05,Low,604,1
1516,김다은,M,53,Gold,전라,2021-10-18,Low,679,0
1517,오수빈,F,68,Silver,부산,2021-08-01,Medium,584,0
1518,조예준,F,44,Gold,서울,2022-10-03,High,793,0
1519,임예준,F,51,Bronze,제주,2021-08-11,Low,519,1
1520,이지아,M,61,Silver,서울,2022-12-30,High,643,0
1521,조우진,F,54,Gold,전라,2024-11-24,Medium,657,0
1522,한서연,M,26,Silver,인천,2021-03-29,Low,575,1
1523,최다은,M,56,Bronze,서울,2020-04-02,Low,526,0
1524,김수아,F,31,Bronze,부산,2022-01-31,Low,568,0
1525,박지우,M,59,Bronze,대전,2023-10-25,Low,546,1
1526,황시우,F,64,VIP,대전,2022-02-11,High,787,0
1527,권다은,F,58,VIP,경상,2022-03-20,High,832,0
1528,이하은,M,30,Bronze,세종,2020-05-16,Medium,549,0
1529,오시우,F,38,Silver,대구,2024-10-18,Medium,680,0
1530,황우진,M,55,Bronze,부산,2020-09-17,Low,547,1
1531,윤하은,M,34,VIP,대전,2021-01-12,High,824,0
1532,강주원,M,48,Silver,서울,2023-09-19,Low,590,0
1533,최우진,F,22,Silver,인천,2021-11-30,Low,549,0
1534,황서연,F,44,Gold,대구,2022-11-01,High,809,0
1535,최도윤,F,21,Bronze,경기,2024-09-23,Medium,489,1
1536,강서연,M,63,Gold,강원,2022-12-30,High,750,0
1537,오도윤,F,22,Gold,경기,2023-11-02,High,692,0
1538,신진우,M,34,Bronze,서울,2023-02-28,Low,544,1
1539,권다은,F,38,Bronze,대전,2022-07-09,Low,538,1
1540,한주원,F,29,Silver,광주,2021-04-03,High,736,0
1541,박예준,F,30,Silver,서울,2022-06-03,Low,607,0
1542,장수아,F,28,Bronze,광주,2021-03-02,Low,544,0
1543,조주원,F,48,Bronze,세종,2022-01-14,Medium,584,0
1544,최우진,M,56,Gold,경상,2023-09-12,Medium,691,0
1545,윤수빈,F,43,Bronze,부산,2022-03-15,Medium,640,0
1546,권은서,F,23,Gold,광주,2023-02-03,Low,656,0
1547,황선우,F,31,Bronze,서울,2023-11-22,Medium,547,0
1548,한진우,M,61,Silver,제주,2024-06-28,High,679,0
1549,윤수아,M,68,Bronze,광주,2023-06-04,Low,430,0
1550,한하은,M,25,VIP,서울,2021-11-09,Medium,737,0
1551,황지유,M,67,Gold,부산,2021-09-21,Medium,622,0
1552,권주원,F,41,Bronze,대구,2021-09-13,Medium,661,0
1553,황지우,M,46,Gold,충청,2022-04-19,High,742,0
1554,오수아,M,62,Bronze,세종,2020-07-17,Low,495,1
1555,조다은,F,50,Gold,서울,2023-04-15,Medium,773,0
1556,박주원,M,51,Bronze,충청,2021-12-05,Low,450,0
1557,황지유,M,31,Gold,대구,2023-10-19,High,834,0
1558,한우진,F,38,Bronze,제주,2020-06-19,Medium,696,0
1559,윤민준,F,30,Silver,대구,2021-01-28,Medium,726,1
1560,강서윤,M,61,Gold,대구,2021-06-22,Medium,700,0
1561,김시우,F,62,Gold,강원,2020-03-05,High,815,0
1562,김지아,F,32,Bronze,대전,2022-03-06,High,612,0
1563,오예준,F,43,Bronze,제주,2022-05-19,Medium,542,0
1564,장우진,F,38,Silver,세종,2023-10-07,High,795,0
1565,강선우,M,21,Bronze,제주,2024-04-09,Medium,574,1
1566,신수아,M,24,VIP,서울,2024-02-17,Medium,767,0
1567,임지호,M,57,Bronze,세종,2023-07-16,Low,514,1
1568,오지우,M,67,Bronze,인천,2020-07-06,Low,461,1
1569,조수아,M,23,Bronze,대전,2021-10-18,Low,506,0
1570,윤은서,M,50,Silver,전라,2023-04-27,Low,674,1
1571,박선우,M,25,Gold,부산,2021-06-23,High,656,0
1572,오지호,M,31,Bronze,제주,2021-04-11,Medium,541,0
1573,임지아,F,52,Bronze,부산,2022-05-23,Medium,578,1
1574,황시우,F,68,Gold,서울,2020-05-08,Medium,704,0
1575,김은서,F,25,Bronze,경상,2022-07-02,High,619,0
1576,황지유,M,56,Silver,광주,2022-07-12,Medium,622,0
1577,강다은,F,68,Silver,강원,2024-03-05,High,649,0
1578,윤주원,F,45,Silver,세종,2022-07-15,High,708,0
1579,조채원,M,28,Bronze,대전,2024-11-17,Low,504,0
1580,한서윤,M,57,Bronze,부산,2020-07-13,High,623,0
1581,정도윤,M,21,Silver,인천,2021-09-13,Low,569,0
1582,임다은,F,47,Bronze,인천,2022-09-25,Low,509,1
1583,이지호,F,65,Silver,대구,2020-10-16,Medium,677,0
1584,김지아,M,41,Bronze,전라,2023-06-20,Medium,569,1
1585,박선우,F,41,Bronze,제주,2023-11-11,Low,462,1
1586,윤지유,F,35,Gold,광주,2023-11-10,High,862,0
1587,강다은,F,55,Silver,제주,2021-11-09,Medium,749,0
1588,임수아,M,35,Silver,세종,2024-12-28,High,654,0
1589,이예준,M,59,Silver,강원,2022-10-02,Medium,718,0
1590,이주원,F,69,Gold,제주,2021-07-19,Medium,623,0
1591,신서연,F,35,Gold,서울,2021-11-01,High,747,0
1592,강다은,F,58,Bronze,부산,2024-08-14,Low,474,1
1593,황은서,M,38,Bronze,경상,2024-12-17,Medium,604,0
1594,조민준,F,36,Gold,대구,2020-02-21,High,753,0
1595,조지호,F,49,Bronze,인천,2022-07-03,Low,484,0
1596,이시우,F,37,Gold,충청,2022-07-17,High,766,0
1597,강민준,M,23,Bronze,강원,2022-09-04,Medium,514,0
1598,한채원,F,45,Gold,충청,2024-09-08,Medium,793,0
1599,강진우,M,52,Gold,경상,2024-01-01,High,798,0
1600,장서윤,M,25,Bronze,광주,2021-11-23,High,625,0
1601,이다은,F,54,Gold,대전,2023-08-07,Medium,717,0
1602,최주원,M,27,Bronze,대구,2021-04-10,Medium,522,0
1603,장민준,M,61,Bronze,부산,2022-09-07,High,625,1
1604,권지우,F,40,Silver,전라,2023-10-04,Medium,693,0
1605,정다은,M,62,Bronze,대전,2023-01-31,High,623,0
1606,윤민준,F,64,Gold,광주,2022-11-08,Low,660,0
1607,최지우,M,60,Bronze,대구,2021-06-28,Low,486,1
1608,임시우,F,32,Silver,대구,2022-03-15,High,688,0
1609,김주원,F,33,Gold,서울,2022-03-04,Medium,706,0
1610,임지아,M,57,Bronze,광주,2022-08-07,High,538,0
1611,임시우,M,52,VIP,서울,2021-03-19,Medium,822,0
1612,조도윤,F,45,Bronze,인천,2022-10-03,Low,514,0
1613,신수아,M,59,Gold,서울,2024-10-12,High,765,0
1614,김지아,F,44,Bronze,인천,2020-07-18,High,646,0
1615,최채원,F,24,Silver,전라,2020-02-15,Medium,629,0
1616,윤우진,M,60,Bronze,전라,2024-06-11,High,624,0
1617,윤서윤,M,27,Gold,부산,2022-07-21,Low,605,0
1618,오진우,F,24,Bronze,인천,2021-03-17,High,565,0
1619,김서연,F,47,Bronze,대전,2020-12-24,Low,524,1
1620,신시우,F,66,Silver,제주,2021-07-01,High,654,0
1621,권우진,M,64,Silver,서울,2023-08-24,High,617,0
1622,오다은,M,65,Bronze,서울,2021-08-09,Medium,509,0
1623,윤다은,M,43,Bronze,광주,2024-01-27,Low,574,0
1624,박진우,F,43,Silver,광주,2024-04-20,Medium,716,0
1625,신다은,F,43,Bronze,경기,2023-05-18,Medium,654,0
1626,윤수빈,M,22,Silver,전라,2020-10-24,Medium,679,0
1627,권서윤,M,33,Bronze,대전,2020-06-16,Low,599,0
1628,장하은,M,36,Bronze,전라,2020-12-03,Low,451,0
1629,신도윤,F,27,Silver,제주,2022-02-03,Medium,593,0
1630,임지유,F,64,Bronze,경기,2021-04-07,Low,545,0
1631,권우진,M,52,Bronze,세종,2020-10-22,Low,523,0
1632,정우진,M,32,VIP,서울,2021-08-28,High,797,0
1633,신지호,M,36,Silver,경기,2022-05-14,Low,601,0
1634,강예준,F,33,Silver,충청,2023-04-22,Low,575,0
1635,임서연,F,22,Silver,광주,2020-03-04,Medium,539,0
1636,신하은,F,64,Silver,광주,2023-11-03,Medium,651,1
1637,김다은,M,50,Silver,경기,2020-06-18,Medium,692,0
1638,조도윤,M,58,Bronze,서울,2021-10-23,Medium,520,0
1639,권주원,M,59,Silver,서울,2023-11-01,High,735,0
1640,윤지호,M,49,Silver,충청,2022-03-05,Low,552,0
1641,오서연,F,57,Gold,강원,2022-10-02,High,685,0
1642,임도윤,F,27,Bronze,경기,2021-02-11,Low,533,0
1643,조서윤,F,22,Silver,부산,2021-11-27,Low,509,0
1644,신하은,M,30,Gold,경상,2023-05-24,Medium,686,0
1645,강채원,M,65,Silver,경상,2022-01-24,Medium,645,0
1646,장채원,M,24,Gold,전라,2022-01-02,Medium,708,0
1647,최지우,M,21,Gold,충청,2021-01-17,Medium,553,0
1648,정다은,M,62,Gold,대전,2020-08-25,Medium,754,0
1649,박지아,M,67,Bronze,서울,2022-01-31,High,594,0
1650,임선우,M,39,Bronze,인천,2021-10-16,Low,515,0
1651,신우진,M,62,Silver,세종,2021-03-14,High,646,0
1652,신지호,M,62,Gold,강원,2020-10-24,Low,686,0
1653,장지호,M,35,Bronze,대전,2024-09-15,Low,604,0
1654,신채원,M,40,Bronze,서울,2021-01-29,Low,506,0
1655,조주원,M,67,Bronze,세종,2023-06-13,Low,439,0
1656,한서윤,M,58,Silver,세종,2024-05-02,High,687,0
1657,조지호,M,65,Bronze,인천,2024-05-01,Low,452,1
1658,신도윤,F,54,Bronze,대구,2024-10-17,Low,564,0
1659,조진우,M,50,Silver,경상,2022-09-29,Low,550,1
1660,한시우,F,38,Silver,부산,2021-10-03,Low,593,0
1661,최진우,M,42,Bronze,부산,2024-08-18,Medium,580,0
1662,한우진,M,69,Bronze,부산,2023-11-08,Low,451,0
1663,장도윤,M,49,Silver,인천,2020-08-28,Low,645,0
1664,신도윤,M,61,Bronze,광주,2021-05-18,Medium,529,0
1665,황진우,F,54,Silver,대구,2023-05-26,High,742,0
1666,조민준,M,32,Bronze,대구,2022-10-10,Low,537,0
1667,임시우,F,32,Silver,대전,2023-07-10,Low,542,0
1668,이지우,M,27,Silver,제주,2020-04-21,High,664,0
1669,이수빈,F,28,Bronze,경상,2023-11-07,Medium,626,1
1670,이도윤,F,38,Silver,부산,2021-03-27,Medium,679,0
1671,정수빈,F,35,Gold,강원,2023-04-11,High,798,0
1672,최수빈,M,30,Gold,경상,2023-06-11,Low,721,0
1673,윤하은,M,35,Bronze,부산,2021-05-10,Low,547,0
1674,이민준,M,62,Silver,충청,2024-10-29,Medium,661,0
1675,최수아,M,25,Silver,세종,2022-06-25,High,749,0
1676,김수빈,F,33,Bronze,세종,2022-06-13,Low,459,0
1677,강민준,F,52,Bronze,세종,2023-05-27,Medium,604,0
1678,한예준,M,45,Gold,광주,2021-12-24,Medium,747,0
1679,정수아,F,58,Bronze,서울,2023-11-06,Low,512,0
1680,신민준,F,56,Silver,대전,2020-02-11,Medium,701,0
1681,황채원,M,47,Silver,부산,2021-07-05,Medium,710,0
1682,권진우,M,22,Bronze,광주,2020-04-08,Low,479,1
1683,황서윤,M,59,Bronze,서울,2021-05-27,High,659,0
1684,권채원,F,31,Gold,대구,2020-12-07,Medium,691,0
1685,이은서,M,56,Bronze,제주,2024-11-20,Low,533,0
1686,조서윤,M,21,Bronze,부산,2023-05-19,Low,471,1
1687,이시우,M,54,Gold,세종,2023-02-07,Medium,731,0
1688,최민준,F,30,Bronze,강원,2024-07-23,High,597,0
1689,김예준,M,30,VIP,인천,2024-09-29,High,878,0
1690,정주원,M,49,Gold,경기,2024-01-01,High,727,0
1691,신서연,M,44,Gold,대구,2022-08-01,Medium,668,0
1692,오예준,F,61,Bronze,광주,2024-05-29,Low,514,0
1693,오예준,F,53,Bronze,인천,2022-10-27,Low,542,1
1694,강지아,M,58,Bronze,대전,2022-02-08,Medium,577,1
1695,윤우진,M,33,Silver,전라,2024-03-16,High,736,0
1696,한지아,F,35,Gold,부산,2022-06-18,High,732,0
1697,오주원,F,33,Silver,대전,2020-04-15,Medium,674,0
1698,강서연,F,49,Bronze,전라,2024-11-21,Medium,640,0
1699,강선우,F,22,Bronze,세종,2020-05-18,Medium,571,0
1700,이지우,F,23,VIP,부산,2023-07-15,High,884,0
1701,조도윤,F,42,Bronze,대구,2022-01-23,High,624,0
1702,윤채원,M,62,Bronze,경상,2024-03-13,Low,507,1
1703,박예준,F,62,Bronze,경상,2024-01-19,Low,551,1
1704,임예준,F,45,Gold,서울,2021-09-12,High,838,0
1705,조진우,M,46,Bronze,인천,2022-05-24,Low,532,1
1706,이서윤,M,36,Bronze,제주,2020-05-15,Medium,683,0
1707,박다은,M,25,Bronze,제주,2021-12-02,Low,587,0
1708,정진우,F,60,Bronze,강원,2020-11-14,Low,499,0
1709,임선우,F,58,Bronze,부산,2021-04-08,Low,480,0
1710,정다은,F,23,Bronze,대구,2024-06-29,Low,492,1
1711,박수빈,M,34,Bronze,부산,2022-08-08,Low,565,0
1712,조예준,F,56,Silver,경기,2021-05-11,High,662,0
1713,황지호,F,23,Silver,대전,2020-11-11,Medium,645,0
1714,정수아,F,51,Bronze,대전,2023-04-20,Medium,590,0
1715,최지아,M,59,Bronze,광주,2020-11-22,Low,444,1
1716,이민준,M,54,Silver,경기,2024-06-13,Low,561,0
1717,김민준,F,31,VIP,대구,2024-09-23,High,800,0
1718,임지호,M,30,Bronze,광주,2020-07-23,High,551,0
1719,김은서,M,32,Bronze,대전,2024-08-14,Low,551,0
1720,장지호,F,28,Gold,충청,2024-10-11,High,793,0
1721,오선우,M,51,Bronze,경상,2021-08-04,High,680,0
1722,신주원,F,52,Silver,전라,2023-12-16,Low,557,0
1723,황수아,F,62,Silver,부산,2022-08-02,High,699,0
1724,이지우,M,48,Gold,경상,2020-05-30,High,798,0
1725,강진우,M,65,Silver,대전,2020-09-08,Low,520,0
1726,정우진,F,61,VIP,인천,2022-03-11,High,778,0
1727,김시우,F,31,Bronze,세종,2023-09-10,Low,526,0
1728,권도윤,F,62,Silver,제주,2023-03-06,Low,502,1
1729,권서윤,F,46,Gold,광주,2020-10-30,High,815,0
1730,정우진,M,46,VIP,서울,2023-07-17,High,892,0
1731,임지유,F,20,Gold,제주,2024-08-15,Low,626,0
1732,권선우,F,53,Silver,강원,2023-04-24,Medium,686,0
1733,조서연,F,66,Silver,대구,2023-01-08,Low,518,1
1734,임지호,F,46,Bronze,충청,2023-03-17,Medium,603,0
1735,임수아,F,36,Silver,전라,2024-10-11,High,726,0
1736,정민준,M,22,Gold,세종,2021-05-04,High,815,0
1737,이시우,F,21,Silver,경상,2024-06-15,Low,566,0
1738,윤진우,M,54,Bronze,대구,2024-05-15,Medium,528,1
1739,조수빈,F,31,Silver,부산,2020-01-30,Medium,690,0
1740,김하은,M,67,Bronze,인천,2023-09-08,Medium,567,1
1741,박채원,M,66,Gold,경기,2024-04-15,Low,601,0
1742,이지호,M,27,Bronze,서울,2021-05-05,High,666,0
1743,신시우,M,27,Bronze,광주,2020-09-05,Low,535,0
1744,윤은서,F,25,Silver,경기,2021-12-24,High,647,0
1745,장시우,M,59,Bronze,제주,2024-04-18,High,640,1
1746,권수빈,M,50,Bronze,제주,2023-07-17,Medium,603,0
1747,조채원,M,52,Bronze,대전,2021-03-10,Medium,561,0
1748,오지호,M,62,Bronze,제주,2022-10-09,Low,478,0
1749,강지유,M,22,VIP,부산,2020-01-08,High,858,0
1750,강채원,M,40,Bronze,경기,2020-10-01,Low,541,0
1751,장하은,M,50,Silver,강원,2024-01-26,Low,658,0
1752,한도윤,M,39,Silver,대전,2021-08-23,High,764,0
1753,정지우,F,44,Bronze,대구,2021-11-27,Low,642,0
1754,윤지아,F,46,VIP,대구,2021-11-02,High,842,0
1755,박선우,M,43,Gold,대구,2024-04-21,High,804,0
1756,신지호,M,23,Silver,제주,2023-01-31,Low,533,0
1757,이수빈,F,55,Bronze,경기,2022-04-06,Low,621,0
1758,한도윤,F,67,Gold,경기,2020-07-12,Low,642,0
1759,이다은,M,50,Bronze,대전,2023-01-14,Medium,646,0
1760,최지호,F,30,Gold,충청,2023-12-06,Low,729,0
1761,김다은,M,66,Bronze,인천,2024-02-20,Low,511,0
1762,김선우,F,56,Bronze,제주,2024-09-20,Medium,533,0
1763,김채원,M,59,Bronze,부산,2024-08-16,Low,487,0
1764,황진우,F,37,Gold,경기,2023-12-18,Medium,768,0
1765,윤민준,M,45,Silver,경상,2021-06-02,Medium,599,0
1766,한수아,M,65,VIP,부산,2024-03-05,High,766,0
1767,조지우,M,37,Bronze,충청,2020-01-06,Low,519,1
1768,이도윤,M,48,Gold,경상,2023-08-20,Medium,661,0
1769,강채원,F,62,Silver,대구,2022-06-27,Medium,654,0
1770,최수아,F,51,Bronze,대전,2020-04-10,Medium,577,0
1771,박서연,M,67,Silver,대구,2021-02-21,Medium,626,0
1772,조민준,F,68,Silver,충청,2022-07-19,Medium,595,0
1773,윤우진,F,50,Bronze,대구,2020-11-24,Low,515,0
1774,한다은,F,34,Bronze,강원,2022-11-09,Low,518,1
1775,정지유,F,64,Gold,전라,2022-11-23,Medium,709,0
1776,황하은,M,38,Silver,부산,2024-03-31,Low,596,0
1777,권은서,M,60,Silver,강원,2020-01-07,High,757,0
1778,조진우,F,20,Silver,인천,2020-08-10,Low,558,0
1779,조시우,F,57,Gold,대전,2023-10-03,Medium,668,0
1780,윤은서,M,35,Silver,광주,2021-12-31,Medium,634,0
1781,강다은,M,47,Bronze,서울,2023-11-13,High,625,0
1782,김우진,F,46,Silver,경상,2020-05-28,High,706,0
1783,장주원,M,34,Bronze,부산,2022-01-29,High,616,0
1784,정진우,F,33,Gold,부산,2023-06-06,High,849,0
1785,신은서,M,22,Silver,대구,2023-01-13,High,662,0
1786,윤우진,F,41,Gold,강원,2023-04-08,High,720,0
1787,김채원,F,42,Bronze,강원,2023-11-26,Medium,587,0
1788,한시우,M,31,Bronze,부산,2024-02-19,High,507,1
1789,권우진,M,28,Silver,서울,2023-09-17,Medium,632,0
1790,오우진,F,60,Bronze,제주,2021-09-05,Low,503,0
1791,오지호,M,50,Silver,인천,2022-02-06,High,749,0
1792,이서윤,M,24,Gold,경기,2022-06-09,High,798,0
1793,정선우,F,48,Gold,충청,2022-12-27,Medium,744,0
1794,권주원,F,40,Silver,부산,2024-02-11,Low,647,0
1795,최예준,F,44,Bronze,세종,2020-07-05,Low,581,0
1796,최수빈,M,55,Silver,전라,2023-04-04,Low,645,0
1797,김선우,M,54,Bronze,제주,2020-09-15,Medium,670,0
1798,이수아,M,41,Silver,경기,2021-06-15,Medium,689,0
1799,권서윤,M,47,Silver,부산,2020-10-13,Low,615,0
1800,임주원,M,47,Bronze,강원,2020-06-13,Low,590,0
1801,박시우,F,21,VIP,서울,2024-05-16,High,795,0
1802,김지호,F,30,Bronze,제주,2023-07-28,Low,502,1
1803,최다은,M,48,Bronze,강원,2023-08-19,Medium,610,0
1804,오지우,F,40,Silver,경기,2024-06-15,Low,540,0
1805,신지아,F,30,Gold,인천,2023-05-14,Medium,678,0
1806,신지호,M,31,Bronze,대구,2022-10-23,Low,501,1
1807,조다은,M,52,Silver,서울,2020-03-31,Medium,696,0
1808,강도윤,M,43,Bronze,대구,2022-12-21,Medium,595,0
1809,이수아,F,29,Bronze,강원,2021-04-11,Low,501,0
1810,박진우,F,66,VIP,경상,2020-03-21,High,809,0
1811,최수아,F,58,Bronze,강원,2022-07-31,Low,511,0
1812,한선우,M,28,Gold,대구,2024-06-30,High,752,0
1813,조시우,M,55,Bronze,경상,2020-01-11,Medium,584,0
1814,장다은,F,35,Silver,대전,2024-01-10,Low,503,0
1815,이예준,F,35,Gold,경기,2020-10-16,Medium,710,0
1816,임지아,F,39,Gold,부산,2024-12-06,Medium,712,0
1817,강선우,F,33,Gold,제주,2021-05-30,High,812,0
1818,한예준,M,42,Bronze,광주,2024-03-31,Medium,541,0
1819,박예준,M,66,Bronze,광주,2023-01-18,Low,452,0
1820,김지호,F,44,Silver,제주,2021-07-27,Low,702,0
1821,권선우,M,69,Gold,경기,2022-01-24,High,714,0
1822,정도윤,M,49,Bronze,경상,2020-05-06,Low,489,0
1823,정서연,F,35,Gold,부산,2021-03-03,Low,686,0
1824,임도윤,M,45,Bronze,제주,2020-10-16,Low,511,1
1825,오은서,F,53,Silver,제주,2020-09-10,Medium,644,0
1826,한우진,F,33,Gold,전라,2021-10-23,Low,633,1
1827,조서연,M,25,Bronze,충청,2024-04-08,Low,511,1
1828,윤선우,F,69,Silver,강원,2024-12-31,High,624,0
1829,최민준,M,57,Gold,제주,2022-04-29,High,797,0
1830,최예준,F,50,Bronze,세종,2021-06-24,Low,573,0
1831,임하은,F,20,Bronze,전라,2021-03-13,Medium,511,0
1832,이지아,M,27,Bronze,전라,2024-04-29,Low,486,1
1833,정수아,M,45,Silver,광주,2024-09-12,High,802,0
1834,권서윤,M,58,Bronze,인천,2020-05-30,Medium,674,0
1835,강채원,M,25,Silver,서울,2023-11-25,Low,577,0
1836,오서연,F,60,VIP,제주,2021-11-22,High,809,0
1837,조채원,M,53,Bronze,경기,2024-03-08,Medium,596,1
1838,최서연,M,43,Silver,충청,2020-06-30,Low,597,0
1839,조지우,F,24,Silver,경상,2021-03-11,High,672,0
1840,강서연,F,52,Silver,대전,2023-03-17,High,740,0
1841,윤채원,M,59,Gold,강원,2024-08-29,High,759,0
1842,황수빈,M,53,Bronze,제주,2021-02-01,Medium,583,0
1843,권수빈,M,46,VIP,부산,2023-08-14,High,852,0
1844,윤민준,M,52,Silver,충청,2023-04-04,Low,591,0
1845,정진우,M,21,Bronze,세종,2021-06-06,Low,513,0
1846,임채원,F,69,Bronze,강원,2023-08-07,Low,537,0
1847,오주원,M,53,Silver,강원,2024-05-23,Medium,591,0
1848,강진우,M,38,VIP,강원,2024-12-22,High,920,0
1849,권우진,M,32,Gold,제주,2024-07-10,Medium,703,0
1850,조진우,M,46,Bronze,서울,2023-02-16,Low,556,0
1851,이주원,F,21,Bronze,인천,2024-03-14,Medium,420,1
1852,임수아,F,62,Bronze,광주,2023-08-24,Medium,521,0
1853,박수빈,M,38,Bronze,광주,2022-04-14,Low,551,0
1854,임채원,F,21,Silver,제주,2020-10-28,Medium,624,0
1855,장지우,F,62,Silver,제주,2023-02-01,Medium,610,1
1856,권우진,M,55,Silver,대전,2020-07-20,Medium,693,0
1857,박우진,F,56,Silver,제주,2020-09-03,Medium,651,0
1858,최진우,F,52,Silver,서울,2024-10-16,High,744,0
1859,윤수아,M,20,Bronze,강원,2022-06-08,Low,513,0
1860,이예준,M,24,Gold,부산,2024-07-25,Medium,658,0
1861,권민준,M,24,Silver,서울,2023-06-07,Medium,659,1
1862,오도윤,M,49,Silver,인천,2024-11-02,Medium,692,0
1863,임주원,F,60,Gold,경상,2022-01-24,High,758,0
1864,윤은서,F,45,Gold,경상,2022-07-08,Low,682,0
1865,신채원,M,58,Gold,서울,2023-02-11,Medium,708,0
1866,윤예준,M,30,Silver,충청,2020-05-16,Low,533,0
1867,조선우,F,24,Bronze,부산,2021-02-19,Low,498,0
1868,강서윤,M,42,Bronze,대전,2020-08-10,Low,546,0
1869,윤민준,M,30,Bronze,경기,2023-05-19,Medium,549,0
1870,권선우,F,28,Silver,강원,2023-03-20,Low,599,0
1871,최우진,F,24,Bronze,강원,2021-08-30,Medium,486,1
1872,임도윤,M,29,Bronze,대구,2022-11-11,High,584,0
1873,조시우,F,23,Gold,부산,2023-10-28,High,766,0
1874,박주원,F,62,Silver,인천,2020-06-02,High,716,0
1875,이다은,M,26,Bronze,대구,2022-11-29,Low,464,1
1876,권다은,F,34,Bronze,부산,2024-11-26,Low,535,1
1877,이선우,M,54,Bronze,광주,2022-04-16,High,653,0
1878,김다은,F,45,Bronze,경기,2022-07-17,Low,601,1
1879,권다은,M,45,Silver,제주,2020-10-27,Low,672,0
1880,박지호,M,31,Gold,광주,2021-11-02,Medium,716,0
1881,조지유,M,69,Silver,세종,2020-08-02,Medium,591,1
1882,한서윤,M,56,Gold,충청,2022-03-25,Low,662,0
1883,김수빈,F,35,Silver,충청,2023-01-14,Medium,658,0
1884,황서연,F,22,Bronze,경상,2024-02-03,Medium,537,0
1885,조은서,F,52,Bronze,전라,2020-09-23,Medium,534,0
1886,장지호,M,38,Silver,전라,2023-01-22,Medium,617,0
1887,신서연,F,25,Silver,인천,2021-04-26,Low,547,0
1888,신서윤,M,59,Silver,대전,2024-05-16,High,713,0
1889,오주원,F,59,Silver,대전,2023-01-14,High,626,0
1890,오지우,M,40,Silver,부산,2022-10-08,Low,542,1
1891,한수빈,F,63,Silver,대전,2023-08-10,High,669,1
1892,정민준,F,68,Bronze,대전,2024-01-30,Low,459,0
1893,임서연,M,63,Gold,대구,2023-01-14,High,758,0
1894,박선우,F,49,Silver,부산,2020-10-14,Medium,586,0
1895,정서윤,M,60,Bronze,전라,2022-12-26,Low,550,0
1896,최우진,M,41,Silver,대구,2020-06-12,Medium,607,0
1897,박수빈,F,66,Bronze,세종,2020-12-30,Low,466,0
1898,조진우,M,64,Gold,강원,2023-05-30,Medium,730,0
1899,최선우,M,55,Bronze,광주,2022-01-19,High,615,0
1900,권수빈,F,21,Bronze,제주,2022-09-25,Low,441,1
1901,정수아,M,32,Silver,충청,2020-09-02,Low,638,0
1902,권하은,F,58,Silver,서울,2021-02-11,Medium,593,0
1903,임수아,F,22,Gold,광주,2021-03-06,High,758,0
1904,권도윤,M,26,Gold,인천,2022-01-19,Medium,727,0
1905,조다은,M,35,Bronze,세종,2024-10-09,Medium,650,0
1906,박하은,F,69,Bronze,서울,2024-05-08,Medium,545,0
1907,임선우,M,64,Silver,세종,2023-02-23,High,687,0
1908,정지유,M,35,Bronze,강원,2023-02-16,Low,513,0
1909,박지우,F,55,Bronze,제주,2024-05-07,Medium,628,0
1910,장채원,F,54,Silver,대구,2024-11-01,High,727,0
1911,강선우,F,67,Bronze,대구,2023-01-13,Low,475,1
1912,권도윤,F,31,Silver,대구,2023-06-12,Low,538,0
1913,신채원,F,21,Gold,서울,2024-12-12,High,749,0
1914,임수아,M,35,Gold,경기,2024-06-24,High,813,0
1915,최민준,F,41,Silver,강원,2021-02-21,Medium,606,0
1916,정지아,F,53,Silver,대전,2022-03-01,Medium,694,0
1917,윤지우,F,64,Bronze,부산,2022-05-16,Medium,541,0
1918,한채원,M,67,VIP,광주,2024-09-28,High,767,0
1919,박지유,F,33,Bronze,경기,2022-12-12,Medium,594,0
1920,이지우,M,24,Gold,충청,2020-10-20,Low,562,0
1921,한지아,M,23,Silver,서울,2024-12-18,High,661,0
1922,오수빈,F,42,VIP,인천,2024-04-19,High,886,0
1923,이주원,M,31,Bronze,세종,2022-08-08,Medium,569,0
1924,윤지우,F,29,Bronze,서울,2021-10-28,Medium,532,1
1925,권주원,F,62,Silver,경상,2020-07-28,Medium,615,0
1926,이다은,M,24,Silver,부산,2021-02-10,Medium,602,0
1927,최진우,M,21,Silver,인천,2020-11-13,Medium,559,0
1928,황서윤,M,66,Silver,광주,2023-09-08,Low,527,1
1929,정수아,M,35,Bronze,광주,2023-08-30,Medium,663,0
1930,장우진,F,55,Bronze,대구,2022-05-05,Medium,579,0
1931,윤다은,M,30,Bronze,대구,2021-05-21,Low,481,1
1932,신다은,M,31,Bronze,충청,2024-08-16,Low,496,0
1933,김서윤,M,48,Gold,서울,2021-11-09,High,821,0
1934,윤하은,M,51,Bronze,광주,2020-10-10,Low,508,0
1935,황선우,M,28,Gold,제주,2023-10-14,Medium,767,0
1936,신서연,M,31,VIP,서울,2021-06-27,Medium,821,0
1937,신주원,F,42,Bronze,경상,2024-02-24,Low,577,0
1938,최수빈,F,23,Bronze,제주,2024-06-06,Low,438,0
1939,최민준,F,39,Gold,대전,2023-08-14,High,721,0
1940,윤지호,F,30,Bronze,경상,2023-03-14,Low,478,0
1941,김지우,M,69,Bronze,충청,2024-03-14,Medium,573,0
1942,한선우,M,23,Bronze,부산,2020-01-11,Low,485,0
1943,이우진,F,25,Bronze,경기,2020-10-24,Medium,526,1
1944,박하은,F,46,Silver,전라,2020-10-12,High,666,0
1945,오지호,M,27,Silver,경기,2020-09-22,Low,633,1
1946,박도윤,F,35,Gold,충청,2024-03-09,Medium,749,0
1947,임우진,F,44,Silver,강원,2020-01-28,Medium,586,0
1948,신선우,M,29,Bronze,대구,2020-12-26,Medium,592,0
1949,신수빈,F,60,Silver,광주,2024-10-26,High,632,0
1950,정예준,M,21,Bronze,충청,2021-01-31,Low,382,1
1951,강예준,M,67,Bronze,서울,2024-07-07,Low,468,1
1952,신진우,F,21,Bronze,부산,2022-07-18,Medium,489,1
1953,조지유,F,54,Silver,대구,2024-04-10,Low,607,0
1954,황지우,M,29,Bronze,서울,2022-05-15,Medium,579,0
1955,윤수아,F,37,Gold,충청,2023-06-22,High,764,0
1956,권진우,M,46,Gold,인천,2024-10-27,High,683,0
1957,황하은,F,40,Silver,인천,2024-08-22,Low,601,0
1958,권지아,M,35,Gold,서울,2023-06-15,High,781,0
1959,윤진우,F,43,Silver,제주,2021-09-23,Medium,628,0
1960,강지유,F,47,Bronze,부산,2021-05-29,Low,573,1
1961,권시우,F,47,VIP,서울,2023-02-10,High,906,0
1962,최민준,F,55,Gold,세종,2022-03-27,High,832,0
1963,윤서윤,F,53,VIP,서울,2022-11-24,High,849,0
1964,임민준,M,41,Bronze,세종,2020-06-21,Medium,557,1
1965,윤하은,M,23,Silver,부산,2021-11-11,High,737,0
1966,장시우,F,39,Gold,대전,2020-12-24,High,808,0
1967,김진우,F,31,Silver,강원,2023-10-17,Medium,602,0
1968,김우진,M,55,VIP,부산,2023-10-06,Medium,824,0
1969,임예준,M,48,Bronze,대전,2024-12-26,Medium,602,0
1970,장수아,M,64,Bronze,서울,2020-03-06,High,605,0
1971,조채원,M,39,Bronze,전라,2023-04-21,High,663,0
1972,윤주원,M,36,VIP,경상,2023-09-03,High,863,0
1973,신수빈,M,65,Silver,경상,2024-10-23,Low,532,0
1974,한지호,F,31,VIP,충청,2023-05-31,High,780,0
1975,정은서,F,45,Bronze,강원,2022-10-06,Low,519,0
1976,한하은,F,44,Bronze,경상,2021-08-22,Medium,573,0
1977,이지우,M,51,Silver,서울,2022-09-20,Medium,662,0
1978,강채원,M,33,Bronze,강원,2023-10-03,Low,539,1
1979,임하은,F,20,Gold,대구,2020-12-04,Low,677,0
1980,최주원,M,52,Silver,강원,2024-09-25,High,633,1
1981,김서윤,M,60,Bronze,전라,2021-06-15,High,705,0
1982,신지호,M,43,Bronze,제주,2023-06-13,Low,495,0
1983,황진우,F,29,Bronze,경기,2022-06-29,Low,504,0
1984,정선우,M,24,Bronze,대전,2021-06-16,Medium,490,1
1985,신하은,F,42,Silver,경상,2021-04-22,Medium,620,0
1986,김수빈,M,23,Bronze,대구,2023-01-11,High,607,0
1987,윤지호,M,32,Silver,경기,2021-09-05,Medium,688,0
1988,박선우,F,63,Bronze,대구,2024-06-08,Medium,601,0
1989,장선우,M,49,Bronze,대전,2023-03-30,Low,497,0
1990,김시우,M,57,Silver,경상,2020-08-29,Medium,571,0
1991,신진우,F,27,Silver,서울,2022-10-09,Low,564,0
1992,황수빈,M,41,Bronze,광주,2020-08-07,Low,515,0
1993,신예준,M,38,Bronze,충청,2022-05-13,Low,523,0
1994,최시우,F,21,Silver,강원,2021-10-01,High,713,0
1995,박수빈,F,26,Silver,인천,2021-12-29,Medium,642,0
1996,장지우,M,52,Bronze,제주,2024-05-13,Medium,651,0
1997,장선우,M,59,VIP,대전,2020-10-08,Low,701,0
1998,장주원,M,47,VIP,경기,2020-07-01,High,869,0
1999,권하은,M,42,Bronze,충청,2023-08-03,Low,616,0
2000,이수아,M,50,Bronze,서울,2021-11-30,Medium,594,0
2001,황시우,F,55,Silver,대전,2021-11-11,Low,578,0
2002,정지아,F,29,Silver,충청,2020-07-18,Medium,556,0
2003,권우진,F,37,VIP,충청,2022-05-02,High,916,0
2004,황지호,M,64,Silver,강원,2023-03-19,Low,605,0
2005,장수빈,M,45,Silver,강원,2020-10-24,High,742,0
2006,이수아,F,59,Gold,대전,2023-07-07,High,775,0
2007,조은서,M,64,Bronze,대전,2023-11-27,Low,424,1
2008,정지호,F,41,Silver,광주,2024-07-03,Medium,698,0
2009,임지우,M,23,Bronze,제주,2022-09-05,Low,482,0
2010,김지유,M,24,Silver,대전,2023-10-30,Low,641,0
2011,임수빈,F,33,Silver,부산,2022-04-21,Low,568,0
2012,강지유,M,44,Silver,서울,2020-02-20,Medium,650,0
2013,정지우,F,53,Bronze,대구,2021-01-01,High,772,0
2014,정수빈,F,47,Silver,서울,2021-10-31,Low,535,0
2015,김지아,F,47,Bronze,세종,2024-03-28,Medium,585,0
2016,정도윤,M,32,Bronze,제주,2023-05-31,High,617,1
2017,권지유,F,45,Bronze,제주,2020-09-24,Low,551,0
2018,김하은,F,60,Silver,충청,2021-12-11,Medium,678,1
2019,오채원,M,31,Gold,인천,2021-08-25,High,763,0
2020,윤다은,F,45,Gold,광주,2023-06-09,High,741,0
2021,이서윤,F,65,Bronze,경기,2022-02-01,Low,523,1
2022,신선우,F,23,VIP,강원,2020-01-31,High,741,0
2023,조다은,F,55,Gold,경기,2020-12-20,Medium,762,0
2024,황민준,F,48,Gold,경상,2022-04-16,Medium,709,0
2025,한채원,M,29,Bronze,인천,2020-04-19,Medium,569,0
2026,강수아,F,42,Bronze,경상,2022-03-01,Low,600,0
2027,윤수빈,F,60,Gold,대구,2022-11-18,High,801,0
2028,최선우,F,36,Silver,제주,2021-07-03,High,757,0
2029,조시우,F,61,Silver,전라,2022-08-14,Medium,656,0
2030,이지우,M,29,Bronze,세종,2021-08-07,Low,530,0
2031,오다은,M,48,Silver,제주,2022-03-26,Low,606,0
2032,오서윤,F,30,VIP,강원,2023-01-08,High,863,0
2033,이다은,F,65,VIP,강원,2020-05-04,Medium,813,0
2034,권서연,F,41,Bronze,부산,2020-03-08,Medium,623,0
2035,최도윤,M,37,Bronze,부산,2021-11-08,Low,539,0
2036,권하은,M,65,Bronze,세종,2022-08-29,Low,475,0
2037,이채원,F,31,Silver,대구,2023-10-04,Low,576,0
2038,최수빈,F,64,Gold,충청,2023-06-22,High,802,0
2039,장하은,M,61,Bronze,제주,2024-06-27,Low,485,1
2040,장주원,F,54,Bronze,제주,2023-06-28,Low,586,0
2041,임선우,M,68,Bronze,서울,2021-09-18,Low,459,1
2042,윤하은,F,48,Bronze,대구,2022-02-10,Medium,643,0
2043,권은서,F,65,Silver,대구,2020-09-27,Low,578,0
2044,박선우,M,35,Silver,경기,2020-11-05,Low,554,0
2045,한수빈,F,21,Silver,인천,2024-12-10,Medium,658,0
2046,김진우,M,30,Gold,서울,2024-07-29,High,754,0
2047,박민준,M,24,Bronze,대전,2022-08-02,Medium,605,0
2048,한은서,F,65,Silver,서울,2023-01-26,High,717,0
2049,강예준,M,38,Gold,경상,2021-04-26,Low,666,0
2050,이진우,M,50,Silver,제주,2024-03-18,Low,639,0
2051,박우진,F,39,Silver,충청,2021-10-09,Low,607,0
2052,신민준,F,68,Silver,인천,2020-01-08,Medium,599,0
2053,강진우,F,48,Bronze,광주,2020-02-10,Low,575,0
2054,조채원,F,25,Gold,전라,2022-03-15,Low,662,0
2055,이지호,M,38,VIP,세종,2023-01-14,High,795,0
2056,정은서,F,22,Silver,서울,2022-01-22,Low,593,0
2057,조채원,M,38,Silver,대전,2022-12-30,Low,567,0
2058,윤민준,M,54,Silver,강원,2022-12-01,Low,588,0
2059,윤선우,F,59,Gold,서울,2022-01-29,Medium,675,0
2060,임주원,F,21,Bronze,부산,2020-09-16,High,606,1
2061,조지유,F,60,Silver,강원,2024-08-28,Low,555,1
2062,권민준,F,28,Bronze,제주,2022-08-02,Medium,593,0
2063,이주원,F,49,Silver,경기,2023-10-06,Low,565,0
2064,이하은,M,37,Gold,경상,2023-04-27,Medium,737,0
2065,정서윤,M,29,Bronze,세종,2021-11-15,Low,521,0
2066,황시우,F,37,Bronze,경기,2024-08-13,Low,540,0
2067,강다은,M,40,Silver,강원,2020-09-15,High,696,0
2068,윤민준,M,66,VIP,전라,2022-03-28,High,790,0
2069,강채원,F,23,Silver,부산,2024-08-21,High,685,0
2070,박수빈,F,66,Bronze,대구,2020-01-11,High,553,0
2071,한선우,M,30,Bronze,경상,2022-07-15,Medium,597,0
2072,황수빈,F,20,Silver,서울,2024-05-29,Medium,641,0
2073,오서연,M,27,Silver,서울,2023-06-04,High,619,0
2074,한지호,F,31,Silver,경상,2024-12-07,High,706,0
2075,권주원,M,56,Gold,서울,2020-03-08,Medium,729,0
2076,김다은,F,64,Bronze,전라,2020-06-26,Low,460,0
2077,정수빈,F,64,Silver,제주,2023-08-15,High,649,0
2078,임우진,F,42,Gold,대구,2021-07-25,Low,656,0
2079,조지호,M,50,Gold,대구,2024-07-18,Medium,750,0
2080,김시우,F,22,Gold,제주,2023-02-23,Medium,746,0
2081,한서윤,M,49,Bronze,부산,2024-12-10,Low,529,0
2082,황수아,F,29,Silver,서울,2022-04-10,Low,537,0
2083,조서연,F,48,Gold,강원,2021-03-24,Low,759,0
2084,장우진,F,31,Silver,부산,2022-02-22,Low,578,0
2085,한지아,F,28,Silver,광주,2021-11-15,High,727,0
2086,조지유,F,59,Silver,경기,2022-01-15,Low,496,1
2087,임서윤,M,58,VIP,광주,2024-04-17,High,884,0
2088,김은서,M,34,Gold,경기,2020-07-24,Medium,724,0
2089,조하은,M,29,Silver,대구,2023-12-13,Low,574,0
2090,박민준,F,65,Bronze,부산,2021-10-07,Low,467,0
2091,오지호,M,20,Bronze,전라,2020-10-03,Medium,597,0
2092,강서연,M,30,Bronze,제주,2024-07-21,Low,469,1
2093,강하은,F,33,Bronze,인천,2024-12-04,Medium,588,0
2094,윤은서,F,22,Silver,서울,2024-09-05,Medium,551,0
2095,오우진,M,49,Silver,서울,2021-12-25,Low,572,1
2096,최지호,M,20,Bronze,대구,2023-10-19,Low,459,0
2097,신민준,M,64,Bronze,경기,2020-01-07,Medium,577,0
2098,김선우,F,24,Gold,대구,2023-07-07,Medium,687,0
2099,최도윤,M,54,Silver,제주,2024-03-16,Medium,628,0
2100,강예준,M,22,Gold,세종,2023-03-12,Low,656,1
2101,김예준,F,55,Gold,강원,2022-03-03,Medium,723,0
2102,최다은,F,64,Bronze,경상,2024-12-27,Low,511,0
2103,임지아,F,57,Bronze,광주,2024-10-31,Medium,616,0
2104,권서윤,F,40,VIP,인천,2023-07-20,High,855,0
2105,윤우진,F,40,Silver,대전,2021-01-11,Medium,635,0
2106,한서윤,M,34,Bronze,대구,2021-11-08,Low,517,1
2107,오서연,M,61,Bronze,대전,2024-09-14,Low,507,0
2108,장수빈,F,52,Silver,서울,2020-11-06,Low,608,0
2109,조예준,F,34,Bronze,충청,2020-01-14,Medium,526,0
2110,윤도윤,F,40,Bronze,인천,2020-06-28,Medium,504,0
2111,신채원,F,30,Silver,부산,2024-09-22,Medium,600,0
2112,황지우,F,43,Silver,인천,2020-06-08,Medium,592,0
2113,황민준,M,20,Bronze,경기,2020-07-05,Low,495,0
2114,김서윤,M,47,Bronze,인천,2020-07-21,Low,511,0
2115,한서윤,M,42,Bronze,강원,2024-05-28,Medium,553,1
2116,강진우,M,47,Gold,경기,2022-10-27,Medium,714,0
2117,강수빈,M,66,Silver,광주,2023-03-11,Low,533,0
2118,이예준,M,65,Gold,제주,2021-11-26,Low,578,0
2119,신은서,M,24,Silver,대전,2023-05-31,Low,497,0
2120,신선우,F,41,Bronze,대구,2024-11-09,High,642,1
2121,장지우,M,66,Bronze,인천,2020-01-03,High,537,0
2122,한수아,M,62,Bronze,서울,2021-05-31,High,602,0
2123,정우진,M,67,Bronze,경상,2020-08-12,High,688,0
2124,오우진,M,63,Gold,전라,2024-02-13,High,743,0
2125,최서연,F,65,Bronze,부산,2024-10-11,Medium,530,0
2126,박하은,M,43,Bronze,서울,2024-05-09,Low,489,0
2127,조도윤,M,46,Silver,부산,2020-01-06,Medium,681,0
2128,최주원,F,49,Silver,충청,2020-07-15,Medium,632,0
2129,신지호,M,61,Gold,충청,2020-07-02,Medium,755,0
2130,윤지아,F,58,VIP,인천,2023-04-07,Medium,739,0
2131,이민준,F,35,Bronze,경상,2023-01-13,Low,571,1
2132,임지호,M,27,Silver,서울,2022-10-23,High,706,0
2133,황지유,F,45,Silver,제주,2024-12-01,Low,558,0
2134,이진우,F,43,Silver,대구,2023-04-05,Medium,706,0
2135,정지아,M,48,Bronze,대전,2021-02-06,Low,514,1
2136,조지유,M,39,Bronze,대전,2020-12-08,Low,519,1
2137,박예준,M,47,Bronze,경기,2020-06-30,Medium,611,0
2138,박도윤,F,37,Bronze,경기,2023-10-22,Low,557,0
2139,황서연,F,58,Bronze,충청,2020-07-19,Low,530,0
2140,정지호,F,36,Gold,강원,2021-11-24,Medium,725,0
2141,오지아,F,31,Bronze,전라,2020-04-27,Medium,572,0
2142,권서연,M,24,Gold,광주,2024-10-03,Medium,709,0
2143,김지유,F,43,Bronze,제주,2024-01-30,Medium,572,0
2144,신주원,F,57,Bronze,경상,2024-06-21,Low,454,0
2145,황도윤,M,43,Bronze,대전,2022-01-29,Low,566,0
2146,오은서,F,24,Silver,대구,2020-09-16,High,658,0
2147,강민준,M,56,Silver,충청,2021-09-19,Medium,650,0
2148,박도윤,F,56,Silver,대구,2024-09-25,Medium,616,1
2149,황수아,M,49,Bronze,대구,2020-10-06,Medium,603,1
2150,박예준,M,38,Gold,전라,2021-06-26,Medium,682,0
2151,최서윤,F,27,Silver,광주,2024-12-19,Medium,637,0
2152,최주원,M,26,Bronze,전라,2020-02-07,High,606,0
2153,오하은,F,53,Bronze,인천,2020-10-17,Low,591,0
2154,황수빈,F,40,Gold,광주,2024-07-28,Low,705,0
2155,황서윤,F,52,Bronze,대구,2021-06-30,Low,499,1
2156,윤우진,M,61,Bronze,전라,2020-02-21,Low,461,0
2157,강지우,M,48,Silver,인천,2023-03-28,Medium,648,0
2158,김하은,F,23,Bronze,서울,2024-04-12,Low,442,1
2159,박주원,M,21,Bronze,광주,2021-10-28,Low,473,1
2160,박다은,M,66,Gold,대구,2021-01-16,High,719,0
2161,최하은,F,21,Bronze,부산,2023-03-20,Low,543,0
2162,장지호,F,30,Bronze,부산,2020-09-06,Medium,632,0
2163,강지우,F,31,Bronze,서울,2023-05-15,Low,459,0
2164,최지유,M,66,Silver,충청,2021-12-22,Low,524,0
2165,한우진,M,29,Gold,전라,2023-11-20,Medium,651,0
2166,장은서,M,20,Silver,세종,2023-11-16,Medium,631,0
2167,권수아,F,34,Gold,대전,2022-05-24,High,753,0
2168,황서연,F,22,Silver,대전,2023-05-28,Medium,618,0
2169,신선우,M,32,Silver,경기,2020-01-29,Medium,650,0
2170,권수빈,M,55,Bronze,전라,2021-01-09,Low,550,0
2171,윤채원,F,54,Bronze,제주,2022-04-04,Low,504,1
2172,최우진,M,29,Bronze,경상,2022-11-07,High,679,1
2173,임지아,F,29,Silver,전라,2024-10-23,Low,621,0
2174,한서윤,M,66,Bronze,대전,2020-04-27,Medium,600,0
2175,임도윤,M,43,Bronze,대전,2021-05-11,Low,492,0
2176,최지호,M,54,Gold,대전,2023-11-01,Medium,686,0
2177,권수아,M,51,Bronze,부산,2024-10-20,Low,528,0
2178,박민준,M,34,Bronze,인천,2022-04-01,Low,529,0
2179,정예준,M,56,Bronze,세종,2023-09-07,Medium,629,0
2180,김지유,F,36,Silver,제주,2020-12-22,Low,630,0
2181,강지호,F,66,Silver,경기,2023-03-05,Low,533,0
2182,임지호,F,57,Bronze,충청,2021-10-19,Low,478,0
2183,신서윤,M,50,Bronze,제주,2020-10-07,High,698,0
2184,이은서,F,26,Gold,전라,2020-07-02,High,855,0
2185,최진우,M,68,Bronze,충청,2022-04-06,Low,439,1
2186,장다은,M,24,Gold,세종,2022-09-17,High,712,0
2187,신서윤,M,48,Bronze,전라,2024-04-14,High,704,0
2188,장은서,F,61,Silver,광주,2021-04-30,Low,564,0
2189,한진우,F,32,Gold,경기,2023-07-14,Medium,697,0
2190,한진우,F,31,Gold,인천,2020-04-03,High,782,0
2191,강민준,F,51,Bronze,대구,2021-08-02,Low,448,0
2192,오서연,M,28,Silver,강원,2022-08-08,Medium,664,0
2193,한채원,F,45,Silver,세종,2023-04-29,Medium,630,0
2194,최예준,F,47,Bronze,서울,2021-06-10,Low,623,1
2195,조수아,F,40,Bronze,세종,2021-02-11,High,637,0
2196,임서윤,F,48,Gold,전라,2023-03-04,Medium,626,0
2197,오예준,M,40,Gold,경상,2022-01-29,Medium,730,0
2198,박선우,M,49,Silver,부산,2022-05-23,Medium,640,0
2199,권도윤,F,53,Bronze,강원,2024-09-17,Low,514,0
2200,조채원,M,39,Bronze,제주,2021-06-20,Low,569,0
2201,정수아,F,65,Silver,경기,2024-06-09,Low,519,0
2202,임수아,M,65,Bronze,대구,2021-07-18,Low,454,1
2203,임시우,F,36,VIP,제주,2023-10-16,Medium,797,0
2204,임도윤,F,28,Bronze,세종,2024-01-21,Low,486,0
2205,한수빈,F,26,Gold,경기,2020-01-17,Low,652,0
2206,박하은,F,68,VIP,광주,2021-09-09,Medium,706,0
2207,최지아,F,43,Silver,제주,2023-04-14,High,716,1
2208,정시우,F,39,Silver,경기,2020-10-30,Low,594,0
2209,김민준,M,67,Bronze,경기,2020-10-06,Low,502,0
2210,조지유,F,32,Silver,광주,2023-07-10,Medium,716,0
2211,김수빈,F,25,Bronze,충청,2021-03-23,Low,507,0
2212,정도윤,F,44,Gold,경기,2021-04-01,Low,712,0
2213,김우진,F,31,Gold,대전,2020-11-18,Low,649,0
2214,정주원,F,31,Silver,부산,2023-09-05,High,679,0
2215,한주원,F,52,Bronze,전라,2024-06-28,Low,544,1
2216,장도윤,M,56,Bronze,대전,2024-03-22,Low,461,1
2217,황지호,F,48,Bronze,경기,2022-08-11,Medium,628,0
2218,김지우,M,54,Bronze,광주,2020-04-06,Medium,593,0
2219,임시우,F,45,Silver,세종,2024-03-19,Medium,727,0
2220,최지우,M,59,Bronze,서울,2020-10-06,High,554,0
2221,임하은,M,33,Bronze,부산,2020-02-14,Medium,568,1
2222,오하은,F,49,Silver,서울,2022-06-15,Low,649,0
2223,윤은서,F,68,Bronze,부산,2024-03-12,High,583,1
2224,황서윤,M,67,Silver,제주,2021-06-13,Low,587,0
2225,김우진,F,65,Bronze,제주,2020-09-26,High,547,0
2226,신진우,M,25,Silver,인천,2020-11-30,Medium,628,0
2227,김지유,M,48,Bronze,경상,2022-04-27,Low,530,0
2228,신하은,F,61,Bronze,세종,2021-10-19,Low,592,0
2229,임은서,M,36,Gold,광주,2023-08-03,Medium,647,0
2230,한다은,M,41,Silver,경기,2021-01-03,High,694,0
2231,신진우,F,44,Silver,강원,2021-07-31,Low,660,0
2232,최다은,M,60,Gold,충청,2024-04-24,Low,617,0
2233,이지우,M,25,Bronze,경기,2022-12-23,Low,480,1
2234,오수빈,F,67,Bronze,전라,2024-12-29,Low,477,1
2235,권서연,F,38,Bronze,제주,2023-07-12,Low,504,0
2236,임은서,F,64,Silver,충청,2021-10-13,Low,558,0
2237,이다은,M,31,Gold,세종,2022-03-05,Medium,710,0
2238,김지유,F,29,Gold,대전,2020-12-26,High,811,0
2239,신시우,F,32,Bronze,경상,2024-02-16,High,594,0
2240,정지아,F,21,Silver,강원,2022-10-19,Medium,603,0
2241,강민준,F,49,VIP,인천,2020-01-22,Medium,775,0
2242,강지호,F,32,Bronze,세종,2022-10-14,Medium,544,0
2243,박예준,F,60,Bronze,인천,2024-12-02,Low,498,1
2244,황다은,F,40,Bronze,인천,2022-01-04,Low,561,1
2245,이예준,F,54,Gold,제주,2023-05-23,High,755,0
2246,박진우,F,27,Gold,제주,2022-04-20,High,717,0
2247,강도윤,F,34,Silver,세종,2023-09-30,Low,603,0
2248,오지아,M,22,Silver,경기,2021-11-17,Medium,643,0
2249,김수빈,F,26,Gold,경상,2020-08-07,High,684,0
2250,임수빈,M,65,Bronze,경기,2024-08-04,Low,461,1
2251,박하은,M,24,Silver,대구,2022-11-13,Medium,656,0
2252,권채원,F,54,Silver,대전,2021-09-02,Low,562,1
2253,임하은,F,36,Silver,서울,2022-03-08,Medium,657,0
2254,김서연,F,31,Silver,강원,2022-10-16,Medium,660,0
2255,최도윤,F,69,Bronze,대전,2023-07-30,Medium,578,0
2256,오하은,F,66,Gold,대구,2023-09-10,High,716,0
2257,오채원,M,31,Gold,인천,2020-02-05,High,790,0
2258,장우진,M,38,Bronze,강원,2024-12-07,Low,547,0
2259,권하은,M,50,Bronze,세종,2020-11-10,Low,489,0
2260,정진우,M,61,Gold,경상,2021-02-11,High,790,0
2261,김수아,F,47,Silver,경상,2023-11-10,Low,601,0
2262,최서윤,F,32,Silver,부산,2024-11-22,High,676,0
2263,김도윤,M,37,Gold,강원,2021-04-26,Medium,772,0
2264,황채원,M,62,Bronze,제주,2023-06-06,High,620,0
2265,장채원,M,49,Bronze,부산,2024-10-22,Medium,665,0
2266,권선우,F,63,Bronze,부산,2021-03-15,Low,405,1
2267,오지호,F,60,Gold,전라,2023-01-15,Low,650,0
2268,윤하은,M,47,Silver,제주,2020-08-10,High,646,0
2269,박선우,M,32,Bronze,경상,2023-05-31,Medium,533,0
2270,최지유,M,49,Bronze,경상,2024-10-19,High,576,0
2271,오민준,F,50,Silver,경기,2023-08-25,High,717,0
2272,박민준,M,61,Bronze,부산,2024-04-26,High,555,1
2273,임주원,F,27,Silver,강원,2023-11-23,High,730,0
2274,한수아,F,42,Bronze,인천,2024-02-13,Low,527,0
2275,권지우,F,44,Silver,대전,2022-12-29,Medium,703,0
2276,이지우,F,48,Gold,충청,2022-11-04,Medium,805,0
2277,박도윤,F,34,Bronze,전라,2022-06-10,Low,553,0
2278,박진우,M,48,Silver,세종,2020-10-19,Low,607,0
2279,임지아,M,68,Silver,충청,2022-03-22,Medium,563,0
2280,정다은,F,55,Silver,충청,2024-10-08,Medium,645,0
2281,이선우,M,58,Bronze,대구,2020-08-18,Medium,573,0
2282,한도윤,M,45,Bronze,강원,2024-07-13,Low,611,0
2283,정진우,M,36,Silver,서울,2024-06-10,Medium,639,0
2284,김도윤,M,27,Bronze,서울,2020-12-01,Medium,528,0
2285,김예준,F,38,Silver,서울,2020-02-07,Low,626,0
2286,장하은,M,20,Silver,강원,2023-03-19,Medium,654,0
2287,신서연,F,50,Silver,강원,2023-02-02,Medium,627,0
2288,오하은,F,46,Bronze,부산,2020-01-30,Medium,569,0
2289,신지유,M,23,VIP,서울,2023-10-23,High,753,0
2290,황은서,F,61,Gold,광주,2022-03-04,High,798,0
2291,신진우,M,48,Bronze,전라,2024-09-25,Low,523,1
2292,신다은,M,61,Gold,세종,2020-11-27,Medium,751,0
2293,김민준,M,60,Bronze,대전,2022-02-01,Low,530,0
2294,정시우,M,58,Silver,서울,2022-03-16,Medium,660,0
2295,조수빈,F,43,Gold,서울,2022-02-12,High,788,0
2296,임은서,F,50,Gold,대전,2024-04-22,High,765,0
2297,박하은,M,41,Gold,전라,2023-08-19,Medium,725,0
2298,윤예준,F,54,Silver,제주,2021-10-28,Medium,668,0
2299,조도윤,M,26,Bronze,부산,2022-12-30,Medium,645,0
2300,정도윤,F,33,Gold,경상,2024-08-24,Low,652,0
2301,김수아,F,28,Bronze,경기,2024-11-14,High,610,0
2302,한지우,F,51,Gold,제주,2021-07-08,Medium,690,0
2303,최은서,F,55,Silver,전라,2021-10-19,Medium,690,0
2304,한지유,M,65,Bronze,경기,2022-04-11,Medium,586,0
2305,윤지유,M,48,Gold,광주,2020-04-16,Medium,710,0
2306,정주원,F,39,Silver,부산,2024-04-15,Medium,636,0
2307,신지우,F,48,Bronze,경상,2024-03-02,Low,513,0
2308,이지유,F,64,Bronze,충청,2022-07-29,Medium,642,0
2309,황은서,M,22,Silver,세종,2022-11-11,Medium,613,0
2310,이지호,M,35,Bronze,강원,2023-05-15,Low,555,0
2311,김선우,F,52,Silver,인천,2024-07-21,Low,669,0
2312,윤우진,M,38,Bronze,대전,2021-01-11,Medium,624,1
2313,박하은,F,64,Silver,광주,2024-08-30,Medium,697,0
2314,신선우,M,26,Silver,경기,2021-12-30,Medium,611,0
2315,정시우,F,51,Gold,세종,2022-06-25,Medium,783,0
2316,황지호,F,34,Gold,대전,2020-10-06,Medium,688,0
2317,황예준,F,36,Bronze,광주,2020-04-17,Low,472,0
2318,이서연,F,50,Gold,서울,2022-12-24,Low,642,0
2319,한도윤,M,26,Bronze,강원,2023-05-02,Medium,484,1
2320,정예준,F,67,Bronze,제주,2022-11-24,Medium,528,0
2321,황은서,F,57,Silver,인천,2023-02-23,Low,532,0
2322,한진우,F,68,Silver,강원,2024-02-28,High,710,0
2323,박지우,M,48,Bronze,세종,2024-02-06,Low,503,0
2324,이지우,F,53,Silver,전라,2023-05-31,Low,555,0
2325,이주원,M,41,Bronze,강원,2021-09-04,Low,532,1
2326,정우진,F,51,Bronze,인천,2022-12-07,Low,570,0
2327,이지호,M,66,Gold,서울,2021-03-05,Medium,656,0
2328,신지호,M,59,Bronze,세종,2024-09-04,Low,545,1
2329,황도윤,M,21,Bronze,충청,2023-09-06,Low,542,0
2330,박하은,F,49,Silver,광주,2021-10-08,High,701,0
2331,황채원,M,34,Bronze,광주,2020-07-02,Low,473,0
2332,김주원,M,69,Bronze,광주,2021-02-03,Medium,484,0
2333,오하은,M,56,Gold,충청,2020-06-12,High,807,0
2334,윤지아,M,61,Bronze,광주,2020-09-05,Medium,557,0
2335,임서연,F,54,Bronze,강원,2024-01-08,Medium,592,1
2336,최주원,M,45,Gold,광주,2023-11-28,Medium,748,0
2337,최예준,F,28,Bronze,경기,2021-03-20,Low,455,0
2338,최지유,M,59,Gold,서울,2023-07-07,High,756,0
2339,권채원,M,43,Bronze,대구,2022-07-11,Low,565,0
2340,조수아,F,56,Gold,광주,2024-06-05,Low,668,0
2341,정수아,F,63,Bronze,전라,2020-10-01,Low,548,1
2342,김서윤,F,69,Bronze,대전,2020-01-10,Medium,516,0
2343,박선우,M,44,Bronze,대구,2020-05-20,Low,528,0
2344,임주원,F,60,Bronze,광주,2023-01-01,Low,495,0
2345,정채원,F,22,Bronze,경기,2020-03-17,Medium,538,0
2346,최민준,F,29,Silver,부산,2022-05-14,High,689,0
2347,권하은,F,60,Silver,대구,2022-07-17,High,690,0
2348,최민준,F,56,Bronze,대전,2022-10-11,Medium,541,0
2349,권은서,M,56,Gold,강원,2023-01-03,Medium,700,0
2350,정도윤,F,27,Bronze,부산,2024-08-29,Low,564,0
2351,오주원,M,51,Gold,대구,2024-12-24,High,758,0
2352,장하은,M,68,Silver,대구,2024-05-07,Low,517,0
2353,최지아,M,57,Silver,강원,2020-05-13,Medium,652,0
2354,강선우,M,66,Gold,대전,2021-08-04,Medium,723,0
2355,권시우,M,34,Bronze,충청,2020-01-26,Low,584,0
2356,권채원,M,31,Silver,대전,2020-09-29,Medium,704,0
2357,김시우,M,61,Bronze,부산,2020-06-23,Low,503,0
2358,김시우,F,24,VIP,경상,2023-11-14,High,762,0
2359,오시우,M,56,Gold,대구,2022-01-30,Low,653,0
2360,임다은,F,26,Bronze,인천,2020-10-22,Low,560,0
2361,윤민준,F,29,Bronze,대구,2024-11-07,Low,488,1
2362,윤지아,M,31,Silver,대구,2024-08-31,Low,594,0
2363,최서윤,F,26,Gold,충청,2020-04-15,High,743,0
2364,조우진,M,50,VIP,강원,2022-03-28,High,900,0
2365,김지우,M,22,Silver,제주,2024-06-10,Medium,642,0
2366,임지유,M,46,Bronze,충청,2020-03-04,High,619,0
2367,임도윤,M,23,Gold,부산,2020-10-06,High,760,0
2368,윤우진,F,25,Gold,제주,2020-03-11,Medium,610,0
2369,이하은,M,54,Bronze,충청,2020-03-25,Low,519,0
2370,박서윤,M,21,Bronze,대구,2021-10-09,Low,482,0
2371,정채원,M,51,Gold,인천,2023-01-25,Medium,779,1
2372,정지아,M,46,Gold,인천,2024-08-16,High,774,0
2373,권지우,M,43,Gold,전라,2022-03-24,High,769,0
2374,신지호,M,66,Bronze,전라,2024-02-04,High,613,0
2375,오주원,F,31,Silver,서울,2021-03-02,Medium,590,0
2376,최지우,F,46,Gold,세종,2023-05-19,Medium,761,0
2377,김지우,F,42,Bronze,광주,2023-04-11,Low,543,1
2378,임하은,F,54,Silver,경기,2020-12-15,Low,612,0
2379,조지아,F,36,Silver,대전,2024-06-08,Low,664,0
2380,윤예준,M,20,Silver,대구,2021-09-30,Medium,602,1
2381,오수아,F,62,Silver,경기,2023-03-02,High,722,0
2382,박지호,F,39,VIP,대전,2023-03-15,Medium,811,0
2383,황우진,F,58,Bronze,전라,2020-09-18,Low,534,0
2384,정선우,F,37,Silver,서울,2022-10-29,High,606,0
2385,장채원,F,37,Silver,인천,2024-01-03,Low,674,0
2386,오다은,M,20,Silver,광주,2020-01-04,Low,672,0
2387,김서연,M,21,Silver,대전,2021-05-24,Low,544,0
2388,임하은,M,20,Silver,충청,2024-04-22,Low,422,0
2389,이시우,M,45,Bronze,서울,2023-04-02,Low,558,0
2390,한지우,M,28,Bronze,부산,2022-07-24,Low,478,0
2391,장진우,F,67,Bronze,서울,2022-03-06,High,600,0
2392,권지호,F,50,Bronze,대전,2021-05-16,High,610,1
2393,임진우,F,63,Gold,대전,2020-08-31,Low,644,0
2394,황하은,M,40,Gold,충청,2023-02-11,Medium,705,0
2395,강선우,M,68,Silver,제주,2021-09-24,High,716,0
2396,한민준,M,43,Gold,제주,2021-05-04,High,791,0
2397,윤도윤,F,56,Bronze,대구,2021-08-03,Low,487,0
2398,박서연,M,23,Silver,대구,2024-12-09,Medium,533,1
2399,박수빈,M,64,Silver,인천,2023-08-29,Medium,554,0
2400,김지우,F,29,VIP,광주,2022-10-22,Medium,809,0
2401,오도윤,M,49,Gold,광주,2023-07-28,Low,654,0
2402,강주원,M,20,Silver,인천,2023-06-23,High,672,0
2403,박수빈,F,26,Silver,전라,2022-05-07,Low,531,0
2404,강진우,M,38,Bronze,대전,2020-08-22,Low,484,1
2405,임서윤,M,23,Silver,대전,2020-02-18,High,680,0
2406,이민준,M,66,Bronze,인천,2021-02-14,Low,501,1
2407,오채원,M,42,Gold,서울,2023-09-03,Low,734,1
2408,오채원,F,68,Silver,제주,2024-12-30,Low,529,0
2409,정지아,F,66,VIP,대구,2023-09-03,High,826,0
2410,권지아,F,21,Gold,경기,2021-11-12,High,763,0
2411,오우진,F,51,Bronze,대구,2021-04-26,Medium,611,0
2412,장서윤,M,40,Bronze,경상,2023-10-23,Medium,590,0
2413,박예준,F,20,Silver,대전,2023-12-11,Low,635,0
2414,박지우,F,24,Bronze,충청,2024-12-05,Medium,503,0
2415,권수빈,F,52,Bronze,대구,2024-06-06,Low,460,0
2416,임서연,M,43,VIP,대전,2020-08-10,Medium,817,0
2417,임다은,F,29,Gold,광주,2024-11-04,High,763,0
2418,황예준,M,27,Gold,광주,2024-06-07,Medium,722,0
2419,임지유,M,42,Silver,제주,2020-12-18,High,665,0
2420,한지호,M,26,Bronze,충청,2022-10-06,Low,546,0
2421,이선우,M,49,Gold,전라,2022-05-28,High,794,0
2422,장선우,M,66,Gold,강원,2021-07-21,Medium,739,0
2423,김예준,F,36,Bronze,서울,2021-12-12,Low,586,1
2424,박지유,F,32,Bronze,대구,2020-06-17,Low,394,1
2425,권민준,M,65,Silver,대구,2023-06-05,Low,546,0
2426,윤지우,M,65,Bronze,강원,2022-02-27,High,589,1
2427,박서연,M,26,Silver,강원,2024-08-22,Medium,560,1
2428,신시우,M,20,Gold,세종,2024-07-23,High,668,0
2429,오다은,M,57,Bronze,제주,2023-08-28,Low,573,0
2430,신예준,M,68,Bronze,광주,2023-11-01,Low,498,0
2431,김선우,F,26,Silver,대구,2024-09-27,Low,532,0
2432,황민준,M,24,Gold,세종,2021-11-28,High,740,0
2433,오하은,M,50,Bronze,강원,2022-12-18,Low,560,1
2434,박주원,M,65,Gold,경기,2022-04-30,High,688,1
2435,오선우,M,69,Bronze,인천,2020-09-22,Low,443,0
2436,조시우,F,51,Bronze,강원,2021-02-09,Low,461,0
2437,김주원,F,55,Bronze,서울,2021-01-07,Low,477,0
2438,강지유,F,52,VIP,인천,2023-08-26,High,837,0
2439,최지우,M,45,Bronze,인천,2024-08-15,Medium,534,0
2440,한예준,F,49,Silver,전라,2022-08-24,High,679,0
2441,한지유,M,47,Bronze,경기,2021-05-18,Low,627,0
2442,황지우,M,40,Gold,경기,2024-09-13,Medium,724,0
2443,박예준,M,20,Silver,서울,2021-03-21,High,751,0
2444,장시우,M,38,Bronze,경상,2024-03-12,Low,562,0
2445,권수아,M,38,Silver,대구,2022-10-27,High,748,0
2446,조은서,M,20,Silver,부산,2020-04-05,High,665,0
2447,이예준,F,66,Silver,제주,2024-01-02,Medium,584,0
2448,최수아,F,34,Silver,경기,2020-07-10,High,711,1
2449,이시우,F,46,Silver,인천,2022-10-01,Medium,690,0
2450,이도윤,F,35,Silver,광주,2024-03-04,Low,539,0
2451,박수빈,M,48,Bronze,광주,2024-07-11,High,648,0
2452,장하은,F,43,Silver,대전,2024-10-15,Low,643,1
2453,한은서,F,30,Gold,대전,2020-02-08,High,769,0
2454,강시우,F,69,Silver,인천,2020-03-16,Medium,568,0
2455,김주원,M,23,Bronze,세종,2020-09-07,Medium,562,0
2456,한수아,F,62,Bronze,부산,2020-07-19,Low,446,1
2457,최선우,M,69,Gold,세종,2021-08-30,Medium,705,0
2458,윤서윤,F,23,Gold,인천,2021-11-11,High,690,0
2459,한선우,F,29,Bronze,인천,2023-02-10,Low,506,0
2460,정지우,M,48,Bronze,대전,2023-10-31,Medium,606,0
2461,이우진,F,33,Bronze,대전,2022-09-01,Medium,605,0
2462,장채원,F,58,Gold,전라,2023-11-22,High,801,0
2463,황선우,F,57,Bronze,인천,2020-04-27,Low,523,0
2464,강민준,M,50,Gold,대전,2024-02-29,High,716,0
2465,임주원,F,36,Bronze,광주,2021-01-27,Low,531,1
2466,윤선우,F,51,Bronze,광주,2021-06-05,Medium,553,0
2467,임민준,M,53,Silver,인천,2022-09-03,Medium,602,0
2468,최서윤,M,65,Gold,전라,2020-10-28,Medium,723,0
2469,이주원,F,61,Bronze,대전,2023-05-27,Medium,528,1
2470,정서윤,F,27,Silver,강원,2022-04-07,Medium,642,0
2471,강서윤,M,47,Bronze,서울,2021-02-28,Low,543,0
2472,오채원,M,26,Bronze,대구,2021-01-12,Low,485,1
2473,권지호,M,47,Silver,경기,2022-07-11,Medium,670,0
2474,이예준,M,48,Bronze,서울,2024-12-23,Medium,589,1
2475,김지아,M,33,Gold,세종,2021-01-10,High,750,0
2476,권주원,M,56,Silver,세종,2022-06-06,Low,631,0
2477,김수빈,M,56,VIP,대전,2024-03-28,Medium,778,0
2478,오은서,F,26,Bronze,부산,2024-02-20,Low,533,1
2479,오서윤,F,31,Silver,경기,2020-11-23,Low,609,0
2480,김지아,F,23,Gold,대전,2024-01-11,Medium,706,0
2481,강서윤,F,30,Silver,대구,2021-12-29,Low,553,0
2482,임지유,M,48,Bronze,강원,2024-10-25,Low,518,1
2483,김채원,F,43,Bronze,서울,2020-12-13,High,708,0
2484,권서윤,M,30,Gold,경기,2022-01-30,Medium,714,0
2485,황수아,M,37,Silver,충청,2020-03-11,Medium,675,0
2486,최우진,M,20,Bronze,부산,2022-01-02,High,610,1
2487,강도윤,F,23,Gold,경상,2021-04-08,Low,605,0
2488,김수아,F,57,Silver,강원,2024-07-13,Medium,709,0
2489,최은서,M,68,Bronze,부산,2024-11-27,Medium,563,1
2490,조지우,M,54,VIP,충청,2024-03-09,Medium,772,0
2491,최하은,M,37,Bronze,경기,2020-11-27,Low,600,0
2492,조도윤,M,23,Gold,부산,2022-10-13,Medium,704,0
2493,윤지아,F,37,Gold,서울,2022-02-25,High,789,0
2494,최주원,F,59,Bronze,경기,2023-04-15,Medium,538,0
2495,이수아,M,50,Silver,경상,2022-03-31,High,627,0
2496,박선우,F,36,Silver,인천,2023-12-07,High,760,0
2497,이주원,M,21,VIP,충청,2020-11-20,High,862,0
2498,박시우,M,32,Gold,경기,2020-05-08,High,700,0
2499,강지유,M,40,Gold,부산,2024-01-14,Medium,781,0
2500,한서연,F,51,Bronze,세종,2023-07-30,Medium,628,0
2501,박지유,F,28,Gold,경기,2022-10-24,Medium,702,0
2502,강수빈,M,57,Gold,서울,2021-09-11,Medium,680,0
2503,김채원,F,60,Silver,충청,2021-02-10,Low,629,0
2504,장채원,F,26,Silver,충청,2020-04-27,High,644,0
2505,장지아,F,37,Gold,강원,2021-11-14,Medium,743,0
2506,최수빈,M,69,Silver,대전,2023-12-26,Low,513,1
2507,신서윤,M,67,Silver,대전,2022-09-14,High,639,0
2508,최도윤,F,25,Bronze,대전,2020-12-11,Low,497,1
2509,권지유,M,68,Gold,인천,2021-12-23,Medium,650,0
2510,황지아,F,31,Silver,부산,2023-04-21,Low,531,0
2511,한민준,M,30,Bronze,부산,2021-07-14,High,597,1
2512,김은서,F,45,Gold,경상,2022-06-27,High,774,0
2513,김시우,F,23,Bronze,광주,2022-05-31,Medium,609,0
2514,김수아,M,23,Bronze,경기,2023-03-23,Medium,570,0
2515,최수빈,M,28,Gold,세종,2020-07-10,High,727,1
2516,김채원,M,53,Gold,세종,2023-09-11,High,763,0
2517,조하은,F,23,Silver,대전,2024-11-17,High,647,0
2518,강민준,M,56,Silver,세종,2020-12-21,High,751,0
2519,윤채원,M,34,Bronze,부산,2024-11-11,Low,514,0
2520,신은서,F,38,Bronze,대전,2021-09-05,Medium,575,0
2521,이예준,F,37,Bronze,대구,2020-08-26,Low,543,0
2522,황예준,F,50,Bronze,제주,2020-03-05,Medium,618,0
2523,신시우,F,31,Bronze,서울,2024-08-03,Medium,556,0
2524,강하은,F,21,Bronze,세종,2023-06-23,Low,486,1
2525,정서윤,M,30,Silver,부산,2022-06-30,Medium,642,0
2526,최시우,F,47,Bronze,제주,2021-02-06,Low,519,0
2527,정주원,M,30,Silver,대구,2024-05-01,Medium,638,0
2528,조수빈,M,37,Bronze,인천,2021-02-09,Low,496,0
2529,정지호,M,20,Silver,부산,2022-10-22,Low,525,0
2530,정서윤,M,45,Bronze,부산,2021-10-19,Low,510,0
2531,권서연,M,50,Silver,대구,2023-10-08,Medium,638,0
2532,오하은,F,34,Silver,강원,2021-06-20,Medium,712,0
2533,조예준,M,54,Bronze,전라,2024-10-19,Medium,521,0
2534,박예준,M,45,Silver,제주,2024-05-20,High,758,0
2535,황지호,F,53,Bronze,충청,2020-03-09,Low,561,0
2536,임하은,M,69,Silver,광주,2020-03-24,Medium,646,0
2537,권수빈,F,21,Silver,부산,2022-01-14,Medium,617,0
2538,최수아,F,37,Bronze,충청,2022-11-08,Medium,587,1
2539,윤주원,M,21,Bronze,세종,2023-12-06,Low,521,1
2540,오서윤,F,46,Bronze,세종,2023-03-22,Low,506,0
2541,임민준,F,52,Bronze,대전,2021-11-04,Medium,598,0
2542,김예준,F,68,Gold,대전,2021-02-22,High,670,0
2543,오선우,F,45,VIP,광주,2024-06-23,Low,741,0
2544,정진우,M,28,Bronze,경상,2022-07-21,High,627,0
2545,장채원,M,54,Bronze,전라,2024-01-21,Medium,572,0
2546,신지호,F,68,Gold,전라,2024-12-06,High,744,0
2547,신진우,M,69,Bronze,충청,2020-06-13,Low,434,1
2548,이수빈,M,46,Bronze,제주,2021-02-21,Low,514,1
2549,이주원,M,54,Silver,대구,2023-06-04,Medium,637,1
2550,오진우,M,25,Bronze,부산,2021-10-31,Medium,588,0
2551,임민준,M,38,Silver,충청,2023-06-04,Low,483,0
2552,이은서,F,54,Silver,서울,2022-01-23,Medium,704,0
2553,박시우,M,55,Bronze,경상,2024-05-07,Medium,611,0
2554,신지호,F,66,Silver,대전,2022-08-23,Medium,538,0
2555,조예준,F,62,Gold,경기,2021-12-04,Low,571,0
2556,황서연,M,44,Bronze,대구,2024-12-12,Low,521,0
2557,한지우,M,41,VIP,세종,2024-05-05,High,762,0
2558,조지아,M,48,Bronze,부산,2020-03-04,Low,549,0
2559,장지호,F,30,Silver,강원,2020-12-05,Medium,618,0
2560,정지아,F,68,Bronze,전라,2024-10-08,High,602,1
2561,장진우,F,56,Gold,전라,2022-08-14,Medium,745,1
2562,황진우,M,66,Silver,대전,2024-10-24,High,682,0
2563,조예준,M,20,Silver,강원,2020-09-30,Low,551,1
2564,신서윤,F,32,Bronze,대구,2021-07-28,Medium,590,0
2565,임예준,M,61,Silver,강원,2023-10-25,Low,575,0
2566,오지아,M,39,Gold,광주,2021-03-16,Medium,735,0
2567,이지우,M,49,Silver,서울,2021-01-09,Medium,660,0
2568,황서연,M,59,Silver,제주,2022-07-08,High,733,0
2569,정수아,F,40,Gold,제주,2024-12-30,Medium,771,0
2570,조시우,M,64,Silver,세종,2024-06-05,Medium,649,0
2571,한민준,M,45,Bronze,대구,2024-09-17,Low,512,1
2572,오진우,F,51,Gold,광주,2021-07-20,Low,673,0
2573,박우진,M,34,Silver,대전,2022-04-05,Low,535,0
2574,정진우,M,28,Silver,대구,2023-03-07,Low,545,0
2575,권서윤,M,67,Gold,대구,2021-01-15,Medium,661,0
2576,임지우,M,44,Silver,경기,2022-07-18,Low,620,0
2577,조서윤,M,42,Silver,충청,2024-12-27,Low,592,0
2578,임수빈,M,33,Silver,강원,2024-02-13,Medium,620,0
2579,장선우,F,65,Silver,충청,2021-01-18,Medium,611,0
2580,정선우,M,23,Silver,제주,2021-05-30,Low,543,0
2581,이도윤,M,58,Silver,부산,2024-04-14,Medium,651,1
2582,김지호,F,39,VIP,전라,2023-12-01,High,872,0
2583,권은서,M,39,Bronze,전라,2021-04-09,Low,579,0
2584,최지아,M,21,Gold,제주,2023-03-23,Medium,632,0
2585,한수빈,F,28,VIP,충청,2023-01-11,High,802,0
2586,오지우,F,20,Silver,경상,2023-08-22,High,712,0
2587,최도윤,M,21,Silver,세종,2022-05-23,Medium,627,0
2588,장은서,F,28,Bronze,충청,2024-08-21,Low,503,0
2589,권서연,F,45,Silver,서울,2020-06-23,Medium,627,1
2590,임채원,F,26,Bronze,대전,2023-03-17,Medium,612,0
2591,신지아,M,39,Gold,대구,2022-10-02,High,776,0
2592,한우진,F,62,Bronze,대전,2020-07-17,High,586,0
2593,윤우진,M,24,Silver,광주,2020-05-07,Medium,654,0
2594,김지우,F,59,Bronze,충청,2023-05-08,Low,536,0
2595,장다은,M,33,Silver,부산,2021-09-02,Low,608,0
2596,권주원,F,55,Bronze,제주,2021-07-08,Low,462,1
2597,오수빈,F,28,Bronze,광주,2020-05-14,Low,555,0
2598,강지호,M,50,Bronze,경상,2023-02-15,Low,494,0
2599,이다은,M,62,Gold,강원,2023-04-29,High,755,0
2600,김은서,M,55,Bronze,강원,2020-01-03,Medium,634,0
2601,이하은,F,48,Silver,경상,2024-06-27,Medium,650,0
2602,황예준,M,61,Silver,세종,2020-01-06,High,663,1
2603,최민준,F,40,Bronze,경기,2023-01-10,Medium,662,0
2604,신수빈,M,31,Gold,강원,2020-02-19,Medium,717,0
2605,조서윤,M,35,Silver,강원,2023-02-09,Medium,718,0
2606,김주원,M,29,Silver,인천,2023-05-30,Medium,622,1
2607,황예준,F,64,Silver,충청,2021-02-27,Low,573,0
2608,최서연,M,58,Bronze,대구,2021-06-23,Low,473,0
2609,장서연,F,51,VIP,경상,2023-05-24,High,866,0
2610,한하은,M,54,Bronze,경상,2023-07-12,Low,534,1
2611,최지호,M,32,Bronze,인천,2024-07-18,Medium,599,0
2612,강수빈,M,41,Gold,대전,2021-05-08,High,806,0
2613,임예준,M,38,Bronze,제주,2023-11-01,Low,539,1
2614,황다은,M,50,Silver,대구,2022-01-14,Low,611,0
2615,오서연,M,60,Bronze,경기,2022-06-27,Low,493,0
2616,임도윤,M,56,Silver,제주,2022-09-22,Low,644,0
2617,박채원,M,35,Silver,제주,2023-03-26,Medium,694,1
2618,오예준,M,67,Silver,서울,2020-09-22,Medium,610,0
2619,황주원,M,33,Bronze,강원,2022-04-01,High,631,0
2620,조예준,M,47,Bronze,광주,2020-03-31,Medium,589,0
2621,한지호,F,37,Bronze,충청,2023-01-21,Low,562,1
2622,이서윤,M,67,Gold,서울,2020-10-20,High,731,0
2623,정도윤,M,64,Gold,세종,2024-03-30,High,707,0
2624,이진우,M,45,VIP,충청,2024-01-07,High,865,0
2625,권주원,F,51,Bronze,전라,2021-10-20,Medium,586,0
2626,김도윤,F,67,Silver,충청,2021-07-30,Medium,665,0
2627,최선우,M,27,Silver,전라,2023-02-23,High,652,0
2628,장우진,F,38,Bronze,대전,2022-04-11,Medium,583,1
2629,신지유,M,27,Silver,세종,2020-04-17,Medium,634,0
2630,조하은,F,28,Silver,대전,2020-03-03,Medium,643,0
2631,권지우,F,45,VIP,부산,2021-12-24,Medium,848,0
2632,강우진,M,24,Silver,전라,2024-01-26,Medium,628,1
2633,윤하은,F,47,Gold,강원,2022-06-20,Medium,717,0
2634,최수아,F,39,Silver,대구,2020-04-25,Low,622,0
2635,오지유,M,26,Bronze,광주,2023-11-23,Low,556,0
2636,윤하은,M,68,Bronze,강원,2023-07-29,Low,453,1
2637,오지아,F,57,Gold,광주,2022-03-06,Low,625,0
2638,임다은,F,60,Bronze,세종,2022-03-21,Low,501,1
2639,한주원,M,69,Gold,부산,2024-03-07,Medium,721,0
2640,정수아,M,61,Gold,인천,2020-12-01,High,701,0
2641,윤수아,M,32,Bronze,인천,2023-11-14,Low,501,0
2642,최진우,F,38,Silver,인천,2024-11-13,Medium,638,0
2643,최서윤,F,49,Silver,충청,2023-08-29,High,737,0
2644,황서윤,M,66,Silver,광주,2023-08-27,High,699,0
2645,한서윤,M,56,Gold,경상,2020-01-01,High,738,0
2646,장시우,F,28,Gold,대구,2022-10-10,Medium,690,0
2647,장지우,M,63,Silver,광주,2024-10-31,High,723,0
2648,조서연,F,40,Silver,경상,2023-06-01,Medium,613,0
2649,최하은,M,20,Bronze,대전,2024-06-03,Medium,541,1
2650,신채원,M,28,Silver,세종,2022-08-14,Medium,699,0
2651,조선우,M,45,Silver,대구,2024-02-04,Medium,703,0
2652,강서연,M,44,Bronze,광주,2023-06-12,Medium,575,0
2653,신지아,M,60,Silver,경상,2024-08-14,High,628,0
2654,박다은,F,21,Bronze,대전,2022-08-27,Low,490,0
2655,박채원,F,46,Gold,충청,2020-01-05,Medium,713,0
2656,최예준,M,52,Bronze,광주,2023-07-23,Low,545,0
2657,조시우,F,66,Gold,충청,2022-07-06,High,682,0
2658,장우진,F,67,Silver,강원,2023-12-21,Medium,577,0
2659,신지호,F,58,Bronze,강원,2022-05-25,High,614,0
2660,김지아,M,29,Bronze,제주,2024-11-21,Medium,486,1
2661,박수아,F,44,Gold,경기,2020-11-17,Medium,654,0
2662,한지호,M,41,Bronze,강원,2021-11-26,Medium,547,1
2663,오지호,M,63,Silver,경상,2023-12-02,Low,595,0
2664,임선우,F,51,Silver,전라,2020-11-26,Medium,649,0
2665,오선우,F,24,Bronze,제주,2022-10-23,Low,497,0
2666,한수빈,F,23,Silver,강원,2024-10-02,Medium,598,0
2667,김예준,M,66,Gold,경상,2021-06-07,Medium,656,0
2668,임은서,F,45,VIP,전라,2021-10-26,High,879,0
2669,임시우,F,32,Bronze,강원,2021-05-09,Low,558,0
2670,최예준,M,23,Bronze,서울,2023-03-21,Low,417,1
2671,조예준,M,20,Gold,광주,2021-12-30,Low,613,0
2672,정도윤,F,62,Bronze,대전,2021-10-22,Medium,509,0
2673,황다은,F,26,Bronze,인천,2021-06-05,Low,509,0
2674,윤도윤,F,53,Bronze,대구,2023-10-31,High,649,1
2675,조지유,F,40,Gold,인천,2024-12-31,High,780,0
2676,임다은,F,20,Gold,부산,2021-02-16,Medium,694,0
2677,조민준,M,40,Bronze,서울,2024-02-04,High,674,0
2678,황은서,F,37,Gold,부산,2022-11-15,Medium,738,0
2679,김도윤,M,54,Bronze,강원,2021-04-02,High,582,0
2680,최시우,M,57,Bronze,전라,2020-05-15,Low,458,0
2681,윤진우,F,28,Bronze,광주,2020-11-09,Low,539,0
2682,장민준,F,40,Bronze,세종,2021-02-23,Medium,619,0
2683,신다은,F,52,Bronze,서울,2023-03-19,Medium,531,0
2684,한민준,F,57,Bronze,제주,2023-01-28,High,543,0
2685,조민준,M,65,Bronze,대구,2020-10-28,Low,484,1
2686,이지유,M,41,Silver,충청,2024-09-19,Low,593,0
2687,권지아,M,22,Gold,충청,2024-03-03,Medium,648,0
2688,강은서,F,27,Bronze,경기,2022-11-17,Low,518,0
2689,황선우,M,32,VIP,강원,2024-03-25,Medium,798,0
2690,권예준,F,26,Silver,인천,2021-05-16,Medium,610,0
2691,황채원,M,67,Bronze,경상,2023-01-28,Medium,516,0
2692,권다은,F,53,Gold,세종,2021-01-29,Medium,712,0
2693,박진우,M,62,Bronze,전라,2020-06-26,Medium,618,0
2694,신지호,F,54,Silver,대구,2024-05-14,High,709,0
2695,강도윤,F,46,Bronze,충청,2024-09-08,High,624,1
2696,오지우,M,61,Silver,세종,2023-07-03,Medium,651,0
2697,박서윤,M,50,Bronze,충청,2020-04-25,High,670,0
2698,권시우,F,23,Bronze,강원,2021-07-28,Low,417,0
2699,임도윤,F,24,Bronze,세종,2022-05-11,Low,459,1
2700,권수빈,M,48,Bronze,세종,2022-11-19,High,694,0
2701,강다은,M,55,Silver,광주,2022-11-10,Low,609,0
2702,권수빈,M,52,Silver,강원,2022-06-26,Medium,608,0
2703,권지우,M,63,Silver,경기,2020-11-05,Medium,624,0
2704,한은서,M,60,Bronze,경상,2020-06-29,Low,521,0
2705,이지우,F,61,Bronze,경기,2022-11-12,Low,513,0
2706,김예준,F,65,Bronze,충청,2020-03-16,Low,471,1
2707,임지우,M,50,Bronze,충청,2023-02-10,Medium,515,1
2708,황선우,F,62,Silver,세종,2020-04-04,Medium,612,0
2709,조다은,F,49,Silver,대전,2024-10-31,Medium,661,0
2710,강지유,F,20,Bronze,세종,2021-04-28,Low,451,0
2711,권우진,M,40,Silver,전라,2020-03-28,Medium,669,0
2712,강지우,M,53,Silver,충청,2023-10-15,Low,562,0
2713,정시우,F,22,Silver,강원,2023-01-05,Medium,644,0
2714,윤서연,M,68,Gold,부산,2023-08-20,Medium,673,0
2715,최예준,F,27,Silver,제주,2022-03-16,Low,588,0
2716,임주원,F,59,Silver,서울,2024-11-24,Low,526,1
2717,정시우,F,47,Silver,대구,2022-04-23,Low,575,0
2718,최채원,F,39,Bronze,경기,2022-06-03,Medium,579,1
2719,강다은,M,68,Silver,전라,2021-03-02,Low,490,0
2720,오서윤,M,62,Silver,경기,2022-11-08,Medium,716,0
2721,오우진,M,28,Silver,경기,2021-11-09,Medium,691,0
2722,권수아,M,31,Silver,대전,2024-10-16,Low,552,0
2723,장지유,F,54,Gold,대전,2024-06-20,High,867,0
2724,신예준,F,65,Silver,인천,2024-01-29,High,631,0
2725,임지유,F,61,Gold,전라,2022-09-24,High,843,0
2726,이주원,M,41,VIP,인천,2020-12-05,High,816,0
2727,조진우,M,61,Bronze,대구,2024-12-30,Low,519,0
2728,한다은,F,64,Bronze,경상,2023-04-24,Medium,637,0
2729,오다은,F,38,VIP,인천,2023-04-26,Medium,836,0
2730,한수아,M,69,Bronze,제주,2020-11-06,Medium,501,0
2731,강민준,F,65,Bronze,경기,2023-02-16,Low,442,1
2732,오예준,F,46,Silver,경기,2020-01-04,High,737,0
2733,조수아,F,31,Bronze,서울,2020-10-02,Low,521,0
2734,최시우,M,24,Bronze,부산,2024-01-25,Medium,521,0
2735,최채원,F,42,Bronze,서울,2020-07-11,Low,520,1
2736,정시우,F,27,Silver,서울,2023-06-17,High,694,0
2737,권지유,M,49,Silver,대전,2022-01-08,Medium,636,0
2738,김하은,F,35,Silver,인천,2022-02-16,Medium,740,0
2739,신지유,F,59,Bronze,광주,2023-04-08,Low,480,0
2740,권시우,M,39,Bronze,서울,2021-03-19,Low,499,0
2741,황수빈,F,20,Bronze,경상,2024-06-29,Medium,598,1
2742,황시우,F,63,Silver,강원,2022-03-28,Medium,664,0
2743,황수빈,M,56,VIP,세종,2024-03-26,High,833,0
2744,조지호,F,63,Silver,충청,2024-08-25,High,720,0
2745,이시우,F,53,Silver,충청,2024-08-14,Medium,740,1
2746,김진우,F,38,Gold,세종,2023-08-25,Medium,766,0
2747,최서연,F,52,Gold,경기,2024-01-20,Medium,705,0
2748,임지호,F,25,Bronze,대구,2021-04-13,Medium,573,0
2749,박하은,M,51,Bronze,경기,2023-01-28,Low,592,0
2750,강채원,F,28,Silver,세종,2024-09-14,High,706,0
2751,한민준,M,47,Bronze,전라,2021-02-09,Medium,600,0
2752,박우진,M,45,VIP,인천,2021-02-03,High,840,0
2753,조도윤,F,64,VIP,광주,2024-08-28,High,825,0
2754,박민준,F,46,Silver,경기,2021-10-07,High,732,0
2755,임진우,M,21,Gold,대전,2022-05-19,Low,638,0
2756,박지우,F,22,VIP,광주,2021-04-20,Medium,813,0
2757,박서윤,M,43,Silver,전라,2020-02-26,High,686,0
2758,이하은,M,36,Silver,부산,2021-04-02,Medium,617,0
2759,한서윤,F,31,Silver,경기,2024-06-19,Medium,642,0
2760,권채원,F,41,Gold,대구,2021-01-15,Medium,788,0
2761,신지아,F,47,Bronze,인천,2021-06-24,Low,511,1
2762,김진우,F,35,Silver,세종,2023-07-27,Medium,676,0
2763,권수아,F,62,Silver,전라,2023-07-04,Medium,585,0
2764,권지호,F,64,Gold,대전,2022-04-07,High,707,0
2765,권지호,F,51,Bronze,대전,2020-11-18,Medium,596,1
2766,황채원,F,39,Gold,세종,2024-05-22,Low,732,0
2767,조진우,F,30,Silver,세종,2024-05-11,Low,571,0
2768,강수아,F,33,Silver,경상,2023-11-12,Medium,707,0
2769,신진우,F,67,Gold,대구,2021-02-18,Low,587,0
2770,임지우,F,26,Silver,경기,2020-11-16,Medium,523,0
2771,오채원,M,67,Bronze,부산,2021-10-25,Medium,570,0
2772,장채원,M,62,Silver,대전,2024-05-26,High,677,0
2773,박지아,F,57,Bronze,충청,2023-05-31,Low,513,1
2774,이지유,M,63,Bronze,경기,2020-07-26,Medium,499,0
2775,한우진,F,25,VIP,서울,2022-10-15,Medium,741,0
2776,박민준,M,37,Silver,대전,2024-07-26,Medium,671,0
2777,오민준,M,44,Bronze,충청,2021-03-01,Medium,705,0
2778,최진우,F,69,Silver,인천,2021-10-24,Medium,595,0
2779,오진우,M,44,Bronze,대구,2021-12-06,Low,555,0
2780,윤지우,F,20,Gold,충청,2021-06-21,Medium,750,0
2781,한하은,M,61,Silver,대전,2024-01-11,Medium,586,0
2782,한민준,F,63,Bronze,부산,2021-03-23,Medium,583,0
2783,김하은,F,26,Gold,제주,2024-05-02,Medium,762,0
2784,임시우,M,68,Bronze,부산,2021-04-08,Medium,585,0
2785,최다은,F,50,Bronze,부산,2023-11-05,Medium,603,0
2786,장시우,M,66,Gold,경기,2024-11-06,Medium,648,0
2787,김지호,F,54,Gold,대전,2020-01-22,Low,619,0
2788,이민준,M,39,Bronze,인천,2020-03-20,Medium,565,0
2789,황채원,F,27,Silver,강원,2020-03-08,Low,630,1
2790,정지우,M,69,Gold,강원,2024-03-01,Low,644,0
2791,정지우,M,33,Silver,경기,2022-05-21,High,575,1
2792,권진우,M,33,Bronze,대전,2020-04-30,High,635,0
2793,이지호,F,27,Gold,인천,2024-05-21,Medium,680,0
2794,김지우,F,49,Bronze,서울,2020-11-26,Low,517,0
2795,신지호,F,25,Gold,강원,2022-07-29,Low,643,0
2796,오지호,M,47,Silver,강원,2022-01-24,Medium,685,0
2797,조우진,M,35,Silver,경기,2020-03-17,Low,549,0
2798,조하은,F,30,Gold,인천,2020-08-31,High,760,0
2799,이수아,M,41,Gold,서울,2022-04-21,Medium,681,0
2800,조수빈,F,42,Silver,광주,2020-12-25,Low,628,0
2801,정지호,M,28,Bronze,대구,2022-09-23,Low,567,0
2802,임은서,F,53,Silver,광주,2022-05-22,Medium,689,0
2803,임은서,M,23,VIP,경기,2023-04-25,Low,678,0
2804,한예준,M,43,Silver,강원,2021-08-29,Low,570,0
2805,박주원,M,49,Gold,대전,2020-09-29,Medium,710,0
2806,권민준,F,21,Bronze,경기,2021-08-25,Low,509,0
2807,정하은,M,20,Bronze,대전,2022-11-08,Low,557,0
2808,신선우,F,69,Bronze,서울,2020-01-08,Low,460,0
2809,조채원,M,63,Silver,제주,2024-04-04,High,704,0
2810,박우진,M,27,Silver,제주,2023-09-12,High,706,0
2811,장지우,M,31,Silver,대구,2020-01-27,Medium,561,0
2812,강은서,F,22,VIP,경기,2020-03-20,Medium,764,0
2813,윤은서,M,34,Silver,제주,2020-07-27,Low,613,1
2814,권도윤,M,40,Bronze,세종,2020-10-25,Medium,580,0
2815,임지우,M,47,Silver,전라,2023-12-05,Low,575,0
2816,임주원,M,21,Gold,강원,2020-02-05,Low,655,1
2817,정하은,F,65,Bronze,부산,2021-09-09,High,556,0
2818,장하은,F,38,Silver,대전,2024-06-26,Medium,723,0
2819,한지우,M,31,Gold,강원,2023-10-12,Medium,703,0
2820,강다은,M,63,Bronze,세종,2023-02-17,Low,504,1
2821,박하은,M,62,Bronze,경상,2022-06-29,Medium,595,0
2822,임진우,M,40,Bronze,강원,2021-10-23,Low,520,0
2823,신지유,F,64,Bronze,강원,2024-04-04,Medium,511,0
2824,임채원,M,64,Silver,인천,2022-11-30,Medium,610,0
2825,김예준,M,66,VIP,광주,2022-05-10,High,806,0
2826,황서연,M,45,Silver,세종,2022-04-28,High,781,0
2827,한수빈,M,39,Silver,강원,2020-04-29,High,716,0
2828,윤예준,M,60,Bronze,대전,2021-08-28,Medium,577,0
2829,권다은,M,40,Bronze,제주,2020-01-19,Low,521,1
2830,정서윤,M,39,Silver,제주,2020-03-06,Medium,638,0
2831,박지아,M,66,Silver,부산,2024-11-23,Medium,648,0
2832,정진우,M,44,Gold,세종,2023-02-27,Medium,766,1
2833,정서윤,F,48,Gold,제주,2021-03-12,High,828,0
2834,정지유,M,34,Bronze,광주,2023-08-03,Low,566,0
2835,장예준,M,22,Silver,인천,2023-05-24,Medium,643,0
2836,이주원,M,26,Silver,인천,2023-05-14,High,765,0
2837,정지호,F,49,Silver,제주,2020-12-28,Low,586,0
2838,조예준,M,50,Bronze,서울,2022-03-22,Medium,617,1
2839,강서연,M,27,Bronze,충청,2020-11-17,Low,487,0
2840,김서윤,M,22,Silver,전라,2023-04-13,High,725,0
2841,한수아,M,43,Bronze,세종,2023-05-22,Low,532,0
2842,박진우,F,47,Gold,인천,2021-01-12,Medium,733,0
2843,오시우,F,24,Silver,광주,2021-12-25,Low,526,0
2844,임지우,M,20,Silver,제주,2021-12-05,Low,610,0
2845,박수아,M,44,Bronze,세종,2022-08-11,Low,519,0
2846,정주원,F,35,Silver,제주,2024-02-24,High,711,0
2847,신지유,M,63,Bronze,경기,2020-06-13,Low,551,0
2848,조도윤,M,42,Gold,세종,2023-08-20,Low,668,0
2849,박민준,M,55,Gold,경상,2023-08-20,High,745,0
2850,오은서,M,29,Gold,경기,2023-10-14,High,747,0
2851,장주원,M,44,Bronze,세종,2023-07-19,Medium,583,1
2852,윤하은,F,57,Gold,인천,2022-02-14,Medium,728,0
2853,정선우,F,46,Gold,세종,2020-06-20,High,815,0
2854,김민준,M,49,Bronze,제주,2021-05-18,Low,489,0
2855,황지우,M,64,Bronze,부산,2020-10-20,Medium,537,0
2856,조예준,M,28,Bronze,제주,2023-01-01,Low,558,1
2857,한수빈,M,63,Silver,광주,2023-03-13,High,774,0
2858,박서연,M,26,Bronze,전라,2024-11-18,High,612,0
2859,강서윤,F,45,Silver,대전,2022-06-30,Low,662,0
2860,신지우,F,31,Bronze,광주,2021-12-08,Medium,513,0
2861,최다은,F,63,Silver,제주,2022-03-01,Medium,670,0
2862,정진우,F,30,Gold,제주,2023-03-29,High,755,0
2863,이민준,F,46,Bronze,광주,2020-01-12,Low,441,0
2864,조수빈,F,27,Gold,전라,2020-04-21,Low,599,0
2865,신주원,F,65,Silver,충청,2021-04-18,Low,533,0
2866,최시우,F,28,Gold,충청,2020-08-13,High,707,0
2867,한지유,M,31,Gold,부산,2021-08-22,Low,538,0
2868,권민준,F,42,Bronze,경상,2023-03-07,Low,562,0
2869,강하은,F,64,Bronze,세종,2020-02-19,Medium,541,1
2870,윤수빈,M,69,Gold,세종,2023-08-14,Medium,640,0
2871,김진우,F,40,Gold,대전,2022-09-26,Medium,734,0
2872,한수아,M,53,Silver,서울,2020-08-19,High,708,0
2873,신지우,M,23,Bronze,경상,2023-10-16,Low,448,1
2874,정수빈,M,33,Bronze,부산,2022-05-16,Low,509,0
2875,조민준,M,64,Silver,대전,2022-10-18,Low,540,0
2876,권도윤,F,58,Bronze,대전,2024-11-30,Low,462,1
2877,장지유,F,37,Silver,서울,2020-08-20,Low,639,0
2878,이진우,M,43,VIP,전라,2024-12-27,Medium,849,0
2879,황도윤,F,45,Gold,광주,2024-05-30,Low,656,0
2880,장서연,M,53,Bronze,충청,2023-08-01,Low,452,0
2881,정시우,M,23,Silver,대구,2021-05-10,High,589,0
2882,한우진,F,32,Silver,전라,2020-07-30,Medium,687,0
2883,윤지아,F,40,Silver,서울,2021-02-07,High,703,0
2884,황도윤,F,38,Silver,세종,2024-09-17,Low,590,0
2885,김지호,M,29,Bronze,제주,2023-09-07,Medium,609,0
2886,오우진,F,64,Gold,경기,2020-08-06,High,730,0
2887,조선우,F,27,Gold,충청,2022-08-20,Medium,681,0
2888,장우진,M,30,Silver,세종,2024-11-16,High,714,0
2889,김도윤,M,43,Gold,광주,2023-08-11,Medium,699,0
2890,박수빈,F,35,Silver,부산,2021-05-21,Medium,642,0
2891,신선우,M,38,Gold,대전,2023-09-12,High,717,0
2892,장서연,M,63,Silver,대구,2022-05-21,Medium,653,0
2893,권우진,M,69,Gold,인천,2024-06-03,Medium,704,0
2894,윤예준,F,57,Silver,전라,2021-03-30,Medium,722,0
2895,강서연,M,40,Gold,강원,2022-01-29,Low,580,1
2896,장주원,M,20,Silver,충청,2022-08-24,High,706,0
2897,김주원,M,55,Bronze,인천,2022-09-17,Low,446,0
2898,이하은,F,28,Silver,경상,2024-02-09,Medium,657,0
2899,조우진,M,69,Bronze,서울,2022-06-25,Low,487,1
2900,권시우,M,32,Silver,대구,2022-09-28,Medium,649,0
2901,김지유,F,64,Bronze,세종,2020-07-11,Low,545,0
2902,황하은,F,26,Silver,경상,2023-06-03,Medium,579,0
2903,조주원,F,38,VIP,충청,2024-01-21,High,826,0
2904,정민준,M,59,Bronze,인천,2020-11-26,Low,505,0
2905,박예준,F,32,Bronze,충청,2021-02-14,Low,541,0
2906,신시우,M,59,Bronze,세종,2020-02-13,Medium,639,0
2907,한수아,F,23,Bronze,광주,2022-10-06,Low,465,0
2908,김하은,M,24,Silver,인천,2022-05-08,High,651,0
2909,박예준,F,55,Silver,부산,2023-10-02,Medium,629,0
2910,장우진,M,40,Silver,강원,2024-01-01,Medium,672,0
2911,이은서,M,26,Silver,대전,2022-08-24,Medium,656,0
2912,오선우,F,60,Silver,대구,2023-10-22,Low,544,0
2913,김우진,M,51,Bronze,전라,2022-04-14,Medium,624,0
2914,장도윤,F,57,Bronze,경상,2022-10-17,Low,548,0
2915,김서연,M,21,Silver,전라,2020-04-11,High,640,1
2916,이진우,M,55,Bronze,대구,2021-03-02,Low,501,0
2917,이예준,M,66,Gold,전라,2023-11-26,Medium,715,0
2918,한우진,F,58,Bronze,부산,2024-07-20,High,617,0
2919,김서연,M,53,Bronze,충청,2021-04-25,High,626,1
2920,정수빈,M,31,Silver,부산,2021-11-18,Medium,646,0
2921,강수빈,M,59,Bronze,충청,2024-02-23,Medium,625,0
2922,조채원,M,35,Bronze,대전,2020-12-14,Low,506,0
2923,장지호,M,28,Bronze,대전,2022-11-30,High,668,0
2924,신주원,F,69,Silver,서울,2024-11-20,Medium,546,0
2925,이지호,M,42,Bronze,부산,2023-10-13,Low,537,0
2926,황우진,F,59,Silver,인천,2020-07-12,Medium,719,0
2927,오지아,M,62,Silver,부산,2022-08-29,Low,576,1
2928,오하은,F,51,Silver,경상,2024-11-10,High,677,0
2929,조지우,M,46,Bronze,대전,2023-01-20,Low,515,1
2930,한예준,M,49,Bronze,인천,2023-04-27,Medium,562,0
2931,조주원,M,56,Bronze,부산,2022-07-05,Low,544,0
2932,박서윤,M,49,Silver,충청,2021-05-10,Low,625,0
2933,이지우,F,41,Bronze,세종,2022-08-10,Medium,571,0
2934,정민준,M,55,Silver,경상,2022-12-25,High,763,1
2935,이지아,M,69,Silver,제주,2022-03-04,Medium,585,1
2936,권지우,F,45,Silver,경기,2022-12-30,Medium,656,0
2937,이지아,F,22,Gold,전라,2022-01-09,Medium,734,0
2938,임서윤,F,55,Bronze,세종,2021-12-16,Low,536,0
2939,한수아,M,69,Gold,부산,2020-02-06,High,727,0
2940,이선우,F,60,VIP,대구,2020-12-16,High,807,0
2941,조은서,F,29,Bronze,인천,2021-04-10,Low,486,1
2942,장민준,F,30,Bronze,서울,2024-05-21,Low,525,0
2943,김지우,F,31,Bronze,전라,2023-12-26,Medium,565,0
2944,최다은,F,21,Bronze,광주,2022-10-10,Low,552,0
2945,신시우,F,45,Bronze,충청,2022-01-22,Low,496,1
2946,오예준,F,33,Silver,대구,2021-06-02,Low,501,0
2947,강지호,F,44,Bronze,강원,2023-01-03,Low,455,0
2948,한시우,M,38,Silver,부산,2023-09-16,Low,649,0
2949,장채원,M,46,Bronze,부산,2022-06-08,Low,558,0
2950,김주원,F,43,Silver,서울,2022-11-06,Low,562,0
2951,박채원,M,62,Bronze,대구,2021-09-07,Medium,611,0
2952,강수빈,M,42,VIP,경상,2024-06-06,High,848,0
2953,강서연,M,54,Silver,세종,2020-12-04,Low,649,0
2954,황은서,M,56,VIP,세종,2022-07-04,High,832,0
2955,황지우,F,37,Bronze,광주,2023-09-27,Low,523,0
2956,이채원,M,41,Silver,광주,2020-08-13,Medium,637,0
2957,오민준,F,41,VIP,인천,2023-02-25,High,862,0
2958,황주원,F,69,Bronze,전라,2023-11-02,Medium,567,1
2959,윤은서,F,32,Gold,경상,2024-01-24,Low,672,0
2960,김시우,M,45,Silver,세종,2024-07-31,Medium,684,0
2961,권예준,M,62,Silver,경상,2020-04-14,Medium,590,0
2962,한지유,F,38,Silver,경기,2021-06-15,Medium,666,0
2963,김은서,M,57,Gold,경기,2020-06-09,Medium,737,0
2964,강수아,F,64,VIP,제주,2022-05-05,High,810,0
2965,권하은,F,49,Gold,세종,2021-05-27,High,807,0
2966,강다은,F,47,Bronze,제주,2024-11-15,Low,534,0
2967,정하은,M,68,Silver,강원,2021-06-11,Medium,540,0
2968,박민준,M,47,Silver,경기,2023-05-20,Low,600,0
2969,신수아,F,24,Silver,세종,2020-05-01,Medium,645,0
2970,임수빈,M,28,Bronze,경상,2024-01-21,Medium,577,1
2971,신하은,M,68,Gold,제주,2021-04-14,Medium,629,0
2972,정선우,F,25,Bronze,전라,2020-11-07,High,610,0
2973,권수아,F,39,Silver,전라,2020-10-23,Medium,671,0
2974,박다은,F,69,Silver,대전,2022-08-13,High,631,0
2975,이도윤,F,57,VIP,대구,2023-07-11,High,868,0
2976,한지아,M,47,Bronze,광주,2021-04-05,Low,505,1
2977,김서윤,F,50,Gold,전라,2020-08-07,High,734,0
2978,한주원,M,44,Bronze,광주,2024-07-14,High,678,0
2979,권서윤,M,47,Gold,충청,2020-06-19,Medium,729,0
2980,박서윤,M,57,Silver,대전,2023-03-07,Low,533,0
2981,윤우진,F,47,Bronze,경기,2024-05-01,High,676,0
2982,김주원,F,42,Bronze,경상,2023-06-21,Low,571,1
2983,권우진,M,36,Silver,서울,2020-01-22,Low,614,0
2984,오선우,M,55,Silver,충청,2020-03-11,Low,624,0
2985,정지유,M,30,Silver,강원,2022-03-29,Medium,616,0
2986,정민준,M,37,Silver,경상,2022-07-29,Medium,682,0
2987,이수빈,M,35,Bronze,강원,2022-10-31,High,671,0
2988,박주원,M,24,VIP,제주,2021-10-04,High,813,0
2989,조서연,M,54,Silver,인천,2020-01-06,High,665,0
2990,최서윤,M,69,Silver,부산,2023-11-04,Low,538,0
2991,한예준,M,66,Bronze,대전,2021-03-31,Medium,589,0
2992,한지호,F,35,Bronze,충청,2020-01-26,Low,537,0
2993,오지아,F,47,Silver,서울,2020-03-28,High,736,0
2994,신서연,F,20,Silver,대전,2021-05-09,Medium,632,0
2995,신민준,F,26,Gold,세종,2020-01-14,Medium,726,0
2996,신지호,F,61,Silver,대구,2022-01-14,Medium,649,0
2997,임예준,F,41,Silver,경기,2023-05-13,High,700,0
2998,오하은,F,68,Gold,대전,2021-05-07,Medium,687,0
2999,박예준,F,69,Silver,부산,2020-02-21,Medium,565,0
3000,권선우,F,67,Silver,서울,2020-12-05,Low,551,0
3001,한지아,F,24,Silver,제주,2022-03-11,Low,568,0
3002,김지아,M,24,Bronze,대전,2024-05-14,High,627,0
3003,한하은,F,31,Silver,부산,2020-08-18,Medium,705,0
3004,황채원,F,50,VIP,대구,2022-03-06,High,851,0
3005,임예준,F,21,Gold,강원,2023-02-18,Medium,681,0
3006,윤은서,M,45,Bronze,경상,2024-09-22,High,654,0
3007,박지우,M,62,Bronze,세종,2020-04-28,Medium,543,1
3008,정서연,F,67,Bronze,인천,2023-03-31,High,571,0
3009,박지우,M,37,Silver,강원,2021-01-29,High,672,0
3010,조서연,F,41,Bronze,강원,2023-06-09,Low,525,0
3011,장시우,F,38,Silver,세종,2023-07-02,Medium,627,0
3012,윤하은,M,37,Silver,대전,2024-06-07,Medium,749,0
3013,장하은,M,20,Silver,세종,2021-03-08,Medium,569,0
3014,조수아,M,46,Gold,경기,2020-12-10,Medium,642,0
3015,강지유,F,31,Bronze,제주,2022-04-28,Medium,525,1
3016,황수빈,M,25,Silver,부산,2022-12-12,Low,548,0
3017,한진우,M,45,Silver,인천,2023-11-29,High,719,1
3018,이채원,F,42,Gold,전라,2023-11-25,High,727,0
3019,신우진,F,27,Bronze,부산,2020-06-06,Low,532,0
3020,신서연,F,64,Bronze,서울,2021-05-11,Low,482,1
3021,강지아,F,53,Bronze,강원,2021-04-05,Medium,502,0
3022,한은서,M,29,Silver,대구,2024-02-09,Medium,689,0
3023,박도윤,F,26,Silver,대구,2020-05-22,Low,572,0
3024,황지호,F,51,Bronze,인천,2020-08-05,Low,510,0
3025,오우진,F,22,Gold,강원,2022-03-20,High,699,0
3026,최수빈,F,40,Gold,광주,2022-03-08,High,763,0
3027,최민준,F,58,Silver,전라,2024-02-18,Medium,651,0
3028,오지아,F,57,Silver,인천,2023-07-13,Medium,636,0
3029,장은서,M,64,Gold,세종,2023-07-26,Medium,731,0
3030,이채원,F,52,Gold,부산,2021-03-17,Low,728,0
3031,황채원,F,21,Silver,인천,2020-09-04,Medium,614,1
3032,황서윤,F,28,Bronze,전라,2020-12-15,Low,542,0
3033,이은서,M,23,Silver,부산,2021-01-13,Low,518,1
3034,황수빈,M,61,Bronze,대구,2021-07-03,Medium,583,0
3035,장시우,M,62,Bronze,서울,2020-11-18,Low,512,0
3036,오은서,F,48,Silver,경상,2020-07-05,High,791,0
3037,조지호,F,46,Bronze,서울,2023-06-08,Low,527,0
3038,임수빈,M,32,Silver,광주,2021-09-29,Low,613,0
3039,권도윤,M,63,Bronze,서울,2022-11-07,Low,544,0
3040,권지호,M,61,Gold,대전,2021-10-16,Medium,781,0
3041,임진우,M,22,Bronze,인천,2021-05-10,Low,469,0
3042,조은서,M,69,Gold,광주,2021-04-23,High,688,0
3043,임시우,M,24,Bronze,강원,2024-05-21,Low,474,0
3044,최지아,M,37,Bronze,인천,2021-08-25,High,640,0
3045,박선우,M,37,Silver,부산,2024-07-08,Medium,610,0
3046,정우진,F,43,Gold,경상,2022-12-14,High,779,0
3047,정서연,F,69,Bronze,제주,2021-08-12,Medium,540,0
3048,임지우,F,41,VIP,대구,2021-02-22,High,906,0
3049,임지유,M,68,Bronze,전라,2022-12-07,Low,534,0
3050,황다은,M,35,Silver,제주,2023-05-24,Low,601,0
3051,강우진,F,58,Gold,세종,2022-04-09,High,758,0
3052,최민준,M,68,Silver,충청,2021-11-27,Medium,630,0
3053,윤우진,F,38,Bronze,충청,2023-08-14,Medium,521,0
3054,임수빈,F,49,VIP,경상,2020-08-06,High,926,0
3055,한민준,F,57,Gold,대구,2023-06-26,Medium,718,0
3056,신선우,F,65,Bronze,세종,2020-07-29,Medium,544,0
3057,강채원,F,66,Silver,전라,2021-11-24,High,654,1
3058,이예준,F,62,Silver,충청,2024-12-21,Low,538,1
3059,정우진,F,59,Bronze,대전,2023-03-24,Low,618,0
3060,강민준,F,46,Silver,경상,2023-03-26,Low,617,0
3061,강지아,M,28,Bronze,경상,2021-06-25,Low,522,0
3062,오수빈,M,41,Bronze,경기,2021-09-07,Low,494,0
3063,강서연,M,54,Silver,경상,2022-10-01,Medium,683,0
3064,장지호,F,68,Bronze,강원,2023-08-17,Medium,574,1
3065,오채원,M,62,Silver,광주,2022-11-14,Medium,716,1
3066,이지우,F,55,Silver,충청,2021-11-13,High,724,0
3067,한우진,M,68,Silver,강원,2024-10-26,Medium,682,0
3068,강선우,F,68,Silver,부산,2022-03-04,Medium,562,0
3069,최채원,M,36,Silver,대구,2021-03-08,Medium,662,0
3070,오수아,M,26,Silver,전라,2020-11-04,High,737,0
3071,한채원,M,50,Bronze,경상,2020-04-07,Medium,598,0
3072,정지유,F,49,Bronze,인천,2023-10-14,Medium,615,1
3073,최예준,F,54,Silver,서울,2022-11-09,Medium,739,0
3074,권다은,F,51,Bronze,광주,2023-06-09,Medium,547,1
3075,최지아,F,28,Silver,부산,2022-07-02,Low,599,0
3076,신수아,F,44,Silver,강원,2022-08-31,Medium,585,0
3077,박민준,F,46,Silver,경기,2021-09-23,Medium,645,0
3078,신다은,M,61,Bronze,서울,2023-06-27,Low,537,0
3079,한서연,F,67,VIP,대전,2022-02-02,High,796,0
3080,오시우,F,35,Silver,제주,2021-11-14,Medium,642,0
3081,최도윤,M,32,Bronze,인천,2022-04-22,Medium,629,0
3082,신민준,M,36,Silver,충청,2024-02-18,High,727,0
3083,최지아,F,46,Gold,충청,2023-11-12,Medium,681,0
3084,강지호,M,55,Gold,광주,2022-10-25,High,784,0
3085,신시우,F,47,Gold,경상,2021-09-19,Medium,719,0
3086,한채원,F,62,VIP,경상,2022-08-03,Medium,788,0
3087,한예준,M,65,Bronze,경상,2022-02-02,Low,455,0
3088,강민준,M,37,Bronze,경상,2021-04-21,Low,561,1
3089,박진우,M,51,Silver,대구,2024-10-17,High,706,0
3090,장채원,M,29,Gold,서울,2021-12-27,High,805,0
3091,장예준,F,22,Silver,대구,2022-07-12,Low,562,1
3092,윤선우,F,30,Silver,대구,2024-11-05,Medium,692,0
3093,최도윤,F,38,Gold,경상,2024-11-24,Medium,759,0
3094,한수아,F,25,Silver,경상,2023-10-28,Medium,625,0
3095,조지아,F,50,Silver,부산,2020-07-03,Low,618,0
3096,김지우,F,52,Silver,대구,2022-05-06,Low,597,0
3097,이지유,M,59,Bronze,제주,2023-01-06,Medium,579,0
3098,강도윤,M,56,Silver,경상,2024-12-19,Medium,657,0
3099,황서윤,F,41,Silver,강원,2024-09-15,Low,630,0
3100,임서윤,M,54,Gold,경기,2023-04-18,High,755,0
3101,임지호,M,66,Gold,부산,2022-12-27,High,727,0
3102,오은서,M,39,Bronze,경기,2023-11-12,Low,574,0
3103,윤수아,M,57,Bronze,경기,2020-12-21,High,602,0
3104,이지호,F,66,Silver,부산,2021-05-25,High,701,0
3105,강지유,M,23,Bronze,광주,2021-04-02,High,621,1
3106,윤수빈,M,62,Bronze,서울,2023-06-16,Low,522,0
3107,강은서,F,62,Bronze,광주,2022-07-24,Medium,592,0
3108,정도윤,F,27,Bronze,경상,2021-01-11,Low,473,1
3109,조은서,F,41,Gold,대전,2021-09-20,Medium,816,0
3110,김채원,M,64,Bronze,전라,2022-02-18,Low,474,1
3111,김선우,M,30,Bronze,인천,2024-06-26,Low,491,0
3112,황지우,M,63,Gold,제주,2022-10-19,High,772,0
3113,박예준,F,29,VIP,부산,2023-07-17,High,746,0
3114,김민준,F,56,Gold,전라,2024-06-25,Medium,668,0
3115,한지유,F,28,Bronze,강원,2023-07-08,Low,503,1
3116,한주원,F,55,Silver,세종,2024-02-14,High,692,0
3117,장주원,M,29,Bronze,경기,2021-08-27,Medium,629,0
3118,장민준,M,60,Bronze,대전,2020-02-02,Low,467,1
3119,장민준,M,31,Silver,대전,2024-05-22,Medium,625,0
3120,신예준,F,22,Bronze,서울,2021-06-10,Low,523,0
3121,오진우,F,47,Silver,경상,2021-06-15,Medium,698,0
3122,강채원,M,34,Silver,세종,2022-12-23,Medium,662,0
3123,오예준,F,47,Bronze,충청,2023-06-30,Low,570,0
3124,조지우,M,57,VIP,경기,2020-07-19,Medium,797,0
3125,장예준,M,37,Silver,충청,2021-07-21,Medium,586,0
3126,임민준,M,52,VIP,광주,2020-09-05,Medium,831,0
3127,권선우,F,66,Gold,인천,2024-01-10,Medium,660,0
3128,정주원,M,43,Gold,세종,2020-09-19,Medium,784,0
3129,황지호,F,50,Gold,서울,2024-08-06,Medium,732,0
3130,윤민준,F,52,Bronze,대전,2024-07-26,Low,514,0
3131,조도윤,F,64,Bronze,충청,2024-12-29,Medium,584,0
3132,박서윤,M,65,Silver,서울,2024-04-05,Low,456,0
3133,박수아,F,33,VIP,강원,2022-11-19,High,797,0
3134,조다은,F,60,Silver,서울,2023-06-04,Low,572,0
3135,신수빈,M,50,Bronze,경상,2021-07-28,Low,557,1
3136,최지유,M,25,Bronze,광주,2021-12-06,Low,470,0
3137,임서윤,F,37,Silver,세종,2021-07-20,High,690,0
3138,장예준,M,47,Silver,제주,2020-09-03,Low,547,0
3139,신은서,F,47,Silver,부산,2021-07-03,Medium,643,0
3140,신채원,F,27,Bronze,세종,2022-12-20,Low,537,1
3141,오민준,M,56,Bronze,광주,2024-02-17,Low,540,0
3142,최서연,M,68,Bronze,충청,2022-08-31,Low,549,1
3143,황시우,M,28,Silver,제주,2023-01-13,Low,595,0
3144,윤예준,F,55,VIP,전라,2022-11-30,Medium,872,0
3145,오서연,M,60,Bronze,서울,2021-07-16,High,645,0
3146,이도윤,M,48,Bronze,광주,2024-06-15,Low,619,0
3147,오다은,M,42,Silver,대구,2022-05-03,Low,575,0
3148,김은서,F,51,Bronze,경상,2024-08-15,Low,578,0
3149,박다은,M,23,Bronze,경상,2021-02-26,Medium,516,0
3150,이하은,M,65,Silver,광주,2022-04-17,Medium,542,0
3151,한지우,F,67,VIP,경기,2024-12-06,Medium,728,0
3152,신우진,M,21,Bronze,세종,2021-11-27,Low,507,0
3153,이서윤,F,31,Silver,부산,2023-05-28,Medium,592,0
3154,조민준,F,55,Bronze,서울,2024-08-29,Low,541,1
3155,한진우,M,58,Silver,세종,2022-09-16,Medium,687,0
3156,정하은,F,58,Bronze,광주,2021-02-25,Low,531,0
3157,정은서,M,53,Bronze,제주,2021-05-15,Low,498,0
3158,윤주원,F,42,Silver,광주,2023-04-07,Low,558,0
3159,강도윤,F,66,Bronze,전라,2024-06-13,Low,457,0
3160,조수빈,F,62,Silver,광주,2024-10-26,Medium,613,0
3161,박민준,F,69,Bronze,서울,2022-09-24,Medium,568,0
3162,강우진,F,57,Silver,경기,2020-04-14,Medium,630,0
3163,강시우,F,49,Bronze,제주,2021-08-12,Low,530,0
3164,한시우,F,28,Gold,광주,2022-08-17,Low,708,0
3165,정하은,M,41,Silver,경상,2023-07-22,Medium,705,0
3166,강주원,M,59,Bronze,인천,2021-05-01,Low,537,0
3167,강지유,M,69,Bronze,충청,2024-05-28,Low,443,1
3168,윤지유,M,61,Silver,서울,2020-11-14,Low,635,0
3169,신시우,M,69,Gold,인천,2021-05-03,High,723,0
3170,윤민준,F,21,Silver,대구,2022-03-31,Low,479,0
3171,윤하은,F,66,Bronze,전라,2023-04-23,Low,507,1
3172,정하은,F,65,Silver,광주,2020-03-26,Medium,540,0
3173,정지유,F,22,Gold,서울,2021-01-26,Medium,673,0
3174,임민준,M,68,Gold,경상,2020-03-13,Low,625,0
3175,신시우,M,51,Silver,경상,2023-05-08,High,680,0
3176,황지우,M,67,Bronze,충청,2024-07-17,Low,473,0
3177,신진우,F,48,Silver,부산,2021-12-23,Low,616,0
3178,황지유,F,22,Silver,세종,2020-09-19,High,615,0
3179,정지호,M,34,Bronze,경기,2024-03-22,Medium,601,1
3180,윤지아,M,51,Bronze,충청,2021-04-09,Medium,596,0
3181,황수아,F,50,Bronze,경상,2023-03-08,Medium,604,0
3182,정선우,M,32,Bronze,전라,2020-01-23,Low,427,0
3183,한수아,F,69,Bronze,광주,2023-02-22,Low,473,1
3184,권도윤,M,62,Silver,경상,2022-08-22,Low,585,0
3185,오지호,M,52,Bronze,강원,2022-03-10,Medium,580,1
3186,박우진,M,24,Silver,전라,2020-12-06,Medium,601,0
3187,조지호,M,57,Silver,전라,2023-01-24,Medium,716,0
3188,권지아,F,68,Bronze,세종,2021-06-24,Low,469,1
3189,황지유,M,31,Silver,광주,2021-07-27,Medium,683,0
3190,오수빈,F,25,Gold,세종,2021-01-19,Medium,732,0
3191,강지우,M,33,Silver,전라,2023-08-10,Medium,629,0
3192,오채원,F,69,Gold,제주,2021-07-26,Low,594,0
3193,정예준,M,30,VIP,경기,2021-06-18,High,831,0
3194,김하은,M,31,Silver,강원,2021-02-28,Low,609,1
3195,김선우,F,69,Silver,대구,2022-08-17,Low,599,0
3196,한다은,F,26,Bronze,부산,2024-05-07,Low,524,1
3197,임지유,M,50,Silver,세종,2023-11-12,Low,588,1
3198,박서연,F,54,Silver,강원,2022-03-19,Medium,645,0
3199,이선우,F,56,Gold,부산,2024-12-19,Medium,750,0
3200,신예준,F,59,Silver,대구,2020-08-11,Medium,705,0
3201,김도윤,M,58,Bronze,대전,2024-05-25,Low,524,0
3202,오다은,M,34,Silver,광주,2024-07-25,Medium,590,1
3203,임주원,M,27,Silver,경상,2024-11-03,Medium,616,0
3204,박진우,F,49,Bronze,세종,2021-07-21,Medium,583,0
3205,황수아,M,58,Gold,대전,2024-02-01,High,829,0
3206,김지우,M,27,Silver,경상,2024-03-29,High,619,0
3207,윤지유,F,52,VIP,충청,2021-04-19,High,905,0
3208,권지아,M,63,Bronze,전라,2020-06-18,High,617,0
3209,최도윤,M,50,Silver,대구,2022-02-11,Medium,673,0
3210,황서윤,M,39,VIP,제주,2024-04-16,High,792,0
3211,최우진,M,56,Silver,강원,2023-07-24,Medium,587,0
3212,강은서,F,26,Silver,세종,2020-06-15,Low,585,0
3213,최서연,F,46,Silver,서울,2023-03-19,Medium,725,0
3214,김도윤,M,45,Silver,제주,2021-04-19,Low,668,0
3215,임도윤,M,35,Silver,강원,2021-06-14,High,651,0
3216,윤채원,M,20,Silver,부산,2021-09-27,Medium,586,0
3217,권진우,F,63,Bronze,부산,2024-09-21,High,625,1
3218,최서윤,F,57,Bronze,경상,2024-08-24,Low,442,1
3219,황다은,F,41,Gold,서울,2021-09-10,Medium,798,0
3220,오주원,M,27,Silver,광주,2022-03-03,High,642,0
3221,정서윤,F,23,Silver,제주,2024-10-04,Medium,678,0
3222,정다은,F,27,Gold,서울,2022-09-18,Low,622,0
3223,조지아,F,43,Silver,경상,2021-12-20,Medium,618,0
3224,박서윤,F,63,Silver,대구,2022-11-04,Medium,651,0
3225,한민준,M,57,VIP,강원,2021-06-12,Low,662,0
3226,김채원,F,66,Silver,충청,2021-01-07,Low,604,0
3227,오채원,M,33,Silver,대전,2024-05-20,Medium,706,0
3228,윤주원,F,58,Silver,서울,2024-03-30,Medium,654,0
3229,황채원,M,44,Gold,세종,2023-04-21,High,783,0
3230,한지호,M,48,Bronze,광주,2020-09-09,Medium,527,0
3231,박서윤,M,46,Silver,전라,2020-12-09,Medium,678,0
3232,최서연,M,33,Bronze,부산,2021-05-31,Medium,592,1
3233,조민준,F,56,Bronze,대구,2023-12-20,Medium,605,0
3234,박우진,F,48,Silver,대전,2021-10-23,Low,584,0
3235,이지우,F,35,Silver,서울,2020-03-08,Low,625,0
3236,권수빈,F,38,Silver,제주,2021-11-28,Medium,641,0
3237,임선우,M,36,Gold,광주,2021-09-28,Low,670,0
3238,윤채원,F,28,Silver,제주,2020-03-02,Medium,639,0
3239,조수빈,F,54,Silver,전라,2021-01-04,High,697,0
3240,최지호,F,22,Bronze,경기,2023-06-26,Low,383,0
3241,장예준,F,33,Bronze,제주,2023-03-27,Low,466,0
3242,윤서윤,F,32,Bronze,경상,2020-06-05,Medium,558,1
3243,정진우,F,46,Gold,경기,2022-08-28,Low,644,0
3244,김수아,M,68,Gold,강원,2022-11-03,High,713,1
3245,강지호,M,31,Silver,대구,2021-11-24,Medium,644,0
3246,오민준,M,66,Bronze,광주,2021-09-01,Medium,546,0
3247,조시우,F,59,Gold,경상,2020-05-19,High,791,0
3248,윤도윤,M,69,Gold,인천,2022-04-10,Medium,653,0
3249,정시우,M,23,Gold,경상,2022-03-26,High,663,0
3250,장우진,M,20,Silver,광주,2022-11-05,Low,535,1
3251,최수빈,M,45,Silver,전라,2020-01-22,Medium,687,0
3252,임지우,M,28,Silver,경기,2021-07-02,Low,503,0
3253,장하은,F,20,Gold,서울,2024-01-19,High,680,0
3254,윤지우,M,59,Gold,경기,2023-03-16,High,782,0
3255,장지우,F,28,Gold,경상,2020-11-01,Low,646,0
3256,한우진,F,57,Silver,인천,2023-04-30,Low,581,0
3257,한지유,F,27,Gold,부산,2024-06-30,Medium,679,0
3258,김주원,F,49,Silver,경기,2024-06-09,Low,616,0
3259,정수빈,F,35,Silver,인천,2022-02-28,High,676,0
3260,오지호,M,39,Bronze,제주,2022-08-20,Low,506,1
3261,황채원,F,50,Gold,제주,2021-06-12,High,767,0
3262,권지아,F,53,Silver,충청,2024-11-10,Medium,645,0
3263,강예준,F,34,Bronze,전라,2023-08-19,High,669,1
3264,신수아,F,54,Bronze,전라,2021-08-30,Medium,669,0
3265,권채원,M,60,VIP,서울,2023-03-08,High,796,0
3266,최다은,F,28,Silver,인천,2022-04-10,Medium,615,0
3267,오지우,M,43,Silver,인천,2020-03-08,Medium,670,0
3268,이시우,M,26,Bronze,인천,2022-08-13,Medium,541,0
3269,이주원,M,31,Silver,경기,2021-06-13,Medium,667,0
3270,김민준,M,53,Silver,충청,2024-06-20,Medium,633,0
3271,임선우,F,48,Bronze,인천,2020-11-19,Low,485,0
3272,한도윤,F,63,Silver,경상,2022-09-12,Low,522,0
3273,이지유,M,58,VIP,인천,2020-12-06,High,886,0
3274,신수아,F,40,VIP,경상,2021-02-19,High,820,0
3275,임서연,M,47,Silver,세종,2022-04-12,High,733,0
3276,장다은,M,67,Bronze,광주,2021-06-16,Low,450,1
3277,황지아,M,61,Gold,대전,2023-06-22,Medium,748,0
3278,조주원,F,37,Bronze,부산,2023-06-27,Medium,644,0
3279,한진우,F,57,VIP,광주,2024-10-14,High,839,0
3280,오지유,M,52,Silver,경상,2021-03-31,Medium,612,0
3281,권선우,M,34,Gold,세종,2021-04-21,High,760,0
3282,김서윤,M,47,Silver,인천,2020-11-08,Medium,750,0
3283,정민준,F,32,Bronze,세종,2020-11-18,High,621,0
3284,조서연,M,35,Bronze,광주,2020-07-15,Low,547,0
3285,이지유,F,40,Silver,세종,2020-04-20,Low,635,0
3286,김시우,M,29,Bronze,전라,2023-10-14,Medium,561,0
3287,정지호,M,57,Bronze,광주,2024-07-23,Medium,599,0
3288,권서연,F,69,Silver,충청,2020-07-05,Low,568,0
3289,오지유,M,42,Bronze,부산,2024-02-02,Low,511,0
3290,이은서,F,27,Silver,세종,2024-10-23,Low,560,0
3291,이예준,F,34,Gold,강원,2023-07-17,Medium,750,1
3292,신채원,M,67,Silver,경기,2023-10-06,Medium,605,0
3293,강채원,M,40,Gold,제주,2020-01-02,Medium,767,0
3294,김도윤,F,52,Bronze,전라,2023-08-28,Medium,582,0
3295,황지호,F,32,Bronze,경상,2022-05-15,High,630,0
3296,김하은,M,25,Bronze,제주,2024-03-24,Medium,565,1
3297,김우진,M,51,Bronze,강원,2022-10-22,Low,508,1
3298,황예준,M,44,Bronze,강원,2022-12-07,Medium,588,0
3299,윤수빈,F,25,Silver,전라,2021-12-24,Low,591,0
3300,김진우,F,41,Bronze,제주,2023-02-14,Low,529,1
3301,윤서윤,M,20,Silver,인천,2024-01-03,Medium,638,0
3302,이지아,F,29,Bronze,세종,2021-03-07,Medium,512,0
3303,윤선우,M,66,Bronze,제주,2020-02-28,Low,492,0
3304,황선우,F,26,Bronze,광주,2021-08-04,Low,577,0
3305,윤지호,F,44,Silver,충청,2020-03-13,Low,570,0
3306,강지호,F,68,Silver,경기,2020-06-21,Medium,643,0
3307,김지유,F,45,Gold,대구,2021-05-24,Low,685,0
3308,윤우진,M,21,Bronze,인천,2021-12-16,Low,486,0
3309,조도윤,M,35,Bronze,경상,2022-09-03,Low,538,1
3310,윤수빈,F,26,Silver,인천,2024-09-15,Medium,700,0
3311,장다은,M,20,Bronze,인천,2021-06-21,Low,504,0
3312,강도윤,M,62,Gold,광주,2021-08-28,Medium,739,0
3313,오서연,M,56,Bronze,대전,2023-07-16,Low,464,1
3314,이예준,M,20,Gold,제주,2024-04-29,High,724,0
3315,신서연,M,21,Silver,대구,2021-04-02,Medium,568,0
3316,김다은,F,26,Silver,충청,2023-03-05,Low,543,0
3317,정채원,F,29,Silver,세종,2023-11-20,High,734,0
3318,박도윤,M,48,Bronze,전라,2022-04-07,High,677,0
3319,최서연,M,34,Bronze,대구,2020-03-20,Medium,568,0
3320,이서윤,F,25,Bronze,강원,2023-02-28,Low,466,0
3321,이선우,M,69,Bronze,서울,2021-11-20,High,580,0
3322,이서윤,M,57,Gold,강원,2023-02-07,High,766,0
3323,한은서,M,57,Silver,제주,2021-01-31,Medium,619,0
3324,권수빈,F,39,Silver,서울,2020-10-23,High,755,0
3325,오수빈,M,36,Silver,대전,2021-01-26,Low,606,0
3326,정지유,M,34,Bronze,경기,2022-12-27,High,664,0
3327,한예준,M,36,Bronze,충청,2024-04-10,Medium,590,1
3328,정주원,M,52,Silver,경상,2020-09-11,Low,602,0
3329,신은서,M,66,Silver,대전,2023-09-09,Medium,631,0
3330,장수빈,M,38,Gold,서울,2021-03-27,High,811,0
3331,최지호,M,27,Bronze,강원,2023-07-21,Medium,684,0
3332,오수아,M,40,Bronze,세종,2024-11-24,Low,541,1
3333,정주원,M,52,Silver,서울,2023-03-18,Low,624,0
3334,윤하은,F,62,Bronze,세종,2022-12-14,Medium,500,1
3335,이시우,F,68,Bronze,대구,2021-10-06,Low,501,0
3336,윤은서,F,23,Silver,대구,2020-02-25,Medium,602,0
3337,황주원,F,36,Bronze,충청,2023-06-10,Low,531,0
3338,최은서,M,65,Gold,경상,2023-06-13,High,729,0
3339,한예준,F,24,VIP,대전,2020-02-04,High,734,0
3340,이수빈,M,42,Silver,대전,2021-05-09,High,747,0
3341,이민준,F,61,Silver,대전,2024-05-30,High,672,0
3342,정민준,M,37,Silver,강원,2022-03-30,Medium,701,0
3343,장예준,F,52,Silver,경기,2022-08-15,High,690,0
3344,김주원,F,20,Bronze,세종,2022-09-22,Low,447,0
3345,최다은,F,56,Bronze,충청,2021-02-08,Low,547,0
3346,이하은,M,48,Gold,경상,2024-04-03,Medium,649,1
3347,김시우,M,30,Bronze,대구,2021-08-09,Medium,638,0
3348,임채원,F,37,Gold,부산,2023-09-25,Medium,710,0
3349,임채원,F,43,Bronze,부산,2023-03-08,Low,475,0
3350,오수아,F,35,Bronze,제주,2020-04-23,Medium,602,0
3351,임진우,M,44,Bronze,광주,2021-03-15,Low,514,0
3352,한주원,M,26,Bronze,부산,2023-03-09,Low,411,0
3353,오지우,F,52,Silver,경상,2020-11-07,Low,627,0
3354,강선우,F,41,Bronze,부산,2024-09-07,Low,597,0
3355,한예준,F,62,Gold,경상,2020-06-09,Low,680,0
3356,이다은,F,48,Bronze,대전,2020-01-13,Medium,586,0
3357,이다은,M,40,Silver,인천,2020-08-30,Low,620,1
3358,오진우,M,43,Bronze,대전,2021-09-11,Medium,609,0
3359,장은서,F,20,Gold,대구,2023-09-19,Low,596,1
3360,권수아,M,36,Bronze,세종,2023-11-25,Low,504,1
3361,장예준,F,67,Silver,인천,2022-01-11,Medium,547,1
3362,김은서,M,44,Bronze,서울,2020-04-08,Low,487,0
3363,신하은,M,25,Bronze,대전,2020-05-31,Medium,595,0
3364,신시우,M,28,Bronze,부산,2020-01-03,High,583,0
3365,장지우,M,53,Bronze,전라,2022-02-07,Low,486,0
3366,황수빈,F,50,Gold,전라,2021-03-22,High,737,0
3367,정선우,M,51,Bronze,세종,2023-07-10,Medium,673,0
3368,강채원,M,58,Gold,경기,2024-04-30,Low,645,0
3369,황지우,M,46,Gold,경기,2022-12-13,Medium,708,0
3370,이수아,M,29,Gold,대구,2024-04-14,High,779,0
3371,임수아,F,52,Gold,전라,2023-06-02,Medium,696,0
3372,권수아,M,34,Bronze,전라,2020-05-18,Low,532,0
3373,한서윤,F,28,Bronze,강원,2020-11-01,Low,483,0
3374,이서윤,F,58,Gold,충청,2021-06-16,Medium,679,0
3375,강서윤,M,40,Gold,충청,2022-04-28,Medium,731,0
3376,최채원,F,52,Gold,경기,2020-06-01,High,845,0
3377,최서연,F,36,VIP,경상,2022-11-30,High,812,0
3378,강지유,M,69,Bronze,대전,2023-12-01,Low,462,0
3379,장다은,M,30,Bronze,충청,2020-07-19,Low,574,0
3380,최주원,M,27,Silver,경상,2022-03-23,Medium,646,1
3381,박우진,F,52,Silver,강원,2024-06-18,High,688,0
3382,임다은,F,69,Gold,세종,2024-06-19,Medium,654,0
3383,강다은,F,68,Silver,충청,2023-08-10,Low,548,0
3384,이지호,F,63,Gold,대전,2022-07-22,High,803,0
3385,조지우,F,45,Bronze,세종,2024-11-02,Medium,625,0
3386,오서윤,M,33,VIP,서울,2023-01-17,High,853,0
3387,최서연,M,56,Bronze,전라,2021-06-01,Low,465,1
3388,황서윤,M,22,Bronze,전라,2024-01-06,Low,462,1
3389,박주원,M,65,Silver,광주,2024-04-10,Low,528,1
3390,박민준,M,59,Silver,서울,2023-02-01,Medium,633,0
3391,정지호,F,63,Bronze,세종,2023-06-09,Low,512,0
3392,이서윤,F,42,Silver,전라,2023-12-23,High,687,0
3393,황지호,M,52,Gold,대구,2023-11-11,Medium,734,0
3394,박우진,M,20,Gold,서울,2022-07-14,High,750,0
3395,김지우,M,20,Bronze,부산,2023-10-03,Medium,586,0
3396,윤도윤,M,56,Gold,대전,2024-04-20,Medium,767,0
3397,장민준,M,46,Bronze,부산,2020-09-10,Medium,629,0
3398,장다은,F,20,Gold,서울,2021-06-04,High,705,0
3399,이민준,F,26,Silver,대구,2023-04-03,Medium,689,0
3400,오도윤,M,26,Silver,전라,2020-07-13,Medium,649,0
3401,임채원,M,53,VIP,인천,2021-08-28,High,832,0
3402,임채원,F,26,Bronze,제주,2021-02-03,Medium,597,0
3403,오도윤,F,30,Bronze,경상,2020-11-29,Medium,583,1
3404,장수빈,M,49,Bronze,전라,2021-09-14,Medium,546,0
3405,오서연,F,51,Bronze,인천,2021-11-27,Low,510,1
3406,이지호,M,41,Bronze,광주,2021-10-16,Low,486,0
3407,박주원,F,65,Silver,강원,2020-12-28,Medium,630,0
3408,임민준,M,21,Silver,광주,2024-07-01,Low,662,0
3409,장민준,F,27,Bronze,대전,2020-05-18,Low,530,0
3410,박은서,M,43,Bronze,광주,2023-11-18,Low,507,0
3411,강은서,M,22,Silver,제주,2021-12-23,Medium,569,0
3412,권지호,M,63,Gold,세종,2023-04-28,Medium,725,0
3413,오지아,F,49,Silver,인천,2022-06-24,Low,568,1
3414,조민준,F,53,Silver,서울,2024-06-22,Low,676,0
3415,한서윤,M,27,Bronze,부산,2022-02-15,Low,477,1
3416,장우진,F,49,Silver,경상,2020-05-24,High,693,0
3417,임선우,M,20,Bronze,세종,2021-07-29,Medium,555,0
3418,권진우,F,56,Bronze,충청,2020-09-16,Low,522,0
3419,황도윤,F,23,Bronze,부산,2021-03-08,Low,430,0
3420,강지우,F,66,Bronze,강원,2024-10-28,Low,484,1
3421,한하은,F,69,Gold,충청,2022-08-15,High,732,0
3422,김민준,F,35,Silver,대구,2023-06-14,Medium,728,0
3423,신지아,F,40,Silver,전라,2023-09-12,Medium,674,0
3424,김주원,F,57,Bronze,인천,2024-03-03,Medium,539,0
3425,신도윤,F,61,Gold,제주,2022-07-14,Medium,729,0
3426,황시우,M,41,Silver,강원,2021-03-04,Low,604,0
3427,한진우,M,49,Bronze,경상,2024-05-22,Low,492,1
3428,장수아,F,41,Silver,제주,2023-02-04,High,735,0
3429,정우진,F,63,VIP,경상,2021-03-07,High,774,0
3430,권주원,F,44,Gold,전라,2023-07-28,Low,695,0
3431,김민준,F,52,Silver,대전,2023-04-10,High,738,0
3432,정민준,M,32,Silver,충청,2023-05-22,Medium,699,0
3433,강서연,M,34,Gold,인천,2024-08-09,Medium,689,0
3434,강도윤,M,38,Bronze,인천,2021-06-21,Low,551,1
3435,박지우,M,37,Silver,경기,2021-08-21,Medium,601,0
3436,오지유,F,43,Silver,세종,2020-03-26,Low,550,0
3437,김채원,M,50,Silver,부산,2022-05-06,Low,595,0
3438,정다은,F,27,Bronze,경기,2023-02-02,Low,602,0
3439,임지호,M,50,Bronze,제주,2024-05-28,High,636,0
3440,이지우,M,29,Bronze,강원,2023-08-22,Medium,574,0
3441,김지유,F,38,Silver,강원,2023-11-24,Medium,620,0
3442,강도윤,F,23,Gold,대전,2021-03-10,Medium,597,0
3443,윤다은,F,69,Silver,제주,2023-10-08,Medium,617,0
3444,조우진,M,36,Bronze,대전,2020-03-13,High,617,0
3445,오수아,F,56,Silver,전라,2024-08-05,Low,619,0
3446,김서윤,M,29,Gold,세종,2022-02-06,Low,636,0
3447,조하은,F,69,Bronze,대전,2023-08-10,Low,393,1
3448,강하은,M,22,Gold,충청,2024-10-03,High,751,0
3449,김주원,F,58,Silver,인천,2020-08-22,Medium,633,0
3450,최수아,M,67,Silver,충청,2022-02-12,Low,499,0
3451,이민준,F,34,VIP,경기,2020-11-22,High,760,0
3452,박지우,M,61,Silver,경상,2021-07-26,High,729,0
3453,강지아,F,51,Bronze,강원,2024-12-25,Medium,620,1
3454,조우진,M,30,Bronze,강원,2024-08-28,Low,553,0
3455,이서윤,F,56,Silver,대구,2021-06-13,Medium,598,0
3456,오시우,F,46,VIP,충청,2022-05-03,Medium,828,0
3457,한채원,F,48,Gold,전라,2021-06-10,Low,699,0
3458,윤수빈,F,64,Silver,세종,2023-01-26,Low,579,0
3459,윤민준,F,46,Silver,세종,2022-07-27,Low,645,0
3460,임선우,F,29,Silver,인천,2022-03-27,Medium,653,0
3461,박선우,M,45,Bronze,경기,2023-12-19,Low,520,1
3462,강우진,F,24,Bronze,대전,2020-03-09,Medium,554,0
3463,조수빈,M,32,Gold,전라,2022-04-02,High,865,0
3464,강지호,M,49,Silver,부산,2020-09-09,Low,604,0
3465,정지우,F,35,Bronze,전라,2023-11-05,Medium,632,1
3466,임지호,F,55,VIP,세종,2020-01-06,Medium,744,0
3467,김선우,F,51,Bronze,경기,2022-01-21,Medium,537,0
3468,김다은,F,23,Silver,부산,2022-05-19,Low,557,0
3469,오주원,F,48,Bronze,전라,2021-08-24,Medium,577,1
3470,김진우,M,23,Bronze,서울,2024-07-27,Medium,508,0
3471,강민준,M,20,Silver,인천,2021-12-13,Medium,588,0
3472,한수아,M,22,Gold,전라,2020-12-18,Medium,670,0
3473,강은서,F,37,Bronze,전라,2023-11-19,Low,557,1
3474,임채원,F,58,Bronze,세종,2024-03-12,Medium,542,0
3475,박지유,M,44,Bronze,전라,2023-06-14,Low,532,1
3476,이예준,F,27,Silver,경상,2021-03-08,Medium,697,1
3477,신지유,M,32,Gold,제주,2023-06-08,Medium,757,0
3478,조진우,F,44,Silver,경상,2023-10-16,Low,553,0
3479,김선우,F,41,Silver,경기,2024-07-13,Low,586,0
3480,장지아,F,53,Silver,대구,2021-07-12,Medium,720,1
3481,김우진,F,52,Silver,대구,2024-02-13,High,696,0
3482,임은서,F,33,Gold,광주,2024-04-15,High,784,0
3483,윤진우,M,26,Bronze,경기,2023-11-17,Low,550,0
3484,권지호,F,46,Bronze,강원,2023-06-02,Low,509,0
3485,강은서,M,30,Gold,광주,2024-08-20,Medium,753,0
3486,한주원,M,61,Silver,강원,2020-01-18,Low,619,1
3487,박지우,F,36,Gold,충청,2022-10-11,Medium,759,0
3488,장서윤,F,55,Bronze,경상,2023-06-02,Medium,621,1
3489,신지아,F,63,Silver,경상,2023-01-10,Medium,638,0
3490,최주원,M,50,Bronze,대구,2023-10-29,Low,538,0
3491,박지호,F,47,Gold,인천,2022-10-19,High,815,0
3492,임서윤,F,48,Bronze,대전,2023-06-23,Low,544,0
3493,임주원,F,50,Silver,대구,2021-11-05,Medium,715,0
3494,최시우,M,27,Bronze,인천,2024-01-18,Low,464,0
3495,최채원,M,64,Silver,충청,2022-06-09,High,633,1
3496,오진우,M,36,Silver,부산,2022-11-22,Medium,681,0
3497,권시우,F,38,Silver,부산,2022-05-14,Low,585,0
3498,이지유,F,55,Bronze,인천,2023-12-15,Medium,559,0
3499,권서연,F,21,Bronze,광주,2023-06-10,Medium,574,1
3500,조서연,M,65,Gold,전라,2021-09-05,High,736,0
3501,권주원,M,61,Bronze,세종,2020-05-18,Low,494,0
3502,권지유,F,32,Bronze,제주,2024-07-09,Medium,552,0
3503,최수빈,M,51,Silver,인천,2023-02-15,Low,535,0
3504,조지호,F,64,Bronze,광주,2023-06-29,Low,492,1
3505,조예준,M,42,Silver,경상,2024-09-02,Medium,655,0
3506,장선우,M,41,Gold,인천,2023-09-19,Medium,733,0
3507,조진우,M,40,Bronze,충청,2021-07-12,Medium,643,0
3508,박수빈,M,64,Bronze,대구,2022-07-08,Low,484,1
3509,김수아,M,62,Gold,전라,2020-12-09,Medium,632,0
3510,신서윤,M,67,Gold,서울,2021-03-01,Low,599,0
3511,장채원,F,28,Bronze,경상,2022-09-11,Low,573,0
3512,신도윤,M,50,Gold,세종,2024-02-22,High,857,0
3513,최지우,M,52,Bronze,세종,2022-07-08,Low,555,1
3514,오민준,F,31,Bronze,부산,2024-08-14,Medium,532,0
3515,강지유,F,35,Silver,대전,2020-12-21,High,668,0
3516,윤다은,M,23,Silver,부산,2021-11-26,Medium,545,0
3517,윤우진,M,28,Bronze,부산,2024-03-06,Low,521,1
3518,황주원,M,39,Bronze,제주,2021-06-05,High,623,0
3519,박도윤,F,41,Silver,대전,2022-12-03,Medium,680,0
3520,신주원,F,61,VIP,경기,2020-07-31,High,771,0
3521,장지호,F,57,Silver,제주,2024-11-04,Medium,670,0
3522,권도윤,F,58,VIP,대구,2022-11-20,High,797,0
3523,오채원,F,67,Gold,인천,2023-12-28,High,789,0
3524,장은서,F,42,Silver,경상,2022-06-15,High,630,0
3525,조서윤,M,63,Bronze,광주,2023-04-08,Low,495,1
3526,정서연,F,46,VIP,강원,2023-05-02,High,825,0
3527,박서연,M,35,Silver,서울,2023-11-21,High,706,0
3528,신예준,M,54,Gold,광주,2022-05-18,Medium,688,0
3529,황수빈,M,22,Silver,서울,2020-08-27,Medium,618,0
3530,최도윤,F,49,VIP,전라,2023-09-05,High,898,0
3531,신주원,M,40,Bronze,광주,2023-05-30,Medium,562,0
3532,한지아,F,51,Silver,광주,2023-06-06,Medium,634,0
3533,김도윤,F,61,Gold,전라,2022-03-03,High,755,0
3534,장지유,F,24,Silver,충청,2021-12-07,Low,533,0
3535,박지유,M,23,Bronze,전라,2024-05-03,Low,503,0
3536,조도윤,M,24,Bronze,경상,2021-01-13,High,586,0
3537,강다은,F,65,Silver,인천,2020-05-02,Low,620,0
3538,한예준,F,49,Gold,강원,2024-02-05,Medium,753,0
3539,김우진,F,63,Bronze,인천,2024-01-21,Low,524,1
3540,정민준,M,57,Gold,제주,2022-06-12,High,696,0
3541,신민준,F,25,Gold,경상,2020-06-30,Medium,740,0
3542,박지유,F,56,Silver,충청,2020-05-05,Low,557,0
3543,권다은,F,25,Gold,전라,2021-04-29,Low,631,0
3544,황은서,M,27,Gold,대구,2024-02-26,Low,686,0
3545,정선우,F,50,Gold,부산,2023-05-15,Medium,691,0
3546,조수빈,F,25,Gold,부산,2021-08-17,Medium,667,0
3547,이지우,M,69,Gold,경기,2024-12-13,Medium,684,0
3548,이지아,F,55,VIP,충청,2022-12-12,Low,761,0
3549,장선우,M,57,Silver,대전,2021-09-10,Low,590,0
3550,한진우,M,52,Gold,전라,2021-03-20,High,801,0
3551,장우진,M,48,Bronze,부산,2024-04-06,Medium,621,1
3552,정지호,F,25,VIP,전라,2021-03-21,High,799,0
3553,이은서,M,52,Bronze,세종,2021-08-18,High,648,0
3554,최서윤,M,68,Bronze,부산,2021-07-11,Low,470,1
3555,강채원,M,51,Gold,강원,2022-08-30,Medium,692,0
3556,강지우,F,65,Bronze,세종,2020-11-07,Medium,601,0
3557,신우진,M,45,VIP,부산,2023-09-18,High,814,0
3558,권서연,F,69,Bronze,제주,2022-06-19,Low,429,0
3559,최진우,F,69,Gold,대전,2022-03-28,Low,656,0
3560,조은서,F,45,Bronze,부산,2024-10-29,Low,540,0
3561,최우진,F,23,VIP,경기,2024-02-29,High,794,0
3562,윤지호,F,61,VIP,대전,2021-02-09,High,829,0
3563,최민준,F,41,Bronze,제주,2022-10-02,Medium,631,0
3564,최은서,M,35,Silver,충청,2024-02-08,High,681,0
3565,박지우,F,54,Bronze,인천,2023-11-05,Medium,657,0
3566,권하은,M,59,Bronze,충청,2022-05-11,Low,487,0
3567,황지아,M,69,Bronze,대전,2022-10-12,Low,522,0
3568,조진우,M,29,Bronze,강원,2020-02-04,High,592,0
3569,조시우,F,43,Silver,대전,2022-05-12,Low,598,0
3570,오시우,M,45,Gold,제주,2020-06-29,High,826,0
3571,이주원,F,42,Bronze,충청,2022-06-24,Low,565,0
3572,김선우,M,27,Bronze,대구,2021-06-02,Low,517,0
3573,박수빈,M,65,Silver,부산,2023-12-10,Medium,647,0
3574,이지아,F,21,Bronze,대전,2020-06-04,High,607,0
3575,조민준,F,41,Silver,전라,2021-07-06,Medium,646,0
3576,장수아,F,52,Bronze,제주,2024-09-27,Low,559,0
3577,이시우,M,32,Silver,제주,2023-10-17,Medium,627,0
3578,임지유,F,47,VIP,부산,2020-01-15,Medium,775,0
3579,조지우,M,51,Bronze,부산,2022-12-06,Medium,520,0
3580,오하은,F,67,Bronze,부산,2022-03-10,Low,434,1
3581,강서연,F,63,Bronze,서울,2024-06-05,Low,506,0
3582,이채원,F,22,Silver,경기,2021-01-22,Medium,679,0
3583,정민준,M,37,Bronze,전라,2021-05-30,Low,559,0
3584,윤서연,M,64,Silver,제주,2022-09-24,Low,641,0
3585,한진우,F,65,Gold,제주,2021-01-06,Medium,659,0
3586,조진우,F,38,Gold,경기,2024-02-28,Medium,760,0
3587,오지유,F,28,Silver,인천,2022-10-22,High,731,0
3588,황지호,F,33,Silver,세종,2023-04-02,Medium,643,0
3589,신도윤,M,34,Silver,경기,2024-07-29,Medium,646,0
3590,정선우,F,65,Gold,전라,2024-10-11,High,757,0
3591,김주원,M,28,Bronze,충청,2021-08-04,Low,488,1
3592,오수아,M,37,Bronze,제주,2023-03-05,Medium,629,0
3593,오지아,M,60,Bronze,전라,2024-10-02,Low,511,0
3594,신수빈,M,60,Gold,인천,2023-10-13,Medium,773,0
3595,강예준,F,56,Bronze,경기,2023-09-12,Medium,606,0
3596,정주원,F,26,Bronze,광주,2022-11-26,Low,489,0
3597,오지호,F,22,Bronze,강원,2024-06-06,Low,537,1
3598,오진우,M,27,Bronze,경기,2020-06-04,Medium,598,0
3599,정예준,M,26,Bronze,강원,2021-05-08,High,586,0
3600,오지아,F,33,Bronze,제주,2023-10-05,Low,492,0
3601,한도윤,M,35,Silver,경상,2023-10-02,Medium,649,0
3602,윤주원,M,23,Silver,강원,2024-12-22,High,717,0
3603,최서윤,F,26,Gold,제주,2023-08-23,Medium,700,0
3604,신서윤,F,50,Silver,충청,2020-05-03,Medium,661,0
3605,조민준,M,54,Silver,경상,2024-09-23,Medium,740,0
3606,강주원,M,46,Silver,제주,2024-08-17,Medium,661,0
3607,이민준,M,32,Bronze,경상,2022-08-25,High,622,0
3608,윤서연,M,51,Silver,서울,2022-12-16,Medium,611,0
3609,조채원,M,30,VIP,제주,2024-09-17,Medium,765,0
3610,장수아,F,52,Silver,인천,2023-10-09,Medium,614,0
3611,오지아,F,46,Bronze,인천,2023-06-14,Medium,637,0
3612,권시우,F,45,Silver,인천,2022-05-24,Medium,681,0
3613,정지호,M,52,Gold,충청,2021-07-09,Medium,732,0
3614,김우진,F,41,Bronze,제주,2020-11-01,High,643,0
3615,박예준,M,23,Gold,경상,2022-03-07,Medium,710,0
3616,강주원,M,35,VIP,경상,2024-04-03,High,834,0
3617,신시우,M,66,Silver,광주,2020-06-26,Medium,578,0
3618,조다은,F,27,Gold,경상,2023-02-16,High,808,0
3619,임진우,M,23,Bronze,광주,2024-09-17,Low,495,0
3620,임우진,M,28,Silver,부산,2021-03-20,Low,642,0
3621,장지유,F,30,Bronze,제주,2022-11-30,Medium,614,0
3622,최다은,M,31,Silver,충청,2021-03-01,High,744,0
3623,최다은,M,20,Silver,충청,2021-10-01,High,684,1
3624,오주원,M,37,Gold,부산,2024-12-21,Medium,825,0
3625,한수빈,M,54,Silver,대전,2023-07-23,Low,637,0
3626,장민준,F,49,Gold,경기,2023-04-28,Medium,753,0
3627,한지유,M,50,Bronze,충청,2023-09-11,Medium,704,0
3628,정지유,F,39,Silver,경상,2020-10-22,High,726,0
3629,오수빈,M,49,Bronze,인천,2022-06-10,Medium,566,0
3630,윤우진,F,53,Silver,충청,2021-02-22,Medium,721,0
3631,장수빈,M,60,Bronze,서울,2021-03-28,Low,468,0
3632,한선우,M,63,Gold,경상,2022-02-01,High,724,0
3633,임선우,F,68,Silver,전라,2022-05-11,Low,570,0
3634,오민준,M,41,VIP,대전,2022-06-08,Medium,738,0
3635,장예준,M,45,Bronze,부산,2021-09-01,Low,455,0
3636,임수빈,F,35,Gold,충청,2022-01-03,Medium,749,0
3637,오민준,M,53,Silver,대구,2020-10-27,Low,588,0
3638,임예준,M,63,Silver,부산,2023-03-19,Medium,655,0
3639,임은서,F,59,Silver,충청,2021-08-14,High,655,0
3640,정채원,F,47,Bronze,전라,2022-01-23,Medium,582,0
3641,장다은,M,22,Gold,경상,2024-10-11,High,695,0
3642,최예준,F,34,Bronze,인천,2021-12-19,Low,454,0
3643,윤우진,M,30,Bronze,부산,2021-08-06,Low,460,0
3644,이채원,F,20,Bronze,충청,2020-09-10,High,605,1
3645,장선우,F,45,Bronze,경상,2020-02-16,Low,555,1
3646,정지아,F,69,Bronze,충청,2023-07-10,Low,556,0
3647,장지유,F,60,Bronze,경기,2022-09-18,Low,529,0
3648,김은서,M,51,Gold,대전,2021-08-22,Low,607,0
3649,한지유,M,20,Silver,제주,2022-10-02,Low,541,0
3650,권지아,F,51,Bronze,경상,2021-04-23,Low,494,0
3651,황서연,F,28,Silver,충청,2020-03-02,Medium,611,0
3652,장우진,F,54,Bronze,대구,2024-02-24,Medium,618,1
3653,장수빈,M,48,Silver,대구,2021-12-27,High,735,0
3654,장서연,F,30,Bronze,서울,2020-11-02,Medium,526,0
3655,임진우,F,37,Silver,충청,2023-08-03,High,745,0
3656,강시우,F,58,Silver,경기,2021-01-17,Low,565,0
3657,조서연,M,52,Silver,서울,2022-12-03,Medium,685,0
3658,정예준,F,20,Bronze,충청,2024-07-01,High,667,0
3659,정주원,F,49,Silver,충청,2020-09-07,Medium,695,0
3660,이도윤,M,68,Gold,충청,2024-07-29,Medium,651,0
3661,강수빈,F,65,Silver,경상,2020-05-23,Medium,619,0
3662,정하은,F,53,Bronze,부산,2021-03-19,Medium,588,0
3663,조예준,M,26,Bronze,강원,2021-10-04,Medium,649,0
3664,강다은,M,53,VIP,서울,2020-05-20,High,855,0
3665,강주원,M,54,Gold,광주,2023-02-18,High,784,0
3666,정은서,M,32,Bronze,전라,2024-05-25,Low,451,1
3667,강도윤,M,56,Gold,경상,2024-07-18,Medium,736,0
3668,이선우,F,62,Silver,세종,2020-01-16,Medium,594,0
3669,임지우,M,65,Gold,강원,2024-01-05,Low,689,1
3670,황하은,F,25,Gold,충청,2021-03-26,High,661,0
3671,신우진,F,56,Silver,인천,2020-03-27,Medium,704,0
3672,한서연,M,50,Bronze,경기,2022-08-22,Low,510,0
3673,강예준,M,65,Silver,강원,2020-01-15,Medium,658,0
3674,박채원,M,66,VIP,부산,2020-05-01,Low,727,0
3675,권지유,M,47,Silver,전라,2020-07-10,High,746,0
3676,이수빈,M,27,Bronze,인천,2024-11-03,Low,538,0
3677,최은서,M,32,Gold,광주,2022-01-01,Medium,708,0
3678,황지우,M,47,Bronze,부산,2020-08-23,Low,466,0
3679,강은서,F,55,Bronze,강원,2023-12-06,Low,545,1
3680,임예준,M,56,Bronze,강원,2020-04-09,Low,494,0
3681,강서윤,M,24,Gold,서울,2024-09-21,High,687,0
3682,정하은,M,36,Silver,제주,2024-07-11,Medium,687,1
3683,장지호,F,26,Silver,제주,2024-05-05,Medium,643,0
3684,정진우,F,21,Bronze,서울,2023-04-24,Low,521,0
3685,강선우,M,46,Bronze,경상,2022-07-24,Medium,551,1
3686,임수빈,F,56,Bronze,세종,2021-06-12,Medium,602,0
3687,이지아,M,62,Bronze,서울,2021-08-17,Low,434,0
3688,황채원,M,40,Bronze,전라,2024-04-07,Low,557,1
3689,조예준,M,58,Bronze,부산,2020-04-01,High,716,0
3690,장예준,M,50,Bronze,전라,2023-12-29,Medium,555,0
3691,임민준,M,63,Silver,충청,2024-07-09,Medium,624,0
3692,박수빈,F,47,VIP,부산,2021-09-23,High,868,0
3693,신예준,F,50,Bronze,경기,2022-03-21,Medium,620,0
3694,한지아,M,30,Gold,광주,2024-08-10,Low,689,0
3695,최지호,M,40,Gold,인천,2021-02-19,High,749,0
3696,김선우,F,67,Bronze,충청,2021-09-24,Low,535,0
3697,윤서윤,M,43,Bronze,서울,2021-11-26,Low,572,0
3698,최도윤,M,69,Gold,경상,2020-08-31,Medium,681,0
3699,조민준,F,59,Bronze,충청,2021-04-15,Medium,583,0
3700,오하은,M,58,Gold,인천,2024-12-03,Medium,728,0
3701,황수아,M,37,Bronze,전라,2024-06-23,High,692,0
3702,신다은,M,36,Bronze,제주,2024-10-23,Medium,539,0
3703,윤다은,M,64,Bronze,서울,2024-03-28,Medium,607,0
3704,최지호,M,51,Bronze,충청,2024-11-07,Low,516,0
3705,이선우,M,61,VIP,서울,2024-07-04,High,771,0
3706,조지유,F,53,Bronze,제주,2024-07-07,Medium,648,0
3707,강지유,F,48,Bronze,제주,2024-11-18,Medium,614,0
3708,장선우,M,32,Bronze,세종,2024-08-14,Low,529,1
3709,정서윤,M,60,Silver,광주,2020-08-27,High,642,0
3710,박수빈,M,41,VIP,부산,2021-05-30,High,865,0
3711,오선우,M,52,Bronze,인천,2020-01-15,Low,492,0
3712,조서연,M,54,Silver,세종,2021-09-04,Medium,681,0
3713,장주원,M,66,Bronze,서울,2023-07-05,Low,495,0
3714,오예준,F,58,Gold,광주,2024-05-10,Medium,768,0
3715,박하은,M,50,Bronze,경상,2020-06-17,Medium,622,0
3716,이민준,F,25,Silver,대구,2021-12-29,High,682,0
3717,임예준,F,42,Bronze,대구,2021-07-09,Low,547,0
3718,윤하은,M,63,Bronze,부산,2021-04-10,Low,562,0
3719,신진우,F,30,Bronze,충청,2022-08-15,High,632,0
3720,한지아,M,38,Silver,충청,2022-10-13,Medium,666,0
3721,오지유,F,60,Gold,강원,2022-12-08,Medium,733,0
3722,오지우,M,43,Silver,인천,2022-10-19,Medium,626,0
3723,조수아,M,51,Bronze,충청,2024-11-11,High,669,1
3724,박수아,F,36,Silver,세종,2020-01-29,Medium,651,0
3725,이지아,M,45,Silver,대구,2022-07-30,Medium,684,0
3726,최예준,F,46,Bronze,제주,2021-12-24,Medium,571,1
3727,윤예준,M,30,Bronze,강원,2024-10-11,Medium,586,0
3728,장지우,M,57,Bronze,부산,2024-10-24,Low,491,1
3729,장서윤,F,55,Bronze,제주,2022-06-20,Medium,589,0
3730,최민준,F,66,Bronze,전라,2023-04-15,Low,550,0
3731,박서연,F,45,Bronze,대전,2020-03-07,Low,419,1
3732,최시우,F,33,Bronze,강원,2024-07-19,Low,478,0
3733,장지호,M,53,Bronze,제주,2022-06-05,Medium,612,1
3734,권예준,M,49,Silver,경기,2022-08-28,Low,630,1
3735,장수아,F,36,Bronze,강원,2020-07-13,High,614,0
3736,강수빈,F,56,Bronze,인천,2020-05-30,Low,529,0
3737,신우진,M,33,Bronze,대전,2021-01-31,Low,468,1
3738,조주원,F,53,Silver,세종,2022-01-19,Medium,697,0
3739,장채원,M,33,Bronze,대구,2020-07-01,Low,525,0
3740,신수빈,M,55,Bronze,제주,2021-09-01,Medium,594,0
3741,권지우,M,32,Bronze,서울,2023-10-23,Low,521,0
3742,김하은,M,25,Gold,경기,2021-11-15,High,743,0
3743,정지아,M,67,Gold,대구,2022-10-19,Medium,681,0
3744,김지호,M,66,Silver,대전,2020-07-18,Low,518,0
3745,권시우,F,65,Bronze,대구,2024-09-14,Low,497,0
3746,강다은,M,53,Bronze,서울,2022-02-20,Low,483,0
3747,조주원,M,44,Silver,서울,2023-04-11,Medium,717,0
3748,윤서윤,F,39,Gold,인천,2020-04-27,High,833,0
3749,임진우,F,30,Bronze,광주,2023-06-24,Low,571,0
3750,강주원,M,30,Bronze,세종,2022-08-14,High,666,1
3751,강지아,M,49,Bronze,부산,2023-07-04,Low,525,1
3752,임채원,F,46,Silver,경상,2023-01-02,Low,527,0
3753,조지호,M,68,Silver,전라,2023-05-23,Medium,654,0
3754,윤진우,F,33,Bronze,부산,2024-10-17,Medium,553,1
3755,윤서연,M,44,Gold,세종,2022-03-21,Medium,689,0
3756,강은서,F,36,Bronze,강원,2022-06-29,Low,465,1
3757,임시우,F,48,Bronze,광주,2021-12-25,Low,545,0
3758,황시우,F,61,VIP,전라,2020-09-22,High,802,0
3759,최주원,F,30,Bronze,서울,2023-02-19,Low,481,0
3760,강수아,F,41,Bronze,부산,2022-06-22,Low,475,1
3761,장서연,F,53,VIP,부산,2022-12-25,High,850,0
3762,최서윤,M,35,Silver,대전,2021-09-12,Low,566,0
3763,오시우,M,50,Gold,부산,2020-04-23,Low,687,1
3764,황예준,M,31,Bronze,경상,2021-06-11,Low,497,0
3765,김지우,F,43,Silver,강원,2022-07-14,Medium,640,0
3766,조주원,F,61,Silver,경상,2024-06-03,Low,591,0
3767,조서연,M,33,Bronze,인천,2022-09-21,Medium,581,0
3768,강은서,M,23,Bronze,제주,2023-03-24,Medium,485,0
3769,김지호,M,31,Bronze,대전,2020-04-01,Low,450,0
3770,이예준,F,53,Silver,세종,2022-09-01,Medium,652,0
3771,장우진,M,21,Silver,대구,2021-05-30,Medium,575,0
3772,오다은,M,41,VIP,제주,2021-12-05,High,926,0
3773,한서윤,F,22,Gold,세종,2020-02-29,Medium,708,0
3774,윤서연,F,25,Bronze,경상,2023-01-14,Low,475,1
3775,박은서,M,35,Bronze,대전,2020-07-13,Low,516,0
3776,정지유,F,63,Gold,경상,2021-02-28,Low,641,0
3777,조선우,F,20,Silver,경상,2022-10-31,Low,602,0
3778,한예준,F,27,Bronze,대전,2021-07-01,High,623,1
3779,윤선우,M,68,Silver,전라,2021-09-09,Medium,604,0
3780,김수아,F,53,Bronze,광주,2022-08-05,Medium,547,0
3781,강지아,M,38,Bronze,충청,2020-09-21,Low,479,1
3782,권주원,M,62,Bronze,제주,2021-06-08,Medium,565,0
3783,조다은,F,67,Bronze,대구,2021-06-18,Low,518,0
3784,황도윤,M,21,Gold,인천,2023-07-05,High,697,0
3785,강채원,M,65,Bronze,인천,2022-05-16,Low,484,0
3786,최서연,M,58,Bronze,전라,2023-06-28,Medium,549,1
3787,김은서,M,35,Silver,대전,2021-12-23,Medium,694,0
3788,한진우,M,42,Silver,제주,2024-09-19,High,715,0
3789,윤우진,M,21,Gold,전라,2023-06-01,High,821,0
3790,김지아,M,32,Gold,강원,2020-10-13,Medium,770,0
3791,오예준,M,23,Silver,경기,2024-05-20,Medium,529,1
3792,강지아,F,65,Silver,강원,2022-01-05,Medium,574,0
3793,임주원,M,57,Bronze,경상,2020-11-03,Medium,558,0
3794,장하은,F,25,Silver,세종,2020-10-24,Low,524,0
3795,장지우,F,37,Bronze,충청,2021-12-28,Low,564,0
3796,강주원,F,69,Silver,강원,2023-09-16,Low,571,0
3797,강진우,M,35,Gold,강원,2020-09-10,Medium,724,0
3798,권지아,F,67,Silver,대전,2020-07-30,Medium,532,0
3799,권지아,F,57,Bronze,경상,2024-09-27,Medium,621,0
3800,정채원,F,22,Gold,광주,2020-02-24,Medium,689,0
3801,임지유,F,42,Bronze,제주,2024-05-03,Low,510,0
3802,권서연,M,62,Gold,세종,2024-05-08,High,786,0
3803,권주원,F,51,Silver,충청,2024-11-24,High,701,0
3804,장주원,M,38,Bronze,제주,2024-07-19,Medium,656,0
3805,임서연,M,51,Gold,대구,2024-11-25,High,709,0
3806,정진우,F,49,Bronze,경상,2024-09-27,Low,621,0
3807,박우진,F,46,Bronze,세종,2020-08-28,Medium,576,0
3808,황서윤,F,47,Silver,충청,2024-02-12,Low,626,0
3809,이지우,M,51,Gold,세종,2022-03-24,High,817,0
3810,이우진,F,26,Silver,전라,2024-08-04,High,600,0
3811,강도윤,M,38,Silver,충청,2021-11-19,Low,577,0
3812,이채원,M,33,Silver,전라,2022-09-17,Medium,672,0
3813,조채원,M,55,Bronze,충청,2021-12-30,Low,512,0
3814,김선우,F,68,Bronze,대구,2021-02-15,High,658,1
3815,황도윤,F,55,Silver,인천,2020-07-10,Medium,618,0
3816,장예준,M,69,Bronze,전라,2021-05-11,Low,454,0
3817,조서연,F,61,Bronze,경기,2020-03-09,Medium,582,0
3818,이하은,F,33,Gold,인천,2022-04-11,High,710,0
3819,오우진,M,65,Gold,충청,2022-06-06,High,708,1
3820,한수아,F,53,Gold,전라,2020-05-08,Medium,721,0
3821,장지아,F,48,Silver,제주,2024-03-28,Medium,626,0
3822,정지우,M,54,Gold,강원,2023-12-03,High,796,0
3823,오예준,F,38,Silver,인천,2024-01-30,Low,577,0
3824,한수빈,M,69,Bronze,인천,2024-04-08,Low,552,0
3825,조수아,F,58,Bronze,광주,2022-11-27,High,604,0
3826,정시우,M,39,Silver,세종,2023-09-21,High,672,0
3827,정예준,M,56,Bronze,광주,2021-05-25,High,586,0
3828,한지우,M,59,Silver,인천,2023-07-07,Medium,704,0
3829,신민준,F,37,Bronze,충청,2022-03-06,Medium,559,1
3830,황하은,M,28,Silver,제주,2020-10-25,Medium,576,0
3831,한지우,F,44,Silver,인천,2021-01-15,Low,609,0
3832,장시우,M,44,Bronze,경기,2021-02-21,Low,562,0
3833,정선우,F,51,Silver,서울,2021-06-27,Low,586,0
3834,황도윤,F,62,Silver,전라,2024-06-07,Low,614,0
3835,윤선우,F,55,Bronze,서울,2024-12-20,Medium,654,0
3836,한다은,F,36,Bronze,충청,2021-06-24,Medium,621,0
3837,최서윤,F,22,Silver,경기,2021-06-06,Low,499,0
3838,박서연,M,38,Gold,전라,2022-11-10,Medium,800,0
3839,오하은,F,28,Gold,광주,2020-06-18,Medium,798,0
3840,한민준,F,46,Silver,경기,2021-04-27,Medium,723,0
3841,장도윤,M,54,Gold,대구,2021-01-19,Low,706,0
3842,황다은,F,46,Bronze,부산,2021-01-16,Low,480,0
3843,오서연,F,28,Gold,강원,2020-07-15,High,869,0
3844,임지호,F,22,VIP,인천,2020-09-16,High,828,0
3845,강주원,F,57,Bronze,대전,2022-01-11,Low,586,0
3846,오서윤,F,59,Bronze,경기,2020-08-19,Low,520,1
3847,황선우,M,22,Silver,서울,2023-07-09,Medium,602,0
3848,최서연,F,24,VIP,제주,2020-11-09,Medium,684,0
3849,이예준,F,38,Silver,부산,2024-08-12,Medium,656,0
3850,박서연,F,35,Gold,인천,2022-06-27,High,827,0
3851,박채원,F,46,Silver,서울,2020-12-25,Medium,594,0
3852,강선우,M,46,Bronze,대구,2022-07-18,Medium,645,0
3853,조주원,M,23,Bronze,대전,2023-07-12,Low,479,0
3854,이민준,M,42,Bronze,전라,2022-06-13,Low,512,1
3855,임민준,F,49,Bronze,제주,2020-05-25,Low,577,0
3856,윤은서,M,31,Bronze,광주,2024-06-25,Low,534,0
3857,최수아,M,60,Bronze,대구,2022-12-20,Medium,539,1
3858,권채원,F,50,Bronze,세종,2023-04-06,Medium,577,1
3859,이선우,M,22,Gold,인천,2022-03-21,Medium,638,0
3860,황도윤,M,56,VIP,경상,2020-03-11,High,855,0
3861,한지호,F,65,Silver,강원,2020-03-08,Low,594,0
3862,조지유,M,34,Bronze,부산,2024-04-13,Medium,601,0
3863,오지유,F,32,Silver,서울,2020-01-06,Medium,608,0
3864,정수아,F,48,VIP,전라,2020-10-27,High,846,0
3865,권시우,F,23,Gold,인천,2021-11-29,Medium,697,0
3866,권수아,M,60,Bronze,경상,2022-08-21,High,602,0
3867,권수빈,F,44,Silver,세종,2022-02-14,Medium,638,0
3868,오수아,M,21,Bronze,경기,2020-04-27,Low,506,0
3869,황진우,M,69,Silver,제주,2023-01-27,High,656,0
3870,황예준,F,61,Silver,강원,2023-05-18,Low,564,0
3871,정서연,F,42,Bronze,제주,2023-07-13,Medium,632,1
3872,오도윤,M,43,Silver,전라,2022-10-15,Low,603,0
3873,권지유,M,56,Silver,인천,2024-11-15,High,633,0
3874,한서윤,F,27,Silver,인천,2022-04-21,High,676,0
3875,황예준,M,27,Silver,강원,2024-10-28,Low,579,0
3876,신수아,F,20,Silver,경기,2023-04-22,Medium,600,0
3877,권수빈,M,61,Silver,서울,2024-11-21,High,730,0
3878,장민준,F,62,Bronze,강원,2022-08-03,Low,556,0
3879,윤서연,M,37,Bronze,세종,2020-10-01,Low,452,1
3880,임도윤,F,61,Bronze,경상,2023-05-13,Low,506,1
3881,김다은,F,32,Bronze,충청,2022-01-11,Medium,588,0
3882,권서윤,M,22,Silver,경기,2021-02-23,Medium,551,0
3883,황진우,F,38,Bronze,제주,2023-10-04,Low,527,0
3884,조주원,F,66,Silver,전라,2022-08-26,High,670,0
3885,장지우,M,51,Bronze,대구,2022-11-09,Medium,641,0
3886,강은서,F,61,Silver,부산,2023-01-04,Medium,634,0
3887,임진우,F,68,Gold,광주,2020-10-23,Medium,710,0
3888,조시우,F,60,Silver,인천,2022-02-20,Low,533,1
3889,이진우,F,57,Silver,부산,2022-01-26,Medium,694,0
3890,장다은,M,22,Silver,대전,2022-12-22,High,673,0
3891,오다은,F,34,Gold,광주,2020-12-30,Medium,720,0
3892,신수빈,F,36,Silver,경기,2020-08-20,High,734,0
3893,임진우,M,38,Bronze,경기,2022-07-14,Medium,665,0
3894,최지호,F,61,Silver,대전,2021-11-18,Low,568,1
3895,최진우,F,63,Bronze,세종,2022-02-03,Low,501,0
3896,윤다은,F,69,Bronze,경기,2022-07-28,Medium,529,1
3897,박지아,M,39,Bronze,부산,2021-12-17,Medium,609,0
3898,윤지유,M,57,Gold,세종,2020-11-19,High,752,0
3899,김우진,F,57,Bronze,광주,2022-07-12,Low,535,0
3900,최우진,M,46,Silver,제주,2022-08-01,Low,603,0
3901,장도윤,F,21,Silver,제주,2021-07-11,Medium,660,0
3902,신하은,M,65,Gold,대구,2020-10-25,Low,593,0
3903,임다은,F,59,Gold,대구,2024-09-19,Medium,785,0
3904,장지호,F,59,Bronze,충청,2023-08-06,Medium,636,0
3905,신진우,M,43,Silver,광주,2021-03-06,Medium,689,0
3906,이도윤,F,22,Bronze,대구,2022-07-27,Medium,459,1
3907,이채원,F,63,Gold,인천,2021-09-10,Medium,692,0
3908,박민준,M,27,Bronze,광주,2023-12-23,Medium,600,0
3909,오서윤,M,62,Gold,대구,2020-01-09,Medium,752,0
3910,정수아,F,44,Silver,서울,2024-06-29,Medium,613,0
3911,황시우,F,63,VIP,전라,2020-04-13,High,838,0
3912,권지호,M,48,Silver,제주,2022-01-02,High,685,0
3913,박지호,F,60,Bronze,경기,2024-02-24,Medium,590,0
3914,윤도윤,F,24,Silver,서울,2023-05-28,Medium,597,0
3915,권지호,F,37,Gold,부산,2023-10-12,High,734,1
3916,장도윤,M,41,Bronze,경상,2024-04-03,Low,575,0
3917,윤은서,M,62,Silver,세종,2023-01-28,High,723,0
3918,정진우,M,30,Gold,충청,2024-11-01,High,773,0
3919,한지아,M,56,Silver,충청,2021-07-07,Medium,631,0
3920,최선우,F,64,Bronze,충청,2023-04-05,Medium,601,1
3921,권서윤,F,40,Gold,경기,2024-08-24,High,780,0
3922,김지우,M,59,Bronze,전라,2021-09-11,Low,491,0
3923,장선우,F,45,Silver,대구,2023-01-18,High,671,0
3924,임하은,M,62,Silver,전라,2021-10-31,Low,568,0
3925,황채원,F,37,Bronze,충청,2020-09-10,Low,560,1
3926,이수빈,M,26,Gold,서울,2022-11-25,High,754,0
3927,이지유,F,54,Bronze,부산,2021-08-16,Medium,594,1
3928,박지우,F,45,Gold,대전,2022-09-03,Medium,798,0
3929,신서윤,M,28,Silver,제주,2024-12-09,Medium,642,0
3930,권주원,F,44,VIP,제주,2020-10-02,High,896,0
3931,한진우,F,60,Bronze,대전,2023-12-21,Medium,557,0
3932,황다은,F,28,Gold,세종,2023-08-24,High,762,0
3933,권서연,M,35,Bronze,경상,2020-03-14,Low,524,0
3934,권은서,F,29,Silver,세종,2024-07-05,Low,591,0
3935,박채원,F,38,Bronze,대전,2024-03-05,Low,588,1
3936,박다은,F,68,Bronze,제주,2023-12-24,Low,476,0
3937,강서윤,M,55,Bronze,제주,2023-02-03,Medium,642,0
3938,한우진,M,69,Bronze,강원,2023-08-26,Medium,517,1
3939,황서연,F,31,Bronze,부산,2021-12-22,Low,454,1
3940,임은서,F,57,Gold,경기,2024-01-25,Medium,725,0
3941,박지호,M,40,Gold,경상,2022-08-15,Medium,693,0
3942,한민준,F,50,Silver,경상,2023-02-17,Medium,725,0
3943,정진우,F,62,Silver,충청,2024-06-10,Low,591,0
3944,조채원,M,69,Gold,강원,2020-01-24,Medium,714,0
3945,강지호,F,55,Silver,광주,2021-07-23,Low,625,0
3946,이우진,M,65,VIP,광주,2023-06-08,High,832,0
3947,임채원,M,62,Bronze,경기,2024-03-11,Low,517,0
3948,정도윤,M,63,Gold,제주,2022-05-28,High,755,0
3949,오은서,M,41,Bronze,대구,2020-05-12,Low,444,1
3950,최시우,M,46,Bronze,세종,2024-09-23,Low,536,0
3951,권서연,M,63,Gold,전라,2024-08-17,Medium,720,0
3952,신선우,M,42,Bronze,대구,2023-10-13,Medium,607,0
3953,오도윤,M,27,Gold,인천,2022-06-22,Medium,749,0
3954,윤우진,M,25,Silver,부산,2021-05-03,Low,566,1
3955,김수빈,F,30,Bronze,서울,2024-07-30,Medium,577,0
3956,정민준,M,35,Bronze,강원,2020-07-14,Low,465,1
3957,오채원,F,55,Bronze,경상,2020-07-08,Low,553,0
3958,정지호,F,21,Silver,세종,2020-04-03,High,649,0
3959,조지호,F,60,Silver,강원,2022-07-01,Medium,622,1
3960,임은서,F,20,Gold,인천,2020-02-12,High,711,0
3961,한다은,F,33,Bronze,대구,2021-09-17,Medium,606,0
3962,신민준,F,45,VIP,서울,2023-07-12,High,865,0
3963,최도윤,F,41,Bronze,세종,2023-03-15,Medium,638,0
3964,박지우,M,58,Bronze,대전,2024-03-26,Low,523,0
3965,박지호,F,44,Bronze,경기,2023-12-26,Low,542,0
3966,임수빈,F,65,Silver,세종,2022-10-02,Medium,526,0
3967,황지유,M,33,Silver,세종,2023-09-06,High,703,0
3968,임수아,F,61,Bronze,인천,2020-03-26,Medium,517,0
3969,김시우,F,27,Silver,광주,2021-11-30,Low,539,0
3970,한주원,M,37,Gold,강원,2023-11-05,High,810,0
3971,임예준,F,66,Bronze,부산,2023-07-06,Low,544,0
3972,장도윤,M,56,Gold,강원,2023-07-29,High,810,0
3973,오지우,M,43,Bronze,대구,2023-05-15,Medium,597,1
3974,임도윤,F,21,Bronze,부산,2022-11-23,Medium,565,0
3975,윤민준,M,23,Bronze,전라,2020-06-01,Low,496,0
3976,김지유,F,63,Bronze,경상,2021-11-20,Low,558,0
3977,정지아,M,48,Bronze,강원,2023-12-21,Low,496,0
3978,권선우,M,61,Bronze,경상,2020-10-04,Low,533,0
3979,신서연,M,49,Bronze,전라,2023-09-26,High,633,0
3980,윤지호,M,31,Silver,경기,2023-11-10,Medium,707,0
3981,장민준,F,26,Bronze,서울,2023-11-22,Low,471,1
3982,조시우,F,29,Bronze,인천,2024-04-25,Medium,556,0
3983,윤서연,F,56,Silver,세종,2020-06-17,High,709,0
3984,신민준,M,35,Gold,세종,2024-05-09,High,786,0
3985,정수아,M,49,Gold,대구,2024-09-16,High,741,0
3986,권다은,F,58,Bronze,전라,2020-05-02,Low,532,0
3987,김시우,M,52,Bronze,제주,2022-08-08,Medium,540,0
3988,임지우,F,45,Bronze,인천,2021-08-03,Low,498,1
3989,장하은,M,63,Gold,경기,2022-11-13,Medium,739,0
3990,권시우,F,64,Silver,광주,2020-07-17,Medium,635,0
3991,윤지유,M,50,Gold,부산,2021-07-09,High,786,0
3992,박지유,F,63,Silver,서울,2024-07-22,Low,548,0
3993,강우진,F,28,Silver,전라,2023-10-07,High,743,0
3994,한지호,M,57,Bronze,서울,2023-08-03,Medium,622,0
3995,윤하은,M,67,Silver,충청,2021-02-21,High,739,0
3996,한지아,F,30,Bronze,대전,2024-05-24,Low,526,0
3997,최지유,M,55,Silver,인천,2021-10-09,Low,660,0
3998,한도윤,F,37,Bronze,대전,2024-06-10,Low,586,0
3999,권도윤,F,33,Silver,제주,2024-12-02,Medium,679,0
4000,한은서,F,23,Silver,대구,2024-10-09,Medium,602,0
4001,한지아,M,31,Bronze,인천,2021-02-03,Medium,550,0
4002,김우진,F,61,Gold,강원,2020-03-02,High,781,0
4003,윤도윤,M,51,Bronze,강원,2020-06-29,Low,576,0
4004,최지유,F,38,Bronze,광주,2021-01-05,Medium,557,0
4005,윤다은,F,36,Silver,대구,2023-03-04,Medium,673,0
4006,정서연,M,47,VIP,충청,2022-12-25,Medium,776,0
4007,조지아,F,28,Bronze,전라,2022-07-25,Medium,551,0
4008,최수빈,F,61,Bronze,전라,2024-07-05,Medium,590,0
4009,박하은,M,36,VIP,인천,2024-10-26,High,868,0
4010,조서연,M,68,Silver,충청,2024-09-03,Low,515,0
4011,권수아,M,60,Bronze,세종,2020-03-04,Medium,631,0
4012,황하은,F,38,Gold,전라,2022-03-18,Medium,812,0
4013,강서연,M,67,Bronze,경상,2024-05-10,Low,481,0
4014,장시우,F,29,Silver,충청,2022-01-02,High,746,0
4015,조지호,F,57,Bronze,충청,2022-04-28,Low,473,0
4016,오지유,F,49,Bronze,경기,2020-12-20,Medium,656,0
4017,이다은,F,63,Bronze,전라,2024-06-28,Medium,563,1
4018,박시우,M,30,Gold,부산,2022-03-18,Low,601,0
4019,윤예준,M,49,Silver,대구,2023-12-26,High,659,0
4020,황예준,F,62,Silver,경기,2020-11-30,Medium,544,0
4021,이하은,M,42,VIP,인천,2023-12-19,Medium,848,0
4022,윤지아,F,57,Silver,제주,2022-12-13,Low,626,0
4023,윤채원,F,50,Bronze,인천,2021-02-26,Low,521,0
4024,최주원,M,66,Bronze,경상,2022-06-21,Low,508,1
4025,조진우,M,25,Bronze,광주,2020-09-02,High,621,0
4026,박지호,F,32,Bronze,전라,2021-05-29,Low,511,0
4027,조진우,F,41,Gold,세종,2020-05-19,High,766,0
4028,강서윤,M,55,Silver,부산,2020-05-14,Medium,688,0
4029,한진우,F,23,Silver,부산,2024-09-18,Medium,538,1
4030,박은서,F,32,Bronze,대구,2020-06-24,Low,533,0
4031,김서윤,F,62,Bronze,광주,2023-05-27,Low,517,1
4032,장민준,M,58,Gold,인천,2020-12-19,High,754,0
4033,윤지호,M,68,Gold,충청,2024-09-27,Medium,675,0
4034,한도윤,F,69,VIP,부산,2021-03-05,High,824,0
4035,임은서,F,42,Gold,광주,2022-07-01,Medium,758,1
4036,황수빈,M,47,Bronze,충청,2021-08-02,Low,539,0
4037,김서윤,F,27,Bronze,서울,2020-04-06,Medium,540,0
4038,장다은,F,41,Bronze,광주,2020-01-11,Low,505,0
4039,이지아,F,22,Silver,세종,2020-12-26,Low,506,0
4040,박주원,M,52,Silver,광주,2020-08-01,Medium,700,0
4041,신지우,M,39,Bronze,부산,2023-08-26,Low,538,1
4042,오시우,F,29,Gold,대전,2021-06-18,Medium,674,0
4043,임우진,F,26,Silver,경상,2024-03-20,Low,480,0
4044,황수빈,F,56,Silver,경상,2024-09-07,Low,613,0
4045,윤시우,M,68,Gold,대전,2023-08-15,Medium,627,0
4046,정지호,F,59,Gold,충청,2022-07-10,Medium,732,0
4047,최주원,F,23,Gold,인천,2021-07-24,Medium,693,0
4048,강은서,M,36,Bronze,세종,2023-01-24,High,631,0
4049,정서연,F,60,Silver,대전,2021-12-06,High,646,0
4050,임서윤,F,64,Bronze,인천,2024-03-30,High,617,0
4051,신수아,M,50,Bronze,광주,2024-05-08,Low,560,0
4052,박지호,M,35,VIP,강원,2024-05-17,High,885,0
4053,권진우,F,57,Gold,부산,2020-10-17,Medium,738,0
4054,김진우,M,41,Bronze,제주,2023-01-06,Medium,657,0
4055,김우진,M,32,Bronze,대구,2020-05-29,Low,583,0
4056,한우진,M,57,Silver,대전,2024-02-08,Low,568,0
4057,황은서,F,66,Bronze,서울,2024-02-17,Low,491,0
4058,조하은,F,35,Gold,세종,2020-03-05,Low,678,0
4059,오진우,M,66,Bronze,세종,2021-09-24,Low,471,0
4060,한예준,M,52,Bronze,세종,2022-06-13,Medium,633,1
4061,강다은,F,39,Bronze,경상,2021-10-27,Medium,561,0
4062,장지우,F,68,Silver,세종,2021-09-21,High,693,0
4063,장지유,M,60,Gold,경기,2024-01-26,Medium,664,0
4064,오시우,M,25,Bronze,인천,2021-02-23,Low,509,0
4065,임선우,M,27,Silver,제주,2020-02-18,High,683,0
4066,박민준,F,65,Silver,강원,2021-06-13,Low,530,0
4067,윤다은,M,43,Bronze,전라,2021-06-28,Medium,650,0
4068,김지아,F,46,Silver,부산,2023-03-27,High,697,0
4069,한지아,F,48,Bronze,세종,2024-05-30,Low,597,0
4070,강다은,F,44,Silver,대구,2022-09-11,Low,582,1
4071,강지우,M,52,Bronze,광주,2024-10-06,Low,505,0
4072,황서윤,M,51,Silver,대구,2023-03-19,Medium,647,0
4073,장지우,F,29,Silver,대구,2024-02-25,Medium,661,0
4074,장지유,M,46,Bronze,인천,2023-05-03,Low,571,0
4075,한수아,F,63,Silver,서울,2022-02-17,Low,606,0
4076,최진우,M,35,Gold,경기,2021-06-10,High,816,0
4077,장우진,M,35,Bronze,경기,2020-08-10,Low,550,0
4078,조지유,F,52,Silver,광주,2022-12-07,Medium,619,0
4079,오지아,F,29,Silver,경기,2021-12-04,High,709,0
4080,강주원,M,40,Gold,세종,2023-03-17,Low,726,0
4081,장주원,M,62,Gold,광주,2022-03-24,Low,686,0
4082,한우진,F,65,Bronze,강원,2022-06-14,Low,458,1
4083,한수빈,M,40,Bronze,대전,2020-04-04,Low,481,0
4084,신채원,M,36,Bronze,충청,2021-09-19,Low,495,0
4085,박진우,M,45,Bronze,전라,2023-01-04,Medium,522,0
4086,윤진우,F,32,Silver,충청,2024-01-28,Low,613,0
4087,김지호,M,28,Bronze,세종,2024-07-23,High,623,0
4088,강지우,M,32,Silver,전라,2022-07-19,High,629,0
4089,이지유,M,56,VIP,대구,2021-12-21,Medium,724,0
4090,오시우,F,64,Gold,서울,2020-07-11,High,810,0
4091,최수아,M,63,Silver,강원,2020-11-14,Medium,635,0
4092,한수빈,M,37,VIP,서울,2023-08-10,High,815,0
4093,권은서,F,24,Bronze,인천,2020-05-05,Medium,533,0
4094,강서연,F,37,Silver,제주,2024-03-07,Medium,697,0
4095,최서윤,M,57,Bronze,충청,2023-05-30,Low,541,1
4096,황우진,M,21,Bronze,서울,2022-08-16,Low,484,0
4097,박수아,F,64,Bronze,인천,2024-03-29,Low,453,1
4098,강도윤,F,48,Silver,세종,2020-09-17,Medium,674,0
4099,최도윤,F,39,Silver,경기,2021-08-13,Medium,736,0
4100,이도윤,M,57,Gold,제주,2023-03-27,Medium,760,0
4101,정서윤,F,65,Gold,인천,2020-05-21,High,746,0
4102,권수아,M,56,Gold,인천,2022-08-25,Medium,702,0
4103,임도윤,M,38,Bronze,세종,2021-01-21,Medium,633,0
4104,임은서,M,34,Silver,경기,2023-11-11,Medium,605,0
4105,윤지유,M,56,Bronze,광주,2021-10-07,Low,595,0
4106,이지호,F,63,Gold,인천,2020-03-09,Medium,663,0
4107,권도윤,M,22,VIP,대구,2024-09-04,High,735,0
4108,정시우,M,30,Bronze,충청,2024-07-13,Low,560,0
4109,정지우,M,64,Bronze,경상,2020-01-16,Low,487,0
4110,윤예준,M,40,Gold,강원,2020-04-06,Medium,740,0
4111,황주원,F,62,Silver,서울,2023-05-17,Low,605,0
4112,김서연,M,23,Bronze,부산,2023-07-22,Low,541,0
4113,오채원,F,48,Bronze,대구,2022-04-04,Medium,555,0
4114,정주원,M,35,Silver,제주,2022-05-12,Medium,688,0
4115,오지아,F,42,Bronze,제주,2023-10-04,Medium,616,0
4116,이도윤,F,67,Silver,부산,2021-11-12,High,635,0
4117,최도윤,M,52,Silver,제주,2024-02-02,Low,553,0
4118,오진우,F,57,Silver,제주,2022-04-23,High,690,0
4119,한수아,M,48,Bronze,인천,2021-01-08,Low,509,0
4120,박지호,M,56,Gold,인천,2021-10-29,High,779,0
4121,강다은,F,66,Gold,전라,2020-09-24,High,720,0
4122,박채원,F,33,Gold,충청,2024-09-29,Medium,717,0
4123,최다은,M,31,Silver,인천,2020-09-06,High,696,0
4124,정우진,M,30,Bronze,광주,2020-03-08,High,582,0
4125,한지아,F,28,Silver,서울,2022-08-01,Low,553,0
4126,최은서,M,54,Silver,부산,2023-09-12,Low,551,0
4127,윤예준,F,63,Bronze,서울,2022-06-16,Low,494,0
4128,조은서,F,64,Silver,대전,2023-11-02,Low,617,0
4129,임지아,M,53,Silver,인천,2024-12-04,Medium,625,0
4130,강진우,M,41,Bronze,대전,2020-12-04,Low,585,0
4131,조예준,M,33,Bronze,제주,2020-10-19,Medium,567,0
4132,정채원,M,50,Bronze,경상,2023-10-28,Medium,571,1
4133,신수아,F,60,Silver,대전,2022-05-02,Medium,657,0
4134,임예준,M,54,VIP,대전,2024-11-16,High,860,0
4135,권수빈,F,68,Bronze,강원,2023-11-25,Low,370,0
4136,정시우,F,21,Bronze,전라,2024-06-18,Low,500,0
4137,임지유,M,53,Bronze,충청,2023-12-19,Medium,603,0
4138,김수빈,M,64,Bronze,경기,2023-01-20,Medium,542,1
4139,조진우,M,37,Silver,충청,2020-05-19,Low,561,0
4140,윤은서,M,60,Bronze,강원,2024-07-10,High,564,0
4141,황서윤,M,21,Gold,부산,2020-07-15,Medium,673,0
4142,최진우,M,43,Gold,경기,2021-02-03,High,792,0
4143,한우진,M,38,Bronze,충청,2023-02-07,Medium,601,0
4144,장은서,F,50,Gold,경기,2021-01-09,Medium,745,0
4145,황수아,M,62,Bronze,세종,2023-07-25,Medium,620,1
4146,오민준,M,61,Silver,제주,2024-03-13,High,654,0
4147,권도윤,M,68,Gold,대구,2024-10-06,High,738,0
4148,장다은,M,43,Bronze,광주,2021-08-06,Low,657,0
4149,임하은,M,49,Bronze,서울,2024-01-05,Low,514,1
4150,박서연,F,23,VIP,부산,2023-09-07,Low,696,0
4151,김수빈,M,38,Bronze,충청,2023-08-06,Medium,607,0
4152,한민준,M,43,Bronze,경상,2021-03-15,Medium,574,0
4153,장수아,M,63,Bronze,광주,2021-01-17,Low,481,0
4154,김서윤,M,34,Gold,대전,2022-08-15,Medium,735,0
4155,박선우,M,30,Bronze,세종,2023-10-23,High,619,0
4156,이하은,F,49,Bronze,경상,2023-01-04,Medium,578,1
4157,임민준,M,40,Gold,부산,2022-11-04,High,783,0
4158,신민준,M,30,VIP,충청,2021-09-04,High,854,0
4159,황도윤,M,61,Bronze,대구,2023-10-11,High,624,0
4160,신지호,M,62,Silver,세종,2021-10-22,Low,564,1
4161,정선우,F,30,Silver,대전,2022-09-29,Medium,645,0
4162,윤은서,F,23,Bronze,강원,2023-09-03,Low,526,0
4163,한주원,F,37,Bronze,서울,2021-11-26,Low,538,0
4164,이다은,M,48,Gold,전라,2023-05-03,Low,710,0
4165,오지우,M,56,VIP,경상,2023-01-25,Medium,805,0
4166,박지호,M,36,VIP,부산,2024-10-06,High,882,0
4167,황은서,M,43,VIP,대구,2020-03-25,High,910,0
4168,권시우,F,24,Bronze,세종,2020-04-10,Low,503,0
4169,강주원,F,52,Silver,부산,2023-07-15,Medium,716,0
4170,권서연,F,67,Bronze,서울,2021-09-22,Low,565,0
4171,이수아,M,56,Gold,경기,2020-07-23,Low,680,0
4172,오채원,F,64,Silver,세종,2022-05-02,Low,569,0
4173,강지우,F,56,Silver,서울,2020-07-16,Medium,575,0
4174,정도윤,M,50,Bronze,세종,2024-04-02,Low,505,1
4175,박우진,M,36,Bronze,광주,2021-04-16,Medium,571,0
4176,박도윤,M,66,Gold,충청,2021-12-24,Medium,679,0
4177,박수빈,F,53,Silver,세종,2024-05-24,Medium,652,0
4178,박은서,M,33,Bronze,광주,2023-12-05,Low,464,0
4179,김서윤,F,21,Bronze,충청,2021-05-12,Low,445,0
4180,신선우,F,69,Silver,강원,2021-08-08,Medium,634,0
4181,최진우,M,40,Bronze,대전,2024-06-18,Low,555,1
4182,오수빈,F,62,Silver,인천,2024-06-03,Low,601,0
4183,강수아,M,39,Bronze,대전,2023-07-15,Medium,619,0
4184,정서연,M,36,Bronze,인천,2020-07-07,Medium,562,0
4185,정도윤,M,46,Gold,인천,2024-06-25,Low,651,0
4186,강주원,M,38,Silver,광주,2022-01-13,Low,596,0
4187,황지아,M,37,Bronze,인천,2020-06-21,High,614,0
4188,정진우,F,50,Bronze,인천,2024-04-16,Low,541,0
4189,장지아,M,60,Bronze,대전,2021-05-01,Low,522,0
4190,이채원,F,68,Silver,충청,2020-12-21,Low,540,0
4191,정서윤,F,31,Silver,경상,2021-02-22,Medium,607,0
4192,윤지유,M,43,Gold,서울,2020-05-05,Medium,689,0
4193,정지유,M,53,Gold,대구,2022-09-10,Low,701,0
4194,강주원,M,36,Silver,부산,2020-06-05,High,769,0
4195,박시우,F,39,Bronze,부산,2024-03-01,Low,487,1
4196,박지아,M,67,VIP,전라,2020-05-25,Medium,692,0
4197,김채원,F,67,Bronze,대전,2020-08-21,Low,422,0
4198,최주원,F,58,Gold,제주,2020-10-28,Medium,765,0
4199,장다은,M,44,Silver,대전,2020-06-07,Low,603,0
4200,이하은,M,40,VIP,경상,2021-01-26,High,871,0
4201,황시우,M,31,Bronze,세종,2020-12-04,Low,528,0
4202,권선우,M,60,Gold,인천,2020-05-03,Medium,663,0
4203,정은서,F,29,Silver,세종,2023-06-20,Medium,600,0
4204,윤선우,F,30,VIP,서울,2023-08-18,High,867,0
4205,권시우,M,36,Silver,전라,2022-09-01,Medium,634,0
4206,황채원,M,65,Bronze,충청,2022-01-24,Medium,542,0
4207,권도윤,F,49,Bronze,전라,2022-08-21,Low,550,0
4208,신은서,M,57,Gold,광주,2021-10-05,Medium,775,0
4209,한은서,M,44,Silver,서울,2022-08-18,Medium,656,0
4210,임시우,M,40,VIP,대구,2024-07-31,Medium,796,0
4211,최도윤,F,67,VIP,인천,2022-12-22,High,761,0
4212,조채원,M,59,Silver,광주,2021-09-21,Medium,626,0
4213,조민준,F,40,Bronze,제주,2020-12-17,High,673,0
4214,한지우,F,39,Bronze,대구,2020-07-31,Low,552,0
4215,박시우,F,57,Silver,강원,2021-12-15,Low,557,0
4216,최도윤,M,37,Bronze,세종,2024-05-01,Low,516,0
4217,임도윤,M,48,Bronze,대전,2023-10-28,Low,540,0
4218,윤시우,F,66,Bronze,인천,2021-11-07,High,555,1
4219,강수빈,F,46,Silver,충청,2024-09-27,Medium,705,0
4220,박서윤,F,57,Bronze,인천,2023-06-26,Medium,593,0
4221,권채원,F,30,Gold,충청,2022-03-24,Medium,687,0
4222,임서연,M,23,Bronze,전라,2022-11-24,Medium,492,1
4223,김서연,F,68,Gold,충청,2024-01-03,High,745,0
4224,강다은,F,34,Bronze,강원,2021-11-28,High,636,0
4225,한은서,F,44,Bronze,광주,2020-11-25,Low,504,0
4226,오서윤,M,37,Gold,광주,2020-10-15,High,802,0
4227,최시우,F,24,Gold,충청,2022-10-17,Medium,688,0
4228,조지유,M,62,Gold,강원,2020-03-25,High,780,0
4229,임지호,F,25,Bronze,제주,2022-02-26,High,623,0
4230,한수아,M,52,Bronze,대구,2021-07-30,High,761,0
4231,최채원,F,23,Bronze,전라,2020-02-02,Low,494,0
4232,장수빈,M,66,Gold,경기,2020-03-05,Medium,671,0
4233,윤채원,F,49,Bronze,세종,2021-05-06,Low,480,0
4234,강지유,F,41,Bronze,서울,2021-03-02,Medium,678,0
4235,이은서,F,64,Silver,광주,2024-04-29,Low,646,0
4236,임우진,F,43,Gold,서울,2023-01-05,Medium,790,0
4237,최수아,M,61,Bronze,경기,2021-02-25,Medium,569,0
4238,장도윤,F,67,Bronze,세종,2020-02-16,Medium,524,0
4239,조지우,F,20,Silver,대구,2024-01-09,High,646,0
4240,정선우,F,47,Gold,대전,2021-08-08,Medium,719,0
4241,정지우,F,64,Bronze,충청,2022-07-17,Medium,584,0
4242,강다은,M,42,Gold,서울,2020-11-18,High,813,0
4243,강선우,M,49,Silver,경기,2020-11-25,Medium,678,0
4244,장은서,M,57,Bronze,경상,2023-04-22,Low,538,1
4245,임지유,M,44,Bronze,광주,2023-07-03,Low,534,1
4246,권예준,F,39,Silver,제주,2021-10-20,High,652,0
4247,김민준,F,24,Bronze,인천,2021-09-12,Low,561,0
4248,조다은,F,41,Silver,서울,2024-05-31,High,703,0
4249,신다은,F,68,VIP,전라,2021-09-08,High,861,0
4250,신수아,F,51,Gold,전라,2021-12-04,Low,650,0
4251,황선우,M,23,Bronze,대구,2023-09-26,High,527,0
4252,윤수아,F,64,Bronze,서울,2023-10-10,Medium,576,0
4253,최지아,M,67,Silver,충청,2020-09-18,Low,548,0
4254,윤도윤,M,51,Silver,전라,2021-01-01,Low,565,0
4255,한우진,M,68,Silver,대전,2022-09-30,Medium,520,0
4256,한서연,F,45,Silver,강원,2020-05-23,Medium,663,0
4257,이도윤,F,46,Bronze,경기,2024-10-26,Medium,545,1
4258,김진우,M,46,Bronze,부산,2022-03-05,Medium,575,0
4259,강진우,F,40,Gold,대전,2020-08-26,Low,699,0
4260,최서윤,M,36,Bronze,경기,2022-11-12,Medium,606,0
4261,조지호,M,25,Bronze,전라,2023-12-23,Medium,499,0
4262,장예준,F,55,Silver,세종,2023-03-15,Low,573,0
4263,임채원,M,25,Silver,부산,2020-04-29,Medium,627,0
4264,조진우,M,31,Bronze,충청,2024-02-07,High,620,0
4265,최민준,M,28,Silver,대전,2023-04-15,Low,581,0
4266,이은서,M,56,Bronze,대전,2021-05-14,Low,490,0
4267,김선우,F,62,Silver,제주,2022-03-06,High,695,1
4268,최지유,F,50,Gold,경상,2021-12-23,Medium,710,0
4269,임지아,M,69,Bronze,대구,2024-06-27,High,615,0
4270,오서연,M,67,Gold,부산,2020-02-07,High,651,0
4271,신선우,M,65,Silver,경상,2022-02-19,Medium,615,0
4272,신도윤,F,25,Gold,강원,2023-11-15,Medium,689,1
4273,최수빈,M,63,Bronze,전라,2023-12-11,Low,481,1
4274,박지호,F,32,Bronze,전라,2024-11-26,High,672,1
4275,한서윤,M,49,Silver,충청,2020-03-02,Low,615,0
4276,최예준,F,50,Gold,경기,2023-08-24,High,823,0
4277,권도윤,F,41,VIP,부산,2023-11-01,High,878,0
4278,정민준,M,51,Silver,광주,2023-07-20,Medium,672,0
4279,이우진,M,65,Silver,광주,2020-09-15,Low,492,0
4280,권하은,F,23,Bronze,제주,2024-02-07,Medium,559,0
4281,장주원,M,49,Bronze,인천,2023-12-06,Low,516,0
4282,임지아,M,52,Silver,제주,2024-01-21,Medium,678,0
4283,장선우,M,20,Bronze,경기,2021-11-02,Medium,503,0
4284,임지호,M,45,Bronze,대전,2024-10-21,Medium,572,0
4285,강지우,M,28,Bronze,제주,2024-03-17,Medium,601,0
4286,오진우,M,28,Silver,강원,2024-10-18,Medium,590,0
4287,최시우,F,49,Silver,제주,2022-04-18,Low,678,0
4288,장채원,F,60,Silver,제주,2024-02-17,Low,618,0
4289,오진우,M,64,Silver,광주,2024-01-15,Medium,615,0
4290,임지유,M,44,Bronze,경기,2023-04-01,Low,543,1
4291,한주원,M,46,Silver,강원,2024-05-06,Medium,666,0
4292,장서연,F,28,VIP,인천,2020-02-29,Medium,790,0
4293,황우진,M,24,Gold,제주,2023-03-29,Medium,643,0
4294,윤서윤,M,32,Bronze,부산,2021-08-27,Low,537,0
4295,황예준,F,46,Silver,세종,2023-08-04,High,713,0
4296,권도윤,F,38,Bronze,부산,2023-04-21,Medium,592,0
4297,강시우,F,48,Gold,부산,2020-06-04,High,784,0
4298,강시우,F,55,Bronze,세종,2024-03-08,Low,530,0
4299,김지유,F,54,Gold,인천,2021-11-07,High,871,0
4300,조채원,M,40,Silver,세종,2024-05-11,Medium,723,1
4301,김진우,F,53,Gold,서울,2024-10-05,High,779,0
4302,신주원,M,22,VIP,충청,2023-10-07,High,819,0
4303,김주원,M,53,Silver,광주,2021-06-11,Medium,719,0
4304,오다은,F,35,Bronze,제주,2023-03-18,Medium,563,0
4305,김수빈,F,26,Gold,충청,2022-12-23,High,718,0
4306,박하은,M,20,Silver,인천,2023-09-14,Medium,588,0
4307,신서윤,F,60,Gold,경기,2023-04-08,Medium,722,0
4308,오민준,F,30,Bronze,대구,2020-05-09,Low,545,0
4309,윤은서,M,66,Bronze,제주,2024-04-29,Medium,481,0
4310,윤예준,F,22,Bronze,대전,2024-08-29,Medium,517,0
4311,임도윤,M,32,Bronze,대구,2020-02-04,Low,442,0
4312,최수빈,F,38,Silver,경상,2023-08-29,High,686,0
4313,장우진,F,35,Gold,제주,2023-03-10,Medium,680,0
4314,오민준,M,44,Bronze,부산,2022-11-10,Medium,534,1
4315,이지유,F,55,Gold,광주,2020-08-28,High,793,0
4316,장채원,M,41,Silver,세종,2022-04-11,Low,588,0
4317,임지우,M,68,VIP,부산,2020-04-30,Medium,638,0
4318,신주원,F,22,Silver,충청,2024-03-20,Low,528,0
4319,권민준,M,46,VIP,세종,2022-09-28,High,917,0
4320,신은서,F,62,Bronze,대전,2021-10-24,Medium,621,0
4321,이우진,F,38,Silver,대전,2022-09-03,Low,599,0
4322,강수아,F,42,Bronze,광주,2022-06-27,Low,518,0
4323,정선우,M,40,Gold,대전,2023-09-02,Medium,651,0
4324,권선우,F,26,Bronze,경기,2024-08-04,Medium,506,0
4325,윤수아,M,54,Bronze,경기,2021-10-16,Low,525,0
4326,한지유,M,62,Silver,강원,2020-01-19,Low,620,0
4327,장우진,M,57,Gold,대전,2021-10-24,Medium,730,0
4328,조서연,M,60,Silver,경상,2021-12-05,Medium,681,0
4329,권우진,M,35,Silver,광주,2020-10-10,Medium,659,0
4330,권도윤,F,53,Bronze,전라,2020-09-30,Medium,606,0
4331,김우진,M,37,Bronze,경상,2024-11-24,Low,497,0
4332,오예준,M,65,Bronze,강원,2023-07-18,Medium,548,0
4333,오시우,F,46,Bronze,인천,2021-03-17,Low,595,0
4334,정다은,F,68,Bronze,인천,2022-04-26,Low,489,0
4335,권우진,M,59,Gold,경상,2023-03-17,Low,709,0
4336,황수아,M,52,Bronze,서울,2024-11-10,Low,573,0
4337,조서윤,F,35,Bronze,대구,2024-11-11,Low,567,0
4338,정지호,M,40,Silver,강원,2024-12-23,Low,585,0
4339,정민준,M,34,Silver,부산,2020-02-27,Medium,680,0
4340,최도윤,F,59,VIP,세종,2023-04-01,Medium,755,0
4341,조지유,F,26,Silver,제주,2022-10-28,Medium,619,0
4342,신지유,M,53,Silver,강원,2022-04-15,Low,613,0
4343,정우진,F,48,Silver,전라,2023-10-24,Medium,699,0
4344,임서윤,F,54,Silver,강원,2023-05-09,Low,569,0
4345,조주원,M,45,Gold,대전,2021-02-18,High,804,0
4346,윤서윤,F,29,Silver,서울,2021-04-27,Low,553,0
4347,조지아,M,52,Bronze,대구,2024-05-22,Low,482,0
4348,조수아,F,61,Bronze,전라,2020-03-11,Medium,570,1
4349,오하은,F,46,Gold,대전,2022-06-02,High,785,0
4350,권도윤,F,24,Silver,서울,2022-12-28,Medium,587,0
4351,황예준,M,30,Bronze,광주,2020-06-04,Low,511,0
4352,조지호,M,44,Bronze,제주,2022-04-29,Low,536,0
4353,신서연,M,44,Bronze,대구,2022-05-07,Low,506,0
4354,강우진,M,66,Silver,인천,2021-10-01,Medium,577,0
4355,조예준,F,54,Silver,광주,2022-08-21,Low,618,0
4356,조지유,M,31,Bronze,대구,2020-11-09,Low,583,0
4357,임우진,F,37,Bronze,서울,2022-08-01,High,727,0
4358,신서윤,F,21,Gold,전라,2023-09-11,High,767,0
4359,황민준,F,47,Silver,대구,2023-01-12,Medium,717,0
4360,윤지호,F,49,Silver,광주,2021-12-31,Medium,640,0
4361,박진우,M,38,Bronze,충청,2020-12-30,Medium,605,0
4362,황수빈,M,42,Bronze,인천,2020-04-07,Low,512,0
4363,한지유,M,27,Bronze,대전,2023-01-26,High,643,0
4364,박도윤,M,40,Bronze,세종,2024-02-17,Medium,590,0
4365,정은서,M,34,Bronze,대구,2021-05-03,High,645,0
4366,김서윤,F,36,Bronze,인천,2024-06-02,Low,479,0
4367,장지아,F,23,Bronze,전라,2024-09-15,Medium,516,1
4368,임진우,F,29,Bronze,강원,2024-03-31,Medium,540,0
4369,최수아,M,53,Silver,대구,2024-08-08,High,660,0
4370,임서연,F,21,Silver,서울,2024-03-24,Low,529,0
4371,장다은,M,41,Silver,광주,2020-08-29,Medium,703,0
4372,김은서,M,50,Silver,대구,2022-08-21,Medium,641,0
4373,이지호,F,27,Silver,대구,2024-10-15,Low,641,0
4374,장선우,F,53,Silver,전라,2022-09-23,Low,616,0
4375,신시우,F,45,Silver,서울,2022-06-25,High,664,0
4376,권다은,F,26,Gold,강원,2020-08-04,Medium,750,0
4377,장은서,M,52,Bronze,광주,2024-09-16,Low,550,0
4378,정민준,F,33,Silver,제주,2022-01-17,High,631,1
4379,조은서,F,50,Bronze,광주,2020-09-28,Low,488,0
4380,황서연,M,62,Bronze,대전,2021-02-06,Medium,591,0
4381,윤도윤,M,36,Bronze,강원,2020-05-17,Medium,596,0
4382,임선우,M,68,Bronze,서울,2021-03-04,Low,519,0
4383,강수아,F,28,Bronze,대전,2020-03-26,Low,474,1
4384,신수빈,F,35,Silver,서울,2020-07-09,High,706,0
4385,임다은,F,49,Bronze,대구,2024-01-29,Low,507,0
4386,김시우,M,56,Bronze,세종,2022-12-29,High,568,0
4387,권예준,F,56,Silver,세종,2021-04-22,Medium,716,0
4388,신시우,M,41,Silver,대전,2023-01-13,Low,656,0
4389,이서연,M,38,Bronze,경상,2023-10-13,Low,566,0
4390,황우진,M,50,Bronze,인천,2024-07-06,Medium,566,0
4391,한선우,F,62,Silver,경기,2023-10-19,Low,630,1
4392,강선우,F,31,Gold,부산,2021-09-23,Medium,694,0
4393,정수빈,F,48,Bronze,경상,2022-05-09,Medium,676,0
4394,신다은,M,55,Bronze,강원,2020-10-21,Low,485,0
4395,이서윤,F,68,Silver,전라,2024-10-02,Medium,571,0
4396,한진우,M,59,Bronze,서울,2023-07-30,Low,552,1
4397,오지유,F,43,Gold,경상,2021-04-09,High,792,0
4398,최하은,F,43,Silver,세종,2020-02-14,Medium,638,0
4399,신은서,F,36,Silver,경기,2021-07-08,Low,618,0
4400,김주원,F,46,VIP,부산,2024-05-04,Medium,805,0
4401,오채원,F,69,VIP,제주,2023-05-28,High,757,0
4402,오수빈,F,67,Bronze,인천,2022-07-17,Low,455,0
4403,정진우,F,56,Bronze,충청,2020-11-01,Low,459,0
4404,임다은,M,46,Silver,광주,2021-07-18,Medium,715,0
4405,장주원,M,62,Silver,경기,2020-05-02,Low,532,0
4406,박지유,M,47,Bronze,세종,2022-07-30,Medium,691,0
4407,오예준,M,69,Bronze,세종,2021-08-15,Low,470,0
4408,박지유,F,23,VIP,경기,2021-02-15,Medium,720,0
4409,조다은,F,42,Gold,제주,2020-01-02,Medium,817,0
4410,오주원,M,48,Silver,경상,2021-10-29,High,710,0
4411,신지아,M,64,Silver,충청,2024-01-15,Medium,673,0
4412,한하은,F,66,Silver,대전,2020-10-04,Low,554,0
4413,황주원,M,29,Bronze,대구,2021-05-19,Low,418,1
4414,이도윤,F,46,Silver,세종,2020-09-15,Medium,734,0
4415,정예준,F,52,Gold,전라,2020-04-01,Medium,727,0
4416,이도윤,F,22,Bronze,인천,2022-03-15,Low,483,1
4417,김은서,F,34,Gold,인천,2020-11-12,Medium,675,0
4418,조주원,F,45,Bronze,대구,2023-09-05,High,580,1
4419,한서윤,F,30,Bronze,전라,2020-08-21,Low,466,1
4420,최서윤,F,24,Silver,전라,2020-01-25,Medium,637,0
4421,최선우,M,41,Silver,인천,2020-08-25,Medium,671,0
4422,황수빈,F,38,Silver,광주,2020-09-30,Medium,622,0
4423,김주원,M,67,Silver,광주,2022-10-16,High,682,0
4424,김수빈,F,54,Silver,제주,2021-06-30,Medium,659,0
4425,최도윤,F,61,Gold,광주,2023-02-23,High,783,0
4426,김서연,F,61,Gold,전라,2021-12-09,High,792,0
4427,신진우,F,64,Bronze,경기,2024-11-08,Low,462,0
4428,최지호,M,49,Bronze,대구,2024-04-16,Low,542,0
4429,강선우,M,62,Gold,세종,2022-05-16,Medium,781,0
4430,이예준,F,63,Silver,광주,2020-10-31,Low,641,0
4431,조도윤,M,29,Bronze,인천,2024-09-30,Low,503,0
4432,오선우,M,20,Gold,강원,2023-11-16,High,811,0
4433,윤지호,F,22,Bronze,강원,2023-05-16,Low,463,0
4434,정수빈,M,28,Bronze,강원,2020-08-13,Low,484,0
4435,최민준,M,53,Bronze,광주,2022-11-20,Low,467,1
4436,한선우,M,54,Gold,서울,2021-01-29,High,740,0
4437,김도윤,M,55,Bronze,경기,2023-11-24,Low,572,0
4438,최도윤,F,57,Silver,전라,2021-01-12,Low,591,0
4439,이하은,F,64,Silver,대구,2022-05-06,High,727,0
4440,황지아,F,48,Bronze,제주,2021-06-12,Medium,638,1
4441,오지유,M,45,Bronze,서울,2022-07-25,Low,529,0
4442,권시우,F,58,Gold,인천,2022-03-07,High,807,0
4443,김수아,M,25,Bronze,대구,2024-03-05,Medium,517,0
4444,황하은,F,45,Silver,강원,2023-07-17,High,745,1
4445,임은서,F,23,Silver,강원,2023-03-12,Medium,564,0
4446,강서연,F,29,Bronze,경상,2023-02-28,Low,545,1
4447,황지우,M,34,VIP,인천,2021-07-09,Medium,830,0
4448,정하은,M,46,Gold,부산,2023-10-03,Low,668,0
4449,권지유,F,36,Silver,대전,2020-08-30,Medium,700,0
4450,임수아,F,22,Silver,광주,2021-07-09,Medium,612,0
4451,권지우,F,52,Silver,충청,2023-01-22,Low,622,0
4452,조지유,F,59,Gold,광주,2023-09-22,Low,667,0
4453,박주원,F,64,Gold,부산,2022-04-28,Medium,731,0
4454,황시우,M,54,Gold,경상,2023-05-28,Medium,747,0
4455,강다은,M,30,Bronze,제주,2024-08-10,Low,541,1
4456,윤다은,M,63,Bronze,대전,2020-09-23,Low,545,0
4457,황민준,M,67,Silver,제주,2023-03-16,Medium,543,0
4458,정하은,F,64,Gold,경기,2020-03-03,Medium,729,0
4459,최하은,F,62,Bronze,세종,2024-10-20,Low,549,0
4460,오시우,F,50,Bronze,인천,2024-03-18,High,657,0
4461,이서연,F,20,Silver,강원,2021-05-27,Medium,559,0
4462,신지호,F,50,Bronze,제주,2023-06-25,Low,545,0
4463,최지아,M,28,Silver,충청,2021-04-07,Low,601,0
4464,신다은,F,48,Bronze,세종,2022-07-23,Medium,617,0
4465,강서연,M,26,Bronze,강원,2022-12-12,Low,517,0
4466,장지아,F,22,Gold,대전,2021-01-23,Medium,696,0
4467,조수빈,F,54,Bronze,대구,2020-12-27,Low,601,0
4468,윤도윤,M,43,Bronze,제주,2023-05-01,Medium,601,0
4469,김예준,M,63,Silver,강원,2021-11-28,Medium,631,0
4470,황도윤,F,46,Gold,대전,2023-12-30,Medium,724,0
4471,임지아,F,67,Bronze,전라,2022-07-15,Low,492,0
4472,장채원,M,65,Silver,경기,2024-11-23,Medium,563,0
4473,임지아,F,57,Gold,경기,2020-08-23,Medium,688,0
4474,한도윤,M,25,Bronze,세종,2021-03-13,Low,546,0
4475,박예준,M,52,Bronze,충청,2022-02-15,Low,493,0
4476,임다은,F,56,Gold,세종,2023-02-08,Medium,764,0
4477,권지우,M,22,Silver,전라,2020-09-09,High,724,0
4478,권채원,F,58,Gold,인천,2021-10-16,High,772,0
4479,임도윤,M,36,Bronze,제주,2024-03-25,Low,498,1
4480,오민준,M,20,Bronze,전라,2021-12-24,Low,463,0
4481,박시우,M,62,Gold,전라,2023-08-05,High,820,0
4482,조지유,M,59,Silver,강원,2021-02-10,Low,570,0
4483,강하은,F,27,Silver,인천,2024-03-01,Medium,651,0
4484,최수아,F,34,Bronze,세종,2022-02-03,Low,535,0
4485,윤주원,M,36,Bronze,제주,2024-08-07,Medium,615,0
4486,윤도윤,M,33,Bronze,서울,2021-09-05,Low,444,0
4487,임지호,F,20,Silver,세종,2020-06-02,Medium,600,0
4488,신채원,M,62,Bronze,충청,2020-03-13,Low,486,0
4489,조예준,F,58,Bronze,전라,2021-07-13,Low,533,0
4490,윤하은,M,38,Bronze,광주,2022-03-09,Medium,512,0
4491,최서연,M,29,Silver,부산,2022-03-03,Low,610,0
4492,황지유,F,54,Silver,경상,2024-12-26,Medium,622,0
4493,오민준,F,55,Bronze,경상,2020-04-23,Low,562,0
4494,정주원,F,37,Bronze,대전,2024-03-14,Low,589,0
4495,박예준,M,36,Bronze,전라,2024-06-03,Low,501,1
4496,신진우,F,31,Bronze,세종,2021-11-14,Medium,520,0
4497,최진우,M,57,Silver,전라,2023-05-24,Low,482,1
4498,김서연,F,32,Silver,경상,2020-08-29,Low,657,0
4499,한지호,F,36,Gold,강원,2022-08-04,Low,746,0
4500,김지아,M,25,Gold,전라,2022-01-15,Medium,694,0
4501,최다은,M,58,Silver,인천,2022-09-15,Low,631,0
4502,임수빈,F,48,Silver,경상,2020-05-05,Medium,620,0
4503,임진우,M,50,Gold,인천,2023-11-21,Medium,691,0
4504,이도윤,F,65,Silver,세종,2020-01-20,High,626,0
4505,최우진,M,33,Bronze,대전,2022-11-09,Low,479,1
4506,이수아,F,68,Silver,강원,2021-08-11,High,665,0
4507,이지우,M,53,Silver,경상,2023-07-04,Medium,714,0
4508,신지호,F,47,Bronze,광주,2021-11-19,Low,555,1
4509,최지유,F,28,Bronze,광주,2023-02-13,Low,627,0
4510,김지우,M,55,Bronze,경상,2020-12-29,Low,554,0
4511,최지유,M,54,Bronze,강원,2023-06-08,Low,475,1
4512,황은서,F,39,Silver,인천,2022-04-20,Medium,725,0
4513,오다은,F,46,Silver,광주,2021-10-19,High,680,0
4514,신민준,M,55,Bronze,경상,2023-11-02,High,566,0
4515,황수빈,F,40,Silver,대구,2024-08-03,Low,599,0
4516,장하은,M,40,Silver,경기,2020-01-04,Medium,672,0
4517,황채원,F,58,Silver,대구,2021-06-03,Medium,664,0
4518,신수빈,F,44,Gold,대전,2024-05-28,Medium,748,0
4519,강수아,M,34,Silver,세종,2022-06-25,Medium,543,0
4520,윤진우,M,29,Bronze,경상,2022-05-31,Low,461,1
4521,이은서,M,42,VIP,부산,2022-09-20,High,800,0
4522,강서연,F,30,Gold,대구,2020-01-18,High,742,0
4523,정다은,M,68,Silver,충청,2022-09-06,Low,523,0
4524,정지유,F,48,Gold,대전,2022-02-12,High,752,0
4525,오도윤,M,58,Silver,세종,2024-03-18,Medium,668,0
4526,최은서,F,61,Silver,광주,2022-12-09,Medium,635,0
4527,오은서,F,61,Bronze,세종,2020-08-26,Medium,586,0
4528,정시우,F,24,Bronze,부산,2024-09-25,Low,427,1
4529,윤시우,F,50,Silver,부산,2022-06-17,Medium,689,0
4530,윤주원,F,44,Bronze,경기,2024-05-27,Low,548,0
4531,황수빈,F,41,Silver,충청,2024-11-17,Medium,681,0
4532,권은서,M,60,Bronze,서울,2021-10-24,Low,486,1
4533,강하은,F,34,Silver,강원,2022-01-16,Medium,617,0
4534,정지아,M,38,Silver,전라,2024-02-23,Low,651,0
4535,박우진,M,35,Bronze,서울,2024-05-05,Low,510,1
4536,신우진,F,59,Bronze,광주,2024-08-08,Low,526,0
4537,임예준,M,52,Gold,경상,2020-09-02,Medium,777,0
4538,신도윤,F,52,Bronze,강원,2020-10-26,Low,510,0
4539,최주원,F,35,VIP,세종,2022-07-22,High,824,0
4540,조예준,F,21,Silver,전라,2023-03-12,Low,512,0
4541,강도윤,M,68,Gold,전라,2021-08-21,High,721,0
4542,임예준,M,59,Bronze,경상,2024-05-02,Low,519,0
4543,김주원,M,65,Gold,인천,2022-04-08,High,707,0
4544,최민준,F,59,Silver,경기,2024-02-20,Medium,647,0
4545,이주원,F,40,Gold,강원,2024-09-16,Medium,724,0
4546,신도윤,M,65,Bronze,제주,2024-09-29,Low,410,1
4547,김선우,F,20,Silver,경상,2021-10-07,Low,523,0
4548,오예준,F,59,Bronze,인천,2022-06-14,Low,442,0
4549,강서연,F,67,Bronze,서울,2021-12-16,High,594,0
4550,윤서윤,M,69,Gold,경기,2021-10-12,High,741,0
4551,윤민준,M,50,Bronze,강원,2021-11-14,Medium,528,0
4552,이지아,M,39,Gold,세종,2020-07-30,Medium,704,1
4553,황채원,M,56,VIP,강원,2022-01-31,High,880,0
4554,장우진,F,69,Bronze,강원,2020-09-10,Medium,550,1
4555,장예준,F,41,Bronze,서울,2022-03-28,Low,470,0
4556,윤수아,F,38,Gold,서울,2021-10-14,Low,742,0
4557,한주원,F,62,Gold,서울,2021-08-24,High,724,0
4558,한은서,M,21,Bronze,광주,2024-07-08,Medium,605,0
4559,최도윤,F,52,Silver,광주,2024-05-25,Medium,693,0
4560,이민준,F,25,Silver,제주,2022-08-14,Low,619,0
4561,정진우,M,27,Silver,서울,2022-12-07,Medium,585,1
4562,강지유,F,47,Gold,전라,2021-08-05,High,811,0
4563,한지유,M,22,VIP,대구,2021-11-18,High,855,0
4564,박다은,M,45,Bronze,충청,2023-06-29,Low,547,0
4565,조지아,F,59,Gold,대전,2023-08-22,High,731,0
4566,김수아,F,33,Silver,대전,2021-08-22,Medium,559,0
4567,정지유,F,69,Silver,경상,2020-07-18,Medium,582,0
4568,신지아,M,36,Silver,전라,2024-11-20,Low,600,0
4569,오채원,F,64,Gold,충청,2020-03-13,Medium,706,0
4570,황수빈,M,37,Bronze,경상,2023-01-31,Low,504,0
4571,오채원,F,60,Gold,광주,2020-08-01,High,745,0
4572,김진우,F,33,Gold,서울,2023-04-23,Medium,674,0
4573,조채원,M,34,Bronze,부산,2024-10-23,Low,495,0
4574,장하은,F,23,Gold,대구,2021-10-28,High,782,0
4575,박지유,F,34,Gold,광주,2021-03-24,Medium,738,0
4576,조서윤,M,68,Bronze,충청,2021-12-27,Low,509,0
4577,한진우,F,51,Silver,서울,2023-02-11,High,671,0
4578,이주원,M,61,Gold,제주,2021-11-20,Medium,691,0
4579,조서연,F,31,Silver,경기,2021-06-26,Low,585,0
4580,강서연,F,36,Bronze,광주,2021-01-14,Medium,551,0
4581,강선우,M,58,Bronze,대전,2024-02-21,Low,504,1
4582,한진우,M,34,Bronze,세종,2023-02-16,High,581,0
4583,윤채원,M,21,Bronze,제주,2023-01-26,Low,429,0
4584,오서윤,F,31,Bronze,전라,2022-05-03,High,638,0
4585,정하은,F,47,Silver,제주,2021-07-07,High,744,0
4586,최지아,M,40,Silver,대전,2020-06-25,Medium,718,0
4587,조지우,M,33,Silver,경기,2024-11-02,Medium,596,0
4588,강시우,M,60,Silver,인천,2024-11-09,Medium,703,1
4589,조수빈,M,52,Bronze,전라,2024-11-30,Low,538,1
4590,이지우,F,32,Gold,서울,2023-11-18,Medium,715,0
4591,최다은,M,66,Bronze,인천,2022-04-12,Low,451,0
4592,박주원,F,66,Silver,대구,2022-06-08,Low,559,0
4593,장선우,M,57,Bronze,대구,2024-04-10,Medium,626,0
4594,정진우,M,56,Silver,충청,2023-06-04,High,679,0
4595,조다은,F,60,Bronze,인천,2024-11-09,Low,510,0
4596,오은서,M,63,Silver,대전,2023-08-22,Medium,599,0
4597,장우진,M,22,Gold,대전,2020-09-09,Low,613,0
4598,윤은서,M,41,Gold,서울,2021-02-28,Medium,708,0
4599,최우진,M,61,Silver,전라,2024-12-21,Low,561,0
4600,장민준,M,35,Silver,강원,2020-04-29,Low,603,0
4601,최선우,F,32,Gold,광주,2021-07-19,Medium,695,0
4602,황하은,F,51,Gold,제주,2020-06-26,Low,649,0
4603,이민준,F,69,Silver,강원,2022-05-10,Low,553,1
4604,조서연,M,46,Bronze,전라,2020-12-23,Low,573,0
4605,윤수빈,M,29,Bronze,광주,2020-08-02,Low,451,0
4606,황채원,M,69,Gold,서울,2022-05-01,High,710,0
4607,정서연,M,40,Bronze,충청,2024-12-27,Low,541,1
4608,임선우,M,22,Silver,충청,2022-09-05,Medium,606,0
4609,조선우,F,46,Bronze,서울,2022-12-28,Medium,530,0
4610,신서윤,M,38,VIP,부산,2022-08-22,Low,723,0
4611,한주원,M,37,Bronze,충청,2020-02-06,Medium,679,0
4612,황서연,F,67,Bronze,인천,2022-03-25,Low,485,0
4613,한서윤,F,51,Silver,광주,2023-08-30,Medium,616,0
4614,박지호,M,30,Silver,강원,2020-08-28,Low,572,0
4615,박은서,M,31,Gold,세종,2023-10-05,Medium,744,0
4616,정진우,M,55,Bronze,대구,2022-09-29,Low,527,0
4617,최지호,F,39,Silver,대구,2022-07-19,Medium,733,0
4618,임서윤,F,68,Silver,대전,2022-04-21,Low,575,0
4619,최다은,F,43,Bronze,전라,2022-01-18,Low,518,0
4620,장다은,F,22,VIP,경상,2022-10-20,Medium,837,0
4621,임진우,M,66,Gold,세종,2024-06-04,High,718,0
4622,강진우,M,38,Gold,부산,2020-08-13,Medium,723,0
4623,조진우,F,36,VIP,서울,2020-06-19,High,936,0
4624,황우진,F,31,VIP,대전,2020-12-06,Low,736,0
4625,조서연,M,24,Bronze,경상,2021-07-19,Medium,482,1
4626,이예준,M,38,Gold,강원,2020-11-15,High,834,0
4627,윤지호,F,27,Bronze,충청,2021-08-27,Medium,596,0
4628,이은서,F,21,Silver,충청,2023-12-24,High,645,0
4629,신도윤,F,69,Silver,제주,2021-04-21,Medium,632,0
4630,임지유,M,50,Bronze,부산,2022-01-10,Medium,629,1
4631,한민준,M,65,Gold,강원,2024-05-23,Medium,662,0
4632,강채원,M,30,Silver,인천,2021-01-30,Medium,642,0
4633,윤지아,M,62,Silver,서울,2022-01-22,Medium,613,0
4634,윤은서,F,64,Bronze,제주,2021-12-13,Medium,570,0
4635,강선우,F,53,Bronze,강원,2023-05-03,Low,590,0
4636,최하은,F,26,Silver,경기,2020-07-10,High,738,0
4637,정하은,M,38,Bronze,강원,2021-09-30,Low,613,0
4638,이우진,F,24,Bronze,세종,2024-09-19,Low,412,1
4639,임민준,F,45,Silver,대구,2021-10-12,Medium,621,0
4640,최시우,M,27,Bronze,제주,2020-07-04,Low,497,0
4641,황지호,F,21,Silver,부산,2023-08-24,Low,595,0
4642,장수아,M,62,Bronze,전라,2024-08-23,Low,549,0
4643,김수아,F,50,Silver,광주,2024-09-13,Medium,679,1
4644,신도윤,F,28,Bronze,경상,2020-04-27,Low,511,0
4645,장지우,F,24,Gold,대구,2021-02-25,High,717,0
4646,권지호,M,36,Bronze,세종,2021-10-11,Low,503,0
4647,조지우,F,68,Silver,인천,2021-04-13,Low,588,0
4648,정지우,M,25,Silver,강원,2021-06-19,Medium,656,0
4649,신은서,F,26,Bronze,광주,2023-06-10,Medium,558,0
4650,박지호,F,38,Silver,광주,2021-01-20,Low,665,0
4651,조시우,F,20,Silver,제주,2021-10-24,Medium,605,0
4652,윤하은,M,61,Bronze,전라,2022-05-20,Low,527,0
4653,한하은,M,51,Silver,전라,2020-04-03,Medium,613,0
4654,강주원,F,23,Gold,제주,2024-04-17,Medium,668,0
4655,정하은,F,60,Bronze,대구,2023-08-01,Medium,553,1
4656,오수아,F,61,Bronze,충청,2022-08-18,Medium,614,0
4657,윤서연,M,62,Silver,제주,2022-01-07,High,762,0
4658,신다은,F,23,Silver,서울,2024-06-16,Medium,586,0
4659,이하은,F,59,Silver,충청,2023-11-27,Medium,599,0
4660,임민준,F,66,Bronze,광주,2020-03-07,Low,428,0
4661,임지우,M,53,Silver,경상,2020-11-09,Medium,624,0
4662,황은서,M,38,Gold,전라,2020-07-13,High,783,0
4663,정서연,F,31,Bronze,강원,2023-08-16,Low,473,0
4664,오서연,F,52,Bronze,경기,2024-04-09,Medium,564,0
4665,권하은,F,57,Silver,인천,2024-12-03,Medium,654,0
4666,이서윤,F,44,Silver,인천,2021-12-10,High,633,0
4667,권우진,F,68,Bronze,경기,2022-05-19,Medium,520,0
4668,이우진,F,31,Silver,경상,2022-10-09,High,694,0
4669,한다은,M,64,Silver,대구,2021-01-03,Low,648,0
4670,김은서,F,31,VIP,충청,2021-05-03,Medium,830,0
4671,강선우,F,24,Bronze,충청,2021-08-11,Medium,615,0
4672,임지우,F,34,Bronze,전라,2024-07-10,Low,534,0
4673,임지유,F,64,Bronze,전라,2023-01-26,Low,428,0
4674,조지아,M,51,Gold,충청,2021-12-14,Medium,669,0
4675,오하은,F,63,Bronze,경기,2020-09-18,Low,540,1
4676,황지호,M,61,Gold,경기,2020-03-01,Medium,727,0
4677,신서연,M,36,Silver,충청,2021-07-25,Low,641,0
4678,황하은,M,33,Gold,경상,2020-09-15,High,696,0
4679,황서연,F,35,Silver,광주,2024-12-20,Low,609,0
4680,신진우,F,33,Silver,경기,2021-05-24,Medium,626,0
4681,강수빈,F,53,Gold,충청,2020-12-13,High,803,0
4682,오수빈,M,28,Silver,서울,2022-11-22,High,683,0
4683,임우진,F,24,Silver,충청,2021-04-19,High,612,0
4684,임수빈,M,54,VIP,세종,2023-07-30,High,870,0
4685,황수아,M,26,Gold,부산,2022-07-01,High,759,0
4686,권지유,F,39,VIP,세종,2024-12-12,Low,776,0
4687,황수아,F,40,Bronze,강원,2022-11-28,Medium,603,0
4688,한하은,M,62,Silver,인천,2023-03-02,Medium,670,0
4689,강서연,M,66,Bronze,대구,2022-10-04,Low,547,0
4690,장다은,F,34,Silver,광주,2022-05-22,Low,569,1
4691,황수아,M,67,VIP,제주,2020-02-03,High,727,0
4692,황예준,M,68,Bronze,경기,2020-07-23,Low,522,0
4693,오채원,M,26,Bronze,충청,2021-11-11,Medium,580,0
4694,오하은,M,36,Bronze,부산,2022-09-25,Low,587,1
4695,윤민준,M,51,Silver,전라,2021-03-08,High,755,0
4696,김민준,F,43,Silver,서울,2022-09-03,High,743,0
4697,박시우,F,64,Silver,대구,2022-06-02,Medium,667,0
4698,신도윤,M,69,Silver,광주,2024-09-05,High,647,0
4699,김도윤,M,44,Bronze,세종,2023-07-02,Low,585,0
4700,황서연,F,50,Silver,전라,2023-05-24,High,768,0
4701,오도윤,M,54,Gold,충청,2024-03-23,Medium,775,0
4702,황시우,F,40,Silver,경상,2022-07-03,Low,596,0
4703,오수빈,M,66,Silver,대구,2021-01-14,High,654,0
4704,강지호,F,64,Bronze,대전,2022-09-18,Low,522,1
4705,임서윤,M,27,Bronze,전라,2022-10-17,Low,466,1
4706,황민준,M,34,Bronze,전라,2020-06-09,Medium,537,1
4707,오수빈,M,44,Bronze,서울,2023-03-15,High,642,0
4708,강지아,F,20,Bronze,서울,2020-03-23,Low,550,1
4709,정채원,F,42,Silver,세종,2022-02-27,Medium,680,0
4710,윤지유,M,43,Silver,대구,2023-02-03,Medium,727,0
4711,정예준,F,28,Silver,대전,2020-05-03,High,694,0
4712,강지호,M,52,Gold,전라,2020-08-06,Medium,745,0
4713,박지유,M,55,Bronze,광주,2023-03-05,Medium,624,0
4714,김주원,M,69,Silver,경기,2023-07-18,Medium,614,0
4715,신다은,F,32,Bronze,경기,2023-07-05,High,648,0
4716,오수아,M,57,Silver,세종,2020-04-28,High,683,0
4717,조하은,F,52,Silver,대구,2021-07-23,Medium,631,0
4718,장은서,M,36,Bronze,경기,2023-09-22,Low,553,1
4719,황지호,M,35,Bronze,전라,2020-09-17,Medium,593,0
4720,황은서,M,69,Silver,경상,2024-01-08,Medium,549,0
4721,오시우,F,53,Bronze,충청,2021-09-18,High,703,0
4722,권수빈,F,45,Gold,제주,2023-04-02,High,786,0
4723,장선우,F,55,VIP,세종,2024-03-19,High,809,0
4724,조시우,F,33,Silver,서울,2021-10-20,Medium,674,0
4725,강하은,M,54,Silver,대전,2020-09-16,Low,574,0
4726,윤채원,F,64,Bronze,제주,2020-04-27,Low,495,1
4727,이은서,M,43,Gold,대구,2020-09-15,High,754,0
4728,조진우,F,20,Silver,광주,2022-05-11,Low,503,0
4729,임하은,M,60,Silver,전라,2022-06-12,Low,599,0
4730,한채원,F,22,Bronze,대구,2024-05-26,Medium,621,0
4731,황하은,F,22,Silver,세종,2024-09-28,Low,562,0
4732,오민준,M,43,Silver,대구,2021-06-08,Medium,660,1
4733,권은서,F,49,Bronze,인천,2022-01-28,Medium,563,0
4734,정수빈,F,42,Silver,광주,2023-12-24,Medium,631,0
4735,권채원,M,35,Bronze,경상,2021-07-10,Low,621,0
4736,임도윤,M,69,VIP,세종,2020-11-24,High,801,0
4737,박선우,M,50,Silver,광주,2023-10-08,Medium,651,0
4738,임시우,M,67,Bronze,대전,2024-07-31,Medium,535,1
4739,황채원,M,60,Gold,세종,2022-06-10,Medium,692,0
4740,신은서,F,32,Bronze,서울,2020-04-25,Low,556,0
4741,조하은,F,42,Gold,세종,2024-11-18,Medium,722,0
4742,이채원,F,56,Bronze,충청,2020-08-16,Medium,542,0
4743,조진우,F,21,Bronze,전라,2022-08-22,Low,466,1
4744,조은서,M,42,Silver,세종,2022-12-21,High,735,0
4745,박우진,M,50,Bronze,서울,2022-12-08,High,661,0
4746,오진우,M,29,Gold,제주,2022-09-10,High,836,0
4747,조진우,M,68,Bronze,충청,2021-07-30,High,651,0
4748,한지유,M,27,Bronze,인천,2023-03-18,Low,511,0
4749,정서연,M,24,Bronze,강원,2020-11-14,Low,566,0
4750,황지유,F,26,Bronze,전라,2020-10-24,High,616,0
4751,최진우,M,43,Bronze,대전,2022-06-04,Low,516,1
4752,황지아,M,55,Bronze,경상,2022-09-13,Medium,570,0
4753,오지아,M,53,Silver,대전,2021-05-11,Medium,631,0
4754,신도윤,M,67,Gold,경상,2021-01-02,Low,624,0
4755,박지호,F,56,Gold,경기,2022-04-01,High,833,0
4756,박채원,F,59,Bronze,대구,2024-10-31,Low,532,0
4757,한선우,M,64,Silver,대전,2023-02-17,Low,583,0
4758,오선우,F,58,Gold,인천,2024-10-17,Medium,663,0
4759,박선우,F,50,Silver,제주,2023-01-07,Medium,655,1
4760,조서윤,F,59,Bronze,대전,2021-10-04,Medium,561,0
4761,이도윤,F,34,Gold,강원,2020-04-12,High,753,0
4762,김주원,M,56,Gold,충청,2024-05-07,Medium,740,0
4763,오수아,F,23,Bronze,인천,2022-05-14,Medium,521,0
4764,최지유,F,21,Gold,부산,2022-01-27,High,726,0
4765,이민준,M,66,Silver,대구,2022-01-26,Medium,665,0
4766,최다은,M,64,VIP,경상,2024-01-06,High,747,0
4767,윤시우,M,25,Bronze,세종,2022-01-06,Medium,616,0
4768,박하은,F,33,Silver,부산,2024-09-03,Medium,648,0
4769,한서연,M,20,Gold,대구,2023-03-04,High,771,0
4770,임서윤,M,66,Bronze,대구,2020-02-01,Low,542,0
4771,최선우,F,41,Silver,경상,2023-04-30,Medium,644,0
4772,권지호,F,35,Silver,경상,2020-03-25,Low,619,0
4773,이지호,M,22,Bronze,광주,2020-04-17,High,578,1
4774,이진우,F,59,Bronze,전라,2022-04-12,High,647,0
4775,윤예준,M,64,Bronze,제주,2024-03-29,Low,467,1
4776,강시우,F,44,Gold,세종,2021-12-17,High,789,0
4777,박지아,F,36,Bronze,대전,2023-04-24,Low,503,0
4778,이다은,F,36,Bronze,경상,2022-11-27,Medium,542,0
4779,이하은,F,55,Silver,제주,2020-07-17,Medium,630,0
4780,임다은,F,42,Bronze,서울,2023-02-14,Medium,632,0
4781,장예준,F,22,Silver,경상,2021-08-16,High,625,0
4782,임시우,M,67,Silver,제주,2023-07-12,High,769,0
4783,오지유,M,24,Silver,경기,2021-04-10,Medium,568,0
4784,박채원,F,59,Bronze,세종,2020-03-29,Medium,566,0
4785,조진우,M,38,Gold,서울,2022-06-30,Low,666,0
4786,김채원,M,36,Gold,광주,2023-03-27,Medium,721,0
4787,최은서,F,45,Silver,경기,2023-10-31,High,714,0
4788,강서연,M,51,Silver,경기,2023-11-09,Low,685,0
4789,신하은,M,20,Bronze,세종,2023-02-07,Medium,432,1
4790,조하은,F,50,Silver,서울,2022-06-06,Medium,660,0
4791,이은서,M,31,Silver,부산,2021-09-05,Medium,660,0
4792,임지우,M,43,Gold,인천,2024-03-06,High,803,0
4793,최우진,F,49,Bronze,대구,2024-05-26,Low,582,1
4794,한서연,F,57,Silver,대구,2024-07-13,Medium,603,0
4795,황예준,M,25,Gold,제주,2020-12-04,High,742,0
4796,조하은,M,55,Silver,인천,2022-01-02,Medium,676,0
4797,신지호,F,61,Gold,서울,2024-02-14,Medium,701,0
4798,강도윤,F,59,Gold,경기,2022-03-12,Medium,666,0
4799,이채원,F,29,Bronze,대전,2024-11-28,Low,464,0
4800,오우진,F,23,Gold,광주,2021-05-13,Low,684,0
4801,윤우진,M,23,Bronze,인천,2021-10-30,Low,434,0
4802,황민준,F,59,Silver,충청,2022-06-18,Medium,695,0
4803,권우진,F,26,Bronze,강원,2021-02-13,Low,505,1
4804,김민준,F,44,Silver,대구,2022-11-21,Medium,684,0
4805,최진우,M,21,Bronze,대구,2022-05-31,High,579,0
4806,조민준,F,22,Silver,충청,2024-10-31,Low,516,1
4807,강은서,M,38,Silver,충청,2020-04-14,Medium,727,0
4808,김시우,F,20,Gold,전라,2022-12-20,Medium,658,0
4809,윤채원,F,43,Gold,부산,2020-01-09,Medium,738,0
4810,김하은,F,51,Silver,세종,2021-03-05,Low,570,0
4811,김수빈,F,31,Silver,서울,2022-02-22,High,708,1
4812,박지유,F,34,Gold,광주,2023-11-21,High,790,0
4813,이도윤,F,23,Gold,광주,2020-11-17,High,792,0
4814,윤지유,M,66,Silver,부산,2024-11-07,Medium,644,0
4815,황선우,F,25,Silver,광주,2024-03-13,High,684,0
4816,황민준,F,36,Bronze,서울,2021-07-16,Low,555,0
4817,강채원,M,33,Bronze,인천,2022-08-26,Medium,520,0
4818,임진우,F,48,Gold,세종,2024-09-10,Medium,685,1
4819,황지우,F,31,Bronze,충청,2020-04-09,Medium,609,0
4820,김주원,M,29,Silver,경기,2021-02-20,Medium,653,0
4821,정은서,M,28,Bronze,강원,2024-07-25,High,627,0
4822,권우진,F,39,Gold,대전,2021-12-17,Medium,776,0
4823,한지아,F,64,Bronze,제주,2021-07-27,Medium,510,0
4824,신수빈,F,26,Bronze,대전,2023-12-07,Medium,602,0
4825,이수빈,F,59,Silver,세종,2024-12-01,Medium,654,0
4826,박우진,M,37,Gold,부산,2021-05-07,Medium,843,0
4827,장수아,M,62,Silver,서울,2024-04-22,High,753,0
4828,윤민준,F,20,VIP,대구,2021-05-17,Medium,760,0
4829,조예준,F,52,Silver,서울,2024-07-20,Medium,671,0
4830,강다은,F,47,Gold,강원,2020-02-29,High,794,0
4831,윤우진,M,55,Bronze,인천,2021-02-16,Medium,626,1
4832,임진우,M,38,Silver,서울,2023-07-16,Medium,624,0
4833,장예준,M,26,VIP,강원,2023-09-14,High,851,0
4834,최예준,F,53,Bronze,전라,2020-12-22,Low,462,0
4835,황채원,F,20,VIP,제주,2024-12-15,Medium,778,0
4836,이서윤,F,57,VIP,경상,2024-11-07,High,792,0
4837,한시우,F,40,Silver,서울,2022-05-14,Medium,703,0
4838,한지아,M,62,Bronze,제주,2022-07-23,Low,529,0
4839,최하은,M,55,Gold,부산,2021-06-25,Medium,785,0
4840,황시우,F,53,Bronze,강원,2023-03-20,High,646,0
4841,정수빈,M,32,Silver,제주,2021-10-13,Medium,678,0
4842,박예준,M,31,Gold,경기,2023-10-04,Low,628,0
4843,조채원,F,39,Gold,전라,2023-05-25,Low,614,0
4844,김선우,F,66,Silver,경상,2021-03-09,Medium,618,0
4845,한도윤,M,48,Gold,대전,2024-02-14,Low,628,0
4846,황지호,F,40,Silver,전라,2020-07-20,Medium,657,0
4847,최지호,F,30,Bronze,경기,2024-09-17,Low,450,1
4848,임은서,F,66,Silver,부산,2024-09-06,High,756,0
4849,박주원,M,66,Bronze,광주,2023-08-22,Low,437,1
4850,정민준,F,53,Silver,대전,2021-06-02,Low,610,0
4851,강주원,F,38,Silver,대전,2020-10-11,High,680,0
4852,권채원,F,60,Gold,광주,2023-09-21,Low,619,0
4853,강수빈,F,45,Silver,충청,2020-12-31,Medium,706,0
4854,오채원,F,59,Silver,대전,2023-09-26,High,705,0
4855,신시우,M,34,Silver,세종,2024-01-08,Low,584,0
4856,최수아,M,32,Bronze,전라,2024-03-17,Low,550,0
4857,박지유,F,47,Bronze,경상,2022-05-12,Medium,558,1
4858,최지유,F,43,Silver,전라,2023-02-09,High,737,0
4859,최다은,M,65,Silver,제주,2023-04-02,High,677,0
4860,한예준,M,23,Bronze,인천,2024-08-10,Medium,563,0
4861,권예준,M,57,Bronze,경기,2021-08-06,Low,594,1
4862,김은서,M,47,Silver,전라,2023-04-29,Low,624,0
4863,정수아,M,23,Gold,강원,2024-11-15,High,682,0
4864,오지아,M,20,Bronze,광주,2021-01-05,Low,514,1
4865,한수빈,F,63,Bronze,부산,2020-04-25,Low,532,0
4866,조지유,F,56,Bronze,서울,2024-03-14,Medium,563,0
4867,한예준,M,27,Bronze,경기,2021-03-13,Low,508,0
4868,김채원,F,31,Gold,세종,2022-05-11,Low,707,0
4869,정진우,F,68,Bronze,광주,2020-10-14,Low,439,1
4870,강우진,F,51,Bronze,전라,2024-10-06,Medium,516,1
4871,조민준,M,52,Silver,충청,2024-12-01,Medium,641,0
4872,장다은,F,42,Silver,강원,2022-10-07,Low,493,0
4873,오서윤,M,36,Bronze,전라,2021-12-06,Low,571,0
4874,신서윤,M,23,Bronze,경기,2022-03-28,Low,540,0
4875,최민준,M,60,Bronze,인천,2023-05-20,Low,478,0
4876,정수아,M,69,Bronze,인천,2023-04-29,Low,488,1
4877,윤선우,F,51,Bronze,경상,2021-08-01,Low,664,0
4878,윤지우,F,60,Bronze,대전,2024-01-13,Medium,615,0
4879,박선우,M,62,Bronze,경기,2023-02-26,Low,462,0
4880,권지호,M,22,Silver,세종,2023-02-18,Medium,640,0
4881,임선우,M,57,Silver,경기,2022-02-15,Medium,654,0
4882,강선우,F,58,Silver,제주,2020-04-13,Low,595,0
4883,박지아,M,20,Silver,광주,2022-08-19,Medium,575,0
4884,장시우,M,36,Bronze,광주,2022-02-14,Medium,579,1
4885,박수아,F,33,Bronze,대구,2020-04-24,Low,500,0
4886,조우진,M,66,Gold,광주,2023-06-03,Medium,681,0
4887,황주원,F,40,Bronze,경상,2022-08-25,Medium,567,1
4888,박지호,M,24,Gold,대구,2023-07-29,High,659,0
4889,장지호,F,36,Silver,세종,2023-02-07,Medium,674,0
4890,김다은,M,43,Bronze,세종,2020-02-21,Low,578,0
4891,오민준,F,28,Silver,부산,2021-01-14,Medium,653,0
4892,신우진,M,47,Silver,인천,2020-01-07,Low,632,0
4893,장서연,F,67,Silver,세종,2022-11-17,Medium,629,0
4894,임선우,F,51,Bronze,인천,2023-12-05,Low,459,1
4895,임은서,F,32,Silver,제주,2020-08-10,Low,569,0
4896,한진우,M,52,Bronze,세종,2024-01-10,Low,565,1
4897,박예준,M,67,Bronze,경기,2022-05-08,Low,459,0
4898,강서윤,F,38,Silver,제주,2023-01-17,Low,632,0
4899,이지유,F,67,Gold,부산,2020-05-24,Low,530,0
4900,신우진,F,51,Silver,대전,2024-12-06,High,746,0
4901,오하은,F,44,Silver,서울,2020-10-18,High,723,0
4902,윤선우,F,39,Bronze,제주,2023-02-27,Medium,596,0
4903,장주원,M,69,VIP,경기,2023-07-27,High,778,0
4904,권채원,M,26,Bronze,서울,2021-11-08,Low,552,0
4905,권예준,M,30,Bronze,세종,2023-07-21,Low,521,0
4906,윤지아,F,69,Gold,대전,2022-11-21,Medium,658,0
4907,최지호,M,67,Bronze,인천,2023-09-30,Medium,553,1
4908,한민준,F,40,Silver,부산,2024-02-09,High,667,0
4909,정시우,F,27,Silver,충청,2022-02-08,Medium,615,0
4910,신예준,M,60,Silver,부산,2023-02-06,Medium,695,0
4911,황지우,F,48,Bronze,경기,2024-09-24,Medium,612,0
4912,장도윤,M,61,Silver,광주,2023-10-12,High,667,0
4913,강지호,M,21,Bronze,경기,2023-08-30,Low,350,1
4914,임하은,F,37,Bronze,광주,2022-04-28,Medium,634,0
4915,임채원,F,66,Silver,대전,2024-06-18,High,690,0
4916,최시우,M,69,Gold,인천,2022-03-14,Medium,699,0
4917,조지아,F,43,Silver,전라,2024-09-28,Low,639,0
4918,최지우,F,50,Bronze,경기,2024-04-14,High,628,1
4919,장도윤,M,68,Bronze,인천,2021-05-09,Medium,514,0
4920,신서윤,M,39,Bronze,전라,2020-02-17,Low,513,0
4921,권예준,F,34,Bronze,세종,2021-03-26,Low,518,0
4922,권지아,M,54,Silver,세종,2023-12-23,Medium,630,0
4923,권채원,M,57,Gold,충청,2024-07-02,Medium,771,0
4924,권서연,F,45,Gold,충청,2020-04-21,High,836,0
4925,윤서연,F,56,Gold,경기,2020-09-01,Medium,740,0
4926,윤은서,F,63,Gold,충청,2023-03-24,Low,601,0
4927,김진우,F,63,VIP,세종,2021-07-09,High,867,0
4928,권선우,M,21,Silver,제주,2022-09-30,Medium,539,0
4929,윤주원,M,36,Bronze,세종,2021-12-14,Low,600,0
4930,조서윤,F,36,Bronze,인천,2023-11-26,Medium,589,0
4931,김진우,F,24,Bronze,대구,2022-09-26,Low,448,1
4932,최우진,F,48,Bronze,경상,2023-09-09,High,624,0
4933,조주원,M,37,VIP,인천,2022-12-31,High,834,0
4934,임하은,M,48,Gold,제주,2021-10-29,High,857,0
4935,한서윤,M,62,Gold,충청,2022-04-16,Medium,661,0
4936,이은서,M,43,Gold,경상,2020-06-01,Medium,744,0
4937,임민준,M,37,Bronze,충청,2020-04-08,Medium,591,0
4938,신지유,M,41,Gold,제주,2021-04-01,Medium,702,0
4939,윤수빈,M,65,Bronze,경기,2023-06-28,Low,517,0
4940,김민준,F,63,VIP,대전,2024-08-20,Medium,839,0
4941,권지아,F,25,Silver,전라,2022-05-23,Low,565,0
4942,한지우,F,30,Bronze,대전,2024-12-24,Low,521,1
4943,김도윤,F,55,Gold,전라,2020-01-24,High,757,0
4944,오도윤,F,31,Silver,서울,2020-03-09,Medium,603,0
4945,강지호,F,25,Silver,충청,2023-02-17,Medium,650,0
4946,정주원,F,36,Bronze,경기,2023-06-03,Medium,615,0
4947,강선우,M,31,Bronze,경기,2023-05-11,Low,528,0
4948,조수아,M,36,Bronze,인천,2020-10-23,Medium,605,0
4949,오다은,M,54,Silver,대구,2024-10-07,Medium,643,0
4950,오지유,F,36,Gold,대구,2021-06-08,Medium,746,0
4951,최선우,M,27,Gold,전라,2024-10-22,High,733,0
4952,강하은,M,59,Silver,광주,2022-01-24,Low,598,0
4953,황우진,F,43,VIP,제주,2021-03-17,High,857,0
4954,권도윤,M,63,Bronze,부산,2020-10-28,Medium,614,0
4955,박하은,M,56,Silver,경상,2022-09-15,Low,606,0
4956,장민준,F,32,Bronze,광주,2020-02-08,High,596,0
4957,권도윤,F,66,Silver,대구,2024-05-20,Medium,584,0
4958,한수빈,M,53,Silver,광주,2024-02-13,Medium,643,0
4959,박진우,M,66,Bronze,서울,2024-04-18,Medium,540,0
4960,장주원,M,44,VIP,서울,2022-01-22,High,798,0
4961,한지우,F,29,Bronze,경상,2023-09-22,High,582,0
4962,이지호,F,32,Bronze,전라,2022-07-09,Low,534,0
4963,최지아,M,38,Bronze,세종,2022-09-03,Low,538,0
4964,오채원,M,67,Silver,부산,2022-06-19,Low,472,0
4965,윤민준,M,64,Bronze,광주,2021-05-23,Low,458,0
4966,이서윤,M,61,Bronze,부산,2023-09-11,Low,496,1
4967,권도윤,F,64,Bronze,부산,2024-04-04,Low,520,0
4968,강하은,M,60,Silver,대전,2020-11-12,Low,541,0
4969,장우진,F,69,Silver,대구,2023-10-17,Medium,662,0
4970,조하은,M,53,Gold,경기,2023-02-18,Medium,729,0
4971,김채원,M,58,Silver,광주,2020-06-01,High,631,0
4972,오지우,M,24,Silver,충청,2022-11-23,Low,601,0
4973,정서윤,F,52,Silver,세종,2024-06-16,Low,605,0
4974,한민준,F,44,Silver,전라,2023-08-25,Low,574,0
4975,강서연,F,59,Silver,인천,2021-03-14,Medium,591,0
4976,신민준,F,68,VIP,경기,2020-07-06,Medium,735,1
4977,이지아,M,33,Bronze,서울,2021-05-15,Low,501,0
4978,장선우,F,36,Bronze,대구,2021-03-04,Low,540,0
4979,신하은,M,31,Silver,제주,2024-01-02,Low,658,0
4980,장수아,M,65,Silver,전라,2022-10-29,High,656,0
4981,장지아,M,22,Bronze,세종,2023-03-13,Low,447,0
4982,신시우,M,27,Silver,강원,2024-04-03,Low,640,1
4983,장다은,F,49,Gold,경기,2024-01-01,Low,689,0
4984,조지유,F,39,Silver,부산,2020-04-27,High,703,0
4985,박지호,F,53,Gold,제주,2024-03-18,High,798,0
4986,권도윤,M,25,Silver,충청,2024-07-20,High,716,0
4987,김시우,M,44,Silver,세종,2020-12-08,Low,675,0
4988,임지유,M,26,Bronze,서울,2024-08-17,High,664,0
4989,권서윤,F,24,Gold,전라,2020-12-13,High,722,0
4990,윤서연,M,21,Bronze,전라,2024-12-22,Low,477,0
4991,권은서,F,20,Gold,제주,2021-07-21,High,669,0
4992,조서연,F,51,Gold,세종,2020-11-16,High,837,0
4993,강서연,M,47,Bronze,부산,2023-11-13,Low,556,0
4994,강민준,M,45,Bronze,대전,2020-09-27,Medium,575,1
4995,정진우,F,44,Bronze,세종,2021-05-15,High,691,0
4996,강하은,M,34,Bronze,서울,2023-04-26,Medium,533,1
4997,권진우,M,38,Bronze,세종,2021-09-25,High,664,0
4998,조채원,F,35,Gold,서울,2021-03-31,Medium,704,0
4999,장지유,F,37,Gold,충청,2020-07-26,Medium,740,1
5000,신수빈,F,26,Silver,전라,2022-02-11,Medium,634,1
5001,오지아,F,53,Gold,경기,2021-07-02,High,860,0
5002,임시우,F,43,Silver,전라,2024-01-27,Low,607,0
5003,권지아,M,23,Gold,경기,2024-04-11,Medium,662,0
5004,이예준,F,26,Bronze,강원,2023-05-21,High,607,0
5005,권은서,M,51,Bronze,서울,2022-07-23,Low,618,0
5006,박예준,F,50,Bronze,제주,2020-02-12,Medium,673,0
5007,조서윤,M,63,Bronze,강원,2023-07-08,Low,574,0
5008,강채원,F,30,VIP,서울,2021-06-10,Medium,776,0
5009,윤지호,M,34,Silver,전라,2021-11-26,Medium,573,1
5010,정지우,F,27,Bronze,충청,2022-06-15,Low,515,0
5011,이지아,F,57,Silver,서울,2023-02-20,Low,633,0
5012,조진우,F,39,Silver,광주,2022-05-19,Low,622,0
5013,신주원,M,57,Silver,대전,2023-07-12,High,742,0
5014,박시우,F,23,Bronze,경기,2021-06-24,Low,464,0
5015,윤서연,M,32,Silver,세종,2021-08-28,High,729,0
5016,강서윤,F,40,Bronze,부산,2023-09-15,Low,550,1
5017,오지호,F,46,Gold,인천,2023-01-23,High,755,0
5018,강시우,M,26,Silver,세종,2023-06-11,High,674,0
5019,정수빈,M,55,Gold,부산,2023-06-10,High,786,0
5020,한하은,M,68,Bronze,제주,2024-12-26,Low,425,1
5021,임채원,F,47,Bronze,인천,2024-07-21,High,666,0
5022,오채원,F,44,Silver,강원,2024-07-30,Medium,631,0
5023,황서연,F,42,Gold,전라,2020-06-08,Medium,830,0
5024,권진우,M,42,Silver,서울,2024-12-08,Medium,664,0
5025,장채원,M,20,Gold,광주,2023-07-11,High,745,0
5026,권지우,F,63,Silver,서울,2021-05-19,High,663,0
5027,권수빈,F,41,Bronze,경기,2023-01-04,Low,590,0
5028,장서연,F,31,Silver,부산,2024-07-15,Medium,693,0
5029,김도윤,M,20,Bronze,세종,2021-03-25,Low,474,0
5030,최수빈,F,21,Gold,대전,2023-07-29,Medium,630,0
5031,임지우,M,57,Bronze,경기,2024-02-13,High,666,1
5032,윤서연,F,51,Silver,제주,2021-09-19,Medium,668,0
5033,김채원,M,39,Gold,세종,2024-06-23,Medium,750,0
5034,신도윤,F,46,Silver,충청,2021-10-06,Medium,720,0
5035,박진우,F,31,Bronze,부산,2020-12-02,Low,530,0
5036,윤서연,M,63,Bronze,충청,2020-06-10,Low,610,0
5037,강채원,F,68,Silver,제주,2020-08-11,Low,544,0
5038,김주원,F,53,Bronze,부산,2020-11-03,Low,595,0
5039,윤예준,M,61,Bronze,대전,2020-03-09,Low,530,0
5040,윤민준,M,63,Silver,부산,2022-05-26,Low,527,0
5041,오우진,F,35,Silver,경기,2021-03-22,Low,574,0
5042,최지유,F,65,Gold,대전,2024-03-15,Medium,675,0
5043,이하은,F,49,Silver,인천,2020-02-21,Medium,663,0
5044,신수아,F,39,Gold,광주,2021-12-15,Medium,784,0
5045,정주원,M,24,Bronze,제주,2022-03-22,Low,468,0
5046,윤민준,M,54,Bronze,강원,2024-12-23,Low,557,1
5047,최서연,M,39,Silver,광주,2022-08-28,Medium,683,0
5048,조민준,M,63,Bronze,대구,2020-05-20,Low,509,0
5049,신지우,F,38,Bronze,제주,2024-01-05,Medium,570,1
5050,최시우,F,22,Bronze,제주,2023-01-21,Low,475,0
5051,조우진,M,36,Silver,경상,2020-07-10,Medium,697,0
5052,임우진,M,39,Silver,전라,2021-04-14,High,796,0
5053,장수아,F,56,Gold,경기,2022-04-02,High,715,0
5054,최수빈,F,55,Bronze,부산,2024-12-02,Medium,622,0
5055,한지우,M,60,Silver,경상,2024-05-18,Medium,604,0
5056,한진우,M,43,Bronze,강원,2021-05-25,High,631,0
5057,최예준,F,24,Silver,전라,2021-05-03,Medium,576,0
5058,장주원,F,20,Gold,세종,2021-09-26,Medium,762,1
5059,박채원,F,53,Silver,서울,2021-11-24,Medium,665,0
5060,이서윤,M,48,Bronze,부산,2023-05-17,Low,552,0
5061,한진우,M,68,Bronze,제주,2023-02-13,Low,549,0
5062,한선우,M,37,Silver,광주,2021-05-26,Medium,649,0
5063,신채원,M,35,Bronze,제주,2020-12-23,High,661,0
5064,이지호,F,47,Bronze,전라,2024-08-29,Low,564,0
5065,최서연,F,51,Silver,경기,2023-10-22,Medium,656,1
5066,오지호,M,55,Bronze,서울,2021-06-06,Medium,602,1
5067,황서윤,M,55,Gold,대전,2020-09-19,High,740,0
5068,최주원,F,64,Gold,부산,2024-07-02,Medium,725,0
5069,윤채원,M,65,Silver,제주,2021-01-20,Medium,588,1
5070,최채원,M,47,Silver,세종,2021-08-20,High,685,0
5071,장시우,M,46,Silver,경상,2021-05-14,Medium,590,0
5072,신지호,F,42,Gold,세종,2022-07-16,Medium,746,0
5073,장지유,M,64,Bronze,광주,2022-10-31,Medium,666,0
5074,장우진,F,38,Silver,충청,2020-12-06,High,763,0
5075,조서연,F,28,Silver,광주,2020-01-09,High,709,0
5076,박하은,F,53,Gold,광주,2024-06-04,Low,640,0
5077,황지호,F,68,Gold,서울,2021-04-24,Medium,622,0
5078,김수아,M,39,Gold,대구,2020-07-03,Medium,771,0
5079,황수빈,M,52,Bronze,광주,2021-10-15,Low,576,0
5080,임진우,F,20,Bronze,경상,2024-03-08,Low,483,0
5081,최지호,M,28,Bronze,서울,2020-12-06,Low,524,1
5082,황서연,M,45,Silver,광주,2022-01-17,Medium,613,0
5083,조우진,M,55,Gold,서울,2023-11-04,Low,608,1
5084,강예준,M,41,Bronze,세종,2021-03-06,Low,536,0
5085,권지아,M,23,Silver,서울,2024-05-14,High,624,1
5086,황지호,F,32,Bronze,세종,2022-02-14,Medium,586,0
5087,박지아,F,64,Silver,충청,2022-08-06,Low,594,0
5088,신예준,F,41,Silver,제주,2022-01-11,Medium,674,0
5089,조수빈,M,37,Bronze,인천,2022-05-05,High,672,0
5090,권지아,F,57,Silver,경상,2020-04-12,Medium,716,0
5091,황하은,F,68,Silver,강원,2020-03-15,Medium,608,0
5092,최지아,F,36,Silver,인천,2024-06-30,Low,612,1
5093,임수아,F,59,Gold,인천,2020-11-19,Medium,731,0
5094,한지아,F,33,Bronze,경기,2023-11-06,Medium,553,0
5095,정도윤,F,48,Bronze,충청,2020-03-03,Low,498,0
5096,권수빈,F,28,Bronze,서울,2022-02-20,Low,515,0
5097,강주원,M,48,Bronze,전라,2023-10-26,Medium,607,1
5098,조다은,F,50,Bronze,세종,2023-05-26,Medium,592,0
5099,오우진,M,66,Bronze,대구,2024-11-17,Low,435,0
5100,윤도윤,F,69,Silver,경기,2024-07-14,High,665,0
5101,정도윤,F,62,VIP,인천,2023-01-07,Medium,803,0
5102,장선우,M,44,Bronze,세종,2022-04-06,Low,513,0
5103,최예준,F,51,Silver,강원,2022-12-02,Medium,543,0
5104,권민준,F,53,Silver,충청,2020-06-10,Low,600,0
5105,장수아,F,57,VIP,경상,2023-06-30,High,860,0
5106,윤시우,M,49,Gold,인천,2022-01-11,High,795,0
5107,박다은,F,24,Gold,광주,2021-06-01,Medium,650,0
5108,김주원,F,25,Bronze,부산,2023-06-05,Medium,529,1
5109,신민준,M,48,Silver,강원,2024-12-11,High,695,0
5110,오하은,M,55,Bronze,광주,2022-12-31,Low,579,0
5111,황다은,F,21,Gold,충청,2023-09-01,Medium,695,0
5112,강예준,F,59,Bronze,세종,2023-11-17,Low,580,0
5113,신예준,M,25,Bronze,세종,2024-05-11,Low,484,1
5114,윤선우,F,24,Silver,부산,2024-06-17,Medium,607,0
5115,최수빈,M,35,VIP,부산,2020-10-18,Medium,776,0
5116,장채원,F,21,Bronze,대전,2022-03-23,Medium,558,0
5117,임다은,F,21,Bronze,부산,2022-03-18,Medium,610,0
5118,임도윤,F,26,Gold,전라,2022-08-10,High,743,0
5119,장서연,M,64,Gold,강원,2023-06-15,High,758,0
5120,황민준,M,21,Silver,대전,2021-10-20,High,707,0
5121,조선우,F,59,Silver,서울,2020-03-19,Low,514,0
5122,신도윤,M,39,VIP,대구,2020-09-08,Medium,756,0
5123,강선우,F,64,Bronze,세종,2022-05-16,Low,527,0
5124,윤주원,M,35,Gold,광주,2022-06-11,Low,672,0
5125,황지우,M,25,Silver,대구,2024-06-19,Medium,609,0
5126,권서윤,F,23,Bronze,대구,2020-05-13,High,614,1
5127,정지호,F,35,Bronze,전라,2022-04-15,Medium,614,0
5128,강지유,F,47,Bronze,인천,2024-08-02,Low,558,1
5129,신수빈,F,67,Bronze,세종,2023-10-15,Medium,536,1
5130,임선우,M,65,Bronze,충청,2020-08-22,Low,539,0
5131,권도윤,M,41,Bronze,전라,2021-06-20,Low,500,0
5132,박수빈,F,67,Bronze,세종,2023-11-21,Low,532,1
5133,신수아,F,65,Silver,광주,2024-09-30,High,657,1
5134,한시우,M,52,Bronze,광주,2020-02-07,Medium,564,0
5135,황지우,F,23,Bronze,전라,2021-10-07,Low,447,1
5136,조은서,M,62,Bronze,대전,2020-08-10,High,638,0
5137,오지유,F,33,Bronze,인천,2021-11-03,Medium,590,0
5138,조지아,M,68,Silver,대구,2021-07-09,Low,550,0
5139,장민준,F,36,Bronze,서울,2023-04-11,Low,547,1
5140,임지유,M,50,Silver,부산,2020-01-31,Low,541,0
5141,최진우,M,22,Gold,대구,2023-07-22,Medium,615,0
5142,박예준,M,21,Bronze,전라,2022-01-16,Low,408,1
5143,강예준,M,52,Silver,세종,2022-01-30,Medium,613,0
5144,최수아,M,58,Silver,대구,2021-03-01,High,765,0
5145,강지호,F,68,Silver,세종,2022-12-22,Low,560,0
5146,한진우,F,50,Gold,강원,2021-05-11,Medium,687,0
5147,김지호,F,43,Bronze,충청,2024-10-21,Low,494,0
5148,오민준,F,68,Silver,대전,2020-11-18,Medium,604,0
5149,조주원,M,33,Bronze,세종,2020-07-22,Low,526,0
5150,윤도윤,M,57,Silver,서울,2023-09-22,High,645,0
5151,황지우,M,36,Silver,충청,2020-04-06,Low,632,1
5152,조시우,F,50,Bronze,부산,2023-06-11,Medium,591,1
5153,한시우,F,20,Bronze,부산,2023-07-25,Medium,452,0
5154,오민준,M,24,Gold,제주,2021-02-05,Medium,688,0
5155,박은서,M,67,Silver,제주,2023-07-14,Medium,640,0
5156,신예준,F,62,Silver,세종,2020-05-15,Low,610,0
5157,임수아,F,31,Silver,대전,2022-01-20,High,687,0
5158,한우진,M,61,VIP,경상,2022-03-02,High,821,0
5159,최서윤,M,41,Gold,충청,2020-04-05,High,817,0
5160,조예준,F,33,Bronze,강원,2022-02-12,High,610,0
5161,장수아,M,45,Silver,부산,2020-09-24,Low,581,0
5162,정다은,M,22,Silver,제주,2022-03-16,High,732,0
5163,한수아,F,49,Silver,충청,2020-12-02,High,729,0
5164,박은서,M,52,Bronze,세종,2023-06-25,Low,548,0
5165,오서연,M,61,Gold,서울,2024-02-13,High,725,0
5166,조도윤,F,49,Bronze,세종,2023-04-28,High,673,0
5167,오수아,F,60,Silver,경상,2021-10-17,Medium,640,0
5168,황은서,M,21,Bronze,제주,2023-06-19,Low,389,1
5169,한우진,F,53,Silver,경상,2024-10-13,Medium,700,0
5170,정도윤,M,32,Silver,부산,2020-02-20,Medium,698,0
5171,박민준,F,22,VIP,인천,2022-03-15,Low,654,0
5172,최은서,F,38,Bronze,경기,2022-05-19,Medium,602,1
5173,이하은,F,29,Bronze,전라,2021-02-18,High,640,0
5174,윤서윤,F,34,Bronze,서울,2023-01-19,Low,479,1
5175,오시우,M,54,Bronze,강원,2024-01-01,Medium,588,0
5176,장민준,F,39,Bronze,부산,2020-05-03,Medium,577,0
5177,권주원,F,28,Gold,인천,2022-06-30,High,744,0
5178,황하은,F,46,Bronze,부산,2022-01-22,Medium,605,0
5179,황채원,F,32,Bronze,세종,2020-08-22,High,615,0
5180,조선우,F,37,Silver,경상,2024-08-29,Medium,666,0
5181,황수아,F,58,Bronze,대전,2023-01-29,Low,526,0
5182,강서윤,F,49,Silver,대전,2023-01-07,Medium,706,0
5183,오다은,F,68,Gold,충청,2022-02-04,High,702,0
5184,박수아,F,67,Bronze,경기,2021-06-26,Low,451,1
5185,임지유,M,63,Silver,전라,2024-07-18,High,647,0
5186,조수아,M,34,Gold,대구,2022-09-25,Low,596,0
5187,오진우,F,24,Bronze,광주,2023-07-31,Low,431,0
5188,한수아,M,69,Silver,대구,2020-07-06,Medium,570,0
5189,한진우,M,47,Gold,경상,2024-04-13,Medium,708,0
5190,김우진,M,56,Silver,광주,2020-06-20,Medium,695,0
5191,황우진,F,56,Gold,부산,2021-10-20,Medium,833,0
5192,윤은서,M,38,Silver,대구,2023-12-07,Medium,715,0
5193,윤예준,M,26,Bronze,세종,2024-03-06,Medium,610,0
5194,박은서,M,28,Silver,부산,2024-02-02,Medium,645,0
5195,임서윤,F,26,Silver,인천,2023-02-21,Low,613,0
5196,신지우,F,28,Silver,부산,2021-04-02,High,698,0
5197,강선우,M,28,Bronze,강원,2022-08-10,Medium,544,1
5198,이은서,F,67,Silver,세종,2022-05-21,Medium,628,0
5199,신지우,F,45,Bronze,대전,2022-11-22,Low,553,0
5200,이다은,F,24,Silver,부산,2022-01-30,Medium,602,0
5201,장지아,F,36,Bronze,서울,2023-12-28,Low,508,1
5202,황주원,F,63,Silver,강원,2020-03-30,Medium,689,0
5203,장주원,F,27,Gold,전라,2021-05-26,High,748,0
5204,최우진,F,58,Silver,인천,2023-07-28,Low,583,0
5205,황시우,F,28,Silver,제주,2024-03-30,Medium,699,0
5206,황지유,M,39,Gold,대전,2023-12-04,Medium,790,0
5207,이시우,M,26,Bronze,충청,2023-09-05,Medium,551,0
5208,권수아,M,60,Gold,충청,2022-11-03,Medium,682,0
5209,신도윤,F,38,Silver,경상,2020-01-17,Medium,695,0
5210,윤다은,M,40,Silver,강원,2021-11-23,High,748,0
5211,김진우,M,63,Silver,대구,2022-09-25,Medium,646,0
5212,한우진,M,68,Silver,경상,2020-11-23,High,657,0
5213,권예준,F,26,Bronze,제주,2022-03-07,Medium,569,0
5214,최주원,F,36,Silver,대전,2023-08-03,Medium,654,0
5215,박선우,M,30,Gold,대전,2021-10-17,Medium,721,1
5216,김지유,M,62,Bronze,강원,2024-04-22,Low,509,1
5217,오수아,M,20,Silver,부산,2022-07-23,Medium,571,0
5218,윤서윤,M,23,Bronze,부산,2020-01-21,Low,468,1
5219,권수빈,M,68,Silver,경상,2020-12-14,Low,567,0
5220,한예준,M,27,Silver,경기,2021-12-14,Low,640,0
5221,임수빈,M,48,VIP,제주,2023-10-22,Medium,784,0
5222,권은서,F,29,Bronze,대전,2021-03-19,Medium,576,0
5223,최지아,M,65,Bronze,부산,2023-02-19,Low,538,0
5224,한시우,F,42,Bronze,서울,2023-06-02,Medium,549,0
5225,최수아,F,43,Bronze,강원,2021-12-14,Low,617,0
5226,정예준,M,61,Silver,충청,2020-07-18,Low,562,1
5227,임민준,F,40,Bronze,강원,2022-09-26,Medium,651,0
5228,이시우,M,63,Bronze,충청,2021-09-01,High,626,0
5229,강서윤,M,31,Silver,제주,2022-11-06,Medium,637,0
5230,정수빈,M,24,Silver,충청,2020-09-04,Medium,592,0
5231,정도윤,F,54,Bronze,대구,2023-04-16,Medium,623,1
5232,박수빈,F,42,Bronze,서울,2024-12-18,Low,491,1
5233,김서연,M,42,Silver,서울,2020-06-13,Medium,585,0
5234,한도윤,F,40,Bronze,전라,2023-06-17,Medium,596,0
5235,권지유,F,52,VIP,경상,2023-01-25,High,881,1
5236,강수빈,M,28,Bronze,대전,2024-10-21,Medium,511,0
5237,정은서,F,50,Bronze,서울,2020-10-04,Low,505,1
5238,황주원,M,39,Bronze,제주,2022-05-20,High,688,0
5239,신다은,F,30,Bronze,강원,2022-09-08,Low,481,0
5240,김수빈,M,41,Silver,전라,2023-01-03,Medium,672,0
5241,이서연,M,65,Bronze,대전,2021-05-26,Medium,485,0
5242,장민준,F,69,Gold,전라,2020-11-11,High,743,0
5243,신진우,F,42,Silver,부산,2024-05-10,Low,673,0
5244,황선우,F,44,Silver,세종,2022-01-07,Low,601,0
5245,강선우,F,55,Silver,대전,2024-11-30,Medium,763,0
5246,정선우,F,53,Gold,대전,2021-09-26,Low,690,0
5247,이수아,M,23,Gold,광주,2021-12-22,High,706,0
5248,정주원,F,28,Silver,전라,2023-07-07,Low,551,0
5249,윤민준,F,27,Bronze,대구,2022-01-31,High,600,0
5250,윤서연,F,58,Bronze,전라,2020-08-04,Low,475,0
5251,임예준,M,32,Silver,세종,2024-10-18,Low,559,0
5252,박서윤,M,62,Gold,전라,2020-11-06,High,729,0
5253,임주원,F,66,Gold,강원,2020-01-12,Low,611,0
5254,윤지아,M,44,Gold,대구,2023-01-22,Medium,697,1
5255,임선우,F,58,Gold,경기,2021-06-12,High,700,0
5256,임우진,F,69,Silver,경상,2022-11-24,Medium,644,0
5257,장채원,M,45,Bronze,경기,2023-12-05,Low,498,1
5258,오도윤,M,54,Silver,경기,2024-06-04,Medium,602,0
5259,박지호,F,56,Bronze,전라,2024-06-02,High,594,1
5260,조민준,F,40,Bronze,세종,2021-09-04,High,698,0
5261,신수빈,F,41,Bronze,강원,2024-04-10,Low,486,1
5262,권하은,M,46,Silver,부산,2020-03-12,Medium,683,0
5263,권우진,M,53,Bronze,부산,2021-12-14,Low,526,1
5264,오시우,F,57,Bronze,부산,2020-12-27,Low,532,0
5265,김서윤,F,42,Silver,세종,2020-06-07,Low,617,0
5266,윤시우,M,41,Gold,제주,2021-08-02,Medium,608,0
5267,조우진,M,51,Bronze,인천,2021-02-24,High,641,1
5268,장지호,M,44,VIP,전라,2024-10-13,High,941,0
5269,정시우,M,33,Silver,대전,2020-01-05,High,773,0
5270,최수아,F,45,Silver,경상,2022-04-06,Medium,664,0
5271,장다은,M,30,Silver,경기,2022-01-07,Low,602,0
5272,오수아,F,26,Silver,전라,2021-02-09,Medium,617,0
5273,강서연,F,66,Bronze,전라,2021-09-30,Low,486,0
5274,박수아,F,38,Bronze,인천,2024-12-01,Medium,606,1
5275,강지유,M,22,Bronze,경기,2020-08-25,Low,477,0
5276,장은서,M,50,Silver,전라,2020-12-04,High,712,0
5277,윤서연,F,46,Silver,전라,2021-04-06,Medium,639,0
5278,강진우,M,53,Bronze,강원,2021-06-17,Low,563,0
5279,신주원,F,53,Bronze,충청,2023-02-21,High,689,0
5280,최우진,M,49,Bronze,경상,2020-09-14,Medium,549,0
5281,임지아,M,39,Silver,광주,2020-02-23,High,717,0
5282,권예준,F,40,Silver,제주,2023-06-07,Medium,658,0
5283,한예준,F,54,Bronze,충청,2022-10-14,Low,534,1
5284,박지아,M,22,Silver,서울,2020-05-05,Medium,546,0
5285,임하은,M,47,Bronze,세종,2024-09-12,Low,532,0
5286,강진우,M,68,Bronze,제주,2020-07-05,Low,449,0
5287,박서연,M,55,Silver,인천,2024-07-28,High,737,0
5288,신하은,F,20,Bronze,인천,2023-07-26,Medium,574,0
5289,박지우,F,67,Silver,인천,2021-08-11,Medium,646,0
5290,김민준,M,26,Gold,세종,2022-12-14,Low,699,0
5291,한서윤,F,62,Gold,서울,2023-08-05,Medium,692,0
5292,강수아,M,58,Silver,대전,2020-08-26,Medium,641,0
5293,조서윤,F,67,Bronze,대구,2022-04-15,Low,490,0
5294,장은서,F,49,Silver,광주,2021-03-17,Medium,633,0
5295,김수빈,M,20,Bronze,서울,2023-05-08,High,592,0
5296,박다은,M,27,Bronze,광주,2022-05-16,Low,602,0
5297,조지호,F,67,Bronze,제주,2021-02-09,Medium,511,0
5298,한수빈,F,65,Silver,세종,2021-02-04,Medium,592,0
5299,오지아,M,52,Gold,대구,2022-06-04,High,798,0
5300,장수아,M,53,Bronze,경기,2021-02-07,Low,556,0
5301,박서윤,M,41,Bronze,서울,2022-02-27,Medium,566,0
5302,정서연,M,37,Silver,인천,2021-09-29,Medium,602,0
5303,임지우,F,43,Silver,전라,2020-02-23,Medium,688,0
5304,최지유,M,37,Silver,인천,2023-11-22,Low,558,0
5305,최주원,F,27,Silver,부산,2024-10-25,Medium,667,0
5306,최우진,F,52,Bronze,충청,2022-01-17,Low,476,1
5307,황은서,M,41,Gold,서울,2023-04-01,Medium,729,0
5308,강서연,M,42,Bronze,세종,2020-09-21,Medium,646,0
5309,한우진,M,20,Silver,강원,2022-05-12,Low,588,0
5310,장지아,F,63,Silver,세종,2024-01-12,Medium,658,0
5311,오은서,M,37,Silver,경상,2022-01-21,Low,577,0
5312,신예준,M,62,Bronze,세종,2024-09-25,Low,535,0
5313,김서윤,F,28,Bronze,광주,2024-07-02,Low,494,0
5314,신하은,M,68,Bronze,광주,2024-02-22,Medium,512,0
5315,이지우,F,62,Silver,대전,2023-08-13,Medium,660,0
5316,김도윤,F,39,Silver,부산,2021-02-14,Medium,574,0
5317,권지아,F,68,Gold,경상,2020-11-15,High,696,0
5318,박채원,M,38,Bronze,대구,2024-11-13,High,715,0
5319,황우진,F,24,Silver,경상,2021-06-29,High,699,0
5320,권채원,M,61,Bronze,충청,2024-02-18,Medium,607,0
5321,이서윤,M,43,Gold,제주,2022-04-02,High,744,0
5322,조주원,F,38,Silver,강원,2022-04-27,Medium,679,0
5323,김주원,M,49,Silver,경상,2020-03-22,Low,602,0
5324,권지아,M,43,Silver,전라,2021-08-31,Low,585,0
5325,오선우,F,39,Bronze,전라,2020-02-10,High,644,1
5326,신서연,F,30,Bronze,경상,2020-05-26,Low,525,0
5327,황진우,M,21,Silver,충청,2021-03-01,High,691,0
5328,이지우,M,23,Silver,전라,2024-10-01,Medium,601,0
5329,이민준,F,43,Bronze,부산,2020-06-29,Medium,551,0
5330,조채원,M,69,Silver,제주,2022-01-02,Medium,603,0
5331,정선우,M,42,Bronze,광주,2022-04-05,High,626,1
5332,윤다은,M,63,Gold,광주,2024-05-13,High,785,0
5333,이도윤,M,27,Gold,경상,2022-06-08,High,747,0
5334,신지유,M,36,Gold,대전,2020-08-03,Medium,658,0
5335,강민준,F,64,Bronze,인천,2021-10-12,Medium,614,0
5336,윤지호,M,29,VIP,인천,2021-10-21,Medium,822,0
5337,정도윤,M,39,Bronze,강원,2022-11-25,Medium,611,0
5338,임지우,F,69,Bronze,부산,2022-04-14,High,526,0
5339,황진우,M,24,Bronze,충청,2020-07-20,Low,471,1
5340,신은서,M,30,Bronze,충청,2022-07-14,Low,479,1
5341,신진우,M,62,Bronze,제주,2023-08-09,Medium,491,1
5342,이도윤,F,59,Gold,광주,2021-06-26,Medium,699,0
5343,강서연,M,45,Silver,전라,2020-12-21,Medium,603,0
5344,권예준,F,37,Silver,경기,2020-03-17,Medium,652,0
5345,박진우,M,64,Bronze,인천,2024-08-04,Medium,611,0
5346,임선우,M,62,Silver,세종,2022-11-05,High,695,0
5347,장지우,F,23,Silver,제주,2021-04-01,Medium,663,0
5348,최하은,F,49,Silver,서울,2023-02-24,High,745,0
5349,조예준,M,65,Silver,인천,2020-02-03,High,701,0
5350,강하은,M,44,Bronze,대전,2020-04-28,Low,455,0
5351,권채원,F,69,Gold,경기,2024-10-08,Low,617,0
5352,김진우,M,62,Bronze,세종,2022-03-11,Low,509,1
5353,조민준,F,34,Bronze,부산,2021-03-23,Low,422,1
5354,조예준,F,47,VIP,경상,2021-11-28,High,795,0
5355,김서연,F,23,Bronze,서울,2023-01-28,Medium,491,1
5356,오진우,M,42,Bronze,광주,2024-12-30,Medium,623,0
5357,신지호,F,69,Gold,인천,2021-06-19,High,741,1
5358,박은서,M,48,Silver,충청,2020-08-28,Low,610,0
5359,오지아,M,46,Silver,대구,2023-06-03,High,779,0
5360,정진우,M,27,Bronze,대전,2022-06-17,Medium,641,1
5361,오서연,F,32,Bronze,광주,2023-08-07,Low,508,0
5362,강지우,M,59,Silver,경상,2023-01-07,Medium,621,0
5363,김우진,M,33,Silver,대구,2023-02-11,Medium,688,0
5364,강우진,F,24,Bronze,부산,2021-06-13,Low,413,0
5365,윤지아,M,58,Bronze,세종,2020-01-03,Low,531,1
5366,권민준,M,51,Silver,서울,2020-08-24,High,753,0
5367,신민준,M,35,Silver,경기,2024-07-22,Low,665,1
5368,윤지유,F,65,Silver,제주,2024-06-19,Medium,613,0
5369,조지호,M,51,Bronze,대구,2021-10-01,Medium,568,0
5370,정예준,M,47,Bronze,인천,2020-09-13,Low,516,0
5371,오주원,M,47,Gold,광주,2021-07-04,Medium,760,0
5372,조민준,M,53,Bronze,제주,2022-04-24,Medium,501,0
5373,박지호,F,44,Silver,제주,2022-03-31,Low,644,0
5374,권우진,F,37,Silver,충청,2020-05-09,Medium,625,0
5375,장지아,F,46,Gold,전라,2021-09-14,High,795,0
5376,한주원,M,44,Bronze,전라,2020-03-16,Low,597,0
5377,장도윤,F,41,Gold,경상,2022-08-16,Medium,672,0
5378,오우진,F,31,Bronze,서울,2020-01-27,Medium,593,0
5379,박다은,F,30,Bronze,대구,2022-03-29,Low,490,0
5380,황서윤,M,68,Bronze,세종,2022-04-05,Low,450,0
5381,황은서,F,22,Gold,대전,2022-05-24,Low,564,0
5382,박지아,M,67,Silver,대전,2022-01-08,Medium,608,0
5383,최수빈,F,36,Bronze,서울,2023-07-10,Low,525,1
5384,최진우,F,32,Silver,부산,2024-03-08,Medium,584,0
5385,조은서,M,53,Gold,대구,2021-08-25,Medium,725,0
5386,조도윤,M,31,Bronze,경상,2021-04-01,Low,517,0
5387,황우진,M,50,VIP,충청,2024-06-22,Low,692,0
5388,오다은,F,21,Gold,서울,2022-11-21,Medium,631,0
5389,최수아,F,40,Gold,충청,2022-12-16,High,850,0
5390,신지호,M,32,Bronze,강원,2022-12-02,Medium,566,0
5391,신지아,M,42,VIP,제주,2021-09-23,High,861,0
5392,강서연,M,48,Silver,세종,2022-07-03,Low,594,0
5393,김도윤,M,67,Silver,제주,2024-10-07,Medium,640,1
5394,최예준,F,33,Gold,대전,2020-05-19,High,735,0
5395,윤시우,M,42,Bronze,경기,2024-08-28,Medium,604,0
5396,오지호,F,52,Bronze,제주,2024-06-17,Low,589,0
5397,정수아,F,39,Silver,경기,2022-06-27,Medium,644,0
5398,윤우진,M,68,Silver,대구,2024-11-17,Low,493,1
5399,윤시우,M,58,Silver,서울,2024-01-26,High,714,0
5400,한선우,M,63,Silver,충청,2023-09-02,Low,532,0
5401,윤선우,M,60,Bronze,강원,2022-08-28,Low,487,1
5402,정다은,M,38,Silver,부산,2022-07-14,Medium,685,0
5403,신지우,M,46,Bronze,제주,2024-07-23,Low,501,0
5404,황예준,F,43,Silver,세종,2022-01-27,Low,620,0
5405,권시우,M,34,Bronze,충청,2023-07-22,Low,513,1
5406,윤지유,F,41,Gold,전라,2021-09-03,Medium,628,0
5407,한서연,F,48,VIP,대구,2024-12-18,High,880,0
5408,오우진,M,24,Bronze,경상,2023-09-03,Low,451,0
5409,권은서,M,48,Gold,부산,2022-11-13,Medium,753,0
5410,윤지호,F,69,Bronze,부산,2021-07-09,Low,467,0
5411,정수아,M,28,Bronze,충청,2023-11-12,Low,533,1
5412,정서윤,F,23,Gold,제주,2021-06-15,Medium,662,0
5413,김지아,F,52,Silver,경상,2024-01-22,Low,531,0
5414,김수빈,F,45,Gold,대구,2023-09-07,High,716,0
5415,윤주원,M,27,Silver,강원,2022-07-23,High,699,0
5416,조하은,F,30,Gold,세종,2021-03-09,High,711,0
5417,이수아,F,32,Gold,서울,2023-12-01,Medium,713,0
5418,이예준,F,46,Bronze,경상,2020-09-03,Medium,610,0
5419,한예준,F,50,Bronze,대전,2020-12-18,Low,554,0
5420,임서윤,M,36,Silver,전라,2024-12-27,Low,615,0
5421,김주원,M,45,Bronze,경기,2023-07-30,Medium,575,0
5422,강주원,F,64,Gold,광주,2020-11-05,Medium,677,0
5423,김은서,M,38,Bronze,부산,2024-05-10,Medium,594,0
5424,윤하은,M,42,Bronze,강원,2021-01-15,Low,566,0
5425,장하은,F,25,Silver,제주,2023-05-21,Low,571,0
5426,한채원,M,27,Gold,제주,2024-10-02,High,762,0
5427,강수아,M,32,Silver,대구,2020-11-26,Medium,718,0
5428,최수아,M,66,Gold,경기,2020-11-24,High,723,0
5429,조주원,F,69,Bronze,경기,2021-08-21,Low,461,0
5430,권주원,F,22,Gold,경상,2024-07-06,Medium,647,0
5431,장지우,F,55,Gold,서울,2020-05-17,Low,683,0
5432,조우진,F,50,Bronze,강원,2023-11-06,Low,508,0
5433,조선우,F,35,Silver,대구,2023-10-02,Medium,645,0
5434,김예준,M,68,Gold,대전,2024-10-26,Medium,729,0
5435,박민준,F,65,Bronze,대구,2020-10-14,Low,460,0
5436,박지호,M,59,Bronze,대구,2022-07-04,Medium,559,1
5437,신도윤,M,47,Bronze,세종,2023-01-13,Low,583,1
5438,윤지우,M,26,Gold,서울,2021-03-17,Medium,729,0
5439,임선우,M,57,Bronze,충청,2024-12-07,Low,547,1
5440,한지유,F,39,Silver,대전,2020-06-10,Medium,674,0
5441,김예준,M,35,VIP,경상,2024-10-16,High,878,0
5442,정채원,M,25,Bronze,제주,2021-02-14,Medium,543,0
5443,정우진,M,46,VIP,광주,2022-10-07,High,880,0
5444,황지유,F,56,Silver,전라,2024-02-22,Medium,699,0
5445,임지호,F,58,Bronze,경기,2023-05-06,Medium,653,0
5446,김은서,M,35,Silver,경기,2022-09-30,Medium,660,0
5447,오진우,M,21,Bronze,광주,2023-03-21,Medium,493,1
5448,임민준,M,46,Bronze,서울,2020-08-07,Low,482,0
5449,권우진,F,21,Bronze,대구,2021-03-06,Low,429,1
5450,정은서,F,33,Gold,서울,2024-10-07,Medium,768,0
5451,이지유,M,41,Gold,전라,2024-06-08,High,798,0
5452,조서윤,F,63,Bronze,강원,2023-01-24,Low,579,0
5453,오수빈,M,39,Bronze,세종,2020-03-29,Medium,581,0
5454,강하은,F,56,Bronze,인천,2024-01-09,Medium,651,0
5455,황주원,F,26,Gold,전라,2023-03-04,High,765,1
5456,장진우,M,64,Silver,제주,2022-03-30,Medium,657,0
5457,임지유,M,24,Bronze,광주,2023-10-17,Low,528,0
5458,정우진,F,29,Silver,서울,2024-06-11,Medium,632,0
5459,임지우,F,69,Bronze,강원,2024-08-23,Low,409,1
5460,권수빈,M,32,Silver,부산,2022-07-15,Medium,647,0
5461,박서연,F,55,Bronze,대전,2023-03-06,Low,522,0
5462,윤시우,F,55,Gold,부산,2021-06-08,Low,710,0
5463,강하은,F,20,Silver,경상,2020-05-27,Medium,613,0
5464,윤서연,M,22,Bronze,강원,2024-08-05,Medium,617,0
5465,이지우,M,62,Silver,경기,2020-01-18,Low,527,0
5466,강수아,F,29,Silver,광주,2022-06-02,High,660,0
5467,황지우,F,23,Gold,서울,2023-06-07,High,754,0
5468,이다은,F,27,Gold,대구,2022-11-20,Low,676,0
5469,신서연,F,67,Silver,제주,2020-10-04,Low,536,1
5470,권채원,F,53,Gold,경상,2024-09-27,Medium,743,1
5471,이서윤,M,34,Bronze,서울,2020-09-08,Medium,535,0
5472,한예준,F,35,Gold,강원,2024-01-28,Medium,716,0
5473,최예준,F,26,Silver,대구,2021-07-30,Medium,674,1
5474,윤시우,M,40,Bronze,강원,2023-10-12,Low,598,0
5475,신민준,F,66,Bronze,서울,2023-06-13,Low,572,1
5476,한지호,F,54,Gold,인천,2021-11-09,Low,623,0
5477,이민준,F,31,Silver,경기,2020-04-13,Low,568,0
5478,강주원,M,43,Silver,경기,2023-02-04,Medium,676,0
5479,신지유,M,59,Silver,부산,2023-07-07,Medium,669,0
5480,정지우,F,69,Silver,전라,2023-10-04,High,695,0
5481,한서윤,M,29,Bronze,전라,2022-07-28,Low,458,0
5482,최시우,M,22,Silver,광주,2024-09-18,Medium,656,0
5483,최하은,F,43,Bronze,대전,2020-10-07,Low,539,0
5484,정지호,M,21,VIP,경기,2021-03-07,High,827,0
5485,권지아,M,25,Silver,세종,2023-08-08,Medium,613,0
5486,강도윤,M,67,Gold,세종,2022-08-29,High,675,0
5487,조서연,F,56,Silver,충청,2023-08-25,Medium,549,0
5488,오서윤,F,45,Bronze,대전,2023-08-20,Low,482,1
5489,최지유,M,48,Bronze,제주,2021-08-16,Low,517,0
5490,조우진,M,56,Silver,서울,2020-03-23,Medium,656,0
5491,임지아,F,40,VIP,제주,2021-12-30,High,867,0
5492,권다은,M,66,Silver,인천,2023-12-03,Medium,622,0
5493,최수아,M,33,Bronze,경기,2024-07-13,Medium,579,0
5494,이채원,F,67,Bronze,전라,2022-08-23,Medium,579,0
5495,황채원,F,22,Silver,경기,2023-05-21,Low,568,0
5496,신하은,M,43,Silver,세종,2020-09-19,Medium,615,1
5497,최다은,M,40,Bronze,강원,2022-03-31,High,627,0
5498,박지아,F,52,Silver,대구,2023-12-27,Medium,677,0
5499,최주원,M,37,Silver,강원,2022-10-14,Medium,723,0
5500,오주원,M,24,Bronze,세종,2022-12-18,Medium,549,0
5501,김서연,M,66,Silver,대구,2024-05-03,Medium,608,0
5502,윤은서,M,45,Silver,서울,2021-08-09,Medium,697,0
5503,신주원,M,27,Silver,경기,2022-04-13,High,712,0
5504,최지아,F,49,Silver,대전,2022-06-16,Low,645,0
5505,강지우,F,35,Bronze,부산,2023-08-08,Low,573,0
5506,장하은,F,46,Silver,대구,2020-09-04,Low,633,0
5507,정지유,F,62,Silver,세종,2023-07-28,Low,571,0
5508,윤주원,M,39,Bronze,광주,2021-11-21,Low,481,1
5509,김지호,F,32,Gold,대구,2020-08-01,High,777,0
5510,한서윤,F,44,Silver,인천,2021-06-13,High,747,0
5511,신서윤,F,26,Silver,대구,2023-07-23,Medium,618,0
5512,정지우,F,33,Silver,인천,2022-10-31,Low,589,0
5513,김서윤,M,23,Silver,서울,2022-05-06,Medium,599,0
5514,강서윤,M,63,Gold,대구,2022-11-17,Medium,704,0
5515,조주원,M,48,Gold,서울,2020-04-22,Medium,843,0
5516,강예준,M,31,Gold,경상,2020-01-03,Medium,704,0
5517,조진우,F,60,Gold,경상,2024-04-21,Low,691,0
5518,강지우,M,45,Silver,대구,2020-05-27,High,690,0
5519,신서연,M,22,Silver,대전,2022-10-03,Medium,623,0
5520,박수아,M,26,Bronze,경기,2023-11-27,Low,512,0
5521,이은서,F,50,Silver,인천,2024-12-28,Medium,712,0
5522,이시우,M,37,Bronze,인천,2020-03-08,Low,543,1
5523,정우진,M,63,VIP,세종,2022-07-25,High,857,0
5524,임도윤,M,66,Silver,대구,2020-12-02,Medium,645,0
5525,이다은,F,64,Bronze,전라,2024-11-09,Low,593,0
5526,장서연,M,26,Gold,부산,2020-03-08,Medium,685,0
5527,황진우,M,33,Silver,광주,2020-12-02,High,654,0
5528,신선우,M,45,Bronze,전라,2021-01-18,Medium,602,0
5529,임예준,F,46,VIP,경기,2023-12-31,High,905,0
5530,한지아,M,49,Silver,부산,2023-09-10,Medium,704,0
5531,박하은,F,62,Silver,경상,2022-02-28,Medium,639,0
5532,조지호,M,29,Bronze,대전,2023-09-17,Low,499,0
5533,강시우,F,25,Silver,서울,2024-03-31,Low,594,1
5534,임채원,F,22,Silver,부산,2021-10-20,Medium,652,0
5535,박수아,F,31,Bronze,대구,2022-03-24,Low,525,0
5536,김지아,F,25,Gold,충청,2020-03-05,Low,537,0
5537,조수아,M,31,Bronze,세종,2023-05-24,High,674,0
5538,이서윤,F,58,Bronze,전라,2022-07-19,Medium,618,0
5539,이예준,F,28,Bronze,인천,2024-12-07,Low,533,0
5540,이수빈,F,41,Bronze,세종,2022-03-10,High,673,0
5541,한다은,M,30,Bronze,광주,2024-09-17,Low,555,0
5542,조채원,M,51,Silver,부산,2021-04-26,Low,505,0
5543,장우진,M,50,Silver,대전,2024-10-07,Medium,631,0
5544,조채원,F,44,Bronze,서울,2023-01-15,Low,580,0
5545,강채원,F,35,Gold,서울,2021-01-16,Medium,697,0
5546,오채원,M,37,Silver,서울,2023-06-21,High,718,1
5547,황수아,F,25,Silver,전라,2020-08-16,Medium,596,0
5548,권진우,M,57,Gold,인천,2023-11-04,Medium,717,0
5549,장은서,F,56,Silver,인천,2022-10-18,Low,578,0
5550,오수아,F,66,Silver,강원,2021-03-14,High,639,0
5551,한다은,M,52,Gold,충청,2024-08-24,High,728,0
5552,황지호,M,57,Bronze,제주,2020-03-04,Low,509,0
5553,김시우,M,59,Gold,대전,2024-01-21,High,779,0
5554,권지우,M,50,Silver,대구,2020-10-05,Medium,690,0
5555,박다은,M,31,Bronze,경기,2024-06-27,Medium,556,1
5556,이예준,M,69,Bronze,충청,2022-06-25,Medium,558,1
5557,오예준,F,64,Bronze,제주,2020-05-20,Medium,546,0
5558,권진우,F,26,Gold,충청,2022-05-20,Medium,702,0
5559,오도윤,F,40,Bronze,전라,2023-03-23,Medium,591,0
5560,한지호,M,33,Bronze,인천,2023-09-10,High,532,1
5561,오진우,M,57,Bronze,강원,2021-06-22,Low,491,1
5562,조우진,F,57,Bronze,강원,2021-11-27,Low,543,0
5563,조주원,F,61,Bronze,광주,2023-06-23,Low,510,0
5564,조채원,F,45,Gold,인천,2020-10-09,High,769,0
5565,정진우,F,63,Gold,대구,2021-04-25,Medium,741,0
5566,정지우,F,58,Gold,대전,2020-11-14,Medium,710,0
5567,윤다은,F,65,Bronze,인천,2021-01-05,Medium,577,1
5568,한하은,F,32,Bronze,경기,2023-09-30,Low,462,0
5569,임민준,M,36,Silver,경기,2022-07-18,Medium,689,0
5570,장수아,F,20,Silver,부산,2021-04-26,High,664,0
5571,정도윤,M,67,Bronze,경기,2021-03-21,Medium,515,0
5572,정수아,M,64,Silver,경기,2023-05-24,Medium,651,0
5573,이예준,M,32,Bronze,대구,2022-07-02,Low,485,0
5574,최수아,M,40,Silver,세종,2024-06-28,Medium,587,0
5575,박지우,M,45,Bronze,인천,2023-03-12,Low,481,1
5576,장서연,M,52,Bronze,광주,2022-08-01,Medium,559,0
5577,임하은,M,47,Bronze,광주,2021-08-23,Low,565,0
5578,오채원,F,26,Gold,강원,2022-06-07,High,844,0
5579,윤지아,F,25,Silver,대전,2024-08-18,High,685,0
5580,윤수아,F,50,Gold,세종,2023-12-06,High,813,1
5581,임지유,M,24,Gold,세종,2024-06-04,Medium,683,1
5582,한예준,F,28,Bronze,대전,2022-07-03,Low,476,0
5583,정지호,F,30,Bronze,경기,2023-06-15,Low,540,0
5584,황주원,F,67,Bronze,강원,2022-02-27,Low,503,0
5585,정민준,M,58,Bronze,전라,2022-01-14,Medium,601,0
5586,신민준,F,45,Bronze,대전,2020-08-17,Medium,564,0
5587,권시우,M,34,Bronze,세종,2020-09-14,Low,477,0
5588,권진우,M,57,Silver,대구,2020-09-22,Medium,644,0
5589,김은서,F,45,Gold,전라,2024-02-06,High,727,0
5590,신선우,M,32,Gold,부산,2020-10-31,Medium,706,0
5591,윤선우,M,39,Gold,광주,2023-01-02,Medium,708,0
5592,임주원,F,46,Gold,광주,2022-11-14,Low,626,0
5593,한진우,M,29,Silver,전라,2023-11-29,Low,589,0
5594,조서윤,F,26,Gold,제주,2020-08-25,Low,710,0
5595,권우진,F,58,Bronze,광주,2021-02-03,Low,574,0
5596,임선우,F,52,Bronze,인천,2023-05-27,Medium,562,0
5597,신서연,F,65,Gold,광주,2021-10-28,Medium,672,0
5598,권은서,F,34,Gold,충청,2023-12-14,High,802,0
5599,이지유,F,39,Bronze,서울,2023-04-02,Medium,607,0
5600,장지유,F,36,VIP,서울,2024-05-12,High,836,0
5601,오다은,F,21,Gold,대구,2022-08-03,Medium,745,0
5602,윤주원,F,40,Gold,전라,2020-01-01,Medium,706,0
5603,한지유,M,59,Bronze,서울,2022-09-25,Medium,578,0
5604,조하은,F,66,VIP,경기,2023-12-29,Medium,722,0
5605,장지우,M,28,Gold,인천,2024-08-12,High,761,0
5606,박진우,F,22,Gold,경상,2020-07-10,High,702,0
5607,한주원,M,59,Silver,경상,2021-12-12,Low,567,0
5608,오은서,M,36,Bronze,세종,2021-12-07,Low,561,0
5609,강예준,F,38,Gold,대전,2021-04-19,High,798,0
5610,한수빈,F,66,Bronze,광주,2020-05-15,Low,453,1
5611,오지아,M,23,Silver,대구,2020-07-01,Medium,662,0
5612,신시우,F,57,VIP,광주,2023-08-01,Medium,827,0
5613,정하은,F,63,Silver,전라,2021-02-02,Medium,628,0
5614,오서연,F,27,Silver,인천,2024-08-30,Low,523,0
5615,장서윤,M,44,Bronze,대전,2023-09-24,Medium,609,0
5616,조주원,M,63,Gold,제주,2024-08-14,High,784,0
5617,황서연,M,35,Bronze,강원,2021-05-08,Low,595,0
5618,신지우,F,48,Bronze,광주,2021-05-06,Low,533,0
5619,정지호,M,58,Bronze,부산,2021-12-15,Medium,581,0
5620,최진우,F,30,Silver,서울,2023-09-20,High,629,0
5621,정은서,M,23,Gold,세종,2023-07-21,High,761,0
5622,임민준,M,59,Bronze,제주,2022-09-08,Medium,586,0
5623,임수아,F,35,Silver,전라,2024-05-20,Low,609,0
5624,윤수아,M,33,Bronze,인천,2022-06-29,Medium,562,0
5625,권우진,F,54,Bronze,인천,2023-11-18,Medium,557,0
5626,박수아,F,55,Silver,광주,2024-02-22,High,746,0
5627,한하은,F,63,Silver,제주,2021-09-23,Medium,620,1
5628,정서연,F,26,Bronze,경상,2023-01-30,Low,559,0
5629,최지우,M,26,Bronze,세종,2022-07-23,Medium,553,0
5630,오은서,M,56,Gold,부산,2020-12-26,High,746,0
5631,오서연,M,60,Silver,강원,2024-04-09,High,777,0
5632,윤서윤,F,48,Silver,광주,2024-12-16,Low,597,1
5633,최주원,M,61,Gold,제주,2023-05-28,Medium,762,0
5634,오민준,M,30,Silver,세종,2022-03-03,Medium,614,0
5635,임은서,M,27,Bronze,세종,2021-08-08,Medium,592,0
5636,임지유,M,60,Bronze,광주,2022-03-25,Low,525,0
5637,이진우,M,58,Bronze,광주,2024-09-26,Low,453,1
5638,정지호,F,51,Silver,부산,2024-04-07,Medium,632,0
5639,신주원,M,42,Bronze,대구,2024-04-25,Low,450,0
5640,조채원,F,62,Silver,세종,2022-09-22,Low,556,0
5641,장채원,F,23,Silver,충청,2024-02-03,Low,522,0
5642,이지유,M,40,Bronze,광주,2022-04-25,Low,551,1
5643,권서윤,F,36,Silver,충청,2022-10-20,Medium,726,0
5644,신지아,F,46,Bronze,경상,2023-07-10,Medium,613,0
5645,신서윤,F,22,Bronze,경기,2022-05-05,Medium,539,0
5646,한서윤,M,60,Bronze,인천,2021-11-16,Medium,570,1
5647,신수아,M,31,Silver,전라,2024-01-17,Medium,627,0
5648,권지우,F,44,Gold,경상,2020-07-15,Low,637,0
5649,윤시우,F,60,Gold,전라,2020-07-18,High,730,0
5650,신수빈,M,66,Bronze,광주,2021-04-02,Low,459,0
5651,최도윤,F,56,Bronze,충청,2023-10-29,Low,510,1
5652,강은서,F,29,Gold,경상,2022-08-27,Medium,667,0
5653,박민준,M,24,Silver,세종,2023-09-28,Medium,583,1
5654,이지아,F,35,Gold,서울,2023-03-02,Medium,721,0
5655,황서연,F,62,VIP,전라,2024-03-18,High,830,0
5656,한주원,F,23,VIP,경상,2022-01-11,High,743,0
5657,장우진,F,63,Bronze,광주,2023-05-14,Low,513,1
5658,김선우,F,25,Bronze,인천,2023-01-21,Low,516,0
5659,강시우,M,49,Silver,인천,2021-10-26,Medium,655,0
5660,황하은,M,56,Gold,광주,2024-09-05,Medium,676,0
5661,김주원,F,62,Bronze,전라,2022-04-03,High,594,1
5662,신지유,M,30,Bronze,대구,2024-06-02,Low,463,1
5663,권은서,F,69,Bronze,충청,2024-08-26,Medium,585,0
5664,오채원,M,28,Silver,전라,2020-08-14,Low,571,0
5665,한시우,M,47,Bronze,강원,2023-08-13,Medium,587,1
5666,최지유,M,62,Gold,충청,2024-04-11,Low,653,0
5667,임예준,M,41,Bronze,세종,2021-02-24,Low,468,0
5668,황채원,M,33,Silver,충청,2024-11-09,Medium,591,0
5669,임지호,M,66,Silver,세종,2024-12-28,Low,547,0
5670,이지호,M,66,Gold,제주,2022-08-27,Medium,680,0
5671,황서윤,M,32,Gold,부산,2020-12-06,High,730,0
5672,황하은,M,51,Silver,제주,2023-05-17,Medium,633,0
5673,장다은,M,52,Bronze,부산,2023-10-14,Low,541,0
5674,박서윤,M,39,Silver,대구,2023-09-11,Low,616,0
5675,강하은,F,52,Bronze,제주,2023-02-24,High,683,0
5676,신서연,F,29,Bronze,광주,2023-06-28,Low,473,1
5677,신서윤,F,30,Gold,제주,2020-07-18,Medium,696,0
5678,권수아,M,35,Silver,전라,2021-07-18,Medium,617,1
5679,황서연,F,67,Bronze,충청,2020-12-15,Medium,546,0
5680,최지유,M,34,Silver,인천,2024-04-05,High,673,1
5681,황도윤,M,59,Bronze,경상,2022-09-23,Low,366,1
5682,이지호,F,48,VIP,서울,2022-05-04,High,805,0
5683,이지우,F,20,Silver,제주,2023-09-06,Medium,597,0
5684,권우진,F,29,Bronze,인천,2020-08-26,Low,565,0
5685,오도윤,M,60,Bronze,경기,2021-05-06,Medium,604,0
5686,황진우,F,21,Silver,충청,2020-06-18,Low,532,0
5687,장진우,F,42,Silver,경상,2023-04-10,Medium,646,0
5688,권지우,M,38,Silver,제주,2024-09-04,Medium,652,0
5689,이주원,F,46,Gold,대구,2023-04-16,High,781,0
5690,정지아,F,39,Silver,제주,2022-01-13,Medium,704,0
5691,신지아,F,30,Silver,경상,2024-12-22,Medium,580,0
5692,조도윤,M,55,Bronze,서울,2021-05-27,Medium,590,1
5693,황수빈,F,29,Gold,충청,2020-07-19,High,709,0
5694,강시우,M,59,Gold,세종,2022-09-17,Low,671,0
5695,신주원,M,43,Silver,인천,2020-11-30,Medium,682,0
5696,신민준,M,53,Bronze,대구,2024-03-30,High,674,0
5697,박서윤,M,49,Bronze,서울,2022-06-29,Medium,636,0
5698,윤서연,M,47,Gold,부산,2023-05-05,Low,694,0
5699,한수빈,F,49,Gold,광주,2020-11-22,High,821,0
5700,한주원,F,42,Bronze,강원,2024-05-27,Low,535,0
5701,최서윤,M,53,Bronze,제주,2024-04-27,Low,581,0
5702,강선우,M,53,Gold,경기,2024-06-24,Low,630,0
5703,박수빈,M,51,Bronze,경상,2023-02-21,Medium,632,0
5704,최우진,F,41,Gold,대구,2021-02-04,High,828,0
5705,윤하은,F,28,Bronze,대구,2020-04-13,Low,551,0
5706,정지우,F,69,Gold,전라,2024-04-30,Medium,636,1
5707,김은서,M,63,Bronze,제주,2022-07-30,Medium,549,0
5708,최민준,F,68,Bronze,대구,2021-06-05,Low,499,1
5709,임민준,F,27,Bronze,경기,2020-12-08,Medium,533,0
5710,황은서,M,23,Gold,경기,2023-03-11,Low,586,0
5711,한서윤,F,68,Gold,대구,2021-08-18,Medium,579,0
5712,임진우,M,42,Gold,강원,2021-03-07,High,906,0
5713,임주원,F,52,Silver,경기,2022-05-22,Medium,673,0
5714,장서연,M,43,Silver,서울,2024-03-18,High,704,0
5715,김하은,M,34,Gold,인천,2021-11-26,Medium,703,0
5716,최예준,F,68,Silver,세종,2024-10-29,Medium,616,0
5717,황다은,M,55,Silver,제주,2022-07-12,Low,612,0
5718,정지유,M,44,Gold,서울,2020-12-27,High,769,0
5719,이수빈,M,32,Silver,세종,2020-10-01,Medium,656,0
5720,황서연,M,68,Bronze,서울,2020-11-11,Medium,554,0
5721,김지유,M,44,Bronze,전라,2021-08-26,Low,589,1
5722,박진우,M,40,Silver,제주,2022-03-16,Medium,640,0
5723,오시우,F,44,Gold,경기,2022-06-04,Medium,724,0
5724,권서연,M,44,Silver,광주,2024-03-11,Low,640,0
5725,박우진,F,30,Bronze,대구,2022-06-13,Medium,614,1
5726,조다은,F,24,Silver,전라,2022-06-20,Medium,560,0
5727,강도윤,M,68,Gold,경상,2024-03-29,High,781,0
5728,박지유,F,58,Silver,서울,2022-02-07,Medium,654,0
5729,임예준,M,64,Bronze,대구,2024-10-07,Low,463,0
5730,이하은,F,22,Gold,대전,2024-09-28,High,726,0
5731,임은서,F,31,Bronze,경기,2024-04-30,Low,502,1
5732,박시우,M,25,Silver,전라,2024-02-27,Medium,579,0
5733,윤은서,M,65,Silver,강원,2020-02-24,Medium,573,0
5734,강지유,M,47,Silver,대구,2023-07-21,Medium,662,0
5735,임주원,F,36,Gold,경상,2021-08-21,Low,635,0
5736,신지아,M,44,Silver,제주,2022-09-04,Medium,622,0
5737,임다은,F,23,Bronze,세종,2022-12-06,Low,541,0
5738,박도윤,M,23,Bronze,경기,2021-11-14,Low,417,0
5739,조주원,F,43,Gold,충청,2021-03-31,Medium,779,0
5740,이진우,M,49,Silver,부산,2022-06-18,Low,548,1
5741,김지우,F,59,Bronze,부산,2021-10-13,High,627,0
5742,김지유,M,31,VIP,경상,2021-05-18,High,752,0
5743,한민준,M,38,Silver,대전,2021-07-14,Low,683,0
5744,임지아,M,62,Gold,대전,2022-10-06,High,823,0
5745,조진우,M,29,Bronze,제주,2024-05-02,Low,534,1
5746,이주원,M,32,Bronze,제주,2021-05-23,Low,490,0
5747,임주원,M,53,Silver,세종,2023-04-25,High,644,0
5748,최하은,F,56,Bronze,세종,2021-12-07,Low,525,0
5749,조서연,M,22,VIP,대전,2023-07-29,High,774,0
5750,김은서,F,23,Gold,부산,2020-09-27,High,694,0
5751,신예준,F,67,Bronze,강원,2020-01-18,Medium,627,0
5752,신주원,M,20,Silver,서울,2020-07-24,High,661,0
5753,박지우,M,30,Bronze,강원,2024-08-24,Medium,624,0
5754,권서연,M,24,Bronze,강원,2020-05-19,Low,472,0
5755,신시우,M,20,Bronze,세종,2022-06-12,Low,542,1
5756,이지아,F,25,Gold,제주,2024-05-10,Low,605,0
5757,박수빈,M,67,Gold,경기,2023-03-08,High,742,0
5758,황도윤,F,27,Silver,인천,2020-08-10,High,602,0
5759,김지우,F,36,Bronze,제주,2024-07-26,Low,530,1
5760,정서윤,M,53,Bronze,제주,2020-10-17,Low,544,0
5761,정선우,M,41,Bronze,광주,2023-06-19,Low,480,1
5762,박시우,M,46,Gold,광주,2021-01-02,High,885,0
5763,한도윤,F,52,Silver,경기,2024-09-24,Medium,665,1
5764,이우진,M,20,Gold,제주,2022-12-09,Medium,682,0
5765,오주원,F,39,Silver,인천,2020-12-30,Medium,659,0
5766,임서연,M,39,Bronze,부산,2020-03-05,Low,535,0
5767,조예준,F,68,Bronze,인천,2023-03-08,Medium,474,0
5768,권채원,F,59,Silver,전라,2020-03-26,Medium,568,0
5769,이채원,F,58,Silver,대구,2024-08-27,Low,529,0
5770,황채원,F,49,Silver,경기,2021-05-17,Medium,605,0
5771,윤하은,F,32,Silver,세종,2022-10-25,Low,598,0
5772,권주원,M,29,Bronze,제주,2020-12-21,Low,584,0
5773,조도윤,F,68,Bronze,전라,2021-08-15,Medium,584,0
5774,정채원,F,41,Bronze,전라,2020-04-30,Medium,542,0
5775,오민준,M,61,Gold,대구,2021-04-23,High,723,0
5776,정지유,M,55,Bronze,인천,2021-03-16,Medium,664,0
5777,신도윤,M,33,Silver,대전,2022-11-20,Low,648,0
5778,오채원,F,69,Silver,광주,2021-09-13,Medium,603,0
5779,한민준,M,64,Bronze,서울,2020-08-19,Medium,586,0
5780,신은서,M,43,Bronze,세종,2020-01-17,High,603,0
5781,이하은,M,42,Bronze,강원,2020-08-09,Low,549,0
5782,임시우,M,55,Gold,광주,2023-01-21,Medium,711,0
5783,조도윤,M,56,Bronze,대전,2021-02-17,Low,455,1
5784,황주원,M,27,Bronze,광주,2020-05-11,High,638,0
5785,장지호,M,21,Bronze,대구,2021-08-26,Medium,583,0
5786,신민준,F,41,Silver,대구,2020-10-26,Medium,674,0
5787,최수빈,M,60,Silver,대전,2024-11-03,High,710,0
5788,오수아,M,25,Silver,경기,2024-03-09,High,724,0
5789,권은서,F,25,Silver,대구,2024-10-07,Low,605,0
5790,임수아,M,44,Bronze,제주,2021-06-10,Low,593,0
5791,정우진,M,66,Silver,경상,2020-05-09,Medium,589,0
5792,오은서,F,39,Bronze,광주,2022-12-26,Medium,656,0
5793,최수빈,F,51,Bronze,인천,2024-06-19,Low,474,1
5794,정도윤,F,56,Silver,충청,2023-01-17,High,651,0
5795,정도윤,F,64,Silver,경상,2023-08-26,Low,584,1
5796,한진우,F,27,Gold,세종,2022-07-01,Medium,716,0
5797,강우진,M,66,Silver,경상,2023-06-23,Medium,594,0
5798,임서윤,M,35,Silver,제주,2021-05-09,Low,618,0
5799,김서연,M,61,Silver,광주,2021-02-04,Medium,656,0
5800,조우진,F,51,Bronze,부산,2020-08-04,Medium,575,0
5801,정지유,F,22,Gold,경기,2024-02-20,Medium,714,0
5802,한우진,F,55,Gold,인천,2024-12-31,High,799,0
5803,박하은,F,25,Silver,충청,2021-09-24,Medium,561,0
5804,윤지호,M,40,Bronze,충청,2021-03-17,Medium,567,0
5805,장진우,M,23,Bronze,제주,2024-08-08,Medium,595,1
5806,조서윤,F,33,Bronze,제주,2021-07-28,Medium,528,0
5807,권하은,F,25,Bronze,서울,2023-08-12,Low,541,0
5808,한다은,F,29,Bronze,세종,2022-09-12,Medium,609,0
5809,조주원,M,23,Bronze,세종,2024-10-29,Low,490,1
5810,임진우,M,63,Bronze,인천,2024-02-09,Low,506,0
5811,오예준,F,56,Bronze,대구,2020-06-10,Medium,582,1
5812,황지호,M,40,Silver,전라,2023-12-19,Medium,638,0
5813,김서윤,F,67,Bronze,경기,2022-11-26,High,577,1
5814,최채원,M,30,Gold,광주,2024-02-23,High,702,0
5815,박지우,M,47,Bronze,대전,2020-07-10,Medium,655,0
5816,최은서,F,25,Bronze,대구,2022-11-12,Medium,523,0
5817,정지아,M,21,VIP,전라,2021-08-21,Medium,776,0
5818,오다은,F,38,Gold,대구,2022-05-10,Medium,672,0
5819,신지유,M,52,Gold,대전,2021-05-15,High,802,0
5820,황수아,F,32,VIP,세종,2024-02-13,High,864,0
5821,권예준,F,23,Silver,서울,2021-01-17,Low,555,0
5822,조채원,F,22,Bronze,충청,2023-08-05,Low,473,1
5823,황지유,M,47,Gold,서울,2022-05-11,Medium,703,0
5824,최지우,F,68,Bronze,세종,2021-07-09,Low,499,0
5825,정지호,M,63,Silver,전라,2024-03-21,Low,594,0
5826,권우진,F,57,Bronze,대전,2020-04-12,High,660,0
5827,장지우,M,52,Silver,대전,2023-07-18,Medium,680,0
5828,한진우,M,50,Gold,경기,2022-11-02,Medium,721,0
5829,장하은,F,58,Gold,대전,2021-11-11,High,817,0
5830,강주원,F,67,VIP,강원,2020-03-06,Low,608,0
5831,윤도윤,M,28,Silver,대구,2023-05-07,Low,549,0
5832,박선우,M,45,Bronze,광주,2024-06-13,Low,587,0
5833,윤우진,M,33,Gold,충청,2024-04-21,Medium,752,0
5834,강지우,F,63,Bronze,제주,2021-01-08,Low,479,0
5835,임수아,F,47,Bronze,경기,2020-07-09,Low,560,0
5836,조도윤,M,44,Gold,경기,2022-07-22,High,760,0
5837,강시우,M,46,Gold,경기,2024-11-13,Medium,765,0
5838,강민준,M,32,Silver,서울,2024-01-01,Medium,628,0
5839,조선우,F,40,Silver,전라,2024-03-05,Medium,654,0
5840,박하은,F,33,Bronze,강원,2023-09-12,Medium,537,0
5841,황도윤,F,52,Silver,세종,2022-08-22,Medium,732,0
5842,신지호,F,24,Gold,제주,2023-09-24,High,747,0
5843,오채원,F,64,Silver,충청,2022-05-28,Medium,648,0
5844,윤다은,M,34,Silver,인천,2021-11-26,Low,625,0
5845,장수아,F,25,VIP,광주,2024-05-09,High,873,0
5846,임주원,F,44,Silver,제주,2020-11-17,Low,571,0
5847,황채원,F,60,VIP,부산,2024-12-31,High,838,0
5848,윤주원,F,39,Bronze,서울,2024-11-01,Low,572,0
5849,장시우,M,57,Silver,경기,2024-03-14,Low,599,0
5850,황민준,M,62,Bronze,대구,2020-03-13,Low,526,0
5851,오선우,M,50,Bronze,경기,2024-12-12,Low,500,0
5852,황서연,M,25,Bronze,대전,2022-03-24,Medium,486,0
5853,오지유,M,52,Bronze,세종,2022-11-07,Low,448,0
5854,장수빈,F,42,Bronze,전라,2023-12-13,Low,535,0
5855,황지유,F,64,Silver,경기,2020-07-21,Medium,603,0
5856,권지아,F,24,Bronze,충청,2020-04-20,Low,454,0
5857,황서윤,M,60,Bronze,제주,2021-12-26,High,563,0
5858,신우진,M,68,Silver,강원,2022-03-25,Medium,595,0
5859,장은서,F,29,VIP,부산,2021-01-18,Medium,813,0
5860,김도윤,M,36,Gold,대구,2024-03-26,High,771,0
5861,조지유,M,34,Gold,인천,2024-09-14,Medium,673,1
5862,오진우,F,64,Gold,서울,2023-01-10,High,733,0
5863,한진우,M,68,Bronze,세종,2020-04-20,Medium,520,0
5864,윤예준,M,29,Bronze,충청,2022-07-07,Medium,614,0
5865,이우진,F,39,Bronze,대전,2024-03-17,High,639,0
5866,강우진,M,63,Bronze,강원,2024-08-12,Low,538,0
5867,임지유,M,24,Gold,서울,2020-03-06,Medium,635,0
5868,신민준,M,37,Gold,전라,2022-07-12,High,863,0
5869,정서윤,M,51,Bronze,부산,2020-06-07,Medium,604,1
5870,황주원,M,52,Silver,세종,2024-11-19,Low,584,1
5871,이다은,F,58,Bronze,전라,2024-07-26,Low,571,0
5872,한은서,M,26,VIP,경기,2022-10-10,High,809,0
5873,장지우,M,65,Silver,경기,2022-09-10,Low,614,0
5874,임채원,M,25,Gold,대구,2023-11-08,High,753,0
5875,황시우,F,25,Bronze,대전,2023-12-02,Low,498,1
5876,박다은,M,37,Silver,서울,2022-05-18,Medium,651,0
5877,황채원,F,30,Bronze,부산,2022-06-23,Low,495,1
5878,황주원,M,31,Gold,충청,2023-03-14,Low,608,0
5879,한은서,M,51,Silver,경상,2022-09-06,High,788,0
5880,김지우,M,61,Silver,대전,2024-05-05,High,604,0
5881,강서윤,F,52,Bronze,대구,2021-02-05,High,672,0
5882,장서연,F,38,Silver,광주,2024-09-02,Medium,659,0
5883,이수빈,F,54,Bronze,대구,2023-05-15,Low,503,0
5884,오서윤,M,33,Bronze,인천,2020-12-07,Medium,572,0
5885,조선우,F,21,Bronze,부산,2022-08-21,Medium,604,0
5886,강지아,F,50,Bronze,대전,2024-12-21,Medium,582,1
5887,박시우,F,38,Gold,강원,2020-08-16,High,806,0
5888,김시우,M,28,Gold,대전,2021-09-18,Medium,739,0
5889,강민준,F,40,Silver,경상,2023-08-17,Medium,668,0
5890,한채원,F,31,Gold,전라,2021-06-02,Medium,742,0
5891,최수빈,M,63,Bronze,서울,2022-09-12,Low,530,0
5892,신선우,F,37,Gold,세종,2023-09-03,Medium,743,0
5893,권예준,F,58,Gold,제주,2024-05-19,Medium,721,0
5894,최선우,M,66,Gold,세종,2024-08-04,Medium,750,0
5895,장예준,M,42,Silver,세종,2021-03-06,Medium,645,0
5896,조지유,M,67,Gold,광주,2020-03-17,Medium,577,0
5897,임은서,M,50,Silver,세종,2021-04-21,Low,592,0
5898,김예준,F,58,Silver,전라,2021-02-07,Low,595,0
5899,박은서,F,23,Silver,세종,2020-11-11,Low,583,0
5900,장지호,M,48,Silver,세종,2024-02-26,Low,653,0
5901,장채원,F,62,Bronze,경상,2023-05-17,Low,495,0
5902,강진우,F,36,Bronze,강원,2024-05-31,Low,531,0
5903,최서연,F,33,Bronze,대구,2020-03-28,Low,526,0
5904,김수아,M,29,Silver,강원,2023-11-20,Medium,665,0
5905,강하은,F,69,Bronze,충청,2023-01-03,Low,480,1
5906,정민준,F,35,Bronze,세종,2021-01-08,Medium,578,0
5907,최은서,F,50,Bronze,제주,2022-03-23,Low,524,0
5908,장지아,M,52,Bronze,경상,2021-12-27,Low,533,0
5909,김민준,F,47,Bronze,경상,2023-03-10,Medium,584,0
5910,강민준,F,24,Bronze,충청,2020-02-28,Medium,510,0
5911,오수아,F,66,Bronze,광주,2021-07-13,Medium,523,1
5912,조지아,F,26,Bronze,세종,2022-10-19,Low,579,0
5913,한주원,F,29,Gold,인천,2023-11-29,Medium,736,0
5914,신도윤,M,35,Bronze,서울,2020-10-29,Low,506,1
5915,신지유,M,50,Bronze,제주,2024-11-23,Low,483,0
5916,오진우,M,54,Bronze,광주,2020-08-09,Medium,551,0
5917,장예준,M,27,Bronze,강원,2024-12-29,Low,566,1
5918,강민준,M,21,Silver,제주,2023-06-19,Medium,692,0
5919,강선우,F,56,Gold,충청,2023-09-17,High,779,0
5920,조도윤,M,33,Gold,경기,2021-09-13,Medium,734,0
5921,임지아,F,69,Gold,충청,2024-06-29,Medium,627,0
5922,조진우,M,33,Bronze,부산,2023-02-03,High,593,0
5923,강진우,M,50,VIP,경상,2023-09-12,High,819,0
5924,권채원,M,46,Bronze,전라,2024-05-27,High,660,1
5925,권다은,F,22,Bronze,강원,2023-08-20,Medium,515,1
5926,조진우,M,53,Gold,대구,2021-10-05,High,792,0
5927,신선우,F,28,Silver,부산,2020-01-16,Low,592,0
5928,이선우,F,23,Silver,서울,2023-02-20,Low,580,0
5929,임하은,M,61,Silver,대구,2023-12-08,Low,490,0
5930,강시우,M,55,Bronze,대구,2020-02-01,Low,651,0
5931,권채원,F,39,Silver,충청,2024-04-27,High,637,1
5932,강시우,F,39,Silver,서울,2021-11-19,Medium,665,0
5933,김서연,F,45,Bronze,충청,2023-08-21,Low,529,1
5934,김하은,M,69,Bronze,경상,2021-03-28,Low,519,1
5935,조지유,F,47,Bronze,광주,2020-02-29,Low,478,0
5936,한지유,F,47,Silver,강원,2024-12-30,Medium,613,0
5937,윤진우,M,57,Gold,충청,2021-09-23,Medium,713,0
5938,임서연,M,40,Bronze,경기,2023-11-22,Low,557,0
5939,오예준,M,57,Gold,인천,2022-07-22,Medium,719,0
5940,신지아,M,36,Bronze,부산,2020-12-10,High,599,1
5941,한진우,M,28,Silver,대전,2024-04-09,Medium,644,0
5942,황수빈,M,34,Bronze,제주,2021-05-25,High,663,0
5943,장수아,M,36,Silver,인천,2021-05-26,Medium,727,0
5944,조우진,M,67,Bronze,강원,2022-06-26,Medium,506,1
5945,강채원,F,45,Bronze,강원,2022-03-15,Medium,529,0
5946,황수빈,M,22,VIP,광주,2023-02-13,High,786,0
5947,황우진,M,40,Silver,광주,2024-11-06,Low,671,0
5948,한수빈,F,49,Silver,강원,2023-07-25,High,674,0
5949,임시우,M,38,Bronze,강원,2024-11-19,Low,496,0
5950,신하은,F,37,Silver,경기,2024-12-24,Medium,720,0
5951,정하은,F,25,VIP,대전,2022-01-14,High,855,0
5952,장지유,F,40,Bronze,부산,2024-05-10,Low,566,0
5953,최다은,F,47,Silver,충청,2023-06-25,Low,596,0
5954,정지아,M,34,Bronze,강원,2020-07-28,Low,501,1
5955,조채원,F,52,Bronze,충청,2023-08-16,Medium,584,0
5956,박수빈,M,45,Gold,광주,2023-01-05,Low,660,0
5957,신우진,M,25,Bronze,경기,2023-07-14,Medium,558,0
5958,권하은,F,20,Gold,강원,2021-08-15,Medium,656,0
5959,윤진우,M,48,Gold,인천,2021-04-09,Medium,785,0
5960,조지호,F,55,Gold,인천,2021-12-10,Medium,692,0
5961,장시우,M,27,Gold,경상,2024-03-18,High,740,1
5962,윤지아,F,37,VIP,세종,2021-02-03,High,812,0
5963,한채원,M,67,Silver,대전,2021-11-30,Medium,548,1
5964,이선우,M,67,Silver,인천,2021-11-04,High,621,0
5965,임도윤,F,41,Silver,충청,2023-09-18,High,786,0
5966,조수아,F,55,Silver,경기,2022-05-22,Low,660,0
5967,윤서연,F,36,Bronze,경기,2021-09-15,Medium,602,0
5968,강서윤,M,26,Bronze,대전,2023-06-09,High,649,0
5969,한하은,F,63,Bronze,경기,2021-12-19,Low,516,0
5970,장시우,M,66,Bronze,부산,2021-07-01,High,634,0
5971,이민준,M,51,Gold,광주,2022-09-13,Medium,716,0
5972,정진우,F,26,Silver,경상,2023-08-27,Medium,611,0
5973,최수빈,F,33,Silver,서울,2024-11-20,Medium,605,1
5974,권선우,M,54,Silver,강원,2022-11-28,Low,581,0
5975,장지아,M,49,Bronze,부산,2023-08-28,Low,559,0
5976,김지아,F,37,Silver,서울,2021-04-28,High,666,1
5977,한민준,F,42,Bronze,경기,2023-10-12,Low,550,0
5978,최우진,M,21,Gold,전라,2024-08-14,High,734,0
5979,박주원,M,30,Gold,세종,2021-03-30,Medium,683,0
5980,최지우,F,22,Silver,서울,2021-06-17,Medium,586,0
5981,강지우,M,46,Bronze,전라,2022-01-19,Medium,623,0
5982,강우진,F,32,Bronze,광주,2020-07-16,Medium,669,0
5983,신은서,F,38,Gold,서울,2023-07-21,High,793,0
5984,오주원,M,49,Silver,서울,2023-12-05,Medium,668,0
5985,오수아,M,44,Silver,제주,2020-05-21,Medium,702,0
5986,조지아,M,61,Bronze,인천,2023-11-30,Medium,520,1
5987,권서윤,F,22,VIP,인천,2023-01-10,Medium,727,0
5988,정우진,F,49,Bronze,충청,2021-01-19,Low,523,0
5989,황진우,F,43,Bronze,강원,2023-03-03,Medium,568,0
5990,윤도윤,M,58,Silver,세종,2022-07-27,Medium,690,0
5991,이서윤,F,47,Gold,부산,2022-05-26,Medium,673,0
5992,이민준,M,30,Gold,경기,2021-05-17,High,791,0
5993,오선우,F,42,Bronze,전라,2024-05-10,Low,533,1
5994,장우진,F,38,Bronze,제주,2021-11-10,Low,550,0
5995,임선우,M,59,Silver,강원,2021-02-14,Medium,655,0
5996,최서연,M,41,Bronze,제주,2021-11-26,Medium,611,1
5997,이다은,M,63,Bronze,제주,2022-02-16,Medium,625,0
5998,장진우,M,67,Silver,경기,2022-01-03,Medium,533,0
5999,황하은,M,54,VIP,경기,2020-03-20,Medium,815,0
6000,오지우,M,57,Silver,광주,2020-08-06,High,668,0
6001,조은서,M,28,Gold,강원,2021-12-28,Low,738,0
6002,조수아,M,46,Bronze,경상,2020-09-18,Medium,658,0
6003,최다은,M,41,Bronze,대구,2021-10-21,Medium,560,0
6004,윤수빈,M,69,Bronze,경기,2023-10-22,Medium,508,1
6005,임하은,M,31,Silver,대구,2021-01-16,High,717,0
6006,강시우,F,59,Bronze,부산,2021-01-28,Low,564,0
6007,임우진,M,22,Bronze,광주,2022-06-29,High,566,0
6008,이지유,F,41,Silver,세종,2023-02-19,Low,611,0
6009,신서윤,F,20,Bronze,부산,2021-11-06,Medium,599,0
6010,임은서,F,52,Bronze,경기,2023-05-13,Low,543,1
6011,오수빈,F,51,Bronze,대전,2023-03-12,Low,480,0
6012,임하은,F,55,Bronze,전라,2022-07-31,Medium,570,1
6013,최지호,M,22,Gold,경기,2022-01-11,High,641,0
6014,조우진,F,33,Silver,부산,2020-12-05,Low,583,1
6015,장진우,F,46,Bronze,강원,2022-06-05,Low,570,0
6016,오시우,M,24,Gold,인천,2020-05-17,High,714,0
6017,조지유,M,39,Bronze,대구,2024-09-21,Low,556,0
6018,한지아,M,25,VIP,광주,2022-06-17,High,739,0
6019,황우진,M,62,Bronze,세종,2021-11-07,Low,597,0
6020,임도윤,F,59,Silver,부산,2021-11-10,Low,603,0
6021,정서윤,M,26,Silver,대구,2024-04-24,Medium,638,0
6022,황수빈,F,22,Silver,전라,2024-04-08,High,635,0
6023,장하은,M,63,Silver,전라,2023-03-22,Low,568,0
6024,이도윤,M,39,Bronze,대구,2020-01-05,Medium,531,1
6025,강민준,M,65,Gold,대구,2022-09-08,Medium,656,0
6026,황수아,F,36,Gold,인천,2020-12-17,Medium,631,0
6027,박도윤,F,64,Gold,충청,2024-02-24,Low,643,0
6028,조민준,F,28,Silver,강원,2020-06-20,Medium,666,0
6029,정지우,F,63,Gold,충청,2023-12-03,Medium,701,0
6030,강서윤,F,47,Silver,인천,2020-02-09,Medium,587,0
6031,장하은,M,29,Silver,제주,2022-02-25,Medium,716,0
6032,장서연,F,20,Gold,충청,2024-04-09,Medium,647,0
6033,김은서,F,63,Gold,경기,2024-08-28,Medium,703,0
6034,한우진,M,27,Silver,인천,2023-10-05,Low,594,0
6035,최다은,F,20,Silver,서울,2021-09-23,Low,556,0
6036,장주원,M,69,Silver,세종,2020-06-25,Medium,677,1
6037,이도윤,M,35,Gold,서울,2021-02-12,Low,713,0
6038,신채원,F,48,Bronze,경기,2021-01-25,Low,625,0
6039,황하은,F,25,Silver,강원,2021-04-09,Medium,706,0
6040,박지우,F,61,Silver,경기,2022-01-23,Medium,634,0
6041,임은서,M,33,Bronze,전라,2021-09-29,Low,521,0
6042,한도윤,M,65,Silver,세종,2020-06-29,Medium,620,0
6043,황우진,F,25,Bronze,대구,2021-10-27,Medium,513,1
6044,황도윤,M,39,Silver,광주,2024-01-25,High,709,0
6045,윤은서,M,65,Silver,대전,2021-12-28,Low,501,0
6046,최지유,M,27,Bronze,세종,2020-01-01,Low,523,0
6047,김채원,F,25,Gold,경상,2024-05-30,Medium,738,0
6048,정주원,M,20,Bronze,세종,2024-12-27,Medium,554,1
6049,최지우,F,60,VIP,부산,2023-08-25,High,843,0
6050,강지우,F,58,Bronze,부산,2024-08-08,Low,522,0
6051,박주원,M,66,Gold,대전,2021-06-19,Medium,705,0
6052,장다은,F,50,Bronze,대전,2022-09-08,Low,525,0
6053,조은서,F,65,Gold,제주,2020-07-01,Medium,685,0
6054,장수빈,M,26,Bronze,서울,2020-12-16,Low,530,0
6055,권다은,M,58,Silver,경기,2021-08-30,Low,576,0
6056,이지아,F,42,Silver,경기,2022-05-01,Low,622,0
6057,장지아,F,64,Gold,서울,2024-08-04,Medium,766,0
6058,윤진우,F,65,Silver,대구,2024-05-13,High,607,1
6059,황예준,F,24,Bronze,광주,2023-06-13,Medium,557,0
6060,윤선우,M,55,Silver,제주,2024-12-17,High,698,0
6061,최서연,M,38,Bronze,세종,2024-02-17,Low,526,1
6062,박서연,M,50,Gold,전라,2020-10-11,Low,607,0
6063,한지유,F,64,Bronze,경기,2023-11-22,Low,490,0
6064,윤지우,M,32,VIP,부산,2021-05-11,High,817,0
6065,최수아,F,24,Gold,경기,2021-05-08,Medium,732,0
6066,윤수아,F,58,Gold,강원,2022-08-16,High,757,0
6067,장서윤,M,45,VIP,강원,2024-01-02,High,901,0
6068,신채원,F,26,Silver,전라,2021-06-16,Low,630,0
6069,윤시우,M,21,Bronze,인천,2024-08-06,High,556,0
6070,권수빈,F,56,Bronze,경기,2023-04-18,Low,504,0
6071,김서윤,M,24,Gold,제주,2020-01-10,Medium,684,0
6072,정지호,M,68,Bronze,경상,2023-07-20,Medium,597,0
6073,황우진,M,60,Silver,서울,2022-07-19,Low,561,1
6074,정지아,M,30,Silver,충청,2020-12-06,Medium,739,0
6075,김지우,F,61,Silver,경기,2024-06-18,Low,613,0
6076,한채원,M,37,Bronze,강원,2024-02-26,Low,555,0
6077,권하은,F,34,Gold,강원,2020-07-31,High,845,0
6078,오지아,M,22,Gold,대전,2020-11-21,High,737,0
6079,강은서,F,27,Bronze,인천,2022-01-07,Low,517,0
6080,신채원,M,40,Silver,경기,2024-06-24,High,688,0
6081,신시우,F,46,Bronze,대구,2024-07-08,Low,545,0
6082,김하은,M,31,Bronze,전라,2020-07-25,Low,488,0
6083,권도윤,M,26,Silver,강원,2020-06-15,Low,586,0
6084,김지우,M,69,Bronze,부산,2024-12-27,Medium,528,0
6085,조선우,M,52,Silver,경기,2024-05-25,Medium,683,0
6086,최도윤,F,34,Bronze,대전,2022-10-11,Low,515,0
6087,박주원,M,45,Silver,인천,2022-08-06,Medium,630,0
6088,장주원,M,54,Gold,충청,2021-02-11,Medium,697,0
6089,정다은,F,67,VIP,경기,2020-01-26,High,805,0
6090,김수빈,M,31,Bronze,인천,2020-07-12,Medium,506,0
6091,오지아,M,39,Bronze,경기,2024-08-28,Low,534,0
6092,정예준,F,54,Bronze,대구,2020-10-27,Low,526,0
6093,최지아,M,68,VIP,경기,2023-04-24,High,736,0
6094,정지유,M,23,Silver,충청,2022-01-15,High,649,0
6095,한서연,M,21,Silver,대전,2024-10-25,Medium,570,0
6096,조예준,F,46,Silver,경상,2023-01-07,Medium,670,0
6097,한민준,F,28,Silver,제주,2022-12-07,Low,616,0
6098,임예준,M,34,Bronze,대구,2021-06-08,High,588,0
6099,박지아,F,68,Silver,경기,2024-06-07,Medium,539,0
6100,조지우,M,65,Bronze,경기,2022-04-15,High,556,0
6101,정진우,F,27,Silver,경상,2020-11-18,Low,630,1
6102,김예준,F,53,Bronze,부산,2024-08-01,Medium,618,1
6103,장지유,M,42,Silver,대구,2024-01-28,Low,605,0
6104,윤서연,F,64,Silver,제주,2020-11-21,Low,567,0
6105,강예준,F,26,Bronze,광주,2022-03-20,Medium,535,0
6106,이지호,M,28,VIP,세종,2020-02-06,High,839,0
6107,김도윤,M,68,Silver,대전,2022-10-01,Medium,635,0
6108,박지유,F,28,Silver,대전,2020-06-09,Medium,572,0
6109,황수아,M,42,Bronze,충청,2024-06-22,Low,504,0
6110,조지호,F,63,Bronze,경상,2023-07-25,Low,470,0
6111,신민준,F,33,Silver,인천,2020-11-25,Medium,693,0
6112,최지우,M,64,Bronze,경기,2023-12-29,Medium,515,0
6113,장진우,M,20,Silver,대구,2020-01-16,High,586,0
6114,장지아,M,26,Bronze,서울,2024-11-28,Medium,574,0
6115,김지우,F,48,Silver,서울,2023-10-09,Low,608,0
6116,김지우,F,67,Bronze,서울,2021-07-09,Medium,528,0
6117,권지호,M,53,Bronze,제주,2022-12-04,Medium,587,1
6118,박채원,F,25,Silver,부산,2022-03-07,Low,646,0
6119,윤지호,F,65,Silver,인천,2023-05-09,Medium,656,0
6120,한서윤,F,59,Gold,대구,2023-12-19,Medium,685,0
6121,황수빈,M,62,Bronze,경기,2023-11-14,Medium,558,0
6122,권다은,M,43,VIP,강원,2024-07-05,Low,766,0
6123,강서연,F,47,Gold,대구,2024-09-21,Medium,792,0
6124,오수빈,F,48,Silver,충청,2024-01-05,Medium,696,1
6125,최진우,M,56,Gold,세종,2020-05-07,Medium,698,0
6126,박민준,M,35,Silver,충청,2024-07-28,Medium,727,0
6127,정우진,M,54,Bronze,경기,2021-09-28,High,618,0
6128,한우진,F,48,Bronze,인천,2021-03-17,Medium,616,0
6129,황수아,M,23,Silver,충청,2020-01-24,Medium,595,0
6130,장지아,M,68,Gold,경기,2024-03-10,Low,650,1
6131,황은서,F,38,Bronze,대전,2023-02-25,Medium,523,0
6132,김다은,M,56,Bronze,경상,2024-11-17,Low,515,0
6133,황선우,F,45,Silver,경기,2022-08-11,High,697,0
6134,최지유,F,66,Bronze,광주,2022-09-15,Low,470,1
6135,김은서,M,29,Silver,광주,2022-07-18,Low,649,0
6136,김민준,M,68,Silver,대구,2020-05-30,Medium,527,0
6137,권예준,M,22,Bronze,광주,2024-01-29,Medium,561,1
6138,황서윤,M,30,Gold,광주,2023-01-12,Medium,742,0
6139,장우진,M,40,Gold,서울,2020-08-28,Medium,695,0
6140,김주원,M,20,Bronze,부산,2020-11-08,Low,431,1
6141,임우진,M,34,Bronze,세종,2022-01-18,Medium,480,0
6142,조수빈,F,33,Bronze,대구,2020-08-27,Low,523,0
6143,정지우,F,61,Bronze,충청,2022-11-06,Low,498,0
6144,윤지아,F,42,Silver,전라,2024-03-15,Medium,582,0
6145,권지아,F,25,Bronze,충청,2021-01-02,Medium,541,0
6146,한지우,F,25,Silver,인천,2021-01-10,Medium,649,0
6147,황우진,F,26,Gold,세종,2022-09-11,Medium,717,0
6148,정수빈,F,62,Silver,대구,2022-06-30,Low,707,0
6149,임주원,M,21,Gold,강원,2023-01-04,Medium,705,0
6150,윤다은,F,23,Bronze,전라,2023-01-09,Low,350,1
6151,조주원,F,66,Bronze,서울,2021-11-07,Low,552,0
6152,장지아,F,31,Gold,경기,2022-04-09,High,774,0
6153,강지호,F,40,Bronze,광주,2021-04-21,High,722,0
6154,최선우,M,60,Bronze,전라,2024-09-19,Low,542,1
6155,오채원,F,40,Bronze,전라,2021-06-03,Medium,583,0
6156,윤민준,F,56,Gold,대전,2022-08-06,High,767,0
6157,권도윤,F,64,Bronze,인천,2022-03-04,Medium,567,0
6158,황지유,F,29,Bronze,경상,2023-05-16,Medium,538,0
6159,윤우진,F,27,Silver,부산,2020-10-12,High,699,0
6160,오하은,M,33,Bronze,강원,2020-04-12,High,598,1
6161,정은서,M,22,Bronze,강원,2021-06-04,Medium,511,0
6162,윤다은,M,38,Bronze,부산,2020-11-02,Low,467,1
6163,임지호,M,28,Bronze,경상,2020-05-15,Low,523,0
6164,신시우,M,42,Silver,전라,2020-01-21,Medium,638,0
6165,장다은,M,28,Silver,제주,2022-07-17,Low,512,0
6166,윤하은,M,49,Gold,인천,2021-06-15,Low,670,0
6167,임선우,F,42,Silver,충청,2024-01-27,High,752,0
6168,임지아,F,53,Gold,서울,2024-07-29,Medium,750,0
6169,조지아,F,66,Bronze,강원,2022-12-25,Low,440,0
6170,정지아,F,35,Gold,경상,2022-12-21,Medium,709,0
6171,한서연,M,49,Silver,부산,2023-11-04,Medium,711,0
6172,박지우,M,31,Bronze,경기,2021-11-29,Low,523,0
6173,한선우,F,25,Gold,강원,2021-07-25,High,755,0
6174,강서윤,M,51,VIP,제주,2023-01-05,Medium,823,0
6175,윤지유,M,59,Gold,서울,2021-02-25,High,801,0
6176,정주원,F,35,Gold,세종,2021-06-09,Low,665,0
6177,정수아,M,69,Gold,제주,2021-03-03,High,779,0
6178,강시우,M,48,Bronze,세종,2021-04-28,High,640,0
6179,강수빈,M,24,Bronze,경상,2021-07-22,Low,435,0
6180,박시우,M,25,Bronze,전라,2023-09-24,Low,476,1
6181,강선우,M,67,Bronze,경상,2021-02-25,High,559,1
6182,신도윤,F,21,Bronze,세종,2020-04-29,Low,471,0
6183,오서윤,F,36,Bronze,광주,2021-09-07,Low,568,0
6184,윤지호,M,34,Bronze,광주,2024-07-13,Low,498,0
6185,신선우,F,33,Gold,서울,2020-09-24,High,734,0
6186,신채원,M,56,Bronze,대전,2022-12-18,Medium,591,0
6187,오하은,M,56,VIP,광주,2023-02-10,High,784,0
6188,한서윤,F,42,VIP,인천,2022-10-02,High,854,0
6189,조지아,M,27,Bronze,인천,2021-04-26,Low,487,0
6190,권수빈,M,51,Gold,대전,2024-02-19,Low,683,0
6191,정진우,F,22,Silver,충청,2024-08-15,Medium,609,0
6192,한하은,F,62,Bronze,대구,2021-03-27,Low,507,0
6193,최지유,F,29,Gold,광주,2024-06-02,High,774,0
6194,황선우,F,20,Bronze,서울,2020-03-23,Low,487,1
6195,박서연,F,35,Gold,인천,2020-03-28,Medium,740,0
6196,신서연,M,38,Silver,경기,2024-10-05,Medium,728,0
6197,김지호,F,50,Bronze,인천,2021-06-23,Low,573,0
6198,이하은,F,32,Silver,제주,2022-03-14,Medium,563,1
6199,조선우,F,49,Bronze,제주,2020-03-20,Medium,620,0
6200,최지유,M,29,Bronze,광주,2020-02-01,Medium,561,0
6201,최지우,F,23,Bronze,경상,2023-10-08,Medium,557,1
6202,조은서,F,69,Bronze,경상,2021-10-04,Medium,513,0
6203,장채원,F,49,Silver,전라,2023-09-13,Low,603,0
6204,정서윤,F,20,VIP,서울,2024-09-09,High,855,0
6205,윤시우,M,48,Silver,세종,2024-02-07,High,716,0
6206,최서윤,M,40,Bronze,전라,2023-11-04,Low,505,1
6207,윤채원,M,61,Bronze,부산,2024-01-15,Medium,560,1
6208,윤다은,F,43,Silver,대전,2024-07-26,Medium,682,1
6209,한서연,M,21,Bronze,충청,2020-06-25,Low,541,1
6210,오시우,F,58,Bronze,충청,2021-03-16,Low,569,0
6211,정선우,M,38,Gold,대전,2023-04-20,Medium,666,0
6212,강지유,F,63,Silver,전라,2020-02-08,Medium,697,0
6213,신도윤,F,41,Gold,경상,2021-03-10,High,810,0
6214,박우진,F,23,Bronze,강원,2021-07-29,Medium,527,0
6215,황도윤,M,26,Bronze,전라,2023-01-14,High,556,0
6216,정하은,F,31,Bronze,인천,2022-04-05,Low,507,0
6217,윤서연,M,50,Bronze,세종,2021-05-26,Medium,635,1
6218,조지유,M,45,VIP,대구,2024-06-05,Medium,762,0
6219,이서윤,F,56,Gold,전라,2020-03-18,Medium,727,0
6220,윤도윤,F,69,Bronze,충청,2023-05-25,Low,463,0
6221,조민준,F,27,Silver,충청,2024-08-07,Medium,611,0
6222,권하은,M,67,Bronze,인천,2023-02-01,Low,455,0
6223,오민준,F,40,Silver,대구,2021-03-25,Medium,668,0
6224,최우진,F,32,Gold,대구,2023-03-30,Low,642,0
6225,장진우,F,57,Gold,전라,2022-04-07,High,703,0
6226,최시우,F,62,Silver,충청,2022-02-21,Low,589,0
6227,박서윤,M,46,Bronze,제주,2023-03-08,Low,514,0
6228,장수아,M,20,Gold,광주,2022-12-31,High,719,0
6229,장주원,F,45,Bronze,부산,2021-06-04,Low,487,0
6230,장선우,F,34,Silver,강원,2023-01-23,Medium,597,1
6231,임서윤,F,66,Bronze,세종,2024-09-27,Low,519,1
6232,김다은,M,28,Bronze,강원,2020-06-10,Low,484,1
6233,한다은,M,51,Silver,경기,2020-09-01,High,709,0
6234,윤수아,F,24,Silver,광주,2022-07-20,Low,574,0
6235,윤은서,M,52,Silver,강원,2020-01-12,High,776,0
6236,이수아,M,23,Bronze,전라,2023-07-31,Medium,565,1
6237,권수빈,M,36,Bronze,경기,2020-07-10,Low,595,0
6238,임서윤,M,42,Bronze,강원,2024-11-05,Low,489,1
6239,박주원,F,29,Silver,부산,2023-08-14,Medium,610,0
6240,장지아,F,55,Silver,경기,2022-02-03,Low,620,0
6241,오우진,M,45,Bronze,충청,2024-04-05,Medium,582,0
6242,임하은,F,52,Silver,경상,2020-08-31,Medium,665,0
6243,임민준,M,34,Bronze,인천,2024-09-22,Low,498,0
6244,한진우,F,54,Bronze,인천,2022-02-11,Medium,611,0
6245,임하은,F,66,Bronze,충청,2024-11-21,Medium,530,0
6246,김선우,F,64,Bronze,광주,2022-07-22,Low,466,0
6247,황수빈,F,43,Bronze,세종,2022-06-24,Low,497,0
6248,조다은,M,64,Bronze,제주,2023-07-07,Low,589,1
6249,윤도윤,M,66,Bronze,강원,2020-09-29,Medium,531,0
6250,황수아,M,37,Silver,대구,2023-11-16,High,645,0
6251,박채원,F,55,Silver,광주,2022-07-08,High,716,0
6252,강시우,F,20,Bronze,제주,2022-01-06,Medium,613,0
6253,황우진,M,24,Gold,서울,2023-07-31,High,748,0
6254,신선우,M,30,Bronze,제주,2023-10-16,Low,452,0
6255,권지유,F,69,Bronze,세종,2022-03-26,Low,489,0
6256,윤서연,F,58,Bronze,경상,2020-05-20,Low,556,0
6257,신민준,F,28,Gold,전라,2023-08-22,High,758,0
6258,임지호,F,39,Bronze,세종,2020-01-07,Low,506,0
6259,정수빈,F,51,Gold,경상,2022-06-19,Medium,764,0
6260,권진우,F,35,Silver,대전,2022-02-04,Low,651,0
6261,권서연,F,26,Silver,인천,2023-07-16,Medium,626,0
6262,정민준,F,30,Silver,세종,2020-04-26,High,652,0
6263,박하은,F,45,Silver,서울,2020-05-09,Medium,630,0
6264,이민준,F,41,Bronze,충청,2024-06-30,Low,502,0
6265,김다은,M,53,Bronze,강원,2023-09-30,Low,544,1
6266,장진우,F,22,Silver,부산,2021-10-01,Medium,623,0
6267,한지호,F,35,Silver,세종,2023-12-18,Medium,699,0
6268,강지아,F,25,Bronze,인천,2021-05-21,Low,531,0
6269,강지유,M,46,Bronze,제주,2021-09-09,Low,584,0
6270,김우진,F,32,Gold,대전,2024-01-04,High,790,0
6271,김서연,F,38,Silver,광주,2021-01-02,Low,581,1
6272,임지호,F,43,Gold,대구,2022-08-02,High,837,0
6273,조은서,F,60,Bronze,세종,2022-09-21,Low,572,0
6274,정도윤,M,37,Bronze,대구,2023-01-26,Low,580,0
6275,임지호,F,33,Silver,서울,2023-03-14,High,680,0
6276,이선우,F,22,Bronze,대전,2021-03-03,Low,582,0
6277,정예준,F,26,Bronze,부산,2020-10-23,Low,519,0
6278,임하은,M,47,Bronze,제주,2021-07-27,Low,540,0
6279,장시우,F,65,VIP,충청,2023-02-22,High,818,0
6280,황은서,M,44,Bronze,부산,2023-03-06,Low,480,0
6281,한수아,F,28,Silver,부산,2020-10-01,Low,538,0
6282,이은서,M,65,Silver,충청,2024-03-02,High,680,0
6283,오우진,M,21,Silver,부산,2024-04-01,Medium,522,0
6284,임서윤,F,43,Gold,세종,2023-03-14,High,778,0
6285,이진우,F,20,Silver,제주,2020-06-23,High,721,0
6286,최수아,F,56,Gold,경상,2021-03-05,High,835,0
6287,강수아,F,47,Gold,제주,2023-01-17,Low,662,0
6288,오민준,F,65,Bronze,경상,2020-02-27,Low,417,1
6289,신주원,F,25,Bronze,대전,2023-02-01,Medium,545,1
6290,한지우,F,38,Silver,인천,2024-07-22,Low,562,0
6291,조지우,F,20,Gold,대전,2024-10-13,Medium,641,0
6292,한주원,M,29,Bronze,인천,2021-03-21,Low,461,0
6293,정서윤,F,32,Silver,강원,2024-01-24,Medium,623,0
6294,이지아,F,28,Bronze,제주,2022-09-20,Low,508,0
6295,윤지유,M,37,Silver,대구,2023-11-27,High,690,0
6296,김지유,F,57,Silver,경상,2020-03-09,Medium,652,0
6297,신지유,M,31,Silver,전라,2020-09-19,Medium,670,0
6298,정지유,M,56,Bronze,광주,2021-10-15,Low,459,0
6299,한은서,F,50,Silver,제주,2021-06-24,Medium,650,0
6300,한주원,M,47,Silver,광주,2024-06-09,Low,536,1
6301,조서윤,M,21,Silver,전라,2024-09-01,Medium,640,0
6302,장다은,M,38,Silver,충청,2020-09-21,Medium,662,0
6303,황선우,M,20,Silver,대전,2023-01-30,High,767,0
6304,장서윤,M,66,Silver,강원,2024-10-14,High,695,0
6305,황서윤,M,22,Silver,인천,2021-12-30,High,703,0
6306,정지우,M,60,Silver,대구,2022-10-02,Medium,678,0
6307,오서윤,F,69,Silver,충청,2024-09-28,Low,584,1
6308,신서윤,M,50,Silver,제주,2020-10-05,Low,607,0
6309,임진우,M,41,Bronze,경상,2024-07-15,Low,534,0
6310,김수아,M,30,Silver,강원,2020-01-10,Low,607,0
6311,한서연,M,34,Silver,강원,2020-08-01,Medium,642,0
6312,강지우,F,44,VIP,강원,2024-12-29,Low,732,0
6313,강진우,M,63,VIP,광주,2020-08-27,Medium,802,0
6314,장채원,F,22,VIP,충청,2023-04-09,High,812,0
6315,오지아,F,27,Gold,세종,2020-08-13,High,747,0
6316,권선우,F,35,Silver,경상,2021-12-05,Medium,657,0
6317,신민준,M,29,Silver,충청,2022-05-22,Medium,613,0
6318,오지우,F,54,Bronze,대전,2023-07-11,Low,531,0
6319,한서윤,F,63,Bronze,충청,2024-04-03,Low,515,0
6320,윤다은,M,22,Silver,경기,2023-05-14,Low,534,0
6321,오서연,M,43,Gold,대전,2024-07-26,High,771,0
6322,윤서윤,M,37,VIP,광주,2024-03-22,High,873,0
6323,장수빈,F,46,Gold,경기,2023-09-10,Medium,710,0
6324,이지호,F,39,Gold,경기,2020-08-18,Medium,691,0
6325,신선우,F,59,Silver,경상,2020-08-22,Medium,633,0
6326,강하은,F,33,Gold,전라,2022-03-09,Medium,670,0
6327,정수아,M,33,Bronze,대구,2020-02-17,Low,507,0
6328,김하은,M,20,Bronze,부산,2023-02-11,Medium,477,1
6329,정수아,M,44,Silver,대구,2023-03-10,Low,581,0
6330,한선우,M,61,Silver,강원,2023-09-01,Medium,694,0
6331,이주원,M,42,Silver,부산,2022-03-31,Medium,674,0
6332,최시우,F,58,Bronze,강원,2023-05-02,Medium,563,0
6333,정은서,F,23,Silver,충청,2024-12-04,High,699,0
6334,임수빈,M,58,Silver,부산,2021-01-20,Low,568,0
6335,최지호,F,50,Silver,제주,2020-12-10,Medium,659,0
6336,오수아,M,48,Silver,광주,2023-02-28,Low,609,0
6337,한채원,F,21,Silver,서울,2022-02-08,Medium,627,0
6338,강하은,M,40,Bronze,서울,2023-01-11,Medium,601,0
6339,윤지아,F,42,Bronze,경상,2022-12-27,Medium,613,0
6340,오채원,F,66,Bronze,대구,2024-12-16,Low,525,1
6341,황주원,M,29,Bronze,대전,2022-11-25,Low,509,0
6342,신수빈,F,65,Bronze,부산,2020-12-26,High,585,0
6343,김우진,M,51,Bronze,강원,2020-09-04,Low,508,0
6344,강도윤,M,25,Bronze,경상,2024-09-05,Low,523,1
6345,오주원,F,46,Gold,광주,2024-10-09,High,921,0
6346,정지우,F,44,Silver,제주,2023-12-04,Low,630,1
6347,정지우,F,58,Silver,대전,2021-10-08,Medium,652,0
6348,장지아,F,56,Bronze,제주,2021-12-23,High,648,0
6349,정진우,M,24,Bronze,전라,2023-12-12,Medium,521,1
6350,정지아,F,56,Silver,전라,2024-03-02,Low,530,1
6351,이채원,F,35,Silver,충청,2022-07-24,Low,667,0
6352,황서연,F,45,Silver,대전,2022-09-22,Medium,645,0
6353,정지아,M,20,Bronze,부산,2020-07-31,Low,484,0
6354,김예준,F,55,Gold,인천,2021-07-22,High,739,0
6355,윤주원,M,47,Gold,서울,2023-10-15,Medium,692,0
6356,임지우,M,49,Gold,제주,2022-05-06,Medium,757,0
6357,황은서,M,42,Gold,대전,2020-01-03,High,885,0
6358,조도윤,F,52,Gold,부산,2020-09-17,Medium,733,0
6359,최도윤,F,28,Bronze,서울,2020-06-17,Low,586,1
6360,최지우,M,23,Gold,전라,2021-04-01,High,723,0
6361,권예준,F,66,Silver,제주,2022-07-17,High,766,0
6362,최수아,M,68,Gold,대전,2021-08-27,Medium,624,0
6363,권채원,M,67,Silver,세종,2021-11-26,High,697,0
6364,황수아,M,44,Silver,인천,2020-08-14,Medium,694,0
6365,권진우,F,36,Silver,강원,2022-08-14,Low,586,0
6366,오서연,M,28,Gold,대전,2024-04-01,Low,668,0
6367,장서연,F,20,Gold,인천,2024-11-15,Low,656,0
6368,강도윤,F,36,Bronze,전라,2020-06-28,Low,470,0
6369,신지유,M,31,Gold,강원,2021-01-25,Low,638,0
6370,이다은,M,57,Bronze,대구,2023-11-29,Low,479,0
6371,황다은,F,67,Silver,충청,2024-03-26,Low,565,0
6372,이하은,F,27,Bronze,서울,2021-04-12,Medium,591,0
6373,윤시우,M,60,Bronze,세종,2021-11-28,Medium,642,0
6374,박우진,M,23,Bronze,인천,2021-08-22,Low,470,1
6375,윤지호,F,44,Silver,부산,2023-09-17,Low,598,0
6376,황지호,F,60,Bronze,경기,2020-05-15,High,542,1
6377,임서윤,F,68,Bronze,제주,2023-06-14,Low,423,1
6378,윤채원,F,28,VIP,경상,2023-12-01,Medium,749,0
6379,이다은,M,24,VIP,서울,2023-06-08,Medium,809,0
6380,김서연,F,31,Bronze,서울,2021-09-29,Low,521,0
6381,황채원,F,65,Silver,서울,2021-02-14,Medium,587,0
6382,박지우,F,69,Bronze,강원,2021-04-16,Low,464,0
6383,오은서,M,30,Silver,부산,2021-01-06,Medium,590,0
6384,윤채원,F,42,Silver,제주,2022-03-27,Medium,655,0
6385,강은서,M,55,Silver,대구,2022-05-17,Medium,737,0
6386,강수아,F,49,Silver,경상,2023-10-25,Low,640,0
6387,이예준,M,66,Silver,전라,2024-07-09,Medium,601,0
6388,박우진,F,63,Silver,충청,2024-06-22,Medium,621,0
6389,신지아,F,53,Silver,전라,2022-03-20,Low,621,0
6390,강지호,F,31,Gold,광주,2022-08-07,High,696,0
6391,이시우,M,44,Bronze,세종,2020-05-11,Medium,599,0
6392,장지우,F,45,Bronze,전라,2022-03-23,Medium,578,0
6393,최은서,F,40,Silver,경상,2023-07-29,Low,656,0
6394,권우진,F,31,Bronze,서울,2024-08-14,Medium,531,0
6395,한우진,M,59,Bronze,세종,2023-02-24,High,653,0
6396,조수빈,F,30,Gold,세종,2021-12-04,Low,606,0
6397,임하은,M,68,Bronze,전라,2023-04-07,Low,457,0
6398,임지호,M,66,Silver,세종,2021-04-28,Medium,602,0
6399,한도윤,F,20,Silver,대전,2022-11-09,High,674,0
6400,윤선우,F,45,Bronze,전라,2022-04-13,Medium,604,0
6401,오예준,M,63,Silver,경상,2020-12-28,Medium,671,0
6402,정시우,F,46,Bronze,광주,2020-06-19,Low,466,0
6403,임은서,F,41,Gold,서울,2020-05-22,High,764,0
6404,강도윤,F,41,Bronze,경기,2020-09-13,Low,553,1
6405,황은서,F,55,Gold,경기,2020-09-19,Low,754,0
6406,장진우,M,21,Bronze,경상,2020-11-07,Low,459,1
6407,오서연,M,65,Bronze,대구,2024-12-01,High,549,0
6408,윤서연,F,53,Gold,강원,2020-11-21,Medium,735,0
6409,조주원,F,23,Bronze,서울,2023-09-26,High,645,0
6410,강지아,F,31,Silver,충청,2021-12-17,Medium,620,0
6411,박지호,M,43,Silver,부산,2020-04-16,High,698,0
6412,조시우,F,47,Silver,세종,2020-05-06,Medium,690,0
6413,황채원,F,38,VIP,전라,2020-06-25,High,864,0
6414,정도윤,F,31,VIP,광주,2022-02-06,High,848,0
6415,이예준,F,42,Silver,인천,2022-03-04,Low,545,1
6416,장우진,F,23,Silver,인천,2023-02-21,Medium,569,0
6417,임우진,M,66,Bronze,전라,2023-02-18,Low,460,0
6418,장민준,M,21,Silver,전라,2021-11-28,Low,470,0
6419,오서윤,F,38,Bronze,경상,2021-02-04,High,657,0
6420,이시우,M,47,Bronze,부산,2023-08-29,Medium,619,0
6421,박다은,F,65,Gold,서울,2020-04-02,Low,579,0
6422,김서윤,F,20,Bronze,세종,2023-03-13,Low,417,1
6423,황주원,F,66,Silver,경기,2020-04-06,Low,496,0
6424,신은서,M,67,Silver,대구,2020-12-15,Low,547,0
6425,신주원,F,60,VIP,경기,2024-04-21,High,860,0
6426,권선우,F,51,Bronze,제주,2021-12-16,Low,528,1
6427,오예준,M,28,Silver,전라,2021-02-12,Medium,641,0
6428,장선우,F,63,VIP,경상,2022-09-05,Medium,769,0
6429,최민준,F,50,Bronze,충청,2020-07-23,Medium,642,0
6430,박선우,F,28,Silver,대전,2022-10-01,Low,546,0
6431,이채원,F,35,Bronze,대구,2022-04-15,Low,538,0
6432,조우진,F,26,Silver,부산,2022-03-24,High,647,0
6433,이하은,F,53,Silver,제주,2022-01-30,Low,614,0
6434,조선우,F,39,Silver,인천,2021-10-06,Medium,676,0
6435,오우진,M,40,Gold,경기,2024-10-10,High,830,0
6436,장우진,M,37,Silver,제주,2020-05-18,Medium,743,0
6437,이지우,M,25,Bronze,제주,2021-09-17,Low,504,0
6438,윤진우,F,26,Bronze,제주,2021-07-15,Low,493,1
6439,장서연,M,67,Gold,대구,2021-10-21,Medium,649,0
6440,오민준,M,67,Silver,충청,2021-01-04,Medium,602,0
6441,강주원,F,66,Gold,경상,2021-08-13,High,720,0
6442,김서윤,F,59,Bronze,전라,2021-10-14,Low,569,0
6443,조예준,F,58,Bronze,서울,2022-09-17,Low,530,1
6444,신수아,M,66,Bronze,전라,2022-06-15,Low,519,0
6445,조수아,M,39,Bronze,대구,2021-12-18,Medium,559,0
6446,장서윤,M,64,Gold,강원,2024-01-13,Low,664,0
6447,권은서,M,28,Silver,대구,2020-01-04,Low,607,0
6448,박예준,F,59,Bronze,경기,2023-11-03,Low,549,0
6449,신주원,M,36,Silver,광주,2020-06-16,Medium,709,0
6450,황민준,F,21,Bronze,제주,2024-06-25,Low,445,1
6451,장지우,M,63,VIP,전라,2023-07-27,High,824,0
6452,오수빈,M,60,Silver,광주,2023-07-17,Medium,640,1
6453,박지우,M,30,Gold,강원,2023-01-26,High,740,0
6454,권수빈,M,69,Bronze,인천,2024-01-08,Low,461,1
6455,윤지우,M,39,Silver,대구,2020-05-26,Low,662,0
6456,장선우,M,36,Bronze,충청,2023-08-20,Low,482,0
6457,한서윤,M,33,Bronze,부산,2020-09-16,Medium,601,0
6458,조하은,F,25,VIP,경상,2020-07-11,Medium,767,0
6459,박하은,M,61,Gold,제주,2023-11-19,High,834,0
6460,정지유,F,39,Silver,인천,2020-11-12,Medium,638,0
6461,권시우,F,36,Bronze,인천,2020-12-24,Low,474,1
6462,최다은,F,52,Bronze,광주,2023-08-19,High,593,1
6463,윤시우,M,29,Bronze,제주,2024-12-24,Low,565,0
6464,신수빈,M,20,Bronze,세종,2022-09-25,Medium,558,0
6465,한예준,F,68,Silver,강원,2021-12-29,Medium,566,1
6466,오도윤,F,34,Gold,광주,2021-03-31,Medium,726,0
6467,임서연,M,35,Silver,경상,2023-04-27,Low,589,0
6468,임지아,F,44,Bronze,충청,2020-12-11,Low,592,0
6469,장하은,M,67,Bronze,서울,2022-08-02,Low,453,1
6470,임은서,F,30,Gold,전라,2020-09-29,Medium,728,0
6471,이주원,M,48,Gold,경기,2022-09-01,Low,641,0
6472,윤도윤,F,41,Bronze,세종,2022-07-30,Low,445,0
6473,강하은,M,46,Silver,대구,2024-11-09,Medium,639,0
6474,임서연,F,27,Bronze,세종,2023-07-09,Low,444,0
6475,오선우,M,35,VIP,인천,2021-08-09,Low,725,0
6476,오민준,M,55,Gold,대구,2020-09-04,Low,665,0
6477,이도윤,F,63,VIP,제주,2021-02-05,High,853,0
6478,권민준,M,68,Silver,부산,2020-08-03,Low,615,0
6479,오수아,M,29,Bronze,충청,2022-01-26,Low,577,0
6480,장수빈,M,69,Bronze,세종,2023-12-08,Medium,552,0
6481,임주원,M,28,Bronze,전라,2023-04-09,Medium,594,0
6482,박선우,M,64,Bronze,강원,2022-03-22,Medium,527,0
6483,한서연,F,31,VIP,대전,2024-08-27,High,807,0
6484,최수빈,M,44,Silver,충청,2024-03-25,Medium,678,0
6485,김주원,F,64,Bronze,강원,2024-03-15,Medium,591,0
6486,임지호,M,54,Silver,서울,2020-08-04,Medium,642,0
6487,윤서윤,F,41,Bronze,부산,2020-01-31,Low,601,0
6488,박도윤,F,31,Bronze,서울,2020-09-25,Medium,566,0
6489,황서윤,F,64,Bronze,광주,2020-11-20,Medium,515,0
6490,오지우,M,24,Bronze,경상,2021-06-29,Medium,622,1
6491,조예준,M,54,Gold,세종,2022-06-18,Medium,746,0
6492,윤하은,F,46,VIP,부산,2023-12-09,Medium,763,0
6493,황도윤,F,38,Bronze,제주,2020-05-04,Low,542,0
6494,장채원,F,26,Silver,대구,2024-03-29,Low,551,0
6495,임지우,M,68,Silver,제주,2021-01-30,Medium,639,0
6496,김수빈,M,25,Bronze,서울,2020-03-06,Low,513,0
6497,장수아,M,53,Bronze,인천,2024-02-09,Medium,564,0
6498,윤서연,M,31,Gold,서울,2024-02-10,Medium,714,0
6499,최은서,M,30,Silver,대구,2023-08-21,Medium,600,0
6500,정지아,F,30,Silver,세종,2023-12-23,Medium,683,0
6501,정주원,F,24,Silver,서울,2022-04-15,Low,509,0
6502,오시우,M,20,Bronze,대전,2020-09-04,Medium,524,0
6503,장서윤,M,48,Silver,강원,2020-09-25,Medium,650,0
6504,최민준,F,53,Bronze,세종,2023-02-28,High,567,1
6505,장지호,M,25,Bronze,대전,2021-03-20,Medium,624,0
6506,강채원,F,24,VIP,대전,2020-12-16,High,767,0
6507,권하은,M,32,Silver,인천,2024-06-20,Low,547,0
6508,한서윤,M,52,Silver,경상,2020-07-22,Low,603,0
6509,오지우,M,22,Silver,인천,2020-04-05,Medium,631,0
6510,이지우,F,50,Bronze,대전,2023-09-10,Medium,604,0
6511,한주원,M,21,Gold,경기,2022-09-30,High,729,0
6512,황다은,F,25,Gold,대전,2024-12-20,Low,637,0
6513,신시우,M,39,Bronze,경기,2023-12-31,Low,497,0
6514,이수빈,F,40,Gold,인천,2020-01-06,Medium,770,0
6515,임채원,F,35,Bronze,광주,2020-07-05,Low,531,0
6516,정지유,M,64,Silver,경기,2020-04-06,Low,618,0
6517,박수빈,F,65,Bronze,충청,2023-06-18,Low,546,0
6518,신도윤,M,28,Bronze,광주,2023-06-17,Medium,649,0
6519,이서윤,M,50,Gold,대구,2024-12-07,High,798,0
6520,한민준,M,63,VIP,충청,2021-10-11,High,758,0
6521,신채원,F,48,Gold,충청,2022-02-07,Medium,709,1
6522,윤도윤,M,46,Gold,서울,2022-03-31,Medium,737,0
6523,윤은서,F,20,Bronze,충청,2024-09-08,Low,506,0
6524,박은서,M,51,Silver,강원,2020-01-31,Medium,671,0
6525,한지유,F,36,VIP,경상,2021-01-08,High,901,0
6526,김도윤,F,55,Silver,전라,2021-07-09,Medium,636,0
6527,장수아,F,65,Silver,경상,2020-09-30,High,569,0
6528,이다은,F,52,Bronze,부산,2022-04-30,Low,474,0
6529,오서연,F,54,Silver,서울,2022-08-29,High,787,0
6530,한하은,F,43,Bronze,경기,2022-06-15,Medium,569,0
6531,이서연,F,40,Silver,전라,2020-06-05,Low,604,0
6532,이서윤,F,41,Gold,강원,2023-12-28,Medium,795,0
6533,강선우,F,32,Bronze,충청,2023-05-16,Low,602,0
6534,조채원,M,59,Silver,경기,2020-08-02,Medium,636,0
6535,황선우,F,38,Bronze,경상,2022-08-30,Medium,614,0
6536,장도윤,F,40,Silver,세종,2023-10-28,Medium,706,0
6537,장도윤,F,55,Bronze,전라,2021-01-25,Medium,615,0
6538,오수아,M,49,Bronze,대구,2020-06-17,Low,458,1
6539,권도윤,F,43,Gold,세종,2020-04-14,Low,708,0
6540,조서윤,F,45,Bronze,충청,2023-03-02,Low,519,0
6541,권지유,M,48,Bronze,충청,2020-11-02,High,616,0
6542,이채원,F,65,Bronze,서울,2022-03-29,Low,469,0
6543,정진우,M,30,Gold,광주,2021-11-04,Medium,663,0
6544,신수아,M,61,Gold,충청,2021-05-24,Medium,698,0
6545,정선우,F,56,Bronze,강원,2024-06-28,Low,464,0
6546,신예준,F,47,Silver,대구,2022-10-20,Medium,616,0
6547,신지호,M,56,VIP,인천,2024-09-25,High,839,0
6548,박채원,F,46,Bronze,세종,2023-02-22,High,650,0
6549,권예준,F,39,Bronze,경상,2023-04-03,Low,451,0
6550,오다은,F,42,VIP,경상,2023-06-01,Medium,873,0
6551,박지유,M,68,Gold,인천,2024-07-22,Low,694,0
6552,윤도윤,M,50,Gold,충청,2022-08-08,Low,741,0
6553,황하은,F,30,Silver,충청,2024-03-20,Low,582,0
6554,김다은,M,27,Silver,제주,2021-08-24,Medium,648,1
6555,최지아,F,36,Silver,세종,2024-03-02,Medium,600,0
6556,이지우,M,34,Gold,광주,2024-10-14,Medium,728,0
6557,윤예준,M,26,Bronze,대구,2020-05-26,Low,565,0
6558,강하은,F,26,Silver,강원,2024-02-09,Low,491,0
6559,장진우,M,32,Bronze,세종,2023-10-12,Low,530,0
6560,조서연,M,53,Silver,충청,2024-09-23,Low,659,0
6561,황지유,F,42,Bronze,서울,2020-05-19,Medium,562,0
6562,이시우,F,28,Silver,광주,2023-03-27,Medium,590,0
6563,이진우,F,43,Silver,경상,2022-09-26,High,729,0
6564,정지유,M,36,Silver,제주,2020-05-24,High,660,1
6565,신우진,F,20,Bronze,경기,2021-05-20,Low,474,1
6566,박지호,M,26,Bronze,서울,2020-03-10,Medium,563,0
6567,임다은,F,29,Gold,서울,2022-12-13,High,729,0
6568,강채원,F,29,Gold,충청,2020-04-22,Low,664,0
6569,신시우,F,26,Silver,서울,2021-12-12,Low,559,0
6570,임우진,F,68,Silver,서울,2022-08-11,Low,568,0
6571,정선우,F,29,Bronze,광주,2024-04-02,Low,521,0
6572,장진우,F,25,Silver,광주,2023-07-25,High,621,0
6573,윤민준,M,39,Silver,경상,2020-01-15,Medium,645,0
6574,황서윤,F,41,Gold,인천,2022-07-31,Medium,741,0
6575,장수아,M,64,Bronze,제주,2024-06-20,Medium,579,0
6576,최지아,M,49,Gold,경상,2023-10-24,Medium,744,0
6577,최민준,M,36,Bronze,대전,2021-06-09,Medium,549,1
6578,장서연,F,67,Silver,경기,2023-01-13,Medium,662,0
6579,최진우,F,26,Bronze,경기,2023-11-18,Low,504,1
6580,강서연,M,57,Silver,제주,2021-05-09,Low,611,1
6581,임채원,M,23,Bronze,세종,2024-12-01,Low,420,1
6582,강선우,F,29,Gold,인천,2024-10-05,Medium,708,0
6583,강주원,F,43,Bronze,제주,2024-12-19,Medium,646,0
6584,강민준,M,58,Gold,제주,2022-01-06,High,749,0
6585,윤지아,F,28,Bronze,제주,2024-10-01,Medium,557,0
6586,강서윤,M,52,Bronze,대구,2023-06-01,Low,541,1
6587,정서윤,M,66,Bronze,부산,2023-09-22,Medium,572,1
6588,박시우,M,38,Silver,강원,2022-02-23,Low,575,0
6589,박수아,M,51,Silver,광주,2021-02-21,Medium,609,0
6590,윤채원,M,23,Bronze,경상,2022-06-08,Medium,551,0
6591,장지우,F,47,Bronze,대구,2024-07-18,Low,454,0
6592,이지유,F,34,Bronze,전라,2021-05-16,Low,577,0
6593,황도윤,M,37,Bronze,전라,2023-11-21,Low,504,0
6594,장우진,F,54,Silver,경기,2023-07-02,High,788,0
6595,강예준,M,26,Bronze,광주,2024-04-30,Medium,573,0
6596,신은서,M,55,Silver,제주,2024-03-26,Medium,653,0
6597,이지호,F,55,Silver,서울,2020-05-11,Medium,660,0
6598,윤민준,M,66,Gold,대전,2022-11-04,High,687,0
6599,신예준,M,61,Bronze,인천,2020-05-03,Medium,512,1
6600,이예준,F,46,Bronze,광주,2021-06-28,Medium,653,0
6601,권예준,M,67,Bronze,경기,2023-05-23,Low,467,0
6602,김지우,M,31,Silver,경기,2020-03-06,Low,621,0
6603,신수아,M,41,Bronze,광주,2023-06-30,Low,553,0
6604,신우진,F,52,Bronze,제주,2024-08-13,Low,552,1
6605,오시우,M,25,Silver,제주,2020-06-10,Low,560,0
6606,최지호,M,53,Bronze,제주,2024-12-24,Low,509,0
6607,한지호,F,54,Bronze,부산,2021-12-17,High,606,0
6608,최하은,M,34,Bronze,인천,2022-01-05,Medium,651,0
6609,황진우,F,32,Silver,경기,2021-04-28,Medium,644,0
6610,오민준,F,46,Silver,세종,2020-08-12,Medium,658,0
6611,조지우,F,32,Silver,경상,2020-08-14,High,679,0
6612,최은서,F,55,Bronze,제주,2022-08-17,Low,569,0
6613,권주원,F,66,Bronze,전라,2022-11-26,Medium,526,1
6614,윤다은,F,63,VIP,경기,2023-02-08,Low,717,0
6615,조다은,M,41,Gold,충청,2021-01-28,Medium,730,0
6616,강하은,M,45,Silver,대구,2023-08-05,High,682,0
6617,김수빈,M,20,Silver,경상,2021-07-20,Medium,633,1
6618,한선우,F,30,Silver,경상,2021-12-09,Low,539,0
6619,최주원,M,41,Gold,대구,2023-03-04,Low,699,0
6620,장은서,M,30,Gold,광주,2024-10-04,Medium,734,0
6621,강민준,M,31,Silver,세종,2021-06-19,Medium,636,0
6622,정다은,M,34,Bronze,서울,2021-11-26,Low,506,0
6623,한다은,F,28,Gold,제주,2020-06-17,Medium,755,0
6624,황서연,M,66,Silver,전라,2020-11-03,Medium,571,0
6625,박서연,M,34,Bronze,강원,2022-09-07,Low,473,0
6626,최지유,M,23,Gold,광주,2023-09-20,Medium,667,0
6627,최예준,F,46,Silver,전라,2024-03-27,High,747,0
6628,황지아,M,58,Silver,강원,2023-11-23,Low,545,0
6629,이수아,F,38,Bronze,경상,2021-10-18,Medium,615,0
6630,윤도윤,F,29,Silver,경기,2022-10-28,Medium,673,0
6631,조하은,F,46,Silver,부산,2024-07-24,Medium,684,0
6632,이도윤,F,66,Gold,강원,2020-12-18,High,659,0
6633,윤민준,F,63,Bronze,전라,2023-03-21,Medium,652,0
6634,김채원,F,61,Silver,세종,2022-03-23,Medium,597,0
6635,황채원,F,63,Bronze,전라,2024-01-12,Medium,563,0
6636,최지유,M,32,Silver,대구,2022-01-18,Medium,635,0
6637,최수아,F,62,Bronze,대전,2024-09-28,Medium,545,1
6638,황우진,M,58,Bronze,대구,2022-09-24,Medium,612,0
6639,조주원,F,67,Bronze,전라,2024-04-11,Medium,565,0
6640,최수아,F,36,Gold,대전,2022-09-21,Medium,779,0
6641,임우진,M,43,Bronze,충청,2020-07-25,Low,517,0
6642,최도윤,M,59,VIP,부산,2020-06-21,Medium,757,0
6643,조선우,F,48,Bronze,대구,2024-05-13,Low,492,0
6644,윤우진,M,20,Silver,강원,2020-06-26,Low,543,0
6645,정시우,M,62,Silver,인천,2022-03-17,Low,481,1
6646,오주원,M,65,Gold,부산,2024-01-14,Medium,681,0
6647,정민준,F,68,Silver,충청,2020-05-12,Medium,642,0
6648,황은서,F,62,Bronze,경기,2022-09-12,Medium,528,0
6649,정지우,M,48,Silver,대구,2022-01-02,High,726,0
6650,권선우,M,61,Silver,강원,2020-08-24,High,710,0
6651,윤시우,M,25,Silver,경기,2020-03-16,High,657,0
6652,조서연,M,29,Silver,광주,2021-06-15,Medium,598,0
6653,오주원,M,45,Bronze,부산,2020-07-24,Low,549,0
6654,조주원,M,37,Bronze,제주,2020-09-21,Low,539,0
6655,한주원,M,33,Silver,전라,2020-04-04,Low,562,0
6656,박수아,F,56,Bronze,대구,2024-07-13,Low,524,0
6657,조은서,M,54,Bronze,대전,2021-08-01,Low,593,0
6658,박지호,M,35,Silver,대전,2020-03-12,Medium,646,0
6659,최다은,M,65,Silver,세종,2020-10-20,Medium,630,0
6660,최예준,M,27,Gold,강원,2024-06-16,Low,674,0
6661,오도윤,F,26,Bronze,대전,2020-11-27,Low,463,0
6662,정선우,F,22,Bronze,서울,2023-03-10,Medium,537,0
6663,정예준,F,52,Gold,제주,2024-06-09,Medium,764,0
6664,이채원,F,52,Silver,제주,2022-04-27,Medium,641,0
6665,장은서,F,34,Bronze,대구,2023-06-19,Low,495,1
6666,최예준,M,59,Silver,부산,2020-09-14,Medium,663,1
6667,신수빈,F,27,Bronze,경상,2022-06-16,Low,518,1
6668,권우진,F,54,Gold,경상,2022-12-10,High,753,0
6669,이주원,M,55,Silver,강원,2024-12-07,Medium,568,0
6670,오지우,M,36,Bronze,광주,2021-09-11,Medium,622,0
6671,조수아,F,67,Bronze,대전,2021-02-03,Low,416,1
6672,임지우,M,31,Gold,서울,2021-08-04,Low,628,0
6673,김수아,F,58,Bronze,충청,2023-01-29,Low,537,0
6674,임우진,F,66,VIP,제주,2020-07-08,High,780,0
6675,신주원,M,67,Silver,세종,2023-12-21,Low,536,0
6676,임은서,M,59,Gold,서울,2020-05-19,High,750,0
6677,오지아,F,50,Bronze,경상,2020-01-15,Low,544,0
6678,윤지아,M,25,Bronze,충청,2020-11-14,Low,501,1
6679,조진우,F,67,Silver,부산,2023-01-23,Low,557,1
6680,장민준,M,65,Bronze,부산,2023-02-25,Medium,489,1
6681,조주원,M,64,Silver,대구,2024-01-13,Low,567,1
6682,정지유,F,25,Bronze,경상,2021-10-16,Low,568,0
6683,한지호,M,45,Bronze,충청,2023-05-18,Medium,652,0
6684,임서윤,M,35,Gold,충청,2022-10-01,Medium,692,0
6685,황도윤,M,61,Bronze,서울,2020-05-11,Low,568,0
6686,장지호,M,50,Gold,인천,2024-01-29,Medium,749,0
6687,황다은,F,67,Silver,부산,2024-06-28,High,612,0
6688,김선우,M,39,Bronze,대구,2021-05-27,Medium,547,0
6689,정지우,F,58,Bronze,경기,2024-07-11,Low,494,0
6690,김지우,M,57,Gold,전라,2023-08-04,High,787,0
6691,이지유,F,24,Silver,경기,2020-01-22,Medium,613,0
6692,오서윤,M,39,Bronze,서울,2023-10-03,Low,588,1
6693,권지아,M,42,VIP,충청,2023-11-07,High,925,0
6694,조수빈,F,38,Bronze,강원,2022-08-17,Low,590,0
6695,조수빈,F,25,Bronze,대전,2023-07-21,Low,494,0
6696,오민준,F,30,Bronze,세종,2022-01-21,Low,460,0
6697,이서연,M,64,Bronze,대구,2020-05-09,High,683,0
6698,황진우,M,33,VIP,광주,2020-07-17,High,841,0
6699,박도윤,M,40,Bronze,제주,2024-08-29,Low,546,0
6700,조민준,F,37,Silver,서울,2022-02-03,Low,606,0
6701,한진우,F,62,Bronze,세종,2024-03-12,Low,527,1
6702,정다은,M,21,Bronze,세종,2023-02-18,Low,469,0
6703,황지우,F,34,Gold,경상,2022-12-05,Low,641,0
6704,강수빈,M,31,Bronze,경기,2020-05-02,Medium,597,0
6705,김민준,M,35,Bronze,광주,2023-01-16,Medium,556,1
6706,박주원,F,62,Gold,제주,2024-08-31,Medium,779,0
6707,김선우,M,30,Silver,대전,2024-10-12,High,705,0
6708,권시우,M,65,Silver,경기,2024-01-04,Low,560,0
6709,임지우,F,42,Bronze,세종,2024-02-02,Medium,565,1
6710,최서연,F,21,Gold,서울,2023-09-26,Medium,695,0
6711,강수빈,M,52,Gold,전라,2022-11-17,Low,675,0
6712,박은서,M,43,Bronze,강원,2023-09-20,High,648,0
6713,신은서,F,59,Gold,충청,2023-09-02,Low,649,0
6714,최우진,M,31,Bronze,충청,2024-11-20,Medium,599,0
6715,오지유,F,45,Bronze,광주,2024-11-11,Low,586,1
6716,장민준,F,32,Silver,대구,2024-03-27,Medium,573,0
6717,한진우,M,48,Silver,경기,2021-03-10,Low,668,0
6718,이수빈,M,63,Silver,충청,2020-07-22,Medium,621,0
6719,박서연,M,66,Silver,경상,2022-07-17,Medium,581,1
6720,윤주원,M,63,Bronze,전라,2020-05-02,High,618,1
6721,오수아,M,48,Bronze,대구,2024-08-31,Low,510,1
6722,강수아,M,59,Bronze,광주,2021-02-17,Medium,559,0
6723,박수빈,F,26,Bronze,전라,2020-11-20,Medium,654,0
6724,김지우,F,56,Gold,경상,2021-11-15,Low,662,0
6725,최도윤,M,60,VIP,인천,2023-02-22,High,829,0
6726,임다은,F,61,Silver,경상,2022-11-24,Low,573,0
6727,황수아,F,25,Bronze,전라,2020-03-18,Low,532,1
6728,한지아,M,54,Bronze,대구,2020-05-28,Medium,631,0
6729,황시우,F,51,Silver,충청,2021-01-17,Medium,625,0
6730,오우진,M,20,Silver,경기,2024-09-07,Low,511,0
6731,한주원,M,36,Bronze,경상,2021-01-21,Low,538,0
6732,정수빈,M,43,Bronze,강원,2022-11-13,Low,567,0
6733,장다은,F,38,Gold,전라,2022-10-05,Low,704,0
6734,김지우,M,34,Bronze,서울,2023-01-21,Medium,674,0
6735,김수아,M,24,Gold,대구,2020-01-26,Medium,643,0
6736,조서윤,M,46,Bronze,대구,2022-11-02,Medium,632,0
6737,정수아,M,41,Gold,대구,2024-03-21,Medium,699,0
6738,신선우,M,34,Silver,강원,2023-07-24,Medium,644,0
6739,조지호,M,49,Bronze,충청,2024-12-16,Medium,516,1
6740,최지우,F,27,Silver,부산,2021-12-15,Medium,632,0
6741,정채원,F,33,Bronze,전라,2024-01-02,Low,530,1
6742,권서윤,M,53,Gold,인천,2024-03-20,High,746,0
6743,임시우,M,28,Silver,경상,2021-08-22,High,663,0
6744,박시우,F,55,Bronze,인천,2021-04-27,Low,560,0
6745,김선우,M,52,Silver,대구,2024-01-16,Medium,700,0
6746,이시우,M,62,Silver,경상,2020-12-26,Medium,645,0
6747,신시우,M,57,Silver,전라,2021-07-27,Medium,707,0
6748,신지호,M,29,Silver,서울,2022-04-12,High,733,0
6749,정채원,M,34,Gold,대구,2022-06-15,High,752,0
6750,신도윤,F,42,Bronze,제주,2023-11-13,Medium,550,1
6751,장하은,F,27,Bronze,전라,2021-12-24,Low,491,0
6752,오주원,F,56,Gold,제주,2023-09-17,Medium,715,0
6753,최은서,F,46,Silver,강원,2023-07-22,Medium,689,0
6754,장서윤,F,37,Silver,세종,2021-07-17,Medium,683,0
6755,황진우,M,43,VIP,대전,2024-11-18,High,865,0
6756,조지아,M,43,Bronze,부산,2022-10-11,Medium,669,1
6757,조수아,M,51,Gold,서울,2023-05-29,Low,603,0
6758,신수빈,F,33,Gold,경기,2020-04-11,High,746,0
6759,강다은,F,50,Silver,대구,2023-05-20,Medium,642,0
6760,이예준,M,53,Gold,서울,2020-12-07,Low,692,0
6761,윤시우,M,59,Gold,전라,2023-04-13,High,806,0
6762,조시우,F,58,Bronze,광주,2021-03-24,Low,480,0
6763,강예준,M,26,Bronze,대구,2020-11-02,Low,444,0
6764,이선우,M,46,Bronze,서울,2020-07-02,Medium,632,1
6765,이채원,F,48,Gold,제주,2020-10-18,High,781,0
6766,윤지유,F,24,Silver,세종,2022-09-08,Low,505,1
6767,정도윤,M,34,Bronze,세종,2024-02-06,Low,427,0
6768,오채원,M,49,Silver,제주,2024-07-23,Medium,613,0
6769,한서연,F,34,VIP,세종,2023-04-22,High,855,0
6770,신수빈,M,50,Silver,제주,2021-02-22,Medium,656,0
6771,조수아,M,24,Gold,세종,2023-02-08,Low,651,0
6772,권진우,F,48,Gold,경상,2023-10-08,High,808,0
6773,권은서,F,33,Silver,제주,2022-04-23,Medium,640,0
6774,윤은서,F,49,Bronze,제주,2024-11-17,Low,532,0
6775,권예준,M,44,Bronze,인천,2024-02-06,Low,526,0
6776,황지우,F,54,Bronze,대전,2021-04-20,Low,527,0
6777,오다은,F,47,Gold,대전,2022-02-28,High,753,0
6778,김주원,F,43,VIP,서울,2023-08-26,High,887,0
6779,최선우,M,69,Silver,서울,2020-07-19,High,650,0
6780,박민준,F,58,VIP,세종,2022-09-16,Medium,800,0
6781,한선우,F,27,Bronze,인천,2022-02-04,Medium,608,1
6782,박수빈,M,28,Bronze,강원,2020-02-23,Medium,587,0
6783,박지아,F,44,Silver,경상,2022-04-26,Medium,591,0
6784,조채원,M,45,Silver,세종,2024-07-25,High,727,0
6785,장선우,M,32,Bronze,인천,2021-02-08,Low,487,1
6786,임하은,M,69,Silver,충청,2020-06-08,Medium,566,0
6787,임수빈,F,48,Silver,대구,2020-12-09,Medium,692,0
6788,김주원,M,66,Bronze,광주,2021-09-06,Low,435,1
6789,임지우,F,37,Bronze,대전,2023-11-09,Medium,656,0
6790,임시우,F,27,Silver,경기,2023-12-07,Medium,716,0
6791,윤수아,M,66,Bronze,서울,2020-06-11,Low,439,0
6792,한서연,M,31,Gold,서울,2023-08-20,Low,631,0
6793,조지아,M,33,Silver,인천,2021-05-23,Medium,644,0
6794,박시우,F,61,Bronze,인천,2023-07-21,Low,518,1
6795,황민준,M,43,Silver,전라,2024-08-07,High,714,0
6796,신예준,F,36,Silver,광주,2023-11-23,Medium,681,0
6797,조도윤,F,65,Bronze,부산,2022-05-13,Medium,511,0
6798,한서윤,F,29,Silver,충청,2024-07-14,Medium,618,0
6799,윤지우,M,66,Bronze,부산,2023-12-28,Low,473,1
6800,이지아,M,31,Silver,광주,2022-12-18,Medium,665,0
6801,김은서,M,46,Silver,경상,2024-02-28,Medium,645,0
6802,윤지호,M,36,Silver,서울,2022-10-10,High,708,0
6803,한채원,F,47,Silver,충청,2020-04-20,Low,567,0
6804,장도윤,M,32,Silver,인천,2023-08-12,Low,612,0
6805,윤은서,M,41,Gold,전라,2023-01-13,Medium,703,0
6806,권은서,F,33,Bronze,대구,2021-01-04,Low,565,0
6807,한서연,M,56,Bronze,세종,2024-02-08,Low,480,0
6808,권민준,F,25,Silver,부산,2020-12-03,Medium,641,0
6809,오채원,F,60,Silver,제주,2020-01-17,Low,589,0
6810,황민준,M,64,Bronze,강원,2022-03-03,Medium,474,0
6811,오우진,M,36,Silver,강원,2020-05-17,Medium,657,0
6812,황지아,F,61,Silver,세종,2021-10-06,Low,603,0
6813,박도윤,M,65,Bronze,경기,2021-11-13,Low,563,0
6814,박시우,M,29,Gold,충청,2022-07-27,Medium,749,0
6815,윤예준,M,49,Silver,부산,2021-11-01,Medium,668,0
6816,황예준,F,27,Bronze,인천,2022-09-29,Medium,580,1
6817,임다은,F,36,Gold,제주,2021-01-07,High,784,0
6818,한하은,F,23,Bronze,강원,2023-08-05,Low,475,1
6819,임선우,M,22,Silver,인천,2020-06-03,Low,561,0
6820,강서연,M,61,Bronze,대전,2020-02-02,Low,553,0
6821,최서연,F,28,Silver,부산,2024-04-29,Medium,677,0
6822,임주원,M,54,Bronze,광주,2023-01-16,Medium,631,0
6823,최하은,F,22,Bronze,인천,2022-08-26,Low,501,1
6824,황주원,F,69,Bronze,경상,2022-03-13,Low,541,0
6825,박선우,M,46,Bronze,광주,2021-10-13,Low,546,1
6826,권은서,F,33,Gold,경기,2021-11-15,High,777,0
6827,오수빈,F,59,Silver,경기,2021-03-08,Medium,713,0
6828,박수빈,M,20,Silver,부산,2023-02-02,Medium,673,0
6829,박시우,F,59,Silver,경상,2024-09-04,Medium,651,0
6830,강시우,F,58,Silver,전라,2024-05-03,Medium,637,1
6831,임서연,F,35,Silver,강원,2022-08-30,Medium,612,0
6832,임수빈,F,69,Silver,서울,2022-03-21,High,646,0
6833,임서연,F,58,Silver,광주,2023-10-23,Medium,680,0
6834,김서윤,M,69,Silver,세종,2021-02-01,High,691,0
6835,장지호,F,34,VIP,충청,2021-03-27,High,898,0
6836,김지유,M,56,Silver,인천,2021-12-24,Medium,619,0
6837,오지우,F,57,Bronze,제주,2021-04-04,Medium,575,0
6838,장수빈,F,69,Bronze,경상,2020-02-05,Medium,569,1
6839,박다은,F,31,Gold,인천,2023-10-07,Medium,775,0
6840,강지아,F,39,Bronze,강원,2024-03-21,Medium,635,1
6841,정채원,M,21,Bronze,경기,2022-03-07,Low,482,1
6842,황다은,F,63,Silver,경상,2022-09-29,Medium,641,0
6843,한도윤,M,65,Silver,제주,2022-03-17,High,677,1
6844,김수아,M,63,Bronze,서울,2021-08-04,Medium,613,1
6845,박지호,F,55,Silver,대전,2023-12-20,Low,625,0
6846,정우진,F,24,Silver,광주,2024-08-14,High,641,0
6847,김시우,M,25,Bronze,강원,2022-06-09,Low,470,1
6848,정예준,M,44,Gold,제주,2020-11-04,High,805,0
6849,오하은,F,52,Bronze,부산,2020-06-23,Low,582,1
6850,장다은,M,24,Bronze,대전,2020-08-19,Low,445,0
6851,김서윤,F,64,Bronze,충청,2020-09-22,Medium,531,0
6852,정예준,F,30,Silver,서울,2022-11-06,Low,611,0
6853,최지우,F,60,Gold,대전,2024-09-04,Medium,748,0
6854,한주원,F,33,Bronze,부산,2022-10-04,Medium,518,0
6855,임서윤,M,61,Gold,부산,2020-10-10,High,799,0
6856,한은서,F,45,VIP,대전,2023-04-20,Medium,806,0
6857,윤시우,F,21,Bronze,경상,2023-12-09,Medium,509,0
6858,황채원,M,32,Silver,부산,2023-07-11,Low,617,0
6859,이지우,F,55,Bronze,인천,2021-10-17,Low,561,0
6860,조서연,F,66,Silver,대구,2020-10-28,Medium,657,0
6861,오채원,F,44,Gold,경기,2024-11-18,High,783,0
6862,오민준,F,30,Silver,대전,2022-03-03,Low,613,1
6863,황지유,M,24,Bronze,충청,2023-12-11,Low,436,1
6864,조은서,M,51,Silver,세종,2024-06-02,High,706,0
6865,박시우,M,50,Silver,제주,2023-11-17,High,748,0
6866,신하은,M,68,Bronze,인천,2022-05-23,Low,431,1
6867,권진우,F,48,Bronze,충청,2024-09-24,Medium,671,1
6868,정서연,F,65,Silver,인천,2024-09-30,Medium,605,0
6869,이민준,F,22,Silver,세종,2024-09-02,Low,594,0
6870,장시우,M,21,Silver,인천,2021-07-19,Medium,665,0
6871,조지유,F,59,Gold,제주,2023-12-01,Medium,669,0
6872,황서윤,M,41,Silver,광주,2024-06-09,High,705,1
6873,윤선우,F,68,Silver,제주,2022-09-17,High,613,0
6874,황민준,M,62,Gold,대전,2020-09-14,Medium,735,0
6875,강수아,M,33,Bronze,강원,2023-04-29,Medium,553,1
6876,정수아,F,61,Bronze,인천,2023-04-20,Low,524,1
6877,장진우,F,34,Bronze,광주,2024-09-14,Low,488,0
6878,강서연,M,37,Bronze,제주,2020-06-28,Low,559,0
6879,오예준,F,68,Silver,광주,2023-02-13,Medium,564,0
6880,최진우,M,41,Bronze,전라,2022-11-13,Medium,570,1
6881,강다은,M,30,Gold,대전,2023-01-16,Medium,661,1
6882,권수빈,M,53,Bronze,경기,2021-06-10,Low,569,0
6883,황지유,F,62,Silver,경기,2024-08-19,Low,485,0
6884,황지유,F,63,Bronze,경상,2021-01-20,Low,478,0
6885,오지호,F,35,Silver,부산,2022-02-12,Medium,620,0
6886,최지아,F,64,Silver,서울,2021-04-21,Medium,587,0
6887,윤수빈,F,41,Bronze,대전,2024-02-07,Low,597,0
6888,조수빈,M,46,Bronze,충청,2022-02-23,Medium,621,1
6889,윤선우,F,47,Silver,제주,2024-05-02,Low,687,0
6890,임예준,M,38,Bronze,세종,2021-04-10,High,687,0
6891,장민준,M,49,Silver,경상,2023-12-30,Medium,746,0
6892,이진우,F,59,Bronze,충청,2021-09-16,Medium,540,0
6893,신지우,M,50,Silver,광주,2023-08-29,Medium,582,0
6894,정우진,F,55,Silver,대구,2024-09-21,Medium,634,0
6895,한예준,F,26,Bronze,광주,2022-08-12,Low,487,0
6896,권주원,M,55,Bronze,광주,2023-07-20,Medium,624,0
6897,임다은,M,53,Gold,대전,2020-06-20,High,904,0
6898,권서윤,F,45,Gold,경기,2022-03-18,Medium,751,0
6899,정은서,F,33,Bronze,충청,2022-07-12,Medium,509,0
6900,황채원,F,51,Gold,제주,2024-09-18,High,798,0
6901,강수아,F,22,Silver,경기,2023-07-21,Medium,582,0
6902,강하은,M,51,Silver,부산,2024-08-09,Low,571,0
6903,김채원,M,29,Gold,충청,2020-07-26,Low,681,0
6904,조은서,F,50,Gold,제주,2022-07-20,Medium,661,0
6905,권수아,M,31,Bronze,인천,2022-02-15,Low,536,0
6906,신선우,M,39,Gold,충청,2022-10-21,Low,670,0
6907,황서연,M,47,Silver,경상,2023-06-13,Medium,647,0
6908,조진우,M,60,Silver,경상,2022-08-17,Low,589,1
6909,박은서,M,63,Bronze,경상,2024-04-23,Medium,559,0
6910,정예준,M,51,Bronze,광주,2020-03-27,High,657,0
6911,한예준,F,30,Silver,부산,2020-04-12,High,668,0
6912,황예준,F,59,Gold,인천,2024-10-31,High,799,0
6913,김민준,F,42,Bronze,충청,2022-09-06,Low,528,1
6914,한서연,M,52,Bronze,서울,2021-03-07,Low,553,0
6915,김예준,F,31,Gold,세종,2020-02-26,High,753,0
6916,한민준,M,51,Bronze,인천,2020-09-11,High,603,0
6917,이지우,M,22,Silver,경상,2021-12-03,Medium,649,0
6918,임수빈,M,67,Bronze,전라,2024-01-18,High,584,0
6919,강수빈,M,34,Silver,대전,2023-12-09,High,691,0
6920,권서연,F,24,Bronze,인천,2020-07-24,Medium,516,1
6921,오지유,M,56,Bronze,부산,2023-05-18,Low,483,1
6922,장지호,F,45,VIP,전라,2024-03-22,High,857,0
6923,윤지아,M,67,Silver,경상,2024-10-20,Medium,619,0
6924,한주원,F,44,Silver,대전,2020-07-01,Low,638,0
6925,박지호,M,30,Bronze,부산,2023-04-10,Low,505,0
6926,권진우,F,44,Gold,제주,2021-02-01,High,781,0
6927,강선우,M,55,Silver,대전,2023-10-01,Medium,725,0
6928,오하은,M,53,Silver,전라,2020-05-06,Medium,678,0
6929,한선우,M,45,Bronze,세종,2024-09-11,Medium,629,0
6930,정지우,M,25,Bronze,광주,2023-04-14,High,578,0
6931,윤수아,M,25,Bronze,세종,2024-12-01,Medium,601,1
6932,정하은,M,52,Silver,광주,2024-01-30,High,680,0
6933,권선우,F,27,Gold,전라,2023-03-07,High,848,0
6934,박서윤,M,36,Silver,경상,2024-11-27,Medium,581,0
6935,정민준,F,47,Bronze,경기,2024-10-11,Medium,552,1
6936,황진우,F,44,Bronze,대구,2024-08-04,Low,490,1
6937,최수빈,M,42,Bronze,광주,2023-11-11,Low,528,1
6938,이다은,M,37,Silver,경상,2020-05-04,Low,628,0
6939,박서연,M,55,Silver,제주,2022-07-14,Low,651,0
6940,강수아,F,48,Bronze,인천,2021-06-27,Medium,595,1
6941,황지유,F,23,Bronze,대전,2022-01-15,Low,461,0
6942,윤서윤,F,61,Bronze,인천,2023-05-16,High,638,0
6943,조진우,M,24,Bronze,인천,2020-06-24,Low,481,0
6944,오지호,F,51,Gold,경상,2022-08-30,High,797,0
6945,박지우,F,25,VIP,인천,2022-05-05,High,857,0
6946,권서윤,M,68,Bronze,충청,2020-06-26,Medium,542,0
6947,이진우,M,54,Bronze,대구,2024-09-22,High,608,0
6948,한지호,M,34,Gold,부산,2020-06-12,High,827,0
6949,임수빈,F,31,Silver,세종,2020-05-29,Medium,702,0
6950,권수아,F,62,Silver,서울,2024-02-27,Medium,616,1
6951,윤주원,F,38,Gold,세종,2024-11-29,Medium,816,0
6952,강지우,F,35,Bronze,제주,2023-04-17,Low,552,1
6953,황선우,F,39,Bronze,부산,2020-09-07,Low,478,1
6954,한도윤,M,57,Silver,대구,2020-12-15,Medium,654,0
6955,정서연,M,43,Bronze,전라,2022-11-02,Low,558,1
6956,장은서,M,60,Bronze,세종,2020-07-15,Low,424,0
6957,한주원,F,54,Silver,경기,2021-11-26,Medium,617,0
6958,조지아,F,64,VIP,경상,2022-07-07,High,778,0
6959,강시우,F,51,Bronze,광주,2021-04-28,Low,537,0
6960,신채원,M,43,Gold,대구,2022-08-23,Medium,684,0
6961,오하은,M,62,Bronze,제주,2022-05-24,Medium,617,0
6962,윤시우,F,46,Silver,부산,2020-07-03,Medium,657,0
6963,신지유,M,44,Silver,경기,2023-12-31,Medium,608,0
6964,강하은,F,38,Bronze,인천,2021-05-03,Low,537,0
6965,조지호,M,27,Silver,대구,2024-05-20,Medium,786,0
6966,강서윤,F,46,Bronze,세종,2020-09-01,Low,506,1
6967,오지아,F,32,Bronze,서울,2024-04-26,Low,488,0
6968,장우진,M,66,Silver,부산,2021-11-05,Medium,639,0
6969,오지유,M,35,Gold,경기,2024-01-05,Low,673,0
6970,박수아,M,37,Silver,부산,2021-12-19,Medium,626,0
6971,윤수빈,M,62,Bronze,제주,2024-08-14,Low,529,1
6972,황진우,F,27,Silver,강원,2023-10-22,Medium,575,0
6973,이예준,F,40,Silver,광주,2022-01-06,Low,624,0
6974,정민준,M,37,Silver,충청,2022-04-02,Medium,588,0
6975,정지아,M,46,Silver,충청,2023-04-26,Low,621,0
6976,조진우,M,20,Bronze,강원,2020-03-02,High,612,0
6977,권수빈,F,31,Gold,부산,2023-03-08,Medium,712,0
6978,오민준,F,47,Bronze,광주,2022-07-05,Low,541,1
6979,최수빈,F,62,Gold,경상,2020-04-07,High,766,0
6980,권수아,F,63,Silver,서울,2023-11-14,Medium,626,0
6981,장서연,F,67,Bronze,강원,2024-08-04,Medium,526,0
6982,강서연,M,27,Silver,강원,2021-09-10,Medium,684,0
6983,이예준,M,31,Gold,강원,2021-10-02,High,814,0
6984,최채원,F,62,VIP,인천,2021-04-01,High,761,0
6985,오지호,F,60,Silver,인천,2024-12-27,High,704,0
6986,이수아,M,64,Silver,서울,2020-11-13,Medium,620,0
6987,강선우,M,36,Silver,전라,2023-03-23,Medium,699,0
6988,황우진,M,57,Silver,충청,2024-02-26,Low,591,0
6989,조선우,F,66,Silver,대구,2024-06-08,Medium,632,0
6990,박은서,F,36,Silver,부산,2024-11-07,Low,533,1
6991,최민준,M,34,Bronze,대구,2022-07-23,High,583,1
6992,정서윤,F,35,Bronze,서울,2020-09-04,Low,471,0
6993,신지호,F,20,Bronze,경기,2020-07-02,Medium,532,0
6994,장하은,F,66,Bronze,경기,2021-09-13,Medium,550,0
6995,조수아,F,22,Silver,전라,2021-06-17,Low,555,0
6996,황주원,F,25,Silver,광주,2021-05-05,Low,638,0
6997,정채원,M,28,Gold,강원,2024-12-16,Medium,622,0
6998,김은서,F,39,Bronze,제주,2023-03-28,High,668,0
6999,황지호,M,44,Gold,부산,2022-02-03,Medium,712,0
7000,권지유,F,23,Gold,강원,2023-05-24,Medium,704,0
7001,김수빈,F,44,Silver,대구,2023-10-04,Medium,719,0
7002,황진우,F,49,Silver,대전,2024-12-02,Low,537,1
7003,정민준,M,25,Bronze,광주,2020-09-30,Medium,602,0
7004,강민준,F,47,Gold,경상,2024-07-17,High,790,0
7005,박하은,F,28,Bronze,서울,2023-04-27,Medium,569,0
7006,박지아,M,63,Silver,전라,2022-01-06,Medium,665,0
7007,윤우진,F,27,Bronze,부산,2022-07-02,Medium,630,0
7008,윤하은,M,44,Bronze,강원,2022-06-29,Low,550,0
7009,장진우,F,33,Bronze,전라,2022-01-14,Low,535,0
7010,신도윤,F,60,Bronze,충청,2021-11-28,Medium,612,0
7011,정수아,F,23,Silver,강원,2022-10-06,High,659,0
7012,정수빈,F,66,VIP,대구,2023-08-24,High,802,0
7013,정지우,F,67,Bronze,경상,2020-04-12,Low,456,1
7014,윤도윤,F,56,Bronze,경기,2021-10-30,Low,462,0
7015,장수빈,M,47,Gold,광주,2022-12-02,High,784,0
7016,오서윤,F,42,Gold,서울,2024-09-29,Low,679,0
7017,조선우,M,58,Silver,대전,2023-01-28,Medium,625,0
7018,최시우,F,21,Gold,광주,2022-01-12,High,764,0
7019,김하은,F,31,Bronze,충청,2021-11-26,High,591,0
7020,장수아,F,22,Gold,경기,2020-09-09,High,699,0
7021,신진우,M,60,Bronze,제주,2023-07-17,Medium,607,0
7022,한진우,M,21,Bronze,대전,2024-11-10,Medium,546,0
7023,정은서,M,46,Silver,서울,2022-02-04,Low,502,0
7024,임서연,F,42,Silver,대구,2021-01-28,Medium,669,0
7025,최우진,M,58,Bronze,제주,2021-03-09,High,628,1
7026,이하은,M,33,Silver,세종,2021-01-26,Low,593,0
7027,황수빈,M,22,Bronze,경상,2022-10-19,Low,414,0
7028,권진우,F,55,Bronze,세종,2020-01-23,Low,509,0
7029,조채원,F,32,Bronze,경기,2022-06-06,Medium,547,0
7030,이서윤,F,28,Bronze,충청,2024-03-08,High,604,0
7031,정서연,F,39,Gold,충청,2021-04-16,High,831,0
7032,윤수아,F,35,Silver,부산,2024-10-21,Medium,653,0
7033,오선우,M,25,Bronze,광주,2024-04-27,Medium,614,0
7034,박민준,M,33,Gold,부산,2020-03-13,High,741,0
7035,오은서,M,44,Bronze,대전,2020-05-03,Low,487,0
7036,강지유,F,23,Silver,전라,2023-01-18,High,662,0
7037,황주원,F,25,Silver,대전,2024-06-08,Medium,631,0
7038,신민준,F,60,Bronze,경기,2020-06-26,High,647,1
7039,한서윤,F,37,Bronze,부산,2021-10-20,Low,458,0
7040,임지유,F,37,Gold,인천,2022-10-03,High,796,0
7041,윤다은,M,20,Silver,부산,2022-06-23,High,636,0
7042,최다은,M,36,Gold,대구,2023-01-24,Medium,763,0
7043,김민준,M,21,Gold,인천,2020-02-15,Low,639,0
7044,신민준,F,45,Bronze,인천,2022-02-03,Low,544,0
7045,신다은,F,38,Silver,경기,2020-09-21,Low,592,0
7046,오서윤,F,36,Bronze,전라,2020-10-31,High,675,0
7047,정서연,F,50,Silver,충청,2024-10-05,Low,641,1
7048,이채원,F,68,Silver,강원,2023-07-11,Low,571,0
7049,한지호,M,44,Bronze,경상,2022-12-23,Low,592,0
7050,정지유,F,20,Silver,부산,2024-11-23,Low,608,0
7051,김은서,F,22,Gold,강원,2020-11-26,Medium,727,0
7052,오지우,F,23,Silver,세종,2023-07-08,Medium,536,0
7053,황지아,F,33,Bronze,대구,2022-02-23,Medium,567,0
7054,이수아,M,25,VIP,제주,2022-02-01,High,872,0
7055,이선우,M,42,Bronze,충청,2021-12-28,Low,511,0
7056,오수빈,F,44,VIP,전라,2023-02-05,Low,740,0
7057,최지유,M,24,Gold,충청,2021-11-04,Medium,709,0
7058,신지아,F,48,VIP,경기,2022-08-19,High,911,0
7059,김지호,M,30,Silver,서울,2024-10-05,Medium,657,1
7060,박수아,F,42,Silver,대구,2023-12-22,Medium,671,0
7061,권지유,M,48,Bronze,부산,2024-03-31,Low,575,0
7062,정선우,F,45,Silver,강원,2020-07-04,Low,606,0
7063,임지호,F,45,Bronze,제주,2021-12-24,Medium,586,0
7064,신수빈,F,36,Gold,제주,2021-03-19,Medium,719,0
7065,윤지호,F,50,Bronze,인천,2024-12-07,Low,543,0
7066,신지아,F,32,Bronze,충청,2022-04-10,Low,491,1
7067,조지아,F,26,Silver,서울,2024-05-20,Medium,645,0
7068,최선우,M,62,Bronze,대구,2024-04-24,Medium,562,0
7069,황주원,F,64,Gold,충청,2023-04-25,High,729,0
7070,임채원,F,67,Silver,경기,2021-04-08,High,627,0
7071,윤민준,F,53,Bronze,광주,2022-07-05,Low,503,1
7072,권다은,M,47,Bronze,대전,2022-08-24,High,558,0
7073,황채원,F,51,Bronze,강원,2022-12-31,Medium,589,1
7074,장지유,M,61,Silver,세종,2023-06-07,Medium,589,1
7075,권도윤,F,64,Gold,광주,2020-02-07,High,771,0
7076,장수빈,M,25,Silver,제주,2024-04-23,Low,530,0
7077,장다은,M,37,Silver,서울,2023-02-19,Low,627,0
7078,권채원,F,43,Silver,경기,2023-11-26,Low,625,0
7079,정민준,M,32,Gold,제주,2021-02-15,Medium,704,0
7080,최은서,F,57,Bronze,세종,2020-07-13,Low,534,0
7081,한은서,F,49,VIP,경기,2022-05-15,High,851,0
7082,오시우,M,31,Gold,제주,2022-06-30,Medium,724,0
7083,한우진,M,32,Silver,대구,2024-02-05,Medium,652,1
7084,조서윤,F,29,Bronze,인천,2020-11-04,Medium,565,0
7085,신지유,M,48,Silver,경기,2024-10-21,High,642,0
7086,오주원,M,48,Bronze,제주,2020-03-23,Medium,563,0
7087,정진우,M,43,Bronze,세종,2021-03-14,Low,537,0
7088,신시우,F,64,Bronze,강원,2024-04-21,Low,545,1
7089,오예준,M,56,Silver,경기,2024-10-17,Medium,664,0
7090,조다은,M,57,Silver,세종,2024-01-14,Medium,618,1
7091,임지호,F,33,Silver,충청,2022-12-07,Low,611,0
7092,박민준,M,64,Bronze,강원,2023-02-14,Low,515,0
7093,임주원,F,20,Bronze,세종,2022-09-02,High,643,0
7094,정서윤,F,38,Gold,서울,2020-09-15,Medium,759,0
7095,박하은,M,33,Bronze,세종,2023-08-30,Low,514,1
7096,오도윤,F,29,Silver,제주,2023-04-21,Medium,630,0
7097,권선우,M,54,Gold,제주,2021-07-24,High,801,0
7098,신수빈,M,22,Bronze,경상,2021-09-21,Medium,530,0
7099,신수빈,M,51,Bronze,전라,2024-12-24,Low,549,0
7100,장하은,F,37,Silver,전라,2023-12-07,Low,567,0
7101,윤시우,M,30,Gold,제주,2023-01-05,High,784,0
7102,정채원,F,49,Gold,경상,2024-09-23,Medium,734,0
7103,정지우,F,43,Bronze,강원,2023-01-20,Low,531,0
7104,조지호,M,37,Silver,경기,2020-05-23,Medium,677,1
7105,이서윤,F,65,Bronze,경기,2024-09-03,Low,513,0
7106,박하은,M,57,Bronze,대전,2023-06-04,Low,534,0
7107,조서윤,M,44,Silver,세종,2021-01-04,Low,626,0
7108,정지호,M,57,Gold,대구,2021-03-15,High,792,0
7109,황지아,M,62,Silver,대전,2024-10-24,Medium,622,0
7110,조하은,F,31,Bronze,제주,2024-04-04,Low,524,0
7111,신다은,M,24,Silver,강원,2023-03-12,Medium,598,0
7112,박민준,M,48,Silver,대구,2024-02-07,Medium,670,1
7113,임지호,F,63,Silver,대구,2023-12-01,High,668,0
7114,이시우,M,49,Bronze,제주,2020-06-07,Low,513,0
7115,한예준,F,58,Gold,충청,2020-01-21,Medium,736,0
7116,정서윤,F,27,Bronze,부산,2024-01-29,Medium,638,0
7117,김채원,F,62,Bronze,인천,2020-09-19,Low,492,0
7118,이채원,F,23,Bronze,대구,2024-10-07,Low,519,0
7119,임지유,M,36,Gold,부산,2023-07-28,High,815,0
7120,조지아,F,45,Gold,세종,2020-06-11,Medium,680,0
7121,이지우,M,44,Gold,광주,2022-10-08,High,729,0
7122,임주원,F,45,Silver,대전,2021-07-28,Medium,635,0
7123,조예준,F,36,Bronze,경상,2020-07-09,Medium,589,0
7124,신시우,M,33,Gold,제주,2020-10-17,High,742,0
7125,오시우,F,32,Bronze,전라,2021-08-04,Low,496,1
7126,조하은,M,21,Silver,강원,2021-01-27,Medium,665,0
7127,권서연,F,52,Gold,충청,2023-02-22,High,739,0
7128,김도윤,M,54,Bronze,세종,2022-04-25,Medium,645,0
7129,임서연,M,40,Silver,강원,2021-03-19,Low,647,0
7130,김진우,F,23,Bronze,부산,2021-10-24,Medium,567,0
7131,이우진,F,37,VIP,경상,2023-12-01,High,823,0
7132,권서연,F,57,Silver,부산,2024-06-08,High,790,0
7133,오하은,F,41,Bronze,광주,2023-03-22,Low,567,0
7134,황시우,M,58,Bronze,경기,2022-06-06,Medium,550,0
7135,신우진,F,22,Gold,경기,2020-08-11,Medium,682,0
7136,한수아,M,64,Silver,강원,2021-02-13,Medium,613,0
7137,정은서,M,50,Silver,경기,2023-09-02,Medium,732,0
7138,이지호,M,38,Bronze,대전,2023-02-06,Low,568,1
7139,이하은,F,35,Silver,인천,2020-09-07,Medium,599,0
7140,김우진,F,40,Bronze,충청,2022-03-24,Low,516,1
7141,최하은,M,27,Gold,제주,2024-05-13,High,746,0
7142,정예준,F,64,Silver,충청,2020-08-15,Low,502,0
7143,신예준,M,25,Silver,충청,2021-07-19,Low,576,1
7144,권지아,F,66,Gold,인천,2020-01-20,High,797,0
7145,정은서,F,36,Bronze,광주,2021-03-26,Low,522,0
7146,장하은,M,63,Gold,부산,2021-03-08,Low,656,0
7147,조은서,F,24,Bronze,광주,2020-08-15,Low,459,0
7148,강수빈,M,41,Bronze,대구,2022-11-11,Low,496,0
7149,장예준,M,29,Gold,전라,2021-11-28,Medium,707,0
7150,윤우진,M,64,Bronze,서울,2022-09-12,Low,510,0
7151,한선우,F,44,Bronze,부산,2022-03-03,Medium,578,0
7152,신은서,F,67,Gold,강원,2022-03-23,High,736,0
7153,윤도윤,F,51,VIP,전라,2020-06-11,High,836,0
7154,권우진,M,56,Silver,세종,2020-12-14,Medium,715,0
7155,박수빈,M,69,Silver,대전,2022-01-23,Low,552,0
7156,박수빈,F,38,Silver,세종,2020-02-08,Medium,625,0
7157,최수아,F,51,Silver,인천,2023-06-19,Low,613,0
7158,황지우,M,40,Bronze,대전,2023-01-23,Low,504,1
7159,임수아,M,62,Bronze,제주,2023-06-27,Medium,552,0
7160,장지우,M,59,Gold,인천,2023-04-13,High,774,0
7161,오선우,F,37,Silver,대구,2024-07-05,Medium,651,1
7162,최하은,F,52,Bronze,대전,2022-01-08,Low,473,0
7163,권은서,F,53,Gold,전라,2020-12-27,Medium,704,0
7164,장지우,F,51,Gold,경상,2024-01-28,High,803,0
7165,한하은,F,27,Bronze,부산,2022-03-28,Medium,550,0
7166,이수빈,F,39,VIP,제주,2020-08-26,Medium,764,0
7167,오민준,M,32,Gold,충청,2024-05-28,High,738,0
7168,장지우,F,64,Silver,경상,2020-12-15,Low,583,0
7169,한선우,M,36,Silver,충청,2020-07-06,Low,676,0
7170,강하은,M,26,Bronze,전라,2022-09-04,Low,474,0
7171,한지아,F,43,Bronze,제주,2024-01-26,Low,519,0
7172,신다은,M,39,Silver,경상,2020-12-01,High,727,0
7173,이서윤,F,21,Silver,강원,2021-01-14,High,664,0
7174,권지유,M,69,Gold,제주,2023-06-17,Medium,678,0
7175,임도윤,M,59,Bronze,전라,2022-06-04,Low,498,1
7176,강지유,F,31,Gold,제주,2022-01-13,Medium,673,0
7177,임은서,F,69,Bronze,인천,2024-10-04,Medium,563,0
7178,박지유,F,42,Silver,광주,2021-10-05,Low,640,0
7179,권서연,F,38,Bronze,강원,2024-01-25,Low,604,0
7180,임하은,M,58,Silver,경상,2024-12-08,Medium,608,0
7181,최수아,F,63,Bronze,부산,2022-07-22,High,575,1
7182,김민준,M,48,Gold,경상,2021-12-25,Low,626,0
7183,권다은,F,32,Gold,광주,2023-08-22,Medium,677,0
7184,강채원,F,37,Bronze,경상,2022-02-09,Medium,620,0
7185,윤서연,M,61,VIP,대전,2022-03-16,High,856,0
7186,박예준,F,27,Bronze,광주,2022-10-26,Medium,537,0
7187,강수아,M,54,Bronze,대전,2021-11-10,Low,554,0
7188,조하은,F,30,Silver,대전,2020-04-28,High,733,0
7189,이민준,F,55,Bronze,강원,2020-12-19,Low,461,0
7190,윤지호,F,62,Bronze,충청,2022-06-30,Medium,593,1
7191,김은서,F,23,Silver,전라,2021-06-12,High,704,0
7192,한서윤,F,34,Bronze,대전,2020-08-05,High,610,0
7193,강도윤,M,36,Bronze,제주,2020-10-08,Low,478,1
7194,이지유,M,27,Gold,서울,2022-11-18,Low,627,0
7195,임지유,M,27,Gold,대전,2023-07-29,Medium,659,0
7196,신지우,M,68,Bronze,부산,2021-06-22,Medium,482,0
7197,권수빈,F,21,Bronze,세종,2024-05-26,High,588,0
7198,신예준,F,49,VIP,강원,2024-11-27,High,827,0
7199,조서연,F,65,Bronze,경상,2022-05-09,Medium,529,1
7200,장시우,M,64,Bronze,전라,2021-08-24,Low,523,1
7201,임민준,F,32,Bronze,충청,2024-12-23,Low,520,0
7202,오지우,F,47,Gold,전라,2022-01-03,High,811,0
7203,오지호,M,35,Bronze,경기,2021-08-24,Low,543,0
7204,장진우,M,44,Silver,경상,2021-03-24,Medium,648,0
7205,윤수아,M,66,Bronze,충청,2022-04-19,Low,440,0
7206,조은서,F,40,Bronze,강원,2023-07-12,Low,523,0
7207,임우진,M,59,Silver,충청,2023-09-25,Medium,630,0
7208,최은서,F,36,Bronze,전라,2024-05-04,Low,551,1
7209,최민준,F,61,Bronze,대구,2021-11-04,Low,525,0
7210,오서연,M,68,Gold,세종,2024-07-30,Low,592,0
7211,신지아,F,41,Bronze,서울,2023-08-31,Low,581,1
7212,이지호,M,48,Silver,충청,2020-05-17,High,693,0
7213,황수빈,M,64,Bronze,부산,2022-08-26,Low,519,0
7214,장시우,F,64,Bronze,대구,2021-10-09,Low,517,1
7215,권지우,F,45,Silver,경기,2024-08-21,Low,660,0
7216,황지호,M,56,Silver,경상,2023-11-06,Medium,663,0
7217,강선우,M,24,Silver,광주,2020-06-30,Medium,554,0
7218,권민준,M,54,Bronze,강원,2024-03-13,Low,559,0
7219,윤채원,F,67,Bronze,대구,2021-05-06,Low,457,0
7220,강채원,M,25,Bronze,대구,2023-02-28,Medium,577,0
7221,장지호,M,66,Bronze,부산,2020-10-20,Low,541,0
7222,임은서,M,35,Silver,세종,2022-07-13,Medium,592,1
7223,신서윤,F,64,Bronze,제주,2022-07-20,Low,473,1
7224,강수빈,F,27,Bronze,광주,2023-09-28,High,700,0
7225,정서연,M,51,Silver,대전,2024-11-18,Low,640,0
7226,권선우,M,26,Silver,강원,2020-10-22,High,729,0
7227,신서연,F,44,Bronze,제주,2023-10-28,High,610,0
7228,황도윤,F,69,VIP,인천,2022-01-24,High,741,0
7229,윤채원,F,50,Bronze,인천,2024-09-16,Medium,589,1
7230,권다은,M,31,Silver,세종,2021-03-15,Low,619,0
7231,권지우,M,55,VIP,세종,2020-08-27,Low,803,0
7232,권채원,M,58,Silver,대전,2022-12-05,Medium,692,0
7233,윤수아,F,30,Silver,서울,2023-08-31,Low,604,0
7234,정지아,F,20,Bronze,전라,2024-01-05,Low,523,0
7235,장선우,F,52,Bronze,충청,2024-05-23,Low,550,1
7236,권수아,M,66,VIP,대구,2021-08-31,High,798,0
7237,강우진,F,64,Silver,광주,2022-05-02,Medium,636,0
7238,박시우,M,69,Silver,제주,2024-03-31,Low,555,0
7239,황하은,F,33,Gold,경상,2023-09-13,Medium,710,0
7240,이다은,M,23,Gold,부산,2022-06-21,Medium,611,0
7241,권주원,F,28,Gold,경상,2020-03-21,Medium,738,0
7242,한선우,M,64,Bronze,제주,2021-10-29,Medium,541,0
7243,신지우,M,60,Silver,강원,2024-12-07,Medium,712,0
7244,김다은,F,35,VIP,제주,2023-02-23,Medium,810,0
7245,윤지우,M,44,Bronze,대전,2024-05-05,Low,501,1
7246,강선우,F,23,Gold,광주,2024-01-03,High,757,0
7247,신수빈,F,68,Silver,경기,2023-12-28,Medium,598,0
7248,신진우,M,27,Gold,경기,2024-01-13,Medium,719,0
7249,박예준,M,50,Gold,대전,2022-08-21,High,744,0
7250,오다은,M,21,Bronze,제주,2022-06-14,Medium,515,0
7251,강시우,F,25,Gold,인천,2023-09-25,High,804,0
7252,정수빈,M,34,VIP,서울,2021-09-13,High,858,0
7253,황예준,M,43,Bronze,대전,2023-03-07,Medium,545,0
7254,임수아,M,41,Silver,경기,2023-01-08,Medium,750,0
7255,황지아,M,37,Bronze,대전,2020-07-08,High,684,0
7256,황지호,F,67,Silver,경기,2024-06-11,Medium,626,0
7257,최지우,F,40,Gold,대전,2022-02-27,Medium,732,0
7258,이수빈,F,55,Silver,서울,2021-04-10,Low,612,0
7259,오우진,F,61,Gold,광주,2020-05-14,High,762,0
7260,황하은,M,28,Silver,광주,2024-07-26,Low,521,1
7261,이은서,M,33,Silver,부산,2020-02-05,High,636,0
7262,권선우,F,58,Bronze,경상,2022-01-04,Low,556,0
7263,오주원,F,47,Bronze,경상,2023-11-14,Low,584,1
7264,임지아,F,28,VIP,인천,2024-05-01,High,801,0
7265,오민준,M,51,Silver,충청,2021-09-04,Medium,675,1
7266,임선우,F,66,Silver,인천,2024-01-02,Low,577,0
7267,강지아,F,28,Gold,광주,2024-11-10,Low,645,0
7268,오우진,M,42,Bronze,강원,2024-05-04,Medium,679,1
7269,최우진,M,20,Silver,경기,2024-07-10,Low,565,1
7270,한수아,F,28,Bronze,경상,2024-11-13,Low,498,0
7271,오은서,M,52,Gold,경기,2021-03-08,Medium,696,0
7272,박지호,M,24,Gold,충청,2020-03-02,Low,661,0
7273,한서연,F,57,Silver,부산,2021-02-27,High,681,0
7274,한은서,M,60,Bronze,강원,2024-07-20,Medium,558,0
7275,박민준,M,55,Silver,전라,2023-09-21,Low,571,0
7276,최도윤,F,31,Bronze,부산,2024-12-13,Low,472,0
7277,장민준,F,54,Silver,제주,2022-07-14,Medium,716,0
7278,윤채원,F,56,Gold,대구,2021-08-04,Medium,693,0
7279,황우진,F,56,Silver,전라,2024-01-17,Medium,630,0
7280,신진우,M,63,Bronze,서울,2024-12-08,Medium,569,1
7281,윤지유,F,29,Bronze,인천,2023-08-04,Medium,560,0
7282,조수빈,M,45,Gold,전라,2023-05-27,Medium,729,0
7283,임예준,F,68,Silver,대전,2023-10-18,Medium,640,0
7284,권시우,F,41,Bronze,광주,2021-05-09,Medium,584,0
7285,황우진,M,46,Gold,대구,2021-12-06,Medium,790,0
7286,윤지유,F,46,Bronze,경상,2021-08-19,Medium,616,0
7287,강선우,F,57,Gold,경상,2023-05-27,Medium,699,0
7288,김예준,M,26,Silver,서울,2020-12-26,High,646,0
7289,한도윤,F,20,Silver,광주,2022-12-03,Medium,595,0
7290,신지유,M,58,Bronze,대구,2021-03-15,Medium,590,0
7291,정수빈,F,54,Bronze,경상,2023-10-22,Medium,598,0
7292,강주원,F,48,Silver,인천,2022-06-04,Medium,615,0
7293,임민준,M,52,Silver,세종,2021-04-24,Medium,705,0
7294,오서연,F,49,Silver,세종,2024-07-15,Low,617,0
7295,정민준,F,23,Silver,광주,2024-06-04,High,639,0
7296,최지아,M,67,Gold,제주,2022-08-20,Medium,623,0
7297,윤지아,F,64,Gold,강원,2022-11-03,High,759,0
7298,황하은,M,27,Silver,강원,2024-09-25,Medium,631,0
7299,조우진,M,33,Bronze,서울,2022-06-30,Low,529,0
7300,강다은,F,52,Bronze,대구,2022-05-07,Medium,519,1
7301,권지아,M,21,Bronze,경기,2020-07-03,Low,442,0
7302,조수아,F,22,Gold,강원,2023-01-22,High,759,0
7303,신주원,F,26,Silver,경기,2024-08-09,Medium,669,0
7304,황하은,M,68,Gold,대구,2022-12-12,High,696,0
7305,신지우,F,46,Bronze,대구,2021-03-05,Low,532,0
7306,이수빈,F,60,Silver,부산,2021-10-11,Low,609,0
7307,최주원,F,41,Silver,대구,2024-09-04,Medium,671,0
7308,한주원,M,27,Bronze,전라,2024-08-04,Low,485,1
7309,이지우,M,32,Silver,강원,2020-07-30,Medium,634,0
7310,신서윤,M,48,Gold,전라,2023-04-26,Medium,699,0
7311,김시우,M,36,Bronze,광주,2023-01-11,Low,511,1
7312,박수아,F,56,Bronze,서울,2022-03-27,Medium,584,0
7313,윤주원,F,68,Silver,대구,2024-01-13,Low,532,0
7314,이민준,F,57,Bronze,강원,2021-11-14,Low,584,0
7315,이진우,F,65,Silver,전라,2022-03-10,Medium,543,0
7316,박다은,M,44,Bronze,서울,2024-11-12,Low,502,0
7317,윤진우,M,65,Bronze,세종,2024-02-16,Low,427,1
7318,김다은,M,64,Gold,경기,2024-12-06,High,748,0
7319,최예준,M,37,VIP,경상,2021-01-26,High,824,0
7320,오예준,F,69,Silver,대구,2024-11-26,Medium,662,0
7321,오우진,M,29,Bronze,경상,2021-11-04,High,606,0
7322,권선우,F,52,Bronze,서울,2024-03-20,Low,571,0
7323,강시우,F,38,Gold,서울,2020-09-18,Medium,714,0
7324,최주원,M,38,Bronze,경상,2021-08-05,Medium,585,0
7325,장서연,M,35,Bronze,세종,2024-11-08,Low,505,0
7326,권지아,M,67,Bronze,대전,2023-05-27,Low,433,1
7327,최선우,F,34,Bronze,광주,2024-09-19,Low,520,0
7328,이도윤,M,41,Silver,인천,2021-01-11,High,735,0
7329,김수아,M,61,Bronze,경상,2020-06-21,Medium,614,0
7330,황민준,M,44,Silver,서울,2023-06-15,Medium,599,0
7331,박진우,M,55,Bronze,광주,2021-10-30,Medium,545,1
7332,권민준,M,64,Bronze,강원,2020-09-30,Low,529,0
7333,정시우,M,34,VIP,대전,2024-09-23,High,795,0
7334,김시우,M,57,Gold,대구,2020-01-04,Medium,707,0
7335,정하은,F,26,Bronze,경기,2022-11-08,Medium,579,0
7336,권서윤,F,23,Gold,인천,2021-05-16,High,747,0
7337,박하은,M,56,Silver,전라,2020-10-05,Low,491,0
7338,황하은,F,31,Silver,광주,2020-03-15,High,667,0
7339,정은서,M,45,Bronze,서울,2023-11-14,Low,472,1
7340,한지우,M,20,Silver,세종,2022-10-25,Medium,564,0
7341,신서윤,M,38,Bronze,부산,2023-07-26,Medium,637,0
7342,오하은,F,58,Bronze,경기,2022-09-21,Medium,609,1
7343,이은서,M,26,Silver,제주,2021-03-04,Low,603,0
7344,이지아,M,20,Bronze,대구,2023-10-12,Low,423,0
7345,장지우,M,46,Silver,광주,2022-02-18,Low,599,1
7346,장우진,M,65,Silver,대전,2024-04-19,Medium,602,0
7347,한진우,M,59,Silver,광주,2023-07-30,Low,626,0
7348,조지유,F,64,Bronze,충청,2024-01-07,High,667,0
7349,윤지호,M,49,Bronze,충청,2021-09-28,Low,529,1
7350,임주원,M,40,Bronze,부산,2023-08-21,Low,517,1
7351,한진우,F,22,Silver,부산,2020-02-03,Medium,565,0
7352,장채원,M,56,Gold,서울,2023-12-28,Medium,732,0
7353,권지우,F,38,VIP,서울,2020-10-16,High,921,0
7354,장시우,F,63,Gold,광주,2024-06-19,Medium,753,0
7355,박도윤,F,53,Gold,제주,2020-02-06,Medium,716,0
7356,장서윤,F,55,Gold,세종,2020-03-13,High,857,0
7357,정은서,F,63,Gold,세종,2020-10-25,Medium,734,0
7358,권수아,M,37,Bronze,광주,2021-04-06,Medium,640,0
7359,최민준,M,46,Bronze,강원,2022-11-10,Low,538,0
7360,황서연,F,64,Gold,전라,2022-01-13,Medium,722,0
7361,장민준,M,36,Silver,광주,2023-01-05,Low,544,0
7362,이진우,F,67,Silver,부산,2024-05-08,Medium,635,0
7363,김시우,F,68,Bronze,전라,2023-07-27,Low,521,0
7364,오지우,M,57,Silver,광주,2022-01-18,Medium,593,0
7365,박선우,M,24,Bronze,제주,2022-07-16,Low,450,0
7366,정시우,M,31,Bronze,부산,2020-10-15,Low,495,0
7367,한선우,F,38,Gold,충청,2024-08-18,Low,674,0
7368,권도윤,F,21,Silver,제주,2024-11-17,Medium,606,0
7369,한예준,F,24,Bronze,부산,2023-01-23,Low,509,1
7370,오도윤,M,42,Gold,경기,2020-09-03,Low,726,0
7371,오지아,F,30,Gold,경기,2020-06-20,Medium,740,0
7372,강예준,M,60,Silver,부산,2020-01-01,High,666,0
7373,권우진,M,40,Silver,서울,2020-06-10,Medium,667,0
7374,한지유,F,65,Silver,대구,2024-10-05,High,654,0
7375,오주원,M,41,Bronze,인천,2023-11-14,Low,521,0
7376,박지유,F,49,Silver,경기,2023-09-06,Medium,590,0
7377,황채원,F,46,Bronze,제주,2021-10-08,Low,529,1
7378,조지유,F,52,Silver,세종,2020-08-25,High,718,0
7379,권채원,F,56,Silver,부산,2023-06-15,Low,614,0
7380,황지우,M,39,Silver,대전,2023-05-15,Low,682,0
7381,강지호,F,46,Gold,강원,2021-02-26,Low,648,0
7382,정지호,F,67,Gold,경상,2021-05-21,Medium,661,0
7383,이서연,F,54,Bronze,세종,2022-02-23,Low,561,0
7384,강서연,M,41,Bronze,경상,2024-05-16,Low,542,0
7385,오지유,F,59,Bronze,강원,2023-07-09,Low,566,1
7386,권지아,F,39,Silver,세종,2022-02-09,High,735,0
7387,강주원,F,39,Silver,서울,2021-02-21,Low,624,0
7388,정지우,F,45,Gold,세종,2020-07-20,Low,656,0
7389,박지호,F,34,Silver,경상,2021-11-20,Low,554,0
7390,조서연,F,30,Silver,세종,2024-03-31,High,704,0
7391,최채원,F,65,Silver,경기,2021-06-14,Medium,576,0
7392,윤하은,F,36,VIP,인천,2020-11-19,High,870,0
7393,한지우,M,36,Bronze,충청,2023-12-15,Medium,652,0
7394,오시우,M,49,Silver,강원,2024-01-10,Low,576,0
7395,정선우,M,21,Silver,광주,2023-08-14,Medium,645,0
7396,장민준,F,20,Gold,부산,2024-03-13,High,633,0
7397,조다은,M,41,Gold,부산,2023-08-18,Low,651,0
7398,임수빈,M,54,Bronze,서울,2022-03-24,Low,491,0
7399,정은서,F,46,Bronze,경기,2020-05-10,High,677,0
7400,임주원,F,53,Silver,강원,2023-11-19,Medium,755,1
7401,정서연,F,69,Silver,대전,2020-06-01,Medium,533,1
7402,신민준,F,32,Silver,강원,2021-12-16,High,601,0
7403,이민준,F,52,Bronze,강원,2023-02-24,Low,512,0
7404,권진우,F,43,Silver,대구,2024-05-20,Low,658,1
7405,정진우,M,52,Silver,부산,2023-01-07,Medium,667,0
7406,강지아,F,63,Silver,제주,2023-01-13,Low,535,0
7407,임민준,F,67,Silver,제주,2021-02-18,Medium,661,0
7408,박예준,M,69,Silver,광주,2024-06-12,Medium,597,0
7409,박지아,F,66,Bronze,대전,2021-04-12,Medium,558,0
7410,이채원,M,48,Bronze,대전,2021-04-13,Low,540,0
7411,최우진,M,55,Bronze,대전,2023-02-02,Low,481,1
7412,김서연,M,41,Bronze,경상,2021-05-11,Medium,636,0
7413,권채원,M,59,Gold,경상,2021-10-20,Medium,731,0
7414,최지유,F,25,Bronze,인천,2020-02-03,Low,530,0
7415,정은서,M,24,Gold,강원,2022-05-20,High,680,0
7416,박선우,F,22,Gold,대구,2022-01-27,Medium,678,0
7417,강수아,M,63,Bronze,세종,2022-03-26,Low,496,1
7418,한진우,F,22,Silver,대전,2022-08-10,Medium,566,0
7419,황도윤,M,37,Silver,전라,2022-10-06,Low,555,0
7420,강채원,M,35,Silver,대전,2023-10-22,Low,638,1
7421,오지호,M,63,Gold,경기,2021-01-03,High,765,0
7422,장지아,F,34,Bronze,서울,2023-01-16,High,659,0
7423,김우진,F,21,Gold,경상,2021-07-10,Low,641,0
7424,강선우,M,37,Gold,강원,2021-11-07,Medium,741,0
7425,한지호,F,53,Bronze,경상,2021-04-01,Low,548,0
7426,최예준,F,55,Silver,세종,2021-04-23,High,721,0
7427,한시우,F,44,Bronze,세종,2022-05-27,Low,518,1
7428,김다은,M,50,VIP,강원,2022-07-16,Medium,817,0
7429,조시우,M,52,Bronze,서울,2022-12-10,Low,564,1
7430,정도윤,F,36,Gold,부산,2022-01-22,Medium,786,0
7431,윤시우,M,26,VIP,대구,2021-04-23,Medium,846,0
7432,윤진우,F,67,Silver,강원,2021-04-20,High,679,0
7433,신채원,M,54,VIP,경상,2022-08-17,High,848,0
7434,한진우,F,69,Silver,제주,2024-04-10,Low,522,0
7435,김시우,M,50,VIP,강원,2021-05-05,High,762,0
7436,권선우,F,60,Gold,제주,2021-03-18,Medium,767,0
7437,김지유,M,46,Gold,세종,2024-06-06,Low,800,0
7438,장서연,F,69,Bronze,세종,2023-08-28,Low,548,0
7439,김지유,F,36,Silver,인천,2023-04-14,High,619,0
7440,정수빈,M,55,Silver,광주,2023-03-17,High,706,0
7441,임우진,M,69,Bronze,광주,2022-12-03,Low,442,0
7442,오시우,F,24,Silver,대구,2024-09-27,High,691,0
7443,윤지호,F,26,Bronze,강원,2023-10-15,Low,473,0
7444,이민준,F,45,Silver,인천,2022-04-22,Low,692,0
7445,조우진,M,31,Bronze,광주,2024-03-23,Low,479,0
7446,강수아,F,50,Silver,대전,2022-03-11,Medium,629,0
7447,권민준,M,29,Bronze,경기,2023-07-31,Low,527,0
7448,강시우,F,59,Silver,강원,2024-10-22,Low,610,0
7449,오하은,F,24,Silver,대전,2022-11-16,Medium,645,0
7450,신수빈,M,52,Gold,부산,2022-09-20,High,840,0
7451,조민준,M,32,Gold,충청,2022-11-09,High,640,0
7452,윤서윤,M,37,Gold,제주,2022-09-29,Low,717,0
7453,오하은,M,47,Gold,충청,2022-03-10,Low,625,0
7454,이선우,F,24,Gold,전라,2022-06-23,Medium,636,0
7455,조우진,M,64,Silver,부산,2022-12-08,High,696,0
7456,윤선우,F,69,Gold,강원,2024-03-10,Medium,658,0
7457,장수아,F,69,Bronze,경상,2023-11-02,Medium,562,0
7458,김선우,M,41,Bronze,경상,2023-01-15,Low,498,0
7459,한우진,F,61,Silver,제주,2022-11-08,Low,587,0
7460,김지아,F,60,Silver,충청,2021-01-01,Medium,590,0
7461,윤도윤,F,48,Silver,제주,2022-12-02,Medium,650,0
7462,한우진,M,63,Silver,경기,2024-10-30,Low,574,0
7463,황우진,F,33,Gold,인천,2022-03-20,Medium,735,0
7464,정지아,F,55,Silver,서울,2024-04-21,Low,563,1
7465,정지우,F,34,Silver,충청,2020-08-11,Medium,664,0
7466,장채원,F,65,Silver,강원,2024-08-20,Low,575,0
7467,조지호,M,20,Bronze,광주,2020-10-30,Low,470,1
7468,김예준,M,38,Silver,제주,2022-02-02,High,714,0
7469,한지우,M,42,Silver,대구,2021-08-17,Medium,645,0
7470,박서연,F,46,Bronze,대구,2022-01-21,Low,546,0
7471,황채원,F,23,Bronze,세종,2020-04-08,Medium,551,0
7472,황지유,F,50,Bronze,광주,2021-04-23,Low,540,0
7473,오지우,F,69,Bronze,강원,2021-06-06,Low,374,1
7474,신지호,F,64,Bronze,충청,2020-08-06,Low,537,0
7475,윤수빈,M,52,Silver,제주,2021-11-04,Low,587,0
7476,신하은,F,28,Gold,부산,2022-08-13,Medium,709,0
7477,한주원,M,56,Silver,경기,2021-12-06,Low,661,0
7478,김서연,M,36,Bronze,경상,2024-05-25,High,638,0
7479,정서연,F,61,Silver,대전,2022-11-22,Medium,578,0
7480,윤민준,F,24,Bronze,대구,2022-05-16,Low,440,0
7481,김지우,F,60,Silver,부산,2022-08-22,Low,536,0
7482,박수아,M,66,Bronze,대구,2022-08-24,High,588,1
7483,박예준,M,67,Silver,대전,2023-12-15,Low,691,0
7484,조진우,M,34,Silver,서울,2020-07-11,Low,563,0
7485,박하은,F,65,Silver,세종,2022-06-14,Medium,642,0
7486,박선우,M,25,Silver,부산,2020-09-02,Medium,682,0
7487,장도윤,M,43,Silver,부산,2024-02-24,Medium,605,0
7488,황지아,F,53,Bronze,경상,2022-12-20,Low,533,0
7489,한은서,M,58,Silver,강원,2020-08-19,Low,584,0
7490,최지우,M,61,Bronze,충청,2021-01-09,Low,529,0
7491,강지아,M,69,Gold,강원,2022-08-25,High,759,0
7492,신도윤,F,51,Silver,부산,2021-01-09,Medium,649,0
7493,최채원,M,50,VIP,인천,2024-01-24,High,770,0
7494,이민준,F,26,Silver,강원,2022-07-29,Medium,590,0
7495,신지유,M,64,Silver,서울,2020-01-02,Medium,645,0
7496,강다은,F,28,Silver,광주,2021-04-16,Medium,605,0
7497,박예준,F,32,Silver,대구,2021-10-01,Medium,700,0
7498,황서윤,F,57,Silver,경기,2021-08-17,Medium,619,0
7499,최채원,M,22,Gold,경기,2024-05-09,High,688,0
7500,권지아,M,28,Bronze,서울,2022-11-06,Low,569,0
7501,장은서,F,21,Bronze,전라,2021-06-16,High,612,0
7502,임예준,F,55,Bronze,대전,2024-09-09,Medium,671,0
7503,임지우,F,45,Gold,광주,2024-01-14,Low,635,0
7504,황민준,F,62,Silver,세종,2023-06-01,Medium,597,1
7505,김도윤,M,41,Silver,충청,2020-01-27,Medium,751,0
7506,신서윤,F,20,Bronze,경기,2020-02-06,Low,514,1
7507,신은서,M,51,Bronze,충청,2023-07-11,Medium,547,1
7508,윤시우,M,55,Bronze,강원,2021-09-29,Low,553,0
7509,한우진,M,63,Bronze,광주,2024-02-19,Low,458,1
7510,정우진,M,64,Bronze,강원,2020-09-24,Low,615,0
7511,권주원,M,22,Silver,대구,2024-10-03,High,680,0
7512,박수빈,F,66,Silver,경기,2023-04-18,Medium,563,0
7513,윤서윤,M,23,Bronze,광주,2023-11-21,Low,516,0
7514,한하은,F,40,Bronze,대구,2020-07-24,Low,469,1
7515,김서연,M,30,Gold,대전,2021-08-21,Medium,767,0
7516,임선우,M,46,Bronze,충청,2023-07-08,Medium,602,1
7517,권민준,M,52,Bronze,경상,2020-12-29,Low,555,0
7518,박채원,F,68,Silver,전라,2024-02-17,High,723,0
7519,장서연,M,24,Silver,전라,2024-12-27,High,658,0
7520,이주원,F,31,Silver,전라,2023-08-15,High,655,0
7521,최채원,M,46,Silver,인천,2021-03-31,High,706,0
7522,조서연,M,24,Bronze,강원,2023-08-01,Medium,518,1
7523,황수아,M,50,Gold,강원,2024-08-16,Low,623,1
7524,박서윤,M,28,Silver,부산,2024-03-08,Low,501,0
7525,권채원,F,28,Bronze,경기,2020-05-03,High,566,0
7526,황서연,F,65,Gold,충청,2023-03-26,High,750,0
7527,오주원,M,40,Silver,강원,2024-07-03,Medium,741,0
7528,황도윤,M,62,Bronze,경기,2020-12-05,Low,584,0
7529,강서연,M,27,Bronze,강원,2022-07-22,Low,522,0
7530,조주원,M,32,Silver,충청,2022-09-20,Medium,634,1
7531,임진우,M,38,Bronze,부산,2022-10-06,Low,588,1
7532,강하은,F,27,Silver,경상,2023-01-06,Medium,630,0
7533,신다은,F,68,Silver,서울,2023-03-05,Medium,624,0
7534,최도윤,M,30,Silver,부산,2022-05-04,Low,684,0
7535,권다은,M,42,Gold,부산,2023-10-30,High,777,0
7536,김진우,M,50,Silver,광주,2024-02-06,Medium,601,0
7537,조시우,M,60,Bronze,전라,2022-01-25,Low,485,1
7538,강지유,F,50,Gold,서울,2022-06-25,Medium,779,0
7539,조채원,M,49,Gold,제주,2023-12-24,High,815,0
7540,김수아,M,50,Gold,경상,2024-02-11,High,773,0
7541,장지우,M,40,Bronze,세종,2023-01-03,High,628,0
7542,장예준,M,47,Bronze,서울,2024-08-09,Low,444,1
7543,오주원,F,40,Gold,세종,2021-09-01,Low,702,0
7544,신진우,F,37,Silver,충청,2020-12-10,Medium,684,0
7545,신우진,F,26,Silver,경상,2022-12-05,High,712,0
7546,최시우,F,25,Silver,광주,2021-01-04,Medium,595,0
7547,임서윤,F,49,Silver,전라,2022-07-18,High,677,0
7548,한채원,M,45,VIP,경기,2021-02-23,High,895,0
7549,황다은,F,24,Bronze,강원,2022-08-23,Low,493,0
7550,권진우,M,56,Bronze,서울,2023-03-22,High,562,0
7551,윤지우,F,55,Silver,제주,2020-04-16,Medium,706,0
7552,강민준,F,46,Bronze,전라,2022-03-19,High,646,0
7553,권민준,F,53,Silver,제주,2021-01-08,Low,601,0
7554,장은서,F,32,Silver,강원,2021-06-23,High,624,0
7555,정하은,M,31,Bronze,경기,2022-04-20,Low,513,0
7556,박우진,F,56,Bronze,제주,2021-04-14,High,601,0
7557,강수아,M,68,Gold,전라,2023-04-25,High,784,0
7558,정주원,M,36,Silver,경상,2024-05-09,Medium,719,0
7559,이수아,F,68,Bronze,대구,2023-12-23,Medium,461,0
7560,강서연,M,50,Gold,경상,2023-12-20,Low,680,1
7561,정수빈,M,52,Gold,강원,2020-10-23,Medium,744,0
7562,신하은,F,29,Silver,인천,2020-04-08,Medium,645,0
7563,신채원,F,56,Silver,제주,2022-10-05,Medium,577,0
7564,황은서,F,29,Silver,제주,2020-02-25,Medium,655,0
7565,최채원,F,52,Silver,경상,2023-08-10,Low,600,0
7566,한우진,M,60,Silver,경기,2020-01-17,Low,641,0
7567,장지호,F,52,Gold,부산,2021-11-06,Medium,785,0
7568,최채원,F,66,Gold,대전,2022-01-08,Medium,703,0
7569,장선우,M,49,Bronze,서울,2022-05-12,High,640,0
7570,강서연,F,42,Silver,충청,2021-02-04,Medium,649,0
7571,윤수빈,M,46,Silver,서울,2024-05-24,Medium,695,0
7572,최시우,M,31,Bronze,강원,2021-11-16,Low,597,0
7573,임은서,M,23,Silver,세종,2020-08-09,Medium,628,0
7574,강다은,M,32,Bronze,강원,2020-05-20,Low,475,0
7575,최서윤,M,20,Silver,경상,2021-02-21,Medium,595,0
7576,윤민준,M,27,Gold,대전,2024-07-21,Medium,677,0
7577,임주원,M,28,Silver,세종,2022-04-14,High,643,0
7578,장다은,F,61,Bronze,서울,2020-07-16,Medium,531,1
7579,임수빈,F,28,Silver,부산,2020-06-11,Low,637,0
7580,박예준,F,28,Gold,세종,2020-08-27,Medium,675,0
7581,정채원,F,47,Silver,대전,2022-01-19,Medium,689,0
7582,황진우,M,61,Gold,세종,2021-06-30,Medium,715,0
7583,조지아,F,46,Silver,경기,2020-11-22,Low,595,0
7584,권주원,F,60,Bronze,경기,2021-10-20,Medium,537,0
7585,황지우,M,63,Gold,경기,2023-11-25,Low,695,0
7586,황수아,M,30,Bronze,강원,2020-11-23,Low,536,0
7587,오서윤,M,69,VIP,제주,2020-06-21,Medium,732,0
7588,권수아,M,46,Silver,제주,2024-10-22,Medium,643,0
7589,정은서,M,51,Silver,대전,2022-09-01,Medium,657,0
7590,강주원,M,56,Bronze,광주,2021-07-09,Low,534,0
7591,장시우,F,30,Bronze,전라,2022-04-03,High,678,0
7592,이다은,F,27,Silver,대전,2023-04-14,Medium,667,0
7593,정시우,F,31,Bronze,강원,2021-01-20,Low,527,0
7594,김민준,F,30,Silver,전라,2022-01-30,Low,653,0
7595,오시우,F,27,Gold,서울,2022-06-22,High,798,0
7596,김예준,M,37,Gold,충청,2023-07-23,Medium,725,0
7597,조다은,F,32,Gold,충청,2023-03-08,Medium,713,0
7598,강은서,M,43,Silver,대구,2020-08-27,Medium,683,0
7599,오지아,M,37,Silver,대구,2023-10-30,Low,606,0
7600,김수아,F,45,Silver,경상,2020-02-06,Medium,650,0
7601,임우진,F,51,Gold,경기,2020-03-01,Medium,697,1
7602,한주원,M,24,Silver,서울,2023-02-22,High,688,0
7603,조수아,F,22,Silver,대전,2021-08-08,Medium,729,0
7604,신하은,F,42,Bronze,대구,2020-05-05,Low,514,1
7605,윤지유,F,21,Silver,전라,2021-05-02,Medium,578,0
7606,윤다은,M,24,Bronze,경상,2022-01-08,Medium,530,0
7607,장다은,M,62,Silver,충청,2020-12-10,Medium,702,0
7608,이지호,F,37,Bronze,제주,2020-04-02,High,604,0
7609,최지우,F,30,Silver,경상,2023-07-14,Medium,654,0
7610,김우진,F,44,Silver,인천,2023-04-29,Medium,689,0
7611,정다은,M,28,Gold,대전,2021-08-09,Low,697,0
7612,최지아,M,30,Bronze,서울,2024-05-02,Low,574,0
7613,최서윤,M,29,Bronze,광주,2022-02-07,Medium,516,0
7614,장우진,F,63,Silver,경기,2024-08-06,Medium,566,1
7615,권선우,M,66,Bronze,제주,2020-06-19,Low,359,1
7616,오지우,F,27,Bronze,인천,2023-05-12,Medium,509,1
7617,신은서,F,43,Gold,강원,2023-11-26,Medium,775,0
7618,윤시우,M,21,Bronze,충청,2020-12-26,Low,534,0
7619,윤수빈,F,25,Silver,광주,2021-12-04,Medium,636,0
7620,정지우,F,34,Silver,대전,2023-02-25,High,655,0
7621,최시우,M,32,Silver,광주,2022-01-31,Low,526,0
7622,최다은,F,25,Gold,충청,2021-02-05,Low,668,0
7623,권예준,F,33,Gold,대전,2021-05-31,High,711,0
7624,황지유,F,22,Silver,경기,2024-08-08,Low,594,1
7625,임지호,M,34,Bronze,부산,2021-04-20,Medium,598,0
7626,강민준,M,33,Silver,강원,2021-09-16,High,739,0
7627,오수아,F,25,Gold,부산,2022-06-22,High,755,0
7628,한지우,M,22,Gold,세종,2021-04-12,Low,612,0
7629,박지우,F,69,Bronze,제주,2022-03-23,Low,424,0
7630,오채원,F,34,VIP,세종,2020-02-03,High,771,0
7631,신지아,F,34,Bronze,경상,2023-06-04,Low,414,0
7632,이진우,M,59,Silver,광주,2023-03-21,Low,608,1
7633,김지우,F,57,Bronze,강원,2024-10-28,Medium,621,1
7634,윤지유,M,28,Bronze,대전,2023-05-27,Medium,574,0
7635,조우진,M,23,Bronze,경기,2024-09-24,Medium,546,0
7636,강우진,M,30,Gold,경상,2022-03-13,Low,647,0
7637,이하은,F,44,Silver,전라,2024-04-14,High,730,0
7638,정시우,F,41,Bronze,인천,2021-01-27,Low,542,0
7639,황은서,F,55,Gold,충청,2020-02-08,High,817,1
7640,박서윤,F,22,Bronze,강원,2022-10-29,Low,483,0
7641,권우진,M,32,Bronze,대구,2023-06-23,Low,571,1
7642,강우진,M,26,Bronze,충청,2023-12-11,High,676,0
7643,오시우,M,52,Bronze,인천,2021-05-02,Low,542,1
7644,한은서,F,29,Bronze,강원,2023-07-01,Low,517,1
7645,장서윤,M,28,Bronze,전라,2020-07-12,High,685,1
7646,조서연,F,52,Silver,세종,2023-10-17,High,701,0
7647,한지우,M,57,Silver,세종,2024-09-02,Medium,663,0
7648,이서연,M,58,Bronze,광주,2021-02-15,High,584,0
7649,신시우,M,28,Bronze,대전,2021-10-31,Low,513,1
7650,권다은,M,61,Bronze,서울,2022-09-13,Low,555,0
7651,최수아,M,69,Silver,광주,2020-03-21,Medium,604,0
7652,정선우,M,25,Silver,제주,2024-06-12,Low,614,0
7653,오진우,M,46,VIP,경기,2022-03-26,High,845,0
7654,권예준,M,67,VIP,세종,2021-02-13,High,755,0
7655,황도윤,F,43,Silver,강원,2021-05-08,Medium,629,1
7656,권우진,M,20,Gold,광주,2024-08-13,Medium,654,0
7657,박우진,M,63,Bronze,광주,2022-12-20,Medium,595,1
7658,박수아,F,68,Gold,대전,2021-09-10,High,840,0
7659,한시우,M,32,Bronze,광주,2022-02-19,Low,524,0
7660,김예준,M,60,Bronze,광주,2020-09-11,Low,444,1
7661,박하은,M,54,Silver,충청,2023-01-03,Low,680,0
7662,임민준,M,65,Gold,충청,2022-04-23,High,695,0
7663,장민준,M,45,Bronze,경상,2023-02-10,Low,533,0
7664,이주원,F,62,Bronze,경상,2023-12-06,Medium,533,1
7665,윤예준,F,64,Silver,대전,2022-05-21,Medium,618,0
7666,임서연,M,55,Bronze,세종,2024-09-19,Low,545,0
7667,조은서,F,65,Silver,광주,2024-01-02,Medium,594,0
7668,신주원,M,22,VIP,부산,2022-10-01,High,835,0
7669,강서윤,M,35,Silver,전라,2021-06-24,High,716,0
7670,강수아,F,30,Gold,세종,2023-07-27,High,662,0
7671,권다은,M,44,Bronze,세종,2023-03-18,Low,590,1
7672,오서연,M,22,Silver,부산,2020-04-09,Low,502,0
7673,임민준,M,60,Gold,경기,2024-09-16,High,770,0
7674,김진우,F,43,Silver,제주,2022-05-29,Low,633,0
7675,장하은,M,44,Gold,충청,2022-12-30,High,776,0
7676,윤예준,F,65,Bronze,인천,2023-07-27,Low,529,0
7677,김채원,F,24,Silver,경기,2020-09-28,Low,516,0
7678,권우진,F,22,Silver,제주,2023-08-24,High,733,0
7679,강지우,M,55,Silver,제주,2024-03-17,Medium,685,1
7680,장도윤,F,42,Gold,전라,2023-05-08,High,719,0
7681,윤예준,M,62,Gold,전라,2020-08-27,High,817,0
7682,최우진,F,22,Bronze,인천,2020-01-12,Medium,490,0
7683,김지우,M,60,Silver,세종,2021-05-19,Medium,673,0
7684,최지호,F,58,Bronze,대전,2020-02-03,Medium,545,0
7685,정예준,F,21,VIP,광주,2023-04-26,Medium,746,0
7686,최시우,F,59,Bronze,경기,2023-08-30,Low,457,1
7687,임서연,M,55,Silver,경상,2023-02-23,Low,583,0
7688,강도윤,F,39,Bronze,경기,2023-06-23,Low,547,0
7689,한서연,M,47,Silver,부산,2022-05-01,Medium,722,0
7690,조지호,F,56,Gold,부산,2024-11-08,High,764,0
7691,정도윤,M,54,VIP,전라,2021-03-25,High,852,0
7692,권지유,M,45,Silver,대구,2022-05-01,Low,565,0
7693,황서윤,F,55,Gold,충청,2020-08-11,High,728,0
7694,윤진우,F,56,Gold,전라,2023-11-22,Low,662,0
7695,김채원,M,62,Bronze,강원,2020-07-22,Medium,556,1
7696,오은서,M,29,Silver,강원,2023-04-12,Low,585,0
7697,정다은,M,46,Silver,충청,2022-03-14,Low,673,1
7698,한민준,M,27,Bronze,경상,2022-07-12,Low,524,0
7699,신채원,F,61,Silver,전라,2021-09-27,Medium,631,0
7700,조지호,M,39,Silver,인천,2021-11-11,Medium,670,0
7701,이지우,F,24,Silver,제주,2024-11-05,High,658,0
7702,이시우,M,29,Bronze,전라,2021-08-21,Low,500,0
7703,윤선우,F,27,Gold,강원,2020-05-30,Medium,750,0
7704,정예준,M,41,Bronze,서울,2024-08-03,High,615,0
7705,박주원,M,59,Gold,경기,2021-06-30,High,830,0
7706,강선우,F,24,Silver,부산,2022-03-11,Medium,689,0
7707,박예준,M,25,Bronze,경상,2021-09-09,Low,470,1
7708,장서윤,F,28,Gold,충청,2023-09-18,High,780,0
7709,박지우,M,59,Gold,경기,2021-09-29,Low,659,0
7710,정다은,F,60,Bronze,서울,2021-06-11,Low,496,0
7711,한진우,M,25,Bronze,경상,2020-12-22,High,601,0
7712,강지아,M,68,Bronze,강원,2021-07-21,Medium,510,0
7713,황지우,M,54,Silver,강원,2022-11-11,Medium,703,0
7714,이시우,F,46,Bronze,인천,2022-06-23,Medium,614,0
7715,임서윤,M,68,Gold,강원,2024-12-02,Medium,710,0
7716,오수빈,M,29,Bronze,인천,2024-07-24,Medium,541,1
7717,조서윤,M,25,Bronze,강원,2024-06-16,High,641,1
7718,장하은,F,43,Bronze,전라,2024-01-16,High,624,0
7719,이선우,M,47,Silver,광주,2023-08-09,High,695,0
7720,정민준,M,29,Silver,세종,2020-06-18,Medium,672,0
7721,신주원,F,40,Gold,충청,2024-10-17,Medium,695,0
7722,오채원,M,24,Silver,충청,2022-11-25,High,731,0
7723,오서윤,M,52,Silver,인천,2023-03-06,Low,613,0
7724,정은서,M,30,Bronze,대구,2022-04-25,Low,512,0
7725,윤예준,M,46,Bronze,제주,2020-09-12,Medium,587,1
7726,권민준,M,23,Bronze,제주,2022-08-31,Medium,547,0
7727,오채원,F,40,Silver,제주,2022-08-27,Low,514,0
7728,박진우,M,32,Silver,전라,2021-04-15,Medium,566,0
7729,이주원,F,51,Bronze,전라,2023-08-08,Low,518,0
7730,신다은,M,42,Bronze,제주,2024-01-02,High,621,0
7731,강은서,M,27,Gold,경기,2023-11-30,High,753,0
7732,임하은,M,59,Bronze,강원,2021-01-07,Low,499,0
7733,장채원,M,33,Bronze,경기,2020-01-01,Medium,547,0
7734,권지호,M,57,Gold,서울,2023-11-05,High,802,0
7735,한진우,M,52,Silver,광주,2023-06-01,Low,570,0
7736,최도윤,F,45,Silver,경기,2023-06-23,Medium,699,0
7737,최서연,M,32,Bronze,부산,2022-03-11,Medium,581,0
7738,윤서연,M,41,Gold,강원,2024-08-24,Low,615,1
7739,오주원,F,54,Gold,제주,2022-05-24,Medium,706,0
7740,정예준,F,69,Bronze,광주,2022-07-06,Medium,557,1
7741,김서연,M,46,Bronze,강원,2023-06-01,Low,500,0
7742,윤지호,F,53,Silver,경기,2020-12-26,Low,692,0
7743,임하은,F,42,Gold,충청,2024-08-05,Medium,734,1
7744,한도윤,F,46,Silver,대구,2023-03-29,Low,648,0
7745,박지유,F,41,Bronze,인천,2024-11-20,Low,569,0
7746,정민준,M,32,VIP,강원,2024-02-13,High,775,0
7747,이지우,M,67,Silver,부산,2023-06-14,Medium,734,0
7748,이서연,M,62,Gold,대구,2020-08-25,High,736,0
7749,오진우,M,23,Bronze,대구,2020-03-23,Medium,574,0
7750,한하은,M,52,Gold,대구,2023-03-05,High,718,0
7751,김진우,F,64,Bronze,세종,2020-03-04,Low,524,1
7752,신채원,M,39,Bronze,전라,2023-02-15,Low,565,0
7753,박은서,F,37,Bronze,대전,2022-06-22,Low,587,0
7754,이다은,M,24,Bronze,경상,2023-10-23,Low,448,1
7755,신민준,M,45,Bronze,전라,2021-06-02,Low,515,0
7756,최지아,F,62,Silver,대전,2021-01-25,Medium,655,0
7757,권주원,M,26,Gold,부산,2022-01-19,High,733,0
7758,정도윤,F,38,Silver,부산,2020-09-02,Medium,642,0
7759,이지유,F,24,Gold,강원,2021-01-15,High,735,0
7760,오서연,F,47,VIP,강원,2021-08-22,High,913,0
7761,윤지아,M,50,Gold,제주,2022-12-18,Low,704,0
7762,윤은서,F,26,Bronze,세종,2023-05-23,Low,449,0
7763,정수빈,M,40,Bronze,인천,2022-09-30,Low,564,0
7764,윤도윤,M,49,Bronze,부산,2024-03-31,Medium,618,0
7765,권수아,M,22,Silver,제주,2024-11-17,Low,587,0
7766,최예준,M,61,Silver,경기,2023-08-08,Low,521,0
7767,임주원,M,26,Bronze,부산,2020-02-23,Low,549,0
7768,신은서,F,49,Bronze,충청,2022-06-19,Low,532,0
7769,신은서,F,53,Gold,인천,2022-04-01,High,811,0
7770,장서윤,F,62,Bronze,충청,2022-10-06,High,637,0
7771,황서윤,M,28,Silver,전라,2024-01-27,Low,612,0
7772,신주원,M,58,Bronze,제주,2020-11-10,Low,529,1
7773,조다은,M,36,Bronze,충청,2020-11-02,Low,532,0
7774,오지호,F,52,Bronze,서울,2021-10-25,Medium,637,0
7775,한하은,M,21,Silver,인천,2024-02-17,Medium,643,0
7776,이시우,F,59,Bronze,강원,2022-07-23,Low,435,0
7777,오지유,M,68,Bronze,세종,2023-02-10,Low,502,0
7778,장수아,M,65,Bronze,전라,2023-02-26,High,586,0
7779,오진우,M,46,Silver,대구,2020-11-21,High,794,0
7780,신예준,M,20,Silver,경기,2024-01-22,High,696,0
7781,윤다은,F,44,Bronze,광주,2021-01-26,Low,553,0
7782,조주원,M,30,Silver,대구,2020-11-27,Medium,580,0
7783,윤주원,M,21,Gold,인천,2024-08-06,High,704,0
7784,정수아,F,22,Bronze,세종,2020-05-28,Low,441,0
7785,조지우,F,45,Silver,세종,2022-12-18,Low,589,1
7786,강예준,F,27,Gold,경상,2020-02-17,Medium,664,0
7787,신서연,M,59,Bronze,세종,2020-10-20,Low,496,0
7788,권채원,M,58,Silver,경기,2023-09-07,Medium,663,0
7789,조수빈,M,23,Bronze,전라,2021-11-24,Low,498,1
7790,최예준,M,63,Bronze,대전,2020-12-17,Low,476,0
7791,김도윤,F,33,Gold,인천,2024-01-14,Medium,755,0
7792,조서윤,F,23,Silver,경상,2022-11-24,Medium,602,0
7793,강은서,F,65,Silver,세종,2024-10-02,Medium,618,1
7794,한지호,M,67,Silver,대구,2020-03-25,Low,523,0
7795,정하은,F,53,Silver,충청,2021-10-13,Medium,663,0
7796,오시우,M,40,Bronze,전라,2024-09-08,Low,543,0
7797,김주원,F,51,Bronze,대구,2021-09-19,Low,478,0
7798,이지아,M,56,Silver,인천,2024-10-02,Medium,582,0
7799,권지아,M,45,Silver,경상,2021-10-24,High,778,0
7800,김서연,M,65,Gold,대전,2023-10-27,Low,619,0
7801,오채원,F,58,Bronze,대전,2022-02-07,Medium,574,0
7802,오하은,F,54,Bronze,경기,2024-10-05,Medium,627,0
7803,김수빈,F,43,Bronze,전라,2023-02-17,Medium,578,0
7804,권하은,M,57,Gold,전라,2022-02-20,Medium,762,0
7805,윤시우,M,30,Bronze,경상,2022-11-06,Low,450,1
7806,황다은,M,54,Silver,대구,2023-09-12,High,720,0
7807,김시우,M,54,Gold,대전,2020-10-14,Medium,663,0
7808,오도윤,F,26,Silver,세종,2020-03-05,Medium,630,0
7809,임지호,M,65,Gold,광주,2024-05-28,Medium,691,0
7810,한지우,F,27,Gold,대전,2022-04-28,Medium,683,0
7811,한서연,F,55,Bronze,대전,2022-04-24,Low,545,0
7812,임민준,M,52,Silver,제주,2021-09-14,High,709,0
7813,오하은,M,21,Gold,서울,2020-11-12,Medium,737,0
7814,권시우,M,49,Bronze,경상,2022-07-02,Low,479,1
7815,정지호,M,39,Bronze,인천,2024-11-23,Low,502,1
7816,장민준,M,65,Bronze,충청,2023-11-21,Medium,545,0
7817,강하은,F,38,Bronze,대전,2021-07-20,Low,565,0
7818,장하은,M,28,Gold,경기,2021-09-12,High,725,0
7819,최채원,F,52,VIP,충청,2021-10-12,High,887,0
7820,임은서,F,41,Bronze,인천,2024-10-20,Medium,577,0
7821,신다은,M,23,Silver,인천,2022-12-08,Medium,588,0
7822,신지우,M,65,Bronze,강원,2020-06-29,Low,578,0
7823,오은서,F,31,Bronze,부산,2023-03-03,Low,498,0
7824,이우진,F,25,Silver,경기,2020-01-18,Low,497,1
7825,윤시우,M,27,Bronze,서울,2023-06-22,Medium,534,0
7826,김다은,F,63,Silver,경기,2022-01-11,Medium,608,0
7827,조지우,M,56,Bronze,세종,2022-05-02,Medium,442,0
7828,오지아,F,49,Silver,광주,2023-06-22,Low,687,0
7829,한민준,F,27,Bronze,강원,2024-09-21,High,598,0
7830,강예준,M,33,Bronze,대전,2024-09-15,Low,561,0
7831,권지우,F,66,Gold,부산,2020-07-17,High,730,0
7832,최수아,M,30,Silver,세종,2022-09-10,Medium,687,0
7833,조수빈,F,66,VIP,대구,2020-07-02,High,913,0
7834,이민준,F,61,Gold,충청,2023-06-11,Medium,749,0
7835,박지아,F,42,Gold,전라,2022-07-06,High,792,0
7836,임지호,F,24,Bronze,서울,2021-04-22,Low,505,0
7837,권다은,M,41,Bronze,부산,2023-08-29,Medium,660,0
7838,정수아,F,38,Silver,서울,2022-05-29,Medium,635,0
7839,강우진,M,52,Silver,부산,2022-02-08,Low,553,0
7840,한지호,M,43,Gold,대전,2021-07-04,Medium,662,0
7841,강서연,F,38,Gold,부산,2024-08-30,Low,667,0
7842,임채원,F,26,Silver,인천,2022-02-27,Low,591,0
7843,윤지우,F,46,Bronze,부산,2023-07-03,Medium,662,0
7844,한지우,F,69,Gold,세종,2022-08-28,High,757,0
7845,최채원,F,35,Gold,세종,2024-06-13,High,793,0
7846,이진우,M,47,Bronze,부산,2022-05-09,High,657,0
7847,김다은,M,59,Bronze,광주,2020-07-24,Medium,599,0
7848,장채원,F,32,Silver,대구,2020-07-24,High,694,1
7849,신다은,F,44,Bronze,대구,2021-10-02,Medium,638,0
7850,정지우,M,43,Silver,강원,2024-05-07,Medium,650,0
7851,최하은,M,24,Bronze,경기,2021-09-06,Medium,536,1
7852,강시우,M,35,Gold,경상,2021-07-10,High,735,0
7853,정서윤,M,43,Silver,인천,2024-11-19,High,764,0
7854,김다은,F,37,Gold,경기,2021-08-24,Medium,760,0
7855,임다은,M,28,Bronze,대구,2021-10-23,Medium,588,0
7856,이채원,F,23,Bronze,경상,2020-01-25,Low,495,0
7857,신민준,M,67,Silver,경상,2022-07-08,High,644,0
7858,이수빈,F,61,Bronze,세종,2024-03-26,Medium,572,0
7859,김서연,F,36,Bronze,부산,2023-08-08,High,667,0
7860,권채원,F,57,Bronze,부산,2020-11-14,Medium,563,0
7861,정지유,M,34,Silver,부산,2021-09-15,Medium,582,0
7862,박우진,M,40,Gold,세종,2022-08-31,Medium,652,0
7863,박채원,F,24,Silver,강원,2021-06-07,Medium,591,0
7864,오예준,M,44,VIP,광주,2021-04-13,High,882,0
7865,강지유,F,56,Silver,경상,2024-09-26,Medium,559,0
7866,정다은,F,63,Bronze,대구,2024-03-05,Low,474,1
7867,권수빈,F,33,Bronze,제주,2024-05-02,Low,566,0
7868,최서연,M,29,Bronze,경기,2021-01-16,Medium,625,0
7869,조하은,F,46,Gold,경기,2024-04-04,Medium,661,0
7870,김지우,M,33,Bronze,인천,2022-06-14,Medium,591,0
7871,한선우,M,20,Bronze,세종,2021-08-03,Low,482,0
7872,한수빈,F,24,Bronze,광주,2021-06-07,Low,425,1
7873,신수아,M,23,Silver,대전,2022-04-17,Medium,552,0
7874,최은서,M,44,Gold,부산,2024-04-27,High,778,0
7875,최예준,F,69,Silver,광주,2021-07-01,Medium,575,0
7876,황진우,M,20,Silver,강원,2023-02-15,Medium,694,1
7877,황우진,M,43,Silver,경기,2022-04-17,High,677,0
7878,황다은,M,46,Bronze,광주,2021-01-16,Medium,547,1
7879,임은서,F,46,Gold,인천,2021-11-27,Medium,719,0
7880,김수빈,F,22,Silver,강원,2022-11-14,High,661,0
7881,박지아,F,57,Bronze,경기,2022-10-10,Low,487,0
7882,황다은,M,37,Gold,광주,2021-04-21,Medium,773,0
7883,오예준,F,49,Bronze,전라,2021-01-20,Low,591,0
7884,권예준,F,29,Silver,서울,2021-02-19,Medium,592,0
7885,오진우,F,63,Silver,광주,2024-08-18,High,738,0
7886,박서윤,M,60,Bronze,충청,2024-02-23,Low,623,1
7887,장수아,F,23,Silver,대전,2020-10-15,Medium,591,0
7888,정수빈,F,51,Silver,전라,2021-08-23,Medium,629,0
7889,정하은,M,44,Silver,경상,2020-01-11,Medium,704,0
7890,오서연,M,30,VIP,충청,2022-03-09,High,748,0
7891,신지호,F,42,Bronze,광주,2020-09-22,Low,549,0
7892,한서윤,F,40,Gold,광주,2020-02-27,Low,650,0
7893,최서연,F,32,Bronze,세종,2024-11-14,Medium,546,0
7894,김우진,M,28,Bronze,경기,2024-09-12,Low,471,0
7895,장우진,F,33,VIP,경상,2024-11-10,High,793,0
7896,조주원,F,34,Bronze,대전,2020-02-16,Medium,567,0
7897,장선우,M,35,Silver,경상,2023-01-28,Medium,758,0
7898,강민준,F,22,Bronze,대구,2024-01-02,Low,561,0
7899,이수빈,M,63,Bronze,전라,2023-07-03,Low,466,1
7900,임하은,F,30,Silver,세종,2021-02-14,Low,643,0
7901,조수빈,F,67,Gold,대전,2021-08-30,High,805,0
7902,장하은,M,48,Silver,충청,2021-06-10,Medium,704,0
7903,강도윤,M,34,Bronze,경기,2022-04-18,Low,476,1
7904,한하은,F,46,Bronze,부산,2021-04-30,Low,538,0
7905,황수아,M,45,Silver,충청,2020-04-06,High,628,0
7906,한다은,M,67,Bronze,전라,2021-06-04,Medium,566,0
7907,강지호,M,23,Silver,광주,2022-01-21,High,613,0
7908,임서윤,M,43,Bronze,전라,2024-11-07,Low,501,0
7909,최진우,M,62,Gold,부산,2024-06-21,Medium,735,0
7910,권수아,F,24,Bronze,대전,2024-05-30,Medium,530,0
7911,정예준,M,29,Bronze,광주,2023-08-16,Low,471,0
7912,권서윤,M,32,Bronze,경기,2023-11-03,Medium,538,1
7913,최서연,M,63,Bronze,광주,2022-04-04,Medium,517,1
7914,김서윤,M,42,Gold,서울,2022-11-08,Medium,631,0
7915,김서윤,F,46,Gold,세종,2023-01-22,Low,704,0
7916,최수아,M,34,Silver,광주,2021-06-09,High,743,0
7917,오우진,M,67,Silver,세종,2022-11-24,High,605,0
7918,박다은,F,43,Bronze,광주,2022-06-15,Low,581,0
7919,박지호,F,27,Silver,광주,2020-04-22,Medium,663,0
7920,조하은,M,36,Bronze,서울,2024-03-11,Low,545,0
7921,강도윤,M,20,VIP,충청,2021-06-05,Medium,725,0
7922,이예준,M,58,Silver,대전,2021-11-12,Medium,574,0
7923,임지우,M,67,Silver,세종,2023-05-30,Low,581,0
7924,최서윤,M,65,Silver,세종,2022-06-19,Low,485,0
7925,임지유,M,39,Bronze,광주,2023-11-20,Low,514,0
7926,강선우,M,63,Gold,광주,2022-02-05,Low,650,0
7927,박시우,M,20,Bronze,강원,2022-08-25,Medium,558,1
7928,장선우,M,39,Bronze,제주,2024-08-25,High,646,0
7929,박지호,M,44,Gold,충청,2023-10-05,Medium,796,0
7930,신지우,F,50,Silver,대전,2024-10-27,Low,606,0
7931,장민준,M,38,Silver,부산,2020-08-02,Medium,670,0
7932,권지아,M,43,Silver,대구,2023-03-26,High,768,0
7933,정다은,M,51,Silver,광주,2021-11-15,Medium,604,0
7934,박지우,F,69,Silver,대전,2021-04-21,High,651,0
7935,한하은,F,54,Silver,대전,2020-01-04,Medium,700,0
7936,조우진,F,32,Gold,인천,2022-06-01,High,862,0
7937,장지우,F,21,Gold,광주,2020-10-24,High,735,0
7938,한선우,F,35,Bronze,경상,2023-07-04,Medium,545,0
7939,이도윤,M,41,Silver,충청,2023-06-14,Low,556,0
7940,황수아,M,32,Gold,대전,2023-03-11,Medium,670,0
7941,장하은,F,61,Bronze,대구,2020-03-17,Low,518,1
7942,김수빈,F,60,Silver,부산,2021-07-19,Medium,608,0
7943,신선우,F,65,Silver,전라,2023-01-31,Low,532,0
7944,오지아,M,62,Gold,전라,2023-07-10,Medium,712,0
7945,황지유,F,50,Silver,전라,2024-07-14,Low,682,1
7946,강수아,F,69,Silver,강원,2024-01-15,Low,567,1
7947,임채원,F,34,Silver,경상,2024-03-20,Low,593,1
7948,윤다은,F,48,Bronze,인천,2024-11-26,Low,514,1
7949,한시우,M,24,Silver,전라,2020-01-05,Low,598,0
7950,신주원,M,44,Silver,서울,2022-04-18,Medium,704,0
7951,박다은,M,36,Bronze,대구,2022-07-19,Low,559,0
7952,조다은,F,43,VIP,경기,2022-06-03,High,808,0
7953,황지유,M,47,Bronze,전라,2024-07-11,Medium,579,0
7954,윤채원,M,27,Gold,서울,2020-03-15,Low,609,0
7955,강도윤,F,35,VIP,전라,2021-05-31,High,864,0
7956,임우진,F,30,Bronze,세종,2024-10-23,High,589,0
7957,강은서,M,34,Silver,전라,2024-07-23,High,715,0
7958,황지우,M,64,Gold,충청,2020-01-26,High,804,0
7959,김예준,M,51,Silver,경기,2023-11-12,Low,635,0
7960,신수아,M,57,Bronze,경상,2021-12-04,Low,539,1
7961,한도윤,F,64,Bronze,인천,2024-09-05,Low,536,0
7962,신서연,F,55,Bronze,세종,2024-05-22,High,654,0
7963,오지호,M,27,Silver,세종,2021-03-24,High,687,0
7964,강서연,F,28,Gold,부산,2021-09-16,High,724,0
7965,권진우,M,55,Bronze,강원,2021-04-25,Medium,609,0
7966,최수아,F,67,Silver,광주,2024-09-01,Low,591,1
7967,한진우,F,56,Bronze,경기,2021-08-02,Low,475,0
7968,이지유,F,46,Silver,대전,2021-09-08,High,707,0
7969,박주원,M,23,VIP,부산,2022-03-12,High,870,0
7970,정지우,M,37,Bronze,강원,2023-06-02,Medium,612,1
7971,정시우,F,47,Gold,전라,2023-09-10,Medium,742,0
7972,김시우,F,22,Gold,서울,2021-02-11,Low,568,0
7973,김시우,M,57,Bronze,경상,2022-10-06,Low,441,1
7974,황주원,M,26,VIP,서울,2024-02-07,High,844,0
7975,최채원,M,31,Bronze,광주,2022-09-22,Low,556,0
7976,박지우,M,27,Gold,경상,2022-11-04,Medium,732,0
7977,황지호,F,47,Bronze,세종,2020-01-30,Low,512,0
7978,윤서윤,F,25,Bronze,강원,2021-11-28,Low,567,0
7979,한시우,F,64,Bronze,경상,2022-03-09,Low,451,0
7980,강우진,F,20,Silver,대구,2022-10-14,Low,546,0
7981,황우진,M,63,Silver,제주,2020-04-12,Medium,577,0
7982,정지유,F,42,Gold,부산,2023-04-22,Medium,675,0
7983,한서윤,F,49,Bronze,전라,2024-09-14,Medium,595,0
7984,강진우,M,48,Bronze,서울,2023-08-31,Low,563,1
7985,이도윤,M,28,Silver,세종,2024-10-17,Low,591,0
7986,황선우,F,27,Bronze,세종,2020-08-13,Medium,588,1
7987,신수빈,M,41,Silver,제주,2022-10-05,Medium,702,0
7988,강민준,M,40,Silver,전라,2023-01-01,Medium,671,0
7989,이하은,M,61,Bronze,광주,2022-08-27,Low,482,1
7990,김서연,F,49,Silver,세종,2023-05-23,Medium,686,0
7991,황도윤,M,30,Silver,충청,2020-06-21,High,675,0
7992,황서연,F,43,Bronze,부산,2020-01-20,Medium,564,0
7993,김민준,F,54,Bronze,제주,2021-12-11,Low,539,1
7994,김지아,M,29,Bronze,세종,2024-08-16,High,631,1
7995,정선우,F,23,Bronze,부산,2022-04-06,Low,477,0
7996,박서연,M,53,Silver,경상,2023-11-12,Medium,672,0
7997,윤도윤,M,24,Bronze,부산,2020-11-23,Medium,522,0
7998,이민준,M,57,Gold,인천,2020-02-25,Medium,766,0
7999,강선우,M,60,Silver,경기,2023-08-11,Low,623,0
8000,조지우,M,53,Bronze,인천,2022-07-25,Low,524,0
8001,최시우,M,31,Silver,강원,2020-02-03,Medium,669,1
8002,윤지유,M,26,Silver,광주,2021-07-22,Medium,676,0
8003,최지호,F,60,Bronze,제주,2022-11-20,Medium,529,0
8004,김은서,F,55,VIP,인천,2020-02-23,High,866,0
8005,권선우,M,64,Silver,경상,2020-04-27,Medium,605,0
8006,정지아,M,55,Silver,강원,2021-11-17,Low,617,0
8007,윤서윤,M,56,Gold,대구,2024-11-02,High,771,0
8008,박진우,F,21,Bronze,대구,2022-05-09,Medium,492,0
8009,장다은,M,55,Silver,인천,2020-12-09,High,717,0
8010,황우진,F,46,Bronze,인천,2023-07-11,Medium,566,0
8011,장하은,F,69,Silver,대구,2021-03-05,Low,563,0
8012,강주원,F,40,Gold,강원,2021-04-14,High,732,0
8013,강시우,M,32,Bronze,서울,2022-08-23,Low,505,1
8014,윤진우,M,64,Bronze,인천,2024-03-23,Low,540,0
8015,이지우,M,63,Bronze,전라,2020-01-17,Low,550,0
8016,장선우,F,23,Bronze,전라,2024-02-18,Medium,601,1
8017,강지우,M,47,Bronze,경기,2020-03-03,Low,515,1
8018,신예준,F,50,Bronze,세종,2021-11-21,Medium,592,1
8019,장예준,M,62,Bronze,세종,2021-02-24,Low,507,0
8020,강다은,M,30,Silver,전라,2020-02-09,Low,557,0
8021,오수아,F,58,Gold,경상,2021-08-26,Low,660,0
8022,신수빈,F,58,Bronze,충청,2020-06-18,Low,535,0
8023,장하은,F,39,Silver,경상,2020-09-25,Low,612,0
8024,김민준,F,27,Bronze,인천,2024-02-13,Medium,513,0
8025,신서윤,F,38,Bronze,경기,2022-03-14,Low,566,1
8026,장은서,M,63,Bronze,전라,2021-04-03,Low,542,0
8027,조시우,M,35,Silver,광주,2022-07-11,High,661,0
8028,한수아,M,58,VIP,서울,2020-06-19,High,820,0
8029,정민준,F,68,Silver,대구,2021-08-09,Medium,666,0
8030,이다은,M,50,Bronze,세종,2021-08-18,Low,475,0
8031,신다은,M,35,Gold,광주,2021-02-19,High,745,0
8032,오도윤,F,45,Gold,제주,2023-11-09,High,789,0
8033,박예준,F,58,Gold,강원,2024-01-08,High,723,0
8034,한하은,F,29,Silver,충청,2022-01-03,Low,579,0
8035,정수빈,F,38,Gold,대구,2021-02-21,Medium,689,0
8036,최시우,M,44,Bronze,충청,2024-05-06,Medium,567,1
8037,황지아,F,39,Silver,서울,2021-05-29,High,753,0
8038,한선우,F,20,Gold,부산,2023-07-28,Medium,684,0
8039,박수빈,F,51,Silver,제주,2022-06-07,Medium,656,0
8040,정도윤,F,27,VIP,경기,2022-07-27,High,827,0
8041,강도윤,M,31,Silver,세종,2020-10-01,High,763,0
8042,신지우,M,29,VIP,세종,2022-03-19,High,868,0
8043,조예준,F,42,Silver,경상,2021-02-27,Medium,671,0
8044,권주원,F,67,Gold,대전,2023-12-17,Medium,618,0
8045,한수아,F,55,Bronze,대전,2020-09-02,Medium,668,0
8046,임다은,F,69,Silver,경상,2023-08-07,Low,528,0
8047,정은서,F,21,Silver,전라,2023-05-10,High,692,0
8048,한하은,M,42,Bronze,대전,2021-12-04,Low,476,0
8049,박은서,M,49,Bronze,경기,2023-07-14,Medium,632,1
8050,오시우,F,50,Silver,충청,2021-03-24,Low,652,0
8051,임도윤,M,29,Bronze,세종,2023-02-21,Medium,557,0
8052,최하은,F,25,Gold,경상,2020-03-10,High,740,0
8053,윤선우,F,25,Silver,경기,2020-12-27,High,702,0
8054,조다은,F,34,Bronze,강원,2021-10-15,Medium,560,0
8055,황지아,F,46,Gold,광주,2021-12-01,Medium,714,0
8056,신우진,F,20,VIP,경기,2020-06-02,Medium,848,0
8057,박지호,M,36,VIP,세종,2022-05-16,Medium,766,0
8058,임수빈,F,68,Bronze,대구,2021-12-24,Medium,544,0
8059,윤수아,M,27,VIP,세종,2024-08-11,High,817,0
8060,이서연,F,48,Silver,전라,2022-01-22,Medium,703,0
8061,정지호,F,39,Gold,세종,2024-06-07,Medium,660,0
8062,김서윤,F,68,Gold,충청,2023-06-01,Medium,689,0
8063,박지유,M,29,VIP,충청,2022-12-22,High,847,0
8064,조다은,M,20,Silver,광주,2023-10-31,Medium,578,1
8065,이지우,M,55,Silver,부산,2021-07-15,High,735,0
8066,조지호,M,25,VIP,부산,2020-04-19,High,829,0
8067,신지우,F,55,VIP,제주,2024-01-28,High,892,0
8068,신수빈,F,25,Bronze,대전,2020-10-14,Low,480,0
8069,이은서,F,36,Silver,대전,2023-06-24,High,681,0
8070,한지호,M,56,Silver,대전,2023-12-13,Medium,680,0
8071,최선우,M,32,Silver,인천,2023-12-03,Medium,627,0
8072,장예준,M,26,Silver,충청,2021-01-02,Medium,629,0
8073,신수빈,F,46,Silver,경상,2024-10-24,Medium,698,0
8074,오은서,F,44,Silver,제주,2020-03-07,Low,576,0
8075,오은서,F,47,Silver,경기,2022-02-19,Low,617,0
8076,장다은,F,67,Silver,강원,2020-02-18,High,719,0
8077,이지호,F,28,Bronze,제주,2022-02-07,Low,512,1
8078,황서연,F,54,Gold,충청,2024-09-13,Low,677,0
8079,신수빈,M,64,Silver,광주,2020-10-01,Medium,690,0
8080,황수빈,M,48,Silver,서울,2022-06-12,Low,700,0
8081,조지우,F,20,Bronze,경기,2024-11-26,Low,472,0
8082,이하은,M,58,Bronze,대전,2023-12-10,High,565,0
8083,임은서,M,66,Gold,인천,2024-02-15,High,639,0
8084,강시우,M,25,Bronze,경상,2022-09-03,Medium,575,1
8085,신서윤,M,66,Gold,세종,2020-12-12,High,651,0
8086,한하은,M,55,Silver,전라,2022-07-11,Medium,726,0
8087,황민준,F,54,Silver,광주,2021-08-18,Medium,692,0
8088,신채원,M,36,Gold,경상,2023-04-29,Low,739,0
8089,황예준,M,57,VIP,세종,2021-07-21,High,809,0
8090,한은서,M,31,Gold,서울,2020-01-20,High,777,0
8091,윤서연,F,21,Bronze,제주,2023-11-04,Medium,530,1
8092,권수아,F,27,Gold,충청,2021-03-21,High,803,0
8093,임시우,F,60,Silver,전라,2023-04-09,Low,570,0
8094,황도윤,M,35,Bronze,전라,2021-11-30,Low,548,0
8095,강민준,F,49,Bronze,부산,2020-10-17,Medium,583,0
8096,오민준,M,35,Gold,대구,2022-03-12,High,759,0
8097,임민준,M,41,Bronze,부산,2021-03-29,Low,520,0
8098,최지우,F,43,VIP,충청,2020-01-27,High,879,0
8099,이선우,F,61,Bronze,충청,2021-03-30,Low,493,0
8100,최서연,M,44,Silver,제주,2023-03-24,Medium,716,0
8101,황우진,F,46,Silver,서울,2022-02-20,Medium,701,0
8102,이다은,F,50,Gold,대전,2022-09-20,High,791,0
8103,김채원,F,51,Gold,제주,2024-11-29,High,811,0
8104,장은서,F,65,Gold,세종,2021-03-02,Medium,677,0
8105,박하은,M,66,Bronze,충청,2023-10-23,Low,549,0
8106,박우진,F,56,Bronze,충청,2024-03-01,Medium,626,0
8107,정지우,M,41,Silver,강원,2020-02-17,Low,611,0
8108,조주원,F,44,Silver,인천,2023-06-26,Low,642,0
8109,한수빈,M,43,Gold,서울,2024-06-24,High,838,0
8110,한채원,M,66,Silver,서울,2020-02-17,High,709,0
8111,임도윤,M,22,Bronze,제주,2023-02-16,Low,495,0
8112,윤하은,F,49,Silver,인천,2024-10-02,High,742,0
8113,황도윤,F,25,Silver,세종,2024-02-06,High,662,0
8114,윤지아,M,61,Silver,충청,2020-07-15,Medium,625,0
8115,강은서,F,68,Silver,광주,2020-07-02,Medium,592,0
8116,최하은,F,21,Bronze,인천,2023-08-09,Low,537,0
8117,임시우,F,55,Bronze,충청,2021-09-12,Medium,627,0
8118,최지유,M,53,Silver,강원,2020-01-22,Medium,631,0
8119,권우진,M,39,Gold,전라,2024-11-21,Medium,723,0
8120,김지우,M,38,Gold,대전,2023-03-21,Medium,715,0
8121,윤수빈,M,40,Gold,대전,2022-10-11,Medium,649,0
8122,장도윤,M,68,Silver,대전,2020-05-17,Medium,558,0
8123,이주원,M,47,Bronze,대전,2022-05-15,Low,500,0
8124,박서윤,M,34,Bronze,강원,2024-07-16,Low,480,1
8125,정예준,M,25,Silver,경상,2024-04-01,Low,559,0
8126,윤지호,M,48,Bronze,대구,2023-06-15,Low,596,0
8127,정지호,F,32,Silver,경기,2021-06-11,Medium,693,0
8128,권수빈,M,24,Bronze,부산,2020-11-05,High,615,0
8129,이예준,F,22,Silver,충청,2020-07-31,Low,534,0
8130,황다은,M,47,Gold,대전,2022-11-15,Medium,746,0
8131,조지아,M,61,Bronze,대구,2020-03-09,Low,558,0
8132,오지아,F,42,Gold,제주,2020-10-02,Medium,751,0
8133,윤지우,F,30,Bronze,충청,2023-01-19,High,673,0
8134,신지아,F,30,Bronze,강원,2024-03-09,Medium,491,1
8135,신은서,F,51,Silver,강원,2022-01-19,Medium,667,0
8136,윤지유,M,34,Silver,제주,2023-02-04,High,581,0
8137,장수빈,M,52,Silver,대전,2023-04-25,Medium,663,0
8138,황은서,M,68,Bronze,인천,2021-09-26,Low,411,1
8139,장서연,F,28,Silver,전라,2023-03-14,Medium,648,0
8140,오시우,F,32,Silver,전라,2022-05-14,Low,566,1
8141,한채원,M,47,Gold,대구,2024-08-08,Medium,729,0
8142,박다은,M,39,Silver,전라,2022-09-23,Medium,696,0
8143,장다은,F,24,Gold,대구,2022-12-18,Medium,680,0
8144,신우진,F,21,Bronze,대구,2021-07-10,Low,506,0
8145,한진우,F,51,Bronze,경기,2023-03-24,Medium,570,0
8146,오은서,F,25,Silver,충청,2024-10-22,Medium,614,0
8147,이선우,F,26,Bronze,인천,2022-02-18,Medium,646,0
8148,강지우,M,31,Gold,세종,2022-04-10,Medium,724,0
8149,오서연,F,49,Gold,강원,2022-06-01,High,817,0
8150,한채원,M,45,Bronze,세종,2024-07-19,Medium,519,0
8151,한은서,F,42,Bronze,인천,2022-07-04,Low,519,0
8152,강도윤,F,51,Gold,경상,2024-10-28,Medium,724,0
8153,신수빈,F,35,Bronze,서울,2023-07-04,Medium,541,1
8154,강채원,M,34,Bronze,대구,2020-04-08,Low,487,0
8155,박수빈,M,48,Gold,전라,2020-11-22,Medium,711,0
8156,신채원,M,27,VIP,충청,2022-04-11,Medium,771,0
8157,박지유,F,22,Silver,제주,2024-02-13,Medium,713,0
8158,권지호,F,52,Gold,서울,2021-07-25,High,738,0
8159,이지우,F,51,Gold,제주,2022-07-21,Medium,711,0
8160,박다은,F,32,Silver,전라,2023-02-17,Medium,718,0
8161,윤지유,M,37,VIP,대전,2021-11-02,Medium,796,0
8162,황진우,F,33,Gold,대구,2022-06-22,High,710,0
8163,한시우,F,41,Gold,대구,2020-03-14,Medium,671,0
8164,한지아,F,44,Bronze,강원,2023-10-12,Low,465,1
8165,권선우,M,60,Bronze,경기,2024-09-10,Low,535,0
8166,권수빈,M,56,Silver,부산,2021-02-19,Medium,645,0
8167,윤지유,M,33,Silver,제주,2023-01-16,Medium,562,0
8168,임서연,F,51,Bronze,강원,2020-07-12,Medium,588,0
8169,황지우,M,64,Bronze,경상,2024-01-30,High,567,0
8170,조시우,F,40,Bronze,경상,2024-10-24,Low,569,0
8171,강예준,F,35,Silver,전라,2024-12-04,Low,624,0
8172,조진우,F,51,Silver,부산,2020-03-08,Medium,651,0
8173,박진우,F,23,Silver,세종,2020-03-20,Medium,621,0
8174,오시우,F,34,Silver,부산,2020-10-16,Low,628,0
8175,황지유,F,44,Gold,경기,2021-06-08,Medium,780,0
8176,한서윤,F,63,Silver,경기,2023-09-21,Medium,574,0
8177,권진우,F,56,Bronze,전라,2022-04-30,Low,482,1
8178,강선우,M,31,VIP,전라,2021-03-11,High,776,0
8179,한서윤,M,62,Bronze,전라,2023-01-23,High,634,0
8180,임지우,M,27,Silver,대구,2024-03-02,Medium,634,0
8181,임다은,M,20,Bronze,강원,2020-04-20,Medium,494,1
8182,김하은,F,64,Silver,대구,2024-10-08,Medium,648,0
8183,한시우,F,38,Bronze,경상,2022-01-06,Medium,630,0
8184,신도윤,F,60,VIP,충청,2022-12-02,Low,720,0
8185,박하은,F,65,Silver,전라,2024-09-30,Medium,625,0
8186,오지아,F,50,Gold,대구,2021-07-11,Medium,751,0
8187,최지우,F,39,Gold,전라,2022-06-28,High,756,0
8188,권시우,M,20,Gold,강원,2024-01-14,Low,568,0
8189,신채원,F,57,Silver,경상,2022-01-18,High,682,0
8190,박시우,M,55,Bronze,전라,2022-08-30,Medium,591,0
8191,황민준,F,44,Gold,전라,2021-09-01,Medium,744,0
8192,신선우,M,60,Bronze,전라,2024-09-19,Medium,579,1
8193,황지아,F,61,Silver,대전,2020-05-02,Medium,637,1
8194,윤도윤,M,49,Bronze,충청,2022-07-18,Medium,513,0
8195,박서윤,M,49,Silver,대전,2022-04-18,Medium,701,0
8196,임우진,M,65,Bronze,대전,2021-02-19,Low,411,0
8197,신채원,F,28,Bronze,대전,2024-12-05,Low,511,1
8198,권진우,M,35,Silver,충청,2024-03-25,Low,632,0
8199,박주원,M,55,Silver,강원,2020-08-18,Medium,578,0
8200,오지아,F,44,Gold,제주,2023-10-13,High,782,0
8201,조다은,M,58,Silver,경기,2023-02-15,Medium,632,0
8202,황시우,M,53,Gold,대전,2020-04-16,High,769,0
8203,임진우,M,29,Silver,부산,2022-05-29,Low,582,1
8204,오서윤,F,58,Bronze,서울,2024-05-26,Low,487,1
8205,신지아,F,29,Bronze,서울,2023-03-02,Medium,611,0
8206,조다은,F,24,Bronze,광주,2021-03-05,Medium,512,0
8207,윤민준,M,59,Bronze,인천,2022-09-12,Medium,586,0
8208,장수아,F,63,Silver,서울,2021-12-03,Low,575,1
8209,황우진,M,44,Bronze,서울,2020-07-29,Medium,670,0
8210,강지호,M,60,Silver,강원,2022-11-23,Medium,631,0
8211,황다은,M,35,Gold,인천,2021-08-30,Medium,712,0
8212,황우진,F,37,Silver,세종,2023-08-13,Medium,645,0
8213,황수아,F,21,Silver,충청,2020-09-23,Medium,680,0
8214,장서윤,F,48,Silver,대구,2024-08-25,Medium,659,0
8215,박주원,M,25,Bronze,인천,2021-06-06,Low,456,0
8216,임예준,M,35,Silver,경상,2020-05-26,Medium,677,0
8217,권주원,M,55,Silver,경기,2022-05-02,Medium,560,0
8218,최주원,F,24,Gold,인천,2021-08-12,High,711,0
8219,조진우,F,41,Gold,경상,2023-12-24,Medium,721,0
8220,신주원,M,37,Silver,세종,2021-12-09,Low,635,0
8221,권수빈,F,60,Bronze,경상,2024-03-02,Medium,601,0
8222,박은서,M,32,Bronze,충청,2024-08-27,Low,516,1
8223,임은서,F,54,Silver,전라,2021-10-20,High,697,0
8224,조지유,F,53,Bronze,대전,2021-12-25,High,655,0
8225,황민준,M,40,Silver,강원,2020-07-29,Low,591,0
8226,한서연,F,45,Bronze,광주,2022-05-17,Low,531,0
8227,윤다은,M,60,Gold,대전,2020-02-06,High,777,0
8228,장서연,M,66,Silver,부산,2024-01-15,Medium,547,0
8229,윤선우,M,69,Bronze,부산,2022-05-14,Low,486,0
8230,오다은,F,30,Bronze,경기,2023-03-26,High,617,0
8231,한민준,M,47,Silver,대전,2023-01-18,High,709,0
8232,최도윤,F,62,VIP,충청,2021-03-01,High,875,0
8233,이다은,M,31,VIP,전라,2024-01-29,High,802,0
8234,황하은,F,53,Silver,서울,2023-08-29,Medium,716,0
8235,임시우,M,34,Gold,광주,2023-09-21,High,778,0
8236,박우진,M,61,Bronze,인천,2023-10-18,Medium,515,0
8237,박도윤,M,35,Bronze,부산,2022-03-29,Low,536,0
8238,조진우,M,36,Bronze,전라,2023-11-30,Low,556,0
8239,정다은,M,20,Bronze,경상,2022-11-17,Medium,580,0
8240,한수빈,M,66,Bronze,세종,2022-05-08,Low,415,1
8241,정도윤,M,32,Silver,전라,2021-01-26,Low,539,0
8242,최주원,M,69,Gold,경기,2022-11-05,Medium,735,0
8243,최우진,F,25,Gold,부산,2022-09-11,Medium,690,0
8244,최수아,F,26,Bronze,제주,2024-06-19,Medium,607,1
8245,오다은,F,42,Bronze,세종,2023-07-04,Low,466,1
8246,권수아,M,35,Silver,전라,2020-09-14,Low,647,0
8247,김서윤,F,35,Gold,인천,2022-04-02,Low,600,0
8248,한선우,F,21,Gold,충청,2021-09-11,Medium,619,1
8249,오다은,F,25,Bronze,경기,2020-01-08,Low,460,0
8250,정민준,F,42,Silver,강원,2023-03-09,Low,582,0
8251,정지유,M,68,Bronze,경기,2021-03-07,Low,503,0
8252,신수빈,F,39,Gold,인천,2020-08-07,High,790,0
8253,최우진,M,25,Bronze,부산,2024-04-16,High,631,0
8254,박은서,F,44,VIP,서울,2024-03-20,High,859,0
8255,김진우,F,52,Silver,인천,2020-02-24,High,719,0
8256,권서윤,F,42,Silver,부산,2020-06-20,Medium,627,0
8257,조서윤,M,60,Bronze,대구,2021-05-10,Low,504,0
8258,김지유,M,42,Bronze,인천,2022-09-26,Medium,623,1
8259,오진우,F,44,Bronze,제주,2023-07-23,Medium,633,0
8260,황예준,F,69,Silver,강원,2020-06-30,Medium,654,0
8261,정지우,M,34,Bronze,광주,2024-05-07,Medium,583,0
8262,이지아,M,26,Gold,강원,2023-02-22,Medium,705,0
8263,박은서,F,35,Bronze,부산,2024-01-15,Low,607,0
8264,신서윤,F,20,Bronze,경상,2023-07-09,Low,535,0
8265,황선우,F,46,Bronze,강원,2020-01-17,Medium,560,1
8266,신서연,M,38,Bronze,대전,2021-06-30,Low,524,0
8267,오지유,M,43,Silver,대전,2021-06-19,Medium,654,0
8268,박하은,F,20,Gold,광주,2024-01-30,High,731,0
8269,신수빈,F,30,Bronze,전라,2024-10-10,Medium,567,0
8270,조진우,M,47,Silver,부산,2021-12-02,Medium,686,0
8271,오예준,M,29,Silver,대구,2022-06-05,Low,614,0
8272,강다은,F,28,Bronze,부산,2021-11-23,Low,500,0
8273,윤지우,F,37,Bronze,강원,2021-08-30,Low,513,1
8274,강진우,F,37,Silver,세종,2021-04-03,Medium,650,0
8275,조선우,F,38,Silver,전라,2020-01-06,Medium,653,0
8276,이서윤,F,21,Gold,강원,2022-07-21,Low,587,1
8277,오주원,M,26,VIP,대구,2022-11-07,High,836,0
8278,강선우,F,56,Bronze,전라,2022-11-10,Low,441,1
8279,장수빈,M,38,Silver,강원,2023-07-25,Medium,593,0
8280,이지호,M,37,Bronze,인천,2020-10-22,Low,596,0
8281,김채원,M,35,Bronze,인천,2024-05-24,Low,511,0
8282,강지우,M,55,Silver,세종,2022-11-25,Low,608,0
8283,황진우,F,50,Silver,경상,2022-07-19,Medium,642,0
8284,조수아,F,55,Silver,전라,2023-09-14,Medium,689,0
8285,오주원,M,25,Bronze,충청,2022-09-12,Low,500,1
8286,오주원,M,47,Gold,세종,2023-07-13,Medium,782,0
8287,윤지우,F,69,Bronze,경상,2021-03-09,Medium,503,1
8288,이도윤,M,45,Silver,세종,2023-11-18,Medium,696,1
8289,한서윤,M,65,VIP,대구,2023-07-12,Low,725,0
8290,박시우,M,61,Gold,제주,2020-10-19,High,757,0
8291,오하은,M,35,Bronze,경기,2021-08-07,Low,556,0
8292,장지우,F,36,Bronze,광주,2024-02-16,Low,547,0
8293,정수아,F,33,Silver,인천,2021-12-08,High,626,0
8294,임진우,M,22,Silver,서울,2021-01-30,Medium,599,0
8295,강진우,F,68,Bronze,제주,2024-06-02,Low,559,1
8296,임지아,M,53,Gold,인천,2022-06-25,High,877,0
8297,윤지호,F,58,Bronze,대전,2021-08-19,Medium,526,0
8298,권서연,M,69,Bronze,대구,2020-12-20,Medium,573,0
8299,윤주원,M,68,Bronze,경기,2023-10-15,Medium,575,0
8300,권은서,F,20,Bronze,경기,2020-11-22,Low,493,0
8301,윤서윤,M,56,Bronze,대구,2020-02-03,Medium,579,0
8302,최지호,F,30,Gold,제주,2024-06-13,Medium,653,0
8303,권다은,M,50,Bronze,대전,2024-01-16,Medium,678,0
8304,이지유,F,35,Silver,강원,2022-03-27,Medium,598,0
8305,한도윤,M,38,Bronze,대전,2023-03-23,Medium,599,0
8306,장지유,M,44,Bronze,제주,2023-07-17,Low,493,0
8307,정은서,M,55,Bronze,경기,2022-12-18,Low,635,0
8308,이우진,F,34,Silver,대구,2021-01-26,Low,556,0
8309,이지호,M,63,Bronze,경상,2020-04-16,Medium,578,0
8310,황선우,M,56,Bronze,충청,2024-09-13,High,585,0
8311,윤은서,M,21,Gold,경상,2021-03-05,High,675,0
8312,장도윤,M,30,Bronze,대전,2022-06-18,High,628,0
8313,정민준,M,68,VIP,제주,2021-10-17,High,743,0
8314,김예준,M,45,VIP,광주,2021-08-05,High,883,0
8315,강다은,F,22,Bronze,강원,2024-10-29,Low,506,1
8316,이수아,M,40,Silver,인천,2024-01-12,Medium,686,0
8317,강지우,F,34,Silver,부산,2023-01-01,Low,619,1
8318,윤은서,M,38,Bronze,부산,2022-12-30,Low,532,0
8319,김예준,M,26,VIP,충청,2023-07-18,Medium,780,0
8320,이시우,M,62,Silver,대전,2022-11-02,Medium,630,0
8321,조은서,M,50,Bronze,부산,2024-10-20,Medium,606,0
8322,김서연,M,27,Silver,경상,2022-12-12,Medium,655,0
8323,조수빈,F,21,Silver,강원,2024-09-16,Medium,584,0
8324,한수아,F,36,Bronze,충청,2020-01-23,Low,541,0
8325,이민준,F,22,Gold,부산,2022-11-30,Medium,739,0
8326,최수빈,M,31,Gold,부산,2022-07-27,High,727,0
8327,박주원,M,41,Bronze,제주,2023-07-30,Medium,537,0
8328,한수빈,F,29,VIP,충청,2022-04-02,High,750,0
8329,신주원,F,45,Silver,경상,2024-04-27,Low,538,0
8330,최민준,F,52,Gold,세종,2020-09-25,High,764,0
8331,오채원,M,28,Bronze,대전,2022-11-06,Low,547,0
8332,신진우,M,45,Silver,전라,2020-02-07,Medium,663,0
8333,오다은,F,20,VIP,강원,2020-06-06,Medium,792,0
8334,황수빈,M,25,Silver,부산,2020-05-23,Medium,600,0
8335,김지유,M,43,Bronze,대구,2023-11-09,Low,505,0
8336,강도윤,F,24,Silver,경기,2024-02-13,Medium,568,0
8337,최주원,F,21,Gold,강원,2024-03-04,Low,634,0
8338,장하은,F,58,Silver,전라,2024-03-25,Medium,674,0
8339,박시우,F,68,Bronze,부산,2024-03-29,Low,544,1
8340,임진우,M,36,Bronze,전라,2023-10-14,Low,556,1
8341,황수아,F,66,Bronze,충청,2022-11-09,High,588,0
8342,박시우,F,43,Silver,대구,2024-08-20,Medium,600,0
8343,강진우,F,60,Gold,인천,2023-02-14,Medium,690,0
8344,최선우,M,26,Bronze,대전,2020-11-11,Low,498,0
8345,강지우,M,63,VIP,경상,2022-07-25,High,816,0
8346,권지유,F,21,Bronze,대구,2021-08-10,Low,470,1
8347,정선우,M,29,Silver,부산,2024-06-16,Low,594,0
8348,장수빈,F,40,Bronze,부산,2023-05-01,Low,568,0
8349,정서윤,F,20,Silver,광주,2020-04-01,High,647,0
8350,신진우,M,37,Bronze,제주,2024-08-27,Medium,574,0
8351,최진우,F,58,Bronze,대전,2023-05-18,Low,486,1
8352,김수아,F,64,Silver,강원,2024-08-09,Low,585,0
8353,최다은,M,44,Gold,서울,2020-07-16,High,758,0
8354,최주원,F,65,Silver,경기,2020-09-08,Medium,573,0
8355,윤수빈,M,42,Gold,경기,2023-01-16,Medium,722,0
8356,박도윤,F,53,Silver,인천,2021-10-25,Low,655,0
8357,이우진,M,31,Gold,제주,2020-03-04,Low,578,0
8358,강지아,M,43,Bronze,부산,2023-11-06,Low,556,0
8359,김하은,F,37,Bronze,전라,2022-07-31,Low,525,0
8360,황서연,M,32,Silver,충청,2023-01-03,Medium,650,0
8361,강지호,M,28,Bronze,경상,2024-03-06,High,615,0
8362,황하은,M,31,Bronze,인천,2024-11-24,Low,469,0
8363,조지호,F,30,Bronze,서울,2020-06-12,Low,550,0
8364,오주원,F,21,Bronze,대구,2022-08-12,Low,501,1
8365,권예준,M,28,Silver,서울,2020-06-04,Low,594,1
8366,한지아,M,58,Bronze,부산,2024-09-30,Low,476,0
8367,조민준,F,61,Silver,서울,2022-08-08,Low,580,0
8368,오지유,F,59,Silver,광주,2020-09-19,Medium,632,0
8369,신수빈,M,24,Bronze,인천,2024-02-07,Low,413,1
8370,권지호,F,20,Gold,인천,2023-10-31,High,686,0
8371,강지호,F,58,Bronze,경기,2021-03-16,Low,510,0
8372,정은서,F,53,Silver,경기,2021-10-12,Low,614,0
8373,박주원,F,35,Silver,충청,2024-01-02,Low,616,0
8374,강시우,F,57,Silver,강원,2020-02-18,Medium,625,1
8375,한도윤,M,67,Bronze,충청,2021-11-15,Low,453,0
8376,강서연,M,32,Bronze,전라,2023-12-29,Medium,540,0
8377,박서연,F,69,Silver,제주,2020-10-18,High,676,0
8378,강서윤,M,33,Silver,세종,2022-11-19,Medium,711,0
8379,황도윤,M,34,Gold,대전,2020-06-24,Low,655,0
8380,조서윤,M,68,Silver,제주,2020-03-29,Medium,632,0
8381,권도윤,M,35,VIP,충청,2024-03-27,High,801,0
8382,박채원,F,61,Bronze,제주,2022-10-03,High,568,1
8383,정도윤,F,31,Gold,광주,2021-11-07,High,778,0
8384,조진우,M,57,Bronze,제주,2022-09-20,Medium,556,0
8385,권지아,M,62,Silver,서울,2021-05-28,Medium,647,0
8386,오다은,M,58,Gold,서울,2023-09-04,Medium,699,0
8387,신채원,F,24,Bronze,전라,2020-08-09,Low,509,1
8388,김주원,F,59,Bronze,강원,2023-05-28,Low,478,1
8389,이수빈,M,29,Bronze,부산,2020-08-23,Medium,529,0
8390,강서윤,M,46,Gold,충청,2024-06-26,Low,693,0
8391,오시우,F,69,Silver,서울,2022-07-11,Medium,590,0
8392,장진우,M,40,Bronze,충청,2021-05-08,Low,574,0
8393,윤지유,M,39,Gold,경상,2022-10-21,High,784,0
8394,김우진,F,67,Gold,대전,2020-01-25,High,707,0
8395,박수아,M,35,Gold,충청,2020-08-11,Medium,792,0
8396,이다은,M,65,Silver,부산,2022-11-12,Medium,674,1
8397,윤지호,F,46,Silver,충청,2020-02-22,Medium,636,0
8398,한우진,M,34,Bronze,부산,2023-03-11,Medium,620,0
8399,김지유,F,29,Bronze,서울,2023-10-23,Low,542,0
8400,오채원,F,46,Bronze,부산,2022-10-26,Low,555,0
8401,박예준,M,21,Bronze,경상,2022-02-10,Low,454,0
8402,한우진,F,57,Bronze,대구,2020-11-18,Medium,569,0
8403,정민준,F,38,Bronze,광주,2022-02-01,High,676,0
8404,최서윤,M,58,Bronze,경기,2023-12-09,Low,459,0
8405,박선우,M,58,Bronze,제주,2023-02-28,Low,449,1
8406,권선우,M,51,Silver,제주,2020-08-24,Medium,677,0
8407,윤선우,F,60,Silver,대전,2022-06-13,High,728,0
8408,오지아,F,39,Gold,대전,2022-01-07,Medium,756,0
8409,황다은,F,58,Silver,대구,2022-12-27,High,720,0
8410,장민준,M,31,Bronze,광주,2021-12-21,Low,549,0
8411,강주원,M,40,Gold,대구,2020-03-12,Medium,784,0
8412,한진우,M,32,Gold,대구,2022-06-02,Low,690,0
8413,윤지아,M,66,Silver,대전,2021-05-29,Medium,614,0
8414,김수아,M,47,Silver,인천,2024-03-29,Medium,650,0
8415,임진우,M,45,Bronze,부산,2022-07-09,High,593,0
8416,이지호,M,63,Bronze,경기,2023-10-22,Low,433,0
8417,박주원,F,26,Silver,대구,2024-05-13,High,684,0
8418,신다은,F,31,Gold,경기,2023-02-21,High,743,0
8419,이우진,M,59,Silver,세종,2020-02-23,High,698,0
8420,이수빈,M,37,Bronze,광주,2021-09-23,Medium,590,0
8421,한주원,F,53,Bronze,경상,2020-08-05,Low,551,0
8422,신도윤,M,57,Silver,대구,2020-11-28,Low,622,0
8423,한예준,F,27,Silver,대전,2020-05-14,Medium,701,0
8424,권예준,M,48,Bronze,대구,2020-11-25,Low,505,1
8425,한서연,M,59,Bronze,대전,2020-09-05,High,600,1
8426,이다은,M,39,VIP,경상,2022-10-13,High,853,0
8427,신다은,M,50,Silver,서울,2022-02-04,High,708,1
8428,김다은,M,56,Bronze,제주,2020-04-25,Low,465,0
8429,최하은,F,28,Silver,강원,2020-05-13,Low,601,0
8430,조다은,F,51,Bronze,대구,2020-05-15,Low,496,0
8431,권서연,F,37,Silver,강원,2023-10-24,Low,608,0
8432,한지아,F,62,Gold,광주,2020-04-29,Low,600,0
8433,오선우,F,38,Bronze,부산,2022-10-25,Medium,661,0
8434,박채원,F,31,Silver,대전,2022-05-13,Low,575,0
8435,최하은,F,43,Gold,대구,2020-07-07,Medium,795,0
8436,이지호,M,44,Bronze,경기,2023-02-06,Medium,485,1
8437,권예준,M,39,Silver,강원,2023-10-15,Medium,663,0
8438,이민준,F,43,Bronze,대전,2022-10-30,Low,481,0
8439,장서윤,F,64,Gold,인천,2024-07-30,High,775,0
8440,장다은,M,21,Silver,광주,2020-06-17,Low,603,0
8441,윤서윤,F,54,Bronze,대전,2020-08-28,Low,580,1
8442,장시우,F,36,Gold,경기,2021-12-11,Medium,767,0
8443,이서윤,M,69,Bronze,인천,2022-08-25,Medium,519,0
8444,김민준,F,26,Gold,전라,2023-10-16,Medium,688,0
8445,장은서,F,29,Bronze,전라,2024-06-22,Low,494,0
8446,박우진,M,60,Bronze,인천,2021-05-06,Medium,641,0
8447,정지유,F,35,Bronze,부산,2023-09-25,Low,529,1
8448,이예준,M,40,Silver,대전,2020-07-27,High,728,0
8449,신서연,F,50,Bronze,제주,2020-08-26,Low,560,0
8450,강수빈,F,45,Silver,충청,2023-04-05,Medium,666,0
8451,신도윤,F,25,Silver,대전,2023-01-25,Low,549,0
8452,정진우,F,21,Silver,대구,2024-02-26,Medium,646,0
8453,윤은서,F,29,Silver,충청,2024-11-21,High,755,0
8454,김민준,F,44,Bronze,서울,2022-12-16,Low,525,0
8455,윤수아,F,27,Silver,강원,2021-11-21,Medium,622,0
8456,황하은,F,38,Bronze,전라,2020-03-11,Low,561,0
8457,이선우,M,53,Gold,전라,2024-08-30,Medium,709,0
8458,강지우,M,66,Bronze,경기,2023-08-25,Medium,590,0
8459,오지유,F,47,Gold,부산,2023-02-25,High,824,0
8460,장시우,M,48,Bronze,충청,2020-04-02,Medium,572,0
8461,황예준,M,64,Bronze,부산,2021-02-06,Low,488,1
8462,최은서,F,67,Silver,경기,2021-06-15,Medium,560,0
8463,최채원,F,47,Gold,대전,2023-12-31,Medium,767,0
8464,이진우,M,57,Gold,세종,2020-09-11,High,771,0
8465,신시우,M,38,Bronze,대전,2024-07-17,High,674,0
8466,윤수아,F,37,Silver,서울,2024-03-03,Medium,659,0
8467,정서연,F,47,Silver,제주,2022-02-21,Medium,692,0
8468,신도윤,M,35,Silver,강원,2022-02-19,Medium,619,0
8469,장서연,M,28,Gold,서울,2023-09-24,Medium,674,0
8470,오다은,F,64,Bronze,광주,2023-03-04,Medium,588,0
8471,한다은,F,28,Bronze,부산,2021-09-07,Low,565,0
8472,최지아,M,60,Bronze,서울,2021-05-08,Low,563,1
8473,권은서,F,52,Silver,광주,2021-04-12,Low,657,0
8474,임시우,F,55,Bronze,부산,2021-04-26,Medium,617,0
8475,황지호,F,33,Bronze,대구,2022-12-08,Medium,586,0
8476,강하은,M,40,Silver,강원,2020-08-30,Low,620,0
8477,박지아,F,60,Gold,대전,2024-10-18,High,704,1
8478,강지유,F,31,VIP,대전,2020-01-05,High,825,0
8479,최은서,F,23,Gold,세종,2023-01-26,Medium,676,0
8480,신민준,F,26,Bronze,세종,2021-01-05,Low,578,0
8481,박서연,F,42,Gold,부산,2021-09-06,Medium,633,0
8482,오수빈,M,20,Gold,서울,2020-10-08,High,777,1
8483,윤수아,M,55,Gold,충청,2023-11-09,Low,732,0
8484,이지우,F,60,Silver,대구,2020-01-20,Medium,605,0
8485,정민준,F,35,Silver,경기,2024-11-12,Medium,693,0
8486,황수아,F,23,Bronze,대전,2023-11-30,Low,505,1
8487,김지유,M,32,VIP,광주,2022-08-05,High,805,0
8488,임하은,M,34,Gold,경기,2022-04-17,Medium,699,0
8489,박은서,F,67,Bronze,강원,2020-05-14,Low,485,0
8490,정지아,M,61,Bronze,부산,2021-12-05,Low,476,0
8491,한하은,F,45,VIP,부산,2023-10-06,High,895,0
8492,권다은,F,45,Bronze,강원,2022-09-10,Low,607,1
8493,윤지호,F,42,Bronze,부산,2022-08-14,High,626,0
8494,윤은서,F,54,Bronze,서울,2023-02-18,Low,474,0
8495,정하은,F,52,Bronze,세종,2023-06-18,Low,546,1
8496,임수아,F,67,Bronze,충청,2023-04-15,Low,547,0
8497,박민준,M,23,Gold,광주,2020-11-30,High,697,0
8498,권시우,F,53,Bronze,부산,2024-12-14,Low,631,0
8499,임수아,M,24,Gold,대전,2021-02-11,Medium,662,0
8500,신도윤,M,67,Silver,부산,2022-09-25,Low,522,1
8501,황시우,M,49,Silver,제주,2023-02-12,Low,649,0
8502,권민준,M,61,VIP,제주,2024-12-05,Medium,708,0
8503,권서연,F,21,Gold,충청,2023-12-02,Medium,719,0
8504,장수빈,M,47,Bronze,대구,2021-05-15,Low,527,0
8505,이하은,F,61,Silver,경기,2023-05-31,Low,588,0
8506,권시우,F,24,Silver,제주,2020-02-12,High,637,0
8507,신채원,F,62,Gold,서울,2023-05-24,Medium,771,0
8508,조선우,M,24,Bronze,대구,2021-03-30,High,566,0
8509,박은서,M,26,Silver,부산,2023-05-23,High,684,0
8510,최지유,F,35,Silver,경상,2022-09-06,Low,547,0
8511,권채원,M,66,Silver,세종,2020-08-01,Low,552,1
8512,강서윤,F,63,Bronze,세종,2024-10-21,Low,480,1
8513,장다은,M,63,Silver,서울,2021-04-23,Medium,554,1
8514,오서윤,F,62,Silver,대전,2023-12-23,Medium,626,0
8515,한예준,F,47,Silver,경기,2022-10-04,High,711,0
8516,최서윤,M,28,Gold,대전,2021-10-26,Medium,621,0
8517,정하은,F,57,Gold,서울,2020-05-28,Medium,708,0
8518,박시우,M,35,VIP,인천,2020-10-09,Low,746,0
8519,신지아,M,44,Silver,대구,2022-01-26,Medium,681,0
8520,한서연,F,47,Silver,강원,2020-04-18,Low,656,0
8521,임시우,M,45,Bronze,대구,2021-09-29,Medium,570,1
8522,한진우,M,64,Gold,서울,2020-01-26,Low,676,0
8523,최시우,M,54,Silver,대구,2021-11-10,Medium,676,0
8524,한서윤,M,54,VIP,경상,2022-09-26,Low,744,0
8525,정민준,M,20,Gold,광주,2022-06-06,Medium,756,0
8526,김수아,F,36,Bronze,충청,2022-02-10,Medium,541,1
8527,한지우,M,45,Silver,전라,2022-12-07,Medium,687,0
8528,임주원,M,38,Silver,광주,2023-06-23,Medium,706,0
8529,권지유,F,28,Gold,전라,2021-02-12,Medium,682,0
8530,김지유,F,57,Silver,경기,2021-10-03,Medium,703,0
8531,김서연,M,67,Silver,대구,2022-07-29,Medium,659,0
8532,윤진우,F,52,Bronze,경상,2020-04-26,Medium,699,1
8533,한수아,M,53,Silver,전라,2024-04-07,High,780,0
8534,오지호,F,53,Bronze,제주,2021-04-25,Low,512,0
8535,권지우,F,62,Gold,경상,2020-08-01,Medium,702,0
8536,박지우,M,35,Bronze,대전,2024-12-15,High,607,0
8537,강지아,M,45,Bronze,경상,2023-12-23,Low,539,1
8538,황은서,M,28,Silver,부산,2021-09-28,Medium,613,0
8539,한서연,F,25,Bronze,대구,2024-04-25,Medium,554,0
8540,강다은,M,21,Gold,경상,2021-03-06,Medium,636,0
8541,정수빈,F,50,Bronze,경기,2021-07-04,Medium,600,0
8542,김은서,M,27,Gold,세종,2020-03-22,High,817,0
8543,박다은,F,20,Bronze,제주,2021-01-31,Low,449,0
8544,윤시우,M,36,Gold,강원,2020-08-13,Low,687,0
8545,권주원,F,63,Bronze,광주,2020-06-19,Medium,586,0
8546,정도윤,M,25,Silver,경기,2022-01-17,High,696,0
8547,최선우,F,25,Silver,충청,2020-02-25,Medium,638,0
8548,황서연,M,29,Bronze,부산,2022-01-27,Medium,574,0
8549,오지유,M,58,Silver,서울,2024-04-24,Low,563,0
8550,김민준,F,65,Bronze,대구,2024-10-06,Medium,480,0
8551,권지우,F,56,Silver,부산,2023-06-19,Low,567,0
8552,권지호,M,44,Bronze,서울,2020-07-23,Low,537,1
8553,최민준,M,28,Gold,전라,2020-11-22,High,752,0
8554,오시우,F,33,Bronze,경상,2024-09-29,Medium,542,1
8555,박예준,F,65,Silver,경기,2024-10-14,High,676,0
8556,정도윤,F,31,Gold,부산,2023-06-25,Medium,687,0
8557,오수빈,F,33,Silver,경상,2024-02-17,Low,662,0
8558,김주원,M,57,Bronze,서울,2021-12-17,Low,536,0
8559,김주원,M,60,Bronze,강원,2024-08-22,High,623,1
8560,권도윤,F,66,Bronze,제주,2022-01-17,Low,405,1
8561,권지우,M,65,Bronze,강원,2021-04-12,Low,481,1
8562,임도윤,M,65,Gold,인천,2024-01-07,Medium,702,0
8563,김서연,F,36,Bronze,대전,2020-09-07,Low,512,0
8564,임우진,M,37,Silver,충청,2023-08-28,Medium,718,0
8565,권서윤,F,32,Bronze,충청,2023-08-24,Low,504,1
8566,조예준,M,23,VIP,대구,2022-07-02,High,803,0
8567,신서윤,F,59,Silver,인천,2024-02-28,Medium,649,0
8568,최지우,F,43,Gold,인천,2022-02-07,High,770,0
8569,임지호,F,61,Silver,세종,2020-11-17,Medium,652,0
8570,오민준,F,47,VIP,인천,2023-04-15,High,840,0
8571,강서연,M,65,Gold,서울,2021-08-28,Low,680,0
8572,황하은,F,46,VIP,전라,2023-06-17,High,858,0
8573,윤다은,F,59,Gold,대전,2021-09-01,High,750,0
8574,박서연,F,45,Bronze,세종,2024-03-01,Low,537,1
8575,오진우,F,35,VIP,경상,2020-06-04,Medium,842,0
8576,최도윤,F,32,Gold,세종,2024-07-17,Low,689,0
8577,한지유,M,59,Silver,인천,2020-10-27,High,671,0
8578,임수아,M,31,Silver,경상,2024-05-16,Low,592,0
8579,권지아,M,61,Silver,충청,2021-02-11,Medium,638,0
8580,최지우,F,61,Bronze,강원,2022-10-20,Medium,586,0
8581,김지우,M,32,Gold,인천,2022-09-07,Medium,737,0
8582,신하은,M,46,Bronze,강원,2024-03-23,High,648,0
8583,최선우,F,41,Bronze,인천,2023-06-10,Low,479,0
8584,장민준,F,52,Bronze,제주,2024-10-05,High,673,0
8585,임민준,F,44,Gold,광주,2020-02-17,Medium,742,0
8586,장도윤,M,49,Silver,부산,2021-03-22,Medium,731,0
8587,정서연,F,61,Bronze,부산,2024-08-02,Medium,585,0
8588,최우진,F,21,Silver,제주,2022-12-13,Low,577,0
8589,최우진,M,30,Silver,대구,2022-10-18,Low,567,0
8590,김예준,F,36,Bronze,강원,2022-01-17,Low,513,0
8591,신다은,F,52,Silver,대전,2024-03-13,Low,583,1
8592,신서연,M,26,Silver,부산,2022-05-12,High,717,0
8593,최다은,M,64,Bronze,경상,2021-10-18,Medium,530,1
8594,정지호,F,31,Bronze,경상,2023-01-07,Medium,619,0
8595,강민준,F,27,Gold,전라,2023-02-10,High,781,0
8596,오서연,M,60,VIP,경기,2023-10-06,High,764,0
8597,김지아,F,66,Gold,강원,2020-07-27,Medium,725,0
8598,김선우,M,22,Bronze,대전,2023-12-05,Medium,526,1
8599,이진우,F,29,Silver,대구,2023-12-22,Medium,623,0
8600,정다은,F,55,Gold,경상,2024-09-23,High,820,0
8601,정지유,F,28,Gold,광주,2020-03-29,High,767,0
8602,조선우,F,63,Silver,세종,2022-07-27,Low,584,0
8603,이진우,M,23,Gold,세종,2022-04-02,High,695,0
8604,신주원,F,66,Gold,전라,2023-11-02,Medium,692,0
8605,조주원,M,25,Silver,제주,2022-01-03,Medium,689,0
8606,신수빈,F,30,Bronze,충청,2023-08-24,High,722,0
8607,임우진,F,41,Bronze,부산,2023-07-05,Low,560,1
8608,이도윤,F,29,Bronze,세종,2020-05-28,Low,537,0
8609,임시우,F,62,Silver,전라,2023-02-08,Medium,631,0
8610,황지유,M,59,Gold,경기,2020-07-30,High,750,0
8611,조지아,F,64,Gold,강원,2021-10-25,High,720,0
8612,권민준,F,68,Bronze,세종,2021-09-21,High,570,0
8613,오민준,M,50,Silver,경기,2024-02-16,Medium,644,1
8614,권다은,F,62,Gold,인천,2021-04-20,Medium,751,0
8615,장다은,M,43,Silver,강원,2022-01-02,Medium,688,0
8616,신은서,M,59,Silver,세종,2020-06-16,Medium,673,0
8617,정하은,F,53,Silver,대구,2023-11-11,Medium,628,0
8618,황도윤,M,62,Bronze,서울,2020-02-05,Low,494,0
8619,최지유,M,41,Bronze,제주,2020-08-05,High,578,1
8620,황주원,F,21,Gold,경상,2023-11-05,High,768,0
8621,최민준,M,61,Bronze,세종,2023-07-27,Medium,589,0
8622,한지우,M,29,Silver,부산,2021-02-15,Low,592,0
8623,정수아,M,27,Bronze,서울,2023-01-11,Low,536,1
8624,정하은,M,66,Silver,서울,2020-11-26,Low,523,0
8625,권주원,F,41,Bronze,강원,2022-03-01,High,588,0
8626,박민준,F,29,Bronze,대구,2023-01-02,Low,502,0
8627,황민준,M,68,Silver,광주,2021-02-03,Low,485,1
8628,김도윤,M,54,Silver,강원,2020-05-07,Medium,695,0
8629,강하은,F,49,Bronze,대전,2024-08-23,Low,568,1
8630,윤지우,M,58,VIP,전라,2024-12-09,High,843,0
8631,장지유,M,48,Gold,제주,2020-06-07,High,860,0
8632,이시우,F,35,Silver,세종,2022-03-29,Medium,651,0
8633,오수빈,F,39,Bronze,경상,2022-07-27,Medium,700,0
8634,오지아,F,51,Gold,서울,2023-10-23,High,786,0
8635,윤예준,M,50,Bronze,부산,2020-10-10,Low,505,0
8636,신서윤,F,43,Gold,광주,2023-02-07,Medium,819,0
8637,김하은,M,57,Silver,서울,2023-06-06,High,702,0
8638,권진우,M,20,Bronze,경기,2023-05-17,Low,474,0
8639,최진우,F,55,Bronze,부산,2021-09-17,High,647,0
8640,윤다은,M,54,Bronze,세종,2020-12-26,Low,545,0
8641,김우진,F,40,Gold,광주,2023-01-21,Low,679,0
8642,김서윤,F,36,Bronze,전라,2024-04-17,Low,487,0
8643,권우진,F,38,Gold,광주,2022-10-01,Medium,782,1
8644,권지우,M,37,Silver,강원,2020-11-24,Low,602,0
8645,박지호,M,65,Bronze,경기,2024-09-24,Low,442,0
8646,장서윤,M,45,Silver,인천,2021-05-20,Medium,653,0
8647,임지아,M,46,Gold,세종,2024-07-24,High,813,0
8648,최지유,F,33,Bronze,강원,2024-10-07,Low,543,0
8649,정지아,F,58,VIP,강원,2022-12-12,High,754,0
8650,권채원,M,26,Bronze,세종,2022-07-26,High,681,0
8651,오채원,F,43,Silver,대전,2022-01-11,Low,630,0
8652,정지호,F,68,VIP,세종,2020-08-13,Medium,758,0
8653,이민준,F,39,Gold,경상,2024-06-11,Medium,741,0
8654,정진우,F,64,Silver,인천,2024-06-01,High,707,0
8655,오수빈,M,48,Silver,광주,2024-12-27,Medium,807,0
8656,한은서,M,63,Bronze,강원,2023-04-21,Low,462,1
8657,신주원,F,57,Bronze,제주,2020-04-28,Low,517,0
8658,윤선우,F,29,Silver,대전,2024-05-28,High,738,0
8659,강서연,M,54,Silver,광주,2020-01-27,Medium,747,0
8660,신은서,M,61,Silver,제주,2022-04-11,High,680,0
8661,오시우,M,63,Silver,세종,2020-02-11,Medium,683,1
8662,박예준,M,50,Bronze,전라,2022-04-19,Low,523,0
8663,박지유,M,61,Silver,세종,2022-06-10,High,619,0
8664,오수빈,M,67,Bronze,충청,2021-04-15,High,560,0
8665,신시우,F,23,Silver,충청,2023-04-17,High,639,0
8666,정지아,M,32,Silver,강원,2024-07-25,Medium,642,0
8667,조주원,M,64,Gold,경기,2024-04-17,High,721,0
8668,박주원,M,63,Gold,대전,2020-06-03,High,768,0
8669,임선우,F,45,Bronze,경기,2020-01-11,Medium,619,0
8670,김수아,M,39,Bronze,부산,2024-04-23,Low,512,1
8671,윤지아,M,29,Gold,광주,2023-04-08,Medium,766,0
8672,신진우,M,32,Silver,전라,2022-06-27,Medium,673,0
8673,임도윤,M,48,Bronze,강원,2020-05-01,Medium,600,0
8674,박시우,M,51,Bronze,전라,2024-09-28,Low,620,0
8675,이우진,M,25,Bronze,경상,2022-11-20,Low,486,0
8676,정서윤,M,66,Gold,인천,2020-07-13,Medium,723,0
8677,오서윤,M,57,Gold,광주,2021-09-28,Low,593,0
8678,정수아,M,31,Gold,광주,2023-04-21,Medium,721,0
8679,황지아,M,29,Bronze,대구,2021-08-21,Low,508,1
8680,윤선우,M,21,Silver,서울,2024-09-13,Medium,584,0
8681,한은서,F,66,Bronze,경상,2023-01-12,Low,528,0
8682,최우진,F,57,Gold,경기,2024-02-20,Low,677,0
8683,장지유,M,40,Bronze,부산,2021-08-14,Low,505,0
8684,정지호,F,38,Bronze,서울,2024-12-26,Low,569,0
8685,윤시우,F,40,Silver,제주,2022-09-27,Medium,712,0
8686,오도윤,M,34,Bronze,서울,2020-01-11,Medium,581,0
8687,임채원,M,31,Bronze,충청,2023-03-20,Medium,589,0
8688,신예준,M,54,Bronze,광주,2022-06-18,Low,477,0
8689,정지우,M,49,Silver,강원,2021-10-09,High,768,0
8690,황지아,F,43,Silver,부산,2024-03-28,Low,572,0
8691,권우진,F,60,Bronze,경기,2020-12-31,Medium,502,0
8692,신하은,M,37,Bronze,대구,2020-08-05,Low,503,0
8693,장지우,M,25,Bronze,경기,2024-03-22,Low,520,0
8694,권민준,F,23,Silver,제주,2022-02-02,Medium,615,0
8695,최도윤,F,26,Bronze,서울,2020-02-19,Low,559,1
8696,한수빈,F,20,Silver,충청,2020-11-15,Low,584,0
8697,정시우,F,66,VIP,세종,2021-05-30,High,796,0
8698,황은서,F,62,Bronze,강원,2023-04-01,Medium,545,0
8699,임하은,F,21,VIP,대전,2023-03-10,High,787,0
8700,김지호,F,28,Bronze,광주,2020-04-17,Low,476,0
8701,신도윤,F,27,Bronze,경상,2022-06-06,Medium,605,1
8702,정도윤,F,49,Bronze,광주,2023-08-13,Low,531,0
8703,한지호,F,35,Bronze,전라,2021-09-07,Low,541,1
8704,장지유,M,27,Gold,세종,2021-06-16,Low,675,0
8705,오하은,F,29,Silver,제주,2023-07-02,Medium,682,0
8706,한채원,M,41,Bronze,충청,2023-03-15,Low,617,0
8707,황지호,F,69,Silver,광주,2022-03-18,Medium,594,0
8708,김서윤,F,60,Silver,제주,2023-12-02,Medium,623,0
8709,조수빈,M,34,Silver,제주,2020-08-26,High,659,0
8710,김서윤,M,46,Silver,경상,2020-02-06,High,674,0
8711,최지호,M,54,Silver,강원,2024-10-22,Medium,652,0
8712,김선우,F,42,Gold,서울,2022-07-18,Medium,764,0
8713,조서연,M,42,Bronze,부산,2022-08-30,Low,551,0
8714,한예준,M,63,Bronze,인천,2024-10-16,Medium,564,1
8715,장지유,F,69,Silver,세종,2023-04-22,Low,540,0
8716,김선우,F,30,Bronze,인천,2022-12-09,Medium,662,0
8717,장지우,F,29,Silver,서울,2022-02-11,Medium,618,0
8718,황은서,F,50,Gold,인천,2024-08-05,Low,684,0
8719,오은서,F,52,Bronze,대전,2022-11-03,Low,530,0
8720,한은서,M,40,Bronze,강원,2022-03-20,Low,583,0
8721,오지아,M,58,Silver,경기,2023-07-04,Medium,678,0
8722,조주원,M,54,Bronze,인천,2022-01-06,Low,553,0
8723,강도윤,F,24,Silver,광주,2023-05-27,Medium,614,0
8724,임은서,F,34,Gold,강원,2023-03-26,Low,681,0
8725,권지유,M,22,Silver,강원,2024-01-18,Low,553,0
8726,권수아,M,47,Silver,충청,2020-07-31,Medium,626,0
8727,이선우,F,59,Silver,광주,2023-09-27,Medium,599,1
8728,황주원,F,66,Gold,전라,2020-04-03,Medium,608,0
8729,장예준,M,35,Bronze,제주,2024-12-11,Low,546,1
8730,한진우,F,22,Bronze,대구,2021-09-18,Low,570,0
8731,강서연,M,67,Bronze,서울,2021-01-31,High,520,0
8732,장지아,M,68,Silver,대구,2022-12-13,Medium,610,0
8733,조도윤,F,58,Bronze,부산,2021-08-21,Low,534,0
8734,황수아,F,24,Gold,세종,2020-02-03,Medium,661,0
8735,최우진,M,68,Bronze,대구,2020-05-15,Medium,563,1
8736,오서연,F,53,Gold,경상,2024-01-29,High,817,0
8737,황채원,F,61,Silver,서울,2024-05-03,Low,631,0
8738,김지유,M,61,Gold,서울,2024-12-11,High,710,1
8739,장지우,F,20,Bronze,인천,2020-05-07,Low,519,0
8740,권수빈,F,20,Bronze,충청,2020-03-23,Low,517,0
8741,박수아,M,46,Bronze,대전,2021-04-02,Low,514,1
8742,한시우,M,65,Silver,전라,2021-08-24,Low,577,0
8743,권은서,M,28,VIP,경기,2021-04-11,High,866,0
8744,권채원,F,63,Bronze,광주,2023-03-08,Medium,510,0
8745,황하은,M,64,Bronze,서울,2020-09-11,Low,439,1
8746,이채원,F,29,Gold,경상,2021-10-28,Medium,730,0
8747,한선우,F,50,Bronze,대전,2023-08-04,Low,509,0
8748,이다은,F,44,Silver,인천,2023-10-08,Low,592,0
8749,권지호,F,62,Gold,광주,2021-11-03,Medium,759,0
8750,윤민준,M,38,Bronze,경기,2022-09-20,Low,507,0
8751,윤도윤,M,26,Bronze,강원,2023-07-05,Medium,587,0
8752,장우진,F,41,Silver,경기,2022-05-10,High,724,0
8753,한은서,F,56,Silver,인천,2021-12-12,Medium,630,0
8754,윤민준,F,29,VIP,경상,2022-03-05,High,849,0
8755,임도윤,F,37,VIP,서울,2024-02-06,High,832,0
8756,장지우,M,61,Silver,대구,2024-10-21,Low,629,0
8757,한채원,M,20,Silver,충청,2023-11-27,Medium,631,0
8758,이수빈,M,32,Silver,전라,2023-04-23,Medium,639,0
8759,임지호,M,31,Bronze,부산,2023-05-08,Low,463,1
8760,정진우,F,20,Silver,광주,2021-08-17,Medium,636,0
8761,권서윤,M,35,Bronze,대구,2020-03-02,Low,469,0
8762,임도윤,F,39,Bronze,강원,2020-10-22,Medium,618,0
8763,장서윤,F,42,Silver,강원,2022-07-15,Medium,697,0
8764,이서연,F,27,Bronze,경기,2021-09-20,Medium,539,0
8765,임은서,M,33,Bronze,강원,2022-02-10,Low,517,0
8766,최예준,M,61,Silver,강원,2021-11-09,Low,616,0
8767,황진우,M,26,Bronze,대구,2024-09-23,Medium,529,1
8768,장채원,M,43,VIP,세종,2021-09-09,High,903,0
8769,박지아,F,24,Bronze,경상,2022-06-19,Low,482,1
8770,신우진,M,23,Gold,전라,2020-09-30,Low,612,0
8771,이주원,M,53,Silver,인천,2021-07-26,Medium,679,0
8772,오선우,M,47,Bronze,서울,2024-01-09,Low,486,0
8773,임선우,F,66,Bronze,광주,2023-08-14,Medium,470,1
8774,신예준,M,49,Bronze,경상,2020-12-09,Low,515,0
8775,이수빈,M,33,Silver,세종,2024-05-17,Low,625,0
8776,최예준,M,47,Bronze,대전,2024-10-04,Low,574,0
8777,신시우,F,54,Silver,대구,2023-06-02,Medium,639,0
8778,김채원,M,37,Bronze,강원,2020-03-04,Low,542,1
8779,윤지아,M,41,Bronze,전라,2022-01-14,Medium,612,1
8780,윤시우,M,69,Silver,서울,2024-07-21,Medium,679,0
8781,김진우,M,42,VIP,전라,2021-03-07,Medium,836,0
8782,권주원,M,43,VIP,인천,2024-12-15,Medium,795,0
8783,신진우,M,41,Bronze,전라,2024-01-20,Low,542,0
8784,강시우,M,53,Bronze,전라,2020-10-05,Low,547,1
8785,한선우,F,22,Gold,경기,2024-11-02,High,730,0
8786,임서윤,M,29,Bronze,충청,2023-10-26,Low,492,0
8787,오시우,F,41,Gold,인천,2020-10-26,Medium,700,0
8788,권주원,F,47,VIP,세종,2023-11-30,High,807,0
8789,한지우,M,49,VIP,세종,2020-07-29,High,818,0
8790,오수아,M,25,Gold,충청,2023-04-09,Medium,662,0
8791,장채원,M,42,Silver,부산,2020-06-03,Low,583,0
8792,신주원,F,52,Bronze,대구,2022-03-20,Medium,562,0
8793,조도윤,F,21,Silver,광주,2023-09-07,High,656,0
8794,장지우,F,62,VIP,강원,2022-01-16,Medium,810,0
8795,이지유,F,56,Bronze,세종,2023-11-16,Low,463,1
8796,정채원,F,33,Silver,인천,2021-11-29,Medium,687,0
8797,박선우,M,61,Gold,인천,2022-05-12,High,707,0
8798,황지아,M,40,Silver,대전,2023-11-17,Low,580,0
8799,윤우진,M,68,Silver,서울,2020-07-23,Medium,578,1
8800,김은서,F,47,Bronze,서울,2020-11-30,Low,510,0
8801,조채원,F,35,Silver,경상,2023-09-11,Medium,591,0
8802,강주원,M,62,Silver,경기,2021-06-27,Medium,615,0
8803,박수아,F,42,Gold,광주,2020-07-27,High,759,0
8804,조채원,F,35,VIP,강원,2020-01-14,High,808,0
8805,장지호,M,66,Silver,인천,2024-10-03,Medium,608,1
8806,이지호,F,47,Bronze,대전,2021-04-27,Low,541,1
8807,오지호,M,66,Bronze,강원,2021-07-01,Low,446,0
8808,최은서,M,53,Gold,인천,2021-05-27,High,837,0
8809,윤예준,F,57,Bronze,대구,2023-01-27,Medium,600,1
8810,이지아,F,30,Bronze,세종,2023-09-05,Low,528,0
8811,최민준,F,32,Bronze,경기,2024-04-20,Low,538,0
8812,김진우,M,24,Bronze,경상,2022-04-21,Low,553,0
8813,윤수아,F,64,Silver,충청,2023-06-17,Medium,673,0
8814,이채원,F,38,Gold,제주,2020-06-10,Medium,704,0
8815,강진우,F,32,Bronze,광주,2021-07-05,Low,510,0
8816,한민준,M,51,Gold,충청,2021-12-13,Low,653,0
8817,조수빈,M,51,Bronze,서울,2020-08-04,Medium,654,1
8818,박다은,M,68,Bronze,대전,2024-11-24,Medium,510,1
8819,오다은,F,24,Bronze,제주,2020-03-29,Medium,569,0
8820,황다은,F,39,Bronze,광주,2021-09-18,Low,571,0
8821,한서연,M,40,Gold,전라,2020-01-23,Medium,684,0
8822,강선우,M,56,Silver,강원,2024-03-27,Medium,629,0
8823,오예준,F,40,Silver,경기,2021-08-03,Medium,617,0
8824,오우진,M,29,Silver,강원,2023-08-09,Low,643,0
8825,이시우,M,51,Silver,전라,2021-11-03,Medium,721,0
8826,정도윤,M,50,Bronze,세종,2023-12-08,Medium,637,0
8827,조선우,M,58,Bronze,인천,2021-06-29,Medium,635,0
8828,임서연,M,44,VIP,세종,2020-01-27,Medium,738,0
8829,조지우,F,21,Silver,인천,2023-02-19,Medium,636,1
8830,한진우,M,50,Gold,강원,2021-10-21,High,735,0
8831,권서윤,F,51,VIP,인천,2023-12-31,Low,734,0
8832,강다은,M,43,Silver,부산,2024-01-21,High,693,0
8833,최예준,M,58,Silver,제주,2022-02-22,Medium,678,0
8834,장시우,M,59,Bronze,강원,2020-12-05,Medium,580,0
8835,한우진,M,46,Silver,충청,2021-11-19,Medium,568,0
8836,김우진,M,60,Silver,대구,2021-05-30,High,704,0
8837,조수빈,F,39,Silver,전라,2024-08-04,Medium,641,0
8838,황우진,M,54,Bronze,전라,2021-05-14,Low,587,1
8839,오지우,M,40,Bronze,부산,2024-07-23,Low,629,0
8840,최채원,M,66,Silver,인천,2020-10-17,Medium,747,0
8841,윤수아,M,24,Bronze,충청,2022-10-31,Low,511,0
8842,조하은,M,32,Gold,인천,2023-02-14,Medium,722,0
8843,권지유,F,61,Gold,광주,2023-01-18,Medium,656,0
8844,임채원,F,30,Bronze,전라,2021-05-06,Low,468,1
8845,한채원,F,59,Silver,제주,2021-02-22,High,661,0
8846,임진우,F,47,Silver,충청,2020-02-12,Medium,608,0
8847,황지아,M,30,Silver,부산,2024-01-14,Medium,616,0
8848,신예준,F,33,Bronze,광주,2020-04-04,Low,456,1
8849,오민준,F,51,Bronze,경상,2024-05-05,Medium,612,0
8850,김주원,F,52,Bronze,인천,2021-07-23,High,656,0
8851,최우진,F,46,Silver,서울,2022-08-28,Medium,635,0
8852,이시우,F,34,Bronze,경상,2020-10-13,Low,444,0
8853,박서연,F,54,Bronze,충청,2020-02-22,Low,478,0
8854,정수빈,F,28,Gold,대전,2023-01-03,Low,717,0
8855,조시우,M,60,Silver,대구,2020-05-10,Low,599,0
8856,박서연,M,56,Bronze,경기,2022-03-18,Low,542,0
8857,황하은,F,24,Silver,세종,2022-06-22,Low,550,0
8858,최채원,F,60,Silver,세종,2023-06-27,Medium,616,0
8859,정채원,F,61,VIP,부산,2022-01-03,High,778,0
8860,권하은,F,64,Gold,제주,2022-04-11,High,806,0
8861,조서연,M,22,Silver,광주,2024-11-30,Medium,579,0
8862,최은서,F,34,Bronze,인천,2024-07-31,Low,555,0
8863,이은서,F,66,Bronze,경상,2022-09-20,Low,489,1
8864,최은서,F,24,Gold,대전,2021-03-27,Low,724,0
8865,임수아,F,65,Bronze,경상,2022-08-14,Low,498,0
8866,윤수빈,M,61,Gold,세종,2024-07-01,Medium,717,0
8867,조진우,M,37,Bronze,서울,2021-11-06,Low,510,0
8868,정지우,F,37,Gold,전라,2023-08-24,Medium,773,0
8869,신선우,F,31,Bronze,경기,2024-04-09,Low,497,0
8870,황예준,F,55,Bronze,세종,2024-03-08,Low,512,1
8871,최채원,F,54,Silver,부산,2024-09-23,Medium,699,0
8872,김선우,F,64,Bronze,서울,2020-05-01,Low,506,0
8873,황선우,M,55,Gold,대전,2020-04-02,High,771,0
8874,이하은,M,30,Gold,경기,2021-04-03,Medium,736,0
8875,김진우,M,29,Bronze,충청,2021-01-22,Low,507,0
8876,윤서윤,F,35,Gold,충청,2021-02-04,Low,621,0
8877,황서연,M,29,Bronze,인천,2023-01-16,Low,521,1
8878,조지우,M,37,Gold,대구,2024-02-29,Medium,753,0
8879,조시우,M,36,Silver,대전,2023-06-01,High,731,1
8880,오서윤,F,45,Silver,충청,2023-04-05,High,696,0
8881,정도윤,M,63,Bronze,인천,2020-02-03,Low,568,0
8882,오은서,M,49,Silver,전라,2023-06-20,Medium,628,0
8883,황도윤,M,56,Silver,경상,2022-09-30,Medium,644,1
8884,박예준,F,68,Bronze,강원,2021-12-05,Medium,571,1
8885,한민준,F,41,Bronze,부산,2020-08-28,Medium,592,0
8886,황서윤,F,58,VIP,전라,2021-10-09,Low,749,0
8887,정도윤,F,35,Silver,강원,2024-02-28,Medium,721,0
8888,조예준,M,46,Gold,광주,2021-01-08,High,836,0
8889,신수빈,M,58,Bronze,부산,2023-11-03,Low,566,0
8890,강지우,M,36,Silver,인천,2021-07-27,High,705,0
8891,강서윤,F,63,Silver,강원,2023-08-20,Low,575,0
8892,조하은,M,27,Bronze,강원,2024-04-26,Low,505,1
8893,한은서,F,38,Bronze,서울,2024-07-20,Low,545,0
8894,황채원,F,55,Bronze,제주,2022-05-07,Low,554,1
8895,윤민준,F,51,VIP,인천,2022-09-16,High,914,0
8896,권서윤,M,23,VIP,서울,2021-03-22,High,807,0
8897,이서연,M,23,Silver,인천,2024-08-03,Medium,643,0
8898,최수빈,F,52,Gold,경기,2024-12-29,High,844,0
8899,임서윤,F,43,Silver,서울,2024-06-23,High,729,0
8900,권지우,F,63,Bronze,광주,2021-03-30,Low,472,1
8901,윤진우,M,40,Bronze,인천,2020-12-24,Low,534,0
8902,최지우,M,50,Gold,광주,2022-12-21,Low,662,0
8903,정은서,F,33,Gold,인천,2021-08-19,Low,639,0
8904,임시우,F,29,Gold,서울,2024-09-11,Medium,718,1
8905,오지아,M,26,Bronze,경기,2022-06-07,Low,458,0
8906,윤서연,F,66,Gold,인천,2021-07-13,High,690,0
8907,황은서,M,42,VIP,경상,2024-07-21,High,852,0
8908,강다은,F,24,Silver,강원,2024-04-02,Low,574,0
8909,신수아,F,31,Bronze,전라,2022-11-18,Medium,597,0
8910,최진우,M,40,Gold,충청,2023-08-30,Medium,751,0
8911,이지유,F,51,Gold,경상,2022-09-16,High,760,0
8912,이채원,M,66,Silver,대전,2020-08-23,Low,621,0
8913,조지우,F,34,Bronze,전라,2020-08-30,Low,405,0
8914,오진우,F,56,Gold,충청,2022-01-08,Low,674,0
8915,황민준,F,66,Silver,제주,2023-07-18,Medium,603,0
8916,김민준,F,69,Bronze,경상,2024-11-20,Low,464,1
8917,권채원,M,22,Silver,제주,2024-05-07,Medium,637,1
8918,윤다은,F,63,Bronze,강원,2022-04-27,Low,478,1
8919,최우진,F,69,Gold,제주,2024-06-19,Medium,728,0
8920,박지유,M,42,Bronze,광주,2024-12-10,Low,553,0
8921,오하은,F,34,Bronze,광주,2024-07-02,Medium,596,1
8922,권지우,M,39,Bronze,광주,2023-09-17,Low,531,0
8923,윤시우,M,69,Bronze,경기,2023-05-27,Low,531,1
8924,황진우,F,69,Bronze,부산,2020-08-02,Medium,515,0
8925,조지유,F,31,Silver,강원,2023-09-09,Medium,582,0
8926,황시우,F,64,Gold,대전,2020-01-02,Medium,756,0
8927,윤지아,F,30,Silver,전라,2024-09-18,Medium,658,0
8928,신도윤,M,53,Silver,경기,2020-07-08,High,706,0
8929,신수빈,M,32,VIP,전라,2020-08-25,High,815,0
8930,장주원,M,35,Bronze,경기,2021-02-25,Low,536,1
8931,신진우,F,60,Gold,경상,2022-07-22,High,798,0
8932,조민준,F,33,Gold,경상,2024-03-12,Medium,725,0
8933,이지유,F,65,Bronze,광주,2022-05-27,Low,477,0
8934,강도윤,M,41,Gold,대구,2021-01-04,Medium,695,0
8935,김은서,M,26,Silver,전라,2020-08-01,Medium,686,0
8936,정시우,M,68,Gold,인천,2021-03-28,High,691,0
8937,최민준,M,39,Bronze,제주,2023-08-22,Medium,643,1
8938,강민준,F,52,Silver,경상,2022-11-15,Medium,657,0
8939,신수아,M,25,Silver,대전,2021-02-09,Medium,605,0
8940,권시우,F,24,Bronze,인천,2020-08-18,Low,501,0
8941,윤서연,F,29,Bronze,전라,2020-08-15,Low,543,0
8942,조민준,M,29,VIP,제주,2024-01-15,Medium,774,0
8943,김서윤,M,41,Silver,광주,2023-05-31,Medium,682,0
8944,장하은,M,29,Gold,광주,2023-04-24,Medium,734,1
8945,이서윤,F,63,Silver,인천,2023-12-10,Low,530,0
8946,윤수아,M,64,Gold,경기,2022-07-13,High,797,0
8947,박서연,F,41,Bronze,서울,2023-06-25,Medium,600,0
8948,신수빈,F,56,Gold,강원,2020-04-23,High,798,0
8949,조지유,F,63,Silver,서울,2024-01-29,High,682,0
8950,윤도윤,F,46,Bronze,세종,2022-02-26,Low,526,1
8951,박수빈,M,34,Gold,대구,2024-09-27,Low,650,0
8952,이지아,M,51,Gold,제주,2020-01-24,High,793,0
8953,최은서,F,38,Bronze,대구,2023-03-11,Low,540,0
8954,이지호,M,53,Silver,광주,2024-09-25,Low,470,0
8955,임예준,M,35,Bronze,전라,2022-04-04,Low,501,0
8956,윤다은,M,50,Silver,전라,2023-05-16,High,733,0
8957,임민준,F,62,Silver,경기,2020-01-31,Medium,635,0
8958,김주원,F,58,Bronze,강원,2024-09-08,Low,550,1
8959,임다은,F,52,Gold,인천,2022-08-17,Medium,679,0
8960,황지호,M,29,Silver,충청,2023-03-03,Medium,634,0
8961,임서연,F,30,Bronze,대구,2021-09-11,Medium,511,0
8962,김채원,F,51,Bronze,경기,2024-06-08,Medium,657,0
8963,오우진,M,62,Bronze,강원,2020-02-10,Low,520,1
8964,조서연,F,56,Silver,대구,2024-01-05,Low,511,0
8965,박하은,F,31,Silver,경상,2023-11-19,Low,537,0
8966,임수빈,M,38,Silver,제주,2022-03-18,Medium,655,0
8967,조서윤,F,55,Bronze,대구,2024-04-08,Low,529,0
8968,이다은,F,58,Bronze,전라,2023-04-18,Low,504,0
8969,김지유,M,22,Silver,제주,2021-03-31,Low,621,0
8970,권서연,F,35,Bronze,제주,2023-08-14,Low,578,0
8971,김다은,M,22,Bronze,대구,2020-05-06,Low,481,0
8972,강하은,M,69,Silver,충청,2021-02-13,Medium,661,0
8973,장채원,M,62,Silver,전라,2021-10-23,Medium,681,0
8974,권예준,F,66,Bronze,부산,2023-04-09,High,544,0
8975,김서연,M,52,Bronze,세종,2021-04-24,Low,540,0
8976,한지유,M,37,Bronze,경기,2023-06-10,Low,486,1
8977,황선우,F,22,Silver,경기,2022-07-20,Low,516,0
8978,김다은,F,65,Silver,전라,2022-05-24,Medium,612,0
8979,윤다은,M,69,Bronze,경기,2024-07-17,Low,506,0
8980,임주원,F,24,Silver,경기,2021-05-26,Medium,675,0
8981,윤서연,F,57,Bronze,대전,2022-02-09,Low,567,0
8982,윤진우,F,62,Silver,강원,2023-04-04,High,735,0
8983,장지호,M,62,Gold,광주,2020-09-20,Medium,661,0
8984,김민준,F,67,Silver,부산,2020-02-26,Medium,672,0
8985,정수아,M,64,Bronze,경상,2022-04-19,Medium,519,0
8986,황은서,F,21,Gold,전라,2024-12-14,Medium,660,0
8987,김지우,M,47,Silver,강원,2023-07-31,Medium,674,1
8988,최수빈,F,52,Bronze,세종,2020-09-22,Low,556,0
8989,강하은,F,62,Gold,충청,2022-12-19,Medium,691,0
8990,김수빈,M,69,Bronze,인천,2023-12-25,Medium,552,0
8991,윤채원,M,28,Silver,서울,2021-09-24,Medium,615,0
8992,오서연,F,29,Silver,충청,2023-03-11,Medium,683,0
8993,임은서,F,60,Gold,제주,2020-09-03,Medium,674,0
8994,조채원,M,69,Bronze,제주,2024-07-21,Low,447,0
8995,오예준,F,36,Gold,전라,2022-04-30,High,796,0
8996,권서윤,F,68,Bronze,세종,2020-02-20,Medium,539,0
8997,최지유,F,33,Silver,세종,2022-03-07,High,640,0
8998,윤은서,M,46,Bronze,제주,2023-06-03,Medium,559,0
8999,박서연,F,44,Bronze,부산,2021-08-05,Low,516,0
9000,신채원,M,60,Bronze,대구,2023-10-24,Medium,573,0
9001,임서연,M,31,Silver,인천,2023-04-02,High,705,0
9002,박서연,F,36,Silver,경기,2021-11-18,Medium,714,0
9003,김지유,F,40,Gold,세종,2024-12-09,High,811,0
9004,윤지유,M,61,Gold,대전,2022-07-25,High,791,0
9005,최선우,M,47,Silver,세종,2021-04-27,Low,611,0
9006,장은서,M,63,Bronze,세종,2020-11-05,Medium,589,0
9007,강서윤,M,42,Bronze,경기,2021-01-24,Medium,598,0
9008,오민준,M,31,Gold,제주,2023-03-30,Medium,685,0
9009,권민준,F,34,Gold,대구,2021-12-27,Medium,705,0
9010,장선우,M,31,Silver,충청,2022-06-24,Medium,626,0
9011,김지유,F,40,Silver,충청,2023-01-22,Low,655,1
9012,장지호,F,47,Bronze,서울,2024-01-22,Low,579,0
9013,황은서,M,65,Gold,강원,2020-08-16,High,698,0
9014,정서연,M,25,Silver,전라,2021-08-03,High,693,0
9015,신우진,M,41,Bronze,대전,2024-09-15,Low,610,1
9016,강우진,M,59,Silver,인천,2024-02-04,Medium,670,0
9017,장채원,F,54,Bronze,서울,2020-08-15,Medium,558,0
9018,정은서,M,65,Bronze,전라,2021-09-21,Medium,559,0
9019,강예준,F,55,Gold,제주,2023-11-09,High,766,0
9020,김지아,M,48,Bronze,광주,2023-02-12,Low,547,0
9021,최서연,M,34,Silver,서울,2021-03-16,Medium,631,0
9022,권도윤,F,23,Gold,대구,2023-10-21,Medium,686,0
9023,김채원,F,32,Bronze,세종,2021-05-22,Medium,609,0
9024,오지호,M,63,Gold,서울,2023-06-30,High,692,0
9025,임주원,F,62,Gold,서울,2020-08-11,High,775,0
9026,이예준,M,38,Silver,경기,2020-02-13,Low,581,1
9027,신주원,M,41,Bronze,제주,2024-12-10,Low,542,0
9028,강수빈,F,69,Gold,대전,2020-08-18,Medium,638,0
9029,최지유,F,54,Bronze,대구,2021-02-02,Medium,610,0
9030,김선우,F,48,Silver,인천,2023-09-17,Low,588,0
9031,최진우,M,46,Bronze,제주,2021-05-26,Low,533,0
9032,권도윤,F,68,Gold,대전,2022-11-18,Low,622,0
9033,신서연,M,45,Bronze,부산,2021-12-17,Low,601,0
9034,장은서,M,22,Bronze,대구,2020-07-10,Medium,516,0
9035,오서윤,M,59,Gold,세종,2020-06-20,High,755,0
9036,강수빈,M,23,Bronze,강원,2021-06-26,High,608,0
9037,신채원,M,30,Bronze,경상,2020-05-09,Medium,615,0
9038,황지아,F,69,Gold,강원,2022-08-01,Medium,630,0
9039,황지아,M,68,Bronze,충청,2022-11-02,High,615,1
9040,이우진,F,62,Bronze,세종,2023-12-17,Low,536,0
9041,최다은,F,31,Bronze,경기,2021-09-15,Low,491,0
9042,강지우,M,23,Bronze,대전,2024-06-23,High,631,0
9043,임진우,M,45,Gold,서울,2023-10-10,High,762,0
9044,조하은,F,56,Bronze,부산,2021-08-27,High,707,1
9045,최채원,M,58,Silver,전라,2024-04-20,Low,530,0
9046,오지유,M,34,Silver,제주,2022-11-15,Medium,692,0
9047,신도윤,F,20,Silver,광주,2020-10-28,Medium,649,0
9048,이도윤,F,20,Bronze,충청,2023-03-01,Medium,568,0
9049,한우진,F,46,Silver,충청,2022-07-11,High,708,0
9050,정지유,F,49,Gold,부산,2021-09-07,Medium,702,0
9051,황도윤,M,23,Gold,전라,2024-05-27,High,723,0
9052,황예준,F,69,Silver,인천,2023-01-14,Medium,566,1
9053,장지우,F,59,VIP,서울,2022-05-07,High,798,0
9054,신지아,M,20,Bronze,부산,2024-01-10,Low,465,0
9055,이우진,M,67,Gold,경기,2021-05-15,High,758,0
9056,조선우,F,57,Silver,대전,2022-12-22,Medium,630,0
9057,정선우,M,42,Bronze,충청,2024-07-02,Low,569,1
9058,김시우,M,64,Bronze,전라,2022-03-31,High,697,0
9059,임서연,F,68,Gold,제주,2023-12-07,High,726,0
9060,한예준,F,39,Gold,경기,2024-01-05,High,754,0
9061,김은서,M,43,Gold,서울,2021-04-14,High,795,0
9062,강하은,F,26,VIP,서울,2023-10-17,Medium,710,0
9063,조시우,F,34,Silver,강원,2023-04-01,High,678,1
9064,정시우,F,56,VIP,전라,2023-09-09,High,828,0
9065,한수아,F,52,Gold,대구,2020-08-12,Medium,778,0
9066,권주원,F,22,Bronze,대전,2023-09-10,Low,513,0
9067,박하은,F,32,Bronze,서울,2023-10-29,Low,596,0
9068,오다은,F,69,Silver,전라,2024-04-13,High,634,0
9069,윤은서,M,32,Bronze,부산,2020-03-07,Low,531,0
9070,한선우,M,69,Gold,서울,2023-11-14,High,710,0
9071,윤민준,F,38,Silver,세종,2020-05-23,Medium,670,0
9072,임민준,F,27,Bronze,충청,2020-07-20,Low,528,0
9073,황도윤,M,46,Bronze,서울,2022-04-28,Low,495,0
9074,윤민준,M,40,Bronze,충청,2020-09-08,Low,542,0
9075,이다은,F,35,Bronze,인천,2022-03-25,Low,489,0
9076,장지호,M,42,Bronze,강원,2023-04-30,Medium,682,0
9077,한수빈,F,34,Gold,강원,2021-12-29,High,738,0
9078,윤수빈,F,59,Bronze,서울,2021-10-20,Low,474,1
9079,황하은,M,47,Bronze,대전,2023-05-05,Low,567,0
9080,한도윤,M,69,Silver,대전,2024-09-22,Low,569,0
9081,조진우,F,56,Bronze,세종,2022-04-22,Low,471,1
9082,윤수빈,M,52,Bronze,경기,2022-03-30,Low,500,1
9083,이수아,F,57,Bronze,전라,2022-05-18,Medium,655,0
9084,권다은,M,33,Silver,대구,2020-07-13,High,712,0
9085,이지호,F,42,Silver,전라,2024-11-01,Medium,690,0
9086,한다은,F,59,Bronze,강원,2021-01-05,Low,522,0
9087,조민준,F,34,Bronze,서울,2020-09-01,Low,532,0
9088,박우진,M,61,Silver,서울,2021-05-20,Medium,637,0
9089,권우진,F,36,Silver,전라,2022-08-14,Medium,678,0
9090,한도윤,F,34,Bronze,경기,2021-10-21,Low,524,0
9091,임예준,M,63,Silver,서울,2022-07-05,Low,551,1
9092,정우진,F,66,Bronze,전라,2024-08-04,Low,492,1
9093,장도윤,F,57,Silver,경기,2023-11-06,Medium,591,1
9094,강선우,M,29,Silver,충청,2022-08-23,Medium,643,0
9095,조수아,M,24,Silver,충청,2022-11-30,Medium,617,1
9096,강은서,M,51,Silver,부산,2024-12-22,Low,589,0
9097,박수빈,F,59,Bronze,대전,2024-08-14,Low,537,1
9098,권지호,M,44,Silver,광주,2023-09-01,High,693,0
9099,황서윤,M,46,Gold,제주,2021-02-07,High,758,0
9100,오은서,F,23,Silver,서울,2024-01-19,Low,592,0
9101,박도윤,M,44,Bronze,세종,2023-10-27,Low,529,0
9102,이지유,F,56,Silver,서울,2023-06-09,Medium,568,0
9103,황주원,M,53,Silver,인천,2023-05-04,Medium,632,0
9104,윤예준,F,26,Bronze,대구,2022-01-02,Low,472,0
9105,한채원,M,53,Silver,서울,2020-06-13,Low,592,0
9106,이채원,M,43,Silver,충청,2020-08-03,Medium,672,0
9107,윤서윤,F,57,Silver,광주,2022-02-21,Medium,648,0
9108,장은서,F,33,Bronze,대구,2024-08-02,Medium,586,1
9109,이진우,F,31,Silver,세종,2021-04-21,Medium,668,0
9110,이지유,M,25,VIP,경상,2021-06-22,High,808,0
9111,김지아,F,34,Gold,제주,2020-03-15,High,734,0
9112,오다은,F,58,Gold,경기,2021-03-26,High,738,0
9113,한선우,F,46,Bronze,경상,2020-07-30,Low,489,1
9114,윤하은,M,51,Gold,대구,2020-06-24,Medium,732,0
9115,윤수빈,M,35,Gold,서울,2022-05-17,High,839,0
9116,윤예준,M,35,Silver,인천,2023-12-17,High,702,0
9117,박지우,F,59,Silver,전라,2022-09-30,Medium,634,0
9118,장서연,F,69,Bronze,광주,2023-11-16,High,580,1
9119,임시우,M,34,Bronze,경기,2020-07-07,Low,464,0
9120,김지유,M,63,Silver,대전,2024-05-28,Medium,617,0
9121,조민준,F,45,Silver,부산,2020-10-07,Low,652,0
9122,김진우,M,41,Silver,인천,2022-10-18,Low,608,1
9123,신채원,M,62,Silver,인천,2023-05-20,Medium,670,0
9124,강수아,F,40,Bronze,경기,2020-09-21,Medium,656,0
9125,장시우,M,23,Silver,경기,2022-12-08,Medium,603,0
9126,신서연,F,31,Silver,경상,2022-10-20,Medium,681,0
9127,박주원,M,69,Gold,부산,2023-10-02,Low,690,0
9128,한선우,M,52,Bronze,제주,2024-05-03,Low,511,0
9129,박진우,M,54,VIP,대구,2021-03-15,High,794,0
9130,박은서,M,34,Bronze,경기,2023-09-11,Medium,661,0
9131,이도윤,F,47,Bronze,세종,2021-04-30,Low,520,0
9132,박주원,F,62,Bronze,경상,2023-12-08,Low,515,0
9133,강은서,F,35,Gold,대전,2020-02-25,High,696,0
9134,김지우,M,26,Silver,광주,2020-01-22,Low,593,0
9135,권우진,F,65,Silver,인천,2021-11-05,Low,537,1
9136,황지유,F,61,Bronze,인천,2022-02-07,Low,513,0
9137,조진우,M,38,Bronze,부산,2020-12-31,Low,585,0
9138,박지호,M,20,Gold,세종,2021-03-06,High,727,0
9139,정지아,F,20,Bronze,서울,2021-07-13,Medium,530,0
9140,박서윤,F,66,Bronze,충청,2024-09-23,Medium,570,1
9141,박다은,M,37,Bronze,부산,2021-06-21,Low,539,0
9142,장시우,F,35,Bronze,세종,2022-02-24,Low,542,1
9143,장지우,F,63,Silver,충청,2021-09-21,Low,574,0
9144,윤지유,F,43,Silver,강원,2022-10-05,Medium,688,0
9145,한진우,F,26,Bronze,서울,2020-01-07,Low,516,0
9146,김채원,M,34,Silver,충청,2023-08-19,High,619,0
9147,신하은,M,62,Bronze,경상,2024-10-12,Low,498,1
9148,정진우,F,45,Bronze,대전,2023-10-07,Low,601,0
9149,오채원,M,31,Bronze,세종,2022-05-23,Low,497,1
9150,황수아,M,57,Silver,제주,2020-10-15,Medium,703,0
9151,오선우,F,50,Bronze,제주,2023-09-06,Medium,583,0
9152,오지아,M,47,Silver,대구,2023-04-05,Medium,653,0
9153,황서연,F,50,Bronze,광주,2021-07-10,Low,576,0
9154,임하은,F,62,VIP,인천,2020-11-17,Medium,803,0
9155,오수빈,F,62,Bronze,충청,2022-06-17,Low,494,0
9156,강민준,M,39,Silver,강원,2022-06-22,Medium,663,0
9157,신지유,F,37,Silver,서울,2020-05-02,Medium,555,0
9158,임서연,M,65,Gold,세종,2024-01-31,Medium,676,0
9159,임민준,M,39,Gold,세종,2021-07-04,Low,629,0
9160,박서윤,M,43,Silver,광주,2022-04-11,High,729,0
9161,임은서,M,67,Silver,충청,2023-05-16,Medium,688,0
9162,황지우,M,37,Gold,경기,2022-04-09,High,735,0
9163,조수아,F,43,Bronze,전라,2024-04-16,Low,525,0
9164,장지아,F,60,Silver,광주,2022-11-07,Low,556,0
9165,조민준,F,21,Bronze,제주,2021-10-21,Low,409,1
9166,오우진,M,56,Bronze,경기,2022-12-27,Low,461,0
9167,한하은,F,22,Silver,강원,2024-09-19,Medium,596,0
9168,이수빈,M,43,Silver,광주,2023-01-23,Low,516,1
9169,조수빈,M,63,Bronze,광주,2021-05-29,Low,492,1
9170,박하은,M,50,Bronze,제주,2024-12-11,Low,548,0
9171,박주원,F,35,Bronze,경상,2022-04-22,Low,550,0
9172,윤민준,M,35,Bronze,대구,2020-10-11,Low,504,1
9173,오도윤,M,37,Silver,경상,2024-02-27,High,652,0
9174,권채원,M,22,Silver,전라,2020-03-08,High,660,0
9175,이서연,F,25,Gold,광주,2022-11-10,Low,608,1
9176,임예준,M,28,Bronze,광주,2020-03-31,Low,508,0
9177,김하은,M,59,Silver,광주,2021-11-19,High,708,0
9178,박다은,M,28,Bronze,경기,2020-09-21,Medium,581,1
9179,윤진우,F,45,Bronze,대구,2020-04-03,Medium,656,0
9180,신민준,M,20,VIP,전라,2021-07-10,Low,740,0
9181,박도윤,F,22,Bronze,경상,2024-02-18,Medium,487,0
9182,신수빈,M,37,Bronze,세종,2022-02-26,Low,440,1
9183,정주원,F,59,Gold,경상,2024-03-19,Medium,696,0
9184,신지호,F,64,Bronze,대전,2022-02-21,Medium,562,0
9185,박채원,F,34,Bronze,경상,2020-06-13,Low,578,0
9186,한주원,F,54,Bronze,인천,2021-08-22,Medium,672,0
9187,장도윤,M,45,Silver,인천,2022-05-22,Medium,632,0
9188,신지아,F,31,Silver,광주,2021-06-28,Low,593,0
9189,장우진,M,27,Bronze,인천,2020-08-22,Low,515,0
9190,신선우,M,32,Gold,서울,2021-10-29,High,715,0
9191,박다은,F,25,Bronze,제주,2020-12-20,Medium,572,0
9192,강선우,M,21,Bronze,세종,2023-06-02,Low,483,0
9193,한지우,F,63,Silver,전라,2024-02-25,Medium,615,0
9194,한선우,F,28,Bronze,광주,2023-11-01,Low,476,0
9195,강선우,M,33,Bronze,경기,2020-11-02,High,632,0
9196,오은서,F,52,Silver,제주,2023-03-12,Low,692,0
9197,박지호,M,50,Bronze,경상,2023-02-02,Low,582,0
9198,강진우,M,58,VIP,부산,2020-04-21,High,833,0
9199,이예준,F,62,Bronze,인천,2024-03-10,High,553,0
9200,임서연,F,52,Bronze,대구,2020-01-03,Medium,566,0
9201,한지우,F,63,VIP,경기,2024-07-14,High,795,0
9202,한채원,M,52,Silver,강원,2023-07-24,High,704,0
9203,최지유,M,57,Bronze,대구,2024-10-23,High,608,0
9204,신다은,M,49,Silver,충청,2021-01-31,Medium,648,0
9205,강채원,M,32,Silver,부산,2024-10-17,High,631,0
9206,신지유,F,39,Bronze,전라,2020-06-03,Low,602,0
9207,김수빈,F,41,Silver,부산,2021-06-20,High,708,0
9208,황채원,F,21,Bronze,경상,2021-03-05,Low,455,0
9209,황서연,F,43,Bronze,경상,2022-08-05,Low,524,0
9210,신수빈,F,21,Bronze,경상,2021-05-24,Low,538,0
9211,신민준,F,36,Gold,제주,2021-03-24,Low,666,0
9212,윤다은,M,26,Bronze,전라,2024-10-16,Low,511,0
9213,한선우,F,66,Gold,제주,2022-07-18,Medium,702,1
9214,권우진,M,67,Gold,부산,2022-02-03,Low,652,0
9215,오수아,F,46,Gold,부산,2023-06-19,High,867,0
9216,신우진,F,32,VIP,경기,2021-11-30,High,901,0
9217,박우진,M,26,Silver,경상,2023-09-18,Medium,676,0
9218,오도윤,M,61,Silver,제주,2023-03-07,Medium,631,0
9219,장하은,M,66,Silver,경기,2023-02-16,Medium,531,0
9220,강서연,M,23,Gold,강원,2024-09-06,Medium,708,0
9221,오수아,M,22,Gold,서울,2023-02-26,High,746,0
9222,조지호,M,45,Silver,서울,2022-07-11,High,758,0
9223,김다은,M,64,Silver,대구,2024-06-10,Low,536,0
9224,이서연,M,33,Gold,제주,2021-05-08,Medium,676,0
9225,한선우,M,37,Silver,대전,2020-01-05,High,798,0
9226,황시우,M,33,Silver,경상,2024-01-10,Medium,631,1
9227,윤우진,M,39,Bronze,충청,2024-03-23,Low,524,1
9228,김하은,F,37,Gold,경기,2020-08-01,Low,673,0
9229,조다은,M,42,Bronze,인천,2023-11-05,High,615,0
9230,강지아,M,67,Gold,광주,2023-10-02,High,734,0
9231,강지유,F,58,Gold,전라,2023-01-30,High,769,0
9232,이시우,F,59,Silver,강원,2023-06-14,Medium,606,0
9233,한수빈,F,36,Bronze,부산,2024-08-09,Low,485,0
9234,이채원,M,31,Bronze,충청,2020-10-18,Medium,553,0
9235,황선우,M,24,Bronze,서울,2022-07-08,Medium,466,0
9236,박하은,F,27,Gold,대전,2022-08-09,Low,635,0
9237,김지호,F,69,Silver,광주,2021-12-28,Medium,628,0
9238,한민준,M,69,Silver,경상,2022-03-12,Medium,614,0
9239,황진우,M,62,Silver,대구,2024-04-21,Low,683,0
9240,장수아,M,36,Gold,서울,2020-03-25,Medium,740,0
9241,김선우,F,28,Bronze,충청,2022-08-16,Low,476,1
9242,최수아,M,27,Gold,광주,2022-05-01,Medium,732,0
9243,박주원,F,25,Bronze,경상,2023-11-10,Medium,560,0
9244,한지우,F,49,Bronze,인천,2023-06-09,High,607,1
9245,신채원,M,37,Silver,대전,2020-06-27,Medium,654,0
9246,오선우,M,23,Silver,전라,2023-04-15,Low,578,0
9247,권지우,M,51,Silver,서울,2021-06-28,Low,611,0
9248,최주원,M,40,Gold,서울,2021-01-29,Medium,696,0
9249,이다은,F,52,Gold,경상,2022-04-16,Medium,745,0
9250,이수빈,M,49,Gold,충청,2024-10-06,Medium,805,0
9251,정다은,F,32,Bronze,세종,2024-06-22,Low,587,0
9252,조시우,F,66,Silver,대전,2020-02-17,Low,548,0
9253,이도윤,F,66,Bronze,대구,2020-08-02,Medium,524,0
9254,박수빈,M,34,Silver,경상,2023-01-25,High,676,0
9255,장선우,F,28,Bronze,부산,2023-10-12,Medium,574,1
9256,이수아,M,65,Silver,강원,2022-10-07,Medium,641,0
9257,윤우진,M,40,Silver,강원,2023-07-24,Medium,623,0
9258,최은서,F,51,Silver,광주,2023-06-23,Medium,700,0
9259,정시우,M,29,Bronze,서울,2024-04-24,Low,534,1
9260,정지유,M,48,Silver,서울,2023-12-03,High,733,0
9261,신지아,F,56,Bronze,광주,2020-04-20,Medium,539,1
9262,최채원,M,48,Bronze,강원,2020-11-28,Low,464,1
9263,정민준,F,52,Bronze,광주,2023-03-13,Medium,533,0
9264,이도윤,F,29,Silver,충청,2021-11-09,Medium,677,0
9265,정채원,F,33,Silver,강원,2023-03-02,Medium,629,0
9266,황민준,M,37,Silver,대전,2020-05-01,Low,579,0
9267,신지유,M,28,Bronze,대전,2024-02-13,Medium,589,0
9268,이우진,M,41,Gold,대전,2021-07-02,Medium,725,0
9269,임지호,M,66,Bronze,세종,2024-02-21,Low,522,1
9270,정선우,M,65,Bronze,인천,2024-05-30,Low,483,0
9271,정민준,M,40,Silver,강원,2020-07-30,Medium,704,0
9272,오진우,F,20,Bronze,대구,2023-06-10,Low,451,1
9273,조수아,M,50,Silver,부산,2022-04-10,High,725,0
9274,신다은,F,28,Silver,대전,2024-11-11,Low,553,0
9275,강서윤,F,37,Gold,충청,2023-10-23,Medium,716,0
9276,강지우,F,39,Gold,세종,2020-07-04,Medium,664,0
9277,황하은,F,53,Silver,충청,2024-11-07,Medium,582,0
9278,조우진,F,64,Silver,전라,2021-10-03,Low,542,0
9279,김도윤,M,49,Silver,제주,2023-08-09,Low,617,0
9280,정은서,F,65,Gold,경기,2023-12-26,High,700,0
9281,이민준,F,61,Gold,충청,2023-10-30,High,814,0
9282,최다은,M,57,Gold,대전,2024-08-16,Medium,665,0
9283,임지유,M,61,Silver,제주,2022-08-25,Low,591,0
9284,오하은,M,68,Bronze,광주,2024-08-20,Medium,569,0
9285,김다은,F,26,Silver,전라,2024-06-20,Medium,625,0
9286,장예준,F,36,Bronze,대전,2024-06-12,High,645,0
9287,신지호,F,22,Bronze,세종,2022-12-24,Low,502,0
9288,이서윤,M,68,Bronze,서울,2024-09-15,Low,449,0
9289,한주원,M,48,Bronze,대구,2024-12-13,Low,501,0
9290,장선우,F,22,Silver,대구,2023-03-18,High,692,0
9291,김다은,M,21,Bronze,세종,2023-11-27,Low,450,1
9292,최지우,M,42,VIP,서울,2024-05-14,Medium,768,0
9293,정우진,F,41,Silver,경상,2020-01-04,Low,572,0
9294,강시우,M,31,Gold,대전,2020-01-18,Medium,712,0
9295,임시우,M,69,Silver,인천,2023-04-12,Medium,558,1
9296,이도윤,M,56,Bronze,광주,2023-03-20,Low,481,1
9297,신주원,M,52,Silver,대구,2023-01-17,Low,641,0
9298,임민준,F,25,Bronze,광주,2024-12-25,Medium,601,1
9299,조우진,M,22,Bronze,대구,2021-11-26,Low,469,0
9300,오시우,M,22,Silver,대구,2021-05-20,Medium,535,0
9301,조채원,F,51,Bronze,서울,2021-11-12,Medium,524,0
9302,조하은,M,68,Bronze,전라,2023-10-10,Low,492,1
9303,임지유,F,64,Gold,경기,2021-04-01,High,677,0
9304,장다은,F,30,Silver,인천,2024-01-22,Medium,638,0
9305,권채원,F,32,Bronze,경상,2020-05-30,Low,431,0
9306,박지우,M,35,Bronze,경기,2022-06-27,Medium,612,0
9307,이우진,M,61,Bronze,강원,2024-08-31,High,638,0
9308,황지아,M,53,Bronze,세종,2021-06-01,Low,540,1
9309,최시우,F,48,VIP,세종,2024-12-23,High,830,0
9310,김서윤,M,44,Bronze,대전,2024-07-08,Low,554,0
9311,임시우,F,65,Bronze,경기,2024-04-23,Low,525,1
9312,최진우,F,32,Silver,인천,2020-07-31,High,706,0
9313,황지호,F,25,Bronze,광주,2023-08-31,Medium,624,0
9314,한민준,F,52,Bronze,대전,2024-06-03,Low,524,0
9315,장지우,M,69,Silver,경기,2020-09-13,Low,488,0
9316,조진우,M,31,Gold,제주,2021-06-07,Medium,667,0
9317,강채원,F,33,Gold,대전,2023-02-10,Low,654,0
9318,이하은,F,27,Silver,대전,2023-04-10,Medium,639,0
9319,박지호,M,64,Gold,인천,2021-08-12,Medium,709,0
9320,김주원,M,51,Gold,세종,2022-10-05,High,833,0
9321,황수아,M,31,Gold,인천,2020-09-04,Medium,731,0
9322,강지우,M,37,Bronze,강원,2021-09-16,Low,530,0
9323,오하은,M,28,Bronze,인천,2021-11-09,Medium,607,1
9324,강서연,F,39,Gold,세종,2023-11-26,Medium,758,0
9325,최예준,M,50,Bronze,경기,2024-08-27,Medium,582,1
9326,최주원,F,69,Silver,세종,2023-07-27,Low,503,0
9327,조주원,F,63,Gold,경상,2021-08-01,High,764,0
9328,박은서,M,31,Gold,부산,2023-04-13,High,777,0
9329,한수빈,M,22,VIP,서울,2024-04-17,High,856,0
9330,최예준,F,47,Silver,전라,2020-05-06,Low,654,1
9331,한은서,F,69,Gold,강원,2023-10-14,High,760,1
9332,강다은,M,28,Bronze,전라,2022-03-22,Medium,579,0
9333,박지유,F,29,Gold,부산,2022-09-04,High,777,0
9334,한수빈,F,41,Bronze,부산,2020-07-10,Low,438,0
9335,김지아,F,68,Bronze,제주,2020-03-22,Low,481,0
9336,윤서윤,F,67,Gold,인천,2022-10-31,Medium,684,0
9337,정지유,M,68,Bronze,전라,2020-10-27,Low,472,0
9338,황수빈,F,63,Bronze,서울,2020-10-12,Low,489,0
9339,임진우,F,52,Silver,충청,2022-09-03,High,722,0
9340,조지아,M,49,Gold,경상,2023-01-28,High,790,0
9341,이수빈,F,61,Silver,충청,2024-08-12,Low,561,1
9342,권선우,F,30,Gold,대전,2024-11-15,High,786,0
9343,이서연,F,42,Silver,세종,2024-02-16,Medium,659,0
9344,오수아,F,26,Gold,대구,2020-11-26,Medium,685,0
9345,장은서,M,44,Silver,충청,2021-12-16,Medium,657,0
9346,김수아,F,45,Silver,충청,2022-10-06,High,678,0
9347,조시우,M,50,Bronze,제주,2022-03-20,Low,531,0
9348,윤주원,F,57,Gold,서울,2020-04-12,High,723,0
9349,장예준,F,32,Silver,인천,2020-06-11,Medium,595,1
9350,이지우,F,46,Bronze,경기,2022-08-28,Medium,575,1
9351,최다은,F,26,Gold,서울,2024-05-21,Low,708,0
9352,강지호,M,33,Gold,충청,2020-03-22,High,851,0
9353,한우진,F,35,Silver,인천,2022-09-13,Low,631,0
9354,김서윤,M,59,Gold,인천,2023-10-29,High,802,0
9355,조지아,F,61,Silver,대전,2024-11-07,Medium,667,0
9356,최지호,F,60,Silver,강원,2023-12-17,Medium,681,0
9357,오시우,M,43,Gold,서울,2024-05-14,High,829,0
9358,한선우,M,44,Gold,세종,2021-09-15,Medium,731,0
9359,오예준,F,59,Silver,경기,2022-11-18,Low,607,0
9360,강예준,F,49,Gold,광주,2021-05-19,Low,656,0
9361,강지유,F,45,VIP,광주,2023-04-17,Medium,822,0
9362,박도윤,M,46,Bronze,충청,2020-09-07,Low,579,0
9363,권민준,F,54,Bronze,부산,2020-07-29,Low,498,0
9364,강서연,M,36,Bronze,부산,2021-11-03,Low,495,0
9365,김예준,F,25,Silver,광주,2020-11-19,Low,596,0
9366,오예준,M,27,Bronze,서울,2020-01-31,Low,449,0
9367,장지호,M,67,Gold,충청,2020-06-11,High,745,0
9368,오서윤,F,58,Silver,대구,2020-05-05,Medium,652,0
9369,박다은,M,37,Bronze,충청,2023-06-03,Low,497,0
9370,임수빈,M,63,Gold,광주,2022-12-09,Medium,704,0
9371,강도윤,M,32,Bronze,대전,2024-06-12,Medium,663,0
9372,최지유,F,49,Bronze,광주,2020-05-28,Medium,621,0
9373,오서윤,F,32,Silver,전라,2023-04-15,Low,571,0
9374,박시우,M,23,Bronze,인천,2020-02-03,Low,500,1
9375,한서연,M,67,Bronze,대전,2021-03-29,Medium,593,0
9376,윤지유,F,44,Bronze,대구,2023-06-25,Medium,633,0
9377,권진우,M,32,VIP,세종,2024-08-17,High,847,0
9378,이서연,F,56,Bronze,강원,2023-01-13,High,605,0
9379,정서연,F,32,Bronze,인천,2020-06-07,Low,520,0
9380,오하은,F,58,Gold,강원,2020-11-28,High,801,0
9381,최선우,M,43,Bronze,충청,2022-06-22,High,631,0
9382,강지아,M,35,Gold,강원,2020-08-09,High,775,0
9383,한수아,M,22,Gold,경상,2021-11-12,Medium,633,0
9384,권시우,F,34,Silver,제주,2023-08-04,Low,551,1
9385,임시우,M,41,Bronze,경기,2021-01-30,Low,583,0
9386,임민준,F,32,Bronze,세종,2021-11-19,Medium,513,0
9387,이진우,M,25,Bronze,충청,2021-08-26,Low,509,0
9388,이지우,F,28,Bronze,대구,2023-11-04,Medium,566,0
9389,권다은,F,21,Gold,강원,2024-12-18,Medium,696,0
9390,강지아,F,46,Gold,세종,2021-12-31,Medium,783,0
9391,한주원,M,30,Gold,경상,2024-11-14,Medium,646,0
9392,윤지우,F,40,Bronze,전라,2022-12-14,Medium,649,0
9393,김서연,F,40,Gold,대전,2024-05-08,High,809,0
9394,윤수빈,M,48,Gold,경상,2024-06-29,Low,625,0
9395,김서윤,M,39,Gold,세종,2020-10-02,High,712,0
9396,박수아,F,28,Gold,인천,2022-11-12,High,710,0
9397,정지우,M,48,Gold,인천,2024-02-04,High,805,0
9398,황민준,F,29,Gold,인천,2021-08-06,Low,680,0
9399,정시우,F,37,Gold,광주,2020-07-26,High,824,0
9400,장주원,M,42,Silver,제주,2022-12-18,High,644,0
9401,오서윤,F,68,Gold,충청,2023-08-21,Medium,669,0
9402,오진우,M,32,Gold,제주,2024-02-04,High,787,0
9403,최서윤,M,69,Bronze,부산,2020-11-07,Low,515,1
9404,신예준,M,45,Bronze,광주,2022-03-02,High,665,0
9405,윤선우,F,28,Bronze,경기,2021-04-02,Low,527,0
9406,권서연,F,23,Gold,제주,2020-12-09,Medium,575,0
9407,최민준,M,67,Bronze,강원,2023-09-22,Medium,603,0
9408,황지유,F,34,Silver,부산,2020-06-12,Medium,562,0
9409,신주원,M,49,Bronze,부산,2023-02-12,Low,512,0
9410,조민준,M,33,Gold,대전,2024-10-26,Medium,746,0
9411,강진우,M,44,Silver,서울,2020-10-06,Medium,700,0
9412,황선우,M,21,Silver,광주,2020-10-04,Low,576,0
9413,박지우,F,42,Gold,인천,2020-07-31,Medium,781,0
9414,오시우,F,25,Gold,부산,2021-07-22,High,745,0
9415,임하은,F,68,Silver,대전,2020-04-14,Low,582,0
9416,신지호,M,62,Silver,강원,2021-07-07,Medium,710,0
9417,권예준,F,50,Silver,경기,2020-03-02,Low,643,0
9418,최서윤,M,48,Bronze,인천,2022-01-15,Low,488,1
9419,조은서,F,47,Bronze,인천,2023-02-08,Medium,586,0
9420,임지호,F,54,Bronze,제주,2020-02-24,Low,520,1
9421,김수아,F,47,Silver,광주,2023-01-03,High,625,0
9422,윤주원,F,69,Bronze,전라,2023-06-17,Low,455,1
9423,오지유,M,45,Silver,대구,2023-08-07,Medium,616,0
9424,윤수아,M,43,Silver,대구,2021-04-16,Medium,661,0
9425,오지우,M,36,Bronze,제주,2021-06-02,Medium,618,0
9426,황하은,M,56,Bronze,경상,2024-05-17,Low,619,0
9427,오채원,M,27,Gold,부산,2022-09-29,High,717,0
9428,박서연,F,51,Bronze,세종,2023-09-12,Medium,615,0
9429,박선우,M,52,Gold,전라,2023-04-22,Medium,710,1
9430,이민준,M,53,Bronze,경기,2021-01-02,High,598,0
9431,박시우,F,45,Bronze,부산,2020-04-30,Medium,523,0
9432,강진우,M,51,Bronze,서울,2021-02-15,Medium,620,0
9433,신지호,M,29,Silver,충청,2024-11-11,Medium,646,0
9434,신수빈,F,22,Bronze,제주,2021-10-14,High,580,0
9435,임수아,F,27,Bronze,서울,2021-04-22,Low,491,0
9436,오지호,M,69,Gold,서울,2021-02-23,Medium,728,0
9437,박수빈,F,64,Bronze,강원,2023-09-17,Low,522,0
9438,권예준,F,20,Bronze,대구,2023-12-09,Low,454,1
9439,한지아,F,43,Silver,충청,2024-01-01,High,747,0
9440,강수아,M,60,Silver,대구,2021-05-18,Medium,616,0
9441,강채원,F,60,Gold,세종,2021-02-20,High,781,0
9442,김시우,M,31,Gold,대전,2020-08-29,Medium,658,0
9443,신주원,M,37,Bronze,세종,2023-03-21,Medium,538,0
9444,최우진,F,28,Silver,경기,2023-08-23,Low,658,0
9445,김은서,F,55,Gold,대전,2023-05-29,Medium,790,0
9446,조지아,M,23,Bronze,경상,2024-07-13,Low,455,0
9447,윤도윤,M,62,Silver,제주,2022-08-30,Medium,736,0
9448,이서연,M,47,Silver,강원,2023-01-24,Medium,651,0
9449,이진우,F,50,Silver,세종,2024-10-25,Low,589,1
9450,박주원,F,22,Silver,대전,2024-10-21,Medium,633,0
9451,강지유,M,41,Bronze,서울,2021-05-21,Low,567,0
9452,박지아,F,41,Gold,대전,2022-04-20,Medium,780,0
9453,김서윤,F,46,Gold,대구,2024-07-20,High,773,0
9454,신다은,F,40,Bronze,광주,2022-11-21,Medium,672,0
9455,황선우,M,25,Bronze,세종,2020-02-02,Low,483,0
9456,박은서,F,45,Silver,부산,2020-01-07,Medium,697,0
9457,한지아,M,66,Silver,제주,2021-09-05,Low,510,0
9458,신다은,M,64,Silver,세종,2024-03-02,Low,557,0
9459,오채원,M,52,Bronze,전라,2024-01-19,Low,544,0
9460,이지유,F,64,Bronze,경상,2023-12-05,Low,494,0
9461,임지아,M,45,Bronze,경상,2021-03-18,Medium,655,0
9462,신선우,F,29,Bronze,제주,2021-06-13,Low,505,0
9463,장수빈,M,56,Bronze,경상,2024-08-30,Low,522,1
9464,윤서윤,M,60,Bronze,인천,2021-04-09,Low,472,0
9465,임수아,M,30,VIP,경기,2024-06-18,Medium,778,0
9466,조지우,F,39,Bronze,대구,2020-01-01,Low,544,1
9467,김수아,F,28,Bronze,대구,2022-07-27,Medium,589,1
9468,조진우,F,63,Bronze,서울,2021-10-14,Low,537,1
9469,박우진,M,21,Silver,충청,2023-05-18,High,620,0
9470,강도윤,F,44,Silver,인천,2020-10-23,Medium,664,0
9471,한수빈,M,48,Bronze,충청,2022-08-03,Low,607,0
9472,임민준,M,37,Bronze,충청,2024-02-08,Low,518,0
9473,한서연,F,25,Bronze,강원,2021-08-01,Low,489,0
9474,권지호,M,69,Bronze,제주,2023-08-26,Low,476,1
9475,윤서윤,F,68,Silver,경기,2023-08-11,High,697,0
9476,신예준,F,48,Bronze,경기,2021-04-15,Medium,624,0
9477,강지유,M,56,Silver,전라,2020-09-26,Medium,601,0
9478,권서연,M,32,Bronze,경상,2022-02-14,Low,533,0
9479,오주원,M,55,Bronze,제주,2024-08-21,Low,591,0
9480,박서연,F,28,Silver,경상,2022-10-09,Medium,648,0
9481,장예준,M,59,Gold,세종,2024-01-04,High,774,0
9482,오우진,M,26,Gold,전라,2020-04-04,Medium,654,0
9483,권수빈,F,62,VIP,대구,2021-05-17,High,779,0
9484,정하은,M,53,Silver,광주,2022-05-17,Medium,655,0
9485,권예준,F,31,Bronze,경기,2023-06-16,Low,511,0
9486,이민준,F,40,Bronze,강원,2022-03-18,High,679,0
9487,황채원,M,54,Bronze,인천,2021-08-03,High,577,0
9488,임지우,F,55,Gold,제주,2023-10-02,Low,683,0
9489,최다은,F,25,Silver,대전,2023-12-17,High,669,0
9490,한우진,F,25,Silver,광주,2022-07-12,Medium,614,1
9491,윤지아,F,43,Gold,강원,2021-04-20,High,805,0
9492,정지유,M,45,Silver,부산,2021-03-12,Medium,719,0
9493,권은서,F,46,Silver,인천,2021-07-19,High,730,0
9494,강은서,F,36,Silver,대구,2022-12-02,Low,706,1
9495,장지유,M,29,Silver,인천,2021-09-09,Medium,621,0
9496,최채원,M,61,Bronze,전라,2020-12-04,Medium,638,0
9497,한도윤,M,26,Bronze,대구,2023-12-19,Low,557,0
9498,권시우,M,20,Bronze,서울,2022-03-10,Low,489,1
9499,오하은,M,29,VIP,전라,2020-08-09,High,863,0
9500,황지우,M,64,VIP,광주,2022-01-30,Medium,806,0
9501,권은서,M,61,Bronze,부산,2023-04-06,Low,533,0
9502,오은서,F,67,Bronze,제주,2020-03-18,Low,424,0
9503,박하은,M,41,Silver,전라,2020-11-25,High,690,0
9504,강서윤,F,36,Silver,서울,2022-06-21,Medium,619,0
9505,임진우,F,37,Silver,전라,2022-02-01,High,782,0
9506,김수빈,F,60,Bronze,경상,2024-12-03,Medium,643,0
9507,김다은,M,26,Bronze,부산,2020-01-08,Medium,602,1
9508,최시우,F,27,Silver,부산,2022-03-06,Low,568,0
9509,박지아,M,32,Silver,서울,2020-09-09,Low,504,0
9510,김은서,M,51,Silver,인천,2023-11-01,Low,619,1
9511,오예준,M,64,Silver,대전,2023-01-29,Low,491,0
9512,박진우,M,22,Gold,대전,2020-10-06,Medium,703,0
9513,조은서,F,50,Bronze,강원,2021-02-01,Medium,600,0
9514,권지유,M,55,Gold,대구,2020-03-08,Medium,778,0
9515,권다은,M,39,Silver,대구,2020-03-27,High,747,0
9516,조민준,M,29,Silver,인천,2021-06-03,Medium,600,0
9517,윤지아,F,46,Silver,제주,2023-03-12,Medium,619,0
9518,정다은,M,48,Gold,대구,2022-06-05,High,783,0
9519,임진우,F,57,Silver,대전,2022-12-15,Low,589,0
9520,강민준,F,50,Gold,인천,2021-04-17,High,795,0
9521,강서윤,M,33,Silver,충청,2023-05-22,Low,615,0
9522,황다은,F,69,Bronze,서울,2020-10-09,Low,368,1
9523,황수빈,M,54,Bronze,부산,2024-04-25,Medium,637,0
9524,황주원,M,28,Gold,대전,2023-07-14,High,869,0
9525,최우진,F,26,Silver,대구,2023-04-10,Medium,628,0
9526,조다은,M,67,Bronze,세종,2024-12-11,Medium,578,0
9527,최은서,F,25,Bronze,대전,2020-08-25,Low,478,1
9528,최진우,F,49,Silver,전라,2021-01-31,Low,607,0
9529,오우진,F,26,Silver,부산,2021-08-16,Medium,609,0
9530,조다은,M,61,Bronze,광주,2021-01-19,Low,524,0
9531,최민준,M,33,Silver,경기,2022-02-18,High,714,0
9532,한다은,M,58,Silver,서울,2020-06-05,Low,549,0
9533,강지유,M,45,Gold,대구,2020-04-20,Medium,699,0
9534,오수아,F,35,Gold,대구,2023-05-14,High,847,0
9535,한시우,F,49,Gold,충청,2022-05-19,Medium,714,0
9536,임수빈,M,41,Gold,대전,2020-06-12,Low,624,0
9537,이우진,M,51,Bronze,대구,2024-06-16,Low,518,1
9538,최민준,F,56,Bronze,대전,2023-10-12,Low,510,0
9539,한지호,M,26,Gold,제주,2020-09-20,Low,604,0
9540,조예준,M,40,Gold,대전,2020-06-11,High,768,0
9541,최지아,F,65,Gold,충청,2020-10-06,High,748,0
9542,김채원,F,53,Bronze,인천,2023-02-23,Medium,659,0
9543,김진우,F,44,Gold,강원,2020-06-16,Medium,770,0
9544,한채원,M,47,Bronze,제주,2023-02-04,Low,522,0
9545,정진우,M,64,Silver,충청,2023-06-30,Low,582,0
9546,최민준,M,63,Silver,경상,2022-05-29,Low,565,0
9547,조도윤,F,50,Bronze,대전,2023-04-18,Medium,598,0
9548,황도윤,M,30,Silver,광주,2020-01-16,Low,555,0
9549,조도윤,F,48,VIP,경상,2022-05-05,Medium,768,0
9550,임수빈,F,54,Silver,전라,2020-05-27,Medium,597,0
9551,장지아,M,37,Silver,대전,2022-12-14,Low,578,0
9552,윤수아,F,58,Silver,강원,2024-05-12,Medium,665,0
9553,장우진,M,36,Silver,경상,2023-04-04,Low,611,0
9554,이도윤,F,30,Gold,강원,2024-07-05,High,747,0
9555,권서윤,M,63,Bronze,서울,2022-08-23,Medium,613,0
9556,신지유,M,37,Bronze,전라,2020-01-15,Medium,587,0
9557,윤지아,M,29,Bronze,광주,2022-10-06,Medium,541,0
9558,장서연,F,45,Silver,대구,2022-05-02,Low,560,0
9559,최지우,F,26,Silver,제주,2023-04-29,Medium,609,0
9560,황민준,M,64,Silver,세종,2024-02-23,High,687,0
9561,임선우,F,53,Silver,강원,2020-04-10,Low,570,0
9562,장수빈,F,34,VIP,대구,2022-05-25,High,845,0
9563,오주원,M,21,Silver,서울,2023-09-12,High,640,0
9564,한채원,F,32,Silver,충청,2024-06-13,High,670,0
9565,권다은,F,24,Bronze,인천,2024-04-23,Low,485,1
9566,박지유,M,61,Gold,서울,2020-12-13,Low,618,0
9567,임민준,F,50,Silver,세종,2022-12-24,Low,617,0
9568,신지아,F,35,Bronze,인천,2022-10-24,Low,571,0
9569,강다은,F,69,Silver,서울,2022-05-22,Low,524,0
9570,임예준,F,42,Gold,충청,2022-11-09,High,824,0
9571,이다은,F,57,Bronze,대전,2024-12-19,Medium,527,0
9572,강채원,M,21,Bronze,세종,2024-12-26,Low,500,0
9573,강주원,F,49,Bronze,대전,2022-02-18,Low,545,0
9574,황민준,M,48,Gold,제주,2024-12-10,High,788,0
9575,신채원,F,24,Bronze,광주,2021-10-02,Low,428,0
9576,황지우,M,36,Bronze,서울,2021-01-06,Low,545,1
9577,임은서,M,45,Silver,대전,2023-07-03,Low,543,0
9578,권주원,F,38,Bronze,인천,2023-09-26,Low,559,0
9579,김지유,M,33,Gold,제주,2020-12-23,Medium,714,0
9580,황서윤,M,58,Bronze,경상,2022-05-29,Low,562,0
9581,오주원,M,21,Silver,대전,2024-09-21,Medium,638,0
9582,장서연,M,55,Gold,인천,2022-08-07,Low,642,0
9583,오다은,F,63,Gold,제주,2022-11-18,Medium,710,0
9584,한민준,F,42,Gold,충청,2024-10-05,Low,674,0
9585,한은서,M,67,Silver,세종,2020-07-09,Medium,612,1
9586,장하은,M,21,Bronze,부산,2024-09-30,Medium,633,0
9587,권다은,F,43,Bronze,인천,2022-06-26,Low,570,0
9588,최선우,M,39,Bronze,전라,2023-01-17,Medium,609,0
9589,장은서,F,26,Silver,제주,2022-03-03,Medium,580,0
9590,장채원,F,49,Silver,광주,2023-11-26,Low,627,0
9591,윤서윤,M,32,Silver,대전,2024-10-28,Medium,623,1
9592,윤다은,M,23,Bronze,전라,2020-11-17,High,545,0
9593,조시우,M,27,Silver,전라,2021-08-27,Medium,596,0
9594,장선우,F,52,Silver,세종,2023-01-07,Medium,673,0
9595,박시우,F,58,Silver,경기,2023-07-13,Medium,617,0
9596,최지호,M,51,Bronze,세종,2021-03-13,High,674,0
9597,박수빈,M,42,Bronze,서울,2021-07-24,Low,592,0
9598,박진우,M,65,Silver,경기,2023-10-20,Medium,607,0
9599,황지아,F,25,Bronze,제주,2023-01-22,Medium,435,1
9600,김선우,M,67,Silver,제주,2020-07-25,Low,534,0
9601,오도윤,F,29,Bronze,강원,2024-02-27,Medium,579,0
9602,한채원,F,38,Gold,세종,2020-08-24,High,881,0
9603,장은서,M,33,Bronze,충청,2023-07-06,Low,470,0
9604,장은서,F,31,Bronze,부산,2024-08-19,Low,510,1
9605,한우진,F,67,Silver,광주,2020-09-16,Medium,599,0
9606,윤하은,M,62,Bronze,강원,2023-10-27,Low,439,0
9607,최우진,F,67,Silver,경기,2024-05-19,High,664,0
9608,정다은,M,56,Silver,부산,2021-12-18,Low,577,1
9609,오주원,F,69,Gold,경기,2022-11-18,Medium,660,0
9610,권다은,F,52,Gold,충청,2024-06-29,Medium,753,0
9611,이우진,F,34,Gold,경상,2020-09-23,High,794,0
9612,황진우,F,52,Bronze,부산,2022-06-25,Low,513,0
9613,박시우,F,27,Bronze,경기,2020-04-07,Low,452,1
9614,이지호,M,57,Bronze,충청,2022-08-16,Low,506,0
9615,강서윤,F,60,Bronze,전라,2023-05-20,Medium,551,0
9616,박선우,M,32,Silver,대전,2021-03-24,Medium,657,0
9617,최지호,M,22,Bronze,대전,2022-05-12,Low,496,0
9618,조수빈,F,34,Gold,부산,2024-04-07,Medium,731,0
9619,신시우,F,62,Silver,강원,2020-11-05,Medium,614,0
9620,한하은,F,45,Gold,충청,2022-11-28,Low,647,0
9621,이민준,M,66,Bronze,강원,2023-08-02,Medium,580,0
9622,김진우,F,50,Gold,광주,2024-10-10,Low,716,0
9623,최지우,F,29,Silver,강원,2023-12-31,Medium,582,0
9624,황지호,M,62,Silver,인천,2024-09-05,Medium,634,1
9625,김시우,M,58,Silver,부산,2020-06-25,Medium,694,0
9626,강채원,M,57,Silver,전라,2024-05-27,Medium,683,0
9627,조도윤,F,43,Bronze,전라,2021-12-15,Low,633,0
9628,윤서윤,F,52,Bronze,부산,2024-07-07,Low,536,0
9629,장주원,F,66,Bronze,경상,2024-07-14,Low,522,1
9630,임지우,F,38,Bronze,경기,2023-02-18,Low,533,1
9631,이서윤,M,23,Gold,전라,2024-03-03,Low,671,0
9632,최예준,F,58,VIP,인천,2020-01-09,High,839,0
9633,임우진,M,66,Silver,인천,2020-08-01,High,628,0
9634,오민준,M,69,Silver,강원,2020-05-31,Low,590,0
9635,박수빈,M,35,Silver,인천,2023-01-15,Low,578,0
9636,윤수빈,F,50,Bronze,경상,2021-02-14,Low,591,0
9637,최지유,F,20,Gold,서울,2020-02-09,High,692,0
9638,박지아,M,61,Silver,세종,2022-05-08,Medium,669,0
9639,오우진,M,40,Silver,경상,2020-08-17,Medium,654,0
9640,장서연,F,64,Silver,경기,2021-12-18,High,696,0
9641,김하은,M,64,Silver,서울,2024-01-30,High,773,0
9642,신주원,F,37,Gold,충청,2024-01-02,Medium,698,0
9643,윤채원,F,25,Silver,제주,2024-09-09,High,674,0
9644,박하은,M,63,Gold,강원,2022-12-05,Medium,757,0
9645,조하은,M,57,Bronze,세종,2020-01-02,Medium,488,1
9646,조예준,M,29,Bronze,경기,2020-08-23,Low,591,0
9647,윤은서,M,52,Bronze,경기,2021-06-27,Low,511,0
9648,임선우,M,66,Bronze,경상,2022-11-16,Low,476,0
9649,신시우,M,61,Gold,대구,2020-02-02,High,734,0
9650,오선우,M,35,Bronze,경상,2024-01-22,Low,529,1
9651,강수빈,M,50,Bronze,인천,2021-06-06,Low,508,1
9652,강진우,M,34,Silver,대전,2024-06-30,Medium,551,0
9653,박지호,M,24,Bronze,대구,2022-09-12,High,600,0
9654,한수아,F,34,Bronze,경기,2023-12-31,Low,498,0
9655,황하은,M,49,Bronze,인천,2021-04-25,Low,498,0
9656,박우진,M,24,Silver,대구,2024-06-08,Low,548,0
9657,박하은,M,21,Bronze,대전,2021-04-26,Medium,459,0
9658,장은서,F,52,Gold,인천,2022-12-01,Medium,768,0
9659,조시우,M,28,Silver,부산,2020-02-27,Medium,591,0
9660,황서윤,M,34,Gold,세종,2022-08-25,Medium,740,0
9661,오지아,M,33,Silver,제주,2021-06-16,Medium,689,0
9662,한도윤,F,59,Silver,세종,2023-08-23,Medium,669,0
9663,장예준,F,68,Gold,대전,2023-08-27,Low,608,1
9664,강예준,F,33,Silver,경상,2020-12-23,Medium,557,0
9665,정지호,M,62,Bronze,세종,2023-03-15,Low,506,0
9666,임지유,F,62,Silver,부산,2021-10-09,Medium,639,0
9667,최수빈,M,29,Silver,광주,2022-01-31,Medium,596,0
9668,조우진,M,62,Bronze,경기,2021-07-25,Low,495,0
9669,윤서연,M,33,Silver,대전,2024-12-01,Medium,709,0
9670,박시우,F,60,Bronze,대전,2020-09-15,Low,566,0
9671,오지호,F,65,Bronze,대구,2023-03-26,Low,426,1
9672,신수빈,M,56,Silver,제주,2021-06-27,Low,569,0
9673,신하은,M,68,Bronze,경기,2023-01-23,Low,454,1
9674,조하은,F,57,Silver,부산,2021-06-02,Medium,722,0
9675,정민준,F,65,VIP,강원,2023-02-22,High,747,0
9676,한지우,M,59,Bronze,강원,2024-06-25,Medium,580,1
9677,신진우,M,48,Bronze,인천,2023-10-24,Medium,529,1
9678,신진우,M,67,Bronze,광주,2024-06-03,Low,423,0
9679,박다은,F,63,Silver,서울,2021-12-31,Medium,671,0
9680,황주원,M,54,Gold,전라,2023-07-13,Low,591,0
9681,정다은,F,46,Bronze,경상,2023-04-23,High,698,0
9682,임다은,F,48,Silver,광주,2020-06-06,High,658,0
9683,강진우,F,41,Silver,대구,2021-11-15,Low,581,0
9684,윤진우,M,37,Bronze,전라,2020-01-27,Medium,609,0
9685,조시우,M,65,Silver,세종,2020-06-01,Medium,515,0
9686,윤서윤,F,28,Gold,인천,2023-03-18,High,761,0
9687,한지아,F,56,Bronze,인천,2022-06-01,High,641,0
9688,임시우,M,67,Silver,세종,2020-11-24,Medium,636,0
9689,조지호,M,61,Silver,충청,2021-08-01,Medium,572,0
9690,윤우진,F,28,Gold,인천,2023-10-13,High,821,0
9691,최수빈,M,41,Silver,강원,2021-06-01,Medium,692,0
9692,윤채원,M,53,Silver,전라,2020-11-10,Medium,607,0
9693,임시우,M,50,Bronze,경상,2022-01-27,Low,593,1
9694,장민준,F,57,Bronze,제주,2023-07-20,Low,563,0
9695,조예준,M,50,Gold,세종,2020-09-24,High,759,0
9696,임지우,M,27,Bronze,대전,2024-10-25,Low,503,0
9697,최수아,F,43,Bronze,전라,2024-07-01,Low,521,1
9698,권예준,F,33,Silver,대전,2022-11-14,Medium,649,0
9699,박지아,M,59,Bronze,경기,2023-05-20,Low,503,0
9700,권서윤,F,67,Silver,세종,2020-02-12,Medium,680,0
9701,권은서,M,25,Silver,인천,2022-03-30,Medium,599,0
9702,장진우,M,25,Silver,제주,2021-08-07,Medium,603,0
9703,한선우,F,50,Gold,충청,2020-09-13,Medium,750,0
9704,장주원,M,67,Bronze,서울,2020-05-02,High,602,0
9705,박주원,M,54,Gold,경상,2023-06-20,Low,645,0
9706,윤지유,M,51,Silver,제주,2024-12-02,Medium,648,0
9707,오지우,M,36,Silver,대구,2020-06-15,High,642,0
9708,신채원,F,41,VIP,세종,2024-09-09,High,857,0
9709,조하은,M,49,Bronze,대전,2024-01-31,Low,486,1
9710,임수빈,M,64,Bronze,세종,2024-11-16,Low,481,0
9711,박주원,M,67,Silver,대구,2020-07-15,High,644,1
9712,정주원,F,67,Silver,대구,2021-01-24,Medium,543,0
9713,신수아,M,66,Bronze,세종,2020-09-08,Low,495,0
9714,한진우,M,60,Bronze,서울,2022-06-04,Medium,629,0
9715,신지유,F,58,Bronze,충청,2023-12-16,Medium,550,0
9716,한은서,M,35,Bronze,광주,2023-05-29,Medium,598,1
9717,윤서윤,F,65,Silver,경상,2022-01-31,Medium,656,0
9718,박진우,M,27,Silver,대전,2020-09-22,High,692,0
9719,장진우,M,64,Silver,강원,2020-02-01,High,748,0
9720,오선우,F,47,Bronze,세종,2021-12-14,Low,577,1
9721,황도윤,M,52,Bronze,제주,2023-10-05,Medium,638,0
9722,황도윤,M,54,Gold,강원,2023-04-17,High,760,0
9723,신지우,F,27,Silver,광주,2024-07-18,High,729,0
9724,조수아,F,68,Bronze,서울,2023-01-26,Low,454,1
9725,윤진우,M,47,Gold,전라,2023-04-25,Low,618,0
9726,장지호,M,53,Silver,대구,2023-12-23,Medium,595,1
9727,황하은,M,65,Silver,경상,2023-11-03,Low,539,0
9728,최서연,F,60,Bronze,대전,2022-04-08,Low,451,0
9729,신다은,F,26,Silver,대구,2023-12-16,Low,600,0
9730,정은서,M,20,Silver,대전,2021-05-10,Low,615,0
9731,박지유,M,47,VIP,인천,2020-11-03,High,808,0
9732,정지유,M,43,Bronze,경상,2024-08-30,Low,541,1
9733,오지우,M,36,Bronze,경상,2024-06-06,Low,563,0
9734,임지아,M,29,VIP,전라,2022-10-31,High,802,0
9735,박다은,F,69,Bronze,제주,2024-08-10,Medium,593,1
9736,윤수아,M,56,Silver,인천,2023-03-04,Low,582,0
9737,정서연,M,62,Gold,강원,2020-03-05,Medium,700,0
9738,최도윤,F,69,VIP,대전,2023-08-24,Medium,789,0
9739,조도윤,F,22,Bronze,세종,2023-04-20,Medium,549,0
9740,김도윤,F,60,Gold,제주,2021-04-18,Medium,635,0
9741,한서윤,M,40,Bronze,대전,2020-12-02,Low,508,0
9742,신예준,F,38,Silver,대전,2021-10-29,Medium,671,1
9743,이우진,M,30,VIP,세종,2024-04-26,Medium,792,0
9744,권진우,F,22,Gold,서울,2024-11-27,Medium,723,0
9745,권다은,F,27,Bronze,서울,2020-07-20,Medium,563,1
9746,오수빈,M,27,Bronze,충청,2020-12-10,Medium,560,0
9747,강주원,F,68,Bronze,인천,2023-06-03,Medium,539,0
9748,최우진,M,30,Bronze,충청,2021-01-23,Low,484,0
9749,장도윤,M,63,Bronze,경기,2022-04-04,High,571,0
9750,박하은,F,38,Bronze,제주,2020-12-26,High,640,0
9751,윤선우,M,52,Bronze,인천,2021-10-26,Medium,566,0
9752,최하은,F,31,Silver,인천,2024-11-30,Low,658,0
9753,오도윤,F,51,Bronze,경기,2023-04-02,Low,549,1
9754,권지아,F,27,Silver,전라,2021-12-22,Medium,633,0
9755,신우진,F,24,Silver,서울,2022-09-28,Low,562,0
9756,임은서,M,63,Bronze,제주,2024-11-06,Low,542,1
9757,임은서,F,26,Bronze,충청,2023-09-07,Low,528,0
9758,김도윤,F,33,Bronze,세종,2021-06-20,Low,528,0
9759,강선우,M,36,Silver,제주,2023-07-11,Medium,650,0
9760,최채원,M,56,VIP,충청,2020-08-19,High,812,0
9761,김민준,M,59,Gold,광주,2022-07-22,High,743,0
9762,조주원,M,33,Bronze,서울,2022-05-09,Medium,551,1
9763,조다은,M,41,Bronze,광주,2021-02-19,Medium,580,0
9764,박채원,F,25,Silver,경상,2021-07-17,Low,614,0
9765,신시우,M,38,Bronze,충청,2023-06-20,Medium,605,0
9766,최다은,M,53,Silver,충청,2023-10-30,Low,611,0
9767,김시우,M,62,Bronze,대전,2022-01-16,Medium,603,0
9768,권지아,M,66,VIP,경기,2023-09-28,High,903,0
9769,임서연,F,33,Gold,경기,2024-12-09,High,763,0
9770,조민준,F,20,Bronze,인천,2021-08-08,Low,408,0
9771,이다은,M,57,Bronze,충청,2021-07-16,Low,490,1
9772,황지호,F,34,Bronze,강원,2023-05-02,Medium,612,1
9773,한서연,F,31,Silver,인천,2022-06-19,Medium,661,0
9774,강선우,F,42,Silver,대구,2024-01-04,Low,673,0
9775,한우진,F,33,Gold,인천,2024-07-09,High,782,0
9776,조주원,F,52,Bronze,경기,2022-10-20,Low,538,0
9777,최지우,M,45,Silver,경기,2020-06-11,Medium,637,0
9778,권다은,F,49,Silver,인천,2022-02-17,Medium,662,0
9779,장지아,M,44,Bronze,서울,2020-05-21,Low,567,1
9780,황시우,M,35,Gold,제주,2023-02-18,High,734,0
9781,신주원,M,69,Bronze,서울,2024-03-06,Low,483,0
9782,황하은,F,52,Bronze,인천,2021-05-22,Medium,628,0
9783,한진우,F,34,Silver,충청,2022-05-25,Medium,631,0
9784,김하은,F,66,Silver,부산,2023-01-06,Low,500,0
9785,박지호,F,39,VIP,강원,2020-10-25,High,829,0
9786,강진우,M,24,Silver,강원,2020-05-30,Low,568,0
9787,이서연,F,23,Bronze,광주,2024-12-29,Medium,594,1
9788,정지아,F,60,Silver,제주,2023-05-18,Medium,665,0
9789,강은서,M,64,Silver,전라,2022-03-21,Medium,666,0
9790,신지호,M,55,Bronze,광주,2024-12-24,Low,511,1
9791,정선우,F,35,Silver,세종,2020-05-09,Medium,680,0
9792,조민준,M,23,Bronze,충청,2022-10-23,Medium,572,0
9793,강서윤,F,46,Gold,경상,2023-12-11,Low,662,0
9794,권지우,F,37,Gold,경기,2024-02-26,Medium,687,0
9795,황시우,M,40,Bronze,제주,2021-06-12,Low,585,0
9796,신지아,F,34,Silver,대전,2024-12-11,Medium,592,1
9797,강진우,M,37,Bronze,부산,2021-07-25,Low,574,0
9798,윤주원,M,21,Silver,강원,2022-02-04,Medium,586,0
9799,이진우,M,54,Gold,부산,2023-07-18,High,772,0
9800,윤주원,M,44,Gold,전라,2024-04-17,Medium,686,0
9801,임다은,M,37,Silver,경기,2023-01-31,High,685,0
9802,최주원,M,37,Bronze,서울,2020-04-23,Low,626,0
9803,오은서,F,60,Bronze,충청,2021-12-07,Medium,668,0
9804,한주원,M,53,Silver,광주,2022-12-21,Medium,668,0
9805,오서윤,M,49,Silver,부산,2022-01-10,Medium,701,0
9806,강지아,M,36,Bronze,대전,2022-08-05,Low,527,0
9807,한다은,M,52,Bronze,전라,2023-03-20,High,724,0
9808,신선우,M,26,VIP,강원,2024-06-02,High,881,0
9809,권선우,M,43,Bronze,서울,2022-05-01,Medium,536,0
9810,정시우,M,36,Bronze,강원,2023-02-26,High,646,0
9811,윤주원,M,23,Silver,대구,2022-09-15,High,603,0
9812,한시우,M,56,Gold,세종,2021-01-04,High,675,0
9813,오주원,F,27,Silver,강원,2023-12-02,Low,617,0
9814,한선우,F,20,Bronze,대구,2022-12-18,Medium,582,0
9815,최선우,F,55,Bronze,인천,2024-05-24,Low,596,0
9816,임다은,M,66,Silver,세종,2023-12-10,Medium,657,0
9817,신하은,M,53,Silver,제주,2022-10-18,Medium,616,0
9818,정은서,F,67,Bronze,대전,2024-01-15,Medium,507,0
9819,신민준,M,64,Bronze,대전,2024-07-18,Low,511,0
9820,김하은,F,51,Gold,서울,2021-08-26,High,852,0
9821,이진우,M,32,Silver,부산,2024-01-31,Medium,672,0
9822,권다은,F,44,Silver,제주,2021-09-06,High,642,0
9823,장예준,F,45,Bronze,광주,2024-08-09,High,670,0
9824,이지아,F,66,Bronze,경기,2020-02-23,Medium,545,1
9825,오서연,M,45,Silver,대구,2021-03-05,Medium,689,0
9826,강선우,M,38,VIP,강원,2021-11-29,High,870,0
9827,한우진,M,63,Gold,제주,2020-10-13,Medium,709,0
9828,황서연,M,24,Bronze,제주,2022-07-07,High,615,0
9829,황우진,M,63,Silver,경상,2023-04-04,Medium,622,0
9830,임은서,M,62,Bronze,인천,2024-10-08,Low,515,0
9831,조진우,F,52,Bronze,인천,2024-11-10,Low,592,0
9832,정지유,F,56,Bronze,인천,2022-01-01,Medium,593,0
9833,김도윤,M,26,Bronze,광주,2020-10-10,Medium,544,0
9834,강수아,F,31,Silver,충청,2024-04-21,High,705,0
9835,신수아,F,54,Silver,대전,2023-11-03,Medium,690,0
9836,권지유,M,56,Bronze,경상,2023-11-05,High,614,0
9837,권다은,F,23,Silver,부산,2023-05-14,Medium,607,0
9838,이예준,M,59,Silver,대구,2024-03-09,High,686,0
9839,강시우,M,23,Bronze,강원,2022-06-11,High,534,1
9840,장하은,M,24,Bronze,강원,2021-07-10,High,618,0
9841,윤수아,M,38,Silver,서울,2022-07-05,Medium,695,0
9842,권하은,F,20,Bronze,경상,2021-02-12,High,574,0
9843,강수빈,M,44,Bronze,경상,2022-02-22,Low,555,0
9844,조우진,M,38,Bronze,대전,2020-05-15,Medium,585,0
9845,임지유,M,53,Bronze,대전,2022-08-02,Low,627,0
9846,조지아,F,33,Gold,경상,2020-12-06,High,734,0
9847,강예준,M,55,VIP,세종,2023-06-18,High,831,0
9848,정지호,M,66,Gold,인천,2021-10-05,High,734,0
9849,신도윤,M,48,Gold,제주,2023-07-20,High,857,0
9850,김채원,F,66,Bronze,인천,2024-09-03,Medium,542,0
9851,박주원,M,36,Silver,대전,2024-05-03,Medium,631,0
9852,장예준,F,55,Silver,제주,2022-08-26,Medium,671,0
9853,장다은,M,52,Gold,인천,2023-03-06,High,727,0
9854,황서연,M,37,Silver,인천,2021-09-23,Medium,728,0
9855,박지유,F,69,Silver,대전,2022-05-21,Medium,656,0
9856,김진우,M,27,Bronze,서울,2023-10-30,Medium,572,0
9857,오선우,M,32,Gold,서울,2024-06-25,Medium,763,0
9858,황지호,F,47,Bronze,경상,2022-09-09,Low,446,1
9859,최지호,M,52,Silver,충청,2024-07-01,High,715,0
9860,윤도윤,M,42,Gold,강원,2021-09-11,Low,697,0
9861,조우진,M,29,Bronze,경기,2022-09-13,Low,460,1
9862,강주원,M,37,Silver,충청,2023-08-10,Low,516,0
9863,박예준,F,28,Silver,강원,2022-06-17,Medium,702,0
9864,조선우,F,46,Silver,서울,2020-08-13,Medium,685,0
9865,조하은,M,65,Silver,대전,2024-09-21,High,675,0
9866,윤지호,M,67,Bronze,광주,2020-09-21,Medium,567,0
9867,최우진,M,45,Bronze,세종,2024-04-28,Medium,619,0
9868,윤도윤,F,47,Silver,인천,2024-12-11,Medium,639,0
9869,박주원,F,27,Bronze,강원,2024-04-08,Medium,553,0
9870,윤서연,M,24,Bronze,대구,2023-01-22,Medium,579,0
9871,한선우,M,34,Silver,세종,2024-02-20,Medium,677,0
9872,강수빈,F,33,Silver,인천,2023-11-22,High,708,0
9873,장예준,M,62,Silver,세종,2024-04-23,Medium,639,0
9874,신서연,M,23,Bronze,강원,2020-06-05,Low,508,0
9875,이지우,F,53,Bronze,세종,2024-06-12,High,646,0
9876,오다은,M,36,Bronze,제주,2023-11-21,Low,581,0
9877,정수아,M,36,VIP,광주,2020-03-15,High,853,0
9878,장서연,M,61,Silver,부산,2022-08-26,Low,596,0
9879,한지우,F,60,Bronze,경기,2022-07-07,Medium,624,0
9880,황도윤,F,55,Silver,경기,2024-10-08,High,693,1
9881,박지호,M,34,Bronze,대구,2020-03-24,Low,598,0
9882,신예준,M,31,Bronze,광주,2023-03-06,Medium,606,0
9883,장다은,F,43,Bronze,광주,2023-09-21,Medium,560,0
9884,한진우,F,35,Gold,부산,2022-12-04,Medium,703,0
9885,정서윤,F,62,Bronze,전라,2020-11-14,Low,506,0
9886,윤지유,M,67,Bronze,경상,2023-05-08,Low,497,0
9887,권다은,F,43,Gold,인천,2024-10-21,High,906,0
9888,오도윤,M,23,Silver,경상,2023-04-27,High,665,0
9889,권지유,F,50,Bronze,전라,2024-05-24,High,619,0
9890,박지호,F,50,Bronze,대구,2024-03-27,Medium,517,1
9891,김지호,F,67,Silver,제주,2020-10-14,Medium,603,0
9892,최하은,F,41,Bronze,세종,2021-10-26,Medium,637,1
9893,김채원,F,55,Gold,대전,2022-09-20,Low,668,0
9894,조선우,F,56,Bronze,제주,2024-06-15,Medium,573,0
9895,최서연,M,40,Bronze,부산,2023-08-17,Low,539,1
9896,이예준,F,64,Bronze,대구,2020-04-12,Medium,563,0
9897,박서윤,F,23,Bronze,전라,2024-06-17,Low,394,0
9898,김예준,F,22,Bronze,대구,2022-02-23,Medium,576,0
9899,권채원,F,32,Silver,서울,2021-02-21,High,714,0
9900,장주원,M,49,Silver,세종,2022-06-20,Medium,729,0
9901,이우진,M,29,Silver,강원,2022-01-10,Low,604,0
9902,한은서,M,57,Silver,제주,2023-11-09,Medium,674,0
9903,이하은,M,57,Silver,대구,2021-04-16,Medium,602,0
9904,조서윤,F,43,Bronze,서울,2024-06-01,Low,608,0
9905,이다은,F,58,Silver,전라,2020-11-01,Low,485,0
9906,조민준,F,26,Bronze,서울,2023-10-13,Medium,549,0
9907,강수빈,M,59,Bronze,광주,2020-09-30,Medium,578,0
9908,임채원,M,25,Silver,제주,2024-03-17,High,693,0
9909,한예준,M,32,Bronze,대전,2022-03-09,Low,493,0
9910,신도윤,M,25,VIP,부산,2022-11-29,High,853,0
9911,오은서,F,52,Bronze,세종,2021-02-12,High,585,0
9912,권하은,M,35,Silver,인천,2020-11-07,High,670,0
9913,이지유,F,64,Gold,경기,2021-11-22,Low,675,0
9914,장진우,F,59,Silver,경상,2020-07-10,High,730,0
9915,황채원,M,28,Gold,부산,2022-12-05,Medium,640,0
9916,한하은,M,56,Silver,충청,2022-10-20,Low,632,0
9917,윤하은,M,57,Bronze,서울,2021-07-28,Medium,645,0
9918,조하은,M,47,Bronze,대구,2021-04-24,Medium,602,0
9919,김은서,M,22,Silver,대전,2020-12-22,Medium,678,0
9920,최은서,M,36,Gold,전라,2021-07-29,Low,653,0
9921,조수아,M,27,Silver,대전,2022-10-14,Medium,692,0
9922,황예준,M,59,Bronze,제주,2020-06-01,Medium,586,0
9923,최서연,F,49,Silver,부산,2020-06-07,Low,602,0
9924,권우진,F,28,Bronze,충청,2020-01-19,Medium,536,0
9925,오예준,F,37,Gold,대구,2021-06-03,High,759,0
9926,신채원,M,34,Silver,제주,2024-03-05,Medium,605,0
9927,강진우,F,30,Bronze,대전,2021-02-22,Low,547,0
9928,최도윤,M,64,Bronze,인천,2022-07-25,Low,459,1
9929,장서연,F,47,Silver,제주,2024-05-20,Low,666,0
9930,조도윤,F,42,Bronze,경상,2023-07-11,Low,504,0
9931,한도윤,F,38,Silver,경상,2024-12-13,High,748,0
9932,신진우,M,31,Silver,강원,2021-06-10,Medium,639,0
9933,신다은,F,24,VIP,서울,2023-09-08,Medium,695,0
9934,황다은,M,68,Silver,서울,2024-12-04,Medium,556,0
9935,최지호,F,29,Bronze,강원,2021-12-07,Low,579,1
9936,박서연,F,38,Silver,서울,2024-04-01,Low,629,0
9937,장우진,F,53,Silver,강원,2022-04-20,High,777,0
9938,정수아,M,68,Bronze,강원,2023-02-01,Low,519,1
9939,장채원,F,50,Silver,서울,2021-09-02,Medium,721,0
9940,김다은,F,31,Bronze,세종,2023-09-18,Low,506,0
9941,박수빈,M,64,Silver,부산,2023-03-06,Medium,591,0
9942,오선우,F,34,Silver,대구,2022-07-03,Low,553,0
9943,최민준,F,69,Bronze,경기,2020-03-16,Low,418,0
9944,권지아,F,22,Gold,광주,2024-11-26,Low,605,0
9945,이선우,F,61,Silver,서울,2024-07-08,Medium,612,0
9946,정수아,F,61,Bronze,서울,2024-02-16,Low,547,0
9947,황하은,M,38,Bronze,경상,2024-04-29,Low,556,0
9948,권서윤,F,69,Silver,강원,2024-11-19,Medium,592,0
9949,김도윤,F,34,VIP,전라,2023-11-28,High,733,0
9950,장수빈,M,35,VIP,세종,2021-11-28,Low,781,0
9951,김민준,M,26,Silver,충청,2023-05-25,Low,596,0
9952,오우진,M,32,Silver,경기,2022-04-03,Medium,639,0
9953,박시우,M,29,Bronze,인천,2023-07-29,Low,441,0
9954,조지아,F,33,Gold,대구,2022-01-07,High,749,0
9955,오은서,F,26,Bronze,부산,2021-11-13,Low,549,0
9956,박선우,F,33,Gold,인천,2021-02-17,Medium,741,0
9957,이은서,F,27,Gold,경상,2021-11-06,High,794,0
9958,윤수빈,F,22,Silver,대구,2024-05-13,Low,456,0
9959,정서연,M,63,Silver,대구,2021-03-19,Medium,647,0
9960,이민준,M,35,Gold,경기,2020-08-12,High,725,0
9961,장서윤,F,63,Bronze,강원,2022-05-09,Low,487,0
9962,강도윤,F,50,Silver,대구,2020-06-27,Medium,639,0
9963,신주원,F,50,Gold,광주,2023-02-22,Low,618,0
9964,윤지호,F,34,Silver,대구,2022-10-20,Medium,629,0
9965,최우진,M,69,Bronze,충청,2022-06-20,Low,560,0
9966,김지아,F,32,Silver,서울,2024-09-09,Medium,624,0
9967,권다은,M,33,Gold,부산,2023-03-31,Medium,733,0
9968,박선우,M,63,Bronze,세종,2023-07-22,Low,543,0
9969,최서연,F,62,Silver,대구,2022-06-22,Medium,628,0
9970,정하은,F,27,Silver,광주,2020-03-04,High,621,0
9971,한하은,F,58,Silver,충청,2024-10-13,Medium,664,0
9972,오지호,F,40,Bronze,대전,2021-06-30,Medium,565,0
9973,장도윤,F,66,Silver,부산,2023-06-08,Medium,622,1
9974,신민준,F,36,Silver,제주,2021-12-28,Low,585,0
9975,정서윤,M,52,Bronze,대구,2024-02-08,Low,574,1
9976,신진우,F,26,Bronze,서울,2021-07-29,Low,464,1
9977,조다은,M,20,Silver,경상,2023-07-09,Medium,589,0
9978,정지호,F,25,Gold,대구,2023-10-05,High,779,0
9979,임주원,M,33,Bronze,대전,2021-06-14,High,591,0
9980,신시우,M,53,Silver,광주,2020-02-07,Medium,724,0
9981,오예준,F,55,Silver,제주,2022-08-27,Medium,618,0
9982,강하은,F,56,Gold,강원,2023-08-13,High,727,0
9983,오지우,F,29,Bronze,대구,2023-11-05,Low,542,0
9984,윤지호,F,34,Bronze,전라,2022-06-22,Low,505,0
9985,한지호,F,49,Bronze,전라,2022-06-25,Medium,593,1
9986,신수빈,M,59,Gold,충청,2024-11-30,High,757,0
9987,조우진,F,40,Bronze,부산,2020-12-15,Low,561,0
9988,황선우,F,20,Bronze,인천,2020-09-30,High,551,0
9989,정시우,F,69,Bronze,대구,2020-07-29,Low,488,0
9990,한시우,F,56,Silver,부산,2024-03-31,Low,522,0
9991,이우진,M,64,Silver,광주,2021-06-15,Medium,715,0
9992,정우진,F,50,Silver,인천,2023-04-26,Medium,744,0
9993,황주원,M,66,Gold,대전,2020-03-30,Low,636,0
9994,조채원,M,65,Bronze,인천,2024-01-05,Low,525,0
9995,황시우,M,44,Silver,세종,2021-02-09,Low,661,0
9996,김도윤,F,24,VIP,대전,2020-12-03,High,776,0
9997,강채원,M,47,Bronze,인천,2021-02-26,Medium,534,0
9998,박지아,F,66,Silver,대전,2024-09-10,Medium,586,0
9999,신우진,F,56,Bronze,강원,2023-04-26,High,702,0
10000,한우진,F,55,Silver,광주,2023-11-11,Medium,666,0
