loan_id,customer_id,loan_amount,interest_rate,term_months,start_date,status
1,5680,7650000,4.85,12,2024-11-04,정상
2,4805,1970000,5.53,12,2024-06-08,정상
3,4383,730000,6.42,24,2023-12-28,연체
4,4479,730000,5.64,24,2023-09-11,연체
5,6175,50830000,4.58,24,2024-03-12,완료
6,3772,108250000,5.46,36,2023-03-03,정상
7,7024,4460000,5.48,12,2024-06-04,정상
8,6301,1950000,4.65,6,2024-07-15,정상
9,7528,1110000,4.92,6,2024-07-31,완료
10,3459,1890000,4.75,24,2023-05-09,연체
11,4712,15660000,4.59,36,2024-09-11,정상
12,8839,730000,4.86,6,2023-01-07,정상
13,9838,5390000,5.57,12,2024-08-30,정상
14,8606,6020000,3.99,12,2023-01-08,완료
15,6600,2160000,4.99,24,2023-03-23,정상
16,5367,2250000,4.74,12,2023-05-02,연체
17,6242,7150000,5.02,24,2023-08-22,정상
18,7465,4510000,5.26,24,2024-04-17,정상
19,7602,5500000,4.64,12,2024-08-08,정상
20,5674,1480000,4.81,24,2024-11-21,완료
21,7727,730000,5.87,6,2024-06-03,연체
22,2635,730000,5.62,12,2023-02-25,정상
23,6388,2060000,4.97,12,2023-12-18,완료
24,1409,730000,5.86,12,2024-06-25,연체
25,6695,730000,6.33,6,2023-04-04,연체
26,860,1430000,5.58,12,2024-09-23,연체
27,859,730000,5.56,6,2023-01-23,정상
28,7084,1630000,5.0,6,2024-10-14,정상
29,381,15960000,4.79,36,2023-12-29,정상
30,9294,14570000,4.92,36,2023-07-23,연체
31,7758,2140000,4.91,24,2023-02-03,정상
32,86,730000,5.57,12,2024-12-30,정상
33,738,1060000,5.56,6,2023-04-12,정상
34,1962,47360000,4.82,36,2024-10-06,정상
35,7834,18810000,4.94,24,2024-11-19,정상
36,6443,730000,5.8,24,2023-03-27,연체
37,6007,1620000,5.16,24,2023-07-06,연체
38,202,26860000,5.04,24,2024-04-25,정상
39,3871,1780000,4.91,6,2024-03-04,정상
40,2627,13690000,5.7,36,2024-02-27,정상
41,7563,1460000,5.97,24,2024-04-30,완료
42,2755,1640000,5.02,6,2024-11-18,정상
43,9471,1600000,5.09,24,2024-05-24,완료
44,1993,730000,5.61,6,2024-08-20,완료
45,9298,2100000,4.98,6,2024-07-28,정상
46,7314,980000,5.53,12,2023-01-28,정상
47,4680,2260000,5.18,6,2023-05-24,연체
48,1381,3890000,4.77,36,2023-02-23,정상
49,4230,8940000,4.99,24,2024-08-02,정상
50,4391,4540000,4.65,24,2023-07-22,완료
51,6668,104250000,6.46,60,2024-09-17,정상
52,8264,730000,4.95,12,2023-02-24,정상
53,137,18830000,4.56,24,2024-12-10,정상
54,2986,3450000,4.85,12,2023-03-20,정상
55,2176,8270000,5.39,36,2024-08-31,정상
56,9196,6600000,5.04,36,2024-02-07,정상
57,8205,1570000,5.05,12,2024-10-16,정상
58,6698,85200000,5.26,60,2024-01-20,완료
59,7548,80080000,5.18,60,2024-08-04,정상
60,316,1720000,5.4,12,2024-04-28,연체
61,4361,1520000,5.5,24,2024-08-23,완료
62,7471,730000,5.09,6,2023-03-19,연체
63,8100,6120000,4.85,36,2024-07-05,연체
64,9368,3740000,5.23,12,2024-11-04,정상
65,2845,730000,6.22,6,2024-09-14,정상
66,1155,730000,5.58,24,2024-01-27,정상
67,2027,58000000,4.75,36,2023-09-09,정상
68,3673,7550000,4.87,24,2023-04-29,정상
69,30,2900000,5.13,24,2023-05-16,연체
70,4569,9220000,4.29,24,2023-06-03,정상
71,3087,730000,6.48,24,2024-06-22,정상
72,9389,7010000,4.75,36,2024-08-06,완료
73,2918,4580000,5.26,12,2024-04-01,정상
74,4431,730000,5.37,6,2024-08-12,연체
75,265,4020000,4.45,36,2024-07-09,정상
76,8997,10610000,5.11,36,2023-06-29,정상
77,2758,2810000,5.38,6,2023-09-18,정상
78,2448,5300000,3.87,12,2023-11-20,정상
79,9252,1090000,6.12,24,2023-05-14,완료
80,97,730000,5.75,24,2023-10-16,정상
81,8898,108250000,5.95,36,2023-03-13,정상
82,703,1020000,5.81,24,2024-01-17,연체
83,57,730000,6.01,12,2024-03-14,연체
84,3065,7290000,4.56,24,2024-10-03,완료
85,9422,730000,6.07,24,2024-11-13,연체
86,3892,16630000,4.61,12,2024-06-30,완료
87,8597,13020000,4.95,24,2024-07-08,정상
88,678,730000,5.89,6,2024-09-13,완료
89,5702,2190000,5.02,24,2023-01-26,정상
90,341,4840000,4.94,12,2024-03-09,정상
91,7643,730000,5.18,12,2024-12-30,정상
92,9050,22750000,4.62,36,2024-08-12,정상
93,5338,1440000,5.99,12,2024-10-22,연체
94,5604,67710000,6.15,36,2024-09-28,정상
95,6806,730000,5.16,12,2024-12-19,정상
96,2754,18780000,4.42,12,2023-06-03,정상
97,6023,1060000,5.27,24,2024-08-30,연체
98,9916,2130000,4.77,12,2023-12-23,정상
99,2218,1320000,5.78,24,2023-10-20,정상
100,1191,87440000,5.06,24,2024-11-25,정상
101,5729,730000,5.92,24,2023-02-13,연체
102,1937,730000,5.01,24,2023-11-17,연체
103,3360,730000,5.31,12,2023-11-13,정상
104,3168,950000,4.8,24,2023-10-15,정상
105,3600,730000,6.02,12,2024-05-12,연체
106,6426,730000,5.82,6,2023-12-04,완료
107,4020,1710000,5.64,6,2023-08-30,정상
108,6880,730000,5.73,12,2024-11-09,연체
109,671,810000,5.54,24,2023-05-22,정상
110,8779,900000,5.75,6,2024-01-19,정상
111,460,15620000,4.64,36,2023-12-02,정상
112,7675,32970000,4.76,24,2024-12-02,정상
113,1713,2060000,5.49,12,2023-09-04,정상
114,932,40060000,5.21,24,2024-09-27,완료
115,4287,3300000,4.99,12,2023-07-09,정상
116,8944,7480000,4.71,24,2024-11-08,정상
117,2053,730000,5.33,12,2023-02-11,정상
118,8916,730000,6.07,6,2024-10-03,연체
119,1231,1240000,5.12,6,2023-06-20,연체
120,1380,850000,5.23,24,2024-09-15,연체
121,3148,890000,5.36,6,2024-08-16,정상
122,1259,1490000,4.45,24,2023-04-15,정상
123,1126,8520000,5.43,24,2023-07-27,정상
124,8729,810000,5.26,12,2024-07-22,정상
125,9891,4670000,4.5,12,2023-11-12,정상
126,8052,16880000,4.77,36,2024-10-28,정상
127,2225,2100000,5.7,12,2024-01-25,정상
128,2948,1100000,5.65,12,2024-04-22,정상
129,9720,730000,5.8,24,2024-03-25,정상
130,9606,730000,6.31,12,2023-11-14,연체
131,5603,1150000,5.32,12,2023-09-12,정상
132,276,21100000,4.95,24,2024-10-16,정상
133,7221,770000,6.03,24,2024-09-09,연체
134,5579,15100000,5.27,24,2023-12-31,정상
135,6685,730000,5.29,6,2024-07-27,정상
136,3317,15650000,4.43,12,2023-04-06,정상
137,4181,730000,5.34,6,2024-02-10,정상
138,596,15580000,4.93,24,2024-12-30,정상
139,3259,12320000,4.96,24,2023-05-21,정상
140,6259,16870000,4.31,24,2024-09-17,정상
141,4457,1390000,4.62,6,2024-03-22,정상
142,9303,8520000,5.15,36,2024-01-07,정상
143,4204,108250000,5.58,36,2024-02-24,정상
144,6738,2640000,5.09,24,2023-05-19,정상
145,746,1220000,5.38,6,2023-08-02,연체
146,3250,1610000,5.98,24,2024-04-07,완료
147,7687,790000,5.49,6,2024-07-04,완료
148,4378,5910000,5.12,12,2024-06-26,정상
149,3640,1100000,6.48,12,2024-06-11,정상
150,9033,730000,5.39,24,2024-11-30,정상
151,4071,730000,5.76,12,2024-05-05,정상
152,5135,730000,6.34,12,2023-11-27,연체
153,9977,1190000,4.74,12,2023-03-06,정상
154,7941,730000,5.7,6,2023-09-12,정상
155,9721,2670000,4.99,24,2023-03-28,정상
156,6670,1330000,5.75,24,2024-10-17,정상
157,2484,9080000,4.75,12,2023-04-24,정상
158,4392,12290000,5.59,24,2024-12-09,완료
159,5125,2460000,5.26,24,2024-01-29,정상
160,9516,1150000,5.89,6,2023-03-11,정상
161,3047,930000,4.97,24,2024-06-29,정상
162,4511,730000,5.95,12,2024-12-21,연체
163,6663,15870000,4.44,24,2023-09-13,정상
164,3269,2390000,4.71,12,2024-12-30,정상
165,7593,730000,6.22,24,2023-07-08,연체
166,3322,27530000,4.5,60,2023-07-29,정상
167,2696,5500000,5.19,12,2024-02-14,완료
168,7385,860000,5.85,24,2024-02-05,정상
169,9730,730000,5.04,24,2024-04-19,연체
170,1490,4810000,4.81,12,2024-11-29,정상
171,7304,17620000,5.27,24,2023-02-01,완료
172,3165,4240000,4.87,24,2023-11-22,정상
173,1019,900000,5.36,24,2024-09-20,정상
174,7249,33500000,5.28,24,2023-04-29,완료
175,7934,11110000,5.22,12,2024-06-22,정상
176,8503,4020000,4.64,12,2024-03-15,정상
177,452,2450000,5.1,6,2023-06-26,정상
178,2449,2820000,4.71,6,2023-04-20,완료
179,5765,2580000,5.12,6,2024-04-05,정상
180,4932,2580000,4.75,6,2023-01-17,정상
181,3313,730000,5.97,6,2024-05-11,정상
182,2024,5340000,4.69,36,2024-04-21,정상
183,6139,5300000,5.03,12,2024-03-23,정상
184,6215,1490000,5.47,6,2023-05-08,정상
185,9791,4120000,5.73,12,2024-08-12,연체
186,4794,4940000,4.57,36,2023-04-19,정상
187,9768,108250000,4.8,24,2024-01-24,정상
188,8625,3080000,4.35,36,2024-06-24,정상
189,5022,2300000,5.5,12,2024-05-19,정상
190,5268,108250000,5.15,36,2023-12-14,정상
191,5754,730000,5.36,24,2024-08-12,연체
192,6817,41830000,5.19,60,2023-10-20,정상
193,298,1400000,4.91,12,2024-03-18,완료
194,2343,730000,5.82,24,2024-06-12,정상
195,9282,11330000,4.63,12,2023-08-02,정상
196,3860,108250000,5.85,36,2023-02-17,정상
197,824,21120000,4.59,24,2024-07-15,연체
198,4384,10820000,4.44,36,2024-05-19,정상
199,2867,900000,6.39,12,2024-06-28,연체
200,7389,920000,5.65,24,2023-11-26,정상
201,154,4080000,4.72,12,2024-03-18,정상
202,6372,1160000,5.07,12,2024-06-13,연체
203,9537,730000,5.3,24,2023-04-17,연체
204,6604,730000,5.67,12,2023-11-01,연체
205,5084,730000,5.23,12,2023-01-01,연체
206,3618,30200000,4.57,60,2023-01-31,정상
207,6523,730000,6.13,12,2024-01-15,연체
208,8139,4080000,5.05,36,2023-03-23,완료
209,9025,33960000,4.83,36,2023-10-31,정상
210,3094,2400000,4.88,12,2023-11-20,완료
211,3692,108250000,4.99,60,2024-11-07,정상
212,569,2560000,5.3,24,2023-10-28,정상
213,5750,34050000,4.9,24,2024-09-30,정상
214,5941,2760000,4.91,24,2024-01-21,완료
215,2174,1200000,5.07,24,2023-05-30,연체
216,8593,830000,5.41,6,2023-04-08,정상
217,1069,18690000,4.4,24,2024-10-04,정상
218,3065,9340000,4.83,24,2023-10-02,정상
219,593,2810000,4.91,12,2024-10-22,연체
220,2563,730000,5.51,24,2023-10-26,정상
221,6343,730000,5.29,6,2024-06-21,정상
222,7401,1440000,6.18,24,2023-10-12,정상
223,4105,730000,5.31,12,2023-12-06,정상
224,2465,730000,5.49,24,2023-02-03,연체
225,1663,780000,5.39,6,2023-06-05,연체
226,654,12940000,5.0,36,2023-11-11,정상
227,2738,7650000,4.18,36,2024-03-18,정상
228,5447,730000,5.72,6,2023-09-05,정상
229,5038,730000,5.41,12,2024-12-28,정상
230,1832,730000,5.92,12,2024-11-24,연체
231,5774,900000,5.85,6,2023-10-15,정상
232,9455,730000,5.75,6,2023-08-31,정상
233,8897,2970000,5.56,6,2024-02-24,정상
234,7243,5000000,4.41,24,2023-05-01,정상
235,4299,52880000,4.28,60,2023-12-19,정상
236,1371,2540000,4.89,12,2023-02-20,정상
237,6220,730000,6.08,12,2024-10-14,완료
238,5295,1190000,4.05,6,2024-01-28,정상
239,2047,950000,5.75,12,2023-06-24,연체
240,2314,1860000,5.73,12,2023-02-19,정상
241,8042,108250000,4.95,60,2023-05-08,정상
242,5979,6290000,5.01,12,2023-10-07,정상
243,4477,8880000,4.86,36,2023-06-21,완료
244,2567,1620000,5.19,24,2023-06-10,연체
245,4209,7040000,4.72,12,2023-10-27,정상
246,2608,730000,5.92,6,2023-04-18,정상
247,790,730000,6.47,24,2024-03-28,완료
248,3050,800000,5.35,6,2024-07-26,정상
249,1561,29510000,4.19,36,2023-11-02,정상
250,1623,730000,5.37,24,2023-08-12,완료
251,6041,730000,5.59,6,2024-09-23,정상
252,47,8440000,4.95,24,2024-08-30,완료
253,5178,1480000,5.44,12,2023-06-30,정상
254,767,2190000,5.24,12,2024-12-17,완료
255,4781,5910000,4.42,12,2023-05-24,정상
256,3902,4440000,4.92,24,2024-03-12,정상
257,2916,730000,6.31,24,2023-05-29,연체
258,4933,108250000,5.46,60,2023-10-04,완료
259,8021,3840000,5.12,24,2023-09-09,정상
260,2880,730000,5.28,6,2023-07-05,연체
261,6304,7230000,5.0,24,2023-02-27,정상
262,1692,730000,5.86,12,2024-04-27,완료
263,9964,2110000,4.79,12,2024-09-03,연체
264,1794,1780000,4.99,24,2023-06-30,정상
265,9287,730000,5.4,24,2024-09-23,연체
266,2926,8350000,4.14,36,2024-04-06,완료
267,5458,1970000,5.51,12,2023-08-06,정상
268,5229,5430000,5.25,12,2024-06-14,정상
269,2940,84350000,5.77,36,2023-07-23,정상
270,4587,2680000,5.29,24,2024-07-28,정상
271,543,108250000,5.69,36,2024-01-19,정상
272,5887,45040000,4.59,24,2024-06-08,정상
273,5240,7290000,5.19,12,2023-12-23,완료
274,9067,870000,5.68,24,2024-04-30,연체
275,3571,730000,5.23,24,2024-02-03,연체
276,5721,730000,6.06,6,2023-09-11,정상
277,3401,108250000,5.68,36,2024-03-01,정상
278,4079,12290000,5.08,36,2023-06-24,완료
279,7226,11000000,4.22,24,2023-09-24,정상
280,8730,730000,5.74,24,2023-09-19,연체
281,9252,730000,5.41,24,2024-07-16,연체
282,216,1020000,6.02,12,2023-03-27,연체
283,9656,730000,6.13,6,2023-11-24,완료
284,7324,900000,5.09,24,2024-11-15,정상
285,5175,1150000,5.22,24,2023-11-18,정상
286,6242,5420000,4.97,36,2023-04-03,완료
287,5126,2200000,5.01,24,2023-02-28,정상
288,5695,4380000,4.49,12,2024-08-04,정상
289,5157,8410000,5.09,12,2023-05-15,연체
290,7351,2220000,5.25,24,2023-11-15,정상
291,8502,35990000,5.1,60,2024-01-04,정상
292,1583,4350000,5.27,24,2023-02-20,정상
293,5309,730000,4.82,12,2023-06-24,정상
294,9548,730000,5.24,24,2023-09-01,정상
295,4195,730000,5.66,6,2024-09-03,정상
296,1228,730000,5.14,24,2023-02-07,연체
297,330,39780000,5.41,60,2023-11-07,정상
298,9534,51850000,4.75,24,2023-11-10,정상
299,8231,14500000,4.4,36,2023-08-29,완료
300,2978,6910000,4.71,36,2023-08-04,정상
301,8050,2440000,5.66,6,2023-09-10,정상
302,5460,6560000,5.29,24,2024-05-07,정상
303,7110,730000,5.23,6,2024-08-02,정상
304,7636,3480000,5.05,36,2024-01-15,정상
305,5869,1120000,4.69,12,2024-02-01,정상
306,7291,1520000,5.62,12,2023-06-22,정상
307,973,3340000,4.97,12,2023-07-20,정상
308,4042,4950000,4.99,36,2024-10-09,정상
309,8086,7640000,3.96,12,2024-09-18,정상
310,7017,1820000,5.52,24,2023-07-14,정상
311,3349,730000,6.21,6,2023-07-07,연체
312,3341,13460000,5.62,24,2023-01-31,정상
313,4622,7350000,4.85,36,2023-09-19,정상
314,2900,1780000,5.62,24,2024-08-14,정상
315,5646,2030000,5.23,6,2024-02-27,정상
316,2479,730000,5.27,12,2024-08-11,정상
317,198,1020000,5.62,6,2024-03-13,정상
318,395,1110000,5.05,12,2024-10-15,연체
319,7392,102990000,5.08,36,2023-01-16,정상
320,3860,108250000,6.27,24,2023-01-27,정상
321,4305,18680000,4.94,24,2024-04-27,정상
322,3322,49380000,5.37,60,2024-02-10,정상
323,3071,940000,6.0,24,2023-12-02,정상
324,1798,3410000,4.58,24,2023-08-27,정상
325,6470,18690000,4.44,36,2024-12-31,정상
326,7301,730000,5.87,6,2024-12-15,연체
327,4338,1250000,5.09,24,2023-02-22,완료
328,186,9770000,5.3,12,2024-07-07,정상
329,2333,108250000,5.7,60,2024-02-22,정상
330,6684,7490000,4.61,36,2023-08-21,정상
331,347,730000,5.65,12,2023-07-19,연체
332,9786,730000,5.7,6,2023-02-11,연체
333,4295,10830000,4.64,24,2023-10-02,정상
334,3988,730000,5.36,6,2024-08-10,연체
335,4233,730000,6.3,24,2023-09-04,연체
336,6267,7390000,5.15,24,2024-03-17,연체
337,189,3970000,4.81,12,2023-04-07,정상
338,509,730000,5.25,6,2023-04-07,정상
339,6627,16800000,5.01,36,2024-12-04,정상
340,3562,108250000,5.93,60,2023-06-05,완료
341,1748,730000,5.74,6,2024-05-09,연체
342,7660,730000,6.04,24,2023-05-10,연체
343,8602,2030000,5.97,6,2024-09-02,연체
344,1548,6510000,5.04,36,2023-08-24,정상
345,1032,25170000,4.42,24,2023-03-23,정상
346,5131,730000,5.4,6,2023-10-10,정상
347,3118,730000,6.74,6,2023-02-05,정상
348,939,19420000,4.49,12,2023-10-29,정상
349,4485,1920000,5.06,12,2024-11-20,정상
350,8615,2080000,4.57,12,2023-05-14,정상
351,548,8930000,4.88,12,2023-05-20,정상
352,1451,13190000,5.18,12,2024-06-18,정상
353,5937,13110000,4.12,12,2024-03-07,정상
354,8989,14070000,5.31,24,2024-07-05,정상
355,2437,730000,6.24,12,2023-07-08,연체
356,3069,6500000,5.18,24,2024-09-25,정상
357,8468,1690000,5.5,24,2024-03-05,정상
358,5788,17310000,4.71,24,2023-09-27,완료
359,4167,108250000,5.11,36,2024-03-31,정상
360,3049,730000,5.45,24,2024-03-16,연체
361,8188,1060000,4.69,24,2024-05-15,정상
362,3169,24810000,5.38,60,2024-02-10,정상
363,6593,730000,6.3,24,2023-02-22,정상
364,1017,2750000,5.06,6,2023-04-13,정상
365,1280,730000,5.45,6,2023-10-23,정상
366,7516,930000,5.32,6,2024-06-30,정상
367,5070,12430000,4.25,24,2024-10-18,완료
368,6414,69680000,4.86,36,2024-06-05,정상
369,6607,7540000,5.32,36,2024-10-28,연체
370,8551,910000,5.45,6,2023-08-26,정상
371,5454,6130000,4.64,12,2024-10-12,완료
372,548,5070000,4.26,24,2023-11-19,정상
373,3118,730000,5.52,24,2023-08-05,연체
374,7446,2850000,4.52,24,2023-02-28,정상
375,7952,108250000,5.87,24,2023-07-16,정상
376,9817,1130000,5.16,24,2023-08-18,정상
377,7274,2270000,5.27,12,2023-06-15,정상
378,1957,1430000,5.54,12,2023-07-15,정상
379,7877,6340000,5.17,36,2024-10-21,정상
380,4538,730000,5.51,6,2024-04-02,정상
381,9731,70210000,5.49,60,2023-11-05,정상
382,9387,730000,5.78,12,2024-12-03,연체
383,4441,730000,6.28,12,2023-06-18,완료
384,8510,780000,5.51,6,2023-05-30,완료
385,83,730000,6.39,6,2023-11-29,연체
386,454,4720000,4.82,24,2024-02-23,정상
387,3490,730000,5.55,6,2023-02-07,정상
388,6616,12320000,5.49,12,2024-05-01,정상
389,5805,910000,5.52,6,2024-11-18,정상
390,3901,4000000,5.44,12,2023-12-02,정상
391,6074,6400000,4.64,24,2023-03-11,정상
392,8462,3430000,5.35,12,2023-04-21,연체
393,2464,18730000,4.97,36,2023-06-30,완료
394,8551,730000,5.67,6,2024-11-19,완료
395,2948,1780000,5.1,24,2024-10-08,정상
396,3789,43520000,5.41,24,2023-06-20,정상
397,1284,18030000,5.15,12,2023-11-21,정상
398,8490,730000,5.93,24,2023-07-11,정상
399,680,730000,6.12,6,2023-12-24,연체
400,9712,1610000,5.41,6,2024-09-21,정상
401,1302,730000,4.93,12,2023-05-23,연체
402,4201,730000,5.42,6,2023-12-08,정상
403,2596,730000,5.83,24,2023-03-12,완료
404,86,810000,5.3,6,2023-10-14,정상
405,4467,1240000,6.06,12,2023-05-05,연체
406,3891,12840000,5.33,12,2024-02-26,정상
407,530,12900000,4.7,24,2023-03-01,정상
408,8431,800000,5.38,12,2023-07-28,정상
409,2202,730000,5.86,24,2023-12-10,연체
410,1402,730000,6.02,6,2023-11-09,연체
411,6057,19120000,4.75,36,2023-01-18,정상
412,5509,42870000,4.57,36,2024-05-31,정상
413,2510,780000,5.83,6,2024-02-06,완료
414,1603,4040000,5.4,24,2023-01-09,완료
415,6016,21100000,4.82,36,2024-02-02,정상
416,8280,730000,5.01,24,2023-12-29,완료
417,8370,11100000,4.48,36,2023-09-02,정상
418,2314,3100000,5.64,24,2024-12-08,완료
419,1454,730000,5.28,6,2024-04-15,완료
420,8221,860000,5.24,12,2023-10-01,정상
421,6792,3750000,5.0,12,2023-05-20,정상
422,65,21240000,5.21,24,2024-10-21,정상
423,8200,37940000,5.3,36,2023-08-22,정상
424,7676,730000,6.24,12,2023-12-18,완료
425,7503,4970000,4.69,36,2023-07-07,정상
426,4099,7560000,4.02,36,2024-01-23,정상
427,31,730000,5.39,6,2024-05-28,정상
428,2700,7770000,4.47,36,2024-04-07,정상
429,8016,1950000,5.99,6,2023-09-03,정상
430,8990,890000,5.06,6,2023-12-05,정상
431,6299,5820000,5.3,36,2024-05-15,정상
432,8824,840000,5.39,12,2023-01-03,정상
433,5783,730000,6.07,6,2023-05-20,연체
434,4128,730000,5.4,12,2024-09-16,정상
435,9592,1990000,5.65,24,2024-12-18,연체
436,8354,2370000,5.17,12,2023-12-02,정상
437,7184,1190000,5.69,12,2023-03-15,정상
438,3570,87050000,6.04,60,2023-05-26,정상
439,5203,29960000,4.71,36,2024-01-20,정상
440,1052,890000,5.31,24,2023-04-13,연체
441,5054,1320000,4.8,24,2024-04-12,정상
442,7558,3510000,3.92,36,2024-10-05,정상
443,1319,730000,5.23,12,2024-06-19,완료
444,9047,2310000,4.75,24,2024-12-23,정상
445,9311,730000,5.49,24,2023-06-12,연체
446,4941,730000,4.89,6,2024-12-08,정상
447,8521,1490000,5.29,24,2023-11-29,연체
448,2339,1120000,5.81,12,2024-07-19,정상
449,653,9020000,4.84,24,2024-04-10,정상
450,2609,108250000,5.01,60,2023-01-28,정상
451,8617,2040000,5.46,12,2024-11-27,정상
452,3809,102450000,5.71,24,2024-05-17,정상
453,1437,730000,6.3,24,2024-06-20,연체
454,7349,730000,5.97,6,2024-10-31,연체
455,7816,1450000,5.78,24,2023-08-19,정상
456,9569,870000,5.69,6,2023-04-07,연체
457,8618,730000,5.27,12,2023-08-09,완료
458,218,730000,5.88,12,2023-03-14,정상
459,288,730000,5.71,6,2023-02-13,완료
460,2074,7790000,5.41,12,2023-01-08,연체
461,5096,730000,5.32,6,2023-01-02,연체
462,795,730000,5.16,24,2023-10-22,정상
463,6854,770000,5.55,6,2023-02-24,정상
464,500,6710000,5.37,36,2023-03-16,완료
465,3126,53430000,4.44,60,2023-05-01,완료
466,6114,1910000,5.38,6,2024-08-28,연체
467,8680,1020000,5.61,24,2023-01-24,정상
468,5443,108250000,5.59,60,2024-07-19,완료
469,3978,730000,5.3,24,2023-07-16,연체
470,6284,33230000,4.84,36,2024-06-22,정상
471,286,30080000,4.43,36,2024-04-22,정상
472,9041,730000,5.97,12,2023-05-24,정상
473,2154,2640000,5.05,12,2023-01-20,완료
474,5804,730000,5.44,24,2024-11-05,연체
475,507,1800000,5.69,12,2023-12-20,연체
476,1783,3510000,5.48,12,2024-01-24,정상
477,5260,6630000,5.55,24,2023-11-05,정상
478,6387,3370000,5.1,24,2023-01-20,정상
479,11,2100000,5.63,12,2023-10-27,정상
480,3108,730000,5.78,24,2023-02-10,정상
481,9190,20360000,5.23,36,2024-05-31,정상
482,1840,33230000,5.29,60,2023-03-18,정상
483,5354,105690000,5.85,36,2023-09-23,정상
484,8747,730000,5.66,24,2023-06-17,정상
485,9888,5100000,4.56,12,2024-11-05,정상
486,1510,3020000,4.74,24,2023-02-11,완료
487,9197,730000,5.17,12,2023-05-22,연체
488,9890,770000,5.24,12,2024-10-20,정상
489,6211,5180000,5.63,24,2024-06-04,정상
490,1116,9530000,5.28,36,2023-10-27,정상
491,3026,29010000,5.63,24,2023-08-28,정상
492,1011,730000,5.38,24,2024-08-17,연체
493,2581,2170000,5.66,24,2023-11-09,연체
494,8760,1900000,5.39,6,2024-05-30,정상
495,3352,730000,6.48,24,2023-07-14,연체
496,2776,4500000,5.03,24,2023-05-03,정상
497,3718,730000,5.65,12,2023-12-20,정상
498,8976,730000,6.14,24,2023-06-21,연체
499,8825,7020000,4.23,36,2024-05-05,정상
500,6483,108250000,5.91,24,2024-07-04,정상
501,2032,108250000,5.37,60,2024-08-26,정상
502,1379,18620000,4.38,36,2023-11-18,정상
503,2464,69550000,6.4,24,2023-03-07,정상
504,2986,4130000,5.13,36,2024-05-20,정상
505,2361,730000,5.4,24,2024-08-08,연체
506,3573,6010000,5.28,12,2023-04-11,완료
507,8064,730000,5.27,24,2023-11-13,연체
508,7920,750000,6.24,24,2024-04-28,정상
509,6470,9090000,5.13,36,2023-05-30,정상
510,9248,8180000,4.81,36,2023-06-02,정상
511,6846,6430000,5.31,24,2024-12-10,정상
512,6024,730000,5.71,6,2024-09-06,완료
513,7545,18540000,5.52,36,2023-05-06,완료
514,722,730000,5.42,12,2023-05-13,정상
515,7220,960000,4.85,24,2024-12-22,정상
516,1951,730000,6.12,24,2023-08-28,연체
517,7545,8660000,4.75,12,2024-11-11,정상
518,5631,25950000,4.65,60,2024-03-30,정상
519,7000,6010000,4.81,12,2023-06-10,정상
520,8656,730000,6.22,24,2024-10-12,연체
521,4009,108250000,5.57,60,2023-02-25,정상
522,162,2060000,4.79,24,2023-07-28,정상
523,7755,730000,5.49,6,2023-01-23,연체
524,2547,730000,6.03,24,2024-11-09,정상
525,8311,7620000,4.29,24,2024-06-27,정상
526,9849,67820000,5.65,60,2023-11-17,정상
527,100,3150000,4.93,24,2024-05-08,정상
528,8632,1570000,5.14,24,2024-08-29,정상
529,637,730000,6.09,12,2023-12-11,연체
530,3490,730000,5.59,12,2024-09-28,연체
531,9636,730000,5.5,6,2024-03-03,연체
532,4892,1390000,4.39,6,2023-10-29,정상
533,5313,730000,6.61,6,2023-07-08,연체
534,8600,36560000,4.36,60,2024-09-01,완료
535,1882,2850000,4.47,24,2024-12-25,정상
536,2674,4120000,5.01,36,2024-08-02,정상
537,8341,4470000,4.97,24,2023-03-07,연체
538,3499,880000,5.44,24,2023-04-14,정상
539,3427,730000,6.1,12,2023-06-28,정상
540,5956,5410000,5.12,36,2023-06-17,정상
541,6703,3140000,5.06,24,2024-07-22,정상
542,9269,730000,5.38,6,2024-06-02,연체
543,5909,1100000,5.63,6,2023-04-12,정상
544,2048,11990000,5.32,36,2024-07-12,정상
545,5955,1750000,5.47,12,2023-05-20,정상
546,7462,1090000,5.33,12,2024-03-27,정상
547,1011,730000,5.94,6,2023-12-17,정상
548,5266,5000000,5.2,12,2023-08-25,연체
549,9893,3940000,5.29,12,2023-02-12,정상
550,9380,75030000,4.54,60,2023-07-15,정상
551,1010,2110000,4.75,24,2024-05-10,정상
552,733,3830000,4.51,36,2024-06-21,정상
553,5403,730000,5.84,12,2024-06-12,연체
554,4503,8020000,4.77,36,2024-01-21,정상
555,7184,1460000,5.3,24,2023-08-06,연체
556,3185,1910000,4.9,6,2023-01-12,연체
557,5812,4200000,5.02,24,2023-05-22,정상
558,3678,730000,5.7,12,2023-03-19,정상
559,9989,730000,5.49,12,2024-07-04,연체
560,3835,4590000,4.92,12,2023-02-12,정상
561,4556,5490000,4.35,36,2024-03-14,정상
562,594,55080000,5.64,60,2023-02-19,정상
563,5523,108250000,4.7,24,2024-05-13,정상
564,1715,730000,5.91,12,2024-05-23,연체
565,6874,13440000,5.14,12,2023-04-05,정상
566,8178,96520000,5.66,60,2023-09-23,정상
567,2789,1480000,4.95,12,2023-11-28,연체
568,2903,87120000,5.56,60,2024-01-30,정상
569,3406,730000,5.82,12,2023-09-17,연체
570,7648,2050000,5.24,6,2023-01-20,정상
571,6479,730000,5.58,12,2023-02-06,연체
572,3804,2910000,5.26,12,2024-01-18,완료
573,1111,61400000,4.98,60,2023-03-09,완료
574,537,1660000,4.51,12,2024-10-19,정상
575,213,8860000,5.14,24,2023-09-05,정상
576,8933,730000,5.08,24,2023-04-06,연체
577,7062,1050000,5.1,6,2024-11-28,완료
578,6620,18900000,4.95,24,2023-05-18,완료
579,993,3160000,5.38,36,2023-08-11,완료
580,4315,32490000,4.39,60,2023-09-01,정상
581,5145,1200000,5.88,6,2023-12-25,완료
582,907,22530000,5.19,60,2023-02-22,정상
583,1115,2030000,5.73,12,2024-08-23,완료
584,9678,730000,6.04,6,2023-09-08,연체
585,5358,1160000,5.54,12,2024-03-19,정상
586,4240,11190000,5.44,12,2024-07-24,정상
587,166,730000,5.46,12,2023-08-14,정상
588,2401,4050000,4.35,36,2023-10-08,정상
589,3537,780000,6.06,6,2023-04-25,정상
590,4354,870000,5.31,6,2024-03-21,정상
591,5630,33170000,4.91,36,2023-05-18,완료
592,5140,730000,6.0,24,2023-10-12,연체
593,5378,1380000,4.89,12,2024-04-28,정상
594,697,3550000,5.28,24,2024-06-23,정상
595,4571,22600000,4.48,36,2024-09-09,정상
596,2047,1010000,4.89,12,2023-12-04,연체
597,9146,6330000,5.01,12,2024-08-17,완료
598,4146,13570000,5.4,24,2024-12-08,정상
599,7966,2040000,4.59,6,2023-07-20,정상
600,521,10810000,5.26,12,2023-09-17,정상
601,2335,1810000,6.0,6,2024-06-17,정상
602,1021,17310000,4.41,12,2023-08-23,정상
603,3953,17240000,4.88,24,2023-05-28,정상
604,9388,1230000,5.05,24,2023-01-20,정상
605,3759,730000,6.43,12,2023-10-11,연체
606,725,69500000,5.6,36,2023-02-11,정상
607,603,1710000,5.12,24,2024-06-30,정상
608,3869,7300000,4.51,12,2024-11-22,정상
609,6783,2420000,5.06,12,2024-05-09,정상
610,5932,3220000,4.73,12,2024-01-29,정상
611,4665,2780000,5.19,24,2023-03-14,정상
612,8106,1440000,4.69,12,2024-01-12,완료
613,7562,4560000,5.19,24,2023-12-09,정상
614,4178,730000,5.74,24,2023-12-26,연체
615,1838,1290000,5.81,6,2023-04-13,정상
616,7835,35580000,4.96,60,2023-05-07,정상
617,5572,5330000,5.43,12,2024-10-09,정상
618,6660,5780000,4.81,24,2024-01-26,완료
619,4626,37820000,4.95,24,2023-09-01,정상
620,8699,59800000,5.25,24,2023-03-17,정상
621,4642,730000,5.99,24,2024-06-27,완료
622,6715,730000,4.78,6,2023-04-24,정상
623,4464,2210000,5.32,24,2024-09-30,정상
624,586,3210000,5.9,12,2024-09-14,완료
625,3376,108250000,5.56,36,2024-11-04,정상
626,4291,3730000,4.67,12,2023-07-24,정상
627,9381,6620000,5.39,36,2024-07-17,정상
628,5768,1030000,5.69,12,2024-07-21,연체
629,65,38620000,5.18,60,2023-04-10,정상
630,9467,820000,4.94,6,2024-12-17,정상
631,539,8180000,5.44,24,2023-04-16,정상
632,9532,730000,5.09,12,2023-01-16,정상
633,4018,1160000,4.47,12,2023-06-24,정상
634,3318,3660000,5.22,12,2024-04-10,연체
635,5627,2160000,5.49,24,2023-09-08,완료
636,4447,54740000,4.83,24,2024-03-09,정상
637,7775,3950000,5.38,36,2024-02-28,정상
638,4830,59180000,5.59,24,2024-11-25,정상
639,2505,7800000,5.11,24,2024-09-19,정상
640,5602,13530000,4.86,24,2023-11-02,정상
641,1414,12020000,4.41,12,2023-03-05,정상
642,3759,730000,5.4,24,2024-06-09,연체
643,8635,730000,5.75,6,2023-09-11,연체
644,890,1340000,5.15,24,2023-04-06,연체
645,6943,730000,5.72,6,2024-10-28,연체
646,4485,1360000,5.29,24,2024-07-20,정상
647,8491,108250000,4.57,36,2024-03-03,완료
648,5531,3720000,4.98,36,2023-10-25,정상
649,1710,730000,5.55,6,2023-12-06,정상
650,3056,790000,4.67,12,2023-02-14,연체
651,9738,29620000,5.12,36,2023-11-06,정상
652,3849,2970000,4.9,12,2023-11-25,정상
653,9190,9490000,5.08,12,2024-11-26,정상
654,8642,730000,5.89,24,2023-11-19,연체
655,1461,3080000,4.94,24,2023-04-01,정상
656,777,1210000,5.68,6,2024-01-15,완료
657,32,8060000,5.5,12,2023-12-24,정상
658,9525,2810000,4.72,6,2024-07-22,정상
659,565,1160000,5.36,12,2024-06-18,정상
660,7005,780000,5.14,12,2023-08-03,정상
661,9094,1940000,5.35,24,2024-10-03,정상
662,1004,2110000,4.97,12,2023-08-27,정상
663,3990,5000000,4.86,24,2024-09-11,정상
664,9900,3250000,5.18,24,2024-08-19,정상
665,7801,1120000,5.88,12,2024-11-06,정상
666,939,40650000,4.85,60,2024-03-30,정상
667,6445,1190000,5.35,12,2023-10-10,정상
668,7495,5880000,5.54,36,2024-03-21,정상
669,7462,1130000,5.06,6,2023-03-05,완료
670,4555,730000,6.68,24,2024-07-13,연체
671,5572,4410000,5.31,36,2023-11-05,완료
672,7332,730000,5.7,6,2024-05-20,정상
673,1707,730000,5.42,12,2024-09-20,연체
674,9582,4670000,5.08,36,2023-06-29,정상
675,4629,2670000,4.78,12,2023-09-22,정상
676,5279,7480000,4.77,36,2023-07-02,정상
677,937,14520000,5.04,24,2023-11-29,정상
678,2006,64610000,5.8,24,2024-10-15,정상
679,7271,6970000,4.55,24,2023-06-24,정상
680,2269,850000,5.04,6,2024-08-02,정상
681,977,830000,5.3,24,2023-01-17,연체
682,7504,1350000,5.29,6,2023-12-20,완료
683,9652,3410000,5.06,36,2024-11-17,정상
684,4048,3570000,4.97,24,2023-02-15,정상
685,2634,2260000,5.21,12,2024-11-21,정상
686,4877,1060000,4.59,24,2023-09-14,정상
687,2002,730000,5.89,12,2023-11-10,정상
688,7356,108250000,5.46,60,2023-02-12,정상
689,4723,57050000,5.43,24,2023-06-25,정상
690,873,2780000,5.05,12,2023-04-21,정상
691,86,810000,4.64,6,2024-12-23,정상
692,9003,36620000,4.89,24,2023-10-04,정상
693,4346,1020000,5.99,12,2023-04-10,정상
694,9084,7430000,4.13,24,2024-12-02,정상
695,3570,44310000,4.99,60,2024-01-30,정상
696,6279,108250000,5.82,36,2024-08-29,정상
697,18,2340000,5.34,12,2023-01-06,정상
698,3373,730000,5.4,12,2023-05-29,연체
699,6052,730000,5.9,24,2024-05-31,정상
700,429,2610000,5.65,12,2024-02-28,정상
701,1334,2100000,5.6,24,2024-11-28,연체
702,3197,1050000,5.59,24,2024-04-22,연체
703,1897,730000,6.15,12,2023-03-15,정상
704,3658,5420000,4.17,36,2024-09-20,연체
705,3104,13350000,4.58,36,2023-01-13,정상
706,9635,750000,5.98,6,2024-11-03,정상
707,2017,730000,5.36,24,2023-07-20,정상
708,8586,3590000,4.76,36,2023-12-01,완료
709,6724,3300000,5.35,36,2023-03-24,정상
710,6950,3940000,5.58,24,2024-05-28,연체
711,8168,1570000,5.35,6,2023-08-22,정상
712,7833,108250000,5.3,24,2024-06-09,정상
713,6223,4360000,4.93,36,2023-08-26,정상
714,789,5070000,4.9,24,2023-04-20,정상
715,7711,3070000,5.66,36,2024-08-25,정상
716,4591,730000,6.54,12,2023-07-21,완료
717,5660,17400000,5.71,24,2023-12-30,연체
718,2863,730000,6.2,12,2024-04-13,연체
719,8841,730000,6.23,6,2024-07-05,연체
720,8126,1000000,5.13,12,2023-11-01,정상
721,2584,3340000,4.27,12,2023-10-17,연체
722,4989,22230000,4.94,36,2024-06-28,정상
723,5977,730000,6.42,24,2023-09-15,정상
724,9140,1360000,5.05,6,2024-05-27,연체
725,1885,730000,5.94,6,2024-03-18,정상
726,5653,1900000,5.56,24,2023-03-14,완료
727,3459,760000,5.13,12,2024-03-08,완료
728,8493,5970000,5.39,24,2023-12-16,정상
729,4918,4230000,5.66,12,2024-01-26,정상
730,8830,20760000,5.06,24,2024-12-18,완료
731,2303,4080000,5.2,36,2023-05-30,정상
732,473,1140000,5.28,24,2023-07-15,완료
733,9092,730000,5.49,24,2024-01-20,연체
734,2148,3500000,5.56,12,2024-05-13,정상
735,226,1570000,4.83,6,2023-10-09,연체
736,7036,5020000,4.58,24,2024-12-01,연체
737,6879,1280000,5.87,12,2024-08-15,연체
738,1016,1840000,4.91,24,2023-04-16,정상
739,8013,840000,6.67,6,2023-03-23,연체
740,9962,2490000,4.87,12,2024-09-25,완료
741,8740,730000,6.08,24,2024-04-10,연체
742,631,3300000,5.44,36,2023-05-08,정상
743,9947,730000,6.03,24,2023-07-14,정상
744,3630,5220000,5.01,12,2024-02-07,완료
745,9592,1580000,5.51,6,2023-11-24,정상
746,5175,1650000,5.07,12,2024-07-27,정상
747,9331,38510000,5.35,24,2023-12-20,정상
748,6309,730000,5.37,24,2023-11-08,정상
749,5554,3890000,4.86,24,2023-09-04,연체
750,97,730000,5.8,6,2023-01-27,완료
751,1927,870000,5.27,12,2023-10-16,정상
752,5532,730000,5.86,12,2023-06-05,연체
753,23,4310000,4.99,36,2024-03-22,정상
754,2965,29380000,4.82,60,2024-10-26,정상
755,3802,80210000,5.59,60,2023-12-15,정상
756,4209,4170000,5.15,24,2023-12-30,정상
757,3041,730000,6.9,12,2023-12-30,연체
758,7239,12770000,5.18,12,2024-07-03,정상
759,5640,1280000,5.19,24,2024-10-14,정상
760,3184,1840000,5.43,12,2023-01-14,정상
761,2323,730000,5.81,6,2024-07-09,연체
762,4952,1090000,4.95,12,2024-09-03,정상
763,4976,41460000,4.78,36,2023-11-24,정상
764,7533,3730000,4.87,12,2023-11-01,정상
765,199,730000,5.65,6,2023-06-03,정상
766,1063,750000,5.62,12,2024-07-28,정상
767,3961,730000,4.66,6,2024-03-05,정상
768,482,730000,6.48,24,2024-12-07,연체
769,7911,730000,6.75,24,2024-01-16,정상
770,8917,2620000,5.93,24,2024-01-03,정상
771,1055,12830000,4.9,12,2024-10-30,정상
772,2561,16150000,4.31,12,2023-01-18,완료
773,9942,730000,5.61,24,2023-11-24,연체
774,2437,730000,6.34,6,2024-02-21,정상
775,8325,10710000,4.41,24,2024-05-13,정상
776,774,3440000,4.7,36,2023-10-18,정상
777,3057,6070000,5.14,24,2024-02-24,정상
778,1159,5950000,4.85,24,2023-08-17,정상
779,8422,1070000,6.04,12,2024-06-26,정상
780,7985,800000,4.9,12,2024-09-12,연체
781,465,1010000,5.48,24,2024-06-24,연체
782,8995,26810000,4.35,36,2024-11-27,정상
783,2323,730000,6.15,24,2024-02-27,연체
784,6612,730000,5.12,12,2024-09-19,정상
785,2291,730000,6.42,24,2023-02-08,정상
786,4133,4890000,4.71,36,2023-10-31,정상
787,6169,730000,5.29,12,2023-04-09,연체
788,1262,86570000,5.83,36,2024-02-09,완료
789,8810,730000,5.42,24,2023-02-16,연체
790,1898,16840000,4.85,12,2023-01-24,정상
791,3204,1600000,5.18,24,2023-12-24,정상
792,7333,51090000,4.34,24,2024-07-16,정상
793,8510,1260000,5.25,24,2023-12-25,정상
794,4905,730000,5.81,12,2023-04-07,정상
795,3790,9440000,5.0,24,2023-08-26,정상
796,8007,51690000,4.84,24,2024-12-18,정상
797,4722,23270000,4.69,60,2024-12-13,정상
798,2751,1330000,5.73,12,2024-02-29,연체
799,9943,730000,5.56,12,2024-12-26,정상
800,4995,5540000,4.7,36,2023-10-23,정상
801,1834,4250000,4.67,12,2024-01-11,정상
802,3876,2210000,5.27,12,2023-12-07,정상
803,7143,730000,5.49,12,2024-09-30,완료
804,268,14830000,5.51,36,2024-06-18,정상
805,469,1320000,5.4,6,2024-10-28,정상
806,8591,1450000,5.24,12,2024-06-08,완료
807,5171,6520000,5.17,36,2024-09-05,정상
808,2231,2440000,4.86,24,2024-12-08,완료
809,1002,1350000,5.27,24,2023-06-21,연체
810,3702,870000,6.21,24,2024-05-01,연체
811,3434,730000,5.3,6,2024-02-06,완료
812,6380,730000,5.33,12,2023-09-11,완료
813,3841,3000000,5.59,12,2023-10-29,정상
814,4260,1400000,4.7,24,2024-06-04,완료
815,3844,75640000,5.32,60,2023-07-12,정상
816,305,730000,5.71,24,2024-03-18,정상
817,4010,730000,5.35,12,2024-11-09,연체
818,7960,730000,5.73,24,2024-02-03,연체
819,5941,1390000,6.15,12,2023-06-20,정상
820,9310,730000,5.43,12,2023-03-12,정상
821,9231,87810000,6.03,24,2023-12-28,완료
822,6312,10540000,4.96,24,2023-01-06,정상
823,60,101560000,5.98,36,2023-02-22,완료
824,1304,22030000,4.68,36,2024-02-16,정상
825,3919,3320000,5.23,12,2023-02-20,정상
826,3267,1380000,4.88,24,2024-02-14,정상
827,5324,2250000,5.37,12,2024-11-23,정상
828,5859,67910000,5.03,24,2024-07-24,정상
829,6456,730000,5.91,6,2023-04-12,정상
830,5025,15770000,4.95,12,2024-04-21,정상
831,2218,1000000,5.31,24,2023-06-07,정상
832,7188,15060000,4.36,36,2023-05-29,정상
833,152,730000,6.34,6,2023-08-12,연체
834,9086,730000,6.1,12,2023-05-13,완료
835,6266,3750000,5.81,12,2023-12-22,정상
836,5747,4910000,4.8,12,2024-12-30,정상
837,5526,9930000,4.67,12,2024-11-13,완료
838,2055,104650000,5.58,36,2024-11-02,정상
839,9449,2300000,5.51,24,2023-03-09,정상
840,7541,2600000,4.91,12,2023-06-14,정상
841,9207,13730000,4.83,36,2024-07-26,정상
842,4060,1900000,4.64,12,2023-10-24,완료
843,2487,1660000,5.51,24,2024-03-13,정상
844,488,730000,6.33,24,2023-03-06,연체
845,3823,900000,5.32,24,2024-06-08,정상
846,6025,4320000,5.28,12,2024-03-01,정상
847,7850,3780000,5.0,12,2024-08-26,정상
848,9286,2450000,4.68,12,2024-08-12,정상
849,7245,730000,5.87,6,2023-04-12,정상
850,4951,23450000,4.99,60,2023-03-28,완료
851,5821,730000,5.7,12,2024-07-19,정상
852,7206,730000,5.79,6,2024-12-28,연체
853,4335,3100000,5.08,24,2023-10-16,완료
854,3394,15930000,4.69,24,2024-01-25,정상
855,4402,730000,5.88,24,2023-07-13,연체
856,8082,2100000,5.81,6,2024-04-17,연체
857,7360,8980000,4.64,12,2023-08-31,정상
858,2716,730000,5.32,12,2023-03-16,정상
859,5924,3380000,5.26,36,2023-01-04,완료
860,4033,8290000,4.56,24,2023-03-04,정상
861,8732,1200000,5.23,12,2024-04-26,정상
862,59,760000,5.34,24,2024-11-27,연체
863,1849,15530000,5.36,24,2023-03-01,완료
864,3301,2060000,5.05,24,2023-05-15,정상
865,7491,105130000,6.3,36,2024-12-05,완료
866,6985,29310000,5.21,24,2023-03-18,정상
867,5288,730000,5.38,12,2023-10-22,완료
868,9415,1110000,4.58,6,2024-07-11,연체
869,8239,1050000,5.38,24,2023-01-11,정상
870,6490,1720000,5.25,24,2024-02-04,정상
871,6578,6770000,5.51,12,2023-06-03,정상
872,165,730000,6.31,6,2023-05-23,정상
873,4094,4620000,5.17,36,2023-05-01,정상
874,6815,10580000,4.98,24,2024-07-13,정상
875,2159,730000,5.78,12,2023-12-08,정상
876,7454,7650000,4.7,24,2023-11-17,정상
877,5049,1770000,5.26,24,2024-03-06,정상
878,8818,730000,5.25,6,2024-04-23,연체
879,1669,1680000,5.54,12,2024-05-28,정상
880,8383,21880000,4.88,60,2024-06-26,정상
881,5763,6100000,4.86,24,2024-01-05,정상
882,5417,7090000,5.47,24,2024-10-30,정상
883,8507,28410000,4.37,24,2024-06-26,정상
884,1254,4720000,5.35,24,2024-01-14,완료
885,5949,730000,5.02,12,2024-05-29,정상
886,2741,730000,5.39,6,2024-05-15,연체
887,3825,5290000,5.47,36,2024-07-02,연체
888,9841,4660000,4.93,24,2023-06-14,완료
889,5614,730000,5.49,12,2023-06-05,완료
890,5526,12590000,5.21,12,2024-08-07,정상
891,3357,1910000,4.83,24,2023-06-28,정상
892,8771,4520000,4.73,12,2023-10-27,정상
893,2880,730000,5.82,6,2024-04-13,연체
894,9502,730000,6.14,6,2023-12-24,연체
895,1435,1180000,5.14,12,2024-10-15,정상
896,9102,1470000,5.61,6,2023-11-13,정상
897,5378,870000,4.52,6,2024-05-21,정상
898,3512,101160000,5.38,60,2023-11-18,정상
899,9476,2380000,5.48,24,2024-10-25,완료
900,1984,730000,5.28,24,2023-03-23,연체
901,2677,1670000,5.19,24,2024-02-03,완료
902,5967,790000,5.02,12,2023-05-16,정상
903,8331,730000,5.65,12,2023-04-15,연체
904,1785,10190000,4.95,12,2023-09-27,정상
905,5635,1200000,5.09,24,2024-01-17,정상
906,7313,1490000,5.65,6,2024-09-20,연체
907,6646,8780000,4.29,36,2024-08-15,완료
908,7776,730000,5.73,24,2024-07-16,연체
909,8915,3460000,5.06,24,2024-12-12,완료
910,2147,2380000,5.23,12,2023-05-01,연체
911,8532,5680000,4.17,12,2023-04-12,정상
912,1112,730000,6.28,24,2024-05-12,정상
913,1757,1250000,5.52,12,2024-12-27,연체
914,7984,730000,5.3,12,2023-02-06,연체
915,7516,1860000,5.21,12,2024-04-23,정상
916,6898,13660000,4.9,12,2023-08-22,정상
917,7224,5250000,4.87,24,2023-09-04,완료
918,4043,730000,5.96,12,2024-01-15,연체
919,4858,12350000,5.67,36,2023-10-21,완료
920,9324,14380000,4.5,12,2024-07-03,정상
921,9801,7510000,5.03,24,2024-12-09,정상
922,141,5090000,4.93,12,2023-07-24,완료
923,2815,1100000,5.02,12,2024-11-14,정상
924,3601,2000000,5.32,24,2023-12-18,정상
925,7398,730000,5.61,6,2023-06-05,정상
926,5737,730000,5.29,6,2024-05-31,정상
927,8229,890000,6.1,12,2023-09-21,정상
928,1353,730000,4.97,24,2023-07-29,정상
929,5426,32040000,5.25,24,2024-03-18,정상
930,2010,890000,4.44,12,2024-01-08,정상
931,4408,20830000,4.96,60,2023-07-01,정상
932,9050,23100000,5.02,24,2024-12-27,완료
933,1786,33720000,5.61,36,2023-08-28,정상
934,918,1670000,5.03,24,2023-10-11,정상
935,7341,2340000,4.61,12,2024-10-30,정상
936,2429,730000,5.21,6,2023-02-02,완료
937,5736,1860000,5.13,24,2023-09-29,정상
938,7235,730000,5.07,6,2023-12-01,완료
939,4986,9620000,4.71,12,2023-06-22,완료
940,6000,5720000,4.8,36,2023-04-28,정상
941,9245,7910000,5.6,24,2024-09-16,정상
942,4749,730000,5.72,6,2024-03-04,정상
943,4669,3210000,4.93,24,2024-07-19,정상
944,2685,730000,6.01,12,2023-08-06,연체
945,8968,730000,5.67,6,2023-02-05,정상
946,7430,22050000,4.81,36,2024-05-21,정상
947,1222,25660000,5.91,60,2023-09-23,완료
948,2885,1340000,5.02,12,2023-06-27,연체
949,8780,3870000,4.68,12,2023-01-20,정상
950,1450,730000,5.23,12,2023-06-06,완료
951,6054,730000,6.29,12,2023-05-31,연체
952,5392,1360000,5.35,6,2023-10-17,정상
953,5716,3450000,5.51,12,2024-04-22,정상
954,265,3540000,5.13,12,2023-05-01,정상
955,8429,730000,4.87,24,2023-08-24,정상
956,4468,1700000,6.5,24,2023-10-25,정상
957,6225,36510000,5.28,36,2023-10-26,정상
958,1659,1550000,5.3,6,2024-02-16,정상
959,1948,1520000,5.55,12,2024-11-12,정상
960,5076,2280000,5.1,6,2024-08-04,정상
961,5428,45990000,4.77,24,2023-06-04,완료
962,2678,13550000,4.55,36,2024-10-14,정상
963,9879,3580000,5.1,12,2023-09-12,정상
964,6699,920000,5.02,12,2024-08-18,정상
965,8129,730000,5.5,6,2024-07-22,정상
966,1775,18480000,4.49,12,2024-11-15,정상
967,9914,9390000,4.61,24,2024-08-12,정상
968,3660,6850000,4.85,12,2023-12-23,정상
969,2477,59890000,5.37,60,2023-05-09,완료
970,1408,730000,5.24,12,2024-02-04,연체
971,7431,52590000,4.06,60,2024-12-31,정상
972,5519,1890000,4.34,6,2023-02-28,정상
973,8970,730000,4.8,6,2023-10-01,정상
974,8311,14990000,5.63,12,2023-05-28,정상
975,1287,98950000,6.02,24,2024-08-12,완료
976,5967,1640000,5.18,12,2023-04-15,완료
977,3080,2230000,5.12,6,2023-11-05,완료
978,7830,730000,5.26,6,2023-07-07,정상
979,5582,730000,5.6,24,2024-04-05,완료
980,9714,1260000,5.15,12,2023-02-15,완료
981,5944,730000,5.66,6,2023-08-17,정상
982,7064,7530000,4.43,36,2023-08-07,정상
983,9715,1750000,5.93,6,2023-04-08,연체
984,2440,12290000,4.97,36,2024-01-27,정상
985,6057,9340000,4.53,36,2024-10-21,정상
986,9747,1070000,5.73,24,2024-02-21,정상
987,8278,730000,6.45,24,2023-10-13,정상
988,8947,980000,4.84,24,2023-11-24,정상
989,4601,3540000,5.02,36,2024-03-22,정상
990,3415,730000,5.36,6,2023-02-22,정상
991,5675,10120000,3.93,36,2024-06-14,정상
992,5488,730000,5.59,6,2024-08-04,완료
993,3981,730000,6.18,6,2023-05-07,연체
994,6881,7010000,5.05,12,2023-03-08,완료
995,5501,1810000,5.4,24,2024-04-20,정상
996,7604,730000,5.67,12,2024-12-26,연체
997,42,1160000,5.63,12,2023-05-16,정상
998,1894,1560000,5.21,6,2024-01-19,정상
999,5616,63090000,5.26,60,2023-03-17,정상
1000,6413,108250000,5.87,36,2024-10-08,완료
1001,6031,3710000,5.05,24,2024-08-19,정상
1002,8371,730000,5.58,24,2024-10-05,정상
1003,4291,2580000,5.32,24,2024-05-16,정상
1004,2381,12730000,4.53,24,2023-07-17,정상
1005,6086,730000,6.35,12,2023-06-03,완료
1006,5284,2280000,5.12,12,2024-06-09,정상
1007,6267,6030000,5.25,24,2024-04-20,정상
1008,7262,730000,5.39,24,2024-03-13,연체
1009,1632,108250000,5.59,60,2023-09-14,정상
1010,8503,4280000,5.09,24,2023-05-15,정상
1011,4275,1110000,4.63,6,2024-08-15,정상
1012,7626,17100000,3.9,12,2024-07-28,정상
1013,7674,1810000,4.5,6,2023-07-30,완료
1014,3182,730000,6.78,24,2024-04-01,정상
1015,9590,1430000,5.43,6,2023-09-16,정상
1016,1987,5670000,4.41,36,2024-04-09,완료
1017,7325,730000,5.78,24,2024-12-16,연체
1018,9623,2860000,5.28,6,2024-11-10,정상
1019,3556,730000,4.75,6,2023-12-19,완료
1020,9345,3060000,5.06,36,2023-01-03,정상
1021,6234,1110000,5.94,24,2023-07-21,연체
1022,2040,730000,5.75,6,2023-01-15,정상
1023,5946,76090000,5.67,36,2024-01-04,정상
1024,4852,2220000,5.0,6,2023-01-11,완료
1025,2521,730000,5.27,6,2023-02-24,정상
1026,8006,730000,5.1,6,2024-02-23,완료
1027,5009,1480000,4.8,24,2024-06-15,정상
1028,6277,730000,5.48,24,2024-02-22,연체
1029,4449,4790000,5.13,12,2023-02-14,완료
1030,5894,9900000,5.18,12,2023-09-27,정상
1031,7969,88820000,5.57,24,2024-11-04,정상
1032,6814,9540000,4.37,36,2024-09-07,완료
1033,8298,1930000,5.58,24,2023-03-02,연체
1034,8001,5320000,5.51,12,2023-04-02,정상
1035,5995,2980000,4.96,24,2024-08-02,완료
1036,1574,6930000,4.55,12,2023-07-30,정상
1037,4756,730000,5.0,12,2023-12-10,완료
1038,5249,1830000,5.2,6,2024-11-09,정상
1039,4154,16170000,4.91,12,2024-03-12,정상
1040,8158,21060000,4.7,60,2024-05-28,완료
1041,8155,13440000,5.2,36,2023-01-05,정상
1042,8737,2200000,5.44,24,2024-12-14,정상
1043,1601,7080000,5.19,36,2024-01-19,정상
1044,6319,940000,5.5,24,2023-03-24,연체
1045,825,730000,5.39,6,2023-08-15,연체
1046,4721,4130000,5.03,36,2024-02-26,정상
1047,7373,2810000,5.61,24,2023-05-18,정상
1048,4874,730000,5.95,6,2024-04-08,연체
1049,4945,3610000,4.92,24,2024-03-23,정상
1050,3502,1230000,5.85,24,2024-11-28,정상
1051,1324,840000,5.64,6,2024-06-10,정상
1052,3259,7070000,4.95,12,2023-03-25,정상
1053,7066,730000,5.78,24,2024-02-03,정상
1054,8874,11600000,5.03,12,2023-10-22,정상
1055,9730,1480000,4.51,24,2023-10-02,정상
1056,72,1730000,5.31,6,2024-01-16,완료
1057,9071,4260000,5.27,24,2024-08-06,정상
1058,1462,6750000,4.6,36,2023-09-01,정상
1059,8820,910000,5.63,24,2024-01-06,정상
1060,37,8330000,4.89,12,2024-08-22,정상
1061,9241,730000,6.24,24,2024-08-31,연체
1062,3559,3560000,4.99,36,2023-07-08,정상
1063,9003,37150000,6.02,60,2024-08-06,정상
1064,377,730000,5.48,6,2023-06-09,정상
1065,2054,4080000,4.79,24,2023-07-21,정상
1066,8988,730000,5.85,24,2024-07-08,정상
1067,8849,2680000,5.1,12,2023-06-15,완료
1068,9922,1320000,5.11,24,2024-05-17,정상
1069,5395,1090000,5.45,12,2024-12-27,완료
1070,7549,730000,5.7,24,2023-02-14,연체
1071,9321,5670000,5.02,12,2024-07-14,정상
1072,2328,730000,5.22,12,2023-05-01,연체
1073,3567,730000,6.19,6,2024-08-01,연체
1074,636,730000,5.65,6,2023-10-01,연체
1075,4295,14720000,5.23,12,2023-10-17,정상
1076,29,10620000,4.73,12,2023-05-31,정상
1077,1917,730000,4.95,6,2023-10-14,정상
1078,2932,840000,5.72,24,2023-08-29,정상
1079,2357,730000,5.87,12,2024-01-26,연체
1080,8254,105410000,5.77,60,2024-01-20,정상
1081,3498,1540000,5.28,6,2023-04-11,완료
1082,4675,730000,4.94,24,2023-07-18,연체
1083,9915,4410000,5.11,36,2024-02-03,정상
1084,9694,730000,5.65,24,2024-10-12,완료
1085,9587,760000,5.38,12,2023-10-31,정상
1086,9554,30600000,4.4,24,2023-03-08,완료
1087,9372,1490000,5.18,12,2024-08-08,정상
1088,2,14880000,4.57,24,2024-01-24,정상
1089,6442,790000,5.93,12,2023-01-10,연체
1090,535,730000,5.36,12,2024-11-14,정상
1091,6787,8020000,4.55,36,2023-10-04,정상
1092,8978,5550000,4.93,24,2023-04-01,연체
1093,2754,8730000,4.08,24,2024-08-31,정상
1094,8598,820000,6.12,24,2024-08-04,연체
1095,9140,730000,5.83,24,2024-11-02,연체
1096,2766,6790000,5.27,36,2023-10-04,정상
1097,4889,1970000,4.53,12,2024-08-14,완료
1098,689,730000,5.78,6,2023-05-31,정상
1099,7555,730000,6.29,12,2023-12-24,정상
1100,548,6050000,5.16,12,2024-08-28,정상
1101,818,730000,5.31,12,2024-02-12,정상
1102,3206,13030000,5.62,24,2023-10-06,정상
1103,7534,1850000,4.68,6,2024-12-09,완료
1104,4683,4210000,4.79,12,2023-06-22,정상
1105,948,55920000,5.08,60,2023-04-26,완료
1106,6700,1310000,5.76,12,2024-11-01,연체
1107,9039,7960000,4.73,36,2024-09-27,정상
1108,9471,730000,5.19,6,2023-12-06,정상
1109,7041,10540000,5.19,36,2024-03-31,정상
1110,6113,2510000,4.84,6,2023-03-12,정상
1111,7101,29520000,4.78,36,2024-09-01,정상
1112,3574,3940000,5.82,12,2023-09-20,정상
1113,944,730000,5.92,6,2023-12-17,정상
1114,7504,1470000,5.12,6,2024-02-28,정상
1115,1215,910000,5.66,6,2024-06-03,정상
1116,4663,730000,6.46,6,2024-08-07,연체
1117,4268,6660000,3.95,12,2024-05-25,정상
1118,5431,3520000,4.77,12,2024-09-02,정상
1119,9986,46280000,5.96,36,2023-10-27,완료
1120,3288,1260000,4.65,6,2023-05-16,정상
1121,957,4590000,4.08,12,2024-12-17,정상
1122,6245,820000,5.14,6,2024-08-30,완료
1123,4324,730000,4.69,24,2024-01-16,정상
1124,1811,730000,5.0,12,2024-07-11,완료
1125,5936,1570000,5.04,6,2024-05-16,정상
1126,3352,730000,6.39,6,2024-10-12,정상
1127,3293,10130000,4.14,36,2024-01-26,정상
1128,7134,1710000,6.1,6,2024-12-28,정상
1129,1290,10480000,4.98,24,2024-05-22,정상
1130,571,730000,5.69,24,2023-03-16,연체
1131,4823,870000,6.73,12,2024-10-06,완료
1132,7108,33830000,4.25,24,2024-12-16,정상
1133,6194,730000,6.06,6,2024-02-15,정상
1134,3569,870000,5.6,6,2023-07-23,정상
1135,7111,1940000,5.27,12,2024-04-16,정상
1136,5789,960000,5.29,6,2024-12-01,정상
1137,1025,6390000,5.18,36,2024-07-02,정상
1138,888,730000,4.96,6,2023-08-10,연체
1139,3316,730000,5.77,12,2023-01-10,정상
1140,7737,730000,5.55,6,2024-01-13,정상
1141,5626,14810000,5.13,36,2023-09-05,정상
1142,3993,8250000,4.68,36,2024-02-12,정상
1143,9927,730000,5.79,12,2023-08-06,연체
1144,2358,107060000,6.15,36,2023-02-02,정상
1145,387,730000,5.52,6,2023-01-28,정상
1146,9373,730000,4.95,12,2023-09-29,정상
1147,5135,730000,6.0,12,2024-09-03,연체
1148,8309,1100000,5.31,24,2024-07-04,정상
1149,8122,1850000,5.87,6,2024-10-21,정상
1150,9227,730000,5.85,6,2023-03-31,정상
1151,1869,1130000,5.72,24,2023-12-17,정상
1152,5955,870000,5.78,12,2023-03-23,정상
1153,2160,21680000,4.93,60,2024-04-03,정상
1154,8535,7600000,4.94,36,2023-05-08,정상
1155,2311,2580000,5.24,24,2024-09-03,정상
1156,1786,20330000,4.43,36,2023-06-21,정상
1157,595,2110000,5.59,12,2024-01-16,연체
1158,5714,16630000,4.75,36,2024-07-08,정상
1159,5113,730000,6.07,12,2023-12-18,정상
1160,8606,2650000,4.91,6,2024-10-27,완료
1161,9377,94560000,5.54,36,2023-04-01,정상
1162,7177,1090000,5.65,6,2024-09-08,연체
1163,1574,18480000,5.23,36,2024-03-05,정상
1164,6373,1130000,5.49,6,2024-03-17,정상
1165,4461,1360000,5.39,24,2023-05-08,정상
1166,8348,730000,5.79,24,2023-08-08,정상
1167,4655,910000,5.43,6,2023-08-13,연체
1168,5488,730000,5.97,6,2024-12-19,정상
1169,2375,1730000,5.07,12,2024-04-19,정상
1170,399,2210000,4.44,12,2023-06-18,정상
1171,6656,730000,5.19,24,2023-10-09,정상
1172,7253,1150000,5.89,24,2024-12-06,완료
1173,4763,730000,5.69,6,2023-04-30,연체
1174,8054,740000,5.33,24,2024-02-12,연체
1175,9417,5230000,4.36,24,2023-11-13,완료
1176,9607,12710000,5.24,36,2024-06-22,연체
1177,1985,6170000,5.15,24,2024-12-18,완료
1178,2982,730000,5.89,24,2023-07-01,정상
1179,8038,3210000,5.13,36,2023-08-27,정상
1180,181,2350000,4.64,6,2024-04-15,정상
1181,6781,1390000,5.37,24,2023-03-29,정상
1182,8921,750000,5.52,12,2024-04-30,완료
1183,7551,9210000,4.53,12,2023-10-06,정상
1184,8484,1870000,4.92,24,2024-06-28,정상
1185,5757,40390000,5.05,60,2024-03-09,정상
1186,7992,990000,5.44,6,2023-01-12,정상
1187,2764,31410000,6.15,60,2023-04-11,완료
1188,1975,730000,5.58,12,2024-05-13,정상
1189,5462,6190000,4.98,24,2023-11-22,정상
1190,5332,22590000,4.14,24,2023-09-21,정상
1191,692,730000,5.76,12,2024-06-10,연체
1192,6700,2590000,5.5,12,2024-02-26,완료
1193,2535,730000,5.64,12,2024-02-10,정상
1194,7581,10200000,5.26,24,2023-11-25,연체
1195,763,740000,5.83,12,2024-07-11,정상
1196,5289,3330000,5.49,24,2024-06-06,완료
1197,9284,730000,5.35,12,2024-12-08,완료
1198,3885,1860000,5.9,24,2023-03-29,정상
1199,996,730000,5.65,6,2024-05-27,정상
1200,9065,21150000,4.9,60,2024-07-15,정상
1201,3674,15110000,4.73,24,2024-03-29,정상
1202,8904,14560000,4.33,24,2023-06-27,정상
1203,4512,3880000,4.41,12,2023-05-29,연체
1204,3717,900000,5.7,24,2024-04-23,연체
1205,1810,108250000,5.33,60,2023-03-16,완료
1206,8833,3510000,4.56,12,2023-04-04,정상
1207,6422,730000,6.1,12,2024-08-28,연체
1208,1505,830000,5.98,24,2024-11-02,완료
1209,7648,1950000,5.35,6,2024-04-14,연체
1210,8892,730000,4.99,6,2024-07-04,정상
1211,2827,19310000,4.87,24,2024-07-18,정상
1212,2151,2370000,4.69,6,2024-02-28,정상
1213,5091,1230000,5.14,12,2024-10-30,정상
1214,1679,1090000,5.36,6,2023-04-24,완료
1215,3988,730000,5.69,24,2024-12-08,연체
1216,7710,730000,5.02,12,2023-10-12,연체
1217,7507,730000,5.41,12,2023-07-25,완료
1218,95,800000,5.97,24,2024-02-26,정상
1219,4364,730000,5.62,24,2024-04-15,정상
1220,6923,2250000,5.86,24,2023-04-03,연체
1221,4674,5130000,3.76,24,2024-04-15,연체
1222,120,57790000,5.1,60,2024-11-19,완료
1223,3822,36570000,4.3,60,2024-06-10,정상
1224,8572,108250000,5.38,24,2024-07-15,완료
1225,4374,1140000,4.34,6,2024-10-17,정상
1226,973,1230000,5.34,6,2023-07-11,정상
1227,9017,850000,5.37,12,2024-03-31,연체
1228,4872,730000,5.55,6,2023-12-09,연체
1229,3136,730000,5.93,6,2023-06-13,연체
1230,6643,730000,5.85,12,2024-08-17,연체
1231,6394,730000,6.34,24,2024-07-23,정상
1232,3440,810000,4.9,6,2023-01-14,완료
1233,6368,730000,6.07,6,2024-09-04,연체
1234,9619,4370000,5.47,12,2023-11-26,완료
1235,6052,730000,5.24,24,2023-12-27,정상
1236,8449,730000,5.38,24,2024-11-12,연체
1237,4129,2270000,5.26,24,2023-07-28,정상
1238,5581,3630000,5.7,12,2024-12-08,정상
1239,4415,8260000,4.65,24,2023-03-04,정상
1240,1627,1010000,4.96,12,2024-07-04,완료
1241,172,1930000,5.23,12,2024-03-29,정상
1242,8110,22630000,4.75,36,2023-10-28,정상
1243,9503,9210000,4.54,36,2023-03-20,정상
1244,3828,3370000,4.86,36,2024-05-07,완료
1245,5856,730000,5.26,24,2024-01-20,연체
1246,7410,730000,5.34,24,2024-10-02,완료
1247,1618,2220000,5.31,12,2024-04-18,정상
1248,9591,3130000,5.57,24,2023-03-04,정상
1249,6317,4320000,5.42,36,2024-08-24,정상
1250,923,730000,5.05,12,2024-12-09,연체
1251,7165,770000,4.96,12,2024-01-22,정상
1252,5042,8740000,4.91,36,2023-08-26,정상
1253,1693,1410000,6.05,6,2023-02-23,정상
1254,9443,750000,4.64,24,2023-01-07,정상
1255,7832,4030000,4.68,36,2023-03-04,정상
1256,6224,3920000,5.42,36,2024-01-19,연체
1257,7241,5180000,4.91,36,2023-03-28,정상
1258,6038,730000,4.91,24,2024-04-13,완료
1259,3656,730000,5.65,24,2023-02-24,연체
1260,6975,1560000,5.17,12,2024-06-28,정상
1261,1376,2140000,5.41,12,2023-01-23,정상
1262,4764,14720000,4.43,12,2023-12-02,연체
1263,7211,730000,5.18,6,2024-05-21,연체
1264,5710,1040000,5.67,24,2024-04-08,완료
1265,6283,2380000,4.97,12,2023-08-25,정상
1266,4724,4180000,4.76,24,2024-10-28,완료
1267,5217,1970000,5.72,12,2023-11-04,정상
1268,7765,730000,5.1,6,2024-08-09,연체
1269,3364,1440000,5.4,24,2023-03-19,정상
1270,3566,730000,6.94,6,2023-05-11,정상
1271,720,860000,5.57,6,2023-05-03,연체
1272,25,18990000,4.29,24,2024-04-13,정상
1273,6768,7230000,5.7,12,2023-11-21,정상
1274,2704,850000,6.54,12,2023-11-26,연체
1275,2000,1270000,5.17,6,2023-12-29,연체
1276,7057,8730000,4.29,12,2023-02-22,정상
1277,6476,3360000,5.65,36,2023-05-18,정상
1278,6595,730000,4.77,24,2024-05-29,완료
1279,5281,21160000,4.85,24,2024-03-08,정상
1280,7890,60340000,5.74,60,2024-07-22,정상
1281,200,930000,5.98,12,2024-04-16,완료
1282,1519,730000,5.59,12,2024-02-15,연체
1283,2656,970000,5.01,6,2024-06-20,정상
1284,1145,1450000,4.44,12,2023-05-15,정상
1285,1284,21290000,4.69,36,2024-11-13,완료
1286,2553,1200000,4.93,12,2023-12-12,완료
1287,9337,730000,6.11,12,2024-10-05,연체
1288,8479,7160000,5.5,12,2024-12-02,정상
1289,6135,1980000,4.49,6,2023-07-24,완료
1290,5936,2770000,5.94,24,2023-07-20,완료
1291,2163,730000,5.87,24,2024-09-24,정상
1292,9376,730000,5.24,12,2023-12-24,정상
1293,127,20550000,4.08,60,2023-09-28,정상
1294,2091,1360000,5.61,6,2024-09-25,정상
1295,8087,9610000,4.77,36,2024-03-13,정상
1296,7638,730000,5.53,6,2023-08-24,정상
1297,774,3690000,4.87,24,2023-11-17,정상
1298,5043,3330000,5.02,36,2024-01-11,정상
1299,1512,19310000,5.41,12,2023-04-23,정상
1300,9514,18900000,4.5,36,2024-01-24,정상
1301,1270,2210000,5.49,6,2023-03-05,정상
1302,6681,1810000,5.06,24,2024-12-08,정상
1303,9190,9540000,4.44,24,2023-12-08,완료
1304,2132,10250000,5.2,24,2024-10-26,완료
1305,7828,2460000,4.93,12,2023-06-10,완료
1306,6623,11550000,4.1,12,2023-10-02,정상
1307,5562,730000,6.1,24,2023-08-03,완료
1308,8713,730000,5.74,12,2023-11-15,연체
1309,2580,840000,5.15,6,2023-12-09,정상
1310,520,1350000,4.94,6,2024-12-20,정상
1311,7460,2590000,4.34,6,2024-03-16,정상
1312,4089,11080000,5.23,36,2024-01-28,정상
1313,6596,2400000,4.86,12,2023-07-27,정상
1314,2081,730000,5.6,6,2023-12-22,연체
1315,2279,2970000,5.07,24,2024-10-08,연체
1316,2998,13220000,5.25,36,2023-02-16,정상
1317,5367,1700000,4.78,24,2024-12-15,정상
1318,4961,2160000,4.83,24,2024-12-17,연체
1319,9865,8810000,4.45,36,2023-12-15,정상
1320,7830,730000,5.58,12,2023-05-25,정상
1321,7916,11170000,4.61,36,2024-05-29,정상
1322,4617,7080000,4.75,36,2023-08-23,정상
1323,3377,55540000,5.11,60,2023-12-20,정상
1324,4082,730000,5.49,24,2024-07-21,정상
1325,6973,1890000,5.57,24,2023-10-20,완료
1326,6463,900000,5.42,6,2023-09-29,정상
1327,679,730000,6.21,12,2023-05-01,정상
1328,1557,39690000,4.25,24,2023-09-22,정상
1329,2569,13600000,4.16,24,2023-03-04,완료
1330,1341,1510000,5.58,6,2024-04-12,정상
1331,5912,730000,5.45,12,2024-12-13,정상
1332,5804,1360000,5.42,12,2023-10-13,정상
1333,1385,4740000,4.5,36,2024-10-13,정상
1334,5643,6320000,4.73,36,2024-03-07,정상
1335,4196,14090000,5.58,36,2023-11-16,정상
1336,2224,820000,4.72,24,2024-08-01,정상
1337,1344,2770000,4.9,12,2024-04-03,정상
1338,7091,1290000,5.11,24,2023-05-14,정상
1339,5213,1910000,5.21,6,2023-08-25,연체
1340,3605,7850000,4.54,36,2024-01-28,정상
1341,278,3580000,5.06,12,2024-12-02,완료
1342,9757,730000,5.7,6,2024-12-11,연체
1343,7273,15600000,4.76,36,2024-11-14,정상
1344,2564,890000,5.07,12,2023-12-21,정상
1345,6816,730000,5.71,24,2024-04-23,정상
1346,162,810000,4.95,6,2023-07-20,정상
1347,3210,83440000,5.6,36,2023-01-22,정상
1348,9286,2220000,5.15,6,2024-10-03,정상
1349,2511,3350000,5.5,36,2024-11-26,정상
1350,4298,730000,5.7,24,2024-06-02,정상
1351,4175,1760000,4.77,12,2024-02-27,완료
1352,5993,730000,5.96,24,2023-06-04,정상
1353,6440,2500000,5.47,6,2024-02-26,정상
1354,5106,37780000,4.93,36,2024-07-23,정상
1355,5130,730000,5.97,6,2024-12-05,연체
1356,5977,730000,5.51,12,2024-02-23,정상
1357,7723,1640000,5.9,12,2023-12-29,정상
1358,3900,2370000,5.4,6,2023-02-03,완료
1359,1343,1720000,5.18,12,2023-04-12,정상
1360,4208,14450000,4.37,12,2023-01-06,정상
1361,5681,730000,5.73,12,2023-05-03,연체
1362,6285,12770000,4.9,12,2024-12-11,정상
1363,2334,1760000,5.49,6,2023-03-18,정상
1364,5204,1530000,6.19,12,2024-02-14,연체
1365,4750,1950000,5.12,6,2024-12-15,정상
1366,1051,730000,5.99,6,2023-02-03,연체
1367,9212,730000,5.62,24,2024-12-20,연체
1368,5900,2750000,5.31,24,2023-09-20,정상
1369,3554,730000,6.9,6,2024-09-15,완료
1370,6590,760000,6.43,24,2024-08-22,연체
1371,9632,108250000,4.34,60,2023-09-18,정상
1372,6639,730000,5.54,6,2023-03-03,정상
1373,2389,730000,5.27,24,2024-11-20,정상
1374,3136,730000,6.62,24,2024-01-29,연체
1375,9054,730000,5.59,12,2023-03-24,연체
1376,2495,4810000,5.2,12,2023-05-21,정상
1377,5983,31100000,5.35,36,2024-02-28,완료
1378,7209,730000,5.01,24,2024-03-01,연체
1379,9048,880000,5.2,12,2024-06-12,정상
1380,20,7290000,5.27,12,2023-05-29,연체
1381,8993,6890000,5.4,12,2023-09-06,정상
1382,4913,730000,6.95,24,2024-05-05,연체
1383,3616,108250000,5.84,60,2024-09-19,정상
1384,6962,1870000,5.19,12,2023-05-30,정상
1385,346,730000,5.8,24,2024-03-09,정상
1386,6281,730000,5.83,24,2024-03-13,완료
1387,153,19160000,4.34,24,2023-11-22,완료
1388,1496,1600000,5.96,24,2024-02-01,정상
1389,8508,1530000,5.8,24,2024-02-14,연체
1390,7815,730000,5.24,6,2024-07-26,연체
1391,5454,3170000,4.43,24,2024-09-07,정상
1392,6990,730000,5.89,12,2023-08-13,정상
1393,396,8800000,4.71,36,2023-11-06,완료
1394,1861,3720000,5.1,36,2024-03-08,완료
1395,1050,730000,5.39,24,2023-03-09,연체
1396,8728,2920000,5.01,24,2024-05-04,연체
1397,6425,108250000,5.95,24,2024-03-28,완료
1398,4186,930000,5.29,6,2023-04-18,완료
1399,8142,4830000,4.77,36,2024-08-25,연체
1400,733,8440000,4.78,36,2023-09-17,정상
1401,6586,730000,5.86,6,2024-08-07,정상
1402,2424,730000,7.04,12,2023-04-14,연체
1403,9725,3500000,5.2,12,2024-03-09,완료
1404,6183,730000,5.38,12,2023-04-27,완료
1405,3128,30040000,4.89,60,2024-03-14,완료
1406,3270,3260000,4.74,24,2024-01-05,정상
1407,38,10760000,4.93,36,2023-07-06,정상
1408,8656,730000,6.38,12,2024-02-02,정상
1409,916,1010000,5.65,12,2023-12-03,정상
1410,938,20050000,4.94,36,2023-12-13,정상
1411,3712,4290000,5.11,24,2023-04-27,완료
1412,7332,730000,4.93,24,2023-06-18,정상
1413,2176,8080000,4.3,36,2023-11-09,정상
1414,1389,730000,5.39,6,2024-07-30,연체
1415,5098,870000,5.37,24,2024-12-08,정상
1416,8275,1500000,4.87,12,2023-11-16,완료
1417,269,730000,5.38,24,2023-11-19,정상
1418,7607,3480000,4.14,24,2024-04-12,정상
1419,7733,730000,5.98,12,2024-09-21,연체
1420,751,4770000,5.01,24,2024-08-29,정상
1421,5584,730000,5.6,6,2023-01-16,완료
1422,9899,10220000,4.58,12,2024-06-06,정상
1423,3077,1970000,4.96,6,2024-02-22,정상
1424,3922,730000,5.81,24,2024-06-06,연체
1425,5411,730000,5.2,12,2024-05-08,정상
1426,8317,1610000,5.05,12,2023-03-29,연체
1427,9956,10390000,4.4,36,2023-11-14,완료
1428,3284,730000,5.56,12,2023-11-08,정상
1429,6232,730000,5.24,12,2024-08-15,연체
1430,7551,7500000,5.17,24,2023-09-13,정상
1431,8691,730000,5.73,6,2024-12-29,정상
1432,2172,5560000,5.8,36,2024-09-04,정상
1433,393,730000,5.51,24,2024-05-22,연체
1434,5321,29360000,5.02,36,2024-08-22,완료
1435,1819,730000,5.71,6,2024-12-20,연체
1436,7673,27080000,4.65,24,2023-09-26,연체
1437,3457,2080000,5.02,24,2023-02-13,정상
1438,4848,33960000,5.13,60,2024-12-28,정상
1439,4830,35990000,4.59,36,2023-09-04,정상
1440,6722,1190000,5.19,24,2024-05-02,정상
1441,777,1370000,5.39,12,2023-09-14,연체
1442,1272,35600000,5.44,36,2023-11-05,정상
1443,5023,23430000,4.77,24,2023-07-23,정상
1444,9330,2230000,6.09,12,2023-03-03,정상
1445,9930,730000,6.07,12,2024-04-21,정상
1446,9227,730000,5.62,12,2023-05-11,정상
1447,7857,11800000,5.41,12,2024-11-18,정상
1448,4254,730000,5.92,6,2024-12-15,정상
1449,3384,57450000,4.97,36,2023-01-06,정상
1450,7406,730000,5.31,24,2023-11-30,연체
1451,5222,890000,6.04,12,2023-08-02,완료
1452,5150,17460000,4.67,36,2024-03-16,정상
1453,8290,40850000,5.81,60,2023-01-30,정상
1454,4133,6880000,5.43,24,2024-07-31,정상
1455,3203,5310000,5.46,12,2024-04-10,정상
1456,3669,3370000,5.3,36,2023-08-14,정상
1457,1744,5950000,6.05,36,2023-10-10,정상
1458,8493,2830000,4.91,6,2024-08-20,정상
1459,97,740000,6.23,24,2023-10-13,연체
1460,4207,730000,5.51,12,2024-07-05,정상
1461,4694,730000,5.94,12,2023-01-04,정상
1462,6713,6730000,4.58,36,2023-10-07,정상
1463,6728,3270000,4.95,24,2023-11-14,정상
1464,2352,730000,5.67,24,2023-05-05,연체
1465,8381,70950000,5.35,36,2024-02-23,정상
1466,3037,730000,5.85,24,2024-05-01,정상
1467,9033,1000000,4.89,24,2023-09-28,정상
1468,808,2480000,4.6,24,2024-11-07,완료
1469,8401,730000,5.83,12,2024-06-12,정상
1470,3565,1250000,4.86,6,2023-02-06,정상
1471,8314,108250000,5.61,60,2023-02-23,정상
1472,5408,730000,6.4,6,2023-05-21,연체
1473,3946,61050000,5.17,60,2024-12-27,정상
1474,8575,58360000,5.61,36,2024-11-24,정상
1475,6007,1310000,5.64,12,2023-09-04,연체
1476,9482,5560000,4.45,36,2024-09-07,정상
1477,3543,2370000,5.11,6,2023-10-15,정상
1478,2557,26160000,4.51,24,2023-11-03,정상
1479,3741,730000,6.15,12,2024-05-26,연체
1480,2349,7670000,4.64,36,2023-09-19,정상
1481,8389,730000,5.62,12,2023-12-27,완료
1482,4839,15630000,4.32,36,2023-02-21,정상
1483,6599,890000,5.89,6,2023-08-27,정상
1484,9916,1500000,5.22,24,2023-04-17,정상
1485,756,730000,5.08,12,2024-08-22,정상
1486,3355,5220000,5.07,12,2023-09-25,정상
1487,1760,8090000,4.51,12,2023-10-10,정상
1488,5758,9000000,4.7,24,2023-07-10,정상
1489,3024,730000,5.69,6,2024-12-04,연체
1490,2006,61530000,4.89,36,2023-06-29,정상
1491,4159,2730000,5.46,24,2023-01-24,정상
1492,8967,730000,6.06,12,2024-10-21,연체
1493,58,28460000,5.18,24,2023-08-19,정상
1494,5686,730000,5.12,12,2024-06-06,정상
1495,440,790000,6.18,6,2023-02-08,연체
1496,5137,1030000,5.68,12,2024-04-04,정상
1497,7979,730000,5.4,24,2023-10-30,연체
1498,9180,10880000,4.48,24,2023-09-08,완료
1499,4428,730000,5.8,6,2024-09-18,정상
1500,1832,730000,5.62,6,2024-02-25,연체
1501,8304,2380000,4.69,24,2023-01-30,정상
1502,443,860000,5.17,24,2023-02-24,정상
1503,2280,6010000,5.91,36,2023-05-29,정상
1504,9392,2170000,4.61,6,2023-08-23,완료
1505,9615,920000,5.38,6,2024-02-26,연체
1506,3094,1910000,4.98,12,2023-01-18,정상
1507,3040,16150000,3.99,36,2023-11-04,정상
1508,4954,760000,5.5,12,2024-01-16,정상
1509,6474,730000,5.69,24,2023-06-19,연체
1510,6339,1200000,4.59,6,2024-04-14,정상
1511,8476,1350000,5.7,12,2023-07-13,정상
1512,8853,730000,6.29,6,2023-07-13,연체
1513,9764,2060000,4.44,12,2024-06-06,정상
1514,5980,2050000,5.76,6,2024-10-22,정상
1515,61,30820000,4.9,24,2023-12-28,완료
1516,3705,108250000,6.55,24,2024-07-21,정상
1517,4219,6470000,5.59,12,2024-02-10,연체
1518,7362,4260000,4.84,12,2024-10-25,정상
1519,9778,2680000,4.36,12,2024-10-15,정상
1520,9045,950000,4.69,24,2023-12-31,연체
1521,3468,730000,6.31,6,2023-07-05,연체
1522,3095,1190000,4.85,12,2023-05-27,정상
1523,8519,5400000,5.5,36,2023-04-13,정상
1524,1777,11000000,4.51,24,2024-10-04,정상
1525,6281,1190000,5.8,12,2023-04-28,연체
1526,82,4050000,4.4,24,2023-11-21,완료
1527,9767,2030000,5.27,6,2024-03-05,정상
1528,6242,4490000,5.34,36,2024-11-14,정상
1529,765,31650000,5.51,60,2023-02-02,정상
1530,7162,730000,5.99,24,2024-04-03,연체
1531,7252,108250000,5.09,36,2023-10-16,정상
1532,1910,27160000,5.61,36,2023-04-04,정상
1533,6620,7420000,5.0,36,2023-03-30,정상
1534,9305,730000,6.63,24,2023-12-01,연체
1535,7119,41480000,4.87,60,2023-07-08,완료
1536,6146,3100000,5.03,36,2024-10-21,완료
1537,8322,2420000,5.17,12,2023-03-22,정상
1538,8,2720000,4.88,24,2024-08-03,정상
1539,9244,3290000,4.25,24,2023-11-03,정상
1540,6966,730000,5.47,24,2024-10-12,정상
1541,4764,35310000,5.14,60,2024-12-31,연체
1542,7827,730000,6.01,12,2024-07-03,연체
1543,2415,730000,5.27,24,2024-07-28,정상
1544,5217,1680000,5.52,24,2023-01-19,정상
1545,6409,4630000,5.25,12,2024-07-05,정상
1546,8472,730000,4.51,12,2024-04-17,정상
1547,2902,2780000,5.47,12,2024-08-09,정상
1548,959,730000,6.06,24,2024-01-14,정상
1549,433,1020000,5.39,6,2023-05-20,연체
1550,5933,730000,6.03,6,2023-04-08,연체
1551,8827,4790000,5.62,24,2023-10-13,정상
1552,5366,33620000,5.77,36,2023-02-11,정상
1553,577,30630000,4.47,24,2023-02-15,정상
1554,9554,19730000,4.64,36,2023-02-19,정상
1555,2384,3350000,4.78,12,2024-12-01,정상
1556,1236,7450000,5.31,12,2024-02-15,정상
1557,2403,730000,5.6,6,2023-10-18,완료
1558,5777,1230000,4.93,24,2024-09-14,연체
1559,7235,730000,5.99,6,2023-02-27,정상
1560,8738,22430000,6.02,24,2023-12-02,정상
1561,5503,10690000,5.7,24,2024-06-22,정상
1562,4340,42300000,4.93,24,2023-03-15,정상
1563,400,730000,6.04,6,2024-10-07,연체
1564,6197,1240000,5.21,24,2024-09-30,정상
1565,7744,2160000,4.9,6,2023-02-05,정상
1566,4760,1290000,6.18,12,2024-12-08,정상
1567,8705,7430000,5.03,24,2024-02-06,정상
1568,3961,1670000,4.99,12,2024-11-14,정상
1569,5081,730000,5.2,6,2023-09-12,연체
1570,9055,21230000,5.1,60,2024-04-30,정상
1571,8885,880000,5.04,12,2024-06-20,연체
1572,7412,950000,4.92,12,2024-12-15,정상
1573,2184,66920000,4.33,36,2023-12-25,정상
1574,1126,7200000,5.3,24,2023-11-10,정상
1575,4098,3290000,5.39,36,2024-09-15,완료
1576,5116,4100000,5.82,36,2024-02-24,연체
1577,7568,13760000,5.52,12,2023-06-11,완료
1578,9583,12570000,4.08,12,2024-08-31,정상
1579,8688,730000,5.83,24,2024-03-15,연체
1580,217,730000,6.02,24,2023-08-01,정상
1581,9073,730000,5.53,12,2023-02-02,완료
1582,1996,2120000,4.31,6,2023-03-22,정상
1583,2762,2750000,5.12,6,2023-08-12,정상
1584,8820,750000,6.1,6,2023-05-25,정상
1585,8999,730000,5.45,12,2024-05-26,완료
1586,2867,800000,5.03,6,2024-08-05,연체
1587,4156,830000,5.82,24,2023-05-20,정상
1588,3269,2360000,4.9,6,2024-02-08,완료
1589,4228,56960000,5.03,24,2023-03-02,정상
1590,7833,108250000,4.51,60,2023-06-05,정상
1591,116,730000,5.67,6,2024-09-30,완료
1592,9436,6760000,4.49,36,2023-04-08,정상
1593,3912,11140000,4.62,24,2023-12-26,완료
1594,3667,9830000,5.11,12,2023-05-22,정상
1595,1323,1560000,6.4,24,2024-12-09,정상
1596,1765,3050000,5.75,12,2024-11-19,정상
1597,9349,1580000,5.38,6,2024-04-02,정상
1598,7696,730000,4.85,24,2023-03-08,정상
1599,6298,730000,5.11,24,2024-09-21,정상
1600,1894,2470000,5.16,12,2023-11-20,완료
1601,4218,2430000,5.94,6,2023-04-13,정상
1602,9521,1220000,5.07,12,2023-01-15,정상
1603,5190,4170000,5.33,36,2024-05-02,정상
1604,3785,730000,6.15,12,2024-07-19,완료
1605,231,12510000,4.99,24,2023-09-02,정상
1606,9340,81780000,5.15,24,2024-01-02,완료
1607,8336,1040000,4.98,6,2024-08-06,연체
1608,4959,730000,5.22,12,2024-12-22,연체
1609,232,730000,5.45,12,2024-10-09,완료
1610,4975,3080000,5.46,36,2024-07-05,정상
1611,5888,15820000,4.82,36,2024-05-25,정상
1612,1469,1790000,5.61,12,2024-08-03,연체
1613,214,2380000,5.17,12,2023-08-05,정상
1614,1309,3640000,5.19,12,2024-02-27,정상
1615,625,800000,5.66,24,2023-01-23,완료
1616,4022,1570000,4.93,6,2024-12-16,완료
1617,8727,1640000,5.29,6,2024-06-03,완료
1618,131,730000,5.64,6,2023-10-22,연체
1619,2708,2220000,5.8,24,2024-01-12,정상
1620,6761,62840000,5.8,36,2023-02-28,정상
1621,8221,1370000,5.58,6,2023-08-23,완료
1622,5114,1310000,4.77,12,2024-01-02,연체
1623,3293,16530000,4.49,36,2023-02-21,정상
1624,1130,3150000,4.75,24,2023-02-16,정상
1625,5695,4370000,4.97,36,2023-01-22,정상
1626,6309,730000,5.85,24,2023-11-27,정상
1627,6873,10080000,5.42,24,2023-06-23,완료
1628,3261,26380000,5.4,24,2024-10-01,정상
1629,3862,1470000,5.08,6,2023-10-27,정상
1630,7212,8060000,5.06,24,2023-02-22,정상
1631,1942,730000,5.38,12,2023-01-30,정상
1632,6332,730000,5.15,24,2024-09-04,정상
1633,5770,1460000,5.07,12,2024-01-07,정상
1634,2848,5310000,5.01,24,2023-03-17,완료
1635,1460,2320000,4.68,12,2023-10-21,완료
1636,507,770000,5.89,24,2024-09-25,연체
1637,6580,730000,5.6,12,2023-05-25,정상
1638,4338,1250000,4.57,24,2024-02-17,연체
1639,6845,1750000,5.14,6,2024-10-11,연체
1640,5469,730000,5.89,24,2023-12-19,연체
1641,1423,20700000,5.23,36,2024-02-02,정상
1642,2887,4180000,4.5,24,2024-10-22,정상
1643,2089,1190000,5.57,6,2024-04-01,정상
1644,320,4300000,3.86,12,2024-08-02,정상
1645,9273,14020000,5.28,24,2023-10-10,완료
1646,4994,960000,4.68,6,2023-06-28,완료
1647,7226,17330000,5.29,12,2023-03-27,정상
1648,9232,4390000,6.01,36,2024-03-30,정상
1649,309,2580000,5.17,12,2023-03-21,정상
1650,2703,1990000,5.34,6,2024-10-30,완료
1651,6063,730000,5.67,6,2023-08-18,연체
1652,2759,1920000,5.42,6,2023-09-28,정상
1653,639,730000,5.7,12,2023-01-28,연체
1654,3818,34220000,5.57,36,2023-01-02,정상
1655,2356,4000000,4.91,36,2024-12-31,정상
1656,185,730000,6.14,6,2023-12-01,연체
1657,8780,7190000,5.01,24,2023-12-29,정상
1658,4671,1030000,6.11,12,2023-05-22,연체
1659,4886,7740000,5.6,12,2023-08-06,정상
1660,5518,14730000,5.28,24,2023-11-05,정상
1661,721,9840000,4.13,36,2024-06-30,정상
1662,996,2640000,5.23,12,2024-10-28,정상
1663,6046,730000,5.89,12,2024-11-21,정상
1664,7610,2140000,4.52,24,2023-12-19,완료
1665,4594,14520000,5.4,24,2023-07-23,정상
1666,2099,3040000,5.54,36,2023-04-25,완료
1667,8119,4940000,5.46,24,2023-09-13,정상
1668,946,790000,5.74,6,2023-10-30,정상
1669,5878,3680000,4.96,36,2024-03-19,정상
1670,4693,1500000,4.83,12,2024-10-05,정상
1671,7353,108250000,5.32,24,2024-06-26,정상
1672,3281,35810000,5.23,36,2024-02-09,정상
1673,3332,730000,6.09,6,2023-08-21,정상
1674,3515,6490000,4.82,12,2024-11-05,정상
1675,3006,3100000,5.22,36,2023-06-04,정상
1676,7955,108250000,4.69,24,2023-02-24,정상
1677,962,2450000,4.8,24,2023-04-13,정상
1678,4527,2290000,5.63,24,2024-06-19,완료
1679,462,3670000,5.1,24,2024-11-05,정상
1680,1052,1040000,5.83,24,2023-02-16,정상
1681,6725,73890000,5.64,36,2023-08-20,정상
1682,5973,1570000,4.99,12,2023-08-23,연체
1683,3140,730000,5.12,12,2024-08-02,연체
1684,9692,3670000,6.02,12,2023-01-21,정상
1685,9411,6150000,5.08,12,2023-06-21,정상
1686,4826,32290000,4.29,24,2024-07-12,정상
1687,9714,5050000,5.51,12,2023-05-23,정상
1688,1927,1380000,5.26,6,2023-11-24,정상
1689,6320,1240000,5.4,12,2023-01-29,정상
1690,9859,17270000,4.78,24,2023-11-03,정상
1691,6821,3420000,4.68,36,2024-10-20,정상
1692,3414,3700000,4.91,12,2024-04-23,완료
1693,9610,26230000,4.33,36,2023-05-27,연체
1694,9783,3190000,5.11,12,2023-02-10,정상
1695,7476,11200000,4.9,36,2023-06-27,정상
1696,2178,730000,5.72,24,2024-01-23,연체
1697,1866,730000,5.9,24,2024-10-01,정상
1698,1039,46620000,5.55,36,2023-01-13,정상
1699,1272,35890000,5.27,24,2024-07-15,완료
1700,2788,1250000,5.01,12,2023-02-12,정상
1701,6360,18520000,5.01,12,2023-09-02,정상
1702,7577,9100000,5.12,12,2024-10-24,완료
1703,8199,2930000,5.44,24,2023-01-17,정상
1704,7418,1700000,6.06,6,2024-10-17,연체
1705,8155,4620000,5.99,24,2024-06-05,정상
1706,8335,730000,6.31,12,2023-07-19,정상
1707,221,750000,5.26,24,2024-01-03,정상
1708,5936,1790000,5.32,24,2023-01-28,정상
1709,3119,1990000,5.05,6,2023-12-17,정상
1710,4811,12860000,5.42,36,2024-10-20,연체
1711,6270,39300000,5.49,60,2024-01-22,정상
1712,4738,1300000,5.06,12,2024-02-25,정상
1713,3000,1840000,5.12,24,2023-07-29,연체
1714,7282,14510000,4.52,24,2023-11-02,정상
1715,3055,8870000,4.24,24,2023-06-14,정상
1716,703,730000,5.42,12,2023-06-04,연체
1717,5916,730000,4.99,12,2023-06-03,정상
1718,6897,82920000,5.12,60,2023-07-11,정상
1719,6855,66840000,5.25,60,2023-11-20,정상
1720,9166,730000,6.56,6,2023-04-01,정상
1721,4934,97170000,4.94,24,2024-12-08,완료
1722,2402,4790000,5.19,36,2023-03-25,정상
1723,3434,730000,5.22,6,2024-06-10,연체
1724,5260,7590000,5.15,12,2024-04-01,정상
1725,1962,69530000,5.26,36,2023-09-28,정상
1726,7245,730000,6.01,12,2023-08-21,정상
1727,1346,41130000,5.25,24,2023-05-04,정상
1728,7738,1470000,5.84,12,2024-10-09,정상
1729,3189,3900000,5.43,24,2024-05-23,정상
1730,2544,3710000,5.37,36,2024-11-27,정상
1731,8540,3030000,6.13,36,2023-07-29,연체
1732,2764,19180000,4.98,12,2023-11-11,완료
1733,8000,870000,5.41,24,2023-08-25,정상
1734,4605,730000,5.2,12,2024-07-16,연체
1735,8759,730000,5.41,6,2023-10-10,연체
1736,4773,3510000,5.74,24,2024-06-03,정상
1737,7862,7970000,5.67,36,2023-11-01,정상
1738,1099,730000,5.66,24,2024-10-15,완료
1739,1375,4420000,5.34,36,2024-03-13,정상
1740,8194,2240000,5.3,12,2023-01-26,연체
1741,3609,28940000,4.88,36,2023-04-06,정상
1742,5008,19050000,4.84,12,2024-10-18,완료
1743,5004,3650000,5.62,36,2024-08-02,완료
1744,9160,25190000,5.65,60,2023-08-28,정상
1745,1709,730000,5.77,6,2024-02-11,정상
1746,8244,1390000,5.56,24,2024-05-01,연체
1747,2773,730000,5.45,12,2023-05-11,정상
1748,7289,1700000,5.1,12,2024-09-20,정상
1749,3085,12310000,4.37,24,2024-01-05,정상
1750,233,970000,4.83,24,2024-09-26,연체
1751,7287,12520000,4.46,24,2024-05-29,정상
1752,2209,730000,5.42,6,2023-07-02,정상
1753,9410,7920000,4.49,12,2023-12-21,정상
1754,2085,9840000,4.58,12,2024-02-14,완료
1755,3400,2590000,4.62,24,2024-10-18,완료
1756,9337,730000,6.19,24,2024-11-02,연체
1757,6224,4560000,5.2,36,2023-10-07,정상
1758,985,25130000,5.28,24,2024-03-13,정상
1759,5220,760000,4.63,6,2023-02-10,정상
1760,5184,730000,6.93,12,2024-10-11,연체
1761,7694,3520000,5.25,12,2023-05-14,정상
1762,1696,15320000,5.11,24,2024-08-10,정상
1763,9157,3030000,5.28,36,2023-12-03,정상
1764,4812,56820000,4.22,36,2023-02-17,정상
1765,5581,8490000,4.63,12,2023-11-24,정상
1766,4444,11200000,5.05,36,2023-06-12,정상
1767,7229,1680000,5.94,24,2023-03-18,정상
1768,6277,730000,5.75,6,2024-05-11,정상
1769,1141,1120000,5.43,24,2024-08-09,정상
1770,5876,4090000,5.27,24,2024-05-01,정상
1771,3627,1370000,4.71,6,2024-07-20,정상
1772,8493,3640000,5.31,12,2023-07-05,완료
1773,265,4440000,4.62,24,2023-05-15,완료
1774,7258,1610000,4.34,24,2024-08-12,정상
1775,9110,108250000,4.99,60,2023-09-17,정상
1776,57,730000,5.85,6,2023-07-29,연체
1777,6445,930000,5.76,24,2023-01-06,정상
1778,167,730000,4.56,24,2024-07-28,정상
1779,8293,4920000,4.58,12,2024-06-27,완료
1780,337,18090000,4.15,12,2024-05-26,정상
1781,1449,1160000,4.81,6,2024-04-09,정상
1782,8620,33570000,5.02,24,2023-08-19,정상
1783,48,8730000,4.45,36,2024-04-11,정상
1784,4402,730000,6.55,24,2023-10-07,정상
1785,9780,19430000,4.82,12,2024-09-24,정상
1786,6459,60660000,5.27,24,2023-09-15,정상
1787,7985,1430000,5.22,24,2023-01-14,연체
1788,7897,8330000,4.44,24,2023-02-28,정상
1789,9350,990000,6.15,6,2024-12-22,정상
1790,8914,3240000,4.44,12,2023-01-31,완료
1791,6604,730000,4.9,6,2024-01-24,정상
1792,8471,730000,5.46,24,2023-02-01,연체
1793,9799,60100000,5.33,60,2024-03-04,완료
1794,2347,9780000,5.16,24,2023-01-15,정상
1795,8323,3290000,5.63,12,2023-08-04,연체
1796,6430,730000,5.15,6,2023-05-31,정상
1797,5145,730000,5.27,12,2023-04-19,정상
1798,8382,2410000,5.81,24,2024-08-23,정상
1799,9252,1280000,4.96,24,2023-08-20,정상
1800,3908,1250000,4.86,12,2023-11-04,연체
1801,5068,11510000,5.19,24,2024-10-06,정상
1802,9559,2720000,4.67,12,2023-07-04,정상
1803,2292,16720000,3.81,36,2024-01-26,정상
1804,9439,17070000,5.39,36,2024-11-11,정상
1805,5777,1120000,5.48,24,2023-04-09,정상
1806,5282,4670000,5.28,24,2024-08-13,정상
1807,2601,5250000,5.04,12,2023-12-09,정상
1808,9679,3840000,4.87,12,2023-05-16,완료
1809,426,1390000,5.4,6,2024-06-04,정상
1810,1323,960000,4.7,6,2023-07-29,연체
1811,7962,4230000,5.18,24,2023-02-27,정상
1812,513,37620000,4.3,24,2023-12-16,정상
1813,1999,730000,5.23,6,2024-01-06,연체
1814,8619,3240000,4.79,12,2024-06-07,완료
1815,9489,10160000,5.34,24,2023-03-26,완료
1816,9737,12130000,5.67,24,2024-01-27,정상
1817,4961,3890000,5.78,24,2023-07-10,정상
1818,7696,1580000,5.54,12,2024-01-21,정상
1819,3214,2330000,5.18,24,2023-06-03,정상
1820,7502,1890000,4.68,6,2024-07-25,정상
1821,3199,10510000,4.48,36,2024-05-03,정상
1822,7473,730000,6.6,24,2023-03-23,연체
1823,1759,1690000,4.62,12,2024-02-08,정상
1824,7612,730000,5.33,12,2023-02-09,완료
1825,4397,40980000,4.36,60,2024-04-19,정상
1826,4460,4970000,5.11,24,2023-10-25,정상
1827,4505,730000,6.75,6,2023-03-16,연체
1828,1919,830000,5.32,12,2024-06-09,완료
1829,6820,730000,5.48,12,2024-04-10,연체
1830,323,770000,5.05,12,2024-11-25,정상
1831,4821,2530000,5.07,24,2024-06-07,정상
1832,8523,2800000,4.35,24,2024-12-21,정상
1833,1829,36190000,4.4,60,2023-01-13,완료
1834,4718,1210000,6.11,6,2024-02-24,연체
1835,6004,1040000,5.93,24,2023-07-05,완료
1836,4464,990000,5.22,6,2023-06-29,정상
1837,954,1110000,5.54,24,2023-09-15,정상
1838,5139,730000,4.39,24,2024-03-14,연체
1839,5968,3270000,4.68,24,2024-02-04,정상
1840,9547,1950000,4.82,6,2024-12-15,정상
1841,9893,4000000,5.03,36,2023-07-09,완료
1842,6680,980000,5.66,12,2024-10-28,연체
1843,5155,2150000,6.28,6,2023-10-24,정상
1844,4277,108250000,5.36,24,2023-03-01,정상
1845,5331,5010000,5.29,24,2023-11-30,정상
1846,3034,730000,5.29,12,2023-04-05,정상
1847,9108,1030000,5.61,6,2023-08-01,정상
1848,7076,730000,6.39,24,2023-03-10,정상
1849,9546,920000,5.17,12,2023-02-10,정상
1850,3167,730000,6.8,6,2023-12-24,연체
1851,3453,1160000,5.23,12,2023-11-21,정상
1852,5979,5430000,5.09,36,2024-09-15,완료
1853,1434,2430000,5.03,6,2023-02-21,완료
1854,370,730000,5.69,24,2024-07-24,연체
1855,6647,2640000,5.25,12,2023-04-14,연체
1856,2216,730000,6.47,24,2024-04-12,연체
1857,3584,2260000,4.85,6,2023-05-22,정상
1858,2953,980000,4.72,12,2024-07-21,정상
1859,1546,1420000,4.87,6,2023-08-25,정상
1860,9243,880000,5.9,12,2024-10-21,연체
1861,1665,16550000,4.93,12,2023-03-28,정상
1862,3300,730000,5.41,24,2024-07-29,연체
1863,8351,730000,5.42,24,2024-08-02,연체
1864,1863,62650000,5.21,36,2023-07-23,정상
1865,8689,21580000,5.0,60,2023-01-11,정상
1866,8062,14580000,5.19,12,2024-01-20,완료
1867,9420,730000,6.2,6,2024-10-10,완료
1868,1923,730000,5.96,12,2023-08-03,정상
1869,8438,730000,6.08,6,2023-08-22,완료
1870,9441,57610000,5.28,24,2023-08-09,정상
1871,1545,2460000,4.98,24,2023-12-16,정상
1872,4465,730000,5.24,24,2024-10-15,연체
1873,4824,1530000,5.06,12,2024-07-27,완료
1874,9096,3940000,5.83,24,2024-12-21,정상
1875,9465,18220000,4.32,36,2024-03-28,정상
1876,6246,730000,5.8,12,2024-11-18,연체
1877,1649,2180000,5.86,24,2023-12-14,정상
1878,9202,8650000,5.18,12,2023-01-08,정상
1879,1872,2210000,5.36,12,2023-07-29,정상
1880,1722,730000,5.75,24,2023-05-23,연체
1881,9883,990000,5.87,12,2024-06-17,정상
1882,3129,18100000,4.69,36,2024-10-08,완료
1883,3430,7120000,5.44,12,2023-11-14,완료
1884,8343,8970000,5.16,24,2024-12-20,완료
1885,1897,730000,5.59,6,2023-04-30,연체
1886,1075,5970000,5.4,36,2023-11-20,정상
1887,8186,15240000,4.95,36,2023-06-19,정상
1888,2478,730000,5.96,12,2024-01-09,연체
1889,3730,730000,5.63,12,2023-02-22,정상
1890,7395,5240000,5.31,24,2023-02-13,연체
1891,3829,1550000,5.14,24,2024-11-10,연체
1892,603,1130000,5.24,24,2023-02-11,완료
1893,3736,730000,5.63,24,2023-12-22,연체
1894,9658,10560000,4.27,24,2023-10-12,정상
1895,9989,730000,5.52,6,2024-03-15,연체
1896,6747,7780000,4.88,36,2023-05-25,정상
1897,7937,20950000,5.32,36,2024-08-29,정상
1898,7977,730000,5.9,24,2023-03-25,정상
1899,5039,730000,6.32,12,2024-07-09,연체
1900,700,1630000,5.92,24,2024-01-02,정상
1901,6961,1100000,5.48,24,2023-10-04,완료
1902,721,12380000,4.81,12,2024-05-25,정상
1903,987,4560000,4.85,36,2024-10-24,정상
1904,8714,1410000,5.3,24,2024-09-19,연체
1905,3637,1480000,5.7,12,2024-11-17,정상
1906,9449,1890000,5.75,12,2023-06-17,연체
1907,3458,730000,5.53,6,2023-04-27,정상
1908,5894,21160000,5.1,60,2024-05-21,정상
1909,3115,730000,5.85,12,2024-11-12,완료
1910,7274,1340000,5.65,6,2023-01-05,정상
1911,2099,3070000,5.79,36,2023-02-11,정상
1912,882,730000,6.01,12,2024-05-15,정상
1913,9176,730000,6.16,6,2024-08-12,연체
1914,8265,1560000,5.64,6,2023-02-17,완료
1915,2493,66840000,5.23,60,2024-09-18,정상
1916,9476,1190000,4.81,6,2024-06-10,완료
1917,49,1980000,4.87,12,2024-11-10,정상
1918,5679,730000,5.23,6,2023-08-24,정상
1919,628,6110000,5.12,24,2024-12-29,정상
1920,8771,8970000,4.9,12,2024-10-08,완료
1921,4750,3120000,5.41,36,2024-06-17,정상
1922,2914,730000,5.99,24,2024-01-23,완료
1923,6423,730000,6.02,24,2024-08-29,정상
1924,1035,730000,5.74,12,2024-05-19,정상
1925,8032,79250000,5.61,24,2024-03-28,정상
1926,5044,10320000,4.05,24,2023-12-19,완료
1927,3008,3420000,5.39,36,2023-07-30,정상
1928,5534,3160000,4.61,36,2024-11-14,완료
1929,354,730000,6.21,6,2024-06-04,정상
1930,7074,3900000,5.31,36,2024-12-13,정상
1931,7228,51250000,4.89,24,2024-01-01,정상
1932,6548,3570000,5.37,36,2023-07-16,완료
1933,2633,10100000,4.71,36,2023-12-02,정상
1934,5728,3310000,4.42,24,2024-10-13,정상
1935,4617,11160000,5.18,24,2024-04-28,완료
1936,8096,31880000,4.81,60,2024-05-16,완료
1937,9027,730000,5.63,24,2023-02-10,정상
1938,7951,730000,5.51,24,2023-05-18,완료
1939,4963,730000,5.96,24,2024-01-16,정상
1940,7234,730000,4.84,12,2023-02-16,정상
1941,6021,3270000,5.67,36,2023-12-22,정상
1942,6734,4710000,4.14,36,2024-02-22,정상
1943,8622,730000,5.58,6,2023-07-17,정상
1944,8668,51700000,5.09,24,2023-07-23,정상
1945,589,4900000,4.68,12,2023-05-01,정상
1946,2612,53260000,5.46,24,2024-02-02,완료
1947,1903,28280000,4.79,24,2024-12-19,정상
1948,4407,730000,6.25,24,2024-12-20,연체
1949,9902,4050000,4.66,36,2023-01-09,완료
1950,4478,61460000,5.79,24,2024-07-21,정상
1951,7628,840000,4.84,6,2023-04-21,정상
1952,3803,16650000,5.06,24,2023-04-29,정상
1953,5298,3350000,4.75,36,2024-06-17,정상
1954,1551,4900000,5.35,24,2023-07-25,연체
1955,9711,9030000,5.64,36,2024-05-15,완료
1956,9725,2850000,5.61,12,2023-12-02,완료
1957,755,14730000,4.72,36,2024-09-18,정상
1958,6869,1030000,5.16,24,2023-08-29,연체
1959,1347,6710000,4.53,36,2024-01-20,정상
1960,5540,5100000,5.82,12,2024-10-23,정상
1961,741,730000,5.79,24,2023-11-12,정상
1962,338,51650000,5.01,36,2023-01-07,완료
1963,9985,810000,5.09,6,2024-11-01,정상
1964,8415,4030000,5.69,24,2024-07-08,완료
1965,386,57490000,4.86,24,2023-04-30,정상
1966,9365,780000,5.9,12,2023-10-10,정상
1967,5615,880000,5.39,24,2024-11-20,정상
1968,325,1450000,5.53,24,2024-08-28,정상
1969,6645,730000,5.38,6,2023-09-27,정상
1970,3997,1250000,4.91,6,2023-04-17,연체
1971,1464,1600000,5.44,12,2024-07-07,연체
1972,9152,1600000,4.62,12,2024-02-10,완료
1973,8775,760000,5.11,6,2024-09-14,정상
1974,5253,3220000,5.58,24,2023-07-28,정상
1975,2812,23800000,4.76,36,2024-09-03,완료
1976,257,730000,5.61,24,2023-09-05,연체
1977,1774,730000,6.22,24,2023-07-19,연체
1978,6968,4000000,5.38,24,2024-10-15,정상
1979,9649,33150000,3.97,60,2023-03-13,정상
1980,714,2700000,4.3,24,2023-11-22,연체
1981,8020,730000,5.08,6,2023-06-23,정상
1982,8430,730000,5.86,6,2024-07-31,정상
1983,8329,1580000,5.47,6,2023-11-11,연체
1984,7893,790000,5.53,24,2023-06-10,정상
1985,6534,2370000,5.37,24,2023-09-04,정상
1986,1427,13740000,4.39,12,2023-08-26,완료
1987,4128,1630000,5.57,6,2024-11-04,완료
1988,4971,4580000,5.23,12,2023-10-09,정상
1989,215,1230000,5.23,6,2023-07-24,연체
1990,2621,860000,5.27,12,2023-04-24,정상
1991,8987,7240000,4.99,12,2023-11-28,연체
1992,2242,1190000,5.24,24,2024-12-13,연체
1993,4839,18650000,4.44,12,2023-09-12,정상
1994,4072,3590000,5.55,12,2023-02-25,연체
1995,9566,4090000,5.28,36,2024-11-15,정상
1996,1448,1070000,5.22,24,2024-04-06,연체
1997,178,9300000,4.81,12,2024-02-26,정상
1998,7691,108250000,5.42,24,2024-12-20,정상
1999,4561,1630000,4.63,24,2023-10-27,정상
2000,8730,730000,5.06,24,2023-03-17,완료
2001,5594,2250000,4.83,12,2023-01-17,완료
2002,7432,10980000,4.85,24,2024-04-16,정상
2003,6778,108250000,5.87,60,2023-11-10,정상
2004,9782,2720000,5.3,12,2023-09-05,정상
2005,7609,4090000,4.43,24,2024-09-17,정상
2006,4213,5450000,4.8,36,2024-09-12,정상
2007,3338,22540000,4.94,60,2024-07-11,정상
2008,3731,730000,6.25,24,2023-07-08,연체
2009,489,730000,5.18,6,2023-03-07,정상
2010,6018,38040000,5.63,36,2024-12-04,정상
2011,5550,13170000,5.64,36,2024-05-03,완료
2012,6439,9080000,5.49,36,2023-02-14,정상
2013,6999,16710000,5.33,24,2024-10-08,정상
2014,5553,50880000,4.74,36,2024-04-27,정상
2015,6972,1740000,5.08,24,2023-10-15,정상
2016,1662,730000,6.31,6,2023-04-23,정상
2017,8473,3010000,4.65,12,2023-11-02,정상
2018,8384,1590000,5.25,6,2023-02-21,정상
2019,8116,730000,6.23,24,2023-08-18,연체
2020,7414,730000,5.65,24,2023-02-03,연체
2021,5136,5700000,5.01,12,2024-05-12,정상
2022,8379,4760000,5.36,36,2024-10-12,정상
2023,3638,7990000,5.03,36,2023-07-07,정상
2024,1072,30330000,4.89,24,2024-10-03,정상
2025,8746,6120000,4.76,36,2024-08-20,완료
2026,7629,730000,7.06,12,2024-09-03,연체
2027,2170,730000,6.15,12,2024-09-07,완료
2028,3546,7970000,4.54,36,2023-08-20,정상
2029,9289,730000,5.84,6,2024-09-23,정상
2030,850,1890000,5.16,6,2024-02-21,정상
2031,9157,830000,5.14,6,2023-10-04,완료
2032,8973,4600000,4.89,24,2023-04-27,정상
2033,3380,4810000,5.47,12,2024-10-21,완료
2034,7199,1170000,5.33,6,2024-01-03,정상
2035,9175,2510000,5.51,6,2023-05-07,정상
2036,404,21090000,4.4,60,2024-12-14,정상
2037,9178,1320000,5.39,6,2023-03-28,완료
2038,1989,730000,5.07,12,2023-07-14,정상
2039,7835,59650000,4.51,60,2023-03-08,정상
2040,3932,34580000,4.54,60,2023-07-19,완료
2041,7482,4730000,5.76,12,2024-03-03,정상
2042,4202,6750000,4.69,24,2023-09-21,정상
2043,745,1150000,5.8,6,2024-06-21,정상
2044,1672,4220000,4.73,24,2023-08-07,정상
2045,5907,730000,5.48,24,2023-12-18,정상
2046,6727,730000,5.0,12,2023-01-18,연체
2047,9835,6840000,4.83,12,2023-04-16,정상
2048,7805,730000,5.84,6,2023-06-21,정상
2049,398,2580000,4.77,24,2023-11-26,완료
2050,2382,74430000,5.41,36,2023-05-13,정상
2051,2118,1610000,5.05,24,2024-05-31,연체
2052,5281,13390000,5.45,12,2024-05-18,정상
2053,4414,11600000,5.17,12,2023-06-24,정상
2054,2062,1750000,4.98,6,2023-02-21,완료
2055,9983,730000,6.08,6,2023-04-06,완료
2056,7781,730000,5.7,24,2024-12-03,정상
2057,6105,1090000,5.6,6,2024-10-26,완료
2058,6190,3140000,4.73,12,2024-06-19,정상
2059,381,5270000,4.64,12,2023-08-18,완료
2060,525,3190000,4.79,36,2023-12-06,정상
2061,3264,8380000,4.54,36,2024-08-26,정상
2062,4360,2020000,4.82,6,2023-09-03,정상
2063,3041,730000,5.9,24,2023-10-21,완료
2064,8608,730000,5.35,6,2024-09-15,연체
2065,7858,1830000,5.56,12,2023-08-17,연체
2066,6493,1030000,5.46,6,2024-09-28,정상
2067,6260,1370000,5.23,12,2024-07-14,정상
2068,2829,730000,6.24,6,2023-04-17,연체
2069,1569,730000,5.93,6,2023-12-17,정상
2070,2586,10160000,5.31,24,2024-11-09,완료
2071,1260,4660000,4.66,24,2024-08-19,정상
2072,1236,9530000,5.59,24,2024-09-12,정상
2073,5373,1150000,3.84,12,2023-03-19,정상
2074,4831,3820000,5.1,12,2024-12-18,정상
2075,895,8850000,4.19,24,2023-04-25,정상
2076,378,730000,5.79,12,2024-02-20,연체
2077,9482,7340000,5.38,24,2024-07-21,완료
2078,8804,108250000,5.86,24,2023-03-06,정상
2079,3588,2490000,4.64,24,2024-07-10,정상
2080,6069,1780000,5.65,6,2024-03-07,정상
2081,7090,1640000,5.45,6,2023-01-13,정상
2082,1637,6900000,5.19,12,2024-07-07,정상
2083,7807,17960000,5.35,36,2023-08-28,정상
2084,6630,2100000,4.47,12,2024-09-03,정상
2085,9894,1150000,5.52,6,2024-04-16,정상
2086,7373,4260000,4.94,24,2024-01-21,정상
2087,7515,11480000,5.3,24,2023-10-16,완료
2088,5780,4820000,5.56,36,2024-04-22,정상
2089,1495,730000,5.84,6,2023-01-03,정상
2090,9833,730000,5.48,24,2024-01-05,연체
2091,777,760000,5.12,24,2024-10-01,정상
2092,3445,2180000,5.9,24,2024-11-08,정상
2093,8670,730000,6.06,6,2024-04-07,완료
2094,2349,6510000,4.88,36,2024-04-08,완료
2095,6496,730000,5.34,24,2023-04-02,연체
2096,1069,38670000,5.28,36,2024-01-31,정상
2097,7522,730000,5.51,24,2023-11-23,연체
2098,828,730000,6.08,24,2023-07-26,정상
2099,8281,730000,5.96,6,2024-04-02,정상
2100,5651,730000,4.66,24,2024-12-31,연체
2101,4698,5270000,5.3,24,2024-05-04,정상
2102,6860,3800000,4.24,24,2023-03-25,정상
2103,4060,1790000,5.37,24,2023-05-29,정상
2104,1179,3630000,4.15,36,2024-01-08,정상
2105,4091,2200000,5.42,24,2024-05-20,정상
2106,5817,35940000,5.38,24,2024-04-16,정상
2107,9266,1080000,5.04,6,2023-10-27,정상
2108,7642,6010000,4.94,12,2023-09-30,정상
2109,4713,1960000,4.85,24,2024-12-04,정상
2110,8914,4670000,4.84,24,2024-09-23,정상
2111,7464,900000,5.04,6,2024-02-18,정상
2112,6438,730000,6.42,12,2024-03-10,연체
2113,2216,730000,6.33,24,2024-03-13,연체
2114,5435,730000,6.6,6,2024-05-22,연체
2115,1537,13930000,4.8,12,2023-06-01,정상
2116,5002,1390000,5.52,24,2024-12-13,연체
2117,2584,2640000,4.95,24,2024-11-02,정상
2118,7416,6410000,5.18,12,2023-05-30,정상
2119,6032,6270000,5.15,12,2024-06-07,정상
2120,4870,730000,5.99,12,2024-09-16,정상
2121,878,3450000,4.82,24,2023-09-09,완료
2122,1040,730000,5.5,24,2023-02-08,정상
2123,2393,4190000,4.73,24,2023-11-23,정상
2124,5530,4420000,5.21,12,2023-02-14,정상
2125,9868,5250000,4.74,24,2023-07-02,정상
2126,4723,54650000,4.84,60,2024-11-07,완료
2127,410,730000,5.21,6,2024-12-21,연체
2128,274,3010000,4.82,24,2024-11-01,정상
2129,5672,4160000,4.9,24,2024-11-01,완료
2130,5341,730000,6.17,12,2023-02-01,정상
2131,190,3610000,5.71,12,2024-07-29,정상
2132,7145,730000,6.19,6,2024-08-01,완료
2133,3815,2980000,6.13,24,2024-02-04,정상
2134,4709,2620000,4.94,6,2024-05-22,완료
2135,8685,5040000,4.45,12,2024-10-19,정상
2136,5068,7950000,4.46,36,2024-10-11,정상
2137,1867,730000,6.37,24,2023-06-12,연체
2138,4791,3150000,4.94,24,2023-07-16,정상
2139,1774,790000,6.0,12,2023-08-25,완료
2140,5213,730000,4.88,24,2023-09-19,정상
2141,9925,18000000,4.81,24,2023-05-15,정상
2142,1355,930000,5.24,24,2023-09-18,정상
2143,7680,11350000,4.49,12,2023-08-20,정상
2144,9967,7060000,4.33,36,2024-05-18,정상
2145,2113,730000,5.69,12,2024-01-23,연체
2146,8872,760000,6.32,24,2023-10-01,연체
2147,7619,2820000,4.72,24,2023-09-08,정상
2148,4665,8270000,4.35,36,2023-07-16,정상
2149,5787,11160000,5.2,36,2023-01-21,정상
2150,3856,730000,5.38,24,2024-02-01,정상
2151,3780,730000,5.61,6,2023-07-11,정상
2152,8000,730000,4.93,6,2023-11-09,연체
2153,4187,1860000,5.52,12,2024-06-29,정상
2154,1154,1820000,4.85,6,2024-10-12,완료
2155,4560,1230000,4.15,6,2023-07-07,정상
2156,687,15360000,4.34,12,2023-04-07,정상
2157,439,2370000,4.99,6,2024-11-28,정상
2158,1965,8550000,4.12,12,2023-01-12,정상
2159,4263,4020000,4.91,24,2024-03-19,정상
2160,8883,3290000,4.9,24,2024-02-08,정상
2161,5306,730000,5.97,24,2024-10-11,정상
2162,5076,4050000,5.76,12,2023-07-18,정상
2163,3970,27920000,4.24,36,2023-08-09,정상
2164,3177,1110000,5.04,12,2023-03-10,정상
2165,4665,2350000,4.81,24,2023-06-15,정상
2166,23,10210000,5.2,12,2024-05-25,완료
2167,6866,730000,6.0,24,2023-06-11,정상
2168,6120,6750000,4.61,36,2023-12-03,정상
2169,7889,6140000,4.73,24,2024-12-23,정상
2170,641,2480000,4.65,24,2023-01-07,정상
2171,5518,13280000,4.33,36,2024-07-02,완료
2172,9350,740000,5.09,6,2023-12-19,정상
2173,6212,11640000,5.51,36,2024-06-18,정상
2174,1406,4290000,5.82,36,2024-10-07,완료
2175,653,8440000,5.25,24,2023-10-26,정상
2176,4888,16110000,4.94,24,2023-11-28,정상
2177,3250,730000,5.59,24,2023-03-02,정상
2178,8462,1850000,5.62,6,2024-08-19,연체
2179,6465,910000,5.9,6,2023-12-16,완료
2180,5286,730000,5.58,24,2024-02-11,연체
2181,2356,6450000,6.37,12,2023-09-03,정상
2182,3839,23530000,5.0,24,2023-10-30,정상
2183,3962,74680000,4.94,36,2024-02-08,정상
2184,8468,2740000,5.8,12,2023-11-23,정상
2185,8793,5720000,5.09,36,2023-07-03,정상
2186,6047,18650000,4.46,36,2023-03-03,정상
2187,6511,30110000,5.04,36,2023-12-31,완료
2188,1892,730000,6.38,6,2024-10-29,연체
2189,1139,18280000,5.07,12,2024-08-03,정상
2190,7999,1200000,5.09,6,2024-07-16,정상
2191,6757,1860000,5.07,24,2024-11-24,완료
2192,3336,1990000,5.71,6,2024-10-05,완료
2193,494,3080000,5.11,24,2024-10-09,연체
2194,1453,1390000,5.9,24,2024-10-05,완료
2195,1800,730000,5.93,24,2024-06-29,정상
2196,8737,2770000,5.21,12,2023-04-13,정상
2197,4848,46250000,5.36,36,2024-02-19,정상
2198,3539,730000,5.99,12,2023-11-29,정상
2199,3236,2370000,4.75,6,2024-09-29,연체
2200,7429,1090000,5.23,12,2023-03-20,정상
2201,1980,9860000,5.08,12,2024-11-30,완료
2202,9586,2040000,5.19,6,2024-07-08,연체
2203,6471,1850000,4.68,24,2024-03-26,정상
2204,2450,880000,5.39,24,2024-12-30,정상
2205,6404,730000,5.61,12,2024-05-01,정상
2206,6471,3500000,5.42,24,2023-06-06,정상
2207,5250,730000,5.87,24,2024-07-26,연체
2208,7628,4380000,5.25,36,2023-05-22,연체
2209,3488,1740000,4.98,6,2023-06-30,연체
2210,8206,920000,5.58,12,2024-12-04,완료
2211,1014,730000,6.02,24,2023-11-21,연체
2212,1679,730000,5.31,6,2023-08-16,정상
2213,476,8480000,4.43,12,2024-05-01,정상
2214,6474,730000,5.89,6,2024-06-05,완료
2215,6754,3510000,4.65,24,2024-08-16,정상
2216,6888,2620000,5.38,6,2024-03-19,정상
2217,9410,11870000,4.76,12,2024-04-08,정상
2218,8666,2020000,5.43,24,2023-07-28,연체
2219,7438,730000,5.04,12,2023-06-06,연체
2220,8257,730000,5.11,12,2024-09-12,연체
2221,5993,730000,5.62,12,2024-11-29,완료
2222,6140,730000,6.03,24,2023-04-19,연체
2223,9020,730000,5.27,6,2023-03-02,정상
2224,6778,108250000,5.15,60,2024-01-23,정상
2225,4403,730000,6.61,24,2024-08-09,정상
2226,8221,1800000,5.51,12,2024-08-09,연체
2227,7237,4370000,5.21,24,2024-09-12,완료
2228,4396,730000,5.4,6,2023-07-13,정상
2229,4239,8160000,5.54,12,2023-06-05,정상
2230,4970,18870000,5.37,36,2024-12-26,완료
2231,7916,23460000,4.65,60,2024-02-23,정상
2232,9629,730000,5.54,6,2024-03-21,연체
2233,7057,9090000,5.0,36,2024-09-11,정상
2234,8338,4630000,5.09,36,2024-05-04,연체
2235,3203,2220000,5.1,24,2023-11-11,정상
2236,1965,18300000,4.56,24,2024-10-30,완료
2237,475,42010000,5.55,60,2023-04-29,정상
2238,8760,2810000,5.21,24,2024-08-29,정상
2239,8036,1290000,5.55,12,2024-07-15,정상
2240,2665,730000,6.2,24,2023-12-17,연체
2241,8529,9830000,4.3,12,2023-03-09,완료
2242,616,5080000,5.1,24,2024-09-24,정상
2243,7591,3920000,4.13,12,2024-09-06,정상
2244,1409,730000,5.26,12,2024-06-08,연체
2245,3405,730000,6.13,24,2023-04-08,정상
2246,4967,730000,5.85,12,2023-07-23,연체
2247,4258,890000,5.44,24,2023-10-15,정상
2248,4396,730000,5.78,6,2023-12-22,정상
2249,4030,730000,5.37,24,2023-07-21,연체
2250,182,730000,5.78,24,2024-03-23,완료
2251,4961,980000,5.75,24,2024-04-27,정상
2252,6161,730000,5.37,24,2024-06-12,연체
2253,2429,730000,5.4,24,2024-04-12,정상
2254,9818,2040000,5.08,6,2023-06-13,연체
2255,2144,730000,5.43,6,2023-06-23,정상
2256,4955,1660000,5.49,6,2023-12-24,완료
2257,3638,5260000,5.48,12,2023-10-10,완료
2258,5137,800000,5.41,6,2023-07-02,완료
2259,4,12810000,5.65,24,2023-09-20,정상
2260,1582,730000,5.46,12,2023-10-28,연체
2261,7202,67910000,5.17,24,2023-01-20,정상
2262,7143,1330000,4.81,12,2024-02-10,정상
2263,3122,2900000,4.28,6,2023-08-09,완료
2264,5334,5590000,5.12,12,2024-08-22,완료
2265,8737,3570000,4.66,24,2024-03-03,정상
2266,3303,730000,5.59,6,2024-10-02,연체
2267,7037,4300000,5.42,12,2023-10-05,정상
2268,9772,1890000,5.27,6,2023-11-23,연체
2269,3198,4170000,5.12,36,2024-04-28,연체
2270,1156,3940000,5.29,12,2023-11-22,정상
2271,5975,730000,5.71,6,2023-08-04,정상
2272,7889,3870000,4.47,24,2023-01-15,정상
2273,6397,730000,6.49,24,2024-07-07,연체
2274,8774,730000,5.8,12,2023-12-12,연체
2275,7759,12390000,4.72,24,2023-08-12,정상
2276,7421,33120000,4.65,36,2024-08-24,정상
2277,7065,730000,5.64,12,2024-01-13,정상
2278,6657,780000,5.42,24,2023-09-24,연체
2279,9170,730000,5.19,6,2023-09-23,정상
2280,9349,2120000,5.37,6,2023-09-20,완료
2281,5,7670000,5.66,24,2023-03-30,정상
2282,1376,730000,5.67,6,2024-07-24,정상
2283,287,2390000,5.36,24,2023-02-01,정상
2284,7855,1330000,5.45,6,2023-10-25,정상
2285,5127,1170000,5.11,24,2024-04-06,연체
2286,9512,4680000,4.91,24,2024-01-31,정상
2287,497,40790000,4.4,36,2024-06-12,정상
2288,7492,5450000,5.34,24,2024-09-23,완료
2289,6834,9620000,4.83,36,2024-07-23,정상
2290,5038,880000,4.99,6,2023-05-16,정상
2291,2511,3590000,5.74,24,2024-06-21,연체
2292,9462,730000,5.26,6,2024-10-20,연체
2293,2090,730000,5.79,12,2023-03-18,정상
2294,2324,770000,4.91,6,2023-05-19,연체
2295,5112,730000,5.4,6,2024-02-20,연체
2296,3514,840000,5.05,6,2024-05-21,정상
2297,3450,1180000,5.89,12,2023-10-05,연체
2298,5950,4060000,4.97,24,2023-04-30,정상
2299,1328,54080000,4.96,36,2023-01-09,정상
2300,7615,730000,6.86,24,2024-09-10,정상
2301,7638,730000,5.05,12,2024-04-10,정상
2302,6938,1770000,4.71,6,2023-12-24,정상
2303,5228,3480000,5.24,24,2023-07-24,연체
2304,8613,8160000,5.46,12,2023-03-07,정상
2305,4818,10880000,4.78,36,2023-01-01,완료
2306,2281,1490000,5.82,24,2023-05-19,연체
2307,4006,23790000,5.06,60,2023-08-23,정상
2308,3313,730000,5.93,12,2024-03-19,연체
2309,2936,4730000,4.65,12,2023-06-29,정상
2310,7929,20320000,4.17,24,2023-01-14,정상
2311,4541,38610000,5.29,24,2024-11-11,정상
2312,6549,730000,5.76,24,2023-04-08,정상
2313,2733,730000,5.18,6,2023-03-23,정상
2314,292,730000,5.52,6,2023-02-21,연체
2315,7419,730000,5.02,6,2023-01-13,정상
2316,3320,730000,6.12,12,2024-12-10,연체
2317,2132,12240000,5.27,36,2024-04-07,정상
2318,9651,730000,4.66,12,2024-06-05,정상
2319,9633,4440000,4.68,36,2023-10-20,정상
2320,3179,1380000,5.5,6,2024-10-12,연체
2321,9196,2030000,5.28,24,2023-01-23,정상
2322,2015,1550000,5.34,6,2024-05-30,정상
2323,4993,730000,5.67,6,2023-09-09,정상
2324,7873,1800000,5.39,6,2024-10-26,완료
2325,1841,28840000,5.07,36,2023-02-10,정상
2326,1858,29290000,5.38,24,2024-09-14,정상
2327,6238,730000,5.39,6,2024-10-17,연체
2328,4257,1690000,5.73,24,2024-12-19,연체
2329,8805,2040000,5.01,24,2023-10-05,정상
2330,297,3140000,5.8,36,2023-07-15,완료
2331,2433,730000,5.45,12,2024-05-18,연체
2332,7390,6010000,5.11,12,2024-01-19,완료
2333,9237,3680000,5.12,36,2024-04-14,정상
2334,2813,2080000,5.33,6,2023-05-06,정상
2335,6392,1510000,6.11,6,2023-12-04,정상
2336,8612,3020000,4.85,36,2024-01-21,완료
2337,8134,730000,5.79,6,2023-05-01,완료
2338,3385,1700000,5.66,24,2024-09-16,연체
2339,2682,1070000,4.93,12,2024-01-21,정상
2340,134,3560000,5.11,36,2024-07-12,정상
2341,6239,2960000,5.28,24,2023-02-11,연체
2342,1548,7920000,4.85,24,2024-12-30,정상
2343,4259,2300000,5.38,24,2023-04-28,완료
2344,3567,730000,5.75,6,2024-01-26,연체
2345,1513,10930000,4.66,24,2023-02-04,완료
2346,6842,3800000,4.88,36,2024-01-08,완료
2347,9626,5560000,5.8,36,2024-09-23,정상
2348,4191,2010000,4.96,24,2024-04-26,정상
2349,6048,730000,6.6,6,2024-12-19,연체
2350,3872,1320000,4.7,24,2024-08-07,완료
2351,5511,1620000,5.38,6,2024-10-27,정상
2352,5971,8810000,4.59,12,2024-10-19,정상
2353,573,1530000,4.57,12,2023-04-30,정상
2354,9004,39520000,5.05,24,2023-01-27,정상
2355,5098,1360000,5.28,6,2024-04-22,연체
2356,646,730000,5.1,24,2023-01-13,연체
2357,2385,1500000,4.99,24,2024-06-03,완료
2358,5640,730000,5.74,6,2024-10-20,연체
2359,6817,49640000,4.93,24,2023-03-09,완료
2360,1503,1700000,4.75,6,2024-09-10,정상
2361,405,730000,6.85,12,2023-05-28,연체
2362,2389,730000,5.16,12,2023-10-01,정상
2363,3851,1620000,5.59,24,2023-01-17,연체
2364,5036,730000,5.37,12,2023-09-10,연체
2365,3688,730000,5.42,12,2023-06-07,정상
2366,2105,1780000,4.64,24,2024-05-22,정상
2367,4290,730000,5.86,24,2024-06-13,정상
2368,1824,730000,5.41,6,2024-11-13,연체
2369,7819,108250000,4.48,24,2024-08-27,정상
2370,2113,730000,5.58,24,2024-09-01,연체
2371,9706,2090000,5.06,12,2024-04-15,완료
2372,8510,730000,5.44,24,2024-05-15,정상
2373,7704,4710000,6.09,12,2024-05-29,연체
2374,2564,1310000,5.11,12,2024-05-04,연체
2375,8696,1290000,4.81,24,2024-10-25,정상
2376,7604,730000,6.19,6,2024-03-28,정상
2377,580,730000,5.87,24,2023-12-15,정상
2378,893,2200000,5.11,12,2024-05-07,정상
2379,586,1890000,5.14,12,2024-07-20,정상
2380,4229,4890000,4.99,12,2024-03-24,정상
2381,6750,1720000,6.1,24,2024-12-28,정상
2382,3195,1930000,5.05,6,2024-02-19,정상
2383,2266,730000,6.56,6,2023-11-11,연체
2384,1178,3650000,5.48,24,2023-06-21,완료
2385,4813,34060000,4.15,60,2024-01-29,완료
2386,2340,6970000,4.81,12,2023-03-15,연체
2387,4659,2160000,5.41,6,2024-04-01,완료
2388,4956,2550000,5.4,12,2024-01-29,정상
2389,6907,1890000,5.2,24,2024-07-20,정상
2390,3738,5520000,4.42,24,2023-01-19,완료
2391,1107,730000,5.51,12,2023-06-09,정상
2392,1436,108250000,6.23,60,2024-03-20,정상
2393,5521,7280000,4.86,24,2024-03-20,완료
2394,9861,730000,5.62,24,2023-12-31,연체
2395,9177,8790000,4.39,36,2023-10-05,완료
2396,1072,36670000,5.31,36,2024-02-05,정상
2397,9710,730000,5.23,12,2024-07-11,연체
2398,2150,3550000,4.42,12,2024-07-17,정상
2399,6395,9400000,5.22,36,2024-01-16,정상
2400,6560,730000,5.07,6,2023-06-07,정상
2401,1021,5490000,4.39,12,2023-01-16,정상
2402,5243,2920000,5.03,12,2023-09-04,정상
2403,6068,1330000,4.7,12,2024-12-30,정상
2404,8611,24720000,4.81,60,2023-03-22,정상
2405,8061,12270000,5.08,36,2024-03-10,정상
2406,2362,850000,4.87,24,2023-10-28,정상
2407,4554,730000,5.35,12,2024-11-10,정상
2408,2605,5810000,4.84,24,2023-08-02,정상
2409,266,730000,5.82,12,2024-11-06,정상
2410,7194,2370000,5.19,6,2023-01-06,완료
2411,7210,3000000,5.64,12,2024-08-05,정상
2412,9773,1730000,4.46,12,2023-12-25,정상
2413,1797,3020000,4.86,36,2024-06-23,정상
2414,1050,730000,6.46,12,2023-03-02,정상
2415,4001,800000,5.81,12,2024-02-11,정상
2416,5036,1070000,4.55,12,2023-04-28,연체
2417,3424,1050000,5.53,12,2024-07-30,완료
2418,8213,4030000,4.97,12,2023-03-13,완료
2419,4096,730000,5.94,24,2023-09-24,연체
2420,5064,730000,5.56,6,2024-11-14,완료
2421,2019,10780000,4.18,36,2024-02-15,정상
2422,5366,14070000,5.31,36,2024-05-24,정상
2423,9095,2650000,5.12,6,2023-09-16,연체
2424,5134,1240000,5.58,6,2024-08-08,연체
2425,7293,6140000,5.27,24,2024-09-04,정상
2426,6236,730000,5.2,6,2024-09-11,정상
2427,6673,730000,5.37,12,2024-12-20,연체
2428,269,730000,5.86,6,2023-08-25,정상
2429,509,730000,5.22,12,2023-05-23,완료
2430,9014,14600000,4.71,36,2023-09-02,연체
2431,2833,76950000,4.88,36,2024-09-20,정상
2432,2754,16820000,4.86,24,2024-12-01,완료
2433,8732,2260000,6.08,6,2024-11-05,완료
2434,1204,3000000,5.4,12,2023-07-13,정상
2435,7948,730000,6.12,6,2023-06-26,정상
2436,8097,730000,5.59,24,2023-09-30,정상
2437,8844,730000,6.39,6,2024-04-06,정상
2438,7656,4280000,5.19,24,2023-11-04,정상
2439,787,730000,4.72,24,2023-08-15,연체
2440,6996,2050000,5.69,6,2024-09-05,완료
2441,3948,47690000,5.13,36,2023-09-01,정상
2442,6623,8550000,4.53,24,2024-10-01,정상
2443,2263,17580000,5.22,12,2024-06-25,정상
2444,2008,4240000,4.75,36,2024-07-19,완료
2445,1064,730000,5.47,24,2023-12-29,완료
2446,2845,730000,6.03,12,2023-05-07,연체
2447,1467,1130000,5.19,6,2023-07-27,연체
2448,6118,1510000,5.17,12,2024-11-29,정상
2449,3573,5110000,4.79,24,2023-12-17,정상
2450,6354,32100000,4.74,24,2024-11-01,정상
2451,6965,13440000,4.3,36,2024-07-18,완료
2452,9236,2050000,5.41,24,2024-01-02,완료
2453,5835,730000,4.54,6,2024-05-17,정상
2454,8815,730000,5.94,12,2024-08-07,정상
2455,1940,730000,5.79,6,2023-10-13,정상
2456,532,1270000,5.17,6,2024-02-26,연체
2457,8077,770000,5.72,12,2024-11-20,연체
2458,7877,14900000,5.22,24,2024-01-04,정상
2459,7064,5970000,4.76,24,2023-05-26,정상
2460,2902,1340000,5.33,24,2024-05-17,정상
2461,9104,730000,5.94,24,2024-12-15,연체
2462,8065,30450000,5.27,36,2024-07-17,정상
2463,4808,6900000,5.4,36,2023-06-20,정상
2464,8885,890000,5.36,12,2023-06-18,정상
2465,5216,730000,5.42,12,2024-10-19,연체
2466,3899,730000,5.69,12,2024-05-11,연체
2467,4742,1060000,5.73,24,2023-07-25,연체
2468,334,730000,6.08,12,2023-05-21,정상
2469,9360,4130000,4.99,24,2023-10-04,완료
2470,3600,730000,5.65,6,2024-11-13,연체
2471,5895,2510000,5.1,12,2023-01-14,정상
2472,2055,58650000,4.78,24,2023-06-01,정상
2473,7002,730000,5.39,6,2023-09-16,정상
2474,9646,730000,5.12,24,2023-09-26,정상
2475,8749,12300000,4.71,12,2024-06-16,정상
2476,7566,1110000,4.77,24,2024-10-08,정상
2477,3500,29120000,5.02,24,2023-07-01,정상
2478,6885,2740000,5.58,24,2024-05-13,완료
2479,2545,980000,4.8,6,2024-01-10,정상
2480,7799,13020000,4.18,12,2023-09-27,정상
2481,212,1740000,5.74,6,2023-02-04,정상
2482,5666,4840000,5.27,36,2023-02-25,정상
2483,2818,2260000,4.85,12,2024-12-29,정상
2484,4480,730000,6.09,12,2023-07-26,연체
2485,7389,730000,4.92,24,2023-09-16,연체
2486,4702,730000,4.19,6,2023-07-01,연체
2487,6833,2670000,5.33,12,2024-12-12,정상
2488,9210,730000,5.72,12,2024-03-12,완료
2489,399,750000,5.09,6,2023-03-21,연체
2490,2682,2390000,4.49,24,2024-06-14,정상
2491,5045,730000,5.48,24,2023-04-23,연체
2492,9994,730000,5.51,6,2024-08-21,완료
2493,3483,730000,5.67,24,2024-10-23,정상
2494,4704,990000,5.7,6,2023-04-29,정상
2495,1298,3520000,6.07,36,2023-06-25,정상
2496,5648,2500000,4.71,12,2023-11-19,정상
2497,1978,730000,5.86,24,2024-03-14,완료
2498,3858,1530000,5.85,6,2023-10-16,연체
2499,5728,4950000,5.75,36,2023-01-03,정상
2500,4305,57200000,5.59,24,2023-10-02,정상
2501,9985,1480000,4.63,12,2024-02-11,정상
2502,509,730000,5.42,24,2024-06-01,정상
2503,6824,730000,6.28,6,2023-05-11,연체
2504,5710,2470000,5.14,12,2023-04-27,정상
2505,7882,20970000,5.06,60,2024-11-07,정상
2506,3967,7890000,4.55,12,2023-09-28,정상
2507,4761,33830000,4.66,60,2023-04-22,정상
2508,8968,730000,5.95,12,2024-02-20,완료
2509,7887,1200000,4.72,6,2024-01-16,연체
2510,6373,1920000,5.49,6,2023-11-30,정상
2511,8545,1460000,5.41,12,2023-09-19,정상
2512,8962,3180000,5.03,12,2024-01-12,완료
2513,2735,730000,5.54,24,2023-12-03,정상
2514,5596,1120000,5.48,6,2023-07-22,정상
2515,4860,1490000,5.63,24,2024-01-31,연체
2516,2988,108250000,6.15,36,2024-03-08,정상
2517,8467,5100000,4.09,12,2024-09-19,완료
2518,2898,2190000,4.86,24,2024-05-27,정상
2519,7274,730000,5.32,24,2023-03-28,완료
2520,9947,730000,4.77,24,2023-08-20,정상
2521,9131,730000,5.26,24,2023-12-08,연체
2522,3330,58170000,4.72,24,2023-05-03,정상
2523,5216,730000,6.27,24,2023-03-17,완료
2524,6409,5880000,5.37,36,2023-09-19,완료
2525,1998,108250000,5.14,24,2024-10-07,완료
2526,3713,730000,5.42,6,2023-10-18,연체
2527,3675,13820000,5.17,24,2024-11-25,완료
2528,6015,730000,5.04,24,2024-02-04,정상
2529,195,1040000,5.82,12,2024-11-28,정상
2530,8480,730000,5.4,24,2023-07-27,완료
2531,862,19730000,4.75,36,2024-03-21,정상
2532,3046,17860000,4.5,24,2024-12-19,정상
2533,1832,730000,5.32,24,2023-12-10,정상
2534,5873,1410000,5.13,24,2024-12-13,정상
2535,360,730000,5.32,24,2024-12-03,정상
2536,8077,730000,5.96,24,2024-07-26,연체
2537,5357,59240000,5.2,60,2024-09-22,정상
2538,5499,6660000,4.71,12,2023-03-28,정상
2539,5687,3880000,4.54,12,2023-06-03,정상
2540,4612,730000,5.8,24,2023-04-11,연체
2541,4264,1050000,4.49,6,2023-06-10,정상
2542,5955,1530000,5.25,24,2023-11-09,완료
2543,4516,980000,5.03,6,2024-04-18,정상
2544,8231,11100000,4.37,24,2024-10-07,정상
2545,2388,730000,5.76,12,2023-01-11,연체
2546,7512,1410000,5.17,12,2024-05-02,연체
2547,7515,11010000,4.25,12,2024-06-13,정상
2548,9670,730000,6.04,12,2024-11-23,정상
2549,8387,730000,5.66,6,2023-04-26,연체
2550,8253,4970000,4.98,12,2023-11-11,정상
2551,5665,1170000,5.79,6,2023-04-05,정상
2552,9930,730000,5.67,24,2023-02-07,연체
2553,7264,74830000,5.78,36,2024-05-04,정상
2554,14,1160000,5.8,6,2023-08-28,정상
2555,1048,23280000,4.32,36,2024-11-27,정상
2556,9740,7700000,5.01,24,2024-03-06,정상
2557,7091,1020000,5.13,24,2024-06-14,완료
2558,7253,1430000,5.42,24,2024-06-07,정상
2559,8588,730000,5.44,24,2024-07-02,연체
2560,6138,11890000,5.04,36,2024-02-18,정상
2561,9700,4140000,5.26,12,2023-12-18,완료
2562,4587,1900000,5.07,24,2023-12-26,정상
2563,7800,3540000,4.72,12,2023-09-29,정상
2564,5331,3860000,4.73,36,2023-07-30,정상
2565,3417,980000,5.82,6,2023-06-09,연체
2566,673,6120000,4.42,24,2023-12-25,완료
2567,4486,730000,6.27,24,2023-01-15,완료
2568,6465,3780000,5.73,12,2024-05-07,연체
2569,9717,3080000,5.03,36,2023-03-27,정상
2570,9945,3060000,6.1,12,2024-06-20,정상
2571,7976,15420000,4.99,12,2023-06-02,완료
2572,7786,7170000,5.54,24,2024-09-05,정상
2573,3324,15650000,4.9,12,2023-11-10,완료
2574,7560,2810000,5.34,24,2024-09-09,정상
2575,5113,730000,5.21,6,2023-04-25,정상
2576,6111,3260000,5.39,12,2024-02-07,정상
2577,6180,730000,5.96,12,2023-06-19,완료
2578,7233,1300000,5.0,12,2024-02-29,정상
2579,4612,730000,5.47,12,2023-10-27,연체
2580,6759,2620000,5.31,6,2024-02-24,정상
2581,3644,1950000,5.11,24,2023-04-23,정상
2582,6154,730000,5.77,6,2024-03-06,정상
2583,6211,6140000,5.06,12,2024-07-01,정상
2584,9880,13400000,5.53,24,2023-11-13,정상
2585,1813,1210000,5.57,6,2023-03-02,연체
2586,2259,730000,5.97,6,2024-06-28,연체
2587,7547,6550000,4.95,24,2023-01-20,정상
2588,5945,1220000,6.27,6,2023-10-20,정상
2589,6415,1000000,5.31,24,2023-12-15,완료
2590,3547,16130000,4.43,24,2024-09-08,정상
2591,3154,730000,6.06,12,2023-03-22,정상
2592,6824,730000,5.46,24,2023-03-22,연체
2593,453,730000,5.88,24,2023-06-04,정상
2594,2248,3220000,4.99,24,2023-04-01,정상
2595,6147,7360000,4.2,12,2023-01-21,정상
2596,2775,15980000,4.7,12,2023-02-09,정상
2597,5469,1080000,5.22,12,2023-05-05,정상
2598,6332,790000,5.76,6,2023-07-14,연체
2599,6595,990000,5.48,6,2023-04-24,정상
2600,3204,2250000,4.85,12,2024-08-31,완료
2601,8229,730000,6.82,12,2024-09-18,정상
2602,6609,2410000,4.63,24,2024-11-13,연체
2603,1834,1820000,5.2,6,2023-08-10,완료
2604,2814,1810000,5.23,6,2024-04-10,정상
2605,4890,730000,5.23,24,2023-07-15,정상
2606,6180,730000,6.5,6,2023-05-10,정상
2607,3542,1980000,5.28,12,2024-04-12,정상
2608,3191,2300000,4.97,6,2023-09-02,정상
2609,7273,9200000,5.71,24,2024-10-12,정상
2610,5302,1520000,5.17,24,2024-11-26,정상
2611,2470,2660000,4.85,24,2023-02-02,완료
2612,2808,730000,5.49,24,2023-10-01,연체
2613,6632,12300000,5.08,36,2023-10-06,완료
2614,6149,9960000,4.74,36,2023-02-17,정상
2615,2647,22810000,6.01,24,2023-10-05,정상
2616,4421,5260000,5.05,12,2024-03-18,정상
2617,3352,730000,5.64,24,2024-10-19,연체
2618,2197,7770000,5.58,24,2023-06-03,정상
2619,3768,730000,5.73,12,2023-10-02,완료
2620,1839,6330000,5.1,36,2024-04-23,정상
2621,9309,108250000,5.22,60,2024-05-03,완료
2622,6626,4160000,4.82,36,2023-12-26,정상
2623,3380,2870000,5.61,6,2023-10-13,정상
2624,8878,17300000,4.95,24,2023-07-17,정상
2625,7414,730000,5.94,12,2023-07-28,정상
2626,8472,730000,5.33,24,2023-07-16,연체
2627,7647,2020000,4.64,6,2023-03-14,완료
2628,7531,730000,5.4,6,2023-07-29,정상
2629,4160,1850000,5.58,6,2024-06-12,연체
2630,5523,108250000,5.51,36,2023-11-14,완료
2631,2538,970000,5.52,12,2023-07-23,정상
2632,2612,60650000,4.74,60,2023-12-04,정상
2633,364,730000,5.95,24,2024-08-31,연체
2634,463,4830000,4.63,36,2024-03-20,정상
2635,8945,1710000,5.94,6,2024-07-02,정상
2636,1970,2440000,4.83,24,2023-08-30,완료
2637,1208,890000,5.8,24,2024-07-30,정상
2638,7835,22470000,5.22,24,2023-02-12,완료
2639,1155,850000,5.16,12,2024-10-04,연체
2640,5150,7300000,5.01,12,2024-08-30,정상
2641,5157,6080000,4.71,24,2024-12-25,완료
2642,7657,1770000,4.95,12,2024-11-13,연체
2643,174,5980000,4.72,36,2023-11-14,정상
2644,2266,730000,5.98,12,2024-07-27,연체
2645,1338,730000,5.22,6,2024-07-05,정상
2646,8527,1960000,5.12,24,2024-01-19,정상
2647,7886,730000,5.71,6,2024-08-15,정상
2648,128,730000,5.56,24,2023-10-01,연체
2649,6836,3520000,4.05,36,2023-11-22,정상
2650,356,4420000,5.33,24,2023-04-10,정상
2651,9311,730000,5.43,24,2024-05-30,연체
2652,279,8220000,5.71,12,2024-03-01,정상
2653,8736,31040000,5.12,60,2024-11-04,완료
2654,3159,730000,6.17,24,2024-07-23,정상
2655,6942,7290000,5.65,24,2023-11-16,정상
2656,904,1940000,5.03,6,2024-02-29,정상
2657,6906,5390000,4.73,12,2024-07-22,정상
2658,4894,730000,5.58,12,2023-02-03,연체
2659,622,2500000,5.67,12,2023-12-03,정상
2660,3001,1210000,4.98,6,2024-10-26,연체
2661,7784,730000,6.54,12,2024-12-20,정상
2662,3471,1610000,5.68,6,2024-05-16,정상
2663,7982,8050000,4.82,12,2023-01-30,연체
2664,9059,25870000,4.84,36,2024-05-30,정상
2665,6664,2080000,6.14,6,2024-04-05,정상
2666,8782,54850000,5.26,24,2024-07-11,정상
2667,5250,730000,5.93,12,2023-09-20,연체
2668,4820,1460000,5.18,6,2023-05-09,정상
2669,5283,730000,5.41,6,2023-03-13,정상
2670,2064,6440000,4.38,36,2024-05-15,정상
2671,3860,108250000,5.54,36,2024-01-20,완료
2672,2334,2210000,5.59,6,2024-11-13,정상
2673,2749,730000,5.47,6,2024-03-25,정상
2674,4788,1660000,4.96,6,2023-01-08,정상
2675,9454,8130000,4.89,12,2024-11-13,정상
2676,6038,1290000,5.72,12,2024-12-02,완료
2677,5298,2350000,4.96,24,2023-07-11,정상
2678,2468,15750000,4.6,36,2024-11-12,정상
2679,7196,870000,5.76,6,2024-06-03,연체
2680,8117,1990000,4.65,6,2024-04-23,정상
2681,9456,4460000,5.1,12,2024-10-03,정상
2682,5703,3280000,4.88,12,2023-02-03,연체
2683,3159,730000,6.32,24,2024-12-30,연체
2684,2265,1400000,5.57,24,2024-05-03,정상
2685,6859,920000,5.42,12,2023-06-22,연체
2686,8700,730000,6.2,6,2024-03-02,연체
2687,6753,7310000,4.99,24,2023-11-03,완료
2688,8353,35070000,5.22,36,2023-03-04,정상
2689,3478,1340000,5.48,6,2023-03-01,정상
2690,6236,1270000,5.47,6,2024-04-01,완료
2691,791,850000,5.24,6,2023-06-25,정상
2692,9921,8550000,5.27,12,2023-02-27,완료
2693,7364,3460000,5.63,24,2023-09-12,정상
2694,7172,12150000,5.33,24,2023-05-14,완료
2695,1411,20070000,5.4,24,2024-06-15,정상
2696,2767,730000,5.07,6,2023-05-31,완료
2697,4622,10260000,5.1,12,2024-04-17,연체
2698,7090,2600000,5.04,12,2024-07-12,완료
2699,724,1670000,4.83,12,2023-06-01,완료
2700,8156,36100000,5.2,60,2024-01-06,정상
2701,8929,108250000,5.97,36,2024-07-14,완료
2702,6959,730000,5.54,6,2024-03-12,정상
2703,9813,810000,4.75,24,2023-12-12,연체
2704,6605,850000,5.16,24,2024-04-24,연체
2705,5796,6920000,4.98,24,2024-02-22,완료
2706,1105,72930000,5.79,36,2024-11-27,정상
2707,3840,8680000,4.62,36,2023-10-09,정상
2708,8590,730000,5.68,12,2023-12-24,정상
2709,7149,22390000,5.19,24,2023-03-28,정상
2710,1350,730000,5.54,6,2023-10-19,연체
2711,3745,730000,5.8,6,2023-01-07,연체
2712,5836,31580000,4.8,36,2024-02-02,완료
2713,9667,2180000,5.22,24,2024-09-05,정상
2714,8712,9680000,5.12,36,2023-03-22,정상
2715,2148,2080000,4.86,12,2023-01-23,완료
2716,6096,2740000,4.65,24,2024-03-31,정상
2717,874,730000,6.15,6,2023-04-02,연체
2718,2838,1100000,4.87,24,2023-04-15,정상
2719,65,51640000,5.13,24,2023-01-06,정상
2720,7139,3200000,5.23,36,2024-10-21,정상
2721,575,32320000,4.98,60,2023-05-24,정상
2722,3552,108250000,6.07,60,2023-02-15,정상
2723,8580,1330000,5.04,6,2024-10-25,정상
2724,2329,730000,5.93,6,2024-03-28,정상
2725,1793,6540000,4.55,36,2023-11-09,정상
2726,1164,730000,5.58,6,2023-01-27,정상
2727,7438,730000,5.57,12,2023-05-29,연체
2728,5376,730000,4.82,6,2023-05-16,정상
2729,1028,730000,5.4,12,2023-06-17,정상
2730,8467,3740000,5.06,36,2023-06-17,연체
2731,252,8200000,4.71,36,2023-12-15,정상
2732,659,9780000,5.12,12,2024-08-29,정상
2733,1271,5940000,5.07,24,2024-12-24,정상
2734,1704,68900000,5.0,24,2023-02-07,정상
2735,8469,2970000,4.82,24,2024-08-16,정상
2736,3761,108250000,5.59,36,2024-08-21,정상
2737,2235,730000,5.45,6,2023-11-24,정상
2738,8405,730000,6.17,24,2024-03-10,연체
2739,127,35120000,5.14,36,2023-06-06,정상
2740,2499,18540000,4.54,12,2024-06-06,정상
2741,2403,730000,6.42,6,2023-08-15,연체
2742,7856,730000,6.2,6,2023-08-10,정상
2743,462,14670000,5.06,24,2023-02-25,정상
2744,7204,2260000,4.46,24,2024-07-04,정상
2745,5106,20570000,4.67,36,2023-12-05,완료
2746,5047,2050000,5.17,24,2024-09-17,완료
2747,4215,730000,5.58,12,2023-09-14,연체
2748,7032,7810000,4.89,24,2023-11-24,완료
2749,2525,2800000,5.92,12,2024-12-15,정상
2750,6041,730000,6.01,12,2023-11-13,연체
2751,1689,108250000,5.57,36,2023-07-23,완료
2752,9294,8340000,5.06,24,2023-10-16,정상
2753,9918,1260000,5.29,6,2023-07-01,완료
2754,7858,840000,5.32,24,2024-04-27,정상
2755,4163,730000,5.61,12,2024-12-18,완료
2756,2780,13050000,4.35,12,2024-10-19,정상
2757,7291,2400000,5.8,24,2023-05-24,정상
2758,4886,13270000,5.36,24,2024-01-11,정상
2759,1139,13670000,5.25,36,2024-06-10,완료
2760,7425,730000,5.69,6,2023-11-07,정상
2761,1758,2040000,4.49,6,2023-05-21,완료
2762,7500,730000,5.44,24,2024-06-24,정상
2763,9797,730000,5.49,6,2023-02-26,정상
2764,7326,730000,6.4,6,2023-12-22,정상
2765,5886,990000,5.9,12,2023-06-17,정상
2766,5755,730000,5.84,12,2024-06-27,연체
2767,8275,5720000,4.98,12,2023-09-28,완료
2768,7694,5940000,5.18,24,2023-03-21,정상
2769,6038,780000,5.72,6,2024-06-19,완료
2770,561,108250000,4.82,60,2023-03-08,정상
2771,7151,1280000,5.43,6,2023-10-20,정상
2772,7051,9380000,4.47,36,2023-10-29,완료
2773,6636,1950000,5.12,12,2024-11-01,정상
2774,6275,30400000,5.99,36,2023-09-19,정상
2775,9200,770000,5.35,6,2023-07-12,정상
2776,1307,1340000,5.22,24,2024-01-08,연체
2777,660,8070000,5.79,24,2024-09-12,정상
2778,9787,1060000,4.97,12,2024-02-28,연체
2779,5664,1090000,5.27,24,2023-06-06,완료
2780,5278,730000,5.89,24,2023-12-26,완료
2781,4659,2880000,4.86,12,2024-09-19,정상
2782,494,800000,5.12,24,2023-02-17,정상
2783,7124,13410000,4.03,36,2024-09-19,정상
2784,8231,6450000,5.31,36,2023-07-09,정상
2785,7301,730000,6.15,24,2024-12-03,정상
2786,6515,730000,5.21,12,2024-06-05,연체
2787,7282,13420000,4.34,12,2024-07-10,정상
2788,4707,6260000,5.45,24,2023-04-14,정상
2789,2077,4840000,5.04,36,2024-11-01,완료
2790,3251,4030000,4.95,12,2023-10-15,정상
2791,9594,10640000,4.1,36,2023-09-19,완료
2792,5474,750000,5.37,12,2023-03-04,연체
2793,6838,1320000,4.99,12,2024-10-16,정상
2794,196,14470000,4.84,24,2024-04-28,정상
2795,5979,4370000,4.56,24,2023-08-15,정상
2796,8430,730000,6.18,12,2024-09-05,연체
2797,3894,1050000,4.89,24,2024-11-03,정상
2798,4890,750000,5.27,24,2023-02-19,정상
2799,9951,1120000,5.45,6,2023-06-28,정상
2800,5328,1180000,5.08,12,2024-05-19,정상
2801,4284,730000,5.27,6,2023-09-06,연체
2802,7198,85080000,5.35,60,2024-09-24,정상
2803,8755,108250000,5.4,60,2024-10-20,정상
2804,9266,840000,5.67,24,2023-12-16,완료
2805,6689,730000,5.95,6,2023-11-22,연체
2806,3933,730000,5.86,12,2023-01-09,정상
2807,6960,8960000,4.86,36,2024-01-02,정상
2808,7736,2790000,4.77,12,2023-04-25,정상
2809,7177,840000,5.48,6,2024-05-18,완료
2810,1910,7740000,4.41,12,2024-08-24,정상
2811,802,5200000,5.47,24,2024-07-24,정상
2812,2580,730000,5.27,24,2024-10-23,정상
2813,9924,1280000,5.9,12,2024-01-25,연체
2814,4809,10780000,4.12,24,2024-02-23,완료
2815,4671,2070000,4.77,24,2024-12-22,정상
2816,6833,7020000,4.63,12,2023-03-07,정상
2817,3096,2650000,5.12,6,2024-10-06,정상
2818,9075,730000,6.22,6,2024-02-12,연체
2819,355,29990000,4.27,24,2023-01-28,완료
2820,4710,4540000,4.52,36,2023-05-17,완료
2821,8337,2010000,4.7,24,2024-04-02,연체
2822,1084,730000,6.15,24,2024-07-05,정상
2823,2251,2560000,4.96,6,2024-07-09,완료
2824,2036,730000,6.06,6,2023-03-23,연체
2825,4138,730000,5.88,12,2024-01-27,정상
2826,4573,730000,6.29,12,2023-04-28,정상
2827,7491,44060000,5.09,24,2023-12-07,완료
2828,1414,15170000,4.62,36,2023-03-24,정상
2829,6805,7530000,4.86,24,2023-09-05,정상
2830,8171,1790000,5.81,12,2024-11-23,완료
2831,5140,1070000,5.39,6,2023-07-30,정상
2832,5604,38240000,5.38,60,2024-03-20,완료
2833,4650,2320000,5.12,24,2023-02-07,정상
2834,1013,730000,4.78,6,2023-07-16,정상
2835,606,1570000,5.58,24,2023-10-22,연체
2836,2602,11750000,4.16,12,2023-11-17,완료
2837,6411,10200000,5.05,24,2024-10-16,정상
2838,1120,800000,5.64,6,2023-10-22,완료
2839,1136,1150000,4.77,24,2024-04-24,정상
2840,25,22620000,4.71,24,2024-09-14,완료
2841,2000,1640000,4.76,12,2023-12-06,정상
2842,5581,10440000,4.41,24,2023-05-08,정상
2843,8263,880000,5.38,6,2023-05-27,정상
2844,5328,3450000,6.3,12,2023-08-27,정상
2845,9342,25320000,4.91,24,2023-06-16,정상
2846,3507,3520000,5.23,12,2024-03-19,정상
2847,2810,10910000,5.38,12,2024-07-08,정상
2848,8204,730000,5.57,6,2024-12-06,연체
2849,9109,2320000,4.57,6,2024-05-06,완료
2850,6725,108250000,6.2,24,2024-08-16,정상
2851,4683,6910000,5.49,24,2023-03-15,연체
2852,6174,38490000,5.37,36,2023-07-17,정상
2853,9418,730000,5.43,12,2023-09-20,정상
2854,6224,1900000,4.82,6,2024-03-06,정상
2855,477,5240000,4.99,12,2023-03-22,정상
2856,8792,1260000,5.85,6,2024-06-25,연체
2857,6267,3890000,6.06,12,2024-01-20,정상
2858,1112,730000,5.68,12,2024-03-08,완료
2859,6034,730000,5.93,24,2023-10-04,정상
2860,8981,730000,5.59,6,2023-04-27,연체
2861,7129,1700000,4.38,6,2023-03-06,정상
2862,8446,1790000,5.13,24,2023-04-02,완료
2863,4643,3330000,4.62,36,2024-01-05,정상
2864,9291,730000,5.74,6,2023-09-02,연체
2865,5547,2420000,5.36,24,2023-05-17,정상
2866,9063,5950000,4.27,12,2024-05-09,정상
2867,731,2450000,4.87,24,2023-12-13,정상
2868,7330,3660000,4.19,36,2023-06-22,정상
2869,9723,10290000,4.21,12,2024-09-04,정상
2870,1039,23780000,4.03,24,2023-12-26,완료
2871,2235,730000,5.97,6,2024-07-28,완료
2872,9693,880000,5.28,24,2023-09-29,정상
2873,1931,730000,5.73,12,2024-05-05,정상
2874,8941,730000,5.67,24,2023-03-30,연체
2875,5884,730000,5.88,12,2024-08-22,정상
2876,9178,1540000,5.08,6,2024-07-02,완료
2877,5337,900000,5.53,6,2024-08-04,정상
2878,6964,730000,6.13,12,2024-01-09,완료
2879,6186,1400000,5.15,24,2024-10-09,정상
2880,2700,8960000,5.0,36,2024-08-29,정상
2881,7615,730000,5.87,12,2023-10-16,연체
2882,2648,1250000,4.99,6,2023-03-02,정상
2883,9931,29110000,4.83,60,2024-03-13,완료
2884,3516,1490000,5.86,6,2023-09-25,정상
2885,4500,7140000,5.4,36,2023-01-28,정상
2886,7176,8090000,5.32,36,2024-01-28,정상
2887,892,13670000,5.06,24,2023-09-24,정상
2888,8566,60430000,5.37,36,2024-10-14,정상
2889,6669,2650000,5.65,6,2023-08-29,정상
2890,2488,6480000,5.2,24,2024-07-08,완료
2891,9395,17960000,5.17,36,2023-01-15,정상
2892,469,3650000,4.38,36,2023-08-08,정상
2893,2827,12010000,5.25,36,2024-01-30,정상
2894,4225,730000,5.9,6,2024-10-08,정상
2895,545,2440000,4.74,12,2023-09-16,정상
2896,7970,730000,5.08,12,2024-05-02,정상
2897,5255,18470000,5.53,24,2023-07-07,완료
2898,2311,1940000,4.83,24,2023-05-11,정상
2899,6936,730000,6.74,12,2024-08-09,정상
2900,2863,730000,5.92,12,2023-07-31,연체
2901,8585,12250000,4.85,24,2023-05-24,정상
2902,7278,8990000,5.29,36,2023-08-02,완료
2903,3188,730000,6.36,12,2023-07-31,연체
2904,4191,1710000,5.78,24,2024-02-18,정상
2905,2331,730000,6.77,24,2023-11-21,연체
2906,8251,730000,5.64,6,2023-04-12,정상
2907,260,8020000,5.55,24,2023-01-25,정상
2908,2956,2670000,4.94,24,2024-02-06,정상
2909,6196,9240000,4.46,12,2023-01-29,완료
2910,9262,730000,6.05,12,2024-03-20,정상
2911,3573,2410000,5.45,24,2023-05-30,연체
2912,6785,730000,6.39,24,2024-02-27,연체
2913,6653,730000,5.21,24,2024-04-17,정상
2914,4928,1170000,5.81,24,2024-07-04,정상
2915,4377,730000,5.9,6,2024-03-20,정상
2916,5029,730000,5.19,24,2024-12-01,정상
2917,2724,7080000,5.64,36,2023-03-04,완료
2918,4343,6000000,4.89,12,2023-06-02,정상
2919,9345,2170000,4.9,24,2023-08-23,완료
2920,1410,1800000,4.8,12,2023-06-18,정상
2921,8772,730000,5.78,6,2023-03-24,연체
2922,4460,4400000,5.15,24,2023-06-08,연체
2923,4369,8620000,5.21,12,2024-03-02,정상
2924,343,2190000,5.33,12,2024-12-30,정상
2925,9470,3080000,4.92,36,2024-07-08,정상
2926,3196,730000,5.59,6,2023-07-18,연체
2927,6538,730000,6.08,12,2023-04-28,연체
2928,7424,12080000,4.39,36,2023-08-04,정상
2929,2834,730000,5.51,6,2024-07-22,정상
2930,74,5930000,5.14,36,2023-02-16,완료
2931,2258,730000,5.09,6,2023-06-25,완료
2932,5038,730000,4.91,12,2023-01-11,완료
2933,8079,10880000,5.21,24,2023-07-12,정상
2934,8909,1400000,5.4,12,2024-04-24,완료
2935,8532,2570000,5.16,12,2023-06-17,완료
2936,8656,730000,5.91,24,2024-04-24,연체
2937,6120,6900000,5.37,24,2024-09-14,정상
2938,6998,6380000,5.02,12,2024-01-06,정상
2939,9351,5450000,4.87,24,2024-08-18,정상
2940,5299,57400000,5.03,60,2023-03-13,정상
2941,4560,1730000,5.89,12,2023-04-08,정상
2942,3844,101820000,5.38,36,2024-06-23,정상
2943,1629,1090000,5.23,24,2023-10-06,정상
2944,5028,4350000,4.86,36,2024-01-05,정상
2945,2422,21280000,5.24,60,2023-08-08,완료
2946,3292,2240000,5.35,24,2023-07-14,정상
2947,2913,2080000,5.44,24,2023-10-02,정상
2948,2326,730000,5.96,6,2024-04-20,연체
2949,4788,2230000,4.57,6,2024-11-29,완료
2950,7415,12710000,5.81,12,2023-04-07,연체
2951,7497,4180000,4.38,12,2024-01-11,정상
2952,4494,730000,6.18,24,2023-04-10,정상
2953,192,1130000,5.5,24,2024-07-27,연체
2954,2523,850000,5.91,6,2024-06-15,정상
2955,8968,730000,4.93,6,2023-10-16,연체
2956,9645,730000,5.85,24,2023-02-05,정상
2957,9104,730000,5.55,12,2023-04-22,연체
2958,5554,4790000,4.86,24,2024-11-23,정상
2959,5746,730000,5.6,24,2024-07-18,정상
2960,2584,5530000,5.51,36,2024-08-14,정상
2961,7278,12610000,4.3,36,2024-07-21,연체
2962,5181,730000,5.81,6,2024-01-07,정상
2963,7266,1010000,5.99,6,2024-01-07,정상
2964,1157,730000,6.07,24,2024-10-19,정상
2965,8976,730000,5.41,24,2024-02-29,연체
2966,5006,4630000,4.72,24,2024-06-02,정상
2967,6814,5870000,4.58,24,2024-06-10,정상
2968,4488,730000,5.9,6,2024-01-29,완료
2969,9855,2920000,5.25,6,2023-09-27,완료
2970,5776,2730000,4.85,6,2023-02-21,연체
2971,1794,3380000,4.15,36,2023-04-30,연체
2972,6597,1650000,5.18,24,2023-02-08,정상
2973,6870,2050000,4.48,12,2024-09-14,연체
2974,5032,5550000,4.79,24,2024-11-24,정상
2975,2390,730000,5.64,6,2024-08-25,정상
2976,4710,9210000,4.8,24,2023-03-28,정상
2977,6389,1830000,5.57,12,2023-08-06,정상
2978,2559,3950000,5.06,24,2023-08-06,정상
2979,1761,730000,5.35,6,2023-08-30,정상
2980,3640,1760000,6.02,6,2024-07-15,연체
2981,4587,1230000,5.05,12,2023-03-28,연체
2982,7470,730000,5.88,6,2024-06-12,정상
2983,6198,1640000,5.41,24,2023-10-12,연체
2984,1868,730000,5.25,24,2023-11-19,정상
2985,7368,2300000,5.73,6,2023-01-30,정상
2986,1666,730000,5.67,24,2023-12-02,연체
2987,8907,88750000,5.1,36,2023-07-03,정상
2988,5839,2440000,4.59,24,2023-05-23,정상
2989,9615,1570000,5.72,24,2024-01-27,완료
2990,9469,3440000,5.11,36,2023-05-16,완료
2991,4076,28840000,4.09,24,2023-01-04,정상
2992,189,4250000,5.29,12,2024-12-27,정상
2993,3254,59560000,5.33,36,2024-10-06,정상
2994,4370,730000,6.17,6,2023-03-05,정상
2995,2323,730000,5.69,24,2024-01-14,연체
2996,252,4790000,4.71,36,2024-10-17,연체
2997,5857,1350000,4.96,24,2023-11-30,정상
2998,7157,730000,4.66,24,2023-06-25,정상
2999,963,920000,5.79,12,2023-09-03,정상
3000,6616,18010000,4.96,24,2024-09-03,완료
3001,2680,730000,5.7,6,2023-04-14,연체
3002,3206,3140000,5.41,36,2023-01-06,정상
3003,7222,1060000,5.09,12,2024-02-04,연체
3004,6105,950000,5.48,12,2024-07-20,연체
3005,1700,91140000,5.07,36,2024-04-28,정상
3006,134,3720000,5.22,36,2023-07-06,정상
3007,5674,750000,4.67,6,2023-03-15,완료
3008,9422,730000,5.47,6,2024-02-14,연체
3009,9222,45190000,5.21,36,2024-02-29,정상
3010,8720,730000,5.53,12,2024-12-30,정상
3011,6583,2860000,4.89,24,2024-01-27,정상
3012,7850,2360000,5.47,6,2023-09-15,정상
3013,6177,35460000,5.05,36,2023-05-21,정상
3014,2767,1440000,5.4,24,2023-03-15,정상
3015,11,3110000,5.4,12,2024-04-27,완료
3016,7350,790000,5.88,6,2024-03-10,연체
3017,5949,730000,6.17,24,2023-04-27,정상
3018,7227,8250000,5.29,36,2023-04-03,정상
3019,8474,1080000,5.24,24,2023-11-19,정상
3020,9730,1690000,5.9,12,2023-10-18,연체
3021,6691,3070000,4.93,24,2023-02-22,완료
3022,6894,4680000,5.07,36,2024-10-21,연체
3023,8371,730000,5.35,12,2023-03-30,정상
3024,6494,820000,4.98,6,2024-09-13,정상
3025,9728,730000,5.54,12,2024-12-17,정상
3026,6148,3310000,4.39,12,2023-03-19,정상
3027,9090,730000,5.55,24,2023-06-03,연체
3028,401,730000,5.42,6,2024-12-07,정상
3029,8419,9900000,4.99,24,2024-02-16,정상
3030,5046,730000,5.89,6,2023-06-01,정상
3031,2792,3750000,4.34,12,2023-10-14,연체
3032,7718,3900000,5.9,36,2023-09-25,정상
3033,2642,6260000,4.88,24,2024-11-13,연체
3034,6076,730000,5.43,6,2023-07-11,완료
3035,6003,2230000,4.74,6,2023-04-19,완료
3036,6250,5280000,5.18,12,2024-10-31,정상
3037,387,730000,5.59,24,2024-07-02,정상
3038,2614,970000,5.43,24,2024-03-02,정상
3039,8999,730000,5.34,6,2024-05-30,정상
3040,4832,1740000,4.97,24,2023-05-12,정상
3041,8803,16250000,4.93,36,2023-01-18,연체
3042,1713,3290000,5.19,36,2024-12-15,연체
3043,2055,52190000,5.1,24,2024-06-13,정상
3044,6192,730000,5.52,24,2024-04-14,연체
3045,5440,3100000,4.21,12,2024-03-03,정상
3046,2761,730000,4.96,12,2024-01-19,정상
3047,6317,1900000,4.54,6,2023-08-20,완료
3048,8499,2010000,4.93,24,2023-09-19,정상
3049,2195,5390000,5.44,12,2023-12-10,정상
3050,5780,3800000,5.05,24,2024-08-03,정상
3051,7442,6360000,4.09,12,2024-12-31,정상
3052,4313,4040000,4.45,36,2023-01-28,정상
3053,2250,730000,5.54,24,2023-06-24,정상
3054,5802,23040000,5.06,60,2024-12-10,정상
3055,4778,730000,5.61,24,2024-11-13,정상
3056,2091,1250000,5.16,24,2023-03-31,정상
3057,8376,990000,5.27,12,2023-07-05,정상
3058,9526,1220000,6.15,6,2024-06-03,연체
3059,7211,910000,5.5,12,2024-12-01,연체
3060,6950,2820000,5.32,6,2024-12-12,정상
3061,2441,730000,4.9,12,2023-03-31,완료
3062,7960,800000,5.5,24,2023-10-13,완료
3063,653,7010000,5.03,12,2024-10-20,완료
3064,1249,6220000,4.51,24,2023-10-31,정상
3065,7624,2010000,4.98,24,2023-12-05,완료
3066,8304,2090000,5.87,6,2024-02-08,정상
3067,4904,730000,4.44,6,2024-05-04,연체
3068,2024,13280000,4.65,36,2023-02-02,정상
3069,9362,950000,5.6,12,2023-10-31,정상
3070,953,96250000,5.17,24,2023-09-06,정상
3071,1700,108250000,5.61,36,2023-11-05,정상
3072,906,730000,5.68,6,2023-04-16,정상
3073,2524,730000,5.16,24,2023-04-16,완료
3074,5201,730000,5.59,12,2024-08-06,완료
3075,1423,11560000,4.62,36,2024-09-16,정상
3076,7233,1300000,4.63,6,2023-09-05,완료
3077,4534,2330000,5.27,24,2023-03-10,정상
3078,1209,3410000,5.18,36,2024-03-13,정상
3079,419,38700000,5.6,36,2023-04-23,정상
3080,8814,11260000,5.44,24,2024-03-04,정상
3081,9991,5720000,4.7,24,2023-07-06,정상
3082,1395,1110000,5.29,12,2024-02-26,정상
3083,2406,730000,5.83,6,2024-04-05,정상
3084,3498,1050000,4.98,24,2023-01-09,정상
3085,3065,10400000,4.59,36,2024-07-20,정상
3086,1368,8120000,3.95,12,2023-12-01,정상
3087,3771,1690000,5.78,24,2024-10-09,정상
3088,3852,2090000,4.9,12,2024-05-11,정상
3089,9745,730000,5.27,12,2023-04-01,연체
3090,6562,1390000,5.04,12,2024-08-23,정상
3091,1828,2980000,5.66,12,2024-07-25,완료
3092,3018,50290000,5.83,36,2023-05-07,정상
3093,8870,730000,5.65,12,2024-04-29,연체
3094,3494,730000,5.87,6,2024-07-22,연체
3095,4962,730000,4.7,6,2023-01-30,연체
3096,3656,730000,4.97,6,2023-11-20,정상
3097,9288,730000,5.83,24,2024-03-19,연체
3098,5481,730000,5.73,24,2023-10-08,정상
3099,2647,10360000,4.88,12,2023-07-21,정상
3100,8991,2660000,5.18,6,2023-05-28,정상
3101,4689,730000,5.38,12,2023-04-20,연체
3102,2721,2990000,5.07,12,2024-05-24,연체
3103,2200,730000,5.42,12,2023-12-18,정상
3104,1470,740000,6.25,24,2023-11-26,완료
3105,1131,730000,5.47,24,2024-05-02,완료
3106,6489,730000,5.39,24,2024-01-03,연체
3107,1244,760000,4.91,12,2023-08-06,정상
3108,559,6740000,5.57,24,2023-03-29,정상
3109,9391,8720000,5.89,24,2024-05-29,연체
3110,644,730000,6.56,12,2024-06-21,연체
3111,5119,49540000,5.02,24,2024-03-02,정상
3112,6982,3310000,5.22,12,2023-10-02,정상
3113,6385,8000000,4.34,36,2023-01-07,완료
3114,7382,6850000,5.42,12,2024-03-24,완료
3115,6729,2040000,4.84,6,2023-01-20,완료
3116,2082,730000,6.02,24,2024-03-17,정상
3117,4901,19080000,4.89,36,2024-03-05,완료
3118,4973,1360000,5.44,24,2023-07-21,연체
3119,4779,5740000,6.02,12,2024-09-27,정상
3120,2363,18160000,4.35,36,2024-05-10,정상
3121,685,1050000,5.68,12,2023-08-04,정상
3122,5155,3210000,4.78,24,2023-11-13,정상
3123,6593,730000,5.11,6,2023-04-19,정상
3124,1119,6940000,4.39,36,2024-03-23,연체
3125,6700,880000,5.0,12,2023-12-02,정상
3126,638,2420000,5.14,6,2024-01-08,정상
3127,2708,3070000,4.89,24,2024-01-24,정상
3128,144,29430000,4.68,60,2023-03-02,완료
3129,342,1950000,5.29,6,2024-01-15,완료
3130,8402,1150000,5.52,6,2023-03-28,완료
3131,4246,8340000,5.19,24,2023-10-15,정상
3132,5295,3190000,5.14,36,2023-02-01,정상
3133,9134,730000,5.56,6,2023-06-02,정상
3134,7091,980000,5.45,6,2024-01-06,정상
3135,4906,7990000,5.57,24,2024-03-28,정상
3136,5971,9260000,4.9,12,2023-05-18,정상
3137,47,14920000,4.41,12,2024-08-07,완료
3138,2996,3530000,4.95,24,2023-07-03,연체
3139,9194,730000,5.34,6,2023-08-19,완료
3140,5205,3240000,4.33,24,2023-05-14,정상
3141,600,2340000,5.1,6,2023-01-08,정상
3142,4770,730000,5.26,24,2023-09-20,정상
3143,9007,1030000,5.17,24,2023-09-05,정상
3144,3961,830000,5.27,24,2024-07-14,정상
3145,3085,10560000,4.43,24,2023-06-05,정상
3146,6900,24730000,4.52,60,2024-10-24,정상
3147,1740,730000,5.89,12,2024-07-02,연체
3148,615,730000,4.98,6,2023-09-19,정상
3149,8145,1120000,6.01,6,2023-10-12,완료
3150,8156,22060000,4.71,36,2024-01-13,정상
3151,9658,22600000,3.99,60,2023-06-16,정상
3152,7512,1020000,5.82,24,2024-01-03,정상
3153,5409,28310000,5.09,60,2024-05-12,완료
3154,31,1030000,5.02,6,2023-07-10,정상
3155,2539,730000,5.93,24,2023-09-24,연체
3156,4549,4220000,4.74,12,2024-02-25,정상
3157,1906,940000,5.43,24,2024-11-12,연체
3158,1962,60100000,4.94,24,2023-10-07,정상
3159,6248,730000,5.74,24,2024-01-23,정상
3160,5946,93870000,5.61,36,2024-06-29,완료
3161,881,4810000,5.11,24,2023-12-29,완료
3162,8991,1330000,5.52,12,2024-09-20,정상
3163,5031,12680000,5.64,36,2024-01-07,정상
3164,374,730000,5.83,24,2023-04-18,정상
3165,2382,35710000,4.84,24,2023-04-23,정상
3166,4645,10220000,4.96,24,2024-03-25,완료
3167,1354,84760000,5.84,24,2024-08-26,정상
3168,2793,9890000,4.42,24,2024-05-03,정상
3169,9149,730000,5.65,24,2024-12-08,연체
3170,8206,730000,6.28,6,2024-02-03,정상
3171,437,730000,5.2,24,2023-06-01,연체
3172,4966,730000,5.77,24,2024-05-03,정상
3173,1587,8460000,5.16,12,2024-08-09,정상
3174,2229,4790000,5.88,24,2024-11-25,완료
3175,557,2260000,4.74,24,2023-06-06,정상
3176,9153,780000,5.78,12,2024-08-22,정상
3177,3926,17940000,4.43,36,2023-11-25,완료
3178,7075,40070000,5.29,36,2024-09-02,완료
3179,2470,3000000,5.59,12,2023-06-07,정상
3180,4883,2170000,5.26,6,2024-07-29,연체
3181,5423,1280000,4.53,12,2023-02-17,정상
3182,2380,2480000,5.21,6,2024-07-23,정상
3183,1977,5520000,5.18,12,2024-07-07,정상
3184,7827,730000,6.34,24,2023-11-04,연체
3185,4535,730000,6.17,6,2023-07-29,연체
3186,6850,730000,5.47,24,2023-04-29,연체
3187,6777,34630000,4.87,24,2023-08-17,정상
3188,747,790000,5.1,12,2023-05-09,정상
3189,2313,7880000,4.88,12,2024-12-18,정상
3190,7079,6840000,4.89,36,2024-02-15,완료
3191,347,730000,5.6,12,2024-08-29,연체
3192,9873,2470000,5.26,12,2024-11-13,정상
3193,5285,730000,5.98,6,2024-11-25,정상
3194,9527,730000,5.65,6,2024-10-08,연체
3195,3669,2800000,5.29,24,2024-08-23,정상
3196,7127,23740000,5.44,36,2024-07-12,정상
3197,7302,12010000,5.39,12,2024-03-17,정상
3198,2057,750000,4.9,6,2024-01-25,정상
3199,212,3230000,5.23,12,2024-11-04,정상
3200,252,5830000,5.86,12,2023-12-01,정상
3201,658,730000,6.04,6,2023-03-21,연체
3202,7188,12800000,4.66,24,2024-01-30,정상
3203,70,2050000,5.46,24,2023-01-09,정상
3204,9060,30420000,4.9,36,2024-04-23,정상
3205,4112,730000,5.44,6,2023-02-25,연체
3206,2798,14950000,4.94,12,2024-08-15,정상
3207,3905,3430000,4.78,36,2024-12-15,정상
3208,8799,2940000,5.88,6,2023-04-21,정상
3209,7523,3220000,5.85,24,2023-01-17,정상
3210,433,730000,5.62,12,2024-10-14,연체
3211,9477,1550000,6.17,6,2023-06-26,정상
3212,3913,1010000,5.63,24,2023-09-21,연체
3213,5541,730000,5.47,6,2024-07-09,연체
3214,591,27390000,4.96,24,2024-04-15,정상
3215,3035,730000,6.02,12,2024-03-06,연체
3216,9020,730000,5.68,6,2023-07-23,연체
3217,7830,980000,5.22,12,2024-04-14,정상
3218,9588,730000,5.75,12,2024-04-01,정상
3219,811,730000,5.26,24,2023-04-12,연체
3220,3145,7010000,5.25,12,2023-12-31,정상
3221,487,11010000,5.5,24,2024-10-22,정상
3222,6519,27470000,4.32,60,2023-10-22,정상
3223,2827,15100000,5.06,24,2024-12-20,완료
3224,773,1220000,5.17,12,2024-10-07,정상
3225,8681,730000,6.33,6,2024-10-27,정상
3226,8224,5810000,5.09,36,2023-05-28,정상
3227,2380,1590000,5.48,12,2023-08-11,연체
3228,8505,1180000,5.16,24,2024-03-07,연체
3229,5516,6640000,5.65,36,2023-06-07,정상
3230,1197,2880000,4.27,6,2024-11-15,연체
3231,7785,1110000,5.55,12,2024-01-15,완료
3232,13,2610000,5.55,12,2024-02-05,정상
3233,7484,1930000,5.36,24,2024-03-08,정상
3234,5291,12910000,5.15,12,2023-03-12,연체
3235,7346,1510000,5.63,24,2023-08-23,정상
3236,4828,22980000,4.64,36,2024-06-25,완료
3237,2232,2580000,4.5,12,2023-03-11,정상
3238,5092,790000,5.56,12,2024-05-07,완료
3239,3838,17000000,4.22,12,2023-07-09,정상
3240,610,730000,6.12,6,2023-08-12,정상
3241,1113,11810000,5.19,12,2024-08-02,정상
3242,8500,790000,5.81,12,2024-06-26,정상
3243,5959,13670000,3.77,24,2023-06-30,정상
3244,4531,3940000,5.0,12,2024-12-29,완료
3245,6166,5590000,5.77,36,2024-07-15,연체
3246,8333,18680000,4.71,12,2024-06-14,정상
3247,1908,730000,5.79,6,2023-04-18,정상
3248,661,18760000,4.44,24,2023-03-11,정상
3249,284,1200000,5.32,6,2024-01-26,정상
3250,181,2040000,5.18,12,2024-10-14,정상
3251,481,25330000,5.08,24,2024-11-08,정상
3252,2488,6070000,4.66,24,2024-04-13,정상
3253,3131,1510000,4.73,12,2023-07-27,정상
3254,6109,820000,5.56,12,2023-12-08,정상
3255,9726,1720000,5.49,12,2023-04-13,정상
3256,151,56460000,4.76,60,2023-03-21,정상
3257,8296,45450000,4.29,24,2023-06-17,정상
3258,3811,760000,5.75,12,2023-02-20,정상
3259,2629,2610000,4.97,6,2024-11-30,정상
3260,850,1740000,4.72,12,2023-07-07,완료
3261,941,3390000,5.56,24,2024-04-24,연체
3262,8581,14250000,5.14,12,2024-07-14,정상
3263,1658,900000,5.53,12,2023-03-07,정상
3264,6872,17210000,5.01,36,2024-08-19,정상
3265,8033,44610000,5.72,36,2023-08-09,정상
3266,9617,730000,5.45,12,2023-02-18,연체
3267,9384,1000000,6.25,6,2023-06-28,정상
3268,8574,730000,5.64,6,2024-03-22,정상
3269,8313,57250000,5.21,24,2024-08-13,완료
3270,8629,730000,5.66,6,2024-03-22,정상
3271,1421,6920000,5.33,12,2023-03-05,정상
3272,9548,730000,6.14,24,2024-02-26,완료
3273,2173,2140000,5.16,6,2023-03-06,정상
3274,5797,1270000,5.1,24,2023-06-22,완료
3275,3438,730000,5.35,24,2024-11-11,완료
3276,9405,730000,5.95,12,2024-07-16,연체
3277,3930,108250000,5.65,36,2024-01-17,정상
3278,4288,1320000,5.24,12,2023-07-13,정상
3279,1098,11490000,4.3,36,2023-12-04,정상
3280,6532,15240000,4.94,12,2024-05-08,정상
3281,7452,6020000,4.98,24,2023-08-13,정상
3282,646,730000,5.58,24,2024-01-30,정상
3283,3425,10800000,4.67,24,2023-09-08,완료
3284,3496,4690000,4.7,24,2024-08-31,정상
3285,8210,2070000,5.45,12,2024-05-17,정상
3286,7044,940000,5.49,6,2024-08-31,완료
3287,3081,1740000,5.23,12,2024-09-10,정상
3288,3446,1720000,5.33,24,2024-08-06,정상
3289,1139,21300000,4.71,24,2024-06-07,정상
3290,3991,27430000,4.94,60,2024-09-03,정상
3291,2535,870000,6.01,24,2024-01-12,연체
3292,5958,9670000,5.07,36,2024-07-16,완료
3293,2385,2090000,5.08,12,2024-03-25,정상
3294,7375,730000,5.77,12,2023-05-25,완료
3295,4925,8850000,4.49,24,2024-09-08,정상
3296,2888,9000000,4.8,36,2024-08-18,정상
3297,9153,830000,5.61,6,2024-01-13,정상
3298,4135,730000,6.19,24,2024-05-29,연체
3299,9727,1400000,5.22,12,2023-06-11,연체
3300,8843,8960000,5.25,36,2024-10-07,연체
3301,5764,12110000,4.83,24,2023-09-07,정상
3302,6230,1020000,5.25,6,2023-04-29,정상
3303,6376,2340000,6.27,24,2023-11-15,연체
3304,2211,730000,6.18,12,2023-03-04,정상
3305,1484,730000,5.34,12,2024-12-28,정상
3306,2690,2400000,5.04,12,2023-11-29,완료
3307,6802,12570000,5.55,24,2023-05-24,정상
3308,7803,1400000,4.79,24,2023-07-12,정상
3309,48,6220000,4.98,12,2024-10-18,완료
3310,3482,18950000,5.09,12,2023-06-16,정상
3311,9854,3780000,4.57,12,2023-09-09,정상
3312,1447,730000,6.63,6,2023-02-11,정상
3313,5943,7610000,5.1,24,2023-12-10,정상
3314,7332,730000,5.52,24,2024-04-03,완료
3315,4811,8810000,4.79,12,2024-03-15,정상
3316,9921,5080000,5.27,24,2024-06-04,정상
3317,2734,990000,5.61,12,2024-07-16,연체
3318,3941,6960000,4.76,12,2023-09-13,완료
3319,3602,5880000,4.84,36,2023-12-27,정상
3320,2059,14090000,4.77,36,2023-02-24,정상
3321,5378,2390000,5.04,24,2024-12-20,정상
3322,3483,730000,5.84,24,2023-05-31,연체
3323,2088,4410000,4.18,36,2023-05-25,정상
3324,8150,800000,5.61,6,2023-12-22,정상
3325,1978,730000,5.28,24,2024-05-12,정상
3326,3117,1670000,5.14,24,2023-03-29,정상
3327,6201,830000,5.21,12,2023-04-26,정상
3328,9438,730000,5.97,6,2023-03-18,정상
3329,6870,4030000,4.69,12,2024-11-12,정상
3330,1523,730000,5.86,24,2024-05-05,정상
3331,7542,730000,6.83,24,2024-01-30,연체
3332,8818,740000,6.02,24,2024-12-04,정상
3333,8779,1850000,4.99,12,2024-11-17,완료
3334,6282,7170000,5.5,36,2023-06-30,정상
3335,734,2940000,4.62,24,2023-08-21,정상
3336,8861,1540000,5.87,12,2023-08-28,정상
3337,3020,730000,5.86,24,2024-07-14,연체
3338,8026,1010000,5.45,6,2024-02-04,연체
3339,8230,3900000,5.14,24,2024-02-04,정상
3340,601,730000,5.27,24,2023-10-10,정상
3341,9031,730000,5.34,24,2024-09-15,완료
3342,9991,3780000,5.31,36,2023-06-23,정상
3343,687,14900000,4.79,36,2024-10-26,완료
3344,7700,5240000,4.58,12,2024-02-23,정상
3345,6126,11190000,5.11,12,2024-10-03,정상
3346,5757,35370000,5.02,60,2024-10-11,정상
3347,7646,23010000,4.69,36,2023-03-31,정상
3348,3911,108250000,4.82,24,2024-04-22,정상
3349,1379,27090000,5.3,60,2024-05-29,정상
3350,8192,1490000,4.93,6,2024-11-04,정상
3351,9534,64990000,5.38,60,2024-10-01,완료
3352,5383,730000,5.3,24,2023-09-04,정상
3353,5613,3280000,5.23,36,2024-04-15,정상
3354,3206,4410000,4.5,36,2024-04-19,정상
3355,4782,39190000,5.13,24,2023-11-24,완료
3356,2997,12180000,5.74,36,2024-01-09,정상
3357,9998,1900000,4.87,6,2024-09-12,정상
3358,8698,2330000,5.42,24,2023-08-21,연체
3359,5736,2660000,5.01,12,2023-04-20,정상
3360,8425,5980000,5.79,12,2023-08-24,정상
3361,1424,4940000,4.26,12,2023-09-06,정상
3362,4909,1510000,5.48,6,2023-02-25,정상
3363,6899,730000,5.47,12,2023-06-28,정상
3364,1698,1630000,5.26,6,2024-12-03,정상
3365,8942,36640000,4.78,24,2024-12-03,정상
3366,7626,22800000,4.88,36,2023-10-11,정상
3367,3742,22020000,5.42,60,2023-11-26,정상
3368,5792,3440000,4.55,36,2023-04-24,완료
3369,4721,6130000,5.35,12,2024-10-15,정상
3370,7442,14340000,5.06,36,2024-12-15,정상
3371,7386,10310000,4.49,12,2024-10-06,정상
3372,3328,1360000,4.88,12,2024-07-04,정상
3373,3425,9600000,5.37,24,2024-08-25,정상
3374,6755,108250000,4.92,24,2024-11-27,정상
3375,9114,11170000,5.09,36,2024-04-06,완료
3376,834,11190000,4.92,12,2023-04-07,정상
3377,419,26210000,5.06,60,2023-03-20,완료
3378,7453,2410000,5.77,6,2024-10-02,정상
3379,157,5640000,5.53,24,2024-06-19,완료
3380,4189,730000,5.99,12,2023-01-31,정상
3381,5538,850000,5.49,12,2023-11-11,정상
3382,58,21170000,4.19,36,2024-04-24,정상
3383,2589,3380000,4.95,24,2024-08-21,정상
3384,1409,730000,6.12,12,2023-11-14,연체
3385,1273,730000,5.92,12,2023-03-22,연체
3386,5819,45560000,4.54,60,2023-09-18,정상
3387,446,2440000,5.66,6,2023-02-23,완료
3388,8928,9990000,4.15,36,2024-11-20,정상
3389,8992,3260000,5.07,12,2024-02-12,정상
3390,8456,730000,5.54,6,2023-11-16,연체
3391,1226,6280000,4.66,24,2024-11-16,완료
3392,5894,9920000,4.89,12,2023-11-20,정상
3393,4825,2730000,5.2,24,2023-07-04,완료
3394,4986,21100000,4.92,60,2023-03-15,정상
3395,9597,730000,5.51,24,2023-11-05,정상
3396,1977,5510000,4.82,36,2023-07-14,정상
3397,6178,2190000,5.04,12,2023-09-23,정상
3398,4775,730000,6.65,6,2023-06-19,정상
3399,9998,1150000,5.61,12,2023-01-24,정상
3400,6821,3640000,5.81,36,2024-10-14,정상
3401,7758,2850000,5.0,12,2024-06-25,정상
3402,3370,24320000,4.82,60,2024-11-24,정상
3403,8233,108250000,6.25,36,2023-04-05,정상
3404,1951,730000,6.0,24,2023-04-17,연체
3405,2603,3220000,5.21,12,2023-10-06,완료
3406,4174,730000,5.44,6,2024-11-10,정상
3407,1716,1620000,5.38,6,2024-12-16,정상
3408,4061,1450000,5.11,24,2023-05-23,정상
3409,8693,730000,6.07,12,2023-02-02,완료
3410,6470,9700000,4.77,12,2024-07-03,정상
3411,2314,2630000,5.14,12,2024-10-07,정상
3412,7429,980000,5.4,24,2024-12-29,정상
3413,3625,2980000,5.93,6,2024-12-17,완료
3414,8949,12990000,4.77,36,2023-12-21,완료
3415,5647,1510000,5.03,12,2024-11-03,정상
3416,3781,730000,6.21,24,2024-01-25,연체
3417,7296,6830000,5.83,24,2024-12-15,정상
3418,3418,730000,5.58,24,2023-04-13,연체
3419,4432,29340000,5.58,60,2024-12-15,정상
3420,6818,730000,5.52,6,2024-06-30,연체
3421,4060,1870000,4.58,6,2023-04-20,정상
3422,9959,6290000,5.71,24,2024-10-05,정상
3423,1223,3030000,5.12,36,2024-08-09,정상
3424,9461,3080000,4.96,36,2024-12-13,완료
3425,8718,6270000,4.92,24,2024-10-22,정상
3426,9637,22400000,5.06,36,2023-04-06,완료
3427,7685,16650000,5.17,36,2023-06-22,정상
3428,4984,4370000,4.46,36,2023-10-07,정상
3429,3470,730000,6.25,6,2024-10-24,연체
3430,2354,14110000,4.6,24,2023-12-21,정상
3431,189,5250000,4.74,12,2024-05-08,연체
3432,6077,49060000,4.86,36,2023-03-02,정상
3433,1979,2430000,5.22,12,2024-08-23,정상
3434,5892,8240000,4.16,12,2023-06-03,정상
3435,9009,7660000,4.54,24,2024-09-07,완료
3436,8111,730000,5.26,12,2023-04-19,정상
3437,3333,2420000,5.14,12,2023-01-16,완료
3438,2597,730000,5.8,24,2023-05-11,정상
3439,7552,3390000,5.19,36,2023-10-01,정상
3440,4382,730000,5.62,24,2023-01-16,정상
3441,5310,5950000,4.99,24,2024-04-14,정상
3442,5619,1720000,5.45,24,2024-03-13,완료
3443,5796,13960000,5.12,24,2024-02-25,완료
3444,6159,10420000,5.4,36,2024-08-30,정상
3445,8030,730000,5.88,24,2024-05-14,정상
3446,8766,1760000,4.68,12,2024-11-21,완료
3447,1406,2430000,5.06,12,2023-05-21,정상
3448,549,108250000,5.97,60,2024-06-28,정상
3449,3774,730000,6.38,24,2023-10-09,정상
3450,4414,7880000,3.89,12,2023-01-25,정상
3451,3838,10590000,4.61,12,2023-11-30,완료
3452,6796,2960000,5.01,6,2024-07-10,정상
3453,9676,1140000,5.57,24,2024-11-12,정상
3454,3097,1490000,5.27,24,2024-09-27,정상
3455,6000,10540000,5.22,12,2024-03-10,정상
3456,9955,730000,4.38,24,2023-03-08,완료
3457,2044,1160000,5.93,12,2023-05-21,정상
3458,6184,730000,6.72,24,2024-01-12,정상
3459,5273,730000,6.27,24,2023-10-12,연체
3460,2449,5990000,5.05,12,2023-05-27,정상
3461,2409,108250000,6.2,24,2023-02-10,정상
3462,5876,3320000,4.89,24,2024-05-16,연체
3463,8780,4400000,4.85,24,2023-02-27,정상
3464,1766,60120000,5.1,36,2023-08-21,정상
3465,3028,4480000,4.87,12,2023-03-06,완료
3466,2839,730000,5.95,24,2023-08-14,연체
3467,860,730000,5.19,6,2023-08-09,완료
3468,1702,730000,5.75,6,2024-11-28,연체
3469,5973,3660000,5.71,12,2024-09-26,정상
3470,6353,730000,5.92,24,2024-07-09,연체
3471,4227,5000000,4.95,24,2023-05-13,정상
3472,3206,9540000,5.06,36,2023-05-10,정상
3473,2180,1280000,5.02,6,2024-09-03,정상
3474,7631,730000,6.06,24,2024-02-19,연체
3475,5145,820000,5.33,24,2024-01-11,정상
3476,5928,1470000,4.95,24,2024-08-31,연체
3477,2059,11330000,5.07,36,2023-12-31,완료
3478,1873,53770000,5.17,24,2023-03-05,정상
3479,1143,11810000,4.99,24,2023-08-04,연체
3480,8163,3630000,5.06,24,2024-02-24,정상
3481,2719,730000,5.94,24,2024-07-29,연체
3482,4475,730000,6.23,6,2024-07-19,정상
3483,8964,730000,5.87,24,2023-06-05,연체
3484,3096,900000,5.16,24,2024-01-31,정상
3485,3256,900000,5.18,24,2023-08-24,연체
3486,2862,34070000,4.19,24,2023-12-11,정상
3487,816,3770000,4.7,12,2024-12-24,연체
3488,810,730000,6.26,12,2024-05-09,정상
3489,742,730000,5.65,24,2023-05-28,연체
3490,550,730000,5.48,24,2024-06-27,완료
3491,4390,940000,5.13,12,2023-06-10,정상
3492,1917,730000,6.5,6,2023-11-26,연체
3493,5095,730000,6.17,6,2024-04-11,정상
3494,9453,33040000,4.75,24,2024-11-17,완료
3495,3208,2230000,4.64,12,2023-03-27,정상
3496,5070,10570000,5.5,24,2023-04-06,정상
3497,9255,1260000,5.87,12,2024-11-26,연체
3498,1235,44860000,5.04,36,2024-05-29,정상
3499,5276,12840000,5.01,12,2024-04-25,완료
3500,9294,5960000,5.25,36,2023-05-11,정상
3501,8055,6110000,4.62,36,2024-10-18,정상
3502,8123,730000,5.74,24,2024-03-20,정상
3503,7302,19200000,4.4,24,2023-11-09,정상
3504,2186,13520000,5.07,36,2023-06-17,정상
3505,5037,1660000,5.71,24,2023-12-26,연체
3506,7149,4700000,4.95,12,2023-12-15,정상
3507,2150,5620000,4.61,12,2024-12-07,정상
3508,9140,790000,5.3,6,2024-09-10,완료
3509,9418,730000,5.68,24,2024-03-14,정상
3510,9535,10500000,5.01,24,2023-05-26,정상
3511,3182,730000,6.2,6,2023-09-29,정상
3512,7402,1610000,6.06,6,2023-10-21,정상
3513,4039,730000,6.16,6,2023-11-13,정상
3514,1414,33300000,5.32,36,2023-11-29,정상
3515,2436,730000,5.67,12,2024-08-30,정상
3516,4543,17160000,5.11,24,2023-12-08,정상
3517,3014,4260000,4.73,24,2024-02-04,정상
3518,5380,730000,5.93,12,2023-11-20,정상
3519,6751,730000,6.27,24,2023-04-09,정상
3520,5690,3290000,4.4,12,2024-01-05,정상
3521,9742,2660000,4.87,6,2024-04-20,완료
3522,370,730000,5.59,24,2023-07-20,정상
3523,6898,10490000,4.55,24,2024-02-15,정상
3524,4958,1940000,5.32,24,2023-05-11,정상
3525,6882,730000,4.83,6,2023-05-03,연체
3526,5234,1300000,4.69,12,2023-08-26,연체
3527,1741,1130000,5.45,24,2024-09-30,연체
3528,3112,41640000,4.81,60,2023-11-20,정상
3529,1631,730000,5.93,24,2024-06-19,완료
3530,3587,16970000,5.18,12,2024-06-20,정상
3531,6169,730000,5.89,6,2024-10-02,정상
3532,3064,990000,5.52,12,2023-02-19,완료
3533,3783,730000,5.18,24,2024-12-25,정상
3534,9812,20870000,5.62,36,2023-01-08,정상
3535,7739,7860000,4.63,12,2024-06-01,정상
3536,6821,3610000,5.09,36,2024-09-30,정상
3537,5425,730000,4.82,24,2024-08-15,연체
3538,8901,730000,5.44,12,2024-05-25,정상
3539,4121,22590000,4.55,24,2024-05-03,완료
3540,8728,4550000,5.8,12,2024-01-07,정상
3541,5640,1410000,6.16,24,2024-01-23,연체
3542,765,9290000,4.62,12,2024-01-16,정상
3543,795,730000,5.78,24,2023-01-15,연체
3544,7515,11590000,4.68,24,2024-08-06,정상
3545,9897,730000,5.94,24,2023-02-14,연체
3546,4128,880000,4.8,6,2024-10-14,정상
3547,3945,1560000,5.27,6,2024-06-05,정상
3548,3970,47850000,4.59,24,2023-04-29,완료
3549,8330,20610000,4.55,24,2024-04-16,정상
3550,3857,730000,5.32,24,2024-01-09,정상
3551,7669,10240000,4.82,12,2023-08-27,정상
3552,1809,730000,5.93,12,2023-04-16,연체
3553,122,780000,5.12,6,2023-11-15,완료
3554,9683,730000,5.53,12,2024-11-19,정상
3555,303,1230000,4.6,24,2023-08-14,완료
3556,8422,1370000,5.36,24,2024-03-13,연체
3557,3894,730000,4.79,6,2023-12-25,완료
3558,1246,108250000,5.43,60,2024-08-03,정상
3559,8611,14660000,4.87,36,2024-12-21,정상
3560,5330,2020000,5.05,12,2023-02-16,정상
3561,6867,6100000,5.1,12,2024-06-11,정상
3562,8302,4900000,5.43,24,2023-12-03,정상
3563,6224,3710000,5.43,24,2023-05-07,정상
3564,9407,1850000,5.59,12,2023-04-03,정상
3565,9527,730000,5.78,12,2023-07-17,완료
3566,4608,1440000,5.08,12,2024-08-29,정상
3567,1904,6030000,4.02,36,2023-01-06,정상
3568,7361,990000,5.0,24,2023-06-19,완료
3569,7825,730000,5.99,24,2024-07-22,연체
3570,8707,2050000,5.29,24,2024-03-17,연체
3571,8983,5380000,5.1,12,2023-05-23,정상
3572,8196,730000,5.55,6,2024-02-16,정상
3573,9874,730000,5.58,6,2024-05-07,연체
3574,1052,1260000,5.84,6,2023-07-15,연체
3575,5119,26860000,4.91,60,2023-10-17,정상
3576,2779,730000,6.04,24,2024-07-25,정상
3577,7899,730000,5.84,12,2024-05-25,연체
3578,7052,1490000,5.64,12,2024-01-08,정상
3579,2833,29540000,4.44,60,2023-05-15,정상
3580,8787,6060000,4.52,36,2024-12-16,정상
3581,2640,21130000,5.03,60,2023-10-24,정상
3582,1136,790000,5.19,6,2024-03-27,완료
3583,5555,930000,4.67,24,2024-09-10,정상
3584,2397,730000,5.8,12,2024-01-17,정상
3585,7468,13350000,4.28,36,2024-03-21,연체
3586,4936,6750000,4.23,12,2024-09-11,정상
3587,8915,1690000,5.49,24,2023-05-14,정상
3588,1759,2020000,5.7,24,2024-04-28,완료
3589,2892,3120000,4.4,12,2024-03-31,정상
3590,715,6710000,4.4,24,2023-07-17,정상
3591,8755,108250000,5.21,60,2023-10-21,정상
3592,2125,840000,4.7,6,2024-12-25,연체
3593,3375,12400000,4.72,36,2024-05-30,정상
3594,5176,1400000,5.69,12,2024-12-14,정상
3595,5897,1060000,5.35,6,2024-07-27,정상
3596,7632,1090000,5.43,12,2023-05-20,정상
3597,2538,1650000,5.62,6,2024-08-19,정상
3598,7833,108250000,5.2,36,2024-08-14,완료
3599,942,36650000,4.79,24,2023-07-07,정상
3600,8107,800000,5.36,12,2023-01-13,연체
3601,9741,730000,5.81,24,2023-06-03,정상
3602,7258,1210000,5.32,12,2024-05-04,정상
3603,5013,8350000,4.96,36,2023-08-17,정상
3604,867,15920000,5.08,36,2023-04-30,연체
3605,2191,730000,7.2,24,2024-02-20,완료
3606,6651,8040000,5.22,12,2024-06-15,정상
3607,5900,850000,4.66,12,2024-10-28,정상
3608,2957,108250000,5.05,24,2024-10-23,정상
3609,6075,1350000,5.36,24,2024-10-23,정상
3610,6990,730000,5.05,12,2024-09-21,연체
3611,2836,5370000,4.4,36,2024-10-27,정상
3612,6983,59750000,5.45,36,2024-08-12,정상
3613,7990,8260000,5.01,24,2024-10-23,연체
3614,9502,730000,6.37,6,2024-02-17,연체
3615,2309,3020000,5.12,36,2024-02-09,정상
3616,7757,20150000,5.05,24,2024-12-10,정상
3617,2976,730000,5.85,6,2024-03-04,완료
3618,844,730000,5.5,6,2023-05-27,연체
3619,1238,2270000,4.92,12,2024-01-22,연체
3620,9119,730000,6.35,24,2024-08-30,정상
3621,7060,4530000,4.42,36,2023-02-19,정상
3622,240,1900000,5.88,6,2023-10-06,연체
3623,3028,3540000,5.26,36,2024-11-09,정상
3624,7396,16130000,5.31,36,2023-12-04,정상
3625,9109,3040000,4.97,12,2023-04-09,연체
3626,6077,47130000,4.76,60,2023-06-01,정상
3627,9449,1050000,4.7,12,2023-11-25,정상
3628,523,730000,5.41,12,2024-04-17,연체
3629,8822,1290000,5.1,6,2023-04-27,정상
3630,7042,20960000,4.79,36,2023-08-13,정상
3631,91,5740000,4.78,36,2023-05-09,정상
3632,3253,15110000,5.72,12,2024-02-15,정상
3633,1722,1460000,5.21,24,2023-09-08,연체
3634,3596,730000,5.91,6,2024-08-18,연체
3635,5017,76230000,6.19,60,2023-04-12,정상
3636,5424,730000,4.45,6,2023-09-13,정상
3637,923,1050000,5.53,12,2024-05-22,정상
3638,9077,21280000,4.65,24,2023-09-04,정상
3639,1789,5800000,5.32,24,2023-04-12,정상
3640,9731,108250000,5.7,36,2024-11-26,정상
3641,2158,730000,5.3,24,2024-09-03,연체
3642,1273,730000,5.65,24,2023-02-13,완료
3643,2884,1040000,5.59,12,2024-11-24,완료
3644,3367,2550000,4.88,6,2024-05-03,완료
3645,9070,37090000,5.77,36,2024-02-07,정상
3646,3630,5700000,4.31,24,2023-03-17,연체
3647,3872,1450000,5.47,6,2024-05-13,정상
3648,9768,108250000,4.7,60,2024-07-16,정상
3649,4091,2000000,5.51,24,2024-08-11,정상
3650,8595,51290000,5.42,24,2023-09-16,정상
3651,2105,1860000,5.08,24,2024-11-29,완료
3652,7121,27160000,4.56,60,2024-07-12,정상
3653,5732,2860000,4.31,6,2023-10-17,연체
3654,1881,2840000,5.41,6,2024-10-06,완료
3655,6629,1080000,4.94,24,2024-09-27,완료
3656,9094,3790000,4.52,36,2023-08-27,정상
3657,8011,730000,5.77,12,2024-10-16,연체
3658,2308,1910000,5.09,6,2024-08-21,완료
3659,7391,1230000,5.28,6,2023-09-14,정상
3660,4573,730000,5.52,12,2024-02-27,완료
3661,8466,2740000,4.85,24,2023-01-10,정상
3662,5918,3800000,5.45,24,2024-07-06,정상
3663,1388,1620000,5.27,24,2023-07-19,연체
3664,7789,730000,6.32,12,2023-01-28,정상
3665,3940,9610000,4.51,24,2023-09-30,정상
3666,285,770000,5.66,6,2023-04-03,연체
3667,4379,730000,5.95,12,2023-05-23,정상
3668,987,3730000,5.09,24,2024-09-18,정상
3669,4190,1030000,5.62,12,2024-09-29,연체
3670,8622,740000,5.66,6,2024-03-17,정상
3671,7127,51190000,5.44,60,2024-08-29,정상
3672,4941,730000,5.83,6,2023-08-16,정상
3673,459,108250000,5.53,60,2024-12-12,정상
3674,9380,47080000,5.35,36,2023-08-18,정상
3675,4159,3030000,5.03,36,2024-09-13,정상
3676,917,28740000,4.79,60,2024-02-24,정상
3677,5819,78200000,4.96,60,2024-04-11,정상
3678,7860,1070000,6.37,12,2024-11-18,연체
3679,2936,2070000,5.09,6,2023-04-11,정상
3680,4684,108250000,5.33,24,2023-01-26,정상
3681,6282,10730000,4.61,36,2023-07-16,정상
3682,2132,8620000,4.61,24,2023-01-17,정상
3683,1426,2890000,5.43,12,2023-05-17,완료
3684,1746,1320000,5.66,6,2023-09-07,정상
3685,4119,730000,5.47,6,2023-05-06,정상
3686,4740,730000,5.51,12,2024-09-30,연체
3687,448,730000,6.18,6,2023-02-20,연체
3688,8796,2170000,4.69,24,2024-08-07,정상
3689,7501,2080000,4.64,6,2023-03-26,정상
3690,4258,1110000,5.54,6,2024-02-22,연체
3691,6000,10900000,5.08,24,2023-07-18,정상
3692,4506,10050000,5.49,12,2023-06-20,정상
3693,1005,5280000,4.93,24,2023-08-27,정상
3694,9173,9580000,4.42,12,2023-09-12,정상
3695,8737,1450000,4.65,6,2023-08-03,연체
3696,6625,730000,5.96,12,2024-02-12,연체
3697,8661,2870000,5.03,12,2024-04-20,정상
3698,8715,920000,4.94,6,2024-03-04,연체
3699,4588,4650000,5.17,12,2023-06-17,정상
3700,3237,3330000,5.46,12,2023-03-17,완료
3701,5759,730000,5.48,12,2024-06-27,연체
3702,9432,2130000,5.91,6,2024-05-22,정상
3703,512,3980000,5.08,24,2023-03-10,정상
3704,2366,6040000,5.14,12,2023-07-24,완료
3705,238,3320000,4.97,24,2024-04-14,완료
3706,7083,2690000,5.18,6,2024-05-17,정상
3707,5276,14410000,4.64,12,2024-03-17,정상
3708,1392,40550000,4.86,36,2023-09-28,연체
3709,3884,6260000,4.81,24,2024-07-12,완료
3710,2425,730000,5.35,12,2024-12-08,정상
3711,5328,1480000,5.46,12,2024-01-22,정상
3712,7829,2170000,5.24,12,2024-04-10,정상
3713,6576,15660000,5.13,12,2024-06-30,정상
3714,8560,730000,6.26,6,2023-09-04,연체
3715,8780,4720000,5.36,24,2024-04-07,정상
3716,5626,12430000,5.01,12,2024-01-12,정상
3717,4595,730000,4.9,24,2024-11-16,정상
3718,3491,78350000,4.69,24,2023-04-02,정상
3719,4475,730000,5.92,12,2024-08-16,정상
3720,5930,730000,4.58,6,2024-08-21,정상
3721,6544,10950000,4.82,24,2023-02-23,완료
3722,9402,24200000,6.42,36,2024-06-19,완료
3723,26,29560000,4.72,36,2023-10-27,완료
3724,7758,3630000,4.72,36,2023-07-20,정상
3725,5747,11040000,4.62,36,2024-11-20,정상
3726,6123,32960000,4.85,24,2023-06-05,정상
3727,4730,1770000,4.86,24,2024-01-09,정상
3728,6548,5270000,5.37,24,2023-09-06,정상
3729,5176,2150000,4.71,12,2024-07-12,정상
3730,6916,7110000,5.65,12,2024-05-14,정상
3731,6801,3840000,4.22,12,2024-09-10,정상
3732,3190,11960000,5.29,12,2023-03-19,정상
3733,5941,6460000,5.3,36,2024-06-29,정상
3734,4155,4040000,4.82,36,2023-06-29,정상
3735,5542,1440000,5.41,24,2024-03-29,정상
3736,732,730000,5.53,24,2023-03-07,정상
3737,8562,14550000,5.67,12,2024-04-27,정상
3738,7463,13500000,4.13,12,2023-05-12,정상
3739,8683,730000,6.1,12,2023-12-12,연체
3740,739,740000,4.85,6,2023-11-09,정상
3741,2300,2430000,4.62,12,2024-02-07,완료
3742,6103,1280000,5.22,24,2024-06-07,정상
3743,5899,730000,4.71,24,2024-01-12,연체
3744,270,730000,5.63,6,2024-05-26,완료
3745,4552,21260000,5.19,60,2024-08-05,완료
3746,2043,1290000,5.3,6,2023-12-01,정상
3747,2549,3080000,5.18,24,2024-07-03,정상
3748,7010,3950000,5.19,12,2024-08-05,연체
3749,8633,2660000,5.49,24,2023-08-08,완료
3750,3806,730000,5.66,24,2024-01-24,완료
3751,2694,21780000,5.22,24,2023-09-22,완료
3752,9555,1780000,4.62,24,2023-08-16,연체
3753,6824,730000,5.33,24,2023-12-21,완료
3754,8996,730000,5.31,6,2024-01-09,정상
3755,5756,1700000,5.74,6,2023-09-09,정상
3756,3365,730000,5.82,6,2023-12-27,연체
3757,9900,6970000,5.07,12,2023-11-21,정상
3758,4600,820000,4.94,12,2024-10-19,정상
3759,5656,33310000,5.12,24,2023-12-07,연체
3760,4734,2260000,4.75,6,2024-03-23,정상
3761,6804,1230000,5.78,12,2024-01-26,정상
3762,7827,730000,6.3,6,2023-11-27,완료
3763,8981,730000,5.31,6,2023-01-21,정상
3764,2032,108250000,5.68,24,2024-10-16,정상
3765,1927,2000000,5.61,12,2024-02-27,연체
3766,1243,4890000,4.14,12,2023-11-26,정상
3767,970,59200000,5.38,36,2023-10-16,정상
3768,9127,3580000,5.51,12,2024-12-17,정상
3769,5184,730000,6.08,24,2023-03-05,정상
3770,3805,16410000,4.83,12,2023-04-22,정상
3771,2095,850000,5.68,12,2024-05-01,정상
3772,5624,1020000,5.74,6,2023-06-18,연체
3773,2285,1900000,5.22,24,2024-03-03,완료
3774,9689,2440000,4.75,24,2023-08-19,정상
3775,8546,9130000,5.27,12,2024-08-15,정상
3776,2446,12610000,5.13,24,2024-01-31,완료
3777,3482,46490000,4.86,36,2024-11-17,정상
3778,9840,4540000,5.8,24,2023-01-30,정상
3779,474,4870000,5.51,36,2024-01-30,정상
3780,1187,1590000,6.26,12,2023-04-30,완료
3781,5955,730000,5.02,6,2024-05-06,연체
3782,4898,1160000,5.02,6,2024-08-08,정상
3783,3177,970000,5.01,12,2024-06-27,정상
3784,1992,730000,5.26,24,2023-09-18,연체
3785,5734,2580000,5.31,24,2024-07-11,완료
3786,3272,730000,6.05,24,2024-12-31,연체
3787,4219,9830000,4.95,12,2024-05-07,정상
3788,5308,1950000,5.33,12,2024-05-14,완료
3789,5173,2460000,5.05,12,2023-12-13,완료
3790,7,8330000,5.18,24,2024-12-10,정상
3791,9973,3590000,4.39,24,2024-07-27,정상
3792,2302,5760000,4.2,12,2024-06-23,완료
3793,5885,1120000,5.39,12,2024-11-26,정상
3794,6266,2860000,5.23,6,2024-09-04,완료
3795,455,11400000,4.91,24,2024-03-26,정상
3796,8577,7840000,5.44,12,2023-01-15,정상
3797,5723,14410000,5.07,24,2024-08-06,정상
3798,9953,730000,6.3,24,2023-07-16,연체
3799,8121,5450000,5.61,24,2024-01-14,정상
3800,965,1270000,4.99,6,2024-08-05,정상
3801,1442,730000,6.01,12,2024-09-14,정상
3802,5373,1040000,4.32,6,2024-04-02,연체
3803,4243,3260000,5.34,12,2023-09-17,정상
3804,469,4000000,4.92,12,2024-11-30,정상
3805,2543,30160000,5.33,60,2024-01-02,정상
3806,1998,108250000,5.48,36,2023-10-02,정상
3807,6948,87300000,6.39,60,2023-10-26,정상
3808,4504,5760000,6.1,12,2024-11-06,정상
3809,1935,13510000,4.72,12,2023-04-05,완료
3810,5175,860000,5.06,12,2024-03-21,정상
3811,4058,1950000,4.36,12,2023-03-16,정상
3812,1001,1080000,5.87,6,2023-11-08,연체
3813,2356,3000000,4.58,12,2024-08-10,정상
3814,2099,2390000,4.78,6,2024-10-19,정상
3815,2474,830000,5.44,24,2023-10-12,정상
3816,1285,2910000,5.96,12,2024-03-15,정상
3817,791,730000,5.85,6,2023-04-15,정상
3818,3981,730000,6.19,6,2024-07-23,정상
3819,1152,13830000,4.34,24,2023-01-19,정상
3820,5177,11120000,4.31,36,2023-07-28,정상
3821,976,1820000,5.09,24,2024-06-05,완료
3822,7697,2080000,5.48,12,2023-04-07,정상
3823,5846,960000,5.63,12,2023-12-25,정상
3824,4848,11550000,4.82,12,2024-08-23,정상
3825,6945,108250000,6.17,60,2023-10-04,정상
3826,217,730000,6.21,24,2023-11-01,연체
3827,129,3580000,5.2,36,2024-10-15,완료
3828,8321,770000,5.33,24,2024-02-11,완료
3829,1268,3390000,5.4,24,2023-04-17,정상
3830,7311,730000,5.3,24,2023-01-19,정상
3831,3660,4120000,5.34,24,2024-02-13,연체
3832,6800,5650000,4.61,12,2024-12-15,정상
3833,9098,7020000,4.85,24,2023-04-26,정상
3834,4149,730000,6.24,24,2024-08-27,연체
3835,8819,1020000,5.28,12,2024-03-22,정상
3836,4404,7400000,5.36,12,2023-01-30,완료
3837,926,4970000,4.83,24,2024-09-03,정상
3838,8459,29880000,4.75,36,2024-07-22,완료
3839,5921,5700000,5.42,36,2023-07-01,정상
3840,8814,6600000,4.43,36,2024-08-06,정상
3841,1204,2610000,4.71,12,2023-08-20,연체
3842,203,59210000,5.23,60,2024-08-12,정상
3843,5174,730000,5.63,12,2024-07-01,정상
3844,5731,730000,6.26,6,2023-07-31,연체
3845,4714,4440000,5.14,24,2023-02-11,완료
3846,2848,4790000,4.63,24,2023-05-08,정상
3847,3809,47800000,5.61,36,2024-06-08,완료
3848,9225,14940000,4.65,36,2024-09-12,정상
3849,8777,2820000,4.28,24,2023-05-02,완료
3850,7989,730000,5.41,24,2023-12-09,연체
3851,9852,3930000,4.85,12,2024-04-28,정상
3852,5596,750000,5.55,24,2024-05-04,정상
3853,196,16920000,5.47,36,2024-12-25,정상
3854,6543,4350000,4.95,36,2023-04-20,정상
3855,1080,7620000,3.98,12,2023-08-30,정상
3856,2650,3320000,4.68,36,2024-05-17,연체
3857,1770,1010000,5.23,24,2024-01-28,정상
3858,3040,21180000,4.78,60,2023-01-26,정상
3859,8535,10370000,4.53,24,2023-12-12,정상
3860,1964,730000,5.62,24,2024-07-11,정상
3861,2686,1310000,5.23,24,2023-09-16,완료
3862,3417,810000,5.97,24,2024-12-25,정상
3863,1617,1710000,4.84,12,2023-01-14,정상
3864,2884,1860000,4.68,24,2024-10-05,정상
3865,4269,3080000,4.84,36,2024-09-13,정상
3866,251,14960000,4.17,12,2024-11-29,정상
3867,2610,730000,5.65,6,2024-02-29,연체
3868,5085,7510000,4.85,24,2024-03-24,연체
3869,2205,2470000,4.31,24,2024-07-13,완료
3870,8709,13820000,4.86,12,2024-05-26,정상
3871,1256,730000,5.41,6,2023-06-07,정상
3872,3242,730000,6.26,12,2023-03-25,정상
3873,1180,22220000,4.72,36,2024-12-27,정상
3874,4679,790000,5.61,12,2024-02-28,완료
3875,8674,910000,4.51,6,2024-04-09,완료
3876,7216,4280000,4.57,36,2024-12-05,정상
3877,1176,2480000,5.76,12,2024-11-16,완료
3878,4224,2400000,4.77,12,2023-07-20,정상
3879,2866,11760000,5.0,36,2024-07-22,정상
3880,4088,7110000,4.9,24,2024-12-06,정상
3881,5787,14680000,4.35,12,2023-11-19,연체
3882,7576,4080000,4.77,36,2023-03-18,정상
3883,8182,2760000,5.02,6,2023-10-26,정상
3884,9570,50110000,4.79,60,2023-12-10,정상
3885,8837,4660000,4.86,12,2024-09-30,정상
3886,835,8210000,5.09,12,2023-06-30,정상
3887,1245,3330000,5.18,24,2024-07-04,정상
3888,7388,1610000,5.67,6,2024-04-04,정상
3889,275,3730000,5.51,36,2024-10-28,정상
3890,502,6560000,5.06,12,2023-10-29,정상
3891,4921,730000,5.16,24,2024-09-16,연체
3892,4935,7750000,5.19,12,2024-04-25,정상
3893,5913,8050000,4.83,24,2024-12-09,완료
3894,974,38090000,4.89,24,2024-12-10,정상
3895,4112,730000,4.54,12,2023-10-25,연체
3896,9450,5250000,4.68,12,2023-10-30,정상
3897,7938,930000,6.31,24,2024-09-03,정상
3898,6188,108250000,5.88,36,2023-05-12,정상
3899,4696,11260000,4.52,36,2024-03-16,완료
3900,1885,960000,5.22,6,2023-07-29,정상
3901,4948,1710000,5.55,12,2024-04-24,정상
3902,7535,34420000,5.02,24,2024-11-29,완료
3903,333,860000,5.47,24,2024-02-01,완료
3904,6514,25280000,4.69,24,2024-06-15,연체
3905,5658,730000,6.25,12,2024-01-18,연체
3906,9122,1190000,5.28,6,2023-01-20,정상
3907,2810,12560000,4.86,24,2024-05-20,완료
3908,281,790000,5.65,24,2023-08-14,정상
3909,6972,1700000,5.74,24,2024-05-29,연체
3910,2283,3360000,5.23,12,2023-03-19,완료
3911,6817,27070000,5.26,36,2024-07-23,정상
3912,1296,730000,5.79,12,2024-05-23,연체
3913,3251,5890000,4.87,36,2024-10-02,연체
3914,1869,730000,5.44,24,2024-09-12,정상
3915,8593,830000,5.5,12,2023-01-21,연체
3916,277,25040000,5.1,36,2024-04-26,정상
3917,7508,730000,5.86,6,2024-09-05,정상
3918,8518,9100000,5.73,24,2023-05-05,정상
3919,8335,730000,5.97,12,2024-05-25,완료
3920,2131,730000,5.8,6,2023-02-05,완료
3921,4000,1790000,5.54,12,2024-05-02,연체
3922,6632,38080000,5.46,60,2024-12-20,정상
3923,1095,108250000,5.73,36,2024-11-29,정상
3924,8077,730000,5.39,6,2023-01-02,정상
3925,2401,4170000,4.93,12,2023-10-30,완료
3926,1809,730000,5.61,24,2023-06-15,정상
3927,5923,85480000,5.31,60,2023-02-11,완료
3928,7888,3530000,5.61,36,2023-05-28,정상
3929,2749,920000,5.33,24,2024-09-11,정상
3930,8293,4700000,4.97,24,2024-08-05,정상
3931,3439,4410000,5.38,24,2024-01-23,연체
3932,1983,730000,6.0,12,2024-03-29,정상
3933,6638,900000,4.51,24,2023-09-03,정상
3934,1027,730000,5.37,24,2023-02-12,연체
3935,1460,4470000,5.04,24,2024-06-03,완료
3936,9337,730000,5.78,6,2024-01-24,정상
3937,2003,108250000,4.93,60,2024-01-14,정상
3938,5098,2060000,4.71,24,2023-11-08,정상
3939,8331,730000,5.41,24,2023-09-02,정상
3940,6627,23690000,5.02,24,2024-08-07,정상
3941,9411,5940000,4.23,24,2023-07-17,정상
3942,6642,30870000,4.04,24,2024-10-06,정상
3943,4953,108250000,6.46,24,2024-05-20,정상
3944,7119,44020000,5.43,60,2024-09-21,완료
3945,2733,730000,5.92,6,2024-05-23,정상
3946,2301,4010000,5.6,12,2024-02-20,정상
3947,6379,30730000,4.72,36,2024-09-01,완료
3948,3420,730000,5.28,12,2023-04-23,연체
3949,6439,5430000,5.44,12,2023-09-11,정상
3950,7954,1380000,5.3,6,2024-04-18,정상
3951,6040,8150000,5.09,36,2023-02-03,연체
3952,2023,14700000,4.42,12,2023-09-11,정상
3953,3080,1840000,5.0,12,2023-06-18,정상
3954,4818,11190000,4.51,36,2023-01-30,정상
3955,7304,15800000,4.23,12,2023-05-22,정상
3956,4265,730000,5.53,24,2024-08-14,정상
3957,1469,1690000,5.18,24,2023-11-14,연체
3958,641,6200000,5.19,12,2023-09-25,완료
3959,3695,30000000,4.89,24,2023-02-19,정상
3960,5764,6710000,4.92,24,2023-04-22,완료
3961,7645,4700000,4.9,24,2023-03-24,정상
3962,7685,23980000,5.24,24,2024-04-09,정상
3963,2985,1500000,5.22,12,2024-02-19,정상
3964,4634,1130000,6.08,24,2024-01-28,연체
3965,4267,12410000,4.82,24,2023-08-27,정상
3966,2427,1130000,5.49,24,2023-09-29,연체
3967,1031,730000,5.6,24,2024-09-07,정상
3968,6720,3380000,5.11,24,2023-12-11,연체
3969,762,730000,5.66,12,2024-03-11,정상
3970,3452,14580000,4.95,36,2024-04-27,정상
3971,1718,1190000,6.5,24,2024-07-09,정상
3972,3477,15330000,4.56,24,2023-01-15,정상
3973,5644,2020000,5.59,12,2023-04-06,정상
3974,3807,850000,5.69,12,2023-06-05,완료
3975,2141,870000,5.63,12,2024-11-05,완료
3976,365,730000,6.28,6,2024-05-27,연체
3977,3389,730000,5.71,12,2023-09-06,연체
3978,7279,1850000,4.5,6,2023-08-01,정상
3979,9641,16550000,5.02,24,2024-05-09,정상
3980,1645,2310000,5.34,6,2023-10-30,완료
3981,1277,24520000,4.73,36,2024-04-20,연체
3982,6833,5530000,4.77,12,2023-02-17,정상
3983,8392,730000,5.85,6,2023-08-25,정상
3984,4439,15540000,5.12,24,2023-07-10,완료
3985,7538,40290000,5.49,36,2024-03-24,정상
3986,4340,47010000,5.25,36,2024-11-22,정상
3987,5726,730000,5.36,12,2024-04-06,정상
3988,8727,3040000,4.6,24,2023-01-08,정상
3989,8732,3200000,5.43,24,2023-07-24,정상
3990,4965,730000,6.57,6,2024-11-21,정상
3991,7581,5500000,4.92,12,2024-02-17,완료
3992,4693,890000,5.26,24,2023-06-08,정상
3993,7828,1400000,5.72,12,2023-10-12,연체
3994,4599,1120000,5.28,12,2024-06-01,정상
3995,9863,4130000,4.95,24,2023-02-20,정상
3996,1376,1400000,4.82,12,2024-04-09,정상
3997,2007,730000,5.67,6,2024-04-04,완료
3998,3551,2030000,5.27,24,2023-06-15,정상
3999,7494,1420000,5.4,24,2024-09-27,정상
4000,5050,730000,5.48,6,2024-07-15,연체
4001,9817,2570000,5.48,24,2023-12-20,정상
4002,9604,730000,5.37,12,2023-01-28,정상
4003,5711,3610000,4.77,12,2023-08-31,연체
4004,3280,3730000,4.98,24,2024-11-03,정상
4005,1937,730000,4.19,24,2023-10-14,정상
4006,4928,930000,5.63,12,2023-06-12,연체
4007,3234,1790000,5.66,6,2023-07-31,완료
4008,5821,810000,5.57,6,2023-08-27,정상
4009,2337,730000,6.07,12,2024-11-20,연체
4010,4147,26020000,5.62,24,2024-09-22,정상
4011,3986,730000,5.33,24,2023-11-28,연체
4012,6526,4520000,5.39,24,2024-01-18,정상
4013,8257,730000,4.92,12,2024-03-23,연체
4014,1435,1040000,5.18,12,2023-04-11,정상
4015,248,8500000,4.0,24,2024-10-06,완료
4016,8223,11820000,4.61,36,2024-04-08,연체
4017,9904,730000,5.54,6,2024-06-23,연체
4018,9228,2780000,4.73,6,2023-04-13,정상
4019,5739,13380000,3.91,36,2023-04-08,정상
4020,4441,730000,5.4,12,2024-10-20,연체
4021,7240,4120000,5.02,36,2024-01-28,정상
4022,1505,840000,6.06,12,2023-03-14,정상
4023,8413,5200000,4.6,36,2024-02-18,연체
4024,6573,1060000,5.37,12,2023-12-08,정상
4025,5144,25950000,5.39,36,2024-04-22,정상
4026,6008,1570000,6.28,24,2024-01-07,정상
4027,9460,730000,5.4,6,2023-11-08,연체
4028,7694,6190000,5.05,36,2023-11-26,연체
4029,2892,2140000,5.51,6,2024-10-04,연체
4030,6267,2310000,4.44,6,2023-07-31,정상
4031,2679,2550000,5.5,12,2024-04-06,정상
4032,9981,3120000,4.88,12,2023-10-29,정상
4033,2692,5410000,4.06,12,2023-01-24,정상
4034,4177,4620000,5.36,24,2024-11-14,정상
4035,8105,730000,5.43,24,2024-03-28,연체
4036,4669,2270000,5.03,6,2024-03-05,정상
4037,7447,730000,6.28,12,2024-03-03,연체
4038,3760,730000,5.55,6,2023-10-27,정상
4039,3622,19610000,5.37,36,2023-09-17,정상
4040,3434,730000,4.57,24,2023-06-28,연체
4041,4958,3750000,5.96,36,2024-01-09,정상
4042,1001,1560000,4.79,12,2024-06-22,정상
4043,6403,22830000,4.53,36,2024-03-09,정상
4044,471,900000,5.45,12,2023-09-19,정상
4045,7021,3460000,5.51,24,2023-06-08,정상
4046,9673,730000,6.34,12,2023-10-08,연체
4047,4198,11610000,5.54,12,2023-07-03,정상
4048,6061,770000,5.6,6,2023-10-13,정상
4049,8163,5000000,4.84,12,2023-10-22,정상
4050,6044,7720000,4.83,12,2024-01-06,정상
4051,1334,1850000,5.23,12,2024-07-15,완료
4052,8698,1910000,6.04,12,2023-11-03,연체
4053,3473,730000,5.41,6,2023-09-22,완료
4054,4118,11160000,4.29,12,2023-05-28,완료
4055,957,5290000,5.5,36,2024-04-16,정상
4056,8856,730000,5.67,6,2023-09-12,정상
4057,2046,40980000,5.36,36,2024-01-01,정상
4058,1146,26210000,5.45,36,2023-05-25,정상
4059,2541,1870000,4.96,12,2024-12-19,정상
4060,2622,25630000,5.1,36,2024-02-21,정상
4061,9274,1140000,6.02,12,2023-12-21,정상
4062,901,800000,5.45,6,2024-11-25,연체
4063,9935,730000,4.73,24,2023-04-22,정상
4064,6291,4960000,5.39,12,2023-02-14,연체
4065,3916,730000,5.3,12,2023-09-17,정상
4066,9813,990000,4.71,6,2024-04-28,정상
4067,3686,1980000,5.22,6,2024-02-25,정상
4068,3026,34170000,4.09,60,2023-09-10,완료
4069,3089,14210000,5.32,24,2023-07-14,정상
4070,1778,730000,5.3,12,2023-12-25,연체
4071,1383,29960000,5.49,36,2024-02-23,정상
4072,2039,730000,6.58,12,2023-03-12,정상
4073,7416,9370000,4.95,24,2024-04-15,정상
4074,9424,3120000,4.73,36,2023-10-26,완료
4075,7538,24350000,4.91,24,2024-01-22,완료
4076,2580,730000,5.85,24,2023-12-26,연체
4077,3839,14230000,4.7,24,2023-11-18,정상
4078,9169,730000,5.63,24,2023-09-25,연체
4079,6333,8190000,4.55,12,2024-05-18,정상
4080,6280,730000,6.27,6,2024-03-28,완료
4081,4362,790000,6.52,12,2024-08-07,정상
4082,4632,3070000,5.0,36,2024-05-11,정상
4083,2283,2950000,5.23,24,2023-02-23,정상
4084,1619,860000,5.47,6,2024-08-06,정상
4085,1095,108250000,5.31,24,2023-10-25,정상
4086,4028,2870000,4.85,12,2023-03-17,정상
4087,1870,800000,5.16,6,2023-04-07,정상
4088,4194,8590000,4.02,24,2023-01-04,정상
4089,780,35250000,4.56,24,2023-05-04,정상
4090,8170,730000,5.83,12,2023-07-13,완료
4091,5076,4190000,4.83,36,2024-09-22,정상
4092,1236,3860000,5.31,24,2023-02-25,정상
4093,9075,730000,5.2,12,2024-06-19,정상
4094,7734,45260000,5.75,24,2023-08-14,정상
4095,6881,6550000,5.55,12,2024-10-21,정상
4096,3110,730000,5.3,24,2023-08-23,연체
4097,3316,970000,5.63,24,2024-11-18,정상
4098,8288,5700000,4.92,24,2024-09-02,정상
4099,7017,2010000,4.6,24,2024-04-04,정상
4100,2346,14840000,4.78,36,2023-09-23,완료
4101,2260,72820000,5.44,36,2023-10-30,정상
4102,4955,1920000,5.13,24,2024-10-29,정상
4103,8883,3210000,5.13,12,2023-05-23,정상
4104,2335,1500000,5.66,6,2024-09-03,연체
4105,6779,7930000,5.44,36,2023-09-03,완료
4106,2509,6190000,5.35,36,2023-10-12,완료
4107,8410,730000,6.04,6,2024-12-28,연체
4108,8866,17500000,5.48,36,2024-05-02,정상
4109,2203,42550000,5.46,24,2024-03-21,완료
4110,2128,4110000,5.92,36,2024-01-21,완료
4111,5209,1780000,4.98,24,2024-11-13,정상
4112,7257,11480000,4.91,12,2024-05-16,정상
4113,6158,730000,5.72,12,2023-07-08,정상
4114,4988,3930000,4.95,12,2024-12-26,정상
4115,8681,730000,5.77,24,2024-08-14,연체
4116,8434,850000,5.45,6,2023-03-07,연체
4117,1356,8080000,4.54,12,2023-10-27,완료
4118,8912,2090000,5.05,24,2024-01-10,연체
4119,2917,5180000,4.43,12,2023-03-01,정상
4120,7058,108250000,5.45,36,2024-05-16,정상
4121,2988,73230000,5.51,60,2023-07-31,완료
4122,9475,12910000,5.35,24,2024-10-03,완료
4123,2614,3280000,5.23,12,2023-02-28,정상
4124,9426,730000,5.61,24,2023-02-26,정상
4125,9448,3890000,5.04,24,2023-10-06,정상
4126,631,3900000,5.28,12,2023-08-10,완료
4127,4116,10300000,4.93,36,2024-06-16,정상
4128,3272,850000,5.8,12,2023-09-20,연체
4129,9862,730000,6.58,12,2023-03-09,정상
4130,5959,24310000,4.58,36,2024-03-01,완료
4131,8798,730000,5.16,24,2024-03-15,정상
4132,1936,31360000,4.64,36,2024-10-18,정상
4133,7765,730000,4.98,6,2024-01-31,연체
4134,7497,5690000,4.92,12,2024-05-28,정상
4135,8683,730000,5.92,12,2024-12-18,연체
4136,4381,1250000,5.73,6,2023-04-21,정상
4137,3193,108250000,5.66,24,2023-07-18,완료
4138,4323,7290000,6.02,24,2024-03-19,정상
4139,4872,730000,5.77,12,2024-05-16,완료
4140,2681,730000,5.94,12,2023-09-27,연체
4141,9309,108250000,6.0,24,2023-01-19,정상
4142,3527,14640000,4.77,36,2024-08-17,정상
4143,1357,11290000,4.69,36,2024-05-01,완료
4144,3751,730000,5.11,24,2024-04-12,연체
4145,8130,14970000,4.41,12,2023-06-27,정상
4146,2066,730000,5.56,6,2023-06-01,완료
4147,7498,3050000,5.02,12,2023-07-11,완료
4148,6263,3980000,5.09,24,2023-11-09,완료
4149,5476,4500000,5.43,12,2023-07-22,정상
4150,8788,69790000,4.78,36,2023-10-15,정상
4151,5207,810000,5.95,12,2023-10-19,정상
4152,9646,730000,5.22,6,2024-08-04,정상
4153,4798,4620000,5.98,24,2024-04-02,연체
4154,2706,730000,6.42,24,2023-04-06,정상
4155,700,3600000,5.44,36,2023-07-09,정상
4156,1547,730000,5.85,24,2023-03-04,연체
4157,3141,730000,5.82,24,2024-06-03,연체
4158,6122,38960000,5.08,60,2023-06-01,정상
4159,898,1730000,5.23,6,2023-02-20,정상
4160,7384,730000,5.66,12,2023-04-07,정상
4161,1162,5660000,4.82,12,2023-06-07,정상
4162,6630,3630000,5.03,24,2024-01-19,정상
4163,3333,2010000,4.66,24,2023-11-15,정상
4164,2752,108250000,5.19,36,2023-06-15,정상
4165,22,1080000,5.58,6,2023-12-22,완료
4166,5614,900000,5.63,6,2024-05-22,연체
4167,1856,1860000,4.36,24,2024-07-13,정상
4168,4548,730000,5.52,12,2023-08-25,연체
4169,3703,3400000,5.35,12,2024-03-17,정상
4170,7348,5720000,5.14,24,2024-05-07,정상
4171,5009,1800000,5.61,24,2024-08-18,정상
4172,6076,730000,5.4,24,2023-09-27,정상
4173,997,730000,5.27,24,2024-11-16,정상
4174,9923,1190000,6.09,6,2023-03-07,정상
4175,663,730000,5.97,6,2023-11-24,정상
4176,9982,16780000,4.09,12,2023-06-09,정상
4177,9799,34790000,5.21,60,2023-07-16,정상
4178,8798,1250000,5.47,6,2024-04-11,정상
4179,9886,730000,5.37,24,2023-03-24,연체
4180,8763,3560000,4.69,24,2024-04-29,정상
4181,3623,8270000,5.54,24,2023-09-16,정상
4182,6043,1030000,5.47,6,2023-05-30,정상
4183,4448,3300000,5.38,12,2024-01-07,완료
4184,1546,3790000,6.13,24,2023-08-09,정상
4185,2954,108250000,6.28,60,2024-05-07,정상
4186,5406,5280000,5.19,36,2024-10-16,연체
4187,9448,2610000,4.38,6,2023-10-22,정상
4188,8312,6440000,5.54,36,2024-04-09,정상
4189,5550,7620000,5.92,24,2024-06-28,정상
4190,5557,2120000,5.55,24,2023-05-24,연체
4191,6408,10010000,4.81,12,2023-11-01,완료
4192,7866,730000,5.13,24,2024-08-13,연체
4193,8067,108250000,5.74,60,2024-06-21,정상
4194,3335,1070000,6.58,6,2024-12-12,연체
4195,7965,2560000,5.67,12,2023-11-28,정상
4196,3090,57560000,4.94,60,2023-02-09,정상
4197,5996,730000,5.38,12,2023-10-14,정상
4198,7172,26230000,4.58,60,2024-04-10,정상
4199,2702,2090000,5.13,12,2023-01-07,정상
4200,9724,730000,5.5,24,2024-01-25,연체
4201,1363,1720000,5.51,24,2024-10-11,정상
4202,9066,730000,5.57,12,2023-11-17,정상
4203,8380,7180000,5.17,12,2024-05-29,정상
4204,1654,730000,5.7,6,2024-02-07,정상
4205,1929,2770000,4.83,12,2024-04-28,완료
4206,1392,17910000,3.85,12,2024-11-28,정상
4207,7533,3110000,4.8,36,2024-04-17,정상
4208,1642,730000,5.99,6,2023-10-21,완료
4209,5355,730000,5.92,6,2024-04-20,연체
4210,8430,730000,6.25,12,2023-06-19,연체
4211,4732,3020000,4.94,12,2023-10-20,연체
4212,885,1220000,5.75,12,2023-03-22,정상
4213,177,1330000,5.29,12,2023-09-08,정상
4214,2568,21790000,4.74,24,2024-11-30,완료
4215,446,3530000,5.18,36,2024-11-02,정상
4216,9481,19260000,3.33,36,2023-08-18,정상
4217,1570,1950000,5.13,24,2023-10-15,연체
4218,6710,11340000,4.56,36,2023-12-05,정상
4219,856,8380000,4.32,24,2023-05-08,정상
4220,3878,730000,5.63,6,2024-05-21,연체
4221,2869,730000,4.8,6,2023-04-18,정상
4222,5667,730000,5.87,24,2023-03-04,연체
4223,4776,73670000,5.38,60,2024-09-08,완료
4224,61,25320000,5.01,36,2023-10-05,정상
4225,2712,1120000,5.71,12,2023-11-04,정상
4226,1372,730000,5.18,24,2023-01-09,연체
4227,6232,730000,6.4,24,2023-03-05,연체
4228,7951,730000,4.44,6,2024-10-25,정상
4229,8745,730000,6.44,12,2023-06-30,연체
4230,7069,57410000,4.99,60,2023-07-22,정상
4231,8540,9020000,5.3,12,2023-10-23,정상
4232,3863,3690000,5.12,36,2024-03-15,정상
4233,2564,1670000,5.54,6,2024-09-01,정상
4234,4829,4630000,4.38,24,2024-12-07,정상
4235,9194,730000,6.77,24,2023-05-06,연체
4236,3443,3620000,4.82,12,2024-02-23,완료
4237,5231,1220000,5.58,12,2024-06-14,정상
4238,5186,2130000,5.24,12,2023-11-20,정상
4239,9276,5400000,4.03,12,2023-08-13,완료
4240,9865,14540000,5.42,36,2023-05-26,정상
4241,4513,7180000,4.25,12,2024-04-07,정상
4242,7444,2660000,5.52,12,2023-05-16,정상
4243,8617,2460000,4.58,24,2024-07-19,정상
4244,2838,950000,5.01,12,2024-09-10,정상
4245,9565,730000,5.75,12,2023-03-14,완료
4246,1620,11330000,5.35,36,2024-08-23,정상
4247,6731,730000,5.66,24,2023-08-01,연체
4248,3816,730000,5.59,6,2023-06-01,정상
4249,5539,730000,5.43,12,2023-08-12,정상
4250,300,12330000,5.22,36,2023-07-28,정상
4251,4286,2460000,4.75,6,2023-06-19,정상
4252,1201,62450000,4.71,24,2024-06-23,정상
4253,1879,4380000,4.43,24,2024-08-27,정상
4254,2771,3010000,5.45,36,2024-06-18,연체
4255,4753,2090000,4.93,24,2023-01-18,정상
4256,3278,1330000,5.13,12,2024-02-25,완료
4257,6452,4860000,4.83,36,2023-05-06,완료
4258,8137,5320000,4.34,24,2023-12-13,연체
4259,8404,730000,5.91,24,2024-12-20,연체
4260,845,730000,6.28,24,2024-11-30,연체
4261,4986,9970000,4.84,12,2024-01-13,정상
4262,7772,730000,6.12,12,2024-07-08,연체
4263,9842,2590000,4.69,12,2023-09-05,연체
4264,5807,730000,5.32,6,2024-03-21,연체
4265,2776,4460000,4.63,12,2023-04-19,완료
4266,5308,1310000,4.98,6,2023-06-18,정상
4267,7430,10720000,4.77,24,2023-03-10,정상
4268,9822,10640000,5.22,36,2024-11-03,정상
4269,2213,4490000,5.24,36,2023-03-10,완료
4270,1076,1560000,5.68,12,2023-12-13,연체
4271,2546,46980000,5.16,24,2023-07-06,정상
4272,3600,730000,5.74,12,2024-11-05,정상
4273,2116,13150000,4.65,36,2024-05-08,정상
4274,9083,1550000,5.23,24,2023-04-20,정상
4275,9819,730000,5.91,24,2023-10-03,연체
4276,8093,1250000,5.57,24,2023-05-14,연체
4277,7003,3700000,5.09,36,2023-04-14,정상
4278,9395,39620000,5.39,60,2024-04-12,정상
4279,6748,18150000,5.27,36,2023-01-29,완료
4280,4171,3590000,5.16,12,2023-03-15,정상
4281,4449,4130000,4.68,24,2023-07-28,정상
4282,1297,2800000,4.64,6,2024-02-03,정상
4283,7099,730000,4.6,6,2024-05-08,정상
4284,5765,2750000,4.58,6,2024-05-02,완료
4285,4116,6210000,4.97,12,2023-11-07,정상
4286,1689,108250000,5.42,24,2023-10-03,정상
4287,623,730000,5.89,12,2024-10-03,연체
4288,636,730000,5.52,24,2024-01-07,정상
4289,1814,730000,6.07,24,2023-09-02,연체
4290,3129,13270000,3.93,36,2023-11-21,정상
4291,9986,22240000,4.36,60,2023-09-22,정상
4292,1368,20630000,4.47,36,2024-02-22,정상
4293,7092,730000,5.28,6,2024-10-18,정상
4294,8639,3340000,4.58,24,2024-05-13,정상
4295,2904,730000,5.98,24,2024-01-30,연체
4296,9896,1240000,6.07,6,2024-09-06,정상
4297,3185,2320000,5.36,6,2024-04-19,정상
4298,9936,1520000,5.41,24,2024-12-05,정상
4299,4906,7090000,5.09,36,2023-12-11,정상
4300,6579,730000,5.82,12,2024-08-01,완료
4301,8128,1590000,5.19,6,2024-04-26,완료
4302,5760,730000,5.12,6,2024-08-16,정상
4303,6602,1190000,4.15,12,2024-07-05,정상
4304,8018,2010000,5.78,12,2024-10-31,정상
4305,4572,13430000,5.08,24,2024-10-23,정상
4306,6420,1060000,5.37,6,2024-09-28,정상
4307,53,3420000,5.44,24,2024-09-06,완료
4308,9373,1040000,5.82,6,2024-09-17,완료
4309,4317,9720000,5.23,24,2024-05-25,정상
4310,1256,730000,5.03,24,2023-10-17,연체
4311,1291,1440000,5.94,6,2023-11-11,연체
4312,6189,730000,6.07,6,2023-10-20,연체
4313,8115,2510000,5.32,6,2023-10-14,정상
4314,8045,4140000,4.85,36,2023-09-13,연체
4315,6522,10900000,4.67,36,2023-11-18,정상
4316,9192,730000,5.73,24,2023-05-22,정상
4317,9305,730000,5.86,24,2024-09-16,연체
4318,4356,730000,5.18,24,2023-09-23,정상
4319,4523,1040000,5.37,6,2024-01-16,연체
4320,6647,2610000,5.23,24,2023-09-25,완료
4321,9356,9290000,4.45,12,2024-10-07,연체
4322,2889,8510000,5.12,12,2023-10-23,완료
4323,2428,14700000,5.09,12,2023-10-07,정상
4324,6151,950000,5.27,12,2024-02-18,정상
4325,8444,11060000,4.6,12,2023-09-15,정상
4326,941,1660000,4.9,24,2024-01-09,정상
4327,7031,52370000,4.59,36,2024-12-12,정상
4328,6237,910000,5.45,12,2024-04-28,연체
4329,6563,20310000,5.39,24,2023-11-20,정상
4330,784,730000,5.3,24,2023-08-20,정상
4331,2199,730000,5.86,12,2023-02-23,연체
4332,8099,730000,6.06,12,2024-10-29,정상
4333,2436,730000,6.06,24,2024-04-29,정상
4334,7682,760000,5.8,24,2023-11-09,정상
4335,7325,730000,5.66,12,2024-05-22,연체
4336,7260,730000,4.91,12,2024-02-28,정상
4337,3287,1920000,5.32,12,2023-02-21,연체
4338,3316,780000,4.94,24,2023-02-26,정상
4339,2962,6480000,5.72,12,2023-06-01,정상
4340,7993,730000,5.33,6,2024-11-13,연체
4341,7761,7730000,4.9,12,2024-12-14,완료
4342,5590,5180000,4.48,24,2024-06-20,정상
4343,292,730000,5.87,12,2023-02-16,연체
4344,6962,6220000,4.98,36,2024-09-04,정상
4345,7161,2020000,5.41,6,2024-01-10,정상
4346,5144,31950000,4.5,36,2023-09-04,정상
4347,1741,4630000,5.74,36,2024-07-11,정상
4348,9622,5690000,4.31,36,2023-01-14,정상
4349,6320,730000,5.95,6,2023-01-08,정상
4350,2946,730000,6.46,12,2024-06-29,연체
4351,5030,8480000,5.06,12,2024-06-10,완료
4352,3435,2400000,5.26,6,2024-10-23,정상
4353,6850,730000,5.99,12,2024-08-16,정상
4354,5049,1470000,6.24,6,2023-11-13,연체
4355,9494,2230000,3.65,24,2024-06-02,정상
4356,3556,1260000,4.66,12,2024-06-04,연체
4357,3969,730000,4.76,6,2023-06-26,정상
4358,80,2060000,5.59,12,2024-10-04,완료
4359,1070,730000,5.07,12,2024-09-24,연체
4360,6285,8640000,5.41,12,2024-02-28,정상
4361,349,13380000,4.75,36,2023-03-29,정상
4362,9932,2190000,4.89,6,2024-03-03,정상
4363,2236,1550000,6.34,12,2024-12-01,정상
4364,567,95520000,6.45,36,2023-06-26,정상
4365,917,54630000,4.87,36,2023-09-23,정상
4366,6121,910000,5.65,6,2024-04-12,정상
4367,8672,2280000,5.31,12,2023-12-03,정상
4368,2751,1910000,5.74,24,2024-05-19,정상
4369,2279,1940000,5.16,24,2023-10-06,정상
4370,3152,730000,5.89,12,2023-08-02,정상
4371,1296,730000,6.04,6,2023-01-21,연체
4372,6008,1190000,5.09,6,2023-07-14,정상
4373,9766,1080000,5.41,6,2024-09-20,완료
4374,7576,10640000,4.44,36,2024-05-18,정상
4375,7012,90090000,5.81,60,2023-02-19,정상
4376,1033,2430000,5.76,6,2024-12-13,완료
4377,6846,3380000,5.96,36,2024-01-17,정상
4378,8984,3140000,4.85,36,2023-04-29,완료
4379,8610,24230000,5.33,36,2023-05-16,정상
4380,1278,730000,6.06,6,2023-12-26,완료
4381,9571,740000,5.29,6,2024-03-12,정상
4382,6613,2200000,5.47,12,2023-04-25,정상
4383,6902,1090000,5.0,6,2023-04-20,정상
4384,1614,2730000,5.15,6,2024-09-05,연체
4385,8764,730000,5.48,24,2023-12-15,완료
4386,1057,2160000,5.18,12,2024-09-05,정상
4387,269,730000,5.88,12,2023-05-14,정상
4388,8790,9220000,4.95,24,2023-02-08,정상
4389,5955,950000,4.46,6,2024-01-07,정상
4390,3863,2030000,5.38,12,2023-08-21,정상
4391,7399,3920000,5.25,36,2024-06-29,완료
4392,9505,35870000,4.53,36,2023-02-11,정상
4393,8954,730000,5.87,6,2024-03-25,정상
4394,2180,1510000,4.92,6,2024-05-23,정상
4395,4413,730000,5.89,12,2023-02-22,연체
4396,7241,7200000,4.93,36,2023-03-22,정상
4397,3988,730000,6.12,6,2023-10-21,연체
4398,1156,3260000,4.57,12,2023-03-24,정상
4399,5157,10800000,5.4,36,2024-05-30,정상
4400,4132,820000,4.9,6,2024-12-24,정상
4401,3354,1140000,5.39,12,2024-11-06,정상
4402,6690,27440000,4.44,24,2023-09-18,정상
4403,6403,34870000,4.61,36,2024-03-14,정상
4404,5750,30030000,5.17,24,2023-02-20,정상
4405,335,1880000,5.46,12,2024-03-25,정상
4406,8664,3640000,5.44,24,2024-06-10,정상
4407,4283,730000,5.86,6,2023-03-26,연체
4408,2269,730000,4.91,6,2023-03-17,정상
4409,4051,1080000,6.01,6,2023-05-30,연체
4410,9425,1660000,5.53,24,2024-01-04,완료
4411,9733,730000,5.13,6,2023-09-21,정상
4412,2267,3250000,5.02,12,2023-12-16,완료
4413,2737,3230000,5.36,24,2024-02-17,정상
4414,9193,2340000,4.5,6,2023-01-02,정상
4415,3751,730000,6.03,24,2024-09-02,정상
4416,9744,6590000,4.63,36,2023-01-08,정상
4417,9773,2490000,5.35,6,2024-06-01,완료
4418,4466,15390000,6.04,12,2023-03-29,정상
4419,4106,13870000,5.04,24,2024-06-03,정상
4420,2933,1380000,5.0,6,2023-02-26,정상
4421,621,730000,5.73,6,2023-03-21,정상
4422,639,730000,5.93,6,2023-12-08,연체
4423,7981,2020000,5.09,12,2024-01-05,정상
4424,5408,730000,6.86,12,2023-10-03,연체
4425,1361,10180000,4.29,12,2024-06-30,정상
4426,5168,730000,6.1,6,2023-05-22,연체
4427,2520,960000,6.17,24,2024-04-30,완료
4428,4816,1340000,5.24,24,2023-04-08,연체
4429,4945,4330000,4.26,36,2024-04-11,정상
4430,5089,2730000,4.5,24,2024-12-01,정상
4431,9667,1890000,5.73,12,2024-05-25,연체
4432,8408,11010000,4.59,24,2024-03-09,정상
4433,4383,730000,5.93,12,2024-11-29,연체
4434,6355,4710000,5.39,12,2023-12-26,정상
4435,3375,18660000,4.87,12,2023-11-29,정상
4436,1796,4200000,5.38,36,2024-07-24,완료
4437,2548,730000,5.05,6,2024-12-19,정상
4438,6189,730000,5.88,6,2024-06-10,연체
4439,211,1730000,5.41,12,2024-11-13,연체
4440,2173,970000,5.13,6,2023-11-27,연체
4441,5485,2180000,4.81,6,2024-07-09,정상
4442,2130,27530000,4.65,36,2024-01-18,정상
4443,420,890000,5.8,24,2023-07-22,연체
4444,3979,2550000,5.19,6,2023-06-10,정상
4445,2244,730000,5.39,12,2024-05-20,정상
4446,8190,820000,5.81,6,2024-02-06,정상
4447,9992,8690000,4.54,24,2023-10-14,정상
4448,1829,53730000,5.43,24,2023-01-03,정상
4449,8960,3290000,5.69,24,2023-06-12,정상
4450,202,23880000,4.26,24,2024-01-20,정상
4451,4061,730000,5.2,24,2024-11-18,정상
4452,305,730000,6.46,6,2023-07-17,연체
4453,1733,890000,5.93,24,2024-04-16,정상
4454,126,8320000,4.25,12,2023-03-29,완료
4455,8367,980000,5.51,12,2023-04-23,연체
4456,5897,2060000,5.82,6,2023-06-07,연체
4457,4781,4100000,4.85,36,2024-10-17,정상
4458,2575,10900000,4.94,24,2024-05-24,정상
4459,6264,730000,5.8,12,2024-04-12,정상
4460,5266,5070000,5.18,24,2023-12-25,정상
4461,8296,77360000,5.54,60,2023-04-13,정상
4462,8254,90920000,5.83,60,2023-11-25,정상
4463,1786,32990000,5.18,60,2024-12-04,정상
4464,1437,730000,6.47,12,2024-07-03,정상
4465,2683,740000,4.96,24,2023-01-08,연체
4466,5958,5000000,5.32,12,2023-09-24,정상
4467,1562,1930000,5.29,24,2024-03-14,정상
4468,1109,730000,5.7,6,2024-06-08,연체
4469,8896,89720000,5.32,24,2024-01-09,연체
4470,1194,12600000,5.41,24,2023-12-25,정상
4471,4233,730000,6.14,24,2024-10-01,연체
4472,1514,2010000,4.89,24,2023-06-23,연체
4473,9825,5120000,5.46,24,2024-08-06,정상
4474,6331,3100000,4.4,24,2023-10-26,정상
4475,6805,7480000,5.44,36,2024-04-18,정상
4476,5251,730000,5.36,24,2024-12-24,정상
4477,3497,730000,5.6,6,2023-07-15,정상
4478,4797,12310000,5.19,12,2023-12-13,정상
4479,5552,730000,6.01,6,2024-06-21,완료
4480,9373,1540000,6.13,24,2023-09-16,정상
4481,3731,730000,6.7,6,2023-11-07,연체
4482,6001,4960000,4.87,12,2024-08-30,정상
4483,8469,3310000,5.45,24,2023-04-04,정상
4484,7036,11250000,4.57,36,2024-10-11,완료
4485,965,1060000,6.21,12,2024-05-12,연체
4486,2991,1090000,5.05,6,2023-01-18,정상
4487,5314,1030000,6.12,12,2023-03-27,연체
4488,8032,22360000,4.65,24,2024-12-12,정상
4489,4975,1750000,5.63,12,2023-11-24,정상
4490,8744,940000,5.66,24,2023-08-05,연체
4491,5951,77600000,5.76,24,2024-01-13,정상
4492,7247,2510000,4.99,6,2023-07-03,정상
4493,696,57890000,4.52,24,2023-12-06,정상
4494,7649,730000,5.86,6,2024-10-12,정상
4495,9123,8290000,4.44,36,2023-12-07,정상
4496,404,38160000,4.3,24,2023-07-10,완료
4497,6799,730000,6.06,24,2024-06-20,연체
4498,705,3220000,4.83,24,2023-04-24,정상
4499,6043,1170000,5.85,6,2023-02-14,정상
4500,595,1220000,5.46,6,2023-03-28,정상
4501,5309,730000,5.31,24,2023-12-15,연체
4502,7958,80380000,4.88,36,2023-08-26,정상
4503,1572,990000,5.44,6,2024-02-09,연체
4504,4293,6220000,4.78,24,2023-02-05,정상
4505,4867,730000,5.78,12,2024-03-22,정상
4506,1640,750000,5.46,12,2023-12-15,정상
4507,6940,810000,5.5,24,2023-08-27,정상
4508,3496,2220000,4.81,12,2024-05-19,정상
4509,3504,730000,6.17,6,2024-11-04,연체
4510,5634,1730000,4.57,6,2023-11-02,정상
4511,1896,3210000,5.68,24,2023-04-21,완료
4512,9279,890000,5.18,6,2024-04-29,정상
4513,4311,730000,6.9,12,2023-06-25,연체
4514,5767,730000,5.6,12,2024-11-21,연체
4515,5115,26350000,5.17,60,2023-02-05,정상
4516,2167,23830000,4.94,24,2023-01-07,정상
4517,4723,100070000,5.42,24,2023-12-03,정상
4518,1202,16510000,4.6,36,2024-01-22,정상
4519,9147,730000,5.71,24,2024-01-09,정상
4520,3716,9180000,4.65,24,2023-05-28,정상
4521,938,27560000,4.79,24,2024-04-03,정상
4522,199,730000,4.97,12,2023-01-25,정상
4523,6102,2000000,4.99,12,2023-08-16,정상
4524,1941,1190000,5.56,12,2023-12-12,연체
4525,1157,730000,6.16,12,2024-02-04,연체
4526,159,2090000,5.11,6,2024-03-25,정상
4527,3779,2160000,5.18,12,2023-05-20,정상
4528,3037,730000,5.92,12,2024-03-06,정상
4529,9534,54730000,5.33,24,2023-09-15,정상
4530,525,4820000,4.93,36,2024-03-12,정상
4531,2279,1050000,5.82,6,2024-12-23,완료
4532,7402,5340000,4.6,12,2024-07-05,정상
4533,1914,26700000,4.02,36,2023-08-28,정상
4534,225,730000,5.72,24,2023-03-31,정상
4535,3578,39470000,4.77,36,2024-02-06,정상
4536,7188,5300000,5.25,36,2024-03-04,정상
4537,8057,43660000,5.11,60,2024-06-18,정상
4538,3300,730000,6.22,12,2024-11-08,정상
4539,5090,4490000,4.55,36,2024-01-02,완료
4540,5884,750000,5.16,6,2024-01-09,연체
4541,3833,980000,5.3,24,2023-08-01,정상
4542,8309,920000,5.25,6,2024-02-16,연체
4543,9566,2400000,4.93,24,2023-12-30,연체
4544,6963,1610000,4.7,6,2023-09-27,정상
4545,2378,1370000,5.28,6,2024-12-21,정상
4546,4948,970000,5.5,12,2024-01-18,정상
4547,5931,4120000,4.64,24,2024-06-27,정상
4548,9324,21960000,4.97,60,2024-03-03,정상
4549,6882,730000,5.37,24,2023-03-29,정상
4550,9532,730000,5.62,24,2024-12-02,완료
4551,2502,15010000,4.34,12,2024-07-18,정상
4552,8530,3490000,4.56,24,2023-08-05,정상
4553,1153,3130000,4.82,12,2024-12-11,정상
4554,1486,8300000,5.1,24,2023-05-27,정상
4555,6959,730000,5.99,12,2024-02-13,완료
4556,6020,1070000,4.52,24,2024-01-26,연체
4557,5986,730000,5.48,24,2023-11-05,정상
4558,6834,15590000,4.73,24,2023-12-04,정상
4559,1060,2820000,4.75,24,2024-02-07,정상
4560,5325,5700000,4.92,12,2023-02-27,정상
4561,6013,8330000,4.8,24,2024-12-29,연체
4562,1266,730000,5.4,12,2024-11-17,완료
4563,9757,730000,5.85,6,2024-06-24,정상
4564,750,730000,5.44,12,2023-10-14,연체
4565,4773,2750000,5.11,24,2024-09-27,정상
4566,7046,7060000,4.84,36,2024-05-13,정상
4567,8634,23060000,4.16,36,2023-02-13,정상
4568,3124,42560000,4.29,60,2024-01-23,완료
4569,9298,870000,5.83,12,2023-02-23,정상
4570,5170,3600000,4.85,36,2024-07-22,정상
4571,9038,6620000,5.23,12,2023-01-29,정상
4572,498,2710000,5.01,24,2024-11-28,완료
4573,5903,730000,5.55,12,2024-07-29,연체
4574,1921,3870000,5.2,24,2023-08-30,정상
4575,6972,1900000,5.39,12,2023-09-29,정상
4576,6276,730000,5.56,24,2024-11-08,연체
4577,956,41810000,5.24,24,2023-04-19,정상
4578,9981,1550000,5.89,6,2023-07-20,연체
4579,9163,730000,5.79,6,2023-03-26,연체
4580,7301,730000,6.2,24,2024-07-21,연체
4581,7441,730000,6.1,24,2024-03-05,연체
4582,367,4580000,5.04,24,2024-03-17,완료
4583,5622,1210000,5.87,6,2024-03-30,완료
4584,1207,1200000,5.75,24,2023-08-03,연체
4585,870,730000,6.45,12,2024-04-30,정상
4586,9110,54660000,4.43,24,2024-09-30,정상
4587,4683,3350000,5.21,12,2023-12-05,완료
4588,9034,730000,6.02,12,2023-04-25,정상
4589,6514,20670000,4.6,36,2024-01-29,정상
4590,8905,730000,6.13,24,2024-11-30,연체
4591,4596,3350000,5.92,24,2023-07-17,정상
4592,1952,730000,5.79,12,2024-02-06,연체
4593,5543,2720000,5.39,24,2023-06-06,정상
4594,3044,2320000,4.58,6,2023-03-24,정상
4595,1225,108250000,4.95,60,2024-03-14,정상
4596,8270,1970000,4.27,6,2023-04-17,정상
4597,809,730000,5.42,6,2024-09-29,정상
4598,634,14870000,4.9,24,2023-12-03,정상
4599,8484,3100000,5.89,24,2023-05-01,정상
4600,1278,780000,5.25,6,2024-07-20,연체
4601,8117,4200000,4.53,24,2024-04-11,정상
4602,7330,1740000,5.35,12,2024-07-30,연체
4603,6530,1480000,5.73,6,2024-12-30,완료
4604,8363,730000,5.7,12,2023-03-03,연체
4605,5385,18230000,4.87,24,2024-04-02,정상
4606,6684,10120000,5.67,24,2024-05-11,완료
4607,7853,27710000,4.79,36,2024-02-19,정상
4608,3292,2430000,4.44,12,2023-10-19,정상
4609,6806,1100000,5.15,6,2023-03-24,연체
4610,6326,5010000,4.78,36,2023-05-09,정상
4611,5324,730000,4.47,12,2023-01-09,정상
4612,7978,730000,4.88,24,2024-06-16,연체
4613,6876,730000,5.36,24,2023-12-01,연체
4614,6614,17940000,5.22,24,2024-10-16,정상
4615,1615,2560000,4.96,24,2024-04-16,정상
4616,958,13680000,4.57,12,2024-06-03,정상
4617,7140,730000,6.47,6,2024-11-11,정상
4618,3762,1730000,5.73,24,2024-03-13,연체
4619,7559,730000,6.71,12,2023-09-10,연체
4620,7038,5360000,5.0,24,2023-05-01,정상
4621,8133,4560000,3.89,24,2024-01-16,정상
4622,7811,960000,5.98,6,2023-10-17,정상
4623,6998,7000000,4.48,12,2024-09-30,정상
4624,164,8900000,5.54,36,2023-04-17,정상
4625,2584,4120000,4.54,24,2023-06-13,완료
4626,3632,19910000,5.5,24,2023-02-13,정상
4627,5223,730000,5.72,6,2023-06-01,완료
4628,1656,9100000,5.45,36,2023-02-13,정상
4629,8907,108250000,5.94,60,2023-05-10,정상
4630,5901,730000,5.77,6,2023-08-09,연체
4631,836,730000,6.01,6,2024-07-12,연체
4632,5902,730000,5.28,6,2023-01-02,연체
4633,3478,730000,4.77,12,2023-05-06,정상
4634,7148,730000,5.59,6,2024-08-28,연체
4635,440,730000,5.43,6,2024-01-07,연체
4636,3773,12460000,3.94,24,2024-09-11,정상
4637,2071,760000,4.38,24,2024-09-06,정상
4638,603,1530000,4.92,24,2023-05-13,정상
4639,9260,12750000,5.33,24,2023-06-25,정상
4640,7919,4620000,5.07,24,2023-03-26,정상
4641,3402,2650000,5.54,6,2023-09-16,완료
4642,1958,51410000,4.99,36,2024-06-24,정상
4643,9239,1570000,4.54,12,2023-06-25,정상
4644,5755,730000,5.15,12,2023-10-20,완료
4645,1490,5250000,4.49,36,2023-01-05,정상
4646,8879,17670000,4.75,12,2024-03-10,정상
4647,5169,2420000,4.66,6,2023-02-21,정상
4648,9346,7920000,4.25,24,2024-01-14,정상
4649,4319,108250000,6.04,36,2024-04-30,정상
4650,9081,730000,5.92,12,2023-12-18,연체
4651,4165,71140000,4.9,60,2024-09-17,정상
4652,8646,4460000,4.61,12,2023-02-17,정상
4653,3714,23710000,5.0,36,2024-03-20,정상
4654,5831,730000,4.61,6,2024-12-13,정상
4655,9589,2390000,5.28,24,2023-12-15,정상
4656,3573,5200000,5.62,24,2023-06-13,정상
4657,1188,4860000,5.16,12,2024-10-27,정상
4658,516,730000,6.28,12,2023-04-23,정상
4659,6281,730000,5.73,6,2023-02-26,연체
4660,6667,730000,4.65,12,2023-09-18,연체
4661,5832,730000,5.22,24,2024-11-19,정상
4662,1841,25910000,5.16,24,2023-05-02,정상
4663,1721,12280000,4.31,24,2024-10-11,정상
4664,3074,1140000,5.83,12,2024-04-04,연체
4665,4217,730000,4.75,12,2023-07-13,정상
4666,8436,730000,5.9,6,2023-10-12,정상
4667,1796,3750000,5.48,24,2024-12-27,정상
4668,1270,1040000,4.64,6,2024-10-30,정상
4669,9016,4080000,4.55,12,2024-12-01,정상
4670,6780,63240000,5.88,60,2024-01-27,정상
4671,7181,3100000,5.07,12,2024-11-20,정상
4672,6918,1810000,5.1,24,2023-11-09,정상
4673,2604,5690000,4.85,24,2024-02-15,완료
4674,2541,1360000,4.54,6,2023-12-01,정상
4675,237,1300000,5.17,24,2023-03-11,정상
4676,4735,890000,4.74,6,2024-12-08,완료
4677,8240,730000,6.51,24,2024-10-10,연체
4678,5603,1900000,5.06,12,2023-04-21,정상
4679,9544,730000,5.65,12,2023-02-26,연체
4680,2057,1850000,5.36,6,2023-08-13,정상
4681,9706,2670000,5.54,12,2024-07-03,완료
4682,8364,730000,6.06,6,2023-09-30,연체
4683,4456,730000,5.48,12,2023-12-27,연체
4684,2276,16720000,3.66,36,2023-11-17,정상
4685,5835,730000,5.51,24,2023-07-15,정상
4686,2973,3260000,4.31,36,2023-04-26,정상
4687,2606,3230000,5.58,24,2024-05-06,정상
4688,6758,24360000,4.5,36,2023-07-18,정상
4689,8411,15130000,4.33,36,2024-11-27,완료
4690,9179,5700000,4.39,24,2023-03-21,정상
4691,880,1530000,5.13,12,2024-12-04,정상
4692,4540,730000,5.3,6,2023-03-07,정상
4693,3133,75750000,5.53,36,2024-05-09,정상
4694,1421,4210000,4.07,24,2024-07-27,정상
4695,4457,1430000,5.55,12,2023-09-26,정상
4696,4666,9360000,5.11,36,2024-03-30,완료
4697,7909,7810000,4.52,24,2024-05-02,정상
4698,6974,1470000,4.89,24,2023-08-09,정상
4699,833,14430000,4.87,12,2023-08-28,완료
4700,3723,3660000,5.26,12,2024-04-22,정상
4701,57,970000,5.17,12,2023-07-10,정상
4702,3723,7960000,5.44,12,2024-01-17,정상
4703,3011,930000,5.12,24,2023-02-28,정상
4704,1870,1310000,5.01,6,2023-03-27,정상
4705,5638,1500000,5.13,24,2024-04-06,정상
4706,2999,2370000,5.27,6,2024-09-14,연체
4707,2081,730000,5.76,6,2023-05-24,연체
4708,2653,11160000,5.12,36,2024-10-12,정상
4709,6162,730000,4.91,6,2024-11-11,연체
4710,1897,730000,5.02,6,2023-11-29,연체
4711,2105,2210000,4.25,6,2024-09-15,완료
4712,2563,1730000,5.44,6,2023-12-29,연체
4713,9000,940000,5.68,24,2024-02-12,정상
4714,6870,4430000,5.29,12,2024-06-06,정상
4715,1866,730000,5.35,6,2023-07-15,정상
4716,9510,1520000,5.26,12,2024-03-09,완료
4717,621,730000,5.78,6,2024-12-15,정상
4718,5404,980000,5.65,6,2023-01-22,정상
4719,5951,108250000,5.48,24,2023-11-22,정상
4720,5279,3180000,4.66,24,2023-12-20,정상
4721,2274,730000,5.56,24,2023-05-12,연체
4722,4982,1440000,5.03,12,2023-07-24,완료
4723,6661,730000,6.58,12,2023-05-25,정상
4724,752,3600000,5.41,12,2024-11-12,정상
4725,3539,730000,5.82,12,2024-01-19,정상
4726,9332,830000,5.15,24,2023-11-29,정상
4727,85,2990000,5.43,12,2023-09-13,정상
4728,2863,730000,6.64,24,2024-04-03,연체
4729,1583,5200000,4.74,36,2024-09-28,정상
4730,5165,14150000,4.53,12,2023-06-13,정상
4731,5940,2500000,5.9,12,2024-06-01,정상
4732,5199,730000,6.14,24,2023-12-05,정상
4733,1017,2790000,5.61,12,2024-12-02,완료
4734,5988,730000,5.46,12,2024-03-02,완료
4735,460,7320000,4.95,12,2024-04-04,완료
4736,6720,2210000,5.23,24,2024-07-23,정상
4737,2160,75310000,5.78,36,2024-09-04,정상
4738,3688,730000,5.7,6,2024-06-26,정상
4739,8830,26150000,5.39,36,2024-10-12,완료
4740,5719,4800000,4.87,24,2024-05-25,정상
4741,2111,1710000,5.87,24,2024-04-17,정상
4742,5713,3950000,4.9,24,2024-12-17,정상
4743,6397,730000,6.24,6,2023-11-14,연체
4744,8464,28400000,5.36,36,2023-03-26,정상
4745,6940,1710000,5.77,24,2024-08-12,완료
4746,1503,1070000,4.37,12,2023-09-28,정상
4747,440,730000,5.18,24,2023-11-08,정상
4748,6847,730000,6.25,12,2024-01-08,연체
4749,2220,2040000,5.45,24,2023-08-21,완료
4750,4799,730000,6.3,12,2024-06-24,연체
4751,1680,5370000,4.32,36,2023-01-17,정상
4752,7949,730000,4.93,6,2023-04-04,정상
4753,3062,730000,5.56,24,2023-06-07,연체
4754,750,770000,5.33,6,2024-03-30,정상
4755,2098,4030000,4.8,36,2024-05-19,완료
4756,7689,6700000,4.82,24,2024-07-01,정상
4757,7015,30410000,4.67,36,2024-05-22,정상
4758,9627,1070000,5.13,24,2024-03-27,정상
4759,660,7190000,5.72,24,2023-11-28,정상
4760,8123,730000,5.94,6,2023-05-24,연체
4761,6222,730000,6.74,24,2024-12-26,연체
4762,2082,730000,5.45,24,2023-10-07,정상
4763,7465,4390000,4.77,12,2024-04-27,정상
4764,1328,22640000,4.79,36,2023-05-03,정상
4765,8151,730000,6.17,6,2023-11-10,연체
4766,3794,730000,5.35,12,2023-06-11,정상
4767,6755,108250000,5.65,60,2024-04-24,정상
4768,5968,2690000,4.34,6,2024-08-16,정상
4769,6631,6520000,5.16,36,2024-10-29,정상
4770,1117,730000,5.78,24,2024-06-08,연체
4771,7142,1310000,5.99,6,2023-02-14,정상
4772,9846,21230000,4.85,24,2023-06-09,정상
4773,8298,1890000,5.4,24,2023-09-02,정상
4774,779,1000000,6.12,12,2024-03-14,정상
4775,4641,1360000,4.93,24,2024-08-06,연체
4776,4944,960000,5.35,24,2023-11-27,완료
4777,5147,730000,6.18,12,2023-01-11,연체
4778,3250,730000,5.96,24,2024-12-17,연체
4779,349,30520000,4.72,36,2023-03-02,정상
4780,5865,5470000,5.09,12,2023-04-11,정상
4781,8479,3120000,5.39,24,2023-04-29,연체
4782,1246,108250000,5.9,24,2024-02-23,정상
4783,5929,1130000,5.67,24,2023-10-04,연체
4784,5710,1360000,5.66,24,2024-11-10,정상
4785,9045,820000,5.56,6,2024-05-19,정상
4786,5768,4850000,5.18,24,2023-05-18,정상
4787,3650,730000,5.25,6,2023-11-29,정상
4788,2823,1230000,4.93,24,2024-12-05,정상
4789,7071,730000,6.16,6,2024-01-24,정상
4790,3809,42930000,5.31,60,2023-07-13,정상
4791,5449,730000,5.33,24,2024-01-18,정상
4792,3036,20590000,5.22,36,2023-11-02,정상
4793,1286,21240000,4.94,24,2024-05-18,정상
4794,6487,890000,5.2,12,2024-12-30,완료
4795,1242,1390000,5.63,6,2023-01-30,완료
4796,9256,7070000,5.47,36,2024-12-26,정상
4797,7201,730000,5.23,24,2023-07-21,연체
4798,9623,1950000,5.75,24,2024-12-09,연체
4799,7130,730000,5.75,6,2023-08-22,연체
4800,2829,730000,5.43,6,2024-06-07,정상
4801,8405,730000,6.54,24,2023-07-07,연체
4802,8147,1720000,4.28,24,2024-07-28,완료
4803,495,730000,5.73,24,2023-11-18,완료
4804,8539,1050000,5.32,12,2024-01-31,연체
4805,6945,108250000,5.63,60,2023-01-10,완료
4806,3907,8390000,5.23,24,2024-04-23,정상
4807,8783,730000,5.32,12,2023-01-14,정상
4808,9326,730000,5.74,6,2024-09-13,연체
4809,2181,730000,5.73,24,2024-03-02,연체
4810,8269,880000,5.11,12,2023-07-01,정상
4811,8113,6580000,4.75,12,2024-10-22,정상
4812,3735,3650000,5.06,24,2023-12-14,정상
4813,7233,1480000,5.29,6,2023-08-27,정상
4814,3688,730000,5.48,12,2024-03-23,완료
4815,4596,2420000,5.28,24,2024-07-26,정상
4816,5162,20220000,4.88,36,2023-05-03,완료
4817,9645,730000,6.35,6,2023-01-14,정상
4818,8446,1520000,5.92,6,2024-01-27,정상
4819,6498,8400000,4.91,12,2023-06-26,정상
4820,8476,1130000,5.5,12,2023-10-20,정상
4821,675,730000,5.96,12,2023-06-22,정상
4822,147,2130000,5.3,6,2024-12-15,정상
4823,9827,10450000,5.22,12,2023-09-16,완료
4824,548,5760000,4.65,24,2023-08-15,완료
4825,4714,3850000,5.66,12,2024-07-23,정상
4826,5401,730000,5.99,24,2023-11-20,정상
4827,6444,730000,6.48,12,2023-04-12,연체
4828,5378,2080000,5.59,6,2024-02-10,완료
4829,8029,7480000,5.64,36,2024-10-30,정상
4830,8760,1810000,5.0,12,2023-12-05,정상
4831,4949,1040000,4.8,6,2023-08-13,완료
4832,3617,2210000,5.36,24,2023-11-25,정상
4833,9026,930000,5.35,12,2024-06-19,정상
4834,9823,4550000,5.16,36,2024-08-03,연체
4835,5284,1190000,6.03,12,2023-12-25,정상
4836,9842,2490000,4.77,12,2023-12-17,완료
4837,572,7530000,4.64,12,2023-03-14,정상
4838,1668,6850000,5.04,12,2024-05-07,완료
4839,2082,730000,5.61,24,2024-01-08,정상
4840,9951,890000,4.89,12,2023-06-29,정상
4841,3826,10090000,5.94,12,2024-01-21,완료
4842,4362,730000,5.53,6,2023-06-30,정상
4843,5890,20630000,5.01,24,2023-03-04,정상
4844,858,730000,7.02,6,2024-03-15,정상
4845,3400,3760000,4.94,24,2023-02-06,완료
4846,2954,108250000,5.68,24,2023-04-28,정상
4847,6010,730000,5.0,24,2024-12-26,정상
4848,6553,900000,6.27,6,2024-10-03,완료
4849,3615,8870000,4.62,24,2024-10-30,정상
4850,8944,10150000,4.96,12,2023-01-03,완료
4851,7078,1700000,4.5,12,2023-11-29,완료
4852,2778,8110000,5.75,24,2023-09-11,정상
4853,1645,3140000,4.97,24,2024-02-02,정상
4854,1541,940000,5.53,12,2023-12-13,정상
4855,34,1280000,5.2,12,2023-02-06,정상
4856,1204,5110000,4.79,12,2023-04-30,정상
4857,3516,730000,5.4,24,2024-05-01,연체
4858,7843,2920000,5.66,6,2024-04-06,완료
4859,4565,28580000,5.1,24,2024-12-05,완료
4860,5812,2860000,5.41,6,2023-08-11,정상
4861,8014,730000,5.56,12,2024-03-27,정상
4862,4181,730000,5.38,24,2023-07-03,정상
4863,7714,2420000,4.87,6,2023-02-17,완료
4864,127,33540000,4.87,24,2023-08-25,정상
4865,1609,7450000,4.24,36,2024-06-25,정상
4866,3081,1070000,5.49,12,2023-07-10,정상
4867,5699,45270000,5.19,24,2024-11-21,정상
4868,7071,730000,6.08,12,2024-05-25,정상
4869,2037,730000,6.35,24,2023-08-08,연체
4870,4411,3500000,4.71,24,2024-07-21,정상
4871,4703,4780000,5.38,12,2023-12-01,정상
4872,7111,1530000,5.42,12,2024-06-20,정상
4873,2872,13320000,5.44,24,2024-01-31,정상
4874,6599,780000,6.27,24,2024-07-15,연체
4875,9927,730000,5.65,6,2023-05-25,정상
4876,1573,1710000,5.89,6,2023-03-31,완료
4877,3397,2350000,5.13,12,2023-07-05,정상
4878,2570,4240000,4.6,12,2024-03-18,정상
4879,2602,11350000,5.95,12,2023-11-08,완료
4880,3190,16920000,4.67,12,2024-04-07,정상
4881,2048,14960000,4.43,24,2023-08-11,정상
4882,248,18220000,4.07,36,2023-02-08,정상
4883,6623,16050000,4.56,36,2023-12-02,정상
4884,6042,6050000,5.45,24,2023-03-17,정상
4885,629,3610000,4.52,24,2024-10-06,정상
4886,7650,730000,5.36,24,2023-11-19,정상
4887,737,1760000,4.97,6,2023-03-08,정상
4888,4407,730000,6.04,24,2023-09-10,정상
4889,1479,2650000,4.66,6,2024-03-25,정상
4890,3022,4170000,4.37,24,2023-09-14,정상
4891,7921,18380000,3.97,12,2024-05-13,정상
4892,2987,4880000,4.91,36,2023-03-22,정상
4893,9159,1250000,5.09,24,2024-03-01,연체
4894,3899,730000,6.0,6,2023-02-03,완료
4895,2631,45820000,5.59,60,2024-03-27,정상
4896,2440,6920000,4.94,24,2023-01-04,정상
4897,2221,1180000,5.54,24,2024-10-30,정상
4898,8509,16960000,5.08,36,2023-03-16,정상
4899,2068,84230000,5.46,60,2024-09-07,정상
4900,2724,8400000,4.93,24,2023-10-29,연체
4901,6375,1440000,5.55,12,2023-09-25,연체
4902,6049,108250000,5.28,60,2024-01-03,정상
4903,3593,730000,5.97,12,2024-06-27,정상
4904,9426,1140000,5.19,24,2024-06-14,정상
4905,1897,730000,5.42,12,2023-11-14,정상
4906,6275,6320000,5.08,12,2024-12-06,정상
4907,4060,2380000,4.72,24,2023-10-08,정상
4908,6223,2530000,5.08,6,2023-05-23,정상
4909,1953,740000,5.67,6,2024-08-03,정상
4910,2655,6450000,4.61,36,2024-06-08,정상
4911,3902,3840000,5.05,12,2024-11-10,연체
4912,7696,1740000,5.51,24,2024-11-11,정상
4913,1966,66960000,5.92,24,2024-10-01,완료
4914,5805,790000,5.38,6,2024-07-04,정상
4915,814,900000,5.04,6,2024-01-13,정상
4916,7161,2160000,5.53,24,2023-03-27,완료
4917,5302,1770000,5.28,12,2024-04-19,정상
4918,412,730000,6.33,6,2023-07-06,연체
4919,9504,2950000,5.73,24,2024-03-01,정상
4920,2082,730000,5.43,12,2024-05-14,정상
4921,5587,730000,5.79,12,2023-04-24,연체
4922,7166,49840000,5.12,36,2023-06-16,정상
4923,1779,10270000,5.04,36,2024-06-09,정상
4924,4754,5460000,5.4,24,2023-08-18,정상
4925,5434,5370000,5.03,12,2024-06-19,정상
4926,549,66170000,4.62,60,2024-04-10,완료
4927,228,1450000,4.49,12,2023-01-01,정상
4928,2604,7470000,4.19,12,2023-08-15,정상
4929,5658,730000,6.03,6,2024-02-01,정상
4930,5500,730000,6.85,24,2024-05-28,연체
4931,3699,1520000,4.29,12,2024-06-05,정상
4932,9014,10620000,4.63,36,2024-07-01,정상
4933,1758,5060000,5.08,12,2024-09-04,정상
4934,5644,1590000,5.23,24,2024-02-01,완료
4935,5239,730000,6.02,6,2024-07-20,정상
4936,8279,1110000,5.45,12,2024-08-21,정상
4937,7846,3790000,5.09,24,2024-05-31,정상
4938,415,730000,5.44,12,2024-12-13,정상
4939,3306,3170000,5.15,36,2023-10-28,정상
4940,2493,36760000,4.15,36,2024-08-01,완료
4941,3528,6300000,4.66,12,2023-11-25,정상
4942,8591,800000,5.04,6,2024-06-06,정상
4943,2568,13370000,4.92,12,2024-04-25,정상
4944,5059,3220000,4.95,24,2024-09-13,정상
4945,4156,1880000,5.38,6,2023-12-28,정상
4946,160,2690000,4.42,6,2024-08-22,정상
4947,2030,730000,5.73,6,2024-05-20,정상
4948,7596,24960000,5.07,60,2023-02-06,정상
4949,2401,2710000,5.18,6,2024-09-13,정상
4950,9892,2570000,4.97,12,2024-05-14,정상
4951,8821,4440000,4.85,12,2023-08-11,정상
4952,663,730000,5.16,6,2023-01-24,연체
4953,6241,1470000,5.7,12,2024-11-12,정상
4954,7215,2190000,5.44,12,2023-01-04,완료
4955,1408,730000,5.07,12,2023-03-26,정상
4956,6623,6960000,4.96,36,2024-05-28,정상
4957,5275,730000,6.5,6,2023-09-22,연체
4958,9669,3000000,4.16,24,2023-09-07,완료
4959,1353,730000,5.24,24,2024-03-18,연체
4960,4427,730000,6.0,6,2024-07-22,연체
4961,8311,5820000,5.02,12,2024-08-30,정상
4962,7511,8880000,5.43,24,2023-10-19,정상
4963,4237,820000,5.13,6,2023-12-20,정상
4964,6935,1550000,5.87,12,2023-08-20,정상
4965,9855,3800000,5.02,24,2023-05-19,정상
4966,2274,730000,5.64,12,2024-08-10,완료
4967,8671,12000000,4.63,24,2023-12-29,정상
4968,4323,3110000,4.58,12,2023-09-07,정상
4969,8292,730000,5.38,6,2024-06-12,연체
4970,9566,5290000,5.46,24,2024-04-01,정상
4971,5379,730000,5.25,12,2023-04-06,연체
4972,5433,4150000,4.76,36,2023-12-05,정상
4973,3393,20410000,4.44,60,2024-07-18,완료
4974,2233,730000,5.42,12,2023-07-31,연체
4975,3851,2540000,5.66,24,2023-10-04,정상
4976,4343,5940000,5.02,12,2024-02-14,정상
4977,5391,108250000,5.65,36,2024-02-07,정상
4978,5511,2190000,5.57,6,2024-02-26,완료
4979,6816,1050000,5.14,6,2023-09-15,정상
4980,1376,960000,5.47,24,2024-04-28,완료
4981,4217,730000,5.25,24,2023-01-21,정상
4982,9386,730000,6.11,6,2024-06-05,정상
4983,9199,1620000,6.19,12,2024-05-02,정상
4984,8498,1200000,5.65,24,2023-07-21,정상
4985,6132,730000,5.1,12,2024-07-02,연체
4986,2111,1630000,5.26,24,2024-06-21,정상
4987,3221,1970000,4.08,12,2023-09-29,정상
4988,3689,6820000,4.88,12,2024-08-29,정상
4989,4867,730000,5.59,12,2023-05-18,연체
4990,5604,33540000,4.86,60,2023-09-03,연체
4991,1599,71960000,5.64,24,2023-09-24,정상
4992,8720,730000,4.54,12,2024-10-05,정상
4993,6539,4210000,4.86,36,2023-12-22,정상
4994,5772,730000,5.43,12,2024-10-03,연체
4995,2267,5440000,5.48,24,2023-04-10,정상
4996,3812,4750000,5.24,24,2024-07-20,정상
4997,7427,730000,5.85,6,2024-07-06,정상
4998,7321,2820000,4.93,24,2024-05-16,정상
4999,535,730000,5.75,12,2023-07-03,정상
5000,8734,5150000,4.9,24,2024-05-07,정상
5001,2334,1300000,5.22,24,2024-03-30,완료
5002,8390,4320000,4.61,36,2023-10-19,연체
5003,158,4080000,5.2,12,2023-12-17,정상
5004,1174,730000,6.06,24,2023-04-06,정상
5005,4886,9400000,4.96,36,2024-05-28,정상
5006,1511,1040000,4.79,24,2024-10-31,정상
5007,8352,1160000,5.13,24,2023-11-12,완료
5008,4752,1520000,5.46,24,2024-06-26,연체
5009,5249,2550000,4.08,24,2023-03-12,완료
5010,7655,1510000,5.39,12,2023-07-07,정상
5011,579,66550000,5.76,24,2023-04-25,정상
5012,7157,1960000,4.58,12,2023-05-06,완료
5013,2102,730000,5.48,6,2023-01-26,연체
5014,2857,18240000,3.81,24,2023-10-31,정상
5015,1282,5580000,5.75,12,2023-02-06,정상
5016,4087,1730000,4.66,12,2024-12-08,완료
5017,8940,730000,5.37,12,2024-05-05,정상
5018,8654,22290000,5.01,24,2024-04-17,정상
5019,6246,730000,5.37,24,2023-07-28,연체
5020,5112,980000,5.81,24,2023-06-06,정상
5021,8130,4600000,4.26,24,2023-10-04,정상
5022,4626,39750000,4.82,60,2023-07-07,정상
5023,1380,730000,5.36,12,2024-02-22,연체
5024,6722,730000,6.15,6,2023-11-21,정상
5025,6043,730000,5.34,6,2024-05-12,정상
5026,358,22260000,5.66,60,2023-12-27,완료
5027,1882,2540000,4.3,12,2024-06-12,정상
5028,5675,8060000,5.58,24,2023-07-31,정상
5029,8528,4800000,4.51,12,2023-06-05,정상
5030,8319,42620000,5.11,60,2024-01-29,정상
5031,4468,2210000,5.17,12,2023-01-09,정상
5032,4917,1700000,5.48,6,2023-09-30,연체
5033,1172,3090000,5.21,12,2024-08-06,정상
5034,2552,3360000,5.21,24,2023-09-01,정상
5035,587,750000,6.01,6,2023-12-29,정상
5036,5206,17410000,4.59,12,2024-09-12,정상
5037,590,780000,5.2,12,2023-05-05,정상
5038,3215,9160000,5.16,24,2024-11-15,완료
5039,2986,6360000,5.04,12,2024-03-11,정상
5040,7241,8830000,4.27,36,2024-12-15,정상
5041,3985,38600000,5.78,36,2023-10-19,정상
5042,3124,50390000,5.06,60,2023-07-22,정상
5043,5497,3580000,5.39,24,2023-01-07,정상
5044,9439,12860000,4.84,36,2024-05-30,정상
5045,1292,890000,5.27,24,2024-02-26,연체
5046,1419,1600000,5.51,12,2024-12-24,정상
5047,589,4850000,4.65,24,2024-07-05,정상
5048,8971,730000,5.04,6,2023-06-10,완료
5049,282,1190000,5.74,6,2024-11-11,정상
5050,894,1880000,4.84,12,2023-06-03,연체
5051,4717,2410000,5.59,12,2024-05-07,정상
5052,5983,29180000,5.5,60,2024-02-13,완료
5053,6973,1320000,6.13,24,2023-11-01,완료
5054,7722,14950000,5.12,36,2024-06-02,완료
5055,4599,1500000,5.63,6,2023-07-23,연체
5056,2321,730000,6.1,12,2023-09-23,연체
5057,6902,1270000,5.19,6,2023-04-29,정상
5058,801,27690000,5.3,36,2023-06-07,정상
5059,9651,730000,5.42,6,2024-11-17,연체
5060,8776,730000,5.5,24,2024-09-17,정상
5061,5189,12540000,4.39,24,2023-01-18,정상
5062,6325,3380000,4.57,12,2024-09-13,정상
5063,6035,1050000,5.42,24,2023-08-21,연체
5064,8425,2270000,4.59,12,2024-10-15,연체
5065,3122,2680000,4.31,6,2024-10-16,정상
5066,9755,820000,5.58,12,2024-03-07,연체
5067,7974,67580000,4.76,60,2024-04-24,정상
5068,4925,21790000,4.91,36,2024-12-13,완료
5069,3624,23180000,4.96,60,2024-09-19,정상
5070,8972,3830000,4.84,12,2023-05-14,정상
5071,8397,3340000,5.7,12,2024-05-11,정상
5072,2834,730000,5.07,24,2023-11-22,연체
5073,5558,11770000,4.77,24,2024-08-31,정상
5074,1984,730000,5.74,6,2023-11-09,연체
5075,1683,3800000,4.83,36,2023-06-19,정상
5076,6822,1350000,5.46,6,2023-07-15,정상
5077,4850,1170000,4.81,24,2024-04-09,연체
5078,5000,6270000,4.65,12,2023-02-04,정상
5079,6983,47840000,5.16,60,2023-03-27,완료
5080,4891,2190000,5.24,24,2023-05-01,정상
5081,5734,5200000,4.71,36,2024-04-06,정상
5082,6318,730000,5.5,6,2024-09-29,정상
5083,4193,11380000,4.65,12,2023-03-09,정상
5084,9054,730000,5.69,24,2024-07-27,연체
5085,1967,3710000,5.21,36,2023-12-06,완료
5086,52,27520000,5.55,36,2023-09-26,정상
5087,4782,28970000,5.34,60,2023-05-14,정상
5088,1982,730000,6.28,12,2024-09-27,정상
5089,29,5210000,3.84,36,2023-06-26,정상
5090,9580,890000,5.65,6,2023-06-26,정상
5091,6615,10040000,4.06,36,2023-05-03,정상
5092,8602,1730000,5.18,6,2023-03-24,정상
5093,3517,730000,5.15,12,2023-02-10,정상
5094,1422,60440000,5.18,24,2023-05-15,정상
5095,9655,780000,5.93,24,2024-08-25,정상
5096,8454,730000,5.37,12,2023-06-28,정상
5097,6221,1000000,5.09,24,2024-03-07,정상
5098,9334,730000,6.47,6,2024-02-25,연체
5099,6237,730000,5.09,24,2023-09-17,연체
5100,3607,1380000,5.57,6,2023-02-15,정상
5101,7915,5650000,4.84,24,2024-02-07,정상
5102,836,730000,6.58,6,2023-07-10,정상
5103,2028,17000000,5.02,36,2023-02-15,정상
5104,4911,1170000,4.94,24,2024-10-11,정상
5105,3537,1340000,5.1,6,2023-07-17,완료
5106,5123,730000,5.95,6,2024-12-12,정상
5107,995,1750000,4.13,6,2023-10-03,정상
5108,2510,730000,5.8,6,2024-08-09,완료
5109,3705,52350000,4.78,36,2023-08-06,정상
5110,7170,730000,6.17,6,2024-10-04,정상
5111,6052,730000,5.31,6,2024-08-04,정상
5112,1081,2450000,4.81,24,2024-04-19,완료
5113,8435,27570000,5.01,24,2024-05-30,정상
5114,7209,730000,5.43,24,2024-05-29,연체
5115,9420,730000,6.42,12,2024-09-17,연체
5116,1185,8080000,4.58,24,2024-07-01,정상
5117,6714,1800000,5.09,6,2023-03-31,정상
5118,4422,2480000,5.64,6,2024-07-24,정상
5119,9663,2010000,5.77,6,2023-11-30,정상
5120,8400,730000,5.04,6,2024-07-15,정상
5121,2144,730000,6.26,12,2023-04-23,연체
5122,8606,6540000,4.52,24,2024-03-31,완료
5123,5535,1230000,5.38,12,2024-09-16,연체
5124,3066,13790000,4.91,12,2024-07-19,정상
5125,2760,22340000,4.7,36,2023-08-09,정상
5126,673,12090000,4.77,24,2023-02-22,정상
5127,3231,2800000,4.51,6,2023-03-24,정상
5128,1247,730000,6.39,6,2024-06-24,연체
5129,3638,2750000,5.42,12,2024-01-11,정상
5130,70,1330000,4.88,6,2023-02-23,연체
5131,217,730000,6.15,24,2023-08-07,연체
5132,766,730000,4.68,24,2024-12-05,정상
5133,8,1450000,5.3,12,2024-11-05,정상
5134,3772,108250000,5.36,60,2023-10-16,정상
5135,4923,19960000,5.04,24,2023-03-14,정상
5136,9597,730000,5.81,12,2024-02-20,정상
5137,6599,1180000,6.25,24,2023-06-23,정상
5138,6166,6650000,5.18,36,2023-03-21,정상
5139,3188,730000,5.81,12,2024-11-06,완료
5140,8623,730000,5.68,12,2023-03-14,연체
5141,9901,890000,5.15,24,2023-06-27,연체
5142,2460,1200000,4.93,6,2023-10-06,정상
5143,8413,1680000,5.04,24,2024-09-26,연체
5144,5203,12100000,5.34,24,2023-02-08,정상
5145,3273,108250000,5.83,24,2023-11-09,정상
5146,1084,730000,6.21,12,2024-05-24,연체
5147,1076,1310000,5.48,6,2023-05-16,정상
5148,9080,880000,5.77,6,2023-09-07,연체
5149,9454,4460000,4.56,12,2023-03-20,정상
5150,7467,730000,5.8,24,2023-08-27,연체
5151,7387,1780000,5.6,12,2023-03-13,정상
5152,2025,730000,5.99,6,2023-08-18,연체
5153,4869,730000,5.31,24,2024-12-28,연체
5154,5158,108250000,6.04,60,2024-07-19,정상
5155,6087,2680000,5.15,6,2023-05-25,정상
5156,4949,2680000,5.0,12,2023-09-08,완료
5157,846,730000,6.13,6,2023-08-21,연체
5158,7527,3840000,5.04,24,2024-05-02,완료
5159,6083,730000,5.22,24,2024-12-23,정상
5160,7409,1210000,5.14,12,2023-09-30,정상
5161,4099,7920000,4.83,24,2023-12-30,정상
5162,1686,730000,5.75,24,2023-03-06,연체
5163,5205,5000000,4.74,24,2024-11-01,정상
5164,8357,2480000,5.14,12,2024-07-22,정상
5165,4398,1200000,5.14,12,2024-02-22,완료
5166,3673,2050000,5.62,12,2023-11-02,완료
5167,7952,64640000,4.95,24,2023-04-14,정상
5168,8011,2260000,5.44,12,2024-02-09,정상
5169,9637,18700000,5.17,24,2023-02-26,완료
5170,9314,730000,6.01,12,2023-08-24,연체
5171,2788,830000,5.86,6,2024-11-01,정상
5172,3259,23700000,4.88,24,2023-11-13,정상
5173,9312,5080000,5.17,36,2024-11-07,정상
5174,6943,730000,5.79,12,2023-09-21,연체
5175,8223,7790000,4.82,24,2024-10-01,정상
5176,9085,3630000,4.63,36,2023-12-06,정상
5177,9596,5670000,4.61,12,2024-11-07,완료
5178,6944,30630000,4.74,60,2023-09-10,정상
5179,3235,920000,5.05,24,2023-03-06,정상
5180,5633,10050000,5.04,24,2023-06-02,정상
5181,9016,4190000,5.34,36,2023-03-21,정상
5182,6943,730000,6.13,6,2023-10-13,정상
5183,885,1230000,6.22,6,2024-03-10,정상
5184,2914,730000,5.92,6,2024-03-26,연체
5185,5118,26510000,4.5,60,2024-08-03,정상
5186,6162,730000,5.58,24,2024-07-25,연체
5187,8415,3330000,5.72,24,2024-04-18,연체
5188,7954,2420000,5.08,24,2023-02-19,완료
5189,4611,2370000,4.3,6,2023-09-27,정상
5190,4242,56840000,5.32,36,2023-02-23,정상
5191,569,3130000,5.47,12,2024-12-11,완료
5192,5402,4390000,4.6,24,2024-09-26,정상
5193,9828,1970000,5.54,24,2024-03-10,정상
5194,833,18190000,4.79,24,2023-07-26,정상
5195,7836,730000,6.11,12,2024-11-29,연체
5196,9419,1380000,5.62,6,2023-09-04,연체
5197,1921,10240000,5.17,24,2024-05-25,정상
5198,2547,730000,6.32,24,2024-12-03,연체
5199,7783,18740000,5.0,36,2024-06-24,정상
5200,3647,730000,5.97,6,2024-09-18,연체
5201,8165,760000,5.29,12,2024-09-08,연체
5202,9505,13640000,4.34,12,2024-12-04,완료
5203,5960,4910000,4.81,12,2024-03-22,정상
5204,4890,950000,5.99,24,2024-07-03,완료
5205,9731,97540000,5.49,36,2024-02-12,정상
5206,7153,108250000,5.93,60,2023-10-01,정상
5207,8428,730000,5.83,12,2023-02-21,정상
5208,593,3220000,5.37,36,2023-12-30,정상
5209,8941,730000,5.32,24,2023-07-31,정상
5210,2208,1030000,5.71,24,2023-12-16,정상
5211,9718,5650000,4.57,36,2024-09-28,정상
5212,4576,760000,6.02,24,2023-10-21,정상
5213,9622,5530000,5.24,12,2023-10-02,정상
5214,3468,730000,5.91,6,2023-07-08,연체
5215,9292,22950000,4.87,24,2023-09-12,정상
5216,4471,730000,6.0,12,2024-04-11,연체
5217,9988,730000,5.5,6,2023-07-15,완료
5218,8183,1920000,4.7,6,2023-09-26,완료
5219,7663,730000,5.65,6,2023-05-08,연체
5220,9039,2790000,5.25,6,2023-08-29,정상
5221,715,8150000,5.06,36,2023-12-31,정상
5222,5176,1910000,5.34,24,2023-03-07,정상
5223,4384,11600000,5.0,12,2024-02-08,완료
5224,8411,10320000,4.63,12,2023-03-10,정상
5225,8900,730000,6.1,6,2024-09-14,정상
5226,8936,15880000,5.28,36,2024-07-13,정상
5227,5466,8340000,4.98,24,2023-05-05,정상
5228,6495,2830000,4.97,12,2023-08-23,정상
5229,3579,830000,5.77,24,2024-02-25,연체
5230,1540,16850000,4.96,36,2024-01-13,정상
5231,7272,5310000,5.45,24,2024-10-10,정상
5232,3261,51950000,4.32,60,2024-04-04,정상
5233,5103,1280000,5.46,12,2023-08-31,정상
5234,6577,2160000,5.47,6,2024-12-07,정상
5235,4377,730000,4.79,12,2023-11-26,정상
5236,725,38520000,5.01,36,2023-11-20,정상
5237,9596,11350000,5.3,36,2023-03-11,정상
5238,5535,730000,5.78,6,2024-04-12,정상
5239,2382,46500000,5.27,36,2024-02-23,정상
5240,4631,6820000,5.35,24,2023-10-30,정상
5241,9201,108250000,6.36,60,2023-04-27,정상
5242,6615,30720000,4.81,36,2024-04-20,정상
5243,587,730000,5.36,24,2023-12-24,정상
5244,7311,730000,5.72,24,2024-05-12,완료
5245,817,5820000,5.01,12,2024-05-13,정상
5246,8688,730000,5.41,12,2024-08-16,정상
5247,6000,10230000,5.61,36,2024-09-01,연체
5248,5473,7280000,5.12,36,2023-08-01,정상
5249,5663,1170000,4.94,6,2023-09-13,정상
5250,133,1760000,5.47,12,2024-04-09,정상
5251,9889,2900000,5.35,24,2023-09-08,정상
5252,504,108250000,5.42,60,2023-01-28,정상
5253,5609,71370000,5.54,24,2023-04-12,정상
5254,848,3310000,4.75,12,2024-04-17,정상
5255,385,5870000,5.29,12,2024-02-22,연체
5256,1525,730000,5.08,6,2023-06-01,정상
5257,3719,4490000,4.97,36,2024-03-17,연체
5258,2467,1680000,4.87,6,2024-04-01,완료
5259,5736,3870000,4.96,36,2024-10-02,정상
5260,5131,730000,6.41,24,2024-09-23,정상
5261,8851,1580000,4.17,12,2023-01-11,정상
5262,1837,2050000,5.59,24,2023-09-27,정상
5263,8253,5870000,5.1,24,2023-11-18,정상
5264,4253,810000,4.97,12,2024-01-31,정상
5265,707,1220000,5.27,12,2024-09-06,정상
5266,1234,28520000,4.51,36,2024-09-18,정상
5267,7297,61290000,4.86,60,2023-06-09,정상
5268,4170,730000,5.06,6,2023-07-23,연체
5269,6264,730000,6.1,24,2023-01-14,정상
5270,3406,730000,6.03,24,2024-04-27,정상
5271,8785,10560000,4.76,12,2024-02-20,완료
5272,1668,7260000,4.2,12,2023-02-13,정상
5273,4991,10610000,5.08,36,2023-01-01,완료
5274,6785,730000,6.04,24,2024-12-06,연체
5275,9488,3570000,4.5,12,2023-01-08,정상
5276,6885,1900000,4.8,6,2023-03-24,완료
5277,5581,4660000,5.61,12,2024-07-07,정상
5278,4214,730000,5.15,12,2023-11-24,연체
5279,1605,4080000,5.43,12,2024-12-18,정상
5280,685,730000,5.51,6,2024-07-18,연체
5281,3679,730000,5.48,24,2023-10-18,정상
5282,4606,42220000,4.79,24,2023-12-18,정상
5283,1539,730000,5.94,24,2023-11-05,연체
5284,2967,1070000,6.19,12,2023-07-11,정상
5285,5749,56910000,5.42,24,2023-02-08,정상
5286,2435,730000,4.77,12,2023-09-09,연체
5287,2232,2320000,5.11,24,2024-12-03,정상
5288,3103,5660000,5.25,12,2023-01-01,정상
5289,2712,730000,4.97,6,2024-05-06,완료
5290,2152,2120000,5.62,24,2024-03-06,정상
5291,5862,13680000,5.37,24,2024-12-30,정상
5292,5249,1360000,4.26,12,2023-08-09,정상
5293,4412,850000,5.79,12,2024-02-05,연체
5294,3099,2110000,5.04,6,2024-08-14,정상
5295,8366,730000,6.06,6,2024-11-22,연체
5296,4500,6900000,4.36,24,2024-11-04,정상
5297,2110,730000,5.72,24,2023-03-12,연체
5298,1486,4980000,5.62,24,2024-04-17,정상
5299,1575,2930000,5.25,24,2023-05-31,정상
5300,5434,32750000,4.5,60,2024-06-23,정상
5301,7280,1190000,4.73,6,2023-06-10,정상
5302,1950,730000,6.91,6,2024-06-05,연체
5303,3125,1690000,5.48,6,2023-08-21,완료
5304,486,3370000,4.99,12,2023-01-26,정상
5305,884,730000,6.25,6,2023-10-09,연체
5306,6414,108250000,5.28,60,2024-07-21,정상
5307,3990,3660000,5.25,12,2023-10-01,정상
5308,8175,16110000,4.46,12,2024-05-29,정상
5309,2932,2570000,5.6,24,2023-07-23,정상
5310,61,29840000,4.75,36,2023-06-03,정상
5311,2594,730000,6.19,12,2023-12-17,연체
5312,5809,730000,6.43,12,2024-10-13,연체
5313,7227,2890000,4.74,12,2023-07-08,정상
5314,6120,13430000,5.23,36,2023-10-19,정상
5315,2561,13540000,5.02,12,2023-03-11,정상
5316,1869,730000,5.97,24,2023-10-28,연체
5317,5083,2610000,5.49,24,2023-12-28,완료
5318,8746,7900000,4.73,36,2023-04-20,완료
5319,7062,2090000,5.18,24,2023-11-18,연체
5320,6513,730000,6.32,12,2024-07-19,정상
5321,8117,1900000,4.49,6,2023-09-18,완료
5322,4913,730000,6.12,24,2024-02-12,연체
5323,2202,730000,6.27,24,2024-03-29,연체
5324,9346,9250000,5.27,36,2023-09-11,완료
5325,7127,20860000,3.96,36,2023-10-08,완료
5326,3336,1800000,5.52,24,2023-08-06,연체
5327,3428,12830000,4.8,36,2023-11-18,정상
5328,7661,2840000,4.91,6,2024-12-31,정상
5329,7557,48810000,4.8,60,2023-08-17,정상
5330,2199,730000,6.38,24,2023-06-08,연체
5331,5412,4030000,4.92,12,2023-12-11,정상
5332,3139,2050000,5.24,6,2024-09-25,완료
5333,5885,1880000,5.66,6,2024-11-20,연체
5334,9069,730000,5.28,6,2024-01-11,정상
5335,8356,1470000,5.54,6,2024-04-28,정상
5336,5077,7160000,5.02,24,2023-09-30,정상
5337,1395,730000,5.01,12,2023-04-14,정상
5338,7287,9210000,4.68,36,2024-03-15,정상
5339,6695,730000,5.95,12,2023-06-22,정상
5340,6332,900000,5.68,24,2024-04-02,정상
5341,5761,730000,6.13,12,2024-03-05,정상
5342,3853,730000,5.38,24,2023-04-17,연체
5343,5700,730000,5.89,12,2023-03-09,정상
5344,272,730000,6.1,6,2023-05-22,연체
5345,2276,9090000,4.74,12,2024-12-04,정상
5346,4763,730000,5.21,6,2023-07-27,완료
5347,4907,2190000,5.55,12,2024-05-27,완료
5348,3710,108250000,5.47,36,2023-11-22,정상
5349,6338,1090000,4.65,6,2023-09-20,정상
5350,7952,86550000,4.89,60,2023-08-25,완료
5351,9286,3190000,5.32,12,2024-01-28,정상
5352,8491,108250000,5.89,36,2023-04-22,정상
5353,1276,930000,4.9,6,2023-10-16,정상
5354,2152,2520000,5.42,24,2024-04-14,연체
5355,2465,730000,5.33,24,2024-04-04,완료
5356,7699,3970000,5.68,12,2024-12-17,연체
5357,2689,47400000,4.93,24,2024-11-10,정상
5358,2715,1140000,5.15,6,2024-09-01,연체
5359,5949,730000,5.0,24,2024-08-16,정상
5360,8422,1610000,5.45,12,2023-02-06,정상
5361,2924,1320000,5.35,6,2024-03-26,완료
5362,2662,730000,5.01,24,2024-02-17,연체
5363,9402,103710000,6.27,24,2024-08-11,정상
5364,8370,7020000,5.37,12,2023-03-24,정상
5365,126,5810000,4.49,36,2023-05-30,완료
5366,9638,3620000,4.65,36,2024-03-22,정상
5367,3433,4500000,4.79,24,2024-09-09,정상
5368,793,740000,6.31,24,2023-05-01,연체
5369,1495,860000,4.95,24,2023-01-20,정상
5370,6725,108250000,6.65,24,2023-01-22,정상
5371,8921,1010000,5.02,6,2024-08-03,완료
5372,2716,730000,6.27,6,2023-04-05,연체
5373,5170,3580000,4.45,12,2024-07-07,완료
5374,8057,31270000,4.23,36,2023-08-09,완료
5375,7178,1630000,5.39,6,2023-02-14,연체
5376,1451,13080000,4.93,12,2024-11-30,정상
5377,1687,16130000,5.0,36,2024-02-03,정상
5378,151,94320000,5.15,60,2023-12-28,정상
5379,4226,52090000,5.04,36,2024-03-29,완료
5380,8595,43820000,5.12,60,2024-04-01,정상
5381,5150,4070000,4.94,24,2023-06-02,정상
5382,6775,730000,6.03,6,2024-03-08,정상
5383,1888,10680000,4.89,36,2024-06-01,정상
5384,9750,6660000,4.93,12,2023-04-15,정상
5385,1740,1210000,5.4,6,2023-09-23,연체
5386,4191,3400000,4.76,24,2024-09-26,완료
5387,2803,16630000,5.09,12,2024-12-26,정상
5388,7312,2910000,5.53,24,2023-04-28,정상
5389,7360,13750000,5.38,24,2024-04-16,정상
5390,9995,2340000,5.71,12,2024-02-07,정상
5391,8693,730000,5.78,12,2024-10-28,연체
5392,7405,4380000,4.55,12,2023-07-11,정상
5393,4906,4930000,4.99,24,2023-11-02,정상
5394,3924,1860000,5.8,24,2023-06-24,완료
5395,9788,3890000,4.95,36,2024-12-05,정상
5396,3391,840000,6.1,6,2023-04-08,정상
5397,4421,4670000,4.77,36,2024-08-05,정상
5398,5666,1800000,5.21,24,2024-08-07,정상
5399,9330,2760000,5.0,24,2023-12-12,정상
5400,3151,30880000,5.6,36,2024-07-29,정상
5401,4309,730000,5.88,24,2023-03-03,완료
5402,9064,107780000,5.79,60,2024-01-10,정상
5403,7734,38350000,4.91,36,2023-07-21,정상
5404,4735,760000,4.55,12,2023-06-05,완료
5405,1626,2830000,4.67,24,2023-08-07,정상
5406,6646,7570000,4.79,24,2024-11-25,정상
5407,3452,17600000,5.32,12,2023-10-28,정상
5408,5486,21890000,5.94,60,2024-03-14,연체
5409,2091,1510000,4.72,6,2023-05-31,정상
5410,9292,24130000,4.48,60,2023-04-18,완료
5411,2752,108250000,5.46,24,2023-09-03,완료
5412,558,34350000,4.86,36,2023-08-02,정상
5413,6770,4530000,5.48,36,2023-03-06,정상
5414,4741,14540000,4.61,36,2024-04-12,완료
5415,4044,3190000,4.9,36,2024-07-19,정상
5416,9419,1360000,5.37,12,2023-08-30,정상
5417,1934,730000,6.24,6,2023-04-29,정상
5418,6889,2080000,4.96,12,2024-04-05,정상
5419,9839,2270000,5.4,6,2024-04-11,정상
5420,2316,5420000,4.73,36,2023-10-11,정상
5421,2225,2090000,4.97,12,2023-06-29,완료
5422,6546,1130000,4.98,6,2023-05-17,완료
5423,924,3160000,5.56,12,2023-06-06,완료
5424,2909,2580000,4.89,24,2023-06-21,정상
5425,3350,1010000,4.79,12,2023-01-20,완료
5426,1393,3000000,5.01,12,2024-12-09,정상
5427,6263,2940000,4.56,6,2023-03-18,연체
5428,3166,730000,5.84,12,2024-03-13,완료
5429,735,730000,5.85,12,2024-11-15,연체
5430,1168,108250000,5.83,24,2023-02-07,정상
5431,1838,730000,6.05,12,2024-05-16,정상
5432,2743,108250000,5.64,60,2023-10-05,정상
5433,237,1310000,4.88,24,2024-10-15,정상
5434,383,730000,4.65,6,2023-06-07,완료
5435,9973,2820000,5.16,12,2023-09-01,연체
5436,421,13330000,5.21,12,2024-04-23,정상
5437,6864,14470000,4.63,12,2024-08-20,정상
5438,9117,2500000,4.93,24,2023-04-16,정상
5439,5361,730000,5.73,24,2024-05-15,연체
5440,4539,89880000,5.49,60,2023-02-03,정상
5441,1610,2850000,5.51,24,2024-06-17,정상
5442,2716,790000,5.26,24,2023-11-12,연체
5443,9487,1010000,5.63,12,2024-07-22,정상
5444,554,3100000,5.0,36,2024-04-13,정상
5445,8300,730000,5.62,6,2024-03-22,연체
5446,576,4470000,4.91,12,2024-08-07,정상
5447,9718,15740000,5.18,24,2024-11-16,정상
5448,8782,23990000,4.99,24,2023-08-08,정상
5449,7899,730000,6.22,6,2024-02-01,정상
5450,7143,730000,5.22,12,2024-05-18,정상
5451,6406,730000,6.51,12,2023-09-18,정상
5452,5265,1620000,5.07,24,2024-03-06,정상
5453,2861,4010000,4.5,36,2023-06-09,정상
5454,2832,10860000,4.85,36,2024-06-04,정상
5455,2077,4110000,5.53,36,2024-07-06,정상
5456,5602,11540000,4.64,24,2023-02-24,정상
5457,8227,19620000,4.99,36,2023-03-07,정상
5458,6816,770000,5.2,24,2023-01-05,정상
5459,5960,9200000,5.43,36,2023-11-24,정상
5460,5142,730000,6.34,6,2024-12-22,정상
5461,3357,1230000,4.83,12,2023-04-30,정상
5462,1479,2790000,4.93,6,2023-01-28,정상
5463,3802,36680000,4.89,60,2023-11-13,정상
5464,7680,17120000,4.59,24,2023-04-18,정상
5465,3138,730000,5.17,12,2023-06-06,정상
5466,1660,1400000,5.63,6,2024-10-21,정상
5467,328,5400000,4.74,24,2024-05-31,정상
5468,4869,730000,5.75,24,2024-07-25,완료
5469,3597,730000,6.03,12,2024-05-25,연체
5470,9785,108250000,5.62,60,2024-12-24,정상
5471,9283,810000,5.09,24,2024-03-20,연체
5472,9511,730000,5.95,6,2024-06-10,연체
5473,980,730000,5.8,6,2024-11-07,정상
5474,7018,41940000,4.78,24,2024-12-07,정상
5475,7109,3570000,5.58,36,2024-12-26,정상
5476,6572,7620000,5.67,12,2023-03-27,정상
5477,6978,730000,5.35,6,2023-08-07,정상
5478,5920,6760000,4.78,24,2023-02-11,정상
5479,3622,16660000,4.59,24,2023-04-20,정상
5480,6760,6600000,5.28,24,2023-05-03,정상
5481,2010,1780000,5.15,6,2024-06-25,정상
5482,5768,1300000,5.38,6,2023-08-17,정상
5483,3581,730000,6.53,6,2023-11-04,연체
5484,1415,108250000,5.2,36,2024-09-07,정상
5485,6865,19780000,4.89,36,2024-10-28,완료
5486,854,2050000,4.75,24,2023-03-05,정상
5487,6730,730000,5.88,12,2023-08-26,완료
5488,653,8440000,4.64,36,2023-11-07,정상
5489,1885,1810000,6.08,6,2023-06-12,정상
5490,9002,4440000,4.48,36,2023-10-19,정상
5491,8735,1350000,5.37,6,2024-01-04,정상
5492,3357,770000,4.9,12,2023-02-08,완료
5493,9254,3540000,4.93,24,2023-02-09,정상
5494,8214,3570000,4.51,24,2023-02-18,연체
5495,9189,730000,6.31,24,2024-10-23,연체
5496,2751,1050000,5.35,24,2024-02-04,연체
5497,9714,1780000,5.3,12,2024-08-20,연체
5498,4896,750000,5.91,6,2024-02-11,연체
5499,6508,850000,4.83,12,2024-02-26,정상
5500,1657,730000,6.37,24,2023-03-25,정상
5501,1532,1570000,5.58,12,2023-04-26,정상
5502,3245,3240000,4.59,36,2024-05-17,연체
5503,2473,6010000,5.39,24,2023-02-04,완료
5504,4821,3700000,5.65,12,2024-09-22,정상
5505,2677,3560000,5.08,36,2024-06-02,정상
5506,9829,2450000,5.37,12,2023-03-07,정상
5507,7541,5410000,5.34,36,2024-06-29,정상
5508,3007,910000,5.61,12,2023-07-23,연체
5509,5463,2060000,4.83,12,2023-06-15,정상
5510,2042,1420000,4.94,24,2023-12-26,연체
5511,6611,9620000,4.86,24,2023-01-12,정상
5512,2050,2220000,5.13,6,2023-07-17,완료
5513,8644,1440000,5.55,12,2024-03-15,정상
5514,7420,1170000,5.26,6,2023-03-30,완료
5515,4735,810000,5.73,24,2024-01-14,정상
5516,4865,730000,5.52,6,2023-02-03,연체
5517,3829,840000,6.5,6,2023-11-03,연체
5518,6671,730000,6.24,24,2024-11-26,연체
5519,8609,4530000,5.51,24,2023-01-13,연체
5520,7759,28370000,4.87,60,2024-11-10,정상
5521,1977,2640000,4.16,24,2023-10-13,완료
5522,897,730000,6.18,12,2023-07-22,연체
5523,5474,1010000,5.79,12,2023-04-14,정상
5524,6678,730000,5.77,12,2023-05-22,정상
5525,343,2580000,4.88,6,2023-05-04,정상
5526,5868,38700000,5.29,36,2024-11-10,정상
5527,2135,730000,6.13,12,2024-05-09,연체
5528,6899,750000,5.6,12,2023-02-03,연체
5529,6425,108250000,5.58,36,2024-03-11,정상
5530,5562,730000,5.65,6,2023-02-03,연체
5531,474,4310000,4.49,12,2023-02-04,정상
5532,9314,730000,5.52,6,2024-04-09,연체
5533,8621,1500000,4.96,24,2023-09-17,정상
5534,7908,730000,5.75,24,2024-07-16,정상
5535,9292,30960000,5.12,60,2024-04-07,정상
5536,3079,58810000,4.92,36,2023-02-19,정상
5537,2473,3570000,5.17,12,2023-02-07,연체
5538,1261,730000,5.82,6,2023-12-05,연체
5539,7447,730000,5.8,6,2023-07-28,연체
5540,1630,730000,5.28,24,2023-12-17,연체
5541,6502,730000,6.05,6,2024-10-11,정상
5542,5397,3380000,5.89,24,2023-05-16,정상
5543,589,6540000,4.94,36,2023-04-19,정상
5544,6412,3830000,5.45,12,2024-01-04,정상
5545,3687,730000,5.88,12,2023-09-28,연체
5546,4013,730000,6.4,6,2024-01-29,연체
5547,2284,730000,6.14,12,2023-08-21,정상
5548,1931,730000,6.48,24,2023-02-08,연체
5549,8581,8530000,4.8,36,2023-08-16,정상
5550,401,730000,4.96,24,2023-04-29,정상
5551,8253,940000,5.34,24,2024-02-11,완료
5552,7840,9120000,4.86,36,2023-08-02,정상
5553,3319,1560000,5.1,24,2024-02-15,정상
5554,6926,38930000,4.68,24,2024-03-20,정상
5555,269,730000,5.18,12,2023-11-01,정상
5556,8846,1750000,4.57,12,2024-12-02,정상
5557,30,2890000,5.34,6,2023-03-24,정상
5558,7679,3670000,5.79,24,2024-10-30,정상
5559,5969,730000,5.13,12,2024-01-07,정상
5560,6925,730000,5.76,12,2023-07-14,연체
5561,4649,730000,6.27,24,2024-01-22,연체
5562,5213,730000,4.98,12,2024-04-02,정상
5563,1897,730000,6.32,24,2024-03-01,연체
5564,4057,730000,5.24,24,2023-06-17,정상
5565,505,57890000,5.4,24,2024-10-27,완료
5566,738,1400000,5.83,6,2023-05-23,정상
5567,8087,5570000,5.06,12,2023-09-17,정상
5568,1428,108250000,4.79,24,2024-04-30,정상
5569,53,1460000,5.62,6,2023-09-21,연체
5570,1483,1480000,5.19,24,2024-06-26,정상
5571,4851,7860000,4.85,12,2023-06-05,정상
5572,7664,990000,5.09,12,2023-08-18,정상
5573,1858,16710000,4.85,24,2023-07-04,정상
5574,6514,20480000,4.8,36,2024-01-09,완료
5575,6284,36170000,4.51,36,2024-02-13,정상
5576,754,43280000,4.59,36,2024-02-14,정상
5577,3642,730000,5.46,12,2023-06-09,연체
5578,1934,730000,5.14,24,2023-06-10,연체
5579,6883,1030000,6.02,24,2023-12-23,연체
5580,6675,1380000,5.78,24,2024-03-31,정상
5581,7498,1790000,5.29,6,2024-12-11,정상
5582,3711,730000,6.04,6,2023-08-20,완료
5583,8920,760000,5.99,12,2023-08-22,정상
5584,8522,6740000,5.07,12,2024-11-06,정상
5585,3964,730000,5.91,12,2024-04-28,정상
5586,4623,108250000,4.35,36,2024-02-01,정상
5587,9394,2470000,5.14,12,2024-01-17,연체
5588,1863,39040000,5.43,36,2024-11-01,정상
5589,787,1190000,5.14,24,2023-07-13,완료
5590,4069,780000,4.56,12,2024-09-26,정상
5591,806,11130000,4.88,12,2023-01-07,정상
5592,2302,5590000,4.61,12,2023-08-10,정상
5593,1491,1350000,4.86,24,2023-11-12,정상
5594,3368,2510000,5.14,24,2024-12-22,연체
5595,5740,730000,5.15,12,2023-02-25,연체
5596,9257,2080000,4.49,12,2023-01-03,정상
5597,7311,730000,5.89,6,2023-05-03,연체
5598,7257,11490000,4.25,12,2024-06-20,정상
5599,4086,3100000,5.22,36,2023-03-29,정상
5600,4754,2470000,4.19,6,2024-03-17,정상
5601,4390,1060000,5.15,24,2023-01-17,연체
5602,497,108250000,5.35,36,2024-08-13,정상
5603,9811,2860000,4.74,24,2023-10-05,정상
5604,8158,26230000,4.58,36,2023-12-22,정상
5605,1834,990000,4.7,12,2023-11-21,정상
5606,8414,1960000,5.77,24,2024-04-13,정상
5607,2679,3770000,5.5,12,2024-07-22,정상
5608,8682,3390000,4.67,24,2023-03-19,정상
5609,7459,2000000,4.85,24,2024-01-12,정상
5610,6711,4830000,5.01,24,2023-10-13,정상
5611,809,730000,5.86,24,2024-03-19,정상
5612,721,10300000,3.27,24,2023-08-08,완료
5613,8244,730000,5.08,24,2023-10-05,정상
5614,3944,9880000,4.67,36,2024-11-21,정상
5615,3756,730000,6.26,12,2024-10-06,정상
5616,7184,2140000,5.1,12,2024-08-17,완료
5617,8627,960000,5.3,12,2024-09-26,연체
5618,6565,730000,5.57,24,2023-08-25,연체
5619,2502,6850000,5.24,36,2024-09-14,정상
5620,8348,730000,5.54,24,2024-11-07,정상
5621,7846,6390000,5.28,36,2024-12-02,연체
5622,591,45850000,4.94,24,2023-09-13,정상
5623,3258,1780000,4.89,12,2024-01-11,정상
5624,2827,11220000,5.34,36,2024-04-20,정상
5625,2280,5180000,5.15,36,2023-10-01,정상
5626,7104,2820000,4.72,12,2023-03-08,정상
5627,2238,42490000,5.0,36,2024-10-12,정상
5628,2411,730000,5.83,6,2023-11-12,완료
5629,8571,5110000,5.07,24,2023-02-13,정상
5630,9052,1090000,5.28,6,2023-08-07,연체
5631,3368,3210000,4.88,24,2024-11-26,연체
5632,5884,1460000,5.48,12,2023-08-01,정상
5633,9165,730000,5.49,24,2024-03-01,정상
5634,5473,4400000,4.83,36,2024-10-08,정상
5635,3434,730000,5.8,6,2024-03-10,정상
5636,1524,730000,5.53,12,2024-04-22,정상
5637,8708,6440000,5.08,36,2023-11-08,연체
5638,6997,3400000,5.17,24,2024-10-07,정상
5639,3903,33520000,5.37,60,2023-10-08,정상
5640,3685,1080000,5.49,24,2024-12-05,연체
5641,8486,730000,5.77,24,2024-09-05,연체
5642,859,1330000,5.36,12,2024-08-18,완료
5643,3230,730000,5.43,24,2024-05-11,연체
5644,1073,730000,5.79,24,2023-06-07,정상
5645,7670,8170000,5.45,24,2024-05-16,정상
5646,1774,730000,5.91,24,2023-03-05,연체
5647,8686,1090000,4.99,6,2024-08-01,정상
5648,963,730000,5.69,24,2024-02-17,정상
5649,7819,108250000,5.91,60,2023-03-16,정상
5650,9184,800000,5.94,6,2024-12-09,정상
5651,4128,1440000,6.15,6,2024-10-26,정상
5652,2028,17610000,4.81,36,2023-09-05,정상
5653,7314,740000,5.18,24,2023-05-15,정상
5654,325,730000,6.0,6,2023-02-13,정상
5655,780,33120000,5.84,36,2023-11-13,정상
5656,2564,1070000,4.61,24,2024-02-25,정상
5657,3885,2140000,4.58,12,2023-11-27,정상
5658,8172,1750000,5.59,24,2023-01-24,완료
5659,6361,18920000,4.73,24,2024-08-19,완료
5660,2689,20300000,4.21,60,2024-11-21,정상
5661,8585,13340000,4.67,12,2024-05-20,정상
5662,6237,990000,5.43,6,2023-12-21,정상
5663,356,4250000,5.21,12,2023-03-11,정상
5664,4509,730000,5.56,12,2024-11-20,정상
5665,877,22730000,4.82,24,2024-05-22,정상
5666,2366,7240000,4.64,36,2023-08-05,정상
5667,3991,19660000,4.73,12,2024-10-27,정상
5668,3835,2520000,4.78,6,2024-12-08,연체
5669,7886,730000,5.0,24,2023-02-12,정상
5670,9843,730000,5.25,6,2023-11-02,정상
5671,6762,730000,6.0,12,2023-06-20,정상
5672,7692,1820000,4.58,6,2024-02-15,정상
5673,1110,6320000,4.25,12,2024-09-13,정상
5674,5670,10010000,5.12,12,2024-06-30,정상
5675,1864,3650000,5.31,36,2023-05-16,정상
5676,4890,730000,4.73,24,2024-11-03,정상
5677,9916,2500000,5.06,24,2023-09-25,정상
5678,1806,730000,5.58,6,2023-08-31,연체
5679,6766,730000,5.35,6,2023-03-03,연체
5680,2039,1170000,5.53,6,2024-10-31,연체
5681,46,1920000,5.79,12,2024-11-22,정상
5682,3901,3340000,4.73,12,2024-06-12,정상
5683,4871,5140000,5.17,36,2024-01-21,정상
5684,2384,7950000,5.58,12,2023-07-22,정상
5685,1452,1280000,5.56,24,2023-07-06,정상
5686,5229,1070000,5.04,12,2024-11-24,완료
5687,8597,7530000,5.03,12,2023-11-22,정상
5688,9656,1160000,6.36,12,2024-01-04,정상
5689,6096,6620000,5.69,24,2023-07-22,연체
5690,7172,6690000,4.69,24,2023-01-10,정상
5691,7092,730000,6.26,12,2023-10-15,연체
5692,7523,3730000,5.4,36,2024-10-23,완료
5693,9954,18410000,5.17,36,2024-07-28,정상
5694,1071,25460000,5.1,36,2023-06-09,정상
5695,5318,7630000,5.02,36,2023-10-08,정상
5696,1683,9200000,5.33,12,2023-05-26,완료
5697,5203,43030000,4.99,24,2024-12-28,정상
5698,2321,730000,5.74,24,2024-01-30,연체
5699,1003,6970000,5.14,12,2024-07-12,정상
5700,6302,2280000,4.35,24,2023-10-09,정상
5701,5066,1180000,5.78,12,2023-06-10,정상
5702,3703,1260000,5.37,12,2023-09-09,연체
5703,319,2880000,5.63,12,2024-10-08,연체
5704,3111,730000,5.15,6,2023-05-16,연체
5705,1177,1090000,3.87,6,2024-10-15,완료
5706,8343,13620000,4.58,36,2024-06-13,정상
5707,500,8860000,4.58,24,2024-06-08,정상
5708,2522,1320000,5.32,6,2023-08-19,정상
5709,9959,3590000,5.56,36,2023-03-04,정상
5710,3580,730000,5.74,12,2024-01-19,정상
5711,6541,2270000,5.41,6,2023-05-24,정상
5712,5292,4280000,5.2,36,2023-08-11,정상
5713,4529,3290000,4.71,12,2023-11-22,정상
5714,9156,2460000,4.99,12,2024-10-25,정상
5715,1848,108250000,5.2,36,2024-11-19,정상
5716,465,1680000,5.65,6,2023-12-28,정상
5717,5091,5010000,5.23,24,2024-01-22,정상
5718,6836,1550000,5.4,6,2023-04-14,정상
5719,584,107340000,5.27,36,2024-12-27,정상
5720,8544,4270000,4.59,12,2023-02-23,정상
5721,7753,2680000,5.56,12,2024-08-16,정상
5722,1592,730000,6.08,24,2024-07-04,연체
5723,7369,730000,5.73,12,2024-01-02,정상
5724,9625,3150000,5.09,12,2023-09-20,정상
5725,1546,2510000,5.44,6,2023-08-23,정상
5726,8818,730000,5.56,12,2024-01-31,연체
5727,9105,1650000,4.59,24,2023-04-30,정상
5728,6733,2240000,4.27,12,2023-05-12,정상
5729,427,27890000,4.39,36,2023-05-17,정상
5730,4186,910000,4.8,12,2023-07-10,정상
5731,4311,730000,5.36,24,2023-10-03,정상
5732,5773,730000,5.58,24,2024-11-14,연체
5733,1048,36290000,5.4,60,2023-03-06,완료
5734,7930,1610000,5.33,12,2024-07-23,완료
5735,5686,730000,6.12,24,2023-12-12,정상
5736,3364,1760000,5.44,24,2023-11-02,정상
5737,7377,730000,5.8,12,2024-03-01,연체
5738,2351,27110000,4.84,60,2023-11-03,정상
5739,89,9200000,4.49,36,2024-09-09,정상
5740,5425,730000,5.82,12,2023-01-12,정상
5741,5206,13870000,3.65,24,2024-01-26,정상
5742,9339,22350000,5.44,24,2024-10-24,정상
5743,6841,730000,5.83,6,2023-03-29,연체
5744,1137,730000,5.96,12,2024-02-12,정상
5745,1024,40310000,5.23,36,2023-02-27,정상
5746,4511,730000,6.47,12,2024-01-12,연체
5747,7988,3300000,5.68,24,2023-03-22,정상
5748,781,1770000,5.59,12,2023-10-21,정상
5749,2221,1250000,4.93,12,2023-02-02,정상
5750,1541,1210000,5.34,12,2023-09-05,연체
5751,714,4260000,4.46,12,2023-08-22,정상
5752,3157,730000,5.81,6,2024-10-11,연체
5753,6354,38470000,5.4,24,2024-01-16,완료
5754,2042,1090000,5.16,6,2024-09-04,정상
5755,3700,19580000,4.63,24,2023-03-19,정상
5756,9659,1830000,4.3,24,2024-01-28,정상
5757,5019,24930000,4.93,60,2023-05-15,정상
5758,8835,2060000,5.21,6,2023-08-05,정상
5759,8079,8650000,5.16,12,2023-11-06,정상
5760,3829,980000,5.56,12,2024-07-22,정상
5761,739,1550000,4.55,12,2023-12-02,정상
5762,7267,4940000,5.75,24,2024-02-17,정상
5763,3222,4930000,5.4,36,2023-03-28,완료
5764,3577,2570000,4.73,24,2024-08-04,연체
5765,9414,13680000,5.3,36,2023-02-20,정상
5766,9586,1460000,4.43,12,2023-05-24,연체
5767,8893,730000,5.41,24,2024-02-04,정상
5768,8126,1460000,6.12,24,2023-02-25,정상
5769,7912,780000,5.65,12,2024-01-14,완료
5770,6578,6440000,5.2,36,2023-03-03,완료
5771,5528,1950000,4.95,24,2024-08-01,정상
5772,9901,1390000,5.46,12,2023-11-03,정상
5773,3665,14540000,5.05,36,2024-12-16,정상
5774,5011,3150000,4.83,36,2023-08-28,정상
5775,5825,1100000,4.85,12,2023-10-22,정상
5776,8334,900000,5.91,6,2024-11-17,정상
5777,2160,44860000,5.8,60,2024-05-08,정상
5778,4839,8930000,4.17,24,2024-06-16,정상
5779,6146,2780000,5.66,24,2023-12-05,정상
5780,9370,14630000,5.11,12,2024-05-17,정상
5781,4964,730000,5.49,24,2024-01-12,연체
5782,1264,6900000,4.49,36,2023-05-10,정상
5783,6636,3770000,4.85,24,2024-07-14,정상
5784,2248,1630000,5.06,6,2024-03-05,완료
5785,7569,2410000,5.01,12,2023-10-06,완료
5786,9580,730000,5.18,12,2023-09-12,정상
5787,8277,108250000,6.25,36,2024-02-08,정상
5788,5284,1120000,5.53,12,2023-11-27,정상
5789,1072,24540000,5.73,36,2024-08-18,정상
5790,175,18360000,4.55,12,2023-02-01,정상
5791,2452,2030000,4.87,12,2024-06-14,정상
5792,3229,36850000,4.71,36,2024-10-17,정상
5793,5824,750000,5.91,6,2023-07-07,정상
5794,1571,9910000,5.26,36,2024-11-04,정상
5795,9484,1220000,4.86,6,2023-12-24,완료
5796,9742,4450000,5.44,12,2024-08-19,정상
5797,7976,14280000,4.43,12,2023-08-18,정상
5798,9448,3780000,4.87,12,2024-01-25,정상
5799,2088,5610000,5.28,12,2023-05-21,정상
5800,9319,7030000,4.87,12,2023-07-15,완료
5801,1592,730000,5.47,6,2023-08-03,연체
5802,6725,108250000,5.98,24,2024-05-25,정상
5803,8233,81430000,5.84,36,2023-10-30,정상
5804,5514,7890000,5.4,36,2024-12-27,정상
5805,5736,4190000,6.17,12,2023-09-01,정상
5806,5456,3090000,5.18,24,2023-06-27,정상
5807,8976,730000,5.64,12,2024-03-15,정상
5808,2444,1060000,5.91,24,2023-03-17,연체
5809,1743,730000,5.52,6,2024-08-14,연체
5810,5968,2920000,4.87,12,2024-03-04,정상
5811,126,6720000,4.0,24,2023-07-31,정상
5812,7730,5290000,5.23,12,2024-03-12,완료
5813,989,9340000,4.58,12,2024-09-21,정상
5814,9379,730000,5.04,24,2024-03-22,연체
5815,3733,1180000,5.14,12,2023-03-10,정상
5816,4947,730000,6.03,24,2023-07-01,연체
5817,918,1930000,5.33,24,2024-06-04,정상
5818,9179,2690000,4.95,6,2024-04-27,연체
5819,9824,1010000,5.56,6,2024-03-08,완료
5820,5514,11660000,4.37,36,2024-11-16,정상
5821,1045,47790000,4.88,60,2023-11-12,정상
5822,3220,6320000,4.44,24,2023-09-18,연체
5823,5309,780000,5.42,24,2023-08-16,연체
5824,9943,730000,5.89,6,2024-05-26,연체
5825,7736,6090000,4.93,12,2023-08-19,정상
5826,9515,9370000,5.13,24,2024-05-01,정상
5827,4402,730000,6.39,12,2023-07-24,정상
5828,3421,34240000,5.34,60,2024-03-20,정상
5829,8094,910000,5.64,24,2024-08-18,정상
5830,9697,780000,5.93,12,2024-01-07,연체
5831,3429,98780000,6.18,24,2023-06-09,정상
5832,4123,8610000,5.14,12,2024-07-25,완료
5833,7214,990000,5.94,6,2023-07-20,정상
5834,373,1560000,5.21,12,2024-03-13,완료
5835,405,730000,6.11,24,2024-05-13,정상
5836,1855,1940000,6.07,24,2023-09-13,연체
5837,5014,730000,5.75,12,2023-11-12,정상
5838,2112,3070000,5.48,36,2024-02-01,정상
5839,8543,730000,6.01,24,2024-06-28,연체
5840,2527,2000000,4.73,24,2023-09-04,정상
5841,1859,730000,5.47,24,2023-02-01,연체
5842,5512,1350000,5.19,24,2023-09-10,정상
5843,2994,3750000,5.37,24,2024-12-28,정상
5844,6078,21190000,5.21,24,2023-01-01,정상
5845,2750,7380000,5.05,36,2023-08-22,정상
5846,9996,65720000,5.56,36,2024-11-08,정상
5847,7686,730000,5.57,24,2023-09-24,연체
5848,4984,16560000,4.78,24,2024-07-24,완료
5849,998,12860000,4.11,24,2023-10-28,정상
5850,8997,8380000,4.69,24,2024-06-23,연체
5851,6414,108250000,5.24,24,2024-01-09,정상
5852,684,13710000,4.44,36,2024-04-17,정상
5853,2538,2220000,5.32,12,2024-04-20,정상
5854,8172,3170000,4.93,24,2023-08-18,정상
5855,9836,3010000,5.8,36,2024-07-25,정상
5856,8287,730000,5.36,24,2023-07-22,연체
5857,7035,730000,5.49,12,2023-09-07,정상
5858,4539,108250000,6.17,36,2023-12-31,정상
5859,7952,60410000,5.52,24,2023-10-28,정상
5860,3023,780000,5.71,12,2024-09-17,완료
5861,9896,1230000,5.67,12,2023-09-30,연체
5862,2593,3290000,5.06,12,2024-04-15,정상
5863,4353,730000,5.99,6,2023-05-13,연체
5864,4948,950000,5.29,6,2024-04-17,연체
5865,1700,108250000,5.44,36,2023-12-28,완료
5866,6271,850000,5.53,12,2023-01-04,연체
5867,6173,31230000,5.14,24,2024-09-21,정상
5868,290,46130000,5.14,24,2024-01-27,완료
5869,3894,1220000,5.04,6,2023-02-07,정상
5870,1966,45690000,4.86,24,2024-10-06,정상
5871,5238,6710000,4.83,24,2024-05-03,정상
5872,2287,3110000,5.57,36,2024-02-23,정상
5873,3961,1500000,5.01,24,2023-01-21,연체
5874,9449,2670000,5.14,6,2024-12-11,정상
5875,4299,41080000,4.62,36,2024-03-30,정상
5876,3520,66280000,5.37,60,2024-08-17,정상
5877,4950,6660000,4.74,24,2023-03-16,정상
5878,2192,4740000,4.64,12,2023-06-23,정상
5879,8296,106460000,5.38,36,2023-10-01,정상
5880,7055,730000,5.96,6,2024-02-13,정상
5881,2292,21320000,5.03,24,2023-08-09,정상
5882,102,860000,5.43,24,2023-01-13,정상
5883,1846,730000,6.45,6,2023-01-31,연체
5884,912,730000,5.21,24,2023-12-07,정상
5885,6580,2340000,5.15,6,2023-02-02,완료
5886,2741,730000,4.84,6,2023-05-29,완료
5887,4808,3860000,5.49,24,2024-05-21,정상
5888,1717,51210000,5.82,36,2023-09-25,정상
5889,8708,3010000,5.03,12,2023-08-14,정상
5890,1621,6540000,5.17,36,2023-07-25,정상
5891,1255,1070000,4.66,12,2024-04-03,정상
5892,5545,16430000,4.63,12,2023-09-28,정상
5893,4264,3330000,5.37,12,2024-10-10,정상
5894,5546,11050000,5.05,12,2024-01-09,정상
5895,5914,730000,6.28,24,2023-03-03,연체
5896,7035,730000,7.06,6,2023-08-08,완료
5897,4740,730000,6.29,12,2024-11-07,연체
5898,2435,730000,5.79,12,2023-09-30,연체
5899,4370,850000,5.62,24,2024-11-17,연체
5900,5508,730000,5.14,6,2024-10-23,정상
5901,6142,730000,4.87,24,2024-02-03,연체
5902,9698,3420000,5.48,12,2023-11-08,정상
5903,953,36700000,4.81,60,2023-08-11,정상
5904,2574,730000,5.63,12,2023-07-04,정상
5905,562,4650000,4.97,12,2024-08-23,완료
5906,1419,1500000,5.71,6,2024-08-17,연체
5907,3173,2740000,4.97,24,2024-03-02,정상
5908,696,66800000,5.93,36,2024-06-26,정상
5909,3999,3320000,5.3,24,2024-09-13,정상
5910,5161,840000,5.2,24,2024-03-25,정상
5911,8902,4090000,5.12,36,2023-04-27,정상
5912,8126,730000,4.87,12,2023-03-09,완료
5913,8818,1260000,6.26,12,2023-09-01,정상
5914,7367,4960000,5.41,36,2023-12-27,정상
5915,2171,730000,5.09,12,2024-10-18,연체
5916,8575,25290000,4.64,60,2023-08-17,정상
5917,5214,3310000,5.57,36,2023-11-06,정상
5918,3984,81710000,5.42,60,2023-01-06,완료
5919,4675,730000,5.98,12,2024-07-23,정상
5920,9722,39020000,5.37,60,2023-05-03,정상
5921,5954,730000,6.07,12,2023-06-23,연체
5922,1537,9470000,5.22,36,2023-08-04,정상
5923,4153,730000,6.11,6,2024-02-22,완료
5924,3800,6390000,4.1,36,2023-01-30,정상
5925,2592,2790000,5.51,12,2024-02-26,정상
5926,5308,1160000,4.85,6,2023-01-17,정상
5927,5193,2100000,4.96,6,2024-05-19,정상
5928,6869,1060000,5.36,24,2023-01-04,정상
5929,6317,3270000,4.47,36,2024-06-19,정상
5930,2355,730000,5.21,12,2023-12-06,정상
5931,8190,1470000,4.63,6,2024-12-17,정상
5932,1705,730000,5.96,24,2023-06-25,정상
5933,4685,30840000,4.83,36,2023-12-27,정상
5934,6095,1840000,5.7,6,2024-03-27,정상
5935,820,730000,6.16,12,2024-08-12,완료
5936,9128,730000,5.6,6,2024-09-15,정상
5937,3056,1350000,6.46,24,2024-10-07,완료
5938,1062,730000,5.44,24,2024-12-07,연체
5939,4203,1860000,5.33,12,2024-01-13,연체
5940,5323,1390000,4.77,24,2023-09-06,정상
5941,4685,21130000,5.37,36,2023-07-15,정상
5942,6991,3150000,5.22,36,2023-03-05,정상
5943,2764,31980000,5.66,24,2023-04-10,정상
5944,7247,2420000,5.24,24,2023-06-20,정상
5945,2050,1090000,5.01,12,2023-09-30,정상
5946,5178,1640000,5.4,12,2024-06-09,정상
5947,854,1140000,4.67,6,2023-06-25,연체
5948,269,730000,5.51,12,2024-03-02,정상
5949,7780,17810000,4.94,12,2024-04-16,완료
5950,920,4650000,4.55,24,2024-03-15,정상
5951,8503,10990000,4.15,12,2024-09-28,정상
5952,8589,1000000,5.87,12,2023-05-08,연체
5953,2103,1470000,5.32,12,2024-06-30,정상
5954,3137,15810000,5.36,12,2023-03-28,정상
5955,932,54680000,4.96,60,2024-09-02,완료
5956,6755,108250000,5.76,60,2024-08-15,완료
5957,3759,730000,5.86,6,2024-10-29,완료
5958,6865,17890000,4.64,36,2024-10-31,정상
5959,7485,4540000,5.31,36,2023-02-18,연체
5960,4914,1190000,4.78,6,2023-10-24,완료
5961,4887,1380000,5.29,6,2024-02-18,완료
5962,2578,1950000,5.36,12,2023-05-12,연체
5963,3219,21790000,5.08,36,2023-10-15,정상
5964,5754,730000,5.9,6,2024-03-15,연체
5965,1858,13380000,5.24,36,2023-03-24,정상
5966,9297,1110000,5.19,6,2023-03-19,정상
5967,5968,3380000,5.86,36,2024-11-09,정상
5968,2143,1290000,5.68,6,2023-07-05,연체
5969,5093,10540000,5.39,24,2024-05-28,정상
5970,2473,8540000,4.63,36,2024-07-13,정상
5971,869,1400000,4.71,6,2023-09-11,연체
5972,7235,730000,5.37,12,2024-06-26,연체
5973,4650,4090000,4.92,24,2024-02-02,정상
5974,6581,730000,6.17,6,2024-01-01,연체
5975,2220,1610000,5.6,12,2024-06-18,정상
5976,8804,108250000,6.0,24,2023-09-29,완료
5977,5123,730000,5.21,12,2024-07-15,연체
5978,6305,11250000,4.84,24,2023-09-03,정상
5979,6316,1800000,4.45,6,2024-02-18,정상
5980,6120,23500000,4.74,60,2024-12-27,정상
5981,6173,28970000,4.58,36,2023-09-05,정상
5982,5113,730000,5.99,6,2024-06-30,정상
5983,1927,740000,5.23,12,2023-07-22,완료
5984,2796,3030000,5.21,36,2024-08-04,완료
5985,2107,730000,5.76,24,2024-05-08,정상
5986,6289,1080000,5.79,6,2023-04-07,정상
5987,2346,9640000,5.16,24,2024-05-02,정상
5988,4680,2150000,4.46,6,2023-12-15,정상
5989,8954,730000,6.16,24,2023-01-26,정상
5990,4211,40080000,4.62,60,2023-02-22,정상
5991,1793,11180000,5.87,24,2024-07-22,정상
5992,7093,4550000,4.38,36,2024-08-06,정상
5993,4533,3740000,4.75,36,2024-05-30,정상
5994,2421,43300000,5.19,60,2023-09-20,완료
5995,4648,1120000,4.61,6,2023-10-22,정상
5996,7882,10880000,3.91,12,2024-05-12,정상
5997,8246,2450000,4.96,12,2023-09-25,정상
5998,9333,29020000,3.68,24,2023-10-21,정상
5999,5184,730000,5.95,12,2024-10-17,연체
6000,2442,12020000,4.77,36,2024-05-02,정상
6001,2471,730000,5.36,24,2023-02-21,완료
6002,1646,9400000,4.78,36,2024-07-02,정상
6003,8861,2720000,5.35,6,2024-03-24,연체
6004,6186,2870000,5.94,12,2023-04-15,정상
6005,5972,1610000,5.64,6,2023-12-06,정상
6006,2211,730000,5.73,12,2024-07-27,정상
6007,5334,3260000,4.78,12,2024-03-17,정상
6008,1799,1230000,4.62,12,2024-09-14,정상
6009,4492,3830000,5.81,24,2024-03-31,완료
6010,3819,21340000,5.51,24,2023-09-16,정상
6011,3515,8720000,5.08,12,2024-09-04,완료
6012,2549,2120000,5.39,6,2023-03-12,완료
6013,366,730000,5.9,6,2023-02-17,완료
6014,232,730000,5.83,24,2023-02-17,연체
6015,8204,730000,5.44,6,2023-10-23,연체
6016,717,2070000,5.14,12,2023-08-31,정상
6017,7856,730000,5.66,24,2023-04-09,정상
6018,2811,1150000,5.28,12,2024-11-01,완료
6019,1332,730000,6.24,24,2023-06-07,연체
6020,2457,11240000,5.77,12,2023-02-08,정상
6021,7557,52320000,5.15,24,2023-07-30,정상
6022,5677,10080000,4.39,12,2024-12-06,정상
6023,8615,4840000,4.71,12,2024-07-15,정상
6024,2375,1390000,4.91,12,2023-08-30,완료
6025,9220,14190000,5.37,36,2024-09-15,완료
6026,4211,86550000,6.18,24,2024-02-08,정상
6027,3403,730000,5.88,12,2024-07-17,정상
6028,4038,730000,5.8,24,2023-05-01,정상
6029,7193,730000,6.54,24,2023-08-13,정상
6030,3621,1720000,6.3,24,2023-05-31,정상
6031,6284,51250000,4.66,24,2024-09-24,정상
6032,3267,5870000,5.83,24,2024-11-27,정상
6033,3822,45940000,4.73,36,2023-04-13,정상
6034,6236,890000,5.45,24,2024-02-23,정상
6035,3620,2260000,5.29,6,2024-08-16,정상
6036,5297,730000,5.38,6,2023-07-12,완료
6037,4061,780000,5.22,6,2024-08-25,정상
6038,8584,10640000,4.94,12,2024-10-23,완료
6039,1950,730000,6.88,24,2023-08-26,완료
6040,7471,1120000,5.09,12,2024-09-24,연체
6041,6623,13070000,4.87,36,2024-03-14,정상
6042,1618,1950000,5.98,6,2024-08-10,연체
6043,6231,730000,6.02,12,2023-09-07,연체
6044,1671,47320000,4.53,36,2024-03-27,정상
6045,1239,26610000,6.06,60,2024-01-06,정상
6046,1821,19050000,5.21,36,2024-12-22,정상
6047,3754,730000,5.25,24,2023-03-18,완료
6048,8174,1110000,4.93,12,2023-09-25,정상
6049,4461,1670000,5.14,6,2023-05-20,정상
6050,4599,870000,6.27,12,2023-08-29,연체
6051,2350,730000,4.93,24,2023-09-24,연체
6052,9846,37070000,4.96,24,2023-06-21,완료
6053,3480,5880000,4.57,12,2024-11-21,정상
6054,3494,730000,7.03,24,2023-08-06,연체
6055,1093,750000,5.2,24,2023-08-12,연체
6056,4798,3550000,5.34,12,2024-08-29,정상
6057,5210,11300000,4.4,36,2024-04-05,완료
6058,3102,730000,4.82,12,2024-01-15,정상
6059,334,730000,4.56,6,2024-02-05,정상
6060,8760,2390000,5.18,24,2024-09-03,정상
6061,3943,1230000,5.68,12,2024-02-28,완료
6062,8057,24630000,4.14,24,2023-03-13,정상
6063,1416,1000000,5.1,12,2023-07-24,정상
6064,7864,108250000,5.48,24,2024-01-22,정상
6065,8370,26770000,5.04,24,2023-08-02,연체
6066,2382,66860000,5.68,24,2024-03-06,정상
6067,3274,93110000,5.07,36,2023-10-09,정상
6068,7886,1390000,4.85,6,2024-01-06,연체
6069,2268,4330000,5.19,12,2024-04-13,정상
6070,6930,2890000,5.71,24,2023-08-21,정상
6071,5256,7510000,5.64,12,2023-03-28,정상
6072,5457,730000,5.36,12,2024-04-23,정상
6073,3076,2290000,5.09,24,2023-10-29,정상
6074,319,1550000,5.33,6,2023-01-07,완료
6075,6271,1690000,6.34,12,2023-04-18,연체
6076,254,2480000,5.55,12,2024-10-26,정상
6077,7280,1150000,5.12,12,2024-04-01,정상
6078,788,2710000,5.77,24,2023-08-09,완료
6079,8791,730000,4.85,6,2023-05-08,연체
6080,4339,3790000,4.65,12,2024-06-25,정상
6081,474,2780000,3.87,24,2024-02-24,정상
6082,680,730000,5.62,24,2024-06-03,완료
6083,4868,5480000,4.8,36,2024-03-29,정상
6084,6081,990000,6.42,12,2023-03-12,정상
6085,1174,730000,5.97,6,2024-09-05,연체
6086,9800,12990000,4.55,24,2024-11-11,정상
6087,3864,98850000,5.05,24,2023-10-17,정상
6088,2920,3490000,4.46,36,2024-04-20,완료
6089,301,730000,5.74,12,2024-04-01,정상
6090,6028,2650000,4.63,6,2023-03-12,정상
6091,8090,16960000,4.97,12,2023-06-12,완료
6092,8957,2650000,5.32,12,2023-11-06,정상
6093,6978,730000,6.13,12,2023-05-19,정상
6094,2766,4730000,5.04,36,2024-06-09,완료
6095,4991,12270000,5.51,12,2023-07-24,정상
6096,6361,21290000,5.29,60,2023-09-15,정상
6097,7807,3760000,4.68,12,2023-08-01,정상
6098,4258,730000,5.29,24,2023-11-14,연체
6099,6291,4500000,5.14,12,2024-10-20,완료
6100,3050,730000,5.28,6,2023-11-27,정상
6101,8772,730000,5.25,12,2023-03-13,정상
6102,5366,11790000,4.61,24,2024-04-15,정상
6103,7554,8760000,5.41,12,2024-12-23,완료
6104,8302,6280000,5.03,24,2023-03-10,정상
6105,1824,730000,6.08,12,2023-07-22,완료
6106,4152,1370000,5.22,12,2024-03-13,연체
6107,5703,2100000,5.13,6,2023-11-02,정상
6108,7024,1900000,4.72,6,2024-12-22,정상
6109,4068,13040000,5.19,12,2023-11-26,정상
6110,2882,6030000,5.38,24,2024-12-10,완료
6111,2995,3500000,4.73,36,2024-01-17,정상
6112,9477,2040000,5.27,24,2024-08-26,연체
6113,7766,980000,6.0,12,2023-07-13,연체
6114,6961,1100000,5.24,24,2023-01-06,정상
6115,2249,24030000,6.06,60,2024-04-06,정상
6116,9243,830000,5.38,6,2023-09-01,정상
6117,6944,62260000,4.95,60,2024-12-28,정상
6118,3827,2260000,5.47,6,2023-04-15,완료
6119,5133,12340000,5.02,24,2023-08-20,정상
6120,6181,2880000,4.92,12,2023-06-25,정상
6121,4390,730000,5.53,6,2024-10-11,정상
6122,1109,730000,5.17,6,2024-06-28,연체
6123,5277,2730000,5.33,12,2023-03-05,정상
6124,4935,5730000,4.84,24,2023-11-30,정상
6125,7306,2780000,5.25,12,2024-01-09,연체
6126,534,1200000,5.22,6,2023-05-01,완료
6127,8533,21160000,5.22,36,2024-09-17,정상
6128,9871,4410000,4.85,24,2023-03-19,정상
6129,495,790000,5.69,12,2024-04-11,정상
6130,1963,102360000,4.68,60,2023-09-09,정상
6131,9905,730000,5.29,24,2024-04-21,정상
6132,9158,13080000,4.37,36,2023-08-16,완료
6133,8058,1740000,5.79,6,2024-12-13,정상
6134,3878,730000,5.51,12,2023-11-15,정상
6135,5659,2710000,4.83,24,2023-11-06,완료
6136,3643,730000,5.98,6,2024-09-06,연체
6137,8765,730000,5.26,24,2023-11-06,연체
6138,611,1820000,5.42,12,2024-05-12,정상
6139,9559,2350000,5.25,24,2024-01-25,정상
6140,9323,1450000,5.73,6,2023-08-21,완료
6141,9496,4710000,5.37,36,2023-03-19,정상
6142,4420,3410000,4.86,12,2023-03-16,정상
6143,5273,730000,5.58,6,2024-08-11,정상
6144,3222,1660000,5.11,12,2023-03-14,연체
6145,796,730000,6.69,24,2024-07-25,연체
6146,6327,730000,5.64,12,2024-06-09,정상
6147,1391,730000,5.01,12,2023-06-13,정상
6148,6282,15380000,5.17,12,2024-07-13,정상
6149,2747,11570000,4.49,24,2024-03-28,정상
6150,4557,35740000,4.44,60,2024-09-23,정상
6151,2935,3970000,5.24,12,2023-01-08,완료
6152,3890,4090000,4.68,12,2023-11-17,정상
6153,8435,19950000,4.26,24,2024-11-21,정상
6154,4992,49860000,4.25,24,2024-11-06,정상
6155,9581,2290000,4.97,6,2023-09-27,정상
6156,7888,3420000,5.58,24,2023-03-03,정상
6157,7086,830000,5.53,24,2024-08-30,정상
6158,4860,730000,4.98,12,2024-12-02,연체
6159,4068,5720000,4.48,24,2023-02-15,정상
6160,1575,1360000,4.57,12,2024-02-24,정상
6161,1438,5200000,5.18,12,2024-06-08,정상
6162,4970,17670000,5.48,12,2024-02-18,정상
6163,2958,800000,5.27,12,2024-05-16,정상
6164,9442,5420000,5.04,36,2024-12-09,정상
6165,357,1130000,4.98,12,2024-10-11,정상
6166,8493,6660000,4.95,24,2023-03-07,완료
6167,4793,730000,5.08,12,2024-10-27,정상
6168,497,108250000,5.36,60,2023-12-03,정상
6169,47,13810000,4.82,12,2023-07-13,정상
6170,4133,6730000,4.57,36,2024-09-12,정상
6171,9233,730000,6.38,6,2023-04-28,완료
6172,3726,860000,5.91,12,2024-09-04,정상
6173,8556,7950000,5.01,24,2024-06-02,정상
6174,8205,790000,5.41,6,2024-10-20,완료
6175,7553,970000,5.45,12,2024-04-29,정상
6176,5714,11790000,4.37,36,2024-03-15,연체
6177,5129,860000,5.51,6,2024-12-29,연체
6178,9327,56940000,4.35,36,2023-01-10,완료
6179,5521,2470000,4.47,12,2023-02-17,완료
6180,893,1100000,5.06,6,2024-02-15,정상
6181,7484,2490000,5.41,24,2024-01-17,정상
6182,1653,810000,5.49,6,2024-06-07,완료
6183,5268,108250000,4.93,36,2023-09-16,정상
6184,6618,1070000,6.53,24,2024-09-07,연체
6185,8945,1270000,4.7,24,2023-03-26,연체
6186,8036,3050000,5.75,24,2023-08-21,연체
6187,5516,5560000,5.31,36,2024-03-23,정상
6188,3154,730000,5.47,12,2024-11-25,정상
6189,5401,730000,5.61,6,2023-12-07,연체
6190,3022,4520000,4.6,24,2024-03-01,완료
6191,4634,1610000,5.63,6,2024-06-21,정상
6192,4190,910000,5.6,6,2024-04-10,정상
6193,3450,850000,5.84,24,2024-02-07,정상
6194,278,1410000,5.23,6,2023-05-12,정상
6195,3320,730000,6.19,6,2023-07-11,연체
6196,4681,36090000,5.03,60,2024-11-20,정상
6197,2577,730000,5.73,6,2024-05-12,완료
6198,110,730000,5.27,6,2024-02-22,연체
6199,6914,730000,5.27,24,2023-05-29,정상
6200,5074,13420000,4.37,36,2024-10-29,정상
6201,5548,7170000,4.45,36,2023-06-25,완료
6202,6854,730000,5.31,6,2024-07-02,정상
6203,1781,3260000,5.21,12,2023-05-02,정상
6204,9651,730000,5.91,6,2023-10-16,정상
6205,7877,10910000,5.1,24,2024-11-25,정상
6206,2528,730000,5.81,12,2023-11-22,정상
6207,4518,9420000,4.87,12,2024-05-13,정상
6208,1403,1170000,5.64,24,2024-02-23,정상
6209,6631,5180000,4.98,36,2024-03-09,정상
6210,5287,22510000,4.85,24,2023-05-04,정상
6211,2277,730000,5.12,24,2024-07-30,정상
6212,9280,12130000,5.34,36,2024-06-26,완료
6213,6513,730000,5.54,6,2023-08-25,완료
6214,3035,730000,5.29,6,2023-03-09,정상
6215,2483,5990000,4.64,24,2024-12-22,완료
6216,2484,3160000,4.88,36,2024-07-31,정상
6217,6202,920000,5.14,12,2023-04-13,연체
6218,4118,14620000,5.17,24,2023-04-12,정상
6219,4627,730000,5.37,24,2024-10-26,정상
6220,4390,1570000,6.03,24,2024-12-02,정상
6221,6168,12300000,4.52,12,2024-01-30,완료
6222,1423,10850000,5.05,12,2023-02-05,정상
6223,7893,1190000,5.1,24,2023-10-26,완료
6224,8967,730000,4.72,24,2023-05-24,연체
6225,2588,730000,6.19,24,2023-03-21,정상
6226,2221,730000,5.86,6,2023-09-27,완료
6227,3827,2060000,4.89,12,2024-11-19,정상
6228,4795,29610000,4.77,36,2023-01-22,정상
6229,6982,4060000,4.57,24,2024-05-02,정상
6230,8556,5900000,5.04,36,2024-03-10,정상
6231,7421,55740000,4.16,24,2024-01-01,정상
6232,3818,11390000,4.88,24,2023-12-28,완료
6233,122,1270000,5.46,6,2023-01-06,정상
6234,6354,28210000,5.03,36,2024-02-24,정상
6235,802,1990000,4.76,6,2024-09-20,정상
6236,4319,108250000,4.65,60,2023-05-19,정상
6237,1753,1210000,4.85,6,2023-06-23,연체
6238,7394,890000,5.59,12,2023-09-03,정상
6239,2361,730000,6.03,12,2024-03-25,완료
6240,156,53820000,4.59,60,2024-01-16,정상
6241,1446,5110000,5.0,24,2024-09-22,정상
6242,2956,4060000,5.1,36,2024-12-22,완료
6243,5374,2110000,4.9,24,2024-05-20,정상
6244,433,730000,5.76,24,2023-01-07,정상
6245,629,2570000,5.14,6,2024-02-23,정상
6246,5563,730000,5.26,24,2024-09-25,연체
6247,7292,2320000,5.06,6,2024-03-13,정상
6248,7578,730000,5.42,6,2024-06-16,연체
6249,3127,5950000,5.6,12,2023-02-18,연체
6250,6061,730000,5.61,6,2023-06-04,완료
6251,563,29860000,5.65,24,2023-12-17,완료
6252,2398,780000,5.98,12,2023-11-09,연체
6253,4321,1940000,5.02,24,2023-08-14,정상
6254,3991,44900000,5.18,24,2024-06-11,정상
6255,3625,1270000,5.36,6,2024-10-09,정상
6256,2548,730000,5.65,24,2024-09-27,정상
6257,8474,2790000,5.6,6,2024-01-03,정상
6258,6747,5000000,4.77,24,2023-08-28,정상
6259,920,13730000,4.87,24,2024-05-30,정상
6260,2183,5430000,4.81,24,2024-01-24,정상
6261,6853,12890000,4.46,36,2024-08-24,정상
6262,98,2370000,5.62,6,2024-11-28,정상
6263,7339,730000,5.91,6,2023-05-05,연체
6264,7215,1780000,5.4,6,2023-11-21,정상
6265,8645,730000,5.72,12,2024-10-29,정상
6266,9520,49210000,5.34,36,2023-10-15,정상
6267,9095,1830000,5.75,12,2023-02-14,정상
6268,6591,730000,5.95,24,2023-05-29,연체
6269,9167,1680000,5.04,12,2023-09-12,정상
6270,4808,3380000,5.49,36,2023-10-13,정상
6271,606,1940000,5.02,12,2024-09-28,완료
6272,6939,1940000,4.19,12,2024-05-04,완료
6273,4088,7210000,4.74,24,2023-08-07,완료
6274,372,16500000,5.24,36,2023-07-08,정상
6275,9756,1090000,5.56,12,2023-03-29,정상
6276,7619,2700000,5.14,24,2023-07-16,연체
6277,3093,17970000,5.19,12,2024-08-26,정상
6278,9152,4200000,5.14,36,2024-11-02,정상
6279,5310,4780000,4.98,24,2024-12-13,완료
6280,6126,8100000,5.06,24,2023-06-12,정상
6281,876,790000,5.07,6,2024-09-25,연체
6282,7047,2050000,4.46,6,2023-09-15,정상
6283,1957,730000,5.59,12,2023-08-29,정상
6284,7366,730000,5.98,6,2024-01-23,연체
6285,6469,730000,6.15,6,2024-10-04,연체
6286,8755,70800000,5.55,24,2023-10-31,정상
6287,2841,730000,5.63,12,2023-07-26,정상
6288,9592,2630000,5.21,24,2024-04-21,정상
6289,3516,1130000,5.06,24,2024-10-30,정상
6290,5007,1150000,5.89,12,2024-04-24,정상
6291,2669,730000,5.48,12,2024-04-12,정상
6292,3931,1170000,6.26,24,2024-08-04,연체
6293,4905,730000,6.11,12,2023-04-13,완료
6294,8937,1280000,4.5,24,2023-11-18,정상
6295,2560,2510000,4.87,24,2023-05-07,정상
6296,3062,730000,5.49,6,2023-05-25,정상
6297,9326,730000,5.32,24,2023-09-19,정상
6298,811,730000,6.09,6,2024-08-20,정상
6299,7785,1000000,6.15,12,2023-09-25,완료
6300,6159,6460000,4.5,36,2024-02-10,정상
6301,3098,2380000,4.54,6,2024-08-31,연체
6302,2646,4390000,4.41,36,2024-02-17,정상
6303,2969,7530000,4.92,12,2023-10-13,정상
6304,1786,28040000,4.89,36,2023-03-01,완료
6305,5863,730000,6.23,12,2024-12-19,정상
6306,5724,4150000,5.06,12,2024-04-14,정상
6307,587,810000,5.91,12,2023-04-22,연체
6308,4565,33090000,5.2,36,2024-12-30,정상
6309,2650,3550000,4.68,12,2023-01-02,완료
6310,2025,730000,5.34,12,2024-11-17,정상
6311,3437,2540000,5.19,6,2024-01-06,정상
6312,3852,3610000,4.86,36,2023-11-11,정상
6313,3647,730000,6.71,12,2023-12-14,완료
6314,3227,8200000,5.27,24,2023-01-21,정상
6315,6711,1910000,4.93,24,2024-03-14,정상
6316,2667,8070000,5.12,24,2023-10-26,완료
6317,82,2180000,5.26,24,2024-05-20,정상
6318,1951,730000,6.83,12,2024-09-01,연체
6319,8431,1450000,5.15,12,2024-05-05,연체
6320,768,14710000,4.89,36,2024-12-10,완료
6321,8432,5620000,5.85,12,2023-06-14,정상
6322,8082,2000000,5.66,6,2024-10-03,완료
6323,6895,730000,5.32,12,2024-08-27,연체
6324,6153,5630000,4.38,24,2023-06-16,정상
6325,732,730000,6.02,6,2024-01-12,정상
6326,547,1390000,5.87,24,2023-02-28,완료
6327,1410,2950000,5.38,24,2023-06-24,정상
6328,1763,750000,6.09,12,2024-12-19,연체
6329,644,730000,6.01,12,2024-02-08,연체
6330,5360,1550000,5.09,6,2024-03-06,정상
6331,83,730000,6.7,24,2024-09-30,연체
6332,2824,2250000,5.17,24,2024-08-31,정상
6333,1996,1660000,4.67,12,2023-11-15,정상
6334,5183,20860000,5.23,36,2024-04-27,정상
6335,9708,108250000,5.37,60,2023-10-09,정상
6336,2911,1610000,4.9,12,2023-04-19,완료
6337,2267,1350000,5.31,6,2024-11-06,정상
6338,1999,1130000,4.75,6,2024-12-02,정상
6339,6843,17120000,5.06,24,2024-05-12,완료
6340,8294,1340000,5.0,12,2023-06-25,정상
6341,2042,1440000,5.62,12,2024-11-09,정상
6342,3864,108250000,6.29,24,2023-07-25,정상
6343,8889,730000,5.16,6,2024-01-01,연체
6344,5980,1060000,5.92,6,2024-06-02,정상
6345,7316,730000,5.42,12,2023-02-25,연체
6346,1480,14340000,5.22,24,2023-12-03,정상
6347,5567,1000000,5.19,6,2023-06-05,정상
6348,5185,6240000,4.6,36,2024-05-26,정상
6349,1497,54600000,4.41,60,2023-10-10,완료
6350,6506,80350000,5.93,60,2023-12-24,정상
6351,8344,730000,5.78,24,2024-07-22,연체
6352,4921,730000,5.53,12,2024-04-28,완료
6353,4275,830000,4.78,24,2023-05-05,완료
6354,9427,14320000,5.4,24,2023-11-16,정상
6355,9438,730000,5.81,24,2024-08-16,연체
6356,6783,1940000,5.38,12,2023-12-06,정상
6357,5543,1990000,5.44,24,2023-11-11,완료
6358,7003,2510000,5.3,12,2024-02-08,연체
6359,1361,10700000,4.0,24,2023-07-17,정상
6360,8653,8610000,4.72,24,2023-08-15,정상
6361,6631,7360000,4.05,24,2024-02-22,완료
6362,4220,2970000,5.33,12,2024-09-02,완료
6363,6480,1050000,5.46,24,2024-07-04,정상
6364,4680,1460000,5.38,12,2024-03-06,정상
6365,459,108250000,4.87,36,2023-11-12,정상
6366,6820,730000,5.5,12,2024-05-14,정상
6367,6612,730000,5.33,24,2024-03-20,연체
6368,9689,2530000,5.27,12,2023-11-18,정상
6369,6319,730000,5.71,12,2024-01-20,완료
6370,6466,7870000,4.34,24,2023-11-01,완료
6371,7363,730000,5.85,24,2024-08-24,연체
6372,8611,14750000,4.89,12,2023-07-02,완료
6373,803,43090000,4.96,24,2023-02-17,정상
6374,4040,4990000,5.1,24,2024-11-05,완료
6375,7962,6950000,5.09,36,2023-05-07,연체
6376,660,7990000,6.26,12,2024-09-29,정상
6377,809,730000,6.04,6,2024-05-25,연체
6378,6444,730000,5.78,12,2024-01-22,연체
6379,6565,730000,6.5,6,2023-03-31,연체
6380,734,3660000,4.96,24,2024-11-14,정상
6381,6836,2200000,4.8,24,2024-04-21,정상
6382,1635,810000,5.93,6,2023-08-15,연체
6383,7301,730000,6.29,24,2023-12-01,연체
6384,3047,1350000,5.55,6,2024-11-14,연체
6385,5154,5890000,5.8,12,2023-08-22,연체
6386,8526,730000,5.29,24,2023-11-04,정상
6387,7086,1490000,5.82,6,2024-11-19,정상
6388,1399,1130000,5.48,12,2023-09-01,연체
6389,133,3110000,5.38,24,2023-03-10,연체
6390,5869,1050000,4.03,24,2024-04-02,정상
6391,9731,108250000,6.3,24,2024-04-17,정상
6392,7626,17040000,5.08,12,2024-06-29,완료
6393,5863,730000,5.86,12,2024-10-08,연체
6394,4315,41980000,4.38,60,2024-05-29,정상
6395,263,730000,5.55,6,2024-04-05,연체
6396,6952,730000,5.05,12,2024-10-12,정상
6397,4431,730000,5.58,12,2023-08-24,정상
6398,7085,6500000,4.9,12,2024-06-05,완료
6399,9772,1100000,4.79,12,2024-08-31,정상
6400,1888,15040000,4.95,36,2024-11-23,정상
6401,9574,18880000,4.69,12,2024-11-21,정상
6402,622,2170000,5.59,24,2023-05-03,연체
6403,1069,25900000,4.65,60,2024-11-26,정상
6404,6747,5950000,4.65,36,2023-02-20,정상
6405,6127,2760000,5.37,6,2024-12-10,완료
6406,5032,6630000,5.22,12,2024-09-29,정상
6407,22,1190000,5.32,6,2023-05-10,정상
6408,9197,910000,5.11,24,2023-05-15,정상
6409,5799,4380000,5.52,12,2024-11-30,정상
6410,1708,730000,5.89,24,2023-03-05,정상
6411,6063,730000,5.12,12,2024-06-27,정상
6412,4445,1050000,6.03,24,2023-06-02,정상
6413,5742,88870000,5.82,36,2024-12-11,정상
6414,8162,10290000,4.26,12,2024-03-14,정상
6415,5286,730000,5.82,6,2023-12-27,정상
6416,7726,1290000,4.95,12,2024-02-13,정상
6417,1026,22290000,4.79,24,2023-03-14,정상
6418,9630,730000,6.18,6,2023-03-23,연체
6419,6821,4580000,4.97,12,2023-01-27,정상
6420,8220,1220000,5.51,6,2024-06-29,정상
6421,8032,19000000,4.12,36,2023-01-25,정상
6422,9028,6410000,5.36,12,2023-08-01,연체
6423,3423,1390000,4.76,12,2023-10-11,정상
6424,1160,1970000,5.38,12,2024-12-10,정상
6425,9622,4700000,4.36,12,2024-02-09,정상
6426,4620,70500000,5.36,60,2023-03-29,완료
6427,7114,730000,5.11,6,2023-08-09,정상
6428,982,730000,5.12,6,2023-03-25,연체
6429,3952,730000,5.18,12,2024-07-19,완료
6430,2806,730000,5.36,12,2024-02-16,정상
6431,929,5670000,4.99,12,2024-12-08,연체
6432,8914,4580000,5.33,24,2024-10-13,정상
6433,6584,16910000,5.18,12,2023-01-04,정상
6434,6126,5120000,5.11,24,2023-02-01,정상
6435,6100,2850000,5.23,12,2023-08-19,완료
6436,9588,980000,5.42,24,2024-03-16,완료
6437,5281,11000000,4.52,12,2024-04-09,정상
6438,5047,4850000,4.9,24,2024-10-11,정상
6439,3884,6300000,4.57,36,2023-09-30,정상
6440,443,1210000,5.53,6,2024-08-17,정상
6441,1424,5860000,5.17,36,2023-01-17,정상
6442,1378,4550000,5.24,24,2023-02-15,정상
6443,4781,4730000,4.51,36,2024-02-24,정상
6444,4107,33060000,5.53,24,2023-11-13,정상
6445,7518,14960000,4.86,36,2023-09-08,정상
6446,8609,2270000,5.05,6,2024-08-26,정상
6447,8109,37000000,5.15,36,2023-09-23,정상
6448,5451,36510000,5.4,36,2023-02-11,정상
6449,4217,1210000,4.51,12,2024-03-16,완료
6450,9433,1890000,5.43,24,2023-12-24,정상
6451,649,13240000,4.83,12,2024-07-27,정상
6452,9789,2070000,5.36,6,2024-12-03,정상
6453,9564,4750000,4.89,24,2024-03-07,완료
6454,7533,3100000,5.55,36,2024-11-02,정상
6455,144,24990000,4.55,36,2024-12-21,정상
6456,1667,880000,4.87,6,2024-03-25,정상
6457,6708,1350000,6.04,6,2023-12-04,연체
6458,6184,730000,5.5,24,2023-03-02,완료
6459,194,14430000,4.95,36,2023-05-24,정상
6460,988,730000,6.04,12,2023-10-05,정상
6461,454,3390000,5.65,24,2024-04-16,정상
6462,9224,8030000,4.77,36,2023-06-23,완료
6463,3554,730000,6.59,12,2023-03-30,연체
6464,8887,8470000,4.33,12,2023-11-30,정상
6465,1859,730000,5.82,6,2023-08-21,연체
6466,3763,1710000,4.02,24,2023-02-09,정상
6467,4416,730000,6.78,12,2023-10-24,연체
6468,6124,4060000,4.55,24,2023-09-01,완료
6469,2862,15250000,4.11,36,2024-02-14,정상
6470,4920,730000,5.52,12,2024-08-25,정상
6471,4266,730000,5.89,12,2023-04-21,연체
6472,1249,5740000,4.27,24,2024-03-16,완료
6473,2229,6850000,4.99,12,2024-03-25,정상
6474,3837,730000,6.3,12,2023-10-23,연체
6475,367,6600000,5.12,36,2024-05-20,연체
6476,1847,2340000,5.17,6,2023-01-15,정상
6477,1977,3600000,4.71,12,2023-12-22,연체
6478,3294,760000,5.27,12,2024-08-25,정상
6479,6711,3030000,5.2,24,2024-08-03,정상
6480,4162,730000,5.57,6,2023-08-02,연체
6481,663,730000,6.44,24,2023-05-26,연체
6482,5583,730000,5.77,12,2024-09-02,연체
6483,8750,730000,6.15,6,2023-10-16,연체
6484,3971,780000,5.4,24,2023-08-01,정상
6485,4462,730000,5.97,6,2023-01-21,연체
6486,4934,65180000,4.93,36,2023-12-06,완료
6487,2197,10350000,4.06,12,2024-06-11,정상
6488,6496,730000,5.36,12,2024-03-17,연체
6489,6314,67420000,5.38,60,2023-04-05,정상
6490,9730,730000,4.28,24,2024-11-15,정상
6491,7939,780000,5.69,24,2024-08-04,완료
6492,7594,1170000,5.8,6,2024-03-20,정상
6493,1074,2670000,4.8,24,2024-03-15,정상
6494,327,3820000,5.26,12,2024-09-20,정상
6495,9803,2760000,4.67,24,2024-09-06,완료
6496,188,108250000,5.45,60,2023-06-04,정상
6497,8664,7570000,5.9,24,2023-06-07,연체
6498,5327,9030000,4.85,36,2023-02-05,정상
6499,182,730000,6.4,24,2023-02-11,정상
6500,8313,68070000,5.67,60,2024-05-21,정상
6501,3931,860000,5.63,6,2024-09-24,정상
6502,1050,730000,5.32,24,2024-12-23,연체
6503,6910,4320000,5.84,36,2024-10-11,정상
6504,8418,28230000,5.4,36,2024-04-18,완료
6505,1602,730000,4.96,24,2023-08-21,연체
6506,1732,2610000,5.11,6,2023-12-01,정상
6507,9735,1760000,4.92,12,2023-02-21,연체
6508,2724,12050000,5.46,12,2023-04-15,연체
6509,9160,10420000,4.44,12,2023-12-21,정상
6510,1150,730000,5.75,12,2023-04-03,연체
6511,2037,730000,5.73,12,2023-06-21,정상
6512,3899,730000,5.04,24,2023-09-14,연체
6513,2161,730000,5.12,12,2024-06-24,연체
6514,3942,9880000,4.94,24,2024-05-24,정상
6515,9558,730000,4.94,6,2024-11-12,정상
6516,5205,3410000,4.46,24,2023-06-20,완료
6517,2235,730000,5.68,12,2023-12-13,정상
6518,4502,3890000,5.08,24,2024-08-28,정상
6519,7422,4670000,4.97,12,2024-04-21,정상
6520,6328,730000,5.56,12,2023-12-03,연체
6521,4441,730000,4.98,24,2024-01-19,연체
6522,7860,1690000,6.09,12,2024-05-13,완료
6523,892,24310000,5.12,60,2023-07-01,연체
6524,8936,14320000,5.48,12,2024-06-24,완료
6525,3407,3140000,5.87,36,2024-06-03,정상
6526,5769,730000,6.15,12,2024-10-08,연체
6527,3437,1590000,4.5,24,2023-11-16,정상
6528,9968,970000,5.78,6,2023-03-10,완료
6529,499,3730000,4.46,12,2023-07-17,정상
6530,6296,2090000,5.27,12,2023-09-08,정상
6531,833,9710000,4.58,12,2024-09-21,정상
6532,935,1060000,4.86,24,2024-01-01,정상
6533,9899,10690000,4.58,36,2024-01-09,정상
6534,4717,2600000,4.72,12,2024-11-09,완료
6535,4657,36860000,4.71,60,2023-08-24,정상
6536,5791,4460000,5.68,12,2023-11-23,정상
6537,4171,5790000,5.1,36,2023-09-19,정상
6538,2811,2050000,5.48,6,2023-10-17,연체
6539,8404,730000,6.01,6,2024-12-23,연체
6540,7702,730000,5.37,24,2023-03-17,연체
6541,776,2860000,5.45,24,2023-12-11,완료
6542,2060,1650000,5.68,24,2023-12-23,정상
6543,6239,2730000,5.32,24,2023-01-11,완료
6544,2953,4140000,5.43,12,2024-12-30,연체
6545,7342,730000,5.33,12,2023-12-21,정상
6546,3625,1910000,5.06,24,2024-08-02,정상
6547,6340,730000,6.22,24,2024-01-05,정상
6548,9612,730000,6.06,24,2024-10-07,연체
6549,8620,13740000,4.32,24,2024-06-11,정상
6550,3109,35240000,4.85,36,2024-03-05,정상
6551,9880,9360000,6.02,36,2023-09-28,정상
6552,4811,11890000,4.95,12,2023-04-26,정상
6553,4961,2030000,5.85,12,2024-02-22,연체
6554,9829,2290000,5.46,12,2024-07-31,정상
6555,5626,12760000,5.03,36,2023-09-16,정상
6556,901,850000,5.67,12,2023-10-06,연체
6557,5957,730000,5.58,6,2024-01-07,연체
6558,2565,920000,5.34,12,2024-03-27,연체
6559,4622,4870000,4.4,36,2024-04-24,완료
6560,4398,3920000,5.49,12,2024-09-11,정상
6561,695,730000,6.01,6,2024-01-31,정상
6562,5505,850000,4.94,24,2023-05-26,정상
6563,9660,7730000,5.0,36,2023-11-09,정상
6564,8285,730000,5.77,12,2023-07-02,정상
6565,9115,44540000,4.25,24,2023-05-28,정상
6566,5854,730000,4.94,12,2024-03-31,정상
6567,693,13140000,4.88,24,2023-08-23,정상
6568,793,730000,5.02,24,2024-11-17,완료
6569,9422,730000,5.77,24,2023-09-02,연체
6570,171,730000,6.14,24,2024-03-13,정상
6571,2725,59200000,4.59,60,2024-03-22,정상
6572,2743,108250000,5.21,60,2023-12-27,정상
6573,1929,1120000,4.71,6,2023-02-14,완료
6574,3582,6850000,5.17,36,2023-12-27,정상
6575,3945,1600000,6.15,24,2024-01-07,연체
6576,8590,730000,5.49,24,2023-06-13,정상
6577,3735,1750000,5.51,24,2024-08-21,정상
6578,79,108250000,5.5,24,2024-11-07,정상
6579,7767,730000,5.38,12,2023-08-19,연체
6580,70,880000,5.08,12,2024-02-26,완료
6581,376,35860000,5.4,60,2024-02-02,정상
6582,2764,33740000,5.3,60,2024-02-08,정상
6583,1003,4940000,5.23,12,2023-02-13,정상
6584,98,3880000,4.9,24,2023-01-06,정상
6585,5212,13460000,5.01,36,2023-02-12,정상
6586,3394,22190000,5.01,36,2023-02-15,정상
6587,5386,730000,5.3,24,2024-01-30,연체
6588,4135,730000,6.76,6,2024-07-03,연체
6589,6612,730000,4.99,12,2023-12-01,연체
6590,5493,730000,5.67,6,2024-09-04,정상
6591,6337,4560000,5.07,12,2023-11-05,정상
6592,5935,730000,5.46,6,2023-09-03,연체
6593,571,780000,5.9,24,2023-01-14,연체
6594,2914,730000,5.04,24,2024-04-07,정상
6595,9250,9760000,5.17,24,2024-12-02,완료
6596,1768,14760000,5.16,24,2023-01-25,정상
6597,3100,35870000,4.36,24,2024-01-10,정상
6598,6370,730000,5.56,24,2023-04-02,연체
6599,3877,14860000,4.83,24,2024-03-21,정상
6600,7285,24130000,4.82,24,2024-06-17,완료
6601,9784,820000,5.99,6,2024-01-07,연체
6602,2777,2370000,4.58,24,2023-10-26,정상
6603,3151,8000000,4.47,36,2024-05-29,정상
6604,8788,108250000,5.83,24,2024-01-10,정상
6605,4107,67650000,5.03,36,2024-07-01,정상
6606,3614,3640000,5.23,36,2023-11-16,완료
6607,3760,730000,5.5,12,2024-04-17,정상
6608,7817,730000,5.45,6,2024-12-08,연체
6609,8845,12880000,5.76,12,2024-01-19,완료
6610,6086,730000,6.03,6,2024-10-30,연체
6611,2053,730000,5.41,12,2023-02-16,정상
6612,7485,1740000,4.76,12,2024-05-18,정상
6613,5926,48310000,4.69,36,2023-05-27,완료
6614,1671,30800000,5.04,24,2023-09-02,정상
6615,3403,790000,4.78,24,2024-07-27,연체
6616,2307,730000,6.22,12,2023-09-24,연체
6617,2908,6940000,5.0,12,2023-12-25,정상
6618,1075,5280000,4.79,12,2023-09-13,정상
6619,2963,21300000,4.62,24,2023-07-12,정상
6620,5962,106770000,6.13,36,2024-01-12,정상
6621,2353,2810000,5.32,24,2024-09-11,정상
6622,7258,900000,4.78,24,2023-06-12,완료
6623,8938,6150000,4.81,24,2024-07-30,연체
6624,8904,7670000,4.41,12,2024-02-11,정상
6625,5561,730000,5.96,6,2024-02-06,정상
6626,7604,730000,6.0,12,2023-02-17,연체
6627,2744,14520000,5.05,24,2024-05-25,정상
6628,1164,1020000,5.49,12,2024-06-23,완료
6629,7634,1300000,5.7,12,2024-05-31,정상
6630,9688,2700000,4.67,6,2024-12-24,완료
6631,6869,1080000,5.5,6,2023-05-10,정상
6632,8008,730000,5.59,6,2023-08-28,연체
6633,2411,1890000,4.79,6,2024-12-07,정상
6634,5629,1680000,5.6,24,2024-04-04,정상
6635,2087,108250000,4.57,60,2023-01-21,완료
6636,729,4590000,4.31,24,2023-05-02,정상
6637,1188,2340000,4.49,6,2023-02-04,정상
6638,7027,730000,6.69,6,2023-01-14,연체
6639,4032,70670000,4.92,24,2024-09-14,정상
6640,9417,2520000,5.58,24,2023-08-06,정상
6641,6046,730000,5.49,6,2024-11-06,연체
6642,6411,2400000,4.71,6,2024-04-09,정상
6643,9758,730000,4.78,6,2024-03-28,정상
6644,7983,850000,5.33,12,2023-03-29,정상
6645,7731,24690000,4.86,60,2023-11-26,정상
6646,9161,5650000,4.95,12,2024-08-10,완료
6647,7462,730000,5.83,6,2024-03-28,정상
6648,7623,20020000,4.98,24,2023-04-20,정상
6649,1095,108250000,5.9,60,2024-06-03,정상
6650,7557,44300000,5.21,24,2023-11-30,완료
6651,1550,25820000,4.47,24,2024-03-01,정상
6652,1655,730000,6.58,24,2023-03-25,정상
6653,6270,22700000,4.08,36,2023-03-16,정상
6654,7974,108250000,5.17,36,2023-09-16,정상
6655,9436,27000000,5.12,24,2024-02-12,정상
6656,5770,2420000,5.06,24,2024-07-02,완료
6657,9548,730000,5.73,24,2023-12-14,연체
6658,1456,730000,5.99,6,2023-07-12,연체
6659,2684,1600000,6.23,24,2023-02-19,정상
6660,846,730000,6.0,12,2023-03-12,정상
6661,7298,2840000,5.07,12,2023-08-31,정상
6662,4523,730000,5.56,6,2023-03-16,정상
6663,9429,12240000,4.39,12,2023-11-07,정상
6664,5598,51050000,4.65,60,2024-09-20,정상
6665,3043,730000,5.64,24,2024-09-07,연체
6666,3383,1140000,5.72,24,2023-09-13,연체
6667,2267,4410000,5.32,24,2023-12-06,연체
6668,413,23310000,4.81,60,2023-12-16,정상
6669,7464,730000,5.16,12,2024-01-06,정상
6670,8118,2200000,5.36,12,2023-01-29,정상
6671,7599,730000,5.26,24,2023-05-21,완료
6672,9044,8240000,4.95,24,2024-05-20,정상
6673,910,1270000,5.42,6,2024-07-05,정상
6674,5334,4940000,4.63,36,2024-10-11,정상
6675,7012,108250000,5.88,36,2023-04-01,정상
6676,1446,4760000,5.53,24,2023-02-08,정상
6677,7182,2780000,5.37,12,2024-08-05,정상
6678,9655,730000,5.34,12,2023-09-14,정상
6679,3404,770000,5.66,6,2024-12-17,완료
6680,3001,740000,5.35,24,2023-04-24,연체
6681,1030,1100000,4.94,12,2024-09-05,연체
6682,5659,4920000,5.46,24,2023-05-10,정상
6683,9887,67110000,4.52,24,2024-04-26,정상
6684,3697,730000,5.25,6,2024-04-09,정상
6685,3188,730000,5.73,6,2024-04-09,연체
6686,1737,730000,5.55,12,2023-06-21,연체
6687,9436,7020000,4.75,12,2024-03-28,정상
6688,5986,1280000,5.99,6,2023-02-13,연체
6689,7902,8590000,4.62,12,2024-05-11,정상
6690,2877,2260000,5.24,6,2023-01-07,정상
6691,8277,108250000,5.78,24,2023-10-20,정상
6692,4583,730000,5.52,6,2023-06-18,정상
6693,3808,1580000,5.36,12,2024-05-12,완료
6694,3307,5540000,5.58,36,2024-08-26,정상
6695,5405,730000,6.06,12,2024-04-10,연체
6696,4593,1870000,4.8,12,2023-04-22,정상
6697,5113,730000,5.74,24,2024-03-21,완료
6698,7529,730000,6.17,6,2023-03-25,연체
6699,8258,2140000,4.91,12,2023-09-08,정상
6700,2766,4420000,4.13,12,2023-01-22,정상
6701,8889,1030000,5.42,24,2023-12-29,연체
6702,9293,730000,5.41,24,2024-08-18,정상
6703,5883,730000,5.9,24,2023-03-27,연체
6704,232,1060000,5.52,12,2024-06-13,연체
6705,9496,2740000,4.78,12,2023-01-27,정상
6706,8144,730000,5.95,24,2023-11-13,연체
6707,2195,2750000,5.07,24,2023-02-28,정상
6708,68,730000,5.43,24,2024-11-17,정상
6709,4475,730000,5.79,12,2024-06-20,연체
6710,6317,2220000,4.19,6,2024-06-17,정상
6711,5879,30720000,4.85,24,2023-03-05,정상
6712,6267,3340000,4.37,24,2024-03-29,정상
6713,2643,23150000,4.54,36,2023-04-14,정상
6714,5009,1590000,5.47,24,2024-01-17,정상
6715,7562,5140000,5.31,12,2023-06-10,완료
6716,6275,13190000,5.29,12,2024-10-31,정상
6717,2724,10690000,5.38,12,2024-03-26,정상
6718,9032,5040000,5.21,36,2024-05-26,연체
6719,1387,2300000,5.06,6,2023-10-22,정상
6720,8509,7330000,4.57,12,2024-05-01,정상
6721,5422,5550000,4.55,12,2024-04-10,완료
6722,7610,2900000,4.72,24,2024-10-21,정상
6723,6183,730000,5.08,24,2024-03-17,정상
6724,19,2670000,5.05,24,2023-01-07,완료
6725,1514,1250000,5.08,6,2024-10-07,정상
6726,6451,108250000,6.92,36,2024-07-24,정상
6727,2102,730000,5.55,12,2024-03-03,정상
6728,1434,1670000,5.25,12,2023-06-29,정상
6729,2077,16880000,5.63,24,2024-06-09,정상
6730,8821,11590000,4.66,36,2024-01-14,정상
6731,6247,730000,5.78,12,2023-03-10,연체
6732,807,1240000,5.15,6,2024-09-06,정상
6733,8906,21600000,5.17,36,2024-02-28,정상
6734,9449,1080000,5.44,24,2023-09-17,연체
6735,733,3800000,5.29,36,2024-09-18,정상
6736,4592,1990000,5.72,12,2023-11-12,정상
6737,562,3830000,4.84,36,2023-06-23,정상
6738,9751,1620000,5.53,6,2024-06-07,정상
6739,3486,1780000,5.11,6,2023-11-03,정상
6740,15,730000,5.91,24,2023-04-09,정상
6741,2255,990000,5.11,6,2024-07-22,정상
6742,2800,1520000,5.04,24,2024-10-10,완료
6743,1014,730000,6.29,24,2023-03-15,연체
6744,8898,52820000,4.65,24,2024-07-19,완료
6745,5705,730000,4.94,12,2023-10-12,정상
6746,4942,730000,5.85,6,2024-10-08,정상
6747,514,12860000,5.07,36,2023-03-14,정상
6748,5399,17290000,4.98,36,2024-07-31,정상
6749,1988,1380000,4.94,24,2023-03-03,정상
6750,3527,11800000,4.03,36,2024-11-11,정상
6751,8899,22200000,3.92,60,2024-06-08,정상
6752,1918,108250000,6.34,24,2023-08-08,정상
6753,3440,930000,5.09,6,2024-01-06,정상
6754,7777,730000,6.28,6,2024-03-25,연체
6755,7432,10920000,5.0,24,2023-12-14,정상
6756,4843,2770000,5.79,6,2024-02-13,정상
6757,1931,730000,5.98,6,2023-09-15,연체
6758,4315,47190000,5.55,36,2024-11-05,정상
6759,9606,730000,5.86,6,2023-08-03,연체
6760,6621,3280000,5.24,36,2024-06-24,정상
6761,9622,4730000,4.82,24,2023-07-03,정상
6762,3328,1130000,5.17,12,2023-02-25,완료
6763,6545,730000,6.6,6,2024-07-07,연체
6764,2361,730000,6.11,24,2024-12-30,연체
6765,915,1550000,4.78,6,2024-12-10,정상
6766,8503,13790000,4.57,36,2023-02-01,정상
6767,9218,1710000,4.94,6,2024-04-18,정상
6768,7674,2330000,4.98,24,2024-08-02,정상
6769,5585,1570000,5.07,6,2023-01-04,정상
6770,1734,1590000,4.9,24,2024-12-17,정상
6771,7044,730000,5.98,12,2023-06-10,연체
6772,7467,730000,5.67,12,2024-05-10,연체
6773,2354,13400000,4.54,36,2024-05-28,정상
6774,4277,64610000,4.83,24,2024-12-09,정상
6775,7646,16340000,4.55,12,2023-03-02,완료
6776,3128,9020000,4.44,36,2024-09-25,정상
6777,1624,2950000,5.03,24,2023-11-21,정상
6778,3050,2190000,4.81,6,2024-03-21,정상
6779,7556,1160000,5.13,6,2023-09-30,완료
6780,8728,6330000,5.28,12,2024-01-16,정상
6781,7467,730000,6.09,24,2024-02-03,연체
6782,5769,730000,5.34,12,2023-08-17,정상
6783,9124,2320000,5.31,24,2023-07-01,완료
6784,855,9200000,5.41,12,2024-05-13,정상
6785,2446,3930000,4.58,36,2023-09-16,정상
6786,5622,1190000,6.02,6,2024-08-15,정상
6787,1419,1230000,5.62,12,2023-04-13,정상
6788,9267,730000,5.62,12,2024-02-29,완료
6789,975,5750000,5.78,12,2023-01-25,정상
6790,2413,730000,5.09,24,2024-05-05,완료
6791,5969,730000,5.97,24,2023-12-28,정상
6792,5526,6740000,5.13,12,2023-07-23,정상
6793,6981,830000,5.65,12,2023-04-04,정상
6794,4935,9360000,4.62,12,2023-02-17,정상
6795,5660,13030000,5.41,36,2023-02-27,정상
6796,6168,12150000,4.85,24,2023-01-04,정상
6797,7669,9850000,5.05,24,2023-05-25,정상
6798,2202,730000,6.45,6,2023-07-16,연체
6799,1797,2410000,4.55,24,2023-09-02,정상
6800,4460,6860000,4.83,24,2023-04-17,정상
6801,3831,2250000,5.15,12,2024-01-02,연체
6802,2226,3560000,4.81,24,2024-03-15,완료
6803,8960,730000,5.07,24,2024-07-23,완료
6804,6763,730000,6.42,12,2023-02-05,연체
6805,2004,1250000,4.93,6,2023-12-18,연체
6806,7546,1100000,4.97,12,2024-12-29,연체
6807,8632,1920000,4.63,12,2023-10-11,정상
6808,2879,3050000,5.13,36,2023-06-24,정상
6809,1804,1490000,5.58,12,2023-03-13,정상
6810,8196,730000,6.01,24,2024-07-31,정상
6811,1056,5150000,5.43,36,2023-02-18,정상
6812,9886,730000,5.65,6,2024-08-10,정상
6813,1069,5930000,4.96,12,2023-01-02,완료
6814,4503,15480000,5.07,24,2024-02-02,완료
6815,8391,3250000,5.34,24,2023-08-03,정상
6816,2039,730000,6.07,6,2023-11-29,연체
6817,7273,13050000,4.72,36,2024-05-11,정상
6818,8467,3320000,5.19,24,2024-05-27,정상
6819,3968,860000,5.71,24,2023-08-30,연체
6820,8386,10680000,3.76,24,2023-11-30,정상
6821,2505,17810000,5.2,36,2023-11-30,정상
6822,3184,1830000,6.0,6,2024-07-13,연체
6823,9113,730000,5.89,6,2024-06-28,정상
6824,9808,108250000,5.73,60,2024-05-20,정상
6825,129,1780000,5.33,24,2024-06-06,정상
6826,509,730000,5.05,12,2023-12-26,정상
6827,6230,1220000,5.52,6,2024-12-26,정상
6828,9496,2510000,5.05,12,2024-02-28,연체
6829,439,2570000,5.34,12,2024-07-31,정상
6830,8968,730000,6.09,12,2023-07-16,연체
6831,796,730000,6.39,6,2023-06-16,연체
6832,4921,730000,5.04,6,2024-11-17,정상
6833,6169,730000,6.51,24,2023-05-21,연체
6834,5033,10120000,5.17,36,2023-07-05,정상
6835,9570,48750000,3.26,24,2024-02-06,정상
6836,6643,730000,6.4,24,2024-03-10,연체
6837,6377,730000,6.07,6,2024-12-15,정상
6838,1374,1100000,4.83,6,2023-02-10,정상
6839,9836,2530000,5.12,12,2023-01-15,연체
6840,4567,1220000,5.0,24,2024-03-19,정상
6841,6774,730000,5.39,6,2024-06-29,연체
6842,4309,840000,5.0,6,2023-05-05,정상
6843,6797,1210000,5.12,6,2024-06-23,정상
6844,4814,3340000,4.54,24,2024-07-04,완료
6845,3122,5070000,5.28,12,2024-04-29,완료
6846,6901,2600000,5.41,12,2024-12-06,연체
6847,1980,4660000,5.23,24,2024-11-15,정상
6848,967,1010000,6.39,24,2024-09-03,정상
6849,796,730000,6.23,12,2023-08-09,정상
6850,474,3870000,4.65,24,2023-07-23,정상
6851,1088,1610000,5.88,6,2023-12-04,완료
6852,7858,1110000,5.04,24,2024-11-03,정상
6853,9948,1350000,5.23,6,2023-03-08,연체
6854,1177,1680000,4.58,12,2024-09-22,완료
6855,7343,770000,5.19,12,2024-09-17,정상
6856,1193,730000,5.58,12,2024-11-11,완료
6857,9213,13590000,5.1,36,2023-01-02,정상
6858,1542,730000,5.17,12,2024-07-28,완료
6859,6301,2040000,4.74,12,2024-11-07,완료
6860,6428,34780000,4.62,36,2023-01-23,정상
6861,281,950000,5.44,24,2023-02-28,연체
6862,9887,87280000,5.03,36,2024-12-19,정상
6863,9161,4570000,4.53,24,2023-08-23,정상
6864,3390,8570000,5.43,36,2023-03-26,완료
6865,6338,1280000,4.86,24,2024-01-28,정상
6866,2072,1750000,4.47,24,2023-09-15,정상
6867,9983,730000,5.58,24,2023-10-16,연체
6868,9381,5930000,5.17,36,2024-12-03,정상
6869,7432,11060000,5.26,36,2024-12-15,정상
6870,9834,10280000,4.23,24,2024-04-01,정상
6871,4820,4800000,4.57,24,2023-07-20,정상
6872,3585,4470000,4.5,36,2023-09-19,정상
6873,738,1050000,5.37,12,2023-03-09,정상
6874,9690,49460000,4.56,36,2024-03-24,정상
6875,3110,730000,6.3,12,2024-04-30,연체
6876,8486,730000,5.81,6,2023-03-04,연체
6877,7672,730000,5.75,6,2024-10-25,연체
6878,5345,910000,5.35,6,2023-04-19,정상
6879,9826,108250000,5.54,24,2023-02-25,정상
6880,6571,730000,5.88,12,2023-11-25,정상
6881,7851,730000,5.06,12,2024-01-22,연체
6882,6818,730000,5.54,12,2024-09-28,연체
6883,8634,34450000,4.65,60,2023-12-23,정상
6884,8797,15100000,4.83,36,2024-02-22,정상
6885,3221,4400000,5.12,24,2024-05-14,정상
6886,6772,29650000,3.99,24,2023-12-11,완료
6887,5578,44010000,4.97,24,2024-07-06,정상
6888,7165,740000,5.2,6,2023-07-09,정상
6889,6926,45720000,5.43,24,2023-07-26,정상
6890,5072,15590000,5.12,12,2024-09-06,정상
6891,1634,1260000,5.13,12,2023-09-16,정상
6892,7593,730000,5.82,12,2023-08-26,연체
6893,3412,24200000,5.71,24,2023-08-22,연체
6894,9309,108250000,5.69,36,2023-07-23,완료
6895,4307,14450000,5.28,12,2024-03-16,정상
6896,9007,1680000,5.12,6,2024-02-14,정상
6897,5405,730000,5.96,12,2023-10-15,정상
6898,9406,3570000,5.17,36,2023-05-12,정상
6899,5511,1580000,5.9,12,2023-11-06,정상
6900,3154,730000,5.55,6,2023-06-24,연체
6901,101,1660000,4.87,6,2024-02-07,정상
6902,4647,1190000,4.77,6,2024-10-30,정상
6903,3173,5770000,4.82,36,2024-03-17,정상
6904,15,730000,5.43,24,2023-05-09,정상
6905,2538,730000,5.53,24,2023-05-03,정상
6906,6744,730000,6.16,24,2024-01-05,정상
6907,9450,3110000,4.32,24,2023-03-29,정상
6908,2364,108250000,5.25,24,2024-02-19,정상
6909,4472,3550000,5.27,24,2024-12-09,연체
6910,4625,730000,6.43,12,2023-10-11,정상
6911,7033,2170000,5.33,6,2023-12-04,연체
6912,327,3090000,4.73,12,2024-10-25,정상
6913,5853,730000,6.48,6,2024-07-06,완료
6914,8437,2630000,5.28,12,2024-10-20,정상
6915,8489,730000,6.66,6,2024-11-19,연체
6916,5097,1540000,5.6,12,2023-09-15,정상
6917,4298,730000,5.34,12,2023-03-24,정상
6918,1492,2470000,5.4,12,2024-04-23,정상
6919,4017,1570000,5.81,24,2023-01-03,연체
6920,7407,5360000,3.98,12,2023-10-27,정상
6921,1097,9910000,5.18,36,2024-12-03,완료
6922,9363,730000,5.81,12,2023-09-04,연체
6923,8641,3680000,5.09,36,2023-08-31,완료
6924,9892,2160000,4.72,6,2023-02-06,정상
6925,7257,13890000,5.13,36,2024-03-27,완료
6926,7446,3620000,5.49,36,2023-11-09,연체
6927,9164,1460000,5.14,6,2024-02-13,연체
6928,7074,3340000,6.04,12,2024-11-05,정상
6929,8375,730000,5.69,12,2023-07-24,연체
6930,3208,5390000,4.92,12,2024-09-09,연체
6931,2381,20470000,4.84,60,2023-04-10,정상
6932,6060,10390000,5.8,36,2023-01-11,완료
6933,8436,730000,5.97,6,2023-08-08,정상
6934,2014,730000,5.93,12,2024-01-16,연체
6935,2212,3450000,5.28,12,2024-05-19,완료
6936,4011,3160000,4.12,12,2023-12-16,정상
6937,8487,101630000,5.58,24,2023-09-27,완료
6938,2969,1830000,5.05,6,2023-07-15,정상
6939,9555,2040000,5.51,24,2024-11-19,정상
6940,730,1470000,5.12,24,2023-07-19,연체
6941,7017,3280000,5.05,24,2024-06-09,완료
6942,19,3820000,4.64,12,2024-06-17,정상
6943,7903,730000,5.99,6,2023-09-01,정상
6944,7294,760000,5.13,24,2024-04-04,정상
6945,8070,6540000,4.72,12,2023-12-03,정상
6946,9478,730000,5.36,24,2023-02-28,연체
6947,676,4530000,4.54,36,2023-10-24,완료
6948,1538,730000,5.4,24,2023-11-08,정상
6949,9674,9920000,4.42,36,2023-05-28,정상
6950,9295,2740000,5.79,12,2023-12-31,정상
6951,7011,7460000,5.16,12,2024-08-28,완료
6952,3929,1760000,5.66,12,2024-11-21,연체
6953,3934,780000,5.47,24,2023-02-18,정상
6954,6099,1120000,5.7,24,2024-11-20,정상
6955,8291,730000,5.87,24,2024-12-10,정상
6956,2704,730000,5.9,6,2024-07-03,연체
6957,2185,730000,6.46,24,2024-03-27,연체
6958,5715,4480000,4.75,24,2023-02-05,정상
6959,8357,1350000,6.07,6,2024-05-15,완료
6960,7014,730000,5.51,6,2023-06-25,정상
6961,7628,1770000,5.0,24,2024-02-22,정상
6962,3422,5630000,4.8,12,2023-11-25,정상
6963,502,8240000,4.94,36,2024-11-20,정상
6964,8587,1750000,5.26,12,2024-11-23,정상
6965,5401,730000,5.4,6,2023-02-21,연체
6966,9234,1630000,5.45,12,2024-07-10,완료
6967,5317,38840000,4.92,60,2023-05-27,정상
6968,6689,730000,5.52,12,2024-01-01,연체
6969,7410,730000,4.79,24,2023-01-17,정상
6970,2399,1950000,4.8,6,2024-10-02,정상
6971,2506,960000,6.58,24,2023-04-15,연체
6972,3134,1790000,5.23,12,2024-11-11,정상
6973,8322,3520000,5.25,24,2023-06-19,정상
6974,3510,2470000,5.77,12,2024-05-17,연체
6975,2883,5770000,4.83,36,2024-06-18,정상
6976,3883,730000,6.26,12,2023-02-05,정상
6977,1719,730000,6.24,12,2023-08-24,연체
6978,1677,1660000,5.14,6,2023-04-09,정상
6979,5998,1020000,5.42,24,2024-01-23,정상
6980,8437,5020000,4.6,36,2023-01-09,정상
6981,6480,860000,5.68,24,2023-08-11,완료
6982,6496,730000,5.23,24,2023-01-01,연체
6983,9150,3430000,4.85,24,2024-08-16,정상
6984,9280,31990000,5.52,36,2024-03-23,정상
6985,3662,1870000,5.31,24,2023-04-23,정상
6986,1059,3650000,4.89,36,2024-07-05,연체
6987,4138,1080000,5.46,12,2024-04-14,정상
6988,8631,64770000,5.41,60,2024-05-07,완료
6989,563,12190000,4.99,12,2023-09-19,정상
6990,6990,1000000,5.42,6,2023-10-05,정상
6991,1847,1700000,5.79,6,2024-05-27,정상
6992,9496,850000,4.9,6,2024-07-23,정상
6993,6799,730000,5.58,12,2024-05-23,정상
6994,7885,13300000,4.55,24,2023-05-24,정상
6995,3687,730000,6.26,24,2023-02-01,연체
6996,7738,1930000,5.56,6,2024-09-06,정상
6997,1008,4300000,5.68,24,2023-11-09,정상
6998,7665,3180000,5.41,36,2023-07-02,정상
6999,3963,2150000,5.03,24,2023-04-08,정상
7000,5210,14270000,5.2,12,2024-11-03,정상
7001,1044,730000,5.51,6,2024-05-13,정상
7002,4558,730000,4.41,6,2024-03-20,정상
7003,7365,730000,6.15,6,2023-12-06,연체
7004,6877,730000,6.12,24,2023-01-24,완료
7005,3627,1500000,4.97,6,2023-02-03,정상
7006,3895,730000,6.07,24,2024-08-17,정상
7007,8176,1190000,4.86,6,2023-06-21,정상
7008,2551,730000,6.29,24,2023-03-26,연체
7009,6302,3200000,4.6,12,2024-03-17,완료
7010,9460,730000,5.43,6,2023-04-18,연체
7011,5654,12540000,4.37,36,2023-01-10,완료
7012,9786,1110000,6.16,6,2024-12-23,정상
7013,1040,1040000,6.06,24,2023-11-13,정상
7014,1468,1280000,5.98,6,2023-07-14,정상
7015,4229,3250000,4.81,36,2024-04-06,정상
7016,6064,108250000,5.33,24,2023-10-29,정상
7017,7190,1140000,5.43,24,2023-06-04,연체
7018,8912,1370000,5.6,24,2023-05-22,정상
7019,4440,3520000,4.98,24,2024-07-17,완료
7020,257,730000,5.01,24,2024-11-10,정상
7021,1643,730000,5.84,6,2023-11-25,연체
7022,3765,2640000,5.57,6,2024-12-27,완료
7023,9875,8260000,5.11,24,2023-12-12,정상
7024,6759,2650000,4.69,6,2024-12-06,정상
7025,9775,35080000,4.35,60,2023-02-24,정상
7026,4807,5970000,5.16,36,2024-07-21,정상
7027,612,3280000,5.35,24,2024-03-18,정상
7028,8972,5010000,5.35,12,2024-11-29,정상
7029,2162,1930000,5.96,12,2024-11-21,연체
7030,3126,51660000,5.18,36,2024-10-08,정상
7031,1483,2250000,4.35,24,2024-10-11,정상
7032,7655,4540000,5.26,36,2023-03-26,정상
7033,8023,1740000,5.11,24,2023-11-17,정상
7034,4479,730000,5.36,12,2024-04-18,완료
7035,7907,5860000,5.89,24,2023-10-12,연체
7036,4737,2910000,5.59,6,2024-09-11,정상
7037,9619,2920000,5.35,6,2024-02-29,정상
7038,6412,7810000,4.78,36,2023-01-29,완료
7039,4246,5600000,4.75,24,2023-10-24,정상
7040,1697,4650000,5.23,36,2023-10-26,정상
7041,2684,1640000,5.51,6,2023-07-04,연체
7042,8104,7500000,4.68,36,2024-08-05,연체
7043,2108,1270000,4.54,12,2024-07-04,완료
7044,5474,730000,5.12,6,2024-06-06,정상
7045,9230,29880000,5.37,60,2023-09-02,정상
7046,2433,730000,5.66,24,2023-11-26,완료
7047,6491,10960000,3.75,12,2023-04-17,정상
7048,2855,730000,5.46,12,2023-07-25,정상
7049,2139,730000,6.15,6,2024-06-20,정상
7050,6816,730000,5.63,12,2023-07-31,정상
7051,1365,730000,5.0,12,2023-11-01,완료
7052,4793,730000,5.34,24,2023-11-18,연체
7053,362,1510000,4.91,24,2024-02-24,정상
7054,5957,1140000,5.6,12,2024-10-29,정상
7055,2728,1270000,5.59,12,2024-07-04,정상
7056,779,730000,5.35,6,2024-06-17,정상
7057,384,3460000,5.16,24,2023-06-06,정상
7058,95,2560000,5.74,6,2023-04-01,연체
7059,4684,108250000,5.33,24,2024-10-09,정상
7060,7869,5700000,4.84,36,2024-04-16,정상
7061,7684,980000,5.33,12,2024-12-31,정상
7062,3509,3890000,4.6,12,2023-07-11,정상
7063,1041,2060000,4.9,24,2024-02-07,연체
7064,3572,730000,5.79,12,2024-07-13,정상
7065,1127,730000,5.4,24,2023-02-21,정상
7066,4645,22670000,4.88,36,2024-02-07,정상
7067,7531,1170000,5.57,6,2024-07-06,정상
7068,1067,2950000,5.93,6,2023-07-21,정상
7069,7123,1270000,4.98,6,2024-01-17,정상
7070,6033,7330000,4.62,24,2023-10-27,정상
7071,5435,730000,6.18,24,2023-09-14,연체
7072,6884,730000,5.88,12,2023-10-03,연체
7073,1019,730000,5.56,12,2024-07-31,연체
7074,3116,7970000,5.19,12,2023-01-10,정상
7075,9371,2570000,5.37,12,2023-07-11,완료
7076,8768,108250000,5.84,36,2023-07-19,완료
7077,7473,730000,6.36,6,2023-11-09,연체
7078,3435,3460000,5.27,36,2023-07-17,연체
7079,6312,16310000,4.65,12,2023-10-22,완료
7080,6191,1570000,5.55,24,2024-11-20,정상
7081,6035,1290000,4.91,6,2023-03-31,완료
7082,6796,6950000,5.77,12,2023-11-03,정상
7083,2740,730000,6.05,6,2024-11-06,연체
7084,7733,760000,5.68,24,2023-09-06,연체
7085,1352,20850000,5.05,60,2023-03-08,정상
7086,9560,13110000,5.24,36,2024-04-29,정상
7087,3790,27260000,4.85,24,2023-06-10,연체
7088,542,1000000,5.4,12,2024-06-21,연체
7089,9642,4780000,5.25,36,2024-01-26,정상
7090,8717,1340000,4.92,12,2024-04-30,정상
7091,6264,730000,5.81,24,2023-09-19,연체
7092,6450,730000,6.58,6,2023-12-10,연체
7093,8432,1420000,4.81,24,2024-07-01,완료
7094,8733,730000,5.53,6,2024-02-15,연체
7095,8781,61420000,5.04,24,2024-05-30,완료
7096,3154,730000,5.37,24,2024-11-03,완료
7097,6557,730000,5.32,6,2023-04-26,정상
7098,6938,1060000,4.54,24,2023-06-24,정상
7099,5750,10440000,4.44,36,2024-10-31,정상
7100,7074,1790000,4.56,12,2023-12-25,정상
7101,1872,2990000,4.97,24,2023-12-23,정상
7102,7949,750000,4.8,12,2024-10-29,정상
7103,8883,3090000,5.34,36,2023-08-22,정상
7104,9878,2120000,5.29,12,2024-01-05,연체
7105,2392,3230000,4.87,24,2023-06-19,완료
7106,499,7090000,4.9,24,2023-10-24,정상
7107,7777,730000,6.04,12,2024-01-23,연체
7108,9036,3760000,5.67,12,2023-08-29,정상
7109,1465,730000,6.09,6,2024-03-23,정상
7110,1341,1580000,5.51,24,2024-12-01,연체
7111,6021,3390000,4.93,12,2024-05-16,완료
7112,3378,730000,5.56,24,2023-02-04,연체
7113,6308,1030000,6.4,12,2024-03-07,연체
7114,1402,730000,5.52,6,2023-04-10,연체
7115,8888,56500000,4.67,60,2023-02-27,정상
7116,1889,8860000,5.66,24,2024-03-10,정상
7117,6442,730000,5.53,6,2023-11-06,연체
7118,3186,4040000,5.19,24,2023-01-11,정상
7119,8000,730000,5.47,24,2023-02-08,연체
7120,5820,108250000,5.73,60,2023-07-14,정상
7121,6644,760000,4.94,24,2024-02-19,연체
7122,6654,730000,5.82,12,2023-07-20,정상
7123,7246,29070000,5.29,24,2024-07-10,정상
7124,487,15290000,5.13,12,2024-05-12,정상
7125,8057,19440000,4.46,12,2024-07-21,정상
7126,9084,3800000,4.58,24,2024-08-02,연체
7127,5255,29080000,5.24,24,2023-11-12,정상
7128,933,8360000,5.18,12,2024-01-11,정상
7129,7762,730000,6.28,6,2023-05-04,정상
7130,7329,1770000,5.06,6,2023-12-23,완료
7131,6929,2070000,5.83,24,2024-02-06,정상
7132,5678,2200000,5.18,24,2024-10-12,정상
7133,3363,1860000,5.23,6,2023-11-08,정상
7134,3943,1660000,5.88,12,2024-12-03,정상
7135,3033,730000,5.93,12,2024-06-19,정상
7136,7993,730000,6.01,24,2024-12-11,완료
7137,640,15720000,4.97,24,2024-06-14,정상
7138,9647,730000,5.72,6,2024-06-01,정상
7139,3636,30800000,4.97,24,2024-12-18,정상
7140,1399,1030000,5.59,6,2024-06-14,연체
7141,9707,20910000,5.77,36,2023-01-29,완료
7142,1861,1920000,5.56,6,2023-12-06,정상
7143,4109,730000,5.48,12,2024-02-15,정상
7144,3403,730000,5.76,6,2024-03-09,정상
7145,1913,24130000,4.5,36,2023-01-12,정상
7146,1858,20850000,4.81,36,2023-11-29,정상
7147,1214,1140000,5.21,24,2024-03-14,연체
7148,5250,730000,5.64,24,2024-12-23,연체
7149,3642,730000,5.7,12,2023-11-12,연체
7150,3902,5800000,5.6,24,2024-09-03,연체
7151,2696,4720000,5.21,36,2023-06-02,정상
7152,7189,730000,6.2,6,2023-04-15,연체
7153,1551,6040000,4.64,36,2024-12-07,연체
7154,7086,2120000,4.58,24,2023-04-06,연체
7155,1791,25060000,5.02,24,2024-05-12,정상
7156,4773,3730000,5.68,12,2024-10-10,정상
7157,392,7970000,4.56,36,2023-06-26,정상
7158,1295,990000,5.13,24,2024-05-11,정상
7159,718,2630000,5.05,24,2023-09-21,정상
7160,5652,4660000,4.86,12,2023-06-23,정상
7161,566,7220000,5.62,12,2023-03-07,정상
7162,5483,730000,5.73,12,2024-06-09,정상
7163,8564,10780000,4.93,24,2024-06-20,정상
7164,9397,54810000,4.84,24,2023-09-05,정상
7165,2701,1530000,5.16,12,2023-02-18,연체
7166,5448,730000,6.09,12,2024-07-05,완료
7167,312,1460000,4.93,6,2024-10-06,연체
7168,7415,18580000,5.87,12,2023-12-09,정상
7169,6276,730000,6.11,6,2023-03-10,연체
7170,2137,980000,5.34,12,2023-05-04,정상
7171,5353,730000,5.77,24,2023-11-06,정상
7172,3931,1660000,5.91,6,2023-05-27,연체
7173,8364,730000,6.2,24,2024-07-04,연체
7174,3752,990000,5.48,24,2023-07-29,연체
7175,3552,72070000,5.17,60,2024-11-07,정상
7176,4543,30310000,5.01,24,2023-03-04,정상
7177,2115,1180000,5.16,6,2023-03-09,정상
7178,920,12100000,4.25,36,2024-04-03,정상
7179,7164,57230000,4.62,24,2023-07-12,완료
7180,2363,27920000,5.15,60,2023-09-12,완료
7181,1216,730000,5.7,12,2024-06-14,연체
7182,3098,3820000,5.24,24,2024-12-17,완료
7183,9380,31360000,4.83,36,2024-04-10,정상
7184,8389,730000,5.51,6,2024-02-24,정상
7185,4116,4700000,4.87,24,2023-04-22,정상
7186,1112,730000,6.03,24,2023-08-29,정상
7187,3579,730000,5.53,6,2023-06-25,연체
7188,6586,730000,5.7,24,2023-10-19,정상
7189,9872,15910000,4.53,12,2023-06-03,정상
7190,5002,730000,4.45,24,2023-12-08,정상
7191,6198,1770000,4.54,12,2024-04-10,정상
7192,4176,7490000,5.29,24,2023-08-27,완료
7193,7502,1920000,5.01,6,2023-12-05,정상
7194,5942,3270000,4.59,12,2024-07-04,정상
7195,7952,107330000,5.44,24,2023-03-20,정상
7196,8863,730000,5.31,12,2024-08-11,정상
7197,8671,14980000,4.45,12,2023-03-14,정상
7198,6877,730000,5.68,24,2024-03-26,연체
7199,972,730000,5.86,12,2024-12-26,정상
7200,868,840000,5.33,24,2023-02-18,정상
7201,5334,2820000,4.92,6,2023-09-05,정상
7202,5147,730000,5.63,24,2023-03-21,연체
7203,271,3250000,5.3,36,2024-02-17,연체
7204,2084,1520000,5.35,6,2024-07-31,정상
7205,2849,61780000,5.42,24,2024-06-13,정상
7206,3304,730000,5.51,12,2023-06-04,연체
7207,1872,1210000,5.32,12,2024-12-21,연체
7208,1043,730000,5.88,24,2024-10-09,연체
7209,535,730000,6.14,6,2024-08-11,연체
7210,4252,730000,5.38,6,2024-08-01,연체
7211,7414,730000,5.62,24,2024-01-04,정상
7212,526,8770000,5.38,36,2023-09-10,정상
7213,4240,8070000,4.87,36,2024-07-03,정상
7214,9429,9830000,4.47,36,2024-09-24,정상
7215,1881,2640000,5.47,12,2024-05-31,정상
7216,1630,730000,5.22,12,2023-08-20,정상
7217,6410,1590000,4.99,24,2023-01-02,완료
7218,3924,940000,5.44,24,2024-02-03,정상
7219,1079,730000,6.16,24,2024-10-07,연체
7220,6693,108250000,5.07,60,2023-05-18,정상
7221,1582,730000,5.21,6,2024-11-20,연체
7222,2550,1420000,4.78,24,2023-12-07,정상
7223,2752,50920000,4.12,36,2024-06-02,정상
7224,4097,730000,6.16,24,2023-08-22,정상
7225,9003,23650000,4.25,24,2024-06-25,정상
7226,1150,730000,6.25,12,2024-11-03,완료
7227,2078,3320000,5.12,24,2024-08-30,정상
7228,8393,45240000,5.2,36,2023-01-11,정상
7229,4239,3670000,5.19,36,2024-07-10,정상
7230,4551,1270000,5.45,24,2023-11-02,완료
7231,4301,16350000,4.68,24,2023-03-19,완료
7232,1946,16050000,4.6,24,2024-03-25,정상
7233,4956,2670000,4.39,12,2023-11-13,정상
7234,9064,108250000,6.23,36,2024-08-06,정상
7235,7102,9850000,4.77,36,2023-06-18,정상
7236,2485,3600000,4.62,36,2024-11-18,정상
7237,7393,1720000,5.64,24,2024-07-01,정상
7238,7515,12880000,4.81,36,2023-02-24,정상
7239,2918,1850000,5.21,12,2023-04-13,완료
7240,9773,2350000,4.51,12,2023-09-01,완료
7241,8609,2260000,5.58,12,2023-10-19,정상
7242,3437,900000,5.64,24,2024-12-24,정상
7243,1216,730000,6.2,24,2023-07-04,연체
7244,7456,8970000,5.28,24,2023-01-29,정상
7245,4354,2430000,5.81,24,2023-02-22,연체
7246,1907,10200000,4.69,24,2023-11-10,정상
7247,5491,108250000,5.8,36,2024-08-26,정상
7248,3114,2280000,5.37,12,2024-03-24,정상
7249,5713,2990000,5.3,12,2024-05-06,정상
7250,2646,13020000,4.99,36,2024-08-19,완료
7251,4516,3330000,4.83,36,2024-03-28,정상
7252,9264,3760000,5.22,12,2023-11-13,정상
7253,1611,67290000,4.91,60,2024-01-16,정상
7254,1633,1750000,5.04,24,2023-11-03,연체
7255,2594,730000,5.79,12,2024-09-17,연체
7256,1193,730000,5.97,6,2024-12-22,정상
7257,2326,800000,5.59,6,2023-09-22,연체
7258,9448,3240000,5.49,24,2024-05-29,정상
7259,5949,730000,5.91,24,2024-03-17,연체
7260,8674,790000,6.01,6,2024-03-06,정상
7261,7807,6370000,5.48,36,2023-08-16,정상
7262,875,1170000,6.02,24,2024-01-26,정상
7263,878,2960000,4.85,6,2023-05-19,연체
7264,8184,22700000,4.81,60,2023-02-23,정상
7265,7357,23430000,5.08,24,2023-12-25,정상
7266,3794,730000,6.97,12,2024-12-07,완료
7267,4370,730000,5.66,12,2023-04-25,연체
7268,7229,1040000,5.76,6,2024-07-07,정상
7269,2716,730000,4.9,12,2023-02-04,완료
7270,3084,108250000,5.94,24,2024-09-22,완료
7271,6324,11940000,4.58,36,2024-09-05,정상
7272,6099,1250000,4.95,6,2023-05-27,정상
7273,8553,44270000,4.27,36,2023-11-10,정상
7274,3358,2030000,5.37,6,2023-10-06,정상
7275,8705,1670000,4.58,12,2023-02-08,정상
7276,2690,1270000,5.19,12,2024-02-21,정상
7277,7648,6180000,5.13,12,2023-05-07,정상
7278,4001,1520000,6.48,6,2023-06-30,연체
7279,5658,730000,5.22,6,2024-12-03,정상
7280,7572,730000,5.35,12,2024-03-23,정상
7281,5465,870000,5.39,12,2024-12-27,정상
7282,6479,730000,5.08,24,2024-02-21,정상
7283,5053,17460000,4.91,24,2023-04-15,정상
7284,8839,1920000,5.32,12,2024-12-09,정상
7285,5568,730000,5.46,24,2024-01-07,정상
7286,877,23090000,4.43,24,2024-10-06,정상
7287,9253,730000,4.87,6,2023-11-14,정상
7288,5465,750000,5.86,6,2023-04-21,정상
7289,9163,730000,5.27,6,2024-10-06,연체
7290,6414,108250000,5.73,24,2023-02-21,정상
7291,4597,1500000,5.17,12,2023-07-10,정상
7292,2315,25750000,5.32,24,2023-01-24,완료
7293,3278,1490000,4.71,12,2023-09-15,완료
7294,6595,970000,5.28,12,2023-07-28,연체
7295,9098,15350000,6.6,36,2024-11-15,정상
7296,7685,18780000,5.27,12,2024-11-29,정상
7297,7652,1250000,5.6,6,2024-10-23,정상
7298,2614,2020000,4.07,24,2023-06-23,완료
7299,3658,5420000,5.06,36,2023-12-03,연체
7300,1414,14500000,4.14,12,2023-09-04,정상
7301,5985,2260000,4.02,24,2023-12-08,정상
7302,9478,730000,6.15,6,2024-04-21,연체
7303,1687,8800000,5.27,36,2023-01-03,정상
7304,3977,730000,5.65,24,2024-10-10,연체
7305,8122,1600000,5.06,12,2023-03-11,완료
7306,6011,730000,6.12,24,2023-09-01,정상
7307,1492,2840000,5.21,24,2024-06-27,정상
7308,4688,4750000,5.35,36,2023-04-10,완료
7309,9869,1010000,5.51,6,2023-11-03,연체
7310,1744,7110000,5.6,24,2024-07-11,정상
7311,7299,750000,5.46,12,2023-04-17,정상
7312,2888,15300000,4.27,36,2024-04-29,정상
7313,8618,730000,5.38,24,2023-10-30,정상
7314,8731,2260000,5.96,12,2023-08-11,정상
7315,5181,730000,5.06,24,2024-01-01,정상
7316,8173,1400000,5.53,12,2024-06-17,정상
7317,5661,2340000,5.02,12,2023-10-26,완료
7318,6551,10620000,4.22,24,2024-02-03,정상
7319,4921,730000,5.39,12,2024-06-18,정상
7320,8345,108250000,6.58,60,2023-06-02,정상
7321,8356,1350000,4.35,6,2024-01-28,정상
7322,8722,730000,5.81,6,2023-11-28,정상
7323,2285,890000,4.73,6,2023-11-12,정상
7324,9594,3040000,4.52,12,2024-01-29,정상
7325,5798,2710000,5.44,12,2023-05-23,정상
7326,4696,11280000,4.6,12,2024-03-20,정상
7327,9173,9950000,5.64,24,2023-03-05,정상
7328,658,730000,5.71,24,2023-07-25,정상
7329,9332,1700000,5.63,6,2023-01-29,정상
7330,5887,33330000,4.75,60,2023-03-05,정상
7331,9232,1440000,5.21,12,2023-10-02,정상
7332,3540,27580000,5.65,36,2023-08-28,정상
7333,4555,730000,5.15,24,2023-05-11,완료
7334,2256,11420000,5.16,12,2024-09-16,완료
7335,6666,3730000,5.1,36,2023-06-21,완료
7336,9833,730000,5.92,6,2023-08-29,연체
7337,5349,23440000,5.44,36,2023-03-08,완료
7338,8568,22400000,5.27,36,2023-05-22,정상
7339,1260,8110000,5.19,12,2023-08-15,정상
7340,5983,46750000,5.07,24,2023-06-27,정상
7341,4206,830000,5.97,6,2023-10-02,정상
7342,2601,2750000,5.69,24,2024-06-13,정상
7343,5426,31570000,5.29,60,2024-06-15,정상
7344,6325,3610000,4.53,12,2024-04-20,정상
7345,3122,3770000,5.07,36,2023-06-06,정상
7346,2793,6900000,5.46,24,2023-04-08,정상
7347,981,900000,4.87,6,2023-03-19,정상
7348,8693,730000,5.26,12,2023-05-16,연체
7349,5323,1730000,5.44,12,2024-04-26,정상
7350,4053,13080000,5.86,12,2024-11-16,정상
7351,6007,1430000,4.71,24,2023-09-28,연체
7352,8250,1250000,5.31,12,2023-04-27,정상
7353,7718,7700000,4.78,24,2023-02-06,연체
7354,8350,1570000,5.93,24,2023-11-11,정상
7355,8325,11660000,4.97,24,2023-03-29,정상
7356,5204,990000,5.27,6,2023-03-22,정상
7357,8723,3600000,4.87,24,2024-08-31,정상
7358,327,3020000,5.82,12,2024-04-07,정상
7359,1950,730000,6.23,6,2024-03-12,연체
7360,926,6890000,4.24,36,2023-04-13,완료
7361,1579,730000,6.09,6,2024-07-31,정상
7362,4151,850000,5.21,24,2023-10-27,정상
7363,855,4560000,4.96,36,2024-08-05,정상
7364,5573,730000,6.46,24,2024-05-19,정상
7365,7474,1050000,6.11,24,2023-09-07,연체
7366,3778,3360000,5.59,12,2024-10-29,정상
7367,6886,3190000,5.18,24,2023-04-06,완료
7368,4740,730000,5.79,12,2023-02-19,정상
7369,4101,47790000,5.54,24,2023-03-09,정상
7370,5137,1240000,5.57,6,2023-03-04,정상
7371,9011,1880000,5.22,6,2023-10-08,정상
7372,3599,1980000,5.09,12,2023-10-29,정상
7373,3901,2480000,5.13,24,2024-08-29,정상
7374,3940,25470000,5.46,24,2024-09-21,정상
7375,1189,2070000,5.55,12,2024-08-31,정상
7376,7706,4790000,5.05,24,2023-10-29,정상
7377,4134,108250000,5.81,36,2023-03-12,정상
7378,9577,730000,5.32,6,2023-09-17,정상
7379,3805,28920000,5.29,60,2023-01-07,정상
7380,8520,3950000,4.81,24,2024-03-27,연체
7381,3662,730000,5.63,12,2023-11-17,정상
7382,9725,4040000,4.85,24,2024-12-26,정상
7383,7911,730000,6.34,24,2024-07-30,정상
7384,9625,4460000,5.11,24,2023-12-30,정상
7385,9278,1890000,5.44,24,2024-10-09,정상
7386,9442,4970000,4.98,24,2024-01-21,정상
7387,954,1530000,4.51,24,2023-04-09,연체
7388,8372,1040000,5.26,24,2024-01-25,정상
7389,3919,3360000,4.77,24,2023-10-12,완료
7390,6736,1080000,4.72,6,2024-12-20,완료
7391,9520,49700000,5.21,24,2024-06-05,정상
7392,3499,730000,5.67,12,2023-04-12,연체
7393,5270,4680000,5.25,36,2023-08-14,정상
7394,4440,1100000,5.13,12,2024-04-19,정상
7395,4971,8050000,4.93,24,2024-11-25,정상
7396,9242,7090000,4.6,36,2023-12-09,완료
7397,613,4090000,4.51,24,2024-01-10,정상
7398,1806,730000,5.59,6,2024-03-27,정상
7399,5922,1590000,4.29,6,2023-03-05,정상
7400,7942,3700000,5.27,24,2023-05-01,정상
7401,2878,75620000,5.33,36,2024-08-04,정상
7402,5499,6010000,4.44,24,2024-03-20,완료
7403,7675,61460000,4.98,60,2024-11-06,연체
7404,5816,730000,5.73,24,2024-06-04,정상
7405,6929,1810000,5.56,24,2023-08-24,정상
7406,5061,730000,5.51,12,2023-11-29,연체
7407,8096,37330000,4.57,24,2024-03-16,완료
7408,57,1050000,6.42,6,2023-08-25,연체
7409,7566,1340000,5.06,24,2024-04-13,정상
7410,9236,2900000,5.24,12,2024-06-20,정상
7411,1938,730000,6.02,12,2024-08-25,정상
7412,9,11120000,4.75,24,2023-09-17,정상
7413,346,730000,5.19,24,2023-01-30,정상
7414,112,31120000,5.24,60,2024-04-11,정상
7415,2591,41060000,5.06,60,2024-05-26,정상
7416,9641,17100000,4.83,12,2023-02-23,정상
7417,8374,3090000,4.91,12,2023-03-27,정상
7418,9436,12120000,4.89,36,2023-09-27,정상
7419,3762,730000,6.0,24,2023-10-10,연체
7420,3244,27750000,4.73,36,2024-11-22,완료
7421,3380,2160000,4.66,12,2023-02-22,정상
7422,7576,10830000,4.96,24,2024-10-16,정상
7423,8470,2070000,5.57,6,2023-08-12,정상
7424,4593,1370000,4.93,6,2023-05-09,정상
7425,1475,730000,5.53,24,2024-02-18,연체
7426,49,3170000,4.95,24,2023-01-11,정상
7427,1463,730000,5.08,12,2024-07-12,연체
7428,8832,10770000,5.25,24,2024-03-05,정상
7429,3951,15380000,4.98,36,2023-10-31,정상
7430,734,760000,5.17,24,2023-04-07,정상
7431,5010,730000,5.52,24,2024-06-24,연체
7432,6901,1380000,5.2,12,2023-02-27,정상
7433,8382,2730000,5.61,12,2023-08-15,정상
7434,2618,3020000,5.08,36,2024-10-05,정상
7435,2719,910000,6.55,24,2024-11-20,정상
7436,1763,730000,6.21,12,2023-04-09,정상
7437,988,730000,4.69,24,2023-03-17,연체
7438,3350,1150000,5.29,6,2024-05-05,정상
7439,5623,730000,4.04,6,2023-10-11,완료
7440,1050,730000,5.59,6,2023-04-23,완료
7441,5576,940000,5.44,6,2024-03-20,정상
7442,9376,1060000,5.39,24,2023-10-14,연체
7443,4308,730000,5.93,24,2023-04-26,완료
7444,6380,730000,5.94,24,2024-05-22,연체
7445,6548,5270000,5.51,24,2024-04-16,정상
7446,40,730000,5.07,24,2023-11-16,완료
7447,5318,4850000,4.62,24,2023-01-14,정상
7448,3747,4410000,4.61,36,2024-10-13,완료
7449,3882,2180000,5.62,6,2024-06-18,정상
7450,8306,730000,5.74,24,2023-02-08,정상
7451,4326,3280000,4.66,24,2023-04-17,정상
7452,6915,40360000,4.68,60,2024-09-08,정상
7453,4207,950000,5.49,24,2024-11-13,연체
7454,8795,730000,4.94,12,2023-04-15,연체
7455,1786,19840000,5.5,12,2024-10-23,정상
7456,1175,3120000,5.96,12,2024-08-21,정상
7457,3160,3190000,4.68,24,2023-06-13,정상
7458,4173,3040000,4.73,12,2023-05-23,정상
7459,4115,1150000,5.01,12,2024-05-24,정상
7460,1546,1920000,4.83,24,2023-07-25,정상
7461,2036,730000,5.13,6,2023-12-02,연체
7462,1390,1980000,5.62,24,2024-01-30,연체
7463,1780,2800000,4.57,6,2023-06-06,정상
7464,1969,1150000,5.47,24,2023-07-11,연체
7465,667,2780000,5.05,24,2023-05-17,완료
7466,4390,1130000,6.51,24,2023-12-25,정상
7467,749,20930000,4.73,36,2024-01-19,정상
7468,5774,730000,5.33,24,2024-12-10,정상
7469,2967,1990000,4.97,6,2023-10-12,연체
7470,3002,3700000,5.18,12,2023-03-07,정상
7471,5200,2310000,5.12,12,2024-02-08,정상
7472,3748,45150000,5.22,24,2023-08-31,정상
7473,8303,5720000,4.95,24,2024-05-12,완료
7474,3245,1870000,4.87,12,2023-11-05,정상
7475,3596,730000,6.1,12,2024-10-11,정상
7476,7068,750000,5.82,12,2023-07-26,정상
7477,6405,14630000,5.2,36,2024-05-30,정상
7478,5075,12710000,4.47,12,2023-06-29,정상
7479,3535,730000,5.4,24,2024-01-19,완료
7480,2409,79070000,5.57,24,2024-08-29,정상
7481,8880,7380000,4.15,12,2023-04-26,정상
7482,9960,25890000,5.28,24,2024-06-07,정상
7483,7803,730000,5.62,12,2024-08-13,연체
7484,6889,6110000,4.65,24,2024-05-20,정상
7485,1101,17730000,4.95,36,2024-04-24,정상
7486,7224,6210000,4.62,36,2024-07-03,정상
7487,2730,1070000,4.9,6,2023-06-15,정상
7488,4173,1060000,5.53,6,2023-01-29,정상
7489,6980,2620000,5.18,24,2023-03-21,정상
7490,2916,730000,6.11,24,2024-06-28,정상
7491,210,910000,5.25,24,2024-03-23,연체
7492,3615,15700000,5.57,24,2024-12-31,연체
7493,9947,760000,5.86,12,2023-08-20,연체
7494,3066,8910000,4.65,24,2024-07-27,정상
7495,4604,730000,5.19,24,2023-12-12,정상
7496,7111,1000000,5.31,24,2023-06-25,정상
7497,9487,1820000,5.15,12,2024-01-29,완료
7498,8390,3650000,4.78,36,2024-12-14,정상
7499,5734,3460000,5.15,24,2023-08-08,연체
7500,3281,29550000,4.44,60,2024-08-22,정상
7501,7434,2570000,5.42,24,2024-04-21,정상
7502,9260,14790000,4.21,24,2024-11-06,완료
7503,5526,9620000,4.98,24,2023-03-24,정상
7504,3039,960000,5.67,12,2023-09-11,정상
7505,865,12180000,4.17,12,2024-08-24,정상
7506,6623,6960000,5.05,12,2024-12-28,완료
7507,7597,14710000,4.23,12,2023-11-18,정상
7508,7118,730000,5.13,6,2023-10-17,연체
7509,7888,2860000,5.24,24,2024-11-22,정상
7510,4950,12020000,4.75,12,2023-02-04,정상
7511,6062,4230000,5.19,24,2024-08-15,정상
7512,6859,730000,5.47,24,2023-05-07,연체
7513,7158,730000,5.76,6,2023-07-28,정상
7514,310,6430000,5.24,36,2023-01-19,정상
7515,7471,870000,5.0,12,2023-02-07,연체
7516,9189,730000,5.22,24,2023-11-11,정상
7517,6415,810000,5.51,6,2023-06-27,정상
7518,1124,4290000,5.29,36,2024-10-16,정상
7519,8842,15550000,4.06,36,2023-06-26,정상
7520,4678,19750000,5.0,36,2024-06-18,정상
7521,2194,1390000,4.7,24,2023-03-16,연체
7522,3347,1930000,4.9,12,2023-05-09,정상
7523,6356,28770000,4.86,24,2024-06-15,정상
7524,4440,2350000,5.46,24,2023-11-16,완료
7525,5576,730000,6.24,24,2024-08-30,정상
7526,5068,27520000,5.12,36,2023-02-23,정상
7527,5539,730000,5.34,12,2024-12-15,연체
7528,6793,3160000,4.82,36,2023-08-05,정상
7529,4715,6020000,5.16,24,2024-02-09,완료
7530,5182,6930000,4.69,12,2024-09-09,완료
7531,8517,9730000,5.25,12,2024-03-28,정상
7532,1785,6270000,5.3,12,2023-07-06,정상
7533,7355,11260000,4.35,24,2023-11-09,정상
7534,6529,29430000,4.85,24,2024-02-14,정상
7535,4932,3660000,5.44,12,2024-06-12,정상
7536,8378,5540000,4.77,36,2024-11-06,정상
7537,1585,730000,6.04,6,2023-03-14,연체
7538,7154,6920000,4.34,12,2024-01-22,정상
7539,593,2060000,5.09,24,2024-12-25,정상
7540,6416,2100000,5.34,24,2024-04-09,정상
7541,1077,3900000,5.88,24,2024-09-04,정상
7542,163,9600000,5.21,24,2024-09-24,정상
7543,8195,11640000,4.99,24,2024-07-04,정상
7544,5571,1040000,6.04,24,2023-08-07,정상
7545,1517,2410000,4.77,6,2024-08-07,정상
7546,6587,730000,5.82,6,2024-06-15,정상
7547,6202,780000,5.22,24,2023-05-30,정상
7548,8772,730000,6.34,24,2023-04-04,연체
7549,957,12440000,4.59,24,2024-11-16,정상
7550,4062,12890000,4.68,36,2024-05-04,정상
7551,3449,2300000,5.25,12,2024-05-03,정상
7552,8033,36680000,4.99,36,2023-10-02,정상
7553,8487,59970000,6.13,60,2023-04-04,정상
7554,4021,50240000,5.76,60,2023-08-01,정상
7555,4135,730000,6.28,6,2023-10-05,연체
7556,147,2270000,5.19,12,2023-05-07,정상
7557,6170,11350000,4.28,12,2023-11-25,정상
7558,5954,730000,5.15,24,2024-09-15,정상
7559,972,730000,6.45,24,2023-07-12,연체
7560,2418,6030000,4.91,24,2024-07-16,정상
7561,7518,12660000,5.11,12,2024-08-10,정상
7562,7098,730000,6.41,12,2024-07-28,연체
7563,6342,3060000,5.9,36,2023-05-31,정상
7564,3330,59860000,5.06,60,2023-08-14,완료
7565,6429,1690000,5.09,24,2023-07-01,완료
7566,3937,2810000,5.18,12,2024-08-30,연체
7567,173,5700000,4.73,36,2024-08-08,정상
7568,1267,29300000,5.1,60,2024-07-02,정상
7569,7413,9120000,4.51,36,2023-05-05,완료
7570,9222,19610000,4.38,36,2024-11-02,정상
7571,2836,14420000,4.79,24,2023-05-17,정상
7572,6731,730000,4.93,24,2023-11-30,연체
7573,3300,730000,5.67,12,2023-12-23,완료
7574,6765,24880000,4.94,36,2023-03-13,완료
7575,2205,3000000,4.52,24,2024-08-30,정상
7576,5875,730000,5.53,12,2024-07-01,연체
7577,4062,7080000,4.01,24,2023-08-05,정상
7578,689,730000,6.1,6,2023-02-27,연체
7579,727,29290000,4.95,24,2023-08-07,정상
7580,1473,42710000,5.65,24,2024-04-29,정상
7581,4218,1210000,5.73,6,2023-11-14,정상
7582,8754,108250000,5.74,36,2023-01-01,정상
7583,1240,2290000,4.59,24,2023-08-31,정상
7584,844,790000,5.52,6,2023-04-30,정상
7585,9963,3150000,5.65,24,2023-05-30,정상
7586,1018,1400000,5.37,24,2024-09-03,연체
7587,2992,730000,5.51,6,2024-03-25,정상
7588,6406,730000,5.41,12,2024-06-12,정상
7589,1965,9140000,5.06,36,2024-04-10,정상
7590,6929,2480000,6.07,6,2023-10-03,정상
7591,9706,2200000,5.15,6,2024-10-07,정상
7592,7566,3260000,5.61,24,2024-08-06,정상
7593,4957,1890000,5.57,12,2023-07-05,정상
7594,7816,730000,5.67,12,2023-06-30,정상
7595,2505,6890000,4.68,24,2024-12-08,정상
7596,6943,730000,6.07,24,2024-03-17,연체
7597,7852,33080000,5.06,36,2023-05-25,완료
7598,5219,1050000,5.22,6,2023-03-07,정상
7599,3254,51140000,5.31,36,2024-01-08,정상
7600,6159,9310000,4.79,12,2024-10-30,정상
7601,1328,67310000,5.5,36,2023-06-16,정상
7602,5913,5860000,4.7,36,2024-12-03,정상
7603,7183,7730000,5.96,36,2024-06-01,완료
7604,7954,1580000,5.39,6,2023-06-25,완료
7605,6361,14570000,4.29,36,2023-07-08,정상
7606,6986,1690000,5.23,6,2023-04-15,연체
7607,6487,760000,5.39,12,2023-11-30,연체
7608,2330,21790000,4.79,60,2024-12-13,정상
7609,7012,97720000,5.29,60,2023-07-31,정상
7610,7663,730000,6.1,12,2024-01-12,완료
7611,7406,1400000,5.79,12,2023-06-05,연체
7612,5915,730000,5.79,24,2024-08-09,연체
7613,1142,880000,5.46,12,2023-04-23,정상
7614,5858,1690000,5.23,6,2024-05-07,정상
7615,541,1140000,5.36,24,2023-06-22,정상
7616,9392,3670000,5.14,12,2023-04-06,정상
7617,3239,18190000,5.35,24,2023-02-18,완료
7618,8523,2950000,5.54,24,2024-08-28,정상
7619,651,730000,5.7,12,2024-06-18,정상
7620,4128,1510000,4.74,24,2023-01-27,정상
7621,6296,3860000,5.03,24,2024-09-22,정상
7622,1545,2100000,4.68,24,2023-08-21,정상
7623,8905,730000,5.61,24,2023-12-20,연체
7624,6729,3170000,5.49,24,2023-06-22,연체
7625,5696,5750000,5.23,36,2023-09-22,정상
7626,3670,13380000,5.77,24,2023-01-10,정상
7627,5395,730000,4.88,12,2024-05-22,정상
7628,8349,6210000,5.27,36,2024-07-06,정상
7629,3723,10930000,5.21,12,2024-12-27,정상
7630,255,1070000,5.57,12,2024-09-13,연체
7631,2908,6230000,4.84,12,2024-07-22,정상
7632,8841,730000,5.31,6,2023-08-01,정상
7633,700,1640000,5.51,24,2023-02-08,정상
7634,2988,62920000,5.09,24,2023-01-14,정상
7635,7406,740000,5.79,24,2023-07-22,정상
7636,3215,5570000,5.86,12,2023-04-29,정상
7637,9604,730000,5.52,6,2023-07-21,정상
7638,9928,730000,6.82,12,2024-06-23,연체
7639,3141,730000,5.92,6,2023-06-01,정상
7640,1306,780000,4.97,24,2023-01-21,정상
7641,1402,730000,5.49,6,2023-01-24,정상
7642,944,730000,6.42,24,2023-01-29,연체
7643,6302,4650000,4.63,12,2023-07-17,정상
7644,4046,15810000,4.2,24,2024-11-11,정상
7645,2924,2200000,6.5,24,2023-01-04,연체
7646,5213,1110000,5.25,24,2024-11-25,정상
7647,4245,730000,5.51,12,2024-04-20,정상
7648,1605,4600000,4.77,24,2024-01-26,연체
7649,2719,730000,5.7,6,2024-08-22,연체
7650,4694,730000,5.36,12,2024-08-21,정상
7651,834,18780000,4.41,24,2024-07-30,정상
7652,3472,4000000,5.18,36,2024-10-29,정상
7653,2551,800000,6.09,24,2023-02-05,정상
7654,8594,1880000,5.37,12,2023-11-02,정상
7655,2524,730000,6.31,24,2024-04-06,연체
7656,5985,3440000,4.96,24,2023-04-25,완료
7657,644,730000,5.57,24,2024-03-20,정상
7658,2932,2210000,5.04,6,2023-08-11,정상
7659,2518,20840000,4.86,24,2023-06-05,정상
7660,646,860000,5.61,6,2023-06-11,정상
7661,8137,2790000,5.13,24,2024-05-29,정상
7662,4298,730000,6.27,24,2024-11-08,연체
7663,4754,3500000,4.44,36,2023-06-03,정상
7664,4965,730000,6.35,24,2023-12-16,연체
7665,1779,7270000,4.63,24,2024-10-27,정상
7666,8863,730000,5.75,24,2024-03-28,연체
7667,9413,7480000,4.21,12,2024-08-13,정상
7668,1034,730000,6.21,6,2024-10-26,연체
7669,5840,1040000,5.49,12,2023-10-27,정상
7670,2953,2460000,4.81,12,2023-10-13,연체
7671,2628,740000,5.89,12,2023-01-09,정상
7672,8758,2610000,4.65,24,2023-02-03,정상
7673,5712,108250000,5.07,36,2023-05-11,완료
7674,330,13990000,4.27,36,2024-07-13,정상
7675,8143,11800000,4.92,36,2023-08-18,완료
7676,966,930000,6.26,6,2024-04-02,연체
7677,9354,33390000,4.62,60,2024-08-09,정상
7678,326,4130000,4.93,12,2024-05-25,정상
7679,4161,1290000,4.22,12,2024-05-03,연체
7680,7047,1880000,4.55,24,2023-01-25,완료
7681,9329,36770000,4.87,24,2024-02-06,정상
7682,6786,2450000,5.12,24,2023-10-14,정상
7683,4709,3200000,5.33,36,2024-02-25,정상
7684,2545,1040000,5.28,6,2023-12-13,정상
7685,7482,3530000,5.96,24,2023-05-27,완료
7686,9315,730000,5.3,12,2024-08-12,정상
7687,9643,9450000,5.29,12,2023-04-27,완료
7688,5512,730000,5.45,6,2023-09-15,연체
7689,4127,730000,5.59,24,2024-10-18,연체
7690,5140,1530000,5.84,6,2023-06-04,완료
7691,6488,1530000,6.27,12,2023-08-25,연체
7692,976,2260000,5.03,6,2024-07-07,정상
7693,669,36000000,4.7,36,2024-05-23,정상
7694,3444,2390000,5.31,12,2024-04-19,완료
7695,221,730000,4.89,6,2023-03-16,연체
7696,4550,34160000,4.84,60,2023-03-09,정상
7697,7944,16260000,4.35,36,2023-08-24,정상
7698,910,5040000,5.51,36,2023-04-21,완료
7699,4187,3750000,5.91,36,2023-01-17,정상
7700,4273,730000,5.47,12,2023-02-05,연체
7701,7685,24850000,5.33,24,2023-08-20,정상
7702,3503,1280000,5.9,12,2024-02-15,정상
7703,8051,730000,6.13,12,2023-05-05,연체
7704,1616,4290000,5.15,12,2024-11-19,정상
7705,6081,730000,5.67,12,2023-09-22,완료
7706,4919,730000,5.83,6,2024-09-18,연체
7707,9902,5500000,5.34,24,2023-12-15,정상
7708,8342,2210000,4.22,6,2024-12-25,정상
7709,8013,730000,5.69,12,2024-09-29,연체
7710,3072,1690000,5.23,6,2023-08-11,정상
7711,348,730000,6.06,6,2024-06-07,연체
7712,5294,5010000,4.73,36,2024-02-02,연체
7713,4672,730000,5.07,24,2023-01-08,연체
7714,2104,106950000,6.04,24,2023-06-18,정상
7715,5090,8820000,4.08,24,2024-02-16,정상
7716,1616,5190000,4.79,36,2023-10-24,연체
7717,3686,2230000,5.2,12,2023-01-11,연체
7718,8833,2890000,5.05,12,2024-10-21,정상
7719,2003,108250000,4.52,60,2023-05-12,정상
7720,7444,2750000,5.47,24,2023-06-08,정상
7721,7293,7080000,4.54,36,2024-10-04,정상
7722,8400,1020000,5.51,12,2023-04-27,정상
7723,5687,3160000,5.0,24,2024-08-19,정상
7724,341,6510000,5.12,12,2023-07-23,완료
7725,9568,730000,4.91,12,2023-10-15,완료
7726,4715,2450000,4.76,12,2024-08-19,정상
7727,8941,730000,6.02,12,2024-03-27,정상
7728,8176,3230000,4.92,24,2024-06-29,정상
7729,6372,870000,4.93,12,2023-11-07,정상
7730,8760,2350000,5.37,24,2024-07-03,정상
7731,6514,27070000,5.06,24,2024-06-15,정상
7732,8252,24350000,5.39,36,2024-10-16,완료
7733,7176,5910000,4.84,24,2023-09-22,완료
7734,6817,35750000,4.51,60,2024-02-16,정상
7735,6619,2450000,5.02,12,2024-08-01,정상
7736,2964,108250000,5.24,24,2023-03-30,완료
7737,6294,730000,5.78,6,2023-12-06,완료
7738,2938,730000,5.9,12,2023-08-05,정상
7739,3742,38380000,4.79,60,2023-11-26,정상
7740,6576,16720000,5.18,24,2023-07-13,완료
7741,3263,6650000,5.02,24,2024-04-23,정상
7742,3517,730000,5.96,12,2024-10-10,정상
7743,9266,950000,4.62,24,2023-12-03,완료
7744,8145,1470000,5.25,12,2023-04-22,정상
7745,2363,23380000,4.61,60,2023-05-08,정상
7746,8590,730000,5.79,24,2024-01-12,정상
7747,8696,730000,5.41,24,2024-12-08,정상
7748,7954,1810000,5.35,12,2024-05-14,정상
7749,9039,4300000,4.94,24,2024-07-03,정상
7750,4490,730000,5.08,24,2024-10-22,연체
7751,7837,3900000,4.46,36,2024-03-09,정상
7752,5119,23260000,4.44,36,2024-02-27,정상
7753,4957,2140000,5.5,6,2024-09-11,정상
7754,4610,14750000,5.21,12,2023-11-04,정상
7755,3747,5760000,4.59,12,2024-10-08,정상
7756,8454,730000,5.94,12,2023-12-13,완료
7757,3104,13740000,4.62,12,2023-09-09,완료
7758,8186,11630000,4.6,36,2023-09-17,완료
7759,6063,730000,6.34,24,2024-05-28,연체
7760,5297,1060000,6.34,12,2023-12-15,완료
7761,1813,1930000,5.02,24,2023-08-20,연체
7762,7260,730000,6.21,6,2024-11-23,정상
7763,5204,1030000,5.18,24,2023-03-06,정상
7764,9667,1360000,5.27,12,2024-06-11,완료
7765,1685,730000,5.64,12,2024-10-21,연체
7766,8398,2650000,5.31,24,2023-06-02,완료
7767,3576,1120000,5.93,12,2024-12-10,연체
7768,2113,730000,5.4,24,2023-01-28,연체
7769,5713,3260000,4.84,12,2023-01-12,정상
7770,8766,3200000,5.71,36,2023-09-27,연체
7771,2875,730000,5.22,12,2023-08-04,연체
7772,724,1620000,5.19,24,2023-04-11,연체
7773,6463,730000,5.36,12,2023-02-22,정상
7774,4356,730000,4.97,24,2023-07-21,정상
7775,2367,33770000,5.21,36,2023-10-31,연체
7776,6087,1990000,4.87,24,2023-06-10,정상
7777,6074,7930000,4.93,12,2023-10-28,정상
7778,8657,730000,6.08,24,2023-01-08,정상
7779,7739,12570000,4.28,12,2023-03-12,정상
7780,4223,28740000,4.7,24,2024-03-14,정상
7781,3572,730000,5.9,24,2024-03-11,연체
7782,9020,730000,4.94,6,2024-10-23,정상
7783,507,1480000,6.16,6,2023-01-06,연체
7784,2283,2120000,5.31,6,2024-03-30,정상
7785,6525,108250000,5.08,24,2024-01-30,정상
7786,3126,59670000,5.09,60,2024-09-07,정상
7787,9201,108250000,6.41,60,2023-06-30,정상
7788,816,3450000,4.23,24,2024-12-08,정상
7789,6967,730000,6.17,24,2024-04-10,정상
7790,178,10480000,5.26,24,2023-12-13,연체
7791,9657,990000,6.28,24,2024-02-15,정상
7792,384,2440000,5.78,24,2023-11-22,정상
7793,2578,2070000,4.72,12,2023-06-23,정상
7794,1510,3400000,5.05,24,2024-12-10,연체
7795,9473,730000,5.39,12,2023-03-25,정상
7796,351,2460000,4.24,24,2023-07-15,완료
7797,8664,3940000,4.99,24,2023-02-15,연체
7798,4602,6530000,4.83,24,2023-05-30,정상
7799,6621,1880000,5.13,12,2024-01-27,정상
7800,4420,2560000,4.94,12,2023-03-18,정상
7801,4725,1270000,5.65,24,2023-09-29,정상
7802,2476,3870000,5.35,36,2024-10-10,연체
7803,651,730000,5.8,6,2023-02-26,정상
7804,6320,730000,5.53,12,2023-09-19,연체
7805,2775,17630000,5.37,12,2023-05-07,정상
7806,4017,1640000,5.69,12,2023-02-12,정상
7807,3468,730000,6.33,12,2023-03-11,정상
7808,9861,730000,5.69,24,2023-04-10,연체
7809,6324,11040000,5.25,24,2023-01-07,정상
7810,2081,730000,5.78,6,2023-05-30,연체
7811,9306,1000000,5.0,6,2024-09-23,정상
7812,6442,730000,5.5,12,2024-12-16,연체
7813,9786,730000,5.45,24,2024-03-14,정상
7814,4702,2030000,6.19,12,2024-05-07,완료
7815,782,108250000,5.96,36,2023-11-18,정상
7816,9187,2660000,5.05,24,2024-04-12,정상
7817,1622,730000,5.62,12,2023-12-19,연체
7818,5162,9010000,4.94,12,2023-04-19,완료
7819,9727,730000,5.94,6,2023-01-28,정상
7820,9264,5190000,4.92,12,2023-10-01,정상
7821,1076,730000,5.92,24,2023-10-20,연체
7822,9186,1240000,4.79,6,2023-01-02,정상
7823,5105,108250000,5.39,60,2023-05-11,정상
7824,1415,108250000,4.91,24,2023-03-25,정상
7825,6587,1360000,5.59,24,2023-12-17,완료
7826,6964,730000,6.01,6,2023-11-07,정상
7827,4850,1070000,5.05,12,2024-07-04,정상
7828,4712,13810000,4.17,12,2023-03-23,완료
7829,3870,800000,5.39,24,2024-04-19,연체
7830,4274,3520000,5.15,12,2024-07-11,정상
7831,3111,730000,5.53,24,2023-05-21,연체
7832,4526,3750000,5.26,12,2023-01-12,정상
7833,8251,730000,6.02,24,2023-10-26,완료
7834,6977,13620000,4.9,12,2023-08-18,정상
7835,394,730000,5.44,12,2023-03-28,연체
7836,241,840000,5.02,24,2024-04-22,정상
7837,913,31020000,5.11,36,2023-09-29,정상
7838,2391,2580000,4.96,6,2023-05-02,완료
7839,1912,730000,5.63,24,2023-07-07,완료
7840,2551,730000,5.11,12,2024-09-26,정상
7841,3463,52390000,5.02,60,2023-09-08,정상
7842,970,46600000,4.28,36,2023-09-18,정상
7843,4397,30640000,4.77,24,2023-03-25,정상
7844,2148,3460000,4.91,36,2024-08-09,정상
7845,6127,5120000,4.82,12,2024-12-09,완료
7846,2372,55970000,4.42,36,2024-07-29,완료
7847,2685,730000,5.45,24,2023-03-04,연체
7848,4102,18460000,4.28,36,2023-06-03,정상
7849,9405,730000,5.75,24,2023-02-13,연체
7850,9395,19180000,5.16,24,2024-12-24,정상
7851,9942,1070000,5.58,6,2024-08-05,정상
7852,6440,2410000,5.75,6,2023-08-19,완료
7853,8488,5620000,4.89,36,2024-03-15,정상
7854,7709,3520000,5.35,24,2023-09-16,정상
7855,3088,760000,5.53,12,2024-07-26,정상
7856,3216,1510000,5.52,6,2023-12-28,정상
7857,5017,13960000,4.76,36,2024-10-13,정상
7858,5606,38990000,6.22,36,2024-10-26,연체
7859,750,1810000,5.47,12,2024-04-27,연체
7860,5487,1120000,4.84,24,2023-04-05,연체
7861,5657,730000,5.68,24,2023-09-10,정상
7862,8978,2340000,4.82,6,2023-09-18,정상
7863,7962,4190000,5.07,24,2024-06-03,완료
7864,7018,25420000,3.82,24,2023-10-19,정상
7865,2623,17250000,5.22,12,2023-03-18,정상
7866,6782,730000,5.26,24,2024-10-07,정상
7867,9831,880000,4.56,6,2024-03-28,연체
7868,2852,12060000,4.85,12,2023-01-28,정상
7869,4820,5350000,5.49,36,2023-07-30,완료
7870,2478,730000,5.44,24,2024-09-18,연체
7871,3841,6580000,4.7,24,2024-06-28,완료
7872,8049,3100000,4.88,36,2024-10-13,정상
7873,4037,730000,5.54,12,2024-03-12,연체
7874,1293,1380000,5.54,6,2023-11-20,완료
7875,7095,730000,5.23,6,2023-08-04,정상
7876,1805,5590000,4.86,24,2024-04-23,연체
7877,1028,730000,5.61,24,2024-08-13,정상
7878,7066,730000,5.8,6,2024-11-30,연체
7879,2725,60380000,4.88,36,2024-03-07,정상
7880,7400,9530000,4.92,36,2023-12-16,정상
7881,156,47250000,5.58,36,2023-03-06,정상
7882,8753,4970000,5.41,24,2023-08-25,정상
7883,4769,16450000,4.78,12,2023-07-01,정상
7884,2784,1380000,5.32,6,2024-09-07,정상
7885,6565,730000,6.15,12,2024-12-19,연체
7886,8706,1680000,4.85,24,2024-11-09,연체
7887,5273,790000,5.89,6,2024-02-21,정상
7888,1708,730000,5.48,24,2023-06-10,연체
7889,9587,910000,4.76,6,2023-11-22,정상
7890,8811,730000,4.84,12,2023-09-24,연체
7891,4203,1410000,5.45,12,2024-10-10,정상
7892,4783,1460000,5.41,24,2023-05-16,연체
7893,825,730000,5.48,6,2024-09-28,연체
7894,6526,7550000,4.77,12,2023-11-30,정상
7895,2997,9390000,4.32,24,2023-08-10,정상
7896,2975,108250000,5.79,36,2024-01-15,정상
7897,198,730000,5.54,24,2024-07-31,정상
7898,1079,730000,6.43,12,2023-10-31,정상
7899,5169,15480000,4.24,12,2024-04-21,정상
7900,2153,920000,5.46,6,2024-12-28,정상
7901,873,2560000,5.43,24,2023-08-03,정상
7902,2649,1470000,4.9,12,2024-06-13,연체
7903,558,52650000,5.4,24,2023-02-16,완료
7904,6116,730000,5.3,12,2023-07-14,완료
7905,8840,6840000,4.72,36,2023-12-17,정상
7906,4408,14940000,4.42,36,2023-08-06,정상
7907,9054,730000,5.35,24,2024-02-28,연체
7908,806,7730000,5.9,24,2024-02-05,정상
7909,6151,730000,5.5,12,2024-09-01,정상
7910,1470,740000,5.64,6,2023-03-10,정상
7911,2918,5230000,5.59,12,2023-11-03,정상
7912,7389,870000,5.52,6,2024-08-02,정상
7913,5469,730000,5.3,24,2024-03-22,연체
7914,6457,1960000,5.51,24,2024-07-04,정상
7915,475,50240000,5.14,60,2023-06-30,정상
7916,7254,4290000,4.77,24,2024-08-23,정상
7917,5931,11520000,5.56,36,2023-11-28,정상
7918,4484,810000,4.88,6,2023-05-24,정상
7919,8142,3130000,5.02,24,2024-06-14,완료
7920,4504,3030000,5.38,24,2024-02-18,정상
7921,3175,7110000,4.85,24,2024-09-16,정상
7922,6145,730000,5.97,24,2024-04-19,정상
7923,2422,10840000,4.69,12,2023-04-14,완료
7924,243,1730000,5.88,24,2023-04-19,정상
7925,9233,730000,5.45,6,2024-04-18,연체
7926,9378,3750000,5.4,12,2024-10-23,정상
7927,2305,17750000,5.34,36,2024-01-17,연체
7928,5556,1350000,5.25,12,2023-01-04,정상
7929,2621,840000,5.5,12,2023-10-15,완료
7930,491,730000,6.05,6,2023-01-10,연체
7931,7505,5670000,4.13,36,2024-04-11,완료
7932,9616,2030000,5.22,24,2023-12-20,완료
7933,1041,3550000,4.58,24,2023-07-04,정상
7934,6005,15110000,4.95,12,2024-04-02,정상
7935,2631,49180000,4.59,60,2023-04-26,정상
7936,3143,2420000,4.92,12,2023-04-23,정상
7937,6214,730000,6.14,12,2023-05-25,연체
7938,4659,1850000,5.09,24,2023-07-28,연체
7939,2839,730000,6.3,12,2024-04-08,정상
7940,1070,730000,5.62,6,2023-03-07,완료
7941,3263,4880000,4.36,36,2024-12-08,정상
7942,9398,4100000,4.75,36,2024-03-25,정상
7943,7596,7390000,4.21,36,2023-09-22,완료
7944,3449,2250000,5.0,6,2024-02-03,연체
7945,2871,8830000,4.93,24,2024-02-23,정상
7946,7535,46910000,4.61,24,2024-09-03,정상
7947,7241,13300000,4.97,36,2023-11-07,정상
7948,7014,730000,5.8,6,2024-06-05,연체
7949,3182,730000,6.02,12,2024-08-13,정상
7950,5725,1090000,5.41,24,2023-09-09,연체
7951,4333,730000,4.86,24,2024-09-15,완료
7952,8322,3260000,5.5,24,2023-10-30,정상
7953,1561,41570000,4.45,36,2023-12-27,정상
7954,6451,108250000,5.22,36,2024-11-10,정상
7955,9264,1730000,4.76,6,2023-07-13,완료
7956,9783,4410000,6.27,24,2024-01-28,정상
7957,9886,730000,5.82,24,2023-05-26,연체
7958,6307,1250000,5.88,6,2023-03-25,정상
7959,4522,33900000,4.55,24,2024-09-08,정상
7960,3554,730000,6.1,6,2024-11-25,연체
7961,1955,49570000,5.03,36,2024-04-17,정상
7962,642,4000000,4.55,36,2024-11-17,정상
7963,3573,1910000,5.66,24,2023-02-09,완료
7964,1543,1430000,5.29,12,2023-04-11,정상
7965,99,730000,5.89,24,2024-03-26,연체
7966,3185,1380000,6.32,24,2023-09-18,정상
7967,8914,3680000,4.73,24,2023-02-21,완료
7968,1953,2650000,5.22,24,2023-01-23,정상
7969,2993,6440000,5.24,24,2024-09-06,정상
7970,8827,1360000,4.99,6,2024-07-29,정상
7971,1410,2330000,4.37,24,2023-07-02,완료
7972,3614,3230000,4.45,12,2024-03-05,연체
7973,8892,730000,4.98,24,2024-03-22,연체
7974,7295,6200000,5.74,12,2023-04-29,정상
7975,9675,50240000,5.43,24,2024-11-12,정상
7976,9862,730000,5.6,24,2024-02-11,정상
7977,4757,2040000,4.78,6,2024-08-01,정상
7978,4341,1310000,4.76,24,2024-10-30,정상
7979,414,730000,5.63,24,2024-01-09,정상
7980,3042,13780000,5.38,12,2023-02-20,정상
7981,9720,730000,5.13,6,2024-03-10,정상
7982,6529,26830000,4.44,24,2023-04-07,정상
7983,3815,2270000,4.86,6,2023-07-05,정상
7984,558,49910000,4.45,24,2023-05-28,정상
7985,6537,1330000,5.29,12,2023-07-01,정상
7986,9017,1380000,6.43,12,2023-01-24,정상
7987,3385,1360000,5.78,6,2023-05-09,정상
7988,1608,16860000,5.62,36,2024-12-28,완료
7989,2365,2640000,5.81,6,2023-05-09,정상
7990,5218,730000,5.72,24,2024-01-12,연체
7991,8616,3400000,4.46,12,2024-12-18,정상
7992,5248,850000,4.74,12,2024-08-08,정상
7993,3007,780000,5.24,24,2023-09-05,연체
7994,2563,1010000,6.54,12,2024-11-27,정상
7995,1200,1640000,5.21,24,2024-01-21,정상
7996,2111,1910000,5.14,12,2023-11-12,정상
7997,4743,730000,5.43,6,2024-12-27,정상
7998,6518,2390000,4.76,24,2023-09-29,정상
7999,5585,730000,5.49,24,2023-08-05,정상
8000,2653,5720000,4.46,24,2024-04-15,정상
8001,3869,10300000,4.79,36,2024-02-16,완료
8002,7094,5540000,4.24,24,2023-01-16,정상
8003,2147,4390000,4.91,36,2023-02-07,연체
8004,2353,4730000,5.38,24,2023-08-23,정상
8005,5105,108250000,6.8,24,2023-09-30,완료
8006,56,1430000,5.66,24,2023-10-18,정상
8007,8985,1510000,6.05,6,2023-08-20,정상
8008,6206,730000,5.45,12,2024-08-13,연체
8009,2654,730000,6.16,12,2023-02-10,연체
8010,7458,730000,5.65,24,2024-01-10,연체
8011,7996,3140000,5.38,24,2023-11-30,정상
8012,2402,5380000,4.88,24,2023-06-22,정상
8013,5460,4180000,4.95,36,2024-04-26,정상
8014,2893,23460000,5.24,24,2024-07-05,연체
8015,6407,4340000,5.74,12,2024-08-15,정상
8016,5775,26100000,4.7,60,2024-01-01,정상
8017,5839,3580000,4.95,12,2024-10-14,정상
8018,4045,3390000,4.98,24,2024-01-02,연체
8019,7125,730000,5.81,6,2024-07-14,정상
8020,2764,91100000,5.71,24,2024-11-29,완료
8021,2895,1910000,5.31,12,2024-04-22,정상
8022,352,2490000,5.89,24,2023-09-24,정상
8023,5443,108250000,5.6,60,2023-09-25,정상
8024,9296,730000,6.12,6,2024-07-08,완료
8025,9711,7780000,5.15,12,2024-11-21,정상
8026,6898,9520000,4.75,12,2023-09-25,완료
8027,4317,8210000,5.33,24,2024-11-22,정상
8028,740,4570000,4.72,24,2023-09-26,정상
8029,220,108250000,5.06,24,2023-10-30,완료
8030,2324,730000,5.22,12,2023-06-11,정상
8031,2697,4580000,5.2,24,2024-12-31,정상
8032,1397,106650000,6.54,36,2024-05-26,완료
8033,4476,7550000,5.18,36,2023-10-27,정상
8034,3739,730000,5.88,12,2024-01-13,연체
8035,563,14570000,4.71,12,2024-08-01,정상
8036,7527,7950000,4.81,24,2024-08-07,정상
8037,8424,730000,5.3,12,2024-05-30,완료
8038,9184,730000,5.18,24,2023-02-11,연체
8039,9103,2740000,5.38,6,2023-10-12,완료
8040,8980,5420000,5.56,24,2024-12-01,완료
8041,8420,1060000,5.23,12,2023-10-26,정상
8042,8335,730000,5.41,24,2023-09-04,연체
8043,7049,860000,5.22,24,2023-06-26,정상
8044,4558,830000,5.24,24,2023-05-25,완료
8045,6184,730000,6.12,12,2024-06-08,정상
8046,7740,1090000,5.45,6,2023-04-17,정상
8047,5439,800000,6.52,24,2023-07-27,연체
8048,5888,13670000,4.92,12,2023-11-07,정상
8049,3472,13220000,4.5,12,2023-02-23,정상
8050,1407,3220000,4.9,12,2024-02-12,정상
8051,906,730000,6.54,24,2023-11-24,정상
8052,6601,730000,5.8,6,2024-01-11,연체
8053,5396,730000,6.09,6,2024-10-24,완료
8054,4518,11970000,4.61,24,2024-11-30,정상
8055,2773,730000,5.54,12,2023-02-04,정상
8056,8069,3100000,5.01,24,2024-01-04,정상
8057,8390,4910000,5.23,24,2023-05-28,정상
8058,5776,3590000,5.01,12,2023-11-03,정상
8059,3133,90410000,5.89,24,2024-05-14,정상
8060,1246,108250000,5.45,36,2024-04-30,정상
8061,6814,6200000,4.86,36,2024-05-18,정상
8062,4872,730000,5.93,12,2023-11-05,연체
8063,4851,12890000,4.97,24,2024-09-18,정상
8064,1469,1570000,5.21,12,2024-07-03,정상
8065,7768,730000,4.89,6,2024-07-27,완료
8066,1975,730000,5.83,6,2024-12-02,정상
8067,3353,2040000,4.44,6,2024-07-10,완료
8068,8600,54430000,5.04,24,2024-04-27,정상
8069,4775,730000,5.43,6,2023-04-03,정상
8070,9220,9280000,5.18,24,2023-07-18,정상
8071,8750,730000,5.41,24,2023-09-09,정상
8072,2778,5050000,5.65,12,2023-07-03,정상
8073,1096,16020000,4.78,36,2024-04-17,정상
8074,4434,730000,5.27,24,2024-06-13,연체
8075,1927,1690000,4.99,6,2024-01-21,연체
8076,5058,24740000,5.23,60,2023-04-06,정상
8077,8034,830000,5.94,12,2023-09-29,연체
8078,3821,2000000,4.58,12,2023-05-01,정상
8079,8265,1550000,5.32,24,2023-08-29,연체
8080,5693,11470000,4.88,24,2024-09-13,정상
8081,6145,1370000,5.36,24,2024-06-24,연체
8082,1763,730000,6.67,24,2023-03-28,연체
8083,4769,18540000,4.73,24,2023-11-10,정상
8084,956,43090000,5.03,60,2023-08-13,정상
8085,8116,730000,5.7,24,2023-02-10,연체
8086,799,15510000,5.27,12,2024-02-05,정상
8087,6589,2460000,5.34,12,2023-03-27,정상
8088,5046,730000,5.32,6,2023-08-20,정상
8089,8291,730000,5.77,24,2023-03-14,정상
8090,2852,13730000,4.56,24,2023-04-22,완료
8091,8596,46870000,5.32,60,2023-04-09,정상
8092,6235,29400000,4.43,60,2024-07-08,정상
8093,3797,7020000,4.59,12,2024-08-06,정상
8094,6577,730000,5.46,12,2023-09-03,정상
8095,1682,730000,4.96,12,2023-06-13,연체
8096,8571,3870000,5.12,24,2023-02-07,정상
8097,2386,4870000,4.49,24,2023-01-23,정상
8098,4481,101160000,5.28,24,2023-04-21,정상
8099,9772,2770000,5.48,12,2023-03-26,완료
8100,3585,5640000,5.38,24,2024-05-26,정상
8101,2483,7310000,4.69,24,2024-10-15,완료
8102,6751,730000,6.08,6,2024-02-24,연체
8103,1465,730000,5.79,24,2024-12-17,연체
8104,7404,2320000,5.07,12,2024-08-27,완료
8105,284,3540000,5.35,36,2024-11-21,정상
8106,3180,1170000,5.68,6,2023-08-29,정상
8107,8196,730000,6.23,12,2024-01-04,연체
8108,8394,19740000,4.7,36,2024-04-27,정상
8109,8451,1030000,5.21,12,2024-11-23,정상
8110,6935,870000,5.62,12,2023-05-24,정상
8111,7876,9470000,4.89,36,2023-09-21,정상
8112,4222,880000,5.2,6,2023-03-01,완료
8113,3212,1210000,4.81,24,2023-01-28,완료
8114,2434,28970000,5.49,36,2023-03-11,정상
8115,9522,730000,6.64,24,2024-05-19,완료
8116,5438,5420000,4.25,36,2023-07-05,정상
8117,2474,1320000,5.45,12,2024-11-30,완료
8118,8830,30910000,5.34,36,2024-06-27,완료
8119,6530,730000,5.43,24,2024-08-22,완료
8120,3241,730000,5.8,24,2024-09-15,연체
8121,7115,12630000,4.48,12,2023-03-30,정상
8122,8593,730000,5.08,6,2024-05-28,정상
8123,4748,730000,6.07,24,2023-09-06,연체
8124,5489,730000,5.98,24,2023-02-28,완료
8125,4472,1550000,4.98,12,2023-09-14,정상
8126,4117,730000,4.83,24,2024-05-03,연체
8127,1625,2270000,5.48,24,2023-05-19,정상
8128,984,1430000,4.58,6,2023-07-24,연체
8129,6739,730000,5.38,6,2024-04-25,정상
8130,5904,2010000,4.14,12,2024-01-29,완료
8131,9064,108250000,5.9,36,2023-11-22,정상
8132,6166,3070000,4.76,12,2024-07-18,정상
8133,2012,2920000,5.44,24,2024-12-17,정상
8134,7280,870000,5.41,12,2023-09-01,정상
8135,6248,730000,5.34,24,2024-06-22,정상
8136,4605,730000,6.29,12,2023-08-12,연체
8137,317,790000,5.59,24,2024-06-19,연체
8138,8180,3450000,5.58,12,2024-06-30,연체
8139,1315,1160000,4.86,24,2023-01-25,정상
8140,6312,14030000,4.99,12,2024-10-12,완료
8141,2466,910000,5.02,6,2024-01-16,연체
8142,9973,3900000,6.06,36,2024-06-28,연체
8143,6895,730000,5.89,6,2024-06-22,연체
8144,3909,19700000,5.02,36,2024-01-07,정상
8145,463,3590000,4.23,12,2023-07-02,완료
8146,1794,1260000,4.97,24,2024-07-20,정상
8147,6043,730000,5.75,12,2024-07-12,정상
8148,4436,19760000,4.98,24,2024-11-24,정상
8149,2125,1030000,6.6,6,2023-11-24,연체
8150,6531,910000,5.24,12,2024-09-16,정상
8151,7132,26210000,4.15,36,2023-09-25,정상
8152,4479,730000,5.98,24,2024-06-12,연체
8153,1737,1430000,5.83,12,2023-10-04,연체
8154,1111,25070000,4.17,24,2023-06-29,정상
8155,752,5400000,5.07,24,2024-02-18,정상
8156,4356,1290000,4.91,24,2024-08-23,정상
8157,4900,20160000,5.41,36,2024-06-25,정상
8158,2425,770000,5.89,24,2023-06-12,연체
8159,8094,790000,5.51,24,2024-10-30,연체
8160,5847,108250000,5.73,36,2023-03-25,정상
8161,3841,6610000,4.82,36,2024-09-13,연체
8162,349,14620000,4.77,24,2024-07-06,연체
8163,6111,4080000,5.03,36,2024-02-22,정상
8164,5825,1910000,6.4,6,2023-07-22,완료
8165,9660,10740000,4.81,36,2023-05-27,정상
8166,7602,7180000,4.63,12,2023-03-23,정상
8167,2052,3620000,5.28,12,2023-02-23,정상
8168,2761,730000,6.19,12,2024-02-23,정상
8169,5576,730000,5.28,24,2023-03-08,완료
8170,7399,10780000,4.79,24,2024-08-22,정상
8171,7626,10960000,4.71,36,2023-01-11,정상
8172,511,1060000,5.35,6,2024-05-17,정상
8173,1894,3060000,5.23,36,2024-06-11,연체
8174,8597,15460000,5.28,36,2023-08-20,정상
8175,5442,1070000,5.02,6,2023-11-10,정상
8176,7560,3560000,4.8,36,2024-06-23,정상
8177,394,730000,6.54,12,2024-03-27,연체
8178,5366,10740000,3.98,36,2023-11-06,정상
8179,7431,74870000,5.58,60,2023-01-20,정상
8180,7460,3470000,5.92,36,2024-04-18,연체
8181,3557,99030000,5.74,24,2023-07-17,정상
8182,8466,8110000,4.8,36,2023-03-01,정상
8183,9105,730000,5.49,12,2023-06-28,완료
8184,668,730000,6.07,6,2024-05-05,연체
8185,5336,68640000,5.5,60,2023-08-15,정상
8186,6310,930000,5.09,24,2024-03-21,연체
8187,6825,730000,4.71,6,2023-06-10,연체
8188,5089,2780000,4.94,12,2023-03-11,정상
8189,5028,4630000,4.99,36,2024-10-15,정상
8190,9909,730000,6.04,6,2024-05-20,완료
8191,2140,41300000,5.22,60,2023-07-01,정상
8192,8501,2240000,4.87,24,2024-02-14,정상
8193,1991,730000,4.87,12,2024-07-04,정상
8194,2992,730000,5.11,6,2023-05-27,정상
8195,9514,16980000,4.98,24,2024-10-09,정상
8196,1215,1230000,5.93,24,2024-10-09,정상
8197,9658,20060000,4.93,60,2023-03-14,완료
8198,4171,6610000,5.5,24,2024-11-08,정상
8199,7779,27930000,4.93,24,2023-01-14,정상
8200,3319,960000,5.85,12,2023-10-26,연체
8201,4805,1970000,5.17,24,2024-09-27,정상
8202,9907,990000,4.42,24,2023-05-14,정상
8203,945,4580000,4.91,36,2023-06-21,정상
8204,5800,2290000,5.45,6,2023-11-15,연체
8205,7755,730000,5.42,24,2023-07-30,연체
8206,8419,10950000,4.86,36,2023-05-27,정상
8207,8588,730000,5.43,24,2023-09-14,연체
8208,3584,1030000,5.1,24,2023-02-23,정상
8209,4616,730000,5.58,24,2024-03-27,연체
8210,7493,73310000,5.14,24,2024-04-10,완료
8211,8962,2720000,5.05,24,2024-08-31,정상
8212,8542,43440000,4.99,36,2024-12-05,정상
8213,9316,7340000,4.68,12,2024-05-28,정상
8214,7308,730000,5.86,12,2024-04-22,정상
8215,6089,108250000,6.08,60,2024-12-13,정상
8216,2830,3590000,4.98,36,2023-07-08,정상
8217,458,3830000,5.67,12,2023-04-26,정상
8218,6053,12840000,5.38,24,2023-03-05,완료
8219,1184,7130000,5.57,24,2024-02-29,정상
8220,7164,29490000,5.58,24,2024-10-03,정상
8221,9159,1520000,5.72,24,2024-04-08,정상
8222,1848,108250000,5.75,60,2023-01-24,완료
8223,2945,730000,5.76,6,2023-10-20,정상
8224,4240,5710000,4.75,36,2023-12-18,정상
8225,5605,30440000,5.18,24,2023-01-08,정상
8226,6833,3550000,4.93,24,2023-02-28,연체
8227,8457,15880000,5.66,36,2023-08-04,정상
8228,784,740000,4.9,12,2023-05-06,정상
8229,2923,4190000,5.54,36,2023-11-02,정상
8230,908,6860000,4.84,36,2023-02-20,완료
8231,7148,730000,5.37,6,2023-04-03,정상
8232,7457,1530000,5.44,24,2024-12-12,연체
8233,5395,780000,5.54,6,2023-09-30,연체
8234,90,5440000,4.91,12,2023-08-26,정상
8235,2302,7700000,4.86,36,2024-07-25,정상
8236,2166,2850000,5.7,24,2023-03-26,연체
8237,7248,10110000,4.88,24,2024-03-17,정상
8238,4477,7450000,5.12,36,2024-10-23,정상
8239,7318,33380000,5.14,60,2024-06-21,정상
8240,565,990000,5.88,6,2024-10-08,정상
8241,3066,13400000,5.09,36,2024-06-07,정상
8242,6653,730000,6.05,24,2023-01-12,연체
8243,7924,730000,6.15,24,2023-02-11,정상
8244,5843,3700000,5.52,24,2024-03-28,정상
8245,7872,730000,6.72,6,2024-08-22,정상
8246,1610,5220000,5.03,12,2023-10-27,연체
8247,7110,730000,6.11,6,2024-06-12,정상
8248,734,2060000,4.57,12,2024-05-14,정상
8249,9893,2180000,5.94,12,2024-08-21,정상
8250,3875,1070000,5.78,6,2024-05-05,연체
8251,8523,3780000,6.03,36,2023-06-12,정상
8252,1037,15120000,5.65,24,2024-07-04,완료
8253,2276,16370000,4.01,36,2024-06-15,정상
8254,958,13870000,4.46,24,2024-01-30,정상
8255,5588,2990000,5.41,6,2023-04-29,연체
8256,7553,1660000,5.54,6,2024-08-10,정상
8257,2518,19210000,4.69,12,2023-05-30,정상
8258,843,730000,5.97,24,2023-05-20,연체
8259,9809,730000,5.41,6,2023-01-15,정상
8260,1089,730000,6.48,24,2024-09-04,연체
8261,2346,11970000,4.64,24,2024-12-17,완료
8262,6397,730000,5.76,12,2023-01-18,연체
8263,3781,730000,5.7,24,2024-04-05,정상
8264,4695,21790000,5.11,36,2024-11-29,정상
8265,8706,730000,5.35,24,2024-09-26,정상
8266,5739,32930000,4.79,60,2024-01-28,정상
8267,2273,9600000,5.07,24,2023-11-04,정상
8268,206,15550000,4.34,12,2024-02-19,정상
8269,4498,1630000,4.75,6,2024-11-01,정상
8270,7380,2820000,4.77,12,2023-11-06,정상
8271,4779,4050000,5.55,36,2024-12-16,정상
8272,6113,2770000,5.02,6,2023-08-23,정상
8273,915,11120000,4.92,24,2023-06-24,정상
8274,2891,40550000,4.84,60,2024-10-13,정상
8275,2654,730000,5.65,24,2024-05-01,연체
8276,4323,2670000,4.99,12,2023-02-24,정상
8277,3925,730000,5.47,24,2024-04-14,정상
8278,3058,1000000,5.53,6,2024-07-13,연체
8279,6285,10310000,4.46,12,2023-05-24,연체
8280,1940,730000,5.48,6,2024-05-01,정상
8281,5853,740000,6.28,24,2024-05-30,연체
8282,9977,880000,5.62,6,2023-12-28,완료
8283,9716,2980000,4.66,6,2023-06-16,정상
8284,1973,810000,5.41,12,2023-09-07,완료
8285,8879,8370000,5.1,12,2023-09-27,완료
8286,6782,1930000,5.83,24,2023-05-23,연체
8287,3944,4530000,4.84,12,2023-06-17,정상
8288,5096,730000,5.47,12,2023-04-04,정상
8289,2985,3100000,5.62,36,2023-09-18,정상
8290,8973,6160000,4.17,12,2023-01-06,정상
8291,2457,7620000,4.92,12,2023-11-17,정상
8292,5773,1670000,5.51,12,2023-01-28,연체
8293,4193,4720000,5.31,12,2024-05-21,정상
8294,9796,1760000,5.94,6,2024-11-22,정상
8295,8005,1610000,5.38,24,2023-01-26,정상
8296,9524,52960000,4.8,24,2024-10-05,정상
8297,3142,730000,6.19,24,2023-03-19,정상
8298,4833,108250000,5.71,24,2024-09-18,완료
8299,1224,21410000,4.51,60,2023-03-11,정상
8300,7319,98390000,5.23,36,2023-11-30,정상
8301,3821,1240000,5.07,12,2023-01-19,정상
8302,360,2290000,5.47,6,2024-02-04,정상
8303,7638,1140000,5.41,12,2024-11-20,완료
8304,9773,1870000,5.35,6,2023-04-19,정상
8305,1931,730000,6.17,6,2024-08-20,연체
8306,4105,730000,5.26,24,2023-02-09,완료
8307,5494,1370000,5.8,24,2024-02-13,연체
8308,6393,1330000,4.74,6,2024-08-14,정상
8309,4133,2710000,5.62,24,2024-06-28,정상
8310,1543,1050000,5.13,6,2023-11-16,정상
8311,3931,1040000,5.82,24,2023-02-20,정상
8312,3311,730000,6.3,6,2023-02-25,연체
8313,277,29110000,5.26,24,2023-01-20,정상
8314,5391,108250000,5.08,36,2024-10-28,완료
8315,1342,740000,5.21,24,2023-12-23,정상
8316,1133,4590000,4.49,36,2023-07-15,연체
8317,7325,730000,6.2,6,2024-04-30,정상
8318,8815,730000,6.17,12,2024-06-13,완료
8319,1156,6620000,5.16,24,2024-12-30,완료
8320,4926,1850000,4.8,6,2024-12-05,완료
8321,1186,14980000,4.23,12,2024-06-18,정상
8322,4792,63400000,5.36,60,2024-07-20,정상
8323,4744,18160000,5.11,36,2024-07-05,완료
8324,5774,730000,5.34,6,2024-08-13,연체
8325,6759,5310000,5.82,12,2024-06-12,정상
8326,9517,2650000,4.85,24,2023-12-28,정상
8327,8209,1540000,4.81,12,2023-01-30,정상
8328,5959,19010000,4.92,24,2023-02-01,정상
8329,7135,4090000,5.6,12,2023-12-18,정상
8330,9660,12610000,4.51,12,2023-06-11,정상
8331,7004,34620000,5.34,60,2024-01-15,완료
8332,7481,1220000,5.77,24,2023-03-21,완료
8333,2681,920000,5.58,24,2024-08-19,연체
8334,1633,730000,5.29,6,2024-08-22,완료
8335,4590,10600000,5.01,36,2024-10-11,정상
8336,7863,1540000,5.16,12,2023-11-28,정상
8337,4006,26860000,4.87,24,2023-08-02,정상
8338,7181,3040000,5.32,12,2023-07-31,연체
8339,6489,950000,5.24,24,2023-08-27,정상
8340,5721,730000,5.51,24,2024-04-20,정상
8341,8873,42520000,5.29,60,2024-12-05,정상
8342,4544,1920000,4.31,12,2023-09-30,정상
8343,4066,1130000,5.42,12,2023-03-31,정상
8344,263,730000,5.31,12,2023-03-12,완료
8345,1240,3050000,4.81,36,2024-03-17,정상
8346,5912,730000,5.03,12,2023-06-30,정상
8347,4090,108250000,5.87,36,2023-03-15,정상
8348,5362,1400000,4.64,6,2024-04-17,정상
8349,5634,1220000,4.58,6,2024-08-20,연체
8350,8180,2000000,5.34,24,2024-11-15,정상
8351,7430,19170000,4.44,24,2024-04-14,정상
8352,4964,730000,5.5,24,2023-01-31,정상
8353,4691,90480000,5.77,60,2023-04-09,정상
8354,5804,800000,5.78,12,2023-02-22,정상
8355,3818,11390000,4.01,24,2024-11-28,정상
8356,3699,890000,5.72,24,2024-03-11,연체
8357,1145,990000,4.65,12,2023-05-13,완료
8358,9605,3720000,5.55,24,2023-04-20,정상
8359,2820,730000,5.17,6,2023-04-29,완료
8360,6430,730000,6.17,24,2024-11-06,정상
8361,1308,970000,4.92,24,2023-05-21,완료
8362,8180,2560000,5.18,12,2024-07-06,완료
8363,9249,15440000,5.14,12,2023-05-16,정상
8364,5853,730000,5.86,24,2024-08-01,정상
8365,1404,1440000,5.81,12,2024-01-08,정상
8366,7820,1420000,5.31,6,2024-05-05,정상
8367,5317,15530000,5.43,36,2023-04-15,정상
8368,1990,4350000,5.96,12,2023-12-11,정상
8369,337,19410000,4.75,24,2023-02-14,정상
8370,5473,4100000,4.7,12,2024-09-25,정상
8371,914,13430000,4.86,36,2023-02-01,정상
8372,6331,6780000,4.92,12,2024-08-30,정상
8373,3637,1290000,5.32,24,2024-08-11,정상
8374,5986,820000,5.64,6,2024-09-08,정상
8375,9696,730000,6.31,24,2023-05-19,완료
8376,9656,920000,6.02,6,2023-10-17,연체
8377,2561,14660000,4.64,36,2023-10-24,정상
8378,2672,1440000,5.32,24,2024-03-10,정상
8379,3080,3260000,5.16,36,2024-10-14,정상
8380,4535,730000,5.38,6,2023-06-07,정상
8381,9634,1940000,6.19,6,2024-11-19,정상
8382,2050,2290000,5.19,24,2024-12-23,정상
8383,3490,1120000,5.39,24,2023-06-01,정상
8384,3958,9070000,5.14,24,2024-10-08,정상
8385,1258,16930000,4.54,12,2024-04-03,완료
8386,8618,730000,6.81,12,2023-11-14,연체
8387,204,1710000,5.04,24,2024-01-13,정상
8388,8602,790000,5.81,12,2024-02-11,정상
8389,5640,730000,5.07,24,2024-06-13,정상
8390,3284,730000,5.24,12,2023-04-25,연체
8391,4872,730000,5.63,24,2023-03-06,정상
8392,785,730000,5.24,12,2024-05-10,완료
8393,9481,51740000,5.51,60,2024-09-18,정상
8394,9349,1380000,6.09,12,2024-11-20,정상
8395,400,730000,5.87,6,2023-01-20,완료
8396,7728,1230000,5.92,12,2023-05-29,연체
8397,6938,2290000,4.28,12,2024-09-19,정상
8398,4159,2980000,5.09,6,2023-05-14,완료
8399,4284,920000,5.88,6,2024-03-27,정상
8400,9180,8040000,4.68,24,2023-03-30,정상
8401,5714,8030000,4.8,36,2023-10-29,정상
8402,2550,780000,4.57,6,2023-08-20,연체
8403,252,5050000,4.88,24,2023-04-22,정상
8404,6617,3010000,4.32,36,2024-08-18,정상
8405,6781,2010000,4.84,12,2024-09-22,정상
8406,8222,730000,5.86,24,2024-05-01,연체
8407,3572,730000,6.32,6,2023-01-21,연체
8408,4330,2630000,4.72,24,2024-06-02,완료
8409,241,890000,3.83,24,2024-01-02,완료
8410,5745,730000,5.2,24,2023-03-10,정상
8411,1451,19540000,4.53,24,2024-02-04,정상
8412,829,2030000,5.12,24,2023-09-06,정상
8413,8892,730000,5.82,24,2023-03-03,정상
8414,1957,730000,5.2,6,2023-06-06,완료
8415,5470,6890000,4.8,24,2024-04-28,정상
8416,8856,730000,5.95,24,2024-04-11,연체
8417,1322,730000,6.62,24,2023-03-02,연체
8418,4647,1460000,5.51,6,2023-07-08,정상
8419,7114,730000,5.2,6,2024-09-16,연체
8420,9727,1060000,5.87,12,2024-08-17,정상
8421,3764,730000,5.93,12,2024-03-02,연체
8422,1272,24700000,5.39,24,2023-08-02,연체
8423,8255,18030000,4.35,24,2023-09-28,완료
8424,6641,730000,5.94,12,2024-12-03,연체
8425,4178,730000,4.91,12,2024-08-05,정상
8426,9808,108250000,5.54,60,2024-04-29,정상
8427,3189,6200000,4.72,36,2024-10-17,완료
8428,1356,10220000,4.93,12,2024-02-27,정상
8429,2978,4060000,4.26,24,2024-01-27,정상
8430,9031,730000,5.99,6,2023-12-18,정상
8431,2639,5410000,4.69,12,2024-08-17,완료
8432,8982,29780000,5.2,60,2024-05-11,완료
8433,5136,3120000,5.29,24,2024-11-17,정상
8434,2297,11210000,4.82,24,2024-08-06,정상
8435,9609,15060000,5.28,12,2023-12-14,완료
8436,6417,730000,6.01,24,2023-09-26,정상
8437,2087,108250000,5.96,60,2024-11-19,정상
8438,5972,2740000,5.65,12,2023-12-30,완료
8439,7903,730000,6.15,12,2023-11-25,연체
8440,4058,4900000,4.62,24,2023-09-13,정상
8441,4381,1240000,5.36,24,2023-07-06,정상
8442,8407,16720000,5.25,24,2024-09-13,정상
8443,4453,14660000,4.79,36,2023-08-07,완료
8444,3513,730000,5.42,24,2024-10-10,연체
8445,7164,63780000,5.44,24,2023-08-17,정상
8446,5572,4700000,5.03,36,2024-03-01,정상
8447,5867,7260000,5.72,36,2024-11-08,완료
8448,6513,730000,5.98,24,2023-07-10,연체
8449,9093,1900000,5.28,24,2023-06-05,정상
8450,7168,2260000,5.69,12,2023-02-27,정상
8451,6782,730000,5.46,12,2024-01-04,정상
8452,6940,2500000,5.43,24,2024-06-25,완료
8453,2288,770000,5.55,6,2024-02-09,완료
8454,5079,730000,5.04,24,2024-01-09,정상
8455,4409,12380000,3.86,24,2024-04-13,정상
8456,2931,730000,5.74,12,2023-01-14,정상
8457,9798,1300000,5.65,12,2024-03-29,정상
8458,6115,890000,5.96,24,2024-01-16,정상
8459,2016,4000000,5.57,12,2024-07-08,정상
8460,6725,108250000,5.42,24,2024-09-30,정상
8461,6297,6510000,4.87,12,2024-04-05,정상
8462,1120,730000,5.64,6,2023-09-10,연체
8463,7073,730000,4.82,6,2024-08-03,완료
8464,9525,3780000,5.36,12,2024-08-01,정상
8465,5328,2360000,5.26,6,2024-11-10,연체
8466,6234,730000,5.11,12,2023-12-16,완료
8467,9797,730000,5.24,12,2024-06-07,연체
8468,2740,730000,5.72,6,2023-01-27,연체
8469,6510,1310000,5.14,24,2023-12-28,정상
8470,1530,730000,5.47,6,2024-10-03,정상
8471,5316,1970000,5.46,12,2024-07-06,정상
8472,264,4430000,5.23,12,2023-02-13,정상
8473,7961,730000,5.1,12,2024-07-25,연체
8474,7140,730000,5.44,24,2023-12-29,정상
8475,268,28920000,4.15,24,2024-09-24,정상
8476,6720,4370000,4.68,12,2023-08-27,정상
8477,9468,970000,5.45,6,2024-09-10,정상
8478,4666,10470000,5.29,24,2024-03-10,정상
8479,3499,1330000,5.31,24,2024-08-03,완료
8480,1268,1980000,4.98,24,2024-06-21,완료
8481,5802,39030000,4.92,24,2024-10-16,정상
8482,9513,1520000,5.4,6,2024-04-06,연체
8483,373,1390000,5.77,24,2024-10-26,정상
8484,4644,730000,5.62,12,2024-04-01,연체
8485,3250,1210000,4.29,24,2024-09-22,연체
8486,6682,730000,4.94,24,2023-10-19,정상
8487,7395,1650000,4.87,12,2024-05-31,정상
8488,1560,21030000,4.6,36,2024-05-12,완료
8489,2160,37520000,6.06,36,2024-08-28,완료
8490,2980,730000,5.81,12,2023-02-08,정상
8491,1642,730000,5.6,6,2023-12-16,연체
8492,4429,16350000,4.27,12,2024-02-28,정상
8493,6420,1820000,5.58,12,2023-02-16,정상
8494,4055,730000,4.71,24,2023-11-11,연체
8495,4627,1780000,4.92,6,2024-06-04,정상
8496,5784,2930000,5.1,24,2023-11-08,정상
8497,7990,4750000,4.45,24,2024-01-19,정상
8498,2796,4540000,6.04,36,2024-09-09,정상
8499,6554,1920000,4.87,12,2023-08-05,완료
8500,1258,31140000,5.67,24,2024-05-31,완료
8501,8963,730000,4.98,6,2023-01-26,연체
8502,7908,730000,5.75,12,2023-02-16,연체
8503,7035,730000,5.62,24,2024-08-08,정상
8504,393,730000,6.7,12,2023-03-05,정상
8505,4217,730000,5.08,24,2024-04-20,정상
8506,8509,13940000,4.97,36,2024-05-23,완료
8507,3898,15460000,4.81,12,2024-06-02,완료
8508,1381,3970000,5.15,36,2024-09-10,정상
8509,8014,1090000,5.88,6,2024-05-14,완료
8510,9079,730000,5.46,24,2023-09-16,정상
8511,1845,730000,5.26,6,2023-10-25,연체
8512,7557,48680000,5.02,36,2024-09-26,정상
8513,35,3100000,5.52,12,2024-02-09,정상
8514,2346,9140000,5.1,12,2023-01-17,정상
8515,8228,730000,6.31,24,2023-10-27,정상
8516,2426,2230000,5.29,12,2024-02-17,정상
8517,1922,108250000,4.89,24,2024-07-19,정상
8518,3654,730000,5.99,6,2024-01-02,완료
8519,3182,730000,6.57,24,2024-08-09,정상
8520,9353,920000,5.08,6,2024-08-30,완료
8521,5854,810000,5.15,12,2023-02-08,완료
8522,926,4930000,4.9,12,2024-09-03,정상
8523,2881,2460000,5.0,24,2023-04-18,정상
8524,6137,1370000,5.48,12,2023-12-12,정상
8525,7814,730000,6.13,12,2024-08-14,정상
8526,1631,730000,5.41,24,2023-03-19,연체
8527,839,840000,4.71,6,2023-04-10,연체
8528,4398,4100000,4.06,24,2023-04-01,정상
8529,5136,6410000,5.1,24,2023-11-28,정상
8530,1894,1460000,5.9,6,2023-06-16,정상
8531,9411,6720000,4.38,12,2024-09-02,정상
8532,7345,1440000,5.22,24,2023-04-27,정상
8533,1744,7330000,5.34,12,2023-08-06,완료
8534,8445,730000,6.13,24,2024-04-27,정상
8535,3466,64050000,5.82,24,2024-02-27,정상
8536,3310,9890000,4.57,36,2023-02-22,정상
8537,4277,108250000,4.76,36,2024-04-23,정상
8538,8083,11800000,5.31,12,2023-05-06,정상
8539,3950,730000,5.68,6,2023-03-11,정상
8540,5383,730000,5.37,6,2024-08-29,연체
8541,9063,7800000,4.67,36,2023-05-11,정상
8542,8551,1130000,5.13,6,2023-04-22,연체
8543,5354,108250000,5.68,24,2023-01-20,정상
8544,4736,108250000,5.26,60,2023-10-08,정상
8545,6008,1190000,5.15,24,2024-10-06,정상
8546,4747,4700000,4.39,24,2024-08-10,정상
8547,9317,4680000,4.86,36,2024-05-26,완료
8548,2106,730000,5.38,24,2023-11-27,연체
8549,8140,730000,5.51,24,2023-07-14,연체
8550,5894,9990000,4.39,24,2023-07-17,정상
8551,9098,12900000,5.18,24,2023-03-12,정상
8552,4030,730000,5.14,24,2024-03-22,연체
8553,4676,9400000,4.28,36,2024-02-07,정상
8554,6316,2300000,5.09,24,2023-11-15,정상
8555,7770,6060000,5.67,36,2023-01-18,정상
8556,2730,1540000,5.48,24,2024-04-20,연체
8557,5001,108250000,4.68,24,2024-06-27,정상
8558,1136,1500000,5.66,24,2023-03-11,연체
8559,1072,73150000,5.27,36,2024-11-24,정상
8560,7543,4590000,4.1,24,2024-07-18,정상
8561,6671,730000,5.98,24,2024-01-02,정상
8562,4568,1080000,5.23,6,2024-03-19,완료
8563,8314,108250000,4.95,36,2024-11-21,정상
8564,3358,1120000,4.81,12,2024-10-15,정상
8565,9726,2200000,5.53,24,2023-07-03,완료
8566,7302,23500000,5.04,36,2024-12-24,정상
8567,8478,66300000,4.92,36,2023-12-31,정상
8568,4495,730000,5.26,6,2023-03-21,연체
8569,6697,7120000,5.0,12,2024-12-13,정상
8570,1989,730000,5.5,6,2024-11-25,연체
8571,6711,5050000,5.0,36,2023-05-09,정상
8572,4331,730000,5.52,6,2023-01-22,정상
8573,9197,740000,5.12,6,2024-03-19,연체
8574,974,31980000,4.39,24,2024-05-26,정상
8575,2252,1380000,4.83,24,2023-01-12,정상
8576,7217,1660000,6.01,12,2023-01-11,정상
8577,2692,7140000,4.72,24,2023-11-12,완료
8578,4090,74100000,5.35,24,2024-06-07,정상
8579,2581,1960000,5.1,12,2023-12-04,정상
8580,4029,2030000,4.97,12,2023-04-02,완료
8581,8227,49310000,5.16,24,2024-11-07,완료
8582,8610,44110000,5.46,60,2023-12-10,정상
8583,3150,2810000,5.51,6,2023-01-25,연체
8584,8161,61460000,4.73,24,2023-04-19,완료
8585,9825,6130000,5.36,24,2024-03-27,완료
8586,493,8500000,4.28,24,2024-10-20,정상
8587,4292,43320000,4.88,36,2024-06-08,정상
8588,3819,56850000,6.01,36,2024-12-04,정상
8589,3726,1710000,5.17,12,2024-01-17,완료
8590,6343,730000,5.71,12,2023-10-24,정상
8591,7911,730000,6.33,24,2024-03-15,연체
8592,1025,4900000,5.14,12,2023-02-12,정상
8593,5206,23720000,5.04,60,2024-09-12,정상
8594,8290,21670000,4.21,24,2023-03-08,정상
8595,1872,1530000,5.04,24,2024-08-11,연체
8596,4414,8110000,4.6,12,2023-05-18,정상
8597,741,1630000,5.18,12,2024-11-19,정상
8598,8955,730000,6.2,24,2024-09-11,정상
8599,1005,4620000,5.41,12,2024-02-17,정상
8600,5257,730000,5.51,24,2023-07-25,정상
8601,6845,1220000,4.58,24,2023-12-13,정상
8602,3560,850000,6.05,6,2023-12-01,연체
8603,5261,730000,5.42,6,2024-02-25,완료
8604,5143,2920000,5.75,6,2023-05-24,완료
8605,9652,1790000,5.26,12,2023-01-25,정상
8606,5438,12550000,4.01,36,2023-03-23,정상
8607,8903,3280000,4.72,12,2024-05-21,완료
8608,4443,1190000,5.52,6,2024-07-20,완료
8609,5383,730000,5.68,24,2023-03-24,정상
8610,4049,4180000,5.65,12,2023-07-01,정상
8611,6746,3710000,5.07,36,2023-02-24,정상
8612,6044,21030000,4.73,24,2024-07-24,연체
8613,3656,730000,5.2,24,2024-08-26,정상
8614,1027,730000,5.76,24,2024-03-03,정상
8615,3073,5550000,4.46,36,2024-04-26,완료
8616,6219,18710000,4.57,24,2024-04-19,정상
8617,8684,730000,6.25,24,2024-05-30,정상
8618,6223,4600000,4.92,36,2023-03-20,정상
8619,1239,65030000,5.6,60,2023-04-14,정상
8620,4896,730000,5.71,24,2023-01-18,연체
8621,8968,730000,5.32,6,2023-08-10,정상
8622,3543,1230000,5.38,12,2024-04-19,정상
8623,5000,1480000,4.82,24,2024-12-04,정상
8624,9236,3070000,5.24,36,2024-01-25,정상
8625,444,9030000,5.54,24,2024-07-29,정상
8626,8645,730000,6.07,12,2024-12-04,연체
8627,4116,21210000,5.7,36,2023-03-05,정상
8628,9478,730000,6.13,24,2024-07-28,정상
8629,8008,730000,5.7,6,2024-05-14,연체
8630,3777,1080000,4.78,24,2023-12-24,정상
8631,5383,730000,6.24,12,2024-07-18,정상
8632,7672,730000,5.6,12,2024-12-25,완료
8633,709,34110000,4.38,60,2023-11-07,완료
8634,3287,2220000,5.17,24,2023-10-17,정상
8635,7874,43110000,4.94,36,2024-06-02,완료
8636,87,43810000,4.8,36,2023-09-28,정상
8637,5767,970000,5.94,12,2023-04-25,완료
8638,7711,4750000,5.46,24,2024-02-16,정상
8639,1724,58740000,4.18,60,2023-09-14,정상
8640,7334,10870000,5.61,12,2024-03-06,완료
8641,1040,730000,6.03,24,2023-07-01,완료
8642,3737,730000,5.65,24,2024-12-31,연체
8643,9904,750000,5.15,12,2023-04-15,정상
8644,7801,870000,4.93,24,2023-01-26,정상
8645,8830,27940000,5.3,24,2023-08-14,완료
8646,8741,730000,5.64,12,2024-04-24,연체
8647,40,730000,5.81,24,2023-04-13,정상
8648,2507,10040000,5.4,24,2023-12-28,연체
8649,892,26410000,5.1,60,2023-01-13,정상
8650,4083,730000,5.47,12,2024-04-20,연체
8651,3824,730000,5.49,24,2023-10-07,연체
8652,1128,33420000,4.49,60,2023-01-10,정상
8653,7051,4250000,4.64,12,2023-01-20,정상
8654,3535,730000,5.23,24,2023-01-03,정상
8655,5269,11350000,4.64,12,2023-01-08,정상
8656,2232,1210000,5.04,12,2023-02-16,정상
8657,5562,730000,5.21,24,2024-05-30,연체
8658,5545,10580000,4.87,36,2023-07-27,정상
8659,6457,730000,5.32,6,2024-01-22,정상
8660,844,730000,5.65,24,2023-12-22,연체
8661,3086,34140000,4.49,24,2023-07-27,완료
8662,9793,5380000,4.73,24,2024-02-02,정상
8663,8915,5160000,4.93,36,2024-03-29,정상
8664,992,29150000,5.09,60,2023-01-14,정상
8665,5153,730000,6.34,24,2023-03-13,정상
8666,7636,2700000,5.25,6,2023-05-22,정상
8667,8228,2070000,5.61,6,2023-07-05,정상
8668,1692,730000,6.4,6,2024-08-25,정상
8669,3189,3280000,5.12,24,2023-01-07,정상
8670,6776,730000,5.2,12,2024-06-03,정상
8671,358,34940000,5.11,24,2024-07-12,정상
8672,1593,1250000,5.46,6,2024-12-29,완료
8673,3159,730000,6.02,24,2023-01-05,연체
8674,6062,2940000,5.73,24,2023-04-04,완료
8675,6912,33770000,5.11,24,2024-12-08,완료
8676,4561,2290000,5.19,12,2023-11-23,정상
8677,2492,11890000,4.78,24,2023-11-24,정상
8678,8298,1060000,6.43,12,2024-11-06,정상
8679,4475,730000,5.76,24,2024-07-07,연체
8680,6013,4680000,5.19,36,2023-05-18,정상
8681,8509,7440000,4.85,36,2024-09-17,정상
8682,3175,17900000,4.88,36,2024-12-01,완료
8683,3355,5230000,5.63,36,2023-11-17,정상
8684,1255,730000,5.35,24,2023-09-05,정상
8685,2272,2980000,6.22,24,2023-11-12,정상
8686,7421,36060000,5.69,60,2024-05-03,정상
8687,3676,730000,5.23,12,2023-11-21,정상
8688,6303,27260000,4.76,60,2023-12-03,정상
8689,4846,2720000,5.8,12,2024-03-28,정상
8690,3967,9470000,4.96,36,2024-03-23,정상
8691,4066,930000,5.04,6,2024-12-08,연체
8692,7693,31760000,5.81,24,2023-05-30,정상
8693,5057,1960000,5.5,6,2023-04-03,연체
8694,2448,6510000,4.95,12,2024-07-27,정상
8695,4191,2680000,4.87,6,2023-04-27,완료
8696,5107,4720000,5.52,12,2023-06-03,정상
8697,7146,3470000,5.33,24,2023-06-13,정상
8698,4402,730000,5.82,12,2024-02-23,연체
8699,7032,3190000,4.88,12,2023-06-19,정상
8700,5575,730000,5.22,12,2024-01-06,연체
8701,8789,104940000,5.59,36,2023-11-23,정상
8702,9201,103000000,5.95,60,2023-11-21,정상
8703,4133,2740000,4.97,6,2023-02-17,정상
8704,3796,950000,6.01,12,2024-02-03,정상
8705,6598,18110000,4.65,12,2023-07-22,정상
8706,8700,730000,6.21,12,2024-11-15,정상
8707,5997,1150000,5.26,6,2023-06-27,정상
8708,8572,108250000,5.01,36,2024-02-09,정상
8709,8366,810000,6.45,12,2023-04-17,정상
8710,6404,730000,5.69,24,2024-09-21,정상
8711,3443,3630000,5.06,12,2023-10-26,정상
8712,9904,730000,5.09,24,2024-09-12,정상
8713,9247,1320000,4.72,24,2023-04-09,정상
8714,7514,730000,6.29,24,2024-08-24,연체
8715,6026,3510000,5.28,36,2023-04-22,정상
8716,7634,730000,5.12,12,2023-01-09,정상
8717,4610,18430000,4.96,36,2023-12-01,정상
8718,6625,730000,6.3,24,2023-07-06,정상
8719,5605,14120000,4.87,12,2024-03-15,정상
8720,3360,730000,6.47,12,2023-08-21,연체
8721,8772,730000,5.95,24,2024-03-03,연체
8722,8430,730000,5.99,6,2024-10-19,연체
8723,663,730000,5.92,12,2024-03-05,정상
8724,800,730000,6.4,24,2023-07-04,정상
8725,1446,5580000,5.83,12,2024-06-19,연체
8726,6568,3110000,5.5,36,2023-04-05,정상
8727,2809,12560000,4.76,12,2024-01-07,정상
8728,8025,730000,5.07,24,2023-09-07,연체
8729,6572,7140000,4.99,24,2024-10-24,정상
8730,7825,730000,5.49,24,2024-12-13,연체
8731,1914,19050000,4.3,24,2023-05-21,정상
8732,6110,970000,5.9,6,2023-05-31,정상
8733,7785,1530000,5.45,6,2024-06-24,연체
8734,2948,1400000,5.31,6,2023-02-04,정상
8735,8879,10130000,4.4,24,2024-01-11,완료
8736,5224,730000,6.14,6,2024-02-09,정상
8737,1219,750000,6.39,12,2023-02-04,정상
8738,7557,45910000,4.34,60,2023-03-15,정상
8739,1474,19890000,3.88,24,2023-04-05,정상
8740,9197,730000,5.17,12,2024-02-06,연체
8741,2611,1980000,5.0,24,2023-09-12,완료
8742,2501,10130000,4.78,12,2024-07-20,정상
8743,4641,1420000,4.72,6,2024-11-12,정상
8744,9665,730000,5.81,12,2024-07-23,완료
8745,418,6950000,4.83,12,2023-06-24,정상
8746,565,870000,5.04,12,2023-02-19,완료
8747,1360,730000,5.76,12,2024-04-26,연체
8748,9686,30900000,5.13,60,2024-07-12,정상
8749,9310,1070000,5.32,24,2023-08-27,완료
8750,6542,730000,5.05,24,2024-04-09,연체
8751,3589,2460000,4.92,12,2024-07-12,완료
8752,3003,1690000,4.91,24,2023-09-06,완료
8753,3371,10330000,4.87,36,2024-06-29,정상
8754,815,730000,5.72,12,2023-05-11,정상
8755,6735,5060000,4.85,36,2023-09-01,정상
8756,4383,730000,6.65,6,2024-05-12,연체
8757,7059,2910000,5.52,12,2023-12-07,연체
8758,6130,4260000,5.6,36,2023-09-29,연체
8759,1073,930000,5.7,12,2023-03-11,정상
8760,1382,730000,5.79,24,2023-12-27,연체
8761,7738,2740000,4.42,6,2024-06-10,정상
8762,742,1060000,5.1,12,2024-09-02,정상
8763,9742,2140000,5.55,12,2024-09-10,정상
8764,3560,730000,5.91,24,2024-01-29,정상
8765,7883,730000,5.49,24,2024-10-07,연체
8766,4343,4030000,4.21,36,2023-01-22,정상
8767,4371,6360000,4.28,36,2023-01-10,정상
8768,3854,730000,5.6,12,2023-11-29,완료
8769,153,55990000,4.71,60,2023-03-04,정상
8770,470,730000,5.74,6,2023-05-05,연체
8771,9411,3950000,4.82,36,2024-11-08,완료
8772,1063,730000,4.94,6,2024-11-26,연체
8773,101,1190000,5.68,12,2024-08-24,정상
8774,2666,1270000,5.29,24,2024-09-27,완료
8775,2476,1600000,5.46,6,2024-02-24,연체
8776,7139,2680000,5.24,24,2023-06-06,정상
8777,9277,1710000,5.4,24,2023-07-03,정상
8778,8535,11640000,4.76,12,2024-05-22,정상
8779,240,2320000,5.76,6,2023-08-11,정상
8780,4354,5310000,5.35,36,2023-08-15,정상
8781,9053,108250000,6.17,60,2023-10-27,정상
8782,8421,1090000,5.87,6,2023-01-20,정상
8783,5880,4300000,5.71,36,2023-06-16,정상
8784,2971,5690000,5.57,24,2024-04-05,정상
8785,3270,2660000,5.39,6,2023-04-05,정상
8786,4396,730000,5.08,6,2023-07-26,정상
8787,7017,2020000,4.88,24,2024-05-18,정상
8788,4615,11470000,4.98,36,2023-11-12,정상
8789,8276,2830000,5.32,12,2024-09-09,정상
8790,4407,730000,5.1,24,2023-08-15,연체
8791,5771,1080000,4.72,6,2023-12-31,연체
8792,3203,2350000,5.89,24,2023-02-25,정상
8793,4827,12920000,4.58,36,2024-03-09,정상
8794,4579,1360000,6.09,24,2023-11-02,완료
8795,3102,730000,5.49,6,2024-04-06,연체
8796,5926,38930000,4.94,36,2024-07-22,정상
8797,1922,108250000,4.98,24,2024-07-05,정상
8798,6388,1080000,5.51,6,2024-09-09,완료
8799,2660,830000,6.0,12,2023-08-20,정상
8800,1940,730000,5.79,6,2024-12-22,정상
8801,9670,730000,5.14,12,2023-09-08,정상
8802,81,4000000,5.68,12,2023-04-25,정상
8803,6686,15090000,4.76,12,2023-01-13,정상
8804,8233,60530000,5.1,36,2023-09-13,정상
8805,9769,59270000,5.1,36,2023-02-21,정상
8806,7674,800000,5.66,12,2023-11-29,정상
8807,1524,730000,5.52,6,2024-02-23,정상
8808,6870,4620000,4.39,12,2023-11-19,정상
8809,8076,14280000,4.65,12,2023-10-20,정상
8810,8444,8430000,5.44,24,2023-05-24,정상
8811,3673,1490000,4.72,12,2023-01-19,정상
8812,4545,19680000,5.32,24,2024-05-06,정상
8813,4601,8210000,4.41,24,2023-05-06,정상
8814,2693,2210000,5.41,12,2024-01-10,연체
8815,915,8060000,4.58,12,2023-10-16,완료
8816,3710,108250000,6.69,60,2023-06-05,정상
8817,946,800000,5.72,12,2023-03-01,연체
8818,1704,52640000,5.37,60,2024-05-18,정상
8819,4165,67540000,4.66,60,2023-10-18,정상
8820,5498,9750000,5.38,12,2023-09-17,정상
8821,7578,730000,5.48,12,2024-09-25,완료
8822,4830,32820000,3.82,36,2024-11-12,정상
8823,8970,730000,5.25,6,2023-03-31,정상
8824,4353,730000,5.21,6,2024-01-17,정상
8825,9034,730000,6.42,12,2023-03-25,정상
8826,4465,730000,5.93,12,2023-07-20,연체
8827,8716,1660000,5.09,24,2023-10-06,완료
8828,130,950000,4.98,24,2023-02-14,완료
8829,4549,3430000,6.5,24,2024-05-12,정상
8830,3995,17690000,5.21,12,2023-05-16,정상
8831,9142,730000,6.08,6,2024-09-11,연체
8832,326,2610000,5.18,24,2023-03-21,연체
8833,8904,11220000,4.07,12,2023-01-08,연체
8834,778,6580000,5.24,12,2024-02-28,연체
8835,2999,3460000,5.28,24,2023-03-30,연체
8836,99,730000,6.16,6,2024-05-30,연체
8837,6036,7260000,5.52,24,2024-07-26,정상
8838,9942,900000,5.49,6,2023-02-06,연체
8839,3185,1660000,5.37,6,2024-06-18,연체
8840,7463,15550000,4.98,24,2024-01-14,정상
8841,6424,1890000,6.65,6,2024-04-13,정상
8842,4927,108250000,5.74,60,2023-07-30,정상
8843,9715,1120000,5.1,24,2023-08-17,정상
8844,61,36490000,4.83,24,2024-03-25,정상
8845,3175,8920000,4.62,12,2024-05-18,완료
8846,8807,730000,5.82,24,2023-08-28,연체
8847,2246,21180000,5.72,36,2023-10-11,완료
8848,4960,81680000,5.36,24,2024-02-05,정상
8849,1966,45850000,5.02,24,2023-12-19,정상
8850,1578,12160000,4.34,24,2024-08-05,정상
8851,6080,11270000,5.33,36,2024-12-20,정상
8852,1140,2400000,4.68,12,2024-04-29,정상
8853,6124,4090000,4.67,36,2024-07-03,정상
8854,983,6540000,5.31,36,2024-09-29,완료
8855,1427,8810000,5.3,36,2024-01-18,정상
8856,7932,19410000,5.18,36,2024-04-27,정상
8857,7291,1070000,5.08,24,2023-04-11,연체
8858,7719,6130000,5.24,36,2024-03-04,정상
8859,6193,26920000,5.03,60,2023-12-05,정상
8860,2899,730000,5.51,24,2023-08-23,연체
8861,3696,1000000,5.48,6,2023-10-16,정상
8862,2579,2340000,5.59,12,2023-05-28,정상
8863,6852,1070000,5.72,12,2024-09-13,정상
8864,4158,94180000,5.98,24,2024-12-21,정상
8865,749,35390000,4.44,24,2024-04-16,정상
8866,1810,108250000,5.68,36,2023-11-10,완료
8867,6276,730000,4.88,12,2023-12-22,정상
8868,9657,730000,6.01,24,2024-09-09,연체
8869,1813,1630000,5.51,6,2024-12-08,정상
8870,2650,7160000,4.09,36,2023-10-16,완료
8871,8358,730000,5.71,12,2023-09-23,연체
8872,3303,730000,5.09,6,2023-05-30,연체
8873,7633,2920000,5.1,6,2024-10-24,정상
8874,7471,730000,5.68,6,2023-06-17,연체
8875,3136,730000,6.16,6,2023-01-11,연체
8876,6199,1730000,5.11,6,2024-10-22,정상
8877,2368,3210000,5.06,12,2024-07-19,완료
8878,5967,1020000,4.43,12,2024-04-20,완료
8879,6573,3340000,4.9,24,2023-03-05,정상
8880,7345,3030000,5.76,36,2023-02-08,완료
8881,9039,2980000,5.22,6,2024-05-05,정상
8882,7612,730000,5.1,6,2024-03-17,연체
8883,6041,730000,5.55,12,2024-01-11,정상
8884,1313,8930000,5.04,24,2024-10-16,정상
8885,9486,3730000,4.54,24,2023-01-04,정상
8886,3824,730000,5.8,6,2023-01-14,연체
8887,2686,730000,5.05,6,2023-02-05,정상
8888,2930,810000,5.54,12,2024-04-07,정상
8889,8349,8670000,5.11,36,2024-01-16,완료
8890,1579,730000,5.8,6,2024-08-28,연체
8891,5090,5200000,4.33,36,2023-03-29,정상
8892,8925,1470000,5.32,12,2024-07-12,정상
8893,5273,730000,6.09,12,2024-02-19,연체
8894,1694,1110000,5.22,24,2023-02-18,정상
8895,7115,13990000,5.05,36,2023-03-19,완료
8896,9470,2630000,5.3,6,2023-07-24,정상
8897,134,4110000,4.93,24,2024-05-19,정상
8898,8429,2040000,5.25,12,2023-03-20,정상
8899,3782,790000,5.92,6,2023-08-04,정상
8900,9995,2040000,4.63,12,2023-12-29,정상
8901,6434,3240000,4.56,24,2023-11-01,정상
8902,7166,29100000,5.3,24,2023-01-13,정상
8903,3624,20300000,4.46,60,2023-05-29,정상
8904,1197,3860000,5.64,36,2024-11-18,정상
8905,9366,730000,6.4,6,2024-08-05,연체
8906,7943,730000,5.85,12,2024-03-05,정상
8907,1556,730000,5.5,12,2024-01-02,연체
8908,3046,22470000,4.75,24,2024-10-05,정상
8909,966,1280000,5.35,12,2023-05-03,완료
8910,4783,2420000,5.49,12,2023-11-20,정상
8911,8550,980000,6.21,6,2023-04-01,정상
8912,1507,8200000,4.41,36,2023-01-29,정상
8913,1233,1700000,5.22,12,2023-11-22,완료
8914,1659,950000,5.15,12,2023-04-24,정상
8915,7176,11330000,4.74,36,2024-06-05,정상
8916,6527,2130000,5.52,6,2024-04-04,정상
8917,480,11440000,4.91,24,2023-11-03,완료
8918,8801,1870000,4.66,24,2023-04-12,정상
8919,7448,1370000,5.43,24,2023-01-16,정상
8920,5078,12050000,4.87,12,2024-05-26,정상
8921,2434,9320000,4.64,24,2024-12-15,정상
8922,6154,730000,5.0,6,2024-09-25,완료
8923,9690,26400000,4.71,60,2024-05-28,정상
8924,5946,108250000,6.74,24,2023-02-02,정상
8925,6988,1390000,5.83,24,2024-11-18,정상
8926,7723,760000,4.7,6,2023-10-19,완료
8927,3313,730000,6.02,24,2024-04-07,정상
8928,2657,19160000,5.34,36,2024-04-24,정상
8929,558,67650000,6.17,60,2023-04-09,정상
8930,8922,730000,6.18,6,2024-04-23,정상
8931,1919,1230000,5.53,6,2024-07-27,완료
8932,4580,730000,5.22,12,2023-10-29,정상
8933,410,780000,5.17,12,2024-12-19,연체
8934,5115,49110000,5.29,60,2023-01-12,정상
8935,459,108250000,5.27,36,2023-01-30,정상
8936,4082,730000,6.04,24,2024-09-15,연체
8937,1694,2000000,4.74,6,2024-02-24,정상
8938,5776,3230000,4.74,12,2023-05-03,정상
8939,5633,31710000,5.68,36,2023-08-13,정상
8940,8449,730000,5.83,6,2023-01-22,연체
8941,4565,38110000,5.54,36,2023-10-13,정상
8942,3064,730000,4.54,24,2024-03-07,정상
8943,3971,730000,5.6,6,2024-08-03,연체
8944,6554,1150000,4.84,6,2024-10-15,완료
8945,21,730000,4.9,12,2024-08-04,정상
8946,4811,16450000,5.03,24,2024-04-13,정상
8947,8946,34350000,4.86,24,2024-09-09,정상
8948,3295,3810000,4.4,36,2023-03-06,완료
8949,1944,5360000,4.86,24,2024-07-05,정상
8950,8018,740000,6.53,6,2024-03-26,연체
8951,4493,1480000,5.05,24,2024-06-06,정상
8952,8812,740000,5.56,12,2023-02-28,연체
8953,3151,34170000,5.52,36,2023-11-08,정상
8954,2119,730000,5.86,12,2024-11-26,정상
8955,4475,730000,6.64,12,2023-09-04,정상
8956,663,730000,6.04,12,2023-09-22,연체
8957,2865,1130000,6.19,12,2024-07-07,연체
8958,6972,770000,4.74,24,2024-03-04,정상
8959,6683,1300000,5.48,6,2024-02-04,정상
8960,802,2590000,4.61,24,2024-02-20,정상
8961,2813,730000,5.38,12,2023-06-20,정상
8962,4275,2570000,4.54,12,2023-06-16,정상
8963,2591,25670000,4.07,24,2023-08-23,정상
8964,1346,19620000,4.88,12,2024-03-11,정상
8965,9375,1920000,5.14,12,2024-02-22,완료
8966,3508,730000,6.29,24,2024-11-26,정상
8967,3445,1360000,4.82,24,2024-12-01,정상
8968,4112,730000,5.55,6,2024-07-16,정상
8969,435,27560000,5.31,24,2024-09-28,정상
8970,5848,730000,6.37,24,2023-08-07,완료
8971,4882,1740000,5.38,6,2023-06-11,정상
8972,2334,1130000,6.15,24,2024-08-23,정상
8973,9759,7510000,4.6,24,2024-06-01,정상
8974,6999,8080000,4.77,36,2024-03-25,정상
8975,1287,53890000,5.19,60,2023-11-16,정상
8976,3677,6740000,4.93,24,2024-03-20,완료
8977,9073,730000,5.47,6,2024-11-02,정상
8978,5376,730000,5.0,12,2023-01-03,정상
8979,5705,730000,5.6,12,2023-10-13,연체
8980,5485,1210000,5.29,24,2023-02-05,완료
8981,9457,730000,5.66,12,2024-01-02,연체
8982,9483,100850000,5.32,36,2024-02-27,완료
8983,9236,3050000,6.11,12,2024-02-14,정상
8984,8326,15770000,4.45,24,2023-01-18,정상
8985,201,10800000,4.57,24,2024-01-13,정상
8986,8365,1430000,5.76,24,2024-07-13,정상
8987,9312,21090000,4.84,36,2024-05-06,정상
8988,331,1230000,5.31,12,2023-11-29,연체
8989,5682,77660000,5.21,36,2023-09-12,정상
8990,6687,3460000,5.4,36,2023-02-12,정상
8991,5686,730000,6.05,24,2024-02-29,연체
8992,145,1030000,5.41,6,2024-11-08,완료
8993,2930,730000,4.94,24,2023-12-11,완료
8994,9314,730000,5.77,6,2023-05-23,연체
8995,1990,1090000,5.98,12,2023-09-07,정상
8996,9591,4160000,5.43,12,2023-12-19,정상
8997,5842,27320000,4.8,24,2024-02-19,정상
8998,5547,1190000,5.23,12,2024-01-04,연체
8999,4801,730000,5.73,24,2023-01-21,정상
9000,9722,53410000,4.58,36,2024-04-04,정상
9001,917,60220000,6.01,36,2024-05-09,정상
9002,6665,730000,5.66,24,2023-12-20,연체
9003,4936,12290000,5.06,36,2023-08-29,정상
9004,8708,4580000,5.62,12,2024-10-26,정상
9005,8464,33100000,4.72,60,2024-01-17,정상
9006,1743,730000,5.33,12,2024-12-30,정상
9007,1515,1780000,5.2,12,2023-09-14,완료
9008,5870,1230000,5.87,24,2023-12-29,정상
9009,6409,7840000,4.96,36,2024-02-23,정상
9010,7314,730000,4.9,12,2024-08-08,정상
9011,3248,8770000,5.34,36,2024-04-14,연체
9012,3364,3580000,5.99,36,2024-11-10,정상
9013,6766,730000,6.21,12,2024-05-06,정상
9014,4871,2720000,4.49,12,2023-10-12,정상
9015,6649,7780000,4.96,24,2024-12-29,정상
9016,9473,730000,5.53,24,2024-06-15,연체
9017,2424,730000,6.34,6,2024-06-01,연체
9018,5646,900000,5.89,12,2024-08-17,완료
9019,8449,730000,4.83,24,2024-01-28,정상
9020,6821,8510000,5.24,36,2023-02-13,정상
9021,9693,730000,4.8,24,2023-08-21,연체
9022,4489,730000,5.64,24,2024-04-29,연체
9023,123,108250000,4.54,24,2024-10-25,정상
9024,4031,730000,5.69,12,2024-02-08,연체
9025,1328,22420000,5.17,60,2024-01-31,정상
9026,1842,1160000,5.22,12,2024-05-24,정상
9027,4870,1510000,5.6,12,2024-10-15,정상
9028,2741,730000,5.01,6,2024-01-12,정상
9029,3202,1510000,5.83,24,2023-08-21,정상
9030,8181,760000,5.68,12,2024-04-29,정상
9031,1635,730000,5.64,12,2023-09-23,정상
9032,7417,730000,5.6,24,2023-03-09,연체
9033,580,730000,6.04,24,2024-12-15,연체
9034,314,7860000,4.7,12,2024-10-21,정상
9035,514,12360000,5.56,36,2023-08-08,정상
9036,5453,1480000,5.17,24,2024-06-16,완료
9037,4348,1080000,6.14,12,2023-02-11,연체
9038,6492,32450000,4.42,60,2024-01-19,정상
9039,9722,26310000,4.9,24,2024-10-12,정상
9040,9369,730000,6.6,6,2024-10-11,정상
9041,2900,4600000,5.42,12,2024-04-15,정상
9042,8144,730000,5.93,12,2024-08-03,연체
9043,2507,7690000,5.79,24,2024-06-23,완료
9044,262,69750000,6.04,60,2023-12-11,정상
9045,2797,1100000,5.51,6,2024-06-11,정상
9046,2449,4300000,5.3,24,2024-01-03,완료
9047,5704,76010000,4.41,24,2023-03-31,정상
9048,9139,730000,6.13,12,2023-03-03,연체
9049,5073,4190000,5.05,24,2023-05-10,연체
9050,9658,29170000,4.45,24,2023-11-13,정상
9051,2177,730000,5.37,6,2023-09-18,완료
9052,5440,2460000,5.02,12,2023-12-18,정상
9053,1224,7550000,5.07,12,2024-06-17,완료
9054,2985,1280000,5.3,6,2024-08-26,정상
9055,4472,1370000,5.85,24,2024-12-26,정상
9056,7064,5030000,4.97,36,2023-09-04,정상
9057,5817,47650000,5.38,24,2023-11-03,완료
9058,1302,1160000,6.43,6,2023-03-07,정상
9059,2622,30830000,5.06,60,2023-12-03,정상
9060,7706,5490000,4.76,12,2023-09-10,정상
9061,2690,1930000,5.43,12,2023-05-17,정상
9062,2508,730000,5.41,6,2023-01-01,정상
9063,3595,1960000,5.98,6,2024-05-22,정상
9064,1839,8620000,5.0,36,2024-04-10,정상
9065,3831,2020000,4.52,12,2024-03-19,정상
9066,8670,730000,5.96,6,2024-07-14,연체
9067,7359,730000,5.69,24,2023-06-16,연체
9068,5907,730000,6.13,12,2023-01-18,정상
9069,6672,2100000,4.94,6,2023-07-04,정상
9070,130,1310000,5.84,6,2023-12-24,정상
9071,7454,3340000,5.33,24,2023-10-05,정상
9072,6913,730000,5.53,6,2023-12-30,완료
9073,3425,10660000,4.55,12,2024-06-14,정상
9074,7650,730000,5.8,24,2023-01-17,완료
9075,4987,2410000,5.01,24,2023-07-16,정상
9076,2272,1700000,5.0,6,2023-06-13,정상
9077,6155,1410000,4.82,24,2024-04-22,정상
9078,7586,730000,5.86,12,2024-12-09,완료
9079,8054,730000,5.7,12,2024-06-21,정상
9080,8230,3820000,5.86,36,2024-02-06,완료
9081,1747,1120000,4.37,6,2023-03-10,정상
9082,4409,44360000,4.64,24,2024-04-17,정상
9083,8038,14010000,5.56,36,2024-03-13,정상
9084,1791,12550000,4.9,36,2023-07-18,완료
9085,8669,1520000,5.3,6,2023-12-30,정상
9086,4145,1390000,4.65,12,2024-07-27,정상
9087,6218,57860000,4.93,36,2024-12-04,정상
9088,8530,5270000,5.13,36,2023-04-14,완료
9089,2730,1250000,6.11,24,2023-04-12,연체
9090,7118,730000,5.82,24,2024-10-08,연체
9091,3018,51270000,5.53,60,2024-04-01,정상
9092,9379,730000,5.92,12,2024-08-30,연체
9093,4110,6260000,4.56,24,2024-01-18,완료
9094,957,4110000,5.52,24,2023-03-07,완료
9095,1837,910000,4.86,12,2024-08-17,완료
9096,8540,3630000,5.54,36,2024-10-30,정상
9097,8200,31140000,4.6,60,2024-01-24,정상
9098,6632,13590000,5.48,12,2024-11-21,완료
9099,8711,1950000,4.89,12,2024-04-07,정상
9100,326,2450000,5.75,12,2023-04-27,연체
9101,415,730000,6.04,6,2023-11-17,연체
9102,5536,1370000,5.51,6,2023-04-16,연체
9103,433,870000,6.32,6,2023-03-05,연체
9104,886,4940000,5.29,24,2023-05-03,연체
9105,3213,4900000,4.67,36,2024-01-02,정상
9106,2466,1720000,4.74,12,2024-09-23,정상
9107,9163,730000,5.05,24,2023-03-26,완료
9108,2906,1510000,4.73,12,2023-08-12,정상
9109,2473,2820000,5.15,6,2023-01-18,정상
9110,6213,61380000,5.87,24,2023-02-19,정상
9111,7901,55570000,4.76,60,2023-10-19,정상
9112,5641,830000,5.65,24,2024-02-16,연체
9113,3902,2840000,4.6,24,2024-08-29,완료
9114,2306,2980000,5.27,12,2024-11-11,정상
9115,6362,4850000,5.58,36,2023-06-05,완료
9116,3579,1050000,5.11,12,2023-11-04,완료
9117,1213,11760000,4.52,24,2024-10-24,정상
9118,9645,730000,5.89,24,2023-01-12,정상
9119,7581,3950000,4.67,36,2024-04-17,정상
9120,7997,770000,6.23,24,2023-11-17,완료
9121,3286,730000,5.32,24,2024-03-19,연체
9122,782,35540000,5.07,36,2024-02-21,정상
9123,8008,730000,6.34,24,2023-03-12,정상
9124,8282,1000000,5.16,12,2024-03-13,정상
9125,4321,2040000,5.35,6,2024-03-31,정상
9126,1605,2570000,4.36,24,2024-01-10,정상
9127,6104,860000,5.09,24,2023-09-20,정상
9128,6772,26320000,4.76,36,2024-02-27,정상
9129,6228,14460000,4.8,12,2024-01-25,정상
9130,6838,1280000,5.84,6,2023-03-21,완료
9131,1651,3370000,4.75,24,2023-06-09,정상
9132,4537,14240000,4.35,12,2023-12-30,완료
9133,460,8650000,4.97,12,2024-02-29,완료
9134,2140,9010000,4.17,24,2023-05-13,완료
9135,3482,32980000,4.39,24,2024-03-16,완료
9136,787,1400000,4.85,6,2023-11-28,정상
9137,6029,5720000,5.31,12,2023-10-07,정상
9138,1932,730000,5.62,6,2024-04-28,연체
9139,8505,1040000,4.76,24,2024-01-04,정상
9140,9328,40820000,4.89,60,2023-11-27,정상
9141,1906,1470000,4.69,24,2023-10-28,연체
9142,4871,3570000,5.76,12,2023-08-30,정상
9143,5859,37590000,4.62,24,2024-09-23,정상
9144,2765,970000,5.48,12,2023-05-08,완료
9145,6482,730000,5.16,6,2023-04-14,정상
9146,4653,3740000,5.18,12,2024-02-28,정상
9147,4153,730000,5.68,12,2024-02-13,연체
9148,5913,10810000,4.57,36,2023-02-27,완료
9149,7307,4600000,5.09,12,2023-07-13,정상
9150,2397,730000,5.9,24,2024-05-27,연체
9151,3160,3480000,5.59,24,2024-12-31,정상
9152,2578,1920000,5.36,12,2023-07-01,정상
9153,5182,3150000,4.79,12,2023-06-24,정상
9154,9275,12550000,4.23,12,2023-08-27,완료
9155,3571,730000,5.43,24,2024-10-14,정상
9156,9312,9820000,4.68,24,2024-03-22,정상
9157,5818,4200000,5.56,36,2024-01-17,정상
9158,3845,730000,5.28,12,2024-06-28,연체
9159,2600,3090000,6.0,36,2024-03-30,정상
9160,1001,1090000,5.58,24,2024-02-28,정상
9161,7745,730000,5.44,12,2023-09-09,완료
9162,7340,1880000,5.76,24,2023-07-02,연체
9163,6812,1080000,5.83,24,2023-10-04,정상
9164,194,20420000,5.48,24,2023-02-26,정상
9165,4325,730000,5.16,24,2024-01-24,연체
9166,5888,9920000,4.62,36,2023-07-27,정상
9167,4316,1260000,5.7,12,2023-08-27,정상
9168,5001,73760000,4.55,60,2024-08-11,정상
9169,6899,730000,5.16,6,2024-02-02,완료
9170,582,930000,5.68,24,2024-06-26,연체
9171,1116,11300000,5.17,36,2023-11-29,연체
9172,4301,56940000,5.47,36,2024-08-26,완료
9173,813,1280000,5.38,12,2024-12-08,정상
9174,6936,730000,6.12,6,2023-03-16,정상
9175,9404,5070000,4.75,12,2023-11-28,연체
9176,6528,730000,6.13,12,2023-01-09,연체
9177,8688,730000,6.33,12,2023-04-13,연체
9178,2379,3150000,5.46,36,2023-10-29,정상
9179,1999,770000,5.54,24,2024-03-18,완료
9180,4827,19180000,4.06,36,2024-05-03,완료
9181,9426,1780000,5.57,12,2023-07-02,완료
9182,9904,740000,4.96,12,2024-09-26,정상
9183,7143,920000,5.1,24,2023-08-06,연체
9184,2881,5910000,5.18,36,2023-12-27,정상
9185,6673,730000,5.94,24,2023-02-26,정상
9186,7788,5180000,5.44,24,2024-10-19,정상
9187,1311,13990000,5.12,12,2024-10-01,정상
9188,84,33310000,5.77,36,2024-06-29,정상
9189,5763,2990000,4.94,12,2024-09-03,정상
9190,91,9280000,5.25,24,2023-07-01,연체
9191,9712,3280000,5.55,24,2023-08-02,연체
9192,8397,4620000,4.69,36,2024-08-04,완료
9193,6715,730000,5.99,12,2023-01-16,연체
9194,8800,730000,5.93,6,2024-05-20,연체
9195,4594,10340000,4.67,24,2024-08-09,정상
9196,4020,1320000,5.41,6,2023-10-26,정상
9197,6990,730000,5.72,6,2023-05-27,완료
9198,1440,13860000,5.07,36,2024-10-07,정상
9199,5086,1030000,5.08,6,2023-03-03,정상
9200,2366,2500000,5.17,24,2023-01-05,정상
9201,3467,1540000,5.32,12,2024-03-03,정상
9202,9099,50890000,5.39,36,2023-06-07,정상
9203,3730,880000,5.2,12,2023-11-02,정상
9204,7247,2790000,4.76,24,2024-05-08,정상
9205,9230,21270000,4.91,24,2024-01-18,완료
9206,2285,880000,5.66,6,2024-04-02,정상
9207,186,12590000,4.77,36,2024-10-16,정상
9208,4294,750000,5.43,12,2023-05-19,정상
9209,1043,730000,5.36,6,2024-09-25,연체
9210,3010,730000,5.72,6,2024-06-21,완료
9211,7393,2660000,5.33,24,2023-05-10,정상
9212,8052,45030000,5.59,60,2023-12-09,정상
9213,9288,730000,5.6,12,2024-04-13,연체
9214,9373,1550000,5.88,24,2023-04-30,연체
9215,8437,4140000,4.64,12,2023-03-16,정상
9216,534,1880000,5.67,6,2023-03-17,정상
9217,2280,3810000,5.1,24,2023-05-10,정상
9218,9395,26640000,4.58,36,2024-03-16,완료
9219,117,3040000,4.85,12,2024-10-03,정상
9220,9677,920000,5.04,12,2024-10-18,연체
9221,6166,4160000,4.7,24,2024-05-27,정상
9222,2979,14760000,5.4,36,2023-08-10,정상
9223,8160,3910000,4.97,24,2024-09-28,완료
9224,1046,730000,5.88,24,2024-10-14,연체
9225,2281,1860000,6.37,6,2024-11-03,완료
9226,8163,8060000,5.6,24,2024-03-05,정상
9227,5814,16330000,4.83,12,2024-03-16,정상
9228,9237,3330000,4.92,12,2023-06-05,정상
9229,5926,82420000,6.79,36,2023-12-14,정상
9230,2846,4530000,5.14,36,2024-06-19,정상
9231,6770,3660000,5.25,36,2024-10-03,정상
9232,3205,43820000,4.99,60,2024-02-20,정상
9233,8211,11460000,5.08,12,2023-11-07,정상
9234,5016,730000,4.45,6,2023-05-01,정상
9235,9123,2660000,5.14,6,2023-03-30,정상
9236,4651,2110000,5.2,12,2023-11-09,정상
9237,1369,1280000,5.23,24,2024-09-18,완료
9238,4924,72510000,5.22,60,2023-03-16,정상
9239,8569,1930000,4.99,6,2023-07-29,정상
9240,4378,7880000,5.01,12,2024-08-17,정상
9241,6869,1250000,5.35,12,2023-05-09,완료
9242,667,2730000,4.74,24,2024-09-06,정상
9243,9107,6000000,5.37,36,2023-07-21,정상
9244,2934,13690000,3.32,36,2023-05-24,정상
9245,5462,16580000,5.25,24,2024-06-26,정상
9246,1964,740000,5.71,6,2024-12-15,완료
9247,8543,730000,6.54,12,2024-11-26,연체
9248,8334,3710000,5.39,24,2023-06-15,정상
9249,5490,6540000,4.7,12,2024-05-22,정상
9250,8321,2300000,5.69,6,2024-06-06,정상
9251,8643,17110000,4.77,36,2023-02-17,정상
9252,6627,18370000,4.73,36,2023-02-09,완료
9253,2903,45170000,4.46,24,2023-10-23,완료
9254,5074,12170000,5.19,36,2023-05-19,정상
9255,945,30240000,5.34,24,2023-10-29,정상
9256,7476,6610000,5.21,24,2024-06-16,정상
9257,961,730000,5.52,6,2023-03-18,정상
9258,8476,1190000,4.5,24,2024-10-19,완료
9259,9821,8280000,4.42,24,2023-05-09,정상
9260,2632,1510000,4.41,12,2024-12-31,완료
9261,41,1300000,5.59,12,2023-01-04,정상
9262,4826,21420000,4.48,24,2023-01-05,정상
9263,1782,15360000,5.19,36,2024-12-08,정상
9264,9797,730000,5.41,12,2024-02-14,정상
9265,1975,730000,5.83,24,2023-06-09,정상
9266,4586,2130000,4.0,6,2024-03-25,정상
9267,8029,2840000,4.66,6,2024-10-19,정상
9268,5171,7410000,4.33,36,2024-12-02,연체
9269,4123,14290000,5.35,12,2024-05-26,완료
9270,4274,3960000,4.54,12,2023-06-20,정상
9271,5868,34880000,4.91,60,2024-04-02,정상
9272,9924,730000,6.38,24,2024-08-25,연체
9273,4498,1370000,5.71,6,2024-04-07,정상
9274,1544,30340000,5.6,60,2024-03-09,연체
9275,5610,730000,5.78,6,2024-12-11,연체
9276,1337,3470000,4.69,12,2024-07-10,정상
9277,288,730000,5.68,12,2024-05-05,연체
9278,1969,2380000,5.09,12,2023-02-08,완료
9279,5317,12210000,5.26,12,2023-05-25,정상
9280,8053,9110000,4.66,12,2023-07-07,정상
9281,6686,13920000,4.55,24,2024-12-19,정상
9282,3120,730000,5.78,24,2023-01-11,정상
9283,6740,2740000,4.77,12,2024-12-15,정상
9284,8609,2050000,5.31,24,2023-01-07,정상
9285,9949,68580000,5.83,36,2023-10-05,정상
9286,9254,5130000,4.78,36,2024-07-04,정상
9287,358,22540000,5.32,36,2023-01-31,완료
9288,537,1510000,3.89,6,2023-07-11,정상
9289,7641,730000,5.16,24,2024-03-19,정상
9290,5131,730000,5.9,12,2023-08-01,완료
9291,3918,72970000,4.27,24,2024-08-18,완료
9292,4603,1130000,5.71,24,2024-07-03,연체
9293,8494,730000,5.64,12,2024-03-24,정상
9294,8778,730000,5.87,12,2024-10-29,정상
9295,2107,730000,6.36,6,2023-10-28,정상
9296,9000,1970000,4.94,6,2024-05-31,정상
9297,5688,4610000,5.08,24,2024-09-20,정상
9298,2370,730000,5.28,6,2023-02-12,연체
9299,8913,730000,6.01,12,2024-05-25,연체
9300,1876,730000,4.8,12,2024-10-24,완료
9301,1548,7870000,5.38,36,2024-08-04,정상
9302,7027,730000,6.46,6,2024-10-29,연체
9303,7388,6100000,5.1,36,2024-08-22,완료
9304,9962,4210000,5.12,24,2023-05-15,완료
9305,6793,1850000,5.05,24,2024-05-26,정상
9306,860,730000,5.57,24,2023-01-29,연체
9307,1885,1090000,5.94,24,2024-12-05,정상
9308,453,730000,4.77,12,2024-10-07,연체
9309,4214,730000,5.15,6,2024-03-16,연체
9310,474,9070000,5.52,36,2024-12-04,정상
9311,8535,15100000,4.54,12,2023-11-17,정상
9312,9460,730000,5.8,24,2024-10-02,정상
9313,7217,730000,5.55,12,2024-02-12,정상
9314,6736,1540000,4.94,6,2023-08-30,정상
9315,247,4520000,4.87,12,2024-04-18,정상
9316,7207,2720000,4.18,24,2023-10-08,정상
9317,9306,2700000,5.39,6,2024-09-07,정상
9318,3667,19570000,4.2,24,2024-12-12,정상
9319,8773,730000,5.43,24,2024-08-05,연체
9320,2114,730000,5.42,24,2023-04-02,정상
9321,6008,1450000,5.6,12,2024-09-05,정상
9322,3062,730000,6.06,6,2023-03-11,연체
9323,937,6340000,4.17,12,2024-06-28,정상
9324,7767,730000,6.09,12,2024-04-09,연체
9325,3625,1170000,4.63,12,2024-09-27,정상
9326,236,5360000,4.95,36,2024-07-16,완료
9327,9592,2810000,4.96,12,2024-09-10,정상
9328,374,730000,6.24,12,2024-10-22,정상
9329,5520,730000,4.87,24,2024-10-17,연체
9330,7444,3490000,4.64,12,2024-12-14,정상
9331,3923,7860000,4.98,36,2023-08-16,정상
9332,9880,6470000,4.71,12,2023-02-05,정상
9333,5152,1800000,5.46,12,2023-01-14,정상
9334,4685,25140000,5.42,60,2024-11-04,정상
9335,1155,1430000,6.22,24,2024-03-25,정상
9336,374,730000,6.0,12,2024-03-06,정상
9337,992,37170000,4.95,36,2023-12-13,정상
9338,9021,1910000,4.39,24,2024-11-29,정상
9339,8688,730000,5.51,24,2023-12-31,연체
9340,308,3470000,4.81,24,2024-04-15,정상
9341,4614,2590000,5.24,24,2024-09-19,정상
9342,6890,4600000,4.54,12,2023-05-27,정상
9343,2931,730000,5.1,6,2023-09-09,연체
9344,2822,730000,5.63,6,2024-12-18,연체
9345,6379,23290000,4.7,36,2024-01-23,정상
9346,2677,3930000,5.56,36,2024-07-11,정상
9347,3707,890000,4.86,12,2024-09-13,정상
9348,794,750000,6.37,12,2024-09-12,정상
9349,303,1860000,5.12,24,2024-10-03,정상
9350,3782,1280000,5.75,6,2023-08-09,완료
9351,6641,730000,5.76,12,2024-03-16,정상
9352,2678,11950000,5.35,12,2023-05-05,정상
9353,7851,740000,5.27,24,2023-10-01,연체
9354,5899,730000,5.23,12,2023-09-19,완료
9355,1326,2080000,4.98,6,2023-10-11,정상
9356,5750,27490000,5.82,60,2023-09-08,정상
9357,8744,730000,5.32,6,2024-02-04,정상
9358,565,820000,5.34,24,2024-12-12,연체
9359,7386,10890000,4.6,36,2024-01-04,완료
9360,8939,3140000,5.16,12,2024-10-26,정상
9361,3237,7010000,4.33,24,2024-11-15,정상
9362,9715,1390000,5.19,6,2024-10-12,정상
9363,9386,730000,5.99,12,2023-07-19,완료
9364,2189,5310000,5.2,24,2023-01-30,정상
9365,8443,1080000,5.77,6,2024-09-20,정상
9366,7007,860000,5.36,24,2024-01-10,완료
9367,7006,5950000,4.73,24,2024-06-27,연체
9368,373,1320000,5.51,6,2024-07-01,연체
9369,9508,860000,5.99,6,2023-08-02,정상
9370,7140,730000,5.88,24,2024-11-29,정상
9371,6525,108250000,5.63,36,2024-05-26,완료
9372,100,1820000,5.24,24,2024-06-11,정상
9373,2654,730000,4.96,24,2024-09-10,연체
9374,9444,2120000,5.0,12,2023-01-08,정상
9375,7827,730000,5.76,12,2024-08-20,정상
9376,6023,800000,5.92,6,2024-06-26,정상
9377,9112,31050000,5.35,24,2023-03-03,정상
9378,4484,730000,5.09,12,2023-03-28,정상
9379,9031,730000,5.55,6,2024-01-06,연체
9380,9278,1500000,5.44,24,2023-10-30,정상
9381,5474,730000,5.39,12,2024-09-05,정상
9382,3772,108250000,5.02,36,2024-09-14,정상
9383,1379,21250000,4.56,36,2023-09-28,정상
9384,4426,44240000,5.12,24,2023-09-26,정상
9385,5051,6160000,4.66,12,2023-12-17,완료
9386,4057,730000,6.16,24,2023-11-29,연체
9387,950,65230000,4.79,24,2024-05-07,정상
9388,6815,3740000,5.58,36,2023-07-03,정상
9389,290,20760000,4.19,36,2024-04-17,정상
9390,7016,3720000,4.84,36,2023-03-11,정상
9391,230,3050000,5.12,36,2024-05-31,정상
9392,2185,730000,6.07,24,2024-02-02,연체
9393,4168,730000,5.18,24,2024-12-22,연체
9394,9892,2420000,5.09,24,2024-03-09,정상
9395,1317,25010000,5.72,24,2023-02-21,정상
9396,3752,810000,6.29,12,2024-04-18,정상
9397,9930,730000,5.87,12,2024-05-27,정상
9398,1122,990000,5.65,12,2024-02-21,정상
9399,9235,730000,6.01,24,2024-11-08,연체
9400,2770,1450000,6.04,12,2023-03-28,완료
9401,3950,730000,5.75,12,2023-04-13,연체
9402,3528,6170000,4.71,12,2023-06-18,정상
9403,9401,12270000,4.73,36,2023-02-16,정상
9404,5136,5030000,5.02,24,2024-12-23,정상
9405,4584,3260000,4.03,12,2023-12-10,정상
9406,5813,7890000,5.17,24,2023-01-13,정상
9407,1253,2830000,4.94,6,2024-11-14,정상
9408,1313,10610000,5.1,36,2023-09-10,정상
9409,59,970000,5.29,12,2023-04-10,완료
9410,374,730000,5.8,24,2024-06-17,정상
9411,224,730000,5.89,12,2023-12-18,연체
9412,3456,66200000,4.97,36,2024-09-15,정상
9413,3732,730000,5.7,24,2024-04-02,정상
9414,678,730000,5.85,12,2023-05-20,완료
9415,5071,1760000,5.77,6,2024-07-23,연체
9416,302,730000,5.85,12,2024-07-28,정상
9417,3606,2360000,4.86,24,2024-04-19,정상
9418,1247,730000,6.51,12,2024-08-17,정상
9419,3323,1270000,5.19,12,2024-07-23,완료
9420,548,4340000,4.85,24,2024-12-31,정상
9421,2448,16280000,5.38,12,2024-05-01,정상
9422,2909,3300000,4.74,36,2024-04-04,정상
9423,1891,4570000,4.94,12,2023-04-16,정상
9424,3360,730000,6.0,24,2024-01-07,정상
9425,8243,3290000,4.61,24,2024-08-08,연체
9426,2706,730000,5.08,24,2023-08-16,연체
9427,1938,730000,6.07,12,2023-02-27,연체
9428,2821,1680000,5.05,6,2024-03-26,정상
9429,8101,3450000,4.89,24,2024-07-21,연체
9430,3602,17990000,5.34,24,2024-12-14,정상
9431,463,12440000,5.38,36,2024-02-25,완료
9432,9545,1030000,4.68,6,2023-06-16,정상
9433,617,5280000,6.11,12,2024-03-12,정상
9434,5353,730000,6.34,24,2024-07-27,연체
9435,900,22980000,5.24,60,2024-02-08,정상
9436,4857,1050000,6.16,24,2023-01-18,정상
9437,7846,1880000,4.87,12,2024-05-04,정상
9438,8764,960000,5.62,6,2023-05-29,정상
9439,9208,730000,5.98,12,2023-11-27,정상
9440,7069,48500000,4.79,36,2024-09-04,정상
9441,3533,21400000,5.19,60,2024-05-25,정상
9442,9602,69270000,4.37,24,2023-07-13,완료
9443,2640,17280000,5.24,24,2024-10-19,완료
9444,1794,1200000,5.76,24,2023-04-25,정상
9445,1142,1200000,4.44,24,2023-07-03,완료
9446,6585,1140000,5.83,12,2023-12-04,정상
9447,5827,3110000,4.5,24,2024-01-22,정상
9448,4169,6890000,4.5,12,2023-11-23,정상
9449,4907,1030000,4.89,24,2024-07-09,정상
9450,5581,3370000,4.61,24,2024-08-01,정상
9451,3417,730000,5.56,12,2023-08-13,정상
9452,3142,1070000,5.3,24,2023-07-20,연체
9453,9449,1110000,5.71,6,2023-04-19,연체
9454,1236,7510000,5.24,36,2023-03-21,정상
9455,8864,5480000,4.44,12,2023-11-14,완료
9456,6058,9080000,5.49,36,2024-11-24,정상
9457,4321,1260000,4.83,6,2023-07-15,정상
9458,2967,1330000,5.1,6,2024-04-11,정상
9459,9907,900000,5.62,24,2023-08-15,정상
9460,4540,740000,6.02,24,2024-11-02,연체
9461,5105,108250000,6.01,60,2024-07-08,완료
9462,9430,1470000,5.35,12,2023-05-28,정상
9463,1811,730000,6.48,12,2024-05-26,정상
9464,8089,108250000,5.53,60,2023-12-28,정상
9465,1529,1520000,5.2,12,2024-10-08,정상
9466,2979,6160000,5.06,12,2023-12-15,정상
9467,1322,730000,6.53,24,2023-03-17,연체
9468,4424,6680000,5.1,12,2024-06-08,정상
9469,1139,22760000,5.43,24,2023-12-13,정상
9470,6870,3360000,4.6,24,2024-07-28,정상
9471,1664,820000,5.76,6,2023-11-12,연체
9472,1314,730000,6.14,12,2023-12-08,연체
9473,3618,45090000,5.54,24,2024-12-22,완료
9474,8333,44040000,4.74,36,2023-03-02,완료
9475,5827,4120000,5.04,12,2023-01-21,정상
9476,4599,1180000,5.53,12,2023-06-23,정상
9477,1408,730000,5.97,6,2024-07-28,연체
9478,8140,1550000,5.31,6,2023-02-09,연체
9479,1468,1000000,5.15,24,2023-10-12,정상
9480,4534,2650000,5.45,24,2024-12-30,연체
9481,7834,11340000,4.86,12,2023-11-14,정상
9482,5547,2320000,5.09,12,2024-12-03,정상
9483,9353,1460000,5.9,6,2023-12-27,완료
9484,6490,1330000,5.49,6,2023-10-04,정상
9485,6991,2520000,5.01,24,2024-01-28,정상
9486,3873,10440000,5.09,36,2023-02-16,정상
9487,5692,850000,5.54,12,2024-04-04,정상
9488,9473,730000,5.76,6,2023-06-24,연체
9489,1764,28220000,4.89,24,2024-12-15,완료
9490,3165,5170000,5.05,12,2023-03-12,정상
9491,5532,730000,6.3,12,2024-11-23,정상
9492,4867,730000,5.97,24,2023-05-16,연체
9493,8895,108250000,4.91,36,2024-05-18,정상
9494,272,730000,5.78,12,2023-03-03,연체
9495,3149,730000,5.8,12,2023-05-19,연체
9496,75,4900000,4.78,24,2024-08-14,정상
9497,9530,730000,5.82,24,2023-03-13,정상
9498,8979,730000,6.22,24,2024-04-15,정상
9499,2885,1910000,3.61,6,2023-10-27,연체
9500,4665,6530000,4.93,36,2024-01-06,정상
9501,4105,940000,4.95,24,2023-12-09,정상
9502,5338,1280000,5.54,6,2024-12-04,연체
9503,9068,10370000,5.71,12,2023-03-05,완료
9504,7564,4980000,5.07,12,2024-07-02,정상
9505,6120,20520000,5.54,60,2023-08-06,정상
9506,117,6640000,5.44,36,2023-08-13,정상
9507,4114,4570000,5.55,36,2024-10-26,완료
9508,8160,4560000,4.77,12,2024-04-16,정상
9509,7019,2730000,5.17,24,2024-05-14,정상
9510,6842,6040000,4.82,36,2024-08-26,정상
9511,1762,880000,5.71,6,2023-02-24,연체
9512,2253,4580000,5.41,12,2024-06-09,정상
9513,4852,3940000,4.7,36,2023-02-05,정상
9514,6109,730000,6.67,24,2024-06-10,연체
9515,8740,730000,5.09,6,2023-04-04,연체
9516,765,20580000,4.44,24,2024-09-23,정상
9517,3332,730000,5.12,24,2024-06-01,정상
9518,4768,2320000,5.41,6,2023-03-02,정상
9519,1675,19440000,5.05,36,2024-04-07,완료
9520,8335,730000,5.73,6,2023-02-04,연체
9521,7158,730000,5.49,12,2024-04-06,연체
9522,5991,11590000,4.57,36,2024-08-31,정상
9523,6842,2210000,5.59,6,2024-01-31,정상
9524,4697,3860000,5.22,12,2023-02-26,정상
9525,3176,730000,5.97,24,2023-11-09,연체
9526,4837,6980000,4.15,12,2023-10-02,정상
9527,5249,950000,4.95,24,2023-05-28,정상
9528,4495,730000,5.73,24,2024-11-20,연체
9529,6217,1220000,4.51,6,2023-06-08,정상
9530,5406,4640000,5.29,24,2023-11-26,정상
9531,782,48670000,4.61,60,2024-10-01,완료
9532,7614,1460000,5.55,6,2023-01-06,정상
9533,9165,730000,5.75,24,2023-02-23,연체
9534,3014,7750000,5.05,24,2023-11-20,정상
9535,962,1960000,4.24,6,2023-10-19,정상
9536,1205,730000,6.13,6,2024-11-16,연체
9537,1142,1170000,5.24,6,2024-12-14,정상
9538,2559,3490000,4.65,36,2024-07-10,정상
9539,4842,3270000,4.87,24,2023-11-18,완료
9540,8471,730000,5.79,6,2024-10-28,연체
9541,7281,730000,4.79,24,2023-12-31,정상
9542,5429,730000,6.6,6,2024-05-26,연체
9543,5989,1150000,5.41,6,2024-08-15,연체
9544,3599,3360000,5.45,24,2024-05-18,정상
9545,4539,39210000,4.05,36,2024-03-17,정상
9546,1790,730000,6.41,6,2023-04-16,연체
9547,3294,1520000,5.09,12,2023-02-18,연체
9548,9917,2360000,5.3,24,2024-12-22,연체
9549,5032,3110000,4.42,12,2024-08-10,완료
9550,464,730000,5.16,12,2023-10-26,연체
9551,2740,730000,5.79,6,2024-12-28,정상
9552,3405,730000,5.56,12,2023-02-13,정상
9553,8028,108250000,6.26,24,2024-09-13,완료
9554,9394,2510000,5.38,12,2024-10-19,완료
9555,1532,1170000,5.05,24,2024-08-06,완료
9556,2853,58040000,5.67,36,2024-06-06,정상
9557,9990,1320000,5.09,24,2024-09-25,정상
9558,2841,730000,6.33,24,2023-12-05,연체
9559,4446,730000,6.1,24,2024-01-06,연체
9560,1251,730000,6.04,24,2024-02-25,연체
9561,3782,730000,5.44,6,2024-10-04,정상
9562,378,730000,5.96,24,2023-06-12,연체
9563,795,730000,5.63,12,2024-12-10,정상
9564,254,4010000,4.5,24,2023-09-04,정상
9565,710,3020000,5.54,12,2023-12-21,정상
9566,6404,730000,4.92,6,2023-05-12,정상
9567,2137,2690000,4.97,24,2023-05-11,정상
9568,1367,21550000,5.63,60,2023-12-11,완료
9569,4024,730000,4.83,12,2023-05-13,연체
9570,7642,6970000,4.99,24,2024-02-02,정상
9571,9765,1260000,4.8,6,2023-04-28,완료
9572,8783,730000,6.61,6,2024-12-22,연체
9573,9180,8260000,4.83,12,2023-11-13,완료
9574,1148,15130000,4.33,24,2023-10-07,정상
9575,7955,102860000,5.86,60,2023-06-16,완료
9576,5620,3190000,4.39,36,2024-01-19,완료
9577,5457,730000,5.47,6,2024-02-28,연체
9578,8795,730000,6.27,24,2024-11-11,연체
9579,5241,1150000,5.45,6,2024-01-25,연체
9580,9713,730000,6.25,24,2023-07-09,연체
9581,4314,730000,5.91,24,2023-03-01,정상
9582,3213,5570000,3.98,36,2024-01-01,정상
9583,3549,1010000,4.37,12,2024-11-30,완료
9584,4755,41320000,5.14,24,2023-12-14,정상
9585,9923,930000,5.14,12,2024-07-13,정상
9586,1117,730000,5.64,12,2023-05-30,정상
9587,269,730000,5.61,24,2024-05-12,연체
9588,9496,3020000,5.18,24,2023-02-26,정상
9589,6889,1130000,5.46,12,2024-02-19,정상
9590,3454,730000,5.95,6,2023-02-05,정상
9591,5387,15840000,4.46,12,2024-04-30,완료
9592,6764,2690000,5.78,24,2024-04-18,정상
9593,6895,730000,5.57,12,2024-12-29,정상
9594,3046,27750000,4.6,60,2024-03-23,정상
9595,8619,2240000,5.33,24,2023-07-22,완료
9596,9994,730000,5.38,12,2024-08-12,연체
9597,4182,1570000,5.34,6,2023-02-10,정상
9598,1512,11330000,5.55,12,2023-11-24,정상
9599,8022,730000,6.14,12,2023-01-14,정상
9600,4689,740000,5.62,24,2023-01-19,연체
9601,5654,19600000,5.54,36,2023-08-21,완료
9602,3099,930000,4.61,6,2023-10-22,정상
9603,1322,730000,6.48,12,2024-10-04,정상
9604,7635,1350000,5.81,6,2023-10-08,정상
9605,6921,730000,5.77,6,2024-04-08,연체
9606,9614,830000,6.29,12,2024-06-18,정상
9607,8611,23530000,5.58,24,2023-01-14,정상
9608,8084,840000,6.04,6,2023-04-28,완료
9609,3494,730000,5.79,6,2024-08-12,연체
9610,8114,2820000,5.07,24,2023-04-19,연체
9611,9522,730000,6.57,6,2023-09-25,연체
9612,3920,2470000,5.91,24,2023-05-16,연체
9613,7228,61870000,6.33,24,2023-12-19,정상
9614,9043,33650000,5.04,24,2024-12-23,정상
9615,3697,730000,5.1,12,2023-01-06,연체
9616,9185,730000,5.47,12,2024-07-25,완료
9617,2875,730000,5.14,6,2023-04-20,정상
9618,8156,36730000,4.48,36,2024-09-04,정상
9619,8276,1420000,5.18,6,2024-03-14,정상
9620,7641,730000,5.29,24,2024-06-23,정상
9621,1256,730000,5.45,12,2023-01-23,정상
9622,5486,14970000,4.41,24,2024-03-14,정상
9623,6408,9820000,5.01,24,2024-10-07,완료
9624,7640,730000,6.19,24,2024-09-13,정상
9625,2746,9750000,4.14,12,2023-05-29,정상
9626,2523,760000,5.02,12,2023-11-03,연체
9627,5043,2330000,5.05,6,2023-01-20,정상
9628,9590,1480000,4.91,24,2023-06-15,정상
9629,8791,1010000,5.01,24,2023-10-15,정상
9630,4528,730000,5.9,6,2024-05-16,연체
9631,2490,46930000,5.61,60,2023-06-07,정상
9632,111,730000,6.06,6,2023-04-12,정상
9633,3838,26090000,4.19,36,2023-02-21,정상
9634,7174,9070000,5.58,36,2023-09-07,정상
9635,6057,20680000,4.66,36,2023-12-09,완료
9636,3104,19400000,5.04,24,2024-11-26,정상
9637,853,3380000,4.58,24,2023-02-07,정상
9638,4812,37470000,4.96,36,2023-05-12,정상
9639,3662,940000,4.94,12,2024-12-27,정상
9640,7422,3930000,4.71,12,2023-04-16,정상
9641,8710,5600000,4.91,36,2023-01-15,정상
9642,5700,730000,6.09,6,2024-12-28,연체
9643,4377,730000,5.93,6,2023-07-24,연체
9644,2797,880000,5.02,24,2024-10-11,정상
9645,8232,108250000,6.1,36,2023-09-18,정상
9646,1211,4100000,5.03,12,2023-06-19,완료
9647,6345,77580000,4.9,60,2023-09-05,정상
9648,5727,53120000,5.79,36,2024-11-22,정상
9649,8779,1100000,5.34,12,2024-11-11,정상
9650,9662,3840000,4.55,24,2023-07-19,연체
9651,7700,5810000,5.4,36,2023-06-19,정상
9652,6888,2270000,4.8,24,2024-05-25,정상
9653,7916,19350000,4.83,12,2024-07-14,정상
9654,2247,1880000,5.82,24,2024-05-08,연체
9655,9448,6820000,4.39,12,2024-12-28,정상
9656,2261,1790000,4.92,12,2023-05-23,정상
9657,7215,1780000,4.91,24,2024-05-09,완료
9658,3150,1860000,5.84,6,2024-06-27,정상
9659,651,730000,5.75,24,2024-04-13,연체
9660,7765,810000,5.12,12,2023-08-02,정상
9661,3013,2480000,5.3,12,2024-02-25,정상
9662,4793,730000,5.17,12,2023-03-23,완료
9663,335,1160000,5.32,12,2023-02-10,완료
9664,6366,3590000,4.37,12,2024-01-31,정상
9665,1061,15260000,4.85,36,2024-10-10,정상
9666,5597,8330000,4.75,12,2023-11-28,완료
9667,1647,1930000,4.93,6,2024-05-07,정상
9668,8580,1580000,5.18,24,2023-10-10,정상
9669,6902,860000,5.86,6,2023-07-04,정상
9670,3535,730000,5.74,6,2023-03-20,정상
9671,3873,11310000,5.54,12,2023-02-10,완료
9672,5459,730000,6.76,12,2024-04-11,연체
9673,8673,2590000,4.94,12,2023-05-05,완료
9674,5176,940000,5.54,6,2023-01-21,정상
9675,8716,1690000,3.98,12,2023-05-06,완료
9676,8337,1460000,5.62,12,2024-02-16,정상
9677,5360,1780000,4.97,6,2024-10-30,정상
9678,4346,770000,5.37,6,2024-06-10,정상
9679,9556,870000,5.17,6,2024-01-23,정상
9680,4051,730000,4.85,12,2023-11-01,완료
9681,2238,48450000,5.15,24,2023-05-19,정상
9682,8907,108250000,5.57,24,2023-11-17,정상
9683,9543,17470000,4.57,12,2023-10-23,정상
9684,5230,1410000,5.69,12,2024-05-09,연체
9685,8341,6090000,5.51,12,2023-06-04,연체
9686,6011,730000,6.79,12,2024-01-13,연체
9687,5497,5610000,5.92,36,2024-11-28,정상
9688,6860,6160000,5.43,24,2024-08-09,완료
9689,170,1340000,5.67,6,2024-01-18,정상
9690,1273,730000,5.41,24,2024-10-11,정상
9691,6508,1240000,5.5,6,2023-08-28,정상
9692,5618,810000,5.56,24,2023-04-27,연체
9693,8189,6970000,5.61,36,2023-02-28,정상
9694,9175,1280000,4.82,24,2023-08-14,정상
9695,9074,730000,6.23,24,2024-07-14,완료
9696,2744,13130000,3.97,12,2023-12-12,정상
9697,6343,730000,5.79,6,2024-02-03,완료
9698,9113,730000,6.32,6,2023-06-28,정상
9699,1706,1440000,4.68,12,2023-07-16,완료
9700,2058,840000,5.05,12,2024-05-21,정상
9701,3358,760000,5.03,6,2024-08-08,완료
9702,6144,1290000,5.79,12,2024-03-09,정상
9703,5371,7930000,5.05,24,2023-05-14,정상
9704,1977,4760000,5.12,24,2023-09-30,정상
9705,242,2620000,5.26,12,2024-09-26,정상
9706,7252,108250000,6.22,36,2023-04-16,정상
9707,8687,780000,5.41,12,2024-12-11,정상
9708,8189,16820000,5.24,12,2024-02-26,정상
9709,4712,9250000,5.54,36,2023-03-26,정상
9710,9510,1280000,4.91,6,2023-09-10,정상
9711,7253,730000,5.59,12,2024-03-31,정상
9712,7740,1460000,5.47,12,2023-08-12,정상
9713,9776,730000,5.51,6,2024-11-20,연체
9714,6419,10430000,4.68,24,2024-06-20,정상
9715,9957,56610000,5.01,36,2024-04-10,완료
9716,6886,1960000,5.73,24,2023-09-18,정상
9717,9508,950000,5.79,6,2024-06-23,연체
9718,4878,1780000,5.58,12,2024-10-15,정상
9719,9626,4940000,4.42,36,2023-03-20,정상
9720,6199,2410000,4.88,24,2023-03-23,연체
9721,3199,16850000,4.64,24,2024-04-19,정상
9722,1458,20130000,4.02,24,2024-12-05,정상
9723,1852,730000,5.55,12,2024-01-11,연체
9724,4091,5150000,5.03,36,2023-02-02,정상
9725,8317,970000,5.07,24,2024-07-03,정상
9726,4899,1030000,4.98,12,2023-10-31,정상
9727,2018,5100000,5.21,36,2023-09-22,정상
9728,1692,730000,5.96,6,2023-04-23,완료
9729,557,4600000,5.19,24,2023-06-05,정상
9730,7682,730000,5.88,24,2023-05-14,연체
9731,5997,2470000,4.48,12,2024-03-13,정상
9732,8815,730000,5.54,12,2024-03-10,연체
9733,9468,730000,5.27,12,2024-11-07,연체
9734,5451,48810000,6.0,24,2024-05-18,정상
9735,2979,18010000,4.99,24,2024-05-29,정상
9736,4085,730000,5.44,24,2023-04-02,정상
9737,1389,730000,5.39,6,2024-01-02,정상
9738,1499,4210000,4.71,36,2023-09-07,정상
9739,849,2520000,5.54,24,2024-04-09,정상
9740,6080,12520000,5.65,12,2024-06-15,정상
9741,5461,730000,6.15,6,2023-07-25,연체
9742,6270,54530000,6.0,24,2023-07-26,정상
9743,4109,730000,5.41,12,2024-03-09,연체
9744,9232,3660000,4.86,12,2024-02-24,정상
9745,5915,730000,6.56,24,2023-12-16,연체
9746,8998,1290000,5.95,12,2023-11-21,정상
9747,9905,730000,6.01,6,2023-05-19,연체
9748,3481,8150000,4.19,12,2023-10-05,정상
9749,7316,730000,6.03,6,2023-03-19,정상
9750,2626,3800000,4.63,36,2023-05-05,정상
9751,2408,1080000,5.19,12,2024-05-29,연체
9752,457,1410000,5.73,12,2024-04-26,완료
9753,7223,730000,6.42,12,2024-08-01,정상
9754,1566,16920000,5.02,12,2024-02-24,정상
9755,9473,730000,6.49,24,2024-09-30,완료
9756,5307,14310000,4.43,12,2023-11-07,정상
9757,2132,7920000,5.22,24,2023-01-27,정상
9758,8009,11010000,5.14,12,2023-12-27,정상
9759,9770,730000,5.6,12,2023-10-08,연체
9760,5002,2780000,5.46,6,2023-01-06,연체
9761,4847,730000,6.03,12,2023-06-03,연체
9762,8238,730000,5.94,24,2024-04-05,정상
9763,605,7110000,5.19,36,2024-01-12,완료
9764,7471,730000,5.28,6,2024-12-06,정상
9765,903,730000,5.6,12,2023-06-22,완료
9766,587,740000,5.64,12,2024-10-03,완료
9767,7068,730000,5.14,24,2023-12-25,정상
9768,6618,850000,5.24,24,2024-01-30,완료
9769,5442,960000,5.27,24,2024-07-28,정상
9770,8212,2550000,5.03,6,2023-10-26,완료
9771,7454,3770000,5.13,12,2024-02-24,정상
9772,4331,730000,6.89,24,2023-07-13,정상
9773,7204,2870000,5.71,12,2024-10-06,완료
9774,6887,880000,5.45,24,2023-04-19,정상
9775,4025,2370000,5.02,12,2023-04-13,정상
9776,2255,730000,5.45,6,2023-01-19,정상
9777,5994,730000,5.18,6,2023-12-31,정상
9778,9436,15920000,5.3,36,2024-07-01,완료
9779,6340,730000,5.3,24,2024-10-18,정상
9780,8252,40060000,4.88,24,2024-12-28,정상
9781,6134,730000,5.95,6,2024-01-18,정상
9782,8451,880000,4.6,6,2023-08-03,정상
9783,8835,1960000,5.18,12,2023-12-17,정상
9784,9221,32090000,4.98,60,2023-12-13,정상
9785,6845,2230000,5.35,6,2023-05-18,완료
9786,4840,3360000,5.38,24,2023-04-09,정상
9787,3537,2590000,5.4,6,2024-04-19,정상
9788,8752,8590000,5.37,12,2024-07-03,정상
9789,6324,11160000,3.85,24,2024-09-24,정상
9790,7618,730000,5.39,6,2024-06-02,연체
9791,1746,2660000,5.27,24,2023-03-25,연체
9792,7732,730000,5.71,24,2023-12-25,정상
9793,5509,28660000,5.13,24,2023-11-13,정상
9794,2350,730000,5.13,24,2023-10-28,정상
9795,5003,2030000,4.6,12,2024-07-11,정상
9796,3159,730000,5.97,12,2024-11-13,연체
9797,3895,730000,5.81,12,2023-11-11,연체
9798,7631,730000,5.24,12,2023-09-27,정상
9799,6145,730000,5.0,24,2023-09-11,정상
9800,7165,930000,5.4,6,2023-01-14,정상
9801,4902,1910000,5.06,12,2023-07-25,완료
9802,3142,730000,5.44,24,2023-03-08,정상
9803,2350,730000,5.27,24,2023-06-07,연체
9804,628,6030000,6.23,36,2024-12-16,완료
9805,4860,2330000,5.54,24,2024-08-05,완료
9806,5728,2930000,5.28,6,2024-08-06,정상
9807,4515,4720000,5.01,12,2023-01-04,정상
9808,6632,13050000,5.62,12,2024-12-28,정상
9809,1995,2190000,5.21,6,2023-09-29,완료
9810,8987,3670000,4.75,36,2023-01-02,정상
9811,9285,3600000,4.78,12,2024-06-12,정상
9812,190,4110000,4.77,12,2024-04-28,정상
9813,7936,76250000,6.21,36,2023-10-12,완료
9814,604,17770000,4.74,24,2024-08-30,정상
9815,5176,2090000,5.48,24,2024-03-10,정상
9816,8832,7590000,5.21,24,2023-11-24,정상
9817,415,730000,6.0,24,2023-11-30,연체
9818,5106,47400000,5.09,36,2023-10-03,정상
9819,4152,790000,6.34,6,2024-06-10,정상
9820,2658,1610000,4.92,6,2023-08-12,정상
9821,9401,7420000,5.06,12,2024-10-18,완료
9822,1445,730000,5.37,12,2023-01-13,정상
9823,6785,730000,5.54,6,2023-02-12,연체
9824,3020,730000,5.92,6,2024-06-05,정상
9825,8529,15490000,5.17,12,2024-05-25,정상
9826,6881,4630000,4.86,24,2023-05-29,정상
9827,9147,730000,5.56,24,2023-12-11,연체
9828,4906,4890000,4.94,36,2024-04-19,연체
9829,7806,23330000,5.74,60,2024-12-25,정상
9830,7357,32470000,5.16,36,2023-02-14,정상
9831,3394,24010000,4.27,36,2024-04-21,정상
9832,2099,3120000,4.78,12,2023-05-03,정상
9833,657,8780000,4.41,36,2023-06-22,완료
9834,2052,3930000,5.49,12,2024-05-06,연체
9835,5803,1490000,5.86,12,2023-06-16,완료
9836,7756,7900000,5.91,36,2024-06-06,정상
9837,6126,5580000,4.47,12,2024-08-30,정상
9838,3603,5470000,5.13,24,2024-04-12,정상
9839,9628,730000,5.6,6,2023-10-24,정상
9840,1665,24360000,5.04,36,2024-11-03,정상
9841,160,4620000,4.0,12,2024-01-17,정상
9842,7321,2230000,5.46,12,2024-07-20,연체
9843,2863,730000,6.41,12,2023-01-14,완료
9844,4776,35830000,5.08,36,2024-03-09,정상
9845,9192,790000,6.49,12,2024-01-05,정상
9846,2688,730000,5.4,6,2024-06-25,연체
9847,2477,27030000,4.91,36,2023-08-26,정상
9848,6841,730000,5.54,6,2024-05-30,정상
9849,5166,7950000,5.21,12,2023-10-04,완료
9850,432,11410000,4.8,12,2024-09-10,정상
9851,5287,18900000,4.95,24,2024-06-02,정상
9852,6248,750000,5.25,24,2024-08-27,정상
9853,2209,730000,5.7,12,2024-07-13,연체
9854,3444,4670000,5.42,24,2023-10-18,정상
9855,1519,730000,5.21,24,2023-09-03,연체
9856,328,9710000,5.02,36,2023-06-11,완료
9857,3691,4250000,5.4,36,2024-07-14,연체
9858,8311,12140000,4.91,36,2024-10-12,정상
9859,1923,730000,6.0,12,2023-05-04,연체
9860,7732,730000,5.72,24,2023-05-04,정상
9861,9077,32830000,4.6,60,2023-01-28,완료
9862,9313,1590000,4.35,6,2023-08-20,정상
9863,9902,3410000,5.15,36,2023-04-01,정상
9864,9511,730000,5.46,6,2024-11-14,정상
9865,5922,3350000,4.74,12,2023-03-05,정상
9866,2963,8930000,4.2,12,2024-11-20,정상
9867,932,40410000,4.95,36,2024-05-15,정상
9868,5954,730000,5.58,6,2024-04-22,연체
9869,812,2360000,5.68,24,2024-10-30,정상
9870,7410,730000,5.24,12,2024-04-29,정상
9871,4351,730000,5.72,6,2023-12-19,정상
9872,5126,2660000,5.78,6,2023-07-23,정상
9873,5045,730000,6.27,24,2024-12-11,정상
9874,5264,730000,5.39,12,2023-01-05,정상
9875,9292,32720000,5.39,60,2023-12-02,완료
9876,7653,84860000,4.81,24,2024-03-18,정상
9877,512,3670000,4.81,24,2024-06-15,정상
9878,6840,1620000,5.46,24,2023-08-21,정상
9879,1237,28530000,5.33,24,2023-12-27,정상
9880,5705,730000,6.12,12,2023-10-30,정상
9881,9500,47920000,5.47,36,2024-08-30,정상
9882,7926,4590000,4.69,12,2024-09-23,정상
9883,5201,730000,6.08,24,2024-03-25,정상
9884,9009,10480000,4.97,24,2024-08-15,연체
9885,1502,5400000,5.58,36,2024-06-09,연체
9886,5201,730000,5.37,12,2024-03-23,연체
9887,4540,730000,5.73,12,2023-06-01,연체
9888,6753,4140000,4.53,36,2023-01-08,정상
9889,6456,730000,6.25,6,2024-12-06,정상
9890,9486,11360000,4.68,24,2023-02-15,정상
9891,2113,730000,4.83,6,2024-12-09,연체
9892,1654,730000,5.14,24,2024-05-25,완료
9893,5355,730000,6.0,24,2024-12-29,정상
9894,9850,1380000,5.15,6,2023-06-01,연체
9895,8763,10130000,4.89,12,2023-07-11,정상
9896,4572,13290000,5.75,12,2024-02-13,정상
9897,9969,10070000,5.11,12,2024-04-19,정상
9898,6190,5890000,4.89,24,2023-03-25,정상
9899,3879,730000,5.52,6,2024-10-29,정상
9900,4809,12440000,5.18,36,2024-05-09,완료
9901,2650,3980000,4.44,36,2023-09-24,정상
9902,5007,730000,6.18,6,2024-12-25,정상
9903,8815,730000,5.77,24,2023-06-17,연체
9904,6202,750000,5.73,12,2023-06-19,연체
9905,5428,49620000,4.85,36,2024-06-22,정상
9906,1547,1280000,5.81,12,2024-03-18,정상
9907,5245,9510000,3.9,24,2024-10-24,완료
9908,8128,2040000,5.86,12,2024-09-01,정상
9909,8171,1330000,4.52,12,2024-03-04,정상
9910,3564,5220000,5.18,36,2024-02-24,정상
9911,7929,16980000,4.2,12,2024-05-26,정상
9912,5362,2630000,5.09,6,2024-05-11,정상
9913,797,1320000,4.6,24,2024-03-21,정상
9914,6355,9470000,5.39,36,2023-07-23,정상
9915,3489,3500000,5.71,24,2023-08-01,정상
9916,7570,1780000,5.08,24,2023-10-07,정상
9917,3335,730000,6.17,12,2024-11-06,연체
9918,228,4720000,5.1,36,2023-12-03,정상
9919,1917,1000000,5.45,6,2023-05-17,완료
9920,8074,730000,5.28,6,2024-04-06,정상
9921,3862,1510000,5.32,6,2023-04-22,정상
9922,7643,1340000,5.59,6,2024-12-01,연체
9923,3623,11840000,5.48,24,2024-07-31,완료
9924,5641,730000,6.1,12,2024-05-28,정상
9925,5085,2970000,4.82,12,2023-12-09,정상
9926,1881,1180000,4.84,12,2023-01-17,정상
9927,8829,1800000,4.42,24,2023-08-16,정상
9928,2847,1010000,5.22,6,2023-10-06,정상
9929,599,850000,5.66,24,2024-06-29,연체
9930,1808,1850000,5.47,6,2024-08-31,정상
9931,115,4290000,4.32,24,2024-07-19,정상
9932,8530,3780000,5.14,36,2023-02-17,완료
9933,9392,4110000,5.65,24,2023-07-26,정상
9934,6051,11870000,5.32,12,2023-01-27,정상
9935,2893,9540000,4.75,36,2023-03-24,완료
9936,577,28940000,4.58,60,2023-06-06,정상
9937,9386,730000,5.16,6,2024-09-05,정상
9938,2436,730000,5.7,12,2024-10-17,정상
9939,6611,4940000,5.1,12,2024-10-18,정상
9940,958,17990000,4.75,12,2024-09-08,정상
9941,6826,22310000,4.94,36,2024-02-22,완료
9942,6171,4730000,5.47,12,2023-08-13,정상
9943,6349,950000,5.76,12,2023-12-12,정상
9944,4186,730000,5.09,12,2023-06-02,완료
9945,102,730000,5.85,6,2023-03-31,연체
9946,1225,108250000,5.94,60,2023-08-26,정상
9947,5635,1320000,5.16,6,2023-07-08,완료
9948,3589,3010000,4.83,36,2024-07-23,정상
9949,9829,2820000,5.21,12,2023-07-06,정상
9950,4396,1020000,5.76,12,2024-03-26,정상
9951,5725,1740000,6.24,12,2024-07-02,연체
9952,5477,730000,6.08,6,2024-02-23,정상
9953,7837,1230000,4.27,12,2024-10-07,정상
9954,561,108250000,4.98,36,2024-07-18,정상
9955,7054,108250000,5.0,36,2023-03-27,정상
9956,7076,750000,5.54,24,2023-11-30,정상
9957,7779,24590000,5.47,24,2023-10-12,정상
9958,2105,2510000,5.48,24,2024-02-14,완료
9959,9729,1290000,5.44,12,2023-02-03,정상
9960,1193,1040000,5.36,6,2024-08-11,정상
9961,5415,7780000,5.11,24,2023-09-01,정상
9962,1388,740000,5.04,12,2024-12-08,정상
9963,5811,1060000,5.42,12,2023-04-06,정상
9964,637,730000,5.98,6,2024-06-21,연체
9965,2326,1070000,5.38,24,2023-05-26,연체
9966,3942,5720000,4.63,24,2024-06-07,정상
9967,3811,1430000,5.35,12,2024-06-09,정상
9968,3780,1300000,5.29,6,2023-02-13,정상
9969,2944,730000,5.95,24,2023-04-29,정상
9970,7508,810000,6.09,24,2024-04-11,정상
9971,7467,730000,5.74,24,2024-05-23,연체
9972,3912,9580000,4.43,12,2023-10-08,연체
9973,7970,1030000,5.58,24,2023-03-21,정상
9974,7842,1290000,5.79,6,2024-02-21,정상
9975,4050,4040000,4.94,12,2023-11-14,정상
9976,6942,6440000,5.27,12,2024-06-30,정상
9977,7737,1920000,6.26,24,2023-09-11,정상
9978,591,17820000,4.75,24,2023-07-28,정상
9979,4473,9280000,4.57,36,2023-07-10,연체
9980,4832,2500000,5.44,24,2024-11-24,정상
9981,9437,730000,6.54,6,2023-05-09,연체
9982,7989,730000,5.9,24,2024-07-22,완료
9983,8595,47140000,5.07,36,2023-07-13,정상
9984,9450,2120000,5.64,6,2024-07-19,정상
9985,2645,32220000,4.84,24,2023-03-06,정상
9986,3294,1650000,5.26,12,2023-03-10,정상
9987,7888,4580000,5.08,36,2023-04-30,정상
9988,5083,3350000,5.08,24,2024-12-21,정상
9989,5081,730000,5.44,12,2024-01-16,연체
9990,6795,11500000,4.33,12,2023-09-07,정상
9991,4637,1350000,5.35,6,2024-09-06,정상
9992,8587,1130000,5.56,24,2024-03-24,정상
9993,1753,1580000,4.72,24,2024-03-12,정상
9994,9805,5720000,4.88,12,2024-04-25,정상
9995,1589,8850000,4.92,24,2024-04-03,정상
9996,2091,730000,4.72,24,2024-07-02,연체
9997,7336,29570000,4.78,60,2023-07-08,완료
9998,2860,730000,6.41,12,2023-01-11,완료
9999,1937,730000,5.39,24,2023-06-13,정상
10000,7934,5410000,5.15,36,2024-01-31,정상
10001,3000,900000,5.44,6,2024-07-19,정상
10002,7327,750000,5.0,12,2023-08-16,정상
10003,2433,920000,6.02,6,2023-09-18,정상
10004,6029,9080000,5.39,36,2024-03-20,정상
10005,6459,47500000,5.18,36,2024-07-03,완료
10006,6503,1750000,5.05,6,2023-12-23,정상
10007,8718,3340000,4.54,24,2023-07-21,정상
10008,4872,730000,5.56,6,2024-08-19,정상
10009,790,730000,5.06,12,2023-08-05,정상
10010,3206,3750000,5.29,24,2023-09-07,정상
10011,9599,730000,6.16,12,2023-12-21,연체
10012,5305,1650000,5.2,12,2023-01-12,완료
10013,344,3810000,4.48,24,2024-03-13,정상
10014,1429,2400000,5.6,24,2023-09-28,정상
10015,144,25200000,4.42,60,2024-07-19,완료
10016,1282,6200000,5.95,36,2024-06-11,정상
10017,2064,4920000,5.31,24,2024-11-30,정상
10018,2044,1430000,5.9,6,2023-05-02,정상
10019,2585,26340000,4.61,36,2023-01-12,완료
10020,5474,900000,4.91,12,2023-03-17,정상
10021,8135,4270000,5.31,24,2023-09-22,정상
10022,7430,13180000,4.44,36,2023-03-31,정상
10023,3791,730000,5.2,24,2023-05-19,정상
10024,8747,730000,6.04,12,2023-12-09,정상
10025,1389,730000,5.52,24,2023-09-28,정상
10026,664,790000,5.16,24,2023-02-13,정상
10027,9322,730000,4.92,6,2024-10-13,정상
10028,4661,1500000,4.48,12,2024-05-23,연체
10029,5161,1480000,5.45,6,2024-03-11,연체
10030,1902,3150000,5.46,24,2024-08-08,정상
10031,1132,12960000,4.68,24,2024-03-26,완료
10032,7671,750000,5.44,6,2024-08-28,정상
10033,5433,3000000,4.26,12,2023-03-12,정상
10034,117,3470000,4.26,12,2023-02-23,정상
10035,1437,730000,5.47,24,2024-07-21,연체
10036,6477,84730000,5.51,24,2023-10-07,정상
10037,6193,34490000,5.21,36,2023-05-21,정상
10038,8701,1270000,5.34,12,2023-11-17,정상
10039,4740,840000,5.02,12,2024-08-31,연체
10040,6004,1540000,5.48,6,2024-02-06,연체
10041,392,9490000,4.61,36,2024-09-26,정상
10042,3578,39230000,4.9,36,2024-03-27,완료
10043,6095,1110000,4.89,12,2023-08-04,정상
10044,6067,108250000,6.1,24,2024-11-03,완료
10045,2569,11380000,4.61,24,2024-10-11,정상
10046,6315,41390000,5.79,60,2024-11-24,정상
10047,7124,63320000,5.97,24,2023-11-17,정상
10048,775,2780000,4.67,24,2023-12-17,연체
10049,3175,8960000,4.73,12,2023-09-18,정상
10050,7304,21590000,4.82,36,2024-07-18,정상
10051,9289,730000,5.56,12,2023-11-01,완료
10052,1796,4510000,4.76,12,2024-10-12,연체
10053,1742,2670000,5.07,12,2024-07-04,완료
10054,8963,730000,5.47,24,2023-12-16,정상
10055,1037,14940000,4.91,24,2023-10-19,정상
10056,2284,730000,6.67,6,2023-06-16,연체
10057,7871,730000,5.49,12,2023-04-03,정상
10058,2884,2240000,5.38,6,2024-04-10,정상
10059,9339,21650000,5.08,60,2024-06-30,정상
10060,5709,1020000,5.54,6,2024-09-01,정상
10061,4947,730000,5.9,24,2024-08-27,정상
10062,3527,11060000,4.5,36,2023-11-18,정상
10063,8419,15910000,5.8,12,2024-06-08,완료
10064,8465,4900000,4.5,36,2023-05-30,정상
10065,1065,3940000,4.63,24,2023-09-27,완료
10066,5278,730000,5.17,6,2023-09-10,정상
10067,1204,3230000,4.48,24,2023-01-30,정상
10068,7874,41130000,5.32,36,2023-03-12,완료
10069,7873,1260000,4.96,6,2023-05-03,연체
10070,5645,960000,5.37,6,2023-02-06,연체
10071,8873,39300000,5.44,36,2024-05-22,정상
10072,100,2170000,5.08,24,2024-02-27,정상
10073,7865,2330000,5.0,6,2024-09-18,정상
10074,2688,730000,5.9,24,2024-01-05,연체
10075,8201,2950000,5.02,12,2024-09-03,정상
10076,4009,87840000,5.3,24,2024-05-11,정상
10077,4009,108250000,5.4,24,2023-09-17,정상
10078,9666,2610000,5.12,12,2023-01-27,완료
10079,1656,9740000,4.62,36,2024-02-06,정상
10080,9598,4130000,5.8,36,2023-10-27,정상
10081,6099,1710000,5.31,24,2023-03-10,연체
10082,4323,11290000,4.96,36,2023-05-02,정상
10083,9000,2270000,5.61,12,2023-07-23,완료
10084,7920,730000,6.21,24,2024-03-25,정상
10085,8075,2010000,5.1,6,2024-01-08,정상
10086,6773,3530000,5.14,36,2024-02-21,정상
10087,4178,730000,6.1,6,2023-05-31,연체
10088,2289,65590000,5.98,24,2024-04-06,정상
10089,2421,21550000,4.66,60,2023-02-10,정상
10090,7266,730000,5.43,6,2023-09-25,완료
10091,294,1650000,4.43,24,2023-08-01,완료
10092,154,2760000,4.48,12,2024-08-14,정상
10093,1959,5560000,4.7,24,2023-02-18,연체
10094,5549,1680000,5.16,6,2024-02-05,정상
10095,6050,730000,5.89,12,2023-09-14,정상
10096,5515,41480000,4.52,36,2024-05-19,정상
10097,1543,860000,5.39,12,2023-02-13,완료
10098,1577,4800000,4.73,12,2024-12-10,정상
10099,2453,38740000,5.11,36,2024-07-05,정상
10100,2486,3210000,5.61,36,2024-07-21,정상
10101,1177,1830000,3.85,12,2023-10-01,정상
10102,5426,20970000,5.29,36,2023-11-21,정상
10103,4606,27730000,5.34,60,2024-07-10,정상
10104,8173,1250000,5.03,6,2024-06-28,연체
10105,6211,3180000,5.62,24,2024-01-11,정상
10106,2578,3110000,5.23,24,2024-01-05,완료
10107,2059,10490000,5.54,24,2023-01-09,정상
10108,3528,8380000,4.82,36,2023-12-03,완료
10109,3763,9600000,4.8,12,2023-02-12,연체
10110,7918,730000,5.09,24,2024-11-21,정상
10111,9259,730000,5.64,12,2024-11-13,정상
10112,1658,730000,5.73,12,2023-08-21,정상
10113,5595,840000,5.9,24,2023-08-07,연체
10114,4565,18870000,5.22,36,2024-08-07,정상
10115,886,3560000,5.15,36,2024-11-22,연체
10116,6416,730000,5.67,6,2024-02-24,정상
10117,2482,730000,5.49,6,2023-07-31,연체
10118,2049,3870000,4.34,12,2024-07-15,완료
10119,6925,730000,5.31,6,2023-09-18,정상
10120,6912,55860000,4.74,60,2023-12-26,완료
10121,8670,730000,6.48,12,2024-05-28,연체
10122,1924,730000,5.22,6,2023-08-21,연체
10123,1749,108250000,5.45,60,2023-04-08,정상
10124,4564,730000,5.44,6,2024-07-15,정상
10125,9719,18250000,4.81,36,2024-08-28,정상
10126,4390,740000,5.19,12,2023-04-13,완료
10127,605,9910000,4.52,36,2024-09-04,정상
10128,8204,730000,6.13,12,2024-08-20,완료
10129,1307,1420000,4.94,6,2023-06-14,정상
10130,8205,1050000,4.96,6,2024-04-22,정상
10131,3426,1120000,4.74,12,2024-05-14,정상
10132,4926,2230000,4.95,24,2023-03-23,정상
10133,7285,12310000,4.74,36,2023-10-23,정상
10134,8288,5810000,4.51,24,2024-03-04,정상
10135,784,730000,5.58,24,2023-12-21,연체
10136,6545,730000,5.82,24,2023-12-25,연체
10137,7702,730000,5.65,24,2023-01-01,정상
10138,5562,730000,5.23,6,2023-11-15,정상
10139,7196,730000,6.72,6,2023-01-04,정상
10140,7037,2560000,4.9,12,2024-02-05,정상
10141,7082,6770000,4.63,12,2024-11-20,정상
10142,7783,19050000,4.93,24,2023-05-22,완료
10143,3044,3730000,5.66,24,2024-10-06,정상
10144,8863,730000,5.65,24,2024-04-10,완료
10145,2090,730000,5.43,24,2023-08-05,연체
10146,2036,730000,5.61,6,2023-07-02,연체
10147,5523,98660000,5.5,36,2024-11-17,완료
10148,4352,810000,5.44,12,2024-07-22,정상
10149,4226,45100000,5.2,36,2023-09-13,정상
10150,8969,2150000,5.4,24,2024-04-25,정상
10151,753,730000,6.04,12,2024-12-30,정상
10152,5044,29610000,4.96,60,2024-09-27,완료
10153,8592,12380000,4.63,36,2024-12-07,정상
10154,6070,730000,5.64,6,2023-01-01,연체
10155,9102,2140000,5.56,6,2024-05-22,연체
10156,1114,1050000,5.96,6,2023-01-18,정상
10157,2696,4200000,5.41,24,2023-07-08,정상
10158,2485,6960000,6.13,36,2024-03-29,정상
10159,8386,11700000,4.96,12,2024-08-30,완료
10160,5886,940000,5.35,24,2024-12-18,연체
10161,6436,4400000,4.77,24,2024-04-26,완료
10162,698,4530000,5.01,36,2023-03-27,정상
10163,3759,730000,6.07,24,2023-06-10,연체
10164,9150,2660000,4.42,12,2024-07-06,정상
10165,8231,9480000,4.46,36,2024-09-16,정상
10166,189,3730000,5.4,24,2023-04-13,완료
10167,2787,3030000,4.33,36,2023-05-08,정상
10168,2380,1370000,4.53,24,2024-01-20,정상
10169,4580,730000,5.33,6,2024-12-17,완료
10170,2568,8710000,4.42,24,2023-03-14,정상
10171,3862,1210000,5.69,12,2023-08-30,정상
10172,2897,730000,6.3,24,2024-07-15,정상
10173,1820,1720000,4.69,12,2023-04-02,정상
10174,6717,4170000,4.68,36,2024-06-03,정상
10175,3095,880000,5.46,6,2024-12-11,정상
10176,6436,3310000,4.63,12,2023-12-31,완료
10177,8741,730000,5.3,24,2023-11-07,연체
10178,4470,12870000,5.13,36,2024-05-09,정상
10179,8469,13220000,5.55,12,2024-12-21,정상
10180,7844,26640000,4.52,24,2023-12-19,정상
10181,2162,2530000,5.04,6,2023-01-11,완료
10182,6944,40920000,4.65,60,2024-12-01,정상
10183,2801,730000,5.81,6,2024-10-27,정상
10184,1393,860000,6.0,6,2023-05-03,정상
10185,7688,730000,5.51,6,2023-10-02,연체
10186,9163,730000,6.13,12,2023-06-24,연체
10187,5572,5730000,5.09,24,2024-03-17,완료
10188,7497,5550000,5.36,12,2024-02-18,정상
10189,80,1170000,5.38,24,2023-10-22,연체
10190,2853,66380000,5.17,36,2023-12-15,정상
10191,4863,23860000,4.79,36,2023-08-21,정상
10192,4832,2750000,5.27,12,2024-07-10,정상
10193,4580,790000,5.98,6,2023-06-01,정상
10194,2628,1220000,5.32,12,2024-02-25,정상
10195,2187,7100000,5.31,24,2023-09-24,정상
10196,440,730000,6.17,12,2024-01-11,연체
10197,2619,5340000,5.19,36,2024-04-28,정상
10198,5439,730000,5.7,24,2023-04-27,연체
10199,129,2190000,5.37,12,2023-06-06,정상
10200,2400,36250000,4.8,36,2024-08-06,정상
10201,9450,2060000,4.64,12,2024-02-13,정상
10202,7127,35230000,4.66,36,2024-05-27,정상
10203,4535,730000,5.34,24,2024-12-16,정상
10204,5736,2010000,5.07,6,2024-05-18,연체
10205,2243,730000,5.68,24,2023-05-11,연체
10206,5192,3880000,5.35,24,2024-03-08,정상
10207,2523,1590000,5.72,6,2023-10-08,정상
10208,3295,3140000,5.16,36,2023-02-07,정상
10209,3654,1110000,4.75,6,2024-02-12,정상
10210,1257,1000000,5.43,24,2023-05-30,정상
10211,6941,730000,6.38,24,2023-03-24,연체
10212,3597,730000,5.69,12,2023-01-08,연체
10213,6498,9270000,4.64,12,2023-07-29,정상
10214,7374,13570000,4.72,12,2024-01-11,정상
10215,5146,8610000,5.11,36,2023-10-09,완료
10216,2247,1000000,4.92,6,2023-02-06,완료
10217,730,1550000,5.5,24,2024-07-04,완료
10218,2712,1260000,5.75,24,2024-05-21,연체
10219,6979,28000000,5.03,24,2024-06-11,정상
10220,5540,3360000,5.3,12,2024-03-08,완료
10221,8732,1790000,4.97,24,2023-09-05,정상
10222,40,730000,6.23,12,2023-05-22,연체
10223,5628,730000,5.13,12,2024-07-07,연체
10224,6070,730000,6.32,24,2024-06-30,완료
10225,206,9840000,4.25,12,2023-03-08,정상
10226,7182,1460000,5.38,24,2023-12-21,정상
10227,2777,2760000,4.9,12,2023-03-17,정상
10228,3528,7600000,4.09,12,2024-07-20,정상
10229,3638,4840000,4.73,36,2023-04-12,완료
10230,5083,2560000,5.35,24,2023-05-19,완료
10231,1551,4060000,4.45,36,2023-05-08,완료
10232,2604,16210000,4.96,36,2023-08-06,정상
10233,8845,8870000,4.39,36,2023-06-30,완료
10234,1657,730000,6.2,24,2024-02-27,연체
10235,7796,730000,5.59,6,2024-12-16,정상
10236,1280,1870000,5.06,12,2023-01-10,정상
10237,7697,1590000,4.99,6,2023-11-19,연체
10238,4343,4840000,5.07,36,2024-12-21,완료
10239,4302,85760000,5.78,24,2024-10-19,정상
10240,7004,89870000,5.75,36,2023-01-23,정상
10241,4830,75600000,5.64,36,2024-10-01,정상
10242,1556,730000,6.16,12,2024-04-25,정상
10243,3373,730000,5.24,6,2024-01-17,연체
10244,679,1110000,5.79,12,2024-06-04,정상
10245,4563,108250000,5.12,36,2023-05-03,연체
10246,911,7520000,4.92,12,2023-11-21,정상
10247,7172,19040000,5.17,12,2023-10-02,정상
10248,9971,3650000,5.19,36,2023-01-28,정상
10249,2560,3350000,4.93,36,2024-05-15,연체
10250,3770,3080000,5.06,24,2023-07-14,정상
10251,9390,13960000,4.21,24,2024-09-28,정상
10252,7403,730000,5.09,6,2023-07-14,완료
10253,1349,1560000,5.01,6,2023-02-01,정상
10254,1468,3570000,5.23,36,2023-06-15,정상
10255,4566,2990000,5.64,24,2024-01-28,완료
10256,3499,730000,5.42,24,2023-09-15,연체
10257,5405,730000,5.64,6,2023-01-14,정상
10258,7565,730000,4.95,24,2024-09-26,완료
10259,1346,27220000,4.84,24,2024-04-26,완료
10260,9527,730000,5.48,24,2023-10-24,연체
10261,966,1690000,5.83,12,2024-10-17,연체
10262,5486,11480000,5.49,12,2023-11-17,정상
10263,2869,870000,6.04,24,2024-11-24,정상
10264,2165,5450000,5.21,36,2024-01-26,완료
10265,334,730000,5.33,12,2023-03-02,연체
10266,6498,3180000,4.43,36,2024-01-02,정상
10267,8833,4010000,4.96,12,2024-10-23,정상
10268,9896,730000,5.03,24,2024-07-02,연체
10269,7574,730000,5.43,6,2023-03-11,연체
10270,6654,730000,5.57,6,2023-05-31,완료
10271,7809,7740000,4.3,36,2024-03-18,연체
10272,6411,21170000,5.0,36,2023-04-20,정상
10273,6655,1410000,5.39,24,2023-08-16,정상
10274,1720,32910000,4.96,60,2024-10-29,연체
10275,3283,2130000,5.77,6,2024-08-16,완료
10276,5447,730000,5.99,24,2024-01-26,연체
10277,3030,9710000,4.57,12,2023-08-12,정상
10278,8983,11070000,5.16,24,2024-05-20,정상
10279,2413,1610000,4.99,12,2023-07-11,정상
10280,2315,14040000,4.94,24,2024-04-27,완료
10281,3271,730000,6.05,6,2023-12-06,정상
10282,2682,1560000,5.17,24,2023-01-05,정상
10283,8950,730000,5.83,24,2023-08-06,연체
10284,5449,730000,6.5,24,2023-05-08,연체
10285,4274,4580000,5.52,12,2023-07-20,정상
10286,9165,730000,5.48,24,2023-09-20,정상
10287,7700,1830000,4.43,6,2024-04-22,정상
10288,9470,3920000,5.29,36,2024-06-25,정상
10289,7907,4300000,5.11,12,2023-12-15,정상
10290,798,2530000,5.61,6,2024-01-09,정상
10291,2752,108250000,5.88,36,2024-04-30,완료
10292,6194,730000,5.34,24,2023-01-11,연체
10293,4672,730000,5.62,12,2023-11-29,정상
10294,4091,2520000,4.82,24,2023-03-01,정상
10295,4946,1670000,5.33,6,2023-03-31,정상
10296,9398,4110000,5.59,24,2023-12-25,연체
10297,4666,5490000,4.97,36,2023-06-12,정상
10298,4135,730000,6.56,12,2023-05-27,연체
10299,9645,730000,5.27,24,2024-12-08,완료
10300,3238,2720000,4.68,12,2024-03-28,정상
10301,225,730000,6.01,6,2023-11-12,연체
10302,7287,4460000,4.41,24,2024-07-02,정상
10303,1113,6530000,4.44,12,2023-05-04,정상
10304,6595,1510000,5.62,12,2024-07-12,연체
10305,4161,2760000,4.3,24,2024-06-06,정상
10306,8051,730000,5.43,12,2023-03-02,정상
10307,8296,70610000,4.95,24,2024-12-31,정상
10308,6646,5280000,5.29,24,2024-06-24,정상
10309,2983,2120000,5.24,12,2023-05-25,정상
10310,7381,4820000,5.12,24,2024-12-12,정상
10311,1168,59250000,5.26,60,2023-01-07,완료
10312,3885,1000000,5.57,12,2023-12-04,정상
10313,2400,34040000,4.5,36,2024-01-07,정상
10314,4539,108250000,5.57,36,2023-05-31,완료
10315,9312,10010000,4.79,12,2023-05-03,정상
10316,6141,730000,5.88,24,2023-03-29,연체
10317,8983,6440000,5.4,12,2024-09-17,정상
10318,1092,64360000,6.13,36,2023-06-17,정상
10319,9138,24530000,4.84,24,2023-11-15,완료
10320,8,1660000,5.47,24,2024-05-03,정상
10321,7605,2190000,5.27,6,2023-08-07,정상
10322,596,9090000,4.34,24,2023-04-24,정상
10323,5534,2390000,4.51,12,2023-12-24,정상
10324,903,2230000,5.49,12,2024-09-05,정상
10325,2664,3000000,4.36,36,2024-01-23,정상
10326,6869,1190000,5.49,24,2023-02-18,정상
10327,4274,4220000,4.18,12,2023-04-08,정상
10328,9165,730000,5.7,6,2023-01-02,연체
10329,4392,5970000,5.1,36,2024-08-17,완료
10330,8698,730000,5.7,24,2024-08-05,연체
10331,1429,1880000,4.7,24,2023-08-02,정상
10332,2761,730000,5.64,24,2024-11-27,연체
10333,4476,11680000,4.37,24,2023-02-21,정상
10334,7146,5930000,5.24,24,2023-01-20,연체
10335,8940,730000,6.04,6,2024-05-18,정상
10336,9967,13310000,4.79,36,2024-08-02,정상
10337,2424,730000,5.98,24,2023-02-17,연체
10338,2747,8190000,4.82,12,2024-01-03,정상
10339,5836,25810000,4.22,60,2024-06-28,정상
10340,9125,1070000,5.58,24,2024-01-04,정상
10341,1863,34170000,4.42,24,2024-12-23,정상
10342,1690,24990000,5.1,36,2024-07-15,정상
10343,9279,1290000,5.09,6,2023-12-08,완료
10344,8939,1640000,4.63,24,2023-06-15,연체
10345,1781,3200000,5.25,24,2023-09-17,정상
10346,5184,730000,5.83,6,2023-01-18,연체
10347,4875,730000,5.9,24,2024-06-16,연체
10348,3126,22180000,4.8,24,2023-11-01,정상
10349,8070,3010000,5.29,12,2023-09-20,정상
10350,7615,730000,6.75,12,2023-11-19,정상
10351,6672,2920000,4.46,24,2024-03-12,정상
10352,5103,1310000,5.19,24,2024-08-02,정상
10353,1666,730000,5.0,12,2024-06-04,연체
10354,3592,1700000,4.77,12,2023-01-03,정상
10355,6858,920000,4.78,6,2023-09-29,정상
10356,423,2730000,4.81,24,2023-09-04,정상
10357,7286,980000,5.31,24,2024-06-08,정상
10358,562,7530000,5.24,24,2024-04-01,정상
10359,1337,2420000,4.91,12,2024-07-27,정상
10360,9981,3350000,5.03,36,2024-09-02,연체
10361,7883,840000,5.49,12,2024-03-14,정상
10362,5275,730000,6.08,6,2024-11-02,정상
10363,5231,3200000,5.2,24,2023-05-17,정상
10364,7200,730000,5.48,6,2023-08-09,정상
10365,7391,1810000,5.58,24,2024-11-10,연체
10366,9788,6670000,4.95,36,2024-08-15,정상
10367,6520,108250000,5.49,24,2024-04-26,완료
10368,8268,29430000,5.06,24,2023-06-22,정상
10369,3146,730000,5.21,6,2023-12-08,정상
10370,8119,8940000,4.16,24,2023-05-16,완료
10371,4269,6870000,5.73,36,2023-11-24,연체
10372,8015,730000,6.06,12,2023-10-30,정상
10373,3523,40750000,4.91,36,2023-01-25,정상
10374,6097,730000,5.56,12,2023-03-24,연체
10375,6571,730000,5.62,24,2024-09-14,정상
10376,4963,730000,5.06,12,2024-06-25,정상
10377,5548,5300000,5.13,12,2024-01-13,정상
10378,967,1260000,5.22,6,2023-04-03,연체
10379,5976,8130000,4.98,24,2023-08-09,완료
10380,7213,730000,5.41,24,2024-01-23,연체
10381,4432,13430000,4.12,36,2023-11-15,완료
10382,3994,2190000,4.76,6,2023-03-26,연체
10383,499,13430000,5.26,24,2023-12-10,완료
10384,3052,2820000,5.07,24,2024-11-23,정상
10385,8546,14260000,5.36,24,2024-07-18,정상
10386,3762,730000,5.22,6,2024-12-12,정상
10387,1214,930000,5.26,6,2023-03-12,정상
10388,6116,730000,6.44,12,2023-07-11,정상
10389,2002,1190000,5.78,24,2023-06-06,정상
10390,5331,2610000,4.89,6,2023-03-03,완료
10391,8697,108250000,5.64,24,2024-04-16,완료
10392,7131,51010000,4.83,36,2024-04-26,정상
10393,8009,21960000,4.82,24,2023-02-08,정상
10394,4255,2910000,5.32,12,2023-07-24,연체
10395,4448,5330000,5.37,24,2024-11-08,정상
10396,4872,730000,6.38,6,2024-08-27,연체
10397,3592,1540000,5.24,12,2024-03-25,정상
10398,5675,6090000,4.85,12,2023-11-30,연체
10399,9902,5660000,4.95,36,2024-03-27,정상
10400,8059,74250000,5.02,36,2024-01-11,정상
10401,5150,9730000,5.21,24,2023-09-29,정상
10402,7167,24800000,4.92,36,2024-03-30,완료
10403,8224,6390000,4.73,36,2024-06-08,정상
10404,3344,730000,6.78,12,2023-09-21,연체
10405,9568,730000,5.21,6,2024-04-17,정상
10406,9466,730000,5.28,6,2023-08-01,정상
10407,7663,730000,5.26,6,2023-10-29,정상
10408,5712,108250000,5.31,36,2024-08-27,완료
10409,2651,2880000,5.6,12,2024-03-07,완료
10410,5282,5300000,4.97,36,2023-04-26,정상
10411,5430,3100000,5.26,36,2023-08-25,정상
10412,2938,730000,5.77,24,2023-09-08,정상
10413,6160,3070000,5.41,24,2023-11-30,정상
10414,8760,1390000,4.64,12,2024-10-31,완료
10415,9725,4120000,4.4,12,2023-04-03,정상
10416,3427,1290000,5.84,6,2024-11-16,연체
10417,116,730000,5.45,12,2024-12-09,완료
10418,3171,730000,5.67,24,2023-10-21,정상
10419,3333,1040000,4.53,12,2023-08-28,정상
10420,2793,8310000,4.8,24,2023-01-12,정상
10421,5670,5960000,4.83,36,2024-05-08,정상
10422,3880,730000,5.52,24,2024-06-07,연체
10423,8567,3810000,4.92,12,2023-08-10,완료
10424,7287,4420000,4.91,12,2023-03-26,정상
10425,2397,730000,5.32,6,2024-04-20,연체
10426,2097,2270000,5.08,24,2024-01-16,정상
10427,1988,1410000,5.21,12,2023-04-04,정상
10428,130,1030000,4.95,12,2024-05-13,정상
10429,1461,4150000,5.2,24,2023-05-02,정상
10430,8801,920000,5.06,6,2023-10-30,정상
10431,8812,890000,5.88,6,2024-10-30,완료
10432,789,3260000,4.95,24,2023-01-10,정상
10433,6217,2200000,4.92,24,2024-03-08,정상
10434,6257,19110000,4.98,36,2024-03-07,정상
10435,2698,730000,5.94,24,2024-09-16,연체
10436,498,1860000,5.5,12,2024-05-11,정상
10437,1881,4640000,4.82,24,2023-04-02,연체
10438,7764,2420000,4.67,24,2023-11-13,연체
10439,7244,57960000,4.87,24,2024-08-30,정상
10440,769,20220000,5.0,60,2024-06-15,완료
10441,6617,2250000,4.59,12,2024-07-07,연체
10442,2032,108250000,6.09,24,2024-04-19,완료
10443,2788,730000,5.14,24,2024-08-29,정상
10444,8743,99480000,5.42,24,2023-09-15,정상
10445,3593,730000,6.18,6,2023-03-07,정상
10446,1045,59250000,5.17,60,2024-09-07,정상
10447,343,2180000,4.9,24,2023-09-14,정상
10448,2474,1920000,5.23,6,2023-06-11,완료
10449,8595,23410000,5.18,60,2023-03-01,완료
10450,7335,760000,4.67,12,2023-11-11,연체
10451,8104,9630000,5.3,36,2023-07-21,정상
10452,2729,47300000,5.82,60,2023-10-23,연체
10453,1494,1030000,5.02,6,2023-01-09,연체
10454,3336,1580000,5.36,12,2024-12-04,정상
10455,6350,1350000,5.69,12,2024-02-08,연체
10456,9313,1330000,5.38,6,2023-11-26,정상
10457,4934,72740000,5.07,60,2023-01-29,완료
10458,8571,6300000,5.9,12,2023-11-24,정상
10459,7245,730000,6.06,6,2023-01-26,정상
10460,1867,730000,5.34,6,2023-12-03,연체
10461,257,730000,5.78,12,2024-11-16,완료
10462,7463,11090000,5.07,36,2023-07-30,완료
10463,9558,1120000,5.73,6,2024-08-30,정상
10464,7254,6540000,4.53,12,2023-11-06,완료
10465,3024,730000,5.59,6,2024-08-05,연체
10466,9180,11130000,5.13,12,2024-10-08,정상
10467,9968,730000,5.08,12,2024-10-18,연체
10468,6694,730000,5.29,6,2024-02-22,연체
10469,3410,730000,6.2,6,2023-03-13,정상
10470,2833,20160000,4.44,60,2024-04-23,정상
10471,2096,730000,6.14,6,2023-03-08,정상
10472,1607,730000,5.8,24,2023-09-08,정상
10473,9342,48340000,5.3,24,2023-01-15,정상
10474,499,14700000,5.05,36,2023-07-07,정상
10475,8715,1470000,5.64,6,2023-10-21,연체
10476,6414,101030000,5.98,36,2023-04-29,완료
10477,4793,970000,5.39,24,2023-09-10,연체
10478,8001,3430000,4.86,36,2024-07-20,정상
10479,5563,730000,5.44,24,2023-10-08,연체
10480,4719,1330000,5.27,12,2024-04-24,정상
10481,5656,78580000,5.76,60,2023-10-26,정상
10482,3554,730000,5.62,6,2023-01-03,연체
10483,9166,730000,6.14,6,2023-04-24,완료
10484,3882,780000,5.58,24,2024-08-14,정상
10485,3377,100610000,5.87,60,2024-11-19,정상
10486,3358,1440000,5.52,24,2023-11-09,정상
10487,9249,10480000,4.89,36,2024-01-04,정상
10488,5926,58420000,5.7,60,2024-01-28,정상
10489,5919,38330000,5.42,60,2024-05-17,정상
10490,1085,2880000,4.73,6,2023-10-07,정상
10491,4145,2730000,5.78,6,2024-06-02,연체
10492,4833,107790000,5.38,24,2024-08-23,정상
10493,1779,6060000,4.81,24,2024-05-10,정상
10494,1097,13310000,4.7,36,2023-09-18,정상
10495,6478,1000000,5.82,24,2023-06-17,연체
10496,59,990000,5.88,12,2024-11-18,연체
10497,9687,2790000,5.2,12,2024-10-03,완료
10498,6687,5020000,5.0,12,2023-08-24,정상
10499,7067,3690000,5.38,24,2024-08-12,정상
10500,8478,57370000,4.76,24,2024-06-09,완료
10501,7510,1130000,4.93,6,2024-05-08,정상
10502,617,7540000,5.59,12,2024-08-19,정상
10503,5060,730000,5.57,6,2024-11-15,완료
10504,7282,25310000,5.18,24,2024-05-04,완료
10505,4636,10040000,4.95,36,2023-10-29,정상
10506,1536,31250000,5.02,60,2023-04-20,정상
10507,803,54450000,5.62,24,2024-08-14,정상
10508,5988,730000,5.72,12,2023-02-24,정상
10509,6389,1850000,5.46,6,2024-05-25,정상
10510,5211,4900000,5.23,24,2023-09-03,정상
10511,1565,1650000,5.6,6,2024-05-25,연체
10512,911,9480000,5.33,24,2023-06-25,정상
10513,633,11610000,4.91,36,2024-01-09,정상
10514,4660,730000,6.28,12,2024-06-10,완료
10515,3447,730000,5.47,12,2024-03-26,연체
10516,7364,1800000,4.97,6,2023-08-23,정상
10517,7328,13570000,4.08,36,2023-09-28,정상
10518,6129,1490000,6.26,24,2024-09-22,정상
10519,7484,890000,5.29,12,2024-01-01,정상
10520,7200,730000,5.25,24,2024-02-21,연체
10521,5689,36100000,5.09,36,2024-04-14,정상
10522,8774,730000,5.26,12,2023-10-30,정상
10523,1653,730000,4.43,6,2023-12-10,완료
10524,982,730000,6.08,12,2024-06-09,연체
10525,1569,730000,5.85,24,2024-07-26,연체
10526,3611,3660000,4.67,12,2024-12-06,정상
10527,3795,730000,5.98,24,2024-05-11,완료
10528,6918,2380000,5.2,12,2023-10-03,정상
10529,8209,1590000,5.5,12,2024-12-01,정상
10530,7834,17810000,4.85,36,2024-10-29,정상
10531,6323,5810000,4.72,36,2023-12-26,정상
10532,9724,730000,6.22,6,2023-03-21,연체
10533,657,8180000,4.58,24,2023-11-08,완료
10534,3054,108250000,5.37,24,2023-07-30,정상
10535,5955,1040000,5.07,24,2023-03-07,정상
10536,9364,730000,5.19,12,2024-12-21,정상
10537,2692,7200000,4.85,12,2024-04-29,정상
10538,8081,730000,5.28,6,2024-05-07,연체
10539,6075,1380000,5.45,24,2024-09-23,정상
10540,885,1180000,5.6,24,2024-08-06,완료
10541,3262,2040000,5.51,24,2023-03-26,완료
10542,2271,8610000,5.29,12,2024-06-01,정상
10543,8211,7530000,4.41,36,2024-12-31,정상
10544,531,970000,5.68,24,2023-08-06,정상
10545,7309,1320000,5.03,12,2023-06-14,정상
10546,1620,10000000,4.9,12,2024-02-14,연체
10547,7957,13650000,4.9,12,2024-09-21,정상
10548,7270,730000,5.34,12,2024-03-15,정상
10549,9661,6350000,4.23,12,2024-09-15,정상
10550,4851,10250000,5.09,12,2023-04-26,정상
10551,6876,730000,5.86,12,2023-05-01,완료
10552,8325,6620000,4.4,12,2024-08-08,정상
10553,728,10600000,5.35,12,2023-11-10,정상
10554,9190,13040000,4.71,24,2024-06-20,정상
10555,1240,4560000,4.97,36,2023-12-10,정상
10556,4222,730000,6.22,6,2024-01-04,정상
10557,1430,1120000,4.55,6,2023-04-30,연체
10558,120,26820000,5.68,24,2023-09-05,정상
10559,9779,730000,5.66,24,2024-10-09,정상
10560,9354,75210000,5.25,60,2023-02-18,정상
10561,3021,730000,6.17,24,2024-05-21,연체
10562,6532,14880000,3.57,12,2024-06-14,정상
10563,5268,108250000,5.58,36,2023-02-01,정상
10564,8362,730000,5.83,12,2024-02-10,정상
10565,8935,1310000,5.35,12,2023-01-14,정상
10566,3581,730000,5.79,12,2023-06-17,정상
10567,6279,100130000,6.24,60,2024-04-29,정상
10568,3475,730000,5.32,12,2023-02-01,정상
10569,931,1290000,5.7,12,2024-10-25,완료
10570,4957,2930000,5.53,12,2024-08-20,정상
10571,795,730000,5.37,6,2023-02-06,정상
10572,1371,2640000,4.63,24,2024-07-22,정상
10573,2982,730000,5.41,12,2023-11-26,정상
10574,50,6130000,5.01,24,2023-06-27,연체
10575,6642,28070000,4.98,24,2023-02-03,완료
10576,9564,7370000,5.25,36,2023-03-11,정상
10577,4705,730000,5.46,12,2023-01-02,연체
10578,6777,64390000,5.56,36,2024-05-26,정상
10579,9821,4500000,5.23,36,2023-11-28,정상
10580,9173,5130000,4.63,12,2023-02-25,정상
10581,4668,12330000,5.13,12,2023-05-05,완료
10582,8426,108250000,6.28,36,2024-11-29,정상
10583,9807,6640000,4.51,12,2023-11-20,정상
10584,7251,54760000,5.86,36,2023-01-10,완료
10585,331,1530000,5.18,24,2023-06-26,정상
10586,6123,23480000,4.56,60,2023-05-29,정상
10587,5819,80920000,5.96,24,2024-01-08,정상
10588,6006,730000,5.43,6,2024-05-27,연체
10589,3866,3740000,5.43,24,2023-10-17,정상
10590,1794,1620000,4.77,12,2024-08-12,정상
10591,7189,730000,5.61,6,2024-10-09,정상
10592,9167,1790000,5.45,12,2024-01-16,연체
10593,4761,49650000,5.45,60,2023-07-04,정상
10594,3037,730000,5.51,6,2024-10-05,연체
10595,2118,2550000,5.59,6,2024-04-22,정상
10596,5026,6640000,4.97,24,2023-08-07,정상
10597,7693,18720000,4.65,24,2024-06-23,정상
10598,1288,1000000,5.23,6,2023-12-11,정상
10599,49,1530000,5.64,24,2024-12-24,연체
10600,1781,4030000,4.92,24,2024-07-11,정상
10601,2088,18330000,5.49,12,2023-04-22,정상
10602,9782,2940000,5.45,24,2024-04-09,연체
10603,3577,2560000,6.09,6,2023-11-09,완료
10604,40,730000,6.4,24,2023-12-04,연체
10605,8820,730000,5.2,12,2024-04-07,정상
10606,4538,730000,5.93,6,2023-04-14,정상
10607,3379,730000,5.19,6,2024-09-11,정상
10608,1127,730000,6.56,24,2023-10-27,연체
10609,6850,730000,6.18,12,2024-05-02,연체
10610,7373,3880000,4.55,12,2023-07-29,완료
10611,2748,780000,5.86,24,2024-06-22,연체
10612,6663,9750000,5.43,12,2023-06-19,정상
10613,1756,790000,5.71,12,2023-11-29,연체
10614,2171,730000,5.13,24,2023-09-11,연체
10615,973,2200000,5.06,6,2024-05-26,정상
10616,7164,38140000,4.05,60,2024-11-23,정상
10617,8911,33360000,4.7,36,2024-08-06,정상
10618,5263,730000,4.94,12,2024-05-29,연체
10619,8201,1240000,5.16,6,2024-09-21,완료
10620,9443,1310000,5.71,24,2023-07-08,정상
10621,4801,730000,6.52,24,2024-05-04,연체
10622,2020,17350000,4.35,36,2024-01-21,정상
10623,8591,960000,5.2,24,2024-03-03,정상
10624,5147,730000,5.65,12,2023-02-10,연체
10625,3282,7590000,4.53,24,2023-07-18,정상
10626,3960,14060000,5.13,36,2024-06-10,정상
10627,4336,830000,5.88,6,2023-10-11,정상
10628,277,44410000,5.39,36,2023-05-19,정상
10629,9800,8460000,4.82,12,2024-07-17,정상
10630,2869,1140000,5.84,12,2023-04-04,정상
10631,5280,1680000,5.12,6,2024-08-14,정상
10632,883,4600000,4.94,24,2024-11-11,완료
10633,3994,1520000,4.8,6,2024-11-26,정상
10634,1541,730000,5.11,6,2023-05-14,정상
10635,7252,108250000,5.79,36,2024-04-22,정상
10636,1187,730000,5.66,12,2024-06-28,연체
10637,2220,3220000,5.19,24,2023-06-18,정상
10638,7120,7760000,5.02,24,2024-05-07,정상
10639,4172,760000,5.28,6,2024-05-06,연체
10640,1883,1760000,5.46,24,2023-10-26,완료
10641,3562,108250000,6.22,36,2023-02-06,정상
10642,2505,11080000,4.91,24,2023-01-08,정상
10643,6685,1060000,4.97,12,2024-10-06,연체
10644,1296,730000,6.54,6,2024-04-22,완료
10645,6353,730000,5.95,24,2023-04-12,연체
10646,1540,15660000,5.34,24,2024-01-10,정상
10647,957,3700000,5.24,24,2023-05-09,정상
10648,8963,730000,6.05,24,2024-07-14,정상
10649,312,910000,5.4,12,2023-10-14,연체
10650,1785,5840000,4.61,24,2023-04-04,정상
10651,70,1500000,5.67,24,2024-03-15,정상
10652,9589,2470000,5.85,12,2024-02-25,정상
10653,9746,730000,5.71,6,2024-06-03,정상
10654,3202,3280000,5.13,24,2023-12-15,정상
10655,4259,2820000,4.98,12,2023-12-30,정상
10656,8348,730000,4.97,12,2023-06-16,완료
10657,4102,9220000,4.71,36,2024-12-01,완료
10658,4053,10410000,5.49,36,2024-06-18,정상
10659,6391,1110000,5.65,6,2023-09-13,완료
10660,9011,1190000,4.87,12,2024-10-15,정상
10661,162,1660000,4.32,6,2023-07-22,정상
10662,8429,730000,5.18,24,2023-12-27,정상
10663,1426,2160000,5.01,12,2024-07-04,정상
10664,1311,15260000,4.42,36,2023-04-16,정상
10665,6019,730000,5.59,24,2024-08-01,연체
10666,6696,730000,5.93,12,2024-08-18,연체
10667,8970,730000,5.54,12,2024-02-20,정상
10668,991,730000,6.72,6,2024-12-10,연체
10669,9654,730000,5.36,6,2023-07-03,정상
10670,7282,14930000,4.94,12,2023-01-20,정상
10671,3505,4120000,5.81,12,2023-10-27,완료
10672,7242,1540000,5.5,12,2024-12-10,완료
10673,9351,5920000,5.57,12,2024-10-12,완료
10674,7901,81260000,5.13,24,2024-05-12,정상
10675,6089,108250000,6.49,36,2024-01-22,정상
10676,8579,1170000,4.52,24,2023-04-28,정상
10677,8141,5560000,4.65,36,2024-05-08,완료
10678,7988,3900000,5.06,24,2024-05-07,연체
10679,3895,730000,5.8,24,2024-02-07,연체
10680,7065,730000,5.6,12,2023-11-08,정상
10681,9149,730000,5.49,12,2023-01-05,완료
10682,9455,730000,5.86,24,2024-08-07,연체
10683,6794,730000,6.09,12,2024-02-11,연체
10684,8308,1290000,5.14,12,2023-03-03,정상
10685,5049,1960000,5.99,24,2023-09-07,정상
10686,3747,4990000,5.1,36,2023-06-26,연체
10687,4787,15520000,4.51,12,2023-01-19,정상
10688,3206,5870000,5.45,24,2024-04-12,정상
10689,5811,850000,5.25,12,2024-05-08,정상
10690,4555,730000,5.86,24,2024-12-05,완료
10691,6601,730000,5.98,12,2024-05-04,연체
10692,9422,730000,6.11,24,2024-08-10,연체
10693,90,3620000,4.46,36,2024-08-17,완료
10694,1035,730000,5.44,24,2024-12-03,완료
10695,5114,1780000,5.01,24,2023-03-02,완료
10696,23,5330000,5.27,12,2024-06-20,정상
10697,3509,8130000,4.74,24,2023-11-07,완료
10698,7838,4120000,4.84,24,2024-06-03,정상
10699,3675,31380000,4.52,60,2024-11-24,정상
10700,6766,730000,6.0,24,2024-04-04,연체
10701,5266,3540000,5.73,12,2023-08-22,정상
10702,6579,730000,5.47,6,2023-01-21,정상
10703,5852,730000,6.25,12,2023-04-25,정상
10704,5499,7460000,4.68,24,2024-04-06,정상
10705,2618,2400000,5.09,6,2024-05-15,정상
10706,4764,15280000,4.43,24,2024-11-16,정상
10707,6094,9670000,5.49,24,2023-07-09,완료
10708,3335,730000,5.99,6,2024-09-16,정상
10709,6765,32000000,4.79,60,2024-02-08,완료
10710,4087,4460000,4.9,12,2024-03-17,정상
10711,8775,3490000,6.27,12,2024-10-02,정상
10712,5012,1270000,5.61,12,2023-08-02,정상
10713,1019,1260000,5.44,12,2023-10-05,정상
10714,7857,10980000,5.32,12,2023-12-03,완료
10715,426,1040000,5.36,24,2023-02-17,정상
10716,8805,2360000,5.85,12,2023-07-03,정상
10717,8389,730000,4.9,12,2024-12-15,연체
10718,6498,7010000,5.42,24,2023-10-11,정상
10719,4218,3600000,5.65,24,2024-01-03,정상
10720,7341,1460000,4.84,24,2023-09-29,정상
10721,4245,730000,5.72,12,2023-12-25,완료
10722,8734,3290000,5.59,12,2024-06-14,연체
10723,5007,730000,5.05,12,2024-03-13,연체
10724,6152,41880000,4.73,24,2024-08-06,완료
10725,1546,3000000,5.42,24,2024-09-05,연체
10726,2352,870000,5.75,24,2024-09-27,연체
10727,3813,730000,6.07,6,2023-06-19,연체
10728,8956,8410000,3.88,12,2024-11-21,정상
10729,5532,730000,6.21,6,2024-11-04,완료
10730,2126,730000,5.92,12,2023-05-22,완료
10731,814,730000,5.16,24,2023-09-02,정상
10732,2215,890000,6.16,12,2023-05-30,정상
10733,8198,1760000,4.93,6,2023-06-11,연체
10734,2075,31420000,4.77,36,2024-02-12,정상
10735,9993,3870000,5.05,24,2024-12-22,완료
10736,8273,730000,5.18,6,2023-08-29,정상
10737,6017,950000,5.12,6,2024-04-14,정상
10738,678,970000,5.36,24,2024-06-11,정상
10739,7414,730000,5.75,6,2023-08-27,정상
10740,5118,32120000,4.8,24,2023-01-12,정상
10741,4198,8660000,4.29,12,2024-07-26,정상
10742,5861,8510000,5.4,12,2023-01-29,정상
10743,7841,3530000,4.41,24,2024-11-30,정상
10744,5085,6440000,4.75,36,2023-12-07,완료
10745,8768,108250000,5.45,60,2023-04-18,정상
10746,411,8940000,5.04,24,2023-06-23,정상
10747,921,42100000,5.11,60,2023-02-28,완료
10748,1604,3750000,4.33,36,2024-08-11,정상
10749,2237,4080000,4.47,36,2024-02-29,정상
10750,1403,820000,5.98,24,2023-10-29,정상
10751,5220,970000,4.74,12,2023-08-13,정상
10752,5870,2140000,5.24,12,2024-03-14,정상
10753,6189,730000,4.98,12,2023-10-05,연체
10754,1645,3020000,4.91,12,2024-03-23,정상
10755,8856,730000,5.65,6,2024-10-05,연체
10756,7779,19350000,4.66,24,2023-12-02,정상
10757,113,1020000,5.44,24,2023-11-06,정상
10758,7611,4330000,5.29,36,2023-08-29,정상
10759,3523,50780000,5.04,24,2023-05-07,정상
10760,2350,730000,5.43,6,2023-03-12,정상
10761,3345,730000,4.79,24,2023-04-23,연체
10762,948,56960000,5.69,24,2023-10-07,정상
10763,7219,730000,5.66,24,2024-07-21,정상
10764,6738,5020000,5.9,36,2024-11-18,정상
10765,6220,730000,6.57,24,2024-05-12,연체
10766,4047,9630000,5.19,36,2024-07-12,정상
10767,4307,18370000,4.45,36,2023-01-26,완료
10768,8343,11970000,4.85,24,2023-12-06,완료
10769,4963,730000,5.65,6,2024-03-14,정상
10770,7490,730000,5.08,6,2024-02-19,정상
10771,4469,2640000,5.02,12,2023-07-14,정상
10772,2960,5540000,5.01,36,2023-01-20,완료
10773,7308,730000,6.41,24,2024-03-02,연체
10774,2875,1290000,4.83,12,2023-06-26,정상
10775,333,2110000,5.69,24,2024-08-13,연체
10776,5355,730000,6.36,12,2024-05-28,연체
10777,9603,730000,6.29,12,2024-02-20,연체
10778,9339,10180000,4.6,36,2023-06-08,정상
10779,5453,1130000,5.24,12,2023-09-29,정상
10780,5963,2210000,6.04,6,2023-10-10,완료
10781,9580,730000,5.28,24,2024-07-18,정상
10782,7581,4100000,4.34,12,2024-08-02,완료
10783,6554,3470000,5.48,12,2024-07-18,정상
10784,3438,730000,5.26,24,2024-10-12,완료
10785,2790,3190000,4.72,36,2023-12-07,정상
10786,1662,730000,6.84,6,2024-06-01,연체
10787,7903,730000,6.07,12,2023-11-23,연체
10788,3094,1970000,4.99,24,2023-06-17,정상
10789,8978,2630000,5.37,6,2024-05-19,정상
10790,8320,6580000,4.51,24,2024-02-28,정상
10791,2289,46130000,5.18,36,2024-10-13,정상
10792,1979,4220000,4.86,24,2024-01-22,정상
10793,4471,730000,5.76,6,2023-01-25,연체
10794,4791,2020000,4.81,24,2023-06-30,정상
10795,5838,4220000,5.8,36,2023-11-06,정상
10796,4696,14840000,4.45,36,2023-03-10,정상
10797,5105,104110000,6.06,60,2023-05-12,정상
10798,5745,730000,6.26,24,2024-02-06,연체
10799,3349,730000,5.99,24,2023-09-29,연체
10800,2980,730000,5.81,24,2024-03-16,연체
10801,7081,108250000,5.51,36,2023-09-26,완료
10802,9493,20890000,5.0,60,2024-08-13,정상
10803,5226,730000,5.45,12,2023-10-08,정상
10804,1959,2780000,4.75,6,2024-10-05,정상
10805,4276,44050000,4.92,36,2024-10-23,정상
10806,411,9900000,4.67,12,2024-05-16,완료
10807,7925,730000,5.22,24,2024-08-22,정상
10808,2533,980000,5.73,24,2023-04-07,연체
10809,1667,1100000,5.61,24,2023-11-04,연체
10810,1190,8170000,5.51,36,2023-09-25,정상
10811,2429,730000,5.06,12,2024-06-16,정상
10812,6537,1750000,5.79,12,2024-09-07,정상
10813,8179,4730000,4.83,24,2023-07-07,완료
10814,8497,15290000,4.71,36,2023-02-08,정상
10815,9044,21370000,5.63,36,2023-03-26,정상
10816,9725,1930000,4.82,6,2023-07-31,완료
10817,7779,31190000,4.36,60,2023-05-05,정상
10818,3483,730000,5.74,6,2024-06-27,정상
10819,8711,4130000,5.61,12,2024-02-06,정상
10820,2473,1830000,4.83,12,2023-06-21,완료
10821,7699,2500000,5.14,6,2023-04-01,정상
10822,5415,14290000,4.58,12,2023-10-21,정상
10823,2582,108250000,6.32,60,2024-01-17,정상
10824,8123,730000,6.35,12,2024-03-03,연체
10825,3777,730000,5.44,24,2023-01-24,정상
10826,8531,4230000,5.04,36,2023-12-11,정상
10827,8564,3660000,5.25,36,2024-11-08,완료
10828,4669,3320000,5.6,36,2023-04-26,정상
10829,2391,4450000,6.03,36,2023-04-17,정상
10830,5972,2360000,5.13,24,2024-12-24,정상
10831,419,50370000,4.84,60,2024-01-06,정상
10832,9111,26040000,5.55,36,2023-06-17,정상
10833,7895,87740000,4.95,36,2023-01-30,정상
10834,5085,3980000,5.75,12,2024-02-07,정상
10835,1338,730000,5.18,6,2024-05-17,정상
10836,8767,730000,5.56,24,2023-03-11,정상
10837,4945,3030000,4.86,12,2023-07-22,완료
10838,2731,730000,6.25,6,2024-12-24,연체
10839,541,860000,5.54,12,2023-08-07,완료
10840,9540,52750000,5.2,36,2024-09-01,정상
10841,7278,9050000,5.11,36,2024-04-04,연체
10842,6,17570000,4.97,12,2023-07-20,완료
10843,906,730000,5.91,24,2024-12-15,연체
10844,9350,1230000,5.48,24,2024-08-29,정상
10845,1522,860000,4.88,6,2024-09-25,정상
10846,2424,730000,6.06,24,2023-12-11,연체
10847,3910,1510000,5.32,12,2024-12-27,정상
10848,129,1890000,4.95,24,2023-08-10,정상
10849,3576,1270000,5.77,12,2024-01-27,연체
10850,6872,14610000,5.16,24,2023-03-05,정상
10851,4840,3310000,4.58,36,2023-01-06,정상
10852,3045,1710000,5.02,6,2023-12-06,완료
10853,5141,4010000,4.75,36,2024-05-19,정상
10854,9530,730000,5.94,6,2023-03-02,연체
10855,7228,61770000,6.11,24,2024-02-07,정상
10856,6746,3070000,4.62,12,2023-05-24,정상
10857,9304,4940000,4.65,24,2024-07-21,정상
10858,9374,730000,5.22,12,2024-07-19,연체
10859,5007,1050000,5.1,6,2023-08-24,완료
10860,9675,108250000,6.1,60,2024-03-17,정상
10861,603,880000,4.52,12,2023-06-21,정상
10862,8918,730000,6.13,6,2023-01-27,정상
10863,6675,730000,5.14,12,2024-07-05,완료
10864,4438,1940000,5.09,24,2024-10-16,연체
10865,1967,1260000,4.58,12,2024-12-06,정상
10866,624,3630000,5.52,12,2023-02-16,정상
10867,3454,730000,5.3,6,2024-12-19,정상
10868,3297,730000,5.95,6,2024-02-29,정상
10869,8237,730000,5.68,6,2023-01-06,완료
10870,8879,17530000,4.83,24,2023-09-04,정상
10871,5629,750000,5.44,12,2023-03-01,완료
10872,1932,730000,5.93,24,2023-09-17,정상
10873,6198,2440000,4.94,6,2024-11-03,정상
10874,2212,10990000,4.76,24,2024-05-10,정상
10875,9202,11900000,4.57,24,2023-11-06,완료
10876,3390,2920000,4.58,12,2024-07-04,정상
10877,2982,730000,6.08,12,2024-10-04,완료
10878,9450,3910000,5.18,12,2024-10-29,정상
10879,8674,1390000,4.89,6,2023-04-27,정상
10880,7664,730000,6.44,24,2023-09-19,연체
10881,5892,8920000,4.64,36,2023-08-30,정상
10882,9988,760000,5.95,12,2024-05-07,연체
10883,8,1790000,4.99,12,2023-11-10,정상
10884,7751,730000,5.06,24,2023-07-12,완료
10885,7810,11390000,4.59,36,2023-09-13,완료
10886,750,730000,5.74,6,2023-10-05,완료
10887,2479,1940000,5.55,24,2023-11-30,정상
10888,8998,1020000,5.87,24,2024-10-16,정상
10889,8653,7780000,4.63,36,2023-03-02,정상
10890,8613,5120000,4.56,24,2024-04-09,정상
10891,3336,1670000,6.09,12,2023-09-10,완료
10892,1029,17580000,5.35,24,2024-04-02,정상
10893,2994,3390000,4.8,36,2023-05-04,정상
10894,2914,870000,5.66,24,2023-05-31,정상
10895,4108,730000,5.56,24,2024-10-10,정상
10896,1693,730000,5.37,24,2023-05-12,완료
10897,291,2340000,5.28,24,2024-01-03,정상
10898,638,1350000,5.19,12,2024-03-31,정상
10899,2923,8070000,5.59,36,2024-09-18,정상
10900,5210,10100000,4.12,24,2023-09-06,정상
10901,975,2580000,5.43,6,2023-09-19,정상
10902,9264,3820000,5.06,36,2023-12-02,정상
10903,6199,1310000,4.66,12,2024-11-14,정상
10904,8639,4590000,5.82,24,2023-09-03,정상
10905,7629,730000,6.38,24,2023-08-22,연체
10906,3564,7090000,4.97,24,2024-09-03,정상
10907,8281,730000,5.72,6,2023-03-27,정상
10908,9403,730000,5.98,6,2023-06-07,정상
10909,7872,730000,5.3,24,2023-01-28,연체
10910,7796,730000,6.27,6,2024-12-08,연체
10911,5256,8240000,6.23,36,2023-12-31,정상
10912,8632,1720000,5.62,12,2024-11-11,정상
10913,8730,730000,5.95,12,2023-03-17,완료
10914,1277,9220000,4.67,12,2023-09-18,정상
10915,9705,2190000,4.95,6,2023-11-22,정상
10916,3162,2360000,6.04,12,2024-04-12,연체
10917,5877,730000,5.6,12,2023-04-20,연체
10918,8550,730000,5.63,6,2023-09-01,연체
10919,326,3500000,5.37,24,2024-02-16,정상
10920,4889,3510000,5.7,36,2023-02-06,정상
10921,3491,57490000,4.39,36,2024-03-17,정상
10922,8584,3430000,5.08,12,2023-04-29,정상
10923,1484,860000,5.57,6,2024-05-12,정상
10924,1441,1720000,5.81,6,2023-10-23,연체
10925,4962,730000,5.73,12,2024-03-22,연체
10926,4756,730000,5.58,6,2023-11-06,정상
10927,714,2170000,5.64,6,2024-11-10,정상
10928,4710,6470000,4.39,12,2023-01-06,정상
10929,6517,730000,6.07,12,2023-03-10,정상
10930,4186,3160000,5.5,12,2024-12-31,정상
10931,1600,3000000,4.93,36,2023-11-08,정상
10932,9214,3530000,4.92,24,2023-10-25,정상
10933,5410,730000,6.08,6,2024-07-27,연체
10934,8050,1780000,5.73,6,2023-06-26,정상
10935,6797,890000,5.68,6,2023-10-21,정상
10936,3051,28570000,5.65,60,2024-07-15,정상
10937,707,3100000,5.12,12,2023-06-07,정상
10938,498,1950000,5.29,24,2024-05-05,정상
10939,6582,6640000,4.46,36,2024-10-07,정상
10940,4276,72960000,5.24,60,2023-11-18,완료
10941,2926,4820000,4.9,12,2024-10-04,정상
10942,839,1020000,6.03,6,2024-04-19,정상
10943,9461,1510000,5.41,12,2024-05-31,정상
10944,9246,730000,5.96,6,2023-08-25,완료
10945,7616,730000,5.4,12,2023-11-16,완료
10946,1933,33700000,4.82,36,2023-02-07,정상
10947,3573,3190000,5.32,36,2023-09-11,정상
10948,4391,2100000,4.69,6,2023-02-04,정상
10949,7463,12380000,5.14,36,2023-11-20,완료
10950,674,45750000,4.85,36,2024-02-21,정상
10951,8253,2820000,4.98,12,2024-02-25,정상
10952,1533,730000,5.67,24,2023-10-24,정상
10953,5324,1210000,5.32,6,2023-05-17,완료
10954,8219,10910000,4.68,12,2024-03-16,정상
10955,9774,2880000,4.44,12,2024-11-30,완료
10956,1111,45280000,4.64,60,2023-11-05,정상
10957,8805,4110000,5.31,24,2023-02-08,정상
10958,6668,34160000,5.11,60,2024-07-18,정상
10959,4961,1630000,5.25,12,2024-05-05,정상
10960,9739,730000,5.54,12,2024-03-12,연체
10961,3685,730000,6.08,6,2023-11-21,정상
10962,400,730000,5.67,24,2023-08-11,정상
10963,3201,730000,5.97,24,2024-01-12,정상
10964,5245,8100000,4.37,36,2024-09-29,정상
10965,2053,730000,4.99,24,2023-07-17,정상
10966,1786,24450000,4.71,60,2023-05-20,연체
10967,8193,2290000,4.74,6,2023-11-05,정상
10968,9818,730000,5.42,6,2024-12-08,연체
10969,790,730000,5.01,24,2023-11-13,연체
10970,2125,730000,6.18,6,2024-08-29,연체
10971,4759,5690000,4.7,24,2024-12-12,정상
10972,3686,2170000,5.76,6,2024-09-08,완료
10973,1188,11550000,5.37,12,2024-05-24,정상
10974,5776,2650000,5.14,6,2023-02-21,연체
10975,17,24410000,5.34,60,2024-04-16,정상
10976,7152,26930000,5.2,24,2023-03-24,정상
10977,1674,5420000,5.18,36,2024-09-16,정상
10978,8479,4340000,5.51,24,2024-06-13,정상
10979,4798,6400000,4.33,12,2023-03-22,정상
10980,4823,1970000,5.68,6,2024-02-03,정상
10981,5728,3740000,5.01,36,2023-04-05,완료
10982,9996,94240000,5.36,60,2023-08-31,정상
10983,2845,730000,5.93,24,2024-05-19,연체
10984,7953,730000,4.84,24,2024-11-15,정상
10985,9194,730000,5.96,24,2023-06-06,연체
10986,7098,730000,6.05,6,2023-05-28,정상
10987,2205,2020000,4.5,24,2023-10-20,정상
10988,1576,2440000,5.29,24,2023-01-16,정상
10989,5599,870000,5.19,12,2024-08-08,정상
10990,5141,2640000,4.75,24,2024-08-15,정상
10991,4846,4220000,4.51,36,2023-05-31,정상
10992,9067,730000,5.34,6,2024-03-30,정상
10993,7263,730000,4.98,12,2024-10-02,정상
10994,9701,1640000,5.91,12,2024-11-02,정상
10995,6755,108250000,5.16,36,2024-09-09,완료
10996,5662,730000,5.17,12,2024-03-06,완료
10997,9380,38450000,5.01,36,2023-03-03,정상
10998,640,25120000,4.98,60,2023-04-05,정상
10999,8341,4880000,5.57,24,2024-07-15,정상
11000,4050,5180000,5.61,12,2024-09-14,정상
11001,9515,16840000,4.86,36,2023-08-22,정상
11002,8923,750000,5.96,12,2024-04-15,연체
11003,6810,730000,5.22,12,2023-09-06,정상
11004,5968,4380000,6.36,12,2024-06-07,완료
11005,1764,20600000,4.7,60,2023-03-25,정상
11006,5885,1740000,5.25,6,2024-06-28,완료
11007,1018,730000,5.5,24,2024-10-19,연체
11008,804,1580000,4.75,6,2023-08-15,정상
11009,4812,38740000,4.57,36,2024-07-06,정상
11010,7828,3050000,4.59,24,2023-09-03,정상
11011,9208,730000,5.96,6,2024-02-17,완료
11012,4695,15360000,5.05,36,2024-11-28,정상
11013,4832,2540000,4.85,12,2023-02-04,정상
11014,6203,1160000,5.26,24,2023-02-08,정상
11015,1099,730000,5.32,24,2023-03-31,완료
11016,1457,3960000,4.98,36,2023-12-20,정상
11017,4668,12210000,5.02,12,2023-12-21,정상
11018,6245,730000,5.6,6,2023-01-19,완료
11019,4366,730000,5.72,6,2024-11-26,완료
11020,131,780000,5.09,12,2023-12-12,완료
11021,1391,730000,5.33,12,2024-10-19,정상
11022,4665,3200000,6.1,36,2023-10-25,정상
11023,4893,2360000,5.28,12,2023-04-23,정상
11024,1737,910000,5.5,24,2023-09-01,정상
11025,5084,730000,6.06,6,2024-08-30,정상
11026,3559,4120000,4.93,36,2024-02-23,완료
11027,3728,730000,6.06,6,2024-05-08,연체
11028,5303,1680000,4.83,12,2024-11-24,정상
11029,8329,940000,5.83,12,2024-06-04,완료
11030,4406,2660000,4.68,6,2023-01-21,정상
11031,1238,2180000,5.36,12,2024-01-25,정상
11032,1011,730000,6.67,6,2023-12-21,완료
11033,7026,740000,5.56,12,2024-06-08,정상
11034,8588,900000,4.94,24,2024-06-05,정상
11035,4991,9320000,5.22,24,2023-10-11,정상
11036,705,3790000,5.4,36,2024-07-22,연체
11037,2867,1580000,6.05,24,2024-04-08,정상
11038,7962,3300000,4.31,24,2024-12-23,정상
11039,2295,56030000,5.27,36,2023-05-07,정상
11040,2371,14520000,4.64,24,2023-12-11,완료
11041,6406,730000,6.28,12,2024-05-02,완료
11042,7741,730000,5.78,24,2024-05-06,완료
11043,5434,19020000,4.44,24,2023-07-27,정상
11044,706,6760000,4.82,36,2024-05-23,정상
11045,2800,1620000,5.02,12,2023-11-19,연체
11046,1319,730000,5.46,24,2023-04-30,정상
11047,738,1140000,5.58,6,2023-10-16,정상
11048,4984,21340000,4.54,36,2023-04-23,정상
11049,5858,2060000,5.08,12,2024-12-01,완료
11050,2033,104890000,5.51,24,2024-12-13,정상
11051,7374,11980000,4.86,36,2024-01-26,정상
11052,6622,730000,5.48,12,2023-07-27,정상
11053,953,108250000,6.29,24,2024-05-18,완료
11054,7021,1810000,5.22,6,2024-08-10,연체
11055,3360,730000,5.74,12,2023-11-13,연체
11056,6108,1660000,6.19,12,2024-02-18,정상
11057,8322,3530000,5.16,12,2024-04-07,정상
11058,7449,1810000,6.08,12,2024-03-25,정상
11059,4357,3860000,4.77,24,2023-12-21,정상
11060,6596,4250000,5.44,12,2024-10-14,정상
11061,9059,36540000,5.41,60,2023-01-17,정상
11062,27,2910000,4.76,12,2023-07-20,정상
11063,195,780000,6.21,24,2023-08-29,연체
11064,5592,3870000,4.92,12,2024-04-10,정상
11065,5749,103650000,6.26,24,2023-06-25,정상
11066,7613,730000,5.76,6,2024-09-10,연체
11067,6620,9000000,4.11,12,2024-04-24,정상
11068,9792,1010000,5.13,24,2024-08-17,정상
11069,6438,730000,5.82,24,2024-12-06,연체
11070,6178,3370000,5.28,12,2024-05-24,정상
11071,9852,3670000,4.85,36,2023-04-07,완료
11072,4364,1340000,5.25,12,2024-07-18,정상
11073,2451,3150000,5.01,12,2024-05-29,정상
11074,9386,990000,5.34,12,2023-03-15,연체
11075,2144,730000,5.65,6,2024-06-03,연체
11076,6334,970000,5.54,24,2023-04-05,정상
11077,182,730000,6.59,6,2023-03-22,정상
11078,9660,10830000,3.86,24,2023-10-27,정상
11079,9515,14860000,5.52,36,2023-07-03,정상
11080,9933,9810000,5.2,12,2024-02-23,정상
11081,6725,108250000,5.28,60,2024-03-07,정상
11082,4081,2240000,4.44,24,2024-12-13,완료
11083,2681,730000,5.75,12,2024-02-16,연체
11084,2076,730000,5.94,6,2023-05-29,연체
11085,9147,730000,5.63,24,2024-11-14,연체
11086,1206,3110000,5.16,24,2024-03-29,연체
11087,3628,12220000,4.96,24,2023-06-29,완료
11088,5094,990000,5.6,24,2024-03-27,연체
11089,9502,730000,5.62,12,2024-11-02,연체
11090,2493,24400000,4.86,60,2024-11-15,연체
11091,1931,730000,5.75,12,2023-02-14,정상
11092,7504,2310000,4.66,6,2024-08-13,정상
11093,137,12430000,5.22,24,2024-11-26,정상
11094,4256,1820000,4.93,6,2023-12-05,정상
11095,5542,730000,5.44,12,2024-01-05,정상
11096,2416,49480000,4.51,36,2023-06-04,정상
11097,335,730000,4.68,24,2024-10-14,정상
11098,9987,730000,5.03,12,2023-05-20,정상
11099,670,730000,6.18,6,2023-06-10,연체
11100,9621,830000,6.04,12,2023-02-09,연체
11101,2489,730000,4.83,24,2023-06-27,완료
11102,2244,730000,5.93,24,2023-10-25,정상
11103,1488,1710000,5.41,12,2024-04-21,정상
11104,6812,1470000,5.31,24,2024-01-23,정상
11105,6551,6650000,5.01,36,2024-12-17,정상
11106,2023,23190000,4.58,24,2023-10-31,정상
11107,3800,6110000,4.53,24,2024-07-11,정상
11108,5804,730000,5.37,6,2024-05-03,정상
11109,374,730000,5.19,24,2023-01-09,정상
11110,7596,11580000,4.68,36,2023-08-24,정상
11111,4610,14980000,4.77,24,2023-10-24,정상
11112,1251,730000,6.04,6,2024-02-27,정상
11113,6670,800000,5.49,24,2024-06-08,정상
11114,289,1380000,4.99,12,2024-03-11,정상
11115,9271,3460000,4.79,36,2024-11-05,정상
11116,627,10940000,5.09,12,2024-05-12,정상
11117,14,1530000,5.91,24,2023-06-29,정상
11118,4020,2320000,5.12,6,2023-06-11,정상
11119,1170,730000,6.59,24,2024-04-11,연체
11120,9105,790000,4.95,12,2024-12-30,정상
11121,6656,730000,5.81,6,2023-09-16,완료
11122,7349,730000,5.99,24,2023-05-04,정상
11123,7847,1560000,5.84,6,2023-08-25,정상
11124,769,21350000,5.0,36,2024-09-29,정상
11125,2431,730000,5.07,12,2024-04-25,정상
11126,5336,67190000,4.98,36,2024-03-09,완료
11127,8534,730000,5.52,12,2024-11-07,완료
11128,1398,5130000,5.69,12,2024-07-18,연체
11129,5240,3430000,4.54,36,2023-09-15,정상
11130,7485,4550000,5.11,12,2024-12-07,정상
11131,2654,730000,6.04,12,2023-06-10,정상
11132,295,20580000,4.5,36,2023-11-21,정상
11133,8744,1090000,5.89,6,2024-12-14,정상
11134,384,2200000,4.78,24,2024-10-01,정상
11135,4271,3550000,5.16,24,2024-08-23,연체
11136,4433,730000,5.86,6,2024-11-20,연체
11137,901,880000,5.6,12,2024-04-18,연체
11138,6466,7950000,4.76,24,2023-02-20,정상
11139,4809,6930000,4.44,24,2024-10-22,정상
11140,2472,730000,6.52,24,2024-04-04,정상
11141,3998,730000,5.62,12,2024-04-02,정상
11142,9901,1520000,5.51,24,2024-08-04,연체
11143,2726,108250000,5.21,24,2023-06-30,정상
11144,4330,730000,5.31,24,2023-08-08,정상
11145,1020,730000,5.86,12,2023-02-03,정상
11146,6612,910000,5.92,6,2024-08-25,정상
11147,3098,6750000,5.05,24,2024-11-02,정상
11148,8653,11100000,5.96,36,2023-03-09,정상
11149,4917,1660000,5.34,12,2024-09-08,정상
11150,7913,1140000,5.74,12,2023-03-24,정상
11151,7488,730000,5.71,24,2024-11-18,정상
11152,4478,68360000,5.09,24,2024-06-19,정상
11153,1737,730000,5.73,24,2024-08-11,정상
11154,3480,5990000,4.58,12,2023-07-28,정상
11155,5838,2820000,5.6,6,2024-02-02,정상
11156,1739,4540000,5.21,36,2024-12-13,정상
11157,2020,34460000,4.65,24,2024-09-19,완료
11158,5175,950000,5.67,6,2023-10-03,정상
11159,9253,1270000,6.66,24,2024-05-28,연체
11160,7549,730000,5.25,24,2024-08-12,정상
11161,7293,6110000,4.63,12,2024-12-10,정상
11162,2624,108250000,5.95,24,2023-12-09,완료
11163,152,730000,5.53,12,2024-03-15,연체
11164,4761,35450000,5.2,60,2024-09-07,완료
11165,2778,4610000,4.93,36,2024-08-16,정상
11166,4010,730000,5.48,12,2024-08-07,연체
11167,6059,730000,5.58,6,2024-04-05,완료
11168,112,44820000,6.02,60,2023-03-06,정상
11169,704,1030000,4.83,6,2024-05-08,정상
11170,6437,730000,5.62,12,2023-07-15,연체
11171,9569,760000,6.06,6,2024-11-03,연체
11172,2521,730000,5.81,24,2023-03-25,정상
11173,7034,17650000,4.73,12,2024-10-27,정상
11174,2227,930000,5.99,24,2023-01-07,연체
11175,7421,38270000,5.07,24,2023-01-30,정상
11176,4868,2610000,4.37,24,2023-03-21,정상
11177,2642,1780000,5.37,6,2023-01-09,완료
11178,757,10530000,5.24,24,2023-01-13,정상
11179,4933,108250000,5.8,36,2023-02-21,정상
11180,2183,19470000,5.97,12,2024-03-31,정상
11181,6309,730000,5.81,24,2023-08-25,정상
11182,5095,730000,5.84,6,2023-03-17,연체
11183,8588,760000,5.21,24,2024-10-06,정상
11184,203,44670000,4.82,36,2024-01-23,정상
11185,1665,16480000,4.28,24,2024-07-18,정상
11186,710,1680000,6.06,6,2023-08-31,연체
11187,8529,4330000,4.73,24,2024-10-10,정상
11188,394,730000,6.01,6,2024-06-28,연체
11189,1049,4630000,4.35,12,2024-06-06,정상
11190,3824,730000,5.5,6,2023-01-22,연체
11191,7488,730000,5.92,12,2024-12-16,연체
11192,4717,4150000,4.8,12,2023-06-20,정상
11193,3138,1010000,5.17,6,2024-02-25,완료
11194,3768,730000,5.65,24,2024-08-10,정상
11195,4922,2340000,5.49,12,2024-02-26,완료
11196,140,19910000,4.34,24,2023-02-10,정상
11197,7759,28680000,4.87,60,2024-04-24,정상
11198,9328,29900000,5.46,24,2023-02-26,정상
11199,2366,3040000,5.9,36,2023-12-18,정상
11200,9932,2000000,5.08,24,2024-02-17,연체
11201,7589,2270000,4.05,6,2024-10-29,정상
11202,1921,5940000,5.25,24,2024-12-24,정상
11203,1660,1630000,5.09,24,2023-01-19,정상
11204,8904,5730000,4.74,12,2023-02-25,정상
11205,8294,2310000,5.28,6,2024-02-20,완료
11206,1617,2640000,5.38,24,2024-12-25,정상
11207,6561,1200000,4.98,12,2024-01-13,정상
11208,549,104970000,5.83,24,2024-06-08,정상
11209,639,730000,5.52,24,2023-12-16,연체
11210,7154,6160000,4.72,24,2024-06-30,정상
11211,7090,2170000,5.23,24,2023-04-28,연체
11212,1553,31050000,5.45,36,2023-05-28,정상
11213,8798,1010000,5.08,6,2023-07-11,정상
11214,7880,5590000,5.6,24,2023-01-03,정상
11215,3834,910000,4.43,12,2023-06-03,정상
11216,2076,730000,5.7,12,2024-09-08,연체
11217,8248,4030000,5.69,36,2023-05-09,연체
11218,7224,5290000,4.96,36,2023-12-11,정상
11219,6209,730000,5.93,6,2024-08-23,정상
11220,8551,1220000,5.87,24,2023-05-13,정상
11221,6282,5620000,4.86,36,2024-12-29,정상
11222,8722,730000,5.6,6,2024-09-27,정상
11223,9876,1480000,5.35,12,2023-04-24,완료
11224,9177,20980000,5.2,24,2024-11-03,완료
11225,8856,730000,5.91,12,2024-05-19,정상
11226,8222,730000,5.12,12,2024-10-31,연체
11227,4258,1790000,4.94,24,2024-11-17,연체
11228,4914,2060000,5.08,6,2023-11-11,정상
11229,4473,6270000,4.2,36,2024-01-30,정상
11230,928,730000,5.61,24,2024-02-19,완료
11231,992,33670000,5.19,24,2024-03-15,정상
11232,9776,730000,5.43,24,2023-12-12,정상
11233,5168,730000,5.66,6,2024-12-14,정상
11234,9377,108250000,5.81,24,2023-11-07,정상
11235,854,1780000,4.63,6,2023-10-03,정상
11236,3091,730000,5.77,6,2023-03-04,정상
11237,1022,2950000,5.1,6,2024-10-29,정상
11238,6135,850000,4.95,24,2023-04-20,완료
11239,112,34770000,4.5,24,2024-04-24,정상
11240,8717,2310000,5.27,6,2024-06-16,정상
11241,4770,730000,5.45,12,2023-05-16,정상
11242,315,33770000,4.52,60,2023-03-19,정상
11243,6673,770000,5.85,6,2023-10-07,연체
11244,323,730000,5.1,12,2023-04-29,연체
11245,314,18960000,4.36,24,2024-06-23,정상
11246,8698,1130000,5.38,24,2024-12-26,정상
11247,1723,17090000,4.75,24,2023-10-03,연체
11248,9346,11590000,5.13,12,2023-04-20,정상
11249,3614,3100000,5.13,36,2023-05-16,정상
11250,858,730000,6.27,6,2024-03-25,연체
11251,9922,1030000,5.05,6,2024-02-20,정상
11252,4061,1360000,5.11,12,2024-02-10,정상
11253,5612,45690000,4.88,60,2024-06-30,완료
11254,7573,2400000,5.25,24,2023-07-13,완료
11255,5338,3120000,5.21,12,2024-04-18,정상
11256,8420,970000,6.09,12,2024-06-23,완료
11257,3580,730000,6.05,24,2023-06-25,연체
11258,5966,1850000,4.81,12,2023-11-03,정상
11259,7859,5820000,5.06,12,2024-05-15,정상
11260,3798,2870000,5.62,24,2024-12-03,완료
11261,8980,2000000,4.64,12,2024-03-18,정상
11262,4373,2080000,5.09,24,2024-08-07,정상
11263,406,9730000,4.78,12,2024-03-20,정상
11264,1127,730000,5.66,6,2023-06-18,정상
11265,2227,730000,6.28,12,2023-09-01,정상
11266,4129,1910000,4.81,24,2024-01-07,정상
11267,8940,730000,5.78,12,2023-06-06,완료
11268,9228,6710000,4.88,24,2023-04-02,정상
11269,5872,46300000,4.35,36,2024-01-05,정상
11270,3597,730000,5.98,12,2023-04-19,연체
11271,7122,3040000,5.04,12,2023-02-26,정상
11272,3381,7160000,4.75,12,2023-01-04,완료
11273,6875,730000,5.78,12,2023-03-03,정상
11274,1303,1140000,5.67,6,2023-01-12,정상
11275,1902,3720000,4.88,12,2024-10-08,완료
11276,648,730000,4.59,6,2023-01-25,연체
11277,1255,730000,5.37,6,2023-07-14,연체
11278,9863,4730000,4.56,12,2024-05-12,정상
11279,6762,730000,6.2,12,2023-06-25,연체
11280,2145,730000,5.31,24,2023-11-07,정상
11281,3181,1560000,5.72,6,2024-02-01,정상
11282,5171,9430000,4.66,24,2024-02-29,정상
11283,7479,1820000,5.96,24,2023-02-13,정상
11284,586,840000,5.97,6,2023-08-07,정상
11285,3249,12990000,5.65,36,2023-12-14,연체
11286,9003,57300000,5.11,60,2023-03-16,정상
11287,6356,12660000,4.69,36,2024-08-18,완료
11288,9366,730000,6.45,6,2023-08-28,완료
11289,1393,1610000,5.44,6,2024-07-13,정상
11290,5557,1700000,5.7,24,2024-01-03,완료
11291,6887,730000,5.18,6,2024-12-17,정상
11292,8588,730000,5.11,12,2023-01-19,연체
11293,8191,22600000,4.81,60,2024-09-19,완료
11294,1093,730000,4.91,12,2024-03-02,정상
11295,5744,53500000,4.9,24,2024-04-17,정상
11296,3231,3640000,4.84,36,2024-05-16,정상
11297,6291,2370000,5.83,12,2024-11-28,완료
11298,7885,12750000,4.69,24,2024-08-15,정상
11299,7153,95950000,5.52,36,2023-11-18,정상
11300,3718,980000,5.37,12,2023-04-19,연체
11301,2429,730000,5.68,6,2024-06-10,정상
11302,4897,730000,5.29,24,2024-03-27,연체
11303,7474,730000,5.27,6,2023-07-20,완료
11304,1431,35970000,5.4,60,2023-07-25,정상
11305,1820,1960000,5.18,12,2023-04-23,정상
11306,7528,1470000,5.55,6,2023-10-21,정상
11307,4935,9470000,4.96,36,2024-05-11,완료
11308,7916,13130000,5.37,36,2023-03-09,완료
11309,1752,18980000,4.74,36,2023-12-02,완료
11310,3430,4150000,5.06,24,2023-02-12,정상
11311,1035,730000,6.68,24,2023-08-06,완료
11312,3198,7560000,4.95,36,2024-12-21,정상
11313,9588,1350000,5.55,24,2024-06-24,정상
11314,96,11440000,4.61,36,2023-06-04,완료
11315,5282,2620000,4.82,24,2023-06-15,완료
11316,280,7160000,4.48,24,2024-09-14,정상
11317,3324,13710000,4.4,36,2023-01-18,정상
11318,6446,3790000,4.62,12,2024-02-11,완료
11319,2830,2080000,4.3,6,2024-02-26,정상
11320,6839,22470000,4.86,60,2024-01-14,연체
11321,3012,3830000,4.64,36,2023-06-28,정상
11322,7629,730000,7.04,6,2023-03-19,연체
11323,4068,15830000,4.86,24,2024-04-12,완료
11324,5119,51500000,5.63,60,2024-02-29,정상
11325,8725,730000,4.94,12,2024-02-06,정상
11326,6872,10110000,4.66,24,2023-05-19,정상
11327,672,3370000,4.62,12,2023-03-05,연체
11328,6064,80530000,6.05,36,2023-09-14,정상
11329,7870,730000,5.01,24,2024-10-28,정상
11330,9693,730000,5.43,12,2024-10-27,정상
11331,4119,730000,5.38,24,2024-08-05,연체
11332,5895,3450000,4.61,24,2023-06-19,정상
11333,704,1200000,4.98,24,2024-12-17,정상
11334,2001,2320000,5.88,12,2023-03-22,정상
11335,9592,1080000,4.68,24,2024-09-09,정상
11336,6443,730000,5.33,24,2024-06-13,연체
11337,363,730000,5.84,12,2024-04-18,연체
11338,4085,770000,5.57,6,2024-02-12,정상
11339,7465,2150000,4.82,6,2024-05-15,완료
11340,4620,34290000,4.94,36,2023-08-29,정상
11341,5353,730000,6.0,12,2023-11-22,연체
11342,2504,5530000,4.99,12,2023-03-07,정상
11343,6345,108250000,4.52,24,2024-12-30,정상
11344,7401,1810000,5.29,6,2023-03-24,연체
11345,4215,960000,5.37,12,2024-01-17,완료
11346,4147,38630000,5.48,24,2023-09-20,정상
11347,6954,4130000,5.34,12,2024-07-30,연체
11348,9484,5270000,5.15,24,2024-11-04,정상
11349,5752,7860000,4.95,24,2024-11-09,정상
11350,4084,730000,5.68,12,2023-04-25,연체
11351,1392,21520000,5.05,36,2023-01-27,완료
11352,160,4010000,4.41,12,2024-12-21,정상
11353,2273,11060000,4.97,12,2023-11-26,정상
11354,8326,19020000,5.07,24,2024-02-09,정상
11355,4683,3820000,5.09,36,2023-06-18,정상
11356,2980,870000,5.86,12,2024-02-11,정상
11357,1524,730000,5.41,24,2023-02-20,정상
11358,1281,5570000,5.69,12,2024-09-25,정상
11359,8206,730000,5.99,6,2024-01-21,완료
11360,273,12080000,5.53,12,2024-10-02,정상
11361,5086,1700000,6.03,6,2023-01-01,정상
11362,2330,8030000,4.55,36,2024-03-25,정상
11363,2171,730000,5.52,6,2023-02-23,연체
11364,8654,9300000,4.96,12,2024-09-14,정상
11365,269,730000,5.18,6,2024-10-09,정상
11366,9760,87260000,6.01,60,2023-03-15,정상
11367,867,8750000,5.05,24,2023-09-02,정상
11368,3562,108250000,5.06,24,2023-06-05,완료
11369,8169,3870000,5.77,36,2024-02-03,연체
11370,1383,37900000,5.93,24,2024-10-29,정상
11371,7970,730000,5.79,6,2024-05-02,정상
11372,3668,2890000,5.34,24,2023-02-15,완료
11373,5110,770000,5.11,24,2023-03-17,정상
11374,1277,18430000,5.24,36,2023-09-28,정상
11375,5263,730000,6.63,24,2023-09-21,정상
11376,9776,730000,6.08,12,2024-06-25,연체
11377,4684,108250000,6.45,24,2023-05-15,정상
11378,8692,730000,6.17,12,2024-12-09,완료
11379,7829,2500000,4.51,12,2023-08-04,정상
11380,141,2210000,5.39,24,2024-01-31,완료
11381,436,91860000,5.35,36,2024-11-13,정상
11382,7582,7680000,5.07,24,2023-09-24,정상
11383,1187,980000,5.63,24,2024-07-11,완료
11384,1914,28850000,3.99,36,2023-08-19,완료
11385,2308,1950000,5.22,6,2023-03-01,정상
11386,677,730000,5.15,6,2024-12-21,정상
11387,3649,760000,5.32,12,2023-08-05,연체
11388,432,13900000,4.29,36,2023-04-10,정상
11389,7475,1210000,4.41,24,2024-12-20,정상
11390,2201,730000,5.36,12,2023-07-11,연체
11391,9636,1000000,5.01,24,2024-10-06,완료
11392,7560,4000000,5.47,24,2024-07-09,정상
11393,877,57730000,5.76,24,2024-03-04,완료
11394,8384,730000,4.96,12,2023-05-19,정상
11395,444,3070000,5.03,36,2024-01-15,연체
11396,8188,1090000,5.26,6,2024-06-30,정상
11397,8477,24500000,5.02,60,2024-01-24,정상
11398,8190,2400000,6.62,24,2024-01-09,연체
11399,6552,7470000,4.27,12,2024-10-04,정상
11400,8577,5960000,5.83,36,2023-10-15,정상
11401,2313,8310000,4.51,36,2024-10-08,정상
11402,1784,47270000,4.31,24,2024-07-09,완료
11403,2974,9280000,5.05,36,2024-03-05,정상
11404,642,3820000,4.85,36,2023-05-19,정상
11405,3107,730000,4.8,12,2023-11-04,정상
11406,6792,2130000,5.21,6,2023-06-21,정상
11407,283,2340000,4.69,6,2024-02-04,정상
11408,3435,3070000,5.24,12,2023-05-07,정상
11409,6113,3920000,5.62,36,2023-05-16,정상
11410,8910,7270000,4.57,24,2024-02-15,정상
11411,5500,730000,5.43,24,2024-10-16,정상
11412,9747,1330000,5.09,6,2024-02-22,완료
11413,9722,27100000,5.1,36,2024-06-23,정상
11414,6227,730000,5.76,6,2024-10-02,정상
11415,118,108250000,6.51,24,2023-04-05,정상
11416,4500,8520000,5.68,36,2024-06-11,정상
11417,2329,730000,5.22,6,2024-11-30,완료
11418,471,1050000,5.95,24,2024-06-17,연체
11419,8611,8260000,5.02,12,2023-06-22,완료
11420,6931,730000,4.77,6,2023-09-16,정상
11421,8348,730000,5.83,24,2024-10-13,정상
11422,6572,3640000,5.2,36,2023-05-01,정상
11423,805,33650000,4.83,60,2023-08-29,정상
11424,4595,760000,5.11,12,2023-12-19,정상
11425,2456,730000,6.75,24,2024-10-08,연체
11426,6583,1270000,4.74,6,2023-09-15,정상
11427,2671,2130000,5.11,24,2023-01-19,정상
11428,143,6390000,4.88,24,2024-12-08,정상
11429,2407,8060000,4.77,36,2024-10-23,연체
11430,3147,730000,5.56,12,2024-04-01,연체
11431,911,8590000,4.55,12,2024-01-05,정상
11432,250,730000,6.53,24,2023-08-21,정상
11433,8544,4340000,5.23,12,2023-01-31,완료
11434,1496,2920000,5.11,12,2023-05-01,정상
11435,8817,1450000,5.48,6,2024-07-06,정상
11436,4199,730000,5.91,6,2024-10-18,정상
11437,9846,16550000,5.41,12,2024-09-10,정상
11438,9405,730000,4.69,12,2024-08-10,연체
11439,2696,2070000,4.59,12,2024-08-02,완료
11440,7061,730000,5.79,24,2023-10-24,정상
11441,5358,1040000,4.71,12,2023-05-16,정상
11442,8843,3830000,5.55,12,2023-04-19,완료
11443,6907,3330000,6.06,24,2024-03-13,정상
11444,7243,5300000,4.71,12,2024-04-17,완료
11445,2012,4100000,5.64,24,2023-10-14,정상
11446,6473,4120000,5.35,24,2024-05-12,정상
11447,7653,108250000,5.71,60,2024-12-14,정상
11448,5647,4000000,5.39,24,2023-03-01,정상
11449,7014,730000,5.74,24,2024-10-27,연체
11450,2278,2200000,5.25,12,2023-01-30,완료
11451,878,2980000,5.17,24,2023-06-26,연체
11452,6105,730000,5.51,6,2024-03-05,연체
11453,8189,9270000,5.02,12,2023-08-29,정상
11454,6659,9590000,5.6,12,2024-04-28,정상
11455,1880,4950000,4.51,36,2024-12-03,정상
11456,6268,730000,5.61,12,2024-10-30,연체
11457,1421,7000000,5.44,36,2024-02-28,정상
11458,9947,730000,5.73,24,2024-03-10,정상
11459,7445,730000,5.86,12,2023-06-06,연체
11460,5549,860000,6.05,6,2023-02-11,연체
11461,5155,4130000,4.2,12,2024-02-02,정상
11462,6084,760000,5.44,12,2024-07-21,연체
11463,6022,2930000,4.69,6,2024-11-10,정상
11464,5718,45200000,5.18,36,2024-12-04,정상
11465,3174,1650000,5.25,6,2023-03-24,정상
11466,9801,8400000,4.67,24,2024-04-15,완료
11467,4209,2940000,5.19,24,2023-08-02,정상
11468,6200,780000,4.71,6,2024-06-30,정상
11469,234,730000,5.65,24,2024-07-20,연체
11470,6566,730000,5.67,12,2024-07-13,정상
11471,2944,730000,5.81,6,2023-09-02,연체
11472,5189,9000000,5.37,36,2024-03-29,정상
11473,5168,730000,5.84,24,2023-01-28,연체
11474,3649,730000,5.89,6,2023-12-28,연체
11475,3344,730000,5.03,12,2023-06-04,연체
11476,8069,5310000,5.24,12,2023-11-17,정상
11477,7321,6420000,4.99,36,2024-08-20,정상
11478,5074,15360000,4.41,12,2023-05-30,정상
11479,2227,730000,5.0,6,2024-04-15,정상
11480,824,12520000,4.89,36,2024-03-20,정상
11481,505,36130000,5.27,60,2024-11-07,정상
11482,2209,730000,5.9,6,2024-01-27,완료
11483,6412,8290000,4.65,36,2024-04-30,정상
11484,4208,28390000,4.62,36,2023-04-09,정상
11485,6284,54480000,5.03,60,2024-10-02,정상
11486,2890,2420000,4.43,6,2024-01-24,정상
11487,5378,1020000,6.06,6,2023-03-28,완료
11488,760,730000,5.97,12,2023-08-27,정상
11489,6022,4680000,5.05,36,2023-04-10,연체
11490,467,730000,6.4,24,2024-04-18,연체
11491,8252,24670000,4.26,60,2024-06-12,정상
11492,1223,4710000,4.37,36,2023-11-14,완료
11493,9292,20630000,4.78,24,2023-05-04,정상
11494,1146,16810000,4.15,36,2024-03-17,완료
11495,4211,71970000,6.31,24,2024-07-20,정상
11496,2913,1140000,5.13,24,2024-07-10,정상
11497,3576,820000,5.81,6,2023-11-06,정상
11498,8668,38160000,4.44,60,2024-07-26,정상
11499,6670,2320000,5.49,6,2023-09-30,정상
11500,4848,14080000,4.9,12,2023-12-03,정상
11501,7723,990000,4.82,24,2023-07-25,정상
11502,3705,72960000,5.46,60,2024-08-26,정상
11503,2398,1400000,5.83,12,2024-02-08,연체
11504,8883,3180000,5.43,12,2023-01-11,정상
11505,8789,99530000,5.74,60,2024-07-06,정상
11506,1027,730000,6.47,12,2023-08-11,연체
11507,3033,730000,6.69,6,2024-06-19,완료
11508,691,24700000,4.31,24,2024-02-08,완료
11509,4223,52790000,4.97,36,2024-04-26,정상
11510,9492,6170000,4.56,12,2023-04-30,완료
11511,340,730000,5.56,6,2023-03-02,정상
11512,9198,108250000,5.99,60,2023-01-31,정상
11513,9337,730000,5.8,6,2024-08-18,연체
11514,5011,3220000,5.0,36,2024-12-31,정상
11515,3584,1470000,5.34,24,2023-09-25,정상
11516,1834,3510000,5.5,36,2023-04-23,정상
11517,4774,15210000,5.05,24,2024-12-13,정상
11518,8401,730000,6.04,12,2024-05-24,연체
11519,9570,61560000,4.95,36,2024-06-03,정상
11520,8848,730000,5.81,12,2023-05-08,완료
11521,5594,3650000,4.24,36,2023-03-22,정상
11522,5487,870000,5.44,6,2024-06-06,정상
11523,3857,1200000,5.88,6,2023-05-28,연체
11524,1469,1220000,5.77,24,2023-10-17,연체
11525,8258,2060000,5.25,24,2024-05-26,정상
11526,4222,730000,5.74,24,2024-05-06,연체
11527,1271,5580000,5.46,36,2023-12-22,정상
11528,413,19040000,5.05,24,2023-03-15,완료
11529,6982,4690000,4.61,12,2024-11-24,완료
11530,9693,950000,6.04,6,2024-06-09,연체
11531,5582,730000,5.28,6,2024-12-04,연체
11532,4893,4860000,4.92,24,2023-09-01,정상
11533,2943,980000,5.86,24,2024-02-27,연체
11534,740,12030000,4.02,24,2023-03-18,정상
11535,4719,730000,5.26,6,2024-04-16,정상
11536,3986,730000,4.76,12,2024-12-22,연체
11537,9262,730000,5.79,12,2024-06-29,연체
11538,9650,730000,6.02,6,2023-02-20,정상
11539,3744,1390000,5.71,6,2023-01-26,정상
11540,3548,24000000,4.96,60,2024-06-17,정상
11541,9024,32260000,5.53,24,2024-02-08,완료
11542,5860,30110000,4.98,60,2024-08-07,정상
11543,7025,4740000,4.43,36,2023-06-04,연체
11544,6019,960000,5.99,12,2024-07-19,연체
11545,5676,730000,5.04,12,2024-12-16,연체
11546,3809,54030000,5.35,24,2023-08-14,완료
11547,5342,5960000,4.34,24,2024-03-02,완료
11548,916,1870000,5.6,6,2024-02-17,연체
11549,3387,730000,5.64,24,2023-09-19,연체
11550,1660,730000,5.82,12,2024-04-01,정상
11551,2266,730000,5.9,12,2024-06-14,연체
11552,7158,730000,5.41,6,2023-10-05,완료
11553,3312,15130000,4.47,12,2023-04-10,정상
11554,8595,52810000,5.15,36,2023-12-12,정상
11555,8745,730000,5.57,6,2024-07-01,정상
11556,7880,4580000,4.68,24,2023-08-17,완료
11557,6598,16070000,5.69,12,2023-02-15,완료
11558,4252,940000,5.3,6,2023-07-31,연체
11559,2097,1680000,5.39,12,2023-11-06,정상
11560,9693,1050000,5.64,6,2024-07-14,완료
11561,7489,1870000,5.42,6,2024-01-19,정상
11562,7252,108250000,5.62,36,2023-01-01,정상
11563,432,14290000,5.19,12,2023-11-17,정상
11564,2159,730000,4.86,24,2023-08-26,연체
11565,6600,1430000,4.98,6,2024-04-28,정상
11566,4766,43920000,5.34,36,2024-09-06,정상
11567,2117,730000,5.7,6,2024-06-09,정상
11568,8636,23240000,4.18,60,2023-11-08,완료
11569,9439,33440000,4.87,36,2023-06-04,정상
11570,7013,730000,6.01,24,2024-06-01,연체
11571,8909,1100000,4.89,24,2023-08-09,완료
11572,3164,5500000,4.73,24,2024-09-20,정상
11573,3076,2900000,5.67,12,2024-06-30,정상
11574,9777,2010000,5.23,6,2024-03-05,정상
11575,4967,730000,6.23,24,2023-01-21,연체
11576,4570,730000,5.03,24,2023-01-11,연체
11577,9367,41200000,5.25,60,2023-12-14,정상
11578,1314,730000,5.62,24,2023-01-03,연체
11579,8299,760000,5.34,24,2023-03-08,연체
11580,5960,5790000,4.82,36,2023-06-14,정상
11581,327,2530000,5.57,24,2023-02-13,정상
11582,1519,730000,5.09,24,2024-11-06,정상
11583,9496,1740000,5.02,12,2023-01-01,정상
11584,411,7020000,4.7,36,2024-08-15,정상
11585,3733,890000,5.58,12,2023-04-08,완료
11586,1315,1190000,4.9,6,2023-12-24,정상
11587,5597,5950000,4.69,12,2023-10-23,완료
11588,7481,730000,5.86,12,2024-01-01,완료
11589,966,730000,4.94,6,2024-12-10,연체
11590,1007,58230000,5.39,36,2023-12-12,정상
11591,8242,13750000,4.58,36,2024-09-11,정상
11592,5889,3250000,6.05,12,2023-02-26,정상
11593,3438,730000,5.24,24,2023-01-22,완료
11594,1323,730000,5.55,24,2024-02-05,연체
11595,1276,730000,5.73,6,2023-10-12,정상
11596,8479,2890000,5.33,12,2024-12-04,완료
11597,359,9940000,4.27,12,2024-11-24,정상
11598,689,730000,4.76,24,2024-04-02,연체
11599,4436,34800000,4.77,24,2024-08-22,정상
11600,5731,730000,6.09,12,2023-04-06,정상
11601,5466,5250000,4.63,36,2023-07-13,정상
11602,4987,2030000,4.26,6,2023-11-12,정상
11603,2449,3480000,4.42,24,2023-10-18,정상
11604,9908,4960000,4.76,36,2023-05-21,정상
11605,5276,8480000,4.83,36,2023-07-14,정상
11606,1431,46960000,5.05,60,2023-05-09,정상
11607,1418,32050000,5.22,24,2024-09-24,정상
11608,5900,1960000,4.82,6,2024-04-28,완료
11609,3845,730000,5.58,12,2024-05-22,연체
11610,7011,7000000,5.12,12,2023-12-06,정상
11611,7573,850000,4.33,24,2024-03-17,정상
11612,6797,1120000,6.26,6,2023-01-03,연체
11613,9976,730000,6.24,24,2023-03-15,연체
11614,7709,3280000,4.94,36,2024-11-27,정상
11615,2072,2720000,5.1,12,2024-03-07,정상
11616,1646,9830000,4.73,12,2024-02-13,정상
11617,721,11680000,3.78,24,2024-08-25,정상
11618,5048,730000,5.78,24,2024-11-16,정상
11619,6099,1740000,5.73,6,2024-04-15,정상
11620,4377,730000,4.25,24,2023-12-17,완료
11621,3316,770000,5.87,6,2024-04-26,정상
11622,8271,1310000,5.0,24,2024-09-26,정상
11623,219,6190000,4.95,24,2023-04-27,정상
11624,5836,67090000,5.76,24,2024-10-02,정상
11625,941,2790000,5.24,6,2023-07-11,정상
11626,3937,1230000,4.84,6,2024-08-14,정상
11627,1111,106930000,5.66,24,2023-09-16,정상
11628,8431,780000,6.24,24,2024-03-18,정상
11629,6971,730000,5.66,6,2024-04-06,연체
11630,6444,730000,6.03,12,2023-10-08,연체
11631,273,9730000,5.17,12,2024-08-01,정상
11632,7871,730000,6.4,6,2023-01-24,연체
11633,6071,7520000,5.05,24,2024-02-20,정상
11634,6163,730000,5.49,6,2024-06-17,연체
11635,1162,6020000,5.53,36,2024-07-03,정상
11636,3409,730000,5.81,24,2024-12-10,연체
11637,5246,5930000,4.68,24,2024-11-20,정상
11638,2208,970000,4.87,24,2024-01-02,정상
11639,7351,1260000,5.39,6,2024-07-07,정상
11640,1722,1120000,5.24,6,2023-03-18,정상
11641,4521,68610000,4.87,24,2023-10-09,정상
11642,6331,3510000,4.5,24,2023-05-10,완료
11643,574,5540000,4.91,24,2024-10-09,정상
11644,6150,730000,6.81,24,2023-03-21,연체
11645,4163,730000,5.63,12,2023-05-31,연체
11646,4418,2970000,5.24,12,2024-04-07,연체
11647,3550,82480000,5.91,36,2024-08-11,정상
11648,2735,730000,5.05,6,2023-02-21,정상
11649,3253,6760000,4.65,12,2024-03-17,정상
11650,6363,19540000,4.47,24,2023-10-10,완료
11651,6144,1540000,5.93,12,2024-10-01,정상
11652,4288,1780000,6.11,6,2023-01-31,연체
11653,8772,730000,5.7,24,2024-09-06,정상
11654,8658,6870000,4.76,24,2024-05-21,완료
11655,7593,730000,5.5,12,2023-02-15,연체
11656,6743,10580000,5.53,36,2023-12-13,정상
11657,7503,5280000,5.06,24,2023-06-18,정상
11658,6030,1630000,5.3,12,2024-04-15,정상
11659,5411,730000,6.53,24,2023-11-26,정상
11660,5794,7210000,5.21,24,2024-04-05,정상
11661,2610,1030000,6.43,24,2023-12-11,연체
11662,1404,2380000,5.51,6,2024-04-01,정상
11663,9859,23290000,4.35,36,2024-04-19,정상
11664,5440,2250000,4.49,6,2023-02-27,정상
11665,325,730000,5.27,6,2023-09-23,연체
11666,3019,730000,5.52,24,2023-01-30,연체
11667,2647,9650000,4.46,36,2023-02-10,정상
11668,1129,1830000,5.17,12,2023-02-04,완료
11669,4997,2640000,4.75,6,2023-04-25,정상
11670,1240,1750000,5.18,24,2024-09-14,정상
11671,6057,21560000,3.86,24,2024-02-10,정상
11672,9181,730000,6.53,24,2023-08-30,연체
11673,5084,730000,5.54,6,2023-08-01,정상
11674,8952,37380000,4.86,24,2024-09-06,정상
11675,2807,730000,5.51,6,2023-02-28,정상
11676,9080,1040000,5.24,12,2023-06-16,정상
11677,5338,2700000,5.1,12,2023-06-13,연체
11678,7585,11200000,4.35,12,2023-04-01,완료
11679,1091,4510000,5.43,12,2024-10-22,연체
11680,2010,1090000,5.25,12,2024-12-25,완료
11681,1288,2490000,5.72,24,2023-11-11,정상
11682,5432,730000,6.43,6,2024-09-03,연체
11683,2584,4620000,5.2,12,2023-12-15,정상
11684,2922,730000,5.63,6,2024-07-30,정상
11685,5141,3380000,5.6,36,2023-06-18,정상
11686,9068,6110000,5.28,24,2024-12-09,정상
11687,574,6740000,4.57,24,2024-03-29,정상
11688,8241,730000,5.19,24,2023-01-04,연체
11689,741,800000,5.55,12,2024-03-12,정상
11690,2521,730000,5.7,24,2024-08-22,완료
11691,825,730000,5.02,6,2024-06-06,연체
11692,391,730000,6.63,12,2024-12-04,연체
11693,6941,730000,5.47,6,2024-09-15,연체
11694,6169,730000,5.4,12,2024-10-27,연체
11695,7196,970000,5.98,24,2024-03-16,정상
11696,9902,3200000,4.29,24,2024-03-19,정상
11697,5512,1010000,5.21,24,2024-07-15,연체
11698,4537,23180000,4.71,60,2024-06-19,정상
11699,2603,1420000,4.83,12,2023-07-20,정상
11700,5321,16860000,4.53,36,2024-01-18,정상
11701,5399,10000000,5.37,36,2024-01-21,정상
11702,2791,6650000,5.51,24,2023-04-10,완료
11703,4551,1530000,6.24,6,2023-11-07,연체
11704,7974,65640000,5.26,24,2024-02-03,정상
11705,9583,7210000,5.0,36,2024-06-09,정상
11706,3982,1470000,5.16,6,2024-10-11,정상
11707,4758,4570000,4.91,24,2023-05-28,정상
11708,1522,1060000,5.42,6,2024-11-09,정상
11709,1059,2880000,4.97,24,2023-07-27,정상
11710,2631,49230000,4.55,36,2024-05-17,정상
11711,2528,730000,6.01,24,2024-01-16,완료
11712,4964,730000,5.73,12,2023-05-19,연체
11713,1793,10110000,3.96,24,2023-12-17,정상
11714,2123,6960000,5.46,36,2024-08-18,정상
11715,3518,5040000,5.57,24,2023-11-29,완료
11716,9408,1060000,5.05,24,2024-09-29,정상
11717,5766,730000,5.71,12,2023-05-20,연체
11718,9761,17700000,4.99,12,2024-07-26,정상
11719,1554,730000,6.18,12,2024-02-08,완료
11720,2276,19600000,4.36,36,2024-06-14,정상
11721,3326,6570000,5.83,12,2024-03-31,완료
11722,753,730000,4.9,12,2023-06-29,정상
11723,6105,730000,5.9,24,2024-07-08,완료
11724,6220,730000,5.83,24,2023-06-05,연체
11725,7311,730000,6.46,24,2024-03-28,정상
11726,3736,730000,5.05,6,2024-01-26,정상
11727,3927,3210000,5.49,12,2024-04-30,정상
11728,1025,4210000,5.14,12,2023-08-20,연체
11729,1562,3110000,5.3,12,2024-04-19,정상
11730,2950,1470000,5.01,24,2023-12-16,완료
11731,7185,108250000,5.59,36,2024-11-27,정상
11732,7136,4930000,5.63,36,2024-08-02,정상
11733,9480,2840000,5.49,6,2023-06-02,정상
11734,9617,730000,5.69,24,2023-01-21,연체
11735,2642,2690000,5.81,12,2023-01-21,정상
11736,7134,1060000,5.74,24,2023-12-20,연체
11737,8592,14090000,4.39,36,2024-07-18,정상
11738,5053,11990000,5.1,36,2023-07-13,완료
11739,7723,810000,5.69,6,2024-12-27,완료
11740,5945,730000,6.39,24,2023-04-09,정상
11741,1148,12640000,4.39,24,2024-04-06,정상
11742,3002,7980000,4.38,36,2023-11-23,완료
11743,7097,43410000,4.07,24,2023-12-09,정상
11744,3000,730000,6.25,6,2024-04-10,연체
11745,7602,6390000,5.66,12,2024-02-27,정상
11746,8474,730000,4.6,24,2023-10-02,정상
11747,6654,730000,5.83,24,2023-02-19,정상
11748,2844,730000,5.39,24,2024-05-30,정상
11749,6223,3890000,4.48,12,2024-11-06,정상
11750,8864,6290000,3.85,36,2023-01-27,정상
11751,2879,2100000,5.03,24,2024-03-23,연체
11752,7364,1100000,5.44,6,2023-03-25,연체
11753,2494,3110000,5.76,36,2024-06-14,연체
11754,7188,12460000,4.97,36,2023-06-24,정상
11755,6970,2040000,5.24,6,2024-09-11,완료
11756,2446,9160000,4.92,36,2023-05-26,정상
11757,7421,36620000,5.49,60,2024-04-13,정상
11758,7265,3440000,4.69,36,2024-01-13,정상
11759,8886,26410000,5.58,36,2024-11-13,정상
11760,80,920000,5.27,12,2024-02-08,정상
11761,4097,730000,6.17,6,2023-10-03,정상
11762,7124,40570000,5.55,60,2024-08-07,정상
11763,5601,16690000,4.3,12,2024-10-22,정상
11764,1811,730000,4.8,6,2023-03-06,연체
11765,9829,1900000,4.9,24,2023-04-18,연체
11766,7886,910000,5.16,24,2023-11-11,완료
11767,2849,18320000,4.34,12,2023-02-28,완료
11768,5291,12510000,4.61,24,2024-03-15,정상
11769,6955,730000,5.47,12,2023-08-18,정상
11770,5055,2180000,5.24,6,2023-07-07,정상
11771,3489,2400000,5.51,24,2024-01-29,정상
11772,6659,2050000,6.15,12,2023-03-05,정상
11773,9797,730000,6.03,12,2023-11-23,정상
11774,3081,2360000,4.69,12,2023-06-24,완료
11775,4446,730000,6.03,24,2024-01-19,정상
11776,2827,5980000,5.2,24,2024-12-18,정상
11777,2409,108250000,6.13,24,2024-04-30,정상
11778,9099,25870000,4.92,36,2024-09-09,정상
11779,8063,108250000,5.44,24,2023-05-13,정상
11780,8175,14790000,4.86,24,2023-12-05,정상
11781,865,28240000,4.66,60,2023-09-13,정상
11782,4723,108250000,5.35,36,2023-07-08,정상
11783,5287,17020000,4.55,12,2023-04-10,정상
11784,8814,8160000,5.3,12,2024-01-24,정상
11785,754,54120000,4.68,60,2024-04-27,정상
11786,2301,2960000,6.04,6,2023-11-07,정상
11787,9553,730000,5.19,24,2024-01-14,정상
11788,7936,71600000,5.23,60,2023-11-23,정상
11789,8385,2710000,4.71,6,2023-11-29,정상
11790,2842,12230000,4.88,24,2023-03-22,정상
11791,3211,1860000,5.25,24,2024-04-12,완료
11792,9402,22540000,4.42,24,2024-04-07,정상
11793,3769,730000,5.64,24,2023-04-02,완료
11794,9299,730000,5.43,6,2024-07-01,연체
11795,9196,4520000,4.26,24,2024-12-16,정상
11796,5285,980000,6.03,12,2023-08-02,정상
11797,396,13510000,4.79,36,2024-10-17,정상
11798,8879,11310000,4.91,12,2024-08-20,정상
11799,6171,4160000,4.37,24,2024-08-16,정상
11800,2858,3680000,5.25,36,2024-09-01,정상
11801,2969,1570000,5.01,12,2023-12-10,정상
11802,455,21230000,5.26,24,2024-07-14,정상
11803,7203,730000,5.51,6,2023-01-26,정상
11804,1194,14870000,5.62,36,2023-11-08,정상
11805,773,1110000,5.06,6,2024-05-16,정상
11806,1728,730000,5.86,6,2023-09-19,정상
11807,6575,1600000,4.9,6,2024-04-15,완료
11808,6627,18810000,5.51,36,2023-11-17,완료
11809,9667,2910000,5.4,12,2023-01-23,연체
11810,832,1050000,5.37,12,2023-11-22,정상
11811,3826,9190000,5.61,24,2024-09-01,정상
11812,6470,7850000,4.6,12,2024-05-19,완료
11813,5235,108250000,5.52,60,2023-03-03,정상
11814,8636,24780000,5.19,24,2023-07-15,완료
11815,8390,6730000,4.6,12,2024-10-28,정상
11816,2307,730000,5.97,24,2023-02-07,연체
11817,1917,1320000,5.21,12,2023-03-08,연체
11818,4312,10460000,5.29,12,2024-07-18,정상
11819,5451,47130000,4.66,24,2023-06-13,정상
11820,2292,13090000,4.39,36,2023-04-13,정상
11821,4625,730000,5.84,12,2023-08-08,연체
11822,2988,108250000,5.84,36,2024-11-08,정상
11823,4347,870000,5.75,24,2024-09-27,정상
11824,5489,730000,6.52,24,2024-02-10,정상
11825,4673,730000,5.97,6,2023-11-19,연체
11826,6919,10640000,4.75,24,2023-11-21,정상
11827,5812,2680000,4.84,6,2023-09-25,완료
11828,7328,15360000,5.23,36,2024-04-17,연체
11829,4157,25950000,5.01,36,2024-11-07,완료
11830,1880,11210000,4.93,36,2023-03-19,정상
11831,995,2550000,4.13,24,2024-08-29,정상
11832,3615,18510000,5.18,36,2024-08-05,정상
11833,3104,15330000,4.53,36,2024-03-13,정상
11834,2589,3970000,5.19,36,2023-09-08,정상
11835,6463,730000,5.39,12,2023-03-23,정상
11836,8170,1080000,5.57,6,2023-01-19,정상
11837,1037,11560000,4.37,12,2024-06-15,정상
11838,1109,730000,5.29,6,2024-12-15,연체
11839,4806,730000,5.33,12,2024-04-09,정상
11840,4882,1020000,4.93,12,2023-07-23,정상
11841,3484,730000,5.04,6,2024-04-04,정상
11842,378,730000,5.24,12,2024-08-31,정상
11843,5121,730000,6.23,24,2024-10-29,연체
11844,5708,730000,6.25,6,2023-09-05,연체
11845,6415,730000,5.59,24,2024-05-22,완료
11846,5954,730000,6.02,6,2023-03-09,연체
11847,8961,730000,5.25,24,2024-09-04,완료
11848,7695,2760000,5.7,12,2023-11-30,연체
11849,1025,3780000,4.6,36,2024-04-04,정상
11850,5809,730000,6.48,12,2023-06-15,연체
11851,4256,2620000,4.11,24,2024-08-04,정상
11852,17,27690000,4.69,24,2023-09-28,정상
11853,4651,2390000,5.39,6,2024-09-27,정상
11854,1489,49810000,5.06,24,2023-07-29,정상
11855,1072,26050000,4.49,60,2023-04-28,정상
11856,2810,15340000,5.24,36,2024-09-20,정상
11857,7436,16350000,4.44,24,2023-06-26,정상
11858,6079,730000,6.12,24,2023-06-22,정상
11859,8608,730000,5.91,6,2024-11-10,정상
11860,2110,730000,6.27,6,2024-10-19,완료
11861,7673,44580000,5.1,36,2024-06-15,정상
11862,9548,730000,5.08,24,2023-03-04,연체
11863,918,1130000,4.73,6,2023-01-22,정상
11864,148,4100000,4.4,36,2024-12-06,정상
11865,8924,870000,5.36,24,2023-06-10,연체
11866,9795,810000,5.66,6,2024-08-31,정상
11867,2835,1490000,4.77,24,2024-11-26,연체
11868,4876,730000,5.69,24,2023-03-20,연체
11869,8201,3730000,5.49,12,2024-03-23,정상
11870,308,5660000,5.19,12,2024-07-09,정상
11871,2263,20140000,4.39,36,2024-04-03,정상
11872,4455,730000,5.04,24,2023-12-19,연체
11873,8354,1770000,5.93,6,2024-03-01,정상
11874,852,730000,5.22,12,2023-01-14,정상
11875,35,6390000,6.16,12,2023-11-24,연체
11876,6868,3420000,5.06,12,2023-06-22,정상
11877,9275,6930000,4.91,12,2024-01-25,정상
11878,9458,1540000,5.84,6,2023-07-17,연체
11879,8810,730000,5.05,12,2023-08-31,완료
11880,3216,1420000,5.04,6,2023-04-22,정상
11881,497,108250000,5.69,60,2023-12-14,정상
11882,3547,7380000,4.56,24,2023-02-12,정상
11883,9910,108250000,5.25,24,2024-10-16,정상
11884,4073,2150000,4.48,6,2023-12-04,완료
11885,2914,730000,5.0,6,2024-01-20,연체
11886,7410,730000,5.68,6,2023-02-22,연체
11887,4788,1750000,4.11,24,2024-12-07,정상
11888,4210,20010000,4.75,24,2023-06-09,정상
11889,8986,4890000,5.49,24,2024-05-07,연체
11890,890,1190000,5.5,6,2024-04-21,정상
11891,4942,730000,5.37,12,2023-04-14,연체
11892,6940,1070000,5.36,6,2024-04-27,완료
11893,2052,1720000,4.75,12,2023-07-08,연체
11894,633,10880000,4.83,24,2024-01-30,정상
11895,6001,10960000,5.1,12,2024-04-18,정상
11896,2204,730000,5.98,12,2024-03-02,정상
11897,8008,730000,5.39,24,2024-09-02,연체
11898,1820,1950000,5.05,24,2023-08-06,완료
11899,4476,13750000,5.19,24,2024-07-24,정상
11900,4427,730000,5.46,24,2024-08-09,연체
11901,9459,730000,5.43,6,2023-10-03,정상
11902,6171,8840000,5.58,36,2024-01-28,정상
11903,6269,730000,5.46,6,2024-10-31,정상
11904,7093,3080000,5.02,24,2024-08-01,정상
11905,5846,990000,5.64,12,2023-04-12,정상
11906,674,35500000,4.39,36,2023-03-01,정상
11907,9397,19600000,5.12,36,2024-08-05,정상
11908,3611,3150000,4.91,12,2024-07-04,정상
11909,9871,3270000,4.51,12,2024-08-08,정상
11910,6301,3450000,4.66,12,2024-10-07,연체
11911,2765,3600000,5.02,24,2024-05-19,정상
11912,5972,2380000,4.98,6,2024-07-20,정상
11913,336,730000,5.07,6,2024-02-02,정상
11914,8314,108250000,5.52,24,2023-07-04,완료
11915,8772,730000,6.03,12,2024-03-16,정상
11916,6537,1620000,5.28,6,2024-11-18,정상
11917,9997,730000,5.43,6,2023-07-07,정상
11918,9713,730000,5.75,24,2024-03-23,연체
11919,4256,4290000,5.13,12,2023-01-04,정상
11920,2810,19040000,5.07,24,2023-02-17,완료
11921,4191,1850000,4.99,12,2024-09-10,정상
11922,6834,8800000,4.4,24,2024-05-09,정상
11923,7993,730000,4.96,6,2023-07-09,정상
11924,6607,3920000,5.45,12,2023-11-13,정상
11925,722,730000,5.09,6,2023-09-07,완료
11926,9891,2250000,4.77,12,2023-07-28,연체
11927,2482,730000,5.72,6,2023-03-08,정상
11928,6794,730000,5.2,24,2024-03-18,정상
11929,2375,2240000,5.32,12,2023-05-31,정상
11930,2922,730000,5.88,24,2023-07-22,정상
11931,6741,730000,5.38,6,2023-03-14,연체
11932,5929,730000,5.49,6,2023-05-02,연체
11933,982,730000,5.54,24,2023-09-23,연체
11934,9029,810000,4.81,6,2023-11-15,완료
11935,8836,21190000,5.18,24,2024-05-17,완료
11936,3180,860000,5.42,6,2023-12-03,정상
11937,4962,730000,5.95,6,2023-05-28,연체
11938,7231,31590000,5.12,24,2023-02-18,연체
11939,7121,15780000,5.11,36,2024-03-10,완료
11940,4637,1230000,5.27,6,2023-08-07,정상
11941,9404,5770000,5.35,24,2023-11-20,정상
11942,4524,32850000,4.99,60,2023-06-17,정상
11943,1851,730000,5.87,6,2023-07-18,연체
11944,8107,1620000,4.58,12,2023-02-23,완료
11945,4258,2170000,5.32,6,2023-03-08,정상
11946,9171,730000,5.25,12,2023-09-29,정상
11947,6473,3100000,5.2,12,2023-07-22,완료
11948,4792,47790000,5.56,36,2024-11-20,정상
11949,9717,6260000,5.33,12,2023-09-17,정상
11950,5706,3800000,4.36,12,2024-12-10,정상
11951,9980,3090000,4.76,36,2024-04-12,정상
11952,7281,1390000,5.32,24,2024-11-17,연체
11953,2134,9670000,4.75,36,2023-11-06,정상
11954,358,20850000,5.2,36,2023-01-26,정상
11955,9860,3900000,4.45,12,2024-03-13,완료
11956,4043,730000,5.43,6,2023-12-13,정상
11957,5023,30770000,4.81,36,2023-05-08,정상
11958,5424,730000,4.86,6,2024-05-27,정상
11959,9430,4030000,5.37,24,2023-04-18,정상
11960,974,17720000,4.65,24,2024-05-30,정상
11961,6301,3020000,5.59,24,2023-03-01,연체
11962,2306,2160000,4.16,24,2023-05-30,완료
11963,451,11420000,4.6,24,2024-08-19,정상
11964,9455,730000,6.13,24,2024-04-05,정상
11965,5241,780000,6.39,24,2024-12-15,연체
11966,6581,730000,5.5,12,2023-08-22,연체
11967,4658,1780000,5.49,24,2023-06-13,완료
11968,782,24790000,5.1,36,2023-04-28,완료
11969,2175,730000,5.67,24,2023-03-22,정상
11970,8608,730000,5.43,12,2024-02-07,연체
11971,1166,17750000,4.6,12,2024-10-18,정상
11972,1367,13060000,5.28,24,2024-08-14,정상
11973,7545,10870000,5.03,24,2023-12-04,정상
11974,6693,108250000,5.54,60,2024-04-22,정상
11975,547,2910000,5.56,6,2024-07-29,연체
11976,9751,800000,5.13,12,2023-12-26,정상
11977,9199,7080000,5.41,12,2024-08-07,정상
11978,7890,48190000,5.58,60,2023-06-10,완료
11979,5610,730000,5.86,12,2023-12-29,정상
11980,6533,730000,5.14,6,2024-01-13,정상
11981,8036,1180000,5.5,24,2024-09-05,정상
11982,5154,8480000,4.81,36,2024-11-05,정상
11983,6379,23830000,4.18,60,2023-03-31,연체
11984,9224,4170000,4.64,12,2023-01-25,정상
11985,5394,18580000,4.57,24,2023-04-27,완료
11986,2315,25490000,4.44,60,2024-01-11,정상
11987,5112,920000,5.95,12,2023-06-18,완료
11988,2119,730000,5.39,24,2023-08-25,연체
11989,3176,730000,5.65,12,2024-06-01,정상
11990,5809,730000,5.59,6,2023-06-26,연체
11991,5192,3320000,4.78,36,2023-05-07,정상
11992,8180,3260000,5.29,36,2024-05-23,연체
11993,4109,730000,6.27,6,2023-02-02,연체
11994,6924,1560000,5.36,6,2023-12-01,정상
11995,9622,13860000,5.57,12,2024-02-23,정상
11996,8066,108250000,5.62,24,2023-05-13,정상
11997,5335,4210000,5.2,24,2024-03-12,완료
11998,633,11350000,4.35,36,2024-06-21,연체
11999,260,35090000,5.47,60,2024-05-11,정상
12000,812,820000,4.96,24,2023-07-01,정상
12001,7611,1800000,4.25,12,2023-05-29,정상
12002,5076,3250000,5.43,12,2024-05-24,정상
12003,8488,13390000,4.91,24,2023-11-22,완료
12004,7173,8520000,5.02,12,2024-12-24,완료
12005,2827,9530000,5.74,24,2024-08-17,정상
12006,6796,5970000,4.14,24,2024-08-12,정상
12007,5434,17520000,5.39,24,2024-06-16,정상
12008,2546,45330000,5.72,60,2024-04-18,연체
12009,9717,3880000,5.87,24,2024-12-07,완료
12010,8845,8990000,5.45,24,2023-01-05,정상
12011,461,1430000,4.76,6,2024-07-13,정상
12012,1525,730000,4.75,24,2023-06-02,완료
12013,4833,108250000,6.44,60,2023-09-27,정상
12014,5851,730000,5.47,12,2024-08-08,정상
12015,5329,1080000,5.49,6,2024-01-03,연체
12016,8908,760000,5.89,6,2024-04-13,정상
12017,4291,6870000,4.81,12,2023-07-04,정상
12018,8459,29830000,4.81,24,2024-08-10,정상
12019,5364,730000,6.37,6,2024-11-16,연체
12020,7417,730000,5.6,12,2024-12-26,정상
12021,4500,7480000,5.16,24,2023-11-06,정상
12022,660,5800000,5.65,24,2024-08-14,정상
12023,4495,730000,6.62,6,2024-12-13,정상
12024,5378,1040000,6.07,12,2023-12-01,정상
12025,7565,2930000,4.59,24,2024-11-01,연체
12026,3612,2730000,5.02,12,2024-12-25,정상
12027,2267,2480000,4.93,24,2024-08-03,정상
12028,9159,2100000,5.35,6,2023-11-27,정상
12029,9731,84830000,5.77,36,2024-08-21,정상
12030,6503,2130000,4.57,6,2024-01-07,완료
12031,9587,730000,5.35,12,2024-10-23,연체
12032,3974,800000,5.77,24,2023-08-21,연체
12033,614,15330000,4.53,24,2024-03-22,정상
12034,1686,730000,5.87,6,2023-04-15,정상
12035,4781,3320000,4.96,24,2024-04-03,완료
12036,1294,1280000,5.67,24,2024-09-14,정상
12037,2862,33300000,4.57,60,2023-10-17,완료
12038,2440,14130000,5.57,36,2023-08-19,정상
12039,8903,2550000,5.47,24,2024-09-11,정상
12040,3782,1080000,5.44,12,2023-01-03,정상
12041,8023,1750000,5.02,6,2023-05-25,정상
12042,1314,730000,5.66,6,2023-05-30,연체
12043,1871,850000,5.87,24,2024-08-04,연체
12044,7065,730000,5.96,6,2023-05-01,완료
12045,4958,6720000,4.68,36,2024-10-15,정상
12046,5378,1310000,5.45,6,2023-05-31,완료
12047,3047,730000,5.19,24,2023-09-18,정상
12048,3159,730000,6.18,12,2023-11-10,연체
12049,1444,1590000,5.78,6,2024-02-28,완료
12050,5821,990000,6.58,6,2023-05-10,정상
12051,4627,1030000,5.38,24,2024-06-18,정상
12052,7932,16740000,4.97,36,2023-10-25,완료
12053,8085,12250000,5.67,36,2024-03-28,정상
12054,7837,1040000,5.02,24,2023-08-24,완료
12055,7854,17880000,5.27,36,2024-04-03,정상
12056,2758,1460000,6.14,6,2023-11-17,완료
12057,2712,1620000,5.69,24,2023-03-10,정상
12058,5098,1000000,5.24,6,2023-11-16,정상
12059,3394,18980000,4.52,24,2023-04-16,정상
12060,6540,730000,6.04,12,2023-09-04,정상
12061,5349,8790000,5.07,36,2024-03-10,정상
12062,5013,23430000,5.09,60,2023-05-18,정상
12063,2640,17590000,5.2,36,2024-07-28,정상
12064,2884,1080000,5.04,12,2023-04-16,정상
12065,464,730000,5.23,12,2023-08-18,연체
12066,2209,730000,5.24,12,2024-01-19,정상
12067,2945,730000,5.7,24,2023-02-16,연체
12068,2078,3510000,5.27,36,2024-05-25,연체
12069,2502,11340000,5.04,36,2023-10-01,정상
12070,2957,108250000,5.2,24,2023-06-26,정상
12071,319,1890000,5.35,6,2023-12-01,정상
12072,6659,2980000,5.33,6,2024-11-06,정상
12073,4400,56350000,6.53,60,2024-05-01,정상
12074,7723,2320000,5.01,12,2024-12-24,연체
12075,3666,730000,5.58,24,2023-11-27,연체
12076,3683,3710000,4.08,36,2024-10-29,정상
12077,3716,5480000,4.67,36,2023-01-31,정상
12078,5543,3610000,5.22,12,2023-01-02,완료
12079,2239,2080000,5.99,12,2023-12-30,정상
12080,1024,42950000,4.86,24,2024-10-15,정상
12081,3943,980000,4.57,24,2024-05-09,정상
12082,216,1410000,5.13,12,2024-09-27,정상
12083,6986,2390000,5.38,6,2023-06-17,완료
12084,4359,7350000,4.26,24,2024-08-02,완료
12085,8331,730000,6.23,24,2023-07-24,정상
12086,1977,5720000,5.31,12,2023-02-15,정상
12087,3088,730000,5.62,6,2023-10-13,정상
12088,5456,3360000,5.49,36,2023-05-20,정상
12089,8412,2720000,4.73,12,2023-03-22,정상
12090,5060,730000,5.13,24,2023-08-26,정상
12091,1574,13700000,4.94,12,2024-09-04,정상
12092,7565,1490000,5.51,6,2023-05-27,완료
12093,6382,730000,5.46,6,2023-12-18,연체
12094,5492,3450000,4.34,36,2024-06-17,완료
12095,4815,8070000,4.9,24,2024-08-02,정상
12096,2024,11480000,4.71,36,2023-10-08,완료
12097,600,1300000,4.93,6,2024-11-11,정상
12098,779,730000,5.52,12,2023-01-26,정상
12099,2197,8990000,4.45,24,2024-03-13,정상
12100,9422,730000,5.62,12,2023-11-05,완료
12101,436,54960000,4.98,60,2024-04-18,정상
12102,4895,1130000,5.59,12,2024-03-31,정상
12103,647,13080000,5.13,12,2023-05-02,정상
12104,8892,730000,5.78,24,2024-04-08,정상
12105,1205,730000,6.21,12,2023-03-17,연체
12106,7953,1590000,5.46,24,2023-01-31,정상
12107,5730,41340000,4.4,24,2024-07-09,완료
12108,4281,730000,5.18,24,2023-07-23,정상
12109,5269,29980000,5.46,24,2023-06-07,정상
12110,3861,1830000,5.82,6,2023-08-14,정상
12111,3592,780000,5.0,6,2023-02-05,정상
12112,8991,1670000,5.6,24,2023-11-16,정상
12113,752,5560000,5.26,36,2024-01-15,완료
12114,1583,5340000,4.9,24,2023-05-03,정상
12115,7466,1190000,4.4,6,2023-06-23,정상
12116,8642,730000,5.68,12,2023-05-15,완료
12117,3926,30230000,5.09,24,2023-01-31,정상
12118,8392,730000,5.59,12,2023-08-15,정상
12119,5397,2060000,5.15,24,2024-12-11,연체
12120,1026,14230000,4.81,24,2024-03-02,완료
12121,8466,2190000,4.97,12,2023-09-09,정상
12122,7796,730000,5.68,12,2023-09-19,정상
12123,2718,1040000,5.45,24,2023-12-22,정상
12124,4532,730000,5.96,6,2024-04-20,정상
12125,4280,730000,6.41,12,2023-10-31,정상
12126,3656,980000,5.46,12,2024-12-16,연체
12127,943,730000,4.26,6,2024-03-26,정상
12128,940,14820000,4.55,12,2023-03-21,정상
12129,2742,2990000,4.86,6,2024-05-03,정상
12130,439,2150000,4.96,6,2023-06-06,연체
12131,8464,38030000,4.86,60,2024-01-10,정상
12132,6961,3220000,5.95,24,2024-05-12,연체
12133,7137,12710000,5.64,24,2024-10-10,정상
12134,111,1070000,5.54,6,2024-02-05,정상
12135,6599,730000,5.29,24,2023-01-19,연체
12136,2912,1020000,5.9,6,2023-12-28,연체
12137,288,730000,5.42,24,2023-01-15,연체
12138,9595,1760000,5.9,24,2024-07-12,연체
12139,7987,5370000,4.52,36,2024-06-13,완료
12140,1458,41110000,5.36,60,2024-03-29,정상
12141,5669,750000,5.5,6,2024-08-11,정상
12142,560,6770000,5.51,36,2024-07-11,완료
12143,5519,2670000,4.61,6,2024-04-05,정상
12144,621,730000,5.23,24,2023-04-06,정상
12145,3136,730000,6.68,12,2024-05-29,연체
12146,6987,4360000,4.8,24,2023-01-17,정상
12147,2615,730000,5.42,6,2023-11-20,연체
12148,4572,8160000,5.56,24,2023-01-23,정상
12149,1021,7310000,5.39,12,2023-11-27,완료
12150,5398,730000,5.22,12,2024-09-16,완료
12151,843,730000,5.75,24,2023-02-26,연체
12152,7639,36780000,4.76,36,2023-11-03,연체
12153,8064,2240000,6.04,12,2023-06-14,완료
12154,6293,3500000,4.91,36,2023-10-21,정상
12155,253,730000,5.39,6,2023-03-28,연체
12156,8956,11160000,4.36,24,2023-12-10,정상
12157,4163,730000,5.87,12,2023-03-27,연체
12158,6148,1590000,4.9,12,2024-04-24,정상
12159,8337,2210000,5.5,12,2023-04-20,완료
12160,3850,66260000,4.81,60,2024-07-13,정상
12161,5321,39890000,4.6,60,2024-03-18,정상
12162,7910,1700000,5.07,6,2023-10-07,정상
12163,2906,1950000,5.75,24,2024-02-16,정상
12164,1623,780000,5.83,12,2023-08-10,연체
12165,9782,3070000,5.79,12,2024-06-07,정상
12166,9285,4570000,4.85,24,2024-01-09,정상
12167,8048,730000,6.1,24,2024-01-25,연체
12168,408,850000,5.6,6,2023-08-06,완료
12169,782,60910000,4.88,60,2023-05-06,완료
12170,8558,730000,5.71,24,2024-10-30,연체
12171,8159,27440000,5.16,60,2024-01-18,완료
12172,1888,19840000,4.79,24,2023-09-12,정상
12173,4481,78940000,5.25,60,2023-07-11,정상
12174,3660,7650000,5.45,36,2023-11-11,완료
12175,4406,1690000,5.34,12,2023-05-14,연체
12176,5292,5490000,4.66,24,2024-07-15,정상
12177,4572,9830000,5.33,24,2024-07-09,정상
12178,8925,1830000,5.32,6,2023-12-14,정상
12179,7166,25800000,4.96,36,2023-03-15,정상
12180,6744,730000,6.23,12,2023-07-12,완료
12181,1837,1110000,5.66,12,2024-04-10,정상
12182,5301,730000,5.07,24,2023-02-17,정상
12183,214,1530000,5.52,6,2024-03-13,정상
12184,5197,730000,5.84,12,2024-02-05,정상
12185,3095,1510000,5.73,6,2023-05-07,정상
12186,4235,1110000,5.24,24,2023-09-17,연체
12187,2233,730000,5.54,24,2024-11-23,완료
12188,2574,1120000,4.81,24,2024-08-30,완료
12189,9243,730000,6.02,6,2024-01-20,정상
12190,9107,2200000,5.19,12,2023-12-08,정상
12191,8007,51870000,5.52,24,2023-10-09,정상
12192,4109,730000,5.91,12,2023-11-09,정상
12193,8013,730000,6.13,6,2023-07-10,정상
12194,3252,730000,6.3,24,2023-09-09,정상
12195,3150,990000,5.15,12,2024-11-13,연체
12196,1822,730000,5.75,12,2023-09-10,정상
12197,9176,730000,5.5,6,2023-10-30,정상
12198,1762,730000,4.77,12,2024-05-22,정상
12199,1870,1050000,4.91,6,2024-12-24,정상
12200,8530,6060000,4.72,12,2024-10-27,연체
12201,939,40990000,4.97,60,2024-11-10,정상
12202,8720,730000,5.57,6,2023-09-22,정상
12203,2347,13580000,4.53,12,2024-10-19,정상
12204,3536,1650000,5.77,12,2024-04-04,완료
12205,6105,730000,5.1,12,2024-03-02,연체
12206,2116,6950000,5.22,12,2023-09-11,정상
12207,1837,980000,5.6,6,2024-03-17,정상
12208,6804,930000,4.63,12,2024-11-06,정상
12209,5261,730000,6.14,6,2023-01-18,정상
12210,6231,730000,5.88,12,2023-12-13,연체
12211,5439,730000,5.19,6,2024-12-22,연체
12212,5216,730000,6.03,6,2024-11-25,연체
12213,1727,840000,5.47,24,2023-03-04,연체
12214,105,730000,5.61,6,2024-06-04,연체
12215,3013,1370000,4.75,24,2023-03-06,정상
12216,9353,1560000,5.12,6,2023-11-28,연체
12217,4937,730000,4.63,24,2024-08-31,정상
12218,8149,47370000,5.44,36,2024-12-04,정상
12219,6463,730000,4.88,24,2023-08-27,연체
12220,5935,730000,5.83,6,2023-12-28,정상
12221,3796,910000,5.38,24,2023-03-01,정상
12222,848,2430000,4.48,12,2024-05-05,정상
12223,2599,34890000,4.92,36,2023-08-11,정상
12224,223,730000,5.65,12,2023-12-12,완료
12225,2230,7930000,4.91,24,2023-09-03,완료
12226,290,68300000,5.48,36,2024-12-02,정상
12227,7489,1240000,5.97,24,2023-02-28,완료
12228,4171,7200000,4.67,12,2024-04-04,정상
12229,3078,730000,5.0,24,2024-10-25,연체
12230,6352,5700000,5.49,24,2023-03-09,정상
12231,4153,730000,6.12,24,2024-06-19,연체
12232,324,12060000,5.12,12,2024-11-29,정상
12233,1821,34230000,5.28,36,2023-08-28,정상
12234,4373,1390000,4.99,24,2024-02-25,정상
12235,9630,730000,6.15,6,2024-10-25,정상
12236,8981,890000,5.4,6,2023-09-21,연체
12237,4645,16740000,5.29,12,2023-03-29,정상
12238,9126,3490000,5.22,24,2023-04-08,연체
12239,3005,3300000,4.48,12,2024-08-11,정상
12240,1562,2980000,5.58,6,2024-07-05,정상
12241,9988,2190000,5.08,6,2023-09-07,완료
12242,4541,21260000,5.24,60,2024-09-16,완료
12243,7353,108250000,4.44,24,2024-09-09,정상
12244,1021,7600000,4.74,36,2024-03-20,정상
12245,6838,1250000,5.25,12,2024-03-05,연체
12246,4054,1250000,5.0,24,2024-06-01,정상
12247,9796,980000,5.85,24,2023-07-28,정상
12248,5797,1330000,5.0,12,2024-04-10,완료
12249,3768,730000,6.35,24,2024-01-03,연체
12250,7157,2580000,5.64,6,2024-11-27,정상
12251,946,730000,5.17,24,2023-02-16,정상
12252,8749,14120000,4.5,24,2024-12-03,정상
12253,4617,6310000,4.55,36,2023-01-05,정상
12254,2162,2120000,5.07,6,2023-12-03,연체
12255,4730,2180000,4.93,6,2023-10-29,정상
12256,5116,730000,5.47,6,2023-12-29,연체
12257,9082,730000,5.71,12,2024-12-16,정상
12258,363,730000,6.07,6,2024-03-03,정상
12259,1095,108250000,5.51,60,2023-08-07,정상
12260,3876,1750000,5.39,12,2024-06-08,완료
12261,3333,3060000,5.34,12,2024-07-07,연체
12262,3777,920000,6.24,24,2024-05-12,정상
12263,7363,730000,6.13,24,2024-04-27,완료
12264,8715,1600000,5.26,6,2024-08-14,정상
12265,8916,730000,6.39,6,2024-07-22,연체
12266,6991,1840000,5.35,24,2023-03-18,연체
12267,2941,730000,5.32,24,2023-01-01,연체
12268,1057,2790000,5.12,12,2024-10-21,연체
12269,9008,6500000,4.54,12,2023-02-20,완료
12270,7875,2520000,5.36,12,2024-02-05,정상
12271,308,4460000,4.46,24,2023-09-19,정상
12272,4709,5100000,4.76,36,2023-09-03,정상
12273,8056,69920000,5.09,36,2024-08-15,정상
12274,537,1840000,4.97,12,2023-04-10,정상
12275,2736,6900000,5.01,12,2024-12-02,정상
12276,7299,730000,5.74,24,2023-12-20,정상
12277,2319,730000,5.97,6,2023-08-24,정상
12278,5443,108250000,5.17,36,2023-03-18,완료
12279,5398,730000,5.81,6,2024-06-24,정상
12280,8966,1520000,5.52,24,2024-10-11,정상
12281,7638,730000,6.08,24,2023-05-05,정상
12282,2555,730000,5.47,12,2023-07-23,완료
12283,3151,17940000,5.24,24,2023-04-09,정상
12284,9459,730000,5.48,24,2024-01-09,정상
12285,9423,3360000,5.9,36,2024-10-09,정상
12286,8694,2590000,5.21,24,2023-09-04,연체
12287,5453,760000,5.3,6,2024-09-20,정상
12288,9984,730000,5.65,6,2023-05-18,연체
12289,6737,7530000,4.75,24,2023-04-09,완료
12290,1120,730000,5.98,6,2023-05-09,정상
12291,6857,730000,5.56,24,2023-05-31,정상
12292,7364,4880000,5.43,24,2024-09-21,정상
12293,9494,4230000,4.52,24,2024-04-23,정상
12294,8439,26510000,5.27,24,2024-11-03,정상
12295,9961,730000,6.2,24,2023-01-02,정상
12296,3830,1990000,5.03,12,2023-11-06,연체
12297,7782,1850000,5.58,6,2024-02-24,정상
12298,3901,2700000,4.38,12,2024-11-19,정상
12299,5416,26430000,5.43,36,2023-09-27,완료
12300,72,1900000,5.49,24,2024-04-11,연체
12301,6806,730000,5.57,12,2024-06-17,정상
12302,1145,1340000,5.1,6,2023-07-21,정상
12303,3978,730000,5.97,12,2024-07-17,연체
12304,2729,104650000,5.16,24,2023-12-17,정상
12305,291,3330000,4.91,36,2023-10-14,정상
12306,7666,730000,5.61,6,2023-12-16,연체
12307,1663,730000,4.6,12,2024-02-04,정상
12308,695,730000,6.37,12,2024-11-18,연체
12309,5686,730000,4.83,12,2023-03-07,정상
12310,3280,2080000,5.84,6,2024-10-09,정상
12311,5426,41960000,4.32,60,2023-05-20,완료
12312,4706,830000,5.84,12,2023-10-28,정상
12313,4492,2360000,5.34,12,2024-02-24,연체
12314,2261,770000,5.37,24,2024-05-07,연체
12315,3533,29520000,4.6,24,2024-10-07,정상
12316,4071,730000,5.01,24,2023-01-11,연체
12317,2119,730000,6.14,24,2024-11-25,연체
12318,9154,52110000,5.09,36,2024-05-22,정상
12319,325,730000,6.32,6,2024-10-12,연체
12320,6984,76880000,5.63,60,2023-03-08,정상
12321,5160,2350000,5.45,24,2024-09-02,연체
12322,7291,1860000,4.88,12,2023-03-21,정상
12323,6293,3050000,5.16,24,2023-01-16,완료
12324,5833,10880000,5.13,36,2023-08-25,완료
12325,6744,730000,4.65,24,2023-07-28,정상
12326,5529,108250000,4.59,36,2023-01-05,정상
12327,1492,3480000,5.04,12,2023-06-21,완료
12328,4847,730000,5.97,12,2024-05-01,정상
12329,9733,730000,5.93,24,2024-05-10,완료
12330,4528,730000,6.15,24,2024-12-02,연체
12331,7328,17500000,5.19,12,2023-06-13,정상
12332,4941,990000,5.35,12,2023-05-21,연체
12333,4138,1500000,5.38,24,2023-02-19,정상
12334,7333,64330000,4.86,24,2023-06-09,정상
12335,9882,1130000,5.0,12,2024-08-17,정상
12336,7460,3410000,5.59,36,2023-03-30,연체
12337,7878,1240000,5.69,6,2024-05-30,완료
12338,6435,59930000,4.25,60,2023-10-05,정상
12339,8256,2130000,4.99,24,2024-02-01,정상
12340,9980,7150000,4.61,36,2024-04-05,정상
12341,6806,1020000,6.1,6,2024-12-05,정상
12342,5313,730000,6.1,6,2024-05-10,연체
12343,5019,49580000,4.82,24,2023-07-10,정상
12344,8840,15820000,5.17,36,2023-07-07,완료
12345,3321,4600000,5.26,24,2023-04-04,정상
12346,9093,1250000,4.87,6,2024-10-06,정상
12347,8664,2810000,5.38,6,2024-04-01,정상
12348,6396,1400000,4.81,24,2023-12-25,정상
12349,4637,730000,4.74,12,2024-03-24,정상
12350,4768,2230000,5.32,6,2024-12-06,정상
12351,4440,1190000,4.98,6,2023-12-10,정상
12352,4607,870000,5.63,6,2024-05-15,정상
12353,2521,730000,5.89,6,2023-10-01,정상
12354,9076,2780000,5.23,12,2023-08-18,정상
12355,7880,6100000,5.52,36,2024-05-18,정상
12356,9954,20650000,5.04,36,2023-05-19,정상
12357,2723,75840000,5.28,24,2024-10-25,정상
12358,5262,4620000,4.57,36,2024-11-15,정상
12359,2824,3720000,5.67,36,2023-07-01,정상
12360,1680,7440000,4.63,36,2024-09-06,완료
12361,1147,900000,4.68,6,2023-09-26,연체
12362,5123,840000,5.65,12,2024-04-03,연체
12363,5486,29800000,5.93,36,2024-06-21,정상
12364,1916,4260000,5.44,36,2024-05-12,정상
12365,67,17000000,4.21,12,2024-11-06,완료
12366,5972,1340000,5.61,6,2024-10-22,완료
12367,6691,1190000,5.62,24,2023-12-28,연체
12368,8233,68310000,5.48,36,2023-03-23,정상
12369,7281,970000,5.36,24,2023-09-13,정상
12370,9710,730000,5.01,6,2023-03-06,연체
12371,8349,6070000,4.34,12,2023-03-09,정상
12372,8486,730000,5.86,6,2024-01-24,연체
12373,7292,2680000,4.25,6,2024-01-03,정상
12374,2328,730000,5.69,24,2023-09-05,정상
12375,9889,3140000,4.5,36,2024-11-11,정상
12376,5869,1430000,5.69,6,2024-08-25,정상
12377,6729,2660000,5.21,12,2023-08-14,정상
12378,331,730000,5.62,24,2024-06-27,연체
12379,9957,40940000,5.2,60,2024-12-02,정상
12380,6128,2290000,5.74,6,2024-06-15,완료
12381,7945,2990000,5.35,12,2024-12-06,정상
12382,6557,730000,5.12,24,2024-04-10,완료
12383,8708,2430000,5.28,24,2023-06-07,정상
12384,7850,4110000,5.02,36,2024-03-14,완료
12385,3404,1120000,6.13,6,2024-08-26,정상
12386,5283,730000,5.32,24,2023-12-09,완료
12387,9157,980000,6.14,24,2023-06-14,정상
12388,1110,2480000,4.75,6,2023-04-30,정상
12389,3370,26180000,5.63,60,2023-12-06,정상
12390,1567,730000,5.19,12,2024-05-04,정상
12391,8156,27060000,5.29,60,2024-11-25,정상
12392,1831,730000,5.99,24,2023-12-01,연체
12393,1377,108250000,5.82,24,2024-08-26,정상
12394,8750,730000,4.98,12,2023-05-21,정상
12395,4785,3560000,5.49,12,2024-05-05,정상
12396,9451,730000,5.44,24,2023-05-22,정상
12397,3023,1360000,5.18,6,2023-12-18,연체
12398,3116,9750000,4.5,12,2023-07-24,정상
12399,1890,810000,5.62,6,2024-06-04,완료
12400,2021,730000,5.76,12,2023-11-17,정상
12401,3078,730000,5.27,12,2024-05-20,정상
12402,2063,1820000,5.41,12,2023-09-28,정상
12403,879,2790000,5.23,6,2024-08-02,정상
12404,6111,4470000,4.45,24,2024-09-23,정상
12405,4303,7350000,4.62,12,2024-12-09,정상
12406,912,730000,5.36,6,2024-09-30,연체
12407,6833,5300000,4.39,36,2024-04-25,정상
12408,6579,730000,6.19,24,2023-02-13,연체
12409,6131,860000,5.03,12,2023-05-05,연체
12410,8820,730000,5.13,6,2023-05-07,연체
12411,4658,1780000,5.72,6,2024-06-28,정상
12412,7103,730000,6.08,6,2024-01-27,정상
12413,1110,2710000,4.39,12,2024-11-16,정상
12414,2353,3280000,4.06,12,2023-12-04,정상
12415,4617,2720000,5.67,12,2023-11-05,정상
12416,6058,8520000,5.19,36,2024-10-05,정상
12417,825,730000,5.89,24,2023-11-27,연체
12418,2266,730000,6.35,12,2023-12-12,연체
12419,9023,750000,5.07,24,2023-09-16,정상
12420,3230,860000,6.07,24,2024-11-23,정상
12421,5319,8830000,5.1,24,2023-08-26,정상
12422,3661,4610000,6.03,24,2024-01-06,정상
12423,1496,4170000,5.3,12,2024-01-29,정상
12424,145,2930000,5.57,6,2024-10-15,정상
12425,5053,27650000,5.32,60,2023-02-07,완료
12426,9870,1890000,5.5,24,2024-03-26,정상
12427,3601,3940000,5.07,36,2023-03-14,정상
12428,1807,3490000,4.53,36,2023-01-09,정상
12429,2065,730000,5.39,12,2024-01-30,정상
12430,7064,5080000,4.87,12,2024-07-02,정상
12431,6599,730000,4.74,24,2023-05-16,연체
12432,8417,7390000,4.87,12,2023-11-02,정상
12433,902,730000,5.6,6,2024-04-10,정상
12434,5625,1310000,5.51,24,2023-09-30,완료
12435,5334,13950000,5.76,12,2023-08-08,완료
12436,5267,5510000,5.94,12,2023-02-04,완료
12437,6987,5520000,5.69,36,2023-01-12,정상
12438,763,750000,6.01,6,2023-04-29,정상
12439,9296,730000,5.54,12,2023-11-07,정상
12440,5884,770000,5.65,6,2023-08-07,완료
12441,7614,1500000,5.37,6,2024-01-21,완료
12442,9958,730000,5.8,24,2023-11-25,연체
12443,4314,1310000,5.66,12,2023-12-18,정상
12444,5476,3620000,5.25,36,2023-02-14,정상
12445,5528,1490000,5.15,12,2023-12-13,완료
12446,6379,73340000,4.99,36,2024-06-12,정상
12447,8273,730000,5.35,24,2023-08-29,완료
12448,2081,840000,5.46,24,2023-05-30,연체
12449,5329,730000,5.66,24,2024-11-26,정상
12450,4746,40610000,3.94,60,2024-02-12,정상
12451,9341,1170000,5.93,6,2023-06-23,연체
12452,4039,730000,5.4,12,2024-03-13,정상
12453,8131,730000,5.59,24,2024-10-13,연체
12454,9533,11050000,4.89,12,2024-12-30,정상
12455,8021,4230000,4.76,12,2023-12-26,정상
12456,6221,3040000,5.17,12,2024-06-05,정상
12457,9409,730000,5.7,6,2023-12-29,정상
12458,3064,1030000,5.29,6,2024-04-17,연체
12459,6373,1770000,5.32,12,2024-07-13,완료
12460,4206,1470000,5.19,24,2024-09-08,정상
12461,6687,14610000,5.36,24,2023-05-06,완료
12462,5973,3240000,5.51,36,2023-06-17,연체
12463,2782,1280000,5.46,12,2023-04-25,정상
12464,8285,730000,5.66,6,2023-09-13,완료
12465,1213,15750000,4.75,36,2023-08-20,정상
12466,3869,9970000,4.64,24,2024-08-04,정상
12467,728,7930000,4.64,12,2023-11-30,정상
12468,1690,22900000,5.33,60,2024-09-01,정상
12469,5166,2690000,5.52,24,2023-06-16,정상
12470,898,980000,4.84,24,2024-09-03,정상
12471,2731,730000,5.9,24,2024-04-16,정상
12472,5535,730000,5.59,12,2024-05-09,정상
12473,8345,100220000,5.28,60,2024-04-20,정상
12474,1580,1800000,4.97,24,2024-12-16,정상
12475,8842,20910000,5.14,60,2023-10-17,완료
12476,8989,12840000,4.3,24,2023-04-09,완료
12477,1622,1380000,5.93,12,2024-08-06,정상
12478,2767,730000,5.38,6,2024-02-07,정상
12479,3221,4940000,4.89,12,2023-04-25,완료
12480,6674,80220000,5.46,36,2023-02-19,정상
12481,5893,6180000,4.9,24,2024-07-21,정상
12482,7185,108250000,5.89,60,2023-02-18,정상
12483,536,13120000,4.85,12,2023-01-31,정상
12484,7090,2190000,4.96,6,2023-11-05,정상
12485,5471,730000,4.39,6,2024-12-01,완료
12486,9473,730000,6.45,12,2023-12-19,완료
12487,3411,1150000,5.47,12,2024-09-09,정상
12488,3080,2860000,5.19,24,2023-02-25,정상
12489,1044,730000,5.26,24,2024-11-13,완료
12490,597,1930000,5.38,12,2024-01-21,정상
12491,3580,730000,6.07,6,2023-02-20,정상
12492,5704,37900000,4.2,60,2024-03-03,정상
12493,9181,730000,6.43,6,2023-07-03,연체
12494,1338,730000,6.6,12,2023-02-26,연체
12495,5330,4570000,5.55,36,2024-03-18,정상
12496,9489,5890000,5.55,36,2023-04-20,정상
12497,1417,730000,5.18,6,2023-04-22,정상
12498,3335,730000,5.13,12,2024-05-20,정상
12499,2585,108250000,5.85,36,2023-12-05,정상
12500,5989,840000,5.22,6,2024-05-27,정상
12501,4647,1380000,5.28,12,2023-12-16,완료
12502,5012,1010000,5.15,6,2024-02-23,정상
12503,3537,2810000,4.58,12,2023-10-16,연체
12504,2493,30280000,5.14,36,2023-03-02,정상
12505,3073,10610000,4.23,24,2024-11-22,연체
12506,8850,3600000,5.14,12,2024-06-30,정상
12507,3219,21490000,4.24,36,2024-08-13,정상
12508,3049,730000,6.04,6,2024-05-11,완료
12509,3178,6620000,4.84,12,2024-12-14,정상
12510,8225,730000,5.4,12,2023-06-20,연체
12511,218,730000,5.54,6,2023-02-06,연체
12512,4276,54080000,4.95,24,2024-10-04,정상
12513,2603,2120000,4.69,24,2023-06-24,정상
12514,3874,10160000,4.92,12,2024-09-19,정상
12515,4729,1450000,5.69,12,2023-04-26,정상
12516,4939,730000,5.92,12,2024-07-13,연체
12517,8344,730000,5.75,12,2024-02-25,정상
12518,329,730000,5.11,6,2023-03-23,연체
12519,6169,730000,6.19,12,2023-10-03,연체
12520,2738,9730000,4.67,36,2024-09-04,정상
12521,5019,16900000,5.05,12,2023-01-02,정상
12522,364,730000,6.24,6,2024-01-19,정상
12523,7989,730000,4.98,6,2023-07-14,연체
12524,9820,44010000,4.38,24,2024-02-21,정상
12525,3502,1280000,5.97,24,2023-03-10,연체
12526,368,1850000,6.37,12,2023-07-10,연체
12527,3090,39050000,4.88,36,2024-11-20,정상
12528,1465,730000,6.23,12,2023-10-19,연체
12529,5578,50250000,4.84,60,2024-06-14,정상
12530,4929,730000,5.22,24,2023-10-13,정상
12531,6539,5980000,5.02,12,2023-03-12,정상
12532,8040,108250000,6.21,60,2024-07-21,정상
12533,5429,730000,6.75,12,2024-12-28,정상
12534,1987,6550000,4.59,24,2023-02-28,정상
12535,8635,730000,5.91,24,2023-10-18,정상
12536,1333,38610000,4.26,24,2024-06-20,완료
12537,4934,36770000,4.24,36,2023-09-21,정상
12538,5576,1060000,5.36,6,2023-06-17,연체
12539,248,19200000,4.79,12,2023-07-22,정상
12540,1589,8080000,4.47,36,2023-03-15,정상
12541,5252,14250000,4.16,12,2024-05-01,정상
12542,1866,900000,4.95,12,2023-03-19,연체
12543,6753,7610000,5.74,36,2024-12-21,정상
12544,9876,1120000,5.35,12,2023-01-29,완료
12545,3075,980000,5.2,12,2024-03-24,연체
12546,5530,6280000,4.6,24,2024-05-25,정상
12547,1112,730000,5.58,24,2023-11-23,완료
12548,6992,730000,5.6,12,2024-09-27,정상
12549,1664,980000,5.69,6,2023-12-09,정상
12550,6307,1160000,5.39,6,2023-03-02,연체
12551,2375,2050000,5.27,24,2024-10-05,정상
12552,217,730000,6.01,6,2023-04-26,정상
12553,1927,1570000,5.31,12,2023-02-13,정상
12554,3697,730000,5.29,6,2024-12-05,정상
12555,5695,3450000,4.25,36,2023-05-21,정상
12556,5688,4860000,4.55,36,2024-07-07,완료
12557,3377,108250000,5.79,24,2023-05-10,정상
12558,601,730000,4.82,6,2024-04-13,정상
12559,9843,730000,6.08,6,2023-09-14,정상
12560,2811,1400000,6.02,12,2023-04-12,정상
12561,5675,3060000,4.62,24,2024-08-12,완료
12562,5679,1600000,5.11,6,2023-04-13,연체
12563,4287,3320000,4.61,12,2024-10-01,정상
12564,9448,3770000,4.56,24,2023-05-31,정상
12565,1448,730000,4.88,6,2023-08-08,정상
12566,1962,36480000,5.28,36,2024-06-06,정상
12567,9028,7210000,5.1,24,2023-02-25,완료
12568,9281,49640000,4.98,36,2023-06-18,정상
12569,9888,8110000,5.78,24,2024-01-27,정상
12570,7752,730000,4.96,24,2024-04-13,정상
12571,5487,1310000,5.49,6,2024-09-16,연체
12572,8808,46440000,4.56,24,2024-08-10,정상
12573,4114,3970000,4.67,12,2024-01-31,정상
12574,9329,108250000,6.01,36,2023-02-14,정상
12575,2629,2720000,5.23,24,2024-08-05,연체
12576,5866,730000,5.26,12,2024-09-20,정상
12577,7346,4120000,5.86,36,2023-12-26,정상
12578,2559,2550000,5.09,6,2024-09-14,정상
12579,4264,1910000,5.29,24,2023-06-14,연체
12580,7595,44370000,3.45,36,2023-07-12,정상
12581,518,730000,6.07,24,2023-04-19,연체
12582,1,780000,5.58,24,2023-10-31,정상
12583,9028,8850000,5.82,24,2023-03-03,정상
12584,9424,4740000,5.51,24,2024-11-03,정상
12585,684,6990000,4.77,24,2024-01-14,정상
12586,9344,6840000,4.61,36,2024-01-13,정상
12587,4268,11380000,5.27,12,2024-10-25,완료
12588,568,108250000,4.71,36,2023-10-18,정상
12589,5476,2940000,4.05,6,2024-03-05,정상
12590,4451,2630000,5.89,12,2024-12-20,정상
12591,1586,90320000,5.35,24,2023-07-26,정상
12592,802,3450000,5.05,36,2023-10-08,완료
12593,7743,11550000,4.85,24,2024-02-05,정상
12594,7532,730000,5.19,12,2024-04-29,정상
12595,7478,3880000,5.14,24,2024-05-26,정상
12596,1400,730000,5.04,12,2023-10-17,연체
12597,2657,16290000,5.26,12,2024-01-23,정상
12598,8094,730000,5.53,24,2024-02-12,정상
12599,6635,760000,5.53,24,2024-12-25,정상
12600,995,1180000,3.67,24,2024-08-22,완료
12601,7640,730000,5.54,12,2023-11-19,연체
12602,1780,3000000,5.01,36,2023-11-05,연체
12603,328,12630000,5.75,12,2023-08-13,정상
12604,6894,5120000,4.96,12,2023-10-16,완료
12605,7186,730000,5.97,24,2023-05-10,정상
12606,3826,5310000,5.28,24,2024-11-24,정상
12607,6029,8810000,4.65,12,2023-05-05,정상
12608,8947,1340000,5.61,24,2024-02-13,정상
12609,7431,93770000,4.74,36,2023-01-15,정상
12610,1530,730000,5.84,12,2023-03-08,연체
12611,1859,730000,6.09,24,2024-11-04,연체
12612,6981,730000,5.16,6,2024-04-23,연체
12613,6242,3480000,5.7,12,2023-02-06,정상
12614,5709,970000,5.27,6,2024-07-26,정상
12615,1996,3360000,5.58,24,2023-06-05,정상
12616,4616,730000,5.12,24,2024-12-19,연체
12617,6550,41890000,5.35,60,2023-07-28,정상
12618,69,8630000,4.74,12,2023-02-07,정상
12619,2412,1770000,5.92,24,2024-12-30,완료
12620,9385,730000,4.98,6,2023-07-04,완료
12621,5629,910000,5.45,24,2023-09-13,완료
12622,8539,730000,4.76,24,2023-09-28,연체
12623,7091,1400000,5.31,24,2023-12-19,연체
12624,2263,13270000,4.5,24,2024-10-17,정상
12625,3825,3570000,4.8,24,2023-06-28,정상
12626,2657,15770000,4.9,12,2023-06-03,완료
12627,3594,18400000,4.83,24,2024-08-17,정상
12628,2625,2160000,4.69,12,2024-11-28,정상
12629,5738,730000,6.99,24,2023-12-12,연체
12630,7711,2060000,5.77,24,2023-01-13,연체
12631,5905,730000,5.8,12,2024-01-26,연체
12632,8487,73090000,4.91,24,2023-05-23,정상
12633,7204,2740000,4.77,6,2023-11-19,정상
12634,5634,1180000,6.0,24,2023-02-22,완료
12635,4435,730000,5.54,6,2023-12-25,연체
12636,1839,8360000,5.03,36,2023-07-02,정상
12637,7881,730000,5.97,24,2024-08-26,연체
12638,2380,1960000,5.08,24,2024-07-15,정상
12639,2108,2370000,5.21,24,2024-11-23,연체
12640,5900,1280000,5.59,24,2024-03-18,정상
12641,2999,3660000,5.61,36,2024-11-20,완료
12642,1630,730000,6.02,12,2024-04-08,정상
12643,4462,730000,5.72,6,2024-04-09,연체
12644,3382,4220000,4.94,24,2024-07-24,완료
12645,5236,730000,5.19,12,2023-12-21,연체
12646,473,1950000,5.68,12,2023-01-05,완료
12647,5036,980000,4.91,24,2023-11-04,정상
12648,4338,1320000,5.39,12,2023-04-06,정상
12649,859,730000,5.86,24,2024-11-22,연체
12650,1682,730000,6.17,12,2023-06-03,연체
12651,4083,730000,5.77,24,2024-02-07,정상
12652,8629,830000,5.82,24,2023-02-18,연체
12653,2631,60330000,4.45,24,2023-04-10,정상
12654,3914,1310000,5.16,24,2024-12-19,정상
12655,522,34940000,4.06,36,2023-09-25,정상
12656,9831,1190000,4.5,6,2023-02-18,정상
12657,452,1170000,5.36,24,2024-05-09,정상
12658,6389,1100000,4.81,24,2024-07-27,정상
12659,5045,730000,7.12,24,2024-09-08,완료
12660,5050,730000,6.12,6,2024-03-16,연체
12661,2945,730000,4.96,6,2023-03-11,완료
12662,6426,730000,5.54,6,2023-06-30,연체
12663,6979,36400000,4.93,36,2024-03-19,정상
12664,2245,71110000,5.02,60,2023-12-03,정상
12665,3766,2200000,5.28,6,2023-10-30,연체
12666,7868,1860000,4.87,6,2023-02-19,정상
12667,4172,1200000,5.16,24,2023-03-04,완료
12668,8029,4590000,5.32,24,2024-01-10,완료
12669,4467,840000,5.06,6,2024-02-17,정상
12670,2310,730000,5.91,6,2024-06-19,완료
12671,4749,730000,5.54,6,2024-12-18,정상
12672,9038,5630000,5.1,12,2024-07-15,정상
12673,7835,32430000,4.55,60,2024-10-02,정상
12674,3392,4920000,5.4,24,2023-11-01,정상
12675,2356,7080000,4.97,36,2024-04-12,정상
12676,2288,1220000,4.99,6,2024-10-23,정상
12677,8188,1210000,4.9,12,2023-01-27,정상
12678,2656,730000,6.1,6,2023-10-30,완료
12679,8118,1960000,5.15,24,2023-08-02,정상
12680,4841,2550000,5.27,24,2023-12-10,정상
12681,4757,1130000,5.48,12,2023-08-07,연체
12682,1686,730000,5.76,12,2023-03-18,연체
12683,4236,34010000,4.69,24,2024-07-21,정상
12684,6475,25570000,4.52,60,2024-02-11,정상
12685,8880,19530000,4.66,36,2024-04-10,정상
12686,7595,64120000,4.95,60,2024-07-26,완료
12687,4687,1740000,4.91,12,2024-08-23,정상
12688,5758,4110000,4.95,24,2023-11-06,정상
12689,9016,4190000,5.26,36,2024-04-02,연체
12690,9649,46750000,5.37,24,2024-01-16,정상
12691,9725,1420000,5.22,24,2024-02-04,정상
12692,144,26590000,5.26,60,2024-08-20,정상
12693,9624,2290000,5.22,12,2023-05-26,정상
12694,4357,4350000,5.3,36,2023-05-04,정상
12695,7978,730000,5.72,12,2024-11-15,정상
12696,2250,730000,4.97,12,2023-06-29,연체
12697,1201,60160000,4.86,24,2023-01-02,완료
12698,8643,15940000,4.18,12,2023-05-27,정상
12699,3040,42410000,5.7,36,2024-10-27,정상
12700,1606,5070000,4.44,12,2023-04-21,정상
12701,7095,730000,5.66,12,2023-09-05,정상
12702,9505,17930000,4.29,24,2024-05-08,완료
12703,1475,730000,5.6,24,2023-11-22,정상
12704,8209,2080000,4.81,24,2023-05-23,정상
12705,7594,730000,5.32,12,2024-08-13,정상
12706,581,1650000,5.7,24,2024-03-25,연체
12707,7227,3930000,5.48,12,2023-03-05,정상
12708,3241,730000,5.74,12,2024-01-22,정상
12709,8534,730000,6.08,24,2023-10-02,정상
12710,733,4220000,4.56,36,2023-11-26,정상
12711,8957,2520000,4.53,6,2024-06-19,정상
12712,9468,730000,5.64,24,2023-04-20,연체
12713,6726,1600000,4.94,6,2024-10-19,연체
12714,3015,730000,5.5,6,2023-03-16,연체
12715,1015,6740000,5.17,24,2023-09-20,정상
12716,7197,2050000,5.31,24,2024-01-31,완료
12717,4442,74600000,4.99,24,2024-12-13,정상
12718,4567,2650000,5.11,24,2024-11-19,정상
12719,2180,1460000,5.32,6,2024-03-25,정상
12720,3466,31030000,4.93,36,2024-04-24,연체
12721,4291,3170000,4.7,24,2023-07-16,완료
12722,3116,26490000,4.69,36,2024-12-29,정상
12723,9482,2340000,5.22,12,2023-09-18,완료
12724,7351,1790000,5.19,12,2024-03-24,정상
12725,8723,2410000,5.22,24,2023-07-10,정상
12726,1031,730000,6.42,12,2024-04-24,연체
12727,1242,1690000,4.92,6,2023-10-25,정상
12728,6630,1620000,5.18,24,2024-07-12,완료
12729,2159,730000,6.21,6,2023-10-30,정상
12730,3746,730000,5.72,6,2023-03-26,연체
12731,4947,730000,5.6,24,2023-09-14,연체
12732,6801,3450000,4.72,12,2024-12-26,정상
12733,4851,5000000,5.19,36,2024-03-16,정상
12734,3850,36050000,4.92,36,2024-12-06,완료
12735,2496,22530000,3.91,36,2024-12-26,정상
12736,4137,1450000,4.76,6,2024-11-10,완료
12737,8926,10760000,4.86,36,2023-10-27,정상
12738,3428,15740000,5.14,24,2024-05-22,정상
12739,5860,29220000,4.97,60,2023-05-21,정상
12740,7312,1750000,5.47,6,2023-02-05,연체
12741,1020,730000,5.99,12,2023-06-03,정상
12742,2745,8550000,5.15,12,2023-05-18,정상
12743,6473,3590000,4.7,36,2024-03-28,정상
12744,790,730000,6.08,24,2023-08-18,완료
12745,9387,730000,5.53,12,2023-02-28,정상
12746,1101,12630000,4.93,24,2023-06-11,정상
12747,9443,730000,5.81,12,2024-11-08,정상
12748,6779,9260000,5.33,12,2024-07-09,정상
12749,1014,730000,6.41,6,2024-03-10,정상
12750,2538,3480000,5.36,24,2024-12-05,정상
12751,1416,910000,5.57,24,2024-02-29,연체
12752,6766,730000,5.79,6,2023-03-23,연체
12753,9021,1270000,5.38,12,2023-01-19,완료
12754,931,2670000,5.01,12,2023-05-23,정상
12755,5569,5560000,4.84,24,2024-01-14,정상
12756,1818,730000,5.68,24,2024-05-03,연체
12757,114,1400000,6.38,12,2024-10-31,정상
12758,2999,1550000,5.82,6,2023-03-19,정상
12759,9665,730000,5.83,24,2024-11-18,연체
12760,6936,730000,5.53,24,2023-03-12,정상
12761,4475,730000,5.64,24,2024-11-06,연체
12762,7964,25930000,4.86,60,2023-12-04,정상
12763,9169,730000,6.01,12,2023-07-17,정상
12764,4205,1650000,5.95,12,2023-06-07,완료
12765,8978,3690000,5.66,36,2023-03-19,정상
12766,7515,14700000,4.62,36,2023-04-28,정상
12767,9997,730000,5.92,6,2023-09-03,연체
12768,5766,730000,5.5,24,2024-06-25,연체
12769,9182,730000,6.09,24,2024-12-22,연체
12770,5629,730000,5.72,24,2023-07-28,연체
12771,1655,730000,5.95,24,2024-12-22,연체
12772,4351,730000,5.5,12,2024-04-14,완료
12773,4049,7150000,4.8,24,2023-06-04,연체
12774,5056,4190000,5.02,24,2023-03-12,정상
12775,8822,2450000,5.47,24,2024-03-10,정상
12776,1421,7860000,5.27,12,2023-05-08,완료
12777,3398,16270000,4.61,24,2023-04-05,정상
12778,6029,7220000,5.09,12,2023-04-11,정상
12779,7653,98750000,5.31,36,2024-06-29,정상
12780,8317,2090000,4.71,24,2024-09-24,연체
12781,6106,108250000,5.81,36,2023-02-24,완료
12782,4154,12290000,4.43,12,2023-04-03,정상
12783,6909,1920000,5.56,24,2024-05-09,정상
12784,9716,1440000,5.72,24,2023-06-05,정상
12785,7521,10760000,4.63,36,2023-12-25,정상
12786,660,12650000,4.69,36,2024-07-30,정상
12787,688,6640000,4.11,24,2024-02-16,정상
12788,2157,4210000,4.62,12,2023-05-20,정상
12789,6087,1850000,5.46,6,2024-01-11,완료
12790,8633,2960000,5.9,12,2024-03-10,정상
12791,4020,2510000,6.04,24,2024-05-04,정상
12792,5008,60290000,5.21,36,2024-06-19,정상
12793,9384,730000,5.15,6,2024-08-24,정상
12794,7516,1500000,5.48,6,2023-02-10,정상
12795,5416,13660000,4.33,12,2024-04-04,완료
12796,3295,4110000,5.12,12,2023-02-20,정상
12797,9043,16870000,5.61,24,2024-04-20,완료
12798,4563,88350000,4.45,24,2024-05-07,정상
12799,4778,730000,5.46,24,2024-09-12,정상
12800,1949,8900000,5.51,12,2023-11-12,정상
12801,3737,730000,5.34,6,2024-07-20,정상
12802,9568,730000,5.8,12,2024-08-24,정상
12803,6947,2860000,5.41,12,2023-02-21,정상
12804,5925,730000,5.49,24,2024-01-21,연체
12805,3155,4570000,5.16,36,2024-11-23,정상
12806,9946,800000,5.45,12,2024-10-07,연체
12807,9041,730000,5.63,12,2024-04-21,정상
12808,4137,800000,4.69,24,2024-09-22,연체
12809,7270,730000,5.35,6,2024-01-25,완료
12810,9811,4110000,4.69,12,2023-06-12,정상
12811,4705,730000,5.76,12,2023-12-22,연체
12812,8853,730000,6.06,12,2024-11-16,정상
12813,6109,730000,5.55,6,2023-01-31,정상
12814,6320,1150000,5.52,6,2024-11-25,연체
12815,6284,15050000,3.78,12,2024-02-24,정상
12816,4961,1170000,5.67,24,2023-07-22,정상
12817,2069,10780000,4.83,12,2023-07-18,완료
12818,9729,1690000,5.24,6,2023-05-05,연체
12819,9937,24150000,5.14,24,2024-11-09,정상
12820,5756,2240000,5.75,24,2023-01-03,정상
12821,4426,57290000,5.08,36,2023-08-27,정상
12822,2229,7590000,6.09,36,2024-01-01,완료
12823,8831,16390000,4.61,36,2024-07-27,정상
12824,1490,3760000,4.78,12,2023-01-05,정상
12825,8992,2750000,5.2,24,2024-05-25,정상
12826,4433,730000,6.87,24,2023-09-09,정상
12827,8828,25610000,4.93,24,2023-08-09,정상
12828,1375,6630000,4.95,24,2024-12-14,정상
12829,9996,43860000,5.35,24,2024-05-31,정상
12830,4271,2380000,5.47,24,2024-08-21,연체
12831,3789,35190000,4.2,24,2023-06-20,정상
12832,7684,880000,5.91,6,2024-02-13,완료
12833,7036,6750000,4.62,36,2024-01-03,연체
12834,4528,730000,6.08,12,2023-03-07,정상
12835,9466,730000,5.64,24,2023-09-11,정상
12836,8406,2130000,5.16,12,2023-07-11,정상
12837,2480,16180000,5.1,24,2024-04-22,완료
12838,4108,730000,5.34,12,2023-01-10,정상
12839,5406,1330000,5.88,6,2023-02-20,정상
12840,2286,1800000,5.13,12,2023-03-10,정상
12841,3685,800000,5.17,6,2024-10-29,정상
12842,9282,5820000,4.87,24,2023-03-22,정상
12843,6167,34300000,5.32,24,2024-04-29,정상
12844,7473,730000,7.0,12,2023-01-25,연체
12845,9102,1980000,4.14,12,2024-03-13,정상
12846,7405,2740000,4.85,12,2023-07-26,정상
12847,9095,1020000,5.03,12,2024-04-17,정상
12848,1462,14250000,4.94,24,2024-09-10,정상
12849,320,4100000,5.14,12,2024-08-05,정상
12850,9808,108250000,5.25,60,2024-06-09,정상
12851,6843,7470000,4.82,24,2024-06-30,정상
12852,1357,14440000,4.81,36,2024-04-06,정상
12853,8303,1480000,4.85,6,2024-06-02,정상
12854,3367,2980000,4.72,24,2024-11-29,완료
12855,5391,108250000,4.59,24,2023-06-14,정상
12856,5829,76630000,5.02,36,2024-02-11,완료
12857,9766,1130000,6.0,24,2024-11-19,정상
12858,5607,1350000,6.02,12,2023-10-10,정상
12859,348,730000,5.98,12,2024-02-23,연체
12860,4400,49810000,5.34,36,2023-12-18,완료
12861,520,3050000,5.36,24,2023-11-17,정상
12862,6992,730000,5.51,6,2024-12-21,정상
12863,9558,730000,5.53,24,2023-05-12,연체
12864,7047,1520000,4.49,12,2023-10-23,정상
12865,5032,3540000,5.06,24,2023-01-06,정상
12866,3480,12560000,4.68,36,2023-03-01,정상
12867,1976,1500000,5.57,12,2024-06-12,정상
12868,9470,3960000,5.1,12,2023-01-23,완료
12869,5447,730000,5.55,6,2024-10-05,정상
12870,1380,1080000,6.08,6,2023-11-05,완료
12871,2605,13310000,5.14,36,2023-08-08,정상
12872,7357,12040000,4.46,12,2023-03-21,정상
12873,9081,730000,5.72,12,2023-08-01,정상
12874,1061,51840000,4.8,36,2023-12-31,정상
12875,6082,730000,6.03,6,2024-04-12,완료
12876,2466,990000,5.11,6,2024-08-25,정상
12877,8351,730000,5.92,6,2023-08-27,정상
12878,2452,980000,5.53,12,2023-04-08,정상
12879,917,48440000,5.41,60,2023-07-18,정상
12880,6025,10370000,5.71,36,2024-03-01,정상
12881,8002,3140000,4.59,24,2024-08-06,정상
12882,1968,80940000,5.42,36,2023-11-08,완료
12883,9379,730000,5.64,24,2023-09-04,정상
12884,410,730000,5.03,12,2024-06-15,연체
12885,466,1300000,6.13,24,2023-11-23,정상
12886,258,730000,5.28,24,2023-07-26,정상
12887,4107,47360000,5.13,24,2024-08-06,완료
12888,6689,730000,5.48,6,2023-02-10,연체
12889,7375,730000,5.3,12,2023-10-09,연체
12890,1749,95920000,5.1,60,2023-05-18,정상
12891,8578,1160000,5.15,24,2023-11-27,정상
12892,5163,15270000,4.78,36,2024-05-27,정상
12893,640,31720000,5.08,24,2023-09-28,정상
12894,9525,2160000,4.85,12,2023-02-16,정상
12895,5410,730000,6.72,12,2023-08-15,연체
12896,8059,48450000,4.3,36,2023-09-08,정상
12897,5208,4260000,4.63,36,2024-01-03,정상
12898,3705,76620000,5.32,60,2023-11-08,정상
12899,4393,2660000,4.7,24,2023-01-18,연체
12900,7412,3130000,5.13,24,2023-10-25,정상
12901,2999,1950000,4.77,24,2024-07-13,완료
12902,9433,2110000,5.56,6,2023-09-30,완료
12903,4389,730000,4.55,24,2023-11-23,완료
12904,4303,9200000,4.55,36,2023-03-04,완료
12905,9772,1060000,5.35,24,2024-12-13,완료
12906,8041,34340000,4.93,36,2024-04-30,정상
12907,3175,5090000,5.67,12,2024-11-09,정상
12908,5563,840000,6.25,24,2024-08-16,정상
12909,8707,1940000,5.7,6,2024-04-16,정상
12910,7455,11790000,5.0,36,2023-08-08,정상
12911,2159,730000,5.98,24,2024-10-22,정상
12912,7921,34240000,4.73,24,2024-07-28,연체
12913,2846,6650000,4.8,36,2023-09-22,완료
12914,3025,14430000,4.55,12,2023-01-12,완료
12915,1510,7560000,4.95,12,2023-12-27,연체
12916,2023,16420000,4.65,36,2023-02-12,정상
12917,896,108250000,5.51,24,2023-07-30,정상
12918,9221,14440000,4.47,36,2023-05-12,정상
12919,982,730000,5.16,6,2023-01-23,연체
12920,4164,9950000,5.19,24,2024-02-10,정상
12921,5804,730000,4.83,24,2024-07-17,정상
12922,4716,13420000,3.58,12,2023-01-21,완료
12923,8748,860000,5.38,6,2024-10-17,정상
12924,1222,8030000,4.86,24,2024-03-29,완료
12925,6702,730000,6.13,6,2023-01-15,연체
12926,4472,2110000,5.53,12,2023-07-09,정상
12927,8903,4360000,4.7,36,2024-07-19,완료
12928,6186,1660000,5.53,24,2024-12-17,완료
12929,6147,8140000,5.17,24,2023-02-24,정상
12930,3083,12470000,4.8,24,2023-10-31,정상
12931,8308,820000,6.3,6,2023-12-19,정상
12932,8014,730000,5.29,6,2024-02-24,연체
12933,1458,31250000,4.95,60,2023-06-08,정상
12934,7975,1090000,5.19,12,2023-12-10,정상
12935,4436,33770000,5.18,36,2023-10-11,완료
12936,5148,2090000,5.67,24,2023-05-06,연체
12937,2948,2070000,5.12,6,2023-07-24,정상
12938,1917,890000,5.74,12,2023-02-08,완료
12939,1098,9840000,4.75,36,2024-05-24,정상
12940,8522,4450000,4.57,12,2024-01-10,완료
12941,5176,1210000,4.61,24,2023-03-02,정상
12942,6480,1390000,6.65,12,2024-11-02,정상
12943,1205,730000,6.77,12,2024-06-09,연체
12944,940,17600000,5.12,36,2023-11-28,완료
12945,840,910000,5.1,24,2024-03-24,정상
12946,6879,4530000,5.35,12,2023-09-07,연체
12947,9302,730000,5.53,6,2024-08-27,연체
12948,2064,10350000,3.91,24,2023-05-01,정상
12949,7267,2290000,4.6,12,2024-04-11,연체
12950,417,3000000,5.06,24,2024-07-15,정상
12951,3460,1570000,4.94,12,2024-01-16,완료
12952,470,730000,6.44,12,2024-07-01,정상
12953,9875,5380000,4.77,12,2024-07-10,정상
12954,3639,5960000,4.7,24,2023-06-02,정상
12955,5928,2810000,5.8,24,2024-02-08,완료
12956,4174,730000,6.51,24,2023-12-03,연체
12957,1793,9920000,4.35,12,2024-06-11,정상
12958,1617,3060000,5.08,36,2023-07-11,완료
12959,8520,1160000,4.91,12,2023-12-07,정상
12960,5531,1900000,4.57,12,2023-11-27,연체
12961,5372,730000,5.7,24,2024-09-28,정상
12962,5872,108250000,4.72,24,2024-12-26,정상
12963,4834,730000,5.99,12,2024-04-29,연체
12964,1544,11840000,4.55,12,2024-11-04,정상
12965,7509,730000,6.25,24,2024-04-18,연체
12966,3142,730000,5.73,12,2024-11-26,연체
12967,2165,4150000,4.76,12,2023-04-06,완료
12968,4927,108250000,5.21,24,2023-10-30,정상
12969,9639,2350000,4.74,12,2023-07-26,정상
12970,2737,4790000,4.52,24,2023-04-01,정상
12971,990,22420000,4.86,24,2024-11-14,정상
12972,5098,1210000,5.4,24,2024-02-26,완료
12973,5319,7010000,4.78,12,2024-10-02,완료
12974,5558,8750000,4.51,24,2023-05-01,완료
12975,361,42320000,4.58,24,2024-12-24,정상
12976,5380,730000,5.77,24,2023-03-15,연체
12977,7111,2280000,5.12,6,2023-11-11,정상
12978,2540,730000,5.57,24,2023-12-10,연체
12979,280,8060000,4.64,12,2024-05-17,정상
12980,1818,860000,5.68,24,2023-08-25,연체
12981,3472,3920000,4.91,12,2024-05-08,정상
12982,9638,2940000,5.1,12,2024-06-16,정상
12983,6971,860000,5.41,24,2024-08-07,정상
12984,501,730000,6.08,6,2024-12-02,연체
12985,8066,108250000,5.25,24,2023-07-16,정상
12986,1648,12320000,4.66,24,2024-02-20,정상
12987,4920,730000,5.86,12,2024-04-18,정상
12988,4492,3350000,5.19,36,2024-02-18,정상
12989,3716,5080000,5.1,36,2023-08-29,완료
12990,3550,47790000,4.97,36,2024-03-23,정상
12991,1500,730000,5.47,12,2023-03-22,정상
12992,8259,990000,5.08,6,2024-09-12,연체
12993,9090,730000,5.81,24,2023-09-20,연체
12994,9540,27240000,4.56,36,2023-11-03,정상
12995,8537,730000,6.02,6,2023-11-28,연체
12996,9261,920000,5.66,12,2023-11-30,정상
12997,6592,890000,6.0,12,2023-06-30,정상
12998,9449,1280000,5.92,6,2024-03-27,정상
12999,9511,730000,5.7,6,2024-12-20,연체
13000,8823,1480000,5.79,6,2023-03-19,정상
13001,5127,1250000,5.03,12,2024-03-15,정상
13002,4823,730000,5.69,24,2023-02-18,연체
13003,9557,1100000,5.92,12,2023-07-17,연체
13004,5341,730000,5.81,6,2024-08-08,연체
13005,8766,920000,4.09,24,2024-03-28,정상
13006,9737,15680000,4.76,12,2023-07-31,정상
13007,2841,730000,6.11,24,2024-07-23,정상
13008,2379,3440000,4.06,24,2023-07-03,정상
13009,2472,730000,6.15,24,2024-12-18,연체
13010,2891,12790000,5.53,36,2023-06-08,완료
13011,9265,2110000,5.47,6,2023-06-15,정상
13012,5098,1060000,5.81,24,2024-06-03,정상
13013,4444,12370000,4.81,36,2024-06-23,정상
13014,2641,730000,5.37,24,2024-06-16,정상
13015,1653,730000,5.1,24,2023-03-02,정상
13016,1709,730000,5.57,24,2024-06-09,정상
13017,664,2640000,5.34,12,2023-11-19,완료
13018,2942,730000,5.58,6,2024-08-25,완료
13019,2556,730000,5.64,24,2024-01-08,연체
13020,872,44270000,5.02,36,2023-06-12,연체
13021,4397,40030000,4.56,60,2024-12-20,정상
13022,3530,108250000,5.31,36,2023-10-12,정상
13023,2386,5460000,4.62,12,2024-02-17,정상
13024,2200,730000,4.95,6,2023-05-16,정상
13025,4683,7800000,5.62,36,2023-08-04,정상
13026,6928,4230000,4.45,24,2024-07-06,정상
13027,9704,6090000,5.45,36,2024-09-11,정상
13028,7504,2230000,4.79,24,2024-12-16,정상
13029,7706,2710000,4.63,24,2024-01-26,정상
13030,2159,730000,5.97,24,2024-12-30,연체
13031,2473,3940000,4.6,36,2024-07-03,정상
13032,3831,1220000,5.01,12,2023-12-19,정상
13033,9383,2630000,4.35,6,2024-08-14,정상
13034,4199,2000000,5.5,12,2023-05-06,정상
13035,4652,730000,5.75,6,2024-11-23,연체
13036,7144,60450000,4.82,24,2023-10-10,정상
13037,179,1010000,5.22,12,2024-09-05,정상
13038,7154,7860000,5.4,36,2024-02-16,정상
13039,6439,4850000,5.38,24,2023-09-08,연체
13040,691,18400000,4.45,24,2024-10-21,정상
13041,6324,4920000,4.81,12,2024-04-29,정상
13042,4409,24560000,4.22,24,2024-02-08,정상
13043,5324,1120000,5.71,6,2024-08-04,정상
13044,2566,15830000,4.71,24,2023-03-11,정상
13045,2271,6240000,4.79,12,2023-06-19,완료
13046,6296,4980000,4.55,12,2024-08-05,완료
13047,6208,4810000,4.8,36,2024-08-25,정상
13048,3277,14640000,5.17,24,2023-12-21,정상
13049,4171,4110000,5.47,24,2023-11-27,연체
13050,9536,1730000,4.65,12,2024-03-17,정상
13051,2880,730000,5.77,12,2024-09-05,연체
13052,2324,730000,5.14,24,2024-10-13,연체
13053,2004,1500000,4.98,24,2023-01-22,정상
13054,1198,1100000,5.63,24,2023-11-25,정상
13055,3943,1870000,5.52,24,2024-12-23,정상
13056,540,800000,5.38,24,2024-10-24,정상
13057,5747,9340000,5.56,36,2024-06-13,정상
13058,8381,86130000,6.67,36,2023-08-24,완료
13059,9552,6790000,4.7,24,2024-10-21,정상
13060,5679,1530000,6.41,12,2024-11-19,정상
13061,6832,11400000,5.35,36,2023-04-20,정상
13062,4704,730000,5.81,12,2024-02-06,정상
13063,4272,6780000,5.3,24,2023-11-12,정상
13064,3516,1170000,5.87,12,2023-10-29,정상
13065,4851,7950000,4.66,12,2024-05-24,정상
13066,4835,79080000,5.48,60,2024-05-13,정상
13067,3573,3200000,5.58,24,2023-05-12,정상
13068,2212,6500000,4.61,12,2023-07-25,정상
13069,9774,940000,5.28,24,2024-04-19,정상
13070,2127,4050000,5.01,24,2024-09-05,정상
13071,4077,730000,5.78,12,2024-12-21,연체
13072,8140,730000,5.56,6,2024-10-15,정상
13073,507,790000,6.3,6,2023-03-11,정상
13074,6483,95490000,6.18,36,2023-11-05,정상
13075,665,3610000,5.34,36,2023-09-13,정상
13076,4224,4210000,4.89,36,2024-06-28,정상
13077,4983,4900000,4.94,12,2023-05-08,완료
13078,5423,3040000,4.74,24,2024-03-17,완료
13079,1502,2920000,5.01,12,2023-12-04,정상
13080,8177,730000,5.72,6,2023-01-05,연체
13081,5392,830000,5.19,12,2024-04-08,완료
13082,8111,730000,6.26,24,2024-04-17,정상
13083,5286,730000,6.05,24,2023-02-01,연체
13084,5665,1120000,5.3,24,2023-09-25,정상
13085,7123,760000,4.94,24,2023-05-02,정상
13086,2905,730000,5.93,12,2024-12-11,연체
13087,3551,1440000,5.81,6,2024-12-26,연체
13088,8822,3950000,5.37,12,2024-02-06,정상
13089,3220,14140000,5.0,12,2023-03-17,정상
13090,1028,1390000,5.92,12,2024-10-26,연체
13091,866,1830000,5.14,24,2024-09-12,연체
13092,6315,43410000,6.09,36,2023-05-30,정상
13093,4646,730000,5.3,24,2023-10-23,완료
13094,7689,8580000,4.89,36,2023-02-04,정상
13095,1203,4650000,4.83,36,2024-04-29,정상
13096,6926,31780000,4.7,60,2024-10-12,정상
13097,3287,800000,4.57,12,2023-08-09,완료
13098,1926,1920000,5.17,24,2023-01-08,정상
13099,1385,1480000,4.93,6,2024-12-24,정상
13100,3363,1090000,5.79,12,2023-06-29,연체
13101,8145,1090000,5.39,24,2024-03-17,정상
13102,6412,5830000,5.02,24,2024-06-27,정상
13103,3598,730000,5.09,24,2024-08-06,정상
13104,7751,730000,6.4,24,2023-09-09,정상
13105,4702,890000,5.1,12,2023-01-05,정상
13106,4881,3240000,5.13,24,2023-06-15,정상
13107,2070,4180000,5.15,24,2023-05-07,정상
13108,8975,830000,5.47,12,2024-04-13,정상
13109,4259,4170000,5.12,12,2023-11-16,정상
13110,1919,1560000,5.72,24,2023-07-19,완료
13111,6087,4080000,5.69,24,2023-10-08,완료
13112,5521,3000000,5.23,12,2023-05-04,정상
13113,5828,16980000,5.64,24,2024-08-20,정상
13114,9374,730000,5.78,6,2024-01-28,연체
13115,2990,1140000,5.82,24,2024-11-30,연체
13116,3777,790000,4.96,12,2024-03-26,정상
13117,4030,730000,5.9,24,2024-12-28,정상
13118,7290,1470000,5.02,24,2024-08-30,완료
13119,9833,730000,5.21,6,2023-11-13,정상
13120,4394,730000,5.66,24,2023-09-04,정상
13121,5577,730000,4.88,6,2023-12-16,정상
13122,9375,1370000,4.67,12,2023-02-01,정상
13123,4524,52560000,5.18,36,2023-02-01,정상
13124,4222,730000,5.83,12,2023-02-01,완료
13125,1455,14050000,4.83,36,2024-06-12,정상
13126,9390,24390000,5.27,36,2023-02-13,완료
13127,4174,730000,5.51,6,2023-01-03,정상
13128,6091,1050000,5.35,24,2024-06-01,연체
13129,4677,1310000,5.19,6,2023-02-16,정상
13130,3099,1740000,4.66,6,2023-02-06,정상
13131,8932,11180000,4.91,24,2024-05-10,완료
13132,9868,2790000,4.68,12,2023-08-21,정상
13133,6941,730000,5.84,6,2024-07-16,연체
13134,5543,2540000,4.8,24,2024-01-01,정상
13135,3032,730000,5.58,24,2024-10-16,연체
13136,589,7460000,5.01,36,2023-07-10,정상
13137,9852,3620000,4.33,24,2023-12-06,정상
13138,8510,770000,5.93,12,2024-06-10,정상
13139,6410,2020000,4.67,12,2024-08-30,연체
13140,5169,4910000,5.11,36,2024-11-18,정상
13141,5506,1870000,5.78,12,2023-04-18,정상
13142,9458,1540000,5.73,24,2023-04-25,정상
13143,1464,1570000,5.11,12,2024-03-29,정상
13144,7082,13420000,4.5,24,2023-09-19,완료
13145,6966,730000,5.79,24,2024-07-30,정상
13146,6705,730000,5.24,24,2023-05-05,정상
13147,7143,1550000,5.58,6,2023-04-19,연체
13148,7699,2150000,5.14,24,2023-01-23,정상
13149,1558,3440000,4.73,36,2024-02-06,완료
13150,4338,1550000,6.29,6,2024-06-01,정상
13151,1747,730000,4.69,12,2023-05-26,정상
13152,100,2560000,4.73,24,2024-07-15,연체
13153,2441,730000,4.53,24,2024-05-30,정상
13154,193,730000,5.42,24,2024-09-29,정상
13155,4528,730000,6.62,6,2024-08-29,연체
13156,3224,3700000,4.67,12,2024-10-01,정상
13157,204,2590000,4.81,24,2024-11-16,연체
13158,6641,730000,6.09,24,2023-05-14,정상
13159,6674,88130000,5.32,60,2024-10-19,정상
13160,1338,730000,6.44,24,2023-11-13,정상
13161,4519,1000000,5.66,24,2024-04-23,연체
13162,4212,3990000,5.28,12,2024-05-23,정상
13163,3526,104630000,5.79,60,2024-12-15,정상
13164,2718,990000,5.13,12,2023-05-27,정상
13165,8096,27060000,4.99,24,2023-02-02,완료
13166,4324,730000,5.55,24,2024-03-26,정상
13167,6718,1740000,4.67,6,2024-07-25,정상
13168,8460,1060000,5.36,24,2024-10-03,정상
13169,418,7150000,5.52,12,2023-12-06,정상
13170,617,7940000,5.44,24,2024-07-23,정상
13171,4077,870000,6.76,6,2023-10-18,정상
13172,1492,2120000,6.02,6,2023-05-26,정상
13173,9467,770000,5.15,24,2023-09-01,정상
13174,1854,2110000,4.87,12,2024-05-20,완료
13175,6479,730000,4.88,24,2023-05-31,정상
13176,1198,730000,5.62,6,2023-06-16,연체
13177,5799,3030000,5.47,24,2024-12-31,정상
13178,9287,730000,5.58,24,2023-06-10,연체
13179,6109,730000,5.59,24,2023-11-06,정상
13180,3980,3430000,4.41,24,2024-07-14,정상
13181,4397,72650000,5.47,36,2023-04-04,정상
13182,5089,4050000,5.63,12,2023-06-05,정상
13183,5344,4940000,4.61,24,2024-04-02,정상
13184,4958,3010000,5.09,36,2024-10-10,정상
13185,1031,730000,6.14,12,2024-05-02,연체
13186,2405,5260000,4.15,36,2024-10-30,정상
13187,3779,3420000,4.86,12,2023-04-13,연체
13188,227,730000,4.67,24,2023-06-17,연체
13189,9129,99730000,5.87,24,2023-12-10,정상
13190,8104,3830000,5.38,36,2023-11-16,완료
13191,2959,2580000,4.99,12,2024-03-03,정상
13192,1335,10690000,4.18,36,2023-12-26,완료
13193,914,17930000,5.3,24,2023-05-09,정상
13194,9188,1650000,5.24,24,2023-06-27,정상
13195,1977,4020000,5.04,36,2023-12-28,정상
13196,9791,4170000,4.58,12,2023-02-24,정상
13197,4813,68420000,5.69,60,2024-09-16,정상
13198,5389,71070000,4.72,24,2024-02-03,정상
13199,2793,9740000,5.08,12,2024-09-07,완료
13200,1493,81830000,5.22,60,2023-04-12,정상
13201,3573,3780000,5.37,12,2023-10-26,연체
13202,7831,33830000,5.39,60,2023-10-15,정상
13203,7825,1190000,5.61,12,2024-09-03,연체
13204,6509,1320000,5.4,6,2024-11-06,완료
13205,3782,1850000,5.6,24,2023-01-27,연체
13206,1427,11140000,4.11,36,2024-01-01,완료
13207,3513,730000,5.81,12,2024-04-27,정상
13208,5953,820000,4.76,24,2023-05-01,연체
13209,397,730000,6.3,6,2023-02-03,정상
13210,291,6110000,4.51,12,2024-07-11,정상
13211,1238,1040000,4.79,6,2024-03-06,완료
13212,1741,5580000,5.04,36,2024-05-18,연체
13213,1725,730000,5.97,12,2024-11-14,정상
13214,3495,5700000,4.9,12,2024-06-13,연체
13215,3857,890000,6.0,24,2023-01-28,정상
13216,4808,2230000,4.45,24,2024-02-12,정상
13217,6160,2660000,5.84,12,2023-12-11,정상
13218,7711,3090000,5.6,36,2023-04-03,정상
13219,2853,57800000,5.05,36,2024-10-29,정상
13220,7781,730000,5.93,24,2024-07-29,정상
13221,4209,2390000,4.98,12,2024-12-04,정상
13222,5009,1680000,5.88,24,2023-01-23,정상
13223,4341,1820000,4.61,6,2024-10-17,정상
13224,9134,940000,4.67,12,2024-12-30,정상
13225,5708,730000,5.71,24,2024-01-20,연체
13226,2386,5240000,5.25,24,2023-08-29,정상
13227,8431,1690000,4.84,12,2024-10-01,정상
13228,7292,1590000,4.77,24,2024-08-08,정상
13229,9840,2940000,5.76,12,2024-02-09,정상
13230,5775,12430000,4.85,36,2024-10-24,정상
13231,9441,48020000,5.21,36,2023-02-05,정상
13232,8682,3170000,5.27,24,2023-02-16,정상
13233,76,4510000,5.13,36,2023-03-15,연체
13234,4010,1780000,5.44,24,2024-08-09,완료
13235,30,1070000,5.05,12,2024-07-17,완료
13236,3270,9850000,4.65,36,2023-11-03,완료
13237,5671,28140000,5.08,24,2024-07-31,정상
13238,7118,730000,5.76,24,2024-11-26,연체
13239,3761,108250000,5.8,36,2024-03-09,완료
13240,3446,1310000,4.9,24,2023-05-18,정상
13241,7673,55800000,5.34,60,2023-01-16,완료
13242,6242,4230000,4.76,36,2024-03-26,정상
13243,997,820000,5.77,12,2023-05-05,정상
13244,1606,4410000,4.43,24,2024-01-27,정상
13245,4312,5720000,4.89,24,2024-07-02,정상
13246,4945,1970000,4.84,12,2024-07-11,정상
13247,635,3290000,5.22,12,2023-05-17,연체
13248,6468,730000,4.49,12,2023-10-25,정상
13249,4846,3390000,4.5,24,2024-11-28,정상
13250,7635,730000,5.95,12,2023-07-03,정상
13251,5717,1340000,4.26,12,2023-08-30,완료
13252,8124,730000,6.55,6,2023-09-13,연체
13253,262,27030000,4.89,24,2023-08-27,완료
13254,573,4080000,4.9,12,2023-03-23,정상
13255,3921,29670000,4.97,60,2023-05-11,정상
13256,8836,16590000,4.77,24,2023-01-19,완료
13257,7575,2890000,4.83,6,2023-08-11,정상
13258,603,1570000,5.18,12,2023-04-21,정상
13259,3713,730000,6.01,6,2023-06-04,연체
13260,1201,106470000,5.48,24,2023-01-07,완료
13261,3810,1640000,5.67,24,2023-09-07,정상
13262,3051,29470000,4.51,60,2023-11-08,정상
13263,151,72960000,5.26,24,2024-05-23,정상
13264,9988,760000,4.76,24,2023-07-03,정상
13265,4242,50020000,5.18,60,2023-01-29,정상
13266,1399,730000,5.92,6,2023-02-10,정상
13267,2651,6510000,4.19,36,2024-09-23,정상
13268,2365,1780000,4.92,6,2024-02-21,정상
13269,1878,760000,5.37,6,2024-01-11,정상
13270,6663,29150000,5.18,24,2024-03-20,정상
13271,5174,730000,5.6,24,2023-06-29,연체
13272,4454,8500000,4.65,12,2024-04-09,완료
13273,4537,22030000,5.04,24,2024-12-08,정상
13274,4392,17860000,5.28,24,2023-12-02,완료
13275,6706,24770000,5.23,36,2024-01-24,완료
13276,1936,24350000,4.35,60,2023-07-19,정상
13277,7200,730000,7.05,24,2024-10-09,연체
13278,7267,4360000,5.14,24,2023-10-27,정상
13279,9542,2330000,5.38,6,2023-05-18,연체
13280,2155,730000,5.47,6,2024-06-26,연체
13281,1317,19140000,5.07,36,2024-09-07,정상
13282,6686,17570000,4.85,12,2024-12-22,정상
13283,1739,2540000,4.24,12,2023-03-09,정상
13284,6315,31160000,4.97,60,2023-09-22,정상
13285,761,730000,5.89,6,2023-02-22,완료
13286,3982,730000,5.29,12,2023-10-02,정상
13287,9869,730000,4.79,24,2024-12-25,정상
13288,9140,1180000,5.6,6,2024-06-24,정상
13289,952,1620000,5.31,12,2024-08-02,정상
13290,3684,730000,6.57,24,2023-11-15,연체
13291,4748,730000,6.62,6,2023-12-30,정상
13292,3998,730000,5.3,24,2023-11-18,정상
13293,8636,34040000,5.1,60,2023-05-18,정상
13294,982,730000,5.59,12,2024-11-30,연체
13295,8039,3010000,4.19,36,2024-05-21,완료
13296,6382,730000,6.52,24,2024-07-08,연체
13297,836,730000,5.52,6,2023-06-20,정상
13298,2829,730000,6.05,24,2024-06-10,완료
13299,5923,108250000,5.78,24,2024-09-23,정상
13300,4794,2920000,5.15,6,2024-01-24,정상
13301,6701,730000,5.92,6,2024-03-23,정상
13302,3775,730000,5.3,12,2024-12-28,정상
13303,7283,4510000,5.21,24,2024-02-13,정상
13304,6827,5500000,5.57,36,2023-07-13,정상
13305,5628,730000,5.81,24,2023-07-18,연체
13306,9144,4550000,4.33,12,2024-11-05,완료
13307,7972,1090000,5.67,24,2024-05-12,연체
13308,3060,1110000,5.55,24,2024-10-19,정상
13309,7538,17630000,4.69,36,2023-06-30,연체
13310,2520,770000,5.38,6,2024-07-04,정상
13311,6017,730000,4.92,12,2023-02-21,연체
13312,9556,1570000,5.16,24,2023-02-12,정상
13313,6051,24390000,5.0,60,2024-01-14,정상
13314,490,21820000,5.4,36,2023-05-06,정상
13315,9058,8690000,5.08,24,2024-05-25,정상
13316,5935,730000,5.56,6,2023-10-26,정상
13317,8282,1180000,5.38,12,2024-04-16,정상
13318,3764,730000,5.65,24,2023-09-04,정상
13319,8926,13080000,4.54,12,2023-11-28,완료
13320,6376,2790000,5.7,12,2024-12-23,정상
13321,2842,14210000,4.4,36,2023-11-26,완료
13322,8271,1420000,6.24,6,2024-10-09,정상
13323,3022,2590000,4.57,6,2023-05-26,정상
13324,4209,3500000,4.84,24,2023-10-31,정상
13325,3114,12500000,3.94,12,2023-10-28,정상
13326,6291,2140000,5.13,24,2024-05-08,완료
13327,5479,2730000,3.75,12,2023-03-08,정상
13328,223,730000,5.58,12,2024-02-10,연체
13329,7040,36430000,4.53,36,2024-09-16,정상
13330,7535,17840000,5.06,12,2024-08-06,완료
13331,4266,730000,5.57,24,2024-10-22,연체
13332,5511,1900000,5.83,6,2023-05-30,정상
13333,7892,3800000,4.82,24,2023-07-27,정상
13334,1844,730000,5.28,24,2024-09-08,연체
13335,3447,730000,6.12,6,2023-02-14,연체
13336,5688,4490000,4.82,36,2023-07-09,정상
13337,9784,830000,5.83,6,2024-04-10,정상
13338,6292,730000,6.0,6,2023-04-12,정상
13339,2757,14090000,5.76,36,2024-08-15,정상
13340,1293,4590000,4.96,36,2024-04-18,완료
13341,9452,30790000,5.05,24,2023-01-22,정상
13342,5617,730000,5.6,24,2024-12-06,정상
13343,1594,12330000,4.5,24,2023-08-16,정상
13344,4638,730000,5.86,6,2024-11-28,연체
13345,5574,930000,5.69,24,2023-10-25,정상
13346,3986,730000,4.84,24,2023-10-21,연체
13347,2021,730000,5.55,12,2023-04-28,정상
13348,7730,3390000,5.48,24,2023-09-09,정상
13349,3281,28550000,3.61,24,2023-12-17,정상
13350,7265,2710000,5.45,6,2023-01-18,정상
13351,6240,3390000,4.78,36,2024-02-24,완료
13352,4582,1560000,5.74,12,2024-12-20,완료
13353,6646,14580000,5.31,12,2023-02-25,정상
13354,3197,2090000,5.48,12,2024-04-21,정상
13355,9073,730000,5.67,12,2024-01-05,연체
13356,9359,1830000,5.43,6,2023-01-14,정상
13357,3614,3060000,5.22,12,2023-05-19,정상
13358,1008,1280000,5.72,12,2023-08-28,정상
13359,232,730000,5.08,12,2023-02-03,연체
13360,1014,730000,5.54,12,2023-11-25,정상
13361,5426,22600000,5.52,24,2023-09-28,완료
13362,5978,18960000,5.16,36,2023-07-28,정상
13363,3855,770000,6.08,6,2024-12-19,정상
13364,3058,910000,5.56,6,2023-04-07,연체
13365,6487,840000,5.32,12,2024-11-11,정상
13366,5569,2050000,4.77,6,2024-12-05,연체
13367,7013,730000,5.89,24,2024-11-17,연체
13368,2908,4610000,5.07,36,2023-05-17,연체
13369,2829,730000,5.43,24,2023-03-02,정상
13370,3639,6100000,5.27,12,2023-04-05,정상
13371,7583,1380000,5.45,24,2023-01-01,정상
13372,4406,2900000,4.82,6,2024-08-08,정상
13373,4538,730000,5.74,6,2024-01-08,연체
13374,641,7570000,4.7,24,2024-06-20,정상
13375,5783,730000,6.34,12,2023-06-25,연체
13376,925,66520000,5.38,24,2024-01-26,정상
13377,6152,14910000,4.9,12,2023-04-23,정상
13378,75,3980000,4.94,12,2023-06-24,연체
13379,6554,2460000,4.14,24,2024-01-20,정상
13380,1555,10630000,4.26,12,2023-09-04,정상
13381,9995,1620000,5.4,6,2023-05-26,정상
13382,7827,730000,5.69,24,2024-12-07,정상
13383,9924,730000,5.46,24,2024-10-30,정상
13384,794,730000,5.75,24,2024-05-19,정상
13385,7419,1170000,5.27,12,2023-12-01,정상
13386,5209,6420000,4.82,24,2024-04-01,정상
13387,2991,2020000,5.0,24,2024-09-16,연체
13388,942,10420000,4.26,24,2023-04-11,정상
13389,3501,730000,5.15,12,2024-01-30,완료
13390,1436,89190000,5.64,60,2023-09-22,정상
13391,3095,2120000,5.4,12,2024-02-27,정상
13392,1013,730000,5.19,6,2024-06-26,연체
13393,3496,3050000,5.94,36,2023-01-19,정상
13394,213,9000000,5.07,24,2023-02-02,정상
13395,1329,30520000,4.95,24,2024-03-26,정상
13396,3179,1370000,5.1,6,2024-06-08,정상
13397,1720,30660000,4.44,36,2024-04-17,정상
13398,525,2520000,5.33,24,2023-02-27,정상
13399,4392,5950000,4.12,12,2024-08-04,정상
13400,5664,730000,4.7,6,2024-07-18,정상
13401,8529,6830000,4.82,12,2023-05-27,정상
13402,701,2120000,4.91,12,2024-05-13,정상
13403,1070,960000,5.79,12,2023-11-04,정상
13404,8687,910000,4.78,24,2023-03-18,완료
13405,5196,12740000,4.35,12,2023-05-02,완료
13406,8224,2880000,3.97,6,2024-03-24,정상
13407,8084,730000,5.51,12,2023-07-28,정상
13408,1189,4290000,5.26,24,2024-10-11,정상
13409,3230,730000,5.83,24,2024-01-31,정상
13410,8239,970000,5.94,24,2023-04-11,연체
13411,4152,730000,5.07,12,2023-10-04,완료
13412,2487,1680000,5.78,12,2024-03-24,정상
13413,6341,730000,5.13,6,2024-04-13,연체
13414,5033,9460000,5.33,36,2024-05-21,정상
13415,1142,810000,5.43,24,2023-05-15,정상
13416,9778,3220000,4.96,24,2023-10-13,정상
13417,2553,2330000,5.62,12,2024-09-24,정상
13418,3684,730000,6.55,24,2024-07-25,연체
13419,2419,17300000,5.17,36,2023-08-14,정상
13420,2088,17960000,4.44,12,2023-01-15,정상
13421,1235,78860000,5.26,24,2024-06-07,정상
13422,2786,15100000,4.71,12,2024-01-18,정상
13423,4550,44710000,5.22,24,2023-06-03,정상
13424,2193,3350000,5.22,36,2023-06-09,정상
13425,9451,730000,6.07,6,2023-04-20,완료
13426,3001,820000,5.21,24,2024-04-21,정상
13427,9132,730000,5.98,12,2023-05-15,정상
13428,6694,860000,5.9,6,2024-12-02,정상
13429,1086,1290000,5.14,12,2023-06-11,정상
13430,8966,2060000,4.93,6,2023-11-19,정상
13431,2487,1370000,5.33,12,2024-03-09,정상
13432,5618,730000,5.79,6,2023-11-01,정상
13433,3440,790000,5.34,6,2023-12-24,연체
13434,4173,1640000,5.96,6,2023-05-17,완료
13435,3045,3390000,5.77,12,2023-09-19,정상
13436,1962,47990000,4.88,24,2023-12-23,정상
13437,5395,1170000,5.08,12,2024-05-05,정상
13438,9805,2410000,5.09,24,2023-02-14,정상
13439,6157,1420000,5.83,6,2024-03-27,연체
13440,7805,730000,5.24,12,2023-04-16,연체
13441,7664,830000,5.1,12,2023-10-21,연체
13442,255,3670000,5.64,24,2024-07-17,정상
13443,7382,6640000,5.45,12,2024-06-19,정상
13444,3395,770000,5.09,12,2024-08-26,연체
13445,1004,1430000,5.14,6,2023-06-17,정상
13446,4860,770000,6.18,6,2024-03-03,정상
13447,1731,1750000,4.11,12,2024-11-11,정상
13448,6034,2660000,4.65,6,2023-06-24,완료
13449,3488,1880000,4.92,6,2023-10-14,정상
13450,1,730000,5.27,6,2023-03-19,연체
13451,3047,2110000,5.46,6,2023-04-26,정상
13452,3401,108250000,5.04,60,2023-04-12,완료
13453,1472,730000,5.44,24,2024-10-30,연체
13454,6537,1690000,5.76,24,2023-08-12,완료
13455,4515,990000,5.52,24,2024-02-07,연체
13456,9935,730000,5.5,12,2024-12-29,완료
13457,774,6690000,4.62,24,2024-05-31,정상
13458,1355,1490000,5.15,6,2023-07-01,연체
13459,2457,8940000,4.65,12,2023-08-19,정상
13460,2586,8780000,5.6,24,2023-10-29,정상
13461,8585,32350000,5.76,60,2023-08-25,완료
13462,9201,108250000,5.65,60,2023-03-04,정상
13463,7574,730000,5.36,24,2024-10-11,정상
13464,1133,9950000,4.4,12,2024-06-20,연체
13465,4995,7090000,5.38,24,2024-04-08,완료
13466,8811,730000,5.52,12,2024-09-12,정상
13467,2134,3290000,5.02,12,2023-06-01,정상
13468,8987,6790000,5.16,12,2023-10-07,완료
13469,6021,3690000,4.33,36,2023-10-26,정상
13470,7258,2970000,5.33,12,2023-12-28,정상
13471,3076,2540000,5.26,6,2023-05-05,정상
13472,6484,3750000,5.09,36,2024-10-09,정상
13473,1204,2970000,4.95,12,2024-06-17,정상
13474,6272,40790000,5.15,24,2023-01-24,정상
13475,998,12030000,4.85,36,2024-06-29,정상
13476,9806,730000,5.6,12,2024-06-12,정상
13477,2423,730000,5.29,24,2023-05-26,완료
13478,207,6110000,5.91,12,2024-09-07,정상
13479,5137,940000,5.34,12,2024-06-30,정상
13480,3797,7380000,4.61,12,2024-08-16,정상
13481,334,730000,5.07,24,2023-05-10,연체
13482,3767,1090000,5.51,24,2023-11-15,연체
13483,5709,880000,5.3,24,2024-09-28,정상
13484,8639,3700000,5.23,36,2023-09-20,정상
13485,8234,3220000,4.66,12,2024-05-27,정상
13486,6206,730000,5.99,24,2024-06-08,완료
13487,2100,2450000,5.05,6,2024-07-14,정상
13488,3541,13420000,4.77,36,2024-06-13,정상
13489,512,5280000,4.89,24,2023-03-03,정상
13490,817,6720000,5.13,24,2024-12-13,정상
13491,3326,5020000,5.47,24,2023-02-12,정상
13492,3634,12660000,4.97,12,2024-12-30,정상
13493,534,1200000,5.26,24,2023-03-27,완료
13494,6038,730000,5.03,6,2023-03-04,정상
13495,4385,730000,5.15,12,2024-05-13,정상
13496,4322,730000,5.94,6,2024-03-16,연체
13497,522,108250000,6.02,36,2023-06-27,정상
13498,1026,8510000,5.71,24,2024-12-07,정상
13499,5019,29640000,4.26,24,2023-04-22,정상
13500,7576,9540000,5.3,24,2023-01-22,정상
13501,9645,730000,5.87,24,2024-08-12,연체
13502,1198,730000,5.52,12,2024-03-29,연체
13503,7364,1430000,5.67,12,2023-10-14,완료
13504,5885,1210000,5.29,24,2024-09-05,정상
13505,6675,730000,5.4,12,2024-01-12,정상
13506,5880,3100000,5.47,36,2024-01-18,정상
13507,6841,730000,5.31,6,2024-10-02,연체
13508,2371,10100000,4.5,24,2024-02-14,정상
13509,2932,2650000,5.12,24,2023-03-06,정상
13510,8551,1250000,4.37,12,2024-05-12,정상
13511,9171,730000,5.68,6,2023-01-09,정상
13512,8000,730000,5.8,6,2023-03-14,정상
13513,1134,730000,6.28,6,2024-03-15,연체
13514,350,730000,5.91,12,2024-04-24,정상
13515,9638,2830000,5.66,12,2023-02-15,정상
13516,4181,730000,6.25,24,2023-03-22,정상
13517,39,730000,6.46,6,2023-05-26,완료
13518,1686,730000,5.93,24,2024-09-02,연체
13519,107,105490000,6.51,24,2024-06-28,정상
13520,4825,6440000,5.5,12,2024-12-26,정상
13521,8060,5420000,4.82,24,2024-07-24,정상
13522,445,4630000,5.41,12,2023-05-04,정상
13523,2686,730000,5.49,6,2024-01-13,정상
13524,5994,730000,5.44,6,2024-04-08,연체
13525,2708,4220000,4.8,24,2024-10-13,정상
13526,4381,890000,5.5,12,2024-11-14,정상
13527,6907,3300000,4.96,12,2023-02-26,정상
13528,4801,730000,6.02,24,2024-10-23,연체
13529,2392,4220000,5.31,36,2024-09-21,정상
13530,1279,14480000,4.23,24,2023-06-13,정상
13531,1034,730000,5.9,24,2024-02-22,연체
13532,1524,780000,5.77,6,2024-11-04,정상
13533,9981,3860000,5.43,12,2024-02-14,정상
13534,385,4000000,5.29,36,2024-09-02,정상
13535,7833,108250000,5.52,24,2023-01-03,완료
13536,8376,730000,6.21,12,2023-10-06,정상
13537,7515,13520000,5.12,24,2023-11-06,정상
13538,9453,27650000,4.67,36,2024-10-18,정상
13539,7964,19630000,5.2,36,2024-08-07,정상
13540,2339,730000,4.89,12,2024-08-10,정상
13541,9538,730000,5.71,6,2024-05-16,정상
13542,878,2420000,5.54,24,2024-03-13,정상
13543,2821,1070000,5.52,24,2023-09-16,정상
13544,2288,730000,5.98,12,2024-11-30,완료
13545,8097,730000,5.02,24,2024-08-01,연체
13546,4705,730000,6.36,12,2024-04-11,연체
13547,3755,8160000,4.91,24,2023-07-03,연체
13548,6360,15580000,4.64,36,2024-05-08,정상
13549,4518,8650000,5.15,24,2023-03-07,완료
13550,4287,1990000,5.34,24,2023-05-05,완료
13551,7098,1790000,5.72,6,2024-11-27,정상
13552,9460,730000,5.98,12,2023-06-08,연체
13553,2826,21350000,3.99,60,2024-10-09,정상
13554,9997,730000,4.86,6,2023-03-05,정상
13555,3328,2440000,4.91,12,2023-02-12,정상
13556,8496,730000,6.44,24,2023-05-01,연체
13557,9225,24440000,4.67,24,2024-09-03,완료
13558,309,1760000,4.54,12,2024-06-22,정상
13559,5508,730000,5.64,12,2023-02-24,정상
13560,3835,1180000,5.37,12,2023-06-26,정상
13561,3360,730000,5.12,24,2023-11-17,정상
13562,408,1600000,5.78,6,2023-11-07,정상
13563,7698,730000,5.68,12,2023-06-06,연체
13564,3995,21350000,4.27,60,2024-11-28,정상
13565,6495,3200000,4.89,24,2023-07-25,정상
13566,4815,5730000,4.82,36,2023-02-09,정상
13567,3568,1970000,5.13,24,2023-02-26,정상
13568,1382,730000,5.91,12,2023-09-08,정상
13569,3986,730000,5.62,24,2024-10-16,정상
13570,6731,730000,5.93,6,2023-03-27,정상
13571,7227,2240000,4.81,6,2024-04-20,정상
13572,3763,2560000,5.17,6,2024-03-25,정상
13573,7220,1390000,4.76,12,2023-03-13,완료
13574,5913,10220000,5.49,12,2023-04-25,정상
13575,2371,18970000,5.05,24,2024-04-16,정상
13576,2187,7620000,4.43,24,2024-10-19,정상
13577,4864,730000,5.59,6,2023-12-19,연체
13578,8020,730000,5.47,6,2023-06-08,연체
13579,1848,108250000,5.16,36,2023-12-07,완료
13580,7173,4710000,4.72,24,2023-10-20,정상
13581,8554,2050000,4.7,24,2024-07-04,연체
13582,1933,57900000,4.46,24,2024-12-26,정상
13583,8416,730000,6.27,12,2023-09-01,연체
13584,6797,1440000,6.72,24,2023-10-16,정상
13585,2212,4600000,4.6,36,2023-07-03,정상
13586,3734,2760000,5.57,24,2024-06-28,정상
13587,9498,730000,6.59,24,2024-12-25,연체
13588,6151,760000,5.68,12,2023-08-04,정상
13589,7857,4790000,5.31,12,2024-05-04,완료
13590,408,1960000,5.3,24,2023-06-20,정상
13591,1156,5560000,4.36,12,2024-12-20,정상
13592,3286,750000,6.09,24,2023-04-11,완료
13593,4223,39730000,4.05,24,2023-04-04,완료
13594,7861,1830000,5.79,24,2024-04-27,연체
13595,3862,1200000,4.7,24,2023-03-18,정상
13596,5660,5960000,4.84,12,2023-03-22,정상
13597,2826,21780000,4.46,36,2024-07-08,정상
13598,8133,2780000,5.38,24,2023-04-08,정상
13599,558,62440000,5.28,24,2024-03-29,정상
13600,4541,25700000,4.83,24,2024-08-05,정상
13601,4359,6210000,5.14,12,2024-03-05,정상
13602,9232,1110000,5.52,24,2024-05-20,완료
13603,2651,5460000,4.85,24,2023-03-14,정상
13604,5212,8350000,4.53,24,2023-07-16,완료
13605,2978,8410000,3.8,36,2023-12-03,정상
13606,9898,1140000,5.32,24,2023-02-12,정상
13607,5839,2040000,4.37,24,2024-01-19,정상
13608,7665,4380000,5.76,12,2024-08-29,완료
13609,8604,8030000,5.1,36,2024-06-29,정상
13610,4502,1050000,4.93,6,2024-04-10,정상
13611,9994,730000,5.67,6,2024-08-08,연체
13612,6944,37760000,5.03,24,2024-10-19,완료
13613,1055,26030000,4.49,24,2023-11-20,정상
13614,1863,27310000,4.3,24,2024-04-14,정상
13615,2408,1010000,5.12,12,2024-12-13,정상
13616,2851,810000,5.2,12,2024-11-10,정상
13617,1577,12950000,5.1,36,2024-10-13,정상
13618,9510,1010000,4.92,6,2023-10-26,정상
13619,5565,16360000,4.89,12,2024-10-04,정상
13620,8171,2080000,5.21,6,2023-05-16,완료
13621,8019,730000,5.61,24,2023-01-15,연체
13622,5959,28970000,4.99,36,2023-08-08,완료
13623,9637,12330000,5.09,12,2023-05-26,정상
13624,738,1450000,5.99,6,2024-05-23,완료
13625,3976,730000,5.98,12,2024-07-05,연체
13626,6708,1050000,5.86,12,2024-01-10,연체
13627,1449,3610000,5.28,12,2023-10-04,정상
13628,2419,11750000,5.73,12,2024-05-03,완료
13629,1432,990000,4.63,6,2023-01-24,정상
13630,6496,730000,5.92,24,2024-08-11,연체
13631,791,880000,5.97,24,2024-12-17,완료
13632,4611,3590000,5.27,36,2023-12-22,정상
13633,8441,800000,4.98,6,2024-07-08,정상
13634,2930,3800000,5.68,24,2024-08-23,정상
13635,7289,1060000,4.8,6,2023-02-05,정상
13636,6154,730000,5.63,24,2023-08-12,정상
13637,2126,730000,6.23,6,2023-01-31,연체
13638,4862,820000,5.6,6,2024-02-28,정상
13639,4878,2450000,5.04,6,2023-03-24,정상
13640,754,41210000,4.14,36,2023-10-24,정상
13641,9092,730000,5.0,24,2024-05-01,연체
13642,9482,5430000,4.79,24,2023-12-27,정상
13643,5475,730000,5.21,24,2023-08-29,연체
13644,3815,2730000,5.1,24,2024-03-16,정상
13645,4471,730000,5.41,6,2024-01-15,정상
13646,6815,3190000,4.86,36,2024-12-11,완료
13647,2587,3020000,4.64,12,2024-09-11,정상
13648,4413,730000,6.44,24,2024-07-24,연체
13649,4579,980000,5.14,6,2024-11-10,정상
13650,5463,1710000,5.13,12,2024-10-05,정상
13651,5778,2410000,5.17,12,2023-08-19,연체
13652,1753,1090000,4.99,6,2024-04-24,정상
13653,5928,730000,4.53,6,2024-12-28,연체
13654,7588,1750000,4.59,12,2023-04-23,정상
13655,6247,730000,5.78,12,2024-05-23,연체
13656,5270,2540000,5.07,6,2023-06-30,정상
13657,5920,7990000,4.22,12,2023-04-10,완료
13658,7325,730000,6.21,6,2023-05-15,연체
13659,779,730000,5.75,6,2023-06-24,정상
13660,1574,9660000,4.98,12,2023-05-04,정상
13661,8110,13200000,5.01,36,2024-08-30,정상
13662,2427,2000000,5.91,6,2023-04-15,완료
13663,6254,730000,6.07,24,2024-11-07,정상
13664,3865,12720000,5.14,12,2024-07-27,정상
13665,5957,730000,4.79,24,2024-12-30,정상
13666,3973,820000,5.18,12,2023-12-01,정상
13667,5361,730000,5.89,24,2023-10-22,정상
13668,6790,4230000,5.09,24,2024-01-09,정상
13669,1544,12040000,5.17,24,2024-09-29,정상
13670,8902,5630000,5.21,12,2024-04-23,정상
13671,4200,108250000,5.29,24,2023-02-07,정상
13672,9485,730000,5.61,12,2023-08-02,정상
13673,5201,730000,5.49,24,2024-10-31,완료
13674,2281,1900000,5.41,12,2024-10-21,정상
13675,9119,730000,6.02,24,2024-07-22,완료
13676,7804,19430000,4.18,24,2023-06-10,정상
13677,6194,730000,5.51,24,2023-12-24,연체
13678,4672,730000,5.58,24,2023-03-24,정상
13679,561,108250000,5.65,36,2023-07-25,완료
13680,703,730000,6.02,24,2023-08-29,연체
13681,5367,3450000,4.79,36,2023-06-05,완료
13682,4923,18750000,4.7,24,2024-01-27,정상
13683,6085,3700000,5.04,24,2023-05-19,완료
13684,1007,45770000,4.32,60,2023-08-23,정상
13685,5673,730000,5.51,6,2024-11-20,정상
13686,4885,730000,5.4,24,2024-04-15,완료
13687,6722,1940000,5.37,12,2024-08-09,정상
13688,9710,730000,5.33,6,2023-09-08,연체
13689,4931,730000,7.3,6,2023-01-29,연체
13690,8485,4860000,5.2,36,2024-04-03,정상
13691,8331,730000,5.58,6,2023-05-28,연체
13692,6229,730000,5.91,24,2024-05-04,연체
13693,9342,20180000,4.8,24,2024-10-05,정상
13694,4012,10620000,5.04,24,2024-10-24,정상
13695,5364,730000,5.76,12,2023-12-05,연체
13696,6173,48680000,4.38,24,2023-07-31,정상
13697,999,730000,6.34,24,2023-06-04,연체
13698,2756,60260000,4.84,36,2023-02-14,완료
13699,4790,2250000,4.8,6,2024-05-05,정상
13700,4898,2680000,5.62,6,2024-01-06,완료
13701,3644,3140000,5.03,12,2024-01-02,정상
13702,3602,7130000,5.4,36,2024-07-23,정상
13703,5716,2060000,5.12,6,2023-12-04,정상
13704,792,108250000,5.52,24,2024-06-17,정상
13705,6288,730000,6.03,6,2024-03-27,연체
13706,1467,810000,5.29,6,2024-10-08,정상
13707,9869,780000,5.27,6,2023-05-21,정상
13708,4754,5000000,5.19,24,2023-03-08,연체
13709,1027,730000,5.66,24,2024-04-19,연체
13710,3470,1160000,5.57,12,2023-08-12,연체
13711,3051,49400000,5.63,36,2024-03-19,정상
13712,1952,730000,5.24,24,2024-02-11,정상
13713,2504,8850000,5.62,12,2024-04-06,정상
13714,1476,730000,5.28,24,2024-05-10,연체
13715,5572,1470000,4.66,24,2023-08-20,완료
13716,5650,730000,6.0,24,2024-07-25,연체
13717,1166,41320000,5.27,24,2023-07-18,정상
13718,4920,730000,5.87,12,2024-09-03,정상
13719,8770,3240000,5.26,36,2023-08-18,연체
13720,8473,2450000,4.71,6,2023-03-14,정상
13721,7335,2480000,5.24,24,2024-09-19,완료
13722,1664,730000,5.1,6,2024-07-30,연체
13723,4350,1970000,4.24,12,2023-07-16,정상
13724,4783,1250000,5.27,24,2023-06-15,정상
13725,4177,2580000,4.8,24,2024-03-31,정상
13726,6567,26900000,4.87,36,2023-08-01,완료
13727,6451,108250000,6.36,36,2023-12-19,정상
13728,8839,800000,5.18,12,2023-02-01,완료
13729,8153,1370000,5.66,6,2023-05-17,정상
13730,7372,9360000,4.26,24,2023-01-11,완료
13731,3765,1110000,5.63,6,2024-09-15,연체
13732,6178,4690000,4.83,24,2023-04-16,정상
13733,5873,2920000,5.47,24,2024-02-07,연체
13734,4914,2520000,4.79,6,2023-09-26,정상
13735,4219,7950000,4.38,36,2024-10-01,정상
13736,8966,4850000,5.9,36,2023-11-28,정상
13737,267,860000,5.74,24,2023-11-19,연체
13738,5209,4160000,5.28,12,2024-04-09,정상
13739,7798,1710000,5.05,6,2024-07-10,정상
13740,6128,2390000,5.25,24,2024-09-09,정상
13741,904,830000,5.01,24,2023-04-01,정상
13742,5380,730000,5.85,12,2023-01-27,정상
13743,5880,8450000,4.72,12,2024-06-07,정상
13744,4782,18930000,4.75,24,2023-03-05,완료
13745,7566,2180000,4.83,24,2024-10-29,완료
13746,9013,76570000,6.04,36,2023-10-11,정상
13747,1262,57110000,4.8,36,2023-05-22,정상
13748,3100,23050000,4.63,24,2024-06-29,정상
13749,8086,6560000,5.39,12,2024-05-06,완료
13750,2642,2190000,5.25,24,2023-06-02,정상
13751,5869,1010000,4.92,12,2023-12-03,정상
13752,7604,730000,5.54,6,2023-12-31,정상
13753,7327,730000,6.06,24,2024-10-11,연체
13754,7001,8500000,4.94,36,2023-04-08,정상
13755,2815,730000,5.32,12,2024-03-16,정상
13756,5835,730000,6.09,12,2024-04-23,정상
13757,3770,3290000,4.79,36,2023-10-24,연체
13758,4710,5250000,3.96,24,2023-03-16,완료
13759,6529,19160000,4.91,24,2023-04-09,연체
13760,5706,13210000,5.15,36,2024-03-25,정상
13761,6000,10780000,5.39,12,2023-02-19,완료
13762,2771,1140000,5.57,24,2024-07-06,정상
13763,940,12710000,4.16,24,2023-03-08,정상
13764,9777,4010000,5.98,24,2024-01-07,정상
13765,6384,7600000,4.99,36,2023-11-01,정상
13766,2881,4630000,4.27,24,2023-09-22,정상
13767,5816,1060000,5.18,24,2023-09-27,정상
13768,8481,6120000,5.7,36,2024-12-10,정상
13769,2760,11890000,4.33,36,2024-08-03,정상
13770,5899,1180000,6.02,24,2023-02-27,정상
13771,9382,19440000,4.74,24,2024-08-27,정상
13772,898,2360000,4.36,24,2023-09-24,정상
13773,4053,13940000,5.31,12,2023-05-21,정상
13774,8752,18320000,4.86,12,2024-06-06,정상
13775,2521,730000,5.84,12,2024-12-05,연체
13776,3857,1160000,6.15,24,2023-02-19,정상
13777,2371,37920000,4.9,24,2024-04-26,완료
13778,3959,3430000,4.4,12,2024-06-21,정상
13779,7061,730000,5.47,24,2024-05-11,정상
13780,7426,13220000,5.23,36,2024-02-04,정상
13781,221,730000,5.81,24,2023-04-01,연체
13782,3904,2230000,5.7,24,2024-04-24,완료
13783,6637,850000,5.77,12,2023-10-14,완료
13784,3872,1640000,5.07,6,2024-05-05,정상
13785,2255,960000,5.38,24,2023-04-01,정상
13786,3009,9400000,5.15,36,2023-05-23,정상
13787,5686,730000,5.22,12,2023-06-09,연체
13788,6936,730000,6.18,24,2023-08-13,연체
13789,521,13410000,5.33,24,2024-08-09,정상
13790,6546,2740000,5.89,12,2024-03-10,정상
13791,5985,4180000,4.24,36,2024-07-08,정상
13792,677,730000,5.16,6,2024-02-14,정상
13793,6430,730000,5.41,6,2024-08-19,정상
13794,4043,730000,5.83,12,2023-07-07,정상
13795,1737,810000,5.01,6,2023-11-05,연체
13796,766,1260000,5.12,12,2024-07-11,정상
13797,3951,15070000,4.85,12,2023-06-08,완료
13798,9409,730000,5.47,12,2024-06-24,정상
13799,3585,3720000,5.35,12,2023-12-01,정상
13800,5174,730000,5.3,6,2024-07-16,연체
13801,4521,45750000,5.56,36,2024-05-20,정상
13802,9679,3230000,5.47,24,2023-01-14,정상
13803,9110,47900000,4.82,24,2023-07-21,정상
13804,8664,2720000,5.61,12,2024-06-22,정상
13805,1547,730000,4.89,24,2024-11-20,연체
13806,7520,7010000,5.12,12,2023-04-19,연체
13807,6651,5790000,5.16,12,2023-04-30,정상
13808,8396,5970000,5.36,36,2024-11-25,연체
13809,2821,1250000,5.62,6,2024-05-04,정상
13810,4024,730000,6.2,6,2024-10-29,연체
13811,5801,8240000,5.65,24,2024-09-19,완료
13812,1443,1410000,5.43,12,2023-12-08,정상
13813,55,730000,5.52,12,2024-01-20,연체
13814,2247,730000,5.84,24,2024-06-23,정상
13815,3737,730000,5.67,24,2023-12-24,연체
13816,565,2240000,5.59,24,2023-12-21,정상
13817,1120,730000,6.06,24,2023-02-26,정상
13818,9921,3470000,5.38,36,2024-04-11,정상
13819,4927,108250000,5.11,60,2023-02-28,정상
13820,5523,108250000,5.79,60,2024-05-11,정상
13821,9328,29240000,4.82,24,2023-01-09,정상
13822,4516,4450000,4.34,12,2024-07-04,정상
13823,5810,730000,6.04,24,2024-01-05,연체
13824,9669,6430000,4.68,24,2023-05-30,정상
13825,3371,7290000,4.58,36,2023-03-14,정상
13826,423,2180000,5.03,6,2024-10-24,정상
13827,7765,730000,5.64,12,2023-09-03,정상
13828,3349,730000,5.83,24,2024-05-30,연체
13829,5428,26340000,4.92,36,2023-03-09,정상
13830,363,730000,6.31,6,2024-07-19,정상
13831,9256,2700000,5.22,6,2023-09-08,정상
13832,2226,6050000,5.49,36,2023-05-02,정상
13833,9072,730000,5.17,24,2024-07-07,연체
13834,416,1410000,5.27,24,2024-11-13,연체
13835,820,730000,6.01,12,2023-02-27,완료
13836,5466,5460000,5.09,12,2024-04-10,완료
13837,5800,2010000,5.65,24,2024-03-29,정상
13838,5300,1390000,4.96,24,2024-08-18,완료
13839,8608,730000,6.13,6,2024-01-03,정상
13840,7169,1820000,4.79,12,2024-10-04,정상
13841,9847,97570000,5.78,60,2024-03-30,정상
13842,349,29650000,4.53,36,2023-05-07,정상
13843,7105,730000,5.32,24,2024-05-28,연체
13844,9085,4980000,5.4,36,2023-08-03,정상
13845,227,1750000,5.53,6,2024-04-12,정상
13846,473,1030000,5.36,24,2023-06-06,연체
13847,2683,1130000,5.27,24,2023-09-27,정상
13848,4200,108250000,6.49,60,2024-08-06,정상
13849,4313,5870000,4.95,24,2023-08-19,정상
13850,4393,3520000,3.97,36,2024-03-09,정상
13851,1996,3370000,4.69,24,2023-02-13,완료
13852,9122,1470000,4.81,12,2023-08-22,완료
13853,6810,730000,5.5,12,2023-12-15,정상
13854,9876,730000,5.65,6,2024-08-28,정상
13855,1695,11350000,5.03,12,2023-05-05,정상
13856,9596,14270000,5.61,24,2023-08-17,정상
13857,5720,750000,5.39,6,2023-11-06,정상
13858,6111,4720000,4.51,12,2024-04-07,정상
13859,9247,1620000,5.77,24,2024-08-19,정상
13860,1056,3390000,4.24,24,2023-11-25,정상
13861,2098,6090000,4.83,12,2023-04-03,완료
13862,2391,5890000,5.59,24,2023-05-04,연체
13863,6110,730000,5.32,6,2024-11-08,연체
13864,992,34650000,5.66,24,2023-03-26,정상
13865,9614,730000,5.35,12,2023-08-04,정상
13866,7267,5040000,5.28,36,2024-06-09,연체
13867,20,9330000,5.09,24,2024-03-27,완료
13868,7953,1850000,4.09,12,2024-11-27,정상
13869,3156,1010000,5.56,6,2023-02-25,연체
13870,8480,730000,6.28,6,2023-10-21,완료
13871,2687,6230000,4.55,24,2023-01-19,정상
13872,9312,12440000,5.1,36,2023-09-26,정상
13873,9533,10720000,4.62,12,2024-07-26,완료
13874,9733,730000,5.17,24,2024-11-19,정상
13875,3894,730000,5.11,24,2024-08-18,정상
13876,7448,1440000,4.78,24,2023-11-19,정상
13877,6314,108250000,5.91,60,2023-01-31,정상
13878,9825,3980000,4.02,36,2024-10-16,정상
13879,1676,730000,5.85,6,2023-01-18,연체
13880,5244,2040000,5.78,6,2024-09-20,완료
13881,5892,8420000,5.01,12,2024-02-10,완료
13882,1401,920000,5.78,12,2024-10-27,연체
13883,2276,25210000,5.28,36,2023-04-04,정상
13884,9929,2270000,4.84,12,2023-03-02,정상
13885,6839,21480000,5.02,24,2023-03-25,정상
13886,9915,4970000,5.17,24,2023-09-22,정상
13887,5395,1910000,4.55,6,2023-07-07,연체
13888,5499,3200000,5.37,12,2024-05-08,완료
13889,2803,13230000,4.52,12,2024-12-01,정상
13890,6870,4230000,5.77,24,2023-01-25,연체
13891,7413,13070000,4.96,24,2023-06-27,정상
13892,5175,730000,5.25,12,2024-11-08,정상
13893,1325,53090000,5.68,24,2024-03-16,완료
13894,1093,2240000,6.01,12,2024-01-10,정상
13895,235,730000,6.12,6,2023-04-23,연체
13896,1906,2040000,5.56,12,2024-11-22,정상
13897,6817,49110000,5.69,24,2024-09-10,정상
13898,7714,1030000,4.99,24,2024-04-17,완료
13899,2451,4660000,5.94,36,2023-06-28,정상
13900,256,990000,5.76,6,2024-04-17,정상
13901,5448,730000,6.15,6,2024-04-01,연체
13902,5964,5410000,4.76,36,2023-04-08,정상
13903,6268,730000,5.77,12,2024-12-03,연체
13904,4339,2570000,4.35,24,2023-09-18,정상
13905,7297,29510000,5.03,36,2023-07-13,정상
13906,2313,6750000,4.96,12,2024-09-30,완료
13907,4407,730000,6.2,6,2023-04-12,연체
13908,1271,5740000,5.7,36,2024-03-06,정상
13909,7953,730000,5.68,24,2024-08-11,연체
13910,5567,1280000,4.92,12,2024-12-10,연체
13911,2980,730000,5.58,12,2024-10-25,완료
13912,2479,880000,5.59,12,2024-04-16,완료
13913,9311,730000,5.69,24,2024-06-27,연체
13914,2940,99860000,5.72,24,2023-04-25,정상
13915,3870,1280000,5.93,24,2023-09-25,연체
13916,8589,920000,4.86,12,2024-01-13,정상
13917,4022,1040000,5.18,6,2024-09-29,완료
13918,290,31060000,5.04,60,2024-03-28,정상
13919,2867,1330000,4.67,6,2024-05-21,정상
13920,8252,43820000,5.0,60,2023-05-20,정상
13921,7208,730000,4.93,24,2023-07-14,연체
13922,1919,1960000,4.93,12,2023-08-11,정상
13923,8568,36910000,4.26,36,2024-12-14,정상
13924,8131,730000,4.73,24,2023-01-30,정상
13925,6699,730000,4.77,6,2023-04-25,정상
13926,661,26340000,4.77,24,2023-11-07,연체
13927,5038,730000,4.79,12,2024-08-27,정상
13928,1583,2680000,4.45,12,2023-07-27,정상
13929,2152,1960000,5.19,12,2023-04-11,정상
13930,1769,6100000,5.25,24,2023-08-29,정상
13931,6154,730000,5.86,12,2023-04-04,정상
13932,7574,730000,5.65,24,2024-01-07,연체
13933,7605,1990000,5.01,12,2023-03-12,정상
13934,6802,10630000,4.06,24,2024-08-19,정상
13935,1076,1280000,5.03,24,2024-06-11,완료
13936,5398,1570000,5.82,6,2024-01-17,정상
13937,9723,7360000,5.18,12,2024-12-17,정상
13938,575,26310000,4.42,24,2023-07-09,정상
13939,110,730000,5.73,12,2024-04-16,연체
13940,2303,4950000,4.47,36,2024-01-16,연체
13941,9987,730000,5.61,6,2023-08-14,정상
13942,5600,108250000,5.53,24,2024-11-11,정상
13943,3018,20900000,4.52,60,2024-03-14,정상
13944,1600,4580000,5.74,36,2024-11-17,정상
13945,8302,4550000,4.6,36,2024-07-19,정상
13946,7864,108250000,5.84,60,2023-05-26,완료
13947,3762,850000,5.61,24,2023-01-28,연체
13948,7456,9000000,4.99,24,2023-02-12,연체
13949,8004,108250000,5.71,24,2023-07-09,정상
13950,9822,6260000,4.87,24,2023-07-31,정상
13951,1751,3600000,4.88,12,2024-12-13,정상
13952,535,730000,6.2,24,2023-01-05,정상
13953,9812,11030000,4.68,36,2024-08-06,완료
13954,576,4240000,4.87,24,2024-06-30,정상
13955,8962,2420000,5.43,12,2024-02-03,정상
13956,679,810000,5.7,24,2023-08-03,연체
13957,2725,35060000,4.36,24,2023-06-04,완료
13958,8765,730000,5.1,6,2024-02-28,연체
13959,1273,730000,6.06,24,2023-09-14,연체
13960,7865,1730000,5.73,6,2024-02-12,정상
13961,6329,1160000,5.12,6,2024-07-09,정상
13962,3506,11680000,4.57,12,2023-06-30,정상
13963,1727,730000,6.08,6,2023-09-01,정상
13964,5273,730000,5.68,12,2023-06-29,연체
13965,4612,730000,5.68,24,2023-11-02,정상
13966,8960,1310000,5.19,6,2024-09-05,완료
13967,3868,730000,5.91,12,2023-10-11,완료
13968,6304,17040000,5.5,24,2024-09-02,정상
13969,1894,3200000,5.85,36,2024-05-07,정상
13970,8249,730000,6.15,6,2024-10-14,연체
13971,2358,49270000,5.2,36,2023-11-22,정상
13972,7001,6510000,5.29,24,2024-08-28,완료
13973,1568,730000,5.42,6,2023-06-13,정상
13974,166,1320000,5.47,24,2023-04-03,연체
13975,5908,730000,5.21,24,2023-12-28,연체
13976,6132,730000,6.15,6,2024-07-26,연체
13977,96,10970000,5.06,12,2023-06-16,완료
13978,7925,730000,5.88,12,2023-03-22,정상
13979,6416,1090000,5.59,6,2024-03-30,정상
13980,8706,730000,4.48,12,2024-05-01,연체
13981,7005,1340000,5.66,24,2023-05-30,정상
13982,5964,13910000,5.39,36,2023-11-20,완료
13983,5471,1170000,5.85,24,2023-04-04,완료
13984,5089,4660000,4.67,24,2024-02-28,정상
13985,6232,730000,5.98,12,2024-08-08,정상
13986,2219,5320000,4.52,36,2024-11-07,정상
13987,6045,730000,5.45,12,2023-11-03,연체
13988,3023,850000,5.18,6,2024-12-24,완료
13989,3845,790000,4.86,24,2024-09-23,연체
13990,4293,3670000,6.27,36,2024-03-06,완료
13991,9589,2030000,5.81,12,2023-05-14,정상
13992,8988,730000,5.98,24,2024-04-21,정상
13993,2866,15580000,4.93,36,2024-07-16,정상
13994,5326,730000,5.75,24,2024-07-02,정상
13995,3036,22200000,4.34,60,2023-01-19,정상
13996,7202,40060000,4.39,24,2024-01-29,정상
13997,5697,1170000,5.25,12,2024-11-24,정상
13998,7773,730000,4.75,12,2024-03-29,정상
13999,6626,6640000,5.37,24,2024-10-26,완료
14000,4967,1030000,5.63,24,2023-10-21,연체
14001,5175,920000,5.36,12,2023-09-20,완료
14002,6239,1510000,5.01,6,2023-11-19,완료
14003,5699,23510000,4.47,60,2024-11-03,정상
14004,3455,2000000,5.17,12,2023-01-31,완료
14005,4890,730000,6.03,24,2024-01-12,연체
14006,256,2630000,4.73,6,2023-05-05,연체
14007,2964,108250000,6.92,36,2024-09-02,정상
14008,5345,2020000,5.94,24,2023-02-18,정상
14009,8149,63230000,4.61,60,2023-10-23,정상
14010,608,16000000,4.33,12,2023-03-15,정상
14011,2873,730000,5.95,24,2024-11-21,연체
14012,2206,32520000,5.66,24,2023-12-26,정상
14013,204,1460000,4.97,24,2023-01-17,완료
14014,1530,730000,6.65,12,2023-08-08,연체
14015,758,6720000,4.51,24,2023-01-15,정상
14016,7449,1510000,5.77,6,2023-09-30,정상
14017,1504,730000,5.4,24,2024-12-09,연체
14018,7360,15720000,5.03,12,2024-11-21,정상
14019,2564,730000,5.38,24,2024-12-04,정상
14020,5434,8510000,4.12,36,2023-09-14,정상
14021,9405,730000,6.27,12,2024-09-24,연체
14022,7116,1520000,5.48,24,2024-02-03,정상
14023,4767,850000,4.81,12,2023-07-22,정상
14024,8512,730000,4.95,12,2024-04-02,연체
14025,9344,7490000,4.78,12,2024-05-14,완료
14026,797,4630000,4.66,12,2023-10-11,정상
14027,8750,730000,5.2,6,2024-09-05,정상
14028,5339,730000,6.32,6,2023-04-05,정상
14029,8178,62820000,5.81,36,2023-02-07,완료
14030,5073,2270000,4.36,24,2024-03-05,정상
14031,370,730000,5.41,12,2024-10-28,정상
14032,604,26360000,5.03,36,2024-03-03,정상
14033,2542,11180000,5.19,12,2023-10-16,정상
14034,2307,730000,5.77,24,2023-12-12,정상
14035,706,4530000,4.53,24,2023-05-13,정상
14036,3653,16120000,4.87,36,2024-10-21,정상
14037,7157,3160000,5.23,36,2023-07-22,완료
14038,1548,14620000,4.76,12,2023-08-09,정상
14039,8622,2340000,5.39,12,2024-06-12,연체
14040,8110,9610000,4.28,12,2023-02-20,정상
14041,6115,1220000,5.11,24,2023-06-24,정상
14042,9303,14930000,5.27,24,2023-10-07,정상
14043,6464,730000,5.36,6,2024-07-24,연체
14044,4153,730000,5.63,6,2023-12-09,정상
14045,9292,17730000,4.75,12,2024-10-26,정상
14046,9466,730000,5.18,24,2024-09-21,정상
14047,7455,12340000,4.76,24,2023-08-23,정상
14048,425,7620000,5.08,36,2024-04-13,완료
14049,245,730000,5.7,12,2023-05-10,연체
14050,1794,1430000,4.78,6,2023-01-11,정상
14051,9722,46460000,5.3,36,2024-04-09,정상
14052,447,730000,6.47,12,2023-11-19,정상
14053,6534,3350000,5.39,12,2024-06-10,정상
14054,9413,7400000,4.27,12,2024-08-25,정상
14055,6428,54360000,5.98,60,2023-06-18,정상
14056,8119,9550000,5.25,24,2023-12-20,정상
14057,3589,3380000,5.49,24,2023-07-18,정상
14058,2806,730000,5.66,24,2023-07-03,정상
14059,7365,730000,6.56,24,2024-08-26,연체
14060,9778,5930000,5.24,12,2024-08-09,완료
14061,4460,2220000,5.14,6,2024-02-16,정상
14062,9408,740000,5.53,6,2023-09-20,정상
14063,1390,1950000,5.48,24,2024-04-12,정상
14064,4178,730000,6.66,24,2024-09-08,연체
14065,3520,102990000,6.36,60,2023-06-12,정상
14066,4098,5530000,5.15,24,2023-12-16,정상
14067,1881,2370000,6.31,24,2023-05-27,연체
14068,9081,730000,5.42,24,2024-03-13,연체
14069,2452,2400000,4.87,6,2023-06-27,정상
14070,6779,7580000,5.93,24,2023-12-16,완료
14071,4461,1070000,5.82,6,2023-10-16,완료
14072,9514,22250000,4.26,36,2024-08-28,정상
14073,9251,730000,5.01,6,2024-06-02,정상
14074,4185,3130000,5.17,36,2024-10-16,정상
14075,552,31930000,4.47,24,2024-10-28,정상
14076,7774,4400000,4.76,12,2024-08-28,완료
14077,3453,1110000,5.13,6,2023-09-09,정상
14078,8519,9160000,4.59,36,2023-01-23,완료
14079,507,1440000,5.13,24,2024-01-24,정상
14080,9986,32110000,5.0,24,2024-06-22,정상
14081,6850,730000,6.07,24,2023-07-08,정상
14082,8260,4970000,5.52,36,2023-05-09,연체
14083,2214,5350000,5.02,36,2023-03-16,정상
14084,8922,730000,5.53,12,2023-01-04,완료
14085,8434,730000,5.23,6,2023-02-09,완료
14086,3055,8730000,4.82,12,2024-03-13,정상
14087,1708,790000,5.85,24,2023-08-18,정상
14088,8643,13580000,4.99,36,2024-12-14,정상
14089,9959,2970000,5.92,24,2023-11-29,완료
14090,6631,7910000,4.49,12,2023-01-25,정상
14091,6339,840000,5.6,12,2023-01-01,정상
14092,3397,1540000,5.22,24,2024-02-18,정상
14093,9770,730000,6.4,6,2024-03-15,연체
14094,5245,13420000,4.8,12,2023-06-15,정상
14095,6704,850000,5.42,12,2024-06-19,정상
14096,8586,7920000,4.55,12,2023-11-12,정상
14097,7659,730000,5.67,12,2024-06-06,연체
14098,9851,1890000,5.97,24,2023-02-16,정상
14099,6902,1140000,5.33,24,2023-05-13,정상
14100,9122,1330000,5.15,12,2023-03-26,정상
14101,3684,730000,5.82,6,2023-10-16,정상
14102,9331,49170000,5.28,36,2023-05-20,완료
14103,5422,8790000,5.15,24,2024-02-24,정상
14104,9952,2690000,5.38,12,2023-12-22,정상
14105,1441,1410000,5.34,6,2024-06-23,정상
14106,3190,14800000,4.35,36,2023-06-04,정상
14107,3604,1920000,5.2,6,2024-07-18,연체
14108,5937,10050000,4.74,36,2024-02-06,정상
14109,4144,17500000,4.89,12,2023-11-18,정상
14110,7630,108250000,5.99,60,2023-03-02,정상
14111,7302,30370000,4.91,24,2024-09-11,정상
14112,8543,730000,5.36,24,2024-05-18,연체
14113,5072,23320000,4.75,24,2024-02-29,정상
14114,2107,730000,5.57,24,2023-11-15,연체
14115,718,3660000,4.64,36,2024-01-25,정상
14116,806,16770000,5.2,36,2024-12-16,정상
14117,307,730000,6.34,12,2024-07-20,연체
14118,160,3780000,5.82,12,2023-11-05,완료
14119,762,890000,4.53,24,2024-04-16,연체
14120,5416,18750000,4.72,12,2024-09-07,정상
14121,5785,1010000,5.5,6,2024-10-28,정상
14122,8907,72670000,4.91,60,2024-02-25,정상
14123,2563,730000,5.55,12,2024-03-17,정상
14124,4832,2790000,4.33,12,2024-08-23,정상
14125,1734,2010000,4.8,12,2023-07-23,정상
14126,7121,22030000,4.86,36,2023-07-27,정상
14127,8348,730000,5.22,6,2024-03-05,정상
14128,5060,730000,5.07,6,2023-10-13,완료
14129,4673,730000,5.85,6,2023-02-13,정상
14130,4563,108250000,5.32,36,2024-03-19,정상
14131,9526,1420000,5.6,12,2024-02-26,정상
14132,7655,1550000,5.05,12,2023-11-22,정상
14133,8742,730000,5.94,6,2024-01-25,정상
14134,3810,6320000,5.34,24,2023-04-11,정상
14135,7242,730000,5.96,12,2023-07-28,연체
14136,3688,730000,5.29,6,2024-12-11,완료
14137,8934,7560000,5.46,24,2024-06-21,정상
14138,6521,17490000,5.25,36,2024-08-22,정상
14139,2391,5070000,6.0,36,2023-04-03,완료
14140,4011,1470000,4.31,24,2023-02-20,완료
14141,6581,730000,6.31,24,2023-04-24,연체
14142,1951,730000,5.64,6,2024-06-25,연체
14143,6936,730000,5.77,12,2024-05-31,연체
14144,4613,1950000,4.92,6,2024-01-24,정상
14145,4387,8550000,5.03,36,2024-12-08,완료
14146,1365,730000,5.54,12,2024-02-17,연체
14147,1998,108250000,5.68,60,2024-02-29,정상
14148,7025,3040000,5.78,12,2024-07-20,정상
14149,1824,730000,6.07,6,2023-08-07,정상
14150,7066,730000,6.16,24,2023-07-30,연체
14151,2521,730000,5.51,24,2024-09-06,정상
14152,304,730000,5.85,24,2024-05-06,연체
14153,8092,79030000,5.49,60,2024-02-15,정상
14154,2266,730000,6.41,12,2024-09-01,정상
14155,7839,990000,5.44,6,2024-02-02,정상
14156,9148,730000,4.69,24,2024-06-27,정상
14157,9702,750000,6.2,6,2024-12-08,정상
14158,9240,11570000,4.29,12,2023-06-13,정상
14159,7792,1260000,5.27,6,2023-07-22,완료
14160,4315,20990000,4.49,36,2024-05-15,정상
14161,4008,1760000,4.81,24,2024-09-01,정상
14162,9903,4010000,5.26,36,2023-05-05,정상
14163,6746,3630000,4.94,12,2023-09-15,연체
14164,1934,730000,5.88,12,2024-03-05,연체
14165,1424,4520000,5.02,24,2023-06-03,정상
14166,3831,1790000,4.43,24,2023-03-08,정상
14167,2875,730000,5.86,24,2024-08-21,완료
14168,2814,1300000,5.93,24,2023-08-09,연체
14169,8327,730000,6.06,6,2023-08-01,연체
14170,3007,1250000,5.23,12,2024-11-27,완료
14171,5378,1790000,4.76,24,2024-08-06,연체
14172,516,730000,6.26,6,2024-01-17,연체
14173,2246,8140000,5.29,12,2023-05-04,정상
14174,5259,3090000,5.08,36,2023-07-11,연체
14175,5679,1420000,6.21,12,2023-09-14,정상
14176,5497,4330000,4.67,24,2023-02-17,정상
14177,8731,2850000,6.07,6,2024-03-02,연체
14178,3023,730000,5.8,12,2024-03-25,완료
14179,4843,2300000,4.76,12,2023-04-01,정상
14180,1439,1630000,5.57,12,2024-07-12,정상
14181,8046,950000,5.96,24,2023-12-24,연체
14182,83,730000,5.82,6,2024-07-04,연체
14183,5293,730000,5.65,24,2023-12-23,연체
14184,2579,3660000,5.07,36,2024-07-08,정상
14185,8860,62010000,4.67,24,2023-12-15,정상
14186,6437,730000,5.28,12,2024-03-28,완료
14187,8544,2950000,4.78,24,2024-10-20,정상
14188,8367,1990000,4.94,6,2024-12-08,정상
14189,9918,1030000,5.36,12,2024-01-10,정상
14190,3575,3910000,4.72,24,2024-09-16,완료
14191,9563,6890000,5.44,12,2023-02-08,정상
14192,1276,1040000,5.5,6,2024-06-16,완료
14193,9661,4560000,5.34,12,2024-08-28,정상
14194,9449,920000,5.1,6,2024-12-13,정상
14195,1341,930000,5.58,6,2024-06-01,완료
14196,645,4770000,4.38,12,2024-11-10,정상
14197,3939,730000,5.6,24,2023-01-12,연체
14198,7097,36830000,4.63,36,2024-09-10,정상
14199,185,730000,6.44,24,2023-12-15,연체
14200,7379,1610000,5.24,6,2024-05-08,연체
14201,3451,75660000,6.19,60,2024-01-20,정상
14202,7203,730000,5.93,6,2023-09-22,정상
14203,6172,730000,5.88,12,2024-03-28,완료
14204,8692,730000,5.14,24,2023-01-29,연체
14205,9789,2250000,4.93,6,2023-09-09,완료
14206,9064,108250000,5.77,24,2023-11-01,완료
14207,4627,940000,5.12,6,2023-02-17,정상
14208,1143,11010000,5.47,12,2023-02-19,정상
14209,8180,2670000,5.42,12,2024-05-27,정상
14210,9194,730000,6.22,24,2023-05-26,완료
14211,2684,2480000,5.44,6,2024-01-27,정상
14212,2392,4540000,5.14,36,2023-03-19,완료
14213,6956,730000,5.45,6,2024-09-17,연체
14214,5896,3040000,5.14,24,2023-01-04,정상
14215,9540,33460000,4.91,36,2024-04-30,정상
14216,6601,730000,5.77,24,2024-08-10,연체
14217,1325,37910000,5.21,60,2023-01-02,완료
14218,6601,730000,6.08,12,2023-09-30,연체
14219,9679,3370000,5.23,36,2023-08-12,정상
14220,3000,950000,5.75,12,2024-11-04,정상
14221,8015,730000,5.85,24,2023-01-28,완료
14222,7424,13310000,4.8,12,2023-02-16,완료
14223,7560,5330000,4.33,36,2023-06-04,연체
14224,2900,5370000,5.02,24,2023-07-27,정상
14225,7700,5480000,4.83,12,2024-05-26,정상
14226,4864,730000,5.81,12,2023-07-03,연체
14227,8358,760000,5.63,24,2023-02-23,완료
14228,358,18740000,5.77,36,2024-04-05,정상
14229,4108,950000,5.87,6,2023-06-06,완료
14230,2190,38230000,4.29,36,2024-04-10,정상
14231,2319,730000,6.2,6,2023-10-18,정상
14232,5846,1110000,5.02,12,2024-12-12,완료
14233,8839,790000,5.07,6,2023-02-21,연체
14234,449,1620000,4.73,24,2023-07-31,정상
14235,7681,60160000,5.44,24,2023-05-16,정상
14236,533,790000,5.54,24,2024-09-10,정상
14237,3098,2690000,5.75,6,2024-11-14,완료
14238,8870,920000,5.67,12,2023-10-02,연체
14239,7753,730000,5.58,24,2024-06-11,정상
14240,9071,3470000,4.66,24,2024-04-09,정상
14241,2190,32040000,5.15,60,2024-08-16,연체
14242,7036,11240000,5.54,12,2023-09-05,정상
14243,394,730000,5.78,6,2023-01-13,완료
14244,1797,3180000,6.02,12,2023-07-25,연체
14245,7384,730000,5.51,6,2023-08-15,정상
14246,7373,5440000,5.07,12,2024-08-29,정상
14247,2373,29570000,5.22,24,2023-10-14,정상
14248,3051,40300000,5.23,60,2023-06-29,완료
14249,7628,1860000,5.73,24,2024-05-09,정상
14250,7747,5380000,5.17,36,2023-01-23,정상
14251,6583,1940000,4.45,12,2023-08-22,정상
14252,3295,4500000,5.34,24,2024-02-27,정상
14253,1519,730000,5.82,24,2023-03-16,정상
14254,5668,1190000,5.53,12,2023-04-03,정상
14255,9639,1990000,5.19,12,2023-10-02,연체
14256,4409,20420000,3.59,60,2023-05-04,완료
14257,8292,730000,5.57,12,2023-08-30,연체
14258,5835,960000,5.69,6,2024-10-21,정상
14259,7565,1980000,6.02,12,2024-07-31,정상
14260,8598,1110000,5.64,24,2023-01-10,정상
14261,6315,20220000,4.76,36,2023-03-17,정상
14262,1541,810000,5.3,6,2023-04-22,정상
14263,6520,65770000,5.41,36,2023-03-17,완료
14264,8582,2240000,4.81,12,2024-09-06,정상
14265,4665,2970000,5.17,24,2024-12-18,정상
14266,7323,13190000,5.01,24,2024-12-08,정상
14267,4327,30550000,5.22,24,2023-03-10,정상
14268,961,730000,5.88,24,2023-06-28,연체
14269,6798,1480000,4.67,24,2023-01-18,연체
14270,2847,730000,5.83,12,2023-02-08,정상
14271,6892,910000,5.68,6,2023-02-07,완료
14272,8022,730000,4.81,12,2024-05-20,연체
14273,4473,10870000,5.62,12,2023-05-16,정상
14274,5413,730000,5.68,6,2024-05-27,정상
14275,6264,730000,6.23,6,2023-08-22,완료
14276,4236,26420000,4.79,36,2023-05-30,정상
14277,555,108250000,5.09,24,2024-12-10,정상
14278,3011,5720000,5.83,24,2023-04-29,연체
14279,3289,730000,5.3,6,2024-11-04,정상
14280,2071,1460000,5.12,24,2024-06-14,정상
14281,5376,990000,6.21,6,2023-04-27,완료
14282,4190,1200000,5.41,6,2023-10-09,연체
14283,2008,6890000,4.37,12,2023-04-30,정상
14284,2242,1190000,5.64,6,2023-05-29,연체
14285,3252,730000,5.4,24,2023-08-02,연체
14286,1811,730000,5.59,24,2023-03-09,완료
14287,4553,108250000,6.18,24,2024-12-23,정상
14288,9857,11160000,4.71,24,2023-09-22,정상
14289,1967,900000,5.41,6,2024-09-03,정상
14290,3108,730000,6.16,24,2023-08-29,정상
14291,4910,2790000,4.22,12,2024-10-18,정상
14292,6385,6390000,4.88,24,2024-10-06,정상
14293,82,2030000,5.08,12,2024-07-21,정상
14294,5086,1130000,4.59,6,2024-08-01,정상
14295,4924,63030000,4.79,60,2023-01-12,정상
14296,1683,5150000,4.71,24,2024-10-31,정상
14297,8746,8180000,4.28,24,2023-12-13,정상
14298,9744,10310000,5.26,12,2023-06-29,완료
14299,953,108250000,5.27,60,2024-04-23,정상
14300,1512,10250000,4.94,24,2024-10-12,정상
14301,3723,3020000,4.63,24,2023-05-22,완료
14302,5864,1590000,5.41,24,2024-01-03,정상
14303,268,35370000,4.14,36,2024-03-17,완료
14304,5356,890000,5.29,12,2024-01-13,정상
14305,4,7970000,5.28,24,2023-08-24,정상
14306,5627,2480000,4.96,6,2024-10-16,정상
14307,1796,1120000,4.83,24,2024-08-07,정상
14308,8495,730000,5.52,12,2023-12-22,정상
14309,7797,730000,5.82,12,2024-10-03,연체
14310,8380,6020000,5.44,36,2024-03-11,정상
14311,4098,2870000,5.55,6,2024-05-29,완료
14312,7262,920000,5.52,24,2023-12-10,정상
14313,7976,12840000,4.87,24,2024-01-11,정상
14314,9224,6770000,4.8,12,2024-06-16,완료
14315,9684,1640000,5.54,12,2023-09-10,정상
14316,9545,730000,5.61,6,2023-05-09,정상
14317,1479,7310000,5.37,12,2023-10-28,정상
14318,2937,8760000,4.53,24,2023-04-14,정상
14319,9145,770000,6.66,24,2023-07-30,연체
14320,2177,730000,4.82,12,2023-04-05,정상
14321,9687,5510000,5.15,12,2024-12-16,정상
14322,2304,1510000,5.96,12,2023-05-10,정상
14323,5023,26790000,4.39,24,2024-07-20,정상
14324,775,3680000,4.67,12,2024-03-25,정상
14325,7509,730000,6.56,12,2024-07-11,정상
14326,2274,730000,6.12,24,2024-12-19,연체
14327,1829,71850000,5.9,60,2024-11-19,정상
14328,2109,730000,5.68,6,2023-01-18,정상
14329,2406,730000,5.89,12,2023-04-27,정상
14330,8010,1200000,5.01,12,2024-05-10,연체
14331,5602,12120000,5.17,12,2023-03-04,정상
14332,2702,2320000,4.95,6,2023-05-22,정상
14333,688,3920000,4.73,12,2023-04-28,완료
14334,9321,17270000,4.74,12,2023-10-28,정상
14335,8450,4470000,4.84,24,2024-09-09,정상
14336,9453,22590000,4.4,36,2023-05-09,완료
14337,6789,1620000,5.03,6,2023-04-20,정상
14338,6999,18540000,5.69,12,2024-09-29,완료
14339,1754,69320000,5.98,60,2023-12-27,완료
14340,9315,730000,5.5,24,2024-02-24,완료
14341,2785,1740000,4.76,12,2023-10-13,정상
14342,933,3800000,4.97,24,2024-11-11,연체
14343,2899,730000,5.68,6,2023-05-16,연체
14344,7344,730000,5.61,24,2024-07-27,연체
14345,2640,25270000,4.96,24,2024-09-01,정상
14346,701,2450000,4.62,6,2023-06-27,정상
14347,6021,1730000,4.74,6,2024-08-28,연체
14348,8713,730000,5.77,24,2024-12-21,연체
14349,1060,1850000,5.11,12,2024-03-21,정상
14350,669,25860000,4.85,60,2023-06-14,연체
14351,9358,7590000,3.96,12,2023-07-11,정상
14352,3325,1300000,5.07,6,2023-09-25,정상
14353,8400,730000,5.05,24,2024-04-05,연체
14354,1764,11660000,4.39,36,2023-07-19,정상
14355,7204,4800000,5.51,24,2023-12-06,정상
14356,41,1040000,4.76,12,2023-12-30,정상
14357,3117,2080000,5.38,12,2024-03-13,연체
14358,7050,990000,5.89,6,2024-01-02,정상
14359,9169,730000,6.22,6,2024-05-10,연체
14360,2746,17490000,5.09,24,2023-03-17,정상
14361,6278,730000,5.07,6,2024-05-16,정상
14362,5642,730000,5.37,12,2023-11-22,연체
14363,8033,34670000,5.24,60,2024-11-04,정상
14364,1600,2960000,4.94,24,2023-10-22,정상
14365,3288,1100000,5.2,12,2024-01-31,정상
14366,6495,2860000,5.74,12,2023-10-09,정상
14367,5014,730000,6.15,6,2023-11-01,연체
14368,9809,1350000,5.18,24,2023-01-02,정상
14369,849,6750000,4.9,36,2024-01-20,정상
14370,6064,61040000,4.79,24,2024-10-13,정상
14371,6445,1360000,5.21,12,2023-07-01,정상
14372,8541,790000,5.46,6,2024-07-24,정상
14373,8324,730000,5.24,24,2023-12-31,정상
14374,387,2100000,5.95,24,2023-09-17,정상
14375,6021,1580000,5.62,12,2023-08-06,정상
14376,2791,5830000,5.92,36,2023-11-12,연체
14377,5324,1630000,5.2,6,2024-01-11,정상
14378,4085,820000,5.24,6,2023-02-03,정상
14379,9676,1000000,5.86,12,2023-11-18,정상
14380,2776,3170000,4.46,24,2024-12-05,정상
14381,9762,730000,5.22,12,2023-12-01,정상
14382,9131,730000,5.67,12,2023-07-12,완료
14383,2543,14020000,5.0,36,2023-02-20,정상
14384,4462,730000,4.86,6,2023-03-12,정상
14385,6131,780000,5.21,6,2023-04-03,정상
14386,9079,730000,5.57,6,2024-10-24,정상
14387,3640,1110000,5.34,6,2023-08-30,정상
14388,6099,1120000,5.13,24,2024-06-22,정상
14389,3414,1830000,4.78,24,2023-10-14,정상
14390,3182,730000,6.31,24,2023-05-27,연체
14391,8913,730000,6.61,24,2024-02-15,정상
14392,5874,41540000,4.42,60,2024-07-09,연체
14393,1378,2030000,5.44,6,2024-12-23,정상
14394,9619,1650000,5.39,6,2024-11-11,완료
14395,6632,30200000,5.48,60,2023-08-11,정상
14396,533,730000,6.21,24,2023-08-30,정상
14397,8010,950000,5.84,6,2023-12-31,정상
14398,8899,14070000,4.39,36,2023-08-16,정상
14399,9087,730000,5.74,12,2024-07-03,완료
14400,2102,730000,5.95,12,2024-12-07,정상
14401,3069,2960000,5.42,12,2023-04-08,정상
14402,2532,4280000,5.03,24,2024-08-31,정상
14403,8249,730000,6.94,6,2024-10-24,연체
14404,213,11250000,4.27,24,2023-08-26,정상
14405,3858,1270000,5.45,6,2023-03-08,연체
14406,3229,20290000,5.23,36,2024-05-02,정상
14407,329,730000,4.54,6,2023-01-18,완료
14408,9646,730000,5.02,12,2024-12-19,연체
14409,1936,82000000,5.65,36,2023-09-30,정상
14410,2162,730000,4.97,6,2023-01-16,정상
14411,4846,2090000,4.27,12,2023-05-26,완료
14412,7668,91020000,5.79,36,2024-07-25,정상
14413,788,2100000,5.92,6,2024-10-14,정상
14414,7312,1780000,4.82,12,2024-06-16,완료
14415,1616,7430000,5.01,24,2024-02-09,정상
14416,1235,54840000,5.84,60,2023-12-29,정상
14417,228,2010000,5.11,12,2024-03-23,연체
14418,5255,19630000,5.31,24,2023-09-25,정상
14419,1911,730000,5.88,6,2024-05-17,연체
14420,2574,730000,6.32,24,2024-03-19,정상
14421,7357,10520000,3.98,24,2023-04-12,완료
14422,621,730000,6.03,24,2023-01-14,정상
14423,7617,15610000,4.78,36,2024-11-02,완료
14424,2974,5160000,4.84,24,2023-11-18,정상
14425,6319,740000,5.74,12,2023-03-24,정상
14426,897,730000,5.79,12,2023-04-10,연체
14427,79,108250000,4.86,24,2023-01-20,완료
14428,7866,950000,5.81,24,2024-03-20,연체
14429,2125,1050000,5.74,6,2023-04-03,연체
14430,8502,14410000,4.76,24,2023-03-15,정상
14431,7233,2920000,5.06,6,2023-06-22,연체
14432,7586,730000,5.71,12,2023-06-03,정상
14433,3419,730000,6.8,24,2024-03-29,연체
14434,2904,730000,5.45,12,2024-09-17,정상
14435,5500,1010000,5.36,24,2023-03-08,연체
14436,9832,1500000,6.63,24,2023-09-26,정상
14437,2379,1720000,5.14,12,2023-07-26,정상
14438,3116,7000000,4.2,24,2024-11-14,정상
14439,5917,730000,5.51,12,2024-08-05,정상
14440,6279,108250000,5.73,24,2024-06-16,완료
14441,4254,730000,5.81,12,2023-12-02,정상
14442,5988,730000,6.41,24,2024-05-31,정상
14443,8067,108250000,5.41,24,2023-08-04,정상
14444,3041,730000,6.45,6,2024-12-30,연체
14445,603,2280000,5.05,24,2024-03-30,정상
14446,8642,730000,6.36,24,2024-11-30,연체
14447,2356,4630000,5.72,36,2024-03-14,정상
14448,7296,9700000,5.04,24,2023-01-27,연체
14449,8399,730000,5.0,6,2023-04-02,연체
14450,1590,6480000,5.62,24,2023-08-13,정상
14451,8379,3870000,4.46,36,2024-09-02,정상
14452,2086,730000,5.37,6,2023-12-15,정상
14453,7669,17080000,5.28,12,2023-10-16,정상
14454,2212,8810000,4.89,12,2023-06-09,연체
14455,5567,2170000,5.52,12,2023-03-20,연체
14456,1818,1130000,5.39,6,2024-10-06,정상
14457,7923,2450000,6.07,6,2024-01-29,연체
14458,1450,730000,6.02,24,2023-10-05,연체
14459,7823,730000,5.05,12,2024-06-21,정상
14460,4550,42580000,4.05,24,2023-12-19,정상
14461,3459,2480000,5.91,24,2023-05-17,연체
14462,2686,1190000,5.65,24,2023-07-27,정상
14463,8969,730000,5.03,12,2024-05-10,정상
14464,5410,730000,5.58,12,2023-02-27,연체
14465,1771,4130000,5.1,24,2024-09-30,연체
14466,7556,5670000,5.17,12,2023-07-01,완료
14467,5404,1910000,5.65,12,2024-11-25,정상
14468,6033,5920000,4.19,24,2023-01-15,정상
14469,9373,810000,5.59,12,2023-02-15,완료
14470,7470,730000,6.1,6,2023-04-15,정상
14471,2418,10750000,4.46,12,2023-04-21,정상
14472,2746,8600000,4.02,24,2024-06-22,정상
14473,8080,1470000,5.68,6,2024-06-13,정상
14474,9237,4720000,5.04,12,2024-05-01,정상
14475,2747,3890000,4.43,24,2023-11-06,완료
14476,6608,1660000,4.85,6,2023-03-20,정상
14477,1499,3020000,5.34,24,2024-05-26,완료
14478,1921,7060000,4.54,24,2024-09-24,정상
14479,5603,1060000,5.26,6,2023-11-23,정상
14480,6122,20010000,4.88,60,2024-08-06,정상
14481,7007,810000,4.63,24,2024-12-28,정상
14482,6662,1260000,5.87,6,2024-09-18,정상
14483,8430,730000,5.48,6,2024-06-20,정상
14484,4297,68170000,5.89,24,2024-01-09,정상
14485,3985,36540000,5.38,36,2024-04-12,정상
14486,6032,3350000,5.09,12,2024-01-15,정상
14487,9332,730000,5.44,12,2023-07-09,정상
14488,7619,4070000,5.81,36,2024-07-20,연체
14489,7833,108250000,6.18,24,2023-08-31,정상
14490,7408,2070000,5.22,12,2023-02-04,완료
14491,7506,730000,5.58,24,2023-04-10,완료
14492,8519,2820000,4.99,12,2024-01-26,정상
14493,3328,1670000,5.75,12,2024-01-24,연체
14494,5568,730000,5.7,24,2024-10-03,연체
14495,5287,17540000,4.35,24,2024-11-28,정상
14496,1085,2530000,5.74,12,2023-07-02,정상
14497,1544,7120000,5.0,36,2024-08-21,정상
14498,6676,34530000,5.56,24,2024-01-30,완료
14499,188,108250000,5.1,24,2024-10-24,정상
14500,3913,3070000,4.55,24,2024-10-19,정상
14501,2008,8080000,4.39,12,2023-06-19,정상
14502,2808,730000,6.75,6,2024-07-01,연체
14503,5341,900000,6.04,6,2024-12-29,정상
14504,8504,730000,5.91,12,2023-09-21,정상
14505,1108,14680000,4.75,12,2023-05-20,정상
14506,146,1940000,5.4,6,2023-05-05,연체
14507,7624,1160000,5.35,6,2024-02-17,정상
14508,605,10560000,4.92,24,2024-05-09,완료
14509,5855,1970000,5.33,24,2023-06-20,정상
14510,6038,730000,4.61,6,2024-07-21,정상
14511,8688,730000,6.34,12,2023-04-20,연체
14512,6572,10270000,5.27,24,2024-09-06,정상
14513,1940,730000,5.73,6,2024-11-11,연체
14514,1695,11000000,4.77,12,2024-04-12,정상
14515,284,4110000,5.39,24,2023-08-12,정상
14516,5630,40910000,4.95,24,2024-02-06,정상
14517,7303,3080000,4.86,36,2023-09-11,정상
14518,1956,26870000,5.03,36,2024-02-24,정상
14519,710,2120000,5.63,6,2024-03-18,정상
14520,1865,14700000,5.22,24,2024-08-25,정상
14521,4301,37930000,5.44,24,2024-02-22,완료
14522,7612,730000,5.26,6,2024-12-25,정상
14523,8897,1780000,5.48,12,2023-01-28,완료
14524,8234,3590000,4.25,12,2023-04-19,정상
14525,4370,730000,5.08,12,2023-06-04,정상
14526,9643,4420000,4.7,12,2024-09-13,정상
14527,6879,1250000,4.89,24,2024-06-09,정상
14528,3362,730000,6.59,12,2024-09-13,연체
14529,1752,34490000,5.11,60,2023-12-03,정상
14530,4603,1090000,5.55,12,2023-08-01,연체
14531,1144,4200000,4.01,24,2024-10-03,정상
14532,5920,9280000,3.9,24,2024-07-22,완료
14533,2483,8120000,5.49,36,2024-11-27,정상
14534,2726,108250000,5.54,36,2024-12-27,정상
14535,7100,730000,5.1,6,2024-02-14,완료
14536,473,2380000,5.5,24,2024-07-12,정상
14537,9542,1850000,5.43,24,2023-09-06,정상
14538,8740,730000,5.38,24,2023-11-09,완료
14539,4372,7290000,4.99,36,2023-04-21,정상
14540,7269,730000,5.69,24,2023-09-02,연체
14541,7733,1170000,4.83,12,2023-05-12,정상
14542,5013,19730000,4.61,12,2023-10-10,정상
14543,9752,1670000,4.83,24,2024-10-09,정상
14544,2649,730000,5.57,12,2023-01-02,완료
14545,9758,730000,5.7,24,2024-10-24,정상
14546,2764,26880000,5.35,60,2024-01-05,완료
14547,8302,4160000,4.87,36,2023-09-05,완료
14548,5226,1410000,5.57,6,2023-06-04,정상
14549,9828,4460000,5.21,24,2023-10-08,연체
14550,8837,1470000,5.25,24,2024-02-24,정상
14551,3801,730000,5.94,24,2023-01-23,연체
14552,4563,108250000,5.53,24,2024-12-31,완료
14553,3133,59250000,5.35,24,2024-05-18,연체
14554,1168,38420000,4.1,24,2023-02-04,정상
14555,1107,730000,6.19,12,2024-02-20,정상
14556,3247,25830000,4.57,24,2023-02-04,정상
14557,6797,810000,6.19,6,2023-02-14,연체
14558,5686,730000,5.59,6,2024-09-04,정상
14559,8630,108250000,5.33,24,2023-09-24,정상
14560,1957,970000,4.51,12,2023-01-06,정상
14561,172,5600000,5.25,12,2023-09-03,완료
14562,2971,8780000,5.37,36,2024-02-26,완료
14563,6017,730000,5.43,24,2023-12-20,연체
14564,1668,10240000,5.53,36,2023-01-28,정상
14565,6614,13250000,4.15,36,2024-12-24,정상
14566,7351,1390000,5.61,6,2024-06-21,완료
14567,1004,1940000,5.48,12,2024-04-06,정상
14568,57,730000,5.89,12,2024-02-16,정상
14569,2811,1570000,6.31,6,2024-02-24,정상
14570,8128,2370000,5.29,12,2024-01-17,정상
14571,3228,5670000,5.09,36,2023-06-01,연체
14572,7338,7060000,4.92,12,2024-05-06,완료
14573,5650,730000,6.05,12,2023-07-09,연체
14574,9249,7420000,4.27,36,2024-10-03,완료
14575,7560,6480000,4.58,24,2024-05-16,정상
14576,4923,11710000,5.11,36,2024-10-12,정상
14577,4033,20290000,4.9,24,2023-06-21,정상
14578,7339,730000,6.06,24,2024-09-10,연체
14579,5141,2500000,5.07,24,2023-12-30,완료
14580,2596,730000,6.38,24,2024-04-12,정상
14581,6504,3240000,5.99,36,2024-01-18,정상
14582,7945,2890000,4.7,6,2024-02-21,정상
14583,6225,30000000,5.07,24,2023-06-12,연체
14584,935,1300000,5.25,12,2024-07-22,정상
14585,2911,3000000,4.8,24,2024-02-22,정상
14586,3297,730000,6.16,24,2024-09-26,연체
14587,7334,9060000,4.59,36,2023-04-17,완료
14588,9067,970000,4.92,12,2023-01-25,정상
14589,2722,820000,6.21,6,2023-12-10,완료
14590,7638,730000,5.76,6,2024-11-12,정상
14591,9152,3760000,5.32,24,2024-10-29,연체
14592,3552,106890000,5.73,60,2024-06-05,정상
14593,2981,12350000,5.16,24,2024-01-28,정상
14594,963,1500000,5.36,24,2024-05-28,정상
14595,6226,1970000,5.72,12,2024-03-14,연체
14596,6307,2390000,5.72,24,2024-07-05,연체
14597,7115,7060000,4.76,36,2023-02-01,정상
14598,2553,2240000,6.31,12,2023-10-07,연체
14599,5404,1100000,4.52,12,2024-10-17,정상
14600,7629,730000,5.83,12,2023-02-06,연체
14601,217,730000,5.18,6,2023-12-24,정상
14602,7120,6030000,5.05,24,2024-04-29,완료
14603,6651,4270000,5.38,24,2023-12-13,정상
14604,141,6180000,4.73,24,2023-06-22,정상
14605,9859,9820000,4.48,12,2023-06-09,정상
14606,347,890000,5.85,24,2024-11-11,완료
14607,4962,730000,5.88,6,2023-03-30,완료
14608,6496,730000,6.28,6,2024-06-05,연체
14609,6279,108250000,6.6,36,2023-01-18,정상
14610,6878,730000,4.78,12,2023-04-06,완료
14611,4213,8580000,4.75,36,2024-09-17,정상
14612,2979,14170000,4.8,12,2023-04-04,정상
14613,1157,730000,6.04,12,2023-05-14,연체
14614,173,3480000,4.49,24,2024-11-20,완료
14615,9415,1250000,5.75,24,2023-02-03,정상
14616,9576,730000,5.42,6,2023-03-24,연체
14617,176,1480000,4.71,12,2024-04-20,완료
14618,4546,730000,6.78,12,2023-07-16,연체
14619,4798,3990000,5.06,24,2024-09-26,완료
14620,2313,3960000,4.16,24,2023-08-11,완료
14621,7052,1070000,4.93,24,2023-04-19,연체
14622,9077,23070000,4.16,24,2024-10-24,정상
14623,8266,730000,5.58,6,2023-11-13,정상
14624,1461,4130000,5.49,12,2023-05-04,정상
14625,475,23150000,4.66,60,2024-08-18,정상
14626,7274,2250000,5.28,12,2023-03-11,완료
14627,9726,1290000,6.04,12,2023-02-23,정상
14628,7351,820000,5.63,24,2023-12-13,정상
14629,8131,730000,6.38,6,2024-04-27,연체
14630,1519,730000,5.82,6,2023-02-21,연체
14631,5351,5090000,5.1,12,2023-06-01,정상
14632,9511,730000,6.61,6,2023-07-21,정상
14633,5272,2290000,5.22,12,2024-10-07,정상
14634,3269,2540000,4.59,24,2024-04-25,정상
14635,9179,3000000,5.04,12,2023-02-01,정상
14636,1675,10210000,4.91,36,2024-05-19,정상
14637,6994,1130000,5.1,12,2023-02-04,연체
14638,2998,10100000,4.78,36,2023-05-18,정상
14639,9535,17720000,4.87,24,2023-01-25,정상
14640,3150,2060000,6.21,12,2024-07-20,정상
14641,1703,730000,5.89,12,2024-10-14,연체
14642,3862,1390000,5.33,24,2024-07-11,연체
14643,8403,2560000,4.59,12,2024-02-16,정상
14644,1391,920000,5.47,24,2023-12-29,정상
14645,9553,1650000,5.55,6,2023-04-22,정상
14646,1073,730000,5.83,24,2023-05-14,정상
14647,7683,4120000,5.23,12,2024-03-16,연체
14648,2458,17740000,4.91,36,2024-12-18,정상
14649,5397,5870000,5.56,12,2024-05-12,완료
14650,9785,67520000,4.84,36,2023-12-18,완료
14651,1427,11760000,5.56,36,2023-01-05,정상
14652,1216,730000,6.22,12,2023-01-14,연체
14653,3189,3960000,4.39,24,2024-08-17,정상
14654,7712,860000,6.88,6,2024-06-04,연체
14655,481,20000000,5.02,60,2023-10-05,정상
14656,3218,730000,6.0,6,2023-08-01,연체
14657,6552,10340000,5.06,12,2023-09-16,정상
14658,1008,1790000,5.09,12,2023-03-17,정상
14659,5059,4460000,4.4,36,2024-07-27,정상
14660,5753,1960000,5.0,6,2023-09-15,정상
14661,9151,2570000,5.2,24,2023-10-23,정상
14662,1107,730000,6.08,12,2023-09-27,정상
14663,8383,65610000,5.23,36,2023-02-23,정상
14664,3693,2240000,4.87,12,2023-03-03,정상
14665,4389,730000,5.09,12,2023-03-16,정상
14666,3183,730000,5.87,6,2023-05-06,정상
14667,8088,7890000,4.84,36,2023-07-27,정상
14668,2104,108250000,5.39,36,2024-02-26,완료
14669,8255,9210000,4.38,12,2024-09-10,정상
14670,8204,730000,5.32,12,2023-05-10,완료
14671,5726,1920000,5.44,6,2024-11-07,완료
14672,158,1700000,5.64,6,2024-08-12,정상
14673,664,2210000,5.44,12,2024-11-17,연체
14674,541,1460000,5.65,24,2023-11-04,정상
14675,2342,730000,6.71,6,2024-12-03,정상
14676,8852,730000,5.77,6,2024-04-07,완료
14677,3364,4750000,5.71,36,2024-08-27,정상
14678,8865,730000,5.88,12,2023-05-10,연체
14679,5454,2830000,4.94,12,2024-01-25,정상
14680,3465,2510000,5.4,24,2024-09-17,정상
14681,4816,730000,5.16,12,2023-07-23,정상
14682,2781,4010000,5.36,24,2024-05-16,정상
14683,1871,730000,6.31,12,2023-04-30,완료
14684,7991,6670000,4.53,12,2023-03-06,정상
14685,3137,9690000,5.21,12,2024-12-05,정상
14686,8627,730000,6.33,6,2023-11-05,정상
14687,9500,97700000,5.26,24,2023-10-05,정상
14688,3481,4310000,4.76,24,2024-08-28,정상
14689,2290,54060000,5.23,36,2024-11-16,완료
14690,3444,3490000,5.49,12,2024-04-13,완료
14691,2275,4090000,5.07,12,2023-05-19,완료
14692,1822,730000,5.15,6,2024-02-27,연체
14693,4717,5660000,5.11,36,2024-03-31,정상
14694,5861,7260000,5.48,12,2024-12-01,연체
14695,6441,41880000,5.67,60,2023-09-19,정상
14696,8837,5390000,5.04,36,2024-06-05,정상
14697,6503,5210000,4.21,24,2023-01-22,정상
14698,2587,2370000,5.54,6,2024-08-28,정상
14699,1534,39550000,4.72,24,2024-05-21,정상
14700,284,2140000,5.16,12,2023-10-15,완료
14701,1541,1310000,5.15,24,2024-08-03,정상
14702,3720,6380000,4.39,36,2024-02-16,정상
14703,1828,8710000,4.52,12,2023-03-28,정상
14704,9369,730000,6.56,24,2024-05-10,정상
14705,8281,730000,5.39,24,2024-03-25,정상
14706,8718,4640000,4.82,36,2024-11-02,정상
14707,6766,1530000,5.74,24,2023-04-26,연체
14708,3697,730000,4.91,24,2024-06-15,정상
14709,2767,1430000,5.63,6,2023-06-01,정상
14710,3366,22150000,4.44,36,2024-05-10,정상
14711,9045,920000,5.88,6,2024-12-31,정상
14712,9065,36680000,6.09,36,2023-07-22,완료
14713,3756,730000,5.97,6,2024-03-12,연체
14714,2356,5670000,4.28,24,2023-11-02,정상
14715,7839,1150000,5.58,12,2023-09-28,정상
14716,2663,980000,4.7,12,2024-12-07,정상
14717,1376,2150000,5.89,12,2024-03-09,정상
14718,1722,730000,5.22,24,2023-11-29,정상
14719,6289,730000,5.49,6,2023-05-24,정상
14720,9328,26520000,4.88,60,2023-09-20,정상
14721,5233,2270000,5.41,12,2023-08-09,정상
14722,8750,730000,5.85,6,2023-11-27,연체
14723,6407,4700000,5.29,24,2024-03-20,연체
14724,7834,19800000,4.69,24,2023-11-07,완료
14725,2550,970000,5.35,12,2023-03-11,완료
14726,1264,1870000,5.45,24,2023-12-28,정상
14727,7663,730000,6.05,6,2024-10-15,연체
14728,2512,57790000,5.91,60,2024-03-06,정상
14729,7511,8270000,4.95,24,2023-11-26,정상
14730,3296,1330000,5.41,6,2023-01-23,정상
14731,7853,11070000,3.84,36,2024-05-08,정상
14732,5277,2040000,5.23,24,2023-10-10,정상
14733,65,24310000,4.69,36,2023-10-07,완료
14734,8798,960000,4.98,6,2024-04-23,정상
14735,1656,14710000,5.34,24,2024-09-03,완료
14736,2163,730000,5.61,12,2023-04-15,연체
14737,4916,15500000,4.77,36,2024-11-30,정상
14738,9175,2870000,6.01,12,2024-08-17,연체
14739,6112,730000,5.76,12,2023-05-15,정상
14740,1725,1260000,4.65,24,2023-01-29,연체
14741,6975,1580000,5.63,12,2023-11-13,정상
14742,5554,7780000,4.89,24,2024-11-17,연체
14743,9889,3400000,5.13,12,2024-05-13,정상
14744,3583,730000,5.89,6,2023-07-28,연체
14745,9888,5870000,5.36,36,2023-10-14,정상
14746,8720,820000,5.17,24,2024-01-19,연체
14747,8562,12950000,4.95,36,2024-12-01,정상
14748,7356,108250000,5.63,60,2023-07-03,완료
14749,4855,850000,5.86,6,2023-06-28,완료
14750,2861,3870000,4.53,36,2024-12-09,정상
14751,8020,810000,5.86,12,2024-05-15,연체
14752,9094,3150000,5.07,36,2024-11-23,완료
14753,8845,9610000,5.23,12,2023-03-21,정상
14754,3769,730000,6.52,12,2023-05-20,연체
14755,6847,730000,5.92,6,2024-01-30,연체
14756,3510,2630000,5.88,6,2024-08-29,정상
14757,8428,730000,6.43,24,2024-03-11,완료
14758,7456,6730000,5.15,12,2023-10-17,정상
14759,7714,1210000,4.92,12,2023-07-10,연체
14760,2962,2850000,5.31,24,2024-04-22,정상
14761,6081,820000,5.06,6,2024-04-19,연체
14762,5785,730000,5.29,12,2024-02-12,정상
14763,2188,1510000,5.16,24,2023-03-27,연체
14764,1094,4610000,4.93,24,2024-12-29,정상
14765,7160,31630000,5.47,60,2023-01-07,완료
14766,7636,2000000,5.11,24,2024-11-24,정상
14767,9623,2040000,5.87,12,2023-12-30,정상
14768,2977,43460000,5.24,36,2024-05-27,정상
14769,7209,730000,6.35,12,2024-05-26,연체
14770,9854,10570000,4.99,12,2023-01-14,정상
14771,3707,1210000,5.65,6,2024-04-22,완료
14772,6549,730000,5.52,12,2023-02-17,연체
14773,9627,730000,4.98,24,2023-04-13,정상
14774,7117,730000,4.96,24,2024-05-25,정상
14775,4709,2380000,4.79,6,2024-08-14,정상
14776,5079,730000,5.55,6,2024-03-20,정상
14777,6430,1130000,5.02,24,2023-09-17,정상
14778,5961,40500000,5.85,24,2024-01-03,정상
14779,540,730000,5.0,12,2023-06-09,정상
14780,902,730000,4.84,6,2023-09-02,정상
14781,147,1450000,5.01,24,2023-09-26,연체
14782,7391,1550000,5.66,24,2023-09-26,정상
14783,6710,8710000,4.85,24,2023-09-03,완료
14784,1318,1250000,5.64,12,2023-05-04,완료
14785,8737,2720000,5.36,12,2023-02-12,정상
14786,6289,810000,5.69,12,2023-02-28,연체
14787,9800,9650000,4.7,12,2023-06-17,정상
14788,8237,730000,5.12,6,2024-03-05,연체
14789,8209,2220000,4.59,12,2024-08-10,완료
14790,3652,1550000,5.68,6,2023-07-09,정상
14791,4416,730000,5.81,24,2024-04-20,연체
14792,3553,6510000,5.56,12,2023-09-26,완료
14793,5296,730000,5.34,24,2023-01-13,연체
14794,3702,1130000,5.34,6,2024-05-24,완료
14795,8629,860000,5.41,12,2024-10-31,정상
14796,2345,730000,5.42,12,2023-02-11,연체
14797,9460,730000,5.61,6,2024-08-02,완료
14798,6052,730000,5.31,6,2023-09-22,완료
14799,4104,1860000,5.14,12,2023-06-09,연체
14800,1759,1130000,5.06,24,2024-10-12,완료
14801,8576,3450000,4.36,12,2023-09-09,정상
14802,128,730000,5.78,12,2023-01-25,정상
14803,9818,820000,5.03,6,2023-10-17,연체
14804,5434,14930000,5.14,36,2024-10-21,정상
14805,2120,4330000,4.61,24,2024-03-24,정상
14806,9722,25650000,4.75,60,2024-02-22,정상
14807,9769,60120000,5.68,24,2023-02-27,정상
14808,3204,1420000,5.2,12,2023-10-29,정상
14809,4289,1890000,5.46,12,2024-12-28,정상
14810,2805,12160000,5.62,24,2023-02-20,정상
14811,2084,730000,5.92,12,2023-03-10,정상
14812,83,730000,5.63,24,2023-09-25,정상
14813,7876,2640000,4.33,24,2024-02-20,정상
14814,3765,7260000,5.62,24,2023-01-16,정상
14815,969,730000,6.1,24,2023-09-13,연체
14816,7832,3530000,5.02,12,2023-03-29,정상
14817,6172,730000,6.0,12,2023-04-20,정상
14818,4661,1560000,6.17,12,2024-07-05,완료
14819,7630,50940000,5.45,36,2024-01-28,정상
14820,2360,730000,5.05,6,2024-07-07,완료
14821,4744,11400000,4.5,24,2024-11-17,완료
14822,3170,730000,5.81,12,2024-11-30,정상
14823,4253,750000,5.74,6,2023-12-28,연체
14824,3019,730000,5.91,6,2023-05-28,연체
14825,1422,56510000,4.57,36,2023-03-30,정상
14826,7413,9100000,5.12,36,2023-11-19,정상
14827,7771,770000,5.02,24,2023-05-25,정상
14828,1423,11750000,5.37,12,2024-09-16,정상
14829,4776,27140000,4.03,24,2024-05-15,정상
14830,611,730000,5.32,6,2023-05-27,정상
14831,6913,730000,6.34,24,2023-08-03,연체
14832,7696,730000,5.51,24,2023-07-08,정상
14833,3851,1780000,5.19,12,2024-02-06,정상
14834,5224,730000,5.33,24,2024-08-17,정상
14835,412,730000,6.05,6,2024-08-18,정상
14836,9504,2540000,4.71,24,2024-11-05,정상
14837,985,35290000,5.14,60,2023-07-20,정상
14838,7956,1990000,5.38,24,2024-12-03,완료
14839,2090,730000,5.21,6,2024-02-16,정상
14840,3907,12970000,4.75,36,2024-04-09,완료
14841,4345,60760000,4.55,60,2024-08-09,정상
14842,5026,12380000,5.43,36,2023-05-03,완료
14843,3031,1310000,4.66,12,2024-01-13,정상
14844,7844,26520000,4.45,24,2023-10-02,정상
14845,4701,29790000,4.55,36,2024-08-05,정상
14846,5296,730000,5.77,6,2024-09-23,정상
14847,9148,730000,5.44,12,2023-06-20,정상
14848,2542,16280000,4.91,36,2023-04-17,정상
14849,7625,1560000,5.9,12,2023-03-06,완료
14850,5407,108250000,5.21,24,2024-10-17,정상
14851,7515,7670000,5.42,36,2024-06-03,정상
14852,8567,2140000,4.81,24,2024-03-14,정상
14853,9861,730000,6.21,6,2023-10-01,정상
14854,9540,29360000,4.52,24,2024-07-08,정상
14855,2949,730000,5.4,12,2024-06-21,정상
14856,8566,108250000,5.87,24,2023-05-22,정상
14857,5155,1990000,4.61,6,2024-09-08,정상
14858,172,850000,5.46,6,2024-07-29,정상
14859,5007,730000,5.56,24,2023-09-21,연체
14860,8392,770000,5.17,6,2024-11-27,완료
14861,6784,9650000,4.34,12,2024-08-07,완료
14862,2139,870000,5.51,12,2023-09-25,정상
14863,3537,2260000,4.97,6,2024-09-17,정상
14864,8070,2800000,3.95,24,2023-06-01,정상
14865,9319,12430000,4.4,24,2023-12-09,완료
14866,7318,27530000,4.72,24,2024-11-18,정상
14867,9316,7870000,4.71,36,2023-03-16,정상
14868,4411,3090000,4.94,24,2023-10-02,정상
14869,6227,730000,5.99,12,2023-02-24,정상
14870,1140,2910000,4.76,6,2024-05-09,정상
14871,305,730000,6.23,6,2023-09-30,연체
14872,3325,770000,5.11,12,2023-12-01,완료
14873,4682,8360000,4.66,24,2024-02-06,완료
14874,6360,13960000,5.19,36,2024-09-10,정상
14875,2797,730000,5.72,6,2023-01-28,연체
14876,7946,1210000,5.78,6,2023-04-10,연체
14877,1161,730000,6.17,12,2023-02-08,연체
14878,4676,27010000,4.88,36,2024-11-05,연체
14879,8061,6310000,4.84,24,2024-09-24,완료
14880,7460,2470000,5.36,6,2024-03-30,정상
14881,5515,40500000,4.04,60,2024-02-06,정상
14882,2494,1980000,5.61,12,2024-02-03,정상
14883,2423,1000000,4.92,12,2023-06-22,정상
14884,6754,3710000,4.91,36,2023-03-30,정상
14885,7146,4780000,4.54,36,2024-02-27,정상
14886,2628,1240000,5.1,6,2023-08-08,정상
14887,5766,730000,5.27,6,2023-04-15,연체
14888,2258,730000,5.98,24,2023-05-27,정상
14889,56,940000,6.02,24,2023-06-13,연체
14890,5731,730000,6.15,24,2023-03-30,연체
14891,9565,730000,5.43,12,2023-02-08,정상
14892,6266,1990000,5.4,6,2023-10-08,연체
14893,6876,730000,5.21,24,2024-05-28,정상
14894,2845,730000,5.66,6,2023-12-22,연체
14895,1834,3290000,5.02,36,2024-02-18,정상
14896,9035,49760000,4.95,60,2023-01-16,완료
14897,200,730000,5.9,6,2024-05-17,연체
14898,2644,14040000,5.62,36,2024-07-09,정상
14899,4927,108250000,6.02,36,2024-06-23,정상
14900,2921,1650000,4.33,12,2024-06-19,정상
14901,8982,18070000,4.94,36,2023-09-18,완료
14902,6989,4530000,5.21,12,2023-11-19,연체
14903,7115,30290000,5.15,36,2023-12-08,완료
14904,5946,85570000,5.79,36,2024-12-06,정상
14905,7878,1240000,5.96,24,2023-06-08,완료
14906,9780,21510000,4.81,60,2024-12-17,정상
14907,7968,12260000,4.44,24,2024-08-29,정상
14908,3642,730000,6.65,12,2023-10-22,완료
14909,2047,1400000,5.14,24,2023-03-25,연체
14910,7961,730000,5.6,12,2023-12-14,연체
14911,5227,1440000,4.58,12,2024-12-29,정상
14912,691,31890000,5.33,60,2023-05-13,정상
14913,7304,31540000,5.02,24,2023-04-17,완료
14914,761,730000,5.76,12,2024-06-23,정상
14915,228,3510000,5.34,36,2023-12-07,완료
14916,6731,730000,5.83,6,2023-01-14,정상
14917,1425,4650000,4.25,36,2023-08-27,정상
14918,6333,6640000,5.71,12,2024-06-18,정상
14919,1547,730000,4.69,6,2024-05-04,연체
14920,1911,730000,6.47,24,2023-08-26,정상
14921,6567,25530000,5.37,60,2024-02-04,정상
14922,5410,730000,6.39,24,2023-05-12,연체
14923,5955,1490000,5.55,6,2024-05-25,정상
14924,47,6260000,4.81,12,2024-02-20,정상
14925,6380,730000,5.02,12,2024-09-19,정상
14926,1957,730000,5.44,12,2024-01-01,정상
14927,3198,2440000,5.12,24,2024-09-08,정상
14928,9942,730000,5.49,24,2023-01-07,정상
14929,8788,108250000,6.42,24,2024-06-10,정상
14930,7548,108250000,5.69,36,2023-08-18,정상
14931,7078,1340000,4.68,24,2024-07-10,정상
14932,9337,730000,6.24,6,2023-09-28,연체
14933,2168,1480000,5.13,6,2023-07-21,연체
14934,1056,5580000,4.61,12,2023-05-04,정상
14935,8327,860000,5.16,6,2023-12-04,완료
14936,3779,1840000,6.0,6,2023-12-07,정상
14937,2211,730000,5.75,12,2023-01-23,정상
14938,708,2180000,5.26,6,2023-12-14,정상
14939,9418,730000,6.12,12,2024-01-28,정상
14940,5533,1060000,5.29,24,2024-05-06,정상
14941,810,780000,5.51,24,2024-10-20,정상
14942,7465,2010000,4.67,12,2024-05-03,정상
14943,6250,4060000,5.03,24,2024-07-01,정상
14944,740,8980000,5.5,36,2024-04-13,정상
14945,603,1480000,4.88,24,2023-12-26,정상
14946,9091,1490000,5.82,24,2023-01-25,완료
14947,5920,15660000,4.33,24,2023-06-11,완료
14948,6846,11800000,4.82,24,2024-07-05,정상
14949,5873,2010000,5.17,12,2024-10-05,정상
14950,8948,108250000,5.68,60,2023-09-10,완료
14951,6301,3370000,4.93,24,2023-08-09,정상
14952,5659,3890000,4.83,12,2024-06-27,완료
14953,2227,730000,5.82,12,2024-08-05,정상
14954,7856,730000,5.73,6,2024-03-06,정상
14955,3337,730000,5.5,12,2024-04-27,연체
14956,6173,13990000,4.11,12,2023-02-19,정상
14957,7840,9210000,4.96,36,2024-11-06,정상
14958,6549,730000,6.56,24,2023-03-29,연체
14959,2318,4740000,5.15,12,2023-07-23,정상
14960,4360,7570000,5.5,12,2023-03-11,완료
14961,578,7420000,4.27,24,2023-07-07,정상
14962,4166,108250000,4.77,36,2023-03-05,정상
14963,1317,32380000,5.44,60,2023-02-24,완료
14964,4995,7420000,4.71,24,2023-06-16,정상
14965,6081,730000,5.09,24,2024-04-20,완료
14966,8278,730000,6.01,24,2023-04-01,연체
14967,9096,730000,4.63,12,2024-09-28,정상
14968,4944,1120000,5.47,6,2024-02-19,정상
14969,5774,730000,6.03,24,2024-11-15,정상
14970,2500,1770000,5.68,24,2023-06-06,정상
14971,406,6440000,4.79,36,2024-11-10,정상
14972,7520,5450000,5.39,12,2024-10-06,연체
14973,3682,6420000,5.09,12,2023-08-23,정상
14974,9691,7590000,5.08,12,2024-01-19,정상
14975,265,3450000,4.73,12,2024-10-13,정상
14976,691,32240000,4.82,60,2023-05-08,연체
14977,1899,4740000,5.66,24,2023-05-08,정상
14978,2270,1700000,5.72,6,2023-12-28,정상
14979,74,9970000,5.22,36,2023-02-01,정상
14980,1154,1670000,5.32,24,2023-07-25,연체
14981,3702,730000,6.03,24,2023-08-01,정상
14982,2586,10850000,4.49,24,2023-02-22,정상
14983,8530,6020000,4.88,24,2023-09-26,완료
14984,4501,1150000,5.3,12,2023-06-24,정상
14985,9739,750000,5.0,6,2024-07-30,정상
14986,2917,14230000,4.72,24,2024-03-23,정상
14987,8439,82060000,6.12,24,2024-03-16,정상
14988,5785,1620000,5.32,24,2023-06-28,완료
14989,3805,24280000,5.36,24,2024-03-07,완료
14990,1056,2530000,5.14,6,2024-03-25,정상
14991,6443,730000,5.01,6,2023-05-21,정상
14992,9084,10490000,5.14,12,2023-12-06,정상
14993,3679,730000,5.61,6,2024-01-01,연체
14994,6812,1500000,4.58,6,2024-06-05,정상
14995,4223,27710000,4.62,24,2023-01-13,정상
14996,3693,1020000,4.76,12,2024-11-09,정상
14997,8502,39930000,5.77,60,2023-09-30,정상
14998,4099,5070000,4.8,36,2023-04-08,정상
14999,6822,1880000,5.23,24,2024-01-16,정상
15000,7560,3490000,5.53,24,2023-04-03,연체
