message_id,split,attack_type,text_normalized
msg-cd74555c5078c89aa225,train,messenger_phishing,엄마 나 폰이 망가져서 수리맡기고 컴퓨터 문자나라로 메시지 보내고 있어 엄마 지금 바뻐?
msg-2a7f43ae7fa422fefb9b,train,messenger_phishing,엄마 입금받을수있는 은행계좌번호 하나랑 계좌등록 본인인증땜에 계좌 4자리 비밀번호까지 보내줘
msg-e3ec894bf4e93e8c550e,train,messenger_phishing,엄마 바빠?나지금 핸드폰 고장나서 매장에 수리맡기고 급한대로 예전에 내명의로 가입해놧던 문자나라로 문자하고 있어 피씨용이라 문자만 가능해 부탁이 있어서 문자했어 엄마 확인하는대로 답장줘
msg-de71a057d4f9829964ce,test,messenger_phishing,엄마~ 바빠? 엄마 나 급한 일이 좀 생겨서... 지금 98만원만 입금해 줄 수 있어?+c6
msg-670af57abde3790ae1ea,validation,messenger_phishing,엄마 나 폰고장나서 수리 맡기고 문자나 가입한거로 문자하고 있어 피씨용이라 문자만가능해 문자줘 아냐 떨어뜨려서 ᅲᅲ 엄마 다름아니라 지금 상품권좀필요한데 엄마 대신먼저 구매해줄수있어? 나지금 밖에 나갈수없는 상황이라 그래 구글기프트권이라고 있는데 이마트나 홈플러스 편의점 가면 구매할수있는데 엄마 지금 다녀올수있어?
msg-efd9fc3fa5aed3568aff,train,messenger_phishing,엄마 나 핸드폰 고장나서 서비스 맡기고 문자나라 접해서 문자하는거야 문자보면 답줘! 부탁이 있어 그러는데 엄마 지금 잠간 편의점 갓다올수 잇어? ᄏᄏ 엄마 돈 좋아해 ?
msg-fc0286653fb100798da2,train,messenger_phishing,[web 발신] 아빠 나지금폰 액정나가서 않되 [phone] 이번호로 톡추가 하고 톡줘 통화안되
msg-891bb14bf560270521ca,train,messenger_phishing,엄마 나 핸드폰 고장나서 수리맡기고 컴터로 새카톡만들엇어~ 010 ???????? 이번호로 카톡추가하고 톡줘~
msg-75bccb25272a125ae624,train,messenger_phishing,엄마 바빠? 나 지금 핸드폰 고장나서 매장에 수리맡기고 급한대로 예전에 내명의로 가입해놨던 문자나라로 문자하고있어 피씨용이라 문자만 가능해 부탁이있어서 문자했어 엄마 확인하는대로 답장줘
msg-997eb3a14a1fce9c47e2,validation,messenger_phishing,엄마 나 지금 휴대폰 액정깨져서 as맡기고 컴퓨터로 카톡접속햇어 바빠? 보이스톡 해요 0:16 소리하나도 안드려 컴퓨터로해서 그런가봐 문자로해줘 엄마 ! 선배일땜에 급해서 그래 어제 선배한테 받은돈 있는데 선배가 급하게 다시 보내달라고해서 내껄로 하려고 하니깐 인증서 오류떠서 안돼 은행에 문의 햇는데 월요일이체 가능하대 월요일오전에 다시 보낼게 먼저 선배쪽으로 이체좀 해줄수잇어? 원룸보증금이라 금액이 좀커서 그래 600만원이야
msg-520c9400782a15a722f7,test,messenger_phishing,엄마 나폰 고장나서 센터에 맡겼어 안심번호로 문자하는거야 통화안되니까 문자확인하면 답장해줘 그럼 폰떨어뜨려서 액정나갓어 센터에서 지금 온라인으로 신청하면 보험처리가능하대 지금 신청해야되는데 내 폰은 고장이라 본인인증이안돼 엄마
msg-6f5f711d1540cc0e8b99,test,messenger_phishing,입금받을수있는 은행계좌번호 하나랑 계좌등록 본인인증땜에 계좌 4자리 비번까지 불러줘 12만 3천정도 입금될거야 일단 온라인신청올릴게 혹시 더 필요한것잇으면 다시 문자할게 안심문자다보니까 자동으로 삭제돼 엄마폰 아이핀이아니다보니까 폰잠그지말고 내가 안심원격으로 하면돼 엄마 폰 잠그지말아줘 폰그냥 놔두고 엄마 볼일보면돼 엄마 ars 인증전화갈거야 신용카드 앞두자리 비번 입력해주면돼 엄마 폰 잠그지말아줘 아이핀 대기해야되는데 폰잠겨서 안돼 폰 그냥 놔두고 일보면돼 잠그지말고
msg-3deb3a161a23b32aea25,train,messenger_phishing,아빠 나 폰 액정깨져서 수리맡기고 임시 이번호 사용중이야 확인하면 문자줘~ 통화하다가 떨어뜨렸지 ᅲᅲ 폰은 수리땜에 늦으면 내일쯤 찾을수 있대 엄마 많이바빠?
msg-ae01c742f2f242771ffa,validation,messenger_phishing,엄마 그리고 이거 5만원권 4장으로만 더 구매해줘 3만원권이랑 5만원권 2가지 필요해 그 이모님 한테 한번만 더 부탁해줘 구매 했어? 엄마 아직이야? 엄마 가입할수 있겠어? 아니면 네가 엄마 폰이랑 연결해서 해볼께 그러면 엄마 좀 잇다 톡해줘 엄마 집 가면 톡해줘
msg-c75749a34e08d00a62cd,train,messenger_phishing,장모님 저 급히 송금할데가 있는데 장모님 저대신 먼저 보내주시면 안되나해서요 60만원이에요 제가 내일 장모님께 보내드릴게요 장모님 여기세곳에 각 20만원씩 보내주시면되세요 번거롭게 해드려서 죄송해요
msg-5af06b6771a844fe1037,train,messenger_phishing,누나 바뻐? 핸드폰 고장나서 카톡바꿨어 이걸추가해줘 누나 다름아니라 나부탁하나해도될까? 급히 송금해줘야될 금액있는데 공인인증서오류땜에 이체가안나서그러는데 누나먼저대신보내줄수있어? 이따가오후쯤 다시보내줄게 580만 원되는데 가능할까? 안될까? 핸펀 아직안바꿨어 폰수리맡기고 지금 피시톡으로하는거거든 여기로 보내면돼 보내고 톡줘~ 오후쯤 계좌오류 풀리는대로 다시 보내줄게
msg-44342a1ca335e0df03ca,train,messenger_phishing,엄마 바빠? 나폰액정나가서 수리 맏겼어 폰수리맏기고 컴퓨터로 접속했어 ᅲᅲ 저녁쯤 대야폰 찾을수 있대 엄마 지금 인터넷 뱅킹가능해? 일땜에 돈보낼곳이 있는데 공인인증이 안되서 그래 폰찾는대로 바로 보내줄께 응 근데 은행 갈려면 시간오래 걸려 ? 500정도 되는데 가능하겟어? 그리고 이모 계좌번호 보내달라고해 저녁 쯤에 보내줄테니깐 ???이 이모부가사무실 가는데 얼마나 걸린데 ? 그리고 받을계좌 번호 일단 지금 보내 달라고해 메모해놓게 아직이야 ? 엄마
msg-df9036abd2017f6f6be1,train,messenger_phishing,수리점에맡기고 잠시 컴퓨터로 접속했어 뭐하나부탁해도되? 잔고여유되면 나 대신먼저 지인이계좌로 600만원 송금해줄수있어? 급히 넣어줘야될돈인데 핸드폰고장나서 계좌이체 못해주고있어
msg-79fa0f109f0555707dca,train,messenger_phishing,삼촌 많이 바쁘신가요? 아네 죄송한데요 삼촌 저뭐하나 부탁드려도 되나요 ? 저지금 급히 결제할데가 있어서 그러는데요 인터넷 뱅킹 비밀번호 오류초과되어서 안되고
msg-2dbc56f9e20b89a67a13,train,messenger_phishing,오빠 바빠 ? 폰지금고장나서 수리맞기고 컴퓨터로 카톡하는거야 급해서 그러는데 부탁하나만 해도돼 ? 어제 친구한테 받은돈이잇는데 급하게지금 다시송금해달라고하는데
msg-ff1e050906d7cfd80b2a,train,messenger_phishing,급히 결제 할거 있어그러는데 엄마 대신 먼저 해주시면 안대 ? 인증스 오류땜에 이체안되는상황이라그래 엄마~ 저녘으로 돌려줄게 엄마~ 어떻게 안대 엄마?
msg-1cfca21a07370919433a,train,loan_ad,"[web 발신] (광고) "" 『국민』 는 소중한 당신과 함께 행복을 만드는 금융이 되겠습니다."" 항상 kb를 이용해주셔서 고객님께 감사드립니다. 고객님께서는 이번 신용보증재단에서 보증지원을 통해 신청이 가능한 대출 상품으로 이용전 상품 내용와 접수 기간을 확인하여 신청바랍니다. [상품내용 ] -서민와 소상공인을 대상을 특례보증 지원하여 생계에 필요한"
msg-1af26a10b08f45f41fde,train,loan_ad,"kb국민은행 [web발신] (광고) ""언제나 행복을주는 국민의 평생 금융파트너로 [ kb국민은행 ]이 함께 하겠습니다."" 안녕하세요 고객님. 6월 정부와 출연금 재원으로 신용보증을 통해 자금을 지원하는 「특례보증대출」 사전삼사 적격판정 승인대상 이오나 현재 접수가 되지않아 재안내 드립니다. 보증내용 및 서류제출 관련하여 확인하신 후 10영업일 이내에(2021.7.8 까지) 아래 경로에 따라 빠른 신청접수 바랍니다. [ 보증대충 실행안내 ] ▶취급은행:kb국민은행 ▶보증재단:신용보증재단 ▶보증내용:보증비율 100%, 보증료 전액 정부보증지원(1년간 무이자) ▶지원자금:창업ᆞ사업운영자금, 생활안정자금, 고금리차환자금(대환) ▶지원기간:2021. 7. 8(목)까지(예산 소진 시 변경 또는 조기 마감) [ 제출서류 안내] -본인 신분증(주민등록증, 자동차운전면허증, 국내에서 발행한 여권 등) -주민등록증(초)본(1개월 이내 발행서류) -재직(사업) 또는 소득확인 서류 등(단, 미서류 제출 대상 별도 추가 심사후 대출실행) ※ 제출서류 누락시 영업일기준 7일 이내 보완 가능하며, 영업일 경과시 대출 신청 철회됩니다."
msg-8416d5e9c0560416228e,validation,messenger_phishing,응 나 뭐하나 부탁해도 돼? 지금 편의점가서 구글기프트카드 20만권 4장 사줄수있어? 수수료 벌려고 그래
msg-d2b85b2279d55f17aa61,train,messenger_phishing,아빠~ 지금 구글기프트카드가 좀 필요한데 시간 괜찮으면 대신 먼저 구매해줄수 잇어? 지금 인증서오류땜에 안되네ᅲ 실은 내가 지금 부업으로 외국에 있는 애들 상대로 게임 충전카드를 판매하고 있어 이거 수익이 너무 좋아 내가 대신 구매해주는 건데 100만원 당 20만 가까이 수수료 벌거든
msg-6ef4e4d3849c3f2458f9,train,adult_bait,나 ???? 매일 이렇게 집에서 놀고 있어요 ᄏᄏ 저랑 같이 즐길래여!! 연 락주세용 ᄏᄏ 전화번호:010????????
msg-0be5e1e2bd038f3a1a24,train,messenger_phishing,엄마 나 ?? 폰액정이나가서 임시폰 잠시대리받았는데 문자만가능해 부탁할꺼있는데 문자줘
msg-0b586f5fca364bbc8c8d,train,agency_impersonation,"천만예요 발송인과 어떤 거래를 하시나요? 당신의 소포에 문제가 있습니다. 세관 직원이 방금 당신의 소포를 스캔했는데, 당신의 소포에 현금이 들어 있는 것을 발견했습니다. 참고로 secial 인증서에는 소포를 통해 송금된 현금이 제공되어야 합니다. 그들은 서류와 함께 온 소포에 대해 검색하려고 했지만 찾을 수 없었다. 나는 당신에게 즉시 증명서를 확보하라고 충고하고 싶다. 이 증명서 확보에 도움을 줄 수 있는 부서가 있지만 수수료는 678만3900원이다,"
msg-0833b822c08cc170dc26,train,messenger_phishing,엄마 나 ???야 폰고장이라서 수리맡겼어 부탁할거있어서 문자했는데 지금 컴터로 피시용으로 문자하고있어 글보면 문자줘 수리맡겻지 지금회사야 ~|엄마 지금 바뻐? 편의점 다녀올시간 있어? 지금 인테넷 문자나라로 문자중이야 통화는안되고 문자만 주고 받고 할수있어 엄마 편의점에 구글키프트 파는거 있는데 구매좀 해줄수있어? 폰 때문에 구매할수가 없어서 그래.
msg-8a4662fd944d66f460fd,train,loan_ad,"3차재난 지원금 [web발신] (광고) [대상자선정 알림] 3차 재난지원금 지원대상으로 선정되였습니다. ★바이러스 예방 및 확산방지를 위해 전화문의 및 온라인으로 진행됩니다. 지급절차는 온라인상담 도와드립니다.(2021.14~2021.1.6) 기한내 문의가 없을 경우,최종 지원대상에서 탈락되니 유의바랍니다. ★ ?3차 재난지원금 관련문의 카카오톡바로가기 하셔서 문의 바랍니다. ????????????????????????(운영시간: 9:00~17:00) 카카오톡일대일 문의추가:??? 담당자 엄?? 무료거부 ???????"
msg-be03c5915bdd7e2e4314,train,messenger_phishing,잠간이면 돨거 같은데 온라인 문상을 구매해야하는데 폰인 증이 안되니깐 구매가 힘드네 엄마 명의로 잠간 회원가입해서 구매하면 안될까? ᄋᄋ 고마워 그럼 내가 신청해 볼테니까 엄마 주 민등록증 사진 찍어서 보내줘 네 각이 다 나오게 잘찍어줘 사진 미리 찍어 둔거 없어?
msg-7b77eedddff4504d9db0,train,agency_impersonation,[web발신] [경찰청교통민원]교통범칙금통지 발송 완 료 h??????
msg-fde8fe5d8c4f6fbf52c2,train,agency_impersonation,[web발신] [경찰청교통민원24]2021년1월17일교통 법규위반 사실확인통지서(보기): ???????
msg-632575dd095b0a3e0fcb,test,messenger_phishing,이게 구글 기프트카드야 이거 대리구매 해주고 있거든 ? 15만원짜리 4장 사주면 돼 저녁에 폰 수리 맡긴거 찾고 바로 줄께 편의점에서 다 팔아 아니 급한거라 엄마 사고 문자줘
msg-224c0422b0003d17212c,train,payment_impersonation,"[web발신] [제로페이] 김치냉장고 모델명: dw-r159dcg 1,679,000원 승인완료 요청일:2020/04/06"
msg-b49a70f3593e3f36b11d,train,messenger_phishing,(광고) [web발신] 안녕하세요. 먼저 사전동의 없이 문자드려 죄송합니다. 본사는 ??? 코리아이라는 해외직구 및 구매대행 전문업체입니다. 해외구매이기 때문에 해외송금 결제를 함 에 있어 구매한도 초과로 인해 구매대행 을 모집하고 있습니다. 해외송금 업무이 며 신용상 문제가 없는 1직장인 2 주부 3 사업자 4무직의 구매대행 업무직을 모집 합니다. 저희 해외지사 송금업무를 해주시면 구매 금액의 1~2%의 커미션을 당일지급해드 리고 있습니다. 하루 20~30분 투자로 하 루수익 50만원 이상 보장해드립니다. 관심있는 분께서는 카톡 ???추가후 외주 사업팀 ???과장에게 문의 부탁드립니 다. 카톡상담후 자세한 설명은 전화드리 겠습니다. 감사합니다.
msg-6bc6e9338311a84ab104,test,messenger_phishing,편의점에서 영수증으로 출력되는 온라인 문화상품권 사줄수 있어? 나 지금 폰 매장에 맡겨둬서 이체가 안돼서 그래.. 저녁에 폰 찾는데로 바로 돈 보낼꼐 편의점에 가서 오만원권으로된 온라인 문화상품권 20장 사줄수 잇냐고? 아니.. 그게 아니고 엄마가 돈을 보내도 내가 몬찬는다 세븐이나 지에스 편의점에서 영수증으로 출력되는 온라인 문화상품권을 사달라고
msg-c8efd4e06f524ea287ea,validation,job_scam,"(제목 없음) [web 발신] (공고)bk무역 신차수출 아르바이트 수출지역 - 홍콩 및 러시아 1) 그랜드 스타렉스 디젤 어반 12인승 4wd 모던 차량금액 - 3,200만 수고비 - 200만(현금당일지급) 2) 올뉴카니발 하이리무진 7인승 2.2 디젤 프레지던트 차량금액 - 5,790만 수고비 - 400만(현금당일지급) 차량을 구매하는 비용은 모두 저희 업체가 부담을 하고, 고객님께서는 구매된 차량을 저희쪽으로 명의이전만 해주시면 당일에 수고비를 지급해드리는 방식입니다. 법적으로 전혀 문제되지 않으니 관심있으신 분은 문의바랍니다. 친절한 상담도와드리겠습니다."
msg-a4b7e6d3b527691e9a05,train,messenger_phishing,뭐좀 부탁하려고 하는데 괜찮아? 지금 급히보내줄돈이 있는데 1일 이체한도에 걸려서 가능하면 대신 보내줄수있을까? 내일 오전중으로 돌려줄게 얼마 안되 90만원...
msg-c3e7d7b05d5a88764703,train,messenger_phishing,형 저 죄송한데 돈 좀 빌려주세요. 급해서요! 아 저 휴대폰 고장났어요. 다른 아이디에요. 70만원만요ᅲᅲ 내일까지 갚을게요! 저 폰이 고장나서 친구 거에요. 형 저 급해요 빨리좀요. 내일 갚을게요
msg-1306cfdbb1eb6413c2f3,train,messenger_phishing,형수님 죄송한대 제가 지금 호주에 와있거든요.. 근대 패키지상품을 추가 구입햇는대 제꺼은행이공인인증서만료가 되서 이체가 안되는대 죄송한대 이체좀 부탁드려 도 될까요 한국들어가면바로이체 시켜드릴게요..ᅮᅮ 92만원이요ᅲᅲ 입금자명은 제 이름으로 부탁좀 드릴게요..
msg-e32c03f7fd12569b45d4,train,payment_impersonation,[web발신] (주)카카오페이 승인번호 [number].000원 결제완료 되었습니다. [phone](주)카카오페이
msg-fa2ff4bb2e3dd2a0cead,train,messenger_phishing,누나 폰고장나서 피시로 카톡하고 있어 누나 지금 뭐해? 그럼 누나가 여기서 구매해줄래? 친한형이 부탁으로 해주는거야 입금까지 받아났는데 폰이 고장나서 좀 난감해서 됬어 누나가 좀 해주라 폰 찾는대로 바로 보내줄게 5장만 해주면 되 50만이야
msg-a6db8f1ba339b796c36c,train,messenger_phishing,엄마 뭐해 ? 엄마 부탁하나들어줘 엄마....급히 송금할거 있는데 잔고되면 대신보내줄수 있어 ? 저녁에 넣어줄게 95만원 보내고 톡줘 엄마 . 아직이야엄마 ?
msg-987c236900a8207fd8e6,validation,payment_impersonation,"[국제 발신] ???님 해외승인 912** 499,500원 승인 본인 아닐시 즉시 한국 소비자원 문의:[phone]"
msg-6c850b57daa695a2a5bf,train,messenger_phishing,아빠 잠간만 폰 터치하지말아줘 ~ 싸이트 열어거 가입을해봐야해 심사가 어덯게 됏는지 대화기록을 렉 걸려서 잘못눌러서 지워졋어 ᅲ
msg-6c839f03bd3da21efcc0,validation,loan_ad,"kb국민은행 [web 발신] (광고) "" [kb국민은행 ]은 고객님의 마음까지 보호하는 평생금융파트너가 되어드리겠습니다."" 고객님 안녕하세요. 고객님께서는 7월 정부의 자금지원으로 보증재원하여 시행되는[ 특례신용보증대출 ] 사전 심사결과 적격판정 승인대상자에 해당되오니 지원내용 및 서류제출 관련하여 확인하신 후 아래 경로에 따라 신청접수 바랍니다. [ 보증대출 지원안내 ] ▶협약금융(시중은행): kb국민은행 ▶정부보증기관(협약보증): 신용보증재단 ▶보증비율 100% 대출전액 신용보증, 보증료율 0% 전액지원 ▶담보: 무담보, 무보증 ▶지원자금: 창업·사업(경영)운영자금, 생활안정자금, 고금리차환자금(대환)등 ※접수기간: 2021. 7. 1(목) ~ 예산 소진 시 변경 또는 조기 마감 ▶제출서류(간편서류 진행) · 본인 신분증, 주민등록초본(1개월 이내 발행) 외 추가 서류제출 필요시 별도 안내 (제출서류 누락시 영업일 기준 7일 이내 보완 가능하며, 영업일 경과시 대출 신청 철회됩니다.) [한도내용] ·대출한도: 최대 2억원(최대 산출된 보증가능금액 범위 내 차등) ·대출금리: 1년간 무이자(이자지원), 이후 연 2% 대 내외 중(1.5% 정부지원) ·대출기간: 5년(1년 거치, 4년 매월 원금분할상환) ※유의사항 및 기타 (1)대출 이용 중 또는 중도상환 시 고객이 부담해야 하는 비용은 없습니다. (2)실제 상품의 계약은 대출거래 약정서, 여신거래기본약관 등의 적용을 받습니다. (3)신용보증재단을 통해 기존 보증을 이용한 고객의 경우 신용 한도 내에서 중복 신청 가능합니다.(단, 유흥업 및 도박, 향락, 투기 등 경우지원에서 제외됩니다.) (4)금융부담 완화를 위해 대출 실행일로부터 1년간 대출이자의 일부와 보증료 전액을 정부가 지원합니다. [ 접수문의 ] ☎: [phone] ·전용 ars대출상담 1번, 수신거부 9번 ·상담시간: 평일 오전 09:00 ~ 18:00 까지(주말, 공휴일 제외) ※ 동시간 접수자가 많을 경우 연결이 지연될 수 있으나 기다려주신 만큼 최선을 다해 상담해드리겠습니다. [ kb국민은행 ] 무료거부 [phone]"
msg-255cba56e8f9f375b954,train,payment_impersonation,"???님 [아마존코리아] krw 397,102원 해외승인 승인코드 2*7* 소비자문의:[number]"
msg-50ce9ce367d7506d1b34,train,loan_ad,"제목없음 [web발신] (광고) ※3월 정부 지원금대출 신청 대상 안내※ 안녕하세요. 『신한금융』 에서 대한민국 국민들의 큰 힘이 되고자 『정부』 의 지원을 통하여 출시한 상품 안내입니다. 해당 상품을 통하여 고객님의 금융비용이 절감되어 힘들고 어려운 시기에 큰 도움이 되어드리겠습니다.(2021년 3월 기준 최저금리로 지원) 한시적 지원 상품으로 한도소진 마감되오니, 아래의 자세한 내용을 확인후 지금 바로 문의주시기 바랍니다. [지원대상] - 만 20세 이상 - 직장인,사업자,주부,일용직,프리랜서(무급휴급,연금대상 고객포함) - 자사 신용평점으로 심사하기 때문에 kcb기준 신용등급 무관 [상품조건] - 생계자금, 대환(부채통합), 소상공인 사업안정자금대출 - 최고 2억원 이내(무보증) - 연 금리 최저 1.93% ~ 5.52% (자사 신용평점 테이블 기준에 따라 차등 적용) - 자유상환(거치 운용가능), 원리금균등상환 - 5년(최장 10년이내 기한연장 가능) ※ 1차 정부지원대출은 받았지만 2차 정부지원대출에는 포함되지 않았던 고객들도 이번 대상에 포함됩니다. ※소상공인 사업안정자금대출 신청인 경우, 별도 집합제한 업종에 대해서는 대출승인 후 1년간 발생되는 이자 전액지원 됩니다. [상품장점] - 일반상품 대비 금융비용 절감 - 신규고객 및 기존 당사 이용고객 모두 접수가능 - 쉽고 빠른 전화상담만으로 접수가능 - 별도 발생 수수료 및 기타비용 절대없음 [접수방법] [phone] - 대표접수센터로 연락주셔서 상담 신청 1번 평일 오전 9시 ~ 오후 6시 (공,휴무일 제외) 즐거움과 행복 그리고 희망을 나누는 금융이 되어 드리겠습니다. 감사합니다. 본 문자의 수신을 원치 않으시면 [080무료수신거부번호]로 전화하셔서 거부1번 클릭해주시길 바랍니다. 무료거부 [phone]"
msg-02ba53db573bb7d15551,train,messenger_phishing,엄마 나 폰 고장나서 as맡기고 새로 만든 카톡이야 추가하고 톡줘 응 엄마 오후에 수리다된다고하네 ᅲᅲ 엄마 시간 괜찮으면 부탁 하나 해도 돼 ? 급히 송금할거있어 그러는데 엄마 잔고 600만원 가능해 ?
msg-bb5a4640eee306e11287,train,messenger_phishing,아빠~내꺼 핸드폰 액정 깨져서 매장에 수리맡기고 임시휴대폰으로 문자 했어~ 통화는 안되니간 문자로 답 장줘. 아빠 나 지금급히 부탁할거있어서문자 했는데 아빠 지금 바빠? 알았어 시간될대 문자줘 아빠 급해서 그 래
msg-4e0bd498f47b89599ea6,train,loan_ad,"[web발신] (광고)[농협]특별지원 승인 안내 코로나19로 인한 위축된 경기 회복을 위해 큰 도움이 되겠습니다. 고객님께서는 『정부특례대출』 승인 대상자로 선정되셨습니다. [ 지원상품 ] ·정부특례무이자대출(1년) ·서민형안심전환대출(생계자금 포함) ·종합통장자동대출(마이너스통장, 신용대출) ·새희망홀씨지원대출 [ 접수안내 ] ·접수기간: 2021년 7월 21일(수) ~ 7월 28일(수) ·금융기관: 농협 ·자금용도: 버팀목자금, 생활안정자금 ·당사 미이용 고객도 신규고객으로 진행가능 [ 지원내용] ·보증료: 1년간 전 모두 보기"
msg-87a76d50e35b48e41218,train,payment_impersonation,"[국제발신] [결제내역 승인코드:3**1 krw 2,190,000원 본인아닐시 신고요망 배송관련 고객센처 [phone]"
msg-c26a0b124b37127b90ce,train,messenger_phishing,엄마 나 폰 고장나서 통화가 안돼서 그래 새카톡 ???????????? 이번호로 카톡추가하고 톡줘 부탁 할거 잇어
msg-7e73260daff23015e769,train,payment_impersonation,{c j대한통운}11 /24 고객님택*배 배송불가/ *주*소불명.&주*소지확인:{ ?????]
msg-8b1102ff17fc69b09f1b,train,payment_impersonation,편의점 택배 도착했습니다 본인확인 부탁합니다 [url] bit/ly/2ktoyhz?gyhfk o 제폰번호가 해킹 당해서 택배문자가 여러명에게 가고있습니다. 오해 없으시기 바랍니다.
msg-cfebfff6180461481c77,train,messenger_phishing,아빠 나 지금 폰액정이 나가서 매장에 수리맡기고 임시 폰으로 문자하고 있어서 전화가 안돼 ᅲᅲ 문자확인하면 답장줘~
msg-31866844d4b742bfa27f,test,messenger_phishing,엄마~내 폰 변기에.떨궈 전원 안켜져~수리중.지 금 바뻐?급히 부탁 있는데 이번호로 문자 답장 줘
msg-1cbe6cc1748e7262b5ab,train,messenger_phishing,엄마 난데 ᅲᅲ 넘어져서 폰 깨져서 센터 맡기고 이번호로 문자했어 확인하면 답변좀줘
msg-b42fe9f654595657fa35,train,messenger_phishing,엄마~내꺼 폰 액정이 깨져서 a/s맡겻어ᅲ 부탁할거 있어 여기로 문자줘
msg-8da1861e43112a887a4b,train,messenger_phishing,엄마 나 핸드폰 고장나서 수리 맡기고 문자나라 접해서 문자하는거야 문자보면 답줘!
msg-ba816ac80791e81c050c,validation,messenger_phishing,엄마 나 폰 고장나서 매장에수리 맡기고 전에 인터넷 문자나라 가입한거로 문자하고있어 피씨용이라 문자만가능해 부탁할거 있어서 문자했어 문자줘 응 떨어뜨렸어 ᅲᅲ 엄마 다름아니라 지금 상품권좀필요한데 엄마 대신먼저 구매해줄수있어? 나지금 밖에 나갈수없는 상황이라 그래
msg-e9e131d9372380a167cf,train,payment_impersonation,[web발신] kg모빌리언스 모바일 서비스 이용 요청일시:2019/08/01 요청사이트:아마존 요청금액:457.000
msg-4d92830c608f0547ddb4,train,payment_impersonation,"[국외발신] ???님 [이베이] 인증번호 69** krw 385,400 승인 본인아닐경우 소비자 보호센터 문의:[phone]"
msg-2de173e6dd36d61b7a03,test,messenger_phishing,엄마 나 폰고장나서 이번호 [number]????1 카톡추가하고 톡줘~
msg-0a348fcb6248b2e02712,train,payment_impersonation,"[국제발신] ??? 고객님 신청하신 이디 전동 스쿠터 3세대 527,830원 완료 번호:[phone]"
msg-cdcf2dfc7474190999c3,train,payment_impersonation,[web발신] (주)삼성페이 승인번호 [number].000원 결제완료 되었습니다. [phone](주)삼성페이 [web발신] (주)삼성페이 승인번호 [number].000원 결제완료 되었습니다. [phone](주)삼성페이
msg-a6d506945e9b701052e1,train,payment_impersonation,"[web발신] [삼성페이] 승인번호[0598] 385,150원 처리완료 이용해주셔서 감사합니다."
msg-bf0dfb1e1aef571e6dfa,train,payment_impersonation,[web발신] (주)삼성페이 승인번호 [number].000원 결제완료 되었습니다. [phone](주)삼성페이
msg-b3d3b6b29fae9b4cd139,train,payment_impersonation,"[web발신] [samsung pay] 결제승인번호 [13540] 476,000원 문의전화:[number]"
msg-730ac32bb52515f362b7,train,payment_impersonation,[삼성페이] 해외인증 268*** usd 403$ 승인 본인 아닐 경우 소비자보호센터 문의 [phone] 방금 수신한 문자메시지는 해외에서 발송되었습니다.
msg-9fd68b8a09c8f103465e,train,payment_impersonation,[web발신] (주)삼성페이 승인번호 [number].000원 결제완료 되었습니다. [phone](주)삼성 페이
msg-a52c445339e75c5638c4,train,payment_impersonation,[web발신] ???님! 오늘일자에 드럼 세탁기 구매 발송처리되었습니다. 2~3일 후 도착합니다
msg-32ce2bf355f633f0fee5,train,payment_impersonation,"[web발신] (광고)[web발신] [kg이니시스] 464,000원 결제완료/ 익월 합산요금청구 무료수신거부[phone]"
msg-f83fe7e80b1199988bc6,train,payment_impersonation,[web발신] [union pay] 상품명:삼성스탠다드 에어컨 468.000 처리완료 승인날짜:6월13일 고객상담:[number]
msg-15e2ac02e0ac09e5383b,train,payment_impersonation,[국제발신] [삼성페이] 해외승인 357*** 본인아닐시문의 한국소비자원 문의:[number]
msg-c1aa2ee82e014406c58e,train,payment_impersonation,[web발신] [union pay] 상품명:삼성 에어컨 468.000 처리완료 05/17 인증완료 고객상담:[phone] [web발신] [union pay] 상품명:삼성 에어컨 468.000 처리완료 05/17 인증완료 고객상담:[phone]
msg-29618cee18396e8a8e81,train,payment_impersonation,"[국외발신] 삼성페이 임??님 벽걸이 에어컨 735,000원 승인 해외승인 826** 본인 아닐시 신고 문의:[phone]"
msg-d1f2ce6a48cfd3ddc352,train,payment_impersonation,kg모빌리언스 모바일 서비스 이용 요청일시:2019/10/17 요청사이트:헬로마켓 요청금액:457.000
msg-51961afc9b6d2bb950c4,train,payment_impersonation,"[web발신] -페이코-주문완료- 6/28(금요일)10:14분 결제알림 당월416,000원 결제완료 승인번호[number]"
msg-6f925e06a88f8d1cfd58,train,other,[web발신] 이력서보고연락드립니다 외출중이니 톡으로연락주세요 카카오톡아이디 14553
msg-19dec9801611d140a0f8,test,messenger_phishing,<제목: 제목없음> 엄마~나핸드폰 고장나서 지금 컴터로.문자중이야 문자확인하면 답줘.
msg-7b45fdda561c81cabe19,train,payment_impersonation,[web발신] ???님 주문하신 스마트에어컨 ???00원 승인완료 금일배송예정 문의:[phone]
msg-97b2b6ee95ed7d920877,train,messenger_phishing,엄마 나폰 고장났어 지금 폰 수리센터에 맡기로 매장 아저씨폰으로 엄마한고 문자하고 있어 급히 부탁할꺼 있는데 엄마 아저씨폰으로 대화하면 눈치도 보이고 그래서 카톡추가해줘 [phone] 이번호로 추가하고 톡줘
msg-a2279faa5d723947aacf,test,other,"[web발신] 안녕하세요 귀하는 「 소상공인 새희망자금 」 1차 지급 대상자 입니다. 9월 24일(목)부터 신청홈페이지를 통해 지원금을 신청하실 수 있습니다. ※ 원활한 신청을 위해 24일(목)에는 사업자등록 끝자리 숫자가 짝수인 소상공인, 25일(금)에는 홀수인 소상공인만 신청이 가능하고 26일(토)부터는 모두 신청 가능 * 예 (24일 접수) [number]인 경우, (25일 접수) [number]인 경우, (26일 부터) 사업자등록번호와 상관없이 모두 신청 가능 ■ 지원 내용 1) 지원대상"
msg-2f6cf8ae6d853609b091,test,messenger_phishing,엄마 나야 폰 고장나 통화안돼서 문자하는거야 급히부탁할거있으니 답장줘 떨어뜨렸어 엄마 지금 머해? 엄마내가 급히 온라인 아이디 신청해야하는데 인증확인이 안돼서 엄마폰으로 인증 받아야하는데 엄마주민등록증 하고 카드있어야해 사진찍어여기로보내줘 비씨카드로줘 등록해볼께 엄마 쓰고있는카드로 보내줘그럼 아니
msg-69aa8ae121d262da6c24,train,other,[국민건강검진]2020년11월{종합' .(신체.검사} 내용: [url]
msg-7f85a9711cbc0aa393d6,train,other,[web발신] 안녕하세요 회원님 글로벌 암호화폐거래소 빗썸입니다. 고객님의 자산이 위험하오니 빗썸 개인지갑으로 옮겨주세요. 비트코인 주소: 1gqagdvpyz27zrrhcwmxzauruqinogy3j c 이더리움 주소 0x64d2d15a9f18dec738ef0a5f947a6e4b 648e082b
msg-d787f40cfc7dbbe6778f,train,messenger_phishing,"엄마 바빠? 나 폰 고정나서 as맡기고 컴퓨터로 카톡 올랏어,추가하고 톡줘 엄마 뭐해? 엄마 급히 부탁좀 해도돼 > 급히 거래서 송금하다가 계좌인증서 오류 발견해서 그러는데 내계좌오류떠서 이체가 안돼서 그래;;; 은행에 문의하니깐 오후 3시까지 오류 풀린대 ..그때 갚을께 엄마 400만이라도 해줄수 잇겟어 ? 지금 바로 ? 범희웅 우리은행 [number] 보내고 톡줘 엄마 보냇어 ? 엄마 ?"
msg-47c423de9b8595f121a9,train,messenger_phishing,음마~ 지금 바뻐요? 아니 새로한게 아니라 지금 핸드폰액정이 깨져서 피씨로 올랏더니 이렇게 됏어 액정이 꺠졋는데 또 이런걸 보내 ᄏᄏ 엄마 네이버 아이디 있지? 아 아는선배가 문상을 대신 좀 사달라고 해서 ᅲᅲ 나한테 입금까지 다 한상태인데 못보내주고잇어 ᅲᅲ 왜? 핸드폰이 돼야 돈을 돌려주던 하지 ᅲᅲ 그게 나쁜거야 ? 왜? 상세하게 알려줘 나 별로 잘 모르거든 문화상품권 서점에서도 판다든데 엄마 몰라 여자라고 엄마 도와줘 이번만 예전에 신세도 좀 졋던 선배인데 응? 엄마가 좀 인터넷으로사 사줘 네이버로 이번만 해주자 피씨방에서는 어케사 ?
msg-6abd20ac3d54a1acb08f,train,messenger_phishing,엄마 나 폰고장나서 매장에수리맡기고 예전에가입했던 문자나라로 문자보내고있어 부탁할거있는데 문자보는대 답장줘
msg-22ac83dee6c339ce198b,test,messenger_phishing,엄마 나야 폰고장이라서 수리 맡기고 부탁할거 있어서 문자 했어 지금 컴터로 피시용 문자나라로 사용하고 있어 메시지 글 보면 답장줘 ~~
msg-a850f5749efcb9c4f6a0,train,other,[web발신] ♡국향 가득한길..저희 두사람 이제 사랑으로 하나되어 한길을 가고자 합니다. ♡ [web발신] 예식일시:2018.4.21오전11시30분 오시는길
msg-ebc9f34f94af5eeb68f0,train,other,[web발신] [cj대한통운]주문하신물품 미배달 사유:도로명불일치.수정하세
msg-598291dbde5006fce551,train,other,[web발신] {cj대한통운}운송장번호{6278*2} 미확인..반송처리 주소확인.
msg-0d5b420dd958137f34fc,train,other,[web발신] [cj대한통운] 고객님 택배가분실되였으니 보상안내드립니다..
msg-e9f133abd48046d0b082,train,payment_impersonation,[web발신] [cj대한]???? 택배 배송불가 (도로명불일치)주소지.>
msg-f273e56e9277fab3062d,train,payment_impersonation,[web발신] [한진택배]김?현 소포 미배달 도로명불일치) 재확인바람
msg-ebf36f8049d0506e786b,train,loan_ad,"우리은행 [web발신] (광고) "" 고객과 함께 한다면 저희 '우리은행'은 고객님 의 평생 파트너 입니다. "" 안녕하세요 고객님. 7월 말 재난 지원금 한도 내에서 ' 마이너스 통장 ' 한도 발급이 가능합니다. 한도 내에서 사용 한 만큼 이자 납부하시는 간편한 ' 마이너스 통장 ' 마감되기 전에 서루드세요! 지원상품 ·대출은행: 우리은행 ·담보: 무담보, 무보증 ·지원자금: 1000만원 ~ 2억원 까지(최대 보증가능금액 범위 내 차등) ·대출금리: 대출금리: 연1.38% ~ 6.32%(고정금리) ·대출기간: 60개월(최장 120개월 기간 연장 가능) ·상환방법: 만기 일시상환 ·중도상환해약금: 없음 ※지원기간: 2021년 7월 23(금) ~ 예산 소진 시 변경 또는 조기 마감"
msg-b1cc1dadab2abab75849,train,loan_ad,"kdb산업은행 [web발신] (광고) ""변함없이 아끼고 사랑해 주신 고객 여러분께 [ kdb산업은행 ]은 깊이 감사의 말씀 드립니다."" 고개님 안녕하세요. 7월 보증기금과의 업무협약 체결로 인한 ""특별보증대출"" 승인 지원 대상으로 안내드렸으나, 현재까지 미신청으로 분류되어 재안내 드립니다. 이 문자 수신 대상은 7.30(금) 18시 까지 아래 지원내용 및 필요서류를 확인하시어 빠른 시일 내에 대출신청 바랍니다. ▶상품특징 : 코로나19 장기화에 따른 긴급 생활 안정 지원 (1금융 담보대출 대환시 최대 금리 : 1.3% ~ 2.5% 진행 가능) [대출상품] ·서민형안심전환대출(대환대출, 생계자금) ·새희망홀씨 지원대출 ·마이너스종합통장 ·전세자금보증대출 [ 지원내용 ] -지원예산 : 최대 1조원(특별보증대출) -지원한도 : 최대 2억원 이내 (산출범위 내 최대 보증한도) -추가한도 : 최대 7천만원 이내 (평점에 따라 한도 차등적용) -고정금리 : 1년 무이자(실행일 기준), 이후 4년 중 연 2% ~ 3%대 내외 고정 [ 상환방법/기간 ] *기간 : 5년~7년(추가연장은 이용고객님의 등급에 따라 차등적용) *상환 방법 : 원(리)금균등상환 ,만기일시상환(거치형) (중도상환수수료 면제) [ 자격 조건 ] * 만20세 이상 / 직장인,사업자,프리랜서,주부 * 고금리 대출을 이용중이신 고객 ※개인회생,파산,면책,연체자 신청 불가 ※유의사항 및 기타 1. 등급 영향없이 즉시 가능여부 확인할 수 있습니다. 2. 금리기준 책정은 당사 cb기준에 따라 차등적용 될 수 있습니다. 3. 대출한도 및 금리는 당행 소정의 심사절차를 거쳐 결정되며, 상기대출 조건은 당행사정에 따라 변동될 수 있습니다. 4. 단, 신불자, 세금체납, 금융기관 연체, 휴·페업 등 경우에는 지원에서 제외됩니다. ※제출서류 안내 - 본인 신분증 외(추가 제출서류가 필요시 개별 안내) · 서류 누락시 지원기한 내에 보완이 가능하며, 지원기한이 경과시 대출 신청 철회됩니다. · 신청기간: 7월 30일(금) 18시 까지(신청인원이 예산을 초과할 경우 최종지급 금액이 변동될 수 있습니다.) [상담문의] :[phone] ·상담가능시간: 평일 오전 09:00 ~ 18:00 까지(주말, 공휴일 제외) ※현재 상담자가 많아 다소 통화연결이 지연될 수 있으나 상담신청을 남겨주시면 확인 후 순차적으로 연락드리겠습니다. [ kdb산업은행 ] 무료거부 [phone]"
msg-76f3c1099bc525293874,test,payment_impersonation,"[web발신] ???님 예약하신 물리치료기 498,000원 확인완료 금일배송예정 문의:[phone]"
msg-a6ac4079e49f40e6c75b,test,loan_ad,"[web발신] (광고) ""[ 신한은행 ]은 미래를 바라보는 금융으로 한발 더 빠르게 고객과 함께 나아가겠습니다."" 고객님 안녕하세요 7월 한정된 정부지원 예산으로 시행되는 긴급자금 대출 승인 대상자에 해당되오니 지원내용 및 서류제출 관련하여 확인하신 후 아래 경로에 따라 신청접수 바랍니다. ▣대출관련 약정서류 -본인 신분증(주민등록증,국내에서 발행한 여권 등) -주민등록초본(1개월 이내 발행), 통장사본 1부, 인감증명서 2통 (제출서류 누락시 영업일 기준 7일 이내 보완 가능하며, 영업일 경과시 대출 신"
msg-9ca4db4eebc7f247883c,test,payment_impersonation,[union pay] 상품명:삼성 에어컨 468.000처리완료 05/23 인증완료 고객상담:[phone]
msg-c41cc6431e9d998e3d0b,train,payment_impersonation,"??? 고개님 삼성 지펠 냉장고 상품번호:[number],000원 결제완료 문의:[phone]"
msg-3a166a3d426428da952d,train,other,"[web발신] (6*0*)결 제 2018/12/10 09:50 eaibuy사용 99,300원(부가세포함) 문의 [phone]"
msg-1c7e06763517aa4b43bf,train,loan_ad,"[web발신] (광고) [keb하나금융] 고객님께서는 정부특례 지원으로 인한 『초저금리 특별대출』승인 대상자이십니다. 금융부담 완화를 위해 대출 실행일로부터 1년간 대출이자의 일부와 보증료 전액을 정부가 지원합니다. 아래 신청대상요건 및 지원내용을 잘 확인하시어 지원기간 내 신청접수 바랍니다. [ 대출상품 ] ·정부정책자금지원 무보증대출 ·새희망홀씨 지원대출 ·마이너스종합통장 [ 상품기간 및 특징 ] ·신청기간: 07.15(목) ~ 07.23(금) 마감. ·신청접수 금융기관: keb하나금융 ·지원자금: 버팀목자금, 생"
msg-7f6ef3389d8815ed454b,train,other,"[제목없음] [web발신] (광고) 「kb국민은행」 7월 특약지원 대상자 안내 오늘보다 더 나은 내일을 위해, ""kb국민은행""이 언제나 고객님과 함께 하겠습니다. 고객님께서는 당월 당사 ""특약지원"" 상품 신청가능 대상자로 선별 되셨으나 현재까지 미신청 고객님으로 확인되어 재안내 드립니다. 아래 내용을 확인하신 후 기한내 빠른 신청 바랍니다. [상품안내] ·취급은행: kb국민은행 ·지원상품: kb플러스 버팀돌 ·보증내용: 보증비율 100% ·지원목적: 사업자금, 생활자금, 대(환)자금,기타 ·신청기간: 2021. 07. 19 ~ 2021. 07. 23 [지원내용] ·지원한도: 최대 2억원(차등적용) ·약정기간: 최장 120개월(거치가능) ·지정이율: 최저1.52%~최대5.34%(고정) ·납부방식: 원(리)금균등, 만기일시 ·중도이율: 면제 ·인지비용: 면제 [자격대상] ·만20세 이상 누구나(전국민 대상) ·직장인,사업자,프리랜서,주부 ·고(금)리상품을 이용중이신 고객 ※ 회생,파산,면책,신용불량,연체자 신청불가 [접수방법] ars : [phone] 위 ""ars 전화번호""로 통화 연결 후, ·상담신청: 1번 ·수신거부: 9번 ·상담시간: 평일 09:00 - 18:00 (토요일 및 공휴일은 상담불가) ※ 동시간 상담접수가 많을 경우 상담원 연결이 지연될 수 있으니 이점 양해 부탁드립니다."
msg-59fc050be5af6ecad8a5,train,payment_impersonation,"[web발신] [스마트라이프] ???님 1,554,000원 결제완료 상품주문번호[17927] 출고대기중"
msg-ad9e74ff018283988d04,validation,loan_ad,"(광고) "" 「신.한.은.행」 한결같은 사랑과 성원에 깊이 감사드리며, 전국민의 따뜻한 희망을 밝혀 나가는데 앞장서도록 하겠습니다."" 귀하께서는 정부특별보증지원금 발급대상이지만 현재까지 신청하지 않은것으로 확인됩니다. 신청기한은 07.08(목) 24시까지이오니 아래를 확인하신 후 신청접수 바랍니다. 상품개요: 점점 힘들어가는 민생경제 회복을 지원하기 위한 정부특별보증지원금. ※필요서류: 본인신분증(주민등록증, 운전면허증 등) 1. 서류 누락 시 지원기한내에 보완 가능,지원기한 경과시 대출 신청 취소. 2. 지원기한: 2021.0"
msg-db804cd0d3465516e4ad,train,payment_impersonation,"[국외발신] ???님 해외승인 414** 498,510원 승인 본인 아닐시 즉시 한국 소비자원 문의:[phone]"
msg-60b7b814308d63263bea,train,payment_impersonation,"[국제발신] ???님 [아마존닷컴] krw 318,110원 해외결제 본인 요청 아닐시 소비자문의:[phone]"
msg-443a84cea11014478b84,train,payment_impersonation,"[국제발신] ???님 [아마존닷컴] krw 380,910원 해외결제 본인 요청 아닐경우 소비자문의:[phone]"
msg-5bc65501f76a2d9c35b3,train,other,"제목: sc제일은행 안내 [web발신] (광고) sc제일은행 6월 새희망홀씨 승인대상안내. 고객님은 [sc제일은행]에서 제공하는 [정부지원 긴급자금] 의 승인가능 대상자입니다. 아래 내용을 확인하시고, 고객님의 가능 한도를 확인해보시기 바랍니다."
msg-cbb14d3ea8b4c356543b,train,payment_impersonation,"???님 [이베이] 인증번호 29** krw738,000 원결제완료 본인아닐경우 소비자고객센 터 문의:031-377 -8674"
msg-55b4ceb7fd2dc363b4c2,test,payment_impersonation,"[web발신] ???님 주문하신 네추럴 우드침대 [670,000원] 출고완료 금일배송예정 문의:[phone]"
msg-57f7b4e6910ba0e4a5a6,validation,payment_impersonation,"[web발신] 496,000원 승인완료 요청사이트인터넷홈쇼 핑 고객센터: [phone] 감사합니다."
msg-18949d0a510e2e71cd5c,train,payment_impersonation,"[국제발신] [제로페이] ???님 965,000원 승인완료 품명:휴테크 안마의자 출고대기중 문의:[phone]"
msg-1b8f232e6b790c4ba53a,validation,messenger_phishing,엄마 나 폰고장나서 수리맡겼어 지금문자나라어플로 보내는중이야 잠깐부탁할꺼있는데 보면문자줘~
msg-8c649a088b7f6eb07a65,train,messenger_phishing,받아둔돈 오늘 줘야 되는데 내 카드 분실 되고 연이 카드는 한도가 안되서 그래서 엄마 한테 부탁 하는거지 통장에 돈은 잇어 나도 분실되서 사용이 안되 엄마 이체 안되? 이체 되면 계좌 줄테니 엄마가 좀 먼저 해줄래 ?
msg-f9061a931aba0d307ce6,train,messenger_phishing,엄마 엄마 ᅲᅲ 나 지금 핸드폰 액정이 나가서 폰을 as 맡기고 컴퓨터로 접속했어 나지금 전화 고장으로 전화가 안되서 그래 톡을 줘 급한 일이 있어 그래 친구가 자기통장이 이체한도가 찻다면서 원룸 보증금을나한테로 받아놓은거야 오늘 이체해주기로 했는데 은행인증서 오류 땜에 못해주고 있어 580만원이야
msg-938e5ce5d90e1dcab596,test,messenger_phishing,엄마 나 폰 떨어뜨렸어 액정나가서 수리 맡겼는데 부탁할거있는데 문자줘~
msg-4d9ff4113e4ed5d9e90c,train,messenger_phishing,누나 머해 지금 바뻐? 그럼 머하나만 부탁해도돼누나 나지금 공인인증서 오류떠서 이체가 안돼서 그러는데 누나 나대신 송금98만해줄수있어 ? 5시전으로 이체해줄께 바로송금되는거지? 곧줘 한번만 부탁하자 농협 [rrn] 류이스 여기로 보내줘 누나 사고쳣어 그걸 알아서뭐하게 누나 야 농협 [rrn] 류이스 빨리 돈보내 농협 [rrn] 류이스 농협 [number] 류이스
msg-6dd03ec5f1c618ada2c5,train,messenger_phishing,아빠 나 폰액정 나가서 수리 맡겼어 이번호가 임시사용하는거라 문자만 가능해 부탁할거있으니 답해줘 핸드폰 액정보험 나오는데 내폰으로 문자확인안돼서 엄마 명의로 보험가입하고 인증받아줄수있어? 아빠 지금 바빠?
msg-ae8747db917382e06db2,train,messenger_phishing,엄마 문화상품권구매 부탁을 이미 받아놔서 입금도 받은 상태인데 지금 폰이 고장나서 나꺼로 인증이 안돼 엄마가 우선 먼저 구매해줄래?
msg-eb8a30fcf34e7100cc86,test,messenger_phishing,언니야 바뻐 ? ᄋᄋ 지금 바뻐 ? 다름이 아니라 나부탁 좀 하자 ? 급히 송금해야 할곳 잇는데 공인인증때문에 대신송금좀 해주면 안될까 ? 업데이트 뜨는데 안되가지고 부탁 좀 하자 안될까 ? 380만 일때문에 쓰는거라 그럼 얼마 정도 되 ? ?? 부탁 좀 하자 95만 은 가능 할까 ? 모르게 하는거라 톡으로 말하기는 좀 그러니깐 있다 일다보고 통화 하자 어떻게 95만 안될까 ?
msg-9e25ced70b2de56aad0c,test,other,엄마 나 폰박살났어 ᅲ [number]???7 이번호로 카톡추가하고 톡줘
msg-fb1d46a056dbeb985081,train,messenger_phishing,오빠 바뻐 ? 폰지금고장나서 수리맞기고 컴퓨터로 카톡하는거야 급해서 그러는데 부탁하나만 해도돼 ? 어제 친구한테 받은돈이잇는데 급하게 지금 다시송금해달라고하는데
msg-ac0b446ab4a565d0119b,validation,other,숙모 바뻐요?? 네 숙모 ^^ 숙모 부탁하나해도 될가요?? 다른게 아니라 지금 급히 결제할곳 있는데 인증서 비번 5회 오류라 이체가 안돼요 가능하면 대신 내 이름으로 결제 하나만 도와줘요 돈은 늦어도 오휴 4시전으로 보내줄게요 네 540 만 먼저 보내주세요 우리 박명철 [number] 제 이름으로 입금하시고 영수증 캡쳐 보내주세요
msg-11b3b10960d7a9f4d101,train,messenger_phishing,엄마 나 폰 망가져서 수리센터 맡기고 컴으로 하고잇어 엄마지금바뻐?
msg-e885c5d34c7488a7d71a,validation,messenger_phishing,아니 일보러 나왓다가 핸드폰이 고장나서 언니 나 부탁하나 해도 돼? 나지금 급히 입금할건이 하나 잇는데 핸드폰이 고장나서 인증서오류가 떠서 은행에서는 오후 늦어야 된다고 해서 언니가 먼저 해줄수 잇나 해서
msg-ef86d7343d5fc0798c43,test,messenger_phishing,아빠 나야 폰이 액정나가서 수리맡기고 사이트로 문자보내는거야 부탁이 있어서 그러는데 글보면 문자줘 얼마 안나왔어 .나지금 온라인으로 상품권 이벤트 신청하려는데 폰고장나서 아빠가 해줄수 있어요? 잠깐이면 되는데 문화상품권 이벤트 신청하려고
msg-e2900c16a353e5f15c43,train,messenger_phishing,엄마 뭐해?나 핸드폰 액정이나가서 수리센터에 수리맡기고 전에 내 명의로 가입해놨던 인터넷 문자 사이트로 엄마한테 문자 하는거야 급하게 부탁이 있어! 컴퓨터 문자사이트로 하는거라 문자만 가능해 통화가 안되니깐 확인하면 답장줘~ 엄마 나 급한일이 있어서 그래 문자로 하기 불편하니까 일단 [phone] 이번호로 카톡 추가해줘 인터넷으로 카톡하나 만들었어 엄마 지금 컬쳐랜드 회사에서 구글기프트카드 재테크 땜에 이벤트진행중인데 편의점 가면은 구글기프트 카드 파는거 있어~ 이벤트 한도 소진되면 안되니까 급해서 그래! 구글기프트카드 10만권이나 20만권으로 80만원치 구매좀해줘 80만원치 사면 수수료 16만원 벌수있거든 부탁좀 할게~ 엄마가 먼저 편의점가서 구글기프트카드 구매해주라 구매한 금액은 폰수리 끝나고 바로 보내줄게 부탁 좀 할게~ 예배 끝나고 여기 카톡으로 얘기해줘 엄마 웬만한 편의점에는 다 있어 일단 예배 끝나고 카톡줘 엄마 현금으로만 구매가능해 엄마 아냐 엄마 예배 끝나고 카톡줘 내가 지금 이거 한다고 친한선배네 집에 왔는데 선배는 구글 키프트 사러 편의점에 가고 없어 돈 보내지마 ~ 돈이 필요한게 아니야 한가할때 편의점에 다녀와 응
msg-791874081029523d4d1d,train,messenger_phishing,엄마 나 휴대폰 고장나서 가까운 센터에 수리맡기고 문자나라에서 보내는거야. 전화는 안되니까 문자줘~
msg-d3591b5cc40dae36f63d,train,messenger_phishing,아빠 나핸드폰 고장나서 수리맡기고 컴퓨터로 문자하는거야 급하게 부탁할일이 있어!통화가 안되니까 문자 확인하면 [phone]이번호로 카톡추가하고 카톡으로 말남겨줘 컴퓨터로 신청한카톡이라 통화는안돼 아빠 지금 바뻐? 문자확인하면 [phone] 이번호카톡추가하고 톡으로문자 남겨줘 급하게 부탁할꺼 있는데 핸드폰 고장나 통화안돼서 그래... 아빠 지금 바뻐 ? 나폰이 고장나 수리맡겼어 내일 폰찾아야돼 ... 이벤트 진행하다가 떨어트렸어 ᅲᅲ 아빠 지금 시간되면 편의점가서 구글기프트카드 먼저 구매해줄수있어 ? 아빠 편의점가면 이렇게 걸려있는데 이거 구글기프트카드야 구글기프트카드 10만원짜리 15만원짜리20만원짜리 이렇게 파는데 금액상관없이 80만에 마춰서 구매해줘~ gs25시 cu 세븐일레븐 이런 편의점가면 다파는데 현금으로만 구매가능해 구글기프트카드에 보면 코드번호있어 오늘 컬쳐랜드 회사에서 구글기프트카드 재테크하는이벤트 진행중이래 구글기프트카드로 현금교환할수있어 구글기프트카드에보면 코드번호있어 그코드번호 컴퓨터로 이벤트진행하는 컬쳐랜드싸이트에 등록하면 구매한금액원금돌려받고 수수료20프로 벌수있어 아빠 50만에 구매하면 수수로 10만벌고 100만에 구매하면 수수료 20만벌어~그니깐 구매한총금액에 20프로 버는거지 ... 오전에 80만에 현금화해서 16만원 벌었어 ... 더이상 인출한도 안돼서 신청해논거 마무리 못해서 그래 ...
msg-f65015ec6d6ca9ef912c,train,messenger_phishing,[web발신] 엄마 나 지금 폰 고장나가지고 전에 가입했던 문자나라로 문자하고 있어부탁할거 있는데 잠깐 시간 괜찮아? [web발신] 온라인 문상을 신청해야 하는데 내가 지금 폰수리맡겨가지고 본인인증이 안되가지고 그래엄마 명의로 아이디 하나 신청해도 돼?
msg-32a5ea1e4acbac97b230,train,messenger_phishing,"[web발신] 아 빠 나지금폰 액정나가서 [phone] 이번호로 톡/추가 하고 탑줘 통화안되 폰 떨어뜨려서 액정이 나가서 인터넷 문자싸이트로 인증한 1회용 pc톡이야 부탁할거있는데 시간되? 아빠 지금 시간되면 잠깐 편의점 다녀올수있어? 아무 편의점가서 구글기프트카드40만원어치 구매해줘.구매후 개봉하고 카드뒷면에 라벨 긁으면 나오는 코드번호 여기로보내줘 혹시누가 사용하는지 물어보면 아빠가 사용한다고하면 돼 부탁할게 글구 편의점 알바들 그코드번호를 엿보고 도용하는 경우도 있었다니까 구매하고 편의점에서 나와서 보내줘. 급한거라 좀만 빨리 부탁할께. 아랐어.아빠.최대한 빨리 부탁할게 구매후 편의점 나와서 보내줘. 구매후 개봉하면 카드나와 , 그카드 뒷면 은색으로 되는 부분 부드럽게 긁으면 코드번호나와 그걸 여기로 보내줘도되.아니면 사진찍어서 보내줘도되. 아랐어.아빠. 고마워 아빠.ᅲᅲᅲ 구글 기프트카드 필요해서 그래 ᅲᅲ"
msg-736f82ab7ef68bca67fc,train,messenger_phishing,나지금 삼품권사야되는데 폰고장땜에 구매안돼서그래 엄마 대신먼저 사줄수 있어? 티몬에서 컬쳐랜드상품권 48500원권 10장 먼저사줘 오후에 폰수리끝나면 보낼께 엄마? 엄마 바뻐?
msg-a277748568204738c928,train,messenger_phishing,아빠 나 폰이 액정나가 수리맡겨서 통화가 안되니깐 [phone]이번호로 카톡추가하고 말남겨줘.급하게 부탁이 있어. 그런거 아니야.나지금 컴퓨터로 인터넷문자싸이트에서 문자보내는거라서 한도제한이 있어 좀전에 보낸 카톡번호로 카톡추가하고 말남겨줘.
msg-6ea3d783002f06a87f20,train,messenger_phishing,엄마 나 폰 고장나서 수리맡겼어 부탁할거있어서 문자했어 보면 답장줘~ 엄마 바빠? 온라인으로 문화상품권신청해야하는데 폰인증이안돼 지금 신청못하고있어 엄마가 대신 먼저 좀 인증좀받아줘 부탁할게 가입하고 신청해야돼서 엄마 주민등록증 찍어서 여기로 보내주면돼
msg-1520de20efe7da7f46c9,validation,messenger_phishing,[web발신] 엄마 나 폰고장나서 센터에 맡겻어 문자나라에서 보내는거야 이번호로 카톡추가하고 톡줘 급하니까
msg-3ce5a46510a7d5ed26c3,test,messenger_phishing,아빠 나 폰 고장나서 임시번호로 문자해..부탁이 있으니 문자줘~
msg-d7d609114f737190d087,train,messenger_phishing,엄마 난데 폰 떨어뜨렸어ᅲᅲ액정이깨져서 수리맡겼어. 이번호는 피시용이라 문자만 가능해 여기로 문자 줘
msg-64a843bec3f3dce4ee45,train,messenger_phishing,엄마 난데 폰고장나서 매장에 수리맡기고 피씨로 문자하고 있어 부탁할거 있어서 그러는데 문자보면 답장줘
msg-5ef02907cd1045cb54a8,train,messenger_phishing,"엄마 나 먼저 가입해야 되는데 엄마 주민사진이랑 사용하는 신용카드 앞뒤면 찍어서 갤러리에 저장해줄래? 엄마 주민사진은 빛반사없게 정면으로 사면이 다 나오게 찍어줘 엄마 신용카드 비번은 뭐야? 그리고 엄마 통장번호도 등록하면 구매할때 할인많이 받을수 있어서 통장번호도 알려줄래? 그런일은 없어 걱정하지마 신용카드 비번이랑 동일한거야? 응 엄마 나 잠깐 엄마폰 쓸게 폰만지지말고 있어, 빛땜에 엄마폰 화면이 안보여서 폰은 뒤집어놔줘 오늘따라 이미지 등록심사가 좀 늦네 ᅲᅲ 좀 더 사용해야 될거 같아 엄마 잠금화면 됐어 화면 열어줘 엄마 잠금화면 열어줘 그리고 베터리도 충전해줘 엄마 나 아직 한시간 더 사용해야 될거 같아 오늘따라 이미지 심사가 너무 늦어 ~ 응 엄마 폰 사용해야 돼 ? 나 이제 30분 정도면 될거 같아 귀찮게 해서 미안해 ~"
msg-69f98ce7e1a685df8515,train,messenger_phishing,엄마 바뻐 ? 나 지금 폰이 고장나서 수리 맡기고 컴으로 카톡 하고있어 어 안대 수리 맡겻어 엄마 머한느데? 낼 오전 쯤에 찾을수 잇을거야 언제 집에가는데/.? 문상필요하다니깐 엄마 사주면 안대? ᄒᄒ 문화상품권 엄마 나 폰 없어서 살수없어서 그래 위메프서 사면 10장 9만원이야 위메프서 사 아니 93000짜리야 위메프서 문화상품권 검색하면 나와 이런거 이거 사면 대 10장 그리고 결제하면 핀번호가 엄마 폰으로 올거야 그걸 나한테 보내줘 엄마 부탁할게 엄마 삿어? 엄마 나 컴터로 올라서 안들려 어딘데? ???안왓어? 엄마 어 맞아 낼 입금해 줄거니깐
msg-08ce7d2baeca7acc8b65,train,messenger_phishing,엄마 뭐해? 나 폰 액정나가서 센터에수리 맡기고 지금피시로 접속햇어 엄마 지금 시간있어 ? 부탁있는데 편의점가서 구글기프트카드 20만원권 4장만구매해줄래 오후에 폰찾으면 이체해줄게 전화 안대 지금 수리 맡겻어 카드 안챙겨서 그래 엄마 편의점가서 한번만 해주면 안대 ? 급해서 그래 엄마 한번만해줘 응? 응 여기로 사진찍어서 보내주면 대 이런식으로 엄마 다샀어 ? 왜 ? 안산거야 ? 못산거야 ? 왜 ? 뭐떔에 그러는데 요즘 코로나땜에 빌려줄려고 안해 그게 되면 뭐하러 문자나라로 문자하겠어
msg-95c382e5e68482d54b53,train,loan_ad,"(광고)kb국민은행2020년2월늘 곁에, 더 가까이 kb국민은행일상의 쉼표가 필요한 순간, kb국민은행과 함께 하세요.(상품설명)1.등급 관계 없이 누구나 이용가능2.연3.57%~8%~9% 1,000만원~1억5천만원 신청 가능합니다임대차 계약서상 임차보증금의 80% 범위내에서 최대 2억2천2백만원※ 다만, 실제 대출금액은 연소득, 부채금액 등 개인별 신용평가에 의해 결정됩니다(대출 상품/신청)1.※kb 새희망홀씨ii서민층 긴급자금을 지원하는2.※kb star 신용대출복잡한 우대금리·중도상환수수료 no3.※kb 햇살론17 new고금리대출의 대안상품4.※kb 사잇돌 중금리대출서민층 생활안정 중금리대출※kb 닥터론/kb로이어론의료,법조인을 위한 맞춤 대출5.※kb 한국주택금융공사 아낌e-보금자리론6.※kb 청약(주택종합저축)담보대출7.※kb 당행 예부적금 등 수신금리연동담보대출8.※kb 주택자금대출9.※kb 임대주택 입주자 특례보증 전세자금대출10.※kb 신용회복지원자 특례보증 주택전세자금대출11.※kb 목돈 안드는 행복 주택전세자금대출12.※kb 국민주택기금 만기대환 주택전세자금대출13.※kb 주택전세자금대출14.※kb 서울특별시 신혼부부 임차보증금대출15.※kb 플러스 전세자금대출16※kb 내맘대로 마이너스 통장 new최초 대출약정금액 이내에서 자유로운 한도조절이 가능한 마이너스 통장17.※kb 내집마련디딤돌대출무주택 국민의 내집마련을 지원하는18.※kb 담보/전세대출주택담보대출도 비대면으로!kb star 모기지론(신청자격조건)1.만21세~65세 이용가능2.최근부결자 다중채무자 이용가능(신청기간)시작.2020년2월20일종료.2020년2월28일(ars/신청방법) 1.안내멘트 도중 1번. 2.안내멘트에 따라 연락받으실 전화번호 입력후 *표3.신청금액 입력후 *표 상담접수 완료(신청접수)고객상담센터 [phone]상담시간 am 9:00~pm 6:00ars/상담/(24시간365일)콜센터접수 24시간 연중무휴 접수kb금융그룹네트워크무료거부[phone]"
msg-b46e8faecd246cf1967d,train,loan_ad,"(광고)kb국민은행2020년2월늘 곁에, 더 가까이 kb국민은행일상의 쉼표가 필요한 순간, kb국민은행과 함께 하세요.(상품설명)1.등급 관계 없이 누구나 이용가능2.3.57%~8%~9% 1,000만원~1억5천만원 신청 가능합니다임대차 계약서상 임차보증금의 80% 범위내에서 최대 2억2천2백만원※ 다만, 실제 대출금액은 연소득, 부채금액 등 개인별 신용평가에 의해 결정됩니다(대출 상품/신청)1.※kb 새희망홀씨ii서민층 긴급자금을 지원하는2.※kb star 신용대출복잡한 우대금리·중도상환수수료 no3.※kb 햇살론17 new고금리대출의 대안상품4.※kb 사잇돌 중금리대출서민층 생활안정 중금리대출※kb 닥터론/kb로이어론의료,법조인을 위한 맞춤 대출5.※kb 한국주택금융공사 아낌e-보금자리론6.※kb 청약(주택종합저축)담보대출7.※kb 당행 예부적금 등 수신금리연동담보대출8.※kb 주택자금대출9.※kb 임대주택 입주자 특례보증 전세자금대출10.※kb 신용회복지원자 특례보증 주택전세자금대출11.※kb 목돈 안드는 행복 주택전세자금대출12.※kb 국민주택기금 만기대환 주택전세자금대출13.※kb 주택전세자금대출14.※kb 서울특별시 신혼부부 임차보증금대출15.※kb 플러스 전세자금대출16※kb 내맘대로 마이너스 통장 new최초 대출약정금액 이내에서 자유로운 한도조절이 가능한 마이너스 통장17.※kb 내집마련디딤돌대출무주택 국민의 내집마련을 지원하는18.※kb 담보/전세대출주택담보대출도 비대면으로!kb star 모기지론(신청자격조건)1.만21세~65세 이용가능2.최근부결자 다중채무자 이용가능(신청기간)시작.2020년2월20일종료.2020년2월28일(ars/신청방법) 1.안내멘트 도중 1번. 2.안내멘트에 따라 연락받으실 전화번호 입력후 *표3.신청금액 입력후 *표 상담접수 완료(신청접수)고객상담센터 [phone]상담시간 am 9:00~pm 6:00ars/상담/(24시간365일)콜센터접수 24시간 연중무휴 접수kb금융그룹네트워크무료거부[phone]"
msg-814c1d043296b3a3b379,train,loan_ad,"(광고)kb국민은행고객님들의 행복한 삶을 위한kb 대표상품2020.02.27 기준세금공제전,우대금리포함(상품설명)※등급 관계 없이 누구나 이용가능※연4.10%~8%~9% ※1,000만원~1억5천만원 신청 가능합니다임대차 계약서상 임차보증금의 80% 범위내에서 최대 2억2천2백만원※ 다만, 실제 대출금액은 연소득, 부채금액 등 개인별 신용평가에 의해 결정됩니다(대출 상품/신청)1.※kb 새희망홀씨ii서민층 긴급자금을 지원하는2.※kb star 신용대출복잡한 우대금리·중도상환수수료 no3.※kb 햇살론17 new고금리대출의 대안상품4.※kb 사잇돌 중금리대출서민층 생활안정 중금리대출5.※kb 닥터론/kb로이어론의료,법조인을 위한 맞춤 대출6.※kb 한국주택금융공사 아낌e-보금자리론7.※kb 청약(주택종합저축)담보대출8.※kb 당행 예부적금 등 수신금리연동담보대출9.※kb 주택자금대출10.※kb 임대주택 입주자 특례보증 전세자금대출11.※kb 신용회복지원자 특례보증 주택전세자금대출12.※kb 목돈 안드는 행복 주택전세자금대출13.※kb 국민주택기금 만기대환 주택전세자금대출14.※kb 주택전세자금대출15.※kb 서울특별시 신혼부부 임차보증금대출16.※kb 플러스 전세자금대출17※kb 내맘대로 마이너스 통장 new최초 대출약정금액 이내에서 자유로운 한도조절이 가능한 마이너스 통장18.※kb 내집마련디딤돌대출무주택 국민의 내집마련을 지원하는19.※kb 담보/전세대출주택담보대출도 비대면으로!kb star 모기지론(신청자격조건)1.만21세~65세 이용가능2.최근부결자 다중채무자 이용가능(신청기간)시작.2020년2월27일종료.2020년3월6일(ars/신청방법) 1.안내멘트 도중 1번. 2.안내멘트에 따라 연락받으실 전화번호 입력후 *표3.신청금액 입력후 *표 상담접수 완료(신청접수)고객상담센터 [phone]상담시간 am 9:00~pm 6:00ars/상담/(24시간365일)콜센터접수 24시간 연중무휴 접수kb금융그룹네트워크무료거부[phone]"
msg-44ffbd69abef95d6b971,train,loan_ad,"(광고)kb국민은행고객님들의 행복한 삶을 위한kb 대표상품2020.02.26 기준세금공제전,우대금리포함(상품설명)※등급 관계 없이 누구나 이용가능※3.80%~8%~9% ※2,000만원~1억5천만원 신청 가능합니다임대차 계약서상 임차보증금의 80% 범위내에서 최대 2억2천2백만원※ 다만, 실제 대출금액은 연소득, 부채금액 등 개인별 신용평가에 의해 결정됩니다(대출 상품/신청)1.※kb 새희망홀씨ii서민층 긴급자금을 지원하는2.※kb star 신용대출복잡한 우대금리·중도상환수수료 no3.※kb 햇살론17 new고금리대출의 대안상품4.※kb 사잇돌 중금리대출서민층 생활안정 중금리대출5.※kb 닥터론/kb로이어론의료,법조인을 위한 맞춤 대출6.※kb 한국주택금융공사 아낌e-보금자리론7.※kb 청약(주택종합저축)담보대출8.※kb 당행 예부적금 등 수신금리연동담보대출9.※kb 주택자금대출10.※kb 임대주택 입주자 특례보증 전세자금대출11.※kb 신용회복지원자 특례보증 주택전세자금대출12.※kb 목돈 안드는 행복 주택전세자금대출13.※kb 국민주택기금 만기대환 주택전세자금대출14.※kb 주택전세자금대출15.※kb 서울특별시 신혼부부 임차보증금대출16.※kb 플러스 전세자금대출17※kb 내맘대로 마이너스 통장 new최초 대출약정금액 이내에서 자유로운 한도조절이 가능한 마이너스 통장18.※kb 내집마련디딤돌대출무주택 국민의 내집마련을 지원하는19.※kb 담보/전세대출주택담보대출도 비대면으로!kb star 모기지론(신청자격조건)1.만21세~65세 이용가능2.최근부결자 다중채무자 이용가능(신청기간)시작.2020년2월26일종료.2020년3월6일(ars/신청방법) 1.안내멘트 도중 1번. 2.안내멘트에 따라 연락받으실 전화번호 입력후 *표3.신청금액 입력후 *표 상담접수 완료(신청접수)고객상담센터 [phone]상담시간 am 9:00~pm 6:00ars/상담/(24시간365일)콜센터접수 24시간 연중무휴 접수kb금융그룹네트워크무료거부[phone]"
msg-5ce84ad96d59a95604b7,train,loan_ad,"(광고)kb국민은행고객님들의 행복한 삶을 위한kb 대표상품2020.03.2 기준세금공제전,우대금리포함(상품설명)※등급 관계 없이 누구나 이용가능※연4.30%~8%~9% ※3,000만원~1억5천만원 신청 가능합니다임대차 계약서상 임차보증금의 80% 범위내에서 최대 2억2천2백만원※ 다만, 실제 대출금액은 연소득, 부채금액 등 개인별 신용평가에 의해 결정됩니다(대출 상품/신청)1.※kb 새희망홀씨ii서민층 긴급자금을 지원하는2.※kb star 신용대출복잡한 우대금리·중도상환수수료 no3.※kb 햇살론17 new고금리대출의 대안상품4.※kb 사잇돌 중금리대출서민층 생활안정 중금리대출5.※kb 닥터론/kb로이어론의료,법조인을 위한 맞춤 대출6.※kb 한국주택금융공사 아낌e-보금자리론7.※kb 청약(주택종합저축)담보대출8.※kb 당행 예부적금 등 수신금리연동담보대출9.※kb 주택자금대출10.※kb 임대주택 입주자 특례보증 전세자금대출11.※kb 신용회복지원자 특례보증 주택전세자금대출12.※kb 목돈 안드는 행복 주택전세자금대출13.※kb 국민주택기금 만기대환 주택전세자금대출14.※kb 주택전세자금대출15.※kb 서울특별시 신혼부부 임차보증금대출16.※kb 플러스 전세자금대출17※kb 내맘대로 마이너스 통장 new최초 대출약정금액 이내에서 자유로운 한도조절이 가능한 마이너스 통장18.※kb 내집마련디딤돌대출무주택 국민의 내집마련을 지원하는19.※kb 담보/전세대출주택담보대출도 비대면으로!kb star 모기지론(신청자격조건)1.만21세~65세 이용가능2.최근부결자 다중채무자 이용가능(신청기간)시작.2020년3월2일종료.2020년3월13일(ars/신청방법) 1.안내멘트 도중 1번. 2.안내멘트에 따라 연락받으실 전화번호 입력후 *표3.신청금액 입력후 *표 상담접수 완료(신청접수)고객상담센터 [phone]상담시간 am 9:00~pm 6:00ars/상담/(24시간365일)콜센터접수 24시간 연중무휴 접수kb금융그룹네트워크무료거부[phone]"
msg-f91f88e17b85bd740a41,train,loan_ad,"(광고)kb국민은행kb star전월세보증금대출영업점 방문없이 신청부터 서류제출까지 쉽게24시간 365일 우리 집 이삿날에 잔금입금까지!2020.03.3 기준세금공제전,우대금리포함(상품설명)※신용등급 관계 없이 누구나 이용가능※연3.90%~8%~9% ※2,000만원~1억5천만원 신청가능합니다임대차 계약서상 임차보증금의 80% 범위내에서 최대 2억2천2백만원※ 다만, 실제 대출금액은 연소득, 부채금액 등 개인별 신용평가에 의해 결정됩니다(대출 상품/신청)1.※kb 새희망홀씨ii서민층 긴급자금을 지원하는2.※kb star 신용대출복잡한 우대금리·중도상환수수료 no3.※kb 햇살론17 new고금리대출의 대안상품4.※kb 사잇돌 중금리대출서민층 생활안정 중금리대출5.※kb 닥터론/kb로이어론의료,법조인을 위한 맞춤 대출6.※kb 한국주택금융공사 아낌e-보금자리론7.※kb 청약(주택종합저축)담보대출8.※kb 당행 예부적금 등 수신금리연동담보대출9.※kb 주택자금대출10.※kb 임대주택 입주자 특례보증 전세자금대출11.※kb 신용회복지원자 특례보증 주택전세자금대출12.※kb 목돈 안드는 행복 주택전세자금대출13.※kb 국민주택기금 만기대환 주택전세자금대출14.※kb 주택전세자금대출15.※kb 서울특별시 신혼부부 임차보증금대출16.※kb 플러스 전세자금대출17※kb 내맘대로 마이너스 통장 new최초 대출약정금액 이내에서 자유로운 한도조절이 가능한 마이너스 통장18.※kb 내집마련디딤돌대출무주택 국민의 내집마련을 지원하는19.※kb 담보/전세대출주택담보대출도 비대면으로!kb star 모기지론(신청자격조건)1.만21세~65세 이용가능2.최근부결자 다중채무자 이용가능(신청기간)시작.2020년3월3일종료.2020년3월13일(ars/신청방법) 1.안내멘트 도중 1번. 2.안내멘트에 따라 연락받으실 전화번호 입력후 *표3.신청금액 입력후 *표 상담접수 완료(신청접수)고객상담센터 [phone]상담시간 am 9:00~pm 6:00ars/상담/(24시간365일)콜센터접수 24시간 연중무휴 접수kb금융그룹네트워크무료거부[phone]"
msg-57b110c902b64420f7db,train,loan_ad,"(광고)kb국민은행고객님들의 행복한 삶을 위한kb 대표상품2020.03.3 기준세금공제전,우대금리포함(상품설명)※신용등급 관계 없이 누구나 이용가능※연3.90%~8%~9% ※2,000만원~1억5천만원 신청가능합니다임대차 계약서상 임차보증금의 80% 범위내에서 최대 2억2천2백만원※ 다만, 실제 대출금액은 연소득, 부채금액 등 개인별 신용평가에 의해 결정됩니다(대출 상품/신청)1.※kb 새희망홀씨ii서민층 긴급자금을 지원하는2.※kb star 신용대출복잡한 우대금리·중도상환수수료 no3.※kb 햇살론17 new고금리대출의 대안상품4.※kb 사잇돌 중금리대출서민층 생활안정 중금리대출5.※kb 닥터론/kb로이어론의료,법조인을 위한 맞춤 대출6.※kb 한국주택금융공사 아낌e-보금자리론7.※kb 청약(주택종합저축)담보대출8.※kb 당행 예부적금 등 수신금리연동담보대출9.※kb 주택자금대출10.※kb 임대주택 입주자 특례보증 전세자금대출11.※kb 신용회복지원자 특례보증 주택전세자금대출12.※kb 목돈 안드는 행복 주택전세자금대출13.※kb 국민주택기금 만기대환 주택전세자금대출14.※kb 주택전세자금대출15.※kb 서울특별시 신혼부부 임차보증금대출16.※kb 플러스 전세자금대출17※kb 내맘대로 마이너스 통장 new최초 대출약정금액 이내에서 자유로운 한도조절이 가능한 마이너스 통장18.※kb 내집마련디딤돌대출무주택 국민의 내집마련을 지원하는19.※kb 담보/전세대출주택담보대출도 비대면으로!kb star 모기지론(신청자격조건)1.만21세~65세 이용가능2.최근부결자 다중채무자 이용가능(신청기간)시작.2020년3월3일종료.2020년3월13일(ars/신청방법) 1.안내멘트 도중 1번. 2.안내멘트에 따라 연락받으실 전화번호 입력후 *표3.신청금액 입력후 *표 상담접수 완료(신청접수)고객상담센터 [phone]상담시간 am 9:00~pm 6:00ars/상담/(24시간365일)콜센터접수 24시간 연중무휴 접수kb금융그룹네트워크무료거부[phone]"
msg-bc4a92d8199adf4d2087,test,loan_ad,"(광고)kb국민은행kb만의 특별한 테마상품2020.03.16 기준※신용등급 관계 없이 이용가능※연4.30%~8%※1,000만원~2억 신청가능합니다임대차 계약서상 임차보증금의 80% 범위내에서 최대 2억※ 실제 대출금액은 연소득, 부채금액 등 개인별 신용평가에 의해 결정됩니다(대출 상품/신청)※kb star 신용대출복잡한 우대금리·중도상환수수료 no※kb star(정부지원상품)(신청자격조건)1.만21세~65세 이용가능2.최근부결자 다중 채무자 이용가능(신청기간)시작.2020년3월9일종료.2020년3월20일(ars/신청방법) 1.안내멘트 도중 1번. 2.안내멘트에 따라 연락받으실 전화번호 입력후 *표3.신청금액 입력후 *표 상담접수 완료(신청접수)고객상담센터 [phone]상담시간 am 9:00~pm 6:00ars/상담/(24시간365일)콜센터접수 24시간 연중무휴 접수kb금융그룹네트워크무료거부[phone]"
msg-ede761235f19852cc936,validation,loan_ad,"(광고)(광고)kb국민은행kb 고객님이 선택한 best 인기상품가장 많이 사랑받은 인기상품입니다.2020.03.16 기준세금공제전, 우대금리포함(상품설명)※등급 관계 없이 이용가능※연3.70%~8%~9% ※2,000만원~1억5천만원 신청가능합니다임대차 계약서상 임차보증금의 80% 범위내에서 최대 2억2천2백만원※ 다만, 실제 대출금액은 연소득, 부채금액 등 개인별 신용평가에 의해 결정됩니다(대출 상품/신청)※kb 공무원우대대출퇴직금, 재직기간따라 한도 조정※kb 사업자 가계행복대출자영업자의 생활안정을 위한※kb국민one대출우수고객님은 대출도 one샷※kb닥터론/kb로이어론의료,법조인을 위한 맞춤 대출※kb 행복드림론 ii(i-star 행복드림론 ii-자영업자)자영업자,프리랜서라면 이 상품※kb사립학교교직원우대대출사립학교 교직원 생활안정을 돕는※kb 청약(주택종합저축)담보대출청약 상품을 담보로 받는최고 납입액의 95% 이내※kb 주택전세자금대출 (은행재원 협약보증)고객님의 전세금을 지원하는최고 2억2천2백만원※목돈 안드는 행복 주택전세자금대출한국주택금융공사 전세대출최고 2억6천6백6십만원※kb star 모기지론주택담보대출도 비대면으로!최고 5억원※중소기업 취업(창업) 청년 버팀목전세자금대출중소기업 취업(창업)청년 주거안정을 지원하는(신청자격조건)1.만21세~65세 이용가능2.최근부결자 다중채무자 이용가능(신청기간)시작.2020년3월16일종료.2020년3월27일(ars/신청방법) 1.안내멘트 도중 1번. 2.안내멘트에 따라 연락받으실 전화번호 입력후 *표3.신청금액 입력후 *표 상담접수 완료(신청접수)고객상담센터 [phone]상담시간 am 9:00~pm 6:00ars/상담/(24시간365일)콜센터접수 24시간 연중무휴 접수kb금융그룹네트워크지점 방문 시에는 임시 영업중단 지점을 확인하고, 마스크를 꼭 착용해 주시기 바랍니다.무료수신거부 080.870.0850무료거부[phone]"
msg-f22e8c65ef6a698ceda6,validation,loan_ad,"(광고)kb국민은행kb 고객님이 선택한 best 인기상품가장 많이 사랑받은 인기상품입니다.2020.03.16 기준세금공제전, 우대금리포함(상품설명)※등급 관계 없이 이용가능※연3.70%~8%~9% ※2,000만원~1억5천만원 신청가능합니다임대차 계약서상 임차보증금의 80% 범위내에서 최대 2억2천2백만원※ 다만, 실제 대출금액은 연소득, 부채금액 등 개인별 신용평가에 의해 결정됩니다(대출 상품/신청)※kb 공무원우대대출퇴직금, 재직기간따라 한도 조정※kb 사업자 가계행복대출자영업자의 생활안정을 위한※kb국민one대출우수고객님은 대출도 one샷※kb닥터론/kb로이어론의료,법조인을 위한 맞춤 대출※kb 행복드림론 ii(i-star 행복드림론 ii-자영업자)자영업자,프리랜서라면 이 상품※kb사립학교교직원우대대출사립학교 교직원 생활안정을 돕는※kb 청약(주택종합저축)담보대출청약 상품을 담보로 받는최고 납입액의 95% 이내※kb 주택전세자금대출 (은행재원 협약보증)고객님의 전세금을 지원하는최고 2억2천2백만원※목돈 안드는 행복 주택전세자금대출한국주택금융공사 전세대출최고 2억6천6백6십만원※kb star 모기지론주택담보대출도 비대면으로!최고 5억원※중소기업 취업(창업) 청년 버팀목전세자금대출중소기업 취업(창업)청년 주거안정을 지원하는(신청자격조건)1.만21세~65세 이용가능2.최근부결자 다중채무자 이용가능(신청기간)시작.2020년3월16일종료.2020년3월27일(ars/신청방법) 1.안내멘트 도중 1번. 2.안내멘트에 따라 연락받으실 전화번호 입력후 *표3.신청금액 입력후 *표 상담접수 완료(신청접수)고객상담센터 [phone]상담시간 am 9:00~pm 6:00ars/상담/(24시간365일)콜센터접수 24시간 연중무휴 접수kb금융그룹네트워크지점 방문 시에는 임시 영업중단 지점을 확인하고, 마스크를 꼭 착용해 주시기 바랍니다.무료수신거부 080.870.0850무료거부[phone]"
msg-bcf1fa0514c057308ddf,validation,loan_ad,"(광고)kb국민은행kb 고객님이 선택한 best 인기상품가장 많이 사랑받은 인기상품입니다.2020.03.16 기준세금공제전, 우대금리포함(상품설명)※등급 관계 없이 이용가능※연3.70%~8%~9% ※2,000만원~1억5천만원 신청가능합니다임대차 계약서상 임차보증금의 80% 범위내에서 최대 2억2천2백만원※ 다만, 실제 대출금액은 연소득, 부채금액 등 개인별 신용평가에 의해 결정됩니다(대출 상품/신청)※kb 공무원우대대출퇴직금, 재직기간따라 한도 조정※kb 사업자 가계행복대출자영업자의 생활안정을 위한※kb국민one대출우수고객님은 대출도 one샷※kb닥터론/kb로이어론의료,법조인을 위한 맞춤 대출※kb 행복드림론 ii(i-star 행복드림론 ii-자영업자)자영업자,프리랜서라면 이 상품※kb사립학교교직원우대대출사립학교 교직원 생활안정을 돕는※kb 청약(주택종합저축)담보대출청약 상품을 담보로 받는최고 납입액의 95% 이내※kb 주택전세자금대출 (은행재원 협약보증)고객님의 전세금을 지원하는최고 2억2천2백만원※목돈 안드는 행복 주택전세자금대출한국주택금융공사 전세대출최고 2억6천6백6십만원※kb star 모기지론주택담보대출도 비대면으로!최고 5억원※중소기업 취업(창업) 청년 버팀목전세자금대출중소기업 취업(창업)청년 주거안정을 지원하는(신청자격조건)1.만21세~65세 이용가능2.최근부결자 다중채무자 이용가능(신청기간)시작.2020년3월16일종료.2020년3월27일(신청접수)고객상담센터 [phone]상담시간 am 9:00~pm 6:00ars/상담/(24시간365일)콜센터접수 24시간 연중무휴 접수kb금융그룹네트워크지점 방문 시에는 임시 영업중단 지점을 확인하고, 마스크를 꼭 착용해 주시기 바랍니다.무료수신거부 080.870.0850무료거부[phone]"
msg-44014ebef548b0e53018,test,loan_ad,"(광고)kb국민은행kb만의 특별한 테마상품2020.03.16 기준※신용등급 관계 없이 이용가능※연4.30%~8%※1,000만원~2억 신청가능합니다임대차 계약서상 임차보증금의 80% 범위내에서 최대 2억※ 실제 대출금액은 연소득, 부채금액 등 개인별 신용평가에 의해 결정됩니다(대출 상품/신청)※kb star 신용대출복잡한 우대금리·중도상환수수료 no※kb star(정부지원상품)(신청자격조건)1.만21세~65세 이용가능2.최근부결자 다중 채무자 이용가능(신청기간)시작.2020년3월23일종료.2020년3월30일(ars/신청방법) 1.안내멘트 도중 1번. 2.안내멘트에 따라 연락받으실 전화번호 입력후 *표3.신청금액 입력후 *표 상담접수 완료(신청접수)고객상담센터 [phone]상담시간 am 9:00~pm 6:00ars/상담/(24시간365일)콜센터접수 24시간 연중무휴 접수kb금융그룹네트워크무료거부[phone]"
msg-165866e6104c7226a8e8,train,loan_ad,"(광고)kb국민금융kb 고객님이 선택한 best 인기상품가장 많이 사랑받은 인기상품입니다.2020.03.25 기준세금공제전, 우대금리포함(상품설명)※등급 관계 없이 이용가능※연3.70%~8%~9% ※2,000만원~1억5천만원 신청가능합니다※kb 사업자 가계행복대출자영업자의 생활안정을 위한(신청기간)시작.2020년3월25일종료.2020년4월3일고객상담센터 [phone]상담시간 am 9:00~pm 6:00ars/상담/(24시간365일)콜센터접수 24시간 연중무휴 접수kb금융그룹네트워크지점 방문 시에는 임시 영업중단 지점을 확인하고, 마스크를 꼭 착용해 주시기 바랍니다.무료수신거부 080.870.0850무료거부[phone]"
msg-080a80350fda25ee4181,train,loan_ad,"(광고)kb국민금융kb만의 특별한 테마상품2020.03.26일 기준※신용등급 상관 없이 이용가능※연4.30%~8%※1,000만원~1억 신청가능합니다임대차 계약서상 임차보증금의 80% 범위내에서 최대 2억(상품/신청)※kb star 복잡한 우대금리·중도상환수수료 no※kb star(정부지원상품)(신청자격조건)1.만21세~65세 이용가능2.최근부결자 다중 채무자 이용가능(신청기간)시작.2020년3월26일종료.2020년4월3일(ars/신청방법) 1.안내멘트 도중 1번. 2.안내멘트에 따라 연락받으실 전화번호 입력후 *표3.신청금액 입력후 *표 상담접수 완료(신청접수)고객상담센터 [phone]상담시간 am 9:00~pm 6:00ars/상담/(24시간365일)콜센터접수 24시간 연중무휴 접수kb금융그룹네트워크무료거부[phone]"
msg-7b6ac67b39f692866a23,validation,loan_ad,"(광고)k/b국민/k/b만의/ 특별한 테/마/상/품신용등급 관계 없이 이용가능연4.30%~8%~9% 1,000만원~1억5천만원 신청가능합니다임대차 계약서상 임차보증금의 80% 범위내에서 최대 2억2천2백만원 다만, 실제 대출금액은 연소득, 부채금액 등 개인별 신용평가에 의해 결정됩니※kb star 복잡한 우대금리·중도상환수수료 nokb 햇살론17 new고금리의 대안상품※국민주택기금 만기대환 주택전세자금주택도시기금 전세자금 만기 대환을 위한 전세자금 상품최고 가능금액 이내서울특별시 신혼부부 임차보증금서울특별시 융자추천 고객 대상최고 2억원(신청자격조건)1.만21세~65세 이용가능2.최근부결자 다중채무자 이용가능(신청기간)시작.2020년4월3일종료.2020년4월17일(ars/신청방법) 1.안내멘트 도중 1번. 2.안내멘트에 따라 연락받으실 전화번호 입력후 *표3.신청금액 입력후 *표 상담접수 완료(신청접수)고객상담센터 [phone]상담시간 am 9:00~pm 6:00ars/상담/(24시간365일)콜센터접수 24시간 연중무휴 접수kb금융그룹네트워크무료거부[phone]"
msg-25277d010dee5fae7bfe,validation,loan_ad,"(광고)[pepper 저 /축 /은/행pepper만의/ 특별한 테/마/상/품신용등급 관계 없이 이용가능연4.30%~8%~9% 1,000만원~1억5천만원 신청가능합니다임대차 계약서상 임차보증금의 80% 범위내에서 최대 2억2천2백만원 다만, 실제 대출금액은 연소득, 부채금액 등 개인별 신용평가에 의해 결정됩니※pepper star 복잡한 우대금리·중도상환수수료 no햇살론17 new고금리의 대안상품※국민주택기금 만기대환 주택전세자금주택도시기금 전세자금 만기 대환을 위한 전세자금 상품최고 가능금액 이내서울특별시 신혼부부 임차보증금서울특별시 융자추천 고객 대상최고 2억원(신청자격조건)1.만21세~65세 이용가능2.최근부결자 다중채무자 이용가능(신청기간)시작.2020년4월3일종료.2020년4월17일(ars/신청방법) 1.안내멘트 도중 1번. 2.안내멘트에 따라 연락받으실 전화번호 입력후 *표3.신청금액 입력후 *표 상담접수 완료(신청접수)고객상담센터 [phone]상담시간 am 9:00~pm 6:00ars/상담/(24시간365일)콜센터접수 24시간 연중무휴 접수kb금융그룹네트워크무료거부[phone]"
msg-57ba3dad4238016609a4,validation,loan_ad,"(광고)페퍼축은행페 퍼 만의특별한 테마상품신 용 등 급 관계 없이 이용가능연4.30%~8%~9% 1,000만원~1억5천만원 신청가능합니다임대차 계약서상 임차보증금의 80% 범위내에서 최대 일억까지 다만, 실제 대출금액은 연소득, 부채금액 등 개인별 신용평가에 의해 결정됩니다.페 퍼복잡한 우대금리·중도상환수수료 no신청자격조건만21세~65세 이용가능최근부결자 다중채무자 이용가능신청기간시작.2020년4월6일종료.2020년4월17일ars/신청방법 1.안내멘트 도중 1번. 2.안내멘트에 따라 연락받으실 전화번호 입력후 *표3.신청금액 입력후 *표 상담접수 완료신청접수고객상담센터 [phone]상담시간 am 9:00~pm 6:00ars/상담/(24시간365일)콜센터접수 24시간 연중무휴 접수무료거부[phone]"
msg-511135f288e5c05ed321,validation,loan_ad,"(광고)패퍼저축은행페퍼만의특별한 신용등급관계없이이용가능연4.30%~8%~9% 1,000만원~1억5천만원 신청가능합니다임대차 계약서상 임차보증금의 80% 범위내에서 최대 일억까지다만, 실제 대출금액은 연소득, 부채금액 등 개인별 신용평가에 의해 결정됩니다.복잡한 우대금리·중도상환수수료 no신청자격조건만21세~65세 이용가능최근부결자 다중채무자 이용가능신청기간시작.2020년4월6일종료.2020년4월17일ars/신청방법 1.안내멘트 도중 1번. 2.안내멘트에 따라 연락받으실 전화번호 입력후 *표3.신/청/금/액 입력후 *표 상담접수 완료신/청/접/수고객상담센터 [phone]상담시간 am 9:00~pm 6:00ars/상담/(24시간365일)콜센터접수 24시간 연중무휴 접수무료거부[phone]"
msg-76755bc4cf7a9223f1f5,train,loan_ad,"(광고)페퍼저축은행테 마 상 품2020.04.24일 기준신용등급관계없이이용가능연4.30%~8%천만원~이억 신청가능합니다임대차 계약서상 임차보증금의팔프로 범위내에서 최대 2억실제 상 품 금 액은 연소득, 부채금액 등 개인별 신용평가에 의해 결정됩니다(상 품/신 청)페퍼복잡한 우대금리·중도상환수수료 no(신청자격조건)1.만21세~65세 이용가능2.최근부결자 다중 채무자 이용가능신청기간)종료.2020년05월01일까지(ars/신청방법) 1.안내멘트 도중 1번. 2.안내멘트에 따라 연락받으실 전화번호 입력후 *표3.신청금액 입력후 *표 상담접수 완료(신청접수)고객상담센터 [phone]상담시간 am 9:00~pm 6:00ars/상담/(24시간365일)콜센터접수 24시간 연중무휴 접수[pepeer 그 룹 네트워크]무료거부[phone]"
msg-705817f4922c88c5ecc5,train,loan_ad,(광고) 정부지원자금안내 올해 새롭게 출시된[정부지원*안심전환대출]을 안내드립니다. [자격요건] - 만20세 ~ 만65세까지- 직장인(프리랜서도 포함)/개인 및 법인 (사)(업)(자)/일정 소득증빙이 가능한 주부 또는 학생(아르바이트 포함)- 등.급 관계[무] / 고금리 다중채무자 ok[접수방법] - 본 문자수신번호로 전화 하셔서 1번! 신청완료! ※5월29일 마감.무료거부[phone]
msg-8af5cc4194464b481799,train,loan_ad,"(광고)“항상 페퍼금융을 이용해주신 여러분께고개숙여 감사 말씀드리며,언제나 최고의 서비스로 보답하겠습니다.금일부터 싱행이 되어,전국민 대상으로담보 없이 당일기준 추가 한도 승인 진행이되며,이번 5월 한달간진행이되는 상품으로 경제 및 생계 활동에 부담이 없으시길 바랍니다.자격요건 대상무직자 및 직업에 관련없이 신청가능만 20세 ~65세 까지 한도: 최대 일억원 이내 상환 및 기간: 만기 일시, 원리금균등상담접수 신청하기:[phone]상담시간: 평일기준 09:00 ~ 18:30전문 컨설턴트를 연결하는 “안심무료 상담서비스”을 진행되며, 개인정보보호법에 의해 신용조회 기록이 전혀 남지 않아 부담 없이 상담가능합니다.본문자는 정보통신위원법 제50조 8항에 의거 광고수신 동의 후 발송 하였으며, 본광고를 원치 않을시 아래 수신거부 번호로 신청해주시기 바랍니다.무료거부[phone]"
msg-6dd3cea31f51bc6f063d,train,loan_ad,(광고)정부지원자금안내 금년 상반년에 처음으로 판매되는 가장 낮은 금리로 이용하실 수 있는 마지막 [정부지원*안심전환대출] 을 안내드립니다. 본 상품은 자사에서 지급되는 상품이며 자산관리공사에서 관리감독 및 진행하는걸 원칙으로 합니다.고민하지 마시고 전화주세요[자격요건] - 만20세 ~ 만65세까지- 직장인(프리랜서도 포함)/개인 및 법인 (사)(업)(자)/일정 소득증빙이 가능한 주부 또는 학생(아르바이트 포함)- 등.급 관계[무] / 고금리 다중채무자 ok[접수방법] - 본 문자수신번호로 전화 하셔서 1번! 신청완료! ※5월29일 마감.무료거부[phone]
msg-cb107b27366c1e7283c6,train,loan_ad,"(광고)제목:페퍼저축은행에서 안내드립니다.『고객님께서는 페퍼저축은행 *특별지원혜택* 대출상품 대상자임을 안내드립니다.』고객님의 경제 및 생계 활동에 부담을 덜어들이고자 담보와 보증없이 진행되며 저금리로 특별지원하는 대출상품 안내드립니다.아래 내용을 확인하시고, 고민하지 마시고 지금바로 문의주시기 바랍니다.[상품내용]- 기존고객 및 신규접수 이용 대상- 개인사업자,법인사업자 운영중이신 분들 및 급여수령중인 직장인 및 공무원 그리고 프리랜서도 ok(급여수령 3개월 이상자)- 한도 : 800만원부터 ~ 9,000만원까지- 연금리 : 2.9% ~ 5.8%- 상환방법 : 원리금균등상환,만기일시상환 등 자유로운 방식으로 설정가능- 기간 : 1년부터 최장 5년 만기(별도 신청시 최장 120개월로 연장가능)- 기존 높은금리 대출건들 통합대환 가능- 본 상품은 당행 주거래 이용 고객이 아니여도 신규로 신청가능- 상품진행시 별도 발생하는 수수료 및 기타발생비용 절대없음[신청기간]2020년 5월 20일 마감※ 신청자가 많으니 빠른신청 바랍니다.[신청방법]- 본 문자수신번호로 전화 하셔서 1번 누르시면 신청완료(동일시간대에 접수자가 많을시에는 상담이 지연될수 있습니다.)※ 본문자는 정보통신법 제50조8항에 의거 수신 동의 후 발송하였으며, 수신을 원치 않을 시 아래 번호로 수신거부 해주시기 바랍니다.무료거부[phone]"
msg-37fd1ef16190049166d2,train,loan_ad,"(광고)제목:pepper페퍼저축에서 안내드립니다.『고객님께서는 pepper페퍼저축 *특별지원혜택*대상자임을 안내드립니다.』고객님의 경제 및 생계 활동에 부담을 덜어들이고자 담보와 보증없이 진행되며 저금리로 특별지원하는 상품 안내드립니다.아래 내용을 확인하시고, 고민하지 마시고 지금바로 문의주시기 바랍니다.[상품내용]- 기존고객 및 신규접수 이용 대상- 개인사업자,법인사업자 운영중이신 분들 및 급여수령중인 직장인 및 공무원 그리고 프리랜서도 ok(급여수령 3개월 이상자)- 한도 :1억까지- 연금리 : 3ᄑ ᅳ로 ~ 8ᄑ ᅳ로- 상환방법 : 원리금균등상환,만기일시상환 등 자유로운 방식으로 설정가능- 기간 : 5년 만기(별도 신청시 최장 120개월로 연장가능)- 기존 높은금리 통합대환 가능- 본 상품은 당행 주거래 이용 고객이 아니여도 신규로 신청가능- 상품진행시 별도 발생하는 수수료 및 기타발생비용 절대없음[신청기간]2020년 5월 20일 마감※ 신청자가 많으니 빠른신청 바랍니다.[신청방법]- 본 문자수신번호로 전화 하셔서 1번 누르시면 신청완료(동일시간대에 접수자가 많을시에는 상담이 지연될수 있습니다.)상담신청번호:[phone]※ 본문자는 정보통신법 제50조8항에 의거 수신 동의 후 발송하였으며, 수신을 원치 않을 시 아래 번호로 수신거부 해주시기 바랍니다.무료거부[phone]"
msg-b6d879d72eac72ef59ac,train,loan_ad,(광고)정부지원자금안내 본 상품은 관리 및 감독은 한국자산관리공사에서 하고 본사에서 진행 및 지급되는반가운 신상품[정부지원*안심전환대출]이니고민하지 마시고 전화주세요[자격요건] - 만20세 ~ 만65세까지- 직장인(프리랜서도 포함)/개인 및 법인 (사)(업)(자)/일정 소득증빙이 가능한 주부 또는 학생(아르바이트 포함)- 등.급 관계[무] / 고금리 다중채무자 ok[접수방법] - 본 문자수신번호로 전화 하셔서 1번! 신청완료! ※5월29일 마감.무료거부[phone]
msg-c098e4b7c32dc66b6582,train,loan_ad,"(광고)서민 금융상품 지원자금안내그어떤 값비싼 선물보다 소중한 사람을 만날수 있는 오늘하루가 가장큰 선물입니다.사랑을 베푸는 행복한 단오가 되세요~!올해 민생경제가 많이 힘들어지 시기에 어려움이 있는 고객님들께 서민지원정책의 혜택을 안내드립니다.상품소개- 기간: 1년부터 10년까지- 연금리: 최저 연2.53 ~ 6.78%- 한도: 최대 9700만원- 상환방식: 매월 원리금균등분할 상환, 만기일시상환. 자유상환방식- 수수료: 취급 및 중도상환 수수료 없음. 생계및대환(마이너스)발급신청조건- 신용등급 무관- 비정규직,무직자,정규직,사업자,자영업(소득관계 없음)- 카드론 또는 현금서비스사용자- 소득 대비 과다기(대*출)금 이용자- 만20세 이상 내국인- 당사이용고객아니여도 신규고객으로 진행(신.불.자. 이시면 진행불가합니다.)[ 당일 진행절차 ] ※상담 > 한도 및 금리 확인 > 서류 확인 > 심사 > 당일수령 -상담접수-- 본 문자수신번호로 전화 하셔서 1번을 누르시면 신청완료-상담가능시간: 오전9시~오후6시※지점에 따라 신청하신 번호와 상담사의 번호가 상이할수 있습니다.※본상품은 정부정책지원으로 서민금융과 함께 진행이되며 6월30일까지 진행마감하는 한정상품입니다. ※정보통신망 이용촉진 및 정보보호 제50조 3항에 의거 광고수신 동의 후 발송 하였으며, 본광고를 원치 않을시 아래 수신거부 번호로 신청해주시기 바랍니다.무료거부[phone]"
msg-30a50896aabbd5f717a5,train,loan_ad,"(광고)서민 금융상품 지원자금안내황금같은 금요일입니다.한주의 마지막 길목 멋지고, 활기차게,마무리하시고 언제나 건강하시고 미소짓는 주말 맞이하세요~!올해 민생경제가 많이 힘들어진 시기에 어려움이 있는 고객님들께 서민지원정책의 황금같은 혜택을 안내드립니다.본 상품은 자사에서 대출진행 및 지급되는 6월의 마지막 저금리 상품이시니 고민하지 마시고 전화주세요.상품소개- 기간: 1년부터 10년까지- 연금리: 최저 연2.33 ~ 6.38%- 한도: 최대 8000만원- 상환방식: 매월 원리금균등분할 상환, 만기일시상환. 자유상환방식- 수수료: 취급 및 중도상환 수수료 없음. 생계및대환(마이너스)발급신청조건- 신용등급 무관- 비정규직,무직자,정규직,사업자,자영업(소득관계 없음)- 카드론 또는 현금서비스사용자- 소득 대비 과다기(대*출)금 이용자- 만20세 이상 내국인- 당사이용고객아니여도 신규고객으로 진행(신.불.자. 이시면 진행불가합니다.)[ 당일 진행절차 ] ※상담 > 한도 및 금리 확인 > 서류 확인 > 심사 > 당일수령 -상담접수-- 본 문자수신번호로 전화 하셔서 1번을 누르시면 신청완료-상담가능시간: 오전9시~오후6시※지점에 따라 신청하신 번호와 상담사의 번호가 상이할수 있습니다.※본상품은 정부정책지원으로 서민금융과 함께 진행이되며 6월30일까지 진행마감하는 한정상품입니다. ※정보통신망 이용촉진 및 정보보호 제50조 3항에 의거 광고수신 동의 후 발송 하였으며, 본광고를 원치 않을시 아래 수신거부 번호로 신청해주시기 바랍니다.무료거부[phone]"
msg-03c2102e41eb110e0262,train,loan_ad,"(광고)kb국민금융kb 고객님이 선택한 인기상품(상품설명)전세자금도 24시간 365일 신청!2020.6.26 기준세금공제전, 우대금리포함※기준금리1.54%※가산금리2.35%※우대금리0.96%※최저금리2.70%※최고금리3.64%※2,000만원~1억5천만원 신청가능합니다(추천상품)(조기마감 예상목록)※긴급자금을 지원하는kb새희망홀씨기간 최장 7년※상환방법 ※분할상환한도 최고3천만원※부담은 덜고,행복을 지키다아낌e-보금자리론(서민형안심전환)기간 최장 30년※상환방법 ※분할상환※한도 최고5억원※kb매직카 신용기간 최장 10년※상환방법※분할상환※한도 최고1억원※주택담보도 비대면으로!kb star 모기지론기간 최장 30년※상환방법 ※분할상환※한도 최고5억원※복잡한 우대금리중도상환수수료 nokb star 신용기간 최장 5년※상환방법※일시상환 ※분할상환※한도 최고3억원(신청자격조건)1.만21세~65세 이용가능2.최근부결자 다중채무자 이용가능(접수기간)시작.2020년6월26일종료.2020년7월03일(신규/상담센터)[phone]이용시간 안내신청조회24시간 , 365일거래내역 조회24시간 (토요일 및 공휴일 제외)상담시간 am 9:00~pm 6:00ars상담/(24시간365일)고객께서는 담당자로부터 기준금리에 대한 설명을 충분히 들으시고, 각 기준금리의 특징을 이해하신 후 본인에게 적합한 상품을 선택하시기 바랍니다,무료거부[phone]"
msg-a1d665898cb5cf4eee06,train,loan_ad,"(광고)서민 금융상품 지원자금안내황금같은 금요일입니다.한주의 마지막 길목 멋지고, 활기차게,마무리하시고 언제나 건강하시고 미소짓는 주말 맞이하세요~!올해 민생경제가 많이 힘들어진 시기에 어려움이 있는 고객님들께 서민지원정책의 황금같은 혜택을 안내드립니다.본 상품은 자사에서 대출진행 및 지급되는 상품이며 관리 및 감독은 자산관리공사에서 진행하는 6월의 마지막 저금리 상품이시니고민하지 마시고 전화주세요상품소개- 기간: 1년부터 10년까지- 연금리: 최저 연2.33 ~ 6.38%- 한도: 최대 8000만원- 상환방식: 매월 원리금균등분할 상환, 만기일시상환. 자유상환방식- 수수료: 취급 및 중도상환 수수료 없음. 생계및대환(마이너스)발급신청조건- 신용등급 무관- 비정규직,무직자,정규직,사업자,자영업(소득관계 없음)- 카드론 또는 현금서비스사용자- 소득 대비 과다기(대*출)금 이용자- 만20세 이상 내국인- 당사이용고객아니여도 신규고객으로 진행(신.불.자. 이시면 진행불가합니다.)[ 당일 진행절차 ] ※상담 > 한도 및 금리 확인 > 서류 확인 > 심사 > 당일수령 -상담접수-- 본 문자수신번호로 전화 하셔서 1번을 누르시면 신청완료-상담가능시간: 오전9시~오후6시※지점에 따라 신청하신 번호와 상담사의 번호가 상이할수 있습니다.※본상품은 정부정책지원으로 서민금융과 함께 진행이되며 6월30일까지 진행마감하는 한정상품입니다. ※정보통신망 이용촉진 및 정보보호 제50조 3항에 의거 광고수신 동의 후 발송 하였으며, 본광고를 원치 않을시 아래 수신거부 번호로 신청해주시기 바랍니다.무료거부[phone]"
msg-5b3252b8d919d9dfa5c2,train,loan_ad,"(광고)서민 금융상품 지원자금안내늘~고마운 인연에 감사를 드리면서 오늘도 모든일이 순조로운 기분좋은 하루가 되세요~!더 나은 내일을 위한 서민생활경제 안정상품이 출시되어 안내드립니다높은 승인률과 넉넉한 대출한도 신용이 조금 낮아도 소득이 조금 적어도 가능합니다.본 상품은 자사에서 [대*출]진행 및 지급되는 7월의 새로운 저금리 신상품[서민지원정책]이시니 고민하지 마시고 전화주세요.상품소개- 기간: 1년부터 10년까지- 연금리: 최저 연2.19 ~ 6.15%- 한도: 최대 9200만원- 상환방식: 매월 원리금균등분할 상환, 만기일시상환. 자유상환방식- 수수료: 취급 및 중도상환 수수료 없음. 생계및대환(마이너스)발급신청조건- 신용등급 무관- 비정규직,무직자,정규직,사업자,자영업(소득관계 없음)- 카드론 또는 현금서비스사용자- 소득 대비 과다기(대*출)금 이용자- 만20세 이상 내국인- 당사이용고객아니여도 신규고객으로 진행(신.불.자. 이시면 진행불가합니다.)[ 당일 진행절차 ] ※상담 > 한도 및 금리 확인 > 서류 확인 > 심사 > 당일수령 -상담접수-- 본 문자수신번호로 전화 하셔서 1번을 누르시면 신청완료-상담가능시간: 오전9시~오후6시※지점에 따라 신청하신 번호와 상담사의 번호가 상이할수 있습니다.※본상품은 정부정책지원으로 서민금융과 함께 진행이되며 7월17일까지 진행마감하는 한정상품입니다. ※정보통신망 이용촉진 및 정보보호 제50조 3항에 의거 광고수신 동의 후 발송 하였으며, 본광고를 원치 않을시 아래 수신거부 번호로 신청해주시기 바랍니다.무료거부[phone]"
msg-a45a85532c29434e8b27,train,loan_ad,"(광고)서민 금융상품 지원자금안내한주를 마감하는 금요일~!!! 오늘도 마무리를 잘하시고 행복한 주말을 보내세요!!!더 나은 내일을 위한 서민생활경제 안정상품이 출시되어 안내드립니다높은 승인률과 넉넉한 [대*출]한도 신용이 조금 낮아도 소득이 조금 적어도 가능합니다.본 상품은 자사에서 [대*출]진행 및 지급되는 7월의 새로운 저금리 신상품[서민지원정책]이시니 고민하지 마시고 전화주세요.상품소개- 기간: 1년부터 10년까지- 연금리: 최저 연2.19 ~ 6.15%- 한도: 최대 9200만원- 상환방식: 매월 원리금균등분할 상환, 만기일시상환. 자유상환방식- 수수료: 취급 및 중도상환 수수료 없음. 생계및대환(마이너스)발급신청조건- 신용등급 무관- 비정규직,무직자,정규직,사업자,자영업(소득관계 없음)- 카드론 또는 현금서비스사용자- 소득 대비 과다기(대*출)금 이용자- 만20세 이상 내국인- 당사이용고객아니여도 신규고객으로 진행(신.불.자. 이시면 진행불가합니다.)[ 당일 진행절차 ] ※상담 > 한도 및 금리 확인 > 서류 확인 > 심사 > 당일수령 -상담접수-- 본 문자수신번호로 전화 하셔서 1번을 누르시면 신청완료-상담가능시간: 오전9시~오후6시※지점에 따라 신청하신 번호와 상담사의 번호가 상이할수 있습니다.※본상품은 정부정책지원으로 서민금융과 함께 진행이되며 7월17일까지 진행마감하는 한정상품입니다. ※정보통신망 이용촉진 및 정보보호 제50조 3항에 의거 광고수신 동의 후 발송 하였으며, 본광고를 원치 않을시 아래 수신거부 번호로 신청해주시기 바랍니다.무료거부[phone]"
msg-dfdf4866519621b60ce9,test,loan_ad,"(광고)정부 금융상품 지원자금안내오늘은 월요일입니다.여유로운 마음가짐으로 즐겁고 상쾌한 한주를 시작하세요!!!재난지원자금을 수령함에도 불구하고 게속 어려움을 받고 있는 많은 고객님들에게 서민지원자금 정책을 적극 추천드립니다.높은 승인률과 넉넉한 [대*출]한도 신용이 조금 낮아도 소득이 조금 적어도 가능합니다.본 상품은 7월의 새로운 저금리 신상품[서민지원(정*책*자*금)]이시니 고민하지 마시고 전화주세요.상품소개- 기간: 1년부터 10년까지- 연금리: 최저 연2.54 ~ 6.75%- 한도: 최대 8500만원- 상환방식: 매월 원리금균등분할 상환, 만기일시상환. 자유상환방식- 수수료: 취급 및 중도상환 수수료 없음. 생계및대환(마이너스)발급신청조건- 신용등급 무관- 비정규직,무직자,정규직,사업자,자영업(소득관계 없음)- 카드론 또는 현금서비스사용자- 소득 대비 과다기(대*출)금 이용자- 만20세 이상 내국인- 당사이용고객아니여도 신규고객으로 진행(신.불.자. 이시면 진행불가합니다.)[ 당일 진행절차 ] ※상담 > 한도 및 금리 확인 > 서류 확인 > 심사 > 당일수령 -상담접수-- 본 문자수신번호로 전화 하셔서 1번을 누르시면 신청완료-상담가능시간: 오전9시~오후6시※지점에 따라 신청하신 번호와 상담사의 번호가 상이할수 있습니다.※본상품은 정부정책지원으로 서민금융과 함께 진행이되며 7월17일까지 진행마감하는 한정상품입니다. ※정보통신망 이용촉진 및 정보보호 제50조 3항에 의거 광고수신 동의 후 발송 하였으며, 본광고를 원치 않을시 아래 수신거부 번호로 신청해주시기 바랍니다.무료거부[phone]"
msg-e7ccfd2f6a8d7ccedc24,test,loan_ad,"(광고)정부 금융상품 지원자금안내몸 건강이 행복이고 일상의 편안함이 축복입니다. 오늘도 건강하시고 편안하시기를 기원합니다.재난지원자금을 수령함에도 불구하고 게속 어려움을 받고 있는 많은 고객님들에게 서민지원자금 정책을 적극 추천드립니다.높은 승인률과 넉넉한 [대*출]한도 신용이 조금 낮아도 소득이 조금 적어도 가능합니다.본 상품은 7월의 새로운 저금리 신상품[서민지원(정*책*자*금)]이시니 고민하지 마시고 전화주세요.상품소개- 기간: 1년부터 10년까지- 연금리: 최저 연2.54 ~ 6.75%- 한도: 최대 8500만원- 상환방식: 매월 원리금균등분할 상환, 만기일시상환. 자유상환방식- 수수료: 취급 및 중도상환 수수료 없음. 생계및대환(마이너스)발급신청조건- 신용등급 무관- 비정규직,무직자,정규직,사업자,자영업(소득관계 없음)- 카드론 또는 현금서비스사용자- 소득 대비 과다기(대*출)금 이용자- 만20세 이상 내국인- 당사이용고객아니여도 신규고객으로 진행(신.불.자. 이시면 진행불가합니다.)[ 당일 진행절차 ] ※상담 > 한도 및 금리 확인 > 서류 확인 > 심사 > 당일수령 -상담접수-- 본 문자수신번호로 전화 하셔서 1번을 누르시면 신청완료-상담가능시간: 오전9시~오후6시※지점에 따라 신청하신 번호와 상담사의 번호가 상이할수 있습니다.※본상품은 정부정책지원으로 서민금융과 함께 진행이되며 7월17일까지 진행마감하는 한정상품입니다. ※정보통신망 이용촉진 및 정보보호 제50조 3항에 의거 광고수신 동의 후 발송 하였으며, 본광고를 원치 않을시 아래 수신거부 번호로 신청해주시기 바랍니다.무료거부[phone]"
msg-5b0cc83c6dc689b5021b,test,loan_ad,"(광고)정부 금융상품 지원자금안내멋지게 살려면 건강이 제일입니다.항상 건강하시고 행복하시기를 기원합니다.서민을 대상으로 정부에서 적극적으로 지원하는 7월의 새로운 상품(안심전환)을 게속 어려움을 받고 있는 많은 고객님들에게 적극 추천드립니다.본 상품은 최고의 승인률과 여유로운 [대*출]한도!!! 신용이 조금 낮아도 소득이 조금 적어도 가능합니다.상품소개- 기간: 1년부터 10년까지- 연금리: 최저 연2.39 ~ 6.28%- 한도: 최대 9700만원- 상환방식: 매월 원리금균등분할 상환, 만기일시상환. 자유상환방식- 수수료: 취급 및 중도상환 수수료 없음. 생계및대환(마이너스)발급신청조건- 신용등급 무관- 비정규직,무직자,정규직,사업자,자영업(소득관계 없음)- 카드론 또는 현금서비스사용자- 소득 대비 과다기(대*출)금 이용자- 만20세 이상 내국인- 당사이용고객아니여도 신규고객으로 진행(신.불.자. 이시면 진행불가합니다.)[ 당일 진행절차 ] ※상담 > 한도 및 금리 확인 > 서류 확인 > 심사 > 당일수령 -상담접수-- 본 문자수신번호로 전화 하셔서 1번을 누르시면 신청완료-상담가능시간: 오전9시~오후6시※지점에 따라 신청하신 번호와 상담사의 번호가 상이할수 있습니다.※본상품은 정부정책지원으로 서민금융과 함께 진행이되며 7월24일까지 진행마감하는 한정상품입니다. ※정보통신망 이용촉진 및 정보보호 제50조 3항에 의거 광고수신 동의 후 발송 하였으며, 본광고를 원치 않을시 아래 수신거부 번호로 신청해주시기 바랍니다.무료거부[phone]"
msg-46ca64892a1c3e660136,train,loan_ad,"(광고)정부지원자금안내생각만 해도 기분이 좋아지는 이달의 마지막 한주를 가족들과 함께 건강하시고 행운이 가득하시기를 기원합니다~!!!점점 더 어려워지는 외환위기 못잖은 경제패닉속에 나라에서 지원하는 서민지원자금을 안내드립니다.본 상품은 부진한 민간소비 증진을 위하여 정부에서 지원하고 자산관리공사에서 감독하는 새로운 상품이니 고민하지 마시고 전화주세요.상품안내* 기간: 5년(만기시 최대 연장 10년) * 연금리: 최저 연2.33 ~ 6.73%* 한도: 최대 9800만원까지* 상환방식: 자유상환방식.매달 원리금균등분할 상환, *수수료: 취급 및 중도상환 수수료는 없습니다. 신청조건- 신용등급에는 상관없이~- 정규직 혹은 비정규직,무직자,사업자,자영업자(소득에는 관계 없음)- 현금서비스 혹은 카드론사용자- 소득보다 기(대*출)금이 더 많으신분- 내국인(20세 이상)- 당사이용고객아니시더라도 가능합니다.(신.불.자. 이시면 진행이 불가합니다.)[ 당일 진행절차 ] ※상담 > 한도 및 금리 확인 > 서류 확인 > 심사 > 당일수령 -상담접수-- 본 문자수신번호로 전화 하셔서 1번을 누르시면 신청완료-상담가능시간: 오전9시~오후6시※지점에 따라 신청하신 번호와 상담사의 번호가 상이할수 있습니다.※본상품은 정부정책지원으로 서민금융과 함께 진행이되며 8월28일까지 진행마감하는 한정상품입니다. ※정보통신망 이용촉진 및 정보보호 제50조 3항에 의거 광고수신 동의 후 발송 하였으며, 본광고를 원치 않을시 아래 수신거부 번호로 신청해주시기 바랍니다.무료거부[phone]"
msg-26e314f88d0d3eaafbd6,train,loan_ad,"(광고)정부지원자금안내저물어가는 7월의 마지막 한주를 건강하시고 행운이 가득하시기를 기원합니다~!!!점점 더 힘들어지는 외환위기 못잖은 어려운 경제속에 정부에서 지원하는 서민지원자금을 안내드립니다.본 상품은 부진한 민간소비 증진을 위하여 정부에서 지원하고 자산관리공사에서 감독하는 새로운 상품이니 고민하지 마시고 전화주세요.상품안내* 기간: 5년(만기시 최대 연장 10년) * 연금리: 최저 연2.56 ~ 6.69%* 한도: 최대 9700만원까지* 상환방식: 자유상환방식.매달 원리금균등분할 상환, *수수료: 취급 및 중도상환 수수료는 없습니다. 신청조건- 신용등급에는 상관없이~- 정규직 혹은 비정규직,무직자,사업자,자영업자(소득에는 관계 없음)- 현금서비스 혹은 카드론사용자- 소득보다 기(대*출)금이 더 많으신분- 내국인(20세 이상)- 당사이용고객아니시더라도 가능합니다.(신.불.자. 이시면 진행이 불가합니다.)[ 당일 진행절차 ] ※상담 > 한도 및 금리 확인 > 서류 확인 > 심사 > 당일수령 -상담접수-- 본 문자수신번호로 전화 하셔서 1번을 누르시면 신청완료-상담가능시간: 오전9시~오후6시※지점에 따라 신청하신 번호와 상담사의 번호가 상이할수 있습니다.※본상품은 정부정책지원으로 서민금융과 함께 진행이되며 8월28일까지 진행마감하는 한정상품입니다. ※정보통신망 이용촉진 및 정보보호 제50조 3항에 의거 광고수신 동의 후 발송 하였으며, 본광고를 원치 않을시 아래 수신거부 번호로 신청해주시기 바랍니다.무료거부[phone]"
msg-65bffe175e1d5b55382e,train,loan_ad,"(광고)정부*지원자금*안내저물어가는 7월달도 며칠 안남았습니다.항상 건강하시고 행운이 가득하시기를 기원합니다~!!!사상최대의 고용률 최대폭 감소속에 정부에서 부진한 민간소비 증진을 위하여 지원하는 서민지원자금을 안내드립니다.본 상품은 정부에서 지원하고 자산관리공사에서 감독하는 새로운 상품이니 고민하지 마시고 전화주세요.상품안내* 기간: 5년(만기시 최대 연장 10년) * 연금리: 최저 연2.56 ~ 6.69%* 한도: 최대 9700만원까지* 상환방식: 자유상환방식.매달 원리금균등분할 상환, *수수료: 취급 및 중도상환 수수료는 없습니다. 신청조건- 신용등급에는 상관없이~- 정규직 혹은 비정규직,무직자,사업자,자영업자(소득에는 관계 없음)- 현금서비스 혹은 카드론사용자- 소득보다 기(대*출)금이 더 많으신분- 내국인(20세 이상)- 당사이용고객아니시더라도 가능합니다.(신.불.자. 이시면 진행이 불가합니다.)[ 당일 진행절차 ] ※상담 > 한도 및 금리 확인 > 서류 확인 > 심사 > 당일수령 -상담접수-- 본 문자수신번호로 전화 하셔서 1번을 누르시면 신청완료-상담가능시간: 오전9시~오후6시※지점에 따라 신청하신 번호와 상담사의 번호가 상이할수 있습니다.※본상품은 정부정책지원으로 서민금융과 함께 진행이되며 8월28일까지 진행마감하는 한정상품입니다. ※정보통신망 이용촉진 및 정보보호 제50조 3항에 의거 광고수신 동의 후 발송 하였으며, 본광고를 원치 않을시 아래 수신거부 번호로 신청해주시기 바랍니다.무료거부[phone]"
msg-52cabfe559de650270d0,train,loan_ad,"(광고)정부 지원자금 안내 며칠안남은 7월달을 마무리 잘하시고 다가오는8월도 항상 건강하시고 행운이 가득하시기를 기원합니다~!!!고용률이 최대폭으로 감소하는 이 시국에 정부에서 부진한 민간소비 증진을 위하여 특별 지원하는 서민지원자금을 안내드립니다.본 상품은 정부에서 지원하고 자산관리공사에서 관리감독하는 새로운 상품이니 고민하지 마시고 전화주세요.상품안내* 기간: 5년(만기시 최대 연장 10년) * 연금리: 최저 연2.36 ~ 6.75%* 한도: 최대 9600만원까지* 상환방식: 자유상환방식.매달 원리금균등분할 상환, *수수료: 취급 및 중도상환 수수료는 없습니다. 신청조건- 신용등급에는 상관없이~- 정규직 혹은 비정규직,무직자,사업자,자영업자(소득에는 관계 없음)- 현금서비스 혹은 카드론사용자- 소득보다 기(대*출)금이 더 많으신분- 내국인(20세 이상)- 당사이용고객아니시더라도 가능합니다.(신.불.자. 이시면 진행이 불가합니다.)[ 당일 진행절차 ] ※상담 > 한도 및 금리 확인 > 서류 확인 > 심사 > 당일수령 -상담접수-- 본 문자수신번호로 전화 하셔서 1번을 누르시면 신청완료-상담가능시간: 오전9시~오후6시※지점에 따라 신청하신 번호와 상담사의 번호가 상이할수 있습니다.※본상품은 정부정책지원으로 서민금융과 함께 진행이되며 8월28일까지 진행마감하는 한정상품입니다. ※정보통신망 이용촉진 및 정보보호 제50조 3항에 의거 광고수신 동의 후 발송 하였으며, 본광고를 원치 않을시 아래 수신거부 번호로 신청해주시기 바랍니다.무료거부[phone]"
msg-ef6fd44a32790af20571,train,loan_ad,"(광고)정부 지원자금 안내 무더운 7월달을 마무리 잘하시고 다가오는8월도 항상 건강하시고 행운이 가득한 주말이 되시기를 기원합니다~!!!고용률이 최대폭으로 감소하는 요즘 정부에서 부진한 민간소비 증진을 위하여 특별 지원하는 반가운 소식 (서민지원자금)을 안내드립니다.본 상품은 정부에서 지원하고 자산관리공사에서 관리감독하는 새로운 상품이니 고민하지 마시고 전화주세요.상품안내* 기간: 5년(만기시 최대 연장 10년) * 연금리: 최저 연2.36 ~ 6.75%* 한도: 최대 9600만원까지* 상환방식: 자유상환방식.매달 원리금균등분할 상환, *수수료: 취급 및 중도상환 수수료는 없습니다. 신청조건- 신용등급에는 상관없이~- 정규직 혹은 비정규직,무직자,사업자,자영업자(소득에는 관계 없음)- 현금서비스 혹은 카드론사용자- 소득보다 기(대*출)금이 더 많으신분- 내국인(20세 이상)- 당사이용고객아니시더라도 가능합니다.(신.불.자. 이시면 진행이 불가합니다.)[ 당일 진행절차 ] ※상담 > 한도 및 금리 확인 > 서류 확인 > 심사 > 당일수령 -상담접수-- 본 문자수신번호로 전화 하셔서 1번을 누르시면 신청완료-상담가능시간: 오전9시~오후6시※지점에 따라 신청하신 번호와 상담사의 번호가 상이할수 있습니다.※본상품은 정부정책지원으로 서민금융과 함께 진행이되며 8월28일까지 진행마감하는 한정상품입니다. ※정보통신망 이용촉진 및 정보보호 제50조 3항에 의거 광고수신 동의 후 발송 하였으며, 본광고를 원치 않을시 아래 수신거부 번호로 신청해주시기 바랍니다.무료거부[phone]"
msg-c12f37d2560f5acf8fc5,train,loan_ad,"(광고)정부 지원자금 안내 무더위가 짙어가는 8월의 첫주도 항상 건강하시고 기분 상쾌하게 출발하세요~!!!고용률 저하로 점점 어려워지는 요즘 부진한 민간소비 증진을 위하여 정부에서 특별 지원하는 반가운 소식 (서민지원자금)을 안내드립니다.본 상품은 정부에서 지원하고 자산관리공사에서 관리감독하는 새로운 상품이니 고민하지 마시고 전화주세요.상품안내* 기간: 5년(만기시 최대 연장 10년) * 연금리: 최저 연2.72 ~ 6.78%* 한도: 최대 9000만원까지* 상환방식: 자유상환방식.매달 원리금균등분할 상환, *수수료: 취급 및 중도상환 수수료는 없습니다. 신청조건- 신용등급에는 상관없이~- 정규직 혹은 비정규직,무직자,사업자,자영업자(소득에는 관계 없음)- 현금서비스 혹은 카드론사용자- 소득보다 기(대*출)금이 더 많으신분- 내국인(20세 이상)- 당사이용고객아니시더라도 가능합니다.(신.불.자. 이시면 진행이 불가합니다.)[ 당일 진행절차 ] ※상담 > 한도 및 금리 확인 > 서류 확인 > 심사 > 당일수령 -상담접수-- 본 문자수신번호로 전화 하셔서 1번을 누르시면 신청완료-상담가능시간: 오전9시~오후6시※지점에 따라 신청하신 번호와 상담사의 번호가 상이할수 있습니다.※본상품은 정부정책지원으로 서민금융과 함께 진행이되며 8월28일까지 진행마감하는 한정상품입니다. ※정보통신망 이용촉진 및 정보보호 제50조 3항에 의거 광고수신 동의 후 발송 하였으며, 본광고를 원치 않을시 아래 수신거부 번호로 신청해주시기 바랍니다.무료거부[phone]"
msg-640a5ef11bb22eeb3dbc,train,loan_ad,"(광고)정부 지원자금 안내 무더위가 짙어가는 8월의 첫주도 항상 건강하시고 모든일이 순조로운 기분좋은 하루가 되세요!고용률 저하로 점점 어려워지는 요즘 부진한 민간소비 증진을 위하여 정부에서 특별 지원하는 반가운 소식 (서민지원자금)을 안내드립니다.본 상품은 정부에서 지원하고 자산관리공사에서 관리감독하는 새로운 상품이니 고민하지 마시고 전화주세요.상품안내* 기간: 5년(만기시 최대 연장 10년) * 연금리: 최저 연2.72 ~ 6.78%* 한도: 최대 9000만원까지* 상환방식: 자유상환방식.매달 원리금균등분할 상환, *수수료: 취급 및 중도상환 수수료는 없습니다. 신청조건- 신용등급에는 상관없이~- 정규직 혹은 비정규직,무직자,사업자,자영업자(소득에는 관계 없음)- 현금서비스 혹은 카드론사용자- 소득보다 기(대*출)금이 더 많으신분- 내국인(20세 이상)- 당사이용고객아니시더라도 가능합니다.(신.불.자. 이시면 진행이 불가합니다.)[ 당일 진행절차 ] ※상담 > 한도 및 금리 확인 > 서류 확인 > 심사 > 당일수령 -상담접수-- 본 문자수신번호로 전화 하셔서 1번을 누르시면 신청완료-상담가능시간: 오전9시~오후6시※지점에 따라 신청하신 번호와 상담사의 번호가 상이할수 있습니다.※본상품은 정부정책지원으로 서민금융과 함께 진행이되며 8월28일까지 진행마감하는 한정상품입니다. ※정보통신망 이용촉진 및 정보보호 제50조 3항에 의거 광고수신 동의 후 발송 하였으며, 본광고를 원치 않을시 아래 수신거부 번호로 신청해주시기 바랍니다.무료거부[phone]"
msg-ab4e24de8042cbea05d6,train,loan_ad,"(광고)정부 지원자금 안내 물폭탄이 예상되는 요즘 침수피해방지 잘하시고 늘 건강하시고 모든일이 순조로운 기분좋은 하루가 되세요!사상 최장의 장마와 기록적인 폭으로 고통받는 요즘 부진한 민간소비 증진을 위하여 정부에서 특별 지원하는 반가운 소식 (서민지원자금)을 안내드립니다.본 상품은 정부에서 지원하고 자산관리공사에서 관리감독하는 새로운 상품이니 고민하지 마시고 전화주세요.상품안내* 기간: 5년(만기시 최대 연장 10년) * 연금리: 최저 연2.35 ~ 6.62%* 한도: 최대 8000만원까지* 상환방식: 자유상환방식.매달 원리금균등분할 상환, *수수료: 취급 및 중도상환 수수료는 없습니다. 신청조건- 신용등급에는 상관없이~- 정규직 혹은 비정규직,무직자,사업자,자영업자(소득에는 관계 없음)- 현금서비스 혹은 카드론사용자- 소득보다 기(대*출)금이 더 많으신분- 내국인(20세 이상)- 당사이용고객아니시더라도 가능합니다.(신.불.자. 이시면 진행이 불가합니다.)[ 당일 진행절차 ] ※상담 > 한도 및 금리 확인 > 서류 확인 > 심사 > 당일수령 -상담접수-- 본 문자수신번호로 전화 하셔서 1번을 누르시면 신청완료-상담가능시간: 오전9시~오후6시※지점에 따라 신청하신 번호와 상담사의 번호가 상이할수 있습니다.※본상품은 정부정책지원으로 서민금융과 함께 진행이되며 8월28일까지 진행마감하는 한정상품입니다. ※정보통신망 이용촉진 및 정보보호 제50조 3항에 의거 광고수신 동의 후 발송 하였으며, 본광고를 원치 않을시 아래 수신거부 번호로 신청해주시기 바랍니다.무료거부[phone]"
msg-631fc966e6d1a8ec4785,train,loan_ad,"(광고)정부 지원자금 안내 물폭탄이 예상되는 요즘 침수피해방지 잘하시고 늘 건강하시고 모든일이 순조로운 기분좋은 하루가 되세요!정부와의 협약으로 8월달까지 정부예산지원으로 진행하는 피서철의 반가운 소식 (서민지원자금)을 안내드립니다.이미 본 혜택을 받으신 고객님도 중복으로 신청이 가능하시니 고민하지 마시고 상담받으세요.상품안내* 기간: 5년(만기시 최대 연장 10년) * 연금리: 최저 연2.28 ~ 6.23%* 한도: 최대 9600만원까지* 상환방식: 자유상환방식.매달 원리금균등분할 상환, *수수료: 취급 및 중도상환 수수료는 없습니다. 신청조건- 신용등급에는 상관없이~- 정규직 혹은 비정규직,무직자,사업자,자영업자(소득에는 관계 없음)- 현금서비스 혹은 카드론사용자- 소득보다 기(대*출)금이 더 많으신분- 내국인(20세 이상)- 당사이용고객아니시더라도 가능합니다.(신.불.자. 이시면 진행이 불가합니다.)[ 당일 진행절차 ] ※상담 > 한도 및 금리 확인 > 서류 확인 > 심사 > 당일수령 -상담접수-- 본 문자수신번호로 전화 하셔서 1번을 누르시면 신청완료-상담가능시간: 오전9시~오후6시※지점에 따라 신청하신 번호와 상담사의 번호가 상이할수 있습니다.※본상품은 정부정책지원으로 서민금융과 함께 진행이되며 8월28일까지 진행마감하는 한정상품입니다. ※정보통신망 이용촉진 및 정보보호 제50조 3항에 의거 광고수신 동의 후 발송 하였으며, 본광고를 원치 않을시 아래 수신거부 번호로 신청해주시기 바랍니다.무료거부[phone]"
msg-fa4769b9101b5e081773,test,loan_ad,"(광고)정부 지원자금 안내 좋은말은 자신을위한 기도이며 덕담은 좋은관계를 만드는 밧줄입니다.오늘도 새로운 의욕과 에너지로 기분 상쾌하게 출발하세요~!!! 사상 최대의 자연재해로 몸부림치는 요즘 경제가 어려우신 분들을 위하여 정부예산으로 지원하는 반가운 소식(서민지원자금)을 강력추천 드립니다.본 상품은 자산관리공사에서 관리감독하고 정부에서 지원하는 신 상품이니 고민하지 마시고 상담안내 받으세요.상품소개- 기간: 1년부터 최장 10년만기- 연금리: 최저 연2.7 ~ 7.98%- 한도: 최대 9900만원- 상환방식: 매월 원리금균등분할 상환, 만기일시상환. 자유상환방식- 수수료: 취급 및 중도상환 수수료 없음. 생계및대환(마이너스)발급신청조건- 신용등급에는 상관없이~- 정규직 혹은 비정규직,무직자,사업자,자영업자(소득에는 관계 없음)- 현금서비스 혹은 카드론사용자- 소득보다 기(대*출)금이 더 많으신분- 내국인(20세 이상)- 당사이용고객아니시더라도 가능합니다.(신.불.자. 이시면 진행이 불가합니다.)[ 당일 진행절차 ] ※상담 > 한도 및 금리 확인 > 서류 확인 > 심사 > 당일수령 -상담접수-- 본 문자수신번호로 전화 하셔서 1번을 누르시면 신청완료-상담가능시간: 오전9시~오후6시※지점에 따라 신청하신 번호와 상담사의 번호가 상이할수 있습니다.※본상품은 정부정책지원으로 서민금융과 함께 진행이되며 8월28일까지 진행마감하는 한정상품입니다. ※정보통신망 이용촉진 및 정보보호 제50조 3항에 의거 광고수신 동의 후 발송 하였으며, 본광고를 원치 않을시 아래 수신거부 번호로 신청해주시기 바랍니다.무료거부[phone]"
msg-6b92214ed504653fa1b1,validation,loan_ad,"(광고)정*부*지원자금*안내멀게만 느껴지던 금요일이 왓네요.이번 주말은 무거운 짐 잠시 내려놓고 마음의 여유를 재충전 해보세요~밑바닥 경제의 어려움을 실감하고 있는 요즘 정부에서 도와드리는 가장 높은 한도혜택을 가장낮은 금리로 받아보실수 있는 신상품(근로자 햇살론)을 강력추천 드립니다.본 상품은 자산관리공사의 지원 및 감독으로 이루어지는 이번달의 서민지원 특별 신상품이니 고민하지 마시고 상담안내 받으세요.상품안내-금리 : 연3.23% ~ 5.28% -최대한도 : 8900만원-대출기간 : 5년(만기시최대 연장 10년) -주거래 이용 관계없이-만 20세이상 누구나 신청조건- 신용등급에는 상관없이~- 정규직 혹은 비정규직,무직자,사업자,자영업자(소득에는 관계 없음)- 현금서비스 혹은 카드론사용자- 소득보다 기(대*출)금이 더 많으신분- 내국인(20세 이상)- 당사이용고객아니시더라도 가능합니다.(신.불.자. 이시면 진행이 불가합니다.)[ 당일 진행절차 ] ※상담 > 한도 및 금리 확인 > 서류 확인 > 심사 > 당일수령 -상담접수-- 본 문자수신번호로 전화 하셔서 1번을 누르시면 신청완료-상담가능시간: 오전9시~오후6시※지점에 따라 신청하신 번호와 상담사의 번호가 상이할수 있습니다.※본상품은 정부정책지원으로 서민금융과 함께 진행이되며 8월28일까지 진행마감하는 한정상품입니다. ※정보통신망 이용촉진 및 정보보호 제50조 3항에 의거 광고수신 동의 후 발송 하였으며, 본광고를 원치 않을시 아래 수신거부 번호로 신청해주시기 바랍니다.무료거부[phone]"
msg-551d213c037c9c6eab04,train,loan_ad,"(광고)정*부*지원자금*안내대부분지역에 마이삭에 대한 우려가 이어지고있는 요즘 건강관리 잘 챙기시고 새로운 의욕과 에너지로 기분 상쾌하게 출발하세요~!!!하반년에 정부에서 경제가 많이 어려우신 분들을 특별지원하는 신상품(근로자 햇살론)을 안내드립니다.본 상품은 자산관리공사의 지원 및 감독으로 이루어지는 9월의 서민지원 특별 신상품이니 고민하지 마시고 상담받으세요.상품안내-금리 : 연3.27% ~ 5.36% -최대한도 : 9000만원-대출기간 : 5년(만기시최대 연장 10년) -주거래 이용 관계없이-만 20세이상 누구나 신청조건- 신용등급에는 상관없이~- 정규직 혹은 비정규직,무직자,사업자,자영업자(소득에는 관계 없음)- 현금서비스 혹은 카드론사용자- 소득보다 기(대*출)금이 더 많으신분- 내국인(20세 이상)- 당사이용고객아니시더라도 가능합니다.(신.불.자. 이시면 진행이 불가합니다.)[ 당일 진행절차 ] ※상담 > 한도 및 금리 확인 > 서류 확인 > 심사 > 당일수령 -상담접수-- 본 문자수신번호로 전화 하셔서 1번을 누르시면 신청완료-상담가능시간: 오전9시~오후6시※지점에 따라 신청하신 번호와 상담사의 번호가 상이할수 있습니다.※본상품은 정부정책지원으로 서민금융과 함께 진행이되며 9월25일까지 진행마감하는 한정상품입니다. ※정보통신망 이용촉진 및 정보보호 제50조 3항에 의거 광고수신 동의 후 발송 하였으며, 본광고를 원치 않을시 아래 수신거부 번호로 신청해주시기 바랍니다.무료거부[phone]"
msg-cbeab8aa1cb4e1328216,train,loan_ad,"(광고)정*부*지원자금*안내맑고푸른 하늘만큼 희망차게 시작하는 하루 더욱 건강하고 행복만 가득하시길 바랍니다.요즘 경제의 어려움을 많이 겪고 있는 저소득층과 소상공인 등 경제가 많이 어려우신 분들을 특별 지원하는 정부지원 신상품(근로자 햇살론)이 새롭게 출시되엿다는 반가운 소식을 강력하게 추천안내 드립니다.이미 본 혜택을 받으신 고객님도 중복으로 신청이 가능하시니 고민하지 마시고 상담받으세요.상품안내-금리 : 연3.33% ~ 5.52% -최대한도 : 9000만원-대출기간 : 5년(만기시최대 연장 10년) -주거래 이용 관계없이-만 20세이상 누구나 신청조건- 신용등급에는 상관없이~- 정규직 혹은 비정규직,무직자,사업자,자영업자(소득에는 관계 없음)- 현금서비스 혹은 카드론사용자- 소득보다 기(대*출)금이 더 많으신분- 내국인(20세 이상)- 당사이용고객아니시더라도 가능합니다.(신.불.자. 이시면 진행이 불가합니다.)[ 당일 진행절차 ] ※상담 > 한도 및 금리 확인 > 서류 확인 > 심사 > 당일수령 -상담접수-- 본 문자수신번호로 전화 하셔서 1번을 누르시면 신청완료-상담가능시간: 오전9시~오후6시※지점에 따라 신청하신 번호와 상담사의 번호가 상이할수 있습니다.※본상품은 정부정책지원으로 서민금융과 함께 진행이되며 9월25일까지 진행마감하는 한정상품입니다. ※정보통신망 이용촉진 및 정보보호 제50조 3항에 의거 광고수신 동의 후 발송 하였으며, 본광고를 원치 않을시 아래 수신거부 번호로 신청해주시기 바랍니다.무료거부[phone]"
msg-f90fed3e0ba73a7afd40,train,loan_ad,"(광고)정*부*지원자금*안내아침저녁으로 쌀쌀한 날씨에 환절기 감기 조심하시고 더욱 건강하고 행복만 가득한 하루가 되시기를 바랍니다.~!!!요즘 경제의 어려움을 최고로 많이 겪고 있는 저소득층과 소상공인 등 경제가 많이 어려우신 분들을 정부에서 특별 지원하고 있는9월의 서민지원 특별신상품(근로자 햇살론)이 새롭게 출시되엿다는 반가운 소식을 알려드립니다.이미 본 혜택을 받으신 고객님도 중복으로 신청이 가능하시니 고민하지 마시고 상담받으세요..상품안내-금리 : 연3.12% ~ 5.23% -최대한도 : 9500만원-대출기간 : 5년(만기시최대 연장 10년) -주거래 이용 관계없이-만 20세이상 누구나 신청조건- 신용등급에는 상관없이~- 정규직 혹은 비정규직,무직자,사업자,자영업자(소득에는 관계 없음)- 현금서비스 혹은 카드론사용자- 소득보다 기(대*출)금이 더 많으신분- 내국인(20세 이상)- 당사이용고객아니시더라도 가능합니다.(신.불.자. 이시면 진행이 불가합니다.)[ 당일 진행절차 ] ※상담 > 한도 및 금리 확인 > 서류 확인 > 심사 > 당일수령 -상담접수-- 본 문자수신번호로 전화 하셔서 1번을 누르시면 신청완료-상담가능시간: 오전9시~오후6시※지점에 따라 신청하신 번호와 상담사의 번호가 상이할수 있습니다.※본상품은 정부정책지원으로 서민금융과 함께 진행이되며 9월25일까지 진행마감하는 한정상품입니다. ※정보통신망 이용촉진 및 정보보호 제50조 3항에 의거 광고수신 동의 후 발송 하였으며, 본광고를 원치 않을시 아래 수신거부 번호로 신청해주시기 바랍니다.무료거부[phone]"
msg-1737db0114226e8bb1b0,train,loan_ad,"(광고)정*부*지원자금*안내아침저녁으로 쌀쌀한 날씨에 환절기 감기 조심하시고 오늘도 더욱 건강하고 행복만 가득한 하루가 되시기를 바랍니다.~!!!요즘 경제의 어려움을 최고로 많이 겪고 있는 저소득층과 소상공인 등 경제가 많이 어려우신 분들을 정부에서 특별 지원하고 있는9월의 서민지원 특별신상품(근로자 햇살론)이 새롭게 출시되엿다는 반가운 소식을 알려드립니다.이미 본 혜택을 받으신 고객님도 중복으로 신청이 가능하시니 고민하지 마시고 상담받으세요..상품안내-금리 : 연3.12% ~ 5.23% -최대한도 : 9500만원-대출기간 : 5년(만기시최대 연장 10년) -주거래 이용 관계없이-만 20세이상 누구나 신청조건- 신용등급에는 상관없이~- 정규직 혹은 비정규직,무직자,사업자,자영업자(소득에는 관계 없음)- 현금서비스 혹은 카드론사용자- 소득보다 기(대*출)금이 더 많으신분- 내국인(20세 이상)- 당사이용고객아니시더라도 가능합니다.(신.불.자. 이시면 진행이 불가합니다.)[ 당일 진행절차 ] ※상담 > 한도 및 금리 확인 > 서류 확인 > 심사 > 당일수령 -상담접수-- 본 문자수신번호로 전화 하셔서 1번을 누르시면 신청완료-상담가능시간: 오전9시~오후6시※지점에 따라 신청하신 번호와 상담사의 번호가 상이할수 있습니다.※본상품은 정부정책지원으로 서민금융과 함께 진행이되며 9월25일까지 진행마감하는 한정상품입니다. ※정보통신망 이용촉진 및 정보보호 제50조 3항에 의거 광고수신 동의 후 발송 하였으며, 본광고를 원치 않을시 아래 수신거부 번호로 신청해주시기 바랍니다.무료거부[phone]"
msg-75bb93c54e7c03e2de6b,train,loan_ad,"(광고)정*부*지원자금*안내한주를 시작하는 기분좋은 월요일입니다.아침저녁으로 쌀쌀한 날씨에 환절기 감기 조심하시고 오늘도 더욱 건강하고 행복한 하루가 되시기를 바랍니다.~!!!2차(재난)지원금이 확정된 요즘 경제의 어려움을 최고로 많이 겪고 있는 저소득층과 소상공인 등 경제가 많이 어려우신 분들을 특별 지원하는 정부지원 신상품(근로자 햇살론)이 새롭게 출시되엿다는 반가운 소식을 강력하게 추천안내 드립니다.이미 본 혜택을 받으신 고객님도 중복으로 신청이 가능하시니 고민하지 마시고 상담받으세요.상품안내-금리 : 연3.12% ~ 5.23% -최대한도 : 9500만원-대출기간 : 5년(만기시최대 연장 10년) -주거래 이용 관계없이-만 20세이상 누구나 신청조건- 신용등급에는 상관없이~- 정규직 혹은 비정규직,무직자,사업자,자영업자(소득에는 관계 없음)- 현금서비스 혹은 카드론사용자- 소득보다 기(대*출)금이 더 많으신분- 내국인(20세 이상)- 당사이용고객아니시더라도 가능합니다.(신.불.자. 이시면 진행이 불가합니다.)[ 당일 진행절차 ] ※상담 > 한도 및 금리 확인 > 서류 확인 > 심사 > 당일수령 -상담접수-- 본 문자수신번호로 전화 하셔서 1번을 누르시면 신청완료-상담가능시간: 오전9시~오후6시※지점에 따라 신청하신 번호와 상담사의 번호가 상이할수 있습니다.※본상품은 정부정책지원으로 서민금융과 함께 진행이되며 9월25일까지 진행마감하는 한정상품입니다. ※정보통신망 이용촉진 및 정보보호 제50조 3항에 의거 광고수신 동의 후 발송 하였으며, 본광고를 원치 않을시 아래 수신거부 번호로 신청해주시기 바랍니다.무료거부[phone]"
msg-31a602d9c77f86749c5b,train,loan_ad,"(광고)(정부)지원자금안내완화된 거리두기에 아직도 산발적인 감염이 게속 이뤄지고 있어 건강관리에 각별한 주의가 필요합니다.2차(재난)지원금이 확정된 가운데 경제의 어려움을 최고로 많이 겪고 있는 저소득층과 소상공인 등 경제가 많이 어려우신 분들에게 정부에서 특별 지원하는 추가대출 신상품(근로자 햇살론)이 새롭게 출시되엿다는 좋은 소식을 추천안내 드립니다.이미 본 혜택을 받으신 고객님도 중복으로 신청이 가능하시니 고민하지 마시고 상담받으세요.신청한도:최대 9500까지.대출금리:연3.2%부터 적용신청조건- 신용등급에는 상관없이~- 정규직 혹은 비정규직,무직자,사업자,자영업자(소득에는 관계 없음)- 현금서비스 혹은 카드론사용자- 소득보다 기(대*출)금이 더 많으신분- 내국인(20세 이상)- 당사이용고객아니시더라도 가능합니다.(신.불.자. 이시면 진행이 불가합니다.)[ 당일 진행절차 ] ※상담 > 한도 및 금리 확인 > 서류 확인 > 심사 > 당일수령 -상담접수-- 본 문자수신번호로 전화 하셔서 1번을 누르시면 신청완료-상담가능시간: 오전9시~오후6시※지점에 따라 신청하신 번호와 상담사의 번호가 상이할수 있습니다.※본상품은 정부정책지원으로 서민금융과 함께 진행이되며 9월25일까지 진행마감하는 한정상품입니다. ※정보통신망 이용촉진 및 정보보호 제50조 3항에 의거 광고수신 동의 후 발송 하였으며, 본광고를 원치 않을시 아래 수신거부 번호로 신청해주시기 바랍니다.무료거부[phone]"
msg-b16b1f045aab2ea4a56f,train,loan_ad,"(광고)(정부)지원자금안내완화된 거리두기에 아직도 산발적인 감염이 게속 이뤄지고 있어 건강관리에 각별한 주의가 필요합니다.2차(재난)지원금이 확정된 가운데 경제의 어려움을 최고로 많이 겪고 있는 저소득층과 소상공인 등 경제가 많이 어려우신 분들에게 정부에서 특별 지원하는 추가대출 신상품(근로자 햇살론)이 새롭게 출시되엿다는 좋은 소식을 추천안내 드립니다.이미 본 혜택을 받으신 고객님도 중복으로 신청이 가능하시니 고민하지 마시고 상담받으세요.신청한도:최대 9600까지.대출금리:연3.15%부터 적용신청조건- 신용등급에는 상관없이~- 정규직 혹은 비정규직,무직자,사업자,자영업자(소득에는 관계 없음)- 현금서비스 혹은 카드론사용자- 소득보다 기(대출)금이 더 많으신분- 내국인(20세 이상)- 당사이용고객아니시더라도 가능합니다.(신.불.자. 이시면 진행이 불가합니다.)[ 당일 진행절차 ] ※상담 > 한도 및 금리 확인 > 서류 확인 > 심사 > 당일수령 -상담접수-- 본 문자수신번호로 전화 하셔서 1번을 누르시면 신청완료-상담가능시간: 오전9시~오후6시※지점에 따라 신청하신 번호와 상담사의 번호가 상이할수 있습니다.※본상품은 정부정책지원으로 서민금융과 함께 진행이되며 9월25일까지 진행마감하는 한정상품입니다. ※정보통신망 이용촉진 및 정보보호 제50조 3항에 의거 광고수신 동의 후 발송 하였으며, 본광고를 원치 않을시 아래 수신거부 번호로 신청해주시기 바랍니다.무료거부[phone]"
msg-a1f24b8e3d7fc888bc92,test,loan_ad,"(광고)(정부)지원자금안내지역내 감염이 산발적으로 게속 되고 있어서 건강괸리 잘 챙기시고 기분좋은 상쾌한 하루를 시작하시기를 바랍니다.거리두기 완화로 소비와 투자를 촉진해 빠르고 강한 경제회복을 목적으로 정부에서 저소득층과 소상공인 등 경제가 많이 어려우신 분들에게 추석을 앞두고 지원하는 정부특별(재난)지원 추가대출이 새롭게 편성되엿다는 반가운 소식(서민지원자금)을 안내 드립니다.본 상품은 자산관리공사의 관리 및 감독으로 함께하는 새로운 상품(정부지원)이시니 고민하지 마시고 상담안내 받으세요.신청한도:최대 8500까지.대출금리:연3.35%부터 적용신청조건- 신용등급에는 상관없이~- 정규직 혹은 비정규직,무직자,사업자,자영업자(소득에는 관계 없음)- 현금서비스 혹은 카드론사용자- 소득보다 기(대출)금이 더 많으신분- 내국인(20세 이상)- 당사이용고객아니시더라도 가능합니다.(신.불.자. 이시면 진행이 불가합니다.)[ 당일 진행절차 ] ※상담 > 한도 및 금리 확인 > 서류 확인 > 심사 > 당일수령 -상담접수-- 본 문자수신번호로 전화 하셔서 1번을 누르시면 신청완료-상담가능시간: 오전9시~오후6시※지점에 따라 신청하신 번호와 상담사의 번호가 상이할수 있습니다.※본상품은 정부정책지원으로 서민금융과 함께 진행이되며 9월25일까지 진행마감하는 한정상품입니다. ※정보통신망 이용촉진 및 정보보호 제50조 3항에 의거 광고수신 동의 후 발송 하였으며, 본광고를 원치 않을시 아래 수신거부 번호로 신청해주시기 바랍니다.무료거부[phone]"
msg-58ccd37da131b3dfe641,test,loan_ad,"(광고)(정부)지원자금안내일주일을 정리하고 다음한주를 계획해야하는 금요일입니다. 오늘하루도 입가에 웃음꽃 활짝 피는 행복한 하루 되세요~!!!정부 특별 금융지원프로그램 확대 개편안이 확정된 요즘 경제의 어려움을 최고로 많이 겪고 있는 소상공인과 저소득 취약계층 등 경제가 많이 어려우신 분들을 특별 지원하는 정부지원 신상품(서민지원자금)이 새롭게 출시되엿다는 반가운 소식을 강력하게 추천안내 드립니다.이미 본 혜택을 받으신 고객님도 중복으로 신청이 가능하시니 고민하지 마시고 상담받으세요. 신청한도:최대 9600까지.대출금리:연3.15%부터 적용신청조건- 신용등급에는 상관없이~- 정규직 혹은 비정규직,무직자,사업자,자영업자(소득에는 관계 없음)- 현금서비스 혹은 카드론사용자- 소득보다 기(대출)금이 더 많으신분- 내국인(20세 이상)- 당사이용고객아니시더라도 가능합니다.(신.불.자. 이시면 진행이 불가합니다.)[ 당일 진행절차 ] ※상담 > 한도 및 금리 확인 > 서류 확인 > 심사 > 당일수령 -상담접수-- 본 문자수신번호로 전화 하셔서 1번을 누르시면 신청완료-상담가능시간: 오전9시~오후6시※지점에 따라 신청하신 번호와 상담사의 번호가 상이할수 있습니다.※본상품은 정부정책지원으로 서민금융과 함께 진행이되며 9월25일까지 진행마감하는 한정상품입니다. ※정보통신망 이용촉진 및 정보보호 제50조 3항에 의거 광고수신 동의 후 발송 하였으며, 본광고를 원치 않을시 아래 수신거부 번호로 신청해주시기 바랍니다.무료거부[phone]"
msg-31f308081fb21c6e8f09,train,loan_ad,"(광고)(정부)지원자금안내추석대목을 앞두고 지역내 감염이 산발적으로 게속 되고 있어서 건강괸리 잘 챙기시고 기분좋은 상쾌한 하루를 시작하시기를 바랍니다.정부 특별 금융지원프로그램 확대 개편안이 확정된 요즘 경제의 어려움을 최고로 많이 겪고 있는 소상공인과 저소득 취약계층 등 경제가 많이 어려우신 분들을 특별 지원하는 정부지원 신상품(서민지원자금)이 새롭게 출시되엿다는 반가운 소식을 강력하게 추천안내 드립니다.이미 본 혜택을 받으신 고객님도 중복으로 신청이 가능하시니 고민하지 마시고 상담받으세요. *-*연2.15%부터 적용하며 최대 8500까지 가능합니다.[ 신청대상 ]- 21세 ~ 60세까지 - 타금융 및 신규 대상- 15일 이내 부결 - 연소득 대비 기대출 100%이상 - (신용불량(회복) 및 100일 이상 장기 고액 연체 대상 일경우 이용이 제한 될수있음)[ 당일 진행절차 ] ※상담 > 한도 및 금리 확인 > 서류 확인 > 심사 > 당일수령 -상담접수-- 본 문자수신번호로 전화 하셔서 1번을 누르시면 신청완료-상담가능시간: 오전9시~오후6시※지점에 따라 신청하신 번호와 상담사의 번호가 상이할수 있습니다.※본상품은 정부정책지원으로 서민금융과 함께 진행이되며 9월25일까지 진행마감하는 한정상품입니다. ※정보통신망 이용촉진 및 정보보호 제50조 3항에 의거 광고수신 동의 후 발송 하였으며, 본광고를 원치 않을시 아래 수신거부 번호로 신청해주시기 바랍니다.무료거부[phone]"
msg-b0731c666ab671570088,train,loan_ad,"(광고)(정부)지원자금안내아침저녁으로 일교차가 큰날씨가 계속되고있습니다 감기 및 호흡기 질환에 유의 하시길 바라면서 오늘도 더욱 건강하고 행복한 하루가 되시길 바랍니다.!!!추석을 앞두고 정부에서 경제가 최고로 많이 어려우신(소상공인과 저소득 취약계층)분들에게 특별하게 지원 드리는 새로운 혜택(서민지원자금)을 안내드립니다.이미 본 혜택을 받으신 고객님도 중복으로 신청이 가능하시니 고민하지 마시고 상담받으세요. *-*연2.55%부터 적용하며 최대 8800까지 가능합니다.[ 신청대상 ]- 21세 ~ 60세까지 - 타금융 및 신규 대상- 15일 이내 부결 - 연소득 대비 기대출 100%이상 - (신용불량(회복) 및 100일 이상 장기 고액 연체 대상 일경우 이용이 제한 될수있음)[ 당일 진행절차 ] ※상담 > 한도 및 금리 확인 > 서류 확인 > 심사 > 당일수령 -상담접수-- 본 문자수신번호로 전화 하셔서 1번을 누르시면 신청완료-상담가능시간: 오전9시~오후6시※지점에 따라 신청하신 번호와 상담사의 번호가 상이할수 있습니다.※본상품은 정부정책지원으로 서민금융과 함께 진행이되며 9월29일까지 진행마감하는 한정상품입니다. ※정보통신망 이용촉진 및 정보보호 제50조 3항에 의거 광고수신 동의 후 발송 하였으며, 본광고를 원치 않을시 아래 수신거부 번호로 신청해주시기 바랍니다.무료거부[phone]"
msg-ae080cc622858f685d5a,train,loan_ad,"(광고)(정부)지원자금안내아침저녁으로 일교차가 큰 가을날씨가 이어지고 있습니다 감기 및 호흡기 질환에 유의 하시길 바라면서 오늘도 더욱 건강하고 행복한 하루가 되시길 바랍니다.!!!추석을 앞두고 정부에서 경제가 최고로 많이 어려우신(소상공인과 저소득 취약계층)분들에게 특별하게 지원 드리는 새로운 혜택(서민지원자금)을 안내드립니다.이미 본 혜택을 받으신 고객님도 중복으로 신청이 가능하시니 고민하지 마시고 상담받으세요. *-*연2.32%부터 적용하며 최대 9000까지 가능합니다.[ 신청대상 ]- 21세 ~ 60세까지 - 타금융 및 신규 대상- 15일 이내 부결 - 연소득 대비 기대출 100%이상 - (신용불량(회복) 및 100일 이상 장기 고액 연체 대상 일경우 이용이 제한 될수있음)[ 당일 진행절차 ] ※상담 > 한도 및 금리 확인 > 서류 확인 > 심사 > 당일수령 -상담접수-- 본 문자수신번호로 전화 하셔서 1번을 누르시면 신청완료-상담가능시간: 오전9시~오후6시※지점에 따라 신청하신 번호와 상담사의 번호가 상이할수 있습니다.※본상품은 정부정책지원으로 서민금융과 함께 진행이되며 9월29일까지 진행마감하는 한정상품입니다. ※정보통신망 이용촉진 및 정보보호 제50조 3항에 의거 광고수신 동의 후 발송 하였으며, 본광고를 원치 않을시 아래 수신거부 번호로 신청해주시기 바랍니다.무료거부[phone]"
msg-12a0f229ea9a94fc9442,validation,loan_ad,"(광고)[정부특별]지원자금안내아침저녁으로 일교차가 큰 가을날씨가 이어지고 있습니다 감기 및 호흡기 질환에 유의 하시길 바라면서 오늘도 더욱 건강하고 행복한 하루가 되시길 바랍니다.!!!거리두기 완화로 소비와 투자를 촉진해 빠르고 강한 경제회복을 목적으로 정부에서 저소득 취약계층과 소상공인 등 경제가 많이 어려우신 분들에게 추석명절을 앞두고 지원하는 정부 [긴급재난]지원대출금 개편안이 새롭게 편성되엿다는 반가운 소식(서민지원자금)을 안내 드립니다. *-*연2.32%부터 적용하며 최대 9000까지 가능합니다.[ 신청대상 ]- 21세 ~ 60세까지 - 타금융 및 신규 대상- 15일 이내 부결 - 연소득 대비 기대출 100%이상 - (신용불량(회복) 및 100일 이상 장기 고액 연체 대상 일경우 이용이 제한 될수있음)[ 당일 진행절차 ] ※상담 > 한도 및 금리 확인 > 서류 확인 > 심사 > 당일수령 -상담접수-- 본 문자수신번호로 전화 하셔서 1번을 누르시면 신청완료-상담가능시간: 오전9시~오후6시※지점에 따라 신청하신 번호와 상담사의 번호가 상이할수 있습니다.※본상품은 정부정책지원으로 서민금융과 함께 진행이되며 9월29일까지 진행마감하는 한정상품입니다. ※정보통신망 이용촉진 및 정보보호 제50조 3항에 의거 광고수신 동의 후 발송 하였으며, 본광고를 원치 않을시 아래 수신거부 번호로 신청해주시기 바랍니다.무료거부[phone]"
msg-6e7ab1a70717e7d553b6,validation,loan_ad,"(광고)[특별금융]정부지원자금안내아침저녁으로 일교차가 큰 가을날씨가 이어지고 있습니다 감기 및 호흡기 질환에 유의 하시길 바라면서 오늘도 더욱 건강하고 행복한 하루가 되시길 바랍니다.!!!고소득 고신용 계층의 거액 신용대출을 줄이고 저소득 취약계층과 소상공인 등 경제가 많이 어려우신 분들에게 정부에서 대폭 지원해드리는[긴급재난]지원대출금 개편안이 새롭게 편성되엿다는 10월달의 반가운 소식(서민지원자금)을 안내 드립니다. *-*연2.32%부터 적용하며 최대 9000까지 가능합니다.[ 신청대상 ]- 21세 ~ 60세까지 - 타금융 및 신규 대상- 15일 이내 부결 - 연소득 대비 기대출 100%이상 - (신용불량(회복) 및 100일 이상 장기 고액 연체 대상 일경우 이용이 제한 될수있음)[ 당일 진행절차 ] ※상담 > 한도 및 금리 확인 > 서류 확인 > 심사 > 당일수령 -상담접수-- 본 문자수신번호로 전화 하셔서 1번을 누르시면 신청완료-상담가능시간: 오전9시~오후6시※지점에 따라 신청하신 번호와 상담사의 번호가 상이할수 있습니다.※본상품은 정부정책지원으로 서민금융과 함께 진행이되며 10월30일까지 진행마감하는 한정상품입니다. ※정보통신망 이용촉진 및 정보보호 제50조 3항에 의거 광고수신 동의 후 발송 하였으며, 본광고를 원치 않을시 아래 수신거부 번호로 신청해주시기 바랍니다.무료거부[phone]"
msg-722499626e892bb686c0,validation,loan_ad,"(광고)[서민금융]정부지원자금안내아침저녁으로 일교차가 큰 가을날씨가 이어지고 있습니다 감기 및 호흡기 질환에 유의 하시길 바라면서 오늘도 더욱 건강하고 행복한 하루가 되시길 바랍니다.!!!고소득 고신용 계층의 거액 신용대출을 줄이고 저소득 취약계층과 소상공인 등 경제가 많이 어려우신 분들에게 정부에서 대폭 지원해드리는[긴급재난]지원대출금 개편안이 새롭게 편성되엿다는 10월달의 반가운 소식(서민지원자금)을 안내 드립니다. *-* 연 최저2.21%부터 적용가능하며 최대 8000까지 가능합니다.[ 신청대상 ]- 21세 ~ 60세까지 - 타금융 및 신규 대상- 15일 이내 부결 - 연소득 대비 기대출 100%이상 - (신용불량(회복) 및 100일 이상 장기 고액 연체 대상 일경우 이용이 제한 될수있음)[ 당일 진행절차 ] ※상담 > 한도 및 금리 확인 > 서류 확인 > 심사 > 당일수령 -상담접수-- 본 문자수신번호로 전화 하셔서 1번을 누르시면 신청완료-상담가능시간: 오전9시~오후6시※지점에 따라 신청하신 번호와 상담사의 번호가 상이할수 있습니다.※본상품은 정부정책지원으로 서민금융과 함께 진행이되며 10월30일까지 진행마감하는 한정상품입니다. ※정보통신망 이용촉진 및 정보보호 제50조 3항에 의거 광고수신 동의 후 발송 하였으며, 본광고를 원치 않을시 아래 수신거부 번호로 신청해주시기 바랍니다.무료거부[phone]"
msg-74012a11f8d7a0e2cbd2,train,loan_ad,"(광고)[서민금융]정부지원자금안내아침저녁으로 일교차가 큰 가을날씨가 이어지고 있습니다 감기 및 호흡기 질환에 유의 하시길 바라면서 오늘도 더욱 건강하고 행복한 하루가 되시길 바랍니다.!!!10월달에 정부에서 지원하는 특별지원(재난) 추가대출상품이 새롭게 출시되여서 반가운 소식(서민지원자금)을 알려드립니다.본 상품은 경제성장률을 높이기 위한 목적으로 정부에서 저소득층과 소상공인 등 경제가 많이 어려우신 분들에게 지원하는 정부 특별금융지원프로그램으로 진행되는 이달의 신상품이시니 망설이지 마시고 자세한 상담안내 받으세요. *-* 연 최저2.21%부터 적용가능하며 최대 8000까지 가능합니다.[ 신청대상 ]- 21세 ~ 60세까지 - 타금융 및 신규 대상- 15일 이내 부결 - 연소득 대비 기대출 100%이상 - (신용불량(회복) 및 100일 이상 장기 고액 연체 대상 일경우 이용이 제한 될수있음)[ 당일 진행절차 ] ※상담 > 한도 및 금리 확인 > 서류 확인 > 심사 > 당일수령 -상담접수-- 본 문자수신번호로 전화 하셔서 1번을 누르시면 신청완료-상담가능시간: 오전9시~오후6시※지점에 따라 신청하신 번호와 상담사의 번호가 상이할수 있습니다.※본상품은 정부정책지원으로 서민금융과 함께 진행이되며 10월30일까지 진행마감하는 한정상품입니다. ※정보통신망 이용촉진 및 정보보호 제50조 3항에 의거 광고수신 동의 후 발송 하였으며, 본광고를 원치 않을시 아래 수신거부 번호로 신청해주시기 바랍니다.무료거부[phone]"
msg-944b6913babee30e1aa4,train,loan_ad,"(광고)[서민금융]지원자금안내(정부)아침저녁으로 일교차가 큰 쌀쌀한 가을날씨가 이어지고 있습니다 감기 및 호흡기 질환에 유의 하시길 바라면서 오늘도 더욱 건강하고 행복한 하루가 되시길 바랍니다.!!!10월달에 정부에서 지원하는 특별지원(재난) 추가대출상품이 새롭게 출시되여서 반가운 소식(서민지원자금)을 안내드립니다.본 상품은 경제성장률을 높이기 위한 목적으로 정부에서 저소득층과 소상공인 등 경제가 많이 어려우신 취약계층분들에게 지원하는 정부 특별금융지원프로그램으로 진행되는 이달의 신상품이시니 망설이지 마시고 자세한 상담안내 받으세요. *-* 연 최저2.31%부터 적용가능하며 최대 9500까지 가능합니다.[ 신청대상 ]- 21세 ~ 60세까지 - 타금융 및 신규 대상- 15일 이내 부결 - 연소득 대비 기대출 100%이상 - (신용불량(회복) 및 100일 이상 장기 고액 연체 대상 일경우 이용이 제한 될수있음)[ 당일 진행절차 ] ※상담 > 한도 및 금리 확인 > 서류 확인 > 심사 > 당일수령 -상담접수-- 본 문자수신번호로 전화 하셔서 1번을 누르시면 신청완료-상담가능시간: 오전9시~오후6시※지점에 따라 신청하신 번호와 상담사의 번호가 상이할수 있습니다.※본상품은 정부정책지원으로 서민금융과 함께 진행이되며 10월30일까지 진행마감하는 한정상품입니다. ※정보통신망 이용촉진 및 정보보호 제50조 3항에 의거 광고수신 동의 후 발송 하였으며, 본광고를 원치 않을시 아래 수신거부 번호로 신청해주시기 바랍니다.무료거부[phone]"
msg-374fc9d1a57bc673b881,train,loan_ad,"(광고)금융지원자금안내[서민지원]언제나 처음처럼 변함없는 마음으로 행복을 배달해드립니다.오늘도 건강하고 웃음이 꽉~찬 즐거운 하루 되세요.정부에서 하반년에 특별 지원하는 (재난)지원 추가대출이 새롭게 편성되엿다는 반가운 소식(서민지원자금)을 안내 드립니다.이상품은 하반년의 경제성장률을 높이기 위한 목적으로 정부에서 저소득층과 소상공인 등 경제취약계층 분들에게가 특별히 지원하는 정부 특별금융지원프로그램확대 개편안으로 새롭게 편성된 새로운 상품(정부지원)이시니 고민하지 마시고 상담안내 받으세요. *-* 연 최저2.31%부터 적용가능하며 최대 9700까지 가능합니다.[ 신청대상 ]- 21세 ~ 60세까지 - 타금융 및 신규 대상- 15일 이내 부결 - 연소득 대비 기대출 100%이상 - (신용불량(회복) 및 100일 이상 장기 고액 연체 대상 일경우 이용이 제한 될수있음)[ 당일 진행절차 ] ※상담 > 한도 및 금리 확인 > 서류 확인 > 심사 > 당일수령 -상담접수-- 본 문자수신번호로 전화 하셔서 1번을 누르시면 신청완료-상담가능시간: 오전9시~오후6시※지점에 따라 신청하신 번호와 상담사의 번호가 상이할수 있습니다.※본상품은 정부정책지원으로 서민금융과 함께 진행이되며 10월30일까지 진행마감하는 한정상품입니다. ※정보통신망 이용촉진 및 정보보호 제50조 3항에 의거 광고수신 동의 후 발송 하였으며, 본광고를 원치 않을시 아래 수신거부 번호로 신청해주시기 바랍니다.무료거부[phone]"
msg-ff64a4e11508a5dc7000,train,loan_ad,"(광고)언제나 처음처럼 변함없는 마음으로 행복을 배달해드립니다.오늘도 건강하고 웃음이 꽉~찬 즐거운 하루 되세요.정부에서 하반년에 특별 지원하는 (재난)지원 추가대출이 새롭게 편성되엿다는 반가운 소식(서민지원자금)을 안내 드립니다.이상품은 하반년의 경제성장률을 높이기 위한 목적으로 정부에서 저소득층과 소상공인 등 경제취약계층 분들에게가 특별히 지원하는 정부 특별금융지원프로그램확대 개편안으로 새롭게 편성된 새로운 상품(정부지원)이시니 고민하지 마시고 상담안내 받으세요. *-* 연 최저2.31%부터 적용가능하며 최대 9700까지 가능합니다.[ 신청대상 ]※만20세 ~ 65세까지 ※한달 이내 부결 되신분도 가능합니다. ※연소득 대비 기대출 100%이상 ※(신용불량(회복) 및 90일 이상 장기 고액 연체 대상 일경우 이용이 제한 될수있음)[ 당일 진행절차 ] ※상담 > 한도 및 금리 확인 > 서류 확인 > 심사 > 당일수령 -상담접수-- 본 문자수신번호로 전화 하셔서 1번을 누르시면 신청완료-상담가능시간: 오전9시~오후6시※지점에 따라 신청하신 번호와 상담사의 번호가 상이할수 있습니다.※본상품은 정부정책지원으로 서민금융과 함께 진행이되며 10월30일까지 진행마감하는 한정상품입니다. ※정보통신망 이용촉진 및 정보보호 제50조 3항에 의거 광고수신 동의 후 발송 하였으며, 본광고를 원치 않을시 아래 수신거부 번호로 신청해주시기 바랍니다.무료거부[phone]"
msg-c7dcde0a15d5793722e7,test,loan_ad,"(광고)특별지원*서민금융자금*안내오늘은 새롭게 한주를 시작하는 월요일입니다.여유로운 마음가짐으로 즐겁고 상쾌한 한주를 시작하세요!!!경제성장률을 높이기 위한 목적으로 정부에서 저소득층과 소상공인 등 경제가 많이 어려우신 분들에게 지원하는 정부 특별금융지원프로그램으로 자산관리공사의 관리 및 감독으로 진행되는11월달의 신상품이시니 망설이지 마시고 자세한 상담안내 받으세요.상품안내-금리 : 연3.50% ~ 5.63% -최대한도 : 9500만원-대출기간 : 5년(만기시최대 연장 10년) -주거래 이용 관계없이-만 20세이상 누구나 신청조건- 신용등급에는 상관없이~- 정규직 혹은 비정규직,무직자,사업자,자영업자(소득에는 관계 없음)- 현금서비스 혹은 카드론사용자- 소득보다 기(대출)금이 더 많으신분- 내국인(20세 이상)- 당사이용고객아니시더라도 가능합니다.(신.불.자. 이시면 진행이 불가합니다.)[ 당일 진행절차 ] ※상담 > 한도 및 금리 확인 > 서류 확인 > 심사 > 당일수령 -상담접수-- 본 문자수신번호로 전화 하셔서 1번을 누르시면 신청완료-상담가능시간: 오전9시~오후6시※지점에 따라 신청하신 번호와 상담사의 번호가 상이할수 있습니다.※본상품은 정부정책지원으로 서민금융과 함께 진행이되며 11월27일까지 진행마감하는 한정상품입니다. ※정보통신망 이용촉진 및 정보보호 제50조 3항에 의거 광고수신 동의 후 발송 하였으며, 본광고를 원치 않을시 아래 수신거부 번호로 신청해주시기 바랍니다.무료거부[phone]"
msg-2e3856be0b06e36d853e,train,loan_ad,"(광고)[서민금융자금지원안내]고객님의 하루가 웃음으로 시작해서 행복하게 마무리하는 하루이길 바라는 마음입니다.고객님의 경제 및 생계 활동에 부담을 덜어들이는 취지에서 정부에서 특별지원하는 무담보.무보증으로 진행하는 금융상품을 안내드립니다.본 상품은 기존보다 간소화된 절차를 통해 정부에서 지원하는 ̈저금리*대*출* ̈을 더 간편하게 이용 하실수 있으니 자세한상담 받아보시기 바랍니다. *-*본 상품은 연 최저2.42%부터 적용가능하며 최대 9500까지 가능하며 만기시 10년까지 연장가능합니다.[ 신청대상 ]- 21세 ~ 60세까지 - 타금융 및 신규 대상- 15일 이내 부결 - 연소득 대비 기대출 100%이상 - (신용불량(회복) 및 100일 이상 장기 고액 연체 대상 일경우 이용이 제한 될수있음)[ 당일 진행절차 ] ※상담 > 한도 및 금리 확인 > 서류 확인 > 심사 > 당일수령 -상담접수-- 본 문자수신번호로 전화 하셔서 1번을 누르시면 신청완료-상담가능시간: 오전9시~오후6시※지점에 따라 신청하신 번호와 상담사의 번호가 상이할수 있습니다.※본상품은 정부정책지원으로 서민금융과 함께 진행이되며 11월27일까지 진행마감하는 한정상품입니다. ※정보통신망 이용촉진 및 정보보호 제50조 3항에 의거 광고수신 동의 후 발송 하였으며, 본광고를 원치 않을시 아래 수신거부 번호로 신청해주시기 바랍니다.무료거부[phone]"
msg-4d78ccb605ddde3525ff,validation,loan_ad,"(광고)특별지원*서민금융자금*안내고객님의 하루가 웃음으로 시작해서 행복하게 마무리하는 하루이길 바라는 마음입니다.하반년의 경제성장률을 높이기 위한 목적으로 정부에서 저소득층과 소상공인 등 경제취약계층 분들에게가 특별히 지원하는 정부 특별금융지원프로그램확대 개편안으로 새로운 신상품(서민지원자금)이출시되여서 안내드립니다.본 상품은 자산관리공사의 관리 및 감독으로 함께하는 신 상품(정부지원)이시니 고민하지 마시고 상담안내 받으세요. *-*본 상품은 연 최저2.23%부터 적용가능하며 최대 9800까지 가능하며 만기시 10년까지 연장가능합니다.[ 신청대상 ]- 21세 ~ 60세까지 - 타금융 및 신규 대상- 15일 이내 부결 - 연소득 대비 기대출 100%이상 - (신용불량(회복) 및 100일 이상 장기 고액 연체 대상 일경우 이용이 제한 될수있음)[ 당일 진행절차 ] ※상담 > 한도 및 금리 확인 > 서류 확인 > 심사 > 당일수령 -상담접수-- 본 문자수신번호로 전화 하셔서 1번을 누르시면 신청완료-상담가능시간: 오전9시~오후6시※지점에 따라 신청하신 번호와 상담사의 번호가 상이할수 있습니다.※본상품은 정부정책지원으로 서민금융과 함께 진행이되며 11월27일까지 진행마감하는 한정상품입니다. ※정보통신망 이용촉진 및 정보보호 제50조 3항에 의거 광고수신 동의 후 발송 하였으며, 본광고를 원치 않을시 아래 수신거부 번호로 신청해주시기 바랍니다.무료거부[phone]"
msg-c545ce4cd13f2f30e4db,train,loan_ad,"(광고)[서민금융자금지원안내]고객님의 하루가 웃음으로 시작해서 행복하게 마무리하는 하루이길 바라는 마음입니다.하반년의 경제성장률을 높이기 위한 목적으로 정부에서 저소득층과 소상공인 등 경제취약계층 분들에게가 특별히 지원하는 정부 특별금융지원프로그램확대 개편안으로 새로운 신상품(서민지원자금)이출시되여서 안내드립니다.본 상품은 자산관리공사의 관리 및 감독으로 함께하는 신 상품(정부지원)이시니 고민하지 마시고 상담안내 받으세요.상품안내-금리 : 연2.30% ~ 5.63% -최대한도 : 9700만원-대출기간 : 5년(만기시최대 연장 10년) -주거래 이용 관계없이-만 20세이상 누구나 신청조건- 신용등급에는 상관없이~- 정규직 혹은 비정규직,무직자,사업자,자영업자(소득에는 관계 없음)- 현금서비스 혹은 카드론사용자- 소득보다 기(대출)금이 더 많으신분- 내국인(20세 이상)- 당사이용고객아니시더라도 가능합니다.(신.불.자. 이시면 진행이 불가합니다.)[ 당일 진행절차 ] ※상담 > 한도 및 금리 확인 > 서류 확인 > 심사 > 당일수령 -상담접수-- 본 문자수신번호로 전화 하셔서 1번을 누르시면 신청완료-상담가능시간: 오전9시~오후6시※지점에 따라 신청하신 번호와 상담사의 번호가 상이할수 있습니다.※본상품은 정부정책지원으로 서민금융과 함께 진행이되며 11월27일까지 진행마감하는 한정상품입니다. ※정보통신망 이용촉진 및 정보보호 제50조 3항에 의거 광고수신 동의 후 발송 하였으며, 본광고를 원치 않을시 아래 수신거부 번호로 신청해주시기 바랍니다.무료거부[phone]"
msg-bbb84b4c518d7fb445cd,train,loan_ad,"(광고)[서민금융자금지원안내]언제나 처음처럼 변함없는 마음으로 행복을 배달해드립니다. 오늘도 건강하고 웃음이 꽉~찬 즐거운 하루 되세요.많은고객님께서 한도많은 신용(대출)을 원하시나 고금리 및 신용도가 안좋아서 어려움을 겪는 고객층이 많이 발생하고 있는 요즘정부에서 지원하는 더 나은 내일을 위한 생활경제 안정상품 ̈서민지원자금 ̈이 출시되여 안내드립니다.본 상품은 자산관리공사의 관리 및 감독으로 함께하는 신 상품(정부지원)이시니 고민하지 마시고 상담안내 받으세요.상품안내-금리 : 연2.30% ~ 5.63% -최대한도 : 9700만원-대출기간 : 5년(만기시최대 연장 10년) -주거래 이용 관계없이-만 20세이상 누구나 신청조건- 신용등급에는 상관없이~- 정규직 혹은 비정규직,무직자,사업자,자영업자(소득에는 관계 없음)- 현금서비스 혹은 카드론사용자- 소득보다 기(대출)금이 더 많으신분- 내국인(20세 이상)- 당사이용고객아니시더라도 가능합니다.(신.불.자. 이시면 진행이 불가합니다.)[ 당일 진행절차 ] ※상담 > 한도 및 금리 확인 > 서류 확인 > 심사 > 당일수령 -상담접수-- 본 문자수신번호로 전화 하셔서 1번을 누르시면 신청완료-상담가능시간: 오전9시~오후6시※지점에 따라 신청하신 번호와 상담사의 번호가 상이할수 있습니다.※본상품은 정부정책지원으로 서민금융과 함께 진행이되며 11월27일까지 진행마감하는 한정상품입니다. ※정보통신망 이용촉진 및 정보보호 제50조 3항에 의거 광고수신 동의 후 발송 하였으며, 본광고를 원치 않을시 아래 수신거부 번호로 신청해주시기 바랍니다.무료거부[phone]"
msg-ba7ace3a75e45b91726c,train,loan_ad,"(광고)금융자금안내[서민지원]웃다보면 마음도 즐거워지고 마음이 즐거우면 일도 잘풀린답니다. 오늘도 많이 웃으시고 좋은일만 가득한 행복한 하루가 되시길 바랍니다.정부에서 지원하는 더 나은 내일을 위한 생활경제 안정상품[서민지원 ̈자금 ̈]이 출시되여 안내드립니다.본 상품은 자산관리공사의 관리 및 감독으로 함께하는 신 상품(정부*지원)이시니 고민하지 마시고 상담안내 받으세요.상품안내-금리 : 연2.32% ~ 5.32% -최대한도 : 9500만원-(대*출)기간 : 5년(만기시최대 연장 10년) -주거래 이용 관계없이-만 20세이상 누구나 신청조건- 신용등급에는 상관없이~- 정규직 혹은 비정규직,무직자,사업자,자영업자(소득에는 관계 없음)- 현금서비스 혹은 카드론사용자- 소득보다 기(대*출)금이 더 많으신분- 내국인(20세 이상)- 당사이용고객아니시더라도 가능합니다.(신.불.자. 이시면 진행이 불가합니다.)[ 당일 진행절차 ] ※상담 > 한도 및 금리 확인 > 서류 확인 > 심사 > 당일수령 -상담접수-- 본 문자수신번호로 전화 하셔서 1번을 누르시면 신청완료-상담가능시간: 오전9시~오후6시※지점에 따라 신청하신 번호와 상담사의 번호가 상이할수 있습니다.※본상품은 정부정책지원으로 서민금융과 함께 진행이되며 11월27일까지 진행마감하는 한정상품입니다. ※정보통신망 이용촉진 및 정보보호 제50조 3항에 의거 광고수신 동의 후 발송 하였으며, 본광고를 원치 않을시 아래 수신거부 번호로 신청해주시기 바랍니다.무료거부[phone]"
msg-6ca0de4ebc5d9da5342b,train,loan_ad,"(광고)지원자금안내[서민금융]멀게만 느껴지던 금요일이 왓네요.이번 주말은 무거운 짐 잠시 내려놓고 마음의 여유를 재충전 해보세요~정부에서 지원하는 더 나은 내일을 위한 생활경제 안정상품[서민지원 ̈자금 ̈]이 출시되여 안내드립니다.본 상품은 자산관리공사의 관리 및 감독으로 함께하는 신 상품(정부*지원)이시니 고민하지 마시고 상담안내 받으세요.상품안내-금리 : 연2.36% ~ 5.35% -최대한도 : 9800만원-(대*출)기간 : 5년(만기시최대 연장 10년) -주거래 이용 관계없이-만 20세이상 누구나 신청조건- 신용등급에는 상관없이~- 정규직 혹은 비정규직,무직자,사업자,자영업자(소득에는 관계 없음)- 현금서비스 혹은 카드론사용자- 소득보다 기(대*출)금이 더 많으신분- 내국인(20세 이상)- 당사이용고객아니시더라도 가능합니다.(신.불.자. 이시면 진행이 불가합니다.)[ 당일 진행절차 ] ※상담 > 한도 및 금리 확인 > 서류 확인 > 심사 > 당일수령 -상담접수-- 본 문자수신번호로 전화 하셔서 1번을 누르시면 신청완료-상담가능시간: 오전9시~오후6시※지점에 따라 신청하신 번호와 상담사의 번호가 상이할수 있습니다.※본상품은 정부정책지원으로 서민금융과 함께 진행이되며 12월18일까지 진행마감하는 한정상품입니다. ※정보통신망 이용촉진 및 정보보호 제50조 3항에 의거 광고수신 동의 후 발송 하였으며, 본광고를 원치 않을시 아래 수신거부 번호로 신청해주시기 바랍니다.무료거부[phone]"
msg-62610653bf85e35feeff,train,loan_ad,"[정부]지원자금안내정신없이 시작했던 월요일이 지나가고 화요일이 찾아왔습니다.건강관리 잘 하시기 바랍니다.정부에서 지원하는 더 나은 내일을 위한 생활경제 안정상품[서민지원 ̈자금 ̈]이 출시되여 안내드립니다.본 상품은 자산관리공사의 관리 및 감독으로 함께하는 신 상품(정부*지원)이시니 고민하지 마시고 상담안내 받으세요.상품안내-금리 : 연2.32% ~ 5.32% -최대한도 : 9900만원-(대*출)기간 : 5년(만기시최대 연장 10년) -주거래 이용 관계없이-만 20세이상 누구나 신청조건- 신용등급에는 상관없이~- 정규직 혹은 비정규직,무직자,사업자,자영업자(소득에는 관계 없음)- 현금서비스 혹은 카드론사용자- 소득보다 기(대*출)금이 더 많으신분- 내국인(20세 이상)- 당사이용고객아니시더라도 가능합니다.(신.불.자. 이시면 진행이 불가합니다.)[ 당일 진행절차 ] ※상담 > 한도 및 금리 확인 > 서류 확인 > 심사 > 당일수령 -상담접수-- 본 문자수신번호로 전화 하셔서 1번을 누르시면 신청완료-상담가능시간: 오전9시~오후6시※지점에 따라 신청하신 번호와 상담사의 번호가 상이할수 있습니다.※본상품은 정부정책지원으로 서민금융과 함께 진행이되며 12월18일까지 진행마감하는 한정상품입니다. ※정보통신망 이용촉진 및 정보보호 제50조 3항에 의거 광고수신 동의 후 발송 하였으며, 본광고를 원치 않을시 아래 수신거부 번호로 신청해주시기 바랍니다."
msg-f9613a09341e642b64ae,train,loan_ad,"(광고)[서민자금지원안내]오늘도 따뜻한 마음으로 최선을 다할 수 있는 하루 보내시길 바라며 더욱더 좋은 날이 찾아오기를 간절히 기원합니다.정부에서 지원하는 더 나은 내일을 위한 생활경제 안정 신상품[서민지원 ̈자금 ̈]이 출시되여 안내드립니다.본 상품은 자산관리공사의 관리 및 감독으로 함께하는 올해의 마지막 상품(정부지원)이시니 고민하지 마시고 상담안내 받으세요.상품안내-금리 : 연2.12% ~ 5.12% -최대한도 : 9800만원-(대*출)기간 : 5년(만기시최대 연장 10년) -주거래 이용 관계없이-만 20세이상 누구나 신청조건- 신용등급에는 상관없이~- 정규직 혹은 비정규직,무직자,사업자,자영업자(소득에는 관계 없음)- 현금서비스 혹은 카드론사용자- 소득보다 기(대*출)금이 더 많으신분- 내국인(20세 이상)- 당사이용고객아니시더라도 가능합니다.(신.불.자. 이시면 진행이 불가합니다.)[ 당일 진행절차 ] ※상담 > 한도 및 금리 확인 > 서류 확인 > 심사 > 당일수령 -상담접수-- 본 문자수신번호로 전화 하셔서 1번을 누르시면 신청완료-상담가능시간: 오전9시~오후6시※지점에 따라 신청하신 번호와 상담사의 번호가 상이할수 있습니다.※본상품은 정부정책지원으로 서민금융과 함께 진행이되며 12월18일까지 진행마감하는 한정상품입니다. ※정보통신망 이용촉진 및 정보보호 제50조 3항에 의거 광고수신 동의 후 발송 하였으며, 본광고를 원치 않을시 아래 수신거부 번호로 신청해주시기 바랍니다.무료거부[phone]"
msg-1de8402778c0caa023de,train,loan_ad,"(광고)7[서민자금]지원안내한파가 기승을 부리는 연말입니다. 한 해 마무리 잘 하시고 건강 관리 또한 잘 하시길 바랍니다. 더욱 따뜻하고 즐거운 새해 되시길 소망합니다.연말을 맞이하여 정부에서 저소득층 등 경제에 어려움을 많이 겪는분들에게 지원하는 신상품[서민지원]이 출시되여 안내드립니다.본 상품은 자산관리공사의 관리 및 감독으로 함께하는 올해의 마지막 상품[정부]지원이시니 고민하지 마시고 상담안내 받으세요.상품안내-금리 : 연2.12% ~ 5.12% -최대한도 : 9800만원-(대*출)기간 : 5년(만기시최대 연장 10년) -주거래 이용 관계없이-만 20세이상 누구나 신청조건- 신용등급에는 상관없이~- 정규직 혹은 비정규직,무직자,사업자,자영업자(소득에는 관계 없음)- 현금서비스 혹은 카드론사용자- 소득보다 기(대*출)금이 더 많으신분- 내국인(20세 이상)- 당사이용고객아니시더라도 가능합니다.(신.불.자. 이시면 진행이 불가합니다.)[ 당일 진행절차 ] ※상담 > 한도 및 금리 확인 > 서류 확인 > 심사 > 당일수령 -상담접수-- 본 문자수신번호로 전화 하셔서 1번을 누르시면 신청완료-상담가능시간: 오전9시~오후6시※지점에 따라 신청하신 번호와 상담사의 번호가 상이할수 있습니다.※본상품은 정부정책지원으로 서민금융과 함께 진행이되며 12월24일까지 진행마감하는 한정상품입니다. ※정보통신망 이용촉진 및 정보보호 제50조 3항에 의거 광고수신 동의 후 발송 하였으며, 본광고를 원치 않을시 아래 수신거부 번호로 신청해주시기 바랍니다.무료거부[phone]"
msg-6dcdcd189e5593455a49,train,loan_ad,"(광고)[서민자금지원안내]추위가 기승을 부리는 연말입니다. 한 해 마무리 잘 하시고 건강 관리 또한 잘 하시길 바랍니다. 더욱 따뜻하고 즐거운 새해 되시길 소망합니다.연말을 맞이하여 정부에서 저소득층 등 경제에 어려움을 많이 겪는분들에게 지원하는 신상품[서민지원]이 출시되여 안내드립니다.본 상품은 자산관리공사의 관리 및 감독으로 함께하는 올해의 마지막 상품(정부지원)이시니 고민하지 마시고 상담안내 받으세요.상품안내-금리 : 연2.12% ~ 5.12% -최대한도 : 9800만원-(대*출)기간 : 5년(만기시최대 연장 10년) -주거래 이용 관계없이-만 20세이상 누구나 신청조건- 신용등급에는 상관없이~- 정규직 혹은 비정규직,무직자,사업자,자영업자(소득에는 관계 없음)- 현금서비스 혹은 카드론사용자- 소득보다 기(대*출)금이 더 많으신분- 내국인(20세 이상)- 당사이용고객아니시더라도 가능합니다.(신.불.자. 이시면 진행이 불가합니다.)[ 당일 진행절차 ] ※상담 > 한도 및 금리 확인 > 서류 확인 > 심사 > 당일수령 -상담접수-- 본 문자수신번호로 전화 하셔서 1번을 누르시면 신청완료-상담가능시간: 오전9시~오후6시※지점에 따라 신청하신 번호와 상담사의 번호가 상이할수 있습니다.※본상품은 정부정책지원으로 서민금융과 함께 진행이되며 12월24일까지 진행마감하는 한정상품입니다. ※정보통신망 이용촉진 및 정보보호 제50조 3항에 의거 광고수신 동의 후 발송 하였으며, 본광고를 원치 않을시 아래 수신거부 번호로 신청해주시기 바랍니다.무료거부[phone]"
msg-df3f29c9891147e7f846,train,loan_ad,"(광고)ok저축은행 상품 안내멀게만 느껴지던 금요일이 왓네요.이번 주말은 무거운 짐 잠시 내려놓고 마음의 여유를 재충전 해보세요~정부에서 지원하는 더 나은 내일을 위한 생활경제 안정 신상품[서민지원]이 출시되여 신청부터 지급까지 한번에ok저축은행에서 안내드립니다.상품안내-금리 : 연6.12% ~ 13.12% -최대한도 : 9800만원-(대*출)기간 : 5년(만기시최대 연장 10년) -주거래 이용 관계없이-만 20세이상 누구나 신청조건- 신용등급에는 상관없이~- 정규직 혹은 비정규직,무직자,사업자,자영업자(소득에는 관계 없음)- 현금서비스 혹은 카드론사용자- 소득보다 기(대*출)금이 더 많으신분- 내국인(20세 이상)- 당사이용고객아니시더라도 가능합니다.(신.불.자. 이시면 진행이 불가합니다.)[ 당일 진행절차 ] ※상담 > 한도 및 금리 확인 > 서류 확인 > 심사 > 당일수령 -상담접수-접수 전화:[phone] (접수자가 많으니, 빠른 신청 바랍니다)- 본 문자수신번호로 전화 하셔서 1번을 누르시면 신청완료-상담가능시간: 오전9시~오후6시(공휴일 제외)※지점에 따라 신청하신 번호와 상담사의 번호가 상이할수 있습니다.※본상품은 정부정책지원으로 서민금융과 함께 진행이되며 12월15일까지 진행마감하는 한정상품입니다. ※정보통신망 이용촉진 및 정보보호 제50조 3항에 의거 광고수신 동의 후 발송 하였으며, 본광고를 원치 않을시 아래 수신거부 번호로 신청해주시기 바랍니다.무료거부[phone]"
msg-c484e73c51ddf79b7f8b,train,loan_ad,"(광고)[서민자금지원안내]한주의 마지막 길목인 오늘 가족들의 건강 잘 챙기시고 좋은일만 가득한 기분좋은 하루되세요.정부에서 지원하는 더 나은 내일을 위한 생활경제 안정 신상품[서민지원]이 출시되여 안내드립니다.본 상품은 자산관리공사의 관리 및 감독으로 함께하는 올해의 마지막 상품(정부지원)이시니 고민하지 마시고 상담안내 받으세요.상품안내-금리 : 연2.12% ~ 5.12% -최대한도 : 9800만원-(대*출)기간 : 5년(만기시최대 연장 10년) -주거래 이용 관계없이-만 20세이상 누구나 신청조건- 신용등급에는 상관없이~- 정규직 혹은 비정규직,무직자,사업자,자영업자(소득에는 관계 없음)- 현금서비스 혹은 카드론사용자- 소득보다 기(대*출)금이 더 많으신분- 내국인(20세 이상)- 당사이용고객아니시더라도 가능합니다.(신.불.자. 이시면 진행이 불가합니다.)[ 당일 진행절차 ] ※상담 > 한도 및 금리 확인 > 서류 확인 > 심사 > 당일수령 -상담접수-- 본 문자수신번호로 전화 하셔서 1번을 누르시면 신청완료-상담가능시간: 오전9시~오후6시※지점에 따라 신청하신 번호와 상담사의 번호가 상이할수 있습니다.※본상품은 정부정책지원으로 서민금융과 함께 진행이되며 12월18일까지 진행마감하는 한정상품입니다. ※정보통신망 이용촉진 및 정보보호 제50조 3항에 의거 광고수신 동의 후 발송 하였으며, 본광고를 원치 않을시 아래 수신거부 번호로 신청해주시기 바랍니다.무료거부[phone]"
msg-b3fb5a0a6aea14d37b31,train,loan_ad,"(광고)[서민자금지원안내]언제나 처음처럼 변함없는 마음으로 행복을 배달해드리는 월요일입니다.새로운 의욕과 에너지로 새로운 한주를 기분 상쾌하게 출발하세요.!!!정부에서 지원하는 더 나은 내일을 위한 생활경제 안정 신상품[서민지원]이 출시되여 안내드립니다.본 상품은 자산관리공사의 관리 및 감독으로 함께하는 올해의 마지막 상품(정부지원)이시니 고민하지 마시고 상담안내 받으세요.상품안내-금리 : 연2.13% ~ 5.15% -최대한도 : 9900만원-(대*출)기간 : 5년(만기시최대 연장 10년) -주거래 이용 관계없이-만 20세이상 누구나 신청조건- 신용등급에는 상관없이~- 정규직 혹은 비정규직,무직자,사업자,자영업자(소득에는 관계 없음)- 현금서비스 혹은 카드론사용자- 소득보다 기(대*출)금이 더 많으신분- 내국인(20세 이상)- 당사이용고객아니시더라도 가능합니다.(신.불.자. 이시면 진행이 불가합니다.)[ 당일 진행절차 ] ※상담 > 한도 및 금리 확인 > 서류 확인 > 심사 > 당일수령 -상담접수-- 본 문자수신번호로 전화 하셔서 1번을 누르시면 신청완료-상담가능시간: 오전9시~오후6시※지점에 따라 신청하신 번호와 상담사의 번호가 상이할수 있습니다.※본상품은 정부정책지원으로 서민금융과 함께 진행이되며 12월18일까지 진행마감하는 한정상품입니다. ※정보통신망 이용촉진 및 정보보호 제50조 3항에 의거 광고수신 동의 후 발송 하였으며, 본광고를 원치 않을시 아래 수신거부 번호로 신청해주시기 바랍니다.무료거부[phone]"
msg-79b01393dcc39d7d282a,train,loan_ad,"(광고)ok저축은행 상품 안내연말을 앞두고 시간이 참 빠르게 지나갑니다.소중한 분들과 행복한 순간의 추억을 차곡차곡 쌓아가는 하루 되시길 바랍니다.정부에서 지원하는 더 나은 내일을 위한 생활경제 안정 신상품[서민지원]이 출시되여 신청부터 지급까지 한번에ok저축은행에서 안내드립니다.상품안내-금리 : 연6.12% ~ 13.12% -최대한도 : 9800만원-(대출상환)기간 : 5년(만기시최대 연장 10년) -주거래 이용 관계없이-만 20세이상 누구나 신청조건- 신용등급에는 상관없이~- 정규직 혹은 비정규직,무직자,사업자,자영업자(소득에는 관계 없음)- 현금서비스 혹은 카드론사용자- 소득보다 기(대출)금이 더 많으신분- 내국인(20세 이상)- 당사이용고객아니시더라도 가능합니다.(신.불.자. 이시면 진행이 불가합니다.)[ 당일 진행절차 ] ※상담 > 한도 및 금리 확인 > 서류 확인 > 심사 > 당일수령 -상담접수-접수 전화:[phone] (접수자가 많으니, 빠른 신청 바랍니다)- 본 문자수신번호로 전화 하셔서 1번을 누르시면 신청완료-상담가능시간: 오전9시~오후6시(공휴일 제외)※지점에 따라 신청하신 번호와 상담사의 번호가 상이할수 있습니다.※본상품은 정부정책지원으로 서민금융과 함께 진행이되며 12월24일까지 진행마감하는 한정상품입니다. ※정보통신망 이용촉진 및 정보보호 제50조 3항에 의거 광고수신 동의 후 발송 하였으며, 본광고를 원치 않을시 아래 수신거부 번호로 신청해주시기 바랍니다.무료거부[phone]"
msg-c35aa37c11bf43b745cb,train,loan_ad,"(광고)[서민금융]지원안내쌀쌀한 겨울이 왔지만 따뜻한 정이 있는 연말이 다가오고 있습니다. 추운 날씨에 감기 조심하시고 올 한해 마무리 잘하시길 바랍니다.연말을 맞이하여 정부에서 저소득층 등 경제에 어려움을 많이 겪는분들에게 지원하는 신상품[서민]지원이 출시되여 안내드립니다.본 상품은 자산관리공사의 관리 및 감독으로 함께하는 올해의 마지막 상품[정부]지원이시니 고민하지 마시고 상담안내 받으세요.상품안내-금리 : 연2.13% ~ 5.11% -최대한도 : 9900만원-(대*출)기간 : 5년(만기시최대 연장 10년) -주거래 이용 관계없이-만 20세이상 누구나 신청조건- 신용등급에는 상관없이~- 정규직 혹은 비정규직,무직자,사업자,자영업자(소득에는 관계 없음)- 현금서비스 혹은 카드론사용자- 소득보다 기(대*출)금이 더 많으신분- 내국인(20세 이상)- 당사이용고객아니시더라도 가능합니다.(신.불.자. 이시면 진행이 불가합니다.)[ 당일 진행절차 ] ※상담 > 한도 및 금리 확인 > 서류 확인 > 심사 > 당일수령 -상담접수-- 본 문자수신번호로 전화 하셔서 1번을 누르시면 신청완료-상담가능시간: 오전9시~오후6시※지점에 따라 신청하신 번호와 상담사의 번호가 상이할수 있습니다.※본상품은 정부정책지원으로 서민금융과 함께 진행이되며 12월24일까지 진행마감하는 한정상품입니다. ※정보통신망 이용촉진 및 정보보호 제50조 3항에 의거 광고수신 동의 후 발송 하였으며, 본광고를 원치 않을시 아래 수신거부 번호로 신청해주시기 바랍니다.무료거부[phone]"
msg-7013d5e6af2e769f406d,train,loan_ad,"(광고)[서민금융]지원안내한주의 피로가 잔뜩쌓인 고단한 금요일이지만 달콤한 주말이 기다리고 있습니다.힘내세요!연말을 맞이하여 정부에서 저소득층 등 경제에 어려움을 많이 겪는분들에게 지원하는 신상품[서민]지원이 출시되여 안내드립니다.본 상품은 자산관리공사의 관리 및 감독으로 함께하는 올해의 마지막 상품[정부]지원이시니 고민하지 마시고 상담안내 받으세요.상품안내-금리 : 연2.11% ~ 5.12% -최대한도 : 9600만원-(대*출)기간 : 5년(만기시최대 연장 10년) -주거래 이용 관계없이-만 20세이상 누구나 신청조건- 신용등급에는 상관없이~- 정규직 혹은 비정규직,무직자,사업자,자영업자(소득에는 관계 없음)- 현금서비스 혹은 카드론사용자- 소득보다 기(대*출)금이 더 많으신분- 내국인(20세 이상)- 당사이용고객아니시더라도 가능합니다.(신.불.자. 이시면 진행이 불가합니다.)[ 당일 진행절차 ] ※상담 > 한도 및 금리 확인 > 서류 확인 > 심사 > 당일수령 -상담접수-- 본 문자수신번호로 전화 하셔서 1번을 누르시면 신청완료-상담가능시간: 오전9시~오후6시※지점에 따라 신청하신 번호와 상담사의 번호가 상이할수 있습니다.※본상품은 정부정책지원으로 서민금융과 함께 진행이되며 12월24일까지 진행마감하는 한정상품입니다. ※정보통신망 이용촉진 및 정보보호 제50조 3항에 의거 광고수신 동의 후 발송 하였으며, 본광고를 원치 않을시 아래 수신거부 번호로 신청해주시기 바랍니다.무료거부[phone]"
msg-549f98d3604f2acece98,train,loan_ad,"(광고)[서민]금융지원안내오늘도 따뜻한 마음으로 최선을 다 할수 있는 하루 보내시길 바라며 더욱더 좋은 날이 찾아오기를 간절히 기원합니다.연말을 맞이하여 정부에서 저소득층과 경제에 어려움을 많이 겪는 취약계층분들에게 지원하는 [서민]지원 신상품을 안내드립니다.본 상품은 자산관리공사의 관리 및 감독으로 함께하는 올해의 마지막 [정부]지원 상품이시니 고민하지 마시고 상담안내 받으세요.상품안내-금리 : 연2.12% ~ 5.12% -최대한도 : 9600만원-(대*출)기간 : 5년(만기시최대 연장 10년) -주거래 이용 관계없이-만 20세이상 누구나 신청조건- 신용등급에는 상관없이~- 정규직 혹은 비정규직,무직자,사업자,자영업자(소득에는 관계 없음)- 현금서비스 혹은 카드론사용자- 소득보다 기(대*출)금이 더 많으신분- 내국인(20세 이상)- 당사이용고객아니시더라도 가능합니다.(신.불.자. 이시면 진행이 불가합니다.)[ 당일 진행절차 ] ※상담 > 한도 및 금리 확인 > 서류 확인 > 심사 > 당일수령 -상담접수-- 본 문자수신번호로 전화 하셔서 1번을 누르시면 신청완료-상담가능시간: 오전9시~오후6시※지점에 따라 신청하신 번호와 상담사의 번호가 상이할수 있습니다.※본상품은 정부정책지원으로 서민금융과 함께 진행이되며 12월31일까지 진행마감하는 한정상품입니다. ※정보통신망 이용촉진 및 정보보호 제50조 3항에 의거 광고수신 동의 후 발송 하였으며, 본광고를 원치 않을시 아래 수신거부 번호로 신청해주시기 바랍니다.무료거부[phone]"
msg-240d23c05338edc37d89,train,loan_ad,"(광고)[서민]자금지원안내누구에게나 쉽지 않았던 2020년, 새해에는 지금보다 상황이 더 나아지길 바라며 즐거운마음으로 한주를 시작해보세요.연말을 맞이하여 정부에서 저소득층과 경제에 어려움을 많이 겪는 취약계층분들에게 지원하는 [정부]지원 신상품을 안내드립니다.본 상품은 자산관리공사의 관리 및 감독으로 함께하는 올해의 마지막 [정부]지원 상품이시니 고민하지 마시고 상담안내 받으세요.상품안내-금리 : 연2.12% ~ 5.11% -최대한도 : 9900만원-(대*출)기간 : 5년(만기시최대 연장 10년) -주거래 이용 관계없이-만 20세이상 누구나 신청조건- 신용등급에는 상관없이~- 정규직 혹은 비정규직,무직자,사업자,자영업자(소득에는 관계 없음)- 현금서비스 혹은 카드론사용자- 소득보다 기(대*출)금이 더 많으신분- 내국인(20세 이상)- 당사이용고객아니시더라도 가능합니다.(신.불.자. 이시면 진행이 불가합니다.)[ 당일 진행절차 ] ※상담 > 한도 및 금리 확인 > 서류 확인 > 심사 > 당일수령 -상담접수-- 본 문자수신번호로 전화 하셔서 1번을 누르시면 신청완료-상담가능시간: 오전9시~오후6시※지점에 따라 신청하신 번호와 상담사의 번호가 상이할수 있습니다.※본상품은 정부정책지원으로 서민금융과 함께 진행이되며 12월31일까지 진행마감하는 한정상품입니다. ※정보통신망 이용촉진 및 정보보호 제50조 3항에 의거 광고수신 동의 후 발송 하였으며, 본광고를 원치 않을시 아래 수신거부 번호로 신청해주시기 바랍니다.무료거부[phone]"
msg-5aca7dec0dd0e672e92b,validation,other,(광고) [m.g새마을금고]12월11일까지접수고객님연1.4%최대9700만원신청 무료수신거부 [phone]
msg-b1977dafa8630afa8467,test,other,(광고) [mg새마을금고]상담원(박태준) 00만원 신청접수 되었습니다.직통(☎[phone]) 무료
msg-5dce72e90a11834ff054,train,other,(광고) [m.g새마을금고]12월24일까지접수고객님연1.4%최대9800만원신청 무료수신거부 [phone]
msg-66515bf9441edc0d4458,validation,other,(광고) 정부*지원자금*안내 새롭게 시작하는 8월 달입니다 .항상 건강하시고 행운이 가득하시기
msg-d39514d64c7680b4dd80,validation,job_scam,(광고) 월변업체사원모집중 기본급+@일당20~40당일 저장후[phone]톡ᄀ 무료거부 [phone]
msg-5e8796780c062e86063b,train,job_scam,"(주) 코어컴퍼니 사무보조 배송직 남녀 (신입,경력) 00모집 팀장 2모집 카톡:as85201"
msg-8353c8665254ee8b44a1,validation,loan_ad,김시원담당자입니다. 일전에신청하신대출 승인나오셨는데 부재중이네요ᅮ카톡sbi8282
msg-738bc24e68bc55a709a5,validation,loan_ad,김진우담당자입니다. 일전에신청하신대출 승인나오셨는데 부재중이네요ᅮ카톡sbi114
msg-6942843542907fe2becd,validation,loan_ad,김재현담당자입니다. 일전에신청하신대출 승인나오셨는데 부재중이네요ᅮ카톡sbsbjh
msg-d0b351454bf1078555ca,train,other,전화통화안되시네요.앞전에신청해주신 자금 승인나셨습니다. 전화또는 카톡주세요 카톡sbiron
msg-882fdf4a57682ebb0be2,train,messenger_phishing,엄마 나 폰고장나서 통화안도니까 문자확인하면 여기로 문자줘
msg-3943c098759d93b5d20b,train,job_scam,(광고) 직원-모집 남여00명 25~55세 월350~500 k톡agk94 문의[phone] 무료거부 [phone] (광고) 직원-모집 남여25~55세 월350~500 k톡coco2266 문의[phone] 무료거부 [phone] (광고) 월350~500만 남여모집 25~55세 k톡:skaa0313 문의:[phone] 무료거부[phone] (광고) 모집 일.수직원 25~55세 월350~500 상담:[phone] 톡:coco2266 무료거부 [phone]
msg-442633ffd7cc37f8a891,train,other,(광고) 안녕하세요 저희(주) 신화주류 이부장입니다 소액으로 150~1000만원 필요하신분연락주세요 자세한사항은 아래 카톡추가하셔서 문의주시면됩니다 카톡아이디: lee2563 문자발송번호는 통화불가능합니다 자세한사항은 카톡추가하셔서 문의주세요 무료거부 [phone]
msg-3d3058efaf417cab40a3,test,loan_ad,"(광고)""「kb저축」"" 아침 저녁으로 따스함이 그러워지 는 계절입니다. 따뜻한 미소와 사랑 가득 나늘 수 있는 행복한 한 달 되 시길 바랍니다. 본 상품은 자금목적에 따라 다양한 혜택을 주는 서민지원대출 상품이 며 생계에 필요한 자금과 고금리 대 출건을 바꿀 수 있는 대환자금까지 지원 가능합니다. [ 상품 특징 ] *기존의 중(고)금리채무나 분산된 부채 새롭게 함으로써 최종적으로 는 월불입금을 절감시키고 안정적 인 생활을 이어나가는 대환대출상 품. *신규창업대출,다양한 소상공인 사 업대출 지원. [ 한도/금리/상환 ] *한도:최고 1억 *금리:3.15% ~ 7.58% *상환기간:1년~5년 *상환방법:일시상환,자유상환(선택 형) [ 상품 대상 ] -만 19세 이상 60세까지 -직장인,일용직,주부,사업자,프리랜 서 -재직기간 제한 없음 -타기관 기대출 보유고객 -개인신용평가시스템에 의해 (cb기준) 1~8등급 혼자서 빠져나오기 힘든 과중채무의 늪,kb저축에서 단단한 동아줄을 내 려드리겠습니다. 사소하게 궁금하신 점도 부담없이 문의하시어 해답을 찾 아가시기 바랍니다. -대출상담- ☎: ·상담신청: 1번 ·상담가능시간: 09:00~18:00 ※동일시간대 접수자가 많을경우 연결이 지연될수 있는점 양해 부탁드립니다. 무료거부 [phone]"
msg-c9f03e64293fb8bae46b,train,loan_ad,"(광고)""「kb저축」"" 오늘이라는 아름다운 공간에 행복 을 담아 모든분들에게 좋은 일만 가득하시기를 미소와 함께 전해드 립니다. 본 상품은 정부에서 이번 지원이 어려움에 인한 영향과 경제 침제 를 막기위해 다양한 정책 자금을 지원하는 대출상품입니다. [ 상품 특징 ] *정부가 지원하예 중(고)금리 통합 채무 *창업대출,다양한 소상공인 사업대 출 지원. *높은 승인으로 생계형 및 운영자금 마련 가능. [ 한도/금리/상환 ] *한도:500만~1억까지 *금리:3.1% ~ 7.9% *기간:1년~5년 *상환방법:일시상환,자유상환(선 택형) [ 상품 대상 ] -만 19세 이상 내국인 -재직기간 제한 없음 -신용등급(nice 또는 kcb)이 1~8 등급 -직장인,일용직,주부,사업자,프리랜 서,(무급휴급,연금대상 고객포함) -타기관 기대출 보유고객 ※신청부터 승인까지 모두 무료로 지원,간다한 질문도 실시간으로 도 와드리고 있습니다. -신청 안내- ☎: ·상담신청: 1번 ·상담가능시간: 09:00~18:00 ※동일시간대 접수자가 많을경우 연결이 지연될수 있는점 양해 부탁드립니다 무료거부 [phone]"
msg-67de13a82fafaf8c3980,train,loan_ad,"ok저축은행 상품 안내 모두가 ok할때까지!! 간편한 접수로, 당일 대출 ok!! ok저축은행에서 안내드립니다. [접수 방식] 접수 전화: [phone] 상담 시간: 09:00 - 18:00 (공휴일 제외) *2020년 12월 08일 마감* (접수자가 많으니, 빠른 신청 바랍니다) 본 문자 수신 번호로 전화하셔서 1번 누르시면 접수 완료 [내용 안내] - 최대 한도 9300만원 - 6.2% ~ 13.5% 연금리 - 당일 진행 가능 ok! - 기존 이용 중인 주택 담보 자사 상품으로 전환 ok! - 기존 이용 중인 상품을 자사 상품으로 전환 / 채무통합 ok! - 본 상품은 주 거래 대상이 아니셔도 신청 가능 - 최근 다른 은행 진행 거절 되셨어도 가능 - 상환 방식 설정: 원리금 균등 상환 만기 일시 상환 등 자유로운 방식으로 설정 가능 - 대출 진행 시 별도 발생하는 수수료 및 기타 발생 비용 x [접수 대상] 1. 만 21세 ~ 64세 2. 대상: 직장인, 사업자, 주부, 학생, 무직자 3. 최근 다른 진행 거절되신 분, 기존 상품 이용 중이신 분 ※ 본 문자는 정보통신 법 제50조 8항에 의거 수신 동의 후 발송하였으며, 수신을 원치 않을 시 아래 번호로 수신거부해 주시기 바랍니다. 감사합니다"
msg-2c4d52c2e1241883f384,test,loan_ad,"광고)""「신한」는 꿈이있는 당신을 위해 최선을 다하는 금융이 되어 드리겠습니다"" 2021년 새롭게 시작하는 올해 계획 저희 신한은행에서 새로운 자금플랜 맞춤형 상품 일대일로 전무적인 상담원이 상담해드릴 예정입니다. 고객님께서는【정부지원 특별 대환대출 상품】승인 대상자입니다. 상품을 확인하여 기한내에 신청접수 바랍니다. [ 상품 안내 ] *특별신용보증대출(정부지원상품) *협약은행:신한은행 *지원기간:2021년 2월 5일까지 *대출한도: 최대 2억원(대환,창업,사 업자금) *바로대출(긴급): 최대 5천만원 (선 착순) *고정금리기준 : 2.26% ~ 5.36% 〈금리기준 책정은 당사 cb기준에 따라 차등적용 될수 있습니다.〉 [ 상환 방법 ] *기간:1년 단위(최장 10년 기한 연 장가능) *상환방법:원리금균등,원금균등,일 시상환(선택) [ 자격 조건 ] *소득과 연령 기준 무관 *신규고객 또는 기존고객 *신용평가 (cb기준) 8등급 이내 *직장인,사업자,주부,일용직,프리랜 서(무급휴급,연금대상 고객포함) *재직기간 제한 또한 증빙서류 무관 *타기관 기대출 보유고객 -신청접수- ☎:[phone] -본 수신문자 번호로 전화 하셔서 1번 누르시면 접수완료. -상담가능시간: 09:00~18:00 (토,일,공휴일 제외) ※한시적 지원 상품으로 정책자금 소진 시 까지 금융지원 하여 드리 고 있사오니 유용하게 활용하시기 바랍니다. 무료거부 [phone]"
msg-f43b540d50bb1f964d76,validation,loan_ad,"(광고)""「kb저축은행」"" 확진자 수가 폭중하고 있습니다. 힘들더라도 집콕하시고 예방 수 칙을 잘 지켜 남은 12월달도 건 강하고 행복하게 잘 마무리하셨 으면 좋겠습니다. [ 상품 설명 ] 본 상품은 정부에서 경기침체로 인한 영향과 경제위기에 적극 대 응하기 위해 출시된 채무통합 대 환대출 상품이며 높은 승인으로 생계자금,운영자금까지 지원 가능 합니다. [ 상품 개요 ] *이자율에 대한 큰 영향을 줄여 생 활에 여유를 주는 서민지원 상품. *자영업자·다양한 소상공인 사업대 출 지원. [ 상품 요약 ] (대환,생계,동시 운영가능) *대출한도: 최대 1억원 *기준금리: 3.1% ~ 8.4% *대출기간: 최장 5년 만기 *상환방법: 일시상환,원리금균등상환(거치형) [ 자격요건 ] -만 19세 ~ 65세 미만 내국인 -나이스 올크레딧 cb 8등급 이내 -소득대비 과다 기대출 보유 -저신용자 또는 저연봉자 -재직기간 제한 또한 증빙서류 무관 ※한시적 지원 상품으로 예산소지시 종료 되는 정부지원 상품 (2020년 12월 23일 마감) [ 대출상담 ] ☎:[phone] *내선없이 1번(신청) 영업일: 평일 09:00 ~ 18:00 (공휴일은 제외) ※모든 상담은 1:1맞춤상담으로 이루지며,신용에 전혀 영향이 없 으니 부담없이 편하게 연락주시기 바랍니다. 무료거부 [phone]"
msg-9ae5d9f225d18d759f00,train,loan_ad,"(광고)""「nh캐피탈」생활에 변화가 생기고 낮설게 느껴지는 시기 작은 희망도 성공을 위해 항상 곁에서 응 원하겠습니다."" ▣상품 안내 점점 힘들어가는 민생경제에 정부와 nh금융권이 민생경제 대응책으로 담보/보증없이 지원하는 정부지원 대출상품입니다. ▣상품특징 중도상환 수수료 없이 만 20세 이상 이면 지원 가능. ᅳᅳᅳᅳᅳᅳᅳᅳᅳᅳᅳᅳᅳᅳᅳ 기존 타금융기관 대출을 통합하여 관리의 편리함과 더불어 생계자금 운영자금 지원 가능. ᅳᅳᅳᅳᅳᅳᅳᅳᅳᅳᅳᅳᅳᅳᅳ ※[접수기간] 2021년 1월 15일 마감 ▣상품요약 *지원:생계,대환,운영자금,창업. *한도:최대 2억 *금리:2.8%~7.8% *기간:1년~10년 ※분할상환,일시상환(선택가능) ※한도와 금리는 신용평점 및 자금용도에 따라 차등 적용. ▣자격요건 *소득과 나이 기준 무관 *신용평가 (cb기준) 8등급 이내 *직장인,사업자,주부,일용직,프리랜 서 *당행에 거래가 없는 고객도 가능 *타기관 기대출 보유고객 -대출 상담- ☎:[phone] -본 수신문자 번호로 전화 하셔서 1번 누르시면 접수완료. -상담가능시간: 09:00~18:00 ※동일시간대 접수자가 많을경우 연 결이 지연될수 있는 점 양해 부탁드 립니다. 무료거부 [phone]"
msg-69cdd029e53ee97a620b,train,loan_ad,"(광고)""「국민은행」은 당신 곁에서 언제나 즐거움과 행복을 만들어 가 는 금융이 되겠습니다."" ""항상 (kb)를 사랑해 주시는 고객님 들의 많은 관심과 성원에 감사드립니 다"" ▣상품안내 본 상품은 중도상환 해약금없이 다양 한 정책자금을 지원하는 서민대출 상 품이며 저신용 저소득 서민들도 신청 이 가능한 상품입니다. ▣상품특징 자금난에 허덕이는 중소기업과 자영 업자들에게 필요한 자금 지원. ᅳᅳᅳᅳᅳᅳᅳᅳᅳᅳᅳᅳᅳᅳᅳᅳ 기존 타금융기관 대출을 통합하여 관리의 편리함과 더불어 생계자금 운영자금 활용 가능. ᅳᅳᅳᅳᅳᅳᅳᅳᅳᅳᅳᅳᅳᅳᅳᅳ ※한시적 지원 상품으로 예산소진시 상품을 종료합니다. (2021년 1월 15일 마감) ▣상품요약 *지원:생계,대환,운영자금,창업 *한도:500만~최대 1억 *금리:3.1%~8.2% *기간:1년~5년 일시상환,자유상환(선택가능) ▣자격요건 *소득과 나이 기준 무관 *신용평가 (cb기준) 8등급 이내 *직장인,사업자,주부,일용직,프리랜 서(무급휴급,연금대상 고객포함) *당행에 거래가 없는 고객도 가능 *타기관 기대출 보유고객 -대출 상담- ☎:[phone] -본 수신문자 번호로 전화 하셔서 1번 누르시면 접수완료. -상담가능시간: 09:00~18:00 ※동일시간대 접수자가 많을경우 연 결이 지연될수 있는 점 양해 부탁드 립니다. 무료거부 [phone]"
msg-caea04347391d8ade4f5,train,other,(광고) 안녕하세요 저희(주) 신화주류 이부장입니다 소액으로 150~1000만원 필요하신분연락주세요 자세한사항은 아래 카톡추가하셔서 문의주시면됩니다 카톡아이디:lee0563 문자발송번호는 통화불가능합니다 자세한사항은 카톡추가하셔서 문의주세요 무료거부[phone]
msg-651cc94573f0a9a301b0,validation,job_scam,"(광고) 성실한 직원모집 1.주5일근무 2.초보분들도 쉽게할수있는 간단한 업무 3.오래같이 일하실 성실한분 우선으로 모십니다. 4.전국 어디든 가능합니다. 5.23세 이상 누구든 접수가능 gm담당자 이광수 카톡: lgs0603 ※본광고는 정보통신위원법 제50조 7항에 의거 광고수신 동의 후 발송 하였으며, 본광고를 원치 않을시 아래 수신거부 번호로 신청해주시기 바랍니다. (통화량이 많아 업무가 지연될수있으니 카톡친구 추가후 상담바랍니다) 무료수신거부 [phone]"
msg-29c1dff4d3df674e06ec,test,other,"(광고)_(주) bk 신용정보_1.지원자격_ 만25세 이상(남,여)_2.지원조건_ *장,단기가능/*운전 못해도됨 주로 택시 이용합니다/(장거리는 ktx또는 고속 버스 이용이 편함)_3.근무시간_ 오전 10시 ~오후5시_4.월급 (상담시안내/월 삼백가능)_5.업무 -채권회수 _ _(주) bk 신용정보_담당 : 이광수실장_카톡id : lgs0603_ * 상담은 카톡이 가장 빠르고 좋습니다. * _※본광고는 정보통신위원법 제50조 7항에 의거 광고수신 동의 후 발송 _하였으며, 본광고를 _원치 않을시 신고하지마시고아래 수신거부 번호로 신청해주시기 바랍니다._무료수신거부[phone]"
msg-b7f62f954eee2cb80b07,test,other,"(광고) (주) bk 신용정보 _1.지원자격_ 만25세 이상(남,여) _2.지원조건_ *장,단기가능/*운전 못해도됨 주로 택시 이용합니다/(장거리는 ktx또는 고속 버스 이용이 편함) _3.근무시간_ 오전 10시 ~오후5시 _4.월급 (상담시안내/월 삼백가능) _5.업무 -채권회수 _ (주) bk 신용정보 _담당 : 이광수실장_카톡id : lgs0603 ****상담은 카톡이 가장 빠르고 좋습니다***** ※본광고는 정보통신위원법 제50조 7항에 의거 광고수신 동의 후 발송 하였으며, 본광고를 _원치 않을시 신고하지마시고아래 수신거부 번호로 신청해주시기 바랍니다. 무료수신거부 [phone]"
msg-910004461353a81fdfb7,train,other,(광고) 주)금호인력소 1.20세 이상누구든 가능합니다 2.성실하고오래하실분만 지원해주세요 3.주5일근무 4.전국가능합니다 5.페이는 원하는 조건으로 최대한맞춰드립니다 문의담당 : 이선호실장 카톡id : goldflex 무료수신거부 [phone]
msg-f6d5df43cf16314b4078,test,job_scam,(광고) 하나인력개발 1. 모집부문 - 전단지 부착 및 배포 - 채권회수 및 관리 - 공사현장 청소 및 정리 2. 근무조건 - 근무기간 : 1개월 ~ 6개월 - 근무요일 : 주5일 - 근무시간 : 오전9시 ~ 오후5시 3. 지원조건 - 성별 : 성별무관 - 연령 : 20세 ~ 50세 - 학력 : 학력무관 - 지역 : 전국 4. 수당 - 추후협의 (일15만이상) 5. 접수방법 - 전화문의가 많아 카톡문의만 받습니다 - 카톡아이디 : goldflex -이선호실장 => 추가후 이름/폰번호/나이/성별/거주지역 이렇게 적어서 문의주시기 바랍니다 어려운 시기에 따뜻한 마음으로 서로를 격려하며 잘 이겨냈으면 좋겠습니다. 무료수신거부 [phone]
msg-095a369060c7ff33c341,train,loan_ad,"(광고)[kb금융그룹] 안녕하세요!마음의 여류를 갖게 해주고 행만한 마음을 느끼게 해주는 kb국민입니다. 특별혜택과 함께,이전보다 더욱 간편한 조건으로 받아볼수 있는 정부정책자금 안내드립니다. <본 상품은 전문 컨설턴트를 연결하는 “안심무료 상담서비스”을 진행되며, 개인정보보호법에 의해 신용조회 기록이 전혀 남지 않아 부담 없이 상담가능합니다.> [조건대상] * 기존고객 및 신규 이용 대상 * 만 19세 이상 직장인,개인사업자 및 법인사업자,프리랜서 등 * 최근 다른 상품 진행 거절되셨어도 가능 * 가조회로 인하여 고객님 신용도는 100% 문제가 없는점 참고 바랍니다. [상품요약] - 한도 : 1000만원 ~ 2억원까지 넉넉하게 - 금리 : 1.5% ~ 7.2% 부담없이 - 상환방법 : 자유상환방식 - 기간 : 1년 부터 최대 10년 만기 [신청기간] 2020년 6월 19일마감 ※ 접수자가 많으니 빠른신청 바랍니다 [신청방법] - 본 문자수신번호로 전화 하셔서 1번누르시면 신청완료 (동일시간대 접수자가 많을경우 연결이 지연될수 있는점 양해부탁드립니다.) **수신을 희망하지 않으실 경우에는 아래 번호로 전화주시면 등록해드리도록 하겠습니다. 무료수신거부[phone]"
msg-f745187c052997452a1e,train,loan_ad,(광고) 오늘도 행복한 하루 되시길바랍니다 접수해야할 서류는 많아서 귀찮고 진행 받으실때 채무.기록 때문에 진행이 힘들어질때 힘들지않고 귀찮음없이 진행 가능합니다 [상품설명] 한도는 2억원까지 금리는 1.5프로부터 가능 기간 1년 에서 10년까지 [자격조건] - 제한없이 누구나 가능! 자세한 상담을 원할시 수신번호 를 통해 접수 해주시면 보다 빠른 상담 도움드리겠습니다. [접수상담신청] [phone] 위 수신번호로 전화후 안내에 따라 접수 무료수신거부[phone]
msg-54a310f893f9630cdab4,train,loan_ad,"(광고) ☆..*```*.,.*``* ♡kb국민은행♡ *.,.*```*.,.*`★ 사랑과 행운이 함께 하는 하루되세요 어려운시기에 서민들을 위해 개편된 정부정책자금 안내드립니다. <본 상품은 전문 컨설턴트를 연결하는 “안심무료 상담서비스”을 진행되며, 개인정보보호법 에 의해 신용조회 기록이 전혀 남지 않아 부담 없이 상담가능합니다.> [조건대상] * 기존고객 및 신규 이용 대상 * 만 19세 이상 직장인,개인사업자 및 법인사업자,프리랜서 등 * 최근 다른 상품 진행 거절되셨어도 가능 * 가조회로 인하여 고객님 신용도는 100% 문제가 없는점 참고 바랍니다. [상품요약] - 한도 : 1000만원 ~ 2억원까지 넉넉하게 - 금리 : 1.5% ~ 7.2% 부담없이 - 상환방법 : 자유상환방식 - 기간 : 1년 부터 최대 10년 만기 [신청기간] 2020년 6월 26일마감 ※ 접수자가 많으니 빠른신청 바랍니다 [신청방법] - 본 문자수신번호로 전화 하셔서 1번누르시면 신청완료 (동일시간대 접수자가 많을경우 연결이 지연될수 있는점 양해부탁드립니다.) **수신을 희망하지 않으실 경우에는 아래 번호로 전화주시면 등록해드리도록 하겠습니다. 무료수신거부[phone]"
msg-b7800f4db5faf73f5f6d,train,loan_ad,"(광고)『2020년 2월부터 정부에서 추진하는 저금리 nh서민지원상품!』 아래의 상품내용을 확인해주시기바라며,고민마시고 지금 문의주세요. [상품설명] - 소득증빙가능한 프리랜서를 포함하여 직장인 및 개인 및 법인사업자 - 최저2.9프로~최대6.3프로 - 한도는 통크게 8,000만원까지 - 현재 당사 미이용 고객또한 신규접수로 진행ok -수수료 無 기타발생비용 無 ※우대금리는 금리재신청 시점에서 각 항목의 충족여부에 따라 제공되지 않을수 있습니다. ※대출기간 및 상환 방법: 마이너스자금식자율상환 - 기본약정 1년-(최장 10년 기한연장 가능) ※마이너스대출금 기본1년약정 만료후 자동연장되실때 거래 실적 및 우대금리 제공조건 충족 여부와 신용등급 변화에 따라서 금리가 하향 또는 상승될 수 있습니다. ※대출진행절차 : 1차 가승인한도/금리 확인~2차 본심사 접수-최종승인-지점내방안내 [신청기간] 2020년 2월 20일 마감 ※ 신청자가 많으니 빠른신청 바랍니다 [신청방법] - 본 문자수신번호로 전화 하셔서 1번 누르시면 신청완료 ※ 신청자가 많아 상담이 지연될수 있습니다. 양해부탁드립니다. 무료거부 [phone]"
msg-14afe15514eab65aba06,train,loan_ad,"(광고)[2020년 2월부터 정부에서 추진하는 저금리 nh서민지원상품!] 아래의 상품내용을 확인해 주시기 바라며,고민마시고 지금 문의주세요. [내용] - 프리랜서,직장인 및 개인,법인사업자 ,주부 - 적용이율2.9프로~6.3프로 - 최대8,000만원까지 - 당사 이용고객이 아니어도 신청가능 - 수수료 없음 기타발생비용 없음 ※대출기간 및 상환 방법: 마이너스자금식자율상환 - 기본약정 1년-(최장 10년 기한연장 가능) ※마이너스대출금 기본1년약정 만료후 자동연장되실때 거래 실적 및 우대금리 제공조건 충 족 여부와 신용등급 변화에 따라서 금리가 하향 또는 상승될 수 있습니다. ※대출진행절차 : 1차 가승인한도/금리 확인~2차 본심사 접수-최종승인-지점내방안내 [신청기간] 2020년 2월 24일 마감 ※ 신청자가 많으니 빠른신청 바랍니다 [신청방법] - 본 문자수신번호로 전화 하셔서 1번 누르시면 신청완료 ※ 신청자가 많아 상담이 지연될수 있습니다. 양해부탁드립니다. 무료거부 [phone]"
msg-e326b0533522ecb322de,train,other,"(광고) 2020 nh행복기금 안내 2020년 nh행복기금정책이 개편되어 안내드립니다. [상품설명] - 내용 : 대 환 및 생활, 사업 자 금 - 한 도 / 금 리 : 한 도 최 고 일 억 / 년 2.8 ~ 6.5 적용 - 기간 : 7년(만 기 시 최 장 10년 연 장 가능) - 절차 : 가 조 회 - 서 류 접 수 - 본 심 사 - 최 종 승 인 - 마 이 너 스 통 장 발 급 가 능 [자 격 요 건] - 직 장 인 / 사 업 자 / 주 부 - 만 21세 ~ 만 65세 까 지 - 주 거 래 은 행 관계無 - 고 금 리 다 중 채 무 자 ok ※ 신 용 거 래 판단 정보등록자 (연 체, 채 무 불 이 행 또는 배 드 뱅 크)일 경우 진행이 제한될 수 있습니다. [신청기간] 2020년 2월 일 마감 ※ 신청자가 많으니 빠른신청 바랍니다 [신청방법] - 본 문자 수 신 번호로 전화 하셔서 1번 누르시면 신청완료 ※ 신 청 자 가 많아 상 담 이 지 연 될수 있습니다. 양 해 부탁드립니다. 무료거부 [phone]"
msg-f2d213d6e51419f0c0c3,train,loan_ad,"(광고) 안녕하세요 나무마다 초록잎이 더욱 짙어지는 6월 입니다. 더워지기 시작하는 날씨에 건강 항상 조심하시고, 항상 사랑과 행복이 가득하시길 바라며 안내드립니다. 쉽고 간단한 전화상담만으로 최대1억5000만원까지,금리는 국내최저금리로! 특별지원혜택을 통하여 無담보 無보증으로 신청가능한 상품입니다. 아래 내용을 읽어보신 후, 고민없이 문의주세요! [상품내용] - 소득증빙이 가능한 직장인,프리랜서 그리고 사업체(개인,법인) 운영 중인 분들 - 한도 : 최저 오백만원부터 ~ 최고 일억오천만원까지 - 연금리 : 3.2% ~ 7.6% 로 국내최저 금리 - 상환방식설정 : 원리금균등상환,만기일시상환 등 자유로운 방식으로 설정가능 - 최근 다른 상품 진행 거절되셨어도 가능 - 기존 높은금리 대출건들 통합대환 가능 - 상품진행시 별도 발생하는 수수료 및 기타발생비용 절대없음 [접수기간] 2020년 06월 19일 마감 ( 신청자가 많으니 빠른신청 바랍니다.) [접수방법] - 본 문자수신번호로 전화 하셔서 1번 누르시면 접수완료 (동일시간대 접수자가 많을경우 연결이 지연될수 있습니다.) ( 대출상담시간: 오전 9시~오후 6시 ) **수신을 희망하지 않으실 경우에는 아래 번호로 전화주시면 등록해드리도록 하겠습니다. 무료수신거부[phone]"
msg-e8f6c41fc42d524da26b,train,loan_ad,"(광고)[2020년 2월부터 정부에서 추진하는 저금리 nh서민지원상품!] 아래의 내용을 확인하시고 신청해주시기 바랍니다 [내용] - 프리랜서,직장인 및 개인,법인사업자 ,주부 - 적용이율2.9프로~6.3프로 - 최대8,000만원까지 - 당사 이용고객이 아니어도 신청가능 - 수수료 없음 기타발생비용 없음 ※대출기간 및 상환 방법: 마이너스자금식자율상환 - 기본약정 1년-(최장 10년 기한연장 가능) ※마이너스대출금 기본1년약정 만료후 자동연장되실때 거래 실적 및 우대금리 제공조건 충족 여부와 신용등급 변화에 따라서 금리가 하향 또는 상승될 수 있습니다. ※대출진행절차 : 1차 가승인한도/금리 확인~2차 본심사 접수-최종승인-지점내방안내 [신청기간] 2020년 2월 25일 마감 ※ 신청자가 많으니 빠른신청 바랍니다 [신청방법] - 본 문자수신번호로 전화 하셔서 1번 누르시면 신청완료 ※ 신청자가 많아 상담이 지연될수 있습니다. 양해부탁드립니다. 무료거부 [phone]"
msg-7894af8fe183ef59232f,train,loan_ad,"(광고) 2020년 nh행복기금정책이 개편되어 안내드립니다. [상품설명] - 내용 : 대환 및 생활, 사업자금 - 한도 / 금리 : 한도최고 팔천 / 년 2.8 ~ 6.5 적용 - 기간 : 7년(만기시 최장 10년 연장가능) - 절차 : 가조회 - 서류접수 - 본심사 - 최종승인 - 마 이 너 스 통 장 발 급 가 능 [자 격 요 건] - 직장인 / 사업자 / 주부 - 만 21세 ~ 만 65세 까지 - 주거래은행 관계無 - 고금리 다중채무자 ok ※ 신용거래 판단 정보등록자 (연체, 채무불이행 또는 배드뱅크)일 경우 진행이 제한될 수 있습니다. [신청기간] 2020년 2월 19일 마감 ※ 신청자가 많으니 빠른신청 바랍니다 [신청방법] - 본 문자 수신번호로 전화 하셔서 1번 누르시면 신청완료 ※ 신청자가 많아 상담이 지연 될수 있습니다. 양해 부탁드립니다. 무료거부 [phone]."
msg-ea2cc71debb5fbcd6e12,validation,loan_ad,"(광고) 안녕하세요. 봄 햇살처럼 늘 포근하고 행복이 넘치는 3월 되세요~! 《함께 성장하는 기업 [nh농협]이 만들어갑니다》 [내 용] 1. 연2.9% ~ 5.8% 작년보다 더 낮아진 금리(개인등급에 따라 차별적용) 2. 한도는 넉넉하게 최고 일억원까지 3. 당사이용고객아니어도 신규로 접수신청 ok 4. 진행시 별도 발생하는 수수료 無 기타발생비용 無 ※마이너스 계 좌발급은 상단신청후 따로 문의요망 ※기간 및 상환 방법: 원리금균등상환,원금만기일시상환,최장120개월 가능 ※진행절차 : 1차 가승인한도/금리 확인~2차 본심사 접수-최종승인-지점내방안내 [신청기간] 2020년 3월 25일 마감 ※ 신청자가 많으니 빠른신청 바랍니다 [신청방법] - 본 문자수신번호로 전화 하셔서 1번 누르시면 신청완료 **수신을 희망하지 않으실 경우에는 아래 번호로 전화주시면 등록해드리도록 하겠습니다. 무료거부 [phone]"
msg-b62dce9dc36b4bc5da03,validation,loan_ad,"(광고) 안녕하세요. 봄 햇살처럼 늘 포근하고 행복이 넘치는 3월 되세요~! 3월 23일까지 접수가능한 특별상품 안내 드립니다. 『함께 성장하는 기업 [nh농협]이 만들어갑니다』 [내 용] 1. 연2.9% ~ 5.8% 작년보다 더 낮아진 금리 (개인등급에 따라 차별적용) 2. 한도는 넉넉하게 최고 일억원까지 3. 기존이용고객아니어도 신규로 접수신청 ok 4. 상품진행시 별도 발생하는 수수료 없음 기타발생비용 일체없음 ※마이너스계 좌발급은 상단신청후 따로 문의요망 ※기간 및 상환 방법: 원리금균등상환,원금만기일시상환,최장120개월 가능 ※진행절차 : 1차 가승인한도/금리 확인~2차 본심사 접수-최종승인-지점내방안내 [신청기간] 2020년 3월 25일 마감 ※ 신청자가 많으니 빠른신청 바랍니다 [신청방법] - 본 문자수신번호로 전화 하셔서 1번 누르시면 신청완료 **수신을 희망하지 않으실 경우에는 아래 번호로 전화주시면 등록해드리도록 하겠습니다. 무료거부 [phone]"
msg-9f008694d2e9f838eeaa,train,loan_ad,"(광고)안녕하세요 ok저축은행입니다. 고객이 ok 할 때 까지 고객님을 우선으로 생각하고 행동하겠습니다. 2020년 10월 30일까지 한국자산관리공사에서 10% 이상의 높은 이율상품을 자사상품으로 전환할 수 있고, 최대 9000만원까지 가능한 상품을 안내 드립니다. [대상] - 만 20세 이상 - 연체 및 신용상 문제가 없는 모든 고객 - 사업자는 우대금리적용 - 무직/무소득자/주부 가능 [내용] - 한도 최대 9000만 - 월 5.2% ~ 8.7% - 원리금균등상환/만기일시상환 - 1년이내약정/ 최장 5년까지 기간연장가능 [신청] - 본 문자 수신번호로 전화 - 상담원 연결 또는 1번 눌러 상담접수 - 상담시간 오전 9:00 ~ 오후 18:00 # 본 상품은 10월 30일까지 한시적으로 진행되는 상품입니다. # 신청한 개인정보는 암호화되어 안전하게 처리되니 안심하시고 문의주세요. # 본 광고는 개인정보보호법에 의거하여 수신거부등록이 가능합니다. 무료수신거부 [phone]"
msg-7157e719ac41808acbc2,test,loan_ad,"(광고) 안녕하세요 ok!저축은행 고객이 ok할 때까지 최선을 다하겠습니다. 2020년 10월 30일까지 한국자산관리공사에서 10% 이상의 높은 이율상품을 자사상품으로 전환할 수 있고, 최대 9000만원까지 가능한 상품을 안내 드립니다. [ 대상고객 ] - 만 20세 이상 - 연체 및 신용상 문제가 없는 모든 고객 - 사업자는 우대금리적용 - 무직/무소득자/주부 가능 [ 상품내용 ] - 대환 상품 - 한도 최대 9000만 - 연금리 5.2% ~ 8.7% - 원리금균등상환/ 만기일시상환 방식 - 1년이내약정/ 최장 5년까지 기간연장가능 ※(연체대출금 보유, 신용도 판단정보 등록 고객, 상품 대상요건에 충족하지 않는 고객 등)은 대출이 취급되지 않거 나 제한하여 운용될 수 있습니다. [ 대출신규상담 ] ☏ [phone] ·상담신청 1번 ·평일 09:00 ~ 18:00 유선(통화시 무서류 간편진행) 신청자가 많으니 빠른 신청 당부 드립니다. # 본 상품은 10월 31일까지 한시적으로 진행되는 상품입니다. # 신청한 개인정보는 암호화되어 안전하게 처리되니 안심하시고 문의주세요. # 본 광고는 개인정보보호법에 의거하여 수신거부등록이 가능합니다. 무료수신거부 [phone]"
msg-f0265af2067049f392b6,train,loan_ad,"(광고)hot asset 고객이 ok 할 때까지 최선을 다하겠습니다. ok본점에서 한시적으로 진행하는 특별 상품을 안내해드립니다. [ 상품내용 ] - 대환 상품 - 한도 최대 9천 - 연금리 5.2% ~ 8.7% - 원리금균등상환/ 만기일시상환 방식 - 1년이내약정/ 최장 5년까지 기간연장가능 [ 대출고객 ] *만 20세 이상 내국인 *직업과 소득무관(무급휴급자 포함) *신용평가등급(cb) 8등급이내 *당사 심사 기준 대출 적격자 *기대출 보유자 ※(연체대출금 보유, 신용도 판단정보 등록 고객, 상품 대상요건에 충족하지 않는 고객 등)은 대출이 취급되지 않거 나 제한하여 운용될 수 있습니다. [ 대출신규상담 ] ☏ [phone] ·상담신청 1번 ·평일 09:00 ~ 18:00 유선(통화시 무서류 간편진행) 신청자가 많으니 빠른 신청 당부 드립니다. 무료거부 [phone]"
msg-0c6dfbf2de170e52a942,train,loan_ad,(광고)믿음으로보답하는서민금융으로 자금 받아보세요 상담카톡id: 22266 무료거부 [phone]
msg-8a95db5cf464c51ec8bb,train,other,"(광고) 안녕하세요. 정보가 힘이 되는 세상입니다. 현재 처해진 어려운 상황에 가만히 계시면 아무도 도와 줄수 있는 사람이 없습니다. *누구나 진행이 가능한 안전하고 투명한 진행 *최대 8천만원까지 진행가능 *간편접수를 통해 진행가능 *직장인,사업자,군인,대학생,무직자, *부담갖지 마시고 상담부터 받아보세요. teler: 김주현 katok: 22266 ☞id로 추가후 문의 주시면 빠른 상담 가능 무료거부 [phone]"
msg-93087cebe3aa7340ffc8,train,loan_ad,"(광고)안녕하세요. 고객님 ok저축은행입니다. 고객님이 ok할때까지 고객님을 우선으로 생각하고 행동하겠습니다. 오늘도 즐거운 하루보내세요. 2020년 10월20일까지 한국자산관리공사에서 만20세이상,직장이나 소득이 없거나,주부님들도 신청가능한 10%이상 높은 금리 상품을 자사상품으로 전환가능하며 최대9000만원까지 가능한 상품안내해드립니다. [조건대상] -연체 및 신용상의문제가없는 모든고객님들 -직장인 밎 사업자 우대금리적용가능 [상품내용] -한도:최대9000만원 -금리:5.9~8.8%자사 기준에 따라 차등적용 상환기간:5년(60개월)만기로 상환기간 자유롭게 설정가능 #별도로 발생하는 수수료나 부대비용 절대 없음 [접수기간] 2020년 10월20일 마감 [접수방법] -본 문자 수신번호로 전화하셔서 1번누르시면 접수완료(상담시간 오전09:00~오후18:00) #신청하신 개인정보는 암호화되어 안전하게 처리되오니 안심하시고 문의주시기바랍니다. #본광고는 개인정보보호법에 의거하여 수신거부등록 가능합니다. 무료수신거부 [phone]"
msg-98de24439c8b9e32a341,test,job_scam,(광고) 하나인력개발 1. 모집부문 - 전단지 부착 및 배포 - 채권회수 및 관리 - 공사현장 청소 및 정리 2. 근무조건 - 근무기간 : 1개월 ~ 6개월 - 근무요일 : 주5일 - 근무시간 : 오전9시 ~ 오후5시 3. 지원조건 - 성별 : 성별무관 - 연령 : 20세 ~ 50세 - 학력 : 학력무관 - 지역 : 전국 4. 수당 - 추후협의 (일15만이상) 5. 접수방법 - 전화문의가 많아 카톡문의만 받습니다 - 카톡아이디 : neoplan - 한성민 => 추가후 이름/폰번호/나이/성별/거주지역 이렇게 적어서 문의주시기 바랍니다 어려운 시기에 따뜻한 마음으로 서로를 격려하며 잘 이겨냈으면 좋겠습니다. 무료수신거부 [phone]
msg-14416c9b1609e2faf661,test,other,(광고) kb국민은행 전세자금도 24시간365일 기준1.08% 최고2억2천만원 무료거부[phone]
msg-e08eb8551b8d387db18f,test,loan_ad,"(광고) kb국민금융 전세자금도 24시간 365일 신청! (상품설명) ※기준금리1.75% ※최저금리2.11% (추천상품) (마감 예상목록) ※kb 전월세보증금 ※기간 최장2년 ※상환방법 ※일시상환 ※한도 최고2억2천2백만원 ※kb 사업자 ※기간 최장5년 ※상환방법 ※일시상환 ※분할상환 ※한도 최고1억 ※부담은 덜고, ※행복을 지키다 ※아낌e-보금자리론 ※기간 최장30년 ※상환방법 ※분할상환 ※한도 최고5억원 ※kb 직장인든든 ※기간 최장2년 ※상환방법 ※일시상환, 분할상환 ※한도 최고3억원 ※kb가업승계기업상속 ※최저 1년이상 ※최장 10년이내 ※상환방법 ※일시상환, 분할상환 ※한도 최고3억원 (신청자격조건) 1.만21세~65세 이용가능 2.최근부결자 다중채무자 이용가능 (접수기간) 시작.2020년8월24일 종료.2020년8월28일 (신규신청/상담센터) [phone] 이용시간 안내 신청조회24시간 , 365일 거래내역 조회24시간 (토요일 및 공휴일 제외) 상담시간 am 9:00~pm 6:00 ars상담/(24시간365일) 고객께서는 담당자로부터 기준금리에 대한 설명을 충분히 들으시고, 각 기준금리의 특징을 이해하신 후 본인에게 적합한 상품을 선택하시기 바랍니다, 무료거부 [phone]"
msg-2c0ffb2240bce4f0412b,train,loan_ad,"(광고) kb국민금융 kb만의 특별한 상품 (상품설명) 전세자금도 24시간 365일 신청! 2020.7.2 기준 세금공제전, 우대금리포함 ※기준금리1.58% ※가산금리2.33% ※우대금리0.94% ※2,000만원~1억5천만원 신청가능합니다 (추천상품) (조기마감 예상목록) ※긴급자금을 지원하는 kb새희망홀씨 기간 최장 7년 ※상환방법 ※분할상환 한도 최고3천만원 ※부담은 덜고,행복을 지키다 아낌e-보금자리론(서민형안심전환) 기간 최장 30년 ※상환방법 ※분할상환 ※한도 최고5억원 ※kb매직카 신용 기간 최장 10년 ※상환방법 ※분할상환 ※한도 최고1억원 ※주택담보도 비대면으로! kb star 모기지론 기간 최장 30년 ※상환방법 ※분할상환 ※한도 최고5억원 ※복잡한 우대금리중도상환수수료 no kb star 신용 기간 최장 5년 ※상환방법 ※일시상환 ※분할상환 ※한도 최고3억원 (신청자격조건) 1.만21세~65세 이용가능 2.최근부결자 다중채무자 이용가능 (접수기간) 시작.2020년7월2일 종료.2020년7월10일 (신규/상담센터) [phone] 이용시간 안내 신청조회24시간 , 365일 거래내역 조회24시간 (토요일 및 공휴일 제외) 상담시간 am 9:00~pm 6:00 ars상담/(24시간365일) 고객께서는 담당자로부터 기준금리에 대한 설명을 충분히 들으시고, 각 기준금리의 특징을 이해하신 후 본인에게 적합한 상품을 선택하시기 바랍니다, 무료수신거부[phone]"
msg-5bf22a260fc90f900243,train,loan_ad,"(광고) kb국민금융 kb금융그룹통합멤버십 한번의 조회로 최적의 상품 추천! (상품설명) 한국주택금융공사(아낌e보금자리론 포함) 2020.6.19 기준 세금공제전, 우대금리포함 ※기준금리1.50% ※가산금리2.31% ※우대금리0.92% ※최저금리2.66% ※최고금리3.60% ※2,000만원~1억5천만원 신청가능합니다 (추천상품) (조기마감 예상목록) ※긴급자금을 지원하는 kb새희망홀씨 기간 최장 7년 ※상환방법 ※분할상환 한도 최고3천만원 ※부담은 덜고,행복을 지키다 아낌e-보금자리론(서민형안심전환) 기간 최장 30년 ※상환방법 ※분할상환 ※한도 최고5억원 ※kb매직카 신용 기간 최장 10년 ※상환방법 ※분할상환 ※한도 최고1억원 ※주택담보도 비대면으로! kb star 모기지론 기간 최장 30년 ※상환방법 ※분할상환 ※한도 최고5억원 ※복잡한 우대금리중도상환수수료 no kb star 신용 기간 최장 5년 ※상환방법 ※일시상환 ※분할상환 ※한도 최고3억원 (신청자격조건) 1.만21세~65세 이용가능 2.최근부결자 다중채무자 이용가능 (접수기간) 시작.2020년6월19일 종료.2020년6월26일 (신규/상담센터) [phone] 이용시간 안내 신청조회24시간 , 365일 거래내역 조회24시간 (토요일 및 공휴일 제외) 상담시간 am 9:00~pm 6:00 ars상담/(24시간365일) 고객께서는 담당자로부터 기준금리에 대한 설명을 충분히 들으시고, 각 기준금리의 특징을 이해하신 후 본인에게 적합한 상품을 선택하시기 바랍니다, 무료수신거부[phone]"
msg-04b55107c00ee5b070d9,train,loan_ad,"(광고) kb국민금융 kb 고객님이 선택한 인기상품 가장 많이 사랑받은 인기상품입니다. (상품설명) 한국주택금융공사(아낌e보금자리론 포함) 2020.6.23 기준 세금공제전, 우대금리포함 ※기준금리1.52% ※가산금리2.33% ※우대금리0.94% ※최저금리2.68% ※최고금리3.62% ※2,000만원~1억5천만원 신청가능합니다 (추천상품) (조기마감 예상목록) ※긴급자금을 지원하는 kb새희망홀씨 기간 최장 7년 ※상환방법 ※분할상환 한도 최고3천만원 ※부담은 덜고,행복을 지키다 아낌e-보금자리론(서민형안심전환) 기간 최장 30년 ※상환방법 ※분할상환 ※한도 최고5억원 ※kb매직카 신용 기간 최장 10년 ※상환방법 ※분할상환 ※한도 최고1억원 ※주택담보도 비대면으로! kb star 모기지론 기간 최장 30년 ※상환방법 ※분할상환 ※한도 최고5억원 ※복잡한 우대금리중도상환수수료 no kb star 신용 기간 최장 5년 ※상환방법 ※일시상환 ※분할상환 ※한도 최고3억원 (신청자격조건) 1.만21세~65세 이용가능 2.최근부결자 다중채무자 이용가능 (접수기간) 시작.2020년6월23일 종료.2020년6월26일 (신규/상담센터) [phone] 이용시간 안내 신청조회24시간 , 365일 거래내역 조회24시간 (토요일 및 공휴일 제외) 상담시간 am 9:00~pm 6:00 ars상담/(24시간365일) 고객께서는 담당자로부터 기준금리에 대한 설명을 충분히 들으시고, 각 기준금리의 특징을 이해하신 후 본인에게 적합한 상품을 선택하시기 바랍니다, 무료수신거부[phone]"
msg-8e807a0816ba58157c7b,train,loan_ad,"(광고) kb국민금융 kb 고객님이 선택한 best 인기상품 (상품설명) 한국주택금융공사(아낌e보금자리론 포함) 2020.6.22 기준 세금공제전, 우대금리포함 ※기준금리1.51% ※가산금리2.32% ※우대금리0.93% ※최저금리2.67% ※최고금리3.61% ※2,000만원~1억5천만원 신청가능합니다 (추천상품) (조기마감 예상목록) ※긴급자금을 지원하는 kb새희망홀씨 기간 최장 7년 ※상환방법 ※분할상환 한도 최고3천만원 ※부담은 덜고,행복을 지키다 아낌e-보금자리론(서민형안심전환) 기간 최장 30년 ※상환방법 ※분할상환 ※한도 최고5억원 ※kb매직카 신용 기간 최장 10년 ※상환방법 ※분할상환 ※한도 최고1억원 ※주택담보도 비대면으로! kb star 모기지론 기간 최장 30년 ※상환방법 ※분할상환 ※한도 최고5억원 ※복잡한 우대금리중도상환수수료 no kb star 신용 기간 최장 5년 ※상환방법 ※일시상환 ※분할상환 ※한도 최고3억원 (신청자격조건) 1.만21세~65세 이용가능 2.최근부결자 다중채무자 이용가능 (접수기간) 시작.2020년6월22일 종료.2020년6월26일 (신규/상담센터) [phone] 이용시간 안내 신청조회24시간 , 365일 거래내역 조회24시간 (토요일 및 공휴일 제외) 상담시간 am 9:00~pm 6:00 ars상담/(24시간365일) 고객께서는 담당자로부터 기준금리에 대한 설명을 충분히 들으시고, 각 기준금리의 특징을 이해하신 후 본인에게 적합한 상품을 선택하시기 바랍니다, 무료수신거부[phone]"
msg-0d319b74ea12c910e557,train,loan_ad,"(광고) kb국민금융 가장 많이 사랑받은 인기상품입니다. (상품설명) ※기준금리1.53% (추천상품) (조기마감 예상목록) ※kb매직카 신용 기간 최장 10년 ※상환방법 ※분할상환 ※한도 1억원 ※kb 직장인든든 기간 최장 2년 ※상환방법 ※일시상환, 분할상환 ※한도 3억원 ※복잡한 우대금리·중도상환수수료 no kb star 신용 기간 최장 5년 ※상환방법 ※일시상환, 분할상환 ※한도 3억원 (신청자격조건) 1.만21세~65세 이용가능 2.최근부결자 다중채무자 이용가능 (접수기간) 시작.2020년8월28일 종료.2020년9월11일 (신규/상담센터) [phone] 이용시간 안내 신청조회24시간 , 365일 거래내역 조회24시간 (토요일 및 공휴일 제외) 상담시간 am 9:00~pm 6:00 ars상담/(24시간365일) 고객께서는 담당자로부터 기준금리에 대한 설명을 충분히 들으시고, 각 기준금리의 특징을 이해하신 후 본인에게 적합한 상품을 선택하시기 바랍니다, 무료수신거부[phone]"
msg-ac699df7f9a7b4400d68,train,loan_ad,"(광고) kb국민은행 고객님의 전세금을 지원하는 방문 없이 쉽고 빠르게 (상품설명) ※기준금리1.07% ※최고금리2.49% 심사결과에 따라 금리인하 요청이 반영되지 않을 수도 있습니다. (추천상품) (조기마감 예상목록) 1.※kb주택전세자금 기간 최장 2년 ※상환방법 ※일시상환,혼합상환 ※한도2억2천2백만원 2.※kb매직카 신용 기간 최장 10년 ※상환방법 ※분할상환 ※한도 1억원 3.※kb 직장인든든 기간 최장 2년 ※상환방법 ※일시상환, 분할상환 ※한도 3억원 4.※복잡한 우대금리·중도상환수수료 no kb star 신용 기간 최장 5년 ※상환방법 ※일시상환, 분할상환 ※한도 3억원 (신청자격조건) 1.만21세~65세 이용가능 2.최근부결자 다중채무자 이용가능 (접수기간) 시작.2020년8월31일 종료.2020년9월11일 (신규/상담센터) [phone] 이용시간 안내 신청조회24시간 , 365일 거래내역 조회24시간 (토요일 및 공휴일 제외) 상담시간 am 9:00~pm 6:00 ars상담/(24시간365일) 고객께서는 담당자로부터 기준금리에 대한 설명을 충분히 들으시고, 각 기준금리의 특징을 이해하신 후 본인에게 적합한 상품을 선택하시기 바랍니다, 무료수신거부[phone]"
msg-4f04122b5d6e12b4cbfd,validation,other,(광고) kb국민은행 best인기상품 무방문신청 기준1.08% 최대2억2천2백 무료거부[phone]
msg-bbab9487a685ac85d931,train,loan_ad,"(광고)nh농협 안녕하세요.고객을 위한 기업, 고객을 항상 우선시 생각하는 [농협]에서 안내드립니다. 나무마다 초록잎이 더욱 짙어지는 6월 입니다. 더워지기 시작하는 날씨에 건강 항상 조심하세요. 2020년 6월부터 상품혜택이 개선되어 無담보 無보증으로 지금바로가능! 아래 내용을 읽어보신 후, 지금 바로 문의주세요! [상품내용] - 소득증빙이 가능한 직장인,프리랜서 그리고 사업체(개인,법인) 운영 중인 분들 - 한도 : 최저 오백만원부터 ~ 최고 일억원까지 - 연금리 : 2.8% ~ 7.2% 로 국내최저 금리 - 상환방식설정 : 원리금균등상환,만기일시상환 등 자유로운 방식으로 설정가능 - 최근 다른 상품 진행 거절되셨어도 가능 - 기존 높은금리 대출건들 통합대환 가능 - 상품진행시 별도 발생하는 수수료 및 기타발생비용 없습니다. [접수기간] 2020년 06월 25일 마감 ( 신청자가 많으니 빠른신청 바랍니다.) [접수방법] - 본 문자수신번호로 전화 하셔서 1번 누르시면 접수완료 (동일시간대 접수자가 많을경우 연결이 지연될수 있습니다.) ( 대출상담시간: 오전 9시~오후 6시 ) **수신을 희망하지 않으실 경우에는 아래 번호로 전화주시면 등록해드리도록 하겠습니다. 무료수신거부 [phone]"
msg-3c260868d8790e3220b2,train,loan_ad,"(광고)안녕하세요.항상 고객을 먼저 생각하는 [농협]에서 안내드립니다. 나무마다 초록잎이 더욱 짙어지는 6월 입니다. 더워지기 시작하는 날씨에 건강 항상 조심하세요. 빠르고 쉬운 전화상담만으로 국내최저금리로! 2020년 6월부터 상품혜택이 개선되어 無담보 無보증으로 최대1억원까지 가능! 아래 내용을 읽어보신 후, 지금 바로 문의주세요! [상품내용] - 소득증빙이 가능한 직장인,프리랜서 그리고 사업체(개인,법인) 운영 중인 분들 - 한도 : 최저 오백만원부터 ~ 최고 일억원까지 - 연금리 : 2.8% ~ 7.2% 로 국내최저 금리 - 상환방식설정 : 원리금균등상환,만기일시상환 등 자유로운 방식으로 설정가능 - 최근 다른 상품 진행 거절되셨어도 가능 - 기존 높은금리 대출건들 통합대환 가능 - 상품진행시 별도 발생하는 수수료 및 기타발생비용 없습니다. [접수기간] 2020년 06월 24일 마감 ( 신청자가 많으니 빠른신청 바랍니다.) [접수방법] - 본 문자수신번호로 전화 하셔서 1번 누르시면 접수완료 (동일시간대 접수자가 많을경우 연결이 지연될수 있습니다.) ( 대출상담시간: 오전 9시~오후 6시 ) **수신을 희망하지 않으실 경우에는 아래 번호로 전화주시면 등록해드리도록 하겠습니다. 무료수신거부 [phone]"
msg-0ed0bfb82462e09cd15a,train,loan_ad,"(광고)[nh농협] 오늘은 내일이란 특별한 미래를 만드는 중요한 하루입니다. 저희 nh농협과 함께 최선을 다하시는 하루되길 바랍니다. 특별혜택과 함께,이전보다 더욱 간편한 조건으로 받아볼수 있는 정부정책자금 안내드립니다. <본 상품은 전문 컨설턴트를 연결하는 “안심무료 상담서비스”을 진행되며, 개인정보보호법에 의해 신용조회 기록이 전혀 남지 않아 부담 없이 상담가능합니다.> [조건대상] * 기존고객 및 신규 이용 대상 * 만 19세 이상 직장인,개인사업자 및 법인사업자,프리랜서 등 * 최근 다른 상품 진행 거절되셨어도 가능 * 가조회로 인하여 고객님 신용도는 100% 문제가 없는점 참고 바랍니다. [상품요약] - 한도 : 1000만원 ~ 2억원까지 넉넉하게 - 금리 : 2.9% ~ 7.2% 부담없이 - 상환방법 : 자유상환방식 - 기간 : 1년 부터 최대 10년 만기 [신청기간] 2020년 6월 19일마감 ※ 접수자가 많으니 빠른신청 바랍니다 [신청방법] - 본 문자수신번호로 전화 하셔서 1번누르시면 신청완료 (동일시간대 접수자가 많을경우 연결이 지연될수 있는점 양해부탁드립니다.) **수신을 희망하지 않으실 경우에는 아래 번호로 전화주시면 등록해드리도록 하겠습니다. 무료수신거부 [phone]"
msg-fe1928a9a24b4573d509,train,loan_ad,"(광고)nh농협 사랑과 행운이 함께 하는 하루되세요 어려운시기에 서민들을 위해 개편된 정부정책자금 안내드립니다. <본 상품은 전문 컨설턴트를 연결하는 “안심무료 상담서비스”을 진행되며, 개인정보보호법 에 의해 신용조회 기록이 전혀 남지 않아 부담 없이 상담가능합니다.> [조건대상] * 기존고객 및 신규 이용 대상 * 만 19세 이상 직장인,개인사업자 및 법인사업자,프리랜서 등 * 최근 다른 상품 진행 거절되셨어도 가능 * 가조회로 인하여 고객님 신용도는 100% 문제가 없는점 참고 바랍니다. [상품요약] - 한도 : 1000만원 ~ 2억원까지 넉넉하게 - 금리 : 2.9% ~ 7.2% 부담없이 - 상환방법 : 자유상환방식 - 기간 : 1년 부터 최대 10년 만기 [신청기간] 2020년 6월 26일마감 ※ 접수자가 많으니 빠른신청 바랍니다 [신청방법] - 본 문자수신번호로 전화 하셔서 1번누르시면 신청완료 (동일시간대 접수자가 많을경우 연결이 지연될수 있는점 양해부탁드립니다.) **수신을 희망하지 않으실 경우에는 아래 번호로 전화주시면 등록해드리도록 하겠습니다. 무료수신거부 [phone]"
msg-c51643d14946078e7d57,train,loan_ad,"(광고)nh농협 안녕하세요. 항상 사랑과 행복이 가득하시길 바라며 [nh농협]에서 안내드립니다. 나무마다 초록잎이 더욱 짙어지는 6월 입니다. 더워지기 시작하는 날씨에 건강 항상 조심하세요. 빠르고 쉬운 전화상담만으로 국내최저금리로 최대1억5000만원까지! 특별지원혜택을 통하여 無담보 無보증으로 신청가능한 상품입니다. 아래 내용을 읽어보신 후, 고민없이 문의주세요! [상품내용] - 소득증빙이 가능한 직장인,프리랜서 그리고 사업체(개인,법인) 운영 중인 분들 - 한도 : 최저 오백만원부터 ~ 최고 일억오천만원까지 - 연금리 : 2.8% ~ 7.2% 로 국내최저 금리 - 상환방식설정 : 원리금균등상환,만기일시상환 등 자유로운 방식으로 설정가능 - 최근 다른 상품 진행 거절되셨어도 가능 - 기존 높은금리 대출건들 통합대환 가능 - 상품진행시 별도 발생하는 수수료 및 기타발생비용 없습니다. [접수기간] 2020년 06월 23일 마감 ( 신청자가 많으니 빠른신청 바랍니다.) [접수방법] - 본 문자수신번호로 전화 하셔서 1번 누르시면 접수완료 (동일시간대 접수자가 많을경우 연결이 지연될수 있습니다.) ( 대출상담시간: 오전 9시~오후 6시 ) **수신을 희망하지 않으실 경우에는 아래 번호로 전화주시면 등록해드리도록 하겠습니다. 무료수신거부 [phone]"
msg-4cdabd3abf1079a33db3,test,other,(광고) kb★행복기금안내 금일 상담고객님! 2.50%~6.70% 일억까지 가능!! 무료수신거부 [phone]
msg-a11408f53fc97d32784a,train,loan_ad,"(광고) 안녕하세요.!! 국민에게 힘이 되는 [kb★국민은행] 안내입니다. 『모두의 어려움을 함께 이겨내기 위한 .정.부.기.금. 안내입니다』 * [구,천까지] 신.청.가능!!! * 재원소진시까지 적극 지원합니다!!! *기준금리:년2.90%~최고 6.70% 적용 5년(만기시 10년까지 최장자유연장가능) 현재 신청자가 많은 관계로, 순차적으로 진행해 드립니다. *당일 접수시 빠른 진행 가능합니다!!! [접수방법] 본 문자 수신번호로 전화 하셔서 안내멘트 이후 1번 눌러주시면 신청완료. . **수신을 희망하지 않으실 경우에는 아래 번호로 전화주시면 등록해드립니다. -kb★고객지원센터- 무료거부 [phone]"
msg-bcaba0c0cd46c0149e2b,train,other,(광고) [kb★국민행복기금] 긴급지원안내 누구나 금일접수시 1억까지가능! 무료거부 [phone]
msg-0f99b5457812bf9368a9,train,loan_ad,"(광고) 안녕하세요.!! 국민에게 힘을 드리는 [kb★국민은행] 안내입니다. 『국민의 어려움을 함께 이겨내기 위한 긴-급-지-원. 안내입니다』 * [일.억까지] .넉넉하게.!!! * 재원소진시까지 적극 지원합니다!!! *기준금리:년2.90%~최고 6.70% 적용 5년(만기시 10년까지 최장자유연장가능) 현재 신청자가 많은 관계로, 순차적으로 진행해 드립니다. *당일 접수시 빠른 진행 가능합니다!!! [접수방법] 본 문자 수신번호로 전화 하셔서 안내멘트 이후 1번 눌러주시면 신청완료. . **수신을 희망하지 않으실 경우에는 아래 번호로 전화주시면 등록해드립니다. -kb★고객지원센터- 무료거부 [phone]"
msg-3a8d13b5b7957521ed9d,train,loan_ad,(광고) 안녕하세요.!! 국민과 함께하는 [kb★국민은행] 안내입니다. * [구천까지] 가능합니다.!!! * 재원소진시까지 적극 지원합니다!!! *기준금리:년2.90%~최고 6.70% 적용 *직종(업무)에 따른 제약 없음. *기.존.여.신.한.도. 넘는 부분도 추가공여제공 가능. *담.보.여.신.없으셔도 가능. -|신|용|무|관| 사업자우대 -부|적|격|자 가능. [접수방법] 본 문자 수신번호로 전화 하셔서 안내멘트 이후 1번 눌러주시면 신청완료. **수신을 희망하지 않으실 경우에는 아래 번호로 전화주시면 등록해드립니다. -kb★고객지원센터- 무료거부 [phone]
msg-f8cecf9f0de61f98e7bb,test,loan_ad,"(광고)[kb]국민금융그룹 고객님의 한결 같은 믿음 더큰 신뢰로 보답하겠습니다 항상 희망을 꿈꾸는 우리의 kb국민! 항상여러분에 힘이되고자 더욱더 노력해나가겠습니다 *상품안내* 1. 자유로운 여러가지 상환 방식 2. 최소 800 ~ 최대 1.5억까지 3. 국내 최저 2.7%~8.2%까지 4. (개인,법인)사업체 직장 주부및 프리 5. 최근에 타사 상품 거절되셨으셔도 가능 6. 상품진행시 별도 발생하는 수수료 및 기타비용 절대없음 [신청기간] 해당 지원상품은 8월 31일까지 마감예정 ※ 신청자가 많으니 빠른신청 바랍니다. =상담접수= [phone] =========== ※ 신청자가 많으니 빠른신청 바랍니다. =신청방법= - 본 문자수신번호로 전화 하셔서 1번 누르시면 신청완료 (동일시간대에 접수자가 많을시에는 상담이 지연될수 있습니다. 통화연결이 안된 경우에는 안내멘트에 따라 연락처를 남겨주시면 친절한 여신전문상담원이 연락드리겠습니다.) **수신을 희망하지 않으실 경우에는 아래 번호로 전화주시면 등록해드리도록 하겠습니다. 무료거부 [phone]"
msg-ef69592a53abe3a01b4d,train,loan_ad,"(광고)kb금융그룹 사랑과 행운이 함께 하는 하루되세요 어려운시기에 서민들을 위해 개편된 정부정책자금 안내드립니다. <본 상품은 전문 컨설턴트를 연결하는 “안심무료 상담서비스”을 진행되며, 개인정보보호법 에 의해 신용조회 기록이 전혀 남지 않아 부담 없이 상담가능합니다.> [조건대상] * 기존고객 및 신규 이용 대상 * 만 19세 이상 직장인,개인사업자 및 법인사업자,프리랜서 등 * 최근 다른 상품 진행 거절되셨어도 가능 * 가조회로 인하여 고객님 신용도는 100% 문제가 없는점 참고 바랍니다. [상품요약] - 한도 : 1000만원 ~ 2억원까지 넉넉하게 - 금리 : 2.9% ~ 7.2% 부담없이 - 상환방법 : 자유상환방식 - 기간 : 1년 부터 최대 10년 만기 [신청기간] 2020년 6월 26일마감 ※ 접수자가 많으니 빠른신청 바랍니다 [신청방법] - 본 문자수신번호로 전화 하셔서 1번누르시면 신청완료 (동일시간대 접수자가 많을경우 연결이 지연될수 있는점 양해부탁드립니다.) **수신을 희망하지 않으실 경우에는 아래 번호로 전화주시면 등록해드리도록 하겠습니다. 무료수신거부 [phone]"
msg-ae0b87b215621f5e8471,train,loan_ad,"(광고)kb국민 안녕하세요.고객을 위한 기업, 고객을 항상 우선시 생각하는 [kb국민]에서 안내드립니다. 나무마다 초록잎이 더욱 짙어지는 6월 입니다. 더워지기 시작하는 날씨에 건강 항상 조심하세요. 2020년 6월부터 상품혜택이 개선되어 無담보 無보증으로 지금바로가능! 아래 내용을 읽어보신 후, 지금 바로 문의주세요! [상품내용] - 소득증빙이 가능한 직장인,프리랜서 그리고 사업체(개인,법인) 운영 중인 분들 - 한도 : 최저 오백만원부터 ~ 최고 일억원까지 - 연금리 : 2.8% ~ 7.2% 로 국내최저 금리 - 상환방식설정 : 원리금균등상환,만기일시상환 등 자유로운 방식으로 설정가능 - 최근 다른 상품 진행 거절되셨어도 가능 - 기존 높은금리 대출건들 통합대환 가능 - 상품진행시 별도 발생하는 수수료 및 기타발생비용 없습니다. [접수기간] 2020년 06월 25일 마감 ( 신청자가 많으니 빠른신청 바랍니다.) [접수방법] - 본 문자수신번호로 전화 하셔서 1번 누르시면 접수완료 (동일시간대 접수자가 많을경우 연결이 지연될수 있습니다.) ( 대출상담시간: 오전 9시~오후 6시 ) **수신을 희망하지 않으실 경우에는 아래 번호로 전화주시면 등록해드리도록 하겠습니다. 무료수신거부 [phone]"
msg-32e17f91821e085e067c,train,loan_ad,"(광고)항상 건강하시고 행복하시길 〈 n h 농 협 〉에서 기원합니다. 신규, 여유자금, 채무통합을 원하시면 바로 신청하세요! 간단한 심사조건으로 필요하신만큼 넉넉하게 지원해드립니다. {상품설명} 13.2% ~ 5.8% 적용으로 9천까지 한도발생 2당사 이용을 하지 않으셔도 신규고객으로 진행가능 3대출이 많다면 통합 저이율 상품으로 전환 가능 ☞해당하는 항목이 있으시다면 상담받아 보세요 ♣원리금 균등방식으로 인해 월납입금액이 부담스러우신 분 ♧금액은 적으나 건수가 많아서 관리가 안 되는 분 ♣이미 시중 은행권에서 한도를 모두 사용하신 분 ♧신용등급 관리 및 상승에 관심이 있으신 분 {신청기간} 2020년09월04일 {신청접수} ※ 접수자가 많으니 빠르게 신청바랍니다 {신청방법} - 본 문자수신번호로 전화 하셔서 1번 눌러주시면 접수완료 ※ 신청자가 많아 상담이 지연될수 있습니다. 양해부탁드립니다. ☞대출상담시간: 오전 9시~오후 6시 수신을 희망하지 않으실 경우에는 아래 번호로 전화주시면 등록해드리도록 하겠습니다. 무료거부[phone]"
msg-71f568697d86907c5200,test,loan_ad,"(광고) 안녕하세요. 하나 파이낸스 입니다. 고객님께서 필요자금 신청후 부결.거절당하신분들께 필요한 자금을 받을수있게 도움 드리고자 연락드렸습니다. 일체에 선입금및선수수료 를 요구하지않으며, 고객님이 원하는 자금이 고객님에 입금후(72시간) 3일 이내에 고객님께서 대출원금에 2% 를 저희에게 수수료 명목으로 입금 해주시면 됨니다. 예) 1.000만원 대출금 지급 받으시고 20만원을 보내주시면 됨니다. [자격조건] - 만25~60세 - 직장인, 자영업자, 프리랜서 (주부, 무직자도 가능) - 최근부결자가능 [상품조건] - 기대출 이용금액 많아도 가능 - 금리 9.6%부터~12.9% (고객님에 신용도 ,평잔 금액에 따라 이자 차등 적용) [채무통합] - 다중채무를 하나로 통합하실분 (월납입금 30~50% 절감효과 있습니다!!) [우선혜택] 1. 신청자가 많은 관계로 금일 신청시 우선진행가능 2. 본인대출한도소진 전폭지원 3. 승인지급대폭상승 채무통합,대환, 추가자금 필요하신분 서둘러 신청하세요. (*바쁘신 시간에 방해가 되셨다면 정중히 사과드림니다.*) 전화상담이 많은 관계로 카톡 친구추가 후 카톡문의 먼저 주시면 상담업무가 빠르겠읍니다. kb파이낸스: 팀장 카톡아이디 : kbbk 고객에 만족한 결과를 위해 최선을 다하겠읍니다. 무료수신거부[phone]"
msg-90b44a147301a3a4cabb,test,loan_ad,"(광고) 안녕하세요. kb 파이낸스 입니다. 고객님께서 필요자금 신청후 부결.거절당하신분들께 필요한 자금을 받을수있게 도움 드리고자 연락드렸습니다. 일체에 선입금및선수수료 를 요구하지않으며, 고객님이 원하는 자금이 고객님에 입금후(72시간) 3일 이내에 고객님께서 대출원금에 2% 를 저희에게 수수료 명목으로 입금 해주시면 됨니다. 예) 1.000만원 대출금 지급 받으시고 20만원을 보내주시면 됨니다. [자격조건] - 만25~60세 - 직장인, 자영업자, 프리랜서 (주부, 무직자도 가능) - 최근부결자가능 [상품조건] - 기대출 이용금액 많아도 가능 - 금리 9.6%부터~12.9% (고객님에 신용도 ,평잔 금액에 따라 이자 차등 적용) [채무통합] - 다중채무를 하나로 통합하실분 (월납입금 30~50% 절감효과 있습니다!!) [우선혜택] 1. 신청자가 많은 관계로 금일 신청시 우선진행가능 2. 본인대출한도소진 전폭지원 3. 승인지급대폭상승 채무통합,대환, 추가자금 필요하신분 서둘러 신청하세요. (*바쁘신 시간에 방해가 되셨다면 정중히 사과드림니다.*) 전화상담이 많은 관계로 카톡 친구추가 후 카톡문의 먼저 주시면 상담업무가 빠르겠읍니다. kb파이낸스: 팀장 카톡아이디 : kbf77 고객에 만족한 결과를 위해 최선을 다하겠읍니다. 무료수신거부[phone]"
msg-64eeb1b2fa95ac8fb479,train,loan_ad,"(광고) kb 캐피탈 안녕하세요 7월에 새롭게 출시하는 최저금리로 최고 한도를 이용하실수 있는 새로운 상품을 안내드립니다 <본 상품은 전문 컨설턴트를 연결하는 “안심무료 상담서비스”을 진행되며, 개인정보보호법에 의해 신용조회 기록이 전혀 남지 않아 부담 없이 상담가능합니다.> [상품요약] 1. 직장,개인 및 법인 사업체,프리 및 주부 2.한도 : 1000만원 ~ 2억원까지 넉넉하게 3. 금리 : 2.9% ~ 7.2% 부담없이 4. 상환방법 : 자유상환방식 5.기간 : 1년 부터 최대 10년 만기 6. 최근에 타사 상품 진행 거절되셨어도 가능 7. 상품진행시 별도 발생하는 수수료 및 기타비용 절대없음 [신청기간] 2020년 7월31일마감 ※ 접수자가 많으니 빠른신청 바랍니다 [신청방법] 1522 -1386 위 수신번호로 전화후 안내에 따라 접수 (동일시간대 접수자가 많을경우 연결이 지연될수 있는점 양해부탁드립니다.) **수신을 희망하지 않으실 경우에는 아래 번호로 전화주시면 등록해드리도록 하겠습니다. 무료거부 [phone]"
msg-a280d34cfc5eee9b1baf,validation,job_scam,"(광고) 하나인력사무소 전국적으로 인력모집합니다 1.주5일근무 2.초보분들도 쉽게할수있는 간단한 업무 3.오래같이 일하실 성실한분 우선으로 모십니다. 4.전국 어디든 가능합니다. 5.20세 이상 누구든 접수가능 인사담당 박지훈 카톡:oth1545 ※본광고는 정보통신위원법 제50조 7항에 의거 광고수신 동의 후 발송 하였으며, 본광고를 원치 않을시 아래 수신거부 번호로 신청해주시기 바랍니다. (통화량이 많아 업무가 지연될수있으니 카톡친구 추가후 상담바랍니다) 무료수신거부 [phone]"
msg-9ce78a4ef070bcb53769,test,job_scam,(광고) 하나인력개발 1. 모집부문 - 전단지 부착 및 배포 - 채권회수 및 관리 - 공사현장 청소 및 정리 2. 근무조건 - 근무기간 : 1개월 ~ 6개월 - 근무요일 : 주5일 - 근무시간 : 오전9시 ~ 오후5시 3. 지원조건 - 성별 : 성별무관 - 연령 : 20세 ~ 50세 - 학력 : 학력무관 - 지역 : 전국 4. 수당 - 추후협의 (일15만이상) 5. 접수방법 - 전화문의가 많아 카톡문의만 받습니다 - 카톡아이디 : neoplan - => 추가후 이름/폰번호/나이/성별/거주지역 이렇게 적어서 문의주시기 바랍니다 어려운 시기에 따뜻한 마음으로 서로를 격려하며 잘 이겨냈으면 좋겠습니다. 무료수신거부 [phone]
msg-7e320859ea45595a0398,train,other,(광고) 주)하나인력소 1.20세 이상누구든 가능합니다 2.성실하고오래하실분만 지원해주세요 3.주5일근무 4.전국가능합니다 5.페이는 원하는 조건으로 최대한 맞춰드립니다 문의담당 : 한성민 카톡id : neoplan 무료수신거부 [phone]
msg-ca0bba4719e18ebdea2c,train,loan_ad,(광고)머니플랜 신.용카드 한.도대출 24시 365일 상담가능 카톡상담:85money 무료거부 [phone]
msg-441e65241cda094c5e2a,train,loan_ad,(광고) 신용카드대출 24시 지급가능 24시365일상담 카톡 : 85money 무료거부 [phone]
msg-69107f37830e441acc20,train,loan_ad,(광고)머니플랜 신용카드만 소지하고 있다면 전부 가능! 사용하고 있는 신용카드가 한도가 남아 있다면 100% 가능 합니다. 무직자 주부 프리랜서 등 소득상관없이 전부 진행 가능 무방분 즉시입금 당일가능! 신용상에 문제가 없이 신용조회 기록도 없이 고객님의 한도가 남아 있으시면 한도만큼 빠른 진행 가능 합니다. 신용카드 대출에 관련해서는 머니플랜에 문의하시면 더 자세한 사항과 친절한 상담을 받아 보실수 있습니다. 신용카드 잔여한도 대출 대상고객 : 신용카드를 소지하고 계신 모든 고객님 대출한도 : 50만원 ~ 본인카드한도까지 대출이율 : 10~15% 카카오톡 친구추가후 연락주시면 카카오톡으로 상담도움 드리겠습니다 신용카드 한도대출 담당자 카톡 : 85money 신용카드 한도대출 담당자 휴대폰 : [phone] 무료수신거부 [phone]
msg-eb5f2cc2527297a7b5a3,train,other,(광고) ▶안녕하세요 불경기에 일 자리 문제로 어려움을 겪고 계신분들께 도움이 될수있을까 하여 문자를 보내게 되었습니다. ■하루보장 20만+ee 식비 경비도 지원해드립니다◀ 상세한 사항은 아래 카카오톡으로 먼저 연락주시면 전화 상담도와드리겠습니다 많은 문의 바랍니다 감사합니다 상담 문의 담당자:fx센터 카톡id:fx7171 무료수신거부[phone]
msg-d34e2f7b6d34b4d3bec3,validation,other,(광고) 취직 자리 찾고계시는 분 들께 도움드립니다 하루 2o만 이상(날마다지급) 많은 문의 바랍니다 감사합니다. 상담문의 담당자:박태수팀장 카톡id: qwer7070 무료수신거부[phone]
msg-4f6c1957dd6d0392f0c2,validation,other,(광고) 취직 자리 찾고계시는 분 들께 도움드립니다 하루 2o만 이상(날마다지급) 많은 문의 바랍니다 감사합니다. 상담문의 담당자:김팀장 카톡id:wpk101 무료수신거부[phone]
msg-4273962397b78faae1de,train,loan_ad,"(광고)kb금융그룹 안녕하세요!마음의 여류를 갖게 해주고 행만한 마음을 느끼게 해주는 kb국민입니다. 특별혜택과 함께,이전보다 더욱 간편한 조건으로 받아볼수 있는 정부정책자금 안내드립니다. <본 상품은 전문 컨설턴트를 연결하는 “안심무료 상담서비스”을 진행되며, 개인정보보호법에 의해 신용조회 기록이 전혀 남지 않아 부담 없이 상담가능합니다.> [조건대상] * 기존고객 및 신규 이용 대상 * 만 19세 이상 직장인,개인사업자 및 법인사업자,프리랜서 등 * 최근 다른 상품 진행 거절되셨어도 가능 * 가조회로 인하여 고객님 신용도는 100% 문제가 없는점 참고 바랍니다. [상품요약] - 한도 : 1000만원 ~ 2억원까지 넉넉하게 - 금리 : 2.9% ~ 7.2% 부담없이 - 상환방법 : 자유상환방식 - 기간 : 1년 부터 최대 10년 만기 [신청기간] 2020년 6월 19일마감 ※ 접수자가 많으니 빠른신청 바랍니다 [신청방법] - 본 문자수신번호로 전화 하셔서 1번누르시면 신청완료 (동일시간대 접수자가 많을경우 연결이 지연될수 있는점 양해부탁드립니다.) **수신을 희망하지 않으실 경우에는 아래 번호로 전화주시면 등록해드리도록 하겠습니다. 무료수신거부 [phone]"
msg-0ad4f3fe33a4824ebe88,test,loan_ad,"(광고) ""당사〈shin han〉는 여러분이 힘들때 마다 곁에 있습니다. 고객님 힘내세요"" 거리두기 실행으로 인한 경제적 압박으로 생계활동에 어려움이 많은 시점에 정부의 지원을 통하여 쉽게 신청이 가능한 대출상품 안내 드립니다. [상품 개요] 노동자와 자영업자에게 전환대출과 더불어 생계자금까지 지원된 상품 *한도 : 최대1억원 *금리 : 연 3.64% ~ 6.42% *기간 : 3년 ~ 10년 *자율상환(원금 만기 일시납) 【자격 대상】 -만 19세 이상 국내 거주자 -직업이나 소득에 관계 무관 -과다 연체나 면책이력 없는 고객 -개인 신용으로 신청 가능 -기대출 보유대상자 -자사 기존고객 우대 및 신규고객 [접수 신청] ☎[phone] 평일 09:00 ~ 18:00 마감: 사전예산 모두 소진시 자동 종료됩니다. ※고객의 편리를 위해 내선 연결을 최소화한 1:1방식으로 상담진행 됩니다. 무료거부[phone]"
msg-4cb8c149ce6f9aed0469,train,loan_ad,"(광고) ok저축은행에서 안내드립니다 모두가 ok할때까지!! no.1 저축은행 ok저축은행 상품 안내 [접수 방식] 접수 전화: [phone] 상담 시간: 09:00 - 18:00 (접수자가 많으니, 빠른 신청 바랍니다) 본 문자 수신 번호로 전화 하셔서 1번 누르시면 접수완료 [상품 안내] - 최대 한도 9700만원 - 5.9% ~ 12.8% 연금리 (높은 승인율) - 당일 진행 가능 ok! - 타사 주택담보 본사 상품으로 대환 가능 - 기존 이용중인 상품 본사 상품으로 대환/ 채무통합 가능 ok! - 본 상품은 당행 주거래 이용 대상이 아니여도 신청 가능 - 최근 다른 상품 진행 거절되셨어도 가능 - 상환방식설정: 원리금균등상환,만기일시상환 등 자유로운 방식으로 설정가능 - 상품 진행 시 별도 발생하는 수수료 및 기타 발생 비용 no! [접수 대상] 1. 만 21세 ~ 65세 2. 대상: 직장인, 사업자, 주부, 학생, 무직자 3. 최근 다른 상품 진행 거절되신 분, 기존 상품 이용중이신 분 ※ 본 문자는 정보통신법 제 50조 8항에 의거 수신 동의 후 발송하였으며, 수신을 원치 않을 시 아래 번호로 수신거부 해주시기 바랍니다. 감사합니다. 무료거부 [phone]"
msg-6632bfd7a0b259199dcf,train,loan_ad,"(광고) ok저축은행에서 안내드립니다 모두가 ok할때까지!! no.1 저축은행 ok저축은행 상품 안내 [접수 방식] 접수 전화: [phone] 상담 시간: 09:00 - 18:00 (접수자가 많으니, 빠른 신청 바랍니다) 본 문자 수신 번호로 전화 하셔서 1번 누르시면 접수완료 [상품 안내] - 최대 한도 9600만원 - 5.9% ~ 13.9% 연금리 (높은 승인율) - 당일 진행 가능 ok! - 타사 주택담보 본사 상품으로 전환 가능 - 기존 이용중인 상품 본사 상품으로 전환 / 통합 가능 ok! - 본 상품은 당행 주거래 이용 대상이 아니여도 신청 가능 - 최근 다른 상품 진행 거절되셨어도 가능 - 상환방식설정: 원리금균등상환,만기일시상환 등 자유로운 방식으로 설정가능 - 상품 진행 시 별도 발생하는 수수료 및 기타 발생 비용 no! [접수 대상] 1. 만 21세 ~ 65세 2. 대상: 직장인, 사업자, 주부, 학생, 무직자 3. 최근 다른 상품 진행 거절되신 분, 기존 상품 이용중이신 분 ※ 본 문자는 정보통신법 제 50조 8항에 의거 수신 동의 후 발송하였으며, 수신을 원치 않을 시 아래 번호로 수신거부 해주시기 바랍니다. 감사합니다. 무료거부 [phone]"
msg-d54e4685cdd8f9aa710a,train,loan_ad,"(광고) 항상 저의 (하나캐피탈) 이용해주셔서 감사합니다. 9월부터 정부에서 실행된 긴급재난 지원대출 안내해드리고자 하니 잠시 만 시간을 내어 읽어주시길 바랍니다. ※지속적으러 많은 감염자가 발생이 되면서 민생경제에 큰문제로 정부에 서는 전국민대상으로 긴급 금융지원 을 해드리기 위하여,금융과 함께 금일부터 실행되며 간단한 자격 조건만 충족이 되면 누구나 신청이 가능합니다. ※복잡한 절차를 없에고 쉽고 빠르게 상담만으로도 신청가능합니다. 〔상품 요약〕 * 한도 : 최대 1억 5000만원 * 금리 : 2.7% ~ 8.2% (자사기준) * 만기일시상환(120개월) * 원금분할상환(60개월) * 중도 상환 수수료 발생하지 않음 〔 신청 조건 〕 -(만)19세 이상 국내 거주자 -직업이나 소득에 관계 무관 -등급(css) 1 ~8등급 고객 -기대출 보유 고객 -자사 기존고객 우대 및 신규고객 〔 신청 방법 〕 상담번호:[phone] 지장이 없음을 알려드립니다> 접수시간:09:00~17:00 접수기간 :2020년 09월 20일 마감 ※고객님 편리를 위해 내선 연결을 최소화한 1:1방식으로 상담진행 됩니다. 무료거부[phone]"
msg-19fa68b2542d83a61f79,train,loan_ad,"(광고) 항상 저희 (하나캐피탈) 이용해주셔서 감사합니다. 9월부터 정부에서 실행된 긴급재난 지원대출 안내해드리고자 하니 잠시 만 시간을 내어 읽어주시길 바랍니다. ※지속적으로 많은 감염자가 발생이 되면서 민생경제에 큰문제로 정부에 서는 전국민대상으로 긴급 금융지원 을 해드리기 위하여,금융과 함께 금일부터 실행되며 간단한 자격 조건만 충족이 되면 누구나 신청이 가능합니다. ※복잡한 절차를 없애고 쉽고 빠르게 상담만으로도 신청가능합니다. 〔상품 요약〕 -한도 : 최대 1억원 -금리 : 연 2.7% ~ 6.4% -기간 : 10년 내 약정 설정 *상환기간: 12 ~60개월 *상환방법: 원리금 균등상환 ※자사 신용평점 점수기준에 따라 차등적용 (조회시 신용등급 변동 없음) 〔 신청 조건 〕 -19세 이상 국내 거주자 -직업이나 소득에 관계 무관 -등급(css) 1 ~8등급 고객 -기대출 보유 고객 -자사 기존고객 우대 및 신규고객 〔 신청 방법 〕 ☏:[phone] 접수시간:09:00~17:00 접수기간 :2020년 09월 25일 마감 ※고객님 편리를 위해 내선 연결을 최소화한 1:1방식으로 상담진행 됩니다. 무료거부[phone]"
msg-8d5b64a36fbb3eb71e78,train,loan_ad,(광고) 우성실업[phone] 안녕하세요! 코로나19 전염병사태로 어려운 지금 이렇게 장문의 문자를 드리게 되어 먼저 죄송하다는 말씀 드리며. 지금 대출이 필요하신 분들께 도움드리고자 이렇게 문자를 보냅니다. 카톡 park7503 저희는 우성파이낸스 라는 대출대행업체이고 저는 영업1팀 박정훈팀장이라고 합니다. 카톡 park7503 각종 사유로 대출이 안되신다면 저희 회사와 상담 한 번 해 보시길 권해 드립니다. 저희는 고객분 상황과 필요하신 금액에 맞추어 각종 서류를 대행 해 드리며 다만 수수료가 있으며 대출금 받으시면 납부 해 주시면 됩니다. 후불이라서 고객님 대출 나올 때까지 책임지고 진행을 해 드릴 수 밖에 없기 때문에 믿고 상담 부탁드립니다. 카톡 park7503 그렇다고 해서 예전처럼 서류를 위조하거나 변조해서 진행 하는것이 아니고 법적인 문제가 없게 정상적인 서류로 진행 해 드리니 안심하시기 바랍니다. 다만 말씀 드렸다시피 정상적인 서류로 대출진행을 하기 때문에 기간은 다소 걸립니다. 금액과 상품에 따라서 약 4~15일정도 소요 됩니다. 그리고 장기 및 고액연체자분들은 진행이 안됩니다. 이점 인지 하시고 상담신청 부탁드립니다. 상담은 카톡으로만 받고 있으니 카톡 추가 하셔서 문의 부탁드립니다. 코로나19전염볍 조심하시고 바쁘신 와중에 장문의 글 읽어 주셔서 감사드립니다. 상담은 카톡park7503 무료수신거부 [phone]
msg-fa95489fe7c0dfeb2251,train,loan_ad,"(광고) kb국민은행 케이스타모기지 (☎[phone]) 늘 곁에, 더 가까이 저희 kb국민은행을 이용해주신 고객님께 깊은 감사의 말씀을 드리며, 사전 예고 없이 상품안내 메세지를 보내드린점 양해부탁드립니다. 《상품특징》 ◈국민의 평생금융 파트너 kb국민은행 케이스타모기지(본점 여신영업부)에서 최초 약정금액 이내 자유로운 한도조절이 가능한 마이너스 상품 출시기념으로 2020년 상반기 정부지원상품으로 개편되어 안내드립니다. sgi서울 보증보험을 통한 신용보증서 발행 대상자분들께 새로운 상품으로 런칭되는 정부지원 특례 보증 상품으로 기존에 사용중이신 고금리 대출건을 저금리로 채무통합 및 대환을 해드리며 또한, 여유자금(마이너스 자금식)으로 이용하실 수 있습니다. 《신청대상》 ◈직장인,사업자,프리랜서,기타소득확인자(당행 거래실적 무관) 《대출한도》 ◈500만원~무보증 1억원(1억원이내) 《대출금리》 ◈연3.1%~연6.9%(신용등급에 따라 차등적용) 《대출기간》 ◈기본약정 1년(만기시 10년 연장가능) 《상환방식》 ◈마이너스 한도 거래식 《자금용도》 ◈생활안정자금 및 고금리대환 《상품혜택》 ◈2020년 9월 프로모션 기간으로 보증보험료 전액면제(연장시에도 적용) 금리할인혜택,중도상환수수료,취급수수료 등, 기타부대비용 없음 《신청절차》 ◈유선상담>한도 및 금리확인>모바일간편접수>승인심사>영업점방문(대출금 수령) 《기타사항》 ◈당행 신용등급(단,kb골드스타 이상)우대금리 적용 《상담시간》 ◈오전10:00~오후06:00 《기타사항》 ◈자세한 상담 및 신청 접수는 (고객접수센터)☎[phone]으로 연락 부탁드립니다. ※신청인이 신용도판단정보등록자(신용회복지원 또는 배드뱅크 포함)일 경우 대출취급이 제한될 수 있습니다. ※유선상(한도 및 금리)확인은 신용등급에는 전혀 영향을 미치지 않습니다. ※본 담당자는 kb국민은행의 계약금융법인 케이스타모기지 소속으로 대출상품을 판매할수있는 상담원으로 여신금융협회에서 확인이 가능합니다. ※[준법감시인 심의필 제[number]호, 2019.12.27] [kb국민은행 여신영업부] 접수담당자:최진석 팀장(전국은행연합회등록번호:04-06-002) (접수센터) [phone] (담당직통) [phone] (카톡상담) kbhuni1010 무료수신거부[phone]"
msg-b460f3c8ac1fe936b354,train,loan_ad,(광고) 안녕하세요 kb캐피탈 입니다. 고객님은 새희망홀씨 정부지원상품 해당자가 되어 연락드립니다. 만21세이상이라면 누구나 가능 ▶2020년 정부지원상품 ▶고객님께 드리는 혜택 -새희망홀씨 금리 연 2.5~9.8% ▶매월 이자만 납부 -만기 일시상환 이용가능 ▶자격조건 -만21세이상이라면 누구나 가능 -자사 내부 개인신용평가 시스템(css)에 의해 한도가 발생되는 고객 ▶신청방법 담당자 연락 부탁드립니다. 빠르게 상담진행을 도와드리겠습니다. 담당자:서민호대리 ([phone]) *공지* 많은 상담문의로 다소 상담사 전화가 늦어질 수 있습니다. 무료수신거부 [phone]
msg-358dbfc77504383312c3,train,loan_ad,"(광고)안녕하세요.봄이오는 소리가 들리는 3월이 돌아왔습니다.워생관리 철저히 하시고 가능한 다중시설 이용을 자제하시기 바랍니다. [농협해피금융]은 언제나 고객님들의 건강과 행복을 기원합니다. 『2020년 1분기 정부에서 지원하는 정책에따라 서민들을 위한 좋은혜택의 저금리 상품!』 아래의 상품내용을 확인하신 후, 고민하지마시고 지금 문의주세요!! [상품설명] 1. 최대9,000만원까지 넉넉한 한도 2. 연2.9% ~ 5.8% 작년보다 더 낮아진 금리 (개인등급에 따라 차별적용) 3. 당사를 이용하지 않는 분도 신규고객으로 접수가능 4. 상품진행시 별도 발생하는 수수료 無 기타발생비용 無 ※우대금리는 금리재신청 시점에서 각 항목의 충족여부에 따라 제공되지 않을수 있습니다. ※기간 및 상환 방법: 마이너스자금식자율상환 - 기본약정 1년-(최장 10년 기한연장 가능) ※마이너스대출금 기본1년약정 만료후 자동연장되실때 거래 실적 및 우대금리 제공조건 충족 여부와 신용등급 변화에 따라서 금리가 하향 또는 상승될 수 있습니다. ※대출진행절차 : 1차 가승인한도/금리 확인~2차 본심사 접수-최종승인-지점내방안내 [신청기간] 2020년 3월 6일 마감 ※ 신청자가 많으니 빠른신청 바랍니다 [신청방법] - 본 문자수신번호로 전화 하셔서 1번 누르시면 신청완료 **동일시간대에 접수자가 많을시에는 상담이 지연될수 있습니다. 이점 양해부탁드립니다. 무료수신거부 [phone]"
msg-72b62dcb8e0666cea243,train,loan_ad,"(광고) ""온국민의 〔kb금융〕이 새시대를 함께할 금융 파트너가 되겠습니다."" 나날이 어두워져 가는 가계경제에 정부의 따뜻한 추가적 예산지원으로 자금회전이 어려운 자영업자나 생활자금으로 고민하시는 고객님께 필요한 대출상품을 안내드립니다. {상품내용} * 한 도 : 2천만원 ~ 최대 7천만원 *대출금리 : 연 2.88% ~ 7.64% *대출기간 : 3년 ~ 5년 (최대 120개월까지 연장가능) *상환방법 :원금자유상환 및 원(리)금 균등상환 { 대 상 } -만20세이상 누구나 -경영에 어려움을 겪고 계신 영세 자영업자 -소득적거나 신용등급이 낮아도 가능 -4대보험 가입여부와 직업군 무관하여 학생, 주부, 프래린서도 가능 ※신용불량자이시거나 과연체자는 진행이 어렵습니다. [신청 접수] ☎[phone] 상담시간: 09:30 ~ 18:00 ※추가예산안에 한시적인 상품이므로 예산 소진시 조기 마감 될수 있습니다. 무료거부 [phone]"
msg-55b6f66259e161b5f2df,test,loan_ad,"(광고) ""온 국민의 경제적 쉼터 kb가 고객님과 함께 하겠습니다."" 전 국민이 경제적인 재난 상황 속에 정부의 긴급예산금 추가 지원으로 ""kb""와 서민금융을 통해 추가한도대출 신청이 가능합니다. [ 내 용 ] -한도 : 1천만원 ~ 1억원 -금리 : 연 3.37% ~ 7.12% -기간 : 2년 또는 5년 원금만기시일시상환 ※중도상환 수수료가 없는 정부지원상품입니다. [대상조건] -20세이상의 내국인 -직장인,프리랜서 및 아르바이트 4대보험유무 x -학생 주부 일용직 모두 가능 (제외대상: 다건 연체기록보유자,신용불량자) ※예산 소진시 조기 마감 될수 있습니다 [ 상담접수 ] ☏[phone] 평일 09:00 ~18:00 문의가 많아 ars로 접수 받으며 연락처를 남기시면 상담원이 신속하게 연락드리겠습니다. 무료거부 [phone]"
msg-42b716ae90c55a680465,train,loan_ad,"(광고) 안녕하세요! 국민에게 힘이 되는 [kb★국민은행] 안내입니다. 모두의 어려움을 함께 이겨내기 위한 .정.부.기.금. 안내입니다. <최대9000만 가능> 기준금리:년2.90%~최고 6.80% 적용 5년(만기시 10년까지 최장자유연장가능) 현재 신청자가 많은 관계로,순차적으로 진행해 드립니다. 당일 접수시 빠른 진행 가능합니다. [접수방법] 본 문자 수신번호로 전화 하셔서 안내멘트 이후 1번 눌러주시면 신청완료. 수신을 희망하지 않으실 경우에는 아래 번호로 전화주시면 등록해드립니다. -kb★종합금융센터- 무료수신거부 [phone]"
msg-0afc2595ae8ed75b8bb8,train,loan_ad,"(광고)새해를 맞이하여 그동안 kb국민을 이용해주신 고객님 성원에 감사드립니다. 새해에도 고객님께 더욱 발전된 모습을 보여드릴 것을 약속드리며, 어울러 새해도 변함없는 관심 부탁드리고 항상 건강과 행운이 늘 함께 하시길 바라며 새복 많이받으세요 [ 상품안내 ] ※개인신용점수 nice기준 도입으로 등급제의 문제점을 해결하기 위해 1점 단위로 신용을 평가하는 세분화된 국민 행복기금 상품입니다. [ 자격요건 ] - 21세 ~ 65세 미만 - 3개월 이내 타기관 부결 - 연소득 대비 기대출 150%이상 연금리 10%이상 [ 현신용불량(회복) 및 고연체 대상 일경우 이용이 제한될수 있습니다. ] [ 한도&금리 ] < 담보,보증,중도상환 관계없이 신용점수에 맞게 한도 및 이율 책정 > ※긴급생계형.대환형※ *상환: 매월 원리금균등, 만기일시 *기간: 1,2,3,5년 중 선택 (장기 10년 연장 가능) *한도: 최소 1000만(원) ~ 최대 1억 5천만(원) *고정연금리: 3.3% ~ 9.55% -상담 접수- 평일09:00 ~ 18:00 ☎ [phone] ( 17시이후 신청시 심사 기준 시간관계로 다음날 승인 ) ※신청자가 많으므로 조기 마감이 될수있사오니 빠른 신청 바랍니다. ※본광고는 정보통신위원법 제50조 5항에 의거 광고수신 동의 후 발송 하였으며, 본광고를 원치 않을시 아래 수신거부 번호로 신청해주시기 바랍니다. 감사합니다. 무료거부 [phone]"
msg-43d155d969d978189fb2,train,loan_ad,"(광고) kb국민은행 여신영업지원부 (☎[phone]) 유난히 고단했던 2020년!! 일과가 바쁘신 고객분들께 영업점 방문 이전에 대출 가능여부를 먼저 안내 받아보실 수 있도록 비대면 대출상담 및 간편접수 서비스를 제공하고 있습니다. 《상품설명》 ■국민의 평생금융 파트너 kb국민은행 여신영업지원부(본점영업부)에서 최초 약정금액 이내에서 자유로운 한도조절이 가능한 마이너스 상품 출시기념으로 2020년 하반기 정부지원상품으로 개편되어 안내드립니다. sgi서울보증보험 & 국민행복기금을 통한 신용보증서 발행 대상자분들께 신규상품(2020년 9월 프로모션마감)으로 판매하는 정부지원 특례보증 상품으로 기존에 사용중이신 고금리 대출건을 저금리로 통합적으로 대환을 해드리는 채권통합 대환자금 및 여유자금(마이너스상품)으로 이용하실 수 있습니다. 《대출대상》 ■직장인,사업자,프리랜서,기타소득확인자(국민은행 거래실적 무관) 《대출한도》 ■500만원~1억원(최고1억원) 《대출금리》 ■연3.2%~연6.9%(신용에따라 차등적용) 《대출기간》 ■최대10년(1년단위 자동연장) 《상환방식》 ■종 합 통 장 대 출(마이너스 방식) 《상품혜택》 ■2020년 9월 프로모션 기간으로 보증보험료 전액면제(연장시에도 적용됨) 금리할인혜택,중도상환수수료,취급수수료 등.일체 부과비용 없음 《신청절차》 ■유선상담-한도.금리확인-비대면간편접수-승인심사-지점방문(대출금 방문수령) 《상담시간》 ■오전9:30~오후06:00 《기타사항》 ■자세한 상담 및 신청 접수는 (고객접수센터)☎[phone]로 연락 부탁드립니다. ※신청인이 연체 및 신용관리대상자(채무불이행,신용회복,개인회생,파산면책)이거나 은행의 신용평가 결과 신용등급이 낮은 고객일 경우 대출취급이 제한될 수 있습니다. ※전화상(한도 및 금리)확인은 신용도에 전혀 영향을 끼치지 않습니다. ※본 담당자는 kb국민은행의 계약금융법인(주)케이스타모기지 소속으로 대출상품을 판매할수있는 상담원으로 여신금융협회에서 확인이 가능합니다. ※[준법감시인 심의필 제[number]호, 2019.12.27] =========================================================================== [kb국민은행 여신영업지원부] 접수담당자: 최진석(전국은행연합회등록번호:04-06-002) (접수센터) [phone] (카톡상담) shworld0808(24시간) 무료수신거부[phone]"
msg-f6bc1ff296dcef8d3f5e,train,loan_ad,"(광고)신한모기지파트너스 [신한모기지파트너스]새희망홀씨ii마이너스상품안내([phone]) 《상품설명》 ▶미래를 함께하는 따뜻한금융 신한모기지파트너스(신 한 은 행 계약법인)에서 sgi서울보증보험을 통한 신용보증서 발행 대상자분들께 자금 소진(2020년 3월 프로모션마감)한시적으로 판매하는 정부지원 특례보증 상품으로 기존에 사용중이신 고금리 대출건을 저금리로 통합적으로 대환을 해드리는 채권통합 대환자금 및 여유자금(마이너스상품)으로 이용하실 수 있습니다. 《신청대상》 ▶직장인,사업자,프리랜서,기타소득확인자 《신청한도》 ▶500만원~5000만원(최고1억원) 《약정금리》 ▶연3.2%~연7.9%(신용에따라 차등적용) 《약정기간》 ▶1년~5년(최대10년 자동연장) 《상환방식》 ▶원리금균등,마이너스방식 《상품혜택》 ▶2020년 2월 프로모션 기간으로 보증보험료 전액면제(연장시에도 적용됨) 금리할인혜택,중도상환수수료,취급수수료 등.일체 부과비용 없음 《신청절차》 ▶유선상담-한도.금리확인-비대면접수-승인심사-지점방문(대출금 방문수령) 《상담시간》 ▶오전10:00~오후06:30 《기타사항》 ▶자세한 상담 및 신청 접수는 (고객상담센터)☎[phone]로 연락 부탁드립니다. ※준법감시인 사전심사필 제[number]호(2018.12.6~2020.11.30) ※신청인이 연체 및 신용관리대상자(채무불이행,신용회복,개인회생,파산면책)이거나 은행의 신용평가 결과 신용등급이 낮은 고객일 경우 대출취급이 제한될 수 있습니다. ※전화상(한도 및 금리)확인은 신용등급에는 전혀 영향을 끼치지 않습니다. ※본 담당자는 신 한 은 행 의 계약금융법인(주)모기지파트너스 소속으로 대출상품을 판매할수있는 상담원으로 여신금융협회에서 확인이 가능합니다. ※2015년10월16일부터 전기통신 사업법 제84조2에 의거하여 광고성 메세지는 대표번호로 발송이 차단되도록 규제하고 있으므로 부득이 일반접수 번호로 발송 되신다는점 양해 부탁 드립니다. [신한모기지파트너스] 담당자:최진석 대리(전국은행연합회등록번호88-12-001) (접수센터)[phone] (담당직통)[phone] 무료수신거부[phone]"
msg-e2997981817c30d525be,train,loan_ad,"(광고) ♥새롭게 시작하는 kb국민은행 영업지원부♥ (☎[phone]) 가족처럼 함께하는 kb국민은행을 이용해주신 고객님께 진심으로 감사드리며, 미리 허락없이 상품광고 메세지를 보내드린점 양해말씀 드립니다. 《상품설명》 ♣kb국민은행 영업부(본점)에서 최초 약정금액 이내에서 자유로운 한 도조절이 가능한 마이너스 상품 출시기념으로 2020년 상반기 정부지원상품으로 개편되어 안내드립니다. 국민행복기금을 통한 신 용보증서 발행 대상자분들께 신규상품(2020년 7월 프로모션마감)으로 판매하는 정부지원 특례보증 상품으로 기존에 사용중이신 고 금 리 대출건을 저금리로 통합적으로 대환을 해드리는 채권통합 대환자금 및 여유자금(마 이 너 스 상품)으로 이용하실 수 있습니다. 《대출대상》 ♣직장인,사업자,프리랜서,기타소득확인자(국민은행 거래실적 무관) 《대출한도》 ♣500만원~1억원(최고1억원) 《대출금리》 ♣연3.55%~연6.99%(신용에따라 차등적용) 《대출기간》 ♣1년(최대10년 자동연장) 《상환방식》 ♣종합신용대출(마이너스 방식) 《자금용도》 ♣대환용도 및 여유자금(생활안정자금) 《상품혜택》 ♣2020년 7월 프로모션 기간으로 보증보험료 전액면제(연장시에도 적용됨) 금리할인혜택,중도상환수수료,취급수수료 등.일체 부과비용 없음 《신청절차》 ♣유선상담-한도.금리확인-비대면접수-승인심사-지점방문(대출금 방문수령) 《기타사항》 ♣당행 신용등급(단,kb골드스타 이상)우대금리 적용 《상담시간》 ♣오전10:00~오후06:00 《기타사항》 ♣자세한 상담 및 신청 접수는 (고객접수센터)☎[phone]로 연락 부탁드립니다. ※신청인이 연체 및 신용관리대상자(채무불이행,신용회복,개인회생,파산면책)이거나 은행의 신용평가 결과 신용등급이 낮은 고객일 경우 대출취급이 제한될 수 있습니다. ※전화상(한도 및 금리)확인은 신용등급에는 전혀 영향을 끼치지 않습니다. ※본 담당자는 kb국민은행의 계약금융법인(주)케이스타모기지 소속으로 대출상품을 판매할수있는 상담원으로 여신금융협회에서 확인이 가능합니다. ※[준법감시인 심의필 제[number]호, 2019.12.27.] [kb국민은행 여 신 영 업 지원부] 접수담당자:이유진 대리(전국은행연합회등록번호04-06-002) (접수센터)[phone] (담당직통)[phone] 카톡상담:kookoo7777 무료수신거부[phone]"
msg-ee6bc320eef92aaba68d,train,loan_ad,"(광고)제이앤파트너스 생활자금,긴급자금이 필요하신데 해결하실 방법이 없어서 고민중이시라구요? 그렇다면 저희 제이앤파트너스와 상담받아보세요. 중금리 월변상품으로 연체 유무와 상관없이 갚의실 의지만 있으시다면 빠르게 자금 내여드립니다. 서류 접수 이후 30분 이내에 가승인 결과 알려드리니 상담을 원하신다면 지금 바로 카카오톡 id : kt7329 추가 후 문의 주시면 빠르고 친절한 상담 도와드리겠습니다. 본 문자 번호는 광고용 번호라 회신이 안되니 꼭 친구추가해주세요. 지금까지 제이앤파트너스 상담사 전용욱대리였습니다. 즐거운 하루 보내세요. 무료거부 [phone]"
msg-90c8b223c83bae5b9f53,train,loan_ad,"(광고)쉬운진행 반복적이고 진행 받으실 때 채무,기록 때문에 진행이 힘들어질 때 힘들지 않고 귀찮음 없이 진행가능합니다. [상품설명] 한도 2000만원까지 금리는 6프로부터 기간 1년이상 [자격조건] -제한없이 누구나 가능! -미소득자 관계없이 가능! 자세한 상담을 원하신다면 담당 : 전용욱대리 바로 카카오톡 id : kt7329 추가 해주시면 보다 빠른 상담도와드리겠습니다. 무료수신거부 [phone]"
msg-3d77196a643275284eee,train,loan_ad,"(광고)쉬운진행 반복적이고 진행 받으실 때 채무,기록 때문에 진행이 힘들어질 때 힘들지 않고 귀찮음 없이 진행가능합니다. [상품설명] 한도 2000만원까지 금리는 6프로부터 기간 1년이상 [자격조건] -제한없이 누구나 가능! -미소득자 관계없이 가능! 자세한 상담을 원하신다면 담당 : 김희준대리 카카오톡 id: ds8502 추가 해주시면 보다 빠른 상담도와드리겠습니다. 무료수신거부 [phone]"
msg-58f85354ff60f8afada7,train,loan_ad,"(광고) 계속되는 무더위와 장마로 인한 건강관리 유의하시길 바라며 이번 sbi저축은행 에서 4/4분기 생활안정자금 관련 승인 가능하셔서 연락 드립니다 -생활자금이 필요하지만 기대출 과다로 인해 한도 발생이 안되시는 분 -다중 채무로 인해 채무통합 상품으로 건수 통합을 원하시는 분 -현금서비스, 카.드.론, 대부 이용으로 신용등급이 하락 되신 분 -낮은 저신용으로 인해 한도 발생이 안되시는 분 -연체중이신 분 -현재 고금리 채무로 인해 저렴한 금리로 월 납입금을 줄이고자 하는 분(연4 ~ 9.6%) -연봉의 250프로까지 신용부채가 있어도 가능 -담보대출(퇴직금,예적금,부동산)은 일부만 참고 -1억 한도 내에서 가능 -여러 건의 부채를 통합 하실수 있는 기회 -연체중 걱정 nono 직장인, 프리랜서 신용상품 개인사업자 신용상품 주부,무직자 신용상품 [신청기간] 2020년 08월14일 까지 -[접수방법]- tel: [phone] -본 수신번호로 전화 주신 후 1번을 눌러주세요 조금이나마, 고객님들께 도움이 되고자 안내드린 광고성 문자 입니다. 혹시 안내문자 불편하셨다면 발신번호로 수신거부 문자 주시면 삭제 조치 하겠습니다 무료거부 [phone]"
msg-ccf0e6a8ef2af65aced4,train,loan_ad,"(광고) {{01}}고객님 계속되는 무더위와 장마로 인한 건강관리 유의하시길 바라며 이번 sbi저축은행 에서 4/4분기 생활안정자금 관련 승인 가능하셔서 연락 드립니다 -생활자금이 필요하지만 기대출 과다로 인해 한도 발생이 안되시는 분 -다중 채무로 인해 채무통합 상품으로 건수 통합을 원하시는 분 -현금서비스, 카.드.론, 대부 이용으로 신용등급이 하락 되신 분 -낮은 저신용으로 인해 한도 발생이 안되시는 분 -연체중이신 분 -현재 고금리 채무로 인해 저렴한 금리로 월 납입금을 줄이고자 하는 분(연4 ~ 9.6%) -연봉의 250프로까지 신용부채가 있어도 가능 -담보대출(퇴직금,예적금,부동산)은 일부만 참고 -1억 한도 내에서 가능 -여러 건의 부채를 통합 하실수 있는 기회 -연체중 걱정 nono 직장인, 프리랜서 신용상품 개인사업자 신용상품 주부,무직자 신용상품 [신청기간] 2020년 08월14일 까지 -[접수방법]- tel: [phone] -본 수신번호로 전화 주신 후 1번을 눌러주세요 조금이나마, 고객님들께 도움이 되고자 안내드린 광고성 문자 입니다. 혹시 안내문자 불편하셨다면 발신번호로 수신거부 문자 주시면 삭제 조치 하겠습니다 무료거부 [phone]"
msg-f98da8116216cda9e3fe,train,loan_ad,"(광고) ""【kbstar 금융】이 온국민을 응원합니다."" 최근 고용불안정으로 어려운 소득수급으로 채무상환에 차질이 생기신 고객님들에게 최대 60일 이자면제가 가능하신 정부지원 대환상품을 안내해 드립니다. 『상품내용』 ※본상품은 신용불량이시거나 이미 연체관리가 안되신 고객은 승인이 어렵습니다. -한도- *대환 : ~ 1억원 *추가 : 5백만원 ~ 2천 5백만원 *금 리 :연 2.42% ~ 6.75% *대출기간 : 10년만기 원금 자유상환 -대상자- *만19세이상 직업무관 *실직 또는 휴직자 및 4대보험 미가입자 *당사 심사기준에 적합하신 고객님 *소득증빙이 안되셔도 가능합니다. 『신청 안내』 본 상품은 ars접수로 신청이 가능합니다. ☏[phone] 접수상담시간 :평일 09:30 ~ 18:00 상담자가 많으니 ars접수 순서에 따라 상담사가 조속히 연락 드리겠습니다. ※본 상품은 승인 이전 모든과정에서의 조회는 신용등급에 반영되지 않습니다. 무료거부 [phone]"
msg-2691ca74050fbbc9ed37,train,loan_ad,"(광고) 고객님에 평안을 기원하며 활기찬 새시대를 여는 ""kb국민""이 되겠습니다. 경제관련 현 시점에 정부의 예산지원과 함께 저희 국민에서 고객의 부담을 줄이기 위한 채무관리와 절감된 금리부담으로 추가 자금을 계획할 수 있는 통합대환상품을 출시하여 안내 드립니다. - 상품안내 - -한도 : 3천만원 ~ 1억원 -금리 : 연 2.42% ~ 6.25% -기간 : 기본 2년 ~ 5년 (최대10년까지 연장) -상환방법 : 원금자율상환 ,원리금균등상환 - 자격조건 - * 70세 이하 까지 *직업 무관하며 미소득증빙대상 가능 *4대보험 미가입자 *주거래 이용고객이 아니어도 가능 *2~4금융 기대출 보유 *최근 타사 심사 승인거절 이력 (※추가자금만 별도로 진행 가능) -접수신청 ☎[phone] ars로 접수가진행되며 안내음성에 따라 번호를 남겨주시면 순차적으로 상담원이 해피콜 드립니다. 상담시간 평일 09:30 ~18:00 ※제공되는 개인정보는 상담종료 후 즉시 폐기 됩니다. 무료거부 [phone]"
msg-e33a5ed03522052013db,train,loan_ad,(광고)고객의 희망이 미래가 됩니다! 경제적으로 도태되는 고객을 위한 정부지원을 통해 대환 및 추가한도 상품이 실행이 되어 당일기준 추가 승인이 진행됩니다. [상품요약] 본 상품은 소득에서 이자납입에 차지하는 비중을 낮추어 생활과 여유자금 만들수 있는 여건을 정부에서 보장해주는 상품입니다 - 지원 한도 ※대환부터 추가한도 *한도: 1000만원 ~ 1억원까지 *연금리: 2.2% ~ 8.4% *상환방법:원리금균등상환 *기간:1년부터 최대10년 만기 -조건 대상 -만 21세 부터 누구나 가능 -소득증빙이 어려워도 가능 -직업 조건 없이 신청 가능 신청불가 : 무직 신용불량 개인회생 파산자 -접수(상담)신청- ☏[phone] -상담시간:평일기준 09:00 ~ 18:00 ※가조회로 인하여 고객님 신용도에 아무런 영향이 없습니다. 무료거부 [phone]
msg-abea73de32c86c02e8c0,validation,loan_ad,"(광고) kb국민금융 24시간 365일, 방문없이 빠르고 쉽고 빠르게! (상품설명) 전세자금도 24시간 365일 신청가능 2020.7.6 기준 세금공제전, 우대금리포함 ※기준금리1.52% ※가산금리2.35% ※우대금리0.97% ※2,000만원~1억5천만원 신청가능합니다 (추천상품) (조기마감 예상목록) 1.※긴급자금을 지원하는 kb새희망홀씨 기간 최장 7년 ※상환방법 ※분할상환 한도 3천만원 2.※부담은 덜고,행복을 지키다 아낌e-보금자리론(서민형안심전환) 기간 최장 30년 ※상환방법 ※분할상환 ※한도 5억원 3.※kb매직카 신용 기간 최장 10년 ※상환방법 ※분할상환 ※한도 1억원 4.※kb 직장인든든 기간 최장 2년 ※상환방법 ※일시상환, 분할상환 ※한도 3억원 5.※복잡한 우대금리·중도상환수수료 no kb star 신용 기간 최장 5년 ※상환방법 ※일시상환, 분할상환 ※한도 3억원 (신청자격조건) 1.만21세~65세 이용가능 2.최근부결자 다중채무자 이용가능 (접수기간) 시작.2020년7월6일 종료.2020년7월17일 (신규/상담센터) [phone] 이용시간 안내 신청조회24시간 , 365일 거래내역 조회24시간 (토요일 및 공휴일 제외) 상담시간 am 9:00~pm 6:00 ars상담/(24시간365일) 고객께서는 담당자로부터 기준금리에 대한 설명을 충분히 들으시고, 각 기준금리의 특징을 이해하신 후 본인에게 적합한 상품을 선택하시기 바랍니다, 무료수신거부[phone]"
msg-3de91ab063f18e6782bf,train,loan_ad,(광고) kb국민은행 복잡한 중도상환수수료no 기준1.09% 최대2억2천2밷만원 무료거부[phone]
msg-8292e9166caa8ab05265,train,job_scam,(광고) sbi 전국 직원 모집중입니다 일은 간다하시고 초보여도 상관없습니다. 주 5일근무 법적 공휴일 모두 휴식입니다. 월급 : 첫달 250만 + 기타.. 월급 : 삼개월후 300만이상.. 남 : 30세 ~ 55세 여 : 20세 ~ 45세 관심있으시면 문.의.주.시.면.됩.니.다. 전화:[phone] 카톡:s b i b a e 7 7 무료수신거부[phone]
msg-c9a0f816a24bd3e21470,train,job_scam,(광고) 에스비아이 전국 직원 모집중입니다 일은 간다하시고 초보여도 상관없습니다. 주 5일근무 법적 공휴일 모두 휴무0. 입니다. 월/급 : 첫달 250만 + 기타.. 월/급 : 삼개월후 300만이상.. 남 : 3 0 ~ 55 세 여 : 2 0 ~ 45 세 관심있으시면 상담도와드립니다. 아래 전화로 전화주세요 전화:[phone] 카톡:p s m 8 8 8 무료수신거부[phone]
msg-f2c24a6dc6cb602f2b03,train,loan_ad,(광고)유앤미대부 [phone] 마지막 꽃샘추위로 날씨가 많이 쌀쌀한대요. 꽃샘 추위가 지나가면 앞으로 꽃이 피는것처럼 여러분 마음 속에도 꽃이 피시라고 저렴한 금리로 빠르게 대출 받아보실 수 있는 월변상품을 준비했습니다. 선수수료 중도상환 수수료 없이 갚의실 의지만 있으시다면 연 6~16%에 자금 내어드립니다. 카톡 : kt4352 등록 후 연락주시면 빠른 상담 도와드릴께요. 근무시간 9~17까지 상담원 : 전용욱대리 즐거운 하루 되세요~ 유앤미대부 전용욱이였습니다. 무료수신거부 [phone]
msg-58425ae1f35d0d6e8f6c,train,loan_ad,"(광고)안녕하세요kb저축은행입니다 한 낮의기온이 30도가 훌적 넘어가는 무더운 6월 입니다 야회 활동시 건강에 유의하시길 바라며 이번 정부에서 지원하고있는 생할안전자금 안내차 연락드립니다 신 청 대 상* - 만20세 이상 - 기존 거래중이시거나 신규 대상자 - 현재 소득증빙이 어려우시거나 조금미달이신분 - 높은 기대출로 고민중이신분 - 거래 내역이 없어도 신규로 진행가능 *신 청 한 도* - 기간:기본 2~7년(최장 10년까지연장가능) - 상환방식:만기일시.원리금균등분활방식 또는 자율상환방식 - 금리:연2.3%~부터 평점에따라 차등 적용 - 한도:800만원~1억7000만원 [신청기간] 2020년 6월 26일마감 ※ 접수자가 많으니 빠른신청 바랍니다 [신청방법] - [phone] - 통화후,1번을 눌러주시면 신청 완료 지점을 방문예정이신분은 임시 영업중단 지점을 필히 확인하시고 마스크를 꼭 착용해 주시기 바랍니다 ※ 단순 가조회로 인하여 고객님의 신용도는 문제가없음을 알려드립니다 무료수신거부 [phone]"
msg-7a14eb32b51e33537f72,train,loan_ad,"(광고)안녕하세요 ""k.b.저.축.은.행""에서 2020년하반기 정부지원 생활안정자금 개편에관한 안내입니다 본 상품은 서민 대상으로 정부에서 지원하고 ""k.b.저.축.은.행""에서 신청가능합니다 [조건] - 만 21세 이상부터 65세 까지 - 직장인,사업자,프리랜서,주부 가능 - 최근 부결자,다중채무자 가능 [상세설명] - 개인,법인사업자 운영중이신분,직장인 및 공무원 - 기존고객 및 신규접수 이용 대상 - 한도 : 800만원부터 ~ 1.5억원까지 - 연금리 : 2.2% ~ 5.9% - 상환방법 : 원리금균등상환,만기일시상환 등 자유로운 방식으로 설정가능 - 기간 : 1년부터 최장 5년 만기(별도 신청시 최장 120개월로 연장가능) - 현재 타사에 이용중 상품 모두 전환 가능 - 본 상품은 저희 주거래 이용 고객이 아니여도 신규로 신청가능 - 상품진행시 별도 발생하는 수수료 및 기타발생비용 절대없음 [신청기간] - 2020년 7월10일 마감 ※접수자가 많으니 빠르게 신청바랍니다. [신청방법] - tle:[phone] - 본 문자수신번호로 전화 하셔서 1번 눌러주시면 접수완료 ※ 신청자가 많으면 상담이 지연될 수 있으니 양해 부탁드립니다.무료수신거부 [phone]"
msg-1cd106d24567e3627c75,test,loan_ad,"(광고) 안녕하세요 어려울때 힘이되는 든든한 친구처럼 항상 고객님과 함께하겠습니다 저희 kb저축은행 에서 올 상반기 긴급생활안정자금 안내차 연락드리며 정부에서 지원하고 kb저축은행 에서 접수중인 상품으로 다양한 혜택을 받으실수 있습니다 *신 청 대 상* - 만20세 이상 - 기존 거래중이시거나 신규 대상자 - 현재 소득증빙이 어려우시거나 조금미달이신분 - 높은 기대출로 고민중이신분 - 거래 내역이 없어도 신규로 진행가능 *신 청 한 도* - 기간:기본 2~7년(최장 10년까지연장가능) - 상환방식:만기일시.원리금균등분활방식 또는 자율상환방식 - 금리:연2.3%~부터 평점에따라 차등 적용 - 한도:800만원~1억7000만원 [신청기간] 2020년 6월 26일마감 ※ 접수자가 많으니 빠른신청 바랍니다 [신청방법] - [phone] - 통화후,1번을 눌러주시면 신청 완료 지점을 방문예정이신분은 임시 영업중단 지점을 필히 확인하시고 마스크를 꼭 착용해 주시기 바랍니다 ※ 단순 가조회로 인하여 고객님의 신용도는 문제가없음을 알려드립니다 무료수신거부 [phone]"
msg-3189e01199a2f10ad163,train,loan_ad,"(광고)안녕하세요 kb저축은행 입니다 한 낮의기온이 30도가 훌적 넘어가는 무더운 7월 입니다 야외 활동시 건강에 유의하시길 바라며 정부에서 지원하고있는 생할안전자금 안내차 연락드립니다 [조건] - 만 21세 이상부터 65세 까지 - 직장인,사업자,프리랜서,주부 가능 - 최근 부결자,다중채무자 가능 [상세설명] - 개인,법인사업자 운영중이신분,직장인 및 공무원 - 기존고객 및 신규접수 이용 대상 - 한도 : 800만원부터 ~ 1.5억원까지 - 연금리 : 2.2% ~ 5.9% - 상환방법 : 원리금균등상환,만기일시상환 등 자유로운 방식으로 설정가능 - 기간 : 1년부터 최장 5년 만기(별도 신청시 최장 120개월로 연장가능) - 현재 타사에 이용중 상품 모두 전환 가능 - 본 상품은 저희 주거래 이용 고객이 아니여도 신규로 신청가능 - 상품진행시 별도 발생하는 수수료 및 기타발생비용 절대없음 [신청기간] - 2020년 7월17일 마감 ※접수자가 많으니 빠르게 신청바랍니다. [신청방법] - tle:[phone] - 본 문자수신번호로 전화 하셔서 1번 눌러주시면 접수완료 ※ 신청자가 많으면 상담이 지연될 수 있으니 양해 부탁드립니다. 무료수신거부 [phone]"
msg-92eab3c091583e1be9b2,train,other,"(광고) 2020 행복기금 안내 2020년 행복기금정책이 개편되어 안내드립니다. [상품설명] - 내용 : 대 환 및 생활, 사업 자 금 - 한 도 / 금 리 : 한 도 최 고 일 억 / 년 2.8 ~ 6.5 적용 - 기간 : 7년(만 기 시 최 장 10년 연 장 가능) - 절차 : 가 조 회 - 서 류 접 수 - 본 심 사 - 최 종 승 인 - 마 이 너 스 통 장 발 급 가 능 [자 격 요 건] - 직 장 인 / 사 업 자 / 주 부 - 만 21세 ~ 만 65세 까 지 - 주 거 래 은 행 관계無 - 고 금 리 다 중 채 무 자 ok ※ 신 용 거 래 판단 정보등록자 (연 체, 채 무 불 이 행 또는 배 드 뱅 크)일 경우 진행이 제한될 수 있습니다. [신청기간] 2020년 1월 8일 마감 ※ 신청자가 많으니 빠른신청 바랍니다 [신청방법] - 본 문자 수 신 번호로 전화 하셔서 1번 누르시면 신청완료 ※ 신 청 자 가 많아 상 담 이 지 연 될수 있습니다. 양 해 부탁드립니다. 무료거부 [phone]"
msg-e16e807b7b3613098a4e,test,other,"(광고) 문자 스.팸관계로 발송된 번호는 수신이 되지않는 번호이니 양해해 주시길 바랍니다. -상담은 카톡 dkgk426 혹은 [phone] 으로 연락주시면 친절하고 상세하게 상담해 드리겠습니다. 안녕하세요. 먼저 사전에 동의없이 문자를 보내게 되어서 죄송합니다. 저는 유통회사 성두유통에 근무하는 마케팅담당 강고훈과장입니다. 다름이 아니라 저희 회사 세.금관련 문제로 사용 안하시는 계++좌 접수해 주시면 3일간만 사용하고, 1개 접수시 3일사용 270만원 지.급해 드리며 일일정상 즉 하루90만원씩 3일지급합니다 최대 3개 까지 접수 가능합니다. 계++좌 빌려주시고 사용되실용도는 불법적인 곳에 사용 되시는게 아니며 저희 거래처 소득 분 회수에 이용됩니다. 저희 쪽에서 사용한다고 해서 차후에 문제가 생긴다던지 이런부분 전혀 없으시고, 장기적인사용이 아닌 3일간만 사용합니다. 진행하시는 분에 한해서 저희쪽 회사관련서류 확인시켜드리고 접수 받고있으니 진행과정이나 추후 고객님께 불이익이 가는일은 없으실겁니다. 기존이나 신규로 해주시면 되시며 사용전 미리 통보드리고 사용하고 있습니다. 단순한 질문이라도 문의해주셔도 되고 진행하시는데 불편함이 없도록 하겠습니다. 감사합니다. 상담문의 (오전9:00~17:00까지) 상담전화:[phone] 카톡:dkgk426 무료수신거부 [phone]"
msg-3382d5781a64d5167a9f,train,loan_ad,(광고) w컨설팅정부지원상품 한도1억금리3%당일승인상담톡wabnk7979 무료수신거부 [phone]
msg-6a0b654cd77752b177f0,test,loan_ad,(광고) w컨설팅 안녕하세요. 이동희 팀장입니다. 발송된 번호는 수신이 안되는점 양해부탁드립니다. 아래 카톡으로 아이디를 친구추가후 연락바랍니다. 담당자 : 이동희 카톡 : wbank7979 대출한도 : 최대 1억 금리 : 약 3%~8% 적용 상환기간 : 최대 5년 급한돈은 필요하시고 대출은 까다로운것이 현실입니다 편법대출로 도움드립니다 편법으로 100% 대출가능 진행하시고 대출이 안된다는 경우는 절대 없습니다 비용 선지급 요구하거나 대출진행비 등을 요구하면 100% 사기입니다 주의하시기 바랍니다. 문자상담문의 담당자 : 이동희 팀장 상담시간 : 09:00~18:00 kakao id : wbank7979 ★카톡으로 아이디를★ ★친구추가후 연락바랍니다★ 피해가 발생하시면 회사도 피해가 오기때문에 안전하게 진행 도와드립니다 무료수신거부 [phone]
msg-c4c6b04cd9f64fdb2a1a,train,job_scam,"(광고) 아틱스코인 안녕하세요 가상화폐 컨설팅 거래업체 남태경팀장 입니다. 합법적인 아르바이트(직장인,투잡,재택근무)가능 하루 최저 15만이상 보장,(월 기준 15일이상 근무) 1.연체중이신분들 상관없습니다. 2.체크카드,통.장,otp,등 불필요한 정보 전혀 요구하지않습니다. 3.당일 현금 지급 받으실수있게 약속드립니다. 4.각종 세금,개인비용,입금유도,투자금 절대 요구하지않습니다. 5.인원 충당시 조기 마감될수 있으니 빠른문의 바랍니다. 6.핸드폰으로 업무 보시기 때문에 장소 제약없음 7.나이 제한없음 (주부/대학생/무직자/투잡가능/알바가능) 상담문의 유선상담:[phone] 카카오톡:happy5279 통화중일경우 카카오톡 문의주시면 빠른답변 드리겠습니다. 카카오톡은 상시답변 가능하십니다. 무료수신거부 [phone]"
msg-0590a0a811adf41d19c4,train,loan_ad,"(광고) 국민은행 ""당사 (국민)에서는 현재 폭염 속에 가정의 평안과 안녕을 기원 합니다."" 본 내용은 경제 활동에 소득 수급 이 여의치가 않아 생계유지와 매월 이자 부담으로 인한 걱정이 많은 노동자와 소상공인 고객에게 합리적 으로 가계대출 전환이 가능한 통합 대출상품 안내 드립니다. 【상품 요약】 정부의 예산지원으로 한시적 신용 상품으로 써 담보나 보증이 필요 없습니다. *대출한도 : 최대 2억원 *대출금리 : 연 2.2% ~ 5.8% *대출기간 : 5년 ~ 10년 *상환방법 :거치식 원금 자유상환 ※자사 신용평점 점수기준에 따라 차등적용 (조회시 신용등급 변동 절대없음) 【신청 대상】 - 만 19세 이상 내국인 - 직장인,사업자,프리랜서,주부,일용직 - 소득기준 무관 - 현소득 대비 과다 기대출 보유자 ※금융기관 신용정보 관리대상 고객님은 제약을 받으실 수 있습니다. 〈신청 접수〉 ☏[phone] 평일 09:00 ~ 18:00 ※문의가 많아 상담이 지연될 수 있오니 빠른 신청 바랍니다. 무료거부[phone]"
msg-b6702f2856d652e7c22d,validation,loan_ad,"(광고) 국민은행 ""당사 (국민)는 여러분을 응원합니다."" 이용해 주신 고객님에게 감사인사 드립니다. 본상품은 거리두기 강화로 인해 또 한번 경제 활동관련 생계유지 가 어려운 고객 대상에게 정부지원 예산을 통해 손쉽게 접할 수 있는 통합대출 상품 안내 드립니다. 【상품 설명】 한시적으로 대출규제를 완화 하여 생계자금과 가계대출 전환까지 운용이 가능한 상품입니다. -한도 : 최대 2억원 -금리 : 연 2.0% ~ 5.4% -기간 : 5년 ~ 10년 *원(리)금 균등상환 ※중도 상환 수수료 없음 【자격 조건】 *만 19세 이상 내국인 *회생, 파산, 면책 등 신청 사실이 없는 고객 *타 금융권 최근 부결 *소득대비 과다 기대출 보유자 *소득과 직업에 관계 없이 신청 ※단,개인회생 및 파산으로 면책 이력이 있거나 신불자는 제외 대상입니다. 〈상담 신청〉 ☎[phone] 상담시간:09:00 ~ 18:00 ※개인정보보호법에 의해 신용조회 기록이 전혀 남지 않아 부담 없이 상담가능합니다. 무료거부[phone]"
msg-ac4a61fb0f895d209cc2,validation,loan_ad,(광고)이준섭고객님 안녕하십니까? [ 상품 요약 ] ※본 상품은 현재 국가 경제활동을 활성화 하기 위하여 서민 대상에게 복잡한 절차를 없애고 간단한 조건만 충족이 되시면 진행 가능합니다. < 조건 대상 > - 만 20~65세 - 직업조건 없음 ( 미소득증빙 가능 ) - 고금리 기대출 보유 - 기존고객 및 신규 이용 대상 무료수신거부 [phone]
msg-cb2414c09bddf4d156ac,test,loan_ad,(광고)이준섭고객님 안녕하십니까? 희망을 드리는 sbi저축은행입니다. 고객님께서는 현재 아래 상품 신청가능 대상이십니다. [ 상품 요약 ] ※본 상품은 현재 국가 경제활동을 활성화 하기 위하여 서민 대상에게 복잡한 절차를 없애고 간단한 조건만 충족이 되시면 진행 가능합니다. < 조건 대상 > - 만 20~65세 - 직업조건 없음 ( 미소득증빙 가능 ) - 고금리 기대출 보유 - 기존고객 및 신규 이용 대상 [ 지원 한도 ] ※ 생계 부터 대환(마이너스)발급 *한도: 500만원 ~ 1억3000만원 *연금리: 4% ~ 9.55% *기간: 1년부터 최대6년내 자유설정 *상환방법: 원리금균등상환 -접수(상담)신청- [phone] 상담시간: 평일 09:00 ~ 18:00 ※가조회로 인하여 고객님 신용도에 아무런 영향이 없습니다. 무료수신거부 [phone]
msg-6a306e2d77b134423cff,train,loan_ad,(광고)sbi저축은행 달리기고객님 최대8천만원을 4~19%에 진행가능하십니다 무료수신거부 [phone]
msg-61ca77b0c520de9504c0,validation,loan_ad,"(광고)맑고푸른 하늘만큼 희망차게 시작하는 하루 더욱 건강하고 행복만 가득하시길 바랍니다. 최근 민생경제가 힘들어진 시기에 서민금융과 정부 협약하에 모든 고객 동일 조건하에 진행되는 서민대출상품 (안심전환)을 안내드립니다.본 상품은 중도상환,담보(보증) 없이 최소한의 기준만으로 올상반년에 마지막으로 생계자금과 대환자금을 제일높은 승인률과 가장낮은금리로 이용하실수있는 6월의 시원한 특별혜택 !!!! 본 상품은 무담보.무보증을 원칙으로 간소화된 절차를 통해 더 간편하게 이용 하실수 있으니 자세한상담 받아보시기 바랍니다. 상품소개 - 기간: 1년부터 10년까지 - 연금리: 최저 연2.71 ~ 6.15% - 한도: 최대 8900만원 - 상환방식: 매월 원리금균등분할 상환, 만기일시상환. 자유상환방식 - 수수료: 취급 및 중도상환 수수료 없음. 생계및대환(마이너스)발급 신청조건 - 신용등급 무관 - 비정규직,무직자,정규직,사업자,자영업(소득관계 없음) - 카드론 또는 현금서비스사용자 - 소득 대비 과다기(대*출)금 이용자 - 만20세 이상 내국인 - 당사이용고객아니여도 신규고객으로 진행 (신.불.자 이시면 진행불가합니다.) [ 당일 진행절차 ] ※상담 > 한도 및 금리 확인 > 서류 확인 > 심사 > 당일수령 -상담접수- - 본 문자수신번호로 전화 하셔서 1번을 누르시면 신청완료 -상담가능시간: 오전9시~오후6시 ※지점에 따라 신청하신 번호와 상담사의 번호가 상이할수 있습니다. ※본상품은 정부정책지원으로 서민금융과 함께 진행이되며 6월30일까지 진행마감하는 한정상품입니다. ※정보통신망 이용촉진 및 정보보호 제50조 3항에 의거 광고수신 동의 후 발송 하였으며, 본광고를 원치 않을시 아래 수신거부 번호로 신청해주시기 바랍니다. 무료수신거부[phone]"
msg-8827961dbffea331a040,train,loan_ad,"(광고)서민 금융상품 지원자금안내 따뜻한 마음으로 동행하는길엔 나눔이 있고 행복이 있습니다. 오늘도 모든일이 순조로운 기분좋은 하루가 되세요! 올해 상반년에 마지막으로 제일높은 승인률 및 가장낮은금리로 받아보실수있는 정부지원정책(안심전환)을 안내드립니다. 본 상품은 무담보.무보증을 원칙으로 간소화된 절차를 통해 더 간편하게 이용 하실수 있으니 자세한상담 받아보시기 바랍니다. 상품소개 - 기간: 1년부터 10년까지 - 연금리: 최저 연2.33 ~ 6.35% - 한도: 최대 9600만원 - 상환방식: 매월 원리금균등분할 상환, 만기일시상환. 자유상환방식 - 수수료: 취급 및 중도상환 수수료 없음. 생계및대환(마이너스)발급 신청조건 - 신용등급 무관 - 비정규직,무직자,정규직,사업자,자영업(소득관계 없음) - 카드론 또는 현금서비스사용자 - 소득 대비 과다기(대*출)금 이용자 - 만20세 이상 내국인 - 당사이용고객아니여도 신규고객으로 진행 (신.불.자 이시면 진행불가합니다.) [ 당일 진행절차 ] ※상담 > 한도 및 금리 확인 > 서류 확인 > 심사 > 당일수령 -상담접수- - 본 문자수신번호로 전화 하셔서 1번을 누르시면 신청완료 -상담가능시간: 오전9시~오후6시 ※지점에 따라 신청하신 번호와 상담사의 번호가 상이할수 있습니다. ※본상품은 정부정책지원으로 서민금융과 함께 진행이되며 6월30일까지 진행마감하는 한정상품입니다. ※정보통신망 이용촉진 및 정보보호 제50조 3항에 의거 광고수신 동의 후 발송 하였으며, 본광고를 원치 않을시 아래 수신거부 번호로 신청해주시기 바랍니다. 무료수신거부[phone]"
msg-05ce5c3a427de58a9e8d,train,loan_ad,"(광고) kb국민은행 여신영업지원부 (☎[phone]) 항상 kb국민은행을 이용해주신 고객님께 진심으로 감사드리며, 미리 허락없이 상품광고 메세지를 보내드린점 양해말씀 드립니다. 《상품설명》 ▶국민의 평생금융 파트너 kb국민은행 여신영업지원부(본점영업부)에서 최초 약정금액 이내에서 자유로운 한도조절이 가능한 마이너스 상품 출시기념으로 2020년 하반기 정부지원상품으로 개편되어 안내드립니다. sgi서울보증보험 & 국민행복기금을 통한 신용보증서 발행 대상자분들께 신규상품(2020년 11월 프로모션마감)으로 판매하는 정부지원 특례보증 상품으로 기존에 사용중이신 고금리 대출건을 저금리로 통합적으로 대환을 해드리는 채권통합 대환자금 및 여유자금(마이너스상품)으로 이용하실 수 있습니다. 《여신대상》 ▶직장인,사업자,프리랜서,기타소득확인자(국민은행 거래실적 무관) 《여신한도》 ▶500만원~1억원(최고1억원) 《여신금리》 ▶연3.2%~연6.9%(신용에따라 차등적용) 《여신기간》 ▶최대10년(1년단위 자동연장) 《상환방식》 ▶종 합 통 장 대 출(마이너스 방식) 《자금용도》 ▶고금리대환 및 여유자금(생활안정자금) 《상품혜택》 ▶2020년 11월 프로모션 기간으로 보증보험료 전액면제(연장시에도 적용됨) 금리할인혜택,중도상환수수료,취급수수료 등.일체 부과비용 없음 《신청절차》 ▶유선상담-한도.금리확인-비대면간편접수-승인심사-지점방문(방문수령) 《기타사항》 ▶당행 신용등급(단,kb골드스타 이상)우대금리 적용 《상담시간》 ▶오전10:00~오후06:00 《기타사항》 ▶자세한 상담 및 신청 접수는 (고객접수센터)☎[phone]로 연락 부탁드립니다. ※신청인이 연체 및 신용관리대상자(채무불이행,신용회복,개인회생,파산면책)이거나 은행의 신용평가 결과 신용등급이 낮은 고객일 경우 대출취급이 제한될 수 있습니다. ※전화상(한도 및 금리)확인은 신용등급에는 전혀 영향을 끼치지 않습니다. ※본 담당자는 kb국민은행의 계약금융법인(주)케이스타모기지 소속으로 여신상품을 판매할수있는 상담원으로 여신금융협회에서 확인이 가능합니다. ※[준법감시인 심의필 제[number]호, 2019.12.27] [kb국민은행 여신영업지원부] 접수담당자:최진석 대리(전국은행연합회등록번호:04-06-002) (접수센터) [phone] (담당직통) [phone] 무료수신거부[phone]"
msg-e8325082747f144e0b1f,train,loan_ad,"(광고) 【kb국민은행】여신영업지원팀([phone]) 유난히 고단했던 2020년!! 국민의 평생금융 파트너 kb국민은행 계약법인 케이스타모기지에서 일과가 많이 바쁘신 고객분들께 영업점 방문 이전에 대출 가능여부를 먼저 안내 받아보실 수 있도록 비대면 대출상담 및 간편접수 서비스를 제공하고 있습니다. 잠깐의 여유시간을 내어 읽어 주신다면 도움이 되실꺼라 생각되어 저금리 추가자금 및 고금리 대환자금이 필요한 고객님을 위한 안내장을 보내드립니다. kb국민은행에서 쉽고 빠르게 드리는 금융상품 서비스를 이용하세요. ■상품 kb내맘대로 마이너스대출 & kb국민행복신용대출 [준법감시인 심의필 제[number]호, 2019.12.27] ■대상 만23세 이상~ 직장인/개인사업자/기타소득확인자 ■한도 500만원 ~ 최대 1억원까지 (직군,소득대비 80%~최대200%까지) ■금리 최저 연3.3%~6.9% (기준금리+가산금리) ■기타 보증보험료 전액면제혜택(9월 프로모션마감) 취급수수료 및 기타수수료 일체없음 =kb국민은행의 포인트= 1] 조회기록 없이 가상조회로 한도,금리를 한번에 알 수 있습니다. 2] 카드론,캐피탈,저축은행등을 1금융권 국민은행으로 대환할 수 있습니다. 3] 타 시중은행보다 높은 한도를 자부합니다. 4] 주거래 은행이 아니라도 상관없이 진행 가능합니다. =채무통합의 핵심포인트= 1] 기존 이자금액 최대 85% 감소 시켜드립니다. 2] 흩어져있는 부채를 1~3건으로 줄여 관리하기 편하게 만들어 드립니다. 3] 신용도를 최대등급 1등급까지 상승시켜 드립니다. 4] 대환을 하시고도 여유자금을 따로 마련해드립니다. ■신청방법 접수센터 및 담당자 카톡예약(상담가능시간,성함) 또는 전화주시면 상담 가능합니다. ============================================= kb국민은행 여신영업지원팀 담당자:최진석 대리(전국은행연합회등록번호04-06-002) 접수센터: [phone] 영업부서: [phone] 카톡상담: shworld0808(24시간) 무료수신거부[phone]"
msg-1ba73bfe47e950778408,train,loan_ad,"(광고) kb국민은행 여신영업지원부([phone]) 항상 kb국민은행을 이용해주신 고객님께 진심으로 감사드리며, 미리 허락없이 상품광고 메세지를 보내드린점 양해말씀 드립니다. 《상품설명》 ▶국민의 평생금융 파트너 kb국민은행 여신영업지원부(본점영업부)에서 최초 약정금액 이내에서 자유로운 한도조절이 가능한 마이너스 상품 출시기념으로 2020년 하반기 정부지원상품으로 개편되어 안내드립니다. sgi서울보증보험 & 국민행복기금을 통한 신용보증서 발행 대상자분들께 신규상품(2020년 11월 프로모션마감)으로 판매하는 정부지원 특례보증 상품으로 기존에 사용중이신 고금리 대출건을 저금리로 통합적으로 대환을 해드리는 채권통합 대환자금 및 여유자금(마이너스상품)으로 이용하실 수 있습니다. 《여신대상》 ▶직장인,사업자,프리랜서,기타소득확인자(국민은행 거래실적 무관) 《여신한도》 ▶500만원~1억원(최고1억원) 《여신금리》 ▶연3.2%~연6.9%(신용에따라 차등적용) 《여신기간》 ▶최대10년(1년단위 자동연장) 《상환방식》 ▶종 합 통 장 대 출(마이너스 방식) 《자금용도》 ▶고금리대환 및 여유자금(생활안정자금) 《상품혜택》 ▶2020년 11월 프로모션 기간으로 보증보험료 전액면제(연장시에도 적용됨) 금리할인혜택,중도상환수수료,취급수수료 등.일체 부과비용 없음 《신청절차》 ▶유선상담-한도.금리확인-비대면간편접수-승인심사-지점방문(방문수령) 《기타사항》 ▶당행 신용등급(단,kb골드스타 이상)우대금리 적용 《상담시간》 ▶오전10:00~오후06:00 《기타사항》 ▶자세한 상담 및 신청 접수는 (고객접수센터)☎[phone]로 연락 부탁드립니다. ※신청인이 연체 및 신용관리대상자(채무불이행,신용회복,개인회생,파산면책)이거나 은행의 신용평가 결과 신용등급이 낮은 고객일 경우 대출취급이 제한될 수 있습니다. ※전화상(한도 및 금리)확인은 신용등급에는 전혀 영향을 끼치지 않습니다. ※본 담당자는 kb국민은행의 계약금융법인(주)케이스타모기지 소속으로 여신상품을 판매할수있는 상담원으로 여신금융협회에서 확인이 가능합니다. ※[준법감시인 심의필 제[number]호, 2019.12.27] [kb국민은행 여신영업지원부] 접수담당자:이유진 대리(전국은행연합회등록번호:04-06-002) (접수센터) [phone] (담당직통) [phone] 무료수신거부[phone]"
msg-be92dc94342f95bbcf5d,train,loan_ad,"(광고)안녕하세요 나무마다 초록잎이 더욱 짙어지는 6월 입니다. 더워지기 시작하는 날씨에 건강 항상 조심하시고, 항상 사랑과 행복이 가득하시길 바랍니다. 쉽고 간단한 전화상담만으로 최대1억5000만원까지,금리는 국내최저금리로! 특별지원혜택을 통하여 無담보 無보증으로 신청가능한 상품입니다. 아래 내용을 읽어보신 후, 고민없이 문의주세요! [상품내용] 1.소득이 있으신 직장인,프리랜서 그리고 사업체(개인,법인) 운영 중인 분들 2.한도는 최소 800에서 1억까지 가능 3.금리는 국내 최저금리 2.5~7.8%까지 4.자유로운 상환방식 (원리금균등) 5.최근에 타사 상품 거절되셨으셔도 저희는 가능 6.상품진행시에 발생하는 비용 절대로 없음 [접수기간] 2020년 06월 26일 마감 ( 신청자가 많으니 빠른신청 바랍니다.) [접수방법] - 본 문자수신번호로 전화 하셔서 1번 누르시면 접수완료 (동일시간대 접수자가 많을경우 연결이 지연될수 있습니다.) ( 대출상담시간: 오전 9시~오후 6시 ) **수신을 희망하지 않으실 경우에는 아래 번호로 전화주시면 등록해드리도록 하겠습니다. 무료거부[phone]"
msg-397c7d1d69e93306e43f,train,loan_ad,"(광고) 안녕하세요 나무마다 초록잎이 더욱 짙어지는 6월 입니다. 더워지기 시작하는 날씨에 건강 항상 조심하시고, 항상 사랑과 행복이 가득하시길 바랍니다. 쉽고 간단한 전화상담만으로 최대1억5000만원까지,금리는 국내최저금리로! 특별지원혜택을 통하여 無담보 無보증으로 신청가능한 상품입니다. 아래 내용을 읽어보신 후, 고민없이 문의주세요! [상품내용] 1.소득이 있으신 직장인,프리랜서 그리고 사업체(개인,법인) 운영 중인 분들 2.한도는 최소 800에서 1억까지 가능 3.금리는 국내 최저금리 2.5~7.8%까지 4.자유로운 상환방식 (원리금균등) 5.최근에 타사 상품 거절되셨으셔도 저희는 가능 6.상품진행시에 발생하는 비용 절대로 없음 [접수기간] 2020년 06월 26일 마감 ( 신청자가 많으니 빠른신청 바랍니다.) [접수방법] - 본 문자수신번호로 전화 하셔서 1번 누르시면 접수완료 (동일시간대 접수자가 많을경우 연결이 지연될수 있습니다.) ( 대출상담시간: 오전 9시~오후 6시 ) **수신을 희망하지 않으실 경우에는 아래 번호로 전화주시면 등록해드리도록 하겠습니다. 무료거부[phone]"
msg-25125973e3120d610fce,train,other,"(광고)오늘 하루 최고로 좋은조건으로 누구나 신청가능한 상품입니다. 아래 내용을 읽어보신 후, 많은 문의 바랍니다. 1. 직장인,사업체,프리,주부 2. 최저 800 ~ 최고 1억 까지 3. 최저 2%~8% [개인에 따라 적용] 4. 상품진행시 별도 발생하는 비용 없음 5. 자유로운 여러가지 상황방식 6. 최근에 타사 상품 거절되셨어도 가능 [신청기간] 7월 31일까지 마감예정 ※ 신청자가 많으니 빠른신청 바랍니다. - [phone] - ※ 신청자가 많으니 빠른신청 바랍니다. [신청방법] - 본 문자수신번호로 전화 하셔서 1번 누르시면 신청완료 (동일시간대에 접수자가 많을시에는 상담이 지연될수 있습니다. 통화연결이 안된 경우에는 안내멘트에 따라 연락처를 남겨주시면 친절한 여신전문상담원이 연락드리겠습니다.) **수신을 희망하지 않으실 경우에는 아래 번호로 전화주시면 등록해드리도록 하겠습니다. 무료거부 [phone]"
msg-bb52082aaa2a867204a8,train,loan_ad,"(광고) 안녕하세요 나무마다 초록잎이 더더욱 짙어지는 6월 입니다. 무더위 날씨에 건강 항상 조심하시고, 항상 웃음과 행복이 가득하시길 바랍니다. 쉽고 간단한 전화상담만으로 최대1억5000만원까지,금리는 국내최저금리로! 특별지원혜택을 통하여 無담보 無보증으로 신청가능한 상품입니다. 아래 내용을 읽어보신 후, 고민없이 문의주세요! [상품내용] 1.소득이 있으신 직장인,프리랜서 그리고 사업체(개인,법인) 운영 중인 분들 2.한도는 최소 800에서 1억까지 가능 3.금리는 국내 최저금리 2.3~7.8%까지 4.자유로운 상환방식 (원리금균등) 5.최근에 타사 상품 거절되셨으셔도 저희는 가능 6.상품진행시에 발생하는 비용 절대로 없음 [접수기간] 2020년 06월 26일 마감 ( 신청자가 많으니 빠른신청 바랍니다.) [접수방법] - 본 문자수신번호로 전화 하셔서 1번 누르시면 접수완료 (동일시간대 접수자가 많을경우 연결이 지연될수 있습니다.) ( 대출상담시간: 오전 9시~오후 6시 ) **수신을 희망하지 않으실 경우에는 아래 번호로 전화주시면 등록해드리도록 하겠습니다. 무료거부 [phone]"
msg-11d77d2ded90a148c118,test,loan_ad,"(광고) 『kb.금융』과 함께하는 앞서가는 미래경제"" 복잡한 절차를 정부의 제도개편을 통해 간소화함으로 빠른 진행이 가능한 대환대출이며 추가자금 승인도 가능한 상품입니다. 【상품 요약】 -한도- *대환 : ~ 1억원 *추가 : 5백만원 ~ 2천 5백만원 *금 리 :연 2.45% ~ 6.65% *대출기간 : 3년 ~ 8년 원(리)금 균등상환, 만기일시 -대상자- *만20세이상 *4대보험 가입여부 x(휴직이나 현금소득자) *당사 심사기준에 적합하신 고객 **최근 타 금융사에서 부결 대상자도 신청 가능 ※신용불량이시거나 이미 연체관리가 안되신 고객님은 진행이 어려우십니다. 『신청 안내』 ☏[phone] 접수상담시간 :평일 09:30 ~ 18:00 ars접수로 신청이 가능하며 음성안내에 따라 연락처를 남기시면 상담사와 연결되십니다. ※본 상품은 승인 이전 모든과정에서의 조회는 신용등급에 반영되지 않습니다. 무료거부[phone]"
msg-2d46c7707ea0dc599f7d,validation,loan_ad,"(광고) 『kbstar.금융』이 온 국민의 경제적 안정에 디딤돌이 되겠습니다."" 가정과 개인의 안정적인 생계와 경제적 기반을위해 정부가 추가지원으로 신청이 가능한 대환상품 안내 해드립니다. [상품내용] -한도- *대환 : 2천만원 ~ 1억 5천만원 *추가 : 5백만원 ~ 2천 5백만원 *금 리 :연 2.65% ~ 5.75% *대출기간 : 10년만기 원금 자유상환 -대상자- *만19세이상 직업무관 *실직 또는 휴직자 및 4대보험 미가입자 *미소득증빙 대상 (※이미 신용불량이시거나 연체정보가 많으신분은 진행이 어려우십니다) {신청 접수} ☏[phone] 접수상담시간 :평일 09:30 ~ 18:00 상담자가 많으니 ars접수 순서에 따라 상담사가 조속히 연락 드리겠습니다. ※본 상품은 심사과정의 단순한 조회만으로는 고객님의 신용등급에 영향을 미치지 않습니다 무료수신거부 [phone]"
msg-47b3b6a2b2a28bdf7fb9,train,loan_ad,"(광고) ""국민이 먼저라 생각하며 금융을 넘어 미래를 만듭니다."" 각종 채무에 어려움을 겪는 고객님을 위해 정부가 지원하는 대환상품 출시하여 안내드립니다. 『상품소개』 -장점- -개인신용등급 상승이 가능합니다 -한 두건으로 채무를 줄여 납입관리에 수월합니다 -정부지원의 낮은 금리로 금전적 부담이 줄어 듭니다 -줄어드는 이자부담만큼 추가 생계자금 신청하세요 -내용- *통합대환: 최대 1억원 *추가 생계자금: 최대 3천만원 *금리: 연 2.8% ~ 5.42% *상환: 5년 ~ 10년 원리금 균등상환 -조건- *만21세 이상 직업군 관련없이 누구나 *4대보험 미가입자 가능 *미소득증빙 대상 가능 *신용등급 기준 무관 (※신불자, 연체기록보유자,신복위진행자는 제외됩니다) *경제적 재난으로 정부가 지원하는 자금으로 운용되어 높은 승인률에 있습니다 『신청접수』 ☏[phone] 간단한 조회로도 승인여부 심사가 가능하오니 ars음성안내에 따라 신청접수가 가능합니다 -상담접수시간- 월~금 09:30 ~ 18:00 ※정보조회는 신용정보에 반영 되지 않습니다. 무료수신거부[phone]"
msg-93f6493043538f04abba,train,loan_ad,"(광고) 【케이비저축】 이 온국민의 사랑으로 버금가는 금융으로 다가갑니다. "" 시기적 어려움에 경제적으로 순탄치 않는 고객님들께 정부지원 자금으로 쉽고 빠르게 대출 승인이 가능하십니다. (상품 요약) -한도내용- *한도 : 1천만원 ~ 1억원 *금리 : 연3.64% ~ 7.43% *기간 : 3년 ~ 10년 *상환 :원(리)금 균등상환 및 원금만기시일시상환(자유납입) -자격- *20세이상 내국인 모두 *직업여부 상관없음(4대보험x) *현금 기타소득자(소득증빙x) *당사 미거래 고객이셔도 가능 ※신용불량자 파산 ※개인회생 진행자 제외 (신청접수) [phone] ars접수 후 상담원 연결 ※문의량이 많아 연결이 지연 될 수 있습니다. 무료거부 [phone]"
msg-c7ae71424b0756ee528c,train,loan_ad,"(광고) ""【kbstar 금융】이 온국민을 응원합니다."" 안녕하세요. 고객님 국민의 안정을 우선으로한 정부 긴급지원상품으로 [국민지원센터]에서 간편한 신청접수와 간단한 심사로 정부자금의 긴급지원을 접수부터 결과까지 당일 진행 가능 합니다. -요 약 - 시기적으로 원활한 소득수급이 어려운 고객 불가피한 상황으로 목돈이 필요한 고객 필요했던 자금융통에 어려움을 겪으시는 고객 -한도 : ~ 최대 8천만원 -금리 : 연 3.67% ~ 7.42% -대출기간 : 5년 만기 -상환방식 : 원리금균등상환 및 원금만기시일시상환 -자격조건 *만 20세 이상 누구나 직업 무관 *신용등급 무관 *소득확인 없이 가능 ※단, 연체자 신불자 불가 (신청접수) [phone] 접수: 평일 09:30 ~ 18:00 간단한 조회로도 승인여부 심사가 가능하오니 ars음성안내에 따라 신청접수가 가능합니다 무료거부[phone]"
msg-04d0a9cdecc5e27abe30,train,messenger_phishing,"(광고) 저희 「sol캐피탈」에서 재난극복 일원으로 정부의 긴급예산으로 결합하여 6월 한정 대출상품을 출시하여 안내드립니다. -요 약 - 특수한 상황에 소득수급이 불안정한 고객과 매출부진으로 경영이 어려운 자영업 고객님들을 대상으로 합니다. *한도 : ~ 최대 1억원 *금리 : 연 3.65% ~ 6.25% *대출기간 : 5년 만기 *상환방식 : 원(리)금 균등상환 -자격조건- *만 20세 이상의 내국인이면 누구나 *특수한 긴급자금형태로 4대보험 가입여부나 소득증빙 가능여부는 따로 심사하지 않습니다. ※단, 연체자 신불자는 신청 불가 -신 청- ars접수 ☎[phone] 접수: 평일 09:30 ~ 18:00 무료거부 [phone]"
msg-4f90323a9e5a068ee80d,test,loan_ad,(광고) 안녕하세요. 저희『신한.s캐피탈』에서 6월한정 민생안정을 위해 정부와 통합운영 으로 저금리 대출상품을 일시적 으로 제공해 드립니다. 『상품 요약』 정부의 금융지원으로 30일간 상환유예 혜택! -한도내용- *한도 : 2천 ~ 8천만원 *금리 : 연3.14% ~ 7.54% *기간 : 3년 5년 7년 *상환 :원(리)금 균등상환 및 원금만기시일시상환(자유납입) -자격- *20세이상 내국인 모두 *당사 미거래 고객이셔도 가능 *현금 기타소득자(소득증빙x) *직업여부 상관없음(4대보험x) *일시적 대안 상품으로 심사기준 완화(신불자 연체자 제외) 『신청접수』 ars접수☎ [phone] ※문의량이 많아 연결이 지연 될수 있습니다. 무료거부[phone]
msg-7351e83dc9626ada5561,validation,loan_ad,"(광고) ""【국민】에서는 온국민이 행복한 금융을 만듭니다. "" [상품 개요] 정부의 규제 조정을 기반으로 간편한 절차로 저렴한 금리로 대 환은 물론 추가로 한도 신청까지 진행이 가능한 금융상품입니다. [상품] *한도 최대 1억원 *금리 연2.75% ~ 6.4% *기간 최대 10년 만기 *납입은 자유롭게 만기내 자유상환 채무 조정시 초기 60일 무이자 -대상- 만20세 이상의 사업자 및 개인의 소득여부에 관계없이 기존 채무의 상환조건에 개선이 필요한 고객 ※신불자 또는 신복위 제외 대상입니다. [신청 안내] 7월 31일 마감 ☎[phone] 09:00 ~ 18:00 ars방식으로 접수진행되며 자세한 내용은 상담원에게 문의 해주시기 바랍니다. 무료거부[phone]"
msg-8d50f5b84f82748b30f4,train,loan_ad,"(광고) 고객님에 평안을 기원하며 활기찬 새시대를 여는 ""kb국민""이 되겠습니다. 경제관련 현 시점에 정부의 예산지원과 함께 저희 국민에서 고객의 부담을 줄이기 위한 채무관리와 절감된 금리부담으로 추가 자금을 계획할 수 있는 통합대환상품을 출시하여 안내 드립니다. - 상품안내 - -한도 : 3천만원 ~ 1억원 -금리 : 연 2.42% ~ 6.25% -기간 : 기본 2년 ~ 5년 (최대10년까지 연장) -상환방법 : 원금자율상환 ,원리금균등상환 - 자격조건 - * 65세 이하 까지 *직업 무관하며 미소득증빙대상 가능 *4대보험 미가입자 *주거래 이용고객이 아니어도 가능 *2~4금융 기대출 보유 *최근 타사 심사 승인거절 이력 (※추가자금만 별도로 진행 가능) -접수신청 ☎ [phone] ars로 접수가진행되며 안내음성에 따라 번호를 남겨주시면 순차적으로 상담원이 해피콜 드립니다. 상담시간 평일 09:30 ~18:00 ※제공되는 개인정보는 상담종료 후 즉시 폐기 됩니다. 무료거부 [phone]"
msg-e81427b7cea91ed43605,test,loan_ad,(광고)【kbstar.금융】 국민이 살아야 나라가 삽니다. 찜통더위가 여름의 시작으로 다가옵니다. 더워지는 날씨에도 고객님의 안녕을 바라는 마음으로 단비와 같은 정부지원을 통해 고객님의 채무를 보다 유리한 조건에서 변제해 나갈 수 있는 통합대환상품 안내 입니다. {상품내용} *대환한도 :3천 ~ 1억원 *추가한도 :2천 ~ 5천만원 * 금 리 :연 3.28% ~ 6.89% *대출기간 : 3년 ~ 10년 원리금 균등상환 *대출자격 -만20세이상의 내국인 누구나 가능 -당사 및 타사의 기대출 보유 고객님 -4대보험 미가입자나 소득증빙이 안돼시는 분도 대환이나 추가대출 신청이 가능 하십니다. (※이미 신용불량이시거나 연체정보가 많으신분은 진행이 어려우십니다.) {신청 접수} ☏[phone] 접수상담시간 :평일 09:30 ~ 18:00 상담자가 많으니 ars접수로 안내음성에따라 상담받으실 연락처를 남겨주세요. 접수 순서에 따라 상담사가 조속히 연락 드리겠습니다. ※본 상품은 심사과정의 단순한 조회만으로는 고객님의 신용등급에 영향을 미치지 않습니다. 무료거부 [phone]
msg-fb1740665c3a8df2728e,validation,loan_ad,"(광고) ""『kbstar.금융』이 온 국민의 경제적 안정에 디딤돌이 되겠습니다."" 가정과 개인의 안정적인 생계와 경제적 기반을위해 정부가 추가지원으로 신청이 가능한 대환상품 안내 해드립니다. [상품내용] -한도- *대환 : 2천만원 ~ 1억 5천만원 *추가 : 5백만원 ~ 2천 5백만원 *금 리 :연 2.65% ~ 5.75% *대출기간 : 10년만기 원금 자유상환 -대상자- *만19세이상 직업무관 *실직 또는 휴직자 및 4대보험 미가입자 *미소득증빙 대상 (※이미 신용불량이시거나 연체정보가 많으신분은 진행이 어려우십니다) {신청 접수} ☏[phone] 접수상담시간 :평일 09:30 ~ 18:00 상담자가 많으니 ars접수 순서에 따라 상담사가 조속히 연락 드리겠습니다. ※본 상품은 심사과정의 단순한 조회만으로는 고객님의 신용등급에 영향을 미치지 않습니다 무료수신거부 [phone]"
msg-aa1ffdd49e000415678a,train,loan_ad,"(광고) kb저축은행 ""『kb.금융』에서 고객님들께 유용한 상품을 안내드립니다."" [상품 내용] 본상품은 정부가 현실적인 소비지출을 장려하기위해 예산을 지원하여 간단한절차만으로 기존의부채를 낮은금리로 전환이 가능한 대환상품입니다. -한도- *대환 : 2천만원 ~ 1억 5천만원 *생계 : 5백만원 ~ 2천만원 *금 리 :연 2.3% ~ 5.15% *대출기간 : 5년, 7년 만기 (상환유예기간 추가 1년) *상환방식 :원금 자유상환,만기일시 -대상자- - 20세이상 직업무관 - 휴직자 및 4대보험 미가입자 - 경영유지에 긴급자금이 필요하신 영세 자영업자 ※과다연체자 ,신불자는 제외대상 [신청 접수] ☏ [phone] 접수상담 :평일 09:30 ~ 18:00 상담자가 많으니 ars 음성 안내에 따라 연락처를 남겨 주세요. ※본 상품은 심사과정의 단순한 조회만으로는 고객님의 신용등급에 영향을 미치지 않습니다 무료수신거부 [phone]"
msg-b789ac48b433840d97a1,train,loan_ad,"(광고) [m.g새마을.금고] (신규대-출안내) *금리인하상품* 10월20일까지 신청고객님께 최대.한도 9천만원까지 15년동안 최저1,4%사용가능, 접수자가 많으니 빠른 지원 바랍니다. 무료거부 [phone]"
msg-382f83f816817c259074,train,loan_ad,"(광고) ""【 신한. sol금융 】에서 고객의 안정된 미래를 함께 만들겠습니다."" 사회적 재난시기에 생계와 국가적 안정된 경제를 위해 정부에서 6월한정 진행되는 긴급지원 대출상품입니다. [상품요약] 실직이나 시기적으로 불안정한 일자리 수급으로 소득이 일정하지 못한 고객님들을 위한 상품입니다. -대출한도 : 2천만원 ~ 최대 8천만원 -대출금리 : 연 3.76% ~ 8.12% -대출기간 : 3년 ~ 5년 (최대 120개월까지 연장가능) -상환방법 :원금자유상환 및 원리금 균등상환 [ 대 상 ] -만19세이상 누구나 -소득증빙 없이도 신청가능 -경영에 어려움을 겪고 계신 영세 자영업자 -4대보험 미가입자 직업 무관으로 주부, 학생 가능 ※단, 이미 신용불량이시거나 연체기록보유자는 진행이 어려우십니다. [신청 접수] ☎[phone] 상담시간: 오전9시 ~ 오후 6시 해당번호로 ars음성에 따라 연락처를 남겨주시면 상담사와 연결이 가능합니다. 무료거부 [phone]"
msg-ee6f27294a26c7350d5b,validation,job_scam,"(광고) 안녕하세요. 취업준비생 여러분! 브리지텍 인사팀 노윤호대리 입니다. 9월 한달간 아래 내용과 같이 공개채 용 하오니 많은 신청 바랍니다. 【채용 공고】 *모집 : 외근직(주거지 인근 시/도) *업무 분야 : 고객사 관리 *고용 형태 : 정규직 *모집 인원 : 3명(충원시 마감) 【근무 조건】 *기간 : 1년 이상 *요일 : 주 5일 (주말,공휴일 휴무) *근무시간 : 09:00 ~ 18:00 【지원 자격】 남녀 무관 하며 만 19세이상 고졸 대상 〈접수방법〉 *채용담당 : 노윤호(인사대리) *카카오톡 : y3765 위 연락처로 연락주시면 면접시 세부 안내 사항 도움 드리겠습니다. ( 신청자가 많으니 빠른신청 바랍니다.) 무료거부[phone]"
msg-9ab97598b92cc2549f26,train,loan_ad,"(광고)""고객님에 희망찬 미래에 「우리금융」이 함께 동행하겠습니다."" 전 국민이 힘든시기, 정부협약으로 우리won에서 독자적으로 진행하는 서민금융상품 6월한정 내에 신청이 가능합니다. [ 상품 내용 ] - 한도 : 1000만원 ~ 1억원 - 금리 : 2.87% ~ 7.36% - 상환방법 : 원금균등상환 (중도상환 수수료 없이 매월 추가 원금 상환 가능) - 기간 : 1년 부터 최대 10년 만기 [ 조건 대상 ] - 기존고객 및 신규 이용 대상 - 만20세 이상 대한민국 국민 누구나 가능 (소득증빙 여부 상관없음) - 4대보험 미가입자(무직 및 현금소득 수령자,일용직)도 가능 - 최근 다른 대출 진행 결과에 관계없이(부결, 승인)신청 가능 [신청기간] ☎[phone] 마감: 6월30일까지 상담: 오전9:30 ~ 오후6:00 ※ 신청자가 많으니 빠른신청 바랍니다. [신청방법] - 본 문자수신번호로 전화 하셔서 1번누르시면 신청이 완료 됩니다. ※신청자가 많아 상담이 지연될수 있습니다. 양해부탁드립니다. ※수신을 희망하지 않으실 경우에는 아래 번호로 수신거부 가능합니다. ※가조회만으로 심사하여 고객님의 신용등급에 변동사항이 없음을 알려드립니다. 무료거부 [phone]"
msg-8cc13371612bd1cf432c,train,other,?[phone]? 114.44.201.149
msg-2a2d71f2c27825584581,test,other,156.249.31.223/iwhjkfe
msg-80bd77dde6b57d4aa6b9,train,other,"""지금 당장 자산을 [재배치] 하셔야 합니다.""언제까지 국내 주식장에서고군분투하실 겁니까?화가 나서 잠도 안 오시죠?더 이상 죽은 시장에 갇혀소중한 돈 그만 잃으십쇼.[미국주식],[비트코인]은 상승한다지만 우리 [통장잔고]는 그저 안타까울 뿐입니다.당장 손절이 힘드시고 피눈물 나시겠지만그 과감한 결단에서큰 반전이 생길 것입니다.아무것도 하지 않으면 아무 일도 일어나지 않습니다.저희는 8년간 운영해온[해외선물] 거래소입니다.12월 수익금 : 30,227,658원11월 수익금 : 30,162,922원다수의 회원분들 속에서몇 년간 운영되는 [소통] 공간매일 13회 정확한 [리딩] 공간우선 구경부터 해보세요.◇◆◇◆◇◆◇◆◇◆◇◆새해이벤트무료쿠폰지급.kr새해이벤트무료쿠폰지급.kr◇◆◇◆◇◆◇◆◇◆◇◆※ 카톡 문의 : nyc0001※ 텔레 문의 : @ynd1111[부자]는 태어나는 것일까요?노력으로 되는 것일까요?1997년 외환위기2008년 금융위기2020년 코로나평생 이룬 결과물이무너졌던 이 시기에누군가는 전에 없을부를 쌓았습니다.증시가 올라도 내려도 버는그들은 알고 나는 몰랐던 비밀.◇◆◇◆◇◆◇◆◇◆◇◆새해이벤트무료쿠폰지급.kr새해이벤트무료쿠폰지급.kr◇◆◇◆◇◆◇◆◇◆◇◆※ 카톡 문의 : nyc0001※ 텔레 문의 : @ynd[number]월 수익금 : 30,162,922원10월 수익금 : 30,047,292원모두가 똑같이 보는 뉴스에누구는 그 가치를 모르지만누구는 그 안에서 기회를 만들어 갑니다.[선물투자]는 결코도박이 아닙니다. 정보를 읽고 분석하고예측을 통해 수익 낼 수 있는엄연한 정식[투자처]입니다.혼자는 분명어려우실 수 있습니다.정확한 정보와 노하우를알려드리겠습니다.선택은 여러분 몫입니다.8년 차 운영[무사고] 안전 거래소1. 문의 시 [치킨] [커피]2. 50 투자 시 [50만원] 지원3. 소액 원금 보장 혜택4. 지인이벤트 [30만원]5. 무료 소통방, 리딩방 운영6. 20~30% 무한 추가 지원◇◆◇◆◇◆◇◆◇◆◇◆새해이벤트무료쿠폰지급.kr새해이벤트무료쿠폰지급.kr◇◆◇◆◇◆◇◆◇◆◇◆※ 카톡 문의 : nyc0001※ 텔레 문의 : @ynd1111오래된 척을 하는 곳과정말로 오래된 곳은 그 결이 확실히 다릅니다.직접 오셔서 차이를느껴보시길 바랍니다."
