date,region,category,ad_spend,visits,sales
2024-07-01 18:20:00,Busan,fashion,19.0,49,114.0
2024-07-01 17:52:00,Busan,home,84.9,43,133.0
2024-07-01 14:21:00,Gwangju,home,12.1,50,71.0
2024-07-01 22:14:00,Daegu,home,56.3,52,323.0
2024-07-01 12:38:00,Busan,home,94.8,51,57.0
2024-07-01 13:27:00,Incheon,fashion,64.9,58,226.0
2024-07-01 12:03:00,Busan,tech,56.8,51,486.0
2024-07-01 18:33:00,Busan,tech,93.4,55,307.0
2024-07-01 16:39:00,Gwangju,home,77.3,51,484.0
2024-07-01 17:44:00,Seoul,food,82.2,56,52.0
2024-07-01 19:16:00,Daegu,fashion,79.4,37,102.0
2024-07-01 19:07:00,Incheon,tech,18.6,47,350.0
2024-07-01 17:21:00,Daegu,fashion,52.5,40,392.0
2024-07-01 16:13:00,Daegu,food,74.0,40,141.0
2024-07-01 20:48:00,Incheon,food,55.8,61,235.0
2024-07-01 18:35:00,Gwangju,home,63.9,54,331.0
2024-07-01 14:52:00,Incheon,home,29.7,48,196.0
2024-07-01 11:24:00,Seoul,food,30.5,48,437.0
2024-07-01 08:07:00,Daegu,food,53.6,54,160.0
2024-07-01 12:31:00,Seoul,home,42.7,44,185.0
2024-07-01 14:16:00,Daegu,food,97.9,48,205.0
2024-07-01 17:01:00,Gwangju,home,50.3,51,86.0
2024-07-01 15:16:00,Gwangju,home,98.5,48,409.0
2024-07-01 12:58:00,Gwangju,fashion,63.2,54,280.0
2024-07-01 13:31:00,Incheon,food,72.2,48,112.0
2024-07-01 14:24:00,Busan,fashion,58.7,54,129.0
2024-07-01 22:51:00,Incheon,food,31.8,39,455.0
2024-07-01 17:08:00,Seoul,fashion,73.0,58,232.0
2024-07-01 20:51:00,Daegu,food,24.5,61,54.0
2024-07-01 11:34:00,Seoul,food,35.6,46,252.0
2024-07-01 22:35:00,Seoul,home,31.4,46,342.0
2024-07-01 19:16:00,Seoul,home,18.4,47,160.0
2024-07-01 22:44:00,Daegu,tech,91.5,49,340.0
2024-07-01 17:32:00,Gwangju,home,75.0,45,340.0
2024-07-01 12:27:00,Gwangju,tech,92.3,47,468.0
2024-07-01 15:52:00,Daegu,home,86.8,45,433.0
2024-07-01 14:17:00,Seoul,tech,94.3,54,94.0
2024-07-01 17:21:00,Busan,fashion,56.6,60,364.0
2024-07-01 18:47:00,Gwangju,tech,82.8,62,276.0
2024-07-01 19:00:00,Incheon,fashion,40.4,47,310.0
2024-07-01 09:24:00,Busan,fashion,98.4,44,186.0
2024-07-01 16:36:00,Seoul,home,79.3,44,88.0
2024-07-01 10:51:00,Daegu,fashion,22.5,55,229.0
2024-07-01 15:57:00,Busan,food,26.6,38,360.0
2024-07-01 10:57:00,Seoul,fashion,32.5,51,347.0
2024-07-01 14:15:00,Gwangju,fashion,69.1,49,71.0
2024-07-01 16:50:00,Gwangju,tech,11.3,40,68.0
2024-07-02 16:25:00,Busan,home,82.6,47,342.0
2024-07-02 10:53:00,Gwangju,home,14.1,47,276.0
2024-07-02 19:04:00,Gwangju,home,65.4,59,410.0
2024-07-02 17:34:00,Incheon,food,51.2,51,224.0
2024-07-02 21:09:00,Daegu,home,34.7,43,68.0
2024-07-02 17:22:00,Seoul,tech,38.7,58,417.0
2024-07-02 14:03:00,Busan,food,41.4,64,238.0
2024-07-02 21:35:00,Busan,food,77.6,48,399.0
2024-07-02 14:31:00,Gwangju,home,48.6,55,96.0
2024-07-02 20:19:00,Seoul,tech,36.8,39,481.0
2024-07-02 19:08:00,Incheon,tech,70.9,50,87.0
2024-07-02 11:11:00,Seoul,home,70.5,56,405.0
2024-07-02 11:41:00,Busan,fashion,99.6,51,486.0
2024-07-02 17:57:00,Incheon,food,19.1,38,83.0
2024-07-02 19:57:00,Busan,food,56.2,44,438.0
2024-07-02 20:16:00,Seoul,food,77.8,47,400.0
2024-07-02 16:26:00,Busan,tech,39.7,49,232.0
2024-07-02 16:19:00,Incheon,home,20.6,53,313.0
2024-07-02 21:59:00,Seoul,food,88.2,37,486.0
2024-07-02 16:40:00,Seoul,tech,36.5,48,462.0
2024-07-02 21:15:00,Incheon,home,65.8,45,259.0
2024-07-02 14:49:00,Incheon,home,42.4,45,65.0
2024-07-02 14:52:00,Incheon,food,71.6,55,238.0
2024-07-02 21:49:00,Daegu,food,24.8,48,266.0
2024-07-02 22:10:00,Gwangju,tech,44.3,58,237.0
2024-07-02 14:47:00,Incheon,food,58.1,52,391.0
2024-07-02 15:20:00,Seoul,tech,32.6,45,445.0
2024-07-02 18:33:00,Incheon,fashion,20.2,54,398.0
2024-07-02 16:11:00,Seoul,tech,97.1,38,315.0
2024-07-02 16:22:00,Gwangju,food,67.5,52,300.0
2024-07-02 11:33:00,Incheon,food,56.3,56,330.0
2024-07-02 19:04:00,Gwangju,home,51.3,58,80.0
2024-07-02 10:05:00,Gwangju,tech,39.6,53,84.0
2024-07-02 11:54:00,Daegu,tech,72.8,42,235.0
2024-07-02 20:26:00,Gwangju,home,25.5,43,126.0
2024-07-02 14:21:00,Gwangju,tech,20.9,49,214.0
2024-07-02 16:44:00,Daegu,food,18.3,50,280.0
2024-07-02 12:47:00,Gwangju,food,34.9,57,133.0
2024-07-02 13:55:00,Busan,home,43.2,49,67.0
2024-07-02 13:06:00,Daegu,fashion,86.0,55,440.0
2024-07-02 14:50:00,Seoul,fashion,44.0,43,104.0
2024-07-02 20:19:00,Seoul,home,42.0,53,313.0
2024-07-02 18:46:00,Seoul,home,21.5,45,341.0
2024-07-02 16:55:00,Daegu,food,39.7,63,151.0
2024-07-02 15:47:00,Incheon,tech,26.8,45,454.0
2024-07-02 10:50:00,Gwangju,home,99.8,61,463.0
2024-07-02 08:53:00,Seoul,tech,25.4,51,176.0
2024-07-02 18:05:00,Busan,tech,74.0,43,288.0
2024-07-02 18:13:00,Gwangju,tech,23.9,50,73.0
2024-07-02 14:09:00,Gwangju,fashion,59.4,43,90.0
2024-07-02 12:08:00,Seoul,food,63.6,49,207.0
2024-07-02 21:59:00,Incheon,tech,21.2,42,384.0
2024-07-02 16:28:00,Daegu,food,77.5,43,335.0
2024-07-02 20:24:00,Gwangju,tech,45.3,57,220.0
2024-07-02 15:37:00,Seoul,fashion,49.5,52,226.0
2024-07-02 16:52:00,Daegu,fashion,20.5,64,201.0
2024-07-02 12:14:00,Gwangju,food,58.0,60,118.0
2024-07-02 14:36:00,Daegu,fashion,22.9,43,272.0
2024-07-02 18:53:00,Gwangju,fashion,44.1,49,276.0
2024-07-03 15:44:00,Busan,fashion,67.7,54,163.0
2024-07-03 14:10:00,Busan,home,62.5,48,476.0
2024-07-03 12:12:00,Busan,food,33.0,55,96.0
2024-07-03 20:04:00,Gwangju,home,68.6,56,81.0
2024-07-03 10:13:00,Seoul,tech,92.0,40,124.0
2024-07-03 12:22:00,Seoul,food,88.3,50,230.0
2024-07-03 10:08:00,Busan,home,80.9,52,237.0
2024-07-03 19:37:00,Busan,fashion,41.2,55,151.0
2024-07-03 15:50:00,Seoul,fashion,24.9,56,149.0
2024-07-03 13:48:00,Seoul,home,51.3,51,291.0
2024-07-03 12:06:00,Seoul,home,16.0,55,454.0
2024-07-03 13:28:00,Seoul,food,44.0,58,182.0
2024-07-03 18:49:00,Busan,tech,49.7,48,120.0
2024-07-03 12:28:00,Daegu,home,34.5,61,410.0
2024-07-03 22:31:00,Busan,fashion,69.3,44,59.0
2024-07-03 11:46:00,Gwangju,fashion,89.9,51,412.0
2024-07-03 22:31:00,Daegu,home,45.7,54,182.0
2024-07-03 20:06:00,Busan,fashion,76.2,58,444.0
2024-07-03 17:17:00,Busan,food,83.6,47,221.0
2024-07-03 16:11:00,Incheon,food,41.1,56,437.0
2024-07-03 13:57:00,Incheon,home,20.3,49,268.0
2024-07-03 16:08:00,Busan,food,46.2,44,240.0
2024-07-03 11:28:00,Gwangju,tech,34.5,40,173.0
2024-07-03 16:24:00,Busan,home,28.6,52,349.0
2024-07-03 12:44:00,Seoul,tech,46.4,56,209.0
2024-07-03 21:00:00,Daegu,food,64.3,44,180.0
2024-07-03 14:48:00,Daegu,fashion,64.9,66,479.0
2024-07-03 11:55:00,Seoul,tech,12.8,45,73.0
2024-07-03 16:44:00,Daegu,tech,66.1,49,208.0
2024-07-03 15:42:00,Busan,food,32.2,57,363.0
2024-07-03 13:33:00,Incheon,fashion,38.3,57,285.0
2024-07-03 10:15:00,Daegu,home,67.5,56,337.0
2024-07-03 22:17:00,Seoul,home,29.9,63,306.0
2024-07-03 20:13:00,Gwangju,fashion,36.8,65,438.0
2024-07-03 19:17:00,Daegu,tech,68.0,53,302.0
2024-07-03 16:02:00,Gwangju,fashion,40.6,55,192.0
2024-07-03 16:28:00,Seoul,food,66.3,60,155.0
2024-07-03 09:41:00,Busan,tech,10.0,43,470.0
2024-07-03 10:45:00,Incheon,food,79.0,48,332.0
2024-07-03 20:46:00,Seoul,tech,18.3,46,380.0
2024-07-03 08:44:00,Busan,home,74.4,52,460.0
2024-07-03 09:14:00,Seoul,food,71.2,56,238.0
2024-07-03 20:45:00,Daegu,tech,65.2,53,281.0
2024-07-03 13:33:00,Seoul,tech,13.3,57,147.0
2024-07-03 16:19:00,Busan,food,25.7,48,363.0
2024-07-03 12:31:00,Daegu,tech,66.1,55,453.0
2024-07-03 19:10:00,Seoul,home,33.9,41,480.0
2024-07-03 19:08:00,Seoul,food,76.2,45,52.0
2024-07-03 17:47:00,Busan,tech,17.3,44,84.0
2024-07-03 19:39:00,Gwangju,home,56.4,61,348.0
2024-07-03 16:12:00,Gwangju,food,89.1,57,433.0
2024-07-04 19:24:00,Gwangju,tech,19.5,54,447.0
2024-07-04 21:56:00,Daegu,fashion,84.3,41,385.0
2024-07-04 12:35:00,Busan,tech,78.1,45,88.0
2024-07-04 14:40:00,Seoul,home,33.4,53,401.0
2024-07-04 11:29:00,Busan,food,96.7,47,469.0
2024-07-04 11:03:00,Incheon,home,79.4,65,397.0
2024-07-04 18:53:00,Seoul,tech,65.9,55,391.0
2024-07-04 09:10:00,Seoul,tech,43.5,57,50.0
2024-07-04 12:33:00,Gwangju,home,48.4,49,408.0
2024-07-04 17:51:00,Busan,fashion,71.2,53,478.0
2024-07-04 12:27:00,Gwangju,food,91.9,56,190.0
2024-07-04 14:37:00,Busan,food,28.0,59,303.0
2024-07-04 16:26:00,Incheon,tech,28.3,39,254.0
2024-07-04 16:06:00,Daegu,food,21.8,52,267.0
2024-07-04 11:16:00,Incheon,home,48.7,43,79.0
2024-07-04 16:52:00,Busan,home,49.0,49,228.0
2024-07-04 22:37:00,Daegu,food,78.1,55,116.0
2024-07-04 11:45:00,Incheon,home,41.1,37,447.0
2024-07-04 10:12:00,Incheon,tech,45.7,41,360.0
2024-07-04 19:33:00,Busan,fashion,70.3,66,453.0
2024-07-04 17:08:00,Seoul,tech,94.2,65,403.0
2024-07-04 17:06:00,Daegu,home,59.8,52,266.0
2024-07-04 09:59:00,Busan,tech,17.3,36,122.0
2024-07-04 20:57:00,Daegu,fashion,52.3,55,245.0
2024-07-04 09:43:00,Busan,tech,74.7,43,82.0
2024-07-04 09:32:00,Incheon,food,88.1,55,241.0
2024-07-04 14:43:00,Incheon,home,13.6,59,247.0
2024-07-04 18:35:00,Busan,fashion,91.1,48,317.0
2024-07-04 20:11:00,Daegu,food,51.9,58,399.0
2024-07-04 15:29:00,Busan,home,43.6,50,81.0
2024-07-04 15:53:00,Incheon,food,50.1,50,317.0
2024-07-04 12:58:00,Seoul,food,45.9,59,315.0
2024-07-04 17:35:00,Gwangju,fashion,50.8,44,126.0
2024-07-04 16:09:00,Incheon,tech,23.1,49,477.0
2024-07-04 13:53:00,Incheon,home,13.3,55,264.0
2024-07-04 19:43:00,Incheon,fashion,88.1,43,171.0
2024-07-04 10:36:00,Incheon,tech,13.5,40,470.0
2024-07-04 14:48:00,Daegu,tech,71.9,48,359.0
2024-07-04 09:24:00,Busan,food,88.1,49,270.0
2024-07-04 17:19:00,Gwangju,home,73.4,43,486.0
2024-07-04 11:07:00,Gwangju,home,31.1,69,348.0
2024-07-04 22:42:00,Busan,tech,54.7,52,307.0
2024-07-04 09:07:00,Seoul,tech,92.7,52,422.0
2024-07-04 17:40:00,Busan,tech,69.2,59,305.0
2024-07-04 18:03:00,Busan,food,78.9,63,456.0
2024-07-04 20:22:00,Daegu,food,83.6,40,53.0
2024-07-04 14:11:00,Busan,fashion,60.7,47,318.0
2024-07-04 16:34:00,Incheon,tech,16.6,52,329.0
2024-07-04 15:02:00,Gwangju,tech,95.6,57,117.0
2024-07-04 16:14:00,Incheon,home,64.7,56,373.0
2024-07-04 21:44:00,Gwangju,fashion,48.8,61,480.0
2024-07-04 17:50:00,Incheon,food,53.1,43,328.0
2024-07-04 16:45:00,Daegu,food,82.3,51,325.0
2024-07-04 18:48:00,Gwangju,home,84.1,50,437.0
2024-07-04 19:30:00,Seoul,tech,26.7,62,89.0
2024-07-04 19:43:00,Gwangju,tech,20.1,50,407.0
2024-07-04 17:23:00,Busan,food,85.6,61,157.0
2024-07-04 18:49:00,Daegu,home,48.1,53,331.0
2024-07-04 15:49:00,Gwangju,fashion,31.2,59,291.0
2024-07-05 13:06:00,Daegu,tech,33.1,53,114.0
2024-07-05 14:06:00,Gwangju,tech,46.4,48,362.0
2024-07-05 22:59:00,Daegu,home,75.2,52,86.0
2024-07-05 10:32:00,Incheon,fashion,46.1,47,328.0
2024-07-05 15:59:00,Busan,home,82.0,44,446.0
2024-07-05 17:53:00,Incheon,food,51.1,43,220.0
2024-07-05 14:34:00,Busan,fashion,51.9,36,481.0
2024-07-05 12:30:00,Seoul,fashion,58.2,39,390.0
2024-07-05 14:11:00,Incheon,fashion,93.4,44,119.0
2024-07-05 22:39:00,Incheon,food,85.8,50,90.0
2024-07-05 18:32:00,Gwangju,home,55.6,42,103.0
2024-07-05 13:44:00,Busan,food,17.9,64,187.0
2024-07-05 15:22:00,Busan,home,88.6,42,309.0
2024-07-05 16:51:00,Busan,home,93.8,40,221.0
2024-07-05 20:29:00,Daegu,home,29.1,57,60.0
2024-07-05 12:34:00,Busan,tech,97.8,53,110.0
2024-07-05 19:35:00,Seoul,tech,90.8,58,479.0
2024-07-05 19:12:00,Gwangju,tech,16.1,46,248.0
2024-07-05 11:05:00,Gwangju,fashion,65.8,53,78.0
2024-07-05 18:09:00,Seoul,tech,53.6,56,184.0
2024-07-05 15:08:00,Daegu,food,20.9,46,361.0
2024-07-05 10:03:00,Incheon,fashion,30.6,44,128.0
2024-07-05 17:37:00,Busan,fashion,81.3,48,209.0
2024-07-05 16:21:00,Gwangju,food,79.2,50,167.0
2024-07-05 18:57:00,Gwangju,food,39.1,58,139.0
2024-07-05 10:31:00,Incheon,food,19.9,51,430.0
2024-07-05 11:25:00,Incheon,tech,39.2,55,219.0
2024-07-05 15:37:00,Busan,food,96.1,41,346.0
2024-07-05 21:01:00,Incheon,home,32.9,58,456.0
2024-07-05 15:10:00,Busan,home,90.6,53,80.0
2024-07-05 16:18:00,Gwangju,home,98.9,49,67.0
2024-07-05 18:00:00,Gwangju,fashion,16.4,55,183.0
2024-07-05 14:14:00,Daegu,fashion,80.5,47,297.0
2024-07-05 19:07:00,Busan,tech,17.4,50,402.0
2024-07-05 13:08:00,Busan,fashion,28.5,40,399.0
2024-07-05 17:57:00,Busan,tech,81.9,52,387.0
2024-07-05 19:59:00,Busan,fashion,13.9,40,93.0
2024-07-05 15:13:00,Incheon,tech,65.2,65,105.0
2024-07-05 13:45:00,Seoul,home,99.3,54,446.0
2024-07-05 13:46:00,Busan,food,78.0,49,378.0
2024-07-05 18:43:00,Daegu,home,59.1,33,109.0
2024-07-05 18:26:00,Busan,fashion,54.0,41,236.0
2024-07-06 17:53:00,Daegu,fashion,72.0,59,393.0
2024-07-06 12:41:00,Busan,home,83.1,45,446.0
2024-07-06 17:24:00,Busan,food,76.0,52,210.0
2024-07-06 18:51:00,Incheon,tech,86.3,56,390.0
2024-07-06 19:05:00,Daegu,food,21.2,48,401.0
2024-07-06 13:25:00,Gwangju,tech,47.1,54,329.0
2024-07-06 14:56:00,Gwangju,home,46.2,59,376.0
2024-07-06 11:57:00,Incheon,home,14.8,50,321.0
2024-07-06 09:18:00,Seoul,fashion,16.9,35,403.0
2024-07-06 18:30:00,Incheon,home,56.8,47,381.0
2024-07-06 13:51:00,Seoul,fashion,82.1,56,185.0
2024-07-06 12:05:00,Incheon,home,80.7,40,428.0
2024-07-06 15:08:00,Busan,home,28.3,42,314.0
2024-07-06 16:05:00,Seoul,fashion,36.9,64,243.0
2024-07-06 20:28:00,Gwangju,home,82.2,49,110.0
2024-07-06 10:38:00,Busan,fashion,49.3,55,122.0
2024-07-06 17:59:00,Seoul,fashion,93.0,49,177.0
2024-07-06 09:21:00,Incheon,fashion,32.2,61,172.0
2024-07-06 18:41:00,Seoul,food,34.1,42,71.0
2024-07-06 17:42:00,Seoul,food,57.9,48,455.0
2024-07-06 09:55:00,Daegu,home,21.5,60,423.0
2024-07-06 18:13:00,Seoul,food,98.3,45,139.0
2024-07-06 16:18:00,Daegu,food,95.2,70,60.0
2024-07-06 18:41:00,Seoul,fashion,71.5,44,294.0
2024-07-06 19:48:00,Seoul,tech,17.4,49,125.0
2024-07-06 21:47:00,Seoul,tech,18.8,59,387.0
2024-07-06 14:46:00,Incheon,fashion,51.3,43,124.0
2024-07-06 14:45:00,Incheon,tech,11.6,40,123.0
2024-07-06 13:40:00,Busan,home,79.5,49,292.0
2024-07-06 16:05:00,Incheon,fashion,84.0,47,484.0
2024-07-06 13:09:00,Incheon,home,78.2,45,339.0
2024-07-06 12:45:00,Busan,tech,50.3,51,326.0
2024-07-06 14:26:00,Busan,fashion,98.5,41,133.0
2024-07-06 20:59:00,Daegu,food,49.6,52,447.0
2024-07-06 19:45:00,Seoul,fashion,53.7,40,195.0
2024-07-06 22:57:00,Daegu,fashion,21.7,54,63.0
2024-07-06 19:25:00,Gwangju,fashion,26.9,51,191.0
2024-07-06 16:46:00,Incheon,home,38.3,45,446.0
2024-07-06 16:47:00,Gwangju,home,84.3,39,114.0
2024-07-06 14:46:00,Busan,tech,65.2,49,382.0
2024-07-06 19:29:00,Daegu,fashion,12.8,55,192.0
2024-07-06 08:46:00,Seoul,home,30.4,58,339.0
2024-07-06 17:24:00,Gwangju,fashion,78.7,48,457.0
2024-07-06 13:08:00,Daegu,home,69.8,45,352.0
2024-07-06 16:26:00,Busan,home,44.2,44,108.0
2024-07-06 15:13:00,Daegu,home,11.6,48,485.0
2024-07-06 11:56:00,Daegu,tech,92.0,55,423.0
2024-07-06 14:46:00,Incheon,tech,29.7,40,168.0
2024-07-06 10:32:00,Incheon,food,84.2,37,379.0
2024-07-06 17:58:00,Incheon,home,86.7,54,452.0
2024-07-06 12:54:00,Gwangju,tech,81.5,50,424.0
2024-07-06 17:32:00,Gwangju,food,57.3,49,203.0
2024-07-06 12:21:00,Gwangju,fashion,50.1,56,354.0
2024-07-06 11:03:00,Incheon,food,97.4,45,263.0
2024-07-06 22:07:00,Seoul,tech,42.6,49,113.0
2024-07-06 14:00:00,Seoul,food,52.6,53,251.0
2024-07-07 16:48:00,Seoul,tech,85.0,58,258.0
2024-07-07 15:41:00,Daegu,tech,93.9,48,328.0
2024-07-07 11:50:00,Daegu,fashion,61.7,33,468.0
2024-07-07 12:39:00,Incheon,fashion,47.0,61,324.0
2024-07-07 14:44:00,Busan,fashion,95.9,58,442.0
2024-07-07 13:03:00,Seoul,fashion,69.6,39,297.0
2024-07-07 20:11:00,Busan,fashion,41.9,64,355.0
2024-07-07 14:10:00,Gwangju,tech,55.2,41,119.0
2024-07-07 12:05:00,Daegu,food,91.2,36,114.0
2024-07-07 08:11:00,Daegu,fashion,53.7,52,105.0
2024-07-07 16:30:00,Seoul,fashion,83.5,37,433.0
2024-07-07 15:44:00,Seoul,food,87.6,52,223.0
2024-07-07 15:43:00,Seoul,fashion,18.9,60,217.0
2024-07-07 09:59:00,Seoul,home,43.7,42,114.0
2024-07-07 20:00:00,Incheon,fashion,12.3,53,203.0
2024-07-07 10:10:00,Seoul,food,70.9,52,148.0
2024-07-07 22:00:00,Incheon,food,22.6,50,277.0
2024-07-07 21:03:00,Busan,fashion,28.8,63,228.0
2024-07-07 14:14:00,Gwangju,tech,21.7,58,219.0
2024-07-07 16:05:00,Incheon,tech,84.4,68,223.0
2024-07-07 14:03:00,Gwangju,food,53.0,51,161.0
2024-07-07 19:02:00,Busan,tech,33.3,43,204.0
2024-07-07 13:43:00,Daegu,fashion,59.0,42,500.0
2024-07-07 12:33:00,Daegu,home,46.2,53,329.0
2024-07-07 13:20:00,Incheon,food,52.8,51,484.0
2024-07-07 20:10:00,Gwangju,fashion,88.3,41,106.0
2024-07-07 19:19:00,Seoul,tech,13.1,50,390.0
2024-07-07 16:54:00,Busan,home,35.7,43,224.0
2024-07-07 16:56:00,Daegu,tech,75.3,60,250.0
2024-07-07 17:46:00,Incheon,fashion,96.0,43,434.0
2024-07-07 15:48:00,Seoul,home,31.6,46,64.0
2024-07-07 22:30:00,Busan,home,93.6,50,340.0
2024-07-07 19:40:00,Daegu,home,57.6,38,70.0
2024-07-07 14:36:00,Seoul,fashion,22.9,56,346.0
2024-07-07 18:35:00,Daegu,tech,19.4,48,176.0
2024-07-07 17:30:00,Daegu,fashion,59.4,53,364.0
2024-07-07 08:18:00,Daegu,tech,37.0,37,408.0
2024-07-07 18:59:00,Busan,tech,73.9,53,439.0
2024-07-07 15:22:00,Daegu,tech,38.9,49,338.0
2024-07-07 22:20:00,Daegu,food,47.5,56,374.0
2024-07-07 20:09:00,Busan,home,66.2,37,159.0
2024-07-07 18:51:00,Gwangju,home,36.1,51,463.0
2024-07-07 18:11:00,Busan,tech,84.1,55,231.0
2024-07-07 11:48:00,Busan,food,14.2,45,78.0
2024-07-07 19:40:00,Gwangju,home,76.7,46,212.0
2024-07-07 13:26:00,Busan,home,61.5,48,471.0
2024-07-07 17:16:00,Busan,fashion,54.4,48,367.0
2024-07-07 08:22:00,Gwangju,food,88.8,43,108.0
2024-07-07 17:24:00,Seoul,food,52.8,39,223.0
2024-07-08 11:13:00,Daegu,home,10.3,59,298.0
2024-07-08 15:01:00,Seoul,food,88.3,55,408.0
2024-07-08 18:44:00,Busan,food,22.3,53,192.0
2024-07-08 17:20:00,Incheon,home,52.1,52,69.0
2024-07-08 17:48:00,Busan,food,34.1,58,221.0
2024-07-08 14:21:00,Seoul,home,95.4,46,170.0
2024-07-08 18:24:00,Incheon,tech,56.7,54,398.0
2024-07-08 18:39:00,Incheon,tech,87.1,51,222.0
2024-07-08 15:36:00,Gwangju,food,79.6,50,217.0
2024-07-08 08:42:00,Gwangju,home,59.4,60,296.0
2024-07-08 19:22:00,Seoul,home,51.2,48,80.0
2024-07-08 13:33:00,Busan,home,52.6,36,312.0
2024-07-08 22:54:00,Gwangju,home,99.2,37,151.0
2024-07-08 12:41:00,Seoul,tech,86.2,46,492.0
2024-07-08 16:03:00,Incheon,fashion,33.4,47,181.0
2024-07-08 16:46:00,Seoul,tech,15.6,41,334.0
2024-07-08 15:53:00,Seoul,tech,37.2,56,477.0
2024-07-08 21:05:00,Busan,tech,59.2,49,125.0
2024-07-08 15:43:00,Gwangju,fashion,70.7,50,347.0
2024-07-08 11:03:00,Daegu,home,99.5,51,247.0
2024-07-08 17:54:00,Busan,tech,11.3,58,210.0
2024-07-08 18:42:00,Gwangju,home,98.0,56,265.0
2024-07-08 18:46:00,Seoul,fashion,70.0,42,397.0
2024-07-08 16:08:00,Gwangju,tech,80.6,47,412.0
2024-07-08 10:41:00,Incheon,home,86.3,55,243.0
2024-07-08 09:02:00,Incheon,food,10.0,61,496.0
2024-07-08 21:00:00,Seoul,food,53.3,53,65.0
2024-07-08 10:38:00,Daegu,tech,42.1,56,304.0
2024-07-08 14:03:00,Seoul,tech,91.2,55,480.0
2024-07-08 12:55:00,Gwangju,food,95.5,52,311.0
2024-07-08 16:25:00,Daegu,fashion,22.9,48,431.0
2024-07-08 15:13:00,Incheon,fashion,52.9,50,316.0
2024-07-08 12:18:00,Incheon,tech,16.4,50,415.0
2024-07-08 19:35:00,Busan,food,79.4,53,444.0
2024-07-08 16:55:00,Incheon,fashion,93.8,48,289.0
2024-07-08 16:59:00,Gwangju,food,97.6,44,187.0
2024-07-08 13:50:00,Incheon,home,37.9,55,237.0
2024-07-08 18:57:00,Busan,tech,39.3,55,132.0
2024-07-08 15:58:00,Incheon,fashion,29.8,56,117.0
2024-07-08 15:54:00,Busan,tech,11.9,45,171.0
2024-07-08 17:21:00,Seoul,food,64.1,46,392.0
2024-07-08 11:00:00,Seoul,fashion,43.2,63,364.0
2024-07-08 18:58:00,Seoul,fashion,72.5,45,138.0
2024-07-08 14:05:00,Incheon,home,24.2,40,352.0
2024-07-08 15:00:00,Seoul,fashion,53.4,50,458.0
2024-07-08 09:42:00,Incheon,fashion,11.0,49,367.0
2024-07-08 19:56:00,Seoul,food,58.7,48,267.0
2024-07-08 11:47:00,Daegu,fashion,45.7,41,121.0
2024-07-08 14:22:00,Busan,home,83.5,50,191.0
2024-07-08 21:49:00,Daegu,fashion,11.1,54,297.0
2024-07-08 14:10:00,Gwangju,fashion,47.0,64,445.0
2024-07-08 17:55:00,Daegu,food,35.7,49,200.0
2024-07-08 10:46:00,Incheon,food,67.8,54,140.0
2024-07-08 15:53:00,Gwangju,home,99.1,46,462.0
2024-07-08 08:28:00,Busan,food,19.3,51,312.0
2024-07-08 13:48:00,Incheon,fashion,33.8,43,171.0
2024-07-08 14:09:00,Busan,fashion,63.6,37,363.0
2024-07-08 15:34:00,Busan,tech,67.7,54,304.0
2024-07-08 15:31:00,Seoul,fashion,34.4,52,476.0
2024-07-09 21:21:00,Daegu,home,10.6,56,218.0
2024-07-09 10:00:00,Seoul,food,62.5,44,481.0
2024-07-09 15:44:00,Busan,home,70.5,39,462.0
2024-07-09 15:14:00,Incheon,food,56.1,44,352.0
2024-07-09 18:44:00,Seoul,food,89.0,55,162.0
2024-07-09 13:04:00,Daegu,home,92.0,47,147.0
2024-07-09 17:15:00,Busan,tech,95.6,58,420.0
2024-07-09 21:12:00,Daegu,tech,56.2,45,242.0
2024-07-09 13:42:00,Seoul,fashion,34.2,47,350.0
2024-07-09 18:20:00,Busan,food,88.6,53,275.0
2024-07-09 16:42:00,Gwangju,fashion,15.8,58,250.0
2024-07-09 09:03:00,Gwangju,fashion,54.2,63,394.0
2024-07-09 15:49:00,Seoul,food,93.2,40,404.0
2024-07-09 21:49:00,Daegu,food,84.4,49,54.0
2024-07-09 21:26:00,Busan,fashion,32.9,55,443.0
2024-07-09 19:45:00,Gwangju,home,66.9,47,154.0
2024-07-09 14:08:00,Daegu,food,55.3,43,355.0
2024-07-09 19:22:00,Daegu,tech,49.5,52,353.0
2024-07-09 12:45:00,Incheon,fashion,54.0,48,438.0
2024-07-09 16:43:00,Busan,tech,24.5,38,125.0
2024-07-09 20:13:00,Busan,tech,67.1,52,145.0
2024-07-09 14:38:00,Daegu,tech,29.8,51,243.0
2024-07-09 16:09:00,Busan,food,28.3,46,309.0
2024-07-09 09:46:00,Gwangju,home,64.5,40,114.0
2024-07-09 17:06:00,Gwangju,food,78.8,54,478.0
2024-07-09 18:16:00,Daegu,food,70.6,48,150.0
2024-07-09 18:15:00,Seoul,tech,75.1,51,420.0
2024-07-09 19:50:00,Incheon,fashion,35.7,51,419.0
2024-07-09 15:14:00,Daegu,fashion,16.8,48,456.0
2024-07-09 13:31:00,Incheon,fashion,58.8,71,342.0
2024-07-09 10:01:00,Gwangju,food,99.0,33,82.0
2024-07-09 18:39:00,Daegu,fashion,43.3,49,346.0
2024-07-09 18:26:00,Daegu,tech,69.6,50,412.0
2024-07-09 18:14:00,Seoul,home,79.0,52,388.0
2024-07-09 19:57:00,Incheon,food,11.3,43,224.0
2024-07-09 17:27:00,Gwangju,tech,91.7,56,344.0
2024-07-09 20:36:00,Gwangju,tech,78.2,46,371.0
2024-07-09 15:39:00,Daegu,food,31.7,43,459.0
2024-07-09 16:14:00,Seoul,tech,72.7,47,347.0
2024-07-10 17:46:00,Daegu,tech,77.3,44,422.0
2024-07-10 15:45:00,Gwangju,fashion,63.6,45,417.0
2024-07-10 18:22:00,Incheon,tech,72.9,47,64.0
2024-07-10 13:05:00,Gwangju,food,90.0,58,436.0
2024-07-10 18:24:00,Daegu,home,39.3,44,80.0
2024-07-10 11:19:00,Incheon,fashion,94.0,57,53.0
2024-07-10 15:30:00,Gwangju,food,21.7,56,191.0
2024-07-10 17:34:00,Busan,food,78.6,52,331.0
2024-07-10 20:09:00,Daegu,food,16.2,53,354.0
2024-07-10 12:24:00,Incheon,home,63.7,47,145.0
2024-07-10 22:11:00,Busan,home,87.5,49,277.0
2024-07-10 21:17:00,Daegu,fashion,87.7,40,334.0
2024-07-10 10:58:00,Seoul,food,16.3,51,415.0
2024-07-10 15:39:00,Incheon,tech,51.0,53,126.0
2024-07-10 09:47:00,Seoul,fashion,25.4,49,359.0
2024-07-10 20:27:00,Busan,tech,89.3,52,339.0
2024-07-10 10:10:00,Incheon,home,63.5,54,154.0
2024-07-10 20:19:00,Incheon,fashion,89.5,53,438.0
2024-07-10 20:47:00,Daegu,food,82.0,60,140.0
2024-07-10 13:16:00,Seoul,home,94.7,56,206.0
2024-07-10 15:11:00,Seoul,food,86.7,64,224.0
2024-07-10 10:43:00,Busan,tech,52.7,37,288.0
2024-07-10 22:56:00,Incheon,home,24.0,43,149.0
2024-07-10 09:09:00,Incheon,food,41.8,56,494.0
2024-07-10 13:21:00,Busan,fashion,37.2,51,112.0
2024-07-10 16:39:00,Daegu,home,34.6,50,257.0
2024-07-10 14:56:00,Busan,food,47.7,49,308.0
2024-07-10 17:39:00,Seoul,fashion,27.9,33,303.0
2024-07-10 18:39:00,Incheon,tech,27.6,50,272.0
2024-07-10 16:18:00,Incheon,fashion,20.5,57,364.0
2024-07-10 15:31:00,Gwangju,food,95.6,42,311.0
2024-07-10 16:30:00,Incheon,home,59.7,47,114.0
2024-07-10 16:27:00,Gwangju,tech,86.9,50,456.0
2024-07-10 17:37:00,Seoul,tech,43.7,57,89.0
2024-07-10 16:30:00,Gwangju,fashion,40.4,44,285.0
2024-07-10 16:03:00,Gwangju,food,88.4,57,388.0
2024-07-10 12:32:00,Seoul,fashion,28.0,45,477.0
2024-07-10 21:07:00,Daegu,tech,80.7,52,398.0
2024-07-10 18:54:00,Busan,tech,48.7,56,422.0
2024-07-10 12:20:00,Gwangju,home,40.6,50,460.0
2024-07-10 16:30:00,Gwangju,fashion,66.4,45,468.0
2024-07-10 22:43:00,Daegu,fashion,50.4,44,376.0
2024-07-10 11:56:00,Daegu,tech,72.6,52,75.0
2024-07-10 16:30:00,Seoul,food,31.3,54,468.0
2024-07-10 15:49:00,Gwangju,food,84.4,50,155.0
2024-07-10 14:48:00,Gwangju,fashion,36.4,52,137.0
2024-07-10 14:37:00,Gwangju,fashion,55.6,47,203.0
2024-07-10 15:57:00,Seoul,food,41.2,49,175.0
2024-07-10 12:55:00,Daegu,home,33.5,47,471.0
2024-07-10 12:15:00,Busan,home,27.9,42,370.0
2024-07-10 14:54:00,Gwangju,food,92.2,43,77.0
2024-07-10 20:19:00,Busan,fashion,91.4,57,75.0
2024-07-10 08:11:00,Seoul,food,32.5,47,183.0
2024-07-10 14:47:00,Seoul,tech,27.2,43,243.0
2024-07-10 19:21:00,Gwangju,tech,53.7,40,477.0
2024-07-10 12:14:00,Seoul,food,62.5,48,70.0
2024-07-10 13:22:00,Incheon,fashion,93.8,57,346.0
2024-07-11 14:48:00,Daegu,food,80.2,39,213.0
2024-07-11 11:37:00,Gwangju,food,16.1,52,65.0
2024-07-11 17:27:00,Incheon,home,88.6,57,303.0
2024-07-11 13:27:00,Busan,tech,33.4,47,74.0
2024-07-11 17:54:00,Gwangju,fashion,61.7,41,454.0
2024-07-11 18:21:00,Daegu,food,81.5,42,301.0
2024-07-11 12:37:00,Seoul,home,53.4,58,221.0
2024-07-11 19:53:00,Gwangju,fashion,80.3,45,58.0
2024-07-11 17:57:00,Seoul,fashion,57.8,48,345.0
2024-07-11 22:16:00,Seoul,tech,86.0,44,281.0
2024-07-11 18:46:00,Incheon,fashion,16.9,47,231.0
2024-07-11 19:39:00,Gwangju,food,43.6,45,210.0
2024-07-11 15:57:00,Gwangju,home,29.5,45,63.0
2024-07-11 20:03:00,Gwangju,tech,25.1,60,154.0
2024-07-11 16:42:00,Seoul,fashion,29.8,62,333.0
2024-07-11 15:09:00,Busan,tech,71.0,48,421.0
2024-07-11 12:04:00,Busan,food,48.8,47,163.0
2024-07-11 19:39:00,Busan,home,34.7,61,448.0
2024-07-11 16:41:00,Daegu,fashion,98.1,70,378.0
2024-07-11 14:21:00,Daegu,tech,21.9,47,254.0
2024-07-11 18:08:00,Incheon,home,69.4,54,472.0
2024-07-11 12:18:00,Gwangju,fashion,47.8,50,399.0
2024-07-11 11:55:00,Seoul,tech,90.8,38,95.0
2024-07-11 09:13:00,Daegu,home,40.2,37,424.0
2024-07-11 21:06:00,Seoul,home,35.2,45,467.0
2024-07-11 13:15:00,Seoul,fashion,45.4,46,315.0
2024-07-11 15:38:00,Busan,tech,34.8,54,457.0
2024-07-11 15:45:00,Incheon,home,46.9,42,193.0
2024-07-11 13:07:00,Gwangju,tech,18.6,49,442.0
2024-07-11 10:15:00,Busan,fashion,14.6,50,200.0
2024-07-11 15:45:00,Incheon,fashion,29.5,43,460.0
2024-07-11 16:24:00,Incheon,tech,46.8,54,66.0
2024-07-11 15:22:00,Busan,food,32.2,46,105.0
2024-07-11 11:37:00,Incheon,fashion,81.1,41,98.0
2024-07-11 09:22:00,Daegu,food,17.4,50,126.0
2024-07-11 14:34:00,Seoul,food,87.9,45,329.0
2024-07-11 15:01:00,Busan,home,69.9,50,61.0
2024-07-11 15:23:00,Seoul,fashion,60.1,56,418.0
2024-07-11 09:32:00,Daegu,home,27.6,53,406.0
2024-07-11 17:03:00,Incheon,fashion,21.3,58,354.0
2024-07-11 17:01:00,Seoul,home,10.5,41,259.0
2024-07-11 21:32:00,Gwangju,home,77.2,44,109.0
2024-07-11 17:19:00,Busan,fashion,20.2,52,107.0
2024-07-11 09:09:00,Seoul,tech,85.8,50,353.0
2024-07-11 18:53:00,Daegu,tech,69.7,70,451.0
2024-07-11 16:38:00,Gwangju,tech,59.2,58,410.0
2024-07-11 19:21:00,Incheon,food,36.4,50,455.0
2024-07-11 19:32:00,Gwangju,home,65.3,52,390.0
2024-07-11 10:04:00,Incheon,food,67.0,52,378.0
2024-07-11 14:44:00,Gwangju,fashion,21.4,49,193.0
2024-07-11 20:22:00,Daegu,tech,20.6,47,56.0
2024-07-11 16:39:00,Gwangju,fashion,84.1,61,416.0
2024-07-11 15:01:00,Gwangju,food,45.0,44,192.0
2024-07-11 11:10:00,Daegu,food,17.9,49,264.0
2024-07-11 14:01:00,Gwangju,home,71.4,46,335.0
2024-07-11 11:26:00,Incheon,home,61.5,45,242.0
2024-07-11 22:26:00,Gwangju,fashion,26.8,49,432.0
2024-07-11 12:51:00,Busan,tech,19.7,49,294.0
2024-07-11 10:18:00,Daegu,home,52.7,36,183.0
2024-07-11 21:33:00,Daegu,fashion,72.0,44,326.0
2024-07-11 20:39:00,Daegu,home,75.7,47,260.0
2024-07-12 16:42:00,Daegu,food,57.7,46,333.0
2024-07-12 21:06:00,Busan,fashion,43.3,51,193.0
2024-07-12 16:56:00,Busan,food,15.6,47,123.0
2024-07-12 17:16:00,Daegu,home,20.3,64,253.0
2024-07-12 22:37:00,Busan,fashion,69.4,49,78.0
2024-07-12 19:41:00,Seoul,tech,27.8,42,286.0
2024-07-12 11:26:00,Incheon,food,21.4,48,380.0
2024-07-12 13:25:00,Incheon,food,13.8,47,102.0
2024-07-12 13:35:00,Busan,home,17.1,51,228.0
2024-07-12 14:15:00,Daegu,fashion,88.3,47,286.0
2024-07-12 14:47:00,Seoul,home,28.1,46,462.0
2024-07-12 14:25:00,Gwangju,fashion,94.7,72,375.0
2024-07-12 09:21:00,Daegu,food,48.0,60,404.0
2024-07-12 17:38:00,Seoul,tech,17.8,57,109.0
2024-07-12 15:51:00,Gwangju,home,14.9,52,222.0
2024-07-12 13:32:00,Incheon,fashion,27.7,49,169.0
2024-07-12 16:23:00,Busan,home,94.2,49,57.0
2024-07-12 13:30:00,Incheon,home,29.8,53,133.0
2024-07-12 10:22:00,Gwangju,tech,35.5,58,218.0
2024-07-12 17:58:00,Daegu,fashion,76.8,44,223.0
2024-07-12 19:28:00,Daegu,fashion,44.5,58,278.0
2024-07-12 10:44:00,Gwangju,fashion,89.0,51,72.0
2024-07-12 11:37:00,Busan,food,91.2,50,199.0
2024-07-12 16:07:00,Seoul,food,94.3,56,125.0
2024-07-12 10:05:00,Gwangju,fashion,14.2,63,179.0
2024-07-12 17:56:00,Incheon,fashion,39.8,56,344.0
2024-07-12 16:03:00,Seoul,tech,13.7,69,271.0
2024-07-12 12:19:00,Busan,fashion,28.7,52,199.0
2024-07-12 18:12:00,Busan,fashion,41.5,44,424.0
2024-07-12 13:40:00,Seoul,fashion,76.6,52,138.0
2024-07-12 19:27:00,Incheon,home,62.1,59,361.0
2024-07-12 12:34:00,Gwangju,tech,56.8,54,110.0
2024-07-12 12:54:00,Gwangju,tech,91.6,47,268.0
2024-07-12 15:29:00,Gwangju,fashion,41.5,44,139.0
2024-07-12 14:43:00,Busan,home,76.8,56,168.0
2024-07-12 17:44:00,Seoul,fashion,27.6,50,248.0
2024-07-12 14:53:00,Gwangju,home,63.9,50,53.0
2024-07-12 16:56:00,Gwangju,tech,18.2,46,108.0
2024-07-12 16:32:00,Daegu,tech,74.3,47,164.0
2024-07-12 17:24:00,Gwangju,food,87.5,52,319.0
2024-07-12 19:18:00,Seoul,home,36.6,45,124.0
2024-07-12 12:39:00,Busan,tech,49.2,52,80.0
2024-07-12 19:42:00,Busan,tech,56.6,43,230.0
2024-07-13 17:08:00,Gwangju,food,36.4,45,301.0
2024-07-13 18:04:00,Incheon,fashion,69.7,45,72.0
2024-07-13 13:08:00,Gwangju,fashion,29.9,41,275.0
2024-07-13 17:09:00,Incheon,home,13.6,50,469.0
2024-07-13 17:38:00,Gwangju,fashion,44.7,47,118.0
2024-07-13 12:19:00,Incheon,fashion,21.8,54,309.0
2024-07-13 13:05:00,Daegu,tech,23.3,43,336.0
2024-07-13 15:59:00,Daegu,tech,27.9,47,454.0
2024-07-13 19:48:00,Daegu,tech,67.7,61,416.0
2024-07-13 10:15:00,Incheon,fashion,88.8,46,436.0
2024-07-13 18:24:00,Busan,fashion,86.8,46,351.0
2024-07-13 13:50:00,Busan,home,82.2,59,479.0
2024-07-13 14:55:00,Daegu,home,88.4,45,411.0
2024-07-13 22:28:00,Incheon,fashion,88.6,42,373.0
2024-07-13 16:37:00,Incheon,fashion,25.1,58,135.0
2024-07-13 18:40:00,Daegu,fashion,52.9,63,231.0
2024-07-13 15:47:00,Gwangju,food,42.7,60,101.0
2024-07-13 15:13:00,Busan,fashion,16.4,47,155.0
2024-07-13 17:46:00,Gwangju,food,21.9,44,165.0
2024-07-13 16:28:00,Busan,tech,49.7,60,278.0
2024-07-13 12:07:00,Daegu,tech,52.7,49,289.0
2024-07-13 15:52:00,Daegu,food,83.8,53,256.0
2024-07-13 13:01:00,Incheon,food,69.5,55,431.0
2024-07-13 13:15:00,Daegu,food,61.4,49,97.0
2024-07-13 16:21:00,Busan,fashion,77.8,55,368.0
2024-07-13 14:17:00,Daegu,fashion,77.0,54,387.0
2024-07-13 20:15:00,Busan,fashion,77.5,45,87.0
2024-07-13 15:48:00,Gwangju,fashion,70.8,50,440.0
2024-07-13 08:57:00,Busan,tech,13.4,57,303.0
2024-07-13 14:57:00,Seoul,home,99.3,59,368.0
2024-07-13 14:58:00,Incheon,tech,31.1,57,422.0
2024-07-13 08:00:00,Seoul,food,31.0,37,300.0
2024-07-13 14:34:00,Gwangju,tech,98.0,57,292.0
2024-07-13 19:29:00,Busan,fashion,99.4,46,430.0
2024-07-13 20:02:00,Daegu,food,16.3,61,420.0
2024-07-13 16:36:00,Seoul,fashion,52.9,55,248.0
2024-07-13 16:25:00,Incheon,food,85.3,50,411.0
2024-07-13 22:52:00,Incheon,fashion,89.1,66,250.0
2024-07-13 17:01:00,Busan,tech,37.9,50,383.0
2024-07-13 17:53:00,Gwangju,tech,17.9,47,68.0
2024-07-13 14:06:00,Incheon,fashion,41.7,33,226.0
2024-07-13 21:01:00,Busan,food,55.7,52,265.0
2024-07-13 18:02:00,Gwangju,tech,50.5,51,422.0
2024-07-13 17:42:00,Seoul,food,60.6,52,360.0
2024-07-13 16:59:00,Seoul,food,27.7,44,339.0
2024-07-13 17:40:00,Daegu,home,28.4,49,131.0
2024-07-13 11:06:00,Gwangju,fashion,27.9,48,309.0
2024-07-13 19:24:00,Gwangju,home,31.7,48,116.0
2024-07-13 14:16:00,Gwangju,food,10.5,50,188.0
2024-07-13 21:52:00,Busan,home,62.3,55,250.0
2024-07-13 14:09:00,Gwangju,food,27.6,46,392.0
2024-07-13 14:17:00,Daegu,home,62.5,52,191.0
2024-07-13 16:27:00,Gwangju,fashion,77.0,62,204.0
2024-07-13 21:17:00,Gwangju,fashion,41.6,61,393.0
2024-07-13 19:02:00,Daegu,food,86.4,47,473.0
2024-07-13 17:45:00,Incheon,home,13.7,55,59.0
2024-07-13 10:15:00,Busan,home,77.4,47,134.0
2024-07-14 13:06:00,Seoul,tech,12.4,47,289.0
2024-07-14 15:01:00,Incheon,tech,37.0,52,350.0
2024-07-14 16:47:00,Incheon,home,13.5,53,298.0
2024-07-14 12:58:00,Daegu,fashion,75.8,51,342.0
2024-07-14 10:35:00,Busan,home,85.8,52,136.0
2024-07-14 16:18:00,Incheon,fashion,86.6,38,356.0
2024-07-14 14:02:00,Busan,food,73.6,51,138.0
2024-07-14 13:20:00,Gwangju,food,60.4,59,246.0
2024-07-14 21:13:00,Busan,home,27.4,39,420.0
2024-07-14 11:02:00,Daegu,food,60.8,52,221.0
2024-07-14 17:03:00,Busan,food,21.2,40,133.0
2024-07-14 14:10:00,Seoul,fashion,32.4,48,111.0
2024-07-14 18:20:00,Incheon,home,26.7,38,346.0
2024-07-14 15:20:00,Gwangju,home,41.2,63,276.0
2024-07-14 14:37:00,Gwangju,home,38.4,59,72.0
2024-07-14 17:37:00,Daegu,tech,70.5,46,177.0
2024-07-14 15:32:00,Daegu,tech,16.7,44,277.0
2024-07-14 18:31:00,Busan,tech,52.0,57,241.0
2024-07-14 15:30:00,Seoul,food,32.6,39,328.0
2024-07-14 19:53:00,Busan,tech,41.5,52,154.0
2024-07-14 15:48:00,Daegu,tech,97.3,59,365.0
2024-07-14 14:18:00,Busan,food,36.1,43,126.0
2024-07-14 11:33:00,Gwangju,food,53.7,62,296.0
2024-07-14 13:28:00,Daegu,tech,56.4,39,458.0
2024-07-14 18:17:00,Gwangju,food,64.3,38,470.0
2024-07-14 16:15:00,Incheon,food,46.6,60,455.0
2024-07-14 17:52:00,Busan,fashion,28.2,61,354.0
2024-07-14 14:47:00,Incheon,food,43.6,43,475.0
2024-07-14 22:20:00,Gwangju,food,49.9,58,478.0
2024-07-14 14:03:00,Gwangju,tech,13.1,49,448.0
2024-07-14 10:11:00,Gwangju,tech,67.1,52,490.0
2024-07-14 12:38:00,Busan,food,70.9,47,174.0
2024-07-14 14:55:00,Seoul,home,93.1,44,230.0
2024-07-14 13:09:00,Incheon,tech,98.5,53,489.0
2024-07-14 15:35:00,Gwangju,fashion,67.6,58,294.0
2024-07-14 17:33:00,Seoul,tech,45.4,52,384.0
2024-07-14 13:11:00,Incheon,food,36.0,47,103.0
2024-07-14 21:23:00,Daegu,tech,89.6,42,349.0
2024-07-14 15:48:00,Daegu,food,62.7,45,109.0
2024-07-14 19:46:00,Daegu,fashion,55.2,61,312.0
2024-07-14 19:14:00,Daegu,home,94.5,46,391.0
2024-07-14 17:49:00,Seoul,tech,53.3,37,238.0
2024-07-14 20:30:00,Busan,fashion,24.3,46,276.0
2024-07-14 19:18:00,Gwangju,tech,25.8,50,488.0
2024-07-14 13:56:00,Incheon,food,39.9,64,495.0
2024-07-14 16:12:00,Gwangju,tech,51.4,34,374.0
2024-07-14 14:20:00,Gwangju,food,12.0,56,260.0
2024-07-14 17:37:00,Daegu,fashion,36.1,51,324.0
2024-07-14 16:42:00,Seoul,home,52.9,48,452.0
2024-07-14 14:20:00,Incheon,fashion,15.2,63,296.0
2024-07-14 20:04:00,Gwangju,tech,39.2,54,419.0
2024-07-14 15:39:00,Daegu,food,49.6,50,192.0
2024-07-14 10:20:00,Daegu,food,61.4,61,415.0
2024-07-14 21:06:00,Busan,tech,94.8,56,290.0
2024-07-14 17:18:00,Seoul,food,99.6,45,290.0
2024-07-15 22:04:00,Incheon,home,64.3,44,363.0
2024-07-15 16:56:00,Daegu,home,22.0,58,56.0
2024-07-15 20:31:00,Incheon,food,80.4,50,309.0
2024-07-15 14:11:00,Incheon,food,26.9,55,115.0
2024-07-15 12:38:00,Incheon,tech,50.1,59,306.0
2024-07-15 20:53:00,Busan,fashion,45.0,41,312.0
2024-07-15 18:07:00,Daegu,fashion,59.5,50,427.0
2024-07-15 14:27:00,Incheon,tech,57.3,54,381.0
2024-07-15 10:03:00,Seoul,food,77.3,55,394.0
2024-07-15 16:01:00,Busan,fashion,61.9,54,323.0
2024-07-15 10:54:00,Busan,tech,54.3,48,417.0
2024-07-15 15:31:00,Daegu,fashion,22.0,66,140.0
2024-07-15 14:06:00,Gwangju,home,89.0,38,172.0
2024-07-15 18:31:00,Busan,food,29.6,47,489.0
2024-07-15 21:02:00,Incheon,food,37.3,55,171.0
2024-07-15 15:12:00,Incheon,tech,86.0,47,191.0
2024-07-15 10:40:00,Busan,food,80.0,44,440.0
2024-07-15 15:42:00,Daegu,fashion,83.4,58,97.0
2024-07-15 16:12:00,Busan,food,45.7,49,51.0
2024-07-15 13:25:00,Daegu,tech,90.0,51,283.0
2024-07-15 10:10:00,Gwangju,fashion,36.7,63,344.0
2024-07-15 10:15:00,Seoul,home,22.0,54,399.0
2024-07-15 19:21:00,Incheon,food,49.5,56,413.0
2024-07-15 13:17:00,Gwangju,food,49.2,45,110.0
2024-07-15 17:17:00,Seoul,home,19.4,51,98.0
2024-07-15 17:52:00,Gwangju,home,66.3,37,72.0
2024-07-15 13:41:00,Gwangju,fashion,44.7,65,426.0
2024-07-15 18:30:00,Daegu,food,93.9,59,247.0
2024-07-15 15:55:00,Gwangju,home,68.9,44,207.0
2024-07-15 09:35:00,Daegu,fashion,68.2,53,343.0
2024-07-15 22:24:00,Daegu,tech,63.0,43,79.0
2024-07-15 17:09:00,Gwangju,food,48.4,49,338.0
2024-07-15 14:53:00,Gwangju,food,40.4,53,387.0
2024-07-15 18:43:00,Busan,home,40.9,53,55.0
2024-07-15 12:46:00,Gwangju,home,98.5,50,382.0
2024-07-15 16:58:00,Seoul,fashion,41.7,49,200.0
2024-07-15 13:53:00,Gwangju,home,74.9,50,334.0
2024-07-15 16:08:00,Busan,tech,62.4,43,133.0
2024-07-15 10:22:00,Seoul,home,21.2,50,141.0
2024-07-15 22:56:00,Seoul,food,63.7,45,381.0
2024-07-15 17:27:00,Gwangju,food,90.4,54,362.0
2024-07-15 14:08:00,Gwangju,fashion,96.6,53,98.0
2024-07-15 19:57:00,Gwangju,tech,16.4,53,353.0
2024-07-15 16:23:00,Incheon,food,11.7,49,479.0
2024-07-15 13:02:00,Daegu,home,31.2,50,145.0
2024-07-15 12:34:00,Incheon,home,92.1,41,155.0
2024-07-15 12:56:00,Busan,fashion,84.9,50,468.0
2024-07-15 12:10:00,Busan,tech,36.5,47,164.0
2024-07-16 20:36:00,Busan,food,65.2,44,358.0
2024-07-16 12:12:00,Seoul,home,26.9,46,115.0
2024-07-16 11:57:00,Daegu,food,19.7,48,380.0
2024-07-16 19:35:00,Incheon,home,93.1,57,345.0
2024-07-16 16:20:00,Incheon,home,14.9,42,280.0
2024-07-16 12:30:00,Seoul,food,26.5,54,109.0
2024-07-16 20:01:00,Daegu,food,80.3,61,334.0
2024-07-16 15:54:00,Incheon,fashion,61.6,39,473.0
2024-07-16 21:41:00,Seoul,food,32.8,37,460.0
2024-07-16 17:13:00,Seoul,fashion,38.4,57,185.0
2024-07-16 15:48:00,Incheon,fashion,31.2,53,318.0
2024-07-16 11:44:00,Busan,tech,92.1,42,412.0
2024-07-16 10:54:00,Seoul,home,31.3,38,334.0
2024-07-16 22:44:00,Seoul,tech,24.7,46,172.0
2024-07-16 19:56:00,Gwangju,tech,18.3,48,282.0
2024-07-16 18:38:00,Incheon,fashion,83.9,45,75.0
2024-07-16 11:43:00,Busan,home,54.7,58,369.0
2024-07-16 18:42:00,Seoul,tech,67.4,37,291.0
2024-07-16 22:25:00,Seoul,tech,87.3,47,451.0
2024-07-16 19:35:00,Busan,fashion,66.7,48,92.0
2024-07-16 09:21:00,Gwangju,fashion,50.5,47,330.0
2024-07-16 20:46:00,Seoul,fashion,86.6,59,393.0
2024-07-16 12:22:00,Daegu,home,66.9,49,140.0
2024-07-16 18:59:00,Seoul,food,49.8,55,416.0
2024-07-16 16:11:00,Gwangju,tech,66.5,58,166.0
2024-07-16 20:32:00,Daegu,fashion,14.8,54,460.0
2024-07-16 18:32:00,Busan,home,53.7,51,410.0
2024-07-16 15:23:00,Busan,fashion,74.7,52,148.0
2024-07-16 13:13:00,Busan,fashion,94.1,53,255.0
2024-07-16 12:24:00,Gwangju,food,50.2,56,124.0
2024-07-16 15:12:00,Busan,fashion,93.9,40,63.0
2024-07-16 19:54:00,Seoul,fashion,19.9,70,342.0
2024-07-16 13:29:00,Incheon,food,97.6,39,61.0
2024-07-16 15:23:00,Daegu,tech,75.9,54,158.0
2024-07-16 14:59:00,Busan,food,11.8,47,53.0
2024-07-16 17:50:00,Busan,food,24.4,57,70.0
2024-07-16 17:25:00,Busan,food,66.1,41,430.0
2024-07-16 12:54:00,Incheon,home,17.3,54,204.0
2024-07-16 13:38:00,Incheon,tech,28.1,34,292.0
2024-07-16 16:29:00,Gwangju,fashion,96.4,33,56.0
2024-07-16 16:34:00,Busan,fashion,63.9,47,456.0
2024-07-16 18:37:00,Incheon,tech,21.3,56,196.0
2024-07-16 19:00:00,Daegu,food,88.5,52,483.0
2024-07-16 16:04:00,Busan,tech,34.0,29,330.0
2024-07-16 21:04:00,Seoul,home,56.9,54,167.0
2024-07-16 14:41:00,Seoul,tech,92.6,56,251.0
2024-07-16 11:22:00,Busan,food,96.5,61,93.0
2024-07-16 14:15:00,Seoul,tech,88.6,41,317.0
2024-07-16 11:15:00,Daegu,home,20.5,49,312.0
2024-07-16 10:20:00,Seoul,fashion,56.2,66,227.0
2024-07-16 19:38:00,Gwangju,tech,54.1,58,232.0
2024-07-16 14:53:00,Seoul,fashion,31.5,57,200.0
2024-07-16 11:09:00,Gwangju,fashion,37.5,42,188.0
2024-07-16 09:15:00,Daegu,tech,36.1,38,353.0
2024-07-16 14:47:00,Seoul,home,31.9,49,143.0
2024-07-16 18:37:00,Daegu,home,79.8,47,142.0
2024-07-16 18:14:00,Gwangju,tech,83.6,54,419.0
2024-07-16 15:58:00,Gwangju,tech,34.1,50,106.0
2024-07-16 11:53:00,Daegu,food,38.9,30,462.0
2024-07-16 16:34:00,Incheon,tech,70.5,34,52.0
2024-07-16 22:30:00,Seoul,home,64.3,55,315.0
2024-07-16 17:36:00,Gwangju,tech,27.5,46,337.0
2024-07-17 19:50:00,Daegu,home,42.5,40,402.0
2024-07-17 12:49:00,Busan,fashion,99.4,42,128.0
2024-07-17 18:55:00,Incheon,fashion,12.9,55,111.0
2024-07-17 19:59:00,Incheon,home,11.4,36,142.0
2024-07-17 16:20:00,Busan,tech,14.8,53,426.0
2024-07-17 16:21:00,Daegu,home,25.4,43,317.0
2024-07-17 13:06:00,Incheon,tech,12.0,57,184.0
2024-07-17 11:17:00,Gwangju,home,67.9,54,160.0
2024-07-17 19:56:00,Daegu,home,65.0,50,395.0
2024-07-17 21:58:00,Busan,tech,46.2,34,105.0
2024-07-17 15:26:00,Incheon,food,19.4,45,305.0
2024-07-17 09:36:00,Busan,fashion,73.7,43,98.0
2024-07-17 17:49:00,Incheon,tech,80.3,48,460.0
2024-07-17 16:30:00,Busan,tech,85.9,53,440.0
2024-07-17 20:06:00,Busan,tech,75.6,50,126.0
2024-07-17 12:24:00,Incheon,tech,17.8,49,202.0
2024-07-17 09:03:00,Daegu,fashion,65.8,53,147.0
2024-07-17 11:29:00,Daegu,food,97.7,58,492.0
2024-07-17 11:39:00,Incheon,food,94.7,54,254.0
2024-07-17 19:43:00,Gwangju,tech,42.8,58,422.0
2024-07-17 16:26:00,Seoul,fashion,44.6,49,96.0
2024-07-17 16:41:00,Busan,food,22.9,48,194.0
2024-07-17 20:24:00,Daegu,home,70.5,54,58.0
2024-07-17 18:38:00,Daegu,fashion,80.0,47,219.0
2024-07-17 15:31:00,Incheon,fashion,42.6,50,171.0
2024-07-17 14:59:00,Seoul,food,60.6,46,358.0
2024-07-17 18:12:00,Seoul,home,42.3,38,478.0
2024-07-17 15:11:00,Busan,food,31.4,45,92.0
2024-07-17 11:00:00,Incheon,food,35.8,44,343.0
2024-07-17 19:03:00,Incheon,home,88.1,48,171.0
2024-07-17 22:38:00,Incheon,fashion,13.4,51,486.0
2024-07-17 16:40:00,Busan,food,38.0,43,458.0
2024-07-17 16:30:00,Gwangju,tech,62.4,47,277.0
2024-07-17 19:11:00,Gwangju,food,27.3,52,287.0
2024-07-17 18:44:00,Gwangju,home,14.8,39,361.0
2024-07-17 17:46:00,Daegu,tech,76.8,45,90.0
2024-07-17 15:26:00,Seoul,tech,22.6,49,432.0
2024-07-17 15:59:00,Busan,food,71.6,60,443.0
2024-07-17 10:18:00,Gwangju,food,94.7,34,435.0
2024-07-17 15:08:00,Busan,home,44.7,62,277.0
2024-07-17 22:42:00,Incheon,fashion,40.3,52,379.0
2024-07-17 15:24:00,Busan,home,74.9,64,282.0
2024-07-17 18:58:00,Incheon,food,44.1,54,164.0
2024-07-17 17:13:00,Gwangju,tech,100.0,52,180.0
2024-07-17 17:49:00,Busan,food,13.0,50,78.0
2024-07-17 18:58:00,Incheon,tech,98.4,54,477.0
2024-07-17 16:17:00,Gwangju,home,42.1,45,377.0
2024-07-17 13:10:00,Daegu,food,74.3,63,103.0
2024-07-17 16:20:00,Daegu,fashion,53.4,53,138.0
2024-07-17 16:17:00,Incheon,home,85.3,42,80.0
2024-07-17 18:54:00,Seoul,food,96.9,41,62.0
2024-07-17 13:16:00,Gwangju,tech,64.7,45,176.0
2024-07-17 14:36:00,Seoul,home,12.7,39,334.0
2024-07-17 18:38:00,Seoul,fashion,76.3,53,482.0
2024-07-18 10:07:00,Gwangju,food,59.9,44,450.0
2024-07-18 15:18:00,Incheon,tech,97.3,51,284.0
2024-07-18 22:32:00,Seoul,fashion,31.7,55,193.0
2024-07-18 16:00:00,Incheon,fashion,78.5,55,74.0
2024-07-18 18:36:00,Busan,food,63.4,52,354.0
2024-07-18 12:05:00,Incheon,food,60.4,48,303.0
2024-07-18 08:13:00,Incheon,food,17.0,45,306.0
2024-07-18 20:32:00,Busan,fashion,88.6,50,203.0
2024-07-18 18:04:00,Busan,food,81.1,49,223.0
2024-07-18 19:29:00,Daegu,home,91.8,61,298.0
2024-07-18 21:10:00,Seoul,food,52.7,45,455.0
2024-07-18 18:54:00,Daegu,tech,64.5,51,316.0
2024-07-18 15:07:00,Daegu,home,20.2,48,293.0
2024-07-18 19:35:00,Busan,home,16.4,47,247.0
2024-07-18 19:30:00,Seoul,food,57.2,53,458.0
2024-07-18 16:40:00,Busan,home,71.0,44,364.0
2024-07-18 10:10:00,Gwangju,home,75.2,43,244.0
2024-07-18 13:17:00,Incheon,food,26.0,44,163.0
2024-07-18 14:41:00,Gwangju,fashion,60.4,47,225.0
2024-07-18 19:20:00,Incheon,fashion,93.9,48,176.0
2024-07-18 17:35:00,Gwangju,fashion,15.7,41,335.0
2024-07-18 13:25:00,Busan,home,33.5,59,58.0
2024-07-18 16:16:00,Busan,tech,43.5,47,83.0
2024-07-18 19:13:00,Incheon,fashion,35.5,45,374.0
2024-07-18 14:57:00,Busan,tech,37.4,25,152.0
2024-07-18 15:45:00,Seoul,food,93.7,51,456.0
2024-07-18 11:40:00,Busan,home,21.7,54,261.0
2024-07-18 17:50:00,Gwangju,fashion,84.5,48,90.0
2024-07-18 14:32:00,Busan,tech,52.7,48,349.0
2024-07-18 18:12:00,Busan,food,31.4,64,101.0
2024-07-18 16:56:00,Gwangju,tech,99.5,54,497.0
2024-07-18 15:40:00,Busan,tech,56.6,52,483.0
2024-07-18 12:05:00,Busan,fashion,51.9,36,321.0
2024-07-18 10:33:00,Seoul,tech,91.5,60,101.0
2024-07-18 20:15:00,Incheon,home,82.6,42,191.0
2024-07-18 16:38:00,Busan,food,53.4,50,378.0
2024-07-18 20:40:00,Busan,home,87.6,51,200.0
2024-07-18 11:12:00,Seoul,food,52.1,46,287.0
2024-07-18 10:10:00,Incheon,tech,42.9,51,418.0
2024-07-18 21:07:00,Gwangju,food,38.5,56,56.0
2024-07-18 19:08:00,Busan,food,14.9,51,319.0
2024-07-18 19:11:00,Busan,tech,97.8,70,415.0
2024-07-18 13:41:00,Incheon,food,46.5,63,280.0
2024-07-18 20:45:00,Gwangju,tech,45.1,39,180.0
2024-07-18 16:17:00,Seoul,tech,20.9,43,252.0
2024-07-18 17:13:00,Incheon,tech,48.9,48,321.0
2024-07-18 11:28:00,Daegu,home,34.8,61,82.0
2024-07-18 20:18:00,Busan,tech,57.9,46,131.0
2024-07-18 16:27:00,Gwangju,fashion,48.5,55,198.0
2024-07-18 14:47:00,Busan,tech,27.2,56,395.0
2024-07-18 13:54:00,Incheon,fashion,86.9,50,280.0
2024-07-18 16:19:00,Busan,food,90.7,57,194.0
2024-07-18 15:18:00,Incheon,home,67.9,45,154.0
2024-07-18 19:50:00,Seoul,tech,91.3,37,467.0
2024-07-18 17:45:00,Daegu,home,44.1,61,235.0
2024-07-19 13:19:00,Incheon,home,59.4,53,177.0
2024-07-19 18:25:00,Busan,food,56.0,42,251.0
2024-07-19 10:27:00,Gwangju,tech,54.8,46,440.0
2024-07-19 17:19:00,Seoul,food,89.4,41,488.0
2024-07-19 19:16:00,Daegu,home,18.4,49,339.0
2024-07-19 15:48:00,Daegu,food,57.8,48,339.0
2024-07-19 14:22:00,Seoul,food,69.4,49,321.0
2024-07-19 10:55:00,Seoul,tech,36.3,42,209.0
2024-07-19 11:18:00,Busan,tech,58.3,58,243.0
2024-07-19 16:15:00,Gwangju,home,82.2,47,122.0
2024-07-19 20:46:00,Seoul,tech,92.0,47,67.0
2024-07-19 12:48:00,Gwangju,fashion,72.1,48,426.0
2024-07-19 11:29:00,Incheon,food,32.5,57,136.0
2024-07-19 16:20:00,Seoul,food,17.1,47,298.0
2024-07-19 19:50:00,Seoul,food,64.3,50,493.0
2024-07-19 15:35:00,Daegu,home,82.8,45,254.0
2024-07-19 19:17:00,Incheon,home,58.4,53,228.0
2024-07-19 17:49:00,Seoul,fashion,75.7,50,287.0
2024-07-19 21:22:00,Seoul,tech,51.7,60,300.0
2024-07-19 15:24:00,Busan,fashion,70.9,56,320.0
2024-07-19 09:33:00,Busan,fashion,93.2,50,59.0
2024-07-19 22:52:00,Busan,food,26.4,51,301.0
2024-07-19 18:22:00,Incheon,fashion,51.4,46,316.0
2024-07-19 16:21:00,Busan,food,99.5,50,254.0
2024-07-19 09:09:00,Gwangju,tech,85.5,53,485.0
2024-07-19 14:13:00,Incheon,fashion,65.2,45,63.0
2024-07-19 13:47:00,Gwangju,fashion,75.2,43,360.0
2024-07-19 12:36:00,Incheon,home,39.4,40,271.0
2024-07-19 18:50:00,Busan,tech,53.4,37,196.0
2024-07-19 21:06:00,Busan,tech,59.9,50,52.0
2024-07-19 20:44:00,Seoul,fashion,70.2,41,169.0
2024-07-19 21:34:00,Gwangju,food,65.6,56,483.0
2024-07-19 20:14:00,Daegu,fashion,38.7,55,382.0
2024-07-19 10:17:00,Incheon,food,72.9,55,437.0
2024-07-19 15:27:00,Busan,home,91.4,57,413.0
2024-07-19 14:23:00,Busan,food,99.3,56,276.0
2024-07-19 13:43:00,Gwangju,food,38.3,50,262.0
2024-07-19 12:24:00,Seoul,tech,64.5,51,277.0
2024-07-19 12:38:00,Daegu,fashion,33.7,44,169.0
2024-07-19 18:46:00,Busan,fashion,56.7,43,233.0
2024-07-19 15:57:00,Busan,food,88.5,56,98.0
2024-07-19 11:06:00,Daegu,fashion,95.1,44,186.0
2024-07-19 20:23:00,Gwangju,food,59.2,51,303.0
2024-07-19 10:38:00,Incheon,tech,58.9,47,326.0
2024-07-19 20:57:00,Seoul,fashion,97.1,56,320.0
2024-07-19 17:36:00,Daegu,fashion,87.6,42,434.0
2024-07-19 20:49:00,Daegu,tech,45.5,56,418.0
2024-07-19 15:21:00,Gwangju,fashion,14.4,49,453.0
2024-07-19 11:31:00,Busan,home,12.1,48,186.0
2024-07-19 11:00:00,Seoul,fashion,69.3,34,446.0
2024-07-19 16:40:00,Seoul,food,93.5,66,203.0
2024-07-19 21:05:00,Seoul,food,54.4,42,214.0
2024-07-19 17:55:00,Seoul,home,36.4,47,82.0
2024-07-19 13:42:00,Seoul,tech,81.0,50,213.0
2024-07-19 10:53:00,Busan,food,38.9,59,323.0
2024-07-19 15:14:00,Daegu,fashion,76.9,53,94.0
2024-07-19 16:31:00,Seoul,fashion,94.8,50,155.0
2024-07-19 10:26:00,Incheon,fashion,96.5,41,423.0
2024-07-19 14:16:00,Gwangju,fashion,34.1,49,368.0
2024-07-19 21:36:00,Seoul,fashion,54.7,51,392.0
2024-07-19 22:44:00,Busan,tech,73.5,44,345.0
2024-07-19 15:01:00,Seoul,home,43.6,50,135.0
2024-07-19 20:01:00,Busan,home,36.8,48,168.0
2024-07-19 12:29:00,Incheon,food,63.0,38,129.0
2024-07-20 11:15:00,Daegu,food,41.4,55,132.0
2024-07-20 16:13:00,Incheon,food,15.5,54,80.0
2024-07-20 17:22:00,Gwangju,fashion,29.5,42,241.0
2024-07-20 15:11:00,Seoul,food,37.4,54,184.0
2024-07-20 12:31:00,Busan,home,27.7,54,237.0
2024-07-20 15:03:00,Seoul,home,37.9,53,179.0
2024-07-20 15:52:00,Busan,fashion,83.6,58,437.0
2024-07-20 08:35:00,Gwangju,food,67.5,37,340.0
2024-07-20 14:02:00,Gwangju,food,33.0,53,291.0
2024-07-20 15:34:00,Daegu,food,18.5,68,498.0
2024-07-20 19:48:00,Seoul,fashion,43.1,47,426.0
2024-07-20 17:37:00,Seoul,food,83.6,50,274.0
2024-07-20 17:09:00,Seoul,fashion,10.7,39,376.0
2024-07-20 10:44:00,Gwangju,food,89.0,59,127.0
2024-07-20 13:31:00,Gwangju,fashion,55.3,48,487.0
2024-07-20 14:37:00,Busan,tech,95.2,48,323.0
2024-07-20 21:19:00,Gwangju,food,12.0,40,419.0
2024-07-20 14:11:00,Seoul,tech,80.6,46,346.0
2024-07-20 21:49:00,Gwangju,fashion,75.1,45,242.0
2024-07-20 13:20:00,Daegu,food,30.2,50,366.0
2024-07-20 19:19:00,Busan,food,45.4,43,316.0
2024-07-20 22:41:00,Gwangju,tech,51.3,52,308.0
2024-07-20 16:07:00,Seoul,fashion,33.0,54,155.0
2024-07-20 16:31:00,Daegu,food,20.2,55,452.0
2024-07-20 20:31:00,Seoul,tech,76.0,52,184.0
2024-07-20 15:03:00,Daegu,home,74.3,62,352.0
2024-07-20 15:08:00,Seoul,food,73.5,50,150.0
2024-07-20 19:32:00,Seoul,home,27.3,58,453.0
2024-07-20 11:18:00,Gwangju,home,11.1,54,311.0
2024-07-20 20:17:00,Gwangju,food,86.3,57,183.0
2024-07-20 20:31:00,Daegu,home,50.4,46,487.0
2024-07-20 15:07:00,Gwangju,home,24.2,54,343.0
2024-07-20 20:40:00,Busan,tech,20.1,52,287.0
2024-07-20 20:04:00,Daegu,fashion,93.0,39,301.0
2024-07-20 20:12:00,Seoul,tech,42.0,43,338.0
2024-07-20 11:48:00,Seoul,home,63.3,37,83.0
2024-07-20 19:58:00,Seoul,food,27.1,40,120.0
2024-07-20 19:22:00,Gwangju,food,55.0,47,339.0
2024-07-20 17:15:00,Gwangju,fashion,78.8,42,488.0
2024-07-20 22:35:00,Busan,tech,77.4,69,74.0
2024-07-20 21:06:00,Incheon,fashion,60.0,55,173.0
2024-07-20 12:59:00,Seoul,food,16.5,60,317.0
2024-07-20 21:40:00,Daegu,fashion,86.0,61,370.0
2024-07-20 11:13:00,Daegu,fashion,42.0,34,299.0
2024-07-20 18:18:00,Seoul,food,39.4,49,312.0
2024-07-20 10:22:00,Daegu,tech,93.0,51,52.0
2024-07-20 18:28:00,Busan,home,14.9,48,258.0
2024-07-20 19:21:00,Incheon,fashion,10.1,57,335.0
2024-07-20 20:58:00,Daegu,home,62.2,42,110.0
2024-07-20 19:50:00,Busan,food,50.0,33,465.0
2024-07-20 11:11:00,Seoul,home,21.5,48,387.0
2024-07-20 13:17:00,Busan,home,11.3,38,471.0
2024-07-20 20:06:00,Seoul,tech,35.4,47,374.0
2024-07-20 16:28:00,Seoul,food,39.2,46,203.0
2024-07-21 09:24:00,Incheon,home,35.8,45,434.0
2024-07-21 16:20:00,Seoul,fashion,59.4,44,344.0
2024-07-21 18:34:00,Incheon,tech,87.0,54,171.0
2024-07-21 19:04:00,Seoul,tech,38.4,40,374.0
2024-07-21 19:43:00,Daegu,fashion,31.5,48,267.0
2024-07-21 15:30:00,Gwangju,fashion,32.8,64,305.0
2024-07-21 14:16:00,Busan,fashion,74.4,51,468.0
2024-07-21 12:43:00,Seoul,home,18.6,43,143.0
2024-07-21 20:46:00,Seoul,fashion,64.5,54,441.0
2024-07-21 16:57:00,Gwangju,fashion,21.9,54,153.0
2024-07-21 20:17:00,Gwangju,home,20.7,53,426.0
2024-07-21 16:36:00,Busan,tech,46.9,44,139.0
2024-07-21 10:15:00,Busan,food,61.7,48,132.0
2024-07-21 15:03:00,Seoul,fashion,64.0,56,198.0
2024-07-21 17:14:00,Gwangju,tech,49.2,44,237.0
2024-07-21 18:25:00,Seoul,home,89.9,43,192.0
2024-07-21 15:47:00,Seoul,food,34.8,37,267.0
2024-07-21 20:37:00,Seoul,home,33.2,60,150.0
2024-07-21 13:12:00,Incheon,food,99.3,41,228.0
2024-07-21 16:42:00,Daegu,fashion,48.9,54,396.0
2024-07-21 15:44:00,Daegu,food,47.0,53,130.0
2024-07-21 10:50:00,Seoul,home,67.0,39,93.0
2024-07-21 11:35:00,Gwangju,fashion,63.7,46,105.0
2024-07-21 16:28:00,Gwangju,tech,90.0,34,342.0
2024-07-21 13:16:00,Seoul,home,22.7,53,469.0
2024-07-21 14:35:00,Daegu,fashion,17.1,54,422.0
2024-07-21 20:30:00,Incheon,fashion,23.5,46,261.0
2024-07-21 17:04:00,Gwangju,tech,13.0,48,492.0
2024-07-21 17:29:00,Daegu,fashion,13.2,62,235.0
2024-07-21 09:12:00,Gwangju,food,77.8,49,267.0
2024-07-21 14:28:00,Daegu,food,81.3,58,153.0
2024-07-21 14:01:00,Busan,food,96.5,53,182.0
2024-07-21 18:24:00,Busan,tech,41.1,48,419.0
2024-07-21 11:30:00,Daegu,tech,85.5,49,150.0
2024-07-21 17:54:00,Busan,tech,65.6,49,274.0
2024-07-21 19:19:00,Busan,food,50.9,55,55.0
2024-07-21 18:06:00,Daegu,home,65.0,47,443.0
2024-07-21 19:02:00,Busan,home,87.0,47,491.0
2024-07-21 13:49:00,Busan,fashion,19.2,55,172.0
2024-07-21 16:11:00,Daegu,tech,21.5,54,229.0
2024-07-21 14:03:00,Gwangju,food,39.5,59,245.0
2024-07-21 15:20:00,Gwangju,home,11.3,50,252.0
2024-07-21 16:33:00,Daegu,tech,74.4,37,177.0
2024-07-21 16:59:00,Busan,fashion,93.8,66,400.0
2024-07-21 18:08:00,Incheon,home,57.7,48,153.0
2024-07-21 13:12:00,Incheon,tech,60.5,41,461.0
2024-07-21 15:59:00,Seoul,home,83.5,52,273.0
2024-07-21 18:52:00,Busan,tech,21.3,56,267.0
2024-07-21 14:01:00,Seoul,home,84.4,52,495.0
2024-07-21 17:38:00,Seoul,home,35.5,63,155.0
2024-07-22 22:04:00,Incheon,home,22.0,46,361.0
2024-07-22 15:15:00,Busan,food,73.3,53,478.0
2024-07-22 09:58:00,Daegu,fashion,42.9,44,139.0
2024-07-22 20:31:00,Daegu,home,55.0,59,355.0
2024-07-22 16:18:00,Busan,food,47.9,50,213.0
2024-07-22 10:18:00,Daegu,food,27.5,57,269.0
2024-07-22 14:59:00,Seoul,tech,98.4,43,75.0
2024-07-22 20:56:00,Daegu,fashion,30.1,50,201.0
2024-07-22 14:30:00,Incheon,tech,45.5,46,220.0
2024-07-22 14:23:00,Gwangju,food,72.0,51,51.0
2024-07-22 21:36:00,Gwangju,tech,69.8,45,76.0
2024-07-22 14:09:00,Incheon,fashion,78.5,47,303.0
2024-07-22 14:11:00,Gwangju,tech,93.6,57,162.0
2024-07-22 14:25:00,Daegu,food,42.4,40,286.0
2024-07-22 13:20:00,Seoul,food,63.1,39,366.0
2024-07-22 19:03:00,Busan,fashion,73.9,54,235.0
2024-07-22 14:04:00,Daegu,food,70.1,55,161.0
2024-07-22 22:47:00,Seoul,home,21.7,46,274.0
2024-07-22 16:11:00,Incheon,fashion,11.3,53,325.0
2024-07-22 17:53:00,Busan,tech,54.5,41,342.0
2024-07-22 12:55:00,Seoul,food,64.8,42,61.0
2024-07-22 18:05:00,Busan,fashion,86.3,49,84.0
2024-07-22 16:09:00,Incheon,tech,80.6,39,426.0
2024-07-22 19:39:00,Busan,tech,84.6,56,369.0
2024-07-22 13:11:00,Seoul,home,78.8,57,494.0
2024-07-22 17:57:00,Busan,fashion,45.6,46,386.0
2024-07-22 19:26:00,Incheon,fashion,26.6,47,370.0
2024-07-22 13:52:00,Incheon,food,87.8,49,329.0
2024-07-22 19:44:00,Busan,tech,45.9,45,201.0
2024-07-22 17:25:00,Daegu,home,59.9,42,486.0
2024-07-22 18:46:00,Incheon,home,52.1,53,72.0
2024-07-22 19:16:00,Incheon,home,38.6,45,73.0
2024-07-22 12:23:00,Seoul,home,31.0,49,394.0
2024-07-22 15:27:00,Seoul,tech,50.4,36,360.0
2024-07-22 17:17:00,Daegu,tech,44.9,42,309.0
2024-07-22 15:17:00,Gwangju,food,62.8,51,366.0
2024-07-22 14:43:00,Daegu,tech,64.5,55,367.0
2024-07-22 16:58:00,Gwangju,home,82.6,47,432.0
2024-07-22 19:13:00,Gwangju,home,86.6,48,51.0
2024-07-22 16:03:00,Daegu,home,41.5,49,72.0
2024-07-22 18:42:00,Seoul,fashion,44.0,49,459.0
2024-07-22 15:57:00,Incheon,home,20.5,41,314.0
2024-07-22 10:39:00,Incheon,tech,27.3,46,351.0
2024-07-22 10:26:00,Gwangju,food,68.9,48,360.0
2024-07-22 16:07:00,Seoul,home,35.1,61,379.0
2024-07-22 20:55:00,Seoul,tech,44.4,67,483.0
2024-07-22 20:48:00,Daegu,food,32.7,49,183.0
2024-07-22 09:32:00,Incheon,tech,15.0,55,285.0
2024-07-22 18:38:00,Gwangju,tech,54.1,40,192.0
2024-07-22 09:36:00,Gwangju,food,30.8,42,111.0
2024-07-22 15:28:00,Daegu,food,98.0,42,241.0
2024-07-22 14:53:00,Busan,tech,23.8,55,318.0
2024-07-22 20:16:00,Gwangju,fashion,68.7,55,194.0
2024-07-22 13:56:00,Gwangju,tech,33.7,47,270.0
2024-07-22 19:36:00,Busan,tech,12.0,49,356.0
2024-07-22 17:38:00,Gwangju,fashion,60.1,56,196.0
2024-07-23 16:11:00,Seoul,home,83.5,41,318.0
2024-07-23 14:15:00,Incheon,fashion,43.6,48,462.0
2024-07-23 11:48:00,Gwangju,fashion,46.5,54,317.0
2024-07-23 18:28:00,Seoul,food,47.7,57,86.0
2024-07-23 16:04:00,Daegu,fashion,34.7,48,179.0
2024-07-23 13:02:00,Busan,food,34.1,46,182.0
2024-07-23 13:17:00,Daegu,fashion,89.7,44,262.0
2024-07-23 20:40:00,Seoul,food,58.4,46,382.0
2024-07-23 17:44:00,Daegu,food,58.9,51,284.0
2024-07-23 17:25:00,Gwangju,fashion,77.8,50,86.0
2024-07-23 16:09:00,Incheon,food,47.6,39,478.0
2024-07-23 21:26:00,Gwangju,fashion,68.0,53,410.0
2024-07-23 14:25:00,Daegu,tech,70.7,44,234.0
2024-07-23 14:42:00,Daegu,fashion,51.1,52,422.0
2024-07-23 15:36:00,Incheon,food,59.8,50,467.0
2024-07-23 16:57:00,Incheon,food,27.7,48,313.0
2024-07-23 15:03:00,Incheon,fashion,45.5,66,488.0
2024-07-23 08:52:00,Incheon,fashion,59.9,51,130.0
2024-07-23 13:45:00,Daegu,home,29.9,50,65.0
2024-07-23 12:30:00,Busan,fashion,73.9,51,54.0
2024-07-23 19:10:00,Seoul,tech,71.8,48,189.0
2024-07-23 17:32:00,Incheon,tech,69.2,45,284.0
2024-07-23 17:02:00,Incheon,home,52.4,51,423.0
2024-07-23 14:56:00,Seoul,tech,77.3,61,353.0
2024-07-23 13:36:00,Busan,home,36.1,53,450.0
2024-07-23 19:32:00,Incheon,food,33.3,61,357.0
2024-07-23 18:43:00,Seoul,tech,87.9,55,147.0
2024-07-23 14:59:00,Daegu,food,23.8,57,490.0
2024-07-23 14:13:00,Incheon,tech,17.2,38,320.0
2024-07-23 15:14:00,Busan,food,56.5,50,97.0
2024-07-23 11:46:00,Daegu,tech,77.3,43,424.0
2024-07-23 14:02:00,Incheon,tech,39.5,43,59.0
2024-07-23 17:27:00,Seoul,home,24.8,57,107.0
2024-07-23 15:16:00,Gwangju,fashion,33.7,51,476.0
2024-07-23 11:25:00,Gwangju,food,35.1,56,415.0
2024-07-23 14:52:00,Gwangju,food,61.0,49,380.0
2024-07-23 10:31:00,Busan,food,96.8,50,210.0
2024-07-23 14:55:00,Busan,home,55.6,40,394.0
2024-07-23 13:43:00,Busan,tech,71.8,58,396.0
2024-07-23 09:59:00,Gwangju,fashion,46.2,58,345.0
2024-07-23 18:52:00,Incheon,fashion,61.9,47,497.0
2024-07-24 20:09:00,Daegu,home,39.6,48,204.0
2024-07-24 15:26:00,Busan,fashion,70.0,46,409.0
2024-07-24 18:40:00,Incheon,food,86.8,44,59.0
2024-07-24 18:18:00,Busan,tech,99.3,53,287.0
2024-07-24 16:16:00,Seoul,home,53.4,40,79.0
2024-07-24 16:40:00,Daegu,tech,85.2,56,376.0
2024-07-24 19:07:00,Daegu,home,68.4,47,110.0
2024-07-24 17:04:00,Daegu,tech,20.1,39,218.0
2024-07-24 13:48:00,Gwangju,tech,94.5,62,210.0
2024-07-24 08:05:00,Incheon,food,38.0,39,424.0
2024-07-24 22:31:00,Incheon,fashion,63.9,50,474.0
2024-07-24 16:11:00,Seoul,tech,92.1,56,323.0
2024-07-24 17:29:00,Gwangju,home,20.0,41,138.0
2024-07-24 09:05:00,Busan,home,17.5,50,423.0
2024-07-24 15:18:00,Incheon,home,87.6,58,276.0
2024-07-24 18:57:00,Seoul,fashion,42.1,40,377.0
2024-07-24 11:37:00,Busan,tech,81.7,36,215.0
2024-07-24 18:35:00,Incheon,food,87.7,63,439.0
2024-07-24 18:30:00,Gwangju,home,60.1,45,127.0
2024-07-24 18:37:00,Gwangju,food,39.0,53,324.0
2024-07-24 19:59:00,Daegu,food,68.9,57,134.0
2024-07-24 15:22:00,Seoul,home,63.7,45,243.0
2024-07-24 16:35:00,Incheon,tech,71.9,47,392.0
2024-07-24 18:09:00,Daegu,fashion,11.0,54,474.0
2024-07-24 19:16:00,Daegu,food,67.8,54,331.0
2024-07-24 11:52:00,Gwangju,food,98.0,40,461.0
2024-07-24 16:48:00,Seoul,fashion,66.7,47,310.0
2024-07-24 16:22:00,Seoul,tech,93.5,49,462.0
2024-07-24 10:05:00,Daegu,tech,83.2,45,268.0
2024-07-24 14:41:00,Daegu,food,55.7,57,106.0
2024-07-24 09:51:00,Busan,tech,42.8,58,374.0
2024-07-24 11:16:00,Gwangju,home,29.1,41,489.0
2024-07-24 13:43:00,Seoul,fashion,54.1,50,496.0
2024-07-24 21:47:00,Daegu,tech,85.6,47,370.0
2024-07-24 14:34:00,Gwangju,home,79.7,48,259.0
2024-07-24 13:12:00,Incheon,fashion,42.8,59,282.0
2024-07-24 11:50:00,Busan,home,57.1,54,408.0
2024-07-24 18:46:00,Busan,food,22.4,48,152.0
2024-07-24 17:59:00,Busan,food,53.9,54,442.0
2024-07-24 14:58:00,Incheon,tech,61.9,57,372.0
2024-07-24 11:01:00,Seoul,food,83.0,44,474.0
2024-07-25 15:00:00,Daegu,home,60.6,48,298.0
2024-07-25 13:29:00,Seoul,fashion,90.6,48,237.0
2024-07-25 17:55:00,Incheon,food,32.0,55,171.0
2024-07-25 18:32:00,Daegu,tech,52.8,57,472.0
2024-07-25 16:41:00,Gwangju,tech,56.0,55,210.0
2024-07-25 15:01:00,Busan,fashion,58.9,50,273.0
2024-07-25 12:10:00,Gwangju,tech,28.9,46,301.0
2024-07-25 11:13:00,Daegu,tech,43.2,59,172.0
2024-07-25 14:06:00,Gwangju,home,12.9,37,140.0
2024-07-25 13:50:00,Gwangju,home,14.3,43,132.0
2024-07-25 17:08:00,Daegu,food,10.0,61,470.0
2024-07-25 19:05:00,Daegu,home,76.5,51,249.0
2024-07-25 17:47:00,Daegu,food,16.8,50,406.0
2024-07-25 16:04:00,Busan,food,81.7,52,253.0
2024-07-25 13:53:00,Gwangju,home,18.4,52,170.0
2024-07-25 20:18:00,Daegu,home,56.9,49,104.0
2024-07-25 11:19:00,Incheon,fashion,50.9,55,58.0
2024-07-25 11:59:00,Daegu,food,47.3,50,157.0
2024-07-25 15:45:00,Gwangju,food,58.1,58,373.0
2024-07-25 20:28:00,Daegu,tech,31.8,42,108.0
2024-07-25 15:14:00,Daegu,fashion,39.8,42,404.0
2024-07-25 16:04:00,Busan,tech,29.8,54,151.0
2024-07-25 10:55:00,Seoul,home,36.1,51,86.0
2024-07-25 15:37:00,Gwangju,home,83.4,53,260.0
2024-07-25 17:49:00,Gwangju,food,59.4,51,477.0
2024-07-25 20:05:00,Daegu,home,18.0,45,79.0
2024-07-25 12:25:00,Busan,home,89.3,48,206.0
2024-07-25 18:00:00,Seoul,tech,60.0,39,216.0
2024-07-25 17:26:00,Incheon,tech,65.5,49,490.0
2024-07-25 19:49:00,Seoul,fashion,57.7,41,375.0
2024-07-25 12:05:00,Busan,tech,51.5,54,430.0
2024-07-25 18:25:00,Daegu,fashion,77.7,59,435.0
2024-07-25 11:25:00,Seoul,tech,17.0,56,123.0
2024-07-25 19:48:00,Busan,fashion,20.2,51,73.0
2024-07-25 10:49:00,Busan,tech,32.1,52,335.0
2024-07-25 19:39:00,Gwangju,home,16.8,44,234.0
2024-07-25 20:35:00,Seoul,fashion,37.1,52,291.0
2024-07-25 20:07:00,Daegu,food,51.6,51,499.0
2024-07-25 13:26:00,Seoul,tech,10.8,49,60.0
2024-07-25 17:26:00,Daegu,home,11.0,46,93.0
2024-07-25 14:35:00,Gwangju,fashion,55.8,42,389.0
2024-07-25 11:28:00,Gwangju,food,63.8,45,283.0
2024-07-25 21:06:00,Busan,fashion,43.8,51,173.0
2024-07-25 21:42:00,Seoul,food,36.2,46,377.0
2024-07-25 13:53:00,Busan,fashion,31.4,47,70.0
2024-07-25 22:25:00,Busan,food,23.6,45,210.0
2024-07-25 10:09:00,Seoul,fashion,88.4,53,358.0
2024-07-25 09:00:00,Incheon,home,51.2,45,375.0
2024-07-25 14:44:00,Gwangju,home,20.9,42,317.0
2024-07-25 17:06:00,Daegu,food,35.2,39,181.0
2024-07-25 17:12:00,Daegu,tech,66.1,39,276.0
2024-07-26 12:58:00,Gwangju,food,54.6,48,147.0
2024-07-26 16:17:00,Incheon,food,44.0,49,324.0
2024-07-26 14:36:00,Incheon,fashion,96.3,41,420.0
2024-07-26 13:19:00,Busan,food,74.8,51,195.0
2024-07-26 17:38:00,Daegu,tech,16.7,49,93.0
2024-07-26 22:56:00,Busan,fashion,96.8,42,152.0
2024-07-26 09:10:00,Seoul,tech,79.7,43,207.0
2024-07-26 15:17:00,Incheon,fashion,45.5,48,422.0
2024-07-26 11:00:00,Daegu,fashion,76.0,53,422.0
2024-07-26 11:29:00,Busan,food,80.8,52,348.0
2024-07-26 18:25:00,Seoul,tech,90.2,50,231.0
2024-07-26 11:01:00,Seoul,fashion,71.9,47,121.0
2024-07-26 13:34:00,Busan,tech,34.7,51,110.0
2024-07-26 21:53:00,Incheon,home,56.0,49,347.0
2024-07-26 15:05:00,Busan,food,73.7,42,79.0
2024-07-26 10:42:00,Gwangju,home,11.7,56,70.0
2024-07-26 17:04:00,Busan,home,54.4,43,365.0
2024-07-26 13:27:00,Daegu,fashion,98.4,59,472.0
2024-07-26 18:38:00,Incheon,food,35.1,49,224.0
2024-07-26 16:18:00,Seoul,fashion,99.5,54,461.0
2024-07-26 14:04:00,Daegu,tech,11.7,49,268.0
2024-07-26 16:09:00,Busan,home,55.7,42,425.0
2024-07-26 22:28:00,Gwangju,food,35.9,42,151.0
2024-07-26 16:25:00,Busan,food,27.6,53,302.0
2024-07-26 13:58:00,Daegu,food,64.0,40,235.0
2024-07-26 16:21:00,Gwangju,fashion,51.0,54,122.0
2024-07-26 15:55:00,Busan,fashion,56.2,52,197.0
2024-07-26 18:03:00,Seoul,tech,83.8,51,178.0
2024-07-26 14:02:00,Seoul,tech,34.7,40,194.0
2024-07-26 18:25:00,Daegu,fashion,30.8,55,414.0
2024-07-26 18:52:00,Incheon,home,70.5,61,485.0
2024-07-26 21:45:00,Busan,home,59.9,43,166.0
2024-07-26 13:12:00,Busan,food,11.6,55,333.0
2024-07-27 16:47:00,Gwangju,home,22.4,43,107.0
2024-07-27 12:02:00,Incheon,home,80.5,55,359.0
2024-07-27 09:02:00,Incheon,home,86.7,54,360.0
2024-07-27 19:12:00,Seoul,fashion,85.7,53,401.0
2024-07-27 16:37:00,Incheon,fashion,31.8,51,116.0
2024-07-27 22:40:00,Busan,fashion,29.3,53,494.0
2024-07-27 12:49:00,Seoul,fashion,34.4,43,290.0
2024-07-27 16:13:00,Incheon,food,46.9,40,69.0
2024-07-27 15:56:00,Incheon,tech,79.2,38,276.0
2024-07-27 09:08:00,Incheon,food,62.6,63,111.0
2024-07-27 13:08:00,Incheon,tech,70.8,51,382.0
2024-07-27 17:03:00,Busan,fashion,33.4,53,87.0
2024-07-27 14:36:00,Incheon,food,51.4,47,336.0
2024-07-27 18:53:00,Daegu,food,81.2,49,397.0
2024-07-27 17:55:00,Incheon,food,64.3,62,120.0
2024-07-27 19:40:00,Daegu,fashion,99.2,45,102.0
2024-07-27 15:16:00,Seoul,home,66.1,61,381.0
2024-07-27 19:14:00,Gwangju,tech,53.5,46,230.0
2024-07-27 15:40:00,Incheon,tech,72.4,42,283.0
2024-07-27 13:31:00,Busan,home,18.0,35,374.0
2024-07-27 16:16:00,Busan,tech,42.9,64,353.0
2024-07-27 20:51:00,Gwangju,home,17.6,57,378.0
2024-07-27 11:57:00,Gwangju,food,29.8,59,236.0
2024-07-27 16:11:00,Gwangju,tech,92.6,48,50.0
2024-07-27 12:19:00,Seoul,home,18.7,52,472.0
2024-07-27 11:16:00,Incheon,fashion,91.7,46,59.0
2024-07-27 16:56:00,Busan,fashion,18.3,58,152.0
2024-07-27 08:22:00,Busan,tech,65.8,38,355.0
2024-07-27 13:31:00,Incheon,food,36.0,44,171.0
2024-07-27 16:01:00,Seoul,fashion,93.5,51,409.0
2024-07-27 15:10:00,Busan,tech,78.1,53,315.0
2024-07-27 16:05:00,Busan,tech,10.0,47,320.0
2024-07-27 12:45:00,Gwangju,tech,16.0,36,134.0
2024-07-27 16:52:00,Daegu,home,62.2,53,479.0
2024-07-27 17:34:00,Seoul,fashion,39.3,49,106.0
2024-07-27 19:23:00,Seoul,tech,49.2,44,384.0
2024-07-27 12:47:00,Daegu,fashion,94.0,46,216.0
2024-07-27 10:56:00,Daegu,tech,75.6,63,276.0
2024-07-27 08:53:00,Gwangju,food,96.9,52,471.0
2024-07-27 17:54:00,Busan,fashion,23.7,53,52.0
2024-07-27 22:01:00,Gwangju,home,69.3,47,181.0
2024-07-27 16:07:00,Gwangju,food,22.7,44,394.0
2024-07-27 17:07:00,Gwangju,fashion,12.3,53,448.0
2024-07-27 18:54:00,Gwangju,home,57.2,49,399.0
2024-07-27 16:16:00,Gwangju,food,75.5,40,366.0
2024-07-27 15:15:00,Incheon,food,76.9,61,496.0
2024-07-27 12:05:00,Incheon,tech,21.6,50,310.0
2024-07-27 13:01:00,Busan,home,60.1,53,64.0
2024-07-27 17:13:00,Seoul,tech,15.7,40,191.0
2024-07-27 14:43:00,Seoul,fashion,84.5,47,374.0
2024-07-27 13:16:00,Busan,home,64.6,50,145.0
2024-07-27 16:46:00,Incheon,fashion,56.1,46,168.0
2024-07-27 09:22:00,Daegu,food,18.5,42,326.0
2024-07-27 11:39:00,Incheon,fashion,99.1,54,57.0
2024-07-27 19:55:00,Busan,tech,11.4,53,140.0
2024-07-27 11:54:00,Incheon,food,13.6,53,299.0
2024-07-27 09:53:00,Gwangju,home,43.3,60,430.0
2024-07-28 16:47:00,Incheon,home,81.6,48,154.0
2024-07-28 20:56:00,Daegu,home,82.9,58,283.0
2024-07-28 09:48:00,Incheon,fashion,41.0,50,284.0
2024-07-28 12:08:00,Gwangju,tech,48.2,59,360.0
2024-07-28 15:37:00,Busan,fashion,47.0,51,451.0
2024-07-28 14:34:00,Daegu,fashion,88.7,42,334.0
2024-07-28 14:35:00,Busan,home,17.7,49,494.0
2024-07-28 17:22:00,Daegu,tech,56.9,42,195.0
2024-07-28 12:40:00,Daegu,home,25.0,40,458.0
2024-07-28 18:37:00,Gwangju,food,25.0,54,177.0
2024-07-28 13:28:00,Gwangju,home,11.7,51,406.0
2024-07-28 12:43:00,Incheon,home,44.5,52,253.0
2024-07-28 21:43:00,Daegu,food,39.9,58,296.0
2024-07-28 13:43:00,Daegu,home,75.4,50,388.0
2024-07-28 11:40:00,Busan,tech,39.0,63,465.0
2024-07-28 17:54:00,Daegu,fashion,17.6,54,351.0
2024-07-28 21:05:00,Incheon,fashion,95.9,62,212.0
2024-07-28 19:26:00,Busan,fashion,98.1,50,424.0
2024-07-28 14:27:00,Busan,tech,43.7,40,243.0
2024-07-28 11:29:00,Daegu,fashion,10.6,46,268.0
2024-07-28 22:35:00,Seoul,home,23.9,44,413.0
2024-07-28 14:29:00,Busan,tech,74.2,48,461.0
2024-07-28 12:52:00,Daegu,home,53.0,44,136.0
2024-07-28 16:48:00,Seoul,tech,28.0,44,155.0
2024-07-28 16:20:00,Busan,tech,65.2,47,67.0
2024-07-28 12:24:00,Busan,tech,47.5,47,107.0
2024-07-28 16:29:00,Seoul,tech,84.7,44,271.0
2024-07-28 16:00:00,Incheon,fashion,78.9,49,330.0
2024-07-28 17:39:00,Incheon,fashion,89.2,59,221.0
2024-07-28 19:13:00,Incheon,tech,82.7,51,109.0
2024-07-28 17:34:00,Busan,food,31.9,57,435.0
2024-07-28 17:21:00,Seoul,fashion,90.4,43,489.0
2024-07-28 20:31:00,Gwangju,fashion,58.8,53,73.0
2024-07-28 18:40:00,Seoul,home,48.1,53,486.0
2024-07-28 17:50:00,Daegu,food,97.6,42,316.0
2024-07-28 17:46:00,Seoul,fashion,60.7,66,183.0
2024-07-28 12:44:00,Busan,home,17.4,48,134.0
2024-07-28 15:35:00,Busan,tech,28.5,45,386.0
2024-07-28 19:03:00,Gwangju,home,23.7,38,262.0
2024-07-28 20:13:00,Daegu,fashion,49.0,41,469.0
2024-07-28 17:05:00,Busan,home,34.0,55,355.0
2024-07-28 16:24:00,Busan,home,95.7,57,163.0
2024-07-28 15:40:00,Gwangju,food,48.2,49,58.0
2024-07-28 16:02:00,Seoul,home,81.9,50,434.0
2024-07-28 19:18:00,Daegu,tech,49.2,45,269.0
2024-07-28 14:18:00,Seoul,fashion,32.7,48,323.0
2024-07-28 11:07:00,Busan,home,66.5,46,54.0
2024-07-28 13:36:00,Daegu,tech,37.3,50,258.0
2024-07-28 17:48:00,Incheon,fashion,15.9,51,395.0
2024-07-28 18:45:00,Gwangju,home,16.0,44,125.0
2024-07-29 14:04:00,Seoul,home,87.5,38,422.0
2024-07-29 20:11:00,Daegu,food,88.1,59,186.0
2024-07-29 19:20:00,Seoul,food,18.1,51,97.0
2024-07-29 17:51:00,Seoul,home,38.0,46,330.0
2024-07-29 16:18:00,Gwangju,fashion,49.2,48,313.0
2024-07-29 18:11:00,Daegu,tech,87.2,39,71.0
2024-07-29 18:08:00,Gwangju,home,37.9,44,257.0
2024-07-29 12:35:00,Gwangju,home,91.1,41,234.0
2024-07-29 22:08:00,Busan,food,71.0,49,194.0
2024-07-29 13:46:00,Incheon,fashion,63.4,53,58.0
2024-07-29 14:29:00,Incheon,home,18.2,49,144.0
2024-07-29 17:12:00,Busan,fashion,93.1,48,61.0
2024-07-29 14:54:00,Gwangju,fashion,77.7,41,225.0
2024-07-29 16:23:00,Incheon,home,92.0,63,53.0
2024-07-29 11:23:00,Incheon,fashion,45.7,46,75.0
2024-07-29 16:55:00,Gwangju,home,43.1,47,250.0
2024-07-29 18:40:00,Incheon,fashion,25.1,48,165.0
2024-07-29 16:21:00,Busan,tech,90.2,51,471.0
2024-07-29 15:41:00,Busan,food,60.8,49,447.0
2024-07-29 15:12:00,Daegu,food,68.6,45,236.0
2024-07-29 15:08:00,Daegu,home,28.4,43,397.0
2024-07-29 20:19:00,Incheon,fashion,95.6,52,209.0
2024-07-29 12:48:00,Seoul,home,36.8,49,409.0
2024-07-29 13:53:00,Incheon,tech,21.5,44,445.0
2024-07-29 10:31:00,Incheon,fashion,75.5,47,249.0
2024-07-29 12:06:00,Gwangju,fashion,66.4,51,102.0
2024-07-29 16:26:00,Seoul,tech,22.3,61,209.0
2024-07-29 21:03:00,Busan,tech,39.6,45,124.0
2024-07-29 18:00:00,Seoul,home,59.8,41,435.0
2024-07-29 16:23:00,Daegu,home,30.2,43,400.0
2024-07-29 13:07:00,Gwangju,home,62.2,49,242.0
2024-07-29 17:09:00,Incheon,food,35.6,56,177.0
2024-07-29 16:20:00,Seoul,tech,14.3,48,152.0
2024-07-29 19:06:00,Seoul,food,20.6,65,500.0
2024-07-29 16:04:00,Gwangju,fashion,28.2,43,185.0
2024-07-29 18:12:00,Incheon,tech,54.4,46,193.0
2024-07-29 14:21:00,Busan,tech,29.8,47,203.0
2024-07-29 19:10:00,Seoul,food,27.7,54,58.0
2024-07-29 18:21:00,Busan,food,85.4,45,399.0
2024-07-29 17:04:00,Daegu,tech,42.1,45,477.0
2024-07-29 17:30:00,Gwangju,food,28.2,48,75.0
2024-07-29 21:57:00,Seoul,home,69.0,50,133.0
2024-07-29 11:18:00,Gwangju,fashion,42.7,45,485.0
2024-07-29 16:13:00,Gwangju,fashion,52.8,59,441.0
2024-07-29 14:29:00,Incheon,home,62.9,35,219.0
2024-07-29 17:39:00,Gwangju,home,35.8,39,280.0
2024-07-29 16:21:00,Busan,home,40.6,40,89.0
2024-07-29 21:50:00,Busan,food,68.1,58,377.0
2024-07-29 22:06:00,Incheon,tech,91.9,46,295.0
2024-07-29 11:03:00,Gwangju,fashion,49.2,51,145.0
2024-07-29 17:50:00,Daegu,home,35.6,57,435.0
2024-07-29 11:29:00,Daegu,tech,53.3,51,273.0
2024-07-29 11:06:00,Seoul,fashion,56.3,52,345.0
2024-07-29 17:04:00,Seoul,home,68.3,63,131.0
2024-07-30 14:17:00,Daegu,home,58.2,36,339.0
2024-07-30 15:01:00,Busan,fashion,12.3,55,426.0
2024-07-30 15:37:00,Daegu,fashion,33.0,52,486.0
2024-07-30 10:05:00,Incheon,home,12.3,53,194.0
2024-07-30 14:02:00,Daegu,tech,41.6,47,296.0
2024-07-30 12:24:00,Daegu,fashion,87.3,48,301.0
2024-07-30 19:17:00,Gwangju,fashion,77.0,47,461.0
2024-07-30 11:27:00,Busan,tech,45.2,65,351.0
2024-07-30 18:55:00,Busan,tech,89.5,46,164.0
2024-07-30 18:20:00,Incheon,food,46.0,41,164.0
2024-07-30 19:50:00,Daegu,home,86.4,50,212.0
2024-07-30 21:14:00,Gwangju,fashion,90.2,52,296.0
2024-07-30 16:30:00,Daegu,fashion,22.7,59,497.0
2024-07-30 11:57:00,Gwangju,tech,96.4,45,466.0
2024-07-30 17:31:00,Busan,food,95.8,54,458.0
2024-07-30 16:20:00,Gwangju,tech,85.8,49,368.0
2024-07-30 16:00:00,Daegu,food,47.6,38,170.0
2024-07-30 17:43:00,Incheon,home,79.8,51,466.0
2024-07-30 18:33:00,Seoul,food,13.6,48,125.0
2024-07-30 09:28:00,Seoul,food,82.2,52,125.0
2024-07-30 18:30:00,Seoul,home,87.5,57,91.0
2024-07-30 10:20:00,Busan,fashion,59.7,47,484.0
2024-07-30 15:14:00,Incheon,tech,46.7,45,419.0
2024-07-30 22:12:00,Seoul,food,74.7,48,302.0
2024-07-30 15:39:00,Seoul,food,76.7,55,145.0
2024-07-30 16:23:00,Incheon,tech,84.4,45,395.0
2024-07-30 14:05:00,Daegu,fashion,46.9,53,454.0
2024-07-30 16:58:00,Busan,food,12.7,49,444.0
2024-07-30 21:31:00,Gwangju,food,20.3,67,341.0
2024-07-30 09:42:00,Gwangju,tech,67.9,61,235.0
2024-07-30 20:10:00,Daegu,tech,71.1,51,189.0
2024-07-30 20:55:00,Busan,fashion,79.0,64,397.0
2024-07-30 09:31:00,Seoul,tech,24.4,57,383.0
2024-07-30 15:18:00,Gwangju,fashion,78.1,37,456.0
2024-07-30 08:09:00,Seoul,food,15.8,53,330.0
2024-07-30 13:11:00,Busan,tech,94.6,51,490.0
2024-07-30 17:46:00,Daegu,fashion,91.5,57,352.0
2024-07-30 22:46:00,Busan,tech,71.7,55,208.0
2024-07-30 10:07:00,Seoul,home,33.9,58,270.0
2024-07-30 21:19:00,Incheon,food,83.8,45,460.0
2024-07-30 22:11:00,Incheon,tech,69.5,44,351.0
2024-07-30 15:30:00,Daegu,food,48.4,39,363.0
2024-07-30 13:57:00,Gwangju,home,94.8,45,408.0
2024-07-30 17:38:00,Gwangju,fashion,60.3,49,352.0
2024-07-30 09:04:00,Seoul,home,40.9,54,193.0
2024-07-30 21:26:00,Seoul,fashion,74.6,60,173.0
2024-07-30 14:43:00,Daegu,fashion,32.6,52,196.0
2024-07-30 17:47:00,Gwangju,tech,78.7,53,440.0
2024-07-30 15:34:00,Incheon,fashion,78.9,37,362.0
2024-07-31 13:57:00,Incheon,tech,14.3,52,457.0
2024-07-31 16:52:00,Daegu,tech,13.8,41,146.0
2024-07-31 15:31:00,Incheon,tech,75.2,53,183.0
2024-07-31 21:27:00,Gwangju,fashion,19.7,50,478.0
2024-07-31 21:17:00,Daegu,food,69.8,41,397.0
2024-07-31 19:30:00,Gwangju,home,14.2,65,249.0
2024-07-31 11:13:00,Daegu,food,22.6,60,124.0
2024-07-31 16:07:00,Busan,fashion,63.1,58,374.0
2024-07-31 19:50:00,Seoul,fashion,95.2,41,438.0
2024-07-31 15:48:00,Incheon,home,46.4,53,107.0
2024-07-31 18:38:00,Busan,fashion,42.5,38,164.0
2024-07-31 12:07:00,Busan,home,31.8,57,463.0
2024-07-31 15:45:00,Daegu,food,73.7,59,191.0
2024-07-31 15:21:00,Daegu,tech,35.4,50,418.0
2024-07-31 22:01:00,Daegu,food,25.3,53,405.0
2024-07-31 13:14:00,Busan,fashion,34.2,49,487.0
2024-07-31 15:40:00,Daegu,home,86.3,53,450.0
2024-07-31 19:09:00,Busan,home,19.0,57,90.0
2024-07-31 17:08:00,Daegu,fashion,78.2,51,167.0
2024-07-31 21:51:00,Busan,food,42.9,39,53.0
2024-07-31 16:59:00,Incheon,home,82.7,53,242.0
2024-07-31 14:53:00,Gwangju,home,36.7,51,250.0
2024-07-31 16:23:00,Daegu,food,47.6,56,422.0
2024-07-31 13:22:00,Seoul,food,48.8,53,154.0
2024-07-31 16:12:00,Seoul,home,60.1,46,176.0
2024-07-31 21:52:00,Gwangju,fashion,68.1,58,423.0
2024-07-31 12:40:00,Incheon,food,30.1,56,102.0
2024-07-31 15:14:00,Gwangju,fashion,58.8,60,162.0
2024-07-31 16:19:00,Gwangju,tech,94.6,45,404.0
2024-07-31 16:11:00,Gwangju,fashion,45.9,46,354.0
2024-07-31 14:53:00,Busan,tech,95.4,50,330.0
2024-07-31 08:01:00,Daegu,food,76.6,53,113.0
2024-07-31 18:48:00,Busan,home,73.8,50,371.0
2024-07-31 15:39:00,Daegu,home,61.9,69,93.0
2024-07-31 11:44:00,Busan,food,45.4,50,369.0
2024-07-31 19:35:00,Busan,tech,53.3,49,279.0
2024-07-31 21:05:00,Busan,food,61.0,49,286.0
2024-07-31 13:52:00,Incheon,home,38.5,46,105.0
2024-07-31 10:05:00,Incheon,fashion,33.7,39,174.0
2024-07-31 15:55:00,Daegu,fashion,13.3,61,477.0
2024-07-31 16:53:00,Daegu,home,55.1,55,160.0
2024-07-31 14:35:00,Daegu,home,57.6,68,266.0
2024-07-31 19:03:00,Daegu,tech,23.6,54,465.0
2024-07-31 11:08:00,Daegu,fashion,82.5,47,208.0
2024-07-31 12:02:00,Gwangju,fashion,91.3,44,486.0
2024-07-31 09:23:00,Busan,home,22.6,51,79.0
2024-07-31 10:38:00,Gwangju,tech,78.5,50,238.0
2024-07-31 21:41:00,Daegu,tech,38.8,47,331.0
2024-07-31 16:16:00,Seoul,home,84.0,50,449.0
2024-07-31 09:38:00,Busan,home,71.1,45,222.0
2024-07-31 16:15:00,Busan,food,90.1,52,499.0
2024-07-31 15:14:00,Incheon,home,58.5,44,187.0
2024-07-31 17:16:00,Daegu,fashion,11.9,46,155.0
2024-07-31 20:49:00,Busan,tech,25.5,40,214.0
2024-07-31 10:33:00,Busan,fashion,55.2,49,378.0
2024-07-31 14:43:00,Busan,food,25.6,45,448.0
2024-07-31 09:28:00,Daegu,home,26.2,51,200.0
2024-07-31 15:03:00,Busan,home,43.8,52,103.0
2024-07-31 17:47:00,Daegu,food,34.2,53,283.0
2024-07-31 18:11:00,Busan,tech,87.8,50,306.0
2024-08-01 18:41:00,Seoul,tech,21.7,50,364.0
2024-08-01 20:18:00,Incheon,food,66.1,53,182.0
2024-08-01 14:18:00,Seoul,food,37.9,42,77.0
2024-08-01 20:48:00,Incheon,home,87.2,55,230.0
2024-08-01 16:17:00,Busan,food,56.6,59,251.0
2024-08-01 17:17:00,Incheon,fashion,10.9,40,150.0
2024-08-01 22:09:00,Gwangju,home,59.1,59,183.0
2024-08-01 16:19:00,Incheon,home,70.0,59,311.0
2024-08-01 15:43:00,Seoul,food,86.2,54,314.0
2024-08-01 15:31:00,Daegu,tech,70.6,45,350.0
2024-08-01 20:37:00,Gwangju,fashion,24.4,55,485.0
2024-08-01 14:45:00,Incheon,home,60.3,57,204.0
2024-08-01 18:47:00,Incheon,food,93.0,53,405.0
2024-08-01 19:36:00,Busan,home,94.2,42,254.0
2024-08-01 19:41:00,Busan,tech,85.5,55,335.0
2024-08-01 19:12:00,Seoul,home,11.1,52,352.0
2024-08-01 22:39:00,Daegu,home,12.8,64,289.0
2024-08-01 21:51:00,Busan,food,46.7,51,173.0
2024-08-01 17:00:00,Seoul,tech,82.8,64,109.0
2024-08-01 10:22:00,Gwangju,tech,73.1,55,263.0
2024-08-01 15:43:00,Seoul,fashion,94.3,57,336.0
2024-08-01 19:57:00,Seoul,home,10.5,49,432.0
2024-08-01 21:19:00,Incheon,food,60.4,48,75.0
2024-08-01 11:54:00,Seoul,food,31.7,49,302.0
2024-08-01 19:10:00,Daegu,tech,57.4,39,481.0
2024-08-01 22:51:00,Gwangju,home,11.0,63,141.0
2024-08-01 20:57:00,Busan,home,20.3,34,159.0
2024-08-01 18:37:00,Gwangju,food,25.9,39,253.0
2024-08-01 14:46:00,Busan,fashion,76.9,57,248.0
2024-08-01 15:04:00,Incheon,tech,47.4,39,91.0
2024-08-01 11:32:00,Gwangju,food,77.6,47,94.0
2024-08-01 14:39:00,Gwangju,tech,99.4,41,362.0
2024-08-01 19:03:00,Gwangju,tech,95.9,50,486.0
2024-08-01 19:22:00,Seoul,home,90.8,57,240.0
2024-08-01 17:52:00,Busan,food,18.5,46,330.0
2024-08-01 12:43:00,Busan,tech,12.5,54,349.0
2024-08-01 12:30:00,Incheon,fashion,19.6,48,174.0
2024-08-01 12:06:00,Incheon,home,13.1,54,368.0
2024-08-01 15:06:00,Busan,tech,16.4,51,356.0
2024-08-01 18:25:00,Daegu,home,93.5,48,252.0
2024-08-01 22:42:00,Seoul,tech,83.9,44,169.0
2024-08-01 13:22:00,Daegu,food,25.7,37,310.0
2024-08-01 19:28:00,Incheon,fashion,55.9,53,220.0
2024-08-01 17:49:00,Seoul,tech,12.7,67,72.0
2024-08-01 14:11:00,Daegu,tech,60.1,43,211.0
2024-08-01 19:42:00,Daegu,tech,18.6,48,414.0
2024-08-01 12:46:00,Busan,fashion,68.5,56,279.0
2024-08-01 19:32:00,Incheon,tech,11.6,51,144.0
2024-08-02 09:42:00,Incheon,fashion,98.0,59,259.0
2024-08-02 15:50:00,Daegu,food,46.4,59,297.0
2024-08-02 09:39:00,Busan,food,66.3,34,83.0
2024-08-02 14:18:00,Seoul,food,49.6,44,335.0
2024-08-02 18:41:00,Daegu,tech,87.6,47,455.0
2024-08-02 10:31:00,Gwangju,tech,33.6,46,392.0
2024-08-02 14:20:00,Busan,food,95.9,54,156.0
2024-08-02 14:07:00,Daegu,tech,81.0,56,254.0
2024-08-02 17:18:00,Busan,fashion,30.4,52,143.0
2024-08-02 19:21:00,Incheon,food,34.7,40,206.0
2024-08-02 18:09:00,Gwangju,food,65.4,39,253.0
2024-08-02 18:20:00,Seoul,fashion,68.4,27,108.0
2024-08-02 13:48:00,Gwangju,fashion,22.4,54,183.0
2024-08-02 08:06:00,Busan,tech,23.9,47,296.0
2024-08-02 13:35:00,Gwangju,home,87.5,56,213.0
2024-08-02 15:55:00,Seoul,tech,26.5,48,281.0
2024-08-02 19:03:00,Gwangju,tech,56.7,52,420.0
2024-08-02 20:22:00,Seoul,fashion,55.9,49,155.0
2024-08-02 21:48:00,Gwangju,home,86.7,50,486.0
2024-08-02 16:44:00,Gwangju,food,78.6,37,454.0
2024-08-02 16:31:00,Daegu,home,74.6,45,285.0
2024-08-02 19:09:00,Gwangju,tech,54.2,54,198.0
2024-08-02 10:24:00,Busan,food,53.7,56,201.0
2024-08-02 10:16:00,Seoul,tech,42.0,44,195.0
2024-08-02 10:10:00,Incheon,home,79.5,61,496.0
2024-08-02 11:35:00,Seoul,food,18.2,40,97.0
2024-08-02 13:39:00,Seoul,fashion,80.1,56,409.0
2024-08-02 17:29:00,Incheon,fashion,37.0,44,383.0
2024-08-02 15:00:00,Seoul,tech,42.7,52,466.0
2024-08-02 10:20:00,Incheon,fashion,39.7,48,321.0
2024-08-02 17:22:00,Daegu,tech,99.1,43,181.0
2024-08-02 18:09:00,Seoul,tech,17.3,49,451.0
2024-08-02 16:17:00,Daegu,fashion,95.9,43,189.0
2024-08-02 14:37:00,Incheon,tech,90.0,46,351.0
2024-08-02 09:21:00,Busan,fashion,41.6,46,147.0
2024-08-02 15:09:00,Gwangju,fashion,97.3,49,113.0
2024-08-02 16:31:00,Incheon,home,80.5,40,138.0
2024-08-02 17:51:00,Busan,tech,96.1,47,135.0
2024-08-02 16:38:00,Daegu,fashion,97.6,47,475.0
2024-08-02 20:49:00,Seoul,home,20.8,44,480.0
2024-08-03 16:09:00,Seoul,home,51.7,56,335.0
2024-08-03 10:07:00,Incheon,fashion,23.3,57,394.0
2024-08-03 21:04:00,Gwangju,fashion,43.3,45,388.0
2024-08-03 10:34:00,Seoul,food,91.1,46,275.0
2024-08-03 16:23:00,Seoul,home,78.0,49,167.0
2024-08-03 17:42:00,Seoul,food,76.4,41,313.0
2024-08-03 18:04:00,Busan,home,76.9,51,171.0
2024-08-03 22:59:00,Daegu,fashion,61.9,54,105.0
2024-08-03 16:11:00,Incheon,tech,97.5,41,100.0
2024-08-03 16:48:00,Busan,food,59.2,53,307.0
2024-08-03 15:59:00,Seoul,fashion,34.1,51,480.0
2024-08-03 16:39:00,Busan,tech,32.0,58,461.0
2024-08-03 13:15:00,Seoul,tech,61.9,58,239.0
2024-08-03 15:35:00,Incheon,food,81.2,51,89.0
2024-08-03 18:45:00,Daegu,food,25.5,56,160.0
2024-08-03 13:18:00,Incheon,home,64.5,54,182.0
2024-08-03 14:18:00,Incheon,food,29.1,47,90.0
2024-08-03 19:21:00,Busan,home,11.4,49,307.0
2024-08-03 16:25:00,Seoul,food,81.4,57,201.0
2024-08-03 11:54:00,Incheon,tech,36.9,53,280.0
2024-08-03 18:38:00,Incheon,home,70.1,44,163.0
2024-08-03 10:41:00,Daegu,tech,34.3,46,495.0
2024-08-03 18:15:00,Busan,food,48.3,52,429.0
2024-08-03 17:04:00,Incheon,fashion,92.4,46,199.0
2024-08-03 21:44:00,Busan,fashion,38.2,41,348.0
2024-08-03 18:14:00,Incheon,home,90.0,53,332.0
2024-08-03 14:25:00,Gwangju,food,64.5,54,438.0
2024-08-03 16:08:00,Gwangju,fashion,20.3,53,403.0
2024-08-03 14:18:00,Busan,tech,32.4,48,376.0
2024-08-03 10:14:00,Seoul,fashion,83.0,40,318.0
2024-08-03 14:44:00,Gwangju,fashion,61.5,39,88.0
2024-08-03 15:31:00,Incheon,tech,29.5,45,394.0
2024-08-03 21:42:00,Gwangju,home,54.1,48,332.0
2024-08-03 16:06:00,Incheon,food,35.0,49,225.0
2024-08-03 19:39:00,Daegu,food,63.9,64,118.0
2024-08-03 12:29:00,Seoul,home,91.8,53,111.0
2024-08-03 12:08:00,Incheon,home,67.9,51,239.0
2024-08-03 11:08:00,Seoul,food,61.8,55,63.0
2024-08-03 10:35:00,Daegu,home,24.8,45,306.0
2024-08-03 22:03:00,Gwangju,tech,41.1,48,142.0
2024-08-03 17:39:00,Busan,home,16.3,34,474.0
2024-08-03 19:11:00,Daegu,food,10.7,51,170.0
2024-08-03 17:07:00,Gwangju,home,58.2,63,438.0
2024-08-03 12:55:00,Seoul,fashion,16.5,39,73.0
2024-08-03 14:11:00,Daegu,tech,23.6,60,150.0
2024-08-03 11:14:00,Gwangju,tech,56.9,62,128.0
2024-08-03 17:59:00,Incheon,fashion,30.5,54,163.0
2024-08-03 12:07:00,Busan,home,22.3,50,390.0
2024-08-03 18:17:00,Daegu,tech,76.8,49,324.0
2024-08-03 15:46:00,Busan,fashion,59.5,40,83.0
2024-08-04 10:24:00,Gwangju,food,25.5,50,104.0
2024-08-04 13:09:00,Busan,home,29.6,46,128.0
2024-08-04 13:59:00,Daegu,tech,76.1,66,53.0
2024-08-04 09:45:00,Gwangju,food,26.8,60,91.0
2024-08-04 18:05:00,Incheon,food,20.0,57,411.0
2024-08-04 18:35:00,Seoul,food,43.6,59,196.0
2024-08-04 12:50:00,Gwangju,food,58.9,49,489.0
2024-08-04 13:06:00,Seoul,fashion,42.3,55,130.0
2024-08-04 15:42:00,Gwangju,tech,27.9,55,143.0
2024-08-04 12:53:00,Gwangju,home,10.0,54,244.0
2024-08-04 17:33:00,Gwangju,food,24.6,52,138.0
2024-08-04 18:12:00,Daegu,fashion,70.7,49,76.0
2024-08-04 17:36:00,Busan,home,24.3,52,99.0
2024-08-04 16:52:00,Gwangju,tech,19.1,48,498.0
2024-08-04 12:45:00,Incheon,food,28.0,48,146.0
2024-08-04 14:43:00,Seoul,fashion,27.6,56,219.0
2024-08-04 11:22:00,Incheon,food,17.0,53,300.0
2024-08-04 13:13:00,Busan,fashion,27.3,45,307.0
2024-08-04 15:14:00,Daegu,home,58.8,67,265.0
2024-08-04 16:29:00,Seoul,fashion,47.0,60,200.0
2024-08-04 13:14:00,Daegu,tech,52.1,44,482.0
2024-08-04 16:50:00,Daegu,home,86.8,48,289.0
2024-08-04 19:26:00,Daegu,food,60.1,50,458.0
2024-08-04 17:33:00,Busan,home,78.0,57,270.0
2024-08-04 11:57:00,Busan,food,38.0,66,347.0
2024-08-04 16:54:00,Incheon,tech,53.8,48,442.0
2024-08-04 15:51:00,Busan,food,89.8,45,432.0
2024-08-04 20:04:00,Seoul,home,81.2,52,197.0
2024-08-04 16:08:00,Busan,home,20.5,58,224.0
2024-08-04 17:37:00,Gwangju,fashion,68.1,44,230.0
2024-08-04 08:46:00,Daegu,home,82.1,49,290.0
2024-08-04 14:27:00,Daegu,food,15.1,42,177.0
2024-08-04 17:56:00,Seoul,tech,28.6,40,363.0
2024-08-04 16:07:00,Daegu,food,50.0,58,182.0
2024-08-04 15:25:00,Seoul,tech,61.3,51,489.0
2024-08-04 10:36:00,Busan,home,15.5,44,379.0
2024-08-04 17:46:00,Seoul,food,20.2,59,335.0
2024-08-04 18:53:00,Seoul,food,13.2,42,133.0
2024-08-04 16:53:00,Daegu,home,86.6,37,455.0
2024-08-04 11:51:00,Incheon,fashion,91.8,50,100.0
2024-08-04 15:33:00,Daegu,home,13.0,51,405.0
2024-08-04 19:55:00,Busan,tech,72.0,42,304.0
2024-08-04 17:03:00,Gwangju,home,96.3,53,293.0
2024-08-04 15:36:00,Busan,tech,95.8,54,52.0
2024-08-04 09:57:00,Busan,fashion,32.9,46,239.0
2024-08-04 11:30:00,Seoul,fashion,58.4,49,422.0
2024-08-04 15:51:00,Seoul,home,43.0,42,118.0
2024-08-04 17:52:00,Busan,food,46.7,45,419.0
2024-08-04 14:47:00,Busan,fashion,23.9,44,89.0
2024-08-04 15:07:00,Gwangju,food,46.3,59,295.0
2024-08-04 21:30:00,Busan,tech,68.8,45,268.0
2024-08-04 18:47:00,Gwangju,fashion,42.2,39,318.0
2024-08-04 14:13:00,Incheon,food,87.6,57,390.0
2024-08-04 13:47:00,Gwangju,fashion,41.7,48,395.0
2024-08-04 15:41:00,Seoul,fashion,11.6,29,205.0
2024-08-05 18:35:00,Seoul,tech,58.8,68,345.0
2024-08-05 09:01:00,Seoul,fashion,19.4,51,141.0
2024-08-05 17:25:00,Busan,tech,33.7,54,209.0
2024-08-05 19:42:00,Gwangju,home,95.8,45,91.0
2024-08-05 11:33:00,Busan,food,43.5,57,245.0
2024-08-05 10:53:00,Busan,fashion,26.2,41,317.0
2024-08-05 16:57:00,Seoul,food,82.4,51,76.0
2024-08-05 16:17:00,Daegu,food,44.9,58,380.0
2024-08-05 18:18:00,Gwangju,food,52.3,39,100.0
2024-08-05 12:04:00,Gwangju,tech,31.2,47,306.0
2024-08-05 16:24:00,Incheon,fashion,55.7,47,52.0
2024-08-05 16:37:00,Seoul,fashion,55.4,62,428.0
2024-08-05 12:12:00,Incheon,tech,29.5,58,85.0
2024-08-05 16:58:00,Incheon,food,69.9,58,242.0
2024-08-05 22:09:00,Busan,tech,10.5,48,307.0
2024-08-05 13:17:00,Incheon,tech,64.3,41,143.0
2024-08-05 15:23:00,Seoul,food,72.4,44,117.0
2024-08-05 18:39:00,Gwangju,fashion,49.3,53,173.0
2024-08-05 16:07:00,Daegu,fashion,88.3,41,236.0
2024-08-05 12:33:00,Seoul,home,62.3,68,382.0
2024-08-05 21:29:00,Incheon,tech,39.4,42,370.0
2024-08-05 14:09:00,Busan,home,22.9,61,209.0
2024-08-05 15:19:00,Gwangju,home,60.2,48,155.0
2024-08-05 16:39:00,Daegu,home,67.4,36,460.0
2024-08-05 15:55:00,Busan,food,61.3,53,447.0
2024-08-05 13:53:00,Incheon,home,25.9,49,113.0
2024-08-05 17:20:00,Gwangju,home,30.5,39,107.0
2024-08-05 15:17:00,Seoul,tech,40.5,51,347.0
2024-08-05 10:02:00,Daegu,food,68.6,58,356.0
2024-08-05 17:41:00,Seoul,food,47.5,55,190.0
2024-08-05 15:04:00,Busan,fashion,44.6,51,139.0
2024-08-05 15:13:00,Busan,food,94.1,59,109.0
2024-08-05 17:04:00,Busan,home,63.2,44,233.0
2024-08-05 20:19:00,Incheon,home,65.9,42,416.0
2024-08-05 16:28:00,Busan,home,80.7,51,155.0
2024-08-05 19:22:00,Busan,tech,67.1,56,122.0
2024-08-05 18:37:00,Daegu,home,42.5,59,365.0
2024-08-05 17:01:00,Busan,fashion,39.7,44,75.0
2024-08-06 16:38:00,Seoul,tech,47.0,45,359.0
2024-08-06 15:43:00,Seoul,tech,68.4,60,428.0
2024-08-06 11:45:00,Incheon,food,73.0,43,377.0
2024-08-06 16:04:00,Busan,food,77.9,63,426.0
2024-08-06 17:26:00,Busan,food,79.4,41,359.0
2024-08-06 16:39:00,Seoul,fashion,36.2,50,482.0
2024-08-06 14:49:00,Seoul,food,44.0,56,450.0
2024-08-06 15:13:00,Busan,tech,27.0,56,452.0
2024-08-06 12:14:00,Busan,fashion,73.5,51,181.0
2024-08-06 17:34:00,Gwangju,tech,42.5,56,312.0
2024-08-06 16:15:00,Incheon,food,37.0,50,500.0
2024-08-06 15:09:00,Seoul,food,27.1,59,136.0
2024-08-06 19:30:00,Daegu,tech,87.9,52,147.0
2024-08-06 14:18:00,Daegu,food,87.0,42,250.0
2024-08-06 18:24:00,Seoul,home,80.6,54,278.0
2024-08-06 09:31:00,Busan,tech,93.7,51,200.0
2024-08-06 17:17:00,Incheon,fashion,27.5,42,279.0
2024-08-06 11:07:00,Daegu,food,33.2,45,160.0
2024-08-06 11:09:00,Gwangju,food,73.1,36,496.0
2024-08-06 15:24:00,Incheon,fashion,37.2,49,219.0
2024-08-06 19:21:00,Busan,tech,52.2,59,450.0
2024-08-06 13:42:00,Incheon,food,21.8,64,207.0
2024-08-06 11:27:00,Busan,food,29.5,57,135.0
2024-08-06 18:27:00,Incheon,home,45.7,52,192.0
2024-08-06 16:54:00,Seoul,tech,30.7,48,326.0
2024-08-06 14:15:00,Incheon,fashion,63.3,48,449.0
2024-08-06 15:19:00,Busan,tech,36.6,42,157.0
2024-08-06 13:11:00,Seoul,food,19.5,54,212.0
2024-08-06 10:28:00,Seoul,home,20.2,61,385.0
2024-08-06 20:20:00,Daegu,tech,30.6,48,450.0
2024-08-06 14:20:00,Incheon,home,58.0,47,101.0
2024-08-06 12:41:00,Incheon,tech,88.6,57,324.0
2024-08-06 10:11:00,Seoul,fashion,12.0,51,367.0
2024-08-06 13:28:00,Gwangju,fashion,56.1,49,301.0
2024-08-06 17:59:00,Busan,home,67.9,50,252.0
2024-08-06 13:09:00,Seoul,food,63.2,51,376.0
2024-08-06 15:22:00,Daegu,fashion,79.6,44,359.0
2024-08-06 16:58:00,Incheon,tech,32.9,37,391.0
2024-08-06 22:08:00,Daegu,tech,35.8,47,254.0
2024-08-06 14:10:00,Seoul,home,14.7,51,178.0
2024-08-06 15:23:00,Gwangju,home,36.2,57,68.0
2024-08-06 18:45:00,Busan,tech,17.7,65,152.0
2024-08-07 18:32:00,Daegu,fashion,62.3,56,451.0
2024-08-07 22:46:00,Daegu,tech,90.5,46,153.0
2024-08-07 14:58:00,Daegu,home,38.3,38,387.0
2024-08-07 13:53:00,Incheon,home,56.0,48,374.0
2024-08-07 17:56:00,Seoul,food,60.3,44,111.0
2024-08-07 15:10:00,Busan,fashion,34.5,38,344.0
2024-08-07 11:41:00,Incheon,home,71.1,55,85.0
2024-08-07 14:50:00,Seoul,fashion,27.3,51,419.0
2024-08-07 12:38:00,Gwangju,food,53.4,57,89.0
2024-08-07 17:04:00,Incheon,fashion,45.0,51,166.0
2024-08-07 13:42:00,Busan,food,46.5,51,364.0
2024-08-07 22:41:00,Busan,tech,79.2,48,403.0
2024-08-07 21:20:00,Daegu,food,32.6,44,393.0
2024-08-07 20:27:00,Gwangju,tech,33.6,52,54.0
2024-08-07 09:11:00,Seoul,tech,90.1,46,288.0
2024-08-07 14:47:00,Daegu,tech,38.1,42,164.0
2024-08-07 13:09:00,Daegu,food,95.6,58,337.0
2024-08-07 21:20:00,Busan,home,22.8,43,53.0
2024-08-07 19:22:00,Incheon,food,99.4,48,483.0
2024-08-07 19:18:00,Seoul,fashion,21.5,50,123.0
2024-08-07 15:04:00,Busan,home,51.1,51,113.0
2024-08-07 16:09:00,Seoul,food,64.1,42,177.0
2024-08-07 16:35:00,Daegu,fashion,37.9,46,448.0
2024-08-07 18:12:00,Gwangju,food,11.3,61,195.0
2024-08-07 16:12:00,Seoul,tech,89.4,48,282.0
2024-08-07 14:39:00,Daegu,home,22.5,50,404.0
2024-08-07 18:47:00,Incheon,food,11.2,43,394.0
2024-08-07 19:26:00,Seoul,home,90.6,56,217.0
2024-08-07 14:17:00,Seoul,home,18.8,50,366.0
2024-08-07 15:02:00,Busan,food,13.3,59,432.0
2024-08-07 12:54:00,Incheon,food,52.6,55,381.0
2024-08-07 21:47:00,Daegu,tech,32.2,41,133.0
2024-08-07 09:36:00,Incheon,home,77.0,43,189.0
2024-08-07 20:39:00,Daegu,home,78.7,48,118.0
2024-08-07 14:10:00,Seoul,food,68.7,55,482.0
2024-08-07 14:51:00,Seoul,home,99.8,54,231.0
2024-08-07 17:41:00,Daegu,food,80.5,49,344.0
2024-08-07 17:04:00,Gwangju,tech,28.4,51,453.0
2024-08-07 19:25:00,Busan,tech,64.8,39,97.0
2024-08-07 19:30:00,Busan,fashion,44.1,40,85.0
2024-08-07 17:50:00,Incheon,food,87.6,48,274.0
2024-08-08 10:58:00,Daegu,fashion,63.9,43,59.0
2024-08-08 21:12:00,Seoul,home,98.3,45,169.0
2024-08-08 13:13:00,Daegu,fashion,95.7,49,309.0
2024-08-08 12:18:00,Daegu,tech,62.7,47,57.0
2024-08-08 10:32:00,Busan,fashion,54.0,38,194.0
2024-08-08 15:08:00,Incheon,food,46.8,50,62.0
2024-08-08 12:24:00,Daegu,food,27.1,46,136.0
2024-08-08 20:46:00,Seoul,food,39.7,51,59.0
2024-08-08 16:20:00,Seoul,food,23.2,58,451.0
2024-08-08 15:06:00,Gwangju,fashion,37.0,43,160.0
2024-08-08 16:52:00,Incheon,fashion,41.3,63,335.0
2024-08-08 17:34:00,Incheon,fashion,66.7,49,116.0
2024-08-08 22:25:00,Busan,home,50.9,55,59.0
2024-08-08 16:27:00,Seoul,tech,38.5,40,286.0
2024-08-08 18:07:00,Seoul,food,90.6,54,181.0
2024-08-08 14:02:00,Incheon,tech,11.4,45,134.0
2024-08-08 14:42:00,Incheon,food,26.8,51,196.0
2024-08-08 14:10:00,Gwangju,tech,12.8,53,341.0
2024-08-08 14:22:00,Incheon,home,33.2,49,272.0
2024-08-08 18:21:00,Seoul,tech,49.0,49,189.0
2024-08-08 14:15:00,Incheon,fashion,41.4,54,261.0
2024-08-08 16:15:00,Daegu,fashion,36.0,41,338.0
2024-08-08 20:23:00,Busan,food,79.3,46,425.0
2024-08-08 17:18:00,Seoul,fashion,70.6,48,454.0
2024-08-08 14:00:00,Daegu,food,88.3,42,398.0
2024-08-08 09:54:00,Daegu,food,93.9,59,314.0
2024-08-08 10:56:00,Incheon,home,38.4,59,303.0
2024-08-08 15:34:00,Incheon,food,88.1,50,369.0
2024-08-08 10:11:00,Seoul,home,78.8,55,261.0
2024-08-08 20:21:00,Busan,tech,67.8,49,467.0
2024-08-08 09:54:00,Busan,fashion,14.2,50,304.0
2024-08-08 17:10:00,Gwangju,home,73.1,50,293.0
2024-08-08 16:57:00,Seoul,food,73.4,46,317.0
2024-08-08 14:53:00,Seoul,fashion,62.4,60,144.0
2024-08-08 21:05:00,Incheon,food,78.3,39,389.0
2024-08-08 15:24:00,Incheon,tech,90.1,48,480.0
2024-08-08 14:11:00,Incheon,tech,95.5,41,244.0
2024-08-08 19:10:00,Busan,home,74.7,44,426.0
2024-08-08 14:16:00,Busan,food,44.7,56,364.0
2024-08-08 17:13:00,Daegu,fashion,54.0,57,452.0
2024-08-08 17:00:00,Seoul,food,61.3,55,210.0
2024-08-08 22:08:00,Incheon,fashion,79.1,54,342.0
2024-08-08 10:15:00,Busan,fashion,54.8,60,337.0
2024-08-08 20:30:00,Incheon,food,45.6,53,399.0
2024-08-08 18:19:00,Daegu,home,74.3,47,439.0
2024-08-08 11:12:00,Busan,fashion,69.7,55,450.0
2024-08-08 19:13:00,Seoul,home,43.5,49,132.0
2024-08-08 12:18:00,Seoul,home,14.0,41,134.0
2024-08-09 15:21:00,Daegu,fashion,18.5,46,429.0
2024-08-09 21:42:00,Seoul,home,57.1,65,166.0
2024-08-09 18:30:00,Incheon,food,80.2,59,392.0
2024-08-09 16:29:00,Busan,home,18.6,56,272.0
2024-08-09 12:18:00,Gwangju,fashion,40.6,52,464.0
2024-08-09 14:02:00,Daegu,home,85.0,38,277.0
2024-08-09 16:23:00,Gwangju,home,79.6,34,243.0
2024-08-09 10:05:00,Incheon,tech,33.6,49,85.0
2024-08-09 17:11:00,Seoul,home,64.9,49,295.0
2024-08-09 10:36:00,Daegu,tech,60.1,41,272.0
2024-08-09 17:22:00,Gwangju,home,73.6,61,436.0
2024-08-09 20:49:00,Daegu,home,48.9,47,412.0
2024-08-09 20:35:00,Busan,food,34.6,41,337.0
2024-08-09 12:46:00,Incheon,food,47.0,52,69.0
2024-08-09 22:07:00,Busan,food,31.9,47,458.0
2024-08-09 16:21:00,Seoul,fashion,99.4,48,462.0
2024-08-09 22:14:00,Incheon,home,89.3,51,72.0
2024-08-09 17:36:00,Daegu,food,13.6,58,198.0
2024-08-09 20:47:00,Busan,fashion,65.5,46,477.0
2024-08-09 17:47:00,Busan,home,11.3,35,360.0
2024-08-09 20:06:00,Daegu,food,66.8,63,97.0
2024-08-09 13:01:00,Incheon,tech,29.9,42,472.0
2024-08-09 08:53:00,Gwangju,home,88.9,43,206.0
2024-08-09 15:12:00,Incheon,tech,73.1,55,114.0
2024-08-09 17:32:00,Daegu,food,62.9,44,201.0
2024-08-09 20:46:00,Busan,home,57.3,54,128.0
2024-08-09 16:31:00,Seoul,tech,78.5,58,233.0
2024-08-09 16:47:00,Seoul,home,74.9,36,422.0
2024-08-09 15:33:00,Busan,home,71.2,45,224.0
2024-08-09 18:47:00,Incheon,food,86.7,47,493.0
2024-08-09 16:12:00,Daegu,tech,26.2,43,338.0
2024-08-09 22:35:00,Seoul,fashion,98.4,42,90.0
2024-08-09 18:44:00,Busan,fashion,60.0,50,471.0
2024-08-09 22:28:00,Daegu,food,32.8,38,396.0
2024-08-09 19:47:00,Busan,tech,53.7,58,208.0
2024-08-09 09:57:00,Incheon,food,80.0,50,206.0
2024-08-09 15:11:00,Daegu,food,39.3,46,350.0
2024-08-09 16:20:00,Incheon,home,32.2,59,160.0
2024-08-09 18:52:00,Busan,fashion,78.2,52,200.0
2024-08-09 20:25:00,Gwangju,home,47.3,46,102.0
2024-08-09 14:43:00,Gwangju,food,12.6,50,186.0
2024-08-09 22:19:00,Gwangju,fashion,22.3,51,299.0
2024-08-09 17:30:00,Busan,tech,88.8,43,87.0
2024-08-09 20:44:00,Busan,fashion,78.9,48,286.0
2024-08-09 09:00:00,Daegu,home,60.3,63,72.0
2024-08-09 17:55:00,Busan,fashion,84.6,43,346.0
2024-08-09 12:07:00,Gwangju,home,44.5,43,498.0
2024-08-10 16:19:00,Seoul,fashion,34.2,35,74.0
2024-08-10 16:28:00,Busan,tech,98.9,49,481.0
2024-08-10 19:04:00,Gwangju,home,41.1,47,173.0
2024-08-10 18:24:00,Busan,fashion,93.8,40,355.0
2024-08-10 16:45:00,Gwangju,home,57.1,43,244.0
2024-08-10 14:15:00,Gwangju,tech,48.5,40,256.0
2024-08-10 16:46:00,Daegu,food,27.9,50,248.0
2024-08-10 18:15:00,Busan,food,54.8,45,67.0
2024-08-10 16:21:00,Gwangju,fashion,41.8,43,437.0
2024-08-10 20:09:00,Incheon,tech,98.0,58,381.0
2024-08-10 21:12:00,Busan,fashion,96.1,60,250.0
2024-08-10 18:21:00,Gwangju,tech,57.1,51,255.0
2024-08-10 18:51:00,Daegu,fashion,85.3,45,233.0
2024-08-10 18:56:00,Gwangju,tech,65.5,56,153.0
2024-08-10 09:06:00,Gwangju,home,70.5,72,269.0
2024-08-10 16:33:00,Incheon,home,44.8,61,389.0
2024-08-10 13:03:00,Incheon,food,10.1,46,227.0
2024-08-10 11:55:00,Busan,tech,66.7,57,284.0
2024-08-10 19:35:00,Gwangju,home,49.1,48,129.0
2024-08-10 14:55:00,Seoul,home,30.7,52,404.0
2024-08-10 15:36:00,Daegu,fashion,63.4,37,366.0
2024-08-10 14:07:00,Daegu,tech,68.1,43,438.0
2024-08-10 13:39:00,Gwangju,home,23.6,45,466.0
2024-08-10 18:29:00,Daegu,fashion,47.8,43,223.0
2024-08-10 18:32:00,Daegu,food,12.0,63,65.0
2024-08-10 19:24:00,Gwangju,home,16.6,64,88.0
2024-08-10 20:11:00,Daegu,home,92.8,54,92.0
2024-08-10 19:18:00,Incheon,tech,45.7,52,228.0
2024-08-10 10:21:00,Incheon,food,28.5,55,254.0
2024-08-10 16:29:00,Gwangju,home,20.3,65,465.0
2024-08-10 14:19:00,Seoul,food,70.3,46,353.0
2024-08-10 16:55:00,Gwangju,fashion,58.2,50,471.0
2024-08-10 15:29:00,Incheon,home,58.2,52,224.0
2024-08-10 21:02:00,Busan,tech,85.0,54,158.0
2024-08-10 13:00:00,Incheon,home,92.7,50,238.0
2024-08-10 15:29:00,Seoul,home,80.6,46,372.0
2024-08-10 20:18:00,Incheon,tech,31.8,51,472.0
2024-08-10 17:04:00,Gwangju,tech,48.8,46,321.0
2024-08-10 22:46:00,Seoul,food,75.6,47,337.0
2024-08-10 19:12:00,Seoul,fashion,39.9,49,280.0
2024-08-10 16:46:00,Incheon,food,81.4,56,435.0
2024-08-10 21:39:00,Incheon,fashion,27.8,51,408.0
2024-08-10 15:27:00,Gwangju,home,60.6,38,149.0
2024-08-10 13:18:00,Seoul,food,28.3,37,493.0
2024-08-10 15:35:00,Seoul,home,56.0,54,360.0
2024-08-10 13:28:00,Seoul,tech,79.6,46,269.0
2024-08-10 15:08:00,Gwangju,food,71.0,55,457.0
2024-08-10 13:48:00,Seoul,food,47.3,51,121.0
2024-08-10 17:21:00,Daegu,food,15.9,49,395.0
2024-08-10 15:35:00,Daegu,home,17.6,60,385.0
2024-08-10 12:02:00,Busan,food,11.2,40,311.0
2024-08-11 18:32:00,Busan,food,22.7,44,63.0
2024-08-11 21:13:00,Incheon,tech,40.8,37,351.0
2024-08-11 16:23:00,Incheon,home,93.5,43,107.0
2024-08-11 15:46:00,Busan,home,42.9,37,270.0
2024-08-11 12:26:00,Incheon,home,87.1,58,497.0
2024-08-11 15:34:00,Busan,fashion,88.0,60,239.0
2024-08-11 16:05:00,Daegu,tech,16.3,50,168.0
2024-08-11 20:53:00,Gwangju,food,90.5,35,306.0
2024-08-11 09:03:00,Busan,tech,41.8,44,478.0
2024-08-11 13:32:00,Seoul,home,90.8,70,343.0
2024-08-11 17:46:00,Daegu,tech,94.0,57,104.0
2024-08-11 20:47:00,Daegu,home,100.0,54,472.0
2024-08-11 11:05:00,Seoul,fashion,68.3,47,271.0
2024-08-11 15:16:00,Seoul,fashion,33.2,46,288.0
2024-08-11 15:01:00,Gwangju,tech,52.8,55,441.0
2024-08-11 15:50:00,Seoul,fashion,19.8,55,478.0
2024-08-11 18:15:00,Daegu,home,79.1,51,125.0
2024-08-11 14:06:00,Incheon,tech,11.0,54,280.0
2024-08-11 13:02:00,Gwangju,tech,60.4,46,403.0
2024-08-11 20:23:00,Gwangju,home,64.5,38,58.0
2024-08-11 15:28:00,Daegu,home,46.1,57,110.0
2024-08-11 10:28:00,Daegu,home,36.3,60,413.0
2024-08-11 13:09:00,Incheon,tech,46.6,41,423.0
2024-08-11 20:34:00,Daegu,home,59.8,48,460.0
2024-08-11 18:38:00,Gwangju,home,82.9,66,118.0
2024-08-11 14:52:00,Gwangju,food,65.0,47,305.0
2024-08-11 11:04:00,Incheon,home,85.4,64,120.0
2024-08-11 10:42:00,Incheon,tech,17.2,47,219.0
2024-08-11 16:27:00,Busan,fashion,42.1,42,327.0
2024-08-11 15:42:00,Daegu,food,58.3,55,451.0
2024-08-11 18:08:00,Seoul,food,85.0,54,197.0
2024-08-11 18:28:00,Incheon,tech,96.7,47,193.0
2024-08-11 17:40:00,Seoul,food,68.8,37,469.0
2024-08-11 19:01:00,Gwangju,food,72.9,42,127.0
2024-08-11 19:50:00,Seoul,food,44.3,48,351.0
2024-08-11 15:35:00,Daegu,tech,98.3,47,201.0
2024-08-11 17:52:00,Seoul,fashion,72.9,50,65.0
2024-08-11 13:46:00,Gwangju,home,40.4,46,118.0
2024-08-11 12:52:00,Busan,fashion,66.5,49,351.0
2024-08-11 12:23:00,Seoul,home,93.4,48,449.0
2024-08-11 10:56:00,Seoul,home,84.3,45,146.0
2024-08-11 18:39:00,Gwangju,fashion,66.2,54,68.0
2024-08-11 17:09:00,Daegu,food,93.3,44,368.0
2024-08-12 16:05:00,Daegu,food,30.8,44,454.0
2024-08-12 12:55:00,Gwangju,food,23.0,51,155.0
2024-08-12 15:40:00,Gwangju,fashion,71.6,53,430.0
2024-08-12 12:54:00,Incheon,food,49.3,59,289.0
2024-08-12 14:06:00,Seoul,tech,89.5,46,389.0
2024-08-12 12:35:00,Seoul,tech,42.0,46,147.0
2024-08-12 18:51:00,Incheon,tech,24.7,37,460.0
2024-08-12 15:48:00,Daegu,tech,63.6,55,77.0
2024-08-12 19:27:00,Daegu,home,90.9,49,311.0
2024-08-12 17:44:00,Seoul,tech,52.1,46,212.0
2024-08-12 16:09:00,Seoul,tech,55.1,43,440.0
2024-08-12 09:41:00,Gwangju,home,73.3,56,459.0
2024-08-12 19:12:00,Busan,fashion,43.0,52,406.0
2024-08-12 16:57:00,Incheon,fashion,57.4,43,204.0
2024-08-12 15:12:00,Seoul,home,64.5,43,375.0
2024-08-12 18:41:00,Seoul,home,17.0,47,274.0
2024-08-12 12:24:00,Incheon,home,65.8,49,187.0
2024-08-12 17:44:00,Seoul,fashion,72.0,47,348.0
2024-08-12 19:17:00,Incheon,food,60.3,56,97.0
2024-08-12 14:46:00,Seoul,home,51.9,38,218.0
2024-08-12 15:49:00,Daegu,food,83.5,54,457.0
2024-08-12 19:52:00,Incheon,tech,73.9,50,89.0
2024-08-12 17:08:00,Incheon,food,28.5,43,296.0
2024-08-12 20:55:00,Busan,tech,72.8,52,350.0
2024-08-12 15:08:00,Seoul,tech,31.9,50,96.0
2024-08-12 10:00:00,Incheon,home,52.3,46,409.0
2024-08-12 13:59:00,Busan,food,26.8,63,105.0
2024-08-12 12:22:00,Daegu,tech,50.8,59,445.0
2024-08-12 12:33:00,Seoul,home,51.7,53,388.0
2024-08-12 21:05:00,Seoul,food,67.0,50,84.0
2024-08-12 08:43:00,Daegu,tech,64.9,54,101.0
2024-08-12 14:43:00,Seoul,food,61.3,53,412.0
2024-08-12 11:15:00,Gwangju,home,33.8,43,359.0
2024-08-12 17:38:00,Incheon,food,74.6,53,499.0
2024-08-12 22:43:00,Daegu,fashion,73.2,48,412.0
2024-08-12 18:36:00,Incheon,food,64.8,59,99.0
2024-08-12 15:56:00,Gwangju,fashion,71.0,48,304.0
2024-08-12 11:41:00,Seoul,fashion,90.9,42,142.0
2024-08-12 15:48:00,Daegu,fashion,64.2,53,231.0
2024-08-12 09:00:00,Daegu,tech,28.1,57,267.0
2024-08-12 14:21:00,Busan,food,72.5,57,64.0
2024-08-12 17:58:00,Busan,fashion,45.3,48,287.0
2024-08-12 15:38:00,Daegu,home,62.8,62,419.0
2024-08-12 08:30:00,Daegu,tech,98.7,49,122.0
2024-08-12 14:55:00,Daegu,tech,26.0,54,87.0
2024-08-12 14:26:00,Busan,fashion,59.4,54,472.0
2024-08-12 15:17:00,Daegu,home,47.7,51,474.0
2024-08-12 11:45:00,Incheon,home,56.3,54,155.0
2024-08-12 20:45:00,Daegu,food,34.4,56,72.0
2024-08-12 15:09:00,Busan,tech,93.0,47,213.0
2024-08-12 13:49:00,Busan,food,41.4,42,367.0
2024-08-12 17:30:00,Gwangju,fashion,67.7,36,67.0
2024-08-12 15:35:00,Daegu,food,69.9,69,494.0
2024-08-12 17:10:00,Daegu,tech,11.4,40,298.0
2024-08-12 10:21:00,Daegu,home,65.4,51,217.0
2024-08-12 11:32:00,Seoul,fashion,92.0,47,155.0
2024-08-12 16:13:00,Gwangju,tech,20.1,53,227.0
2024-08-12 18:08:00,Daegu,home,40.7,45,297.0
2024-08-12 14:57:00,Daegu,food,24.1,43,446.0
2024-08-12 11:36:00,Incheon,food,65.7,57,365.0
2024-08-12 09:54:00,Incheon,home,83.9,60,101.0
2024-08-12 10:46:00,Incheon,home,43.6,54,471.0
2024-08-13 10:33:00,Incheon,tech,21.9,57,314.0
2024-08-13 18:05:00,Gwangju,home,75.8,46,107.0
2024-08-13 19:46:00,Daegu,food,54.6,64,309.0
2024-08-13 21:43:00,Gwangju,fashion,36.9,32,175.0
2024-08-13 16:12:00,Seoul,tech,46.9,44,112.0
2024-08-13 11:08:00,Gwangju,home,39.4,64,248.0
2024-08-13 19:48:00,Incheon,home,16.9,59,197.0
2024-08-13 09:11:00,Daegu,tech,51.3,61,54.0
2024-08-13 10:28:00,Incheon,food,81.8,47,178.0
2024-08-13 14:12:00,Gwangju,tech,41.4,50,67.0
2024-08-13 16:13:00,Gwangju,food,34.9,48,451.0
2024-08-13 09:08:00,Daegu,home,98.4,47,271.0
2024-08-13 12:28:00,Seoul,home,23.0,43,470.0
2024-08-13 18:51:00,Incheon,food,62.6,46,250.0
2024-08-13 11:35:00,Seoul,tech,90.1,63,241.0
2024-08-13 08:36:00,Gwangju,home,98.5,34,272.0
2024-08-13 12:16:00,Seoul,food,12.8,47,163.0
2024-08-13 20:47:00,Daegu,home,40.3,40,145.0
2024-08-13 11:37:00,Incheon,food,79.5,65,201.0
2024-08-13 14:56:00,Daegu,tech,17.6,43,491.0
2024-08-13 20:44:00,Busan,tech,27.1,44,396.0
2024-08-13 13:01:00,Daegu,home,74.7,60,470.0
2024-08-13 16:22:00,Busan,food,36.4,46,327.0
2024-08-13 19:16:00,Gwangju,fashion,90.3,53,199.0
2024-08-13 22:21:00,Gwangju,tech,57.0,50,280.0
2024-08-13 19:59:00,Busan,tech,10.7,51,385.0
2024-08-13 20:48:00,Daegu,fashion,30.3,55,147.0
2024-08-13 12:30:00,Daegu,tech,39.2,59,353.0
2024-08-13 14:53:00,Seoul,home,31.2,58,67.0
2024-08-13 19:01:00,Busan,home,49.7,57,366.0
2024-08-13 18:02:00,Gwangju,home,51.4,48,297.0
2024-08-13 15:06:00,Busan,tech,37.9,29,303.0
2024-08-13 12:04:00,Seoul,fashion,67.5,62,305.0
2024-08-13 18:13:00,Busan,tech,40.8,61,376.0
2024-08-13 09:59:00,Seoul,fashion,49.1,41,177.0
2024-08-13 10:56:00,Busan,fashion,94.1,45,196.0
2024-08-14 17:10:00,Incheon,food,25.8,45,400.0
2024-08-14 10:08:00,Incheon,tech,23.0,45,267.0
2024-08-14 18:17:00,Incheon,tech,83.6,59,197.0
2024-08-14 18:56:00,Gwangju,fashion,45.2,49,340.0
2024-08-14 09:39:00,Seoul,food,80.1,46,409.0
2024-08-14 10:07:00,Daegu,home,60.4,36,260.0
2024-08-14 15:51:00,Gwangju,food,32.5,57,458.0
2024-08-14 13:03:00,Incheon,food,44.3,61,386.0
2024-08-14 21:23:00,Gwangju,food,50.6,40,188.0
2024-08-14 12:32:00,Daegu,food,47.0,47,55.0
2024-08-14 11:25:00,Seoul,food,41.9,51,184.0
2024-08-14 16:42:00,Daegu,fashion,15.1,49,299.0
2024-08-14 17:54:00,Incheon,fashion,11.2,57,153.0
2024-08-14 15:25:00,Gwangju,food,68.8,51,304.0
2024-08-14 12:21:00,Daegu,home,13.2,54,105.0
2024-08-14 15:40:00,Busan,fashion,13.1,56,117.0
2024-08-14 14:10:00,Gwangju,home,79.3,64,360.0
2024-08-14 14:20:00,Incheon,food,32.0,60,68.0
2024-08-14 17:47:00,Incheon,tech,98.3,47,283.0
2024-08-14 10:16:00,Busan,tech,91.3,38,118.0
2024-08-14 09:48:00,Incheon,tech,36.2,42,338.0
2024-08-14 20:50:00,Busan,tech,64.4,46,294.0
2024-08-14 15:51:00,Seoul,fashion,72.1,33,235.0
2024-08-14 11:04:00,Busan,food,72.4,46,192.0
2024-08-14 17:31:00,Incheon,fashion,63.9,43,480.0
2024-08-14 16:39:00,Gwangju,tech,84.3,47,470.0
2024-08-14 13:37:00,Busan,tech,29.1,51,336.0
2024-08-14 14:43:00,Daegu,food,72.6,52,412.0
2024-08-14 22:10:00,Incheon,fashion,11.6,46,416.0
2024-08-14 19:44:00,Seoul,home,31.3,61,345.0
2024-08-14 15:49:00,Gwangju,home,10.0,42,150.0
2024-08-14 11:38:00,Busan,food,81.7,46,343.0
2024-08-14 14:25:00,Daegu,food,31.8,52,460.0
2024-08-14 21:08:00,Busan,food,31.1,43,368.0
2024-08-14 21:33:00,Daegu,food,60.2,63,321.0
2024-08-14 14:01:00,Gwangju,home,44.5,55,205.0
2024-08-14 16:49:00,Gwangju,home,26.0,53,451.0
2024-08-14 15:29:00,Incheon,tech,15.2,52,430.0
2024-08-14 14:48:00,Incheon,food,43.7,53,244.0
2024-08-14 10:20:00,Incheon,home,44.1,65,222.0
2024-08-14 09:10:00,Gwangju,food,57.6,66,320.0
2024-08-14 16:58:00,Busan,home,28.5,47,163.0
2024-08-14 14:52:00,Seoul,food,47.2,50,488.0
2024-08-14 10:57:00,Incheon,tech,48.7,49,453.0
2024-08-15 16:37:00,Seoul,home,32.2,45,218.0
2024-08-15 16:37:00,Seoul,fashion,65.0,55,351.0
2024-08-15 13:48:00,Incheon,tech,17.0,60,79.0
2024-08-15 16:00:00,Incheon,food,36.2,55,167.0
2024-08-15 14:58:00,Busan,tech,75.3,63,190.0
2024-08-15 10:09:00,Busan,tech,72.3,39,422.0
2024-08-15 19:11:00,Daegu,home,83.8,48,276.0
2024-08-15 18:42:00,Busan,food,70.7,56,353.0
2024-08-15 09:02:00,Gwangju,home,72.8,44,267.0
2024-08-15 12:18:00,Incheon,fashion,61.1,45,417.0
2024-08-15 12:02:00,Seoul,tech,90.2,50,209.0
2024-08-15 18:51:00,Gwangju,home,44.4,46,125.0
2024-08-15 15:30:00,Seoul,food,95.8,53,131.0
2024-08-15 16:15:00,Busan,fashion,74.3,52,158.0
2024-08-15 15:19:00,Daegu,tech,61.5,37,309.0
2024-08-15 13:46:00,Daegu,fashion,59.2,50,374.0
2024-08-15 11:54:00,Gwangju,food,85.2,51,334.0
2024-08-15 15:05:00,Daegu,home,96.5,55,192.0
2024-08-15 12:16:00,Daegu,tech,11.6,48,241.0
2024-08-15 13:55:00,Incheon,tech,43.1,50,287.0
2024-08-15 14:29:00,Seoul,fashion,24.0,46,290.0
2024-08-15 19:21:00,Busan,fashion,88.1,39,253.0
2024-08-15 12:49:00,Daegu,home,13.8,42,120.0
2024-08-15 14:36:00,Seoul,fashion,14.3,50,294.0
2024-08-15 17:05:00,Seoul,food,18.7,49,434.0
2024-08-15 17:52:00,Daegu,home,82.5,53,343.0
2024-08-15 10:34:00,Gwangju,fashion,73.5,45,70.0
2024-08-15 13:21:00,Daegu,fashion,29.4,51,499.0
2024-08-15 13:38:00,Seoul,food,30.9,34,201.0
2024-08-15 12:40:00,Busan,fashion,95.5,52,240.0
2024-08-15 20:39:00,Seoul,food,68.3,59,253.0
2024-08-15 13:29:00,Busan,fashion,95.8,48,114.0
2024-08-15 19:53:00,Daegu,food,91.3,42,329.0
2024-08-15 17:53:00,Incheon,home,42.3,41,64.0
2024-08-15 09:12:00,Daegu,food,88.4,50,53.0
2024-08-15 13:34:00,Daegu,fashion,23.1,59,153.0
2024-08-15 12:58:00,Busan,tech,81.3,49,330.0
2024-08-15 18:16:00,Incheon,fashion,83.2,50,389.0
2024-08-15 12:06:00,Seoul,home,66.4,45,184.0
2024-08-15 16:14:00,Seoul,tech,61.9,40,204.0
2024-08-15 12:53:00,Seoul,home,53.3,53,433.0
2024-08-15 10:40:00,Daegu,food,28.7,52,218.0
2024-08-15 16:15:00,Gwangju,fashion,39.6,50,480.0
2024-08-15 21:38:00,Incheon,tech,46.7,54,210.0
2024-08-16 20:28:00,Gwangju,tech,12.9,51,74.0
2024-08-16 13:26:00,Seoul,food,26.5,56,407.0
2024-08-16 15:22:00,Daegu,food,81.1,61,286.0
2024-08-16 19:11:00,Gwangju,food,88.9,57,218.0
2024-08-16 18:22:00,Gwangju,fashion,31.9,73,377.0
2024-08-16 16:37:00,Gwangju,food,41.9,56,404.0
2024-08-16 17:52:00,Busan,fashion,87.0,60,376.0
2024-08-16 16:46:00,Daegu,tech,19.4,48,230.0
2024-08-16 15:16:00,Busan,fashion,42.7,45,123.0
2024-08-16 16:16:00,Incheon,home,62.5,54,116.0
2024-08-16 12:38:00,Incheon,tech,91.2,51,423.0
2024-08-16 19:59:00,Seoul,food,85.0,47,298.0
2024-08-16 21:51:00,Gwangju,tech,91.5,47,55.0
2024-08-16 14:47:00,Incheon,home,73.8,48,405.0
2024-08-16 17:33:00,Incheon,food,17.0,40,80.0
2024-08-16 20:14:00,Incheon,home,61.6,58,109.0
2024-08-16 17:36:00,Incheon,food,87.0,61,421.0
2024-08-16 18:13:00,Gwangju,home,22.7,60,477.0
2024-08-16 14:57:00,Seoul,food,73.6,45,190.0
2024-08-16 13:33:00,Busan,home,89.8,50,70.0
2024-08-16 16:38:00,Incheon,fashion,82.6,51,415.0
2024-08-16 12:14:00,Seoul,fashion,94.5,51,173.0
2024-08-16 14:22:00,Busan,tech,97.3,47,433.0
2024-08-16 17:16:00,Incheon,home,69.6,37,471.0
2024-08-16 19:28:00,Gwangju,home,62.7,45,445.0
2024-08-16 10:55:00,Gwangju,home,12.9,61,282.0
2024-08-16 10:45:00,Busan,home,39.8,53,380.0
2024-08-16 18:09:00,Busan,home,71.9,42,124.0
2024-08-16 14:21:00,Busan,home,50.8,44,444.0
2024-08-16 16:06:00,Incheon,tech,42.9,50,104.0
2024-08-16 20:31:00,Seoul,food,41.4,68,340.0
2024-08-16 22:14:00,Seoul,tech,24.6,61,395.0
2024-08-16 18:44:00,Busan,fashion,37.9,54,330.0
2024-08-16 16:50:00,Gwangju,fashion,82.2,42,160.0
2024-08-16 20:50:00,Daegu,tech,87.5,43,146.0
2024-08-16 17:52:00,Incheon,tech,36.7,45,485.0
2024-08-16 10:34:00,Incheon,tech,12.9,46,303.0
2024-08-16 16:05:00,Seoul,tech,10.5,50,185.0
2024-08-16 19:13:00,Daegu,food,64.8,40,486.0
2024-08-16 14:03:00,Incheon,home,88.3,48,391.0
2024-08-16 12:05:00,Seoul,home,64.2,57,131.0
2024-08-16 16:06:00,Incheon,tech,40.5,58,425.0
2024-08-16 11:07:00,Daegu,food,62.9,50,147.0
2024-08-16 18:03:00,Daegu,food,61.4,62,112.0
2024-08-17 13:40:00,Incheon,home,49.1,51,496.0
2024-08-17 16:55:00,Incheon,food,49.3,68,164.0
2024-08-17 08:58:00,Incheon,fashion,65.4,46,156.0
2024-08-17 12:28:00,Daegu,home,37.4,49,475.0
2024-08-17 17:47:00,Incheon,food,70.1,57,480.0
2024-08-17 15:18:00,Seoul,tech,87.5,63,154.0
2024-08-17 14:01:00,Incheon,food,13.5,41,164.0
2024-08-17 17:29:00,Daegu,home,92.1,55,386.0
2024-08-17 17:42:00,Busan,home,60.0,55,121.0
2024-08-17 14:30:00,Daegu,fashion,29.9,50,410.0
2024-08-17 16:33:00,Daegu,home,39.0,46,434.0
2024-08-17 15:29:00,Seoul,home,98.9,66,365.0
2024-08-17 19:36:00,Daegu,tech,96.3,52,432.0
2024-08-17 17:52:00,Daegu,food,12.7,51,220.0
2024-08-17 18:26:00,Gwangju,tech,19.2,55,81.0
2024-08-17 15:09:00,Daegu,tech,92.4,58,242.0
2024-08-17 13:54:00,Gwangju,home,74.8,48,393.0
2024-08-17 19:01:00,Daegu,tech,71.2,44,470.0
2024-08-17 14:56:00,Busan,food,39.7,49,74.0
2024-08-17 14:04:00,Busan,fashion,46.4,39,94.0
2024-08-17 19:49:00,Gwangju,home,24.7,51,481.0
2024-08-17 15:36:00,Gwangju,food,76.6,58,115.0
2024-08-17 17:06:00,Daegu,fashion,44.4,41,326.0
2024-08-17 14:27:00,Incheon,food,27.5,58,303.0
2024-08-17 10:10:00,Busan,food,45.8,54,57.0
2024-08-17 12:21:00,Incheon,fashion,60.1,50,120.0
2024-08-17 13:06:00,Busan,fashion,64.5,42,242.0
2024-08-17 14:01:00,Daegu,food,12.1,55,225.0
2024-08-17 18:10:00,Busan,fashion,82.3,53,204.0
2024-08-17 22:15:00,Daegu,home,57.1,47,234.0
2024-08-17 16:14:00,Gwangju,food,29.9,47,226.0
2024-08-17 19:19:00,Daegu,home,30.9,55,251.0
2024-08-17 19:17:00,Busan,home,28.0,51,67.0
2024-08-17 19:12:00,Seoul,tech,52.9,49,319.0
2024-08-17 14:42:00,Daegu,tech,81.6,52,400.0
2024-08-17 16:59:00,Seoul,tech,58.9,52,364.0
2024-08-17 12:58:00,Daegu,fashion,20.5,65,267.0
2024-08-17 14:23:00,Busan,home,64.9,43,380.0
2024-08-17 17:04:00,Seoul,tech,50.0,53,364.0
2024-08-17 17:46:00,Busan,tech,26.3,51,257.0
2024-08-17 15:05:00,Busan,food,30.5,57,304.0
2024-08-17 13:29:00,Gwangju,tech,22.6,37,123.0
2024-08-17 09:36:00,Busan,food,28.3,46,357.0
2024-08-17 13:33:00,Seoul,food,20.6,39,113.0
2024-08-17 13:55:00,Seoul,tech,23.1,56,409.0
2024-08-17 12:48:00,Daegu,home,77.8,56,492.0
2024-08-17 15:18:00,Incheon,tech,63.6,54,274.0
2024-08-17 10:02:00,Seoul,home,46.9,52,220.0
2024-08-17 15:54:00,Seoul,home,92.8,51,291.0
2024-08-17 17:35:00,Busan,tech,15.9,59,193.0
2024-08-17 16:01:00,Seoul,food,99.1,30,267.0
2024-08-18 15:23:00,Seoul,home,84.1,50,193.0
2024-08-18 18:15:00,Incheon,fashion,38.9,42,94.0
2024-08-18 14:09:00,Seoul,food,27.7,53,212.0
2024-08-18 12:47:00,Incheon,fashion,64.9,48,493.0
2024-08-18 15:55:00,Busan,home,52.8,48,60.0
2024-08-18 14:52:00,Incheon,food,23.1,52,365.0
2024-08-18 12:32:00,Seoul,fashion,42.0,48,90.0
2024-08-18 15:17:00,Incheon,tech,10.9,47,314.0
2024-08-18 17:02:00,Gwangju,home,89.2,58,132.0
2024-08-18 17:57:00,Incheon,home,25.5,59,230.0
2024-08-18 10:04:00,Incheon,tech,64.9,48,77.0
2024-08-18 12:13:00,Incheon,tech,63.6,48,133.0
2024-08-18 16:16:00,Daegu,tech,96.0,61,371.0
2024-08-18 13:16:00,Seoul,tech,93.8,60,433.0
2024-08-18 21:40:00,Gwangju,home,64.2,41,90.0
2024-08-18 16:51:00,Seoul,food,54.5,59,235.0
2024-08-18 11:05:00,Busan,fashion,50.6,51,367.0
2024-08-18 19:13:00,Daegu,home,23.6,60,413.0
2024-08-18 17:35:00,Daegu,home,99.1,52,257.0
2024-08-18 18:13:00,Busan,tech,75.5,44,434.0
2024-08-18 18:04:00,Gwangju,tech,68.7,51,339.0
2024-08-18 13:40:00,Incheon,food,54.8,52,63.0
2024-08-18 14:36:00,Incheon,tech,86.4,42,116.0
2024-08-18 18:56:00,Incheon,food,16.7,49,250.0
2024-08-18 09:39:00,Daegu,food,54.5,58,149.0
2024-08-18 17:17:00,Gwangju,tech,93.9,63,169.0
2024-08-18 18:43:00,Incheon,tech,88.7,55,258.0
2024-08-18 17:22:00,Busan,fashion,11.5,42,420.0
2024-08-18 14:26:00,Gwangju,food,96.2,59,374.0
2024-08-18 14:06:00,Daegu,food,35.4,55,157.0
2024-08-18 16:24:00,Incheon,home,13.9,39,130.0
2024-08-18 19:52:00,Incheon,food,57.6,50,58.0
2024-08-18 18:30:00,Gwangju,food,88.9,47,442.0
2024-08-18 13:42:00,Gwangju,fashion,55.6,56,104.0
2024-08-18 17:19:00,Incheon,home,72.9,50,105.0
2024-08-18 10:09:00,Gwangju,tech,42.4,36,106.0
2024-08-18 19:52:00,Incheon,tech,20.1,47,238.0
2024-08-18 22:39:00,Gwangju,food,27.4,44,262.0
2024-08-18 15:35:00,Daegu,food,39.4,44,455.0
2024-08-18 14:09:00,Busan,fashion,21.9,47,433.0
2024-08-18 17:10:00,Gwangju,home,53.2,52,266.0
2024-08-18 17:22:00,Incheon,tech,73.8,51,333.0
2024-08-18 19:49:00,Daegu,food,91.3,65,376.0
2024-08-18 13:43:00,Incheon,home,36.5,51,103.0
2024-08-18 14:08:00,Gwangju,food,11.0,56,424.0
2024-08-18 19:15:00,Incheon,home,38.0,48,369.0
2024-08-18 19:34:00,Busan,fashion,30.8,51,166.0
2024-08-18 16:36:00,Gwangju,food,17.0,51,58.0
2024-08-19 11:46:00,Daegu,home,30.0,50,139.0
2024-08-19 22:39:00,Daegu,food,25.1,52,165.0
2024-08-19 16:26:00,Busan,tech,33.9,49,368.0
2024-08-19 14:53:00,Incheon,tech,24.6,36,323.0
2024-08-19 11:48:00,Seoul,home,68.6,57,281.0
2024-08-19 17:35:00,Busan,fashion,20.3,55,129.0
2024-08-19 14:04:00,Daegu,home,10.9,49,155.0
2024-08-19 10:21:00,Seoul,fashion,28.5,51,308.0
2024-08-19 22:02:00,Gwangju,home,32.7,49,210.0
2024-08-19 19:16:00,Incheon,tech,65.2,49,498.0
2024-08-19 16:13:00,Seoul,tech,18.1,64,434.0
2024-08-19 22:11:00,Daegu,fashion,15.6,38,281.0
2024-08-19 15:06:00,Seoul,tech,95.8,45,310.0
2024-08-19 13:08:00,Incheon,food,24.0,56,405.0
2024-08-19 20:42:00,Busan,home,40.0,62,196.0
2024-08-19 10:23:00,Daegu,home,94.7,53,356.0
2024-08-19 11:33:00,Busan,home,90.5,52,372.0
2024-08-19 20:53:00,Busan,food,93.8,48,310.0
2024-08-19 15:52:00,Gwangju,food,31.8,31,362.0
2024-08-19 15:10:00,Incheon,home,89.4,51,215.0
2024-08-19 18:54:00,Busan,fashion,15.5,50,419.0
2024-08-19 15:33:00,Daegu,tech,85.7,56,260.0
2024-08-19 21:04:00,Daegu,home,72.4,43,391.0
2024-08-19 20:45:00,Seoul,fashion,61.7,48,392.0
2024-08-19 16:01:00,Incheon,home,61.3,54,466.0
2024-08-19 11:02:00,Busan,food,34.4,44,271.0
2024-08-19 15:22:00,Seoul,food,46.1,48,71.0
2024-08-19 17:53:00,Seoul,fashion,43.0,49,357.0
2024-08-19 18:39:00,Busan,home,51.6,41,134.0
2024-08-19 18:37:00,Seoul,fashion,10.4,46,227.0
2024-08-19 17:34:00,Daegu,fashion,59.1,55,392.0
2024-08-19 18:46:00,Busan,home,68.1,48,373.0
2024-08-19 20:07:00,Busan,food,42.1,41,273.0
2024-08-19 17:02:00,Gwangju,food,12.2,44,494.0
2024-08-19 14:10:00,Incheon,food,52.8,45,481.0
2024-08-19 17:18:00,Incheon,fashion,85.1,52,331.0
2024-08-19 17:39:00,Seoul,tech,32.8,49,382.0
2024-08-19 17:00:00,Busan,tech,50.4,54,112.0
2024-08-19 09:53:00,Gwangju,food,82.9,58,109.0
2024-08-19 17:37:00,Daegu,food,60.2,54,160.0
2024-08-19 12:49:00,Incheon,food,76.3,57,395.0
2024-08-19 22:21:00,Incheon,home,74.5,61,169.0
2024-08-19 20:01:00,Daegu,food,71.0,46,357.0
2024-08-19 20:51:00,Daegu,home,44.9,44,100.0
2024-08-20 16:47:00,Seoul,food,53.7,46,272.0
2024-08-20 13:49:00,Incheon,fashion,90.8,57,278.0
2024-08-20 18:22:00,Busan,food,55.5,38,284.0
2024-08-20 13:59:00,Daegu,tech,42.7,38,338.0
2024-08-20 08:22:00,Incheon,home,71.8,55,244.0
2024-08-20 15:00:00,Gwangju,home,77.4,59,152.0
2024-08-20 20:01:00,Incheon,food,37.4,35,375.0
2024-08-20 14:01:00,Daegu,tech,76.0,61,125.0
2024-08-20 14:55:00,Seoul,home,14.7,60,240.0
2024-08-20 18:44:00,Gwangju,tech,71.4,49,306.0
2024-08-20 13:07:00,Incheon,home,16.0,49,305.0
2024-08-20 15:41:00,Incheon,food,44.0,53,445.0
2024-08-20 11:46:00,Seoul,fashion,35.7,40,390.0
2024-08-20 12:38:00,Gwangju,fashion,51.8,42,488.0
2024-08-20 15:28:00,Seoul,fashion,78.2,54,451.0
2024-08-20 17:57:00,Gwangju,fashion,14.0,46,375.0
2024-08-20 16:52:00,Incheon,food,56.8,54,152.0
2024-08-20 12:30:00,Seoul,tech,14.7,39,216.0
2024-08-20 17:56:00,Incheon,food,46.0,43,214.0
2024-08-20 12:27:00,Gwangju,food,27.3,52,194.0
2024-08-20 11:31:00,Incheon,food,89.3,49,400.0
2024-08-20 21:49:00,Busan,fashion,40.1,36,251.0
2024-08-20 21:38:00,Seoul,fashion,51.7,58,115.0
2024-08-20 14:08:00,Daegu,food,60.4,42,156.0
2024-08-20 16:07:00,Incheon,tech,18.1,53,236.0
2024-08-20 17:53:00,Daegu,fashion,15.5,51,160.0
2024-08-20 18:09:00,Busan,home,33.8,38,436.0
2024-08-20 16:12:00,Daegu,fashion,61.9,44,299.0
2024-08-20 11:23:00,Gwangju,home,69.4,41,336.0
2024-08-20 12:50:00,Daegu,tech,31.8,38,450.0
2024-08-20 16:03:00,Busan,fashion,50.3,46,238.0
2024-08-20 18:32:00,Incheon,tech,99.9,54,157.0
2024-08-20 17:43:00,Gwangju,food,28.0,44,191.0
2024-08-20 17:11:00,Daegu,food,77.0,43,388.0
2024-08-20 18:15:00,Seoul,fashion,93.8,40,185.0
2024-08-20 19:21:00,Daegu,food,34.1,60,467.0
2024-08-20 10:05:00,Incheon,fashion,95.3,39,267.0
2024-08-20 17:30:00,Incheon,food,19.5,46,474.0
2024-08-20 14:57:00,Seoul,fashion,68.3,54,476.0
2024-08-20 13:46:00,Incheon,tech,29.7,55,55.0
2024-08-20 16:37:00,Daegu,tech,60.9,56,275.0
2024-08-21 16:47:00,Incheon,tech,64.3,47,422.0
2024-08-21 08:05:00,Incheon,fashion,24.7,51,188.0
2024-08-21 15:58:00,Incheon,tech,97.0,44,369.0
2024-08-21 21:16:00,Busan,tech,65.4,60,457.0
2024-08-21 20:20:00,Busan,home,43.7,55,395.0
2024-08-21 18:38:00,Seoul,food,51.8,58,394.0
2024-08-21 12:33:00,Incheon,home,74.6,41,249.0
2024-08-21 12:12:00,Busan,tech,12.5,52,388.0
2024-08-21 10:02:00,Daegu,food,52.2,50,413.0
2024-08-21 17:07:00,Daegu,food,38.4,45,392.0
2024-08-21 21:12:00,Seoul,home,78.7,47,261.0
2024-08-21 15:06:00,Daegu,food,89.4,55,258.0
2024-08-21 12:44:00,Gwangju,home,20.2,53,141.0
2024-08-21 16:04:00,Busan,home,20.4,41,357.0
2024-08-21 15:35:00,Gwangju,fashion,87.4,43,492.0
2024-08-21 12:56:00,Gwangju,home,59.1,49,458.0
2024-08-21 19:10:00,Busan,tech,49.2,41,384.0
2024-08-21 19:53:00,Incheon,fashion,96.0,46,153.0
2024-08-21 12:55:00,Daegu,tech,13.7,48,138.0
2024-08-21 19:50:00,Daegu,home,35.4,46,155.0
2024-08-21 16:48:00,Busan,home,71.0,49,435.0
2024-08-21 10:38:00,Daegu,food,75.8,38,460.0
2024-08-21 16:33:00,Seoul,fashion,32.0,61,383.0
2024-08-21 18:19:00,Seoul,home,89.3,55,344.0
2024-08-21 16:16:00,Gwangju,tech,22.3,55,366.0
2024-08-21 17:56:00,Gwangju,fashion,74.5,53,183.0
2024-08-21 17:35:00,Daegu,tech,34.1,47,77.0
2024-08-21 15:34:00,Incheon,fashion,42.9,57,466.0
2024-08-21 10:43:00,Busan,fashion,35.1,41,313.0
2024-08-21 18:16:00,Gwangju,home,85.1,51,143.0
2024-08-21 17:49:00,Gwangju,home,51.8,55,477.0
2024-08-21 16:01:00,Incheon,food,14.0,50,123.0
2024-08-21 19:31:00,Busan,fashion,86.4,46,196.0
2024-08-21 14:13:00,Daegu,home,53.3,58,270.0
2024-08-21 15:35:00,Incheon,home,12.7,47,417.0
2024-08-21 19:53:00,Gwangju,food,75.9,42,329.0
2024-08-21 09:12:00,Daegu,home,58.8,58,66.0
2024-08-21 09:00:00,Seoul,home,61.5,42,437.0
2024-08-21 20:31:00,Incheon,fashion,86.7,44,485.0
2024-08-21 21:06:00,Gwangju,food,25.9,55,91.0
2024-08-21 11:58:00,Gwangju,home,14.9,45,465.0
2024-08-21 09:34:00,Incheon,fashion,56.4,49,438.0
2024-08-21 14:26:00,Busan,food,42.4,58,366.0
2024-08-21 09:10:00,Incheon,food,90.2,37,91.0
2024-08-21 10:20:00,Gwangju,home,98.5,43,209.0
2024-08-21 14:28:00,Gwangju,tech,62.0,58,123.0
2024-08-22 08:35:00,Daegu,tech,50.0,55,479.0
2024-08-22 10:53:00,Gwangju,food,52.2,55,303.0
2024-08-22 20:29:00,Gwangju,tech,25.2,56,299.0
2024-08-22 14:51:00,Incheon,fashion,87.2,50,107.0
2024-08-22 20:23:00,Gwangju,home,12.8,46,477.0
2024-08-22 12:05:00,Gwangju,food,73.1,58,403.0
2024-08-22 18:03:00,Daegu,tech,17.3,58,440.0
2024-08-22 10:49:00,Gwangju,fashion,40.0,49,398.0
2024-08-22 13:33:00,Incheon,tech,89.5,39,90.0
2024-08-22 16:17:00,Seoul,tech,90.1,50,242.0
2024-08-22 15:55:00,Busan,home,98.7,45,417.0
2024-08-22 17:20:00,Gwangju,fashion,90.7,60,241.0
2024-08-22 12:28:00,Incheon,food,19.6,67,250.0
2024-08-22 20:13:00,Gwangju,tech,73.5,53,291.0
2024-08-22 14:24:00,Gwangju,home,70.2,45,57.0
2024-08-22 12:39:00,Daegu,home,16.0,43,54.0
2024-08-22 18:12:00,Incheon,food,98.4,35,253.0
2024-08-22 15:10:00,Gwangju,fashion,97.8,46,174.0
2024-08-22 16:31:00,Busan,tech,75.7,46,320.0
2024-08-22 09:39:00,Daegu,home,12.1,47,91.0
2024-08-22 20:46:00,Seoul,fashion,65.0,53,149.0
2024-08-22 17:22:00,Gwangju,tech,29.0,56,164.0
2024-08-22 11:21:00,Busan,tech,37.5,49,294.0
2024-08-22 14:35:00,Incheon,tech,62.0,40,210.0
2024-08-22 16:14:00,Gwangju,food,20.0,43,161.0
2024-08-22 15:53:00,Seoul,tech,76.4,54,305.0
2024-08-22 11:06:00,Daegu,fashion,51.1,37,71.0
2024-08-22 13:06:00,Daegu,tech,78.0,41,300.0
2024-08-22 08:44:00,Incheon,tech,29.7,56,457.0
2024-08-22 09:01:00,Daegu,tech,20.3,49,278.0
2024-08-22 21:40:00,Incheon,fashion,74.6,52,487.0
2024-08-22 11:44:00,Gwangju,fashion,53.6,50,283.0
2024-08-22 10:09:00,Gwangju,fashion,87.1,54,192.0
2024-08-22 13:36:00,Gwangju,tech,29.1,51,276.0
2024-08-22 13:46:00,Daegu,fashion,42.2,60,371.0
2024-08-22 14:17:00,Incheon,home,57.1,47,161.0
2024-08-22 15:44:00,Gwangju,fashion,22.6,48,225.0
2024-08-22 08:46:00,Gwangju,tech,82.9,54,411.0
2024-08-22 17:39:00,Daegu,tech,44.8,43,86.0
2024-08-22 18:27:00,Incheon,food,39.4,42,340.0
2024-08-22 14:01:00,Busan,fashion,30.7,48,97.0
2024-08-22 20:32:00,Incheon,home,41.1,54,328.0
2024-08-22 11:03:00,Busan,fashion,59.9,63,198.0
2024-08-22 15:03:00,Gwangju,tech,42.7,45,323.0
2024-08-22 22:11:00,Gwangju,food,46.8,46,52.0
2024-08-22 22:17:00,Busan,food,99.6,54,103.0
2024-08-22 20:43:00,Gwangju,home,12.7,50,346.0
2024-08-22 15:15:00,Busan,home,40.6,49,340.0
2024-08-22 21:11:00,Seoul,food,74.9,53,496.0
2024-08-22 15:25:00,Gwangju,food,57.6,54,156.0
2024-08-22 12:42:00,Daegu,food,22.4,44,169.0
2024-08-22 17:43:00,Daegu,fashion,39.7,48,245.0
2024-08-22 21:51:00,Daegu,tech,35.8,47,492.0
2024-08-22 17:26:00,Gwangju,fashion,58.5,47,259.0
2024-08-22 14:30:00,Gwangju,tech,14.1,58,428.0
2024-08-23 15:18:00,Daegu,home,92.1,48,283.0
2024-08-23 16:36:00,Busan,food,44.5,51,339.0
2024-08-23 14:27:00,Busan,fashion,27.0,45,128.0
2024-08-23 20:47:00,Busan,fashion,57.4,54,133.0
2024-08-23 17:28:00,Daegu,food,31.0,53,299.0
2024-08-23 11:38:00,Daegu,food,11.9,47,406.0
2024-08-23 18:09:00,Incheon,tech,26.6,47,74.0
2024-08-23 18:07:00,Daegu,fashion,34.5,62,416.0
2024-08-23 16:37:00,Seoul,home,57.2,51,424.0
2024-08-23 17:36:00,Busan,fashion,22.4,68,305.0
2024-08-23 18:52:00,Incheon,tech,13.9,48,479.0
2024-08-23 22:38:00,Incheon,fashion,74.7,40,252.0
2024-08-23 19:34:00,Incheon,food,88.4,47,121.0
2024-08-23 13:09:00,Gwangju,tech,86.5,56,236.0
2024-08-23 12:43:00,Busan,home,76.0,47,199.0
2024-08-23 16:59:00,Incheon,home,85.3,55,149.0
2024-08-23 17:26:00,Seoul,tech,99.6,59,479.0
2024-08-23 17:08:00,Seoul,home,51.7,41,436.0
2024-08-23 09:08:00,Daegu,tech,71.6,51,286.0
2024-08-23 17:24:00,Incheon,food,12.9,55,395.0
2024-08-23 16:27:00,Daegu,food,85.1,48,250.0
2024-08-23 15:33:00,Incheon,fashion,89.4,42,307.0
2024-08-23 14:46:00,Incheon,home,31.3,59,384.0
2024-08-23 22:01:00,Daegu,fashion,75.3,38,436.0
2024-08-23 13:13:00,Gwangju,tech,74.9,55,191.0
2024-08-23 12:42:00,Seoul,tech,11.3,49,490.0
2024-08-23 18:26:00,Gwangju,tech,84.3,42,433.0
2024-08-23 16:45:00,Incheon,fashion,12.4,37,90.0
2024-08-23 19:47:00,Incheon,tech,31.9,50,221.0
2024-08-23 11:15:00,Seoul,tech,86.1,53,404.0
2024-08-23 12:14:00,Busan,home,62.5,29,85.0
2024-08-23 15:32:00,Busan,home,36.2,62,126.0
2024-08-23 10:54:00,Gwangju,food,72.9,47,481.0
2024-08-23 10:44:00,Gwangju,fashion,13.5,55,375.0
2024-08-23 18:43:00,Busan,tech,29.0,55,410.0
2024-08-23 16:14:00,Incheon,tech,88.2,60,278.0
2024-08-23 15:18:00,Incheon,home,91.3,60,419.0
2024-08-23 16:45:00,Incheon,fashion,68.5,48,154.0
2024-08-23 17:52:00,Incheon,food,80.0,45,181.0
2024-08-23 16:21:00,Incheon,home,25.5,41,454.0
2024-08-23 20:08:00,Incheon,food,71.3,63,444.0
2024-08-24 15:40:00,Seoul,tech,34.9,49,498.0
2024-08-24 21:14:00,Daegu,home,79.7,49,370.0
2024-08-24 20:15:00,Incheon,food,55.3,53,135.0
2024-08-24 13:51:00,Daegu,fashion,54.4,47,353.0
2024-08-24 09:09:00,Gwangju,fashion,31.8,38,163.0
2024-08-24 11:15:00,Busan,tech,74.5,52,177.0
2024-08-24 20:12:00,Daegu,tech,41.3,47,251.0
2024-08-24 16:24:00,Busan,fashion,96.8,56,339.0
2024-08-24 17:51:00,Incheon,fashion,27.2,42,111.0
2024-08-24 17:15:00,Busan,food,60.5,62,144.0
2024-08-24 14:46:00,Busan,food,65.1,47,469.0
2024-08-24 20:17:00,Gwangju,home,73.9,46,190.0
2024-08-24 15:29:00,Busan,fashion,10.6,53,135.0
2024-08-24 21:57:00,Daegu,food,71.7,48,382.0
2024-08-24 18:20:00,Gwangju,fashion,78.5,35,494.0
2024-08-24 17:15:00,Daegu,tech,53.4,55,149.0
2024-08-24 21:07:00,Daegu,fashion,27.4,52,449.0
2024-08-24 18:09:00,Daegu,tech,76.4,59,70.0
2024-08-24 15:37:00,Daegu,fashion,95.7,48,451.0
2024-08-24 19:47:00,Seoul,fashion,90.3,47,87.0
2024-08-24 17:04:00,Busan,food,74.8,45,350.0
2024-08-24 13:31:00,Busan,tech,41.3,44,271.0
2024-08-24 18:24:00,Daegu,fashion,85.0,61,389.0
2024-08-24 18:07:00,Daegu,tech,60.5,51,426.0
2024-08-24 16:36:00,Busan,fashion,72.4,43,296.0
2024-08-24 18:47:00,Gwangju,fashion,70.6,42,171.0
2024-08-24 16:05:00,Seoul,food,64.5,45,409.0
2024-08-24 18:55:00,Daegu,fashion,26.7,45,353.0
2024-08-24 17:30:00,Incheon,fashion,67.2,48,213.0
2024-08-24 14:33:00,Seoul,fashion,30.4,51,360.0
2024-08-24 21:15:00,Incheon,tech,82.6,48,244.0
2024-08-24 15:57:00,Gwangju,home,43.1,45,368.0
2024-08-24 15:47:00,Incheon,food,16.8,52,264.0
2024-08-24 11:21:00,Busan,fashion,28.7,53,181.0
2024-08-24 14:52:00,Busan,home,30.0,40,426.0
2024-08-24 17:47:00,Busan,tech,51.1,48,221.0
2024-08-24 10:03:00,Seoul,tech,97.5,65,492.0
2024-08-24 09:23:00,Busan,tech,62.0,46,293.0
2024-08-24 15:56:00,Incheon,tech,59.8,46,260.0
2024-08-24 08:19:00,Incheon,food,48.8,49,347.0
2024-08-25 14:15:00,Daegu,tech,34.2,54,74.0
2024-08-25 18:43:00,Daegu,fashion,52.1,50,227.0
2024-08-25 16:54:00,Seoul,home,63.5,44,229.0
2024-08-25 10:27:00,Gwangju,fashion,90.1,54,369.0
2024-08-25 22:32:00,Gwangju,home,42.2,46,314.0
2024-08-25 16:16:00,Incheon,home,56.9,53,372.0
2024-08-25 22:20:00,Daegu,tech,39.4,47,95.0
2024-08-25 18:38:00,Busan,fashion,84.5,42,159.0
2024-08-25 16:10:00,Gwangju,fashion,66.0,39,174.0
2024-08-25 09:16:00,Incheon,tech,48.4,52,280.0
2024-08-25 16:47:00,Busan,fashion,66.9,55,330.0
2024-08-25 12:20:00,Incheon,food,77.2,50,300.0
2024-08-25 14:08:00,Seoul,food,54.2,61,293.0
2024-08-25 14:34:00,Busan,tech,42.5,53,263.0
2024-08-25 20:52:00,Incheon,tech,70.5,45,469.0
2024-08-25 17:37:00,Daegu,food,74.9,44,181.0
2024-08-25 15:06:00,Daegu,fashion,61.2,54,121.0
2024-08-25 10:18:00,Gwangju,tech,78.4,52,88.0
2024-08-25 13:16:00,Seoul,fashion,62.1,52,103.0
2024-08-25 17:27:00,Gwangju,food,79.6,55,296.0
2024-08-25 17:47:00,Busan,fashion,50.6,58,131.0
2024-08-25 13:55:00,Busan,home,43.0,50,476.0
2024-08-25 18:17:00,Seoul,tech,64.3,55,433.0
2024-08-25 12:13:00,Daegu,home,82.1,43,277.0
2024-08-25 13:34:00,Seoul,fashion,23.0,55,483.0
2024-08-25 15:47:00,Gwangju,home,88.3,56,96.0
2024-08-25 18:58:00,Daegu,home,34.6,39,247.0
2024-08-25 12:03:00,Incheon,home,41.9,52,78.0
2024-08-25 17:51:00,Incheon,food,46.2,40,414.0
2024-08-25 20:57:00,Seoul,tech,42.3,42,309.0
2024-08-25 22:11:00,Daegu,home,58.3,45,267.0
2024-08-25 15:15:00,Daegu,fashion,64.4,52,498.0
2024-08-25 18:44:00,Daegu,food,26.3,54,69.0
2024-08-25 14:09:00,Daegu,fashion,76.4,45,363.0
2024-08-25 14:49:00,Daegu,fashion,64.4,42,468.0
2024-08-25 20:43:00,Incheon,home,23.9,51,183.0
2024-08-25 18:28:00,Seoul,tech,48.3,57,477.0
2024-08-25 16:19:00,Seoul,fashion,86.2,35,121.0
2024-08-25 22:45:00,Incheon,fashion,25.5,55,206.0
2024-08-25 17:21:00,Seoul,fashion,79.5,53,391.0
2024-08-25 13:33:00,Daegu,home,22.2,46,455.0
2024-08-25 18:46:00,Busan,food,31.8,46,197.0
2024-08-25 17:18:00,Incheon,food,12.0,44,403.0
2024-08-25 11:01:00,Gwangju,food,21.3,56,147.0
2024-08-25 17:21:00,Incheon,home,35.0,50,185.0
2024-08-25 13:40:00,Seoul,fashion,91.9,51,385.0
2024-08-25 21:30:00,Daegu,food,97.6,56,369.0
2024-08-25 10:46:00,Incheon,tech,95.5,47,307.0
2024-08-25 11:10:00,Daegu,tech,89.3,37,362.0
2024-08-26 13:12:00,Daegu,food,72.7,50,408.0
2024-08-26 10:39:00,Busan,tech,11.4,45,304.0
2024-08-26 21:33:00,Incheon,home,46.9,53,240.0
2024-08-26 17:56:00,Seoul,food,12.0,56,273.0
2024-08-26 17:19:00,Busan,tech,89.4,58,256.0
2024-08-26 21:36:00,Daegu,tech,73.2,51,199.0
2024-08-26 15:23:00,Daegu,tech,72.6,51,134.0
2024-08-26 17:26:00,Seoul,fashion,94.8,43,270.0
2024-08-26 20:53:00,Incheon,food,98.5,52,500.0
2024-08-26 19:49:00,Incheon,fashion,68.7,52,153.0
2024-08-26 16:33:00,Gwangju,food,31.9,48,438.0
2024-08-26 09:59:00,Daegu,tech,65.2,44,326.0
2024-08-26 21:50:00,Gwangju,fashion,45.4,50,228.0
2024-08-26 15:44:00,Busan,fashion,78.3,35,313.0
2024-08-26 09:07:00,Daegu,home,93.8,44,150.0
2024-08-26 18:44:00,Gwangju,fashion,57.7,44,435.0
2024-08-26 18:41:00,Seoul,fashion,95.8,36,269.0
2024-08-26 12:55:00,Daegu,food,80.5,54,136.0
2024-08-26 13:51:00,Busan,fashion,48.4,48,177.0
2024-08-26 12:37:00,Busan,home,97.9,44,330.0
2024-08-26 19:39:00,Incheon,home,68.8,43,131.0
2024-08-26 15:52:00,Seoul,fashion,87.3,47,398.0
2024-08-26 20:55:00,Gwangju,home,36.6,45,472.0
2024-08-26 18:31:00,Gwangju,food,36.3,51,52.0
2024-08-26 20:27:00,Incheon,tech,84.2,46,327.0
2024-08-26 10:50:00,Incheon,food,44.3,52,317.0
2024-08-26 20:54:00,Busan,fashion,63.7,47,198.0
2024-08-26 15:55:00,Gwangju,tech,49.4,40,323.0
2024-08-26 16:28:00,Gwangju,tech,67.6,44,438.0
2024-08-26 20:40:00,Gwangju,tech,87.5,58,323.0
2024-08-27 17:21:00,Daegu,home,37.3,45,284.0
2024-08-27 22:19:00,Incheon,tech,65.9,49,393.0
2024-08-27 14:46:00,Incheon,home,22.3,47,389.0
2024-08-27 14:00:00,Daegu,tech,64.7,50,454.0
2024-08-27 13:12:00,Daegu,home,42.1,45,248.0
2024-08-27 20:18:00,Busan,food,52.4,57,304.0
2024-08-27 13:55:00,Busan,home,49.7,51,101.0
2024-08-27 21:50:00,Busan,home,41.5,45,468.0
2024-08-27 19:36:00,Daegu,home,48.1,46,495.0
2024-08-27 11:38:00,Busan,tech,34.9,46,205.0
2024-08-27 17:59:00,Busan,food,40.5,49,358.0
2024-08-27 10:17:00,Busan,home,37.0,46,330.0
2024-08-27 13:45:00,Incheon,fashion,92.8,33,60.0
2024-08-27 13:19:00,Incheon,home,84.2,38,396.0
2024-08-27 16:04:00,Busan,tech,95.0,54,242.0
2024-08-27 20:15:00,Seoul,home,69.4,46,160.0
2024-08-27 18:37:00,Daegu,fashion,22.3,47,241.0
2024-08-27 15:13:00,Busan,food,27.4,56,236.0
2024-08-27 17:53:00,Busan,home,87.8,39,200.0
2024-08-27 15:57:00,Incheon,tech,44.4,46,278.0
2024-08-27 14:07:00,Busan,fashion,82.0,43,158.0
2024-08-27 20:17:00,Seoul,home,84.9,31,464.0
2024-08-27 20:52:00,Seoul,fashion,58.9,48,286.0
2024-08-27 11:28:00,Gwangju,food,91.3,53,68.0
2024-08-27 17:36:00,Seoul,home,44.6,40,73.0
2024-08-27 15:45:00,Seoul,home,85.9,45,192.0
2024-08-27 18:59:00,Incheon,fashion,53.5,58,202.0
2024-08-27 18:11:00,Incheon,food,93.4,37,402.0
2024-08-27 11:43:00,Gwangju,food,64.3,45,270.0
2024-08-27 10:18:00,Seoul,home,17.2,48,446.0
2024-08-27 13:36:00,Seoul,tech,52.4,46,387.0
2024-08-27 19:30:00,Incheon,home,97.2,50,397.0
2024-08-27 11:06:00,Daegu,fashion,97.9,50,312.0
2024-08-27 15:59:00,Busan,food,69.8,37,58.0
2024-08-27 18:10:00,Gwangju,fashion,96.8,56,65.0
2024-08-27 20:07:00,Seoul,tech,69.5,66,161.0
2024-08-27 12:11:00,Incheon,food,19.1,41,70.0
2024-08-27 16:09:00,Daegu,fashion,91.5,49,315.0
2024-08-27 12:03:00,Seoul,home,24.5,65,402.0
2024-08-27 17:40:00,Incheon,home,84.2,44,151.0
2024-08-27 15:55:00,Daegu,tech,78.7,37,384.0
2024-08-27 12:18:00,Incheon,tech,71.3,38,232.0
2024-08-27 16:53:00,Incheon,tech,86.6,54,366.0
2024-08-27 09:50:00,Gwangju,food,42.1,61,308.0
2024-08-27 14:57:00,Busan,home,89.6,52,225.0
2024-08-27 09:39:00,Incheon,fashion,92.3,47,95.0
2024-08-27 15:08:00,Daegu,tech,22.1,48,208.0
2024-08-28 14:28:00,Gwangju,tech,20.7,43,79.0
2024-08-28 14:53:00,Daegu,tech,65.8,53,144.0
2024-08-28 18:05:00,Gwangju,tech,25.5,55,488.0
2024-08-28 12:15:00,Busan,tech,37.9,60,331.0
2024-08-28 15:27:00,Daegu,tech,63.5,45,118.0
2024-08-28 15:16:00,Daegu,tech,32.0,44,262.0
2024-08-28 17:30:00,Daegu,food,57.1,50,424.0
2024-08-28 16:07:00,Seoul,home,76.5,61,305.0
2024-08-28 20:24:00,Daegu,fashion,89.3,46,458.0
2024-08-28 18:12:00,Daegu,tech,91.0,51,246.0
2024-08-28 16:28:00,Daegu,food,56.4,53,322.0
2024-08-28 15:21:00,Busan,food,98.6,50,277.0
2024-08-28 16:31:00,Incheon,home,58.0,49,167.0
2024-08-28 13:36:00,Gwangju,home,68.9,51,55.0
2024-08-28 19:12:00,Seoul,fashion,58.9,61,209.0
2024-08-28 14:00:00,Incheon,home,62.8,47,261.0
2024-08-28 18:02:00,Busan,tech,99.1,58,264.0
2024-08-28 17:47:00,Busan,tech,46.4,50,105.0
2024-08-28 16:35:00,Busan,fashion,46.6,43,408.0
2024-08-28 09:42:00,Incheon,fashion,29.7,59,402.0
2024-08-28 17:14:00,Daegu,home,71.2,50,461.0
2024-08-28 17:36:00,Busan,fashion,90.1,51,459.0
2024-08-28 17:47:00,Seoul,tech,19.0,43,218.0
2024-08-28 14:01:00,Gwangju,home,53.1,46,144.0
2024-08-28 21:14:00,Incheon,food,32.5,57,463.0
2024-08-28 19:58:00,Seoul,home,99.4,60,496.0
2024-08-28 18:46:00,Seoul,fashion,86.5,46,290.0
2024-08-28 17:11:00,Gwangju,food,68.9,53,458.0
2024-08-28 11:01:00,Seoul,home,33.4,52,486.0
2024-08-28 20:30:00,Incheon,home,93.9,48,201.0
2024-08-28 18:43:00,Incheon,home,96.3,42,446.0
2024-08-28 20:37:00,Seoul,fashion,70.8,44,242.0
2024-08-28 11:18:00,Daegu,food,93.9,46,163.0
2024-08-28 14:15:00,Seoul,home,43.2,69,451.0
2024-08-28 15:21:00,Incheon,home,70.4,44,416.0
2024-08-28 11:26:00,Gwangju,food,59.4,65,110.0
2024-08-28 14:40:00,Busan,tech,80.6,53,100.0
2024-08-28 18:42:00,Gwangju,fashion,19.4,51,247.0
2024-08-28 21:36:00,Incheon,home,51.7,53,200.0
2024-08-28 15:32:00,Incheon,home,70.0,53,422.0
2024-08-28 19:15:00,Daegu,home,23.9,37,417.0
2024-08-28 18:04:00,Daegu,tech,76.2,43,180.0
2024-08-28 22:40:00,Incheon,home,17.8,53,346.0
2024-08-28 12:32:00,Incheon,fashion,86.9,50,202.0
2024-08-28 18:54:00,Incheon,fashion,97.0,54,459.0
2024-08-28 14:27:00,Incheon,home,91.0,45,464.0
2024-08-28 19:27:00,Seoul,fashion,10.8,55,158.0
2024-08-28 17:17:00,Seoul,tech,78.6,46,243.0
2024-08-28 18:22:00,Incheon,home,16.6,43,476.0
2024-08-28 10:39:00,Gwangju,food,91.5,45,370.0
2024-08-28 12:59:00,Daegu,food,37.4,34,452.0
2024-08-28 20:28:00,Daegu,tech,63.0,45,189.0
2024-08-28 19:04:00,Daegu,home,34.2,43,142.0
2024-08-28 18:30:00,Seoul,tech,10.1,47,436.0
2024-08-28 20:24:00,Daegu,food,29.6,51,309.0
2024-08-28 16:43:00,Daegu,tech,97.7,44,88.0
2024-08-28 22:03:00,Incheon,tech,63.9,52,208.0
2024-08-28 14:24:00,Gwangju,food,11.1,60,349.0
2024-08-28 18:52:00,Seoul,food,97.8,44,409.0
2024-08-29 13:10:00,Daegu,food,99.5,59,350.0
2024-08-29 17:49:00,Gwangju,tech,52.3,61,402.0
2024-08-29 10:59:00,Busan,home,46.7,50,256.0
2024-08-29 17:27:00,Gwangju,food,69.7,50,291.0
2024-08-29 20:08:00,Incheon,tech,16.6,48,177.0
2024-08-29 17:46:00,Seoul,fashion,37.9,35,174.0
2024-08-29 15:58:00,Incheon,home,76.5,65,248.0
2024-08-29 17:35:00,Gwangju,fashion,97.5,52,59.0
2024-08-29 18:59:00,Busan,fashion,24.3,43,252.0
2024-08-29 18:30:00,Daegu,fashion,34.4,54,151.0
2024-08-29 16:01:00,Busan,home,26.1,44,314.0
2024-08-29 13:20:00,Seoul,fashion,44.5,41,196.0
2024-08-29 20:16:00,Seoul,home,61.7,40,495.0
2024-08-29 18:51:00,Busan,home,55.5,60,369.0
2024-08-29 16:56:00,Daegu,home,37.6,42,55.0
2024-08-29 14:26:00,Gwangju,food,76.9,52,123.0
2024-08-29 12:42:00,Incheon,fashion,69.8,44,234.0
2024-08-29 15:50:00,Seoul,fashion,73.0,55,63.0
2024-08-29 15:13:00,Gwangju,home,94.0,47,144.0
2024-08-29 21:35:00,Busan,tech,50.8,44,63.0
2024-08-29 17:16:00,Seoul,food,21.7,40,247.0
2024-08-29 11:22:00,Incheon,tech,83.8,49,159.0
2024-08-29 12:33:00,Gwangju,tech,45.1,50,473.0
2024-08-29 12:27:00,Busan,home,81.0,51,92.0
2024-08-29 14:33:00,Seoul,food,81.2,50,339.0
2024-08-29 16:10:00,Incheon,food,74.1,50,335.0
2024-08-29 16:20:00,Incheon,food,53.0,61,170.0
2024-08-29 19:18:00,Busan,food,65.0,56,401.0
2024-08-29 14:47:00,Daegu,fashion,33.1,67,198.0
2024-08-29 12:15:00,Daegu,tech,38.7,55,176.0
2024-08-29 14:47:00,Seoul,home,14.2,41,421.0
2024-08-29 09:04:00,Incheon,food,59.7,52,389.0
2024-08-29 13:17:00,Seoul,tech,41.0,41,211.0
2024-08-29 21:19:00,Gwangju,fashion,83.4,48,369.0
2024-08-29 21:07:00,Incheon,home,30.9,53,347.0
2024-08-29 17:40:00,Busan,tech,37.6,44,199.0
2024-08-29 14:59:00,Gwangju,food,67.6,58,137.0
2024-08-29 17:12:00,Gwangju,food,64.2,51,129.0
2024-08-29 14:38:00,Busan,fashion,11.7,53,195.0
2024-08-29 20:17:00,Incheon,tech,25.2,38,171.0
2024-08-29 15:45:00,Seoul,fashion,60.1,53,385.0
2024-08-29 17:35:00,Busan,fashion,19.9,56,438.0
2024-08-29 18:30:00,Gwangju,tech,11.2,49,243.0
2024-08-29 11:16:00,Daegu,fashion,85.0,42,56.0
2024-08-29 19:59:00,Gwangju,home,32.2,65,478.0
2024-08-29 16:33:00,Incheon,fashion,94.0,47,196.0
2024-08-29 18:05:00,Seoul,home,75.4,47,145.0
2024-08-29 18:44:00,Gwangju,food,16.5,43,478.0
2024-08-29 12:12:00,Seoul,fashion,46.9,62,268.0
2024-08-29 14:50:00,Daegu,fashion,74.1,48,421.0
2024-08-29 12:12:00,Gwangju,tech,81.4,69,215.0
2024-08-29 16:45:00,Seoul,tech,89.3,55,424.0
2024-08-29 17:52:00,Daegu,fashion,67.2,53,374.0
2024-08-29 17:01:00,Seoul,food,33.5,62,215.0
2024-08-29 18:49:00,Incheon,food,77.3,47,492.0
2024-08-29 19:25:00,Busan,home,34.6,49,89.0
2024-08-29 18:42:00,Gwangju,home,65.6,35,100.0
2024-08-29 17:53:00,Daegu,fashion,39.0,55,243.0
2024-08-29 20:25:00,Gwangju,food,91.4,46,422.0
2024-08-29 08:23:00,Busan,food,89.6,54,214.0
2024-08-29 10:41:00,Daegu,fashion,18.6,40,473.0
2024-08-29 17:20:00,Gwangju,home,97.9,43,310.0
2024-08-29 10:09:00,Busan,fashion,67.9,52,444.0
2024-08-29 16:20:00,Daegu,home,20.0,59,68.0
2024-08-30 18:34:00,Incheon,food,20.8,61,369.0
2024-08-30 19:57:00,Seoul,fashion,60.5,47,166.0
2024-08-30 15:19:00,Incheon,food,39.0,58,387.0
2024-08-30 12:40:00,Daegu,tech,65.6,52,263.0
2024-08-30 19:12:00,Busan,fashion,19.3,49,229.0
2024-08-30 15:14:00,Gwangju,home,79.3,59,442.0
2024-08-30 13:46:00,Incheon,fashion,64.3,35,299.0
2024-08-30 17:49:00,Daegu,home,88.4,51,290.0
2024-08-30 18:10:00,Busan,food,44.7,51,385.0
2024-08-30 15:56:00,Gwangju,food,92.4,57,210.0
2024-08-30 10:59:00,Daegu,fashion,18.6,43,307.0
2024-08-30 17:45:00,Seoul,food,70.7,57,241.0
2024-08-30 16:18:00,Seoul,home,97.0,42,135.0
2024-08-30 13:31:00,Busan,fashion,31.4,50,493.0
2024-08-30 19:18:00,Incheon,food,74.9,38,341.0
2024-08-30 13:13:00,Busan,fashion,97.2,55,204.0
2024-08-30 12:21:00,Daegu,tech,98.8,43,291.0
2024-08-30 18:46:00,Incheon,home,34.1,44,170.0
2024-08-30 16:12:00,Incheon,tech,11.2,42,155.0
2024-08-30 21:14:00,Gwangju,food,26.0,47,167.0
2024-08-30 18:23:00,Daegu,tech,41.2,59,492.0
2024-08-30 20:28:00,Incheon,food,87.4,56,268.0
2024-08-30 15:34:00,Incheon,tech,45.4,58,402.0
2024-08-30 13:22:00,Daegu,home,75.1,64,374.0
2024-08-30 15:07:00,Gwangju,food,46.0,50,459.0
2024-08-30 18:53:00,Daegu,food,38.4,52,170.0
2024-08-30 18:38:00,Incheon,tech,30.7,39,182.0
2024-08-30 15:36:00,Seoul,home,12.0,53,182.0
2024-08-30 16:40:00,Seoul,fashion,41.6,53,140.0
2024-08-30 21:04:00,Seoul,food,42.8,67,287.0
2024-08-30 14:06:00,Incheon,home,52.8,54,492.0
2024-08-30 17:00:00,Seoul,fashion,29.5,53,204.0
2024-08-30 18:59:00,Incheon,food,12.0,47,498.0
2024-08-30 21:10:00,Incheon,food,92.0,51,181.0
2024-08-30 19:00:00,Daegu,home,33.9,51,467.0
2024-08-30 18:32:00,Daegu,fashion,31.5,58,202.0
2024-08-30 17:20:00,Busan,tech,38.3,41,55.0
2024-08-30 13:26:00,Busan,food,68.2,48,377.0
2024-08-30 16:15:00,Incheon,tech,10.2,57,79.0
2024-08-30 14:30:00,Daegu,fashion,99.0,45,357.0
2024-08-30 20:53:00,Busan,tech,100.0,54,225.0
2024-08-30 16:37:00,Gwangju,food,81.4,54,402.0
2024-08-30 11:51:00,Incheon,tech,94.1,50,180.0
2024-08-30 20:07:00,Seoul,home,90.6,41,282.0
2024-08-30 11:42:00,Incheon,tech,56.4,63,496.0
2024-08-30 16:51:00,Gwangju,food,26.4,52,261.0
2024-08-30 11:26:00,Gwangju,home,96.2,55,62.0
2024-08-30 16:42:00,Daegu,food,49.3,53,438.0
2024-08-30 12:34:00,Gwangju,home,56.4,52,393.0
2024-08-31 21:54:00,Seoul,food,59.3,49,344.0
2024-08-31 14:56:00,Daegu,home,81.7,52,418.0
2024-08-31 10:31:00,Seoul,fashion,56.0,51,480.0
2024-08-31 21:46:00,Seoul,food,36.3,50,372.0
2024-08-31 20:18:00,Gwangju,fashion,52.9,62,152.0
2024-08-31 16:59:00,Gwangju,fashion,41.1,44,353.0
2024-08-31 15:16:00,Incheon,tech,59.5,52,303.0
2024-08-31 19:05:00,Seoul,home,63.4,45,334.0
2024-08-31 12:36:00,Seoul,tech,16.8,48,334.0
2024-08-31 19:50:00,Incheon,tech,80.8,62,159.0
2024-08-31 17:25:00,Daegu,home,26.9,39,240.0
2024-08-31 13:39:00,Incheon,fashion,27.2,48,322.0
2024-08-31 14:59:00,Daegu,food,54.3,46,476.0
2024-08-31 20:18:00,Incheon,home,31.2,49,384.0
2024-08-31 18:37:00,Daegu,tech,91.0,38,426.0
2024-08-31 21:59:00,Daegu,home,96.5,49,200.0
2024-08-31 09:19:00,Seoul,food,60.9,57,482.0
2024-08-31 13:46:00,Seoul,fashion,78.5,51,238.0
2024-08-31 14:02:00,Incheon,food,30.1,58,431.0
2024-08-31 16:48:00,Seoul,tech,95.6,45,226.0
2024-08-31 10:29:00,Daegu,fashion,97.7,40,411.0
2024-08-31 15:10:00,Busan,food,16.8,57,261.0
2024-08-31 20:59:00,Busan,food,35.6,62,314.0
2024-08-31 15:16:00,Incheon,food,74.6,45,435.0
2024-08-31 20:18:00,Seoul,home,87.4,43,442.0
2024-08-31 14:02:00,Gwangju,tech,87.5,52,59.0
2024-08-31 15:16:00,Incheon,food,24.6,46,122.0
2024-08-31 16:15:00,Busan,home,48.2,45,319.0
2024-08-31 17:12:00,Daegu,food,82.0,44,223.0
2024-08-31 15:42:00,Seoul,tech,15.7,50,127.0
2024-08-31 15:11:00,Incheon,home,50.4,50,417.0
2024-08-31 16:07:00,Seoul,food,80.0,56,155.0
2024-08-31 21:35:00,Daegu,home,34.7,41,187.0
2024-08-31 20:01:00,Busan,fashion,67.6,62,184.0
2024-08-31 12:10:00,Daegu,food,41.4,45,399.0
2024-08-31 15:23:00,Gwangju,fashion,92.0,48,171.0
2024-08-31 14:52:00,Daegu,food,53.8,54,107.0
2024-08-31 16:11:00,Gwangju,tech,94.2,44,120.0
2024-08-31 16:07:00,Gwangju,fashion,30.2,53,71.0
2024-08-31 20:51:00,Gwangju,tech,53.1,47,445.0
2024-08-31 15:15:00,Gwangju,tech,81.4,49,86.0
2024-09-01 13:56:00,Daegu,fashion,44.9,53,79.0
2024-09-01 10:12:00,Busan,tech,15.1,48,479.0
2024-09-01 16:36:00,Incheon,food,22.4,65,383.0
2024-09-01 18:25:00,Gwangju,food,32.6,45,253.0
2024-09-01 19:43:00,Incheon,food,30.7,50,70.0
2024-09-01 18:04:00,Gwangju,fashion,25.1,43,172.0
2024-09-01 19:09:00,Busan,food,59.8,46,372.0
2024-09-01 16:45:00,Daegu,food,12.6,64,327.0
2024-09-01 17:55:00,Gwangju,food,56.7,34,251.0
2024-09-01 16:43:00,Incheon,tech,18.8,51,157.0
2024-09-01 18:48:00,Incheon,fashion,21.2,64,327.0
2024-09-01 21:45:00,Gwangju,food,38.4,44,499.0
2024-09-01 19:08:00,Daegu,tech,89.9,50,428.0
2024-09-01 19:01:00,Incheon,tech,88.1,48,165.0
2024-09-01 20:10:00,Busan,home,24.3,55,142.0
2024-09-01 19:23:00,Daegu,tech,54.0,55,206.0
2024-09-01 19:25:00,Seoul,home,51.3,53,154.0
2024-09-01 21:32:00,Daegu,fashion,47.4,49,187.0
2024-09-01 14:29:00,Seoul,home,74.5,53,102.0
2024-09-01 15:54:00,Gwangju,fashion,91.0,58,236.0
2024-09-01 18:37:00,Gwangju,tech,45.1,49,68.0
2024-09-01 15:28:00,Gwangju,tech,63.3,47,77.0
2024-09-01 20:02:00,Busan,home,85.7,59,459.0
2024-09-01 14:41:00,Busan,food,98.9,46,401.0
2024-09-01 20:22:00,Seoul,tech,51.9,52,448.0
2024-09-01 16:40:00,Busan,home,36.0,44,214.0
2024-09-01 17:35:00,Daegu,food,27.8,48,323.0
2024-09-01 18:48:00,Gwangju,tech,54.3,59,159.0
2024-09-01 10:09:00,Daegu,food,66.2,42,292.0
2024-09-01 13:20:00,Gwangju,fashion,76.3,50,309.0
2024-09-01 15:28:00,Daegu,food,35.4,40,147.0
2024-09-01 15:07:00,Gwangju,tech,11.9,52,188.0
2024-09-01 16:09:00,Seoul,tech,35.4,46,321.0
2024-09-01 15:56:00,Seoul,food,91.4,44,363.0
2024-09-01 22:34:00,Daegu,home,30.5,60,213.0
2024-09-01 15:09:00,Daegu,fashion,94.4,52,416.0
2024-09-01 14:37:00,Gwangju,home,93.7,53,70.0
2024-09-01 16:52:00,Incheon,fashion,88.0,52,191.0
2024-09-01 13:21:00,Daegu,fashion,62.0,36,109.0
2024-09-01 18:07:00,Busan,fashion,68.5,64,408.0
2024-09-01 20:21:00,Gwangju,tech,32.9,54,154.0
2024-09-01 18:42:00,Incheon,tech,39.3,48,161.0
2024-09-01 20:36:00,Daegu,food,69.9,56,187.0
2024-09-01 15:09:00,Busan,food,27.4,52,183.0
2024-09-01 18:26:00,Incheon,fashion,27.5,55,409.0
2024-09-01 10:12:00,Seoul,tech,74.4,53,130.0
2024-09-01 16:29:00,Daegu,tech,99.2,51,498.0
2024-09-01 22:53:00,Daegu,tech,88.3,44,434.0
2024-09-02 17:52:00,Daegu,fashion,48.8,55,416.0
2024-09-02 18:01:00,Gwangju,food,59.1,45,476.0
2024-09-02 18:28:00,Daegu,food,59.8,56,62.0
2024-09-02 10:58:00,Gwangju,home,64.3,54,244.0
2024-09-02 13:02:00,Busan,food,72.9,49,316.0
2024-09-02 18:19:00,Incheon,food,49.6,45,356.0
2024-09-02 11:19:00,Gwangju,tech,80.2,51,244.0
2024-09-02 18:00:00,Busan,home,83.7,55,311.0
2024-09-02 22:39:00,Incheon,food,16.9,46,272.0
2024-09-02 09:23:00,Incheon,food,55.3,55,50.0
2024-09-02 16:02:00,Seoul,tech,51.4,46,361.0
2024-09-02 15:56:00,Daegu,home,67.8,46,77.0
2024-09-02 19:34:00,Seoul,home,94.3,47,386.0
2024-09-02 11:12:00,Busan,food,31.2,54,285.0
2024-09-02 16:46:00,Seoul,food,97.6,44,246.0
2024-09-02 10:09:00,Busan,fashion,33.0,47,494.0
2024-09-02 12:47:00,Gwangju,tech,51.1,55,432.0
2024-09-02 13:17:00,Busan,home,92.3,56,382.0
2024-09-02 18:38:00,Gwangju,tech,62.2,56,350.0
2024-09-02 14:47:00,Incheon,food,24.0,57,242.0
2024-09-02 20:23:00,Daegu,food,24.4,49,499.0
2024-09-02 18:01:00,Gwangju,home,81.5,33,193.0
2024-09-02 12:32:00,Seoul,fashion,42.6,52,314.0
2024-09-02 16:54:00,Incheon,home,32.4,44,458.0
2024-09-02 20:38:00,Seoul,fashion,94.9,43,79.0
2024-09-02 20:10:00,Incheon,home,40.5,54,206.0
2024-09-02 10:44:00,Daegu,fashion,24.0,49,382.0
2024-09-02 09:28:00,Gwangju,fashion,88.2,54,349.0
2024-09-02 17:54:00,Gwangju,fashion,89.8,44,198.0
2024-09-02 18:19:00,Gwangju,fashion,81.8,65,53.0
2024-09-02 08:01:00,Daegu,food,96.6,58,60.0
2024-09-02 16:25:00,Gwangju,fashion,73.1,63,160.0
2024-09-02 20:03:00,Incheon,fashion,36.5,45,480.0
2024-09-02 17:00:00,Daegu,tech,75.5,48,431.0
2024-09-02 20:48:00,Gwangju,home,50.3,39,400.0
2024-09-02 15:59:00,Gwangju,food,92.3,51,181.0
2024-09-02 14:11:00,Gwangju,home,24.7,39,259.0
2024-09-02 17:20:00,Gwangju,tech,12.9,49,58.0
2024-09-02 19:56:00,Seoul,food,94.7,52,161.0
2024-09-02 18:03:00,Seoul,tech,35.8,39,421.0
2024-09-02 11:40:00,Gwangju,home,69.8,59,419.0
2024-09-02 20:14:00,Daegu,home,52.4,37,203.0
2024-09-02 11:21:00,Busan,home,42.2,56,155.0
2024-09-02 12:22:00,Daegu,fashion,33.6,43,67.0
2024-09-02 17:27:00,Daegu,home,42.5,54,431.0
2024-09-02 17:43:00,Incheon,fashion,75.6,53,363.0
2024-09-02 18:45:00,Seoul,tech,71.8,50,499.0
2024-09-02 18:42:00,Daegu,food,75.4,54,106.0
2024-09-02 17:06:00,Gwangju,tech,95.8,79,104.0
2024-09-02 16:36:00,Daegu,food,69.3,44,209.0
2024-09-02 20:12:00,Incheon,tech,87.2,46,352.0
2024-09-02 20:05:00,Seoul,home,30.4,45,319.0
2024-09-02 14:34:00,Busan,home,20.4,51,172.0
2024-09-02 19:57:00,Busan,home,60.0,59,229.0
2024-09-02 16:34:00,Busan,home,32.4,58,497.0
2024-09-02 14:47:00,Incheon,food,43.1,59,147.0
2024-09-02 14:17:00,Busan,food,96.5,44,475.0
2024-09-02 20:55:00,Busan,fashion,35.6,36,194.0
2024-09-02 21:46:00,Daegu,food,28.6,45,153.0
2024-09-02 17:56:00,Incheon,food,15.4,52,490.0
2024-09-02 19:04:00,Busan,fashion,31.5,51,245.0
2024-09-02 11:41:00,Daegu,tech,16.5,48,85.0
2024-09-02 14:59:00,Gwangju,fashion,10.3,40,88.0
2024-09-02 19:52:00,Busan,food,20.2,43,239.0
2024-09-03 15:27:00,Gwangju,home,93.4,48,496.0
2024-09-03 16:08:00,Incheon,fashion,64.2,43,54.0
2024-09-03 11:26:00,Daegu,food,27.5,47,202.0
2024-09-03 21:14:00,Seoul,food,22.8,44,116.0
2024-09-03 15:40:00,Incheon,food,40.9,47,404.0
2024-09-03 18:20:00,Seoul,fashion,66.1,40,423.0
2024-09-03 15:30:00,Daegu,tech,93.7,55,314.0
2024-09-03 17:14:00,Daegu,tech,81.9,49,154.0
2024-09-03 15:09:00,Gwangju,food,16.2,41,78.0
2024-09-03 20:26:00,Daegu,tech,41.8,41,366.0
2024-09-03 20:32:00,Gwangju,tech,63.4,56,327.0
2024-09-03 19:04:00,Incheon,fashion,61.9,38,235.0
2024-09-03 19:39:00,Busan,food,67.7,44,92.0
2024-09-03 16:26:00,Gwangju,tech,51.4,54,388.0
2024-09-03 12:51:00,Daegu,home,81.2,55,105.0
2024-09-03 13:50:00,Gwangju,food,16.8,51,370.0
2024-09-03 17:55:00,Incheon,tech,32.5,50,80.0
2024-09-03 20:36:00,Incheon,fashion,85.6,44,137.0
2024-09-03 22:06:00,Incheon,fashion,75.3,43,80.0
2024-09-03 16:19:00,Daegu,tech,61.7,44,489.0
2024-09-03 17:22:00,Incheon,food,38.7,57,196.0
2024-09-03 21:26:00,Incheon,food,40.6,46,372.0
2024-09-03 19:19:00,Daegu,fashion,22.5,65,74.0
2024-09-03 12:07:00,Daegu,food,80.1,58,357.0
2024-09-03 14:17:00,Incheon,home,39.5,50,491.0
2024-09-03 16:46:00,Seoul,food,11.9,36,382.0
2024-09-03 12:07:00,Busan,food,29.6,63,289.0
2024-09-03 14:35:00,Busan,fashion,67.4,49,180.0
2024-09-03 18:46:00,Seoul,tech,62.0,57,86.0
2024-09-03 18:11:00,Seoul,home,55.0,47,269.0
2024-09-03 08:44:00,Gwangju,fashion,39.4,62,135.0
2024-09-03 16:04:00,Busan,home,72.9,42,317.0
2024-09-03 18:49:00,Incheon,food,96.5,59,239.0
2024-09-03 10:41:00,Seoul,food,55.4,61,267.0
2024-09-03 20:52:00,Seoul,tech,22.8,43,276.0
2024-09-03 14:04:00,Daegu,food,12.0,41,490.0
2024-09-03 11:59:00,Busan,tech,51.6,60,302.0
2024-09-03 18:46:00,Daegu,home,64.2,61,302.0
2024-09-03 16:03:00,Seoul,fashion,63.3,51,200.0
2024-09-03 21:54:00,Daegu,fashion,62.2,40,477.0
2024-09-03 15:54:00,Incheon,fashion,81.1,38,396.0
2024-09-03 16:57:00,Busan,home,18.4,45,486.0
2024-09-03 17:49:00,Busan,fashion,86.9,60,187.0
2024-09-03 16:37:00,Seoul,home,24.4,63,345.0
2024-09-03 16:51:00,Seoul,home,54.1,51,294.0
2024-09-03 12:00:00,Daegu,fashion,69.4,53,228.0
2024-09-03 17:16:00,Gwangju,home,83.5,57,99.0
2024-09-03 16:25:00,Gwangju,tech,14.9,51,401.0
2024-09-03 18:22:00,Seoul,home,45.7,37,487.0
2024-09-03 17:28:00,Busan,food,35.8,39,55.0
2024-09-04 08:42:00,Busan,tech,17.4,58,268.0
2024-09-04 15:25:00,Seoul,food,17.3,56,89.0
2024-09-04 19:46:00,Gwangju,home,99.3,53,429.0
2024-09-04 21:15:00,Seoul,tech,95.4,48,344.0
2024-09-04 12:42:00,Daegu,food,54.2,42,280.0
2024-09-04 16:28:00,Seoul,tech,10.2,55,465.0
2024-09-04 15:49:00,Busan,food,40.8,61,309.0
2024-09-04 18:03:00,Gwangju,food,54.1,51,82.0
2024-09-04 15:52:00,Busan,fashion,85.7,58,193.0
2024-09-04 18:29:00,Busan,tech,99.7,59,197.0
2024-09-04 17:39:00,Seoul,home,15.8,52,233.0
2024-09-04 19:47:00,Gwangju,tech,51.3,45,152.0
2024-09-04 14:50:00,Busan,home,72.3,41,465.0
2024-09-04 09:47:00,Gwangju,home,58.0,54,82.0
2024-09-04 20:17:00,Incheon,fashion,89.0,50,440.0
2024-09-04 14:21:00,Seoul,home,58.1,59,409.0
2024-09-04 22:16:00,Gwangju,fashion,35.1,49,381.0
2024-09-04 17:45:00,Gwangju,home,17.2,52,222.0
2024-09-04 15:48:00,Daegu,tech,83.8,35,292.0
2024-09-04 17:21:00,Incheon,food,28.4,51,70.0
2024-09-04 15:00:00,Gwangju,home,25.6,50,158.0
2024-09-04 16:16:00,Gwangju,fashion,67.8,51,340.0
2024-09-04 16:41:00,Seoul,home,48.3,46,51.0
2024-09-04 21:40:00,Daegu,food,39.7,53,294.0
2024-09-04 19:49:00,Seoul,fashion,96.2,60,308.0
2024-09-04 21:35:00,Daegu,food,16.2,56,173.0
2024-09-04 13:29:00,Busan,tech,43.3,47,410.0
2024-09-04 19:46:00,Busan,food,45.1,54,170.0
2024-09-04 16:52:00,Incheon,tech,69.0,58,176.0
2024-09-04 20:00:00,Seoul,home,18.6,49,89.0
2024-09-04 16:32:00,Seoul,fashion,40.4,51,203.0
2024-09-04 10:13:00,Incheon,tech,59.1,46,148.0
2024-09-04 12:40:00,Daegu,tech,17.2,56,225.0
2024-09-04 17:03:00,Gwangju,food,48.8,53,258.0
2024-09-04 20:00:00,Daegu,food,30.8,60,446.0
2024-09-04 15:45:00,Incheon,fashion,26.0,51,336.0
2024-09-04 15:43:00,Gwangju,food,23.6,49,478.0
2024-09-04 15:18:00,Incheon,tech,84.7,65,439.0
2024-09-04 19:32:00,Gwangju,tech,67.5,66,385.0
2024-09-04 14:15:00,Daegu,home,93.4,55,55.0
2024-09-04 19:54:00,Seoul,food,57.5,48,389.0
2024-09-04 22:47:00,Gwangju,fashion,56.5,44,344.0
2024-09-04 16:25:00,Busan,food,77.5,44,378.0
2024-09-04 17:03:00,Incheon,fashion,61.5,51,133.0
2024-09-04 18:50:00,Gwangju,food,14.5,49,373.0
2024-09-04 15:43:00,Incheon,food,66.3,58,487.0
2024-09-04 11:40:00,Busan,food,28.4,59,473.0
2024-09-04 14:36:00,Seoul,food,23.1,74,148.0
2024-09-04 15:14:00,Gwangju,tech,74.1,48,138.0
2024-09-04 14:51:00,Gwangju,home,37.2,46,209.0
2024-09-04 11:40:00,Incheon,food,84.0,38,311.0
2024-09-05 15:08:00,Gwangju,food,46.7,57,175.0
2024-09-05 14:30:00,Daegu,food,15.7,52,133.0
2024-09-05 20:10:00,Gwangju,home,73.8,50,263.0
2024-09-05 16:47:00,Incheon,fashion,33.9,44,437.0
2024-09-05 15:56:00,Daegu,fashion,76.8,36,362.0
2024-09-05 16:21:00,Daegu,home,41.3,49,359.0
2024-09-05 13:01:00,Busan,fashion,86.1,57,373.0
2024-09-05 18:15:00,Gwangju,fashion,24.3,46,213.0
2024-09-05 16:51:00,Incheon,food,50.0,56,189.0
2024-09-05 15:51:00,Incheon,tech,58.1,40,117.0
2024-09-05 15:13:00,Incheon,fashion,55.6,56,476.0
2024-09-05 14:12:00,Seoul,tech,13.4,56,110.0
2024-09-05 12:28:00,Daegu,fashion,84.5,56,392.0
2024-09-05 22:11:00,Busan,fashion,14.2,45,189.0
2024-09-05 17:34:00,Seoul,fashion,91.0,38,423.0
2024-09-05 14:50:00,Daegu,food,83.0,58,317.0
2024-09-05 12:46:00,Busan,food,24.3,65,487.0
2024-09-05 12:10:00,Daegu,fashion,82.6,47,407.0
2024-09-05 10:11:00,Incheon,food,18.2,45,433.0
2024-09-05 19:30:00,Incheon,fashion,11.5,43,139.0
2024-09-05 17:32:00,Gwangju,fashion,71.5,48,123.0
2024-09-05 20:49:00,Incheon,home,64.0,47,244.0
2024-09-05 17:01:00,Daegu,tech,91.0,45,389.0
2024-09-05 21:12:00,Daegu,food,52.7,43,490.0
2024-09-05 10:29:00,Daegu,food,77.1,40,165.0
2024-09-05 12:46:00,Seoul,home,12.2,50,74.0
2024-09-05 13:39:00,Busan,tech,41.3,45,95.0
2024-09-05 19:25:00,Gwangju,food,87.0,38,365.0
2024-09-05 16:06:00,Gwangju,tech,16.4,45,377.0
2024-09-05 20:02:00,Daegu,home,52.5,42,205.0
2024-09-05 18:30:00,Daegu,home,37.7,50,325.0
2024-09-05 12:21:00,Seoul,food,68.5,49,370.0
2024-09-05 15:54:00,Seoul,food,30.2,51,346.0
2024-09-05 14:26:00,Incheon,tech,40.9,60,111.0
2024-09-05 08:32:00,Busan,home,33.7,52,189.0
2024-09-05 13:28:00,Incheon,tech,96.6,42,243.0
2024-09-05 15:06:00,Gwangju,tech,78.4,53,488.0
2024-09-05 16:57:00,Daegu,fashion,50.5,46,255.0
2024-09-05 19:03:00,Busan,fashion,71.9,46,411.0
2024-09-05 10:02:00,Incheon,tech,44.0,48,328.0
2024-09-05 15:27:00,Seoul,home,20.2,67,115.0
2024-09-05 15:25:00,Daegu,home,17.0,35,481.0
2024-09-05 15:49:00,Gwangju,tech,99.7,45,361.0
2024-09-05 17:35:00,Busan,food,48.6,54,281.0
2024-09-05 14:33:00,Daegu,food,58.9,36,78.0
2024-09-05 18:19:00,Gwangju,food,46.9,45,373.0
2024-09-05 16:10:00,Gwangju,tech,74.9,48,342.0
2024-09-05 16:41:00,Busan,food,24.0,53,340.0
2024-09-05 22:22:00,Seoul,food,98.1,40,388.0
2024-09-06 13:15:00,Incheon,fashion,50.6,56,282.0
2024-09-06 21:10:00,Seoul,home,60.4,52,217.0
2024-09-06 17:00:00,Busan,tech,35.1,42,148.0
2024-09-06 20:22:00,Gwangju,home,33.7,45,462.0
2024-09-06 15:45:00,Busan,food,37.3,53,319.0
2024-09-06 12:26:00,Gwangju,fashion,53.5,59,468.0
2024-09-06 14:45:00,Daegu,fashion,20.3,45,317.0
2024-09-06 18:45:00,Gwangju,food,92.1,49,123.0
2024-09-06 15:24:00,Busan,fashion,21.6,39,159.0
2024-09-06 12:52:00,Busan,home,24.0,44,410.0
2024-09-06 14:30:00,Seoul,tech,98.1,56,295.0
2024-09-06 10:26:00,Seoul,food,79.9,43,249.0
2024-09-06 19:24:00,Busan,tech,67.2,63,436.0
2024-09-06 19:10:00,Daegu,food,25.0,57,85.0
2024-09-06 19:42:00,Incheon,home,83.3,59,177.0
2024-09-06 18:17:00,Gwangju,tech,24.4,53,277.0
2024-09-06 12:20:00,Daegu,tech,88.2,63,481.0
2024-09-06 21:42:00,Daegu,home,88.7,55,450.0
2024-09-06 16:46:00,Busan,fashion,50.6,43,138.0
2024-09-06 19:14:00,Daegu,home,24.8,54,179.0
2024-09-06 09:17:00,Seoul,fashion,25.1,43,483.0
2024-09-06 18:53:00,Daegu,home,17.7,51,377.0
2024-09-06 13:54:00,Daegu,home,35.7,46,140.0
2024-09-06 21:34:00,Busan,home,44.7,61,337.0
2024-09-06 17:43:00,Daegu,home,68.7,50,462.0
2024-09-06 20:30:00,Incheon,food,51.2,42,372.0
2024-09-06 10:38:00,Seoul,tech,24.8,64,413.0
2024-09-06 16:26:00,Gwangju,food,10.4,61,253.0
2024-09-06 16:38:00,Busan,food,60.2,47,409.0
2024-09-06 12:51:00,Gwangju,home,67.2,46,268.0
2024-09-06 14:29:00,Gwangju,food,10.1,51,92.0
2024-09-06 16:17:00,Incheon,home,43.0,52,417.0
2024-09-06 13:33:00,Seoul,fashion,20.4,39,296.0
2024-09-06 15:42:00,Incheon,tech,19.1,70,70.0
2024-09-06 14:51:00,Gwangju,food,79.8,53,351.0
2024-09-06 13:57:00,Incheon,home,77.8,40,450.0
2024-09-06 11:14:00,Daegu,food,63.9,47,442.0
2024-09-06 15:56:00,Daegu,fashion,26.8,44,290.0
2024-09-06 19:43:00,Daegu,tech,72.6,47,362.0
2024-09-06 13:21:00,Gwangju,food,14.0,55,154.0
2024-09-06 09:26:00,Busan,tech,48.7,56,168.0
2024-09-06 09:40:00,Daegu,home,94.5,58,348.0
2024-09-06 11:30:00,Daegu,food,49.5,52,462.0
2024-09-06 21:09:00,Daegu,home,83.7,48,391.0
2024-09-06 14:02:00,Seoul,tech,79.2,38,75.0
2024-09-06 11:23:00,Busan,home,99.5,47,110.0
2024-09-07 12:16:00,Seoul,fashion,16.8,61,427.0
2024-09-07 22:37:00,Daegu,fashion,63.1,34,166.0
2024-09-07 09:51:00,Seoul,tech,92.0,39,407.0
2024-09-07 18:39:00,Busan,fashion,81.8,47,232.0
2024-09-07 16:48:00,Incheon,home,62.8,48,72.0
2024-09-07 20:38:00,Busan,tech,32.5,54,366.0
2024-09-07 13:52:00,Gwangju,tech,43.4,59,129.0
2024-09-07 20:09:00,Gwangju,food,68.2,51,406.0
2024-09-07 15:16:00,Incheon,tech,87.4,64,439.0
2024-09-07 13:11:00,Busan,fashion,10.6,30,134.0
2024-09-07 18:48:00,Seoul,fashion,41.8,37,203.0
2024-09-07 13:54:00,Busan,fashion,96.1,40,412.0
2024-09-07 20:43:00,Daegu,home,98.2,67,200.0
2024-09-07 18:31:00,Incheon,home,82.6,47,465.0
2024-09-07 21:33:00,Seoul,food,73.7,54,319.0
2024-09-07 19:53:00,Busan,tech,70.7,45,304.0
2024-09-07 14:47:00,Busan,fashion,42.8,57,356.0
2024-09-07 14:17:00,Gwangju,fashion,69.9,64,55.0
2024-09-07 18:23:00,Daegu,home,54.5,32,241.0
2024-09-07 19:51:00,Busan,tech,88.6,46,438.0
2024-09-07 13:36:00,Gwangju,fashion,90.5,36,111.0
2024-09-07 17:53:00,Busan,tech,91.0,46,92.0
2024-09-07 09:49:00,Daegu,food,15.7,48,262.0
2024-09-07 16:25:00,Gwangju,fashion,60.1,58,328.0
2024-09-07 20:38:00,Incheon,home,80.0,51,343.0
2024-09-07 10:24:00,Gwangju,food,56.6,49,282.0
2024-09-07 16:45:00,Seoul,tech,36.4,49,161.0
2024-09-07 19:17:00,Gwangju,fashion,56.3,61,328.0
2024-09-07 16:31:00,Seoul,home,86.9,51,449.0
2024-09-07 22:18:00,Gwangju,food,93.4,48,186.0
2024-09-07 16:12:00,Gwangju,tech,61.0,47,115.0
2024-09-07 16:47:00,Gwangju,food,74.5,39,101.0
2024-09-07 13:24:00,Seoul,food,66.2,60,379.0
2024-09-07 13:10:00,Busan,home,68.5,60,396.0
2024-09-07 12:36:00,Incheon,home,72.8,47,63.0
2024-09-07 15:48:00,Gwangju,fashion,85.8,58,484.0
2024-09-07 17:38:00,Busan,fashion,40.7,45,191.0
2024-09-07 15:59:00,Busan,food,86.6,45,177.0
2024-09-07 11:30:00,Seoul,tech,48.8,51,197.0
2024-09-07 21:38:00,Daegu,tech,86.6,55,240.0
2024-09-07 18:17:00,Daegu,home,81.7,49,302.0
2024-09-07 13:16:00,Seoul,home,44.5,57,54.0
2024-09-07 16:20:00,Busan,food,46.4,63,358.0
2024-09-07 19:51:00,Seoul,fashion,13.9,50,427.0
2024-09-07 11:37:00,Incheon,fashion,50.5,44,124.0
2024-09-07 14:06:00,Incheon,fashion,99.4,48,185.0
2024-09-07 13:43:00,Gwangju,tech,44.3,42,368.0
2024-09-07 13:18:00,Seoul,fashion,92.1,44,176.0
2024-09-07 15:45:00,Seoul,fashion,26.4,54,491.0
2024-09-08 16:33:00,Daegu,fashion,88.9,58,425.0
2024-09-08 12:46:00,Gwangju,tech,63.7,53,171.0
2024-09-08 15:35:00,Seoul,fashion,43.1,42,147.0
2024-09-08 18:29:00,Gwangju,tech,34.5,61,115.0
2024-09-08 17:58:00,Busan,tech,94.1,53,294.0
2024-09-08 13:32:00,Seoul,food,62.6,45,302.0
2024-09-08 20:56:00,Seoul,home,63.9,45,234.0
2024-09-08 14:24:00,Daegu,food,37.2,53,244.0
2024-09-08 10:04:00,Gwangju,fashion,12.2,51,398.0
2024-09-08 18:49:00,Seoul,home,61.5,60,159.0
2024-09-08 20:56:00,Seoul,food,68.5,46,402.0
2024-09-08 16:09:00,Gwangju,home,76.5,54,419.0
2024-09-08 08:33:00,Seoul,fashion,76.8,44,306.0
2024-09-08 22:21:00,Gwangju,fashion,73.3,57,211.0
2024-09-08 08:25:00,Daegu,fashion,69.8,44,141.0
2024-09-08 14:32:00,Busan,food,13.9,59,420.0
2024-09-08 15:24:00,Incheon,home,74.8,53,318.0
2024-09-08 11:39:00,Daegu,fashion,47.8,47,323.0
2024-09-08 09:57:00,Busan,tech,21.5,60,498.0
2024-09-08 13:05:00,Daegu,tech,66.1,40,82.0
2024-09-08 17:04:00,Incheon,tech,43.6,54,69.0
2024-09-08 14:47:00,Incheon,tech,99.3,46,301.0
2024-09-08 13:33:00,Gwangju,home,34.0,47,419.0
2024-09-08 18:25:00,Busan,food,68.4,57,127.0
2024-09-08 22:09:00,Daegu,food,93.4,43,271.0
2024-09-08 15:58:00,Busan,tech,64.6,55,333.0
2024-09-08 15:42:00,Seoul,food,80.1,50,120.0
2024-09-08 11:40:00,Busan,food,14.5,58,449.0
2024-09-08 11:22:00,Seoul,tech,34.7,58,304.0
2024-09-08 16:05:00,Busan,home,63.8,55,416.0
2024-09-08 14:25:00,Gwangju,fashion,29.3,62,72.0
2024-09-08 14:36:00,Daegu,food,27.2,52,131.0
2024-09-08 16:18:00,Incheon,home,55.2,34,160.0
2024-09-08 14:33:00,Seoul,tech,56.4,54,74.0
2024-09-08 16:29:00,Gwangju,tech,51.2,64,405.0
2024-09-08 15:10:00,Seoul,tech,56.6,46,180.0
2024-09-08 14:02:00,Incheon,tech,94.7,57,147.0
2024-09-08 15:38:00,Seoul,fashion,71.4,46,164.0
2024-09-08 11:06:00,Incheon,home,40.3,53,318.0
2024-09-08 16:38:00,Incheon,food,95.8,39,283.0
2024-09-08 15:39:00,Gwangju,food,48.7,55,303.0
2024-09-08 14:28:00,Busan,fashion,47.8,36,204.0
2024-09-08 19:52:00,Gwangju,home,57.9,44,60.0
2024-09-08 18:34:00,Busan,tech,73.6,56,390.0
2024-09-08 19:34:00,Daegu,food,58.4,51,210.0
2024-09-08 13:45:00,Gwangju,fashion,54.7,56,190.0
2024-09-09 20:53:00,Busan,fashion,92.4,49,332.0
2024-09-09 10:38:00,Seoul,home,37.6,50,188.0
2024-09-09 19:24:00,Gwangju,food,54.4,59,87.0
2024-09-09 19:49:00,Incheon,home,53.1,65,350.0
2024-09-09 11:53:00,Daegu,food,94.3,47,343.0
2024-09-09 12:22:00,Daegu,home,27.1,42,291.0
2024-09-09 16:29:00,Daegu,fashion,49.4,54,377.0
2024-09-09 10:08:00,Seoul,tech,16.6,43,65.0
2024-09-09 20:04:00,Incheon,fashion,14.3,48,447.0
2024-09-09 22:30:00,Daegu,fashion,44.2,57,376.0
2024-09-09 16:46:00,Gwangju,home,97.2,47,278.0
2024-09-09 11:31:00,Seoul,fashion,54.2,66,497.0
2024-09-09 13:40:00,Daegu,tech,81.8,50,311.0
2024-09-09 13:00:00,Seoul,fashion,41.5,43,311.0
2024-09-09 10:22:00,Incheon,fashion,19.7,53,195.0
2024-09-09 16:12:00,Daegu,fashion,37.7,57,489.0
2024-09-09 16:37:00,Incheon,home,39.6,46,254.0
2024-09-09 18:34:00,Seoul,home,55.1,53,110.0
2024-09-09 15:17:00,Daegu,home,25.1,48,159.0
2024-09-09 15:24:00,Incheon,food,30.5,46,166.0
2024-09-09 21:51:00,Seoul,home,77.3,51,221.0
2024-09-09 12:38:00,Incheon,tech,81.6,38,361.0
2024-09-09 20:28:00,Daegu,tech,29.0,45,450.0
2024-09-09 17:53:00,Incheon,tech,33.2,50,198.0
2024-09-09 16:00:00,Gwangju,home,29.4,54,176.0
2024-09-09 15:15:00,Busan,home,98.1,58,476.0
2024-09-09 17:07:00,Incheon,tech,40.1,53,257.0
2024-09-09 20:48:00,Gwangju,home,32.1,45,331.0
2024-09-09 14:59:00,Seoul,tech,22.2,52,107.0
2024-09-09 13:53:00,Busan,fashion,22.9,41,79.0
2024-09-09 11:35:00,Seoul,fashion,17.3,36,69.0
2024-09-09 18:55:00,Incheon,food,96.3,61,474.0
2024-09-09 15:59:00,Daegu,fashion,48.0,57,427.0
2024-09-09 13:46:00,Daegu,tech,76.3,42,350.0
2024-09-09 21:11:00,Gwangju,tech,84.5,51,95.0
2024-09-09 16:46:00,Incheon,tech,74.2,49,286.0
2024-09-09 15:23:00,Daegu,fashion,98.7,46,435.0
2024-09-09 16:30:00,Incheon,home,83.6,56,472.0
2024-09-09 17:14:00,Gwangju,tech,12.8,59,169.0
2024-09-09 16:37:00,Gwangju,food,42.0,45,391.0
2024-09-09 16:52:00,Gwangju,fashion,95.8,47,482.0
2024-09-09 19:15:00,Seoul,tech,72.6,54,149.0
2024-09-09 20:14:00,Daegu,food,25.0,41,411.0
2024-09-09 13:19:00,Seoul,food,31.7,62,163.0
2024-09-09 22:37:00,Incheon,food,10.3,63,68.0
2024-09-09 10:18:00,Daegu,tech,87.2,55,316.0
2024-09-09 18:05:00,Gwangju,fashion,29.6,45,320.0
2024-09-09 16:55:00,Busan,food,89.5,63,215.0
2024-09-09 22:06:00,Daegu,home,55.0,47,133.0
2024-09-09 09:01:00,Daegu,food,80.8,55,240.0
2024-09-09 15:24:00,Seoul,home,64.7,49,304.0
2024-09-09 14:28:00,Busan,fashion,87.2,46,412.0
2024-09-09 10:30:00,Incheon,food,61.4,43,354.0
2024-09-09 14:19:00,Busan,food,94.1,50,245.0
2024-09-10 11:11:00,Daegu,tech,47.7,51,115.0
2024-09-10 14:59:00,Gwangju,home,35.5,42,78.0
2024-09-10 18:26:00,Incheon,food,83.0,49,323.0
2024-09-10 18:38:00,Daegu,home,92.9,49,157.0
2024-09-10 15:20:00,Seoul,tech,45.7,59,148.0
2024-09-10 20:56:00,Daegu,fashion,45.6,55,438.0
2024-09-10 09:07:00,Busan,food,71.2,53,284.0
2024-09-10 17:58:00,Busan,tech,62.8,42,167.0
2024-09-10 20:46:00,Busan,tech,46.4,45,199.0
2024-09-10 16:39:00,Seoul,fashion,50.2,46,326.0
2024-09-10 18:27:00,Gwangju,fashion,99.0,59,278.0
2024-09-10 21:17:00,Daegu,food,42.4,57,181.0
2024-09-10 22:33:00,Gwangju,food,63.5,48,189.0
2024-09-10 18:43:00,Gwangju,food,20.3,46,233.0
2024-09-10 20:56:00,Daegu,home,58.0,60,117.0
2024-09-10 19:43:00,Gwangju,food,11.9,61,187.0
2024-09-10 21:49:00,Daegu,food,80.1,56,190.0
2024-09-10 16:14:00,Gwangju,home,48.3,52,391.0
2024-09-10 12:53:00,Gwangju,tech,18.8,49,223.0
2024-09-10 09:15:00,Seoul,food,76.7,48,313.0
2024-09-10 14:09:00,Daegu,home,52.5,46,281.0
2024-09-10 14:07:00,Incheon,food,36.3,42,62.0
2024-09-10 15:19:00,Incheon,tech,77.5,50,161.0
2024-09-10 15:32:00,Incheon,fashion,25.0,46,417.0
2024-09-10 14:09:00,Gwangju,tech,73.6,45,260.0
2024-09-10 19:28:00,Daegu,food,71.8,50,417.0
2024-09-10 13:36:00,Daegu,food,47.8,49,52.0
2024-09-10 12:02:00,Daegu,home,34.6,34,435.0
2024-09-10 16:46:00,Seoul,food,70.7,47,500.0
2024-09-10 16:29:00,Daegu,food,75.3,51,292.0
2024-09-10 17:45:00,Daegu,fashion,40.2,47,122.0
2024-09-10 12:59:00,Daegu,tech,88.1,56,385.0
2024-09-10 14:03:00,Daegu,tech,99.4,51,172.0
2024-09-10 12:18:00,Gwangju,food,69.0,49,396.0
2024-09-10 15:50:00,Incheon,fashion,23.5,52,104.0
2024-09-10 20:00:00,Daegu,tech,74.8,43,387.0
2024-09-10 13:24:00,Incheon,tech,90.6,51,129.0
2024-09-10 19:46:00,Busan,tech,52.1,46,317.0
2024-09-10 20:53:00,Gwangju,food,40.5,48,142.0
2024-09-10 20:33:00,Incheon,home,84.0,56,352.0
2024-09-10 16:03:00,Seoul,fashion,72.6,45,477.0
2024-09-10 09:23:00,Gwangju,tech,54.6,68,202.0
2024-09-10 21:26:00,Daegu,food,69.6,47,380.0
2024-09-10 14:04:00,Gwangju,home,39.5,47,158.0
2024-09-10 13:39:00,Seoul,home,99.5,41,449.0
2024-09-10 17:32:00,Seoul,tech,34.5,58,369.0
2024-09-10 12:43:00,Busan,fashion,87.7,46,475.0
2024-09-10 22:48:00,Seoul,fashion,52.4,41,80.0
2024-09-10 18:25:00,Busan,fashion,39.0,58,475.0
2024-09-10 10:06:00,Incheon,home,75.8,45,439.0
2024-09-10 10:23:00,Busan,tech,45.4,49,227.0
2024-09-10 20:31:00,Daegu,food,10.0,61,160.0
2024-09-10 12:34:00,Gwangju,fashion,99.8,59,303.0
2024-09-10 08:46:00,Seoul,food,75.6,43,206.0
2024-09-11 17:58:00,Incheon,home,51.2,53,191.0
2024-09-11 11:14:00,Seoul,fashion,83.2,48,245.0
2024-09-11 09:40:00,Busan,food,13.5,41,205.0
2024-09-11 19:31:00,Daegu,food,12.9,58,427.0
2024-09-11 16:23:00,Daegu,food,24.1,43,496.0
2024-09-11 20:02:00,Gwangju,tech,59.4,45,83.0
2024-09-11 16:23:00,Busan,food,43.6,48,496.0
2024-09-11 13:47:00,Incheon,tech,14.4,70,471.0
2024-09-11 14:18:00,Daegu,fashion,25.4,48,492.0
2024-09-11 19:21:00,Daegu,home,15.5,63,111.0
2024-09-11 15:19:00,Gwangju,fashion,61.7,45,458.0
2024-09-11 15:26:00,Daegu,fashion,76.8,48,76.0
2024-09-11 21:49:00,Incheon,home,11.2,51,461.0
2024-09-11 16:20:00,Seoul,fashion,25.6,54,448.0
2024-09-11 16:14:00,Incheon,fashion,44.8,46,495.0
2024-09-11 10:07:00,Daegu,tech,30.2,40,481.0
2024-09-11 16:24:00,Busan,fashion,53.1,49,266.0
2024-09-11 10:32:00,Seoul,home,74.0,52,78.0
2024-09-11 09:29:00,Busan,food,30.1,49,147.0
2024-09-11 19:23:00,Gwangju,food,24.2,53,62.0
2024-09-11 10:32:00,Gwangju,tech,33.4,49,451.0
2024-09-11 17:29:00,Daegu,food,78.1,48,401.0
2024-09-11 17:37:00,Daegu,tech,37.6,41,357.0
2024-09-11 15:35:00,Incheon,home,22.5,60,198.0
2024-09-11 19:41:00,Busan,food,16.4,47,209.0
2024-09-11 15:57:00,Daegu,food,58.5,47,383.0
2024-09-11 10:48:00,Busan,fashion,46.2,45,469.0
2024-09-11 15:32:00,Incheon,fashion,72.5,64,60.0
2024-09-11 09:33:00,Daegu,home,14.9,57,104.0
2024-09-11 14:27:00,Busan,home,48.4,53,199.0
2024-09-11 11:04:00,Daegu,home,30.7,46,274.0
2024-09-11 14:38:00,Busan,fashion,10.5,45,370.0
2024-09-11 19:47:00,Daegu,food,76.6,37,106.0
2024-09-11 15:02:00,Gwangju,fashion,83.2,61,108.0
2024-09-11 13:14:00,Gwangju,home,31.3,35,408.0
2024-09-11 14:03:00,Daegu,home,15.2,46,126.0
2024-09-11 15:19:00,Gwangju,fashion,15.1,48,392.0
2024-09-11 20:49:00,Gwangju,fashion,32.8,39,292.0
2024-09-11 22:27:00,Busan,fashion,68.4,52,259.0
2024-09-11 20:22:00,Gwangju,fashion,57.0,51,361.0
2024-09-11 16:18:00,Busan,fashion,93.3,45,208.0
2024-09-11 10:53:00,Busan,home,62.2,54,189.0
2024-09-11 10:38:00,Daegu,home,64.0,55,379.0
2024-09-11 13:28:00,Incheon,food,88.4,55,372.0
2024-09-11 18:42:00,Seoul,home,23.4,59,324.0
2024-09-11 20:28:00,Incheon,fashion,56.2,55,335.0
2024-09-11 15:31:00,Seoul,tech,16.9,54,197.0
2024-09-11 15:21:00,Busan,tech,42.2,46,366.0
2024-09-11 18:26:00,Incheon,home,74.9,46,453.0
2024-09-11 17:16:00,Busan,food,78.9,51,95.0
2024-09-11 20:51:00,Incheon,fashion,56.6,44,470.0
2024-09-12 11:22:00,Daegu,food,72.6,44,489.0
2024-09-12 13:01:00,Incheon,fashion,70.8,47,282.0
2024-09-12 16:24:00,Daegu,fashion,58.5,42,81.0
2024-09-12 11:48:00,Daegu,tech,52.8,48,479.0
2024-09-12 18:29:00,Incheon,tech,45.3,49,176.0
2024-09-12 20:55:00,Gwangju,home,63.0,46,96.0
2024-09-12 08:56:00,Gwangju,food,31.9,46,189.0
2024-09-12 18:23:00,Gwangju,fashion,87.4,40,174.0
2024-09-12 22:51:00,Busan,food,27.4,44,466.0
2024-09-12 14:12:00,Busan,tech,63.0,46,430.0
2024-09-12 12:40:00,Busan,food,33.3,56,409.0
2024-09-12 13:22:00,Busan,food,98.7,47,217.0
2024-09-12 15:00:00,Busan,tech,86.6,44,435.0
2024-09-12 15:51:00,Incheon,fashion,28.7,45,138.0
2024-09-12 20:10:00,Incheon,home,63.4,51,334.0
2024-09-12 21:34:00,Seoul,tech,75.6,51,96.0
2024-09-12 18:26:00,Gwangju,fashion,45.3,46,432.0
2024-09-12 13:56:00,Daegu,fashion,22.1,51,124.0
2024-09-12 18:42:00,Gwangju,fashion,85.6,44,293.0
2024-09-12 14:59:00,Daegu,food,76.3,51,84.0
2024-09-12 17:05:00,Daegu,fashion,48.1,55,146.0
2024-09-12 14:10:00,Seoul,fashion,67.8,64,186.0
2024-09-12 09:33:00,Daegu,food,40.2,52,377.0
2024-09-12 15:56:00,Incheon,food,87.5,60,229.0
2024-09-12 16:47:00,Busan,tech,34.6,45,327.0
2024-09-12 19:42:00,Gwangju,home,97.6,40,234.0
2024-09-12 11:48:00,Gwangju,home,30.4,55,333.0
2024-09-12 13:40:00,Gwangju,home,18.3,46,481.0
2024-09-12 22:26:00,Daegu,tech,84.6,44,318.0
2024-09-12 14:30:00,Daegu,home,75.7,53,202.0
2024-09-12 12:36:00,Seoul,tech,20.0,50,253.0
2024-09-12 21:13:00,Incheon,home,39.7,45,207.0
2024-09-12 14:51:00,Incheon,tech,77.5,44,465.0
2024-09-12 16:03:00,Busan,home,72.1,39,318.0
2024-09-12 14:13:00,Gwangju,home,14.2,58,267.0
2024-09-12 20:52:00,Incheon,fashion,54.3,43,287.0
2024-09-12 17:07:00,Incheon,food,55.2,58,289.0
2024-09-12 13:51:00,Incheon,home,12.5,52,351.0
2024-09-12 12:58:00,Busan,tech,36.4,41,336.0
2024-09-12 14:21:00,Daegu,tech,12.5,40,460.0
2024-09-12 20:36:00,Daegu,fashion,13.9,49,405.0
2024-09-12 16:32:00,Busan,home,93.9,44,386.0
2024-09-12 18:06:00,Gwangju,tech,56.3,49,396.0
2024-09-12 19:53:00,Incheon,fashion,13.7,43,337.0
2024-09-12 20:54:00,Seoul,food,71.8,43,331.0
2024-09-12 20:09:00,Daegu,home,88.4,47,189.0
2024-09-13 09:42:00,Incheon,fashion,59.5,51,306.0
2024-09-13 15:59:00,Gwangju,tech,34.3,46,419.0
2024-09-13 20:53:00,Incheon,food,50.2,54,245.0
2024-09-13 15:43:00,Busan,home,10.9,49,220.0
2024-09-13 14:07:00,Gwangju,home,70.7,49,365.0
2024-09-13 10:21:00,Gwangju,home,60.9,38,371.0
2024-09-13 10:36:00,Busan,fashion,86.2,57,364.0
2024-09-13 13:53:00,Daegu,home,88.8,54,54.0
2024-09-13 14:17:00,Busan,fashion,69.7,64,347.0
2024-09-13 08:16:00,Seoul,food,54.9,60,170.0
2024-09-13 19:28:00,Seoul,tech,95.4,52,379.0
2024-09-13 09:02:00,Daegu,food,48.3,48,445.0
2024-09-13 16:39:00,Incheon,food,49.0,30,243.0
2024-09-13 17:28:00,Busan,tech,27.6,60,266.0
2024-09-13 15:12:00,Incheon,fashion,61.1,45,346.0
2024-09-13 18:51:00,Seoul,food,14.7,56,245.0
2024-09-13 12:33:00,Gwangju,tech,25.4,39,62.0
2024-09-13 10:29:00,Busan,home,21.4,53,59.0
2024-09-13 15:22:00,Incheon,tech,91.5,51,433.0
2024-09-13 19:50:00,Gwangju,fashion,42.7,58,151.0
2024-09-13 13:08:00,Seoul,tech,25.1,45,283.0
2024-09-13 15:35:00,Incheon,food,97.4,52,294.0
2024-09-13 19:23:00,Daegu,tech,75.9,47,61.0
2024-09-13 17:05:00,Incheon,fashion,52.1,55,401.0
2024-09-13 15:20:00,Seoul,food,68.8,51,432.0
2024-09-13 17:23:00,Daegu,fashion,80.1,56,306.0
2024-09-13 15:24:00,Gwangju,home,34.7,58,50.0
2024-09-13 21:54:00,Seoul,fashion,70.1,64,121.0
2024-09-13 16:37:00,Daegu,food,68.9,43,173.0
2024-09-13 19:01:00,Daegu,home,60.7,40,348.0
2024-09-13 12:49:00,Busan,food,90.6,53,181.0
2024-09-13 16:01:00,Gwangju,tech,24.9,56,498.0
2024-09-13 15:09:00,Gwangju,food,97.8,46,393.0
2024-09-13 17:42:00,Busan,fashion,81.8,38,375.0
2024-09-13 14:24:00,Busan,fashion,36.2,44,207.0
2024-09-13 21:37:00,Gwangju,fashion,26.2,47,401.0
2024-09-13 15:02:00,Seoul,tech,79.5,56,129.0
2024-09-13 20:09:00,Daegu,home,89.7,40,103.0
2024-09-13 11:25:00,Seoul,fashion,47.5,53,211.0
2024-09-13 18:18:00,Gwangju,food,69.8,56,158.0
2024-09-13 08:35:00,Daegu,food,72.8,37,419.0
2024-09-13 15:31:00,Gwangju,food,77.2,39,250.0
2024-09-13 13:03:00,Gwangju,food,65.7,53,319.0
2024-09-13 16:58:00,Gwangju,food,91.9,48,66.0
2024-09-13 10:28:00,Seoul,food,21.8,53,345.0
2024-09-13 15:03:00,Incheon,tech,39.8,52,227.0
2024-09-13 19:27:00,Daegu,fashion,52.4,60,429.0
2024-09-13 16:50:00,Seoul,food,20.0,57,419.0
2024-09-13 12:32:00,Incheon,fashion,55.7,41,132.0
2024-09-13 13:48:00,Daegu,tech,60.9,31,367.0
2024-09-13 18:07:00,Incheon,food,31.0,56,357.0
2024-09-14 19:34:00,Seoul,food,16.9,33,50.0
2024-09-14 18:59:00,Incheon,fashion,83.0,50,254.0
2024-09-14 13:40:00,Seoul,fashion,82.4,51,130.0
2024-09-14 17:50:00,Incheon,home,27.9,47,144.0
2024-09-14 17:29:00,Incheon,fashion,73.6,47,60.0
2024-09-14 14:13:00,Gwangju,home,97.3,51,384.0
2024-09-14 17:47:00,Incheon,home,69.5,55,198.0
2024-09-14 16:24:00,Daegu,home,19.1,59,460.0
2024-09-14 14:11:00,Daegu,food,78.1,36,119.0
2024-09-14 21:36:00,Incheon,food,53.8,52,223.0
2024-09-14 18:24:00,Busan,tech,63.8,54,484.0
2024-09-14 19:00:00,Seoul,tech,18.5,59,225.0
2024-09-14 17:38:00,Seoul,home,29.5,51,120.0
2024-09-14 13:08:00,Gwangju,tech,70.4,55,67.0
2024-09-14 15:53:00,Incheon,home,35.2,47,447.0
2024-09-14 19:00:00,Gwangju,home,26.7,48,233.0
2024-09-14 15:20:00,Daegu,tech,49.4,41,477.0
2024-09-14 18:02:00,Busan,tech,77.0,58,299.0
2024-09-14 17:10:00,Daegu,home,49.3,60,278.0
2024-09-14 10:28:00,Gwangju,fashion,22.6,51,373.0
2024-09-14 18:27:00,Daegu,fashion,77.5,40,250.0
2024-09-14 14:31:00,Seoul,food,15.2,51,154.0
2024-09-14 11:49:00,Daegu,fashion,59.9,63,437.0
2024-09-14 20:48:00,Incheon,home,46.8,54,230.0
2024-09-14 16:05:00,Incheon,fashion,74.5,45,180.0
2024-09-14 17:13:00,Seoul,food,19.2,44,336.0
2024-09-14 13:45:00,Incheon,tech,63.3,50,364.0
2024-09-14 17:53:00,Daegu,food,55.9,37,62.0
2024-09-14 12:31:00,Seoul,fashion,45.6,57,447.0
2024-09-14 22:57:00,Gwangju,home,43.4,54,407.0
2024-09-14 18:04:00,Incheon,home,49.8,51,276.0
2024-09-14 13:39:00,Incheon,food,64.1,50,88.0
2024-09-14 18:06:00,Gwangju,tech,62.1,37,175.0
2024-09-14 20:08:00,Gwangju,tech,36.9,48,141.0
2024-09-14 16:53:00,Daegu,tech,21.6,49,233.0
2024-09-14 10:41:00,Daegu,tech,11.0,52,100.0
2024-09-14 16:43:00,Gwangju,tech,12.0,49,122.0
2024-09-14 19:47:00,Seoul,food,74.6,41,400.0
2024-09-14 19:51:00,Daegu,tech,16.7,36,62.0
2024-09-14 11:31:00,Incheon,tech,70.7,60,435.0
2024-09-14 18:57:00,Incheon,tech,13.0,54,231.0
2024-09-14 15:32:00,Gwangju,home,80.2,38,122.0
2024-09-14 20:08:00,Busan,fashion,52.8,45,97.0
2024-09-14 15:22:00,Daegu,tech,22.0,40,353.0
2024-09-14 20:22:00,Seoul,food,60.0,49,194.0
2024-09-14 17:10:00,Seoul,home,79.9,48,281.0
2024-09-14 09:15:00,Busan,food,17.2,46,79.0
2024-09-14 16:43:00,Incheon,home,73.0,59,99.0
2024-09-14 17:46:00,Busan,tech,75.7,48,345.0
2024-09-14 17:01:00,Incheon,home,72.5,41,103.0
2024-09-14 20:42:00,Busan,home,39.6,39,158.0
2024-09-14 21:13:00,Incheon,home,95.1,44,376.0
2024-09-14 09:12:00,Seoul,home,53.8,62,375.0
2024-09-15 13:58:00,Daegu,fashion,42.2,48,478.0
2024-09-15 15:47:00,Gwangju,food,11.1,36,223.0
2024-09-15 12:50:00,Busan,tech,21.9,57,343.0
2024-09-15 18:36:00,Gwangju,tech,35.4,52,232.0
2024-09-15 09:54:00,Seoul,food,20.9,48,102.0
2024-09-15 21:23:00,Daegu,tech,67.9,48,480.0
2024-09-15 10:19:00,Daegu,home,88.5,46,58.0
2024-09-15 21:52:00,Incheon,food,91.7,50,129.0
2024-09-15 16:11:00,Seoul,food,44.1,58,480.0
2024-09-15 16:44:00,Seoul,fashion,73.6,58,342.0
2024-09-15 13:59:00,Gwangju,food,58.7,46,299.0
2024-09-15 10:47:00,Busan,tech,85.6,47,407.0
2024-09-15 17:03:00,Seoul,tech,15.3,46,398.0
2024-09-15 17:15:00,Busan,tech,78.3,46,382.0
2024-09-15 14:52:00,Seoul,food,27.7,40,422.0
2024-09-15 17:16:00,Seoul,tech,28.2,43,268.0
2024-09-15 19:25:00,Busan,home,69.2,43,347.0
2024-09-15 17:10:00,Gwangju,home,86.7,62,489.0
2024-09-15 09:56:00,Gwangju,home,83.3,44,237.0
2024-09-15 10:59:00,Gwangju,food,36.5,44,111.0
2024-09-15 16:21:00,Gwangju,fashion,21.5,57,207.0
2024-09-15 22:22:00,Incheon,home,22.8,60,56.0
2024-09-15 15:36:00,Busan,food,43.7,41,319.0
2024-09-15 18:58:00,Gwangju,home,14.4,49,452.0
2024-09-15 11:52:00,Seoul,fashion,90.0,43,110.0
2024-09-15 21:17:00,Incheon,tech,54.0,49,125.0
2024-09-15 10:59:00,Daegu,fashion,15.7,54,374.0
2024-09-15 17:30:00,Daegu,fashion,74.8,50,64.0
2024-09-15 14:36:00,Busan,home,62.2,52,300.0
2024-09-15 15:54:00,Busan,tech,75.7,50,361.0
2024-09-15 09:54:00,Incheon,fashion,10.4,58,231.0
2024-09-15 21:20:00,Incheon,food,12.0,52,448.0
2024-09-15 16:50:00,Seoul,home,11.7,60,138.0
2024-09-15 21:40:00,Incheon,food,98.1,54,286.0
2024-09-15 18:14:00,Seoul,tech,58.8,48,410.0
2024-09-15 12:50:00,Incheon,tech,50.0,50,266.0
2024-09-15 18:34:00,Daegu,tech,18.6,57,282.0
2024-09-15 20:12:00,Incheon,fashion,29.2,43,66.0
2024-09-15 14:38:00,Busan,food,49.4,57,373.0
2024-09-15 12:47:00,Gwangju,fashion,81.6,50,312.0
2024-09-15 20:19:00,Busan,fashion,76.0,34,424.0
2024-09-15 19:49:00,Busan,fashion,29.8,42,290.0
2024-09-15 08:25:00,Daegu,fashion,24.1,37,166.0
2024-09-15 16:17:00,Daegu,tech,15.4,47,471.0
2024-09-15 16:24:00,Busan,home,49.1,52,139.0
2024-09-15 10:31:00,Seoul,food,28.1,54,372.0
2024-09-16 10:42:00,Busan,home,67.2,47,180.0
2024-09-16 14:49:00,Gwangju,food,71.4,61,63.0
2024-09-16 09:14:00,Gwangju,home,83.7,52,190.0
2024-09-16 11:00:00,Seoul,tech,27.2,52,117.0
2024-09-16 18:33:00,Gwangju,food,53.7,43,296.0
2024-09-16 09:54:00,Seoul,tech,95.9,57,427.0
2024-09-16 15:41:00,Daegu,home,20.4,51,232.0
2024-09-16 14:57:00,Seoul,fashion,35.2,32,209.0
2024-09-16 12:34:00,Busan,tech,35.3,44,466.0
2024-09-16 18:21:00,Busan,food,21.6,61,446.0
2024-09-16 19:57:00,Busan,food,76.4,47,273.0
2024-09-16 13:46:00,Incheon,fashion,93.6,43,199.0
2024-09-16 09:29:00,Seoul,tech,50.4,48,485.0
2024-09-16 17:01:00,Seoul,home,42.5,46,79.0
2024-09-16 17:38:00,Seoul,tech,31.0,54,467.0
2024-09-16 16:28:00,Busan,fashion,18.3,53,415.0
2024-09-16 20:32:00,Gwangju,food,44.6,56,260.0
2024-09-16 10:01:00,Incheon,food,72.2,57,339.0
2024-09-16 19:41:00,Busan,fashion,21.9,45,224.0
2024-09-16 16:01:00,Daegu,tech,25.2,45,263.0
2024-09-16 18:20:00,Seoul,food,47.5,55,75.0
2024-09-16 17:37:00,Busan,food,65.4,42,332.0
2024-09-16 19:00:00,Seoul,home,91.0,56,320.0
2024-09-16 17:02:00,Daegu,fashion,40.7,54,410.0
2024-09-16 20:05:00,Busan,home,17.9,70,361.0
2024-09-16 11:57:00,Busan,fashion,67.7,49,398.0
2024-09-16 21:30:00,Daegu,fashion,53.8,48,161.0
2024-09-16 13:36:00,Incheon,tech,65.3,49,197.0
2024-09-16 15:16:00,Gwangju,tech,27.4,53,400.0
2024-09-16 10:30:00,Gwangju,food,100.0,50,300.0
2024-09-16 13:51:00,Daegu,food,80.8,45,81.0
2024-09-16 14:28:00,Gwangju,home,68.1,57,177.0
2024-09-16 18:07:00,Busan,home,99.4,47,382.0
2024-09-16 22:07:00,Incheon,fashion,19.6,46,495.0
2024-09-16 19:19:00,Busan,tech,66.1,57,306.0
2024-09-16 17:37:00,Incheon,food,62.3,57,383.0
2024-09-16 18:14:00,Seoul,food,90.0,51,316.0
2024-09-16 16:51:00,Gwangju,home,37.4,37,165.0
2024-09-16 12:37:00,Incheon,tech,45.5,55,274.0
2024-09-16 09:28:00,Busan,tech,54.0,46,456.0
2024-09-16 17:26:00,Busan,home,48.3,49,313.0
2024-09-16 15:43:00,Gwangju,tech,57.6,56,465.0
2024-09-16 13:02:00,Busan,tech,95.1,53,233.0
2024-09-16 21:16:00,Busan,food,59.0,51,256.0
2024-09-16 19:23:00,Busan,fashion,87.4,55,461.0
2024-09-16 17:31:00,Incheon,fashion,13.1,40,168.0
2024-09-16 17:25:00,Gwangju,food,46.3,65,132.0
2024-09-16 15:44:00,Gwangju,fashion,89.4,45,386.0
2024-09-16 20:51:00,Incheon,fashion,57.2,45,60.0
2024-09-16 17:43:00,Daegu,tech,92.1,50,364.0
2024-09-16 15:29:00,Busan,fashion,53.3,65,370.0
2024-09-16 15:09:00,Seoul,fashion,50.1,51,455.0
2024-09-16 15:39:00,Busan,food,32.2,52,199.0
2024-09-17 11:59:00,Incheon,fashion,21.0,51,420.0
2024-09-17 09:37:00,Incheon,tech,39.4,43,458.0
2024-09-17 16:03:00,Gwangju,fashion,78.4,50,197.0
2024-09-17 10:09:00,Busan,home,61.4,51,432.0
2024-09-17 20:59:00,Seoul,home,90.6,58,80.0
2024-09-17 13:09:00,Gwangju,fashion,50.2,54,60.0
2024-09-17 20:30:00,Busan,fashion,99.3,50,329.0
2024-09-17 08:50:00,Daegu,food,46.5,44,431.0
2024-09-17 14:50:00,Busan,home,89.2,51,428.0
2024-09-17 10:35:00,Busan,home,74.2,45,244.0
2024-09-17 08:15:00,Gwangju,fashion,42.5,42,448.0
2024-09-17 10:40:00,Gwangju,home,26.4,52,97.0
2024-09-17 10:19:00,Seoul,tech,48.4,43,108.0
2024-09-17 20:07:00,Busan,home,33.1,66,379.0
2024-09-17 11:50:00,Daegu,tech,21.9,39,157.0
2024-09-17 12:45:00,Daegu,fashion,10.9,42,124.0
2024-09-17 20:26:00,Busan,food,11.3,46,482.0
2024-09-17 14:08:00,Incheon,home,31.0,43,235.0
2024-09-17 20:17:00,Busan,food,28.4,48,325.0
2024-09-17 16:01:00,Seoul,food,53.0,50,293.0
2024-09-17 16:00:00,Incheon,home,95.1,50,446.0
2024-09-17 20:20:00,Seoul,tech,34.3,49,370.0
2024-09-17 17:57:00,Busan,tech,37.9,43,113.0
2024-09-17 15:24:00,Busan,food,87.4,46,262.0
2024-09-17 08:03:00,Incheon,tech,24.3,45,293.0
2024-09-17 15:05:00,Incheon,tech,18.5,74,398.0
2024-09-17 15:02:00,Incheon,fashion,11.1,51,148.0
2024-09-17 21:45:00,Seoul,tech,58.2,42,495.0
2024-09-17 15:37:00,Daegu,tech,99.7,61,310.0
2024-09-17 11:22:00,Gwangju,food,38.4,50,275.0
2024-09-17 19:08:00,Gwangju,home,72.7,58,159.0
2024-09-17 17:22:00,Incheon,tech,66.2,46,220.0
2024-09-17 14:12:00,Busan,food,29.5,47,91.0
2024-09-17 21:13:00,Daegu,fashion,30.6,60,333.0
2024-09-17 21:43:00,Incheon,tech,32.8,47,202.0
2024-09-17 17:32:00,Gwangju,home,46.3,55,444.0
2024-09-17 14:29:00,Busan,fashion,11.6,52,220.0
2024-09-17 18:35:00,Gwangju,home,75.8,56,259.0
2024-09-17 17:20:00,Daegu,tech,19.3,47,426.0
2024-09-17 20:45:00,Busan,food,21.4,52,363.0
2024-09-17 14:24:00,Seoul,food,82.0,45,250.0
2024-09-17 18:47:00,Seoul,home,91.5,65,290.0
2024-09-17 13:26:00,Seoul,tech,31.7,45,58.0
2024-09-17 17:11:00,Gwangju,tech,10.5,52,265.0
2024-09-17 10:36:00,Incheon,fashion,54.2,42,474.0
2024-09-17 09:31:00,Daegu,fashion,93.9,49,324.0
2024-09-17 13:53:00,Gwangju,tech,18.9,46,494.0
2024-09-17 16:30:00,Incheon,fashion,17.8,41,247.0
2024-09-17 16:12:00,Incheon,home,38.3,62,156.0
2024-09-17 19:02:00,Incheon,tech,97.6,54,255.0
2024-09-17 14:40:00,Gwangju,fashion,36.5,50,411.0
2024-09-17 12:54:00,Seoul,home,62.8,48,124.0
2024-09-18 20:09:00,Daegu,home,73.9,45,120.0
2024-09-18 14:44:00,Busan,food,70.3,47,465.0
2024-09-18 16:56:00,Incheon,home,24.3,52,256.0
2024-09-18 20:57:00,Daegu,food,93.1,56,261.0
2024-09-18 15:01:00,Gwangju,tech,49.6,43,129.0
2024-09-18 10:00:00,Seoul,tech,78.5,49,259.0
2024-09-18 17:53:00,Incheon,food,85.0,41,173.0
2024-09-18 20:57:00,Incheon,home,26.3,49,254.0
2024-09-18 20:03:00,Incheon,food,15.6,47,361.0
2024-09-18 22:29:00,Gwangju,tech,70.9,56,77.0
2024-09-18 15:52:00,Incheon,fashion,28.2,42,409.0
2024-09-18 16:05:00,Gwangju,food,58.0,46,231.0
2024-09-18 15:18:00,Incheon,home,99.6,62,497.0
2024-09-18 20:14:00,Seoul,food,24.1,34,414.0
2024-09-18 16:35:00,Incheon,fashion,60.6,54,268.0
2024-09-18 15:21:00,Incheon,tech,18.3,53,74.0
2024-09-18 21:40:00,Gwangju,tech,59.6,42,308.0
2024-09-18 15:45:00,Daegu,home,74.1,36,351.0
2024-09-18 15:26:00,Gwangju,home,59.2,48,103.0
2024-09-18 15:48:00,Busan,food,53.6,42,173.0
2024-09-18 19:03:00,Daegu,home,67.3,44,500.0
2024-09-18 17:21:00,Gwangju,tech,46.3,50,114.0
2024-09-18 17:30:00,Incheon,fashion,17.0,54,413.0
2024-09-18 17:02:00,Incheon,food,41.1,44,308.0
2024-09-18 09:31:00,Incheon,home,81.3,53,62.0
2024-09-18 11:57:00,Incheon,tech,47.6,57,266.0
2024-09-18 19:18:00,Incheon,fashion,16.9,69,392.0
2024-09-18 18:50:00,Seoul,tech,44.4,40,427.0
2024-09-18 18:44:00,Seoul,home,66.9,58,185.0
2024-09-18 12:23:00,Daegu,tech,66.7,35,167.0
2024-09-18 15:08:00,Daegu,home,20.5,43,484.0
2024-09-18 16:18:00,Seoul,home,53.4,42,417.0
2024-09-18 12:30:00,Busan,tech,17.5,44,186.0
2024-09-18 22:39:00,Gwangju,tech,13.3,67,292.0
2024-09-18 15:13:00,Seoul,home,69.6,42,406.0
2024-09-18 15:56:00,Seoul,home,53.3,51,77.0
2024-09-18 16:33:00,Incheon,fashion,28.7,51,459.0
2024-09-18 16:38:00,Gwangju,tech,79.9,44,210.0
2024-09-18 17:33:00,Busan,food,71.5,64,86.0
2024-09-18 18:26:00,Seoul,fashion,74.5,47,391.0
2024-09-18 18:18:00,Daegu,home,29.2,47,351.0
2024-09-18 19:21:00,Daegu,fashion,67.9,51,123.0
2024-09-18 15:17:00,Busan,tech,77.4,35,311.0
2024-09-18 18:34:00,Gwangju,fashion,46.5,43,160.0
2024-09-18 16:15:00,Gwangju,food,81.6,44,406.0
2024-09-19 14:50:00,Daegu,tech,14.2,62,176.0
2024-09-19 11:48:00,Seoul,fashion,75.2,57,217.0
2024-09-19 15:47:00,Gwangju,food,55.1,47,301.0
2024-09-19 20:29:00,Incheon,home,67.0,48,476.0
2024-09-19 14:12:00,Gwangju,home,21.6,40,316.0
2024-09-19 15:44:00,Seoul,food,33.5,51,240.0
2024-09-19 16:38:00,Seoul,tech,74.6,41,421.0
2024-09-19 19:12:00,Incheon,food,67.6,46,222.0
2024-09-19 20:20:00,Incheon,home,35.2,54,105.0
2024-09-19 11:28:00,Gwangju,home,60.7,56,442.0
2024-09-19 19:07:00,Busan,tech,56.8,53,422.0
2024-09-19 17:05:00,Incheon,home,63.8,46,477.0
2024-09-19 16:11:00,Seoul,food,45.8,45,343.0
2024-09-19 15:09:00,Incheon,fashion,97.9,35,288.0
2024-09-19 13:00:00,Seoul,fashion,45.6,52,108.0
2024-09-19 18:30:00,Incheon,home,63.0,54,249.0
2024-09-19 19:22:00,Seoul,home,44.0,37,116.0
2024-09-19 14:06:00,Daegu,fashion,38.9,51,61.0
2024-09-19 17:22:00,Incheon,food,72.5,48,282.0
2024-09-19 17:46:00,Busan,home,19.9,65,405.0
2024-09-19 14:23:00,Gwangju,home,51.5,45,78.0
2024-09-19 17:49:00,Gwangju,tech,85.5,43,307.0
2024-09-19 15:34:00,Incheon,food,94.0,35,239.0
2024-09-19 17:17:00,Busan,food,23.2,40,344.0
2024-09-19 14:57:00,Seoul,fashion,53.2,51,188.0
2024-09-19 11:07:00,Daegu,food,70.4,44,374.0
2024-09-19 19:16:00,Incheon,fashion,49.9,59,88.0
2024-09-19 18:06:00,Gwangju,fashion,60.5,46,117.0
2024-09-19 18:47:00,Daegu,tech,22.1,50,133.0
2024-09-19 20:11:00,Busan,food,52.1,37,54.0
2024-09-19 18:47:00,Daegu,home,47.1,39,366.0
2024-09-19 17:54:00,Gwangju,tech,97.7,53,487.0
2024-09-19 08:16:00,Seoul,home,25.8,47,356.0
2024-09-19 20:42:00,Daegu,food,96.9,44,242.0
2024-09-19 20:03:00,Seoul,home,32.0,55,174.0
2024-09-19 20:55:00,Busan,food,76.6,46,416.0
2024-09-19 15:36:00,Daegu,food,27.9,48,401.0
2024-09-19 17:57:00,Seoul,home,67.2,57,72.0
2024-09-19 18:49:00,Busan,home,81.9,43,64.0
2024-09-19 14:56:00,Gwangju,tech,23.5,49,227.0
2024-09-19 16:48:00,Busan,food,76.0,49,145.0
2024-09-19 19:37:00,Daegu,tech,65.2,47,250.0
2024-09-19 18:00:00,Daegu,food,56.8,38,185.0
2024-09-19 13:22:00,Incheon,home,24.3,46,431.0
2024-09-19 21:25:00,Seoul,tech,97.3,60,191.0
2024-09-19 16:42:00,Daegu,home,80.5,51,280.0
2024-09-20 15:10:00,Daegu,fashion,66.2,43,182.0
2024-09-20 09:09:00,Busan,home,21.2,54,59.0
2024-09-20 13:55:00,Busan,tech,94.5,45,146.0
2024-09-20 10:33:00,Seoul,fashion,52.1,40,238.0
2024-09-20 13:48:00,Gwangju,home,37.5,56,495.0
2024-09-20 13:34:00,Seoul,home,23.8,63,339.0
2024-09-20 20:10:00,Daegu,fashion,57.4,38,476.0
2024-09-20 20:11:00,Incheon,fashion,43.4,51,392.0
2024-09-20 17:58:00,Incheon,fashion,58.6,49,151.0
2024-09-20 09:00:00,Incheon,fashion,42.3,57,258.0
2024-09-20 11:59:00,Busan,tech,52.4,54,115.0
2024-09-20 17:29:00,Gwangju,home,34.9,47,96.0
2024-09-20 21:14:00,Daegu,home,71.5,57,209.0
2024-09-20 11:59:00,Daegu,tech,28.9,49,254.0
2024-09-20 18:03:00,Daegu,tech,99.5,48,188.0
2024-09-20 17:34:00,Seoul,tech,36.7,54,350.0
2024-09-20 19:08:00,Busan,food,20.1,57,249.0
2024-09-20 16:09:00,Gwangju,tech,24.3,50,266.0
2024-09-20 13:40:00,Daegu,home,34.5,47,103.0
2024-09-20 18:45:00,Seoul,home,43.6,61,68.0
2024-09-20 21:18:00,Seoul,fashion,74.4,44,441.0
2024-09-20 11:49:00,Seoul,tech,94.4,45,378.0
2024-09-20 16:28:00,Gwangju,home,54.5,48,306.0
2024-09-20 11:51:00,Gwangju,tech,70.7,53,170.0
2024-09-20 13:32:00,Daegu,tech,17.9,49,472.0
2024-09-20 08:06:00,Incheon,fashion,27.0,54,172.0
2024-09-20 12:17:00,Gwangju,home,21.0,47,213.0
2024-09-20 16:55:00,Daegu,home,87.7,50,379.0
2024-09-20 17:55:00,Gwangju,fashion,55.7,53,101.0
2024-09-20 22:58:00,Incheon,tech,70.1,49,151.0
2024-09-20 16:34:00,Incheon,tech,27.2,47,382.0
2024-09-20 14:01:00,Incheon,food,33.9,58,386.0
2024-09-20 13:46:00,Daegu,tech,34.4,57,276.0
2024-09-20 17:41:00,Gwangju,tech,10.7,58,475.0
2024-09-20 16:44:00,Seoul,food,96.4,40,70.0
2024-09-20 15:31:00,Gwangju,food,15.4,52,272.0
2024-09-20 12:07:00,Incheon,fashion,30.6,53,437.0
2024-09-20 17:12:00,Incheon,food,94.8,51,201.0
2024-09-20 18:59:00,Seoul,fashion,37.9,46,95.0
2024-09-20 15:56:00,Gwangju,food,47.0,50,279.0
2024-09-20 21:28:00,Incheon,tech,91.5,42,299.0
2024-09-20 16:04:00,Daegu,home,76.9,51,179.0
2024-09-20 19:22:00,Incheon,fashion,39.3,57,361.0
2024-09-20 16:31:00,Incheon,fashion,22.8,48,361.0
2024-09-20 18:12:00,Daegu,fashion,10.6,51,331.0
2024-09-20 13:01:00,Busan,fashion,49.6,48,396.0
2024-09-20 14:23:00,Incheon,tech,52.5,38,412.0
2024-09-20 14:47:00,Gwangju,home,25.0,60,213.0
2024-09-20 17:13:00,Busan,tech,25.2,32,118.0
2024-09-20 17:33:00,Incheon,fashion,56.2,54,342.0
2024-09-20 15:51:00,Daegu,fashion,85.5,55,374.0
2024-09-20 13:55:00,Incheon,fashion,94.8,39,118.0
2024-09-21 16:53:00,Gwangju,food,62.2,46,238.0
2024-09-21 14:05:00,Daegu,tech,75.7,55,369.0
2024-09-21 15:50:00,Seoul,fashion,52.7,53,57.0
2024-09-21 20:45:00,Seoul,tech,77.8,50,434.0
2024-09-21 17:53:00,Gwangju,home,87.0,55,260.0
2024-09-21 22:53:00,Daegu,food,83.2,53,187.0
2024-09-21 17:05:00,Daegu,home,53.8,53,163.0
2024-09-21 19:14:00,Gwangju,tech,35.9,47,295.0
2024-09-21 12:38:00,Busan,tech,21.3,57,371.0
2024-09-21 19:39:00,Gwangju,home,36.9,51,473.0
2024-09-21 16:13:00,Seoul,fashion,42.8,40,223.0
2024-09-21 22:40:00,Gwangju,home,69.6,67,79.0
2024-09-21 16:03:00,Daegu,fashion,98.1,47,400.0
2024-09-21 15:52:00,Incheon,food,44.8,70,418.0
2024-09-21 14:21:00,Daegu,home,10.7,53,193.0
2024-09-21 16:56:00,Busan,fashion,42.0,59,325.0
2024-09-21 17:57:00,Busan,tech,55.9,53,206.0
2024-09-21 14:35:00,Busan,fashion,70.7,47,442.0
2024-09-21 20:36:00,Gwangju,home,61.8,47,410.0
2024-09-21 14:55:00,Daegu,tech,81.0,58,338.0
2024-09-21 19:04:00,Daegu,fashion,23.9,45,133.0
2024-09-21 20:41:00,Daegu,food,32.4,46,166.0
2024-09-21 16:49:00,Seoul,home,61.1,61,457.0
2024-09-21 11:41:00,Gwangju,home,67.6,40,420.0
2024-09-21 19:08:00,Seoul,tech,56.9,47,465.0
2024-09-21 13:49:00,Gwangju,fashion,44.6,51,118.0
2024-09-21 17:58:00,Busan,tech,83.1,46,169.0
2024-09-21 17:16:00,Busan,tech,69.9,46,275.0
2024-09-21 15:01:00,Seoul,home,65.8,48,231.0
2024-09-21 19:49:00,Daegu,tech,39.5,61,173.0
2024-09-21 16:19:00,Seoul,food,63.7,37,321.0
2024-09-21 16:04:00,Incheon,fashion,74.3,51,156.0
2024-09-21 19:59:00,Incheon,tech,14.3,47,110.0
2024-09-21 17:41:00,Incheon,home,52.1,53,353.0
2024-09-21 19:13:00,Daegu,tech,86.8,61,128.0
2024-09-21 19:07:00,Daegu,food,12.1,62,399.0
2024-09-21 15:54:00,Gwangju,home,65.0,57,66.0
2024-09-21 09:30:00,Seoul,fashion,96.2,49,263.0
2024-09-21 15:35:00,Gwangju,tech,69.0,43,316.0
2024-09-21 16:59:00,Incheon,fashion,57.8,44,485.0
2024-09-21 11:52:00,Busan,food,38.9,52,379.0
2024-09-21 15:31:00,Incheon,food,61.5,45,411.0
2024-09-21 16:39:00,Seoul,home,76.8,50,168.0
2024-09-21 14:26:00,Daegu,food,89.1,55,192.0
2024-09-21 11:44:00,Busan,tech,77.4,47,133.0
2024-09-21 15:43:00,Daegu,fashion,84.6,46,159.0
2024-09-21 15:00:00,Incheon,home,35.0,54,192.0
2024-09-21 21:19:00,Incheon,home,93.5,61,133.0
2024-09-21 14:05:00,Incheon,fashion,28.0,61,229.0
2024-09-21 18:38:00,Incheon,home,24.8,55,491.0
2024-09-21 12:58:00,Daegu,home,39.3,37,224.0
2024-09-21 14:00:00,Gwangju,tech,11.6,49,412.0
2024-09-21 11:08:00,Seoul,fashion,19.4,54,250.0
2024-09-21 17:04:00,Seoul,home,46.1,48,358.0
2024-09-21 19:58:00,Busan,tech,89.8,44,317.0
2024-09-21 17:05:00,Daegu,fashion,35.3,52,310.0
2024-09-21 17:39:00,Daegu,home,97.0,38,91.0
2024-09-21 12:37:00,Incheon,tech,35.4,42,311.0
2024-09-21 17:36:00,Seoul,fashion,51.3,55,98.0
2024-09-21 12:45:00,Daegu,tech,31.5,53,322.0
2024-09-21 18:46:00,Busan,food,12.6,50,256.0
2024-09-21 15:50:00,Gwangju,home,89.7,43,426.0
2024-09-21 16:10:00,Seoul,home,25.7,53,500.0
2024-09-21 14:42:00,Daegu,tech,41.9,54,280.0
2024-09-21 16:28:00,Daegu,home,69.7,46,163.0
2024-09-21 21:37:00,Incheon,home,85.8,47,105.0
2024-09-22 17:58:00,Seoul,fashion,84.1,53,280.0
2024-09-22 22:03:00,Seoul,tech,33.5,49,121.0
2024-09-22 11:30:00,Incheon,home,43.8,51,444.0
2024-09-22 21:26:00,Seoul,tech,70.0,42,201.0
2024-09-22 10:58:00,Incheon,tech,65.4,55,110.0
2024-09-22 12:53:00,Busan,fashion,94.5,54,75.0
2024-09-22 17:31:00,Seoul,food,71.0,56,146.0
2024-09-22 18:16:00,Daegu,tech,64.3,43,112.0
2024-09-22 09:17:00,Seoul,tech,97.4,41,65.0
2024-09-22 15:09:00,Seoul,tech,79.1,50,236.0
2024-09-22 19:12:00,Gwangju,home,92.3,57,311.0
2024-09-22 19:54:00,Gwangju,home,15.5,57,112.0
2024-09-22 14:47:00,Daegu,fashion,22.8,47,260.0
2024-09-22 14:46:00,Incheon,food,68.7,46,59.0
2024-09-22 17:15:00,Gwangju,tech,55.4,40,318.0
2024-09-22 20:33:00,Daegu,home,98.9,59,372.0
2024-09-22 21:33:00,Gwangju,tech,94.8,51,120.0
2024-09-22 11:34:00,Gwangju,home,77.9,44,229.0
2024-09-22 16:45:00,Daegu,tech,27.0,54,300.0
2024-09-22 12:16:00,Daegu,fashion,47.7,51,430.0
2024-09-22 20:55:00,Daegu,tech,83.5,56,420.0
2024-09-22 12:20:00,Gwangju,home,94.5,46,173.0
2024-09-22 20:47:00,Gwangju,fashion,42.4,43,235.0
2024-09-22 10:33:00,Busan,food,80.9,58,472.0
2024-09-22 16:15:00,Incheon,home,27.4,57,274.0
2024-09-22 13:48:00,Busan,home,84.4,68,155.0
2024-09-22 12:46:00,Busan,tech,51.1,42,186.0
2024-09-22 17:12:00,Daegu,food,44.0,47,353.0
2024-09-22 16:46:00,Incheon,home,13.6,43,131.0
2024-09-22 10:06:00,Seoul,food,42.0,56,213.0
2024-09-22 12:18:00,Seoul,food,68.2,57,373.0
2024-09-22 20:55:00,Busan,home,65.9,59,346.0
2024-09-22 19:35:00,Gwangju,fashion,66.7,49,235.0
2024-09-22 13:00:00,Seoul,food,84.0,52,147.0
2024-09-22 14:10:00,Incheon,fashion,39.1,58,441.0
2024-09-22 10:48:00,Busan,home,21.5,50,86.0
2024-09-22 13:52:00,Incheon,tech,54.1,50,487.0
2024-09-22 22:02:00,Daegu,food,36.0,41,270.0
2024-09-22 11:05:00,Busan,fashion,68.3,62,469.0
2024-09-22 19:49:00,Seoul,tech,49.0,45,155.0
2024-09-22 14:45:00,Daegu,tech,31.6,48,457.0
2024-09-22 15:26:00,Seoul,tech,58.5,49,198.0
2024-09-22 18:33:00,Seoul,fashion,71.2,42,126.0
2024-09-22 12:03:00,Seoul,home,43.8,55,289.0
2024-09-22 20:47:00,Daegu,food,50.9,58,149.0
2024-09-22 14:20:00,Incheon,fashion,36.3,42,284.0
2024-09-22 15:41:00,Incheon,tech,16.3,52,287.0
2024-09-22 13:45:00,Seoul,tech,93.4,53,170.0
2024-09-22 20:42:00,Busan,tech,81.1,46,482.0
2024-09-22 15:56:00,Seoul,home,66.6,57,150.0
2024-09-22 10:53:00,Daegu,tech,36.3,47,288.0
2024-09-22 17:44:00,Seoul,tech,58.0,52,453.0
2024-09-22 16:11:00,Gwangju,tech,12.9,35,201.0
2024-09-22 20:44:00,Seoul,tech,79.3,57,239.0
2024-09-23 16:51:00,Gwangju,home,44.0,42,164.0
2024-09-23 21:44:00,Seoul,fashion,18.4,45,452.0
2024-09-23 19:34:00,Busan,fashion,68.1,62,445.0
2024-09-23 19:25:00,Seoul,fashion,63.1,63,53.0
2024-09-23 11:50:00,Daegu,food,29.2,44,309.0
2024-09-23 14:52:00,Seoul,home,12.8,58,103.0
2024-09-23 16:04:00,Seoul,fashion,89.9,44,327.0
2024-09-23 19:17:00,Gwangju,tech,85.3,50,354.0
2024-09-23 16:20:00,Seoul,fashion,12.6,61,148.0
2024-09-23 18:41:00,Gwangju,food,65.9,49,271.0
2024-09-23 21:15:00,Incheon,home,70.4,48,319.0
2024-09-23 17:26:00,Busan,tech,98.3,49,207.0
2024-09-23 16:41:00,Daegu,food,96.2,47,401.0
2024-09-23 18:17:00,Seoul,fashion,26.9,50,310.0
2024-09-23 15:19:00,Seoul,tech,72.6,55,172.0
2024-09-23 11:08:00,Daegu,fashion,16.5,58,263.0
2024-09-23 16:39:00,Busan,tech,94.2,64,155.0
2024-09-23 15:19:00,Gwangju,home,92.9,56,178.0
2024-09-23 14:34:00,Gwangju,fashion,16.9,46,327.0
2024-09-23 14:58:00,Incheon,tech,14.6,50,294.0
2024-09-23 21:36:00,Incheon,home,67.6,40,451.0
2024-09-23 14:44:00,Busan,tech,43.9,52,397.0
2024-09-23 16:42:00,Gwangju,tech,14.4,51,465.0
2024-09-23 18:47:00,Busan,fashion,89.0,46,220.0
2024-09-23 13:04:00,Daegu,tech,35.7,69,413.0
2024-09-23 15:05:00,Busan,tech,54.7,55,121.0
2024-09-23 15:30:00,Busan,home,49.9,57,245.0
2024-09-23 21:49:00,Daegu,tech,77.5,41,90.0
2024-09-23 13:17:00,Busan,home,90.3,42,209.0
2024-09-23 15:47:00,Busan,food,59.8,52,452.0
2024-09-23 15:43:00,Daegu,home,75.0,59,296.0
2024-09-23 22:35:00,Incheon,food,62.3,58,73.0
2024-09-23 16:46:00,Seoul,tech,13.8,49,469.0
2024-09-23 17:02:00,Incheon,tech,21.1,61,151.0
2024-09-23 19:10:00,Daegu,fashion,14.0,45,487.0
2024-09-23 18:01:00,Busan,food,89.5,43,280.0
2024-09-23 17:17:00,Incheon,tech,81.8,54,486.0
2024-09-23 14:07:00,Gwangju,fashion,76.8,57,343.0
2024-09-23 14:59:00,Incheon,tech,68.2,44,244.0
2024-09-23 11:41:00,Seoul,food,61.6,48,192.0
2024-09-23 13:13:00,Seoul,home,85.3,45,84.0
2024-09-23 16:36:00,Seoul,tech,92.1,41,163.0
2024-09-23 13:27:00,Seoul,tech,40.0,60,85.0
2024-09-23 21:05:00,Incheon,tech,67.4,41,275.0
2024-09-23 18:59:00,Daegu,food,77.4,46,121.0
2024-09-23 16:51:00,Seoul,home,94.5,43,340.0
2024-09-23 19:15:00,Gwangju,home,11.7,46,107.0
2024-09-23 18:47:00,Gwangju,food,15.4,53,287.0
2024-09-23 18:17:00,Daegu,home,65.4,56,319.0
2024-09-23 08:58:00,Seoul,home,70.3,42,390.0
2024-09-23 12:01:00,Incheon,tech,17.1,55,408.0
2024-09-23 17:02:00,Daegu,fashion,90.8,42,184.0
2024-09-23 16:23:00,Busan,home,66.3,65,99.0
2024-09-23 19:21:00,Gwangju,tech,41.3,49,278.0
2024-09-23 20:02:00,Incheon,home,39.2,48,469.0
2024-09-23 13:00:00,Gwangju,tech,78.5,64,158.0
2024-09-23 13:34:00,Busan,home,43.2,46,294.0
2024-09-23 12:21:00,Seoul,fashion,72.4,39,451.0
2024-09-23 11:19:00,Seoul,food,98.3,45,130.0
2024-09-24 10:51:00,Seoul,tech,24.7,55,389.0
2024-09-24 18:00:00,Daegu,fashion,45.4,47,129.0
2024-09-24 15:58:00,Incheon,home,15.0,50,481.0
2024-09-24 13:38:00,Seoul,fashion,59.6,46,119.0
2024-09-24 12:41:00,Daegu,food,69.5,50,185.0
2024-09-24 21:29:00,Busan,fashion,31.9,76,375.0
2024-09-24 13:03:00,Daegu,fashion,82.9,59,234.0
2024-09-24 18:59:00,Incheon,tech,22.7,55,309.0
2024-09-24 17:26:00,Seoul,tech,68.8,47,276.0
2024-09-24 13:09:00,Incheon,home,28.7,52,124.0
2024-09-24 13:40:00,Incheon,food,14.4,51,394.0
2024-09-24 14:09:00,Incheon,food,55.8,56,484.0
2024-09-24 16:50:00,Incheon,fashion,29.0,50,150.0
2024-09-24 22:21:00,Gwangju,fashion,52.9,54,406.0
2024-09-24 09:54:00,Busan,fashion,86.1,51,167.0
2024-09-24 15:53:00,Seoul,tech,20.9,52,363.0
2024-09-24 12:02:00,Incheon,tech,44.5,52,287.0
2024-09-24 18:56:00,Incheon,food,99.8,49,409.0
2024-09-24 15:46:00,Gwangju,tech,12.9,46,51.0
2024-09-24 20:36:00,Daegu,home,15.4,42,246.0
2024-09-24 16:09:00,Gwangju,home,18.0,38,66.0
2024-09-24 16:19:00,Incheon,home,53.7,46,342.0
2024-09-24 17:52:00,Incheon,tech,90.9,45,65.0
2024-09-24 15:35:00,Busan,home,58.5,54,313.0
2024-09-24 12:43:00,Busan,food,79.2,38,454.0
2024-09-24 18:47:00,Daegu,tech,97.2,44,168.0
2024-09-24 11:00:00,Gwangju,fashion,70.6,49,235.0
2024-09-24 20:11:00,Daegu,fashion,77.8,56,280.0
2024-09-24 21:37:00,Incheon,tech,78.6,51,84.0
2024-09-24 17:04:00,Gwangju,fashion,45.7,46,65.0
2024-09-24 17:23:00,Daegu,tech,21.9,49,435.0
2024-09-24 09:05:00,Gwangju,fashion,92.2,46,231.0
2024-09-24 17:10:00,Busan,tech,75.4,54,173.0
2024-09-24 15:41:00,Gwangju,fashion,97.3,53,388.0
2024-09-24 12:16:00,Gwangju,tech,30.6,50,224.0
2024-09-24 10:10:00,Daegu,home,99.3,46,154.0
2024-09-24 16:20:00,Incheon,food,75.2,41,365.0
2024-09-24 13:46:00,Daegu,food,71.3,50,404.0
2024-09-24 16:46:00,Incheon,food,27.0,55,462.0
2024-09-24 16:57:00,Busan,tech,98.9,47,330.0
2024-09-24 17:22:00,Seoul,fashion,35.7,57,79.0
2024-09-24 19:41:00,Incheon,tech,36.4,55,191.0
2024-09-24 17:57:00,Busan,home,37.2,58,153.0
2024-09-24 16:33:00,Incheon,fashion,29.9,59,376.0
2024-09-24 10:06:00,Seoul,tech,30.2,54,93.0
2024-09-24 20:04:00,Gwangju,tech,42.8,53,359.0
2024-09-24 09:11:00,Daegu,fashion,22.5,58,389.0
2024-09-24 16:11:00,Incheon,fashion,45.7,61,356.0
2024-09-24 11:01:00,Incheon,home,26.0,55,467.0
2024-09-24 22:54:00,Incheon,home,69.3,45,58.0
2024-09-24 10:37:00,Daegu,home,60.4,44,448.0
2024-09-24 14:21:00,Seoul,tech,11.2,60,126.0
2024-09-24 20:49:00,Gwangju,food,37.4,55,318.0
2024-09-24 14:43:00,Busan,tech,88.3,44,204.0
2024-09-24 18:37:00,Busan,food,10.9,52,333.0
2024-09-24 18:54:00,Incheon,food,53.1,39,217.0
2024-09-24 21:52:00,Daegu,food,61.7,58,237.0
2024-09-25 16:58:00,Incheon,food,75.3,58,225.0
2024-09-25 16:40:00,Seoul,tech,40.5,42,457.0
2024-09-25 13:29:00,Seoul,food,86.6,48,156.0
2024-09-25 15:44:00,Gwangju,food,14.0,46,92.0
2024-09-25 17:48:00,Gwangju,food,10.6,53,127.0
2024-09-25 11:04:00,Seoul,food,25.1,54,292.0
2024-09-25 10:35:00,Gwangju,fashion,42.4,37,350.0
2024-09-25 17:49:00,Incheon,tech,65.3,43,233.0
2024-09-25 13:11:00,Seoul,home,28.6,46,443.0
2024-09-25 22:50:00,Incheon,tech,65.3,56,287.0
2024-09-25 18:46:00,Busan,fashion,29.5,51,485.0
2024-09-25 18:49:00,Daegu,fashion,24.9,53,347.0
2024-09-25 20:41:00,Gwangju,fashion,78.7,57,159.0
2024-09-25 18:44:00,Busan,tech,91.0,49,475.0
2024-09-25 18:40:00,Seoul,fashion,77.2,43,95.0
2024-09-25 19:43:00,Incheon,tech,86.9,52,81.0
2024-09-25 17:28:00,Busan,fashion,47.1,60,435.0
2024-09-25 09:00:00,Seoul,food,52.4,62,458.0
2024-09-25 10:32:00,Busan,fashion,76.3,54,129.0
2024-09-25 21:27:00,Gwangju,fashion,72.8,43,408.0
2024-09-25 13:40:00,Seoul,tech,90.1,58,484.0
2024-09-25 13:47:00,Incheon,home,44.0,53,422.0
2024-09-25 17:16:00,Busan,fashion,15.8,52,94.0
2024-09-25 14:56:00,Daegu,home,84.3,57,108.0
2024-09-25 15:53:00,Seoul,home,19.5,58,419.0
2024-09-25 14:14:00,Busan,tech,96.4,54,240.0
2024-09-25 11:58:00,Seoul,tech,11.1,67,426.0
2024-09-25 16:37:00,Incheon,fashion,99.8,44,218.0
2024-09-25 20:16:00,Seoul,food,81.9,51,132.0
2024-09-25 11:47:00,Seoul,tech,88.8,50,412.0
2024-09-25 14:13:00,Seoul,home,25.1,50,66.0
2024-09-25 16:12:00,Gwangju,home,36.6,49,111.0
2024-09-25 16:02:00,Seoul,food,56.9,49,457.0
2024-09-25 10:23:00,Daegu,home,18.4,65,191.0
2024-09-25 14:47:00,Busan,home,58.2,55,68.0
2024-09-25 13:57:00,Seoul,home,28.3,48,240.0
2024-09-25 10:50:00,Busan,food,64.2,54,420.0
2024-09-25 12:20:00,Seoul,tech,32.2,49,332.0
2024-09-25 21:36:00,Busan,fashion,63.3,41,164.0
2024-09-25 22:24:00,Gwangju,fashion,65.6,58,493.0
2024-09-25 21:18:00,Busan,home,51.9,44,481.0
2024-09-25 14:51:00,Seoul,tech,47.7,50,433.0
2024-09-25 16:13:00,Gwangju,food,42.1,48,100.0
2024-09-26 17:18:00,Daegu,tech,68.8,52,124.0
2024-09-26 14:49:00,Incheon,food,64.2,57,283.0
2024-09-26 14:58:00,Daegu,fashion,27.7,47,198.0
2024-09-26 20:23:00,Gwangju,tech,96.2,51,192.0
2024-09-26 17:19:00,Gwangju,fashion,13.1,64,218.0
2024-09-26 12:39:00,Incheon,home,95.9,46,278.0
2024-09-26 21:01:00,Seoul,fashion,19.3,50,405.0
2024-09-26 17:06:00,Busan,tech,47.5,59,410.0
2024-09-26 20:40:00,Daegu,tech,59.3,53,103.0
2024-09-26 18:12:00,Seoul,home,73.9,46,190.0
2024-09-26 18:20:00,Busan,food,60.7,60,372.0
2024-09-26 12:03:00,Busan,tech,11.8,49,63.0
2024-09-26 16:36:00,Incheon,fashion,78.3,52,148.0
2024-09-26 17:27:00,Incheon,home,35.5,48,52.0
2024-09-26 19:11:00,Gwangju,food,95.4,41,141.0
2024-09-26 20:17:00,Seoul,home,92.6,48,341.0
2024-09-26 17:58:00,Gwangju,tech,56.4,41,324.0
2024-09-26 19:21:00,Incheon,tech,25.5,40,96.0
2024-09-26 18:03:00,Gwangju,tech,56.0,66,498.0
2024-09-26 12:59:00,Incheon,food,43.6,48,282.0
2024-09-26 15:11:00,Incheon,food,93.8,51,125.0
2024-09-26 18:24:00,Gwangju,food,30.5,54,429.0
2024-09-26 13:33:00,Daegu,tech,77.4,53,238.0
2024-09-26 17:13:00,Gwangju,food,25.1,38,96.0
2024-09-26 16:40:00,Gwangju,tech,26.5,47,200.0
2024-09-26 19:32:00,Seoul,food,91.4,52,375.0
2024-09-26 17:56:00,Incheon,fashion,36.8,57,384.0
2024-09-26 14:20:00,Seoul,tech,25.5,51,218.0
2024-09-26 21:07:00,Daegu,fashion,55.0,43,415.0
2024-09-26 15:00:00,Busan,home,86.4,48,432.0
2024-09-26 21:42:00,Incheon,tech,50.6,50,265.0
2024-09-26 16:14:00,Incheon,home,39.7,65,461.0
2024-09-26 18:44:00,Incheon,fashion,12.4,54,405.0
2024-09-26 12:53:00,Gwangju,fashion,88.8,48,382.0
2024-09-26 22:36:00,Seoul,home,76.3,45,130.0
2024-09-26 16:50:00,Seoul,home,72.7,56,214.0
2024-09-26 16:08:00,Gwangju,fashion,55.4,52,227.0
2024-09-26 11:33:00,Seoul,tech,34.6,51,96.0
2024-09-26 12:52:00,Gwangju,tech,43.0,50,312.0
2024-09-26 21:37:00,Seoul,food,26.5,50,194.0
2024-09-26 19:07:00,Seoul,home,80.0,50,193.0
2024-09-26 16:28:00,Seoul,fashion,34.6,53,272.0
2024-09-26 19:32:00,Daegu,food,19.0,50,51.0
2024-09-26 22:33:00,Seoul,food,20.7,45,85.0
2024-09-26 17:20:00,Gwangju,home,14.6,58,460.0
2024-09-26 14:27:00,Busan,home,35.4,49,311.0
2024-09-26 14:28:00,Seoul,home,58.7,50,90.0
2024-09-26 19:32:00,Busan,tech,30.7,46,60.0
2024-09-26 16:41:00,Seoul,fashion,11.8,60,79.0
2024-09-26 14:11:00,Daegu,tech,10.2,52,126.0
2024-09-26 17:47:00,Seoul,home,30.1,61,135.0
2024-09-26 16:45:00,Seoul,fashion,67.6,52,349.0
2024-09-26 10:49:00,Incheon,fashion,46.3,42,227.0
2024-09-27 12:16:00,Incheon,home,59.2,54,90.0
2024-09-27 18:48:00,Gwangju,tech,83.8,52,212.0
2024-09-27 22:22:00,Incheon,food,25.7,52,281.0
2024-09-27 19:36:00,Incheon,food,58.8,40,415.0
2024-09-27 14:05:00,Daegu,home,16.1,53,305.0
2024-09-27 10:00:00,Seoul,tech,51.9,56,381.0
2024-09-27 20:27:00,Gwangju,fashion,19.1,39,343.0
2024-09-27 12:03:00,Seoul,tech,89.4,49,268.0
2024-09-27 14:02:00,Daegu,home,67.2,58,218.0
2024-09-27 14:51:00,Seoul,home,48.6,51,393.0
2024-09-27 11:36:00,Busan,food,41.1,54,92.0
2024-09-27 22:58:00,Daegu,fashion,95.8,62,162.0
2024-09-27 10:28:00,Daegu,tech,37.7,59,499.0
2024-09-27 08:51:00,Daegu,fashion,12.3,56,387.0
2024-09-27 10:36:00,Gwangju,fashion,95.6,48,332.0
2024-09-27 15:10:00,Gwangju,food,33.9,53,111.0
2024-09-27 10:12:00,Incheon,tech,77.8,58,378.0
2024-09-27 18:01:00,Incheon,fashion,73.3,30,399.0
2024-09-27 19:22:00,Daegu,food,87.8,49,127.0
2024-09-27 10:46:00,Incheon,food,13.2,47,109.0
2024-09-27 13:31:00,Seoul,food,35.9,50,454.0
2024-09-27 10:42:00,Gwangju,fashion,98.9,54,235.0
2024-09-27 14:08:00,Busan,food,65.4,51,415.0
2024-09-27 17:56:00,Incheon,home,35.0,44,89.0
2024-09-27 19:35:00,Seoul,tech,68.1,50,76.0
2024-09-27 11:26:00,Seoul,fashion,52.4,58,225.0
2024-09-27 15:27:00,Daegu,tech,82.0,44,256.0
2024-09-27 14:27:00,Incheon,home,47.4,48,438.0
2024-09-27 13:29:00,Daegu,tech,29.7,45,67.0
2024-09-27 20:38:00,Incheon,food,18.3,51,485.0
2024-09-27 14:32:00,Busan,fashion,57.8,48,432.0
2024-09-27 16:35:00,Seoul,fashion,73.0,40,136.0
2024-09-27 14:44:00,Incheon,fashion,29.6,50,256.0
2024-09-27 16:48:00,Daegu,food,28.9,57,91.0
2024-09-28 09:30:00,Seoul,food,18.5,38,223.0
2024-09-28 20:22:00,Seoul,tech,21.3,54,198.0
2024-09-28 13:51:00,Seoul,home,73.4,45,255.0
2024-09-28 19:39:00,Incheon,food,63.7,48,419.0
2024-09-28 09:16:00,Busan,home,92.8,48,140.0
2024-09-28 13:04:00,Gwangju,fashion,30.1,36,168.0
2024-09-28 18:24:00,Daegu,tech,37.7,48,89.0
2024-09-28 22:43:00,Busan,home,78.9,46,204.0
2024-09-28 17:40:00,Busan,tech,45.0,47,91.0
2024-09-28 13:48:00,Seoul,fashion,46.3,62,249.0
2024-09-28 13:46:00,Incheon,tech,25.1,54,192.0
2024-09-28 09:06:00,Gwangju,home,75.3,55,206.0
2024-09-28 17:08:00,Daegu,home,64.6,44,63.0
2024-09-28 22:56:00,Daegu,fashion,61.2,44,76.0
2024-09-28 17:09:00,Busan,fashion,28.4,53,82.0
2024-09-28 16:49:00,Daegu,tech,37.7,55,232.0
2024-09-28 17:51:00,Seoul,tech,73.4,44,300.0
2024-09-28 15:29:00,Busan,food,35.3,54,308.0
2024-09-28 17:24:00,Daegu,fashion,49.0,48,331.0
2024-09-28 12:15:00,Incheon,home,33.1,41,220.0
2024-09-28 13:13:00,Incheon,fashion,86.9,42,330.0
2024-09-28 17:05:00,Seoul,tech,63.8,51,432.0
2024-09-28 21:23:00,Seoul,fashion,52.2,55,203.0
2024-09-28 17:38:00,Incheon,tech,39.0,61,321.0
2024-09-28 20:37:00,Daegu,fashion,25.0,39,384.0
2024-09-28 12:37:00,Seoul,fashion,41.2,56,52.0
2024-09-28 20:18:00,Seoul,home,89.3,53,491.0
2024-09-28 14:19:00,Busan,food,50.9,52,227.0
2024-09-28 19:46:00,Gwangju,food,72.2,49,265.0
2024-09-28 22:49:00,Daegu,tech,15.8,54,420.0
2024-09-28 19:17:00,Gwangju,fashion,59.7,57,351.0
2024-09-28 13:35:00,Seoul,tech,29.7,40,493.0
2024-09-28 17:37:00,Busan,food,39.4,54,459.0
2024-09-28 16:40:00,Gwangju,food,21.6,52,290.0
2024-09-28 15:37:00,Seoul,tech,20.3,55,109.0
2024-09-28 17:51:00,Seoul,food,85.7,45,316.0
2024-09-28 17:15:00,Daegu,tech,35.8,67,187.0
2024-09-28 09:28:00,Busan,food,31.3,45,208.0
2024-09-28 19:50:00,Incheon,tech,40.4,49,439.0
2024-09-28 14:29:00,Daegu,home,16.7,56,98.0
2024-09-28 15:51:00,Daegu,home,71.2,42,179.0
2024-09-28 11:55:00,Seoul,tech,15.5,47,490.0
2024-09-28 16:53:00,Seoul,food,94.5,51,83.0
2024-09-28 13:05:00,Gwangju,home,48.7,43,255.0
2024-09-28 19:58:00,Busan,food,20.0,54,440.0
2024-09-28 14:09:00,Gwangju,home,57.2,46,60.0
2024-09-28 17:35:00,Daegu,food,68.6,57,238.0
2024-09-28 15:05:00,Incheon,home,11.7,57,189.0
2024-09-28 09:55:00,Gwangju,home,44.4,53,257.0
2024-09-28 22:26:00,Seoul,tech,58.0,63,95.0
2024-09-28 13:15:00,Daegu,fashion,28.7,54,58.0
2024-09-28 18:21:00,Gwangju,food,66.2,61,482.0
2024-09-28 21:19:00,Daegu,tech,18.7,54,495.0
2024-09-29 22:57:00,Busan,food,75.1,59,86.0
2024-09-29 17:01:00,Daegu,fashion,55.9,50,421.0
2024-09-29 16:27:00,Incheon,food,68.6,61,287.0
2024-09-29 14:05:00,Incheon,food,22.4,50,482.0
2024-09-29 13:31:00,Incheon,food,97.1,54,269.0
2024-09-29 19:30:00,Daegu,food,23.2,43,473.0
2024-09-29 11:47:00,Daegu,home,97.9,46,128.0
2024-09-29 11:53:00,Daegu,tech,21.8,47,110.0
2024-09-29 14:17:00,Gwangju,food,35.7,42,257.0
2024-09-29 16:00:00,Busan,home,87.9,44,331.0
2024-09-29 12:14:00,Seoul,fashion,51.4,54,360.0
2024-09-29 14:21:00,Daegu,food,91.9,49,471.0
2024-09-29 15:36:00,Busan,fashion,99.1,55,136.0
2024-09-29 10:38:00,Incheon,home,56.5,45,376.0
2024-09-29 10:54:00,Gwangju,home,29.7,53,297.0
2024-09-29 16:22:00,Gwangju,fashion,33.2,46,327.0
2024-09-29 16:15:00,Gwangju,food,45.9,58,467.0
2024-09-29 22:21:00,Incheon,food,49.9,44,371.0
2024-09-29 17:11:00,Incheon,home,39.0,38,427.0
2024-09-29 18:32:00,Busan,tech,59.8,46,328.0
2024-09-29 16:04:00,Daegu,food,47.0,38,95.0
2024-09-29 17:01:00,Seoul,fashion,72.3,37,365.0
2024-09-29 14:49:00,Daegu,food,95.2,44,371.0
2024-09-29 19:49:00,Daegu,fashion,22.1,46,145.0
2024-09-29 16:41:00,Incheon,tech,29.1,54,475.0
2024-09-29 15:06:00,Gwangju,home,82.7,61,432.0
2024-09-29 11:32:00,Incheon,fashion,88.2,54,324.0
2024-09-29 11:24:00,Daegu,food,98.1,56,345.0
2024-09-29 11:01:00,Busan,tech,48.5,48,158.0
2024-09-29 11:11:00,Busan,tech,67.7,47,374.0
2024-09-29 17:15:00,Busan,fashion,46.5,58,177.0
2024-09-29 18:30:00,Daegu,food,69.6,66,258.0
2024-09-29 19:59:00,Incheon,food,61.5,43,201.0
2024-09-29 18:36:00,Daegu,tech,81.6,43,79.0
2024-09-29 16:38:00,Incheon,tech,34.5,45,52.0
2024-09-29 11:47:00,Busan,tech,13.8,41,144.0
2024-09-29 19:49:00,Seoul,food,12.6,50,428.0
2024-09-29 17:55:00,Gwangju,home,77.9,45,445.0
2024-09-29 18:24:00,Daegu,food,16.8,53,457.0
2024-09-29 14:26:00,Daegu,food,59.2,36,170.0
2024-09-29 16:58:00,Seoul,fashion,99.9,49,302.0
2024-09-29 20:03:00,Incheon,home,21.2,47,104.0
2024-09-29 19:00:00,Daegu,fashion,25.3,41,350.0
2024-09-29 18:55:00,Seoul,tech,89.4,41,187.0
2024-09-29 12:09:00,Daegu,food,88.2,46,302.0
2024-09-29 11:15:00,Busan,tech,70.3,48,245.0
2024-09-29 08:31:00,Daegu,tech,98.0,46,320.0
2024-09-29 16:31:00,Daegu,home,40.1,53,365.0
2024-09-29 17:31:00,Busan,food,77.5,55,307.0
2024-09-29 10:20:00,Daegu,home,18.4,57,254.0
2024-09-29 13:31:00,Busan,tech,33.0,55,111.0
2024-09-29 16:33:00,Busan,food,63.1,59,424.0
2024-09-29 21:32:00,Incheon,home,73.2,50,495.0
2024-09-29 20:36:00,Busan,fashion,83.6,63,311.0
2024-09-29 19:23:00,Seoul,food,44.4,57,492.0
2024-09-29 15:34:00,Incheon,fashion,29.9,52,384.0
2024-09-29 17:40:00,Busan,food,35.9,46,398.0
2024-09-29 18:33:00,Incheon,food,15.2,60,339.0
2024-09-29 17:54:00,Seoul,home,40.2,43,487.0
2024-09-29 15:10:00,Seoul,tech,17.9,53,106.0
2024-09-29 17:51:00,Busan,tech,56.7,47,313.0
2024-09-29 20:06:00,Seoul,fashion,84.1,43,403.0
2024-09-29 15:32:00,Incheon,tech,64.8,48,167.0
2024-09-29 15:44:00,Incheon,home,75.9,51,138.0
2024-09-29 15:53:00,Seoul,tech,40.2,61,374.0
2024-09-29 17:40:00,Incheon,food,37.1,47,64.0
2024-09-30 18:24:00,Seoul,home,75.3,46,205.0
2024-09-30 20:39:00,Busan,tech,54.9,56,145.0
2024-09-30 12:46:00,Daegu,home,58.5,48,242.0
2024-09-30 21:47:00,Incheon,home,68.2,59,324.0
2024-09-30 19:45:00,Daegu,food,44.8,42,240.0
2024-09-30 11:35:00,Gwangju,home,44.8,45,446.0
2024-09-30 18:09:00,Gwangju,fashion,66.0,48,359.0
2024-09-30 22:48:00,Incheon,home,97.7,67,450.0
2024-09-30 16:53:00,Busan,food,38.8,51,66.0
2024-09-30 19:35:00,Incheon,home,88.3,59,164.0
2024-09-30 20:41:00,Incheon,tech,18.0,63,301.0
2024-09-30 11:27:00,Incheon,food,56.0,55,277.0
2024-09-30 13:48:00,Seoul,tech,45.6,48,379.0
2024-09-30 18:30:00,Incheon,home,55.2,50,427.0
2024-09-30 10:03:00,Busan,tech,36.1,49,112.0
2024-09-30 13:15:00,Daegu,tech,60.1,57,430.0
2024-09-30 10:24:00,Gwangju,fashion,80.4,51,106.0
2024-09-30 21:41:00,Busan,tech,41.3,56,184.0
2024-09-30 17:07:00,Gwangju,home,75.5,45,266.0
2024-09-30 14:59:00,Incheon,food,67.7,55,331.0
2024-09-30 17:44:00,Gwangju,food,25.4,66,89.0
2024-09-30 16:15:00,Incheon,tech,68.4,47,130.0
2024-09-30 15:44:00,Busan,home,92.6,47,213.0
2024-09-30 17:44:00,Busan,fashion,29.8,55,387.0
2024-09-30 15:35:00,Busan,food,83.8,49,276.0
2024-09-30 16:17:00,Busan,home,19.5,44,132.0
2024-09-30 12:16:00,Daegu,fashion,48.5,56,115.0
2024-09-30 13:21:00,Busan,tech,57.3,52,229.0
2024-09-30 22:37:00,Incheon,food,27.5,62,382.0
2024-09-30 14:35:00,Seoul,fashion,14.9,48,359.0
2024-09-30 18:44:00,Seoul,tech,26.1,40,329.0
2024-09-30 10:59:00,Gwangju,tech,71.3,60,442.0
2024-09-30 18:18:00,Daegu,tech,66.2,56,65.0
2024-09-30 12:34:00,Busan,tech,51.7,43,497.0
2024-09-30 14:42:00,Busan,fashion,54.1,48,388.0
2024-09-30 18:59:00,Incheon,home,15.0,31,141.0
2024-09-30 09:58:00,Seoul,food,82.2,59,82.0
2024-09-30 11:04:00,Incheon,home,38.4,46,188.0
2024-09-30 21:10:00,Gwangju,home,94.9,37,464.0
2024-09-30 16:46:00,Busan,fashion,25.7,55,270.0
2024-09-30 17:48:00,Incheon,fashion,46.6,52,324.0
2024-09-30 17:47:00,Daegu,fashion,15.7,52,56.0
2024-09-30 14:58:00,Gwangju,tech,98.7,52,290.0
2024-09-30 16:59:00,Gwangju,tech,19.4,57,213.0
2024-09-30 10:25:00,Gwangju,tech,27.7,42,435.0
2024-09-30 16:22:00,Busan,home,41.4,49,166.0
2024-09-30 22:49:00,Seoul,fashion,25.3,46,454.0
2024-09-30 14:49:00,Seoul,tech,33.2,53,292.0
2024-09-30 14:25:00,Busan,home,30.7,44,186.0
2024-09-30 19:07:00,Daegu,tech,34.3,46,395.0
2024-09-30 19:44:00,Busan,tech,66.3,50,387.0
2024-09-30 12:32:00,Busan,food,61.0,54,219.0
2024-09-30 22:41:00,Incheon,tech,97.2,39,87.0
2024-09-30 08:57:00,Busan,home,23.9,51,495.0
2024-09-30 20:48:00,Daegu,tech,56.1,47,336.0
2024-09-30 12:37:00,Gwangju,home,22.4,44,446.0
2024-09-30 15:27:00,Incheon,fashion,33.9,41,316.0
2024-09-30 14:17:00,Daegu,food,35.7,41,84.0
2024-09-30 14:25:00,Busan,food,13.7,46,427.0
2024-09-30 14:16:00,Seoul,tech,13.0,47,205.0
2024-09-30 15:03:00,Seoul,food,19.1,49,397.0
2024-09-30 17:06:00,Gwangju,home,29.0,38,381.0
2024-10-01 16:59:00,Gwangju,food,48.9,52,334.0
2024-10-01 20:24:00,Seoul,tech,74.4,51,59.0
2024-10-01 16:50:00,Gwangju,food,73.8,50,164.0
2024-10-01 12:42:00,Incheon,food,53.5,48,137.0
2024-10-01 10:56:00,Seoul,tech,33.9,54,280.0
2024-10-01 12:59:00,Seoul,home,55.3,43,223.0
2024-10-01 14:17:00,Busan,home,42.2,53,337.0
2024-10-01 16:04:00,Busan,tech,68.8,44,385.0
2024-10-01 11:11:00,Gwangju,food,20.8,55,356.0
2024-10-01 17:28:00,Daegu,tech,35.0,51,87.0
2024-10-01 16:44:00,Seoul,tech,95.8,50,99.0
2024-10-01 16:23:00,Gwangju,food,12.8,51,114.0
2024-10-01 17:26:00,Busan,food,17.7,45,212.0
2024-10-01 18:02:00,Busan,fashion,86.6,44,341.0
2024-10-01 15:34:00,Daegu,fashion,89.8,50,147.0
2024-10-01 17:20:00,Seoul,fashion,77.7,46,153.0
2024-10-01 19:45:00,Incheon,fashion,26.1,47,278.0
2024-10-01 20:07:00,Busan,food,20.4,57,383.0
2024-10-01 18:41:00,Busan,tech,61.6,56,412.0
2024-10-01 17:30:00,Seoul,food,72.2,54,348.0
2024-10-01 15:05:00,Incheon,food,38.4,48,132.0
2024-10-01 13:57:00,Daegu,tech,40.6,63,103.0
2024-10-01 15:54:00,Incheon,food,87.9,61,61.0
2024-10-01 11:22:00,Incheon,food,23.4,56,429.0
2024-10-01 11:46:00,Daegu,tech,57.6,47,135.0
2024-10-01 09:51:00,Incheon,food,40.2,56,401.0
2024-10-01 09:43:00,Seoul,food,95.1,42,410.0
2024-10-01 21:30:00,Incheon,fashion,88.7,55,186.0
2024-10-01 16:13:00,Seoul,fashion,27.8,53,323.0
2024-10-01 16:32:00,Gwangju,tech,74.7,61,104.0
2024-10-01 16:54:00,Seoul,home,17.5,37,453.0
2024-10-01 16:55:00,Incheon,home,55.8,55,257.0
2024-10-01 17:01:00,Daegu,food,70.7,66,380.0
2024-10-01 14:41:00,Busan,home,83.9,45,500.0
2024-10-01 14:57:00,Busan,tech,22.3,46,90.0
2024-10-01 14:35:00,Gwangju,home,43.7,47,344.0
2024-10-01 14:52:00,Seoul,food,10.6,51,300.0
2024-10-01 18:50:00,Incheon,fashion,65.4,50,71.0
2024-10-01 18:06:00,Gwangju,food,99.9,57,166.0
2024-10-01 08:57:00,Seoul,home,11.7,55,257.0
2024-10-01 12:41:00,Busan,food,11.1,50,182.0
2024-10-01 16:29:00,Incheon,food,17.9,40,280.0
2024-10-01 11:41:00,Incheon,fashion,16.2,51,293.0
2024-10-01 17:10:00,Gwangju,fashion,88.7,51,241.0
2024-10-01 09:32:00,Gwangju,fashion,27.2,51,170.0
2024-10-01 15:44:00,Seoul,food,68.1,52,346.0
2024-10-01 19:21:00,Daegu,tech,22.4,48,98.0
2024-10-01 17:52:00,Seoul,fashion,53.1,51,93.0
2024-10-01 17:14:00,Incheon,tech,38.6,54,308.0
2024-10-01 14:01:00,Gwangju,food,58.1,52,147.0
2024-10-01 13:15:00,Gwangju,tech,45.1,51,425.0
2024-10-01 17:39:00,Gwangju,tech,15.6,51,122.0
2024-10-01 14:46:00,Incheon,food,42.0,53,382.0
2024-10-01 15:15:00,Busan,home,73.4,37,363.0
2024-10-01 21:52:00,Gwangju,fashion,48.0,51,260.0
2024-10-02 17:42:00,Gwangju,food,13.7,38,494.0
2024-10-02 19:45:00,Incheon,fashion,61.6,51,373.0
2024-10-02 15:24:00,Gwangju,fashion,36.0,65,380.0
2024-10-02 18:05:00,Gwangju,tech,42.3,46,463.0
2024-10-02 15:00:00,Daegu,food,26.8,42,163.0
2024-10-02 11:21:00,Gwangju,home,72.6,48,115.0
2024-10-02 22:21:00,Daegu,home,51.6,42,377.0
2024-10-02 13:18:00,Daegu,tech,10.1,35,77.0
2024-10-02 12:02:00,Gwangju,fashion,57.0,50,106.0
2024-10-02 10:00:00,Gwangju,tech,29.2,68,187.0
2024-10-02 14:03:00,Incheon,food,55.4,66,409.0
2024-10-02 14:09:00,Incheon,home,52.7,41,352.0
2024-10-02 11:35:00,Busan,home,58.3,46,416.0
2024-10-02 13:12:00,Daegu,food,58.4,55,309.0
2024-10-02 22:24:00,Daegu,home,88.8,42,159.0
2024-10-02 18:21:00,Busan,home,82.7,42,117.0
2024-10-02 15:01:00,Gwangju,fashion,35.6,47,305.0
2024-10-02 15:22:00,Incheon,tech,82.2,47,125.0
2024-10-02 22:37:00,Gwangju,fashion,33.2,67,390.0
2024-10-02 12:59:00,Busan,home,39.5,41,404.0
2024-10-02 13:37:00,Seoul,food,88.6,40,467.0
2024-10-02 10:58:00,Incheon,tech,75.5,65,202.0
2024-10-02 17:19:00,Gwangju,fashion,88.7,54,343.0
2024-10-02 18:21:00,Incheon,tech,61.0,60,353.0
2024-10-02 18:29:00,Daegu,fashion,19.3,51,369.0
2024-10-02 14:35:00,Busan,tech,54.2,43,51.0
2024-10-02 19:26:00,Daegu,tech,86.4,38,472.0
2024-10-02 17:42:00,Busan,tech,59.4,57,89.0
2024-10-02 17:25:00,Incheon,home,31.0,44,399.0
2024-10-02 22:09:00,Busan,home,30.3,56,183.0
2024-10-02 16:43:00,Busan,fashion,50.6,51,416.0
2024-10-02 20:54:00,Busan,fashion,66.6,47,126.0
2024-10-02 19:03:00,Gwangju,tech,54.2,52,96.0
2024-10-02 15:30:00,Seoul,tech,63.2,51,140.0
2024-10-02 13:49:00,Incheon,home,51.5,53,417.0
2024-10-02 21:03:00,Seoul,food,72.4,44,303.0
2024-10-02 10:40:00,Incheon,fashion,79.0,43,401.0
2024-10-02 15:26:00,Busan,home,73.8,53,92.0
2024-10-02 14:35:00,Incheon,home,38.7,68,451.0
2024-10-02 15:38:00,Daegu,tech,86.1,48,160.0
2024-10-02 17:11:00,Seoul,home,63.0,57,143.0
2024-10-02 13:02:00,Daegu,fashion,31.7,51,401.0
2024-10-02 15:02:00,Gwangju,tech,89.8,41,62.0
2024-10-02 14:57:00,Busan,food,92.2,57,462.0
2024-10-02 16:55:00,Busan,home,12.1,53,273.0
2024-10-02 11:48:00,Daegu,home,25.7,48,162.0
2024-10-03 14:03:00,Busan,home,84.4,47,264.0
2024-10-03 13:27:00,Daegu,food,52.2,53,415.0
2024-10-03 21:10:00,Incheon,food,67.0,47,268.0
2024-10-03 13:38:00,Daegu,tech,49.0,47,211.0
2024-10-03 17:11:00,Seoul,fashion,68.8,40,345.0
2024-10-03 19:20:00,Seoul,fashion,71.0,47,279.0
2024-10-03 17:05:00,Daegu,food,56.6,52,52.0
2024-10-03 16:49:00,Busan,tech,54.3,56,283.0
2024-10-03 18:57:00,Daegu,home,70.6,50,96.0
2024-10-03 14:52:00,Seoul,food,27.1,45,162.0
2024-10-03 15:35:00,Gwangju,home,80.6,61,235.0
2024-10-03 15:33:00,Incheon,food,25.3,59,457.0
2024-10-03 08:49:00,Busan,home,19.1,50,308.0
2024-10-03 17:50:00,Incheon,food,31.0,50,361.0
2024-10-03 08:49:00,Daegu,food,90.0,49,96.0
2024-10-03 14:06:00,Seoul,fashion,68.1,48,224.0
2024-10-03 15:08:00,Busan,fashion,66.0,45,60.0
2024-10-03 16:45:00,Busan,food,15.1,35,67.0
2024-10-03 19:29:00,Gwangju,food,39.8,44,83.0
2024-10-03 14:04:00,Incheon,fashion,86.1,55,64.0
2024-10-03 12:33:00,Incheon,home,45.0,56,69.0
2024-10-03 15:29:00,Daegu,tech,46.0,48,114.0
2024-10-03 12:21:00,Daegu,home,86.7,46,239.0
2024-10-03 14:04:00,Incheon,home,45.5,50,396.0
2024-10-03 17:10:00,Incheon,food,29.9,46,60.0
2024-10-03 12:17:00,Daegu,food,22.5,53,384.0
2024-10-03 09:14:00,Gwangju,tech,24.4,48,311.0
2024-10-03 14:19:00,Incheon,home,35.2,42,100.0
2024-10-03 12:19:00,Incheon,fashion,71.4,52,86.0
2024-10-03 11:11:00,Incheon,fashion,90.9,53,303.0
2024-10-03 14:20:00,Daegu,home,36.0,59,155.0
2024-10-03 16:23:00,Seoul,tech,22.8,53,162.0
2024-10-03 10:27:00,Daegu,food,77.3,64,321.0
2024-10-03 16:57:00,Incheon,food,52.9,39,484.0
2024-10-03 22:18:00,Gwangju,food,27.2,47,200.0
2024-10-03 15:07:00,Gwangju,tech,90.2,57,147.0
2024-10-03 16:02:00,Busan,home,86.4,68,255.0
2024-10-03 19:55:00,Incheon,fashion,75.9,48,208.0
2024-10-03 17:48:00,Daegu,food,84.2,67,139.0
2024-10-03 14:27:00,Seoul,food,65.5,47,315.0
2024-10-03 15:16:00,Seoul,food,81.6,60,467.0
2024-10-04 13:53:00,Incheon,tech,83.6,43,364.0
2024-10-04 16:24:00,Seoul,fashion,68.2,56,264.0
2024-10-04 14:56:00,Daegu,tech,35.2,33,456.0
2024-10-04 19:21:00,Busan,fashion,38.0,41,301.0
2024-10-04 15:43:00,Daegu,fashion,33.3,47,316.0
2024-10-04 16:57:00,Gwangju,fashion,85.3,51,399.0
2024-10-04 11:20:00,Daegu,food,95.8,48,393.0
2024-10-04 14:28:00,Daegu,fashion,22.3,45,356.0
2024-10-04 21:20:00,Busan,fashion,80.9,52,205.0
2024-10-04 15:36:00,Gwangju,fashion,48.9,46,368.0
2024-10-04 20:49:00,Gwangju,home,34.1,49,499.0
2024-10-04 19:20:00,Daegu,home,99.3,62,429.0
2024-10-04 13:58:00,Daegu,food,10.2,69,380.0
2024-10-04 16:41:00,Busan,food,88.9,39,374.0
2024-10-04 12:48:00,Incheon,fashion,85.1,45,414.0
2024-10-04 16:50:00,Busan,home,26.6,50,220.0
2024-10-04 19:20:00,Incheon,fashion,95.0,54,76.0
2024-10-04 17:51:00,Busan,fashion,55.5,50,219.0
2024-10-04 15:12:00,Gwangju,home,77.0,56,475.0
2024-10-04 15:01:00,Seoul,tech,42.1,30,196.0
2024-10-04 14:44:00,Seoul,food,11.8,63,423.0
2024-10-04 16:03:00,Incheon,fashion,47.2,55,78.0
2024-10-04 17:28:00,Incheon,tech,54.0,42,384.0
2024-10-04 19:32:00,Seoul,tech,77.0,51,108.0
2024-10-04 15:57:00,Seoul,home,24.8,53,414.0
2024-10-04 17:31:00,Gwangju,fashion,40.2,55,120.0
2024-10-04 16:18:00,Daegu,home,61.4,48,110.0
2024-10-04 16:19:00,Incheon,home,93.1,46,306.0
2024-10-04 16:11:00,Busan,tech,85.5,40,203.0
2024-10-04 16:11:00,Seoul,fashion,56.1,53,443.0
2024-10-04 15:18:00,Seoul,tech,14.1,56,423.0
2024-10-04 13:17:00,Busan,tech,16.9,56,172.0
2024-10-04 20:20:00,Incheon,fashion,21.8,55,445.0
2024-10-04 15:27:00,Daegu,food,10.8,50,104.0
2024-10-04 13:31:00,Incheon,tech,34.5,54,64.0
2024-10-04 11:49:00,Incheon,fashion,33.9,50,107.0
2024-10-04 12:58:00,Incheon,tech,87.3,42,146.0
2024-10-04 08:02:00,Daegu,tech,18.3,49,183.0
2024-10-04 22:33:00,Gwangju,fashion,17.7,56,307.0
2024-10-04 17:23:00,Busan,fashion,55.0,50,242.0
2024-10-04 08:30:00,Incheon,tech,94.2,54,447.0
2024-10-04 16:11:00,Gwangju,food,89.6,48,427.0
2024-10-04 12:15:00,Daegu,fashion,58.7,53,145.0
2024-10-05 11:51:00,Daegu,food,60.1,41,350.0
2024-10-05 16:44:00,Gwangju,tech,14.0,40,500.0
2024-10-05 21:52:00,Seoul,fashion,30.8,44,223.0
2024-10-05 12:21:00,Gwangju,tech,87.6,48,98.0
2024-10-05 14:31:00,Seoul,home,31.7,50,358.0
2024-10-05 16:46:00,Seoul,home,15.2,61,331.0
2024-10-05 15:46:00,Incheon,tech,54.9,49,222.0
2024-10-05 22:00:00,Daegu,fashion,40.6,54,259.0
2024-10-05 21:59:00,Busan,tech,19.0,53,333.0
2024-10-05 17:41:00,Gwangju,home,56.3,44,138.0
2024-10-05 11:00:00,Incheon,food,21.3,47,157.0
2024-10-05 16:37:00,Seoul,home,26.2,59,375.0
2024-10-05 16:26:00,Gwangju,food,36.1,54,244.0
2024-10-05 20:55:00,Gwangju,fashion,56.2,52,442.0
2024-10-05 15:45:00,Daegu,tech,22.2,44,354.0
2024-10-05 14:28:00,Incheon,fashion,26.2,49,484.0
2024-10-05 22:43:00,Incheon,tech,78.3,49,257.0
2024-10-05 17:54:00,Busan,fashion,93.6,46,339.0
2024-10-05 17:50:00,Busan,food,45.9,45,311.0
2024-10-05 15:12:00,Gwangju,tech,55.6,53,200.0
2024-10-05 20:48:00,Daegu,home,57.7,52,326.0
2024-10-05 10:35:00,Busan,tech,94.8,48,316.0
2024-10-05 13:02:00,Daegu,food,42.3,49,184.0
2024-10-05 13:50:00,Daegu,tech,10.5,54,289.0
2024-10-05 13:19:00,Incheon,home,28.9,56,326.0
2024-10-05 17:18:00,Incheon,tech,27.7,50,362.0
2024-10-05 19:54:00,Incheon,food,89.1,41,270.0
2024-10-05 10:08:00,Gwangju,tech,31.4,53,391.0
2024-10-05 09:04:00,Busan,food,80.1,56,93.0
2024-10-05 20:13:00,Daegu,fashion,64.9,48,263.0
2024-10-05 16:10:00,Incheon,home,17.2,36,244.0
2024-10-05 14:27:00,Daegu,food,73.4,56,343.0
2024-10-05 21:00:00,Busan,food,64.5,52,387.0
2024-10-05 16:12:00,Seoul,tech,32.1,42,114.0
2024-10-05 12:56:00,Busan,tech,44.6,46,265.0
2024-10-05 22:01:00,Daegu,home,18.9,44,259.0
2024-10-05 18:23:00,Daegu,fashion,37.8,59,97.0
2024-10-05 14:06:00,Busan,home,68.3,45,411.0
2024-10-05 18:15:00,Seoul,fashion,26.0,39,384.0
2024-10-05 10:50:00,Incheon,fashion,71.8,69,57.0
2024-10-05 18:39:00,Incheon,home,15.1,53,142.0
2024-10-06 14:20:00,Daegu,tech,16.1,61,396.0
2024-10-06 10:32:00,Gwangju,fashion,21.2,53,154.0
2024-10-06 18:21:00,Incheon,food,86.9,44,329.0
2024-10-06 20:37:00,Incheon,fashion,53.2,63,302.0
2024-10-06 14:40:00,Seoul,tech,82.3,46,341.0
2024-10-06 13:16:00,Busan,fashion,25.6,57,407.0
2024-10-06 11:16:00,Daegu,food,92.2,44,85.0
2024-10-06 11:55:00,Gwangju,tech,53.1,56,168.0
2024-10-06 11:30:00,Daegu,food,34.9,50,336.0
2024-10-06 19:32:00,Busan,food,81.7,48,468.0
2024-10-06 17:31:00,Gwangju,home,42.9,43,78.0
2024-10-06 21:14:00,Incheon,fashion,95.2,52,131.0
2024-10-06 16:40:00,Seoul,fashion,40.1,47,426.0
2024-10-06 16:25:00,Busan,home,60.8,47,427.0
2024-10-06 09:05:00,Seoul,food,29.0,41,479.0
2024-10-06 17:33:00,Daegu,tech,31.9,41,326.0
2024-10-06 15:00:00,Daegu,tech,55.4,45,297.0
2024-10-06 10:40:00,Seoul,fashion,68.3,46,461.0
2024-10-06 17:43:00,Busan,fashion,91.2,41,194.0
2024-10-06 13:27:00,Seoul,home,13.3,55,86.0
2024-10-06 20:51:00,Daegu,fashion,91.1,43,111.0
2024-10-06 18:23:00,Gwangju,food,28.7,53,315.0
2024-10-06 12:39:00,Incheon,food,78.5,49,150.0
2024-10-06 13:42:00,Gwangju,home,70.5,54,351.0
2024-10-06 18:20:00,Seoul,tech,90.8,54,106.0
2024-10-06 11:16:00,Incheon,home,28.9,53,295.0
2024-10-06 12:52:00,Busan,home,83.0,55,473.0
2024-10-06 11:18:00,Busan,food,52.5,52,362.0
2024-10-06 18:26:00,Daegu,home,51.0,65,103.0
2024-10-06 16:19:00,Incheon,fashion,85.4,50,117.0
2024-10-06 10:14:00,Incheon,tech,52.9,40,308.0
2024-10-06 16:11:00,Busan,tech,99.7,53,136.0
2024-10-06 16:20:00,Gwangju,food,39.0,49,450.0
2024-10-06 18:37:00,Daegu,food,92.4,64,370.0
2024-10-06 13:40:00,Busan,food,24.6,53,221.0
2024-10-06 19:38:00,Gwangju,fashion,45.6,50,346.0
2024-10-06 14:13:00,Incheon,home,73.3,51,280.0
2024-10-06 15:35:00,Seoul,tech,66.1,43,327.0
2024-10-06 17:03:00,Seoul,food,30.8,41,440.0
2024-10-06 15:43:00,Seoul,food,41.3,55,119.0
2024-10-06 17:53:00,Seoul,food,68.7,44,490.0
2024-10-06 16:57:00,Daegu,home,81.0,44,296.0
2024-10-06 18:20:00,Incheon,fashion,62.8,46,206.0
2024-10-06 16:24:00,Gwangju,food,77.5,53,419.0
2024-10-06 19:37:00,Busan,fashion,59.6,61,408.0
2024-10-06 22:38:00,Daegu,fashion,56.4,42,379.0
2024-10-06 08:31:00,Gwangju,tech,34.7,59,143.0
2024-10-06 22:41:00,Daegu,tech,53.2,44,346.0
2024-10-06 16:41:00,Busan,food,10.4,56,80.0
2024-10-06 14:04:00,Busan,food,58.9,45,50.0
2024-10-06 14:25:00,Gwangju,home,55.5,57,463.0
2024-10-06 16:55:00,Seoul,fashion,23.4,46,274.0
2024-10-06 16:53:00,Gwangju,food,40.9,36,92.0
2024-10-06 12:54:00,Seoul,home,55.6,48,490.0
2024-10-06 18:46:00,Incheon,food,79.2,48,485.0
2024-10-06 15:01:00,Seoul,tech,61.4,47,132.0
2024-10-06 21:45:00,Busan,tech,54.7,57,67.0
2024-10-06 19:16:00,Daegu,fashion,46.7,36,191.0
2024-10-06 20:44:00,Gwangju,food,48.7,47,389.0
2024-10-06 15:05:00,Daegu,food,27.4,45,415.0
2024-10-06 19:08:00,Busan,tech,57.7,49,68.0
2024-10-07 16:37:00,Busan,tech,42.5,54,464.0
2024-10-07 11:12:00,Daegu,fashion,95.6,47,128.0
2024-10-07 13:37:00,Daegu,tech,52.3,40,196.0
2024-10-07 10:42:00,Gwangju,tech,91.5,62,51.0
2024-10-07 13:12:00,Seoul,fashion,18.9,45,63.0
2024-10-07 17:45:00,Busan,food,33.7,45,119.0
2024-10-07 08:07:00,Incheon,tech,77.2,45,51.0
2024-10-07 16:35:00,Seoul,food,44.4,52,183.0
2024-10-07 15:10:00,Busan,food,74.6,49,221.0
2024-10-07 16:36:00,Incheon,tech,88.0,46,295.0
2024-10-07 10:16:00,Seoul,home,56.0,49,318.0
2024-10-07 13:41:00,Seoul,fashion,77.1,43,207.0
2024-10-07 12:18:00,Seoul,tech,82.7,51,324.0
2024-10-07 18:49:00,Busan,home,14.4,42,57.0
2024-10-07 19:50:00,Seoul,tech,48.0,60,492.0
2024-10-07 12:37:00,Gwangju,home,31.2,45,479.0
2024-10-07 13:38:00,Busan,home,16.4,42,489.0
2024-10-07 14:05:00,Gwangju,food,25.0,51,465.0
2024-10-07 09:42:00,Daegu,food,25.6,47,422.0
2024-10-07 14:48:00,Incheon,home,90.6,43,302.0
2024-10-07 17:21:00,Daegu,food,22.2,57,71.0
2024-10-07 11:07:00,Gwangju,food,71.8,48,421.0
2024-10-07 14:08:00,Incheon,tech,43.2,42,393.0
2024-10-07 10:34:00,Daegu,fashion,21.3,46,370.0
2024-10-07 18:37:00,Gwangju,tech,56.7,56,397.0
2024-10-07 16:41:00,Incheon,food,96.0,37,317.0
2024-10-07 16:44:00,Gwangju,fashion,45.9,46,78.0
2024-10-07 17:06:00,Seoul,food,77.1,45,114.0
2024-10-07 11:58:00,Seoul,fashion,16.1,39,148.0
2024-10-07 17:14:00,Busan,food,59.1,59,418.0
2024-10-07 13:58:00,Gwangju,home,44.1,44,435.0
2024-10-07 22:36:00,Incheon,food,34.4,46,51.0
2024-10-07 17:03:00,Gwangju,fashion,13.7,63,461.0
2024-10-07 11:11:00,Seoul,home,42.2,38,62.0
2024-10-07 16:01:00,Incheon,fashion,36.4,45,215.0
2024-10-07 15:28:00,Daegu,tech,95.1,47,392.0
2024-10-07 12:03:00,Daegu,tech,80.1,53,384.0
2024-10-07 12:01:00,Gwangju,food,87.5,39,179.0
2024-10-07 16:13:00,Seoul,fashion,99.5,52,165.0
2024-10-07 15:07:00,Seoul,tech,97.9,55,388.0
2024-10-07 15:09:00,Busan,tech,15.5,53,235.0
2024-10-07 12:11:00,Seoul,food,29.7,39,350.0
2024-10-07 10:48:00,Gwangju,fashion,11.1,44,332.0
2024-10-07 19:11:00,Seoul,fashion,82.8,41,405.0
2024-10-07 17:58:00,Seoul,tech,32.6,43,445.0
2024-10-07 08:53:00,Busan,fashion,38.1,41,340.0
2024-10-07 16:02:00,Daegu,tech,63.6,50,180.0
2024-10-07 18:46:00,Seoul,home,10.0,47,120.0
2024-10-07 16:43:00,Incheon,fashion,32.6,49,320.0
2024-10-07 16:23:00,Daegu,fashion,98.0,53,116.0
2024-10-07 12:08:00,Seoul,fashion,92.0,65,272.0
2024-10-07 21:22:00,Incheon,food,98.0,47,134.0
2024-10-07 15:59:00,Seoul,tech,31.9,62,375.0
2024-10-08 19:13:00,Seoul,food,47.7,47,65.0
2024-10-08 18:37:00,Seoul,fashion,39.4,56,123.0
2024-10-08 14:57:00,Daegu,home,82.7,59,212.0
2024-10-08 15:04:00,Gwangju,fashion,79.7,61,484.0
2024-10-08 17:52:00,Busan,home,86.0,56,103.0
2024-10-08 22:10:00,Incheon,tech,96.7,52,296.0
2024-10-08 22:44:00,Busan,home,33.1,54,124.0
2024-10-08 11:37:00,Incheon,fashion,93.6,62,166.0
2024-10-08 11:25:00,Busan,tech,16.6,62,192.0
2024-10-08 16:42:00,Incheon,food,75.1,47,378.0
2024-10-08 18:17:00,Daegu,tech,43.5,54,199.0
2024-10-08 22:50:00,Gwangju,fashion,96.3,47,321.0
2024-10-08 13:36:00,Busan,fashion,33.0,54,251.0
2024-10-08 14:34:00,Busan,home,16.6,42,148.0
2024-10-08 15:40:00,Busan,tech,11.1,47,360.0
2024-10-08 19:18:00,Gwangju,food,64.2,53,85.0
2024-10-08 15:19:00,Gwangju,tech,37.9,49,276.0
2024-10-08 19:30:00,Daegu,home,36.2,48,473.0
2024-10-08 19:37:00,Gwangju,home,47.1,42,303.0
2024-10-08 18:13:00,Busan,tech,98.8,55,471.0
2024-10-08 11:37:00,Busan,fashion,27.2,38,180.0
2024-10-08 20:25:00,Incheon,fashion,10.2,50,242.0
2024-10-08 15:33:00,Daegu,home,47.2,58,126.0
2024-10-08 21:53:00,Seoul,food,27.4,48,275.0
2024-10-08 16:41:00,Busan,tech,27.8,47,475.0
2024-10-08 09:57:00,Incheon,fashion,13.5,50,145.0
2024-10-08 15:59:00,Daegu,food,15.0,46,126.0
2024-10-08 17:47:00,Daegu,fashion,47.9,48,497.0
2024-10-08 19:56:00,Seoul,fashion,79.9,58,244.0
2024-10-08 16:36:00,Gwangju,fashion,94.4,65,363.0
2024-10-08 13:31:00,Incheon,home,45.1,46,406.0
2024-10-08 14:05:00,Daegu,food,54.9,37,210.0
2024-10-08 12:05:00,Seoul,home,91.0,43,321.0
2024-10-08 19:59:00,Gwangju,food,12.7,62,209.0
2024-10-08 09:59:00,Gwangju,tech,97.1,62,101.0
2024-10-08 16:15:00,Gwangju,food,28.8,41,434.0
2024-10-08 17:21:00,Daegu,home,99.6,56,392.0
2024-10-08 13:56:00,Busan,food,95.9,60,76.0
2024-10-08 20:24:00,Gwangju,fashion,74.6,52,169.0
2024-10-08 17:19:00,Seoul,home,85.9,51,266.0
2024-10-08 21:44:00,Busan,tech,77.7,59,300.0
2024-10-08 19:14:00,Incheon,tech,99.5,42,162.0
2024-10-08 12:52:00,Daegu,fashion,43.9,37,395.0
2024-10-08 14:42:00,Incheon,home,42.5,49,202.0
2024-10-08 15:28:00,Seoul,food,23.5,43,484.0
2024-10-08 11:12:00,Incheon,food,53.0,53,143.0
2024-10-08 21:30:00,Seoul,food,39.4,53,282.0
2024-10-08 18:02:00,Incheon,fashion,21.6,48,496.0
2024-10-08 17:12:00,Incheon,food,50.5,48,118.0
2024-10-08 12:19:00,Gwangju,tech,42.8,48,315.0
2024-10-08 11:04:00,Daegu,fashion,38.2,42,147.0
2024-10-08 13:02:00,Busan,tech,39.6,49,155.0
2024-10-09 18:56:00,Gwangju,fashion,33.1,46,240.0
2024-10-09 17:43:00,Busan,food,27.3,48,130.0
2024-10-09 11:42:00,Busan,food,15.1,45,227.0
2024-10-09 18:49:00,Incheon,home,21.6,41,298.0
2024-10-09 13:45:00,Daegu,fashion,95.7,51,260.0
2024-10-09 13:01:00,Gwangju,tech,54.2,44,356.0
2024-10-09 15:44:00,Busan,home,29.2,46,475.0
2024-10-09 16:22:00,Busan,home,83.4,49,172.0
2024-10-09 15:54:00,Daegu,food,35.5,54,98.0
2024-10-09 20:14:00,Incheon,home,42.0,60,376.0
2024-10-09 22:22:00,Daegu,food,30.6,62,377.0
2024-10-09 19:46:00,Daegu,home,17.1,40,240.0
2024-10-09 12:24:00,Incheon,food,61.6,50,264.0
2024-10-09 17:21:00,Busan,fashion,60.3,43,276.0
2024-10-09 16:17:00,Daegu,tech,26.5,39,169.0
2024-10-09 13:28:00,Incheon,tech,15.9,42,315.0
2024-10-09 14:42:00,Seoul,tech,62.5,44,347.0
2024-10-09 16:19:00,Daegu,home,80.5,36,392.0
2024-10-09 16:16:00,Busan,home,74.2,46,202.0
2024-10-09 11:11:00,Seoul,home,40.3,57,310.0
2024-10-09 10:43:00,Incheon,home,28.2,54,219.0
2024-10-09 14:25:00,Seoul,home,39.7,48,226.0
2024-10-09 13:30:00,Busan,fashion,44.2,51,216.0
2024-10-09 09:58:00,Incheon,tech,87.2,51,64.0
2024-10-09 08:22:00,Gwangju,food,20.4,36,397.0
2024-10-09 18:43:00,Gwangju,food,71.7,59,141.0
2024-10-09 16:18:00,Gwangju,fashion,98.0,70,290.0
2024-10-09 14:15:00,Gwangju,fashion,50.2,55,467.0
2024-10-09 16:21:00,Daegu,fashion,11.4,55,165.0
2024-10-09 18:51:00,Seoul,tech,71.4,35,234.0
2024-10-09 16:07:00,Busan,fashion,54.3,66,439.0
2024-10-09 10:39:00,Daegu,tech,53.5,60,255.0
2024-10-09 18:00:00,Daegu,home,98.2,48,206.0
2024-10-09 18:54:00,Seoul,home,68.1,54,475.0
2024-10-09 16:37:00,Incheon,home,69.3,60,168.0
2024-10-09 13:26:00,Daegu,fashion,73.9,46,377.0
2024-10-09 14:51:00,Gwangju,food,38.5,55,161.0
2024-10-09 17:20:00,Gwangju,home,83.1,46,73.0
2024-10-09 08:40:00,Incheon,fashion,58.0,52,73.0
2024-10-10 15:17:00,Seoul,food,38.7,50,66.0
2024-10-10 13:35:00,Daegu,home,34.4,48,479.0
2024-10-10 20:46:00,Incheon,home,30.9,64,173.0
2024-10-10 08:02:00,Seoul,home,36.2,45,88.0
2024-10-10 22:02:00,Seoul,home,35.5,55,202.0
2024-10-10 18:47:00,Seoul,tech,61.6,48,367.0
2024-10-10 18:28:00,Daegu,tech,81.1,44,91.0
2024-10-10 15:00:00,Incheon,food,28.6,45,363.0
2024-10-10 16:15:00,Incheon,home,97.1,53,362.0
2024-10-10 14:35:00,Incheon,home,47.4,60,450.0
2024-10-10 17:01:00,Seoul,home,26.1,41,476.0
2024-10-10 16:17:00,Daegu,tech,68.9,55,94.0
2024-10-10 18:18:00,Incheon,home,75.4,44,438.0
2024-10-10 17:00:00,Daegu,fashion,98.3,54,179.0
2024-10-10 20:39:00,Busan,tech,74.4,51,443.0
2024-10-10 21:13:00,Seoul,fashion,18.9,38,451.0
2024-10-10 15:22:00,Seoul,tech,71.6,54,204.0
2024-10-10 14:03:00,Incheon,food,56.0,52,84.0
2024-10-10 12:02:00,Seoul,tech,57.9,55,98.0
2024-10-10 13:37:00,Incheon,tech,89.3,48,52.0
2024-10-10 09:38:00,Daegu,tech,13.5,60,174.0
2024-10-10 17:06:00,Incheon,food,79.0,45,140.0
2024-10-10 18:46:00,Busan,fashion,60.1,32,140.0
2024-10-10 17:09:00,Incheon,home,75.0,53,347.0
2024-10-10 21:14:00,Gwangju,food,52.8,49,220.0
2024-10-10 16:26:00,Seoul,food,79.1,63,459.0
2024-10-10 12:20:00,Seoul,home,45.8,62,258.0
2024-10-10 11:33:00,Gwangju,food,45.3,45,282.0
2024-10-10 17:31:00,Gwangju,fashion,63.6,42,134.0
2024-10-10 19:10:00,Gwangju,fashion,19.0,56,101.0
2024-10-10 16:15:00,Incheon,fashion,24.4,51,301.0
2024-10-10 16:04:00,Incheon,fashion,81.8,63,155.0
2024-10-10 15:26:00,Seoul,fashion,76.4,39,145.0
2024-10-10 14:41:00,Busan,tech,61.3,38,336.0
2024-10-10 17:38:00,Incheon,food,32.6,60,122.0
2024-10-10 19:52:00,Seoul,fashion,18.7,56,384.0
2024-10-10 16:38:00,Incheon,home,65.6,43,185.0
2024-10-10 13:13:00,Seoul,home,97.2,51,166.0
2024-10-10 18:10:00,Gwangju,fashion,41.4,42,102.0
2024-10-10 10:46:00,Incheon,home,78.3,51,269.0
2024-10-10 16:19:00,Seoul,home,38.7,48,100.0
2024-10-10 11:53:00,Seoul,fashion,37.1,41,308.0
2024-10-10 21:11:00,Gwangju,home,65.7,40,400.0
2024-10-10 17:18:00,Daegu,food,91.0,44,171.0
2024-10-10 18:44:00,Daegu,food,89.7,55,353.0
2024-10-10 16:23:00,Incheon,food,56.0,54,444.0
2024-10-10 15:36:00,Incheon,fashion,45.7,64,500.0
2024-10-10 10:12:00,Seoul,food,12.0,59,72.0
2024-10-11 09:56:00,Busan,fashion,24.9,45,97.0
2024-10-11 14:57:00,Seoul,home,29.2,45,385.0
2024-10-11 18:45:00,Daegu,food,66.8,50,409.0
2024-10-11 14:05:00,Busan,tech,81.5,51,169.0
2024-10-11 13:39:00,Seoul,home,81.7,55,322.0
2024-10-11 18:10:00,Seoul,food,87.9,65,68.0
2024-10-11 11:03:00,Gwangju,food,70.8,53,56.0
2024-10-11 21:57:00,Seoul,fashion,44.9,55,156.0
2024-10-11 10:39:00,Busan,tech,75.7,41,399.0
2024-10-11 20:50:00,Incheon,fashion,63.6,60,495.0
2024-10-11 11:43:00,Gwangju,tech,26.2,34,105.0
2024-10-11 22:11:00,Daegu,tech,33.7,55,391.0
2024-10-11 16:33:00,Gwangju,food,91.8,53,75.0
2024-10-11 10:39:00,Gwangju,tech,77.2,52,127.0
2024-10-11 10:39:00,Daegu,fashion,19.0,51,250.0
2024-10-11 17:08:00,Busan,tech,21.5,48,437.0
2024-10-11 12:49:00,Incheon,tech,93.1,34,417.0
2024-10-11 14:22:00,Incheon,fashion,96.7,50,349.0
2024-10-11 16:44:00,Gwangju,tech,18.8,46,370.0
2024-10-11 20:23:00,Busan,tech,42.3,58,457.0
2024-10-11 21:56:00,Gwangju,food,81.3,45,360.0
2024-10-11 22:12:00,Gwangju,home,59.9,56,326.0
2024-10-11 15:27:00,Daegu,home,94.9,47,444.0
2024-10-11 16:44:00,Daegu,home,41.7,56,412.0
2024-10-11 18:55:00,Seoul,food,18.5,44,412.0
2024-10-11 14:41:00,Busan,tech,41.4,68,128.0
2024-10-11 18:21:00,Daegu,fashion,87.7,44,323.0
2024-10-11 19:26:00,Busan,home,61.7,68,158.0
2024-10-11 14:48:00,Seoul,home,14.4,62,253.0
2024-10-11 21:20:00,Gwangju,tech,41.2,40,409.0
2024-10-11 15:10:00,Gwangju,tech,70.0,57,489.0
2024-10-11 15:10:00,Seoul,tech,78.1,54,481.0
2024-10-11 20:28:00,Seoul,home,89.8,61,468.0
2024-10-11 10:20:00,Seoul,fashion,70.1,60,452.0
2024-10-11 15:29:00,Busan,tech,87.6,53,191.0
2024-10-11 21:29:00,Daegu,food,25.0,45,106.0
2024-10-11 21:47:00,Busan,tech,37.4,53,464.0
2024-10-11 18:42:00,Busan,tech,87.6,53,114.0
2024-10-11 16:59:00,Daegu,food,45.9,43,198.0
2024-10-11 08:51:00,Seoul,food,32.7,53,135.0
2024-10-12 11:53:00,Busan,tech,41.3,47,62.0
2024-10-12 16:12:00,Seoul,tech,87.1,45,439.0
2024-10-12 16:11:00,Busan,fashion,17.7,47,130.0
2024-10-12 17:41:00,Incheon,fashion,57.7,50,415.0
2024-10-12 17:46:00,Busan,food,42.1,51,416.0
2024-10-12 16:27:00,Busan,food,84.0,47,81.0
2024-10-12 13:00:00,Busan,tech,75.0,58,311.0
2024-10-12 11:05:00,Seoul,home,93.7,52,215.0
2024-10-12 19:59:00,Busan,tech,79.2,45,499.0
2024-10-12 13:39:00,Seoul,fashion,53.9,54,450.0
2024-10-12 14:37:00,Incheon,food,85.8,52,190.0
2024-10-12 08:18:00,Daegu,fashion,18.1,52,201.0
2024-10-12 11:07:00,Incheon,fashion,75.3,42,136.0
2024-10-12 17:05:00,Daegu,home,48.4,45,52.0
2024-10-12 14:45:00,Gwangju,home,10.7,58,230.0
2024-10-12 18:08:00,Busan,home,91.8,50,419.0
2024-10-12 09:11:00,Busan,tech,76.4,46,69.0
2024-10-12 17:09:00,Incheon,food,12.5,57,112.0
2024-10-12 15:31:00,Daegu,home,20.5,46,154.0
2024-10-12 19:23:00,Incheon,fashion,19.0,41,72.0
2024-10-12 12:47:00,Busan,home,10.3,51,334.0
2024-10-12 14:43:00,Busan,fashion,60.8,49,315.0
2024-10-12 16:35:00,Seoul,food,72.3,49,457.0
2024-10-12 10:56:00,Gwangju,tech,61.1,37,363.0
2024-10-12 19:51:00,Gwangju,food,43.5,65,318.0
2024-10-12 14:15:00,Gwangju,home,85.2,48,460.0
2024-10-12 15:30:00,Busan,food,36.6,51,426.0
2024-10-12 16:48:00,Busan,tech,35.9,47,245.0
2024-10-12 10:11:00,Daegu,food,22.1,56,497.0
2024-10-12 19:42:00,Gwangju,food,65.1,35,175.0
2024-10-12 15:48:00,Busan,fashion,35.9,50,161.0
2024-10-12 18:50:00,Daegu,tech,78.2,47,205.0
2024-10-12 17:21:00,Gwangju,fashion,60.2,53,393.0
2024-10-12 11:16:00,Busan,fashion,31.3,46,409.0
2024-10-12 12:54:00,Daegu,fashion,59.5,36,101.0
2024-10-12 14:44:00,Busan,tech,30.3,38,359.0
2024-10-12 14:13:00,Seoul,fashion,41.3,50,61.0
2024-10-12 22:48:00,Seoul,tech,62.4,51,375.0
2024-10-12 13:05:00,Busan,food,16.0,48,82.0
2024-10-12 15:49:00,Daegu,tech,37.5,53,441.0
2024-10-12 19:35:00,Busan,fashion,33.4,50,428.0
2024-10-12 19:27:00,Incheon,fashion,43.1,48,252.0
2024-10-12 22:52:00,Incheon,fashion,33.7,67,469.0
2024-10-12 20:18:00,Daegu,food,68.3,59,279.0
2024-10-12 13:52:00,Incheon,fashion,79.4,46,351.0
2024-10-12 21:24:00,Busan,tech,22.0,46,283.0
2024-10-12 15:37:00,Incheon,fashion,52.6,53,169.0
2024-10-12 16:31:00,Daegu,home,56.1,59,443.0
2024-10-12 21:44:00,Incheon,fashion,14.7,50,142.0
2024-10-12 15:15:00,Incheon,fashion,24.5,59,246.0
2024-10-12 13:40:00,Seoul,tech,36.5,39,313.0
2024-10-13 18:23:00,Daegu,tech,23.4,35,379.0
2024-10-13 17:29:00,Daegu,home,25.4,57,151.0
2024-10-13 21:34:00,Gwangju,tech,72.7,39,350.0
2024-10-13 17:29:00,Gwangju,home,12.4,50,159.0
2024-10-13 18:19:00,Daegu,fashion,60.7,44,381.0
2024-10-13 09:22:00,Gwangju,fashion,85.1,57,265.0
2024-10-13 09:12:00,Seoul,tech,95.0,44,231.0
2024-10-13 14:02:00,Busan,home,45.9,44,162.0
2024-10-13 10:55:00,Daegu,home,73.0,50,431.0
2024-10-13 14:09:00,Busan,food,71.9,43,145.0
2024-10-13 09:24:00,Seoul,food,51.2,56,494.0
2024-10-13 21:10:00,Seoul,tech,25.5,53,256.0
2024-10-13 15:35:00,Gwangju,fashion,39.0,38,203.0
2024-10-13 14:07:00,Busan,home,48.3,55,460.0
2024-10-13 15:06:00,Seoul,food,88.0,61,465.0
2024-10-13 15:56:00,Gwangju,food,21.6,53,342.0
2024-10-13 16:43:00,Busan,food,69.9,48,80.0
2024-10-13 19:43:00,Incheon,home,33.7,48,213.0
2024-10-13 20:36:00,Gwangju,food,75.1,58,55.0
2024-10-13 15:30:00,Gwangju,home,52.3,41,112.0
2024-10-13 19:03:00,Daegu,food,71.1,59,163.0
2024-10-13 16:26:00,Busan,home,79.4,55,457.0
2024-10-13 16:31:00,Busan,home,91.7,59,136.0
2024-10-13 16:30:00,Incheon,tech,28.6,54,107.0
2024-10-13 15:05:00,Gwangju,home,57.9,56,368.0
2024-10-13 18:50:00,Incheon,home,80.7,53,419.0
2024-10-13 13:18:00,Incheon,food,38.7,61,289.0
2024-10-13 09:56:00,Gwangju,tech,67.1,36,295.0
2024-10-13 14:02:00,Busan,home,83.8,45,208.0
2024-10-13 16:49:00,Incheon,fashion,21.8,46,88.0
2024-10-13 17:46:00,Busan,fashion,31.1,60,112.0
2024-10-13 09:52:00,Busan,tech,65.4,47,60.0
2024-10-13 15:12:00,Daegu,tech,47.3,45,157.0
2024-10-13 11:52:00,Busan,tech,54.0,55,227.0
2024-10-13 15:27:00,Busan,food,16.2,51,163.0
2024-10-13 11:33:00,Daegu,tech,97.9,59,120.0
2024-10-13 15:42:00,Busan,fashion,17.6,49,318.0
2024-10-13 19:19:00,Incheon,food,87.0,52,433.0
2024-10-13 11:47:00,Busan,fashion,40.2,47,355.0
2024-10-13 18:35:00,Daegu,tech,75.0,46,147.0
2024-10-13 12:38:00,Seoul,fashion,90.4,54,232.0
2024-10-13 17:18:00,Gwangju,fashion,62.3,44,128.0
2024-10-13 10:15:00,Gwangju,food,79.2,59,494.0
2024-10-13 18:28:00,Seoul,tech,89.9,62,327.0
2024-10-14 16:26:00,Gwangju,food,30.3,51,305.0
2024-10-14 16:00:00,Busan,tech,62.0,54,336.0
2024-10-14 17:17:00,Seoul,food,93.2,49,233.0
2024-10-14 11:41:00,Seoul,fashion,47.3,64,171.0
2024-10-14 15:07:00,Daegu,fashion,34.3,53,149.0
2024-10-14 15:19:00,Incheon,food,37.0,49,326.0
2024-10-14 10:54:00,Incheon,food,13.3,50,426.0
2024-10-14 16:18:00,Incheon,home,44.8,42,257.0
2024-10-14 17:39:00,Gwangju,home,67.4,55,272.0
2024-10-14 15:43:00,Incheon,food,87.1,60,70.0
2024-10-14 19:42:00,Incheon,food,47.5,51,283.0
2024-10-14 20:55:00,Seoul,tech,53.6,48,238.0
2024-10-14 09:45:00,Gwangju,home,28.3,39,237.0
2024-10-14 12:42:00,Seoul,fashion,17.1,51,93.0
2024-10-14 19:34:00,Busan,home,38.8,54,116.0
2024-10-14 20:23:00,Seoul,tech,74.3,48,334.0
2024-10-14 21:18:00,Incheon,fashion,15.2,46,239.0
2024-10-14 13:26:00,Gwangju,fashion,63.9,49,299.0
2024-10-14 22:39:00,Busan,fashion,37.6,61,67.0
2024-10-14 19:18:00,Incheon,food,39.1,45,389.0
2024-10-14 17:07:00,Daegu,food,40.1,56,202.0
2024-10-14 19:28:00,Seoul,home,13.3,36,233.0
2024-10-14 16:35:00,Daegu,tech,42.2,43,96.0
2024-10-14 16:54:00,Busan,food,61.3,57,406.0
2024-10-14 14:02:00,Busan,tech,75.5,57,354.0
2024-10-14 18:50:00,Incheon,fashion,27.0,41,435.0
2024-10-14 13:17:00,Daegu,tech,94.1,60,80.0
2024-10-14 16:19:00,Incheon,fashion,65.3,39,315.0
2024-10-14 20:58:00,Daegu,home,77.3,53,461.0
2024-10-14 14:18:00,Gwangju,food,37.9,42,457.0
2024-10-14 12:05:00,Incheon,tech,76.2,68,246.0
2024-10-14 14:55:00,Busan,home,69.5,71,294.0
2024-10-14 15:03:00,Daegu,food,81.6,55,50.0
2024-10-14 17:46:00,Daegu,food,64.4,58,301.0
2024-10-14 15:39:00,Seoul,fashion,67.6,43,232.0
2024-10-14 10:31:00,Gwangju,tech,47.0,59,63.0
2024-10-14 16:08:00,Busan,tech,64.6,47,197.0
2024-10-14 17:09:00,Gwangju,food,41.5,38,133.0
2024-10-14 18:50:00,Seoul,home,97.2,60,237.0
2024-10-14 20:19:00,Busan,tech,29.3,46,265.0
2024-10-14 15:43:00,Busan,food,17.3,47,176.0
2024-10-14 21:19:00,Daegu,fashion,39.6,49,275.0
2024-10-14 10:46:00,Seoul,fashion,32.1,41,95.0
2024-10-14 14:44:00,Busan,tech,17.3,38,339.0
2024-10-14 14:40:00,Seoul,home,93.1,59,139.0
2024-10-14 16:31:00,Busan,fashion,58.6,51,262.0
2024-10-14 19:54:00,Busan,fashion,48.8,56,455.0
2024-10-14 14:24:00,Busan,tech,90.8,59,458.0
2024-10-14 15:48:00,Seoul,fashion,48.1,51,282.0
2024-10-14 15:00:00,Daegu,fashion,19.8,46,367.0
2024-10-15 10:02:00,Busan,food,88.2,54,479.0
2024-10-15 20:45:00,Gwangju,fashion,80.3,52,328.0
2024-10-15 12:34:00,Daegu,home,61.3,40,414.0
2024-10-15 15:25:00,Gwangju,tech,16.5,65,82.0
2024-10-15 12:13:00,Seoul,tech,47.5,55,246.0
2024-10-15 21:57:00,Incheon,fashion,71.2,36,184.0
2024-10-15 12:50:00,Incheon,home,64.4,49,422.0
2024-10-15 14:18:00,Seoul,food,10.1,69,56.0
2024-10-15 08:23:00,Seoul,home,61.3,38,223.0
2024-10-15 20:01:00,Incheon,food,85.3,60,419.0
2024-10-15 16:42:00,Seoul,tech,78.1,50,486.0
2024-10-15 18:37:00,Gwangju,fashion,68.7,42,484.0
2024-10-15 20:58:00,Gwangju,fashion,31.9,42,261.0
2024-10-15 19:26:00,Busan,tech,63.6,53,361.0
2024-10-15 18:39:00,Incheon,fashion,81.2,44,91.0
2024-10-15 12:34:00,Busan,tech,60.2,63,124.0
2024-10-15 22:40:00,Busan,home,48.0,57,308.0
2024-10-15 14:49:00,Incheon,home,97.4,53,474.0
2024-10-15 16:02:00,Daegu,food,58.9,50,323.0
2024-10-15 19:53:00,Busan,food,35.8,47,121.0
2024-10-15 16:16:00,Seoul,food,61.4,43,391.0
2024-10-15 18:03:00,Incheon,fashion,20.5,49,81.0
2024-10-15 13:03:00,Daegu,fashion,44.9,55,389.0
2024-10-15 17:57:00,Daegu,tech,50.5,52,390.0
2024-10-15 16:01:00,Seoul,fashion,38.4,47,311.0
2024-10-15 11:35:00,Daegu,fashion,16.4,40,274.0
2024-10-15 18:24:00,Incheon,food,26.3,44,112.0
2024-10-15 17:27:00,Incheon,fashion,84.2,46,425.0
2024-10-15 18:54:00,Gwangju,fashion,54.0,41,193.0
2024-10-15 10:16:00,Incheon,fashion,30.7,39,114.0
2024-10-15 19:51:00,Gwangju,food,99.2,55,311.0
2024-10-15 17:22:00,Daegu,fashion,98.1,56,100.0
2024-10-15 21:30:00,Seoul,fashion,22.9,53,309.0
2024-10-15 15:42:00,Daegu,tech,56.6,49,480.0
2024-10-15 16:19:00,Busan,fashion,11.9,56,235.0
2024-10-15 22:02:00,Incheon,fashion,35.0,67,229.0
2024-10-15 17:10:00,Daegu,food,37.5,49,128.0
2024-10-15 10:08:00,Seoul,tech,92.5,51,77.0
2024-10-15 20:55:00,Busan,home,30.5,45,248.0
2024-10-15 16:07:00,Gwangju,fashion,40.0,57,52.0
2024-10-15 21:13:00,Incheon,fashion,55.3,67,472.0
2024-10-15 16:36:00,Incheon,home,31.3,40,292.0
2024-10-15 17:45:00,Busan,tech,46.6,57,125.0
2024-10-15 18:08:00,Gwangju,food,96.4,56,271.0
2024-10-15 15:54:00,Busan,fashion,61.5,38,408.0
2024-10-15 15:16:00,Incheon,fashion,43.7,59,115.0
2024-10-15 17:23:00,Seoul,home,24.0,54,300.0
2024-10-15 21:22:00,Daegu,home,29.9,44,278.0
2024-10-15 18:57:00,Daegu,home,76.6,49,233.0
2024-10-15 18:44:00,Daegu,tech,69.1,53,261.0
2024-10-15 19:55:00,Seoul,home,24.7,55,235.0
2024-10-15 12:12:00,Busan,home,24.6,63,252.0
2024-10-16 11:24:00,Busan,food,74.7,53,187.0
2024-10-16 18:07:00,Incheon,fashion,48.0,64,343.0
2024-10-16 15:52:00,Daegu,tech,50.4,58,236.0
2024-10-16 16:35:00,Incheon,food,43.1,48,221.0
2024-10-16 18:22:00,Gwangju,fashion,97.8,51,313.0
2024-10-16 22:56:00,Busan,food,27.4,58,345.0
2024-10-16 15:35:00,Busan,home,21.1,45,429.0
2024-10-16 17:55:00,Daegu,home,12.9,63,280.0
2024-10-16 21:12:00,Busan,tech,66.2,51,185.0
2024-10-16 08:53:00,Gwangju,food,43.3,54,269.0
2024-10-16 16:48:00,Incheon,home,23.9,46,340.0
2024-10-16 16:25:00,Seoul,home,53.6,47,173.0
2024-10-16 12:39:00,Gwangju,home,56.9,47,105.0
2024-10-16 16:27:00,Seoul,fashion,74.9,67,178.0
2024-10-16 20:58:00,Seoul,food,34.8,53,223.0
2024-10-16 19:17:00,Seoul,home,29.4,36,250.0
2024-10-16 19:45:00,Busan,fashion,50.7,46,330.0
2024-10-16 19:56:00,Incheon,food,79.9,48,273.0
2024-10-16 19:41:00,Daegu,fashion,96.7,47,80.0
2024-10-16 10:22:00,Busan,tech,34.2,53,335.0
2024-10-16 16:34:00,Seoul,fashion,33.5,50,305.0
2024-10-16 21:55:00,Seoul,tech,86.6,51,73.0
2024-10-16 10:03:00,Incheon,home,18.8,63,202.0
2024-10-16 14:25:00,Daegu,food,12.0,60,224.0
2024-10-16 15:06:00,Busan,home,10.8,54,265.0
2024-10-16 09:16:00,Gwangju,home,27.3,35,312.0
2024-10-16 13:20:00,Gwangju,tech,40.2,54,233.0
2024-10-16 18:59:00,Daegu,tech,51.7,55,188.0
2024-10-16 13:41:00,Incheon,food,17.3,45,120.0
2024-10-16 16:55:00,Seoul,food,17.1,38,482.0
2024-10-16 18:53:00,Gwangju,tech,76.3,56,104.0
2024-10-16 21:00:00,Gwangju,home,65.5,48,311.0
2024-10-16 15:55:00,Incheon,home,36.0,68,190.0
2024-10-16 21:30:00,Incheon,tech,52.2,50,224.0
2024-10-16 16:37:00,Busan,fashion,15.2,40,310.0
2024-10-16 19:37:00,Busan,fashion,77.3,42,392.0
2024-10-16 20:44:00,Incheon,food,72.1,47,283.0
2024-10-16 20:24:00,Daegu,tech,37.7,63,151.0
2024-10-16 18:28:00,Gwangju,home,95.2,56,413.0
2024-10-16 11:04:00,Daegu,fashion,64.2,48,366.0
2024-10-16 19:32:00,Busan,fashion,53.4,48,152.0
2024-10-16 14:22:00,Gwangju,food,90.5,57,404.0
2024-10-16 16:20:00,Daegu,food,95.2,63,322.0
2024-10-16 17:54:00,Gwangju,home,29.5,50,466.0
2024-10-16 15:56:00,Daegu,tech,17.3,56,263.0
2024-10-16 21:22:00,Daegu,food,83.4,62,456.0
2024-10-16 20:59:00,Gwangju,fashion,75.6,60,105.0
2024-10-16 17:59:00,Incheon,home,20.1,47,353.0
2024-10-16 16:59:00,Incheon,fashion,15.6,49,130.0
2024-10-16 17:41:00,Gwangju,tech,65.9,49,162.0
2024-10-16 16:04:00,Incheon,fashion,24.1,45,243.0
2024-10-16 17:26:00,Gwangju,food,96.9,54,325.0
2024-10-16 21:13:00,Incheon,food,59.1,37,405.0
2024-10-16 16:10:00,Gwangju,fashion,96.5,43,321.0
2024-10-16 15:22:00,Incheon,fashion,43.8,41,402.0
2024-10-16 12:38:00,Seoul,tech,14.4,49,60.0
2024-10-16 11:46:00,Daegu,home,95.7,55,469.0
2024-10-17 14:24:00,Busan,fashion,30.2,39,297.0
2024-10-17 17:24:00,Seoul,tech,38.2,56,110.0
2024-10-17 17:09:00,Incheon,home,12.9,35,466.0
2024-10-17 10:38:00,Seoul,food,89.6,33,225.0
2024-10-17 14:02:00,Gwangju,tech,46.9,58,374.0
2024-10-17 16:40:00,Busan,home,53.6,52,193.0
2024-10-17 13:02:00,Seoul,home,10.1,58,126.0
2024-10-17 09:56:00,Gwangju,fashion,81.5,66,330.0
2024-10-17 15:14:00,Gwangju,fashion,62.4,58,268.0
2024-10-17 13:19:00,Seoul,fashion,84.5,44,248.0
2024-10-17 15:09:00,Seoul,home,75.0,42,78.0
2024-10-17 17:57:00,Incheon,tech,93.7,41,371.0
2024-10-17 17:50:00,Incheon,fashion,68.1,50,149.0
2024-10-17 08:55:00,Busan,home,42.5,52,92.0
2024-10-17 19:55:00,Gwangju,fashion,73.7,48,356.0
2024-10-17 17:28:00,Seoul,fashion,65.4,49,176.0
2024-10-17 16:22:00,Gwangju,fashion,23.8,55,65.0
2024-10-17 13:15:00,Gwangju,food,39.0,36,201.0
2024-10-17 21:43:00,Daegu,fashion,34.0,51,127.0
2024-10-17 10:46:00,Gwangju,home,74.6,62,262.0
2024-10-17 18:39:00,Busan,fashion,86.3,38,371.0
2024-10-17 15:55:00,Incheon,tech,98.7,37,423.0
2024-10-17 09:53:00,Incheon,home,13.4,50,393.0
2024-10-17 20:52:00,Daegu,tech,97.1,51,368.0
2024-10-17 15:31:00,Incheon,fashion,46.6,41,56.0
2024-10-17 15:44:00,Gwangju,home,54.8,52,334.0
2024-10-17 19:21:00,Gwangju,food,37.8,50,347.0
2024-10-17 14:31:00,Gwangju,food,78.1,60,333.0
2024-10-17 12:01:00,Gwangju,fashion,78.0,46,467.0
2024-10-17 18:25:00,Incheon,tech,22.8,47,418.0
2024-10-17 19:16:00,Busan,fashion,59.0,48,259.0
2024-10-17 14:05:00,Incheon,home,40.9,45,316.0
2024-10-17 20:06:00,Incheon,home,87.3,62,256.0
2024-10-17 15:24:00,Busan,fashion,46.2,52,190.0
2024-10-17 14:57:00,Incheon,fashion,97.7,58,159.0
2024-10-17 17:05:00,Gwangju,tech,46.0,51,476.0
2024-10-17 15:14:00,Daegu,food,73.7,52,322.0
2024-10-17 14:06:00,Gwangju,fashion,59.7,51,367.0
2024-10-17 19:28:00,Incheon,tech,88.3,52,190.0
2024-10-17 15:19:00,Daegu,food,12.4,47,60.0
2024-10-17 19:42:00,Incheon,home,29.2,53,222.0
2024-10-17 11:40:00,Seoul,tech,11.2,49,194.0
2024-10-17 08:54:00,Seoul,tech,16.8,55,421.0
2024-10-17 15:51:00,Busan,tech,43.4,41,358.0
2024-10-17 10:07:00,Daegu,fashion,10.4,37,181.0
2024-10-17 15:09:00,Incheon,tech,84.9,41,182.0
2024-10-17 13:44:00,Gwangju,fashion,28.5,49,73.0
2024-10-17 20:46:00,Busan,tech,47.9,57,289.0
2024-10-18 21:48:00,Gwangju,fashion,24.2,58,322.0
2024-10-18 21:41:00,Daegu,home,98.9,57,373.0
2024-10-18 19:15:00,Daegu,food,92.3,52,263.0
2024-10-18 19:41:00,Incheon,home,12.9,46,343.0
2024-10-18 20:15:00,Incheon,tech,77.7,43,450.0
2024-10-18 21:39:00,Daegu,home,71.9,62,479.0
2024-10-18 09:13:00,Busan,tech,20.6,44,492.0
2024-10-18 18:05:00,Daegu,food,47.1,46,335.0
2024-10-18 17:04:00,Incheon,tech,37.4,38,239.0
2024-10-18 13:35:00,Incheon,tech,11.3,40,484.0
2024-10-18 17:19:00,Incheon,tech,34.9,45,422.0
2024-10-18 15:36:00,Gwangju,tech,84.7,63,78.0
2024-10-18 11:54:00,Busan,home,93.9,43,344.0
2024-10-18 20:01:00,Incheon,food,38.3,50,60.0
2024-10-18 19:38:00,Busan,food,15.4,50,300.0
2024-10-18 19:21:00,Incheon,food,43.0,44,170.0
2024-10-18 15:15:00,Gwangju,home,96.4,55,103.0
2024-10-18 19:29:00,Seoul,food,11.5,64,129.0
2024-10-18 20:41:00,Busan,tech,77.2,55,425.0
2024-10-18 17:44:00,Gwangju,fashion,31.0,45,468.0
2024-10-18 13:46:00,Seoul,home,66.4,47,96.0
2024-10-18 15:36:00,Seoul,home,42.9,55,358.0
2024-10-18 15:32:00,Busan,tech,91.6,56,474.0
2024-10-18 11:11:00,Busan,tech,79.8,46,364.0
2024-10-18 10:39:00,Incheon,food,53.5,43,86.0
2024-10-18 21:56:00,Daegu,tech,87.9,36,485.0
2024-10-18 11:03:00,Daegu,food,90.1,52,188.0
2024-10-18 16:11:00,Seoul,tech,39.9,71,78.0
2024-10-18 18:30:00,Seoul,food,41.0,54,391.0
2024-10-18 16:39:00,Gwangju,food,73.1,45,117.0
2024-10-18 11:13:00,Seoul,tech,81.0,46,73.0
2024-10-18 14:57:00,Busan,fashion,19.5,45,271.0
2024-10-18 21:30:00,Busan,food,95.7,46,258.0
2024-10-18 18:19:00,Seoul,home,10.1,54,126.0
2024-10-18 14:19:00,Daegu,home,20.5,47,440.0
2024-10-18 21:11:00,Seoul,food,23.0,42,258.0
2024-10-18 16:33:00,Seoul,fashion,13.6,48,408.0
2024-10-18 09:38:00,Seoul,tech,53.0,47,240.0
2024-10-18 19:34:00,Incheon,tech,33.2,58,252.0
2024-10-18 12:15:00,Busan,fashion,63.4,49,162.0
2024-10-18 17:54:00,Busan,tech,90.4,56,427.0
2024-10-18 18:56:00,Busan,fashion,19.6,49,261.0
2024-10-18 18:31:00,Busan,tech,55.5,38,306.0
2024-10-18 14:59:00,Daegu,home,99.7,43,137.0
2024-10-18 19:13:00,Daegu,fashion,72.0,45,107.0
2024-10-18 16:49:00,Gwangju,food,53.4,55,439.0
2024-10-18 20:05:00,Daegu,food,85.1,51,402.0
2024-10-18 15:58:00,Daegu,home,12.0,61,63.0
2024-10-19 17:10:00,Seoul,food,33.2,66,174.0
2024-10-19 20:54:00,Incheon,food,19.8,54,276.0
2024-10-19 12:53:00,Seoul,tech,31.3,55,435.0
2024-10-19 14:18:00,Incheon,food,39.4,48,336.0
2024-10-19 15:13:00,Gwangju,home,79.7,50,176.0
2024-10-19 14:05:00,Daegu,food,46.2,44,158.0
2024-10-19 20:11:00,Gwangju,tech,87.4,39,324.0
2024-10-19 16:45:00,Daegu,tech,19.7,47,206.0
2024-10-19 14:40:00,Daegu,home,20.4,59,362.0
2024-10-19 18:48:00,Seoul,fashion,69.1,40,104.0
2024-10-19 11:02:00,Seoul,fashion,80.7,46,77.0
2024-10-19 12:50:00,Seoul,food,29.0,53,102.0
2024-10-19 09:59:00,Busan,food,42.6,56,329.0
2024-10-19 16:15:00,Daegu,home,44.7,41,425.0
2024-10-19 20:09:00,Seoul,tech,96.3,63,422.0
2024-10-19 16:19:00,Gwangju,fashion,71.4,47,319.0
2024-10-19 08:13:00,Daegu,fashion,22.2,51,386.0
2024-10-19 13:22:00,Gwangju,tech,27.1,47,142.0
2024-10-19 22:19:00,Daegu,tech,71.4,51,472.0
2024-10-19 22:24:00,Daegu,home,88.8,37,344.0
2024-10-19 14:44:00,Incheon,home,83.9,71,306.0
2024-10-19 11:08:00,Seoul,home,67.9,50,453.0
2024-10-19 21:39:00,Busan,tech,24.5,51,254.0
2024-10-19 21:19:00,Incheon,fashion,34.3,49,185.0
2024-10-19 11:02:00,Gwangju,fashion,40.6,58,357.0
2024-10-19 16:10:00,Busan,fashion,91.7,51,466.0
2024-10-19 12:44:00,Busan,food,87.8,39,238.0
2024-10-19 17:37:00,Busan,tech,23.9,50,164.0
2024-10-19 19:50:00,Incheon,tech,86.2,60,172.0
2024-10-19 10:03:00,Daegu,tech,94.9,49,276.0
2024-10-19 18:16:00,Daegu,food,64.1,50,50.0
2024-10-19 11:17:00,Seoul,home,67.2,35,292.0
2024-10-19 19:27:00,Incheon,fashion,76.2,62,360.0
2024-10-19 17:06:00,Seoul,food,91.1,53,242.0
2024-10-19 22:37:00,Incheon,home,94.9,54,451.0
2024-10-19 11:20:00,Gwangju,food,49.6,57,452.0
2024-10-19 15:40:00,Daegu,food,51.6,55,258.0
2024-10-19 13:50:00,Gwangju,food,35.3,47,159.0
2024-10-19 10:29:00,Busan,tech,63.0,47,456.0
2024-10-19 22:13:00,Seoul,home,89.7,49,55.0
2024-10-19 10:06:00,Daegu,fashion,30.2,39,146.0
2024-10-19 14:10:00,Seoul,tech,92.9,60,499.0
2024-10-19 14:13:00,Busan,home,91.7,60,392.0
2024-10-19 10:38:00,Daegu,home,92.7,50,398.0
2024-10-19 18:02:00,Incheon,food,92.0,54,93.0
2024-10-19 15:34:00,Incheon,tech,37.7,50,461.0
2024-10-19 15:52:00,Busan,food,99.9,53,157.0
2024-10-19 10:23:00,Incheon,home,18.7,50,433.0
2024-10-19 12:56:00,Incheon,tech,33.0,46,57.0
2024-10-19 15:21:00,Daegu,food,92.7,57,237.0
2024-10-19 19:01:00,Incheon,tech,78.6,41,253.0
2024-10-19 11:22:00,Seoul,fashion,19.0,47,497.0
2024-10-19 18:38:00,Gwangju,home,99.2,48,332.0
2024-10-19 21:30:00,Daegu,food,60.4,67,100.0
2024-10-19 10:01:00,Busan,food,76.9,54,242.0
2024-10-19 10:06:00,Daegu,tech,68.3,34,87.0
2024-10-19 08:06:00,Daegu,fashion,50.6,34,367.0
2024-10-19 20:15:00,Gwangju,home,16.7,59,198.0
2024-10-19 17:17:00,Incheon,tech,58.1,54,111.0
2024-10-19 13:45:00,Seoul,fashion,26.9,54,303.0
2024-10-20 19:49:00,Gwangju,home,21.7,48,241.0
2024-10-20 11:31:00,Busan,home,71.8,61,430.0
2024-10-20 19:07:00,Incheon,food,48.1,40,82.0
2024-10-20 15:26:00,Seoul,fashion,37.7,60,315.0
2024-10-20 21:50:00,Daegu,tech,50.4,51,228.0
2024-10-20 09:53:00,Busan,tech,21.8,44,326.0
2024-10-20 17:36:00,Daegu,tech,50.7,50,491.0
2024-10-20 17:07:00,Daegu,home,18.1,57,77.0
2024-10-20 16:48:00,Busan,home,34.6,58,424.0
2024-10-20 19:07:00,Gwangju,tech,59.9,49,246.0
2024-10-20 14:56:00,Gwangju,fashion,82.1,60,470.0
2024-10-20 20:33:00,Daegu,fashion,99.6,56,80.0
2024-10-20 17:11:00,Busan,tech,82.7,38,247.0
2024-10-20 16:36:00,Gwangju,tech,27.1,46,187.0
2024-10-20 22:58:00,Incheon,tech,91.9,37,387.0
2024-10-20 12:12:00,Seoul,home,34.6,53,374.0
2024-10-20 15:30:00,Daegu,fashion,94.6,51,390.0
2024-10-20 15:30:00,Busan,home,89.7,49,335.0
2024-10-20 14:36:00,Gwangju,food,34.3,53,330.0
2024-10-20 20:54:00,Busan,fashion,84.4,56,397.0
2024-10-20 22:25:00,Gwangju,tech,53.3,45,412.0
2024-10-20 19:43:00,Seoul,food,31.9,52,397.0
2024-10-20 15:19:00,Seoul,fashion,20.0,40,65.0
2024-10-20 16:40:00,Busan,tech,25.0,53,221.0
2024-10-20 16:42:00,Busan,home,20.0,60,308.0
2024-10-20 17:16:00,Incheon,tech,39.2,50,82.0
2024-10-20 21:08:00,Busan,food,91.6,40,358.0
2024-10-20 15:11:00,Seoul,fashion,44.5,44,152.0
2024-10-20 15:06:00,Daegu,fashion,87.9,43,379.0
2024-10-20 14:01:00,Seoul,tech,83.0,41,417.0
2024-10-20 20:04:00,Busan,home,42.3,39,482.0
2024-10-20 15:25:00,Daegu,food,46.2,54,156.0
2024-10-20 20:40:00,Seoul,tech,20.6,46,455.0
2024-10-20 17:02:00,Seoul,home,48.4,47,416.0
2024-10-20 20:00:00,Gwangju,home,90.8,49,251.0
2024-10-20 15:48:00,Incheon,home,37.3,56,379.0
2024-10-20 19:58:00,Daegu,fashion,45.6,46,144.0
2024-10-20 15:42:00,Gwangju,fashion,29.1,60,320.0
2024-10-20 16:07:00,Seoul,tech,27.1,51,196.0
2024-10-20 19:29:00,Seoul,tech,62.3,53,185.0
2024-10-20 14:06:00,Incheon,fashion,46.9,51,102.0
2024-10-20 16:10:00,Daegu,tech,94.7,65,481.0
2024-10-20 09:02:00,Seoul,fashion,28.8,44,78.0
2024-10-20 16:38:00,Daegu,fashion,80.3,66,238.0
2024-10-20 16:06:00,Seoul,food,46.4,41,385.0
2024-10-20 13:47:00,Busan,fashion,14.0,56,244.0
2024-10-20 15:10:00,Incheon,tech,59.1,49,283.0
2024-10-20 14:44:00,Gwangju,home,58.6,49,56.0
2024-10-20 12:22:00,Seoul,home,87.3,46,272.0
2024-10-20 16:15:00,Daegu,food,12.9,54,463.0
2024-10-20 17:12:00,Daegu,fashion,92.1,47,94.0
2024-10-20 18:57:00,Daegu,home,20.0,46,163.0
2024-10-21 11:22:00,Gwangju,food,72.6,62,495.0
2024-10-21 18:56:00,Incheon,fashion,73.6,67,278.0
2024-10-21 11:18:00,Busan,food,47.9,58,338.0
2024-10-21 10:35:00,Gwangju,home,35.8,48,215.0
2024-10-21 16:37:00,Incheon,fashion,60.4,49,451.0
2024-10-21 17:19:00,Busan,tech,39.9,48,211.0
2024-10-21 12:33:00,Seoul,home,99.7,41,337.0
2024-10-21 20:51:00,Gwangju,fashion,12.5,44,421.0
2024-10-21 18:48:00,Daegu,tech,30.7,56,191.0
2024-10-21 11:34:00,Incheon,home,77.6,35,117.0
2024-10-21 08:42:00,Busan,fashion,67.0,50,492.0
2024-10-21 13:44:00,Gwangju,home,96.2,52,74.0
2024-10-21 14:18:00,Seoul,food,62.1,52,132.0
2024-10-21 21:12:00,Seoul,fashion,99.6,43,117.0
2024-10-21 16:13:00,Gwangju,home,84.0,44,292.0
2024-10-21 17:02:00,Incheon,home,75.4,47,327.0
2024-10-21 19:16:00,Seoul,home,83.3,56,181.0
2024-10-21 18:50:00,Seoul,home,47.9,36,361.0
2024-10-21 15:53:00,Seoul,tech,41.7,49,471.0
2024-10-21 16:05:00,Seoul,tech,43.6,62,117.0
2024-10-21 18:37:00,Seoul,tech,44.8,55,195.0
2024-10-21 21:58:00,Incheon,food,81.6,49,389.0
2024-10-21 14:06:00,Incheon,fashion,53.8,39,262.0
2024-10-21 15:50:00,Daegu,tech,23.0,46,246.0
2024-10-21 14:53:00,Daegu,fashion,51.5,43,185.0
2024-10-21 22:18:00,Gwangju,home,33.5,52,343.0
2024-10-21 21:37:00,Seoul,home,27.5,45,395.0
2024-10-21 16:44:00,Busan,tech,51.0,45,146.0
2024-10-21 14:00:00,Gwangju,home,77.3,47,332.0
2024-10-21 08:53:00,Daegu,food,29.6,50,146.0
2024-10-21 12:38:00,Daegu,home,90.6,48,358.0
2024-10-21 19:05:00,Incheon,fashion,72.7,46,227.0
2024-10-21 13:22:00,Daegu,food,88.6,46,340.0
2024-10-21 16:30:00,Busan,home,24.9,40,492.0
2024-10-21 10:20:00,Busan,home,27.7,49,216.0
2024-10-21 19:29:00,Busan,food,34.5,40,429.0
2024-10-21 12:13:00,Busan,home,67.9,50,230.0
2024-10-21 18:21:00,Daegu,home,25.3,52,335.0
2024-10-21 14:24:00,Gwangju,fashion,71.4,42,387.0
2024-10-21 13:51:00,Gwangju,home,31.5,43,446.0
2024-10-21 10:50:00,Gwangju,tech,61.3,54,427.0
2024-10-21 10:53:00,Gwangju,tech,17.3,58,319.0
2024-10-21 16:22:00,Daegu,tech,58.6,46,297.0
2024-10-21 21:45:00,Daegu,fashion,20.6,51,153.0
2024-10-22 15:09:00,Gwangju,fashion,87.0,40,209.0
2024-10-22 15:38:00,Incheon,fashion,98.9,55,156.0
2024-10-22 12:07:00,Gwangju,home,97.3,46,395.0
2024-10-22 12:51:00,Busan,fashion,81.3,39,430.0
2024-10-22 20:10:00,Gwangju,tech,95.9,43,460.0
2024-10-22 19:15:00,Gwangju,food,40.4,38,146.0
2024-10-22 16:36:00,Busan,fashion,80.7,50,131.0
2024-10-22 16:30:00,Busan,food,16.2,54,85.0
2024-10-22 21:58:00,Busan,home,98.7,45,179.0
2024-10-22 16:59:00,Daegu,fashion,69.8,56,315.0
2024-10-22 22:12:00,Busan,tech,19.6,44,435.0
2024-10-22 11:54:00,Busan,fashion,11.2,47,392.0
2024-10-22 14:19:00,Gwangju,fashion,38.5,50,311.0
2024-10-22 15:13:00,Seoul,food,95.5,45,219.0
2024-10-22 13:11:00,Daegu,fashion,16.3,52,69.0
2024-10-22 15:15:00,Incheon,home,92.0,53,224.0
2024-10-22 22:18:00,Gwangju,tech,53.0,50,441.0
2024-10-22 19:24:00,Seoul,home,38.8,52,370.0
2024-10-22 14:37:00,Daegu,home,33.4,49,197.0
2024-10-22 16:17:00,Seoul,home,69.9,49,426.0
2024-10-22 09:45:00,Busan,home,24.1,57,358.0
2024-10-22 11:34:00,Incheon,food,81.4,53,92.0
2024-10-22 09:19:00,Incheon,food,68.7,47,158.0
2024-10-22 19:35:00,Seoul,tech,33.9,50,328.0
2024-10-22 19:02:00,Gwangju,home,78.8,43,463.0
2024-10-22 16:39:00,Incheon,food,30.8,37,180.0
2024-10-22 15:55:00,Gwangju,food,18.7,57,299.0
2024-10-22 16:25:00,Gwangju,fashion,85.4,46,64.0
2024-10-22 14:12:00,Incheon,tech,70.0,42,280.0
2024-10-22 20:06:00,Daegu,home,51.1,53,112.0
2024-10-22 12:32:00,Incheon,home,40.9,68,451.0
2024-10-22 15:29:00,Gwangju,tech,65.1,44,409.0
2024-10-22 16:06:00,Incheon,fashion,35.1,66,225.0
2024-10-22 12:57:00,Seoul,food,98.6,59,437.0
2024-10-22 14:20:00,Incheon,fashion,20.7,59,257.0
2024-10-22 09:56:00,Seoul,home,43.6,49,143.0
2024-10-22 15:30:00,Busan,food,78.9,56,149.0
2024-10-22 15:56:00,Gwangju,tech,25.5,56,116.0
2024-10-22 20:17:00,Seoul,tech,65.0,52,166.0
2024-10-22 21:12:00,Daegu,home,14.7,56,110.0
2024-10-22 13:58:00,Incheon,home,43.1,63,433.0
2024-10-22 16:43:00,Gwangju,tech,25.8,63,325.0
2024-10-22 22:27:00,Seoul,home,48.4,50,468.0
2024-10-22 18:35:00,Gwangju,tech,52.0,60,358.0
2024-10-22 10:41:00,Busan,home,54.2,65,407.0
2024-10-22 17:14:00,Busan,fashion,33.4,59,330.0
2024-10-22 19:28:00,Busan,fashion,66.9,50,353.0
2024-10-22 11:33:00,Busan,food,88.5,48,348.0
2024-10-22 18:58:00,Seoul,food,67.5,40,99.0
2024-10-22 14:13:00,Seoul,home,51.3,52,382.0
2024-10-22 12:38:00,Gwangju,food,71.3,60,426.0
2024-10-22 18:44:00,Daegu,fashion,59.1,40,450.0
2024-10-22 11:30:00,Incheon,home,16.9,49,427.0
2024-10-22 10:22:00,Seoul,food,32.1,48,173.0
2024-10-22 09:38:00,Seoul,tech,24.9,52,391.0
2024-10-22 19:56:00,Busan,fashion,13.7,42,251.0
2024-10-22 09:39:00,Gwangju,home,56.1,54,204.0
2024-10-22 19:59:00,Busan,food,10.9,57,286.0
2024-10-23 11:09:00,Incheon,tech,17.8,47,426.0
2024-10-23 19:58:00,Busan,fashion,90.8,39,432.0
2024-10-23 19:46:00,Gwangju,food,44.4,35,176.0
2024-10-23 12:00:00,Gwangju,tech,70.7,60,147.0
2024-10-23 16:16:00,Seoul,food,59.9,66,392.0
2024-10-23 13:33:00,Busan,food,50.1,57,174.0
2024-10-23 15:25:00,Seoul,tech,32.6,43,499.0
2024-10-23 10:35:00,Daegu,tech,50.0,61,216.0
2024-10-23 19:27:00,Gwangju,food,85.0,52,439.0
2024-10-23 15:12:00,Busan,home,99.3,53,297.0
2024-10-23 21:27:00,Gwangju,food,38.0,60,363.0
2024-10-23 10:03:00,Incheon,tech,68.2,42,496.0
2024-10-23 13:14:00,Incheon,home,49.1,48,166.0
2024-10-23 14:40:00,Busan,fashion,31.2,54,97.0
2024-10-23 16:22:00,Gwangju,fashion,32.1,52,272.0
2024-10-23 17:14:00,Busan,tech,56.1,55,364.0
2024-10-23 19:20:00,Busan,food,28.4,51,464.0
2024-10-23 18:26:00,Incheon,food,55.8,55,442.0
2024-10-23 16:43:00,Seoul,tech,23.7,52,217.0
2024-10-23 19:43:00,Busan,home,36.8,60,409.0
2024-10-23 18:25:00,Daegu,food,88.4,33,448.0
2024-10-23 15:05:00,Seoul,fashion,67.9,53,114.0
2024-10-23 16:55:00,Gwangju,home,53.6,53,453.0
2024-10-23 14:03:00,Seoul,food,71.7,45,89.0
2024-10-23 15:06:00,Gwangju,food,68.9,46,232.0
2024-10-23 11:08:00,Seoul,tech,11.6,48,239.0
2024-10-23 21:49:00,Busan,food,76.6,43,259.0
2024-10-23 19:54:00,Daegu,food,33.9,49,434.0
2024-10-23 15:01:00,Busan,home,74.5,46,494.0
2024-10-23 16:51:00,Gwangju,home,45.8,51,149.0
2024-10-23 11:46:00,Seoul,tech,94.8,64,461.0
2024-10-23 16:14:00,Seoul,tech,87.3,48,259.0
2024-10-23 15:48:00,Incheon,home,67.5,50,415.0
2024-10-23 16:26:00,Incheon,home,43.0,47,481.0
2024-10-23 19:46:00,Seoul,food,89.1,51,69.0
2024-10-23 12:37:00,Incheon,food,25.7,56,491.0
2024-10-23 14:06:00,Incheon,tech,90.8,54,412.0
2024-10-23 18:41:00,Busan,home,81.3,41,234.0
2024-10-23 17:01:00,Seoul,tech,54.9,50,332.0
2024-10-23 13:41:00,Gwangju,fashion,55.9,57,473.0
2024-10-23 21:42:00,Seoul,home,59.7,62,316.0
2024-10-23 18:54:00,Incheon,food,89.8,49,396.0
2024-10-23 12:53:00,Seoul,tech,26.1,40,188.0
2024-10-23 19:52:00,Gwangju,tech,12.2,48,66.0
2024-10-23 16:14:00,Busan,fashion,49.9,43,165.0
2024-10-23 15:24:00,Busan,fashion,78.2,35,298.0
2024-10-23 15:24:00,Gwangju,food,21.6,74,103.0
2024-10-23 14:26:00,Daegu,food,76.3,47,445.0
2024-10-23 21:18:00,Gwangju,tech,66.1,51,137.0
2024-10-23 13:57:00,Seoul,food,10.7,44,196.0
2024-10-23 09:28:00,Busan,home,72.6,48,123.0
2024-10-23 11:31:00,Seoul,food,94.8,37,344.0
2024-10-23 20:28:00,Gwangju,food,52.3,51,398.0
2024-10-23 21:54:00,Gwangju,home,27.2,51,407.0
2024-10-23 17:38:00,Busan,home,88.2,39,476.0
2024-10-24 17:15:00,Daegu,home,21.0,54,413.0
2024-10-24 22:14:00,Incheon,food,68.4,60,329.0
2024-10-24 14:11:00,Busan,fashion,90.0,59,275.0
2024-10-24 20:44:00,Seoul,home,32.7,49,312.0
2024-10-24 15:18:00,Gwangju,food,90.9,56,343.0
2024-10-24 19:08:00,Busan,tech,97.2,37,189.0
2024-10-24 11:51:00,Incheon,food,80.2,61,105.0
2024-10-24 19:46:00,Gwangju,fashion,48.2,50,258.0
2024-10-24 12:50:00,Seoul,home,58.8,52,87.0
2024-10-24 16:47:00,Daegu,tech,48.2,59,70.0
2024-10-24 19:15:00,Busan,food,40.4,52,232.0
2024-10-24 14:12:00,Incheon,fashion,89.1,57,308.0
2024-10-24 17:00:00,Incheon,home,79.6,48,488.0
2024-10-24 22:36:00,Incheon,food,77.4,52,236.0
2024-10-24 19:12:00,Seoul,fashion,74.3,48,344.0
2024-10-24 22:44:00,Gwangju,tech,36.6,62,105.0
2024-10-24 18:42:00,Seoul,food,32.9,43,140.0
2024-10-24 13:30:00,Gwangju,food,90.7,57,158.0
2024-10-24 19:33:00,Seoul,tech,63.9,48,383.0
2024-10-24 19:02:00,Incheon,fashion,64.5,52,485.0
2024-10-24 15:04:00,Incheon,home,40.6,48,104.0
2024-10-24 16:34:00,Incheon,food,37.1,55,276.0
2024-10-24 20:31:00,Incheon,food,20.0,57,395.0
2024-10-24 19:28:00,Daegu,home,48.9,47,424.0
2024-10-24 17:34:00,Busan,tech,24.8,55,489.0
2024-10-24 15:39:00,Gwangju,home,14.8,54,484.0
2024-10-24 17:30:00,Busan,food,79.7,44,108.0
2024-10-24 17:53:00,Seoul,tech,65.5,45,495.0
2024-10-24 16:45:00,Gwangju,fashion,31.3,66,73.0
2024-10-24 14:56:00,Busan,fashion,19.3,53,405.0
2024-10-24 14:28:00,Incheon,food,15.2,38,110.0
2024-10-24 16:22:00,Daegu,food,22.7,54,73.0
2024-10-24 10:51:00,Daegu,food,28.2,48,367.0
2024-10-24 21:10:00,Daegu,home,76.3,56,90.0
2024-10-24 18:18:00,Incheon,tech,20.4,61,466.0
2024-10-24 18:39:00,Daegu,fashion,27.1,47,494.0
2024-10-24 17:05:00,Gwangju,tech,64.4,59,320.0
2024-10-24 14:28:00,Gwangju,food,27.6,53,229.0
2024-10-24 16:05:00,Seoul,tech,52.2,59,214.0
2024-10-24 16:19:00,Incheon,tech,83.3,49,434.0
2024-10-24 15:55:00,Busan,fashion,81.9,36,130.0
2024-10-24 18:14:00,Gwangju,tech,39.6,47,310.0
2024-10-24 22:19:00,Gwangju,fashion,68.0,51,160.0
2024-10-24 14:55:00,Busan,fashion,99.9,56,379.0
2024-10-24 16:19:00,Daegu,food,58.7,38,213.0
2024-10-24 19:48:00,Daegu,tech,27.8,56,488.0
2024-10-24 21:32:00,Gwangju,home,29.5,49,497.0
2024-10-24 15:47:00,Seoul,home,41.3,62,244.0
2024-10-24 10:24:00,Gwangju,home,17.5,53,465.0
2024-10-24 21:46:00,Seoul,home,71.8,49,356.0
2024-10-24 17:46:00,Busan,food,77.7,58,480.0
2024-10-24 11:11:00,Seoul,fashion,78.6,49,343.0
2024-10-24 13:48:00,Gwangju,home,76.1,58,323.0
2024-10-24 19:49:00,Busan,tech,28.2,40,156.0
2024-10-24 09:09:00,Daegu,food,99.2,59,425.0
2024-10-24 16:22:00,Seoul,home,53.1,51,399.0
2024-10-24 19:11:00,Daegu,fashion,28.6,42,149.0
2024-10-24 16:17:00,Incheon,tech,54.5,53,343.0
2024-10-24 10:14:00,Gwangju,home,79.3,51,75.0
2024-10-24 14:13:00,Daegu,fashion,57.1,41,285.0
2024-10-24 22:30:00,Gwangju,tech,54.7,46,260.0
2024-10-24 17:50:00,Daegu,food,95.4,47,420.0
2024-10-24 18:11:00,Daegu,food,21.6,56,189.0
2024-10-24 11:54:00,Incheon,home,61.7,52,391.0
2024-10-25 18:43:00,Seoul,tech,47.7,51,134.0
2024-10-25 19:45:00,Gwangju,food,52.3,62,110.0
2024-10-25 16:30:00,Seoul,fashion,22.8,48,400.0
2024-10-25 21:11:00,Incheon,tech,81.1,51,330.0
2024-10-25 17:29:00,Seoul,tech,75.3,56,316.0
2024-10-25 17:04:00,Daegu,food,43.7,57,306.0
2024-10-25 21:08:00,Daegu,home,48.8,50,352.0
2024-10-25 18:00:00,Incheon,fashion,99.4,53,190.0
2024-10-25 15:41:00,Incheon,tech,55.2,46,164.0
2024-10-25 13:03:00,Incheon,food,90.3,60,172.0
2024-10-25 15:13:00,Gwangju,fashion,49.2,61,493.0
2024-10-25 12:42:00,Daegu,home,51.4,47,244.0
2024-10-25 20:27:00,Busan,tech,36.1,48,238.0
2024-10-25 19:53:00,Gwangju,food,56.0,49,387.0
2024-10-25 12:30:00,Daegu,fashion,66.0,57,294.0
2024-10-25 13:21:00,Gwangju,tech,25.2,52,285.0
2024-10-25 20:21:00,Seoul,home,13.6,49,82.0
2024-10-25 15:43:00,Incheon,tech,80.7,40,231.0
2024-10-25 20:53:00,Gwangju,tech,98.2,59,200.0
2024-10-25 17:23:00,Incheon,food,63.9,43,245.0
2024-10-25 16:57:00,Seoul,food,81.1,48,172.0
2024-10-25 17:41:00,Gwangju,home,48.1,45,161.0
2024-10-25 15:48:00,Gwangju,tech,97.6,64,192.0
2024-10-25 20:17:00,Daegu,food,52.9,48,112.0
2024-10-25 12:06:00,Busan,tech,18.7,38,161.0
2024-10-25 19:34:00,Daegu,fashion,61.2,36,187.0
2024-10-25 18:52:00,Busan,fashion,78.2,55,361.0
2024-10-25 09:39:00,Gwangju,tech,52.7,59,439.0
2024-10-25 11:52:00,Daegu,home,78.9,53,193.0
2024-10-25 11:37:00,Seoul,home,18.8,48,364.0
2024-10-25 18:10:00,Daegu,tech,12.9,45,406.0
2024-10-25 14:04:00,Seoul,food,41.1,54,99.0
2024-10-25 18:18:00,Daegu,fashion,78.7,56,258.0
2024-10-25 16:17:00,Daegu,food,74.1,45,195.0
2024-10-25 16:36:00,Incheon,food,99.6,45,416.0
2024-10-25 15:15:00,Busan,food,62.1,59,280.0
2024-10-25 13:21:00,Seoul,fashion,59.7,54,142.0
2024-10-25 21:20:00,Busan,home,50.7,58,365.0
2024-10-25 14:06:00,Daegu,tech,56.1,45,182.0
2024-10-25 21:27:00,Incheon,food,21.7,39,254.0
2024-10-25 08:27:00,Incheon,home,51.4,48,211.0
2024-10-25 18:32:00,Seoul,fashion,44.5,50,431.0
2024-10-25 15:45:00,Daegu,tech,77.7,62,371.0
2024-10-25 21:15:00,Seoul,food,91.5,42,72.0
2024-10-25 18:40:00,Incheon,food,70.5,46,338.0
2024-10-25 14:56:00,Daegu,fashion,45.8,51,471.0
2024-10-25 14:32:00,Seoul,tech,47.9,58,109.0
2024-10-25 14:23:00,Busan,food,98.5,53,123.0
2024-10-25 11:30:00,Busan,tech,36.2,46,457.0
2024-10-25 19:23:00,Incheon,tech,47.2,45,183.0
2024-10-25 16:13:00,Seoul,food,80.3,46,441.0
2024-10-25 17:32:00,Daegu,home,64.9,55,208.0
2024-10-25 16:00:00,Gwangju,food,90.0,48,211.0
2024-10-26 18:55:00,Gwangju,food,22.2,60,338.0
2024-10-26 17:04:00,Seoul,fashion,45.3,53,94.0
2024-10-26 19:21:00,Seoul,tech,99.6,45,238.0
2024-10-26 11:10:00,Daegu,home,31.7,50,317.0
2024-10-26 20:14:00,Incheon,fashion,54.8,48,409.0
2024-10-26 11:31:00,Seoul,tech,17.1,41,140.0
2024-10-26 13:48:00,Incheon,home,46.5,57,224.0
2024-10-26 11:45:00,Daegu,food,55.0,58,294.0
2024-10-26 17:37:00,Busan,home,88.0,35,352.0
2024-10-26 21:35:00,Incheon,fashion,85.6,50,184.0
2024-10-26 19:46:00,Gwangju,tech,47.1,47,359.0
2024-10-26 14:24:00,Incheon,home,17.7,49,88.0
2024-10-26 16:02:00,Gwangju,tech,84.5,54,336.0
2024-10-26 08:14:00,Incheon,home,45.4,46,85.0
2024-10-26 16:59:00,Incheon,food,34.8,42,58.0
2024-10-26 08:52:00,Incheon,home,89.7,49,150.0
2024-10-26 19:21:00,Gwangju,food,74.8,51,391.0
2024-10-26 18:56:00,Seoul,fashion,67.7,54,361.0
2024-10-26 11:39:00,Seoul,food,31.0,60,323.0
2024-10-26 16:01:00,Seoul,tech,35.1,46,314.0
2024-10-26 13:59:00,Seoul,fashion,69.3,43,153.0
2024-10-26 14:00:00,Busan,tech,55.5,49,98.0
2024-10-26 15:55:00,Seoul,tech,87.6,47,307.0
2024-10-26 13:44:00,Busan,tech,17.8,47,481.0
2024-10-26 09:55:00,Daegu,fashion,67.9,60,78.0
2024-10-26 11:19:00,Busan,home,62.9,57,237.0
2024-10-26 17:52:00,Busan,fashion,72.7,50,409.0
2024-10-26 16:47:00,Busan,fashion,65.8,59,258.0
2024-10-26 16:10:00,Daegu,fashion,68.8,45,173.0
2024-10-26 14:29:00,Incheon,tech,70.0,51,194.0
2024-10-26 14:58:00,Busan,food,66.3,55,417.0
2024-10-26 13:27:00,Seoul,fashion,84.8,40,79.0
2024-10-26 15:27:00,Seoul,tech,51.0,62,203.0
2024-10-26 12:35:00,Daegu,tech,91.8,51,64.0
2024-10-26 19:09:00,Gwangju,tech,80.8,55,449.0
2024-10-26 12:18:00,Gwangju,tech,70.2,46,467.0
2024-10-26 17:51:00,Busan,home,43.2,39,287.0
2024-10-26 12:39:00,Seoul,tech,44.9,46,134.0
2024-10-26 14:17:00,Daegu,tech,17.6,46,192.0
2024-10-26 14:10:00,Seoul,fashion,12.7,46,230.0
2024-10-26 15:47:00,Seoul,tech,82.6,49,123.0
2024-10-27 19:37:00,Busan,tech,41.9,54,491.0
2024-10-27 21:34:00,Busan,food,28.4,55,376.0
2024-10-27 15:49:00,Busan,tech,36.8,41,451.0
2024-10-27 16:32:00,Busan,tech,92.9,58,223.0
2024-10-27 14:43:00,Seoul,food,35.5,45,428.0
2024-10-27 18:08:00,Gwangju,home,32.2,62,153.0
2024-10-27 17:31:00,Gwangju,tech,47.5,45,339.0
2024-10-27 15:13:00,Busan,home,97.5,49,422.0
2024-10-27 11:48:00,Busan,fashion,32.6,60,481.0
2024-10-27 14:14:00,Seoul,home,93.5,59,490.0
2024-10-27 15:30:00,Daegu,tech,96.2,65,66.0
2024-10-27 08:05:00,Daegu,food,43.6,35,136.0
2024-10-27 16:05:00,Gwangju,tech,80.2,48,134.0
2024-10-27 19:04:00,Gwangju,food,96.5,49,125.0
2024-10-27 17:14:00,Seoul,fashion,19.1,60,176.0
2024-10-27 16:31:00,Incheon,fashion,60.9,51,344.0
2024-10-27 19:45:00,Busan,home,34.9,43,135.0
2024-10-27 11:10:00,Gwangju,food,12.6,45,390.0
2024-10-27 16:20:00,Seoul,home,77.5,50,314.0
2024-10-27 21:25:00,Incheon,home,91.3,67,444.0
2024-10-27 16:15:00,Gwangju,home,78.1,63,231.0
2024-10-27 11:59:00,Seoul,fashion,48.3,48,81.0
2024-10-27 12:30:00,Gwangju,tech,92.6,51,213.0
2024-10-27 20:44:00,Gwangju,food,34.2,58,324.0
2024-10-27 19:04:00,Gwangju,fashion,35.1,54,200.0
2024-10-27 18:56:00,Daegu,home,57.1,48,281.0
2024-10-27 17:06:00,Daegu,home,16.7,57,356.0
2024-10-27 17:10:00,Daegu,fashion,19.8,59,155.0
2024-10-27 16:11:00,Busan,fashion,59.4,47,140.0
2024-10-27 14:53:00,Gwangju,fashion,19.1,46,353.0
2024-10-27 14:11:00,Incheon,fashion,27.0,42,370.0
2024-10-27 16:37:00,Seoul,fashion,88.4,59,499.0
2024-10-27 20:54:00,Incheon,food,26.7,49,408.0
2024-10-27 17:49:00,Busan,food,77.4,33,329.0
2024-10-27 19:20:00,Incheon,home,28.1,43,101.0
2024-10-27 17:46:00,Gwangju,tech,12.7,55,485.0
2024-10-27 16:05:00,Seoul,food,23.1,50,280.0
2024-10-27 14:32:00,Seoul,tech,41.5,38,281.0
2024-10-27 20:11:00,Busan,home,36.7,75,497.0
2024-10-27 20:42:00,Seoul,fashion,23.7,65,296.0
2024-10-27 16:39:00,Seoul,fashion,90.5,50,447.0
2024-10-27 20:17:00,Gwangju,fashion,68.5,57,225.0
2024-10-27 20:38:00,Seoul,fashion,14.3,51,161.0
2024-10-27 18:25:00,Gwangju,food,96.7,46,145.0
2024-10-27 19:28:00,Daegu,home,94.1,40,442.0
2024-10-27 16:26:00,Seoul,food,87.7,47,218.0
2024-10-27 15:42:00,Incheon,fashion,69.0,47,265.0
2024-10-27 13:15:00,Seoul,food,87.4,53,242.0
2024-10-27 17:15:00,Incheon,food,75.2,53,125.0
2024-10-27 21:12:00,Seoul,food,60.3,57,64.0
2024-10-27 12:39:00,Busan,home,74.5,41,292.0
2024-10-27 13:13:00,Busan,tech,61.7,63,63.0
2024-10-27 08:42:00,Seoul,food,49.2,35,403.0
2024-10-27 15:01:00,Daegu,home,90.2,56,296.0
2024-10-28 16:29:00,Daegu,tech,22.9,52,282.0
2024-10-28 16:30:00,Busan,food,32.2,55,106.0
2024-10-28 16:13:00,Daegu,home,91.8,47,287.0
2024-10-28 19:47:00,Daegu,food,14.4,45,394.0
2024-10-28 16:50:00,Busan,fashion,25.7,59,246.0
2024-10-28 20:10:00,Daegu,tech,34.4,41,275.0
2024-10-28 16:37:00,Gwangju,tech,94.0,51,245.0
2024-10-28 14:45:00,Daegu,home,36.5,52,252.0
2024-10-28 15:42:00,Gwangju,food,28.1,49,199.0
2024-10-28 12:17:00,Gwangju,fashion,63.5,45,205.0
2024-10-28 20:38:00,Busan,fashion,61.6,45,376.0
2024-10-28 13:32:00,Daegu,tech,16.9,53,189.0
2024-10-28 18:31:00,Incheon,home,55.6,38,234.0
2024-10-28 16:37:00,Gwangju,food,53.9,42,142.0
2024-10-28 14:31:00,Daegu,tech,12.1,61,111.0
2024-10-28 11:27:00,Busan,food,81.1,40,476.0
2024-10-28 13:50:00,Gwangju,food,61.6,67,209.0
2024-10-28 09:18:00,Daegu,home,23.8,41,186.0
2024-10-28 13:44:00,Gwangju,fashion,62.4,51,285.0
2024-10-28 19:59:00,Daegu,tech,76.3,57,435.0
2024-10-28 18:27:00,Daegu,tech,97.7,47,441.0
2024-10-28 13:08:00,Seoul,tech,46.8,52,167.0
2024-10-28 19:09:00,Seoul,home,45.0,41,370.0
2024-10-28 08:47:00,Daegu,tech,47.4,49,498.0
2024-10-28 20:02:00,Daegu,tech,85.3,49,205.0
2024-10-28 16:54:00,Daegu,fashion,33.0,56,299.0
2024-10-28 20:21:00,Incheon,tech,74.1,50,101.0
2024-10-28 10:57:00,Busan,food,95.9,46,411.0
2024-10-28 11:05:00,Gwangju,fashion,37.1,40,308.0
2024-10-28 18:46:00,Busan,food,77.9,38,348.0
2024-10-28 15:59:00,Daegu,home,33.8,41,494.0
2024-10-28 12:46:00,Busan,food,23.4,46,457.0
2024-10-28 14:01:00,Incheon,food,11.2,49,456.0
2024-10-28 12:07:00,Daegu,tech,13.2,46,95.0
2024-10-28 08:21:00,Seoul,food,42.6,64,85.0
2024-10-28 11:03:00,Busan,fashion,30.5,60,446.0
2024-10-28 19:51:00,Daegu,tech,41.7,44,51.0
2024-10-28 11:35:00,Gwangju,tech,30.9,44,146.0
2024-10-28 11:57:00,Busan,home,41.1,51,394.0
2024-10-28 15:30:00,Incheon,tech,66.1,58,114.0
2024-10-28 12:24:00,Daegu,tech,60.8,40,441.0
2024-10-28 16:08:00,Incheon,tech,13.5,45,256.0
2024-10-28 15:56:00,Seoul,fashion,51.7,44,91.0
2024-10-28 22:03:00,Gwangju,home,41.9,46,108.0
2024-10-28 17:29:00,Daegu,tech,36.7,40,379.0
2024-10-28 17:03:00,Incheon,food,35.7,49,417.0
2024-10-28 19:01:00,Incheon,home,57.6,41,186.0
2024-10-28 10:52:00,Incheon,fashion,63.8,42,272.0
2024-10-28 21:08:00,Daegu,food,50.0,38,192.0
2024-10-29 08:22:00,Seoul,home,14.7,44,224.0
2024-10-29 19:01:00,Gwangju,fashion,77.0,45,381.0
2024-10-29 16:38:00,Seoul,fashion,84.4,48,460.0
2024-10-29 20:45:00,Seoul,home,96.8,58,387.0
2024-10-29 14:00:00,Gwangju,fashion,66.1,56,128.0
2024-10-29 11:10:00,Gwangju,tech,19.9,46,343.0
2024-10-29 22:04:00,Daegu,tech,79.3,60,182.0
2024-10-29 10:49:00,Seoul,food,61.1,48,274.0
2024-10-29 08:37:00,Busan,tech,31.3,54,491.0
2024-10-29 11:21:00,Seoul,home,33.4,57,297.0
2024-10-29 15:42:00,Seoul,home,75.8,42,379.0
2024-10-29 16:41:00,Gwangju,home,75.6,48,414.0
2024-10-29 14:46:00,Busan,food,83.7,46,309.0
2024-10-29 14:03:00,Busan,tech,93.4,60,436.0
2024-10-29 16:17:00,Busan,tech,23.0,43,284.0
2024-10-29 11:52:00,Daegu,home,81.7,51,446.0
2024-10-29 20:38:00,Incheon,home,57.6,51,230.0
2024-10-29 16:59:00,Incheon,home,77.5,37,495.0
2024-10-29 15:59:00,Daegu,fashion,27.8,54,258.0
2024-10-29 08:19:00,Daegu,fashion,63.4,50,97.0
2024-10-29 20:07:00,Gwangju,home,76.6,54,384.0
2024-10-29 16:56:00,Gwangju,food,90.3,49,227.0
2024-10-29 17:22:00,Seoul,food,49.0,46,206.0
2024-10-29 11:25:00,Busan,food,64.7,49,295.0
2024-10-29 14:31:00,Seoul,tech,11.9,45,330.0
2024-10-29 18:11:00,Seoul,food,41.9,53,479.0
2024-10-29 18:37:00,Incheon,fashion,62.9,55,60.0
2024-10-29 22:29:00,Daegu,fashion,58.9,46,364.0
2024-10-29 13:39:00,Daegu,tech,91.9,40,338.0
2024-10-29 08:10:00,Seoul,fashion,12.7,46,469.0
2024-10-29 22:43:00,Busan,food,52.3,40,82.0
2024-10-29 16:09:00,Gwangju,tech,66.4,46,99.0
2024-10-29 19:04:00,Daegu,fashion,67.1,33,315.0
2024-10-29 15:27:00,Gwangju,tech,62.5,47,461.0
2024-10-29 09:30:00,Daegu,tech,87.9,55,466.0
2024-10-29 18:48:00,Busan,food,52.2,49,302.0
2024-10-29 14:42:00,Daegu,food,94.6,49,317.0
2024-10-29 17:27:00,Incheon,fashion,60.4,58,270.0
2024-10-29 13:44:00,Incheon,home,29.1,50,66.0
2024-10-29 18:18:00,Seoul,home,13.3,54,325.0
2024-10-29 16:16:00,Daegu,fashion,56.0,46,104.0
2024-10-29 14:49:00,Seoul,home,48.2,48,51.0
2024-10-29 19:58:00,Gwangju,fashion,64.3,52,393.0
2024-10-29 20:19:00,Seoul,tech,95.9,52,154.0
2024-10-29 16:32:00,Gwangju,food,27.8,44,372.0
2024-10-29 15:27:00,Incheon,tech,12.3,54,121.0
2024-10-29 12:42:00,Seoul,fashion,87.1,47,148.0
2024-10-29 15:57:00,Daegu,fashion,79.8,40,125.0
2024-10-29 19:02:00,Busan,home,42.5,48,260.0
2024-10-29 12:32:00,Gwangju,home,21.2,55,227.0
2024-10-29 17:57:00,Busan,fashion,45.7,51,345.0
2024-10-29 18:27:00,Incheon,tech,10.0,50,184.0
2024-10-29 19:00:00,Busan,food,10.9,37,163.0
2024-10-29 09:32:00,Daegu,food,94.9,51,269.0
2024-10-29 21:36:00,Daegu,home,22.2,51,262.0
2024-10-30 16:05:00,Daegu,home,17.6,49,411.0
2024-10-30 13:22:00,Incheon,home,88.0,50,218.0
2024-10-30 11:40:00,Gwangju,food,53.1,55,233.0
2024-10-30 20:15:00,Daegu,home,83.1,58,175.0
2024-10-30 17:44:00,Daegu,tech,70.6,38,274.0
2024-10-30 21:09:00,Seoul,fashion,96.9,49,75.0
2024-10-30 14:32:00,Busan,tech,87.4,55,310.0
2024-10-30 21:26:00,Busan,home,94.3,53,329.0
2024-10-30 14:44:00,Incheon,tech,99.7,49,299.0
2024-10-30 12:46:00,Seoul,food,84.1,50,277.0
2024-10-30 18:24:00,Gwangju,fashion,17.6,50,444.0
2024-10-30 21:35:00,Gwangju,home,29.9,63,354.0
2024-10-30 18:09:00,Daegu,tech,19.3,59,197.0
2024-10-30 12:14:00,Seoul,fashion,37.9,37,124.0
2024-10-30 17:39:00,Daegu,home,86.7,48,139.0
2024-10-30 13:10:00,Incheon,tech,33.6,55,255.0
2024-10-30 10:54:00,Busan,food,68.2,40,270.0
2024-10-30 19:21:00,Seoul,food,95.5,51,360.0
2024-10-30 21:58:00,Seoul,home,82.2,57,311.0
2024-10-30 20:43:00,Incheon,home,76.9,46,106.0
2024-10-30 14:59:00,Incheon,tech,14.0,47,67.0
2024-10-30 13:49:00,Daegu,home,51.4,49,281.0
2024-10-30 18:43:00,Daegu,food,73.8,56,437.0
2024-10-30 15:48:00,Incheon,food,36.1,52,82.0
2024-10-30 11:38:00,Daegu,home,84.2,56,199.0
2024-10-30 15:05:00,Incheon,food,40.5,45,198.0
2024-10-30 14:47:00,Seoul,tech,55.1,56,435.0
2024-10-30 08:44:00,Gwangju,fashion,88.0,45,286.0
2024-10-30 18:10:00,Seoul,fashion,73.5,48,472.0
2024-10-30 12:52:00,Daegu,tech,60.0,55,273.0
2024-10-30 19:44:00,Incheon,food,36.2,46,111.0
2024-10-30 15:49:00,Gwangju,home,71.6,55,306.0
2024-10-30 21:40:00,Gwangju,fashion,49.6,41,100.0
2024-10-30 17:09:00,Daegu,home,15.4,41,408.0
2024-10-30 19:59:00,Busan,fashion,86.3,53,301.0
2024-10-30 20:33:00,Daegu,fashion,78.9,54,208.0
2024-10-30 19:06:00,Seoul,food,54.1,59,238.0
2024-10-30 11:36:00,Busan,tech,34.2,54,344.0
2024-10-30 21:18:00,Incheon,home,23.8,54,66.0
2024-10-30 11:02:00,Gwangju,food,72.4,45,213.0
2024-10-30 09:28:00,Gwangju,fashion,76.6,42,131.0
2024-10-30 13:25:00,Daegu,home,91.3,51,395.0
2024-10-30 18:40:00,Daegu,fashion,69.8,51,66.0
2024-10-30 21:21:00,Seoul,tech,32.4,48,451.0
2024-10-30 10:51:00,Seoul,fashion,88.6,56,421.0
2024-10-30 17:57:00,Busan,food,20.0,52,112.0
2024-10-30 14:26:00,Seoul,food,66.2,51,302.0
2024-10-31 16:10:00,Daegu,fashion,58.4,53,116.0
2024-10-31 12:53:00,Gwangju,food,94.2,47,382.0
2024-10-31 16:34:00,Gwangju,food,90.2,52,260.0
2024-10-31 16:48:00,Incheon,tech,52.5,49,457.0
2024-10-31 20:48:00,Incheon,tech,72.7,49,84.0
2024-10-31 16:49:00,Incheon,tech,91.2,38,279.0
2024-10-31 17:26:00,Gwangju,tech,32.3,34,431.0
2024-10-31 11:32:00,Gwangju,home,98.4,40,85.0
2024-10-31 12:35:00,Gwangju,home,21.4,53,139.0
2024-10-31 22:55:00,Seoul,tech,18.7,45,302.0
2024-10-31 12:26:00,Incheon,fashion,42.4,58,174.0
2024-10-31 09:04:00,Gwangju,home,31.4,55,228.0
2024-10-31 16:41:00,Seoul,tech,95.8,40,447.0
2024-10-31 15:37:00,Daegu,tech,12.1,49,332.0
2024-10-31 16:06:00,Gwangju,home,33.2,42,400.0
2024-10-31 19:34:00,Incheon,food,46.0,55,484.0
2024-10-31 15:19:00,Incheon,home,86.6,50,96.0
2024-10-31 17:13:00,Seoul,home,90.2,60,368.0
2024-10-31 15:40:00,Seoul,tech,13.6,49,192.0
2024-10-31 19:43:00,Daegu,tech,25.5,48,147.0
2024-10-31 12:59:00,Seoul,home,71.4,47,96.0
2024-10-31 16:52:00,Gwangju,tech,35.0,39,182.0
2024-10-31 14:26:00,Seoul,tech,63.8,55,284.0
2024-10-31 19:29:00,Incheon,tech,26.1,55,478.0
2024-10-31 17:05:00,Daegu,tech,92.8,53,325.0
2024-10-31 16:24:00,Seoul,home,76.0,49,280.0
2024-10-31 11:50:00,Incheon,tech,53.8,48,54.0
2024-10-31 10:30:00,Daegu,home,33.5,54,149.0
2024-10-31 15:15:00,Gwangju,food,79.1,57,453.0
2024-10-31 21:41:00,Seoul,tech,41.3,36,71.0
2024-10-31 17:31:00,Daegu,fashion,80.3,70,329.0
2024-10-31 14:56:00,Daegu,tech,44.8,42,282.0
2024-10-31 12:38:00,Daegu,tech,58.2,61,272.0
2024-10-31 12:02:00,Daegu,tech,66.2,49,375.0
2024-10-31 10:01:00,Daegu,tech,87.0,44,266.0
2024-10-31 08:00:00,Seoul,fashion,45.5,55,189.0
2024-10-31 18:29:00,Daegu,tech,32.0,39,236.0
2024-10-31 19:47:00,Gwangju,tech,71.5,56,461.0
2024-10-31 15:40:00,Seoul,tech,26.6,45,91.0
2024-10-31 17:30:00,Gwangju,home,66.3,57,344.0
2024-10-31 14:20:00,Daegu,home,81.3,55,128.0
2024-10-31 11:18:00,Incheon,fashion,37.6,44,402.0
2024-10-31 13:04:00,Daegu,food,20.2,62,345.0
2024-10-31 09:20:00,Seoul,home,84.1,46,182.0
2024-10-31 10:26:00,Incheon,tech,51.3,48,257.0
2024-10-31 14:38:00,Incheon,tech,41.5,45,160.0
2024-10-31 11:25:00,Busan,tech,28.4,54,106.0
2024-10-31 21:45:00,Gwangju,tech,21.7,49,169.0
2024-10-31 16:08:00,Gwangju,food,73.9,45,360.0
2024-10-31 12:50:00,Busan,fashion,69.2,40,344.0
2024-10-31 18:43:00,Gwangju,tech,92.6,58,248.0
2024-10-31 15:08:00,Busan,food,75.6,65,146.0
2024-10-31 19:56:00,Incheon,food,36.4,43,267.0
2024-10-31 17:08:00,Gwangju,fashion,74.6,57,207.0
2024-10-31 14:21:00,Busan,fashion,51.1,50,79.0
2024-10-31 09:45:00,Seoul,food,51.7,46,150.0
2024-11-01 20:13:00,Incheon,fashion,82.2,59,462.0
2024-11-01 15:25:00,Busan,fashion,31.2,60,354.0
2024-11-01 15:29:00,Gwangju,home,77.3,44,76.0
2024-11-01 18:06:00,Gwangju,home,32.7,57,367.0
2024-11-01 16:10:00,Gwangju,home,15.0,53,90.0
2024-11-01 15:17:00,Daegu,fashion,60.8,49,256.0
2024-11-01 11:18:00,Gwangju,tech,64.1,51,362.0
2024-11-01 13:39:00,Gwangju,tech,97.4,44,167.0
2024-11-01 15:05:00,Gwangju,fashion,45.7,47,154.0
2024-11-01 18:39:00,Daegu,food,95.3,53,101.0
2024-11-01 18:16:00,Gwangju,tech,41.5,48,112.0
2024-11-01 14:21:00,Daegu,tech,95.9,51,366.0
2024-11-01 16:36:00,Gwangju,fashion,16.2,52,415.0
2024-11-01 16:54:00,Busan,home,87.1,60,197.0
2024-11-01 16:25:00,Seoul,tech,59.6,53,479.0
2024-11-01 14:39:00,Busan,food,86.4,71,83.0
2024-11-01 14:36:00,Daegu,food,19.2,43,157.0
2024-11-01 13:52:00,Busan,food,90.8,50,317.0
2024-11-01 12:09:00,Daegu,food,13.6,47,415.0
2024-11-01 16:26:00,Daegu,fashion,79.6,46,169.0
2024-11-01 16:18:00,Seoul,home,24.4,50,496.0
2024-11-01 21:06:00,Seoul,food,89.7,56,156.0
2024-11-01 14:41:00,Incheon,tech,17.8,48,175.0
2024-11-01 22:19:00,Gwangju,food,67.4,56,484.0
2024-11-01 10:42:00,Busan,food,37.9,46,416.0
2024-11-01 20:18:00,Gwangju,tech,30.6,50,82.0
2024-11-01 17:33:00,Incheon,tech,55.0,59,250.0
2024-11-01 16:51:00,Seoul,fashion,30.9,56,307.0
2024-11-01 19:40:00,Incheon,food,65.9,67,333.0
2024-11-01 21:41:00,Busan,home,24.4,51,254.0
2024-11-01 12:14:00,Seoul,food,22.1,57,237.0
2024-11-01 09:15:00,Incheon,food,22.9,37,292.0
2024-11-01 19:08:00,Daegu,food,22.6,58,255.0
2024-11-01 19:20:00,Daegu,fashion,36.1,52,419.0
2024-11-01 16:44:00,Busan,food,79.6,60,174.0
2024-11-01 12:12:00,Daegu,food,95.1,30,382.0
2024-11-01 18:31:00,Seoul,home,13.0,46,268.0
2024-11-01 12:08:00,Busan,tech,92.9,56,347.0
2024-11-01 14:57:00,Seoul,home,85.6,54,63.0
2024-11-01 13:41:00,Incheon,food,49.2,46,485.0
2024-11-01 20:51:00,Incheon,tech,40.6,53,112.0
2024-11-01 19:28:00,Busan,home,12.3,43,363.0
2024-11-01 16:11:00,Incheon,tech,88.7,48,338.0
2024-11-01 10:25:00,Daegu,home,37.6,46,82.0
2024-11-01 21:37:00,Busan,tech,54.1,53,184.0
2024-11-01 16:33:00,Seoul,home,49.5,57,437.0
2024-11-01 16:09:00,Gwangju,home,94.2,54,240.0
2024-11-01 21:58:00,Gwangju,tech,44.9,51,324.0
2024-11-01 12:32:00,Gwangju,fashion,39.5,55,419.0
2024-11-01 13:24:00,Incheon,food,77.9,53,408.0
2024-11-01 20:30:00,Busan,food,18.6,64,211.0
2024-11-01 14:07:00,Gwangju,home,57.1,50,199.0
2024-11-01 21:18:00,Seoul,fashion,54.6,45,480.0
2024-11-01 16:33:00,Incheon,fashion,61.3,47,440.0
2024-11-01 13:33:00,Seoul,fashion,84.4,56,231.0
2024-11-01 18:32:00,Daegu,tech,62.7,41,496.0
2024-11-01 17:08:00,Busan,home,18.3,44,389.0
2024-11-01 20:20:00,Daegu,tech,34.4,49,300.0
2024-11-02 14:45:00,Incheon,home,59.1,47,477.0
2024-11-02 22:57:00,Busan,tech,73.6,57,357.0
2024-11-02 21:41:00,Seoul,home,73.6,56,148.0
2024-11-02 21:53:00,Incheon,fashion,21.4,46,157.0
2024-11-02 08:51:00,Incheon,tech,10.8,43,454.0
2024-11-02 15:42:00,Seoul,food,90.7,46,379.0
2024-11-02 13:02:00,Incheon,fashion,79.7,62,247.0
2024-11-02 09:14:00,Incheon,food,17.9,58,377.0
2024-11-02 20:14:00,Incheon,fashion,83.9,51,80.0
2024-11-02 19:11:00,Daegu,home,51.9,63,370.0
2024-11-02 17:19:00,Daegu,fashion,89.8,51,174.0
2024-11-02 11:44:00,Incheon,tech,28.4,49,284.0
2024-11-02 18:55:00,Daegu,food,40.7,42,149.0
2024-11-02 16:04:00,Seoul,tech,80.0,46,292.0
2024-11-02 14:50:00,Gwangju,tech,68.7,53,57.0
2024-11-02 17:38:00,Daegu,fashion,49.7,42,404.0
2024-11-02 17:24:00,Seoul,tech,81.5,46,307.0
2024-11-02 13:33:00,Busan,fashion,15.2,39,301.0
2024-11-02 15:40:00,Busan,food,10.4,48,457.0
2024-11-02 09:01:00,Seoul,home,35.1,44,218.0
2024-11-02 10:06:00,Busan,tech,48.5,62,427.0
2024-11-02 14:23:00,Gwangju,home,47.6,50,487.0
2024-11-02 10:08:00,Daegu,home,97.6,60,213.0
2024-11-02 14:16:00,Incheon,fashion,49.5,49,154.0
2024-11-02 11:55:00,Busan,tech,35.4,50,375.0
2024-11-02 15:29:00,Busan,tech,20.1,46,258.0
2024-11-02 16:26:00,Gwangju,fashion,93.6,46,75.0
2024-11-02 11:25:00,Busan,tech,67.7,51,82.0
2024-11-02 19:36:00,Gwangju,fashion,28.5,46,338.0
2024-11-02 20:39:00,Incheon,food,76.1,57,110.0
2024-11-02 17:58:00,Daegu,food,89.1,52,100.0
2024-11-02 19:49:00,Gwangju,tech,62.8,56,76.0
2024-11-02 10:44:00,Daegu,fashion,95.2,60,68.0
2024-11-02 16:26:00,Gwangju,food,27.2,58,419.0
2024-11-02 18:38:00,Seoul,home,31.0,44,405.0
2024-11-02 16:31:00,Incheon,home,28.0,44,237.0
2024-11-02 15:27:00,Seoul,food,83.2,45,283.0
2024-11-02 09:06:00,Incheon,food,64.2,48,377.0
2024-11-02 10:49:00,Gwangju,food,72.0,57,138.0
2024-11-02 17:38:00,Daegu,food,26.9,40,338.0
2024-11-02 12:49:00,Gwangju,fashion,89.0,36,327.0
2024-11-02 09:52:00,Incheon,tech,42.0,38,163.0
2024-11-02 18:26:00,Incheon,food,63.9,50,159.0
2024-11-02 15:54:00,Incheon,fashion,15.6,59,473.0
2024-11-02 19:54:00,Busan,fashion,67.7,58,313.0
2024-11-02 15:07:00,Gwangju,tech,53.7,58,274.0
2024-11-02 16:59:00,Gwangju,home,28.9,61,62.0
2024-11-02 12:19:00,Incheon,fashion,76.5,43,142.0
2024-11-02 14:55:00,Gwangju,home,33.8,51,393.0
2024-11-02 11:59:00,Busan,home,49.8,56,152.0
2024-11-02 16:39:00,Gwangju,home,30.0,52,162.0
2024-11-02 12:39:00,Gwangju,fashion,10.5,52,259.0
2024-11-02 19:10:00,Busan,fashion,44.0,48,446.0
2024-11-03 21:04:00,Gwangju,fashion,55.2,71,280.0
2024-11-03 16:04:00,Gwangju,food,28.9,55,454.0
2024-11-03 17:34:00,Seoul,fashion,72.1,55,298.0
2024-11-03 16:14:00,Gwangju,home,38.1,51,363.0
2024-11-03 22:24:00,Incheon,food,99.5,52,444.0
2024-11-03 16:57:00,Seoul,fashion,48.3,52,283.0
2024-11-03 13:41:00,Busan,tech,33.4,54,361.0
2024-11-03 15:44:00,Daegu,tech,42.5,51,233.0
2024-11-03 21:21:00,Seoul,tech,86.3,62,149.0
2024-11-03 16:49:00,Seoul,food,58.2,49,178.0
2024-11-03 20:20:00,Incheon,home,95.1,48,81.0
2024-11-03 21:24:00,Gwangju,tech,67.9,53,355.0
2024-11-03 13:31:00,Daegu,food,19.6,46,95.0
2024-11-03 11:58:00,Incheon,fashion,79.2,38,472.0
2024-11-03 10:27:00,Gwangju,home,30.0,51,266.0
2024-11-03 18:54:00,Busan,fashion,67.8,46,367.0
2024-11-03 15:21:00,Gwangju,home,85.1,62,141.0
2024-11-03 18:25:00,Gwangju,tech,13.0,49,160.0
2024-11-03 17:09:00,Seoul,fashion,80.4,51,160.0
2024-11-03 10:37:00,Gwangju,home,88.1,51,77.0
2024-11-03 12:08:00,Gwangju,home,54.3,51,330.0
2024-11-03 13:14:00,Gwangju,home,50.4,44,243.0
2024-11-03 17:20:00,Incheon,tech,93.8,48,362.0
2024-11-03 18:59:00,Daegu,home,18.2,50,342.0
2024-11-03 17:56:00,Busan,tech,46.1,56,293.0
2024-11-03 20:25:00,Gwangju,food,42.4,55,333.0
2024-11-03 10:33:00,Busan,tech,31.6,41,303.0
2024-11-03 14:58:00,Incheon,food,14.2,47,373.0
2024-11-03 21:04:00,Busan,fashion,17.7,60,383.0
2024-11-03 14:04:00,Gwangju,tech,96.8,45,202.0
2024-11-03 10:14:00,Seoul,home,91.8,40,388.0
2024-11-03 14:47:00,Incheon,tech,82.9,38,229.0
2024-11-03 18:51:00,Daegu,fashion,34.4,32,480.0
2024-11-03 14:16:00,Gwangju,food,24.7,51,252.0
2024-11-03 13:02:00,Incheon,fashion,60.9,46,86.0
2024-11-03 09:34:00,Busan,tech,65.2,51,328.0
2024-11-03 09:04:00,Seoul,food,26.2,58,144.0
2024-11-03 14:50:00,Daegu,tech,50.7,46,141.0
2024-11-03 16:00:00,Daegu,home,73.8,41,421.0
2024-11-03 12:41:00,Daegu,food,89.3,42,188.0
2024-11-03 15:07:00,Busan,tech,75.3,55,105.0
2024-11-03 14:12:00,Busan,home,11.5,56,286.0
2024-11-03 17:30:00,Busan,fashion,25.4,50,426.0
2024-11-03 20:18:00,Daegu,food,20.4,47,96.0
2024-11-03 18:08:00,Incheon,fashion,37.3,43,460.0
2024-11-03 19:49:00,Incheon,fashion,55.5,62,273.0
2024-11-03 14:47:00,Incheon,food,66.9,53,214.0
2024-11-03 11:09:00,Daegu,tech,16.8,55,146.0
2024-11-03 16:06:00,Daegu,fashion,24.9,51,124.0
2024-11-03 17:19:00,Seoul,home,70.2,50,423.0
2024-11-03 16:54:00,Busan,home,95.8,55,96.0
2024-11-03 16:43:00,Seoul,tech,71.4,45,416.0
2024-11-03 19:19:00,Incheon,food,23.4,48,102.0
2024-11-03 11:22:00,Busan,home,81.0,55,226.0
2024-11-03 15:05:00,Incheon,home,72.5,33,304.0
2024-11-03 12:21:00,Incheon,home,57.2,53,349.0
2024-11-03 17:35:00,Incheon,tech,51.6,61,132.0
2024-11-03 11:19:00,Incheon,food,43.2,36,96.0
2024-11-03 17:59:00,Busan,tech,24.6,63,440.0
2024-11-03 21:54:00,Daegu,tech,19.2,61,473.0
2024-11-04 12:21:00,Busan,food,28.4,50,191.0
2024-11-04 17:08:00,Gwangju,tech,21.8,42,398.0
2024-11-04 15:29:00,Incheon,home,75.6,53,72.0
2024-11-04 14:56:00,Seoul,food,55.8,52,444.0
2024-11-04 10:33:00,Busan,tech,61.3,58,236.0
2024-11-04 20:17:00,Incheon,fashion,12.5,51,338.0
2024-11-04 09:32:00,Busan,fashion,24.0,43,226.0
2024-11-04 10:01:00,Seoul,tech,60.2,48,283.0
2024-11-04 20:34:00,Seoul,tech,13.0,47,338.0
2024-11-04 22:27:00,Seoul,home,74.7,41,292.0
2024-11-04 16:33:00,Busan,fashion,28.4,45,363.0
2024-11-04 10:46:00,Gwangju,food,18.6,51,441.0
2024-11-04 16:14:00,Daegu,food,53.1,56,488.0
2024-11-04 14:27:00,Gwangju,fashion,75.0,53,133.0
2024-11-04 18:12:00,Daegu,food,85.1,45,221.0
2024-11-04 16:06:00,Incheon,tech,95.1,53,218.0
2024-11-04 14:38:00,Daegu,fashion,60.9,54,324.0
2024-11-04 14:38:00,Daegu,tech,56.5,46,329.0
2024-11-04 16:38:00,Busan,tech,94.0,64,148.0
2024-11-04 20:44:00,Busan,fashion,98.5,51,154.0
2024-11-04 14:56:00,Daegu,fashion,71.7,43,168.0
2024-11-04 14:44:00,Busan,tech,20.2,49,216.0
2024-11-04 14:25:00,Busan,tech,36.8,57,484.0
2024-11-04 15:10:00,Daegu,home,21.0,51,178.0
2024-11-04 11:32:00,Incheon,tech,47.3,39,60.0
2024-11-04 15:19:00,Incheon,fashion,83.3,53,122.0
2024-11-04 15:53:00,Daegu,food,45.5,60,199.0
2024-11-04 18:12:00,Daegu,home,76.9,44,324.0
2024-11-04 11:19:00,Incheon,tech,94.3,51,261.0
2024-11-04 15:16:00,Gwangju,food,86.5,53,65.0
2024-11-04 18:54:00,Daegu,fashion,67.3,46,388.0
2024-11-04 20:17:00,Gwangju,food,59.4,51,313.0
2024-11-04 16:53:00,Busan,tech,34.3,41,62.0
2024-11-04 20:39:00,Daegu,food,67.9,34,345.0
2024-11-04 21:40:00,Daegu,tech,41.6,44,197.0
2024-11-04 14:54:00,Incheon,fashion,57.2,40,125.0
2024-11-04 19:11:00,Busan,fashion,79.7,51,481.0
2024-11-04 11:44:00,Incheon,food,94.5,49,447.0
2024-11-04 12:25:00,Seoul,home,71.8,58,481.0
2024-11-04 16:38:00,Gwangju,tech,74.0,63,136.0
2024-11-04 10:08:00,Gwangju,fashion,40.1,53,409.0
2024-11-04 10:51:00,Daegu,food,65.1,50,474.0
2024-11-04 17:10:00,Gwangju,tech,67.4,56,304.0
2024-11-04 15:35:00,Incheon,tech,75.3,48,487.0
2024-11-04 15:55:00,Seoul,home,71.4,37,439.0
2024-11-04 20:15:00,Incheon,food,45.5,41,275.0
2024-11-04 11:27:00,Daegu,home,82.3,53,390.0
2024-11-04 18:19:00,Busan,fashion,83.0,46,104.0
2024-11-04 15:16:00,Busan,fashion,55.5,41,174.0
2024-11-04 18:58:00,Gwangju,fashion,20.4,47,181.0
2024-11-04 10:18:00,Busan,tech,72.3,50,221.0
2024-11-04 16:17:00,Incheon,home,29.1,41,330.0
2024-11-05 20:11:00,Seoul,fashion,21.5,47,87.0
2024-11-05 16:23:00,Daegu,fashion,49.5,50,401.0
2024-11-05 20:36:00,Gwangju,food,87.0,43,165.0
2024-11-05 08:22:00,Seoul,home,32.3,43,464.0
2024-11-05 11:25:00,Seoul,fashion,78.4,47,172.0
2024-11-05 19:00:00,Seoul,tech,25.4,33,247.0
2024-11-05 16:38:00,Busan,home,49.8,47,309.0
2024-11-05 11:29:00,Daegu,fashion,33.9,51,398.0
2024-11-05 17:44:00,Daegu,tech,59.7,52,381.0
2024-11-05 15:33:00,Daegu,fashion,46.1,45,239.0
2024-11-05 09:23:00,Gwangju,home,96.5,38,272.0
2024-11-05 12:23:00,Incheon,food,50.2,42,169.0
2024-11-05 21:02:00,Daegu,fashion,13.9,59,444.0
2024-11-05 11:36:00,Incheon,food,36.3,35,351.0
2024-11-05 12:07:00,Daegu,food,41.4,47,92.0
2024-11-05 09:51:00,Incheon,tech,86.5,38,379.0
2024-11-05 17:52:00,Busan,fashion,32.6,45,151.0
2024-11-05 15:54:00,Seoul,food,10.8,57,424.0
2024-11-05 13:36:00,Incheon,tech,11.9,38,132.0
2024-11-05 13:31:00,Busan,tech,52.2,65,140.0
2024-11-05 16:44:00,Busan,food,47.8,48,90.0
2024-11-05 16:31:00,Seoul,tech,38.6,53,322.0
2024-11-05 17:20:00,Incheon,home,78.5,59,401.0
2024-11-05 15:33:00,Gwangju,home,78.3,40,236.0
2024-11-05 11:10:00,Daegu,tech,35.9,54,256.0
2024-11-05 15:30:00,Daegu,fashion,81.5,50,457.0
2024-11-05 10:19:00,Incheon,food,29.9,50,392.0
2024-11-05 08:45:00,Busan,tech,91.2,48,417.0
2024-11-05 13:00:00,Busan,fashion,28.4,63,196.0
2024-11-05 08:36:00,Incheon,home,68.9,55,100.0
2024-11-05 18:18:00,Daegu,food,84.8,54,221.0
2024-11-05 16:06:00,Gwangju,food,47.5,41,280.0
2024-11-05 17:26:00,Incheon,food,40.5,50,336.0
2024-11-05 16:52:00,Gwangju,home,80.7,43,458.0
2024-11-05 15:23:00,Gwangju,tech,76.6,38,117.0
2024-11-05 21:02:00,Gwangju,fashion,97.4,38,261.0
2024-11-05 19:45:00,Seoul,food,44.6,47,462.0
2024-11-05 19:35:00,Gwangju,home,40.9,41,497.0
2024-11-05 12:38:00,Daegu,home,44.9,60,391.0
2024-11-05 17:03:00,Gwangju,fashion,97.4,50,70.0
2024-11-05 13:35:00,Gwangju,tech,48.7,59,228.0
2024-11-05 17:37:00,Gwangju,fashion,61.7,50,355.0
2024-11-05 15:01:00,Busan,fashion,89.8,52,473.0
2024-11-05 18:16:00,Daegu,food,79.3,45,429.0
2024-11-05 12:20:00,Incheon,food,77.9,52,485.0
2024-11-05 14:40:00,Incheon,tech,16.2,57,124.0
2024-11-05 13:28:00,Seoul,food,12.0,61,263.0
2024-11-05 21:12:00,Busan,tech,37.5,46,404.0
2024-11-05 14:41:00,Seoul,food,80.6,51,72.0
2024-11-06 16:08:00,Daegu,fashion,81.2,49,466.0
2024-11-06 09:42:00,Seoul,tech,57.0,45,109.0
2024-11-06 16:21:00,Busan,tech,11.9,49,174.0
2024-11-06 16:26:00,Daegu,tech,48.9,60,294.0
2024-11-06 08:19:00,Seoul,home,68.4,53,155.0
2024-11-06 15:53:00,Seoul,fashion,85.9,48,346.0
2024-11-06 10:45:00,Busan,food,56.7,49,293.0
2024-11-06 21:39:00,Incheon,fashion,54.2,46,355.0
2024-11-06 13:50:00,Seoul,food,63.6,50,86.0
2024-11-06 14:40:00,Gwangju,fashion,97.5,55,290.0
2024-11-06 16:07:00,Busan,fashion,22.9,41,183.0
2024-11-06 13:47:00,Daegu,food,76.8,61,57.0
2024-11-06 13:58:00,Busan,fashion,16.1,60,279.0
2024-11-06 15:43:00,Seoul,food,60.3,47,238.0
2024-11-06 17:37:00,Gwangju,fashion,14.7,60,410.0
2024-11-06 18:31:00,Daegu,tech,60.6,65,165.0
2024-11-06 22:25:00,Gwangju,tech,72.5,49,249.0
2024-11-06 15:12:00,Busan,tech,55.5,45,487.0
2024-11-06 16:11:00,Seoul,home,20.6,48,268.0
2024-11-06 12:18:00,Incheon,fashion,66.3,38,357.0
2024-11-06 10:53:00,Busan,food,43.8,54,115.0
2024-11-06 16:30:00,Incheon,fashion,93.3,52,421.0
2024-11-06 19:42:00,Seoul,tech,51.4,38,261.0
2024-11-06 14:42:00,Incheon,tech,80.4,49,356.0
2024-11-06 19:13:00,Daegu,food,64.7,55,483.0
2024-11-06 11:42:00,Seoul,food,73.1,54,318.0
2024-11-06 21:47:00,Incheon,tech,22.9,53,137.0
2024-11-06 13:23:00,Gwangju,fashion,95.0,39,230.0
2024-11-06 18:15:00,Daegu,home,49.5,53,426.0
2024-11-06 09:14:00,Daegu,fashion,49.1,63,404.0
2024-11-06 18:29:00,Daegu,fashion,13.7,56,468.0
2024-11-06 15:27:00,Daegu,food,76.4,61,490.0
2024-11-06 15:15:00,Seoul,home,80.9,45,398.0
2024-11-06 20:46:00,Seoul,home,88.1,66,429.0
2024-11-06 19:22:00,Incheon,tech,40.4,47,317.0
2024-11-06 17:03:00,Daegu,food,70.9,54,93.0
2024-11-06 14:21:00,Gwangju,fashion,74.8,45,114.0
2024-11-06 14:37:00,Daegu,tech,49.6,47,405.0
2024-11-06 16:57:00,Incheon,food,15.3,48,348.0
2024-11-06 16:27:00,Gwangju,tech,61.9,59,424.0
2024-11-06 10:38:00,Busan,tech,13.2,52,104.0
2024-11-06 10:39:00,Incheon,tech,83.2,50,119.0
2024-11-06 12:43:00,Gwangju,tech,52.5,57,146.0
2024-11-07 12:03:00,Daegu,home,18.4,52,63.0
2024-11-07 15:31:00,Daegu,food,24.4,57,348.0
2024-11-07 14:46:00,Busan,home,39.9,57,331.0
2024-11-07 11:41:00,Gwangju,food,82.2,45,304.0
2024-11-07 09:53:00,Incheon,fashion,10.9,45,225.0
2024-11-07 18:24:00,Daegu,tech,17.3,52,182.0
2024-11-07 22:18:00,Incheon,tech,40.4,47,130.0
2024-11-07 19:51:00,Incheon,food,47.7,54,320.0
2024-11-07 20:29:00,Gwangju,tech,72.5,55,417.0
2024-11-07 13:51:00,Seoul,food,44.4,48,229.0
2024-11-07 09:29:00,Incheon,home,41.8,35,199.0
2024-11-07 13:42:00,Daegu,fashion,78.6,56,96.0
2024-11-07 18:28:00,Incheon,fashion,51.5,45,476.0
2024-11-07 14:29:00,Incheon,fashion,16.6,57,68.0
2024-11-07 14:30:00,Gwangju,home,17.1,44,339.0
2024-11-07 14:10:00,Daegu,fashion,65.5,52,336.0
2024-11-07 11:19:00,Daegu,fashion,87.6,50,313.0
2024-11-07 18:34:00,Daegu,home,78.8,49,232.0
2024-11-07 22:06:00,Seoul,home,10.2,50,399.0
2024-11-07 15:43:00,Incheon,home,19.7,50,327.0
2024-11-07 16:56:00,Gwangju,food,48.8,40,338.0
2024-11-07 20:37:00,Busan,tech,15.4,52,300.0
2024-11-07 18:06:00,Daegu,fashion,77.1,51,364.0
2024-11-07 18:41:00,Incheon,tech,73.5,50,352.0
2024-11-07 16:25:00,Seoul,fashion,23.3,56,104.0
2024-11-07 11:11:00,Gwangju,tech,29.7,44,452.0
2024-11-07 12:26:00,Busan,fashion,60.2,56,284.0
2024-11-07 16:56:00,Daegu,home,90.1,57,486.0
2024-11-07 21:42:00,Seoul,fashion,50.2,46,295.0
2024-11-07 15:38:00,Seoul,fashion,54.3,55,236.0
2024-11-07 12:27:00,Busan,fashion,76.0,47,171.0
2024-11-07 12:50:00,Seoul,tech,91.3,65,377.0
2024-11-07 15:31:00,Incheon,fashion,55.9,55,397.0
2024-11-07 16:40:00,Daegu,fashion,58.0,44,443.0
2024-11-07 11:13:00,Gwangju,tech,22.5,44,118.0
2024-11-07 12:57:00,Daegu,tech,60.6,63,133.0
2024-11-07 19:57:00,Seoul,fashion,67.1,55,151.0
2024-11-07 21:38:00,Seoul,fashion,64.1,55,177.0
2024-11-07 17:38:00,Busan,tech,19.0,56,64.0
2024-11-07 13:43:00,Busan,fashion,38.7,61,144.0
2024-11-07 18:42:00,Daegu,fashion,70.5,57,221.0
2024-11-07 14:59:00,Incheon,fashion,30.8,50,331.0
2024-11-07 17:15:00,Busan,home,87.5,51,470.0
2024-11-07 16:00:00,Busan,food,60.2,54,400.0
2024-11-07 15:11:00,Seoul,tech,46.0,53,307.0
2024-11-07 22:30:00,Gwangju,fashion,63.9,48,371.0
2024-11-07 14:48:00,Seoul,home,90.3,64,448.0
2024-11-07 13:30:00,Incheon,food,97.5,53,310.0
2024-11-07 18:50:00,Incheon,home,43.7,52,350.0
2024-11-07 17:02:00,Incheon,food,47.4,38,447.0
2024-11-07 16:41:00,Daegu,home,10.2,44,230.0
2024-11-07 10:26:00,Gwangju,home,58.5,48,486.0
2024-11-07 12:00:00,Gwangju,fashion,14.9,51,119.0
2024-11-07 16:59:00,Busan,fashion,21.2,43,66.0
2024-11-07 11:30:00,Seoul,home,29.2,57,84.0
2024-11-07 09:14:00,Seoul,tech,97.0,53,246.0
2024-11-07 10:26:00,Seoul,fashion,85.7,48,452.0
2024-11-07 16:24:00,Gwangju,tech,83.5,41,318.0
2024-11-07 13:15:00,Busan,food,66.0,67,462.0
2024-11-08 16:42:00,Seoul,fashion,93.2,61,101.0
2024-11-08 10:05:00,Busan,fashion,12.6,51,188.0
2024-11-08 15:42:00,Busan,fashion,33.0,57,170.0
2024-11-08 15:06:00,Seoul,food,85.7,49,122.0
2024-11-08 12:24:00,Incheon,fashion,87.8,36,365.0
2024-11-08 12:53:00,Daegu,fashion,90.8,44,275.0
2024-11-08 12:27:00,Gwangju,fashion,54.3,49,488.0
2024-11-08 16:10:00,Seoul,tech,70.9,56,119.0
2024-11-08 18:55:00,Daegu,tech,91.2,43,472.0
2024-11-08 19:11:00,Daegu,home,23.5,55,473.0
2024-11-08 19:12:00,Daegu,fashion,83.0,47,461.0
2024-11-08 18:26:00,Gwangju,fashion,27.7,40,425.0
2024-11-08 10:33:00,Busan,food,95.5,60,428.0
2024-11-08 18:52:00,Daegu,tech,45.4,53,272.0
2024-11-08 16:12:00,Gwangju,home,90.0,54,238.0
2024-11-08 14:30:00,Daegu,tech,54.7,41,463.0
2024-11-08 19:14:00,Seoul,food,36.4,44,405.0
2024-11-08 12:54:00,Gwangju,fashion,77.9,55,207.0
2024-11-08 13:33:00,Daegu,home,97.8,55,175.0
2024-11-08 08:52:00,Gwangju,fashion,33.9,58,372.0
2024-11-08 10:52:00,Daegu,home,79.4,52,175.0
2024-11-08 10:48:00,Daegu,tech,13.9,50,352.0
2024-11-08 22:51:00,Gwangju,food,72.8,47,431.0
2024-11-08 17:52:00,Busan,home,25.1,51,419.0
2024-11-08 14:27:00,Seoul,tech,56.4,58,357.0
2024-11-08 14:57:00,Seoul,fashion,83.4,66,244.0
2024-11-08 11:32:00,Busan,fashion,62.2,48,377.0
2024-11-08 16:16:00,Daegu,tech,59.3,46,316.0
2024-11-08 14:36:00,Seoul,tech,43.8,44,442.0
2024-11-08 11:17:00,Gwangju,fashion,46.3,50,165.0
2024-11-08 22:34:00,Incheon,tech,59.8,45,248.0
2024-11-08 19:31:00,Daegu,tech,58.8,42,226.0
2024-11-08 16:03:00,Seoul,food,94.0,44,424.0
2024-11-08 16:48:00,Seoul,tech,57.2,52,227.0
2024-11-08 17:19:00,Busan,home,28.5,56,181.0
2024-11-08 20:01:00,Incheon,fashion,98.5,49,418.0
2024-11-08 20:16:00,Busan,home,57.4,42,353.0
2024-11-08 12:51:00,Daegu,home,88.1,44,205.0
2024-11-08 14:14:00,Gwangju,home,66.7,57,119.0
2024-11-08 09:59:00,Incheon,home,17.1,48,416.0
2024-11-09 15:41:00,Daegu,tech,96.0,59,364.0
2024-11-09 20:17:00,Gwangju,tech,68.3,50,363.0
2024-11-09 10:56:00,Seoul,home,92.6,35,266.0
2024-11-09 22:43:00,Seoul,food,86.9,40,256.0
2024-11-09 15:41:00,Gwangju,fashion,49.5,58,97.0
2024-11-09 19:16:00,Daegu,home,46.6,53,104.0
2024-11-09 15:55:00,Incheon,home,97.3,49,433.0
2024-11-09 16:09:00,Busan,food,14.6,31,493.0
2024-11-09 18:55:00,Incheon,home,75.8,53,152.0
2024-11-09 16:33:00,Gwangju,fashion,47.3,56,389.0
2024-11-09 14:27:00,Busan,food,55.8,57,200.0
2024-11-09 14:37:00,Incheon,tech,15.7,55,174.0
2024-11-09 17:24:00,Seoul,home,88.4,42,308.0
2024-11-09 14:18:00,Incheon,food,17.3,48,364.0
2024-11-09 21:10:00,Incheon,fashion,53.1,53,107.0
2024-11-09 16:57:00,Gwangju,food,89.7,52,412.0
2024-11-09 10:26:00,Busan,food,77.3,55,410.0
2024-11-09 21:46:00,Daegu,fashion,49.7,42,400.0
2024-11-09 17:20:00,Busan,fashion,30.7,49,377.0
2024-11-09 22:57:00,Gwangju,tech,33.8,56,315.0
2024-11-09 18:25:00,Gwangju,tech,50.3,54,347.0
2024-11-09 16:26:00,Daegu,home,10.1,37,135.0
2024-11-09 13:29:00,Incheon,tech,57.4,55,110.0
2024-11-09 15:01:00,Seoul,fashion,31.3,55,317.0
2024-11-09 17:06:00,Gwangju,food,40.2,55,199.0
2024-11-09 09:47:00,Gwangju,home,71.8,48,327.0
2024-11-09 18:54:00,Daegu,tech,54.0,55,363.0
2024-11-09 17:54:00,Daegu,food,68.8,57,323.0
2024-11-09 21:12:00,Daegu,fashion,36.1,43,291.0
2024-11-09 13:28:00,Gwangju,tech,88.5,44,223.0
2024-11-09 21:07:00,Incheon,fashion,58.7,44,222.0
2024-11-09 17:02:00,Incheon,fashion,62.4,56,110.0
2024-11-09 16:41:00,Incheon,fashion,13.6,55,463.0
2024-11-09 11:17:00,Incheon,home,52.9,47,346.0
2024-11-09 14:03:00,Incheon,food,75.9,56,193.0
2024-11-09 13:18:00,Incheon,fashion,54.2,49,95.0
2024-11-09 17:40:00,Incheon,tech,39.8,40,156.0
2024-11-09 21:30:00,Incheon,food,38.4,51,200.0
2024-11-09 10:36:00,Busan,home,29.9,46,292.0
2024-11-09 16:56:00,Daegu,fashion,89.4,54,191.0
2024-11-09 11:11:00,Gwangju,food,12.5,48,137.0
2024-11-09 10:04:00,Busan,home,79.0,43,403.0
2024-11-09 19:08:00,Seoul,tech,12.7,54,136.0
2024-11-09 10:40:00,Busan,home,96.9,61,297.0
2024-11-09 19:03:00,Incheon,tech,10.8,44,103.0
2024-11-09 19:29:00,Incheon,tech,98.9,61,353.0
2024-11-09 17:06:00,Daegu,fashion,83.1,38,440.0
2024-11-10 14:24:00,Daegu,food,31.6,49,97.0
2024-11-10 10:39:00,Incheon,tech,73.6,47,377.0
2024-11-10 20:35:00,Gwangju,tech,91.9,40,141.0
2024-11-10 15:24:00,Daegu,home,87.3,51,182.0
2024-11-10 16:52:00,Incheon,fashion,63.6,51,275.0
2024-11-10 09:18:00,Busan,home,11.6,57,418.0
2024-11-10 15:15:00,Busan,tech,86.2,46,102.0
2024-11-10 10:10:00,Busan,home,35.1,57,361.0
2024-11-10 20:24:00,Busan,tech,73.1,54,315.0
2024-11-10 12:45:00,Daegu,tech,29.4,39,346.0
2024-11-10 16:23:00,Daegu,food,30.5,43,484.0
2024-11-10 12:34:00,Daegu,home,45.4,57,78.0
2024-11-10 20:48:00,Seoul,home,70.1,35,90.0
2024-11-10 21:53:00,Busan,food,86.5,45,191.0
2024-11-10 14:43:00,Busan,food,86.6,53,435.0
2024-11-10 09:22:00,Seoul,tech,86.8,62,487.0
2024-11-10 21:38:00,Seoul,tech,20.3,54,448.0
2024-11-10 17:12:00,Daegu,food,21.3,50,388.0
2024-11-10 20:55:00,Daegu,fashion,28.0,49,134.0
2024-11-10 13:04:00,Daegu,food,38.8,51,219.0
2024-11-10 13:53:00,Incheon,home,32.8,44,414.0
2024-11-10 09:54:00,Seoul,fashion,33.8,48,426.0
2024-11-10 16:44:00,Busan,tech,60.8,50,282.0
2024-11-10 18:33:00,Daegu,food,78.6,44,284.0
2024-11-10 20:28:00,Seoul,fashion,41.9,52,155.0
2024-11-10 14:03:00,Busan,fashion,83.8,50,175.0
2024-11-10 19:51:00,Daegu,home,38.8,56,232.0
2024-11-10 15:25:00,Daegu,food,48.0,40,291.0
2024-11-10 17:03:00,Incheon,food,11.3,50,174.0
2024-11-10 22:45:00,Gwangju,fashion,28.9,44,52.0
2024-11-10 09:34:00,Seoul,tech,27.7,55,361.0
2024-11-10 19:13:00,Seoul,fashion,71.0,63,89.0
2024-11-10 22:45:00,Seoul,food,65.2,57,383.0
2024-11-10 16:49:00,Busan,tech,31.7,45,314.0
2024-11-10 15:12:00,Gwangju,tech,35.4,57,238.0
2024-11-10 10:44:00,Incheon,home,76.1,56,310.0
2024-11-10 15:08:00,Incheon,tech,11.7,54,229.0
2024-11-10 14:46:00,Busan,home,30.1,48,284.0
2024-11-10 14:28:00,Busan,home,72.6,47,482.0
2024-11-10 09:45:00,Incheon,home,16.4,56,71.0
2024-11-10 08:27:00,Seoul,fashion,71.8,47,117.0
2024-11-10 20:41:00,Gwangju,food,17.7,53,395.0
2024-11-10 11:31:00,Daegu,food,60.1,54,353.0
2024-11-10 10:52:00,Gwangju,food,41.6,42,314.0
2024-11-10 12:01:00,Daegu,tech,95.6,39,113.0
2024-11-10 17:33:00,Incheon,home,33.6,48,225.0
2024-11-10 14:47:00,Gwangju,home,26.2,49,57.0
2024-11-10 09:29:00,Seoul,home,56.3,47,80.0
2024-11-10 11:11:00,Gwangju,home,11.3,41,260.0
2024-11-10 15:10:00,Daegu,fashion,93.1,48,202.0
2024-11-10 16:24:00,Busan,food,96.8,53,301.0
2024-11-10 16:19:00,Incheon,food,66.1,55,429.0
2024-11-10 12:18:00,Daegu,fashion,10.3,60,231.0
2024-11-10 15:54:00,Seoul,food,19.7,48,93.0
2024-11-11 17:38:00,Seoul,food,87.7,55,207.0
2024-11-11 19:44:00,Seoul,fashion,46.6,35,114.0
2024-11-11 14:34:00,Incheon,tech,41.2,51,226.0
2024-11-11 09:26:00,Gwangju,home,63.5,54,335.0
2024-11-11 18:55:00,Daegu,home,26.4,35,78.0
2024-11-11 14:03:00,Busan,tech,27.4,61,495.0
2024-11-11 14:34:00,Seoul,fashion,89.3,49,253.0
2024-11-11 17:45:00,Busan,home,24.4,44,128.0
2024-11-11 11:44:00,Gwangju,tech,25.1,60,137.0
2024-11-11 20:55:00,Incheon,food,92.1,46,156.0
2024-11-11 21:09:00,Daegu,food,82.8,64,259.0
2024-11-11 20:57:00,Incheon,home,19.8,47,400.0
2024-11-11 15:30:00,Seoul,food,92.9,50,209.0
2024-11-11 20:48:00,Incheon,tech,78.1,48,356.0
2024-11-11 16:59:00,Busan,home,65.6,50,246.0
2024-11-11 12:53:00,Daegu,home,89.2,46,276.0
2024-11-11 11:36:00,Daegu,food,57.0,39,71.0
2024-11-11 17:23:00,Incheon,tech,48.7,33,148.0
2024-11-11 13:14:00,Seoul,food,65.4,43,335.0
2024-11-11 17:18:00,Incheon,tech,43.6,55,179.0
2024-11-11 18:07:00,Incheon,home,44.9,54,269.0
2024-11-11 21:17:00,Gwangju,fashion,14.4,50,198.0
2024-11-11 20:08:00,Incheon,fashion,35.6,43,248.0
2024-11-11 19:04:00,Seoul,tech,35.1,50,468.0
2024-11-11 17:59:00,Busan,tech,84.9,45,123.0
2024-11-11 14:01:00,Daegu,food,70.3,59,266.0
2024-11-11 11:47:00,Busan,food,44.1,47,320.0
2024-11-11 10:20:00,Incheon,home,29.8,47,53.0
2024-11-11 10:16:00,Daegu,food,16.8,55,64.0
2024-11-11 16:58:00,Daegu,tech,54.9,53,289.0
2024-11-11 22:59:00,Seoul,fashion,52.9,41,433.0
2024-11-11 17:25:00,Seoul,food,69.3,42,126.0
2024-11-11 20:10:00,Daegu,home,91.1,41,379.0
2024-11-11 18:19:00,Gwangju,tech,69.7,63,185.0
2024-11-11 15:25:00,Incheon,tech,70.5,51,214.0
2024-11-11 16:15:00,Seoul,food,75.5,46,215.0
2024-11-11 20:31:00,Gwangju,tech,17.6,43,302.0
2024-11-11 09:53:00,Gwangju,tech,18.7,59,166.0
2024-11-11 20:24:00,Gwangju,tech,50.3,56,239.0
2024-11-11 14:23:00,Seoul,home,58.0,62,367.0
2024-11-12 11:06:00,Seoul,fashion,41.0,55,232.0
2024-11-12 16:10:00,Daegu,food,62.6,67,316.0
2024-11-12 16:01:00,Seoul,tech,40.6,50,229.0
2024-11-12 19:22:00,Gwangju,tech,13.3,48,156.0
2024-11-12 18:07:00,Incheon,fashion,67.6,52,57.0
2024-11-12 10:38:00,Seoul,food,98.8,44,315.0
2024-11-12 14:25:00,Daegu,tech,12.4,51,206.0
2024-11-12 13:29:00,Gwangju,food,98.9,53,79.0
2024-11-12 08:47:00,Incheon,tech,20.5,54,433.0
2024-11-12 16:55:00,Gwangju,fashion,70.4,61,316.0
2024-11-12 15:09:00,Busan,fashion,18.0,53,162.0
2024-11-12 12:06:00,Incheon,food,40.6,55,277.0
2024-11-12 11:26:00,Incheon,food,75.9,42,120.0
2024-11-12 18:14:00,Daegu,fashion,33.2,56,105.0
2024-11-12 17:32:00,Incheon,food,91.0,53,266.0
2024-11-12 16:58:00,Incheon,fashion,29.0,47,234.0
2024-11-12 08:54:00,Daegu,fashion,43.9,62,432.0
2024-11-12 14:13:00,Daegu,fashion,19.3,57,129.0
2024-11-12 13:07:00,Incheon,food,30.4,57,452.0
2024-11-12 20:01:00,Seoul,tech,85.2,48,278.0
2024-11-12 15:54:00,Seoul,food,89.6,59,440.0
2024-11-12 10:20:00,Daegu,fashion,83.8,59,302.0
2024-11-12 20:57:00,Busan,home,17.4,60,274.0
2024-11-12 19:06:00,Seoul,fashion,39.0,55,141.0
2024-11-12 11:15:00,Incheon,home,23.8,43,399.0
2024-11-12 20:24:00,Gwangju,home,96.4,44,491.0
2024-11-12 20:59:00,Incheon,fashion,73.0,49,408.0
2024-11-12 20:24:00,Daegu,home,84.9,51,57.0
2024-11-12 08:59:00,Incheon,tech,76.3,52,369.0
2024-11-12 22:16:00,Daegu,home,49.9,56,278.0
2024-11-12 13:23:00,Busan,fashion,46.7,50,365.0
2024-11-12 18:12:00,Busan,tech,61.4,46,449.0
2024-11-12 14:20:00,Daegu,food,48.0,55,50.0
2024-11-12 15:51:00,Seoul,tech,36.1,55,450.0
2024-11-12 13:17:00,Daegu,food,26.7,59,238.0
2024-11-12 18:35:00,Incheon,food,88.9,51,230.0
2024-11-12 17:59:00,Daegu,home,73.2,30,453.0
2024-11-12 18:10:00,Incheon,food,51.4,51,380.0
2024-11-12 19:16:00,Incheon,tech,48.5,54,475.0
2024-11-12 11:37:00,Busan,food,20.3,47,411.0
2024-11-12 09:08:00,Seoul,fashion,61.5,53,80.0
2024-11-12 10:11:00,Busan,food,65.7,48,207.0
2024-11-12 11:14:00,Daegu,home,21.1,54,161.0
2024-11-12 10:07:00,Incheon,home,24.5,54,318.0
2024-11-12 20:06:00,Incheon,home,79.7,48,227.0
2024-11-12 20:07:00,Busan,tech,72.2,49,124.0
2024-11-12 13:39:00,Gwangju,food,43.7,54,127.0
2024-11-12 18:34:00,Incheon,home,31.8,58,165.0
2024-11-12 15:40:00,Busan,tech,14.6,50,178.0
2024-11-12 14:42:00,Busan,fashion,68.4,46,168.0
2024-11-12 18:30:00,Busan,tech,50.5,41,466.0
2024-11-12 15:56:00,Seoul,food,10.3,38,182.0
2024-11-12 18:51:00,Gwangju,fashion,35.4,63,285.0
2024-11-12 10:49:00,Daegu,home,47.3,55,239.0
2024-11-13 08:20:00,Busan,fashion,49.3,60,242.0
2024-11-13 08:09:00,Daegu,food,80.6,50,352.0
2024-11-13 17:47:00,Busan,fashion,91.8,51,359.0
2024-11-13 13:26:00,Daegu,tech,50.4,44,185.0
2024-11-13 18:38:00,Busan,home,24.7,60,488.0
2024-11-13 19:03:00,Busan,home,60.0,59,495.0
2024-11-13 11:31:00,Incheon,fashion,38.1,47,399.0
2024-11-13 13:31:00,Daegu,food,52.0,46,278.0
2024-11-13 14:01:00,Daegu,home,97.9,43,202.0
2024-11-13 15:49:00,Busan,food,14.1,41,319.0
2024-11-13 20:55:00,Seoul,home,80.0,44,353.0
2024-11-13 13:32:00,Daegu,home,28.0,41,362.0
2024-11-13 15:04:00,Seoul,tech,46.9,42,149.0
2024-11-13 11:44:00,Busan,tech,76.5,48,373.0
2024-11-13 16:41:00,Busan,fashion,85.1,30,342.0
2024-11-13 15:04:00,Seoul,fashion,67.9,43,223.0
2024-11-13 16:09:00,Incheon,fashion,55.9,45,485.0
2024-11-13 13:09:00,Gwangju,tech,91.8,41,66.0
2024-11-13 13:19:00,Gwangju,tech,40.3,46,295.0
2024-11-13 13:55:00,Gwangju,tech,16.1,52,278.0
2024-11-13 17:04:00,Incheon,tech,24.5,48,419.0
2024-11-13 16:40:00,Busan,tech,48.7,45,368.0
2024-11-13 14:21:00,Gwangju,fashion,96.9,51,472.0
2024-11-13 15:15:00,Seoul,home,57.6,54,338.0
2024-11-13 12:53:00,Busan,fashion,94.4,51,358.0
2024-11-13 13:21:00,Daegu,fashion,25.1,45,71.0
2024-11-13 15:10:00,Daegu,tech,61.1,49,401.0
2024-11-13 16:57:00,Daegu,tech,54.7,52,164.0
2024-11-13 18:52:00,Incheon,tech,78.8,55,270.0
2024-11-13 17:26:00,Seoul,home,72.9,51,134.0
2024-11-13 19:58:00,Gwangju,food,78.6,44,158.0
2024-11-13 12:43:00,Incheon,fashion,74.3,50,451.0
2024-11-13 12:44:00,Incheon,tech,74.5,60,407.0
2024-11-13 10:18:00,Busan,tech,25.4,46,406.0
2024-11-13 22:22:00,Gwangju,home,99.5,50,327.0
2024-11-13 15:17:00,Daegu,tech,54.5,55,429.0
2024-11-13 12:59:00,Gwangju,food,76.3,54,377.0
2024-11-13 17:05:00,Gwangju,food,99.3,57,144.0
2024-11-13 09:56:00,Seoul,tech,66.5,48,203.0
2024-11-13 19:58:00,Incheon,fashion,70.1,52,445.0
2024-11-13 12:11:00,Daegu,fashion,77.9,46,401.0
2024-11-13 15:23:00,Busan,home,41.0,58,136.0
2024-11-13 14:05:00,Seoul,home,23.9,48,273.0
2024-11-13 21:46:00,Daegu,home,64.8,53,229.0
2024-11-13 20:28:00,Busan,fashion,28.6,46,52.0
2024-11-13 13:33:00,Busan,fashion,88.0,62,370.0
2024-11-13 16:57:00,Daegu,home,12.7,52,285.0
2024-11-13 15:07:00,Daegu,tech,40.6,45,472.0
2024-11-14 08:10:00,Daegu,home,66.7,69,97.0
2024-11-14 15:47:00,Busan,fashion,17.4,50,212.0
2024-11-14 18:21:00,Seoul,tech,63.2,63,397.0
2024-11-14 15:44:00,Busan,food,37.0,49,189.0
2024-11-14 14:53:00,Gwangju,home,21.1,47,392.0
2024-11-14 14:18:00,Seoul,tech,19.5,53,148.0
2024-11-14 11:26:00,Daegu,fashion,72.0,42,296.0
2024-11-14 17:57:00,Gwangju,home,78.4,45,286.0
2024-11-14 11:08:00,Incheon,fashion,57.8,55,97.0
2024-11-14 17:00:00,Seoul,tech,13.2,53,62.0
2024-11-14 17:35:00,Seoul,food,53.7,60,325.0
2024-11-14 18:15:00,Daegu,tech,30.9,50,264.0
2024-11-14 17:35:00,Seoul,fashion,87.9,42,100.0
2024-11-14 09:32:00,Daegu,food,81.4,59,190.0
2024-11-14 17:14:00,Seoul,fashion,19.9,45,220.0
2024-11-14 14:24:00,Seoul,fashion,50.0,48,188.0
2024-11-14 19:15:00,Daegu,tech,93.2,30,133.0
2024-11-14 17:01:00,Daegu,fashion,94.2,54,138.0
2024-11-14 10:52:00,Incheon,tech,31.3,54,312.0
2024-11-14 10:07:00,Busan,home,29.3,47,414.0
2024-11-14 08:57:00,Busan,food,60.7,39,436.0
2024-11-14 17:35:00,Seoul,home,68.7,47,421.0
2024-11-14 09:34:00,Gwangju,tech,93.5,36,472.0
2024-11-14 13:02:00,Incheon,fashion,12.3,46,97.0
2024-11-14 15:25:00,Seoul,home,69.8,56,478.0
2024-11-14 19:35:00,Incheon,tech,83.9,63,333.0
2024-11-14 17:23:00,Incheon,food,98.4,51,218.0
2024-11-14 17:49:00,Incheon,fashion,27.1,50,199.0
2024-11-14 11:05:00,Daegu,food,81.3,50,467.0
2024-11-14 16:59:00,Daegu,home,44.9,59,471.0
2024-11-14 09:28:00,Busan,fashion,83.4,52,293.0
2024-11-14 15:31:00,Seoul,tech,63.6,45,87.0
2024-11-14 08:53:00,Busan,food,15.2,49,124.0
2024-11-14 12:53:00,Gwangju,fashion,63.9,35,131.0
2024-11-14 17:16:00,Seoul,food,40.4,64,86.0
2024-11-14 21:44:00,Seoul,tech,68.8,36,305.0
2024-11-14 20:48:00,Busan,fashion,38.1,44,309.0
2024-11-14 17:31:00,Daegu,home,47.7,53,380.0
2024-11-14 12:56:00,Daegu,home,18.6,53,302.0
2024-11-14 17:34:00,Incheon,fashion,38.8,47,471.0
2024-11-14 22:03:00,Daegu,tech,50.4,51,309.0
2024-11-14 18:40:00,Incheon,home,33.9,44,416.0
2024-11-14 15:01:00,Seoul,tech,34.7,62,498.0
2024-11-14 15:18:00,Busan,tech,97.1,59,132.0
2024-11-14 19:59:00,Incheon,food,25.5,62,247.0
2024-11-14 09:33:00,Incheon,fashion,93.2,60,396.0
2024-11-14 17:36:00,Incheon,home,71.4,50,362.0
2024-11-14 16:56:00,Gwangju,food,75.0,58,389.0
2024-11-14 15:56:00,Incheon,fashion,50.2,61,172.0
2024-11-14 10:27:00,Gwangju,tech,81.6,48,314.0
2024-11-14 15:33:00,Daegu,food,69.0,49,433.0
2024-11-14 12:55:00,Busan,fashion,93.8,41,356.0
2024-11-14 16:59:00,Gwangju,tech,37.3,44,152.0
2024-11-14 18:50:00,Seoul,tech,12.3,58,246.0
2024-11-14 20:33:00,Incheon,tech,32.2,49,409.0
2024-11-14 14:26:00,Gwangju,food,45.5,51,213.0
2024-11-14 17:40:00,Seoul,food,87.8,52,310.0
2024-11-15 18:51:00,Daegu,tech,24.7,44,163.0
2024-11-15 17:38:00,Daegu,home,88.7,51,123.0
2024-11-15 21:35:00,Gwangju,tech,19.7,53,200.0
2024-11-15 22:00:00,Incheon,food,64.7,53,380.0
2024-11-15 10:51:00,Busan,fashion,38.5,47,298.0
2024-11-15 17:39:00,Gwangju,home,38.8,52,195.0
2024-11-15 17:23:00,Daegu,fashion,69.5,59,65.0
2024-11-15 16:59:00,Daegu,home,57.9,48,228.0
2024-11-15 20:23:00,Seoul,home,36.8,48,400.0
2024-11-15 15:43:00,Busan,fashion,57.0,56,483.0
2024-11-15 12:30:00,Daegu,fashion,92.1,51,480.0
2024-11-15 19:53:00,Seoul,fashion,35.1,52,68.0
2024-11-15 20:56:00,Daegu,home,13.8,43,86.0
2024-11-15 12:57:00,Daegu,fashion,81.8,50,100.0
2024-11-15 21:39:00,Gwangju,home,70.2,60,425.0
2024-11-15 18:38:00,Incheon,fashion,23.3,59,494.0
2024-11-15 15:04:00,Daegu,food,14.1,49,193.0
2024-11-15 16:44:00,Busan,fashion,40.3,48,211.0
2024-11-15 13:03:00,Incheon,tech,24.5,43,75.0
2024-11-15 17:18:00,Incheon,food,59.2,44,448.0
2024-11-15 11:08:00,Busan,fashion,32.7,53,145.0
2024-11-15 10:33:00,Seoul,tech,78.2,54,145.0
2024-11-15 19:08:00,Daegu,food,30.1,45,264.0
2024-11-15 16:07:00,Seoul,fashion,89.8,61,296.0
2024-11-15 21:10:00,Incheon,fashion,61.0,54,483.0
2024-11-15 15:11:00,Daegu,home,85.7,65,290.0
2024-11-15 19:17:00,Seoul,home,60.3,53,449.0
2024-11-15 10:27:00,Gwangju,home,38.8,40,314.0
2024-11-15 14:04:00,Gwangju,fashion,42.0,51,163.0
2024-11-15 15:36:00,Seoul,food,36.1,59,245.0
2024-11-15 15:04:00,Busan,home,96.0,52,77.0
2024-11-15 12:13:00,Gwangju,food,10.1,45,184.0
2024-11-15 14:35:00,Busan,fashion,15.9,61,161.0
2024-11-15 20:40:00,Daegu,fashion,17.4,44,194.0
2024-11-15 19:24:00,Daegu,home,89.0,34,459.0
2024-11-15 17:38:00,Seoul,food,67.5,54,473.0
2024-11-15 19:41:00,Seoul,food,43.7,48,276.0
2024-11-15 16:58:00,Busan,fashion,51.5,50,305.0
2024-11-15 19:01:00,Seoul,tech,79.4,55,364.0
2024-11-15 17:09:00,Daegu,food,31.2,69,380.0
2024-11-15 18:54:00,Gwangju,fashion,29.2,47,82.0
2024-11-15 16:53:00,Gwangju,tech,48.5,50,134.0
2024-11-15 20:20:00,Seoul,food,64.9,60,280.0
2024-11-15 21:29:00,Incheon,tech,73.8,47,374.0
2024-11-15 18:58:00,Seoul,home,30.9,58,472.0
2024-11-15 14:15:00,Daegu,fashion,47.3,35,141.0
2024-11-15 09:02:00,Busan,tech,24.0,58,100.0
2024-11-15 20:47:00,Busan,fashion,38.3,50,312.0
2024-11-15 20:11:00,Seoul,fashion,21.9,49,272.0
2024-11-16 12:52:00,Gwangju,home,13.4,49,160.0
2024-11-16 11:17:00,Incheon,home,27.8,34,242.0
2024-11-16 18:41:00,Seoul,food,10.6,48,281.0
2024-11-16 15:25:00,Busan,tech,12.3,48,325.0
2024-11-16 21:25:00,Busan,food,77.6,33,278.0
2024-11-16 18:59:00,Seoul,food,21.8,42,418.0
2024-11-16 12:11:00,Busan,fashion,58.3,46,431.0
2024-11-16 14:44:00,Gwangju,food,23.7,55,115.0
2024-11-16 15:08:00,Busan,food,50.4,52,145.0
2024-11-16 15:16:00,Gwangju,home,12.4,48,81.0
2024-11-16 11:48:00,Daegu,food,48.1,52,171.0
2024-11-16 16:27:00,Seoul,tech,51.0,49,192.0
2024-11-16 08:51:00,Gwangju,tech,96.2,49,485.0
2024-11-16 12:10:00,Gwangju,food,14.0,56,318.0
2024-11-16 12:03:00,Gwangju,tech,71.6,68,345.0
2024-11-16 20:03:00,Busan,tech,14.8,55,337.0
2024-11-16 17:56:00,Busan,home,14.1,49,337.0
2024-11-16 22:48:00,Gwangju,fashion,10.5,53,250.0
2024-11-16 20:14:00,Gwangju,fashion,81.8,50,417.0
2024-11-16 18:16:00,Gwangju,fashion,41.2,49,122.0
2024-11-16 12:37:00,Seoul,tech,78.3,38,450.0
2024-11-16 12:32:00,Busan,tech,88.1,58,195.0
2024-11-16 16:09:00,Daegu,tech,28.6,54,317.0
2024-11-16 15:34:00,Incheon,food,32.4,48,442.0
2024-11-16 18:23:00,Gwangju,food,48.4,58,304.0
2024-11-16 17:08:00,Daegu,home,99.9,42,116.0
2024-11-16 21:47:00,Seoul,home,98.0,64,491.0
2024-11-16 15:45:00,Incheon,tech,91.3,53,74.0
2024-11-16 18:14:00,Incheon,home,76.3,48,239.0
2024-11-16 17:12:00,Incheon,tech,91.9,53,51.0
2024-11-16 15:57:00,Incheon,fashion,18.4,45,301.0
2024-11-16 09:03:00,Daegu,fashion,25.3,42,313.0
2024-11-16 20:48:00,Daegu,home,14.7,55,171.0
2024-11-16 16:31:00,Gwangju,tech,70.2,65,445.0
2024-11-16 09:54:00,Seoul,tech,44.2,58,80.0
2024-11-16 19:28:00,Daegu,food,37.1,63,464.0
2024-11-16 09:51:00,Gwangju,fashion,72.7,45,476.0
2024-11-16 15:19:00,Seoul,fashion,25.9,62,193.0
2024-11-16 19:17:00,Busan,tech,98.6,49,435.0
2024-11-16 10:23:00,Seoul,tech,91.6,69,55.0
2024-11-16 13:47:00,Gwangju,home,11.1,55,248.0
2024-11-16 22:40:00,Gwangju,tech,82.5,47,149.0
2024-11-16 18:39:00,Daegu,home,20.2,51,390.0
2024-11-16 10:46:00,Seoul,fashion,68.5,36,300.0
2024-11-16 12:02:00,Seoul,tech,28.2,51,219.0
2024-11-16 13:20:00,Incheon,home,24.3,51,427.0
2024-11-16 20:56:00,Seoul,fashion,39.2,44,325.0
2024-11-16 14:01:00,Busan,food,60.5,53,378.0
2024-11-16 16:16:00,Daegu,fashion,80.2,58,107.0
2024-11-16 14:17:00,Seoul,food,99.0,42,57.0
2024-11-16 10:52:00,Busan,food,73.8,60,386.0
2024-11-16 13:22:00,Incheon,fashion,31.7,50,473.0
2024-11-16 22:00:00,Gwangju,food,36.9,54,239.0
2024-11-16 15:55:00,Incheon,tech,58.6,49,414.0
2024-11-16 15:13:00,Busan,tech,53.3,50,102.0
2024-11-16 11:13:00,Seoul,fashion,79.9,48,231.0
2024-11-16 18:50:00,Daegu,tech,92.4,40,230.0
2024-11-16 22:24:00,Daegu,home,57.9,46,291.0
2024-11-16 22:19:00,Busan,food,53.3,48,242.0
2024-11-16 17:31:00,Incheon,tech,45.3,37,112.0
2024-11-16 14:04:00,Incheon,home,32.8,46,248.0
2024-11-16 16:51:00,Gwangju,food,63.5,56,350.0
2024-11-17 17:52:00,Incheon,food,30.0,51,484.0
2024-11-17 12:55:00,Busan,home,50.4,52,208.0
2024-11-17 17:40:00,Busan,food,61.4,48,313.0
2024-11-17 18:40:00,Incheon,tech,53.0,53,467.0
2024-11-17 17:59:00,Gwangju,fashion,63.0,45,242.0
2024-11-17 17:03:00,Busan,home,77.2,55,457.0
2024-11-17 17:45:00,Daegu,tech,16.3,48,367.0
2024-11-17 20:19:00,Incheon,food,64.8,52,133.0
2024-11-17 13:04:00,Seoul,tech,23.4,45,371.0
2024-11-17 12:36:00,Gwangju,tech,37.5,48,56.0
2024-11-17 09:57:00,Daegu,tech,77.2,46,358.0
2024-11-17 19:01:00,Seoul,home,84.3,54,288.0
2024-11-17 21:53:00,Gwangju,fashion,98.1,54,444.0
2024-11-17 19:02:00,Incheon,home,14.6,49,173.0
2024-11-17 10:05:00,Busan,tech,74.4,46,331.0
2024-11-17 11:54:00,Seoul,home,44.4,44,77.0
2024-11-17 21:13:00,Seoul,food,32.8,50,326.0
2024-11-17 16:37:00,Incheon,food,89.7,51,259.0
2024-11-17 18:09:00,Busan,home,62.5,43,150.0
2024-11-17 13:48:00,Seoul,home,24.7,48,110.0
2024-11-17 21:50:00,Busan,food,69.6,46,428.0
2024-11-17 17:24:00,Incheon,fashion,95.5,60,344.0
2024-11-17 08:58:00,Daegu,tech,54.2,52,378.0
2024-11-17 09:25:00,Gwangju,home,16.1,46,272.0
2024-11-17 17:31:00,Gwangju,fashion,72.3,43,70.0
2024-11-17 19:02:00,Incheon,food,79.7,50,274.0
2024-11-17 19:58:00,Seoul,tech,65.5,50,55.0
2024-11-17 17:03:00,Gwangju,fashion,60.1,41,211.0
2024-11-17 12:45:00,Gwangju,tech,93.2,55,439.0
2024-11-17 21:06:00,Gwangju,food,99.5,40,127.0
2024-11-17 15:43:00,Incheon,food,80.4,47,216.0
2024-11-17 09:15:00,Daegu,home,23.9,44,252.0
2024-11-17 09:02:00,Gwangju,home,75.3,55,418.0
2024-11-17 20:50:00,Incheon,tech,75.8,46,398.0
2024-11-17 18:21:00,Busan,food,64.9,54,430.0
2024-11-17 14:21:00,Daegu,tech,66.2,50,158.0
2024-11-17 17:11:00,Seoul,tech,92.6,56,475.0
2024-11-17 18:56:00,Busan,fashion,23.9,46,443.0
2024-11-17 16:03:00,Daegu,fashion,57.6,42,60.0
2024-11-17 12:03:00,Daegu,home,68.2,44,350.0
2024-11-17 15:44:00,Incheon,food,89.6,60,365.0
2024-11-17 12:34:00,Gwangju,fashion,41.8,53,490.0
2024-11-17 11:36:00,Seoul,home,11.1,45,194.0
2024-11-17 16:30:00,Gwangju,home,94.2,56,240.0
2024-11-17 15:30:00,Incheon,home,70.1,54,451.0
2024-11-17 15:00:00,Incheon,tech,59.7,51,419.0
2024-11-17 20:04:00,Daegu,tech,32.5,44,493.0
2024-11-17 16:46:00,Incheon,home,66.6,50,56.0
2024-11-17 17:28:00,Gwangju,food,22.1,44,447.0
2024-11-17 14:29:00,Seoul,fashion,95.7,62,125.0
2024-11-17 21:48:00,Incheon,food,58.3,57,119.0
2024-11-17 19:42:00,Seoul,home,80.6,47,457.0
2024-11-17 19:40:00,Daegu,food,95.3,50,173.0
2024-11-17 15:11:00,Incheon,home,75.4,42,275.0
2024-11-18 14:50:00,Busan,food,33.4,53,55.0
2024-11-18 11:03:00,Daegu,fashion,22.1,47,307.0
2024-11-18 15:51:00,Daegu,fashion,69.5,46,321.0
2024-11-18 15:17:00,Daegu,food,58.1,40,214.0
2024-11-18 10:09:00,Seoul,fashion,82.4,57,267.0
2024-11-18 13:41:00,Gwangju,tech,73.0,42,132.0
2024-11-18 16:27:00,Seoul,fashion,51.8,39,202.0
2024-11-18 18:34:00,Incheon,fashion,79.3,43,167.0
2024-11-18 19:07:00,Incheon,home,15.2,32,378.0
2024-11-18 11:11:00,Daegu,fashion,18.9,44,436.0
2024-11-18 11:57:00,Busan,home,85.2,53,451.0
2024-11-18 18:38:00,Gwangju,home,79.5,47,336.0
2024-11-18 09:18:00,Daegu,home,65.7,43,475.0
2024-11-18 13:24:00,Gwangju,home,73.4,42,404.0
2024-11-18 19:20:00,Gwangju,tech,63.0,56,490.0
2024-11-18 21:02:00,Busan,fashion,10.5,56,191.0
2024-11-18 18:32:00,Busan,fashion,86.2,53,51.0
2024-11-18 17:41:00,Gwangju,tech,25.5,46,446.0
2024-11-18 14:14:00,Busan,fashion,90.8,41,99.0
2024-11-18 14:13:00,Busan,food,80.3,55,134.0
2024-11-18 16:09:00,Daegu,home,17.2,61,138.0
2024-11-18 14:43:00,Seoul,tech,95.3,53,162.0
2024-11-18 17:42:00,Daegu,fashion,21.7,45,221.0
2024-11-18 12:16:00,Seoul,food,70.2,39,484.0
2024-11-18 11:20:00,Seoul,home,99.9,45,366.0
2024-11-18 14:11:00,Gwangju,food,91.1,48,134.0
2024-11-18 12:11:00,Busan,food,18.8,53,161.0
2024-11-18 18:41:00,Incheon,fashion,75.8,45,284.0
2024-11-18 17:43:00,Incheon,home,34.6,55,256.0
2024-11-18 20:56:00,Seoul,tech,26.3,53,475.0
2024-11-18 15:15:00,Seoul,food,70.1,46,316.0
2024-11-18 16:41:00,Incheon,food,25.0,59,385.0
2024-11-18 12:31:00,Incheon,home,20.1,46,230.0
2024-11-18 13:44:00,Gwangju,food,19.5,64,100.0
2024-11-18 19:23:00,Incheon,fashion,96.5,45,306.0
2024-11-18 19:40:00,Incheon,home,89.1,47,488.0
2024-11-18 18:15:00,Busan,fashion,58.5,57,302.0
2024-11-18 13:18:00,Seoul,tech,77.4,38,443.0
2024-11-18 16:37:00,Incheon,food,91.6,48,295.0
2024-11-18 22:36:00,Daegu,home,95.9,59,476.0
2024-11-18 13:35:00,Incheon,home,73.6,45,308.0
2024-11-18 17:43:00,Incheon,home,93.9,45,262.0
2024-11-18 13:45:00,Incheon,tech,29.4,51,65.0
2024-11-18 20:42:00,Seoul,tech,79.8,46,384.0
2024-11-18 12:40:00,Gwangju,fashion,73.8,50,269.0
2024-11-18 15:46:00,Incheon,home,32.8,61,330.0
2024-11-18 22:52:00,Incheon,home,11.1,65,226.0
2024-11-18 09:56:00,Seoul,food,39.2,66,295.0
2024-11-18 12:45:00,Gwangju,home,28.2,59,478.0
2024-11-18 08:24:00,Incheon,fashion,74.2,63,389.0
2024-11-18 19:53:00,Busan,tech,13.7,46,435.0
2024-11-18 18:27:00,Daegu,home,10.1,44,195.0
2024-11-19 16:21:00,Incheon,fashion,85.9,50,497.0
2024-11-19 13:55:00,Incheon,home,58.8,39,431.0
2024-11-19 15:40:00,Busan,fashion,59.1,65,79.0
2024-11-19 17:36:00,Gwangju,fashion,43.5,56,468.0
2024-11-19 15:29:00,Gwangju,tech,96.0,57,469.0
2024-11-19 21:47:00,Seoul,fashion,60.2,46,59.0
2024-11-19 15:25:00,Gwangju,home,53.7,36,206.0
2024-11-19 16:03:00,Gwangju,home,79.7,59,132.0
2024-11-19 20:51:00,Gwangju,tech,74.2,52,301.0
2024-11-19 16:52:00,Daegu,tech,66.7,59,381.0
2024-11-19 17:50:00,Seoul,home,51.4,54,140.0
2024-11-19 10:47:00,Busan,home,26.3,45,444.0
2024-11-19 16:25:00,Gwangju,food,18.8,39,120.0
2024-11-19 15:43:00,Gwangju,fashion,35.7,34,100.0
2024-11-19 17:28:00,Busan,tech,68.6,50,263.0
2024-11-19 16:18:00,Daegu,fashion,49.5,52,98.0
2024-11-19 21:58:00,Seoul,tech,14.0,53,96.0
2024-11-19 19:21:00,Gwangju,food,66.3,47,156.0
2024-11-19 14:30:00,Gwangju,fashion,95.5,59,57.0
2024-11-19 09:33:00,Seoul,food,67.4,53,157.0
2024-11-19 13:46:00,Daegu,fashion,91.0,50,284.0
2024-11-19 16:10:00,Seoul,tech,26.0,61,163.0
2024-11-19 14:26:00,Incheon,tech,96.4,48,187.0
2024-11-19 08:42:00,Seoul,food,19.0,64,282.0
2024-11-19 16:15:00,Busan,tech,81.7,52,371.0
2024-11-19 18:53:00,Seoul,tech,90.2,37,269.0
2024-11-19 17:02:00,Daegu,tech,43.2,37,403.0
2024-11-19 19:13:00,Incheon,fashion,39.0,45,178.0
2024-11-19 13:53:00,Busan,home,30.5,62,148.0
2024-11-19 16:00:00,Incheon,tech,56.4,41,112.0
2024-11-19 12:29:00,Incheon,tech,40.9,44,105.0
2024-11-19 11:34:00,Incheon,tech,47.1,39,179.0
2024-11-19 18:06:00,Seoul,fashion,68.2,36,263.0
2024-11-19 15:05:00,Seoul,food,46.0,48,170.0
2024-11-19 17:39:00,Incheon,food,34.0,54,482.0
2024-11-19 19:34:00,Daegu,fashion,77.8,52,479.0
2024-11-19 17:49:00,Incheon,food,78.1,68,101.0
2024-11-19 17:04:00,Daegu,tech,47.3,49,204.0
2024-11-19 19:22:00,Busan,tech,25.9,42,189.0
2024-11-19 15:27:00,Gwangju,fashion,41.4,47,268.0
2024-11-19 15:51:00,Seoul,home,17.0,50,117.0
2024-11-19 19:27:00,Incheon,home,45.6,53,273.0
2024-11-19 19:04:00,Daegu,fashion,45.3,53,304.0
2024-11-19 15:16:00,Daegu,fashion,47.4,49,287.0
2024-11-20 10:40:00,Incheon,food,46.3,54,396.0
2024-11-20 14:38:00,Seoul,tech,22.3,57,322.0
2024-11-20 20:38:00,Incheon,food,22.3,47,485.0
2024-11-20 16:07:00,Gwangju,food,82.5,66,118.0
2024-11-20 20:45:00,Incheon,fashion,51.5,47,455.0
2024-11-20 22:02:00,Incheon,food,17.0,49,383.0
2024-11-20 15:57:00,Gwangju,food,44.7,52,455.0
2024-11-20 09:17:00,Incheon,home,33.1,60,493.0
2024-11-20 11:49:00,Seoul,food,10.8,58,330.0
2024-11-20 14:51:00,Daegu,tech,69.2,48,79.0
2024-11-20 14:10:00,Busan,home,77.2,45,75.0
2024-11-20 13:05:00,Seoul,food,50.8,51,173.0
2024-11-20 16:20:00,Busan,food,34.6,53,283.0
2024-11-20 10:45:00,Incheon,food,92.3,57,76.0
2024-11-20 21:55:00,Seoul,home,39.6,29,464.0
2024-11-20 15:12:00,Busan,home,16.3,42,162.0
2024-11-20 21:38:00,Busan,home,38.8,51,211.0
2024-11-20 15:49:00,Daegu,home,65.1,51,270.0
2024-11-20 15:04:00,Daegu,fashion,70.5,43,86.0
2024-11-20 15:21:00,Gwangju,food,42.3,61,286.0
2024-11-20 13:16:00,Busan,food,67.0,54,194.0
2024-11-20 15:15:00,Incheon,home,59.9,49,239.0
2024-11-20 18:59:00,Incheon,food,53.0,51,279.0
2024-11-20 11:05:00,Incheon,tech,41.2,50,320.0
2024-11-20 18:54:00,Seoul,fashion,99.8,52,448.0
2024-11-20 09:36:00,Incheon,home,71.8,54,442.0
2024-11-20 13:07:00,Daegu,food,36.4,46,373.0
2024-11-20 08:35:00,Incheon,home,86.9,57,439.0
2024-11-20 20:33:00,Daegu,home,18.5,47,489.0
2024-11-20 14:10:00,Daegu,tech,13.7,53,56.0
2024-11-20 18:27:00,Daegu,fashion,51.0,51,160.0
2024-11-20 10:46:00,Busan,tech,48.5,44,194.0
2024-11-20 19:14:00,Seoul,home,45.4,47,109.0
2024-11-20 20:51:00,Seoul,home,89.9,33,216.0
2024-11-20 08:50:00,Daegu,fashion,98.1,52,468.0
2024-11-20 19:02:00,Incheon,fashion,62.8,52,262.0
2024-11-20 13:43:00,Incheon,fashion,36.3,40,327.0
2024-11-20 12:16:00,Incheon,home,92.4,42,124.0
2024-11-20 16:32:00,Busan,home,44.0,35,232.0
2024-11-20 14:32:00,Daegu,food,18.1,58,128.0
2024-11-20 18:32:00,Incheon,home,11.7,53,419.0
2024-11-20 18:13:00,Daegu,tech,47.2,36,149.0
2024-11-20 19:35:00,Seoul,home,63.3,52,351.0
2024-11-20 12:41:00,Daegu,home,55.4,44,271.0
2024-11-20 14:24:00,Daegu,fashion,36.3,48,90.0
2024-11-20 19:35:00,Seoul,tech,77.6,48,120.0
2024-11-20 17:51:00,Incheon,food,78.0,48,72.0
2024-11-20 19:43:00,Gwangju,food,48.5,48,187.0
2024-11-21 09:01:00,Incheon,tech,10.9,46,282.0
2024-11-21 17:10:00,Busan,tech,64.6,50,69.0
2024-11-21 16:40:00,Seoul,fashion,88.9,55,147.0
2024-11-21 17:35:00,Incheon,food,64.4,45,206.0
2024-11-21 10:56:00,Gwangju,food,99.4,51,400.0
2024-11-21 12:19:00,Incheon,fashion,98.5,49,194.0
2024-11-21 19:47:00,Daegu,home,22.5,48,106.0
2024-11-21 15:30:00,Busan,fashion,13.4,44,83.0
2024-11-21 16:29:00,Gwangju,food,94.3,52,427.0
2024-11-21 22:49:00,Incheon,tech,77.9,39,189.0
2024-11-21 14:56:00,Busan,fashion,47.4,38,300.0
2024-11-21 19:15:00,Daegu,home,36.1,58,494.0
2024-11-21 19:12:00,Gwangju,tech,76.9,35,448.0
2024-11-21 16:28:00,Busan,tech,36.6,58,453.0
2024-11-21 16:44:00,Gwangju,tech,84.1,56,378.0
2024-11-21 13:33:00,Busan,tech,74.3,50,303.0
2024-11-21 20:21:00,Seoul,food,88.3,44,129.0
2024-11-21 12:00:00,Busan,tech,20.6,49,299.0
2024-11-21 21:04:00,Busan,home,69.2,45,59.0
2024-11-21 16:56:00,Busan,food,49.8,40,210.0
2024-11-21 14:55:00,Seoul,home,18.9,48,95.0
2024-11-21 15:53:00,Busan,food,43.9,49,477.0
2024-11-21 18:21:00,Seoul,food,63.5,57,366.0
2024-11-21 14:34:00,Incheon,fashion,91.7,58,221.0
2024-11-21 16:04:00,Busan,tech,76.6,41,77.0
2024-11-21 14:50:00,Seoul,food,90.6,45,379.0
2024-11-21 10:17:00,Incheon,tech,94.7,61,98.0
2024-11-21 13:50:00,Seoul,home,64.4,46,111.0
2024-11-21 20:03:00,Daegu,home,73.6,44,170.0
2024-11-21 13:08:00,Seoul,tech,15.4,56,331.0
2024-11-21 12:20:00,Busan,home,86.7,45,461.0
2024-11-21 20:35:00,Incheon,food,86.8,46,438.0
2024-11-21 17:51:00,Daegu,fashion,22.2,38,85.0
2024-11-21 19:25:00,Busan,fashion,47.1,54,241.0
2024-11-21 19:39:00,Seoul,home,63.3,49,94.0
2024-11-21 15:21:00,Incheon,food,92.3,46,62.0
2024-11-21 10:08:00,Incheon,home,57.6,46,246.0
2024-11-21 17:07:00,Daegu,tech,59.5,46,222.0
2024-11-21 14:25:00,Gwangju,home,45.5,52,377.0
2024-11-21 18:22:00,Seoul,home,47.3,52,482.0
2024-11-21 16:00:00,Seoul,fashion,19.7,44,155.0
2024-11-21 16:12:00,Busan,food,67.2,40,304.0
2024-11-21 21:34:00,Incheon,home,26.0,53,121.0
2024-11-21 18:04:00,Daegu,fashion,12.9,56,82.0
2024-11-21 17:46:00,Seoul,food,76.2,52,106.0
2024-11-21 09:57:00,Daegu,food,82.5,48,478.0
2024-11-21 17:21:00,Seoul,food,79.7,53,450.0
2024-11-21 15:15:00,Daegu,food,66.2,46,380.0
2024-11-21 16:21:00,Daegu,home,23.6,52,143.0
2024-11-21 16:18:00,Busan,food,91.6,54,445.0
2024-11-21 13:23:00,Incheon,fashion,80.2,58,182.0
2024-11-21 18:36:00,Seoul,food,74.5,48,313.0
2024-11-21 12:45:00,Incheon,food,35.2,52,98.0
2024-11-21 15:24:00,Incheon,tech,93.8,37,139.0
2024-11-22 22:30:00,Daegu,food,17.0,51,203.0
2024-11-22 15:52:00,Daegu,tech,57.1,43,166.0
2024-11-22 15:53:00,Gwangju,food,62.8,45,407.0
2024-11-22 19:45:00,Incheon,food,31.9,42,239.0
2024-11-22 18:20:00,Seoul,food,92.4,62,64.0
2024-11-22 09:16:00,Busan,fashion,51.8,56,279.0
2024-11-22 19:45:00,Incheon,food,76.9,54,196.0
2024-11-22 20:41:00,Busan,food,80.4,50,425.0
2024-11-22 20:43:00,Gwangju,fashion,21.2,41,299.0
2024-11-22 11:00:00,Seoul,food,65.6,60,423.0
2024-11-22 09:53:00,Daegu,tech,40.9,53,373.0
2024-11-22 21:15:00,Gwangju,food,51.3,47,465.0
2024-11-22 17:13:00,Seoul,tech,48.9,55,259.0
2024-11-22 16:50:00,Daegu,food,93.5,52,58.0
2024-11-22 14:20:00,Gwangju,food,64.9,55,150.0
2024-11-22 19:42:00,Busan,tech,59.6,52,186.0
2024-11-22 10:55:00,Daegu,fashion,38.4,40,353.0
2024-11-22 16:44:00,Busan,food,72.8,50,76.0
2024-11-22 12:08:00,Incheon,fashion,25.2,51,181.0
2024-11-22 15:37:00,Gwangju,home,89.2,53,192.0
2024-11-22 15:35:00,Gwangju,food,24.2,43,235.0
2024-11-22 18:38:00,Seoul,food,81.6,44,351.0
2024-11-22 12:02:00,Busan,home,78.4,51,279.0
2024-11-22 18:35:00,Incheon,home,83.3,52,424.0
2024-11-22 09:19:00,Busan,fashion,80.4,41,132.0
2024-11-22 17:36:00,Incheon,fashion,85.4,47,356.0
2024-11-22 15:32:00,Incheon,tech,46.3,52,499.0
2024-11-22 14:43:00,Busan,fashion,65.8,60,426.0
2024-11-22 11:37:00,Seoul,home,73.0,44,110.0
2024-11-22 18:55:00,Gwangju,fashion,68.2,55,185.0
2024-11-22 13:57:00,Daegu,food,76.0,52,109.0
2024-11-22 17:48:00,Daegu,fashion,62.1,54,248.0
2024-11-22 17:07:00,Gwangju,home,59.4,47,268.0
2024-11-22 14:31:00,Daegu,home,71.8,56,292.0
2024-11-22 14:16:00,Gwangju,fashion,64.2,61,452.0
2024-11-22 12:25:00,Busan,tech,97.7,54,351.0
2024-11-22 09:20:00,Incheon,fashion,55.2,53,412.0
2024-11-22 14:43:00,Incheon,home,88.7,43,341.0
2024-11-22 12:40:00,Incheon,tech,91.5,51,161.0
2024-11-22 12:19:00,Incheon,food,19.6,49,56.0
2024-11-22 11:08:00,Busan,tech,54.2,55,197.0
2024-11-22 20:06:00,Busan,food,87.5,39,271.0
2024-11-22 15:45:00,Seoul,home,35.6,61,409.0
2024-11-22 15:14:00,Busan,tech,85.8,56,328.0
2024-11-22 16:32:00,Gwangju,tech,11.2,54,119.0
2024-11-22 22:11:00,Seoul,home,75.6,50,250.0
2024-11-22 08:57:00,Daegu,fashion,50.8,43,263.0
2024-11-23 13:57:00,Gwangju,fashion,19.2,49,307.0
2024-11-23 19:17:00,Daegu,tech,72.1,44,331.0
2024-11-23 11:58:00,Incheon,home,99.1,48,437.0
2024-11-23 13:48:00,Daegu,food,51.6,55,404.0
2024-11-23 17:06:00,Seoul,tech,55.1,50,370.0
2024-11-23 15:47:00,Daegu,food,57.6,58,154.0
2024-11-23 16:40:00,Daegu,food,37.8,69,492.0
2024-11-23 12:44:00,Seoul,food,88.6,49,271.0
2024-11-23 17:47:00,Busan,home,22.2,49,362.0
2024-11-23 21:31:00,Busan,food,86.8,63,278.0
2024-11-23 16:22:00,Daegu,fashion,85.6,49,172.0
2024-11-23 10:17:00,Busan,food,84.7,48,441.0
2024-11-23 13:18:00,Busan,fashion,74.6,50,105.0
2024-11-23 16:33:00,Gwangju,fashion,35.4,51,248.0
2024-11-23 12:27:00,Gwangju,home,27.6,48,487.0
2024-11-23 10:49:00,Seoul,tech,94.0,42,495.0
2024-11-23 17:06:00,Seoul,home,55.5,54,265.0
2024-11-23 16:42:00,Busan,fashion,46.5,44,445.0
2024-11-23 21:16:00,Busan,tech,44.9,41,484.0
2024-11-23 15:01:00,Daegu,fashion,41.2,48,256.0
2024-11-23 10:34:00,Daegu,food,97.6,35,338.0
2024-11-23 20:26:00,Daegu,food,25.4,58,378.0
2024-11-23 10:17:00,Gwangju,home,48.0,50,265.0
2024-11-23 08:40:00,Daegu,tech,19.8,44,279.0
2024-11-23 19:27:00,Busan,fashion,86.1,54,414.0
2024-11-23 13:01:00,Incheon,home,85.8,50,94.0
2024-11-23 19:11:00,Daegu,food,80.5,66,291.0
2024-11-23 11:43:00,Busan,tech,37.3,47,309.0
2024-11-23 16:17:00,Gwangju,fashion,31.3,57,142.0
2024-11-23 20:00:00,Seoul,food,24.0,51,229.0
2024-11-23 14:46:00,Seoul,tech,63.9,39,166.0
2024-11-23 21:11:00,Daegu,home,54.9,38,274.0
2024-11-23 15:14:00,Seoul,tech,55.5,64,176.0
2024-11-23 17:52:00,Seoul,food,91.1,51,400.0
2024-11-23 10:09:00,Gwangju,food,86.1,64,386.0
2024-11-23 20:20:00,Incheon,food,37.0,49,264.0
2024-11-23 14:32:00,Daegu,fashion,80.3,50,52.0
2024-11-23 18:47:00,Gwangju,home,21.6,55,233.0
2024-11-23 17:48:00,Busan,tech,33.1,54,373.0
2024-11-23 12:41:00,Busan,home,85.8,51,332.0
2024-11-23 16:07:00,Gwangju,home,44.8,47,109.0
2024-11-23 19:53:00,Incheon,home,98.9,35,273.0
2024-11-23 15:50:00,Daegu,fashion,24.3,53,406.0
2024-11-23 19:47:00,Seoul,home,91.5,50,126.0
2024-11-23 19:32:00,Busan,fashion,83.8,44,219.0
2024-11-23 15:46:00,Seoul,home,31.3,60,350.0
2024-11-23 13:10:00,Incheon,home,25.5,41,457.0
2024-11-24 13:55:00,Incheon,food,47.2,45,401.0
2024-11-24 21:48:00,Busan,tech,82.3,49,238.0
2024-11-24 15:21:00,Incheon,home,33.1,52,179.0
2024-11-24 18:38:00,Busan,fashion,80.7,49,317.0
2024-11-24 14:53:00,Daegu,fashion,78.5,53,136.0
2024-11-24 09:37:00,Gwangju,fashion,96.9,39,132.0
2024-11-24 15:29:00,Incheon,food,40.6,47,159.0
2024-11-24 10:32:00,Seoul,tech,76.2,47,443.0
2024-11-24 14:56:00,Seoul,home,52.8,55,142.0
2024-11-24 17:46:00,Gwangju,home,47.8,51,65.0
2024-11-24 15:35:00,Busan,home,70.3,48,414.0
2024-11-24 16:44:00,Daegu,food,75.6,52,74.0
2024-11-24 09:52:00,Seoul,fashion,97.5,61,351.0
2024-11-24 17:38:00,Incheon,food,58.1,51,314.0
2024-11-24 15:27:00,Daegu,tech,59.3,56,492.0
2024-11-24 11:03:00,Seoul,food,40.1,44,476.0
2024-11-24 15:22:00,Busan,tech,11.4,43,299.0
2024-11-24 15:39:00,Incheon,tech,77.8,52,230.0
2024-11-24 18:34:00,Incheon,food,57.1,51,210.0
2024-11-24 22:23:00,Seoul,fashion,23.6,55,448.0
2024-11-24 15:39:00,Gwangju,food,38.6,37,437.0
2024-11-24 15:11:00,Daegu,home,27.4,47,154.0
2024-11-24 18:01:00,Incheon,food,95.4,56,463.0
2024-11-24 19:38:00,Gwangju,tech,96.1,60,237.0
2024-11-24 18:07:00,Busan,tech,80.2,58,122.0
2024-11-24 21:59:00,Daegu,tech,37.5,57,82.0
2024-11-24 13:13:00,Gwangju,tech,28.3,54,441.0
2024-11-24 22:33:00,Daegu,food,58.0,47,374.0
2024-11-24 12:43:00,Incheon,tech,12.1,48,88.0
2024-11-24 10:44:00,Busan,fashion,96.5,46,379.0
2024-11-24 13:29:00,Incheon,fashion,14.6,40,174.0
2024-11-24 11:08:00,Busan,tech,71.8,45,433.0
2024-11-24 16:21:00,Seoul,fashion,47.2,49,377.0
2024-11-24 20:13:00,Daegu,home,33.0,43,64.0
2024-11-24 13:36:00,Gwangju,home,10.4,52,145.0
2024-11-24 19:11:00,Seoul,food,94.6,50,362.0
2024-11-24 14:53:00,Incheon,tech,98.5,49,333.0
2024-11-24 14:37:00,Daegu,fashion,41.1,47,165.0
2024-11-24 10:19:00,Incheon,fashion,19.3,56,70.0
2024-11-24 19:05:00,Gwangju,tech,74.6,60,140.0
2024-11-24 14:58:00,Busan,tech,46.5,51,381.0
2024-11-24 17:18:00,Busan,tech,49.3,45,199.0
2024-11-24 17:13:00,Daegu,food,46.3,57,360.0
2024-11-24 11:14:00,Daegu,fashion,81.8,45,338.0
2024-11-24 11:04:00,Incheon,home,44.2,53,301.0
2024-11-24 10:08:00,Seoul,food,55.2,48,155.0
2024-11-24 15:05:00,Daegu,home,49.9,59,194.0
2024-11-24 18:13:00,Seoul,fashion,62.2,61,252.0
2024-11-25 14:25:00,Gwangju,food,20.4,49,455.0
2024-11-25 19:41:00,Seoul,tech,61.2,47,476.0
2024-11-25 10:38:00,Gwangju,home,61.4,51,293.0
2024-11-25 19:31:00,Seoul,home,98.7,36,126.0
2024-11-25 17:33:00,Gwangju,fashion,61.0,51,139.0
2024-11-25 14:24:00,Seoul,home,81.2,39,399.0
2024-11-25 21:09:00,Incheon,food,52.8,56,204.0
2024-11-25 20:42:00,Busan,food,17.5,63,104.0
2024-11-25 14:16:00,Seoul,food,98.5,45,239.0
2024-11-25 15:10:00,Incheon,home,57.2,39,246.0
2024-11-25 18:17:00,Incheon,food,50.3,55,191.0
2024-11-25 12:15:00,Daegu,fashion,29.7,54,255.0
2024-11-25 17:08:00,Incheon,fashion,56.8,60,438.0
2024-11-25 16:52:00,Busan,tech,49.6,40,162.0
2024-11-25 10:28:00,Busan,home,77.0,47,64.0
2024-11-25 14:37:00,Incheon,food,55.1,52,387.0
2024-11-25 22:00:00,Daegu,fashion,13.1,54,214.0
2024-11-25 16:12:00,Incheon,home,84.0,58,433.0
2024-11-25 08:17:00,Busan,tech,10.9,55,431.0
2024-11-25 16:50:00,Seoul,tech,49.4,79,215.0
2024-11-25 17:45:00,Busan,tech,44.6,46,400.0
2024-11-25 09:19:00,Busan,tech,49.3,53,391.0
2024-11-25 19:05:00,Seoul,tech,83.2,64,402.0
2024-11-25 16:13:00,Busan,home,72.6,49,497.0
2024-11-25 13:45:00,Daegu,tech,94.8,43,496.0
2024-11-25 11:42:00,Incheon,fashion,82.9,42,129.0
2024-11-25 12:36:00,Daegu,food,13.3,58,68.0
2024-11-25 17:07:00,Seoul,tech,56.6,57,492.0
2024-11-25 20:54:00,Seoul,tech,71.1,45,415.0
2024-11-25 19:38:00,Gwangju,tech,13.3,41,71.0
2024-11-25 14:05:00,Daegu,tech,74.6,63,432.0
2024-11-25 09:07:00,Daegu,fashion,11.7,40,161.0
2024-11-25 14:37:00,Incheon,fashion,17.3,45,112.0
2024-11-25 17:07:00,Seoul,fashion,41.0,58,296.0
2024-11-25 15:19:00,Gwangju,fashion,20.6,41,143.0
2024-11-25 17:19:00,Seoul,food,15.7,45,64.0
2024-11-25 20:06:00,Incheon,food,61.5,52,229.0
2024-11-25 08:52:00,Incheon,home,23.8,55,124.0
2024-11-25 12:21:00,Busan,fashion,42.4,52,106.0
2024-11-25 19:40:00,Gwangju,fashion,91.3,45,339.0
2024-11-25 20:54:00,Gwangju,tech,30.1,48,141.0
2024-11-25 21:28:00,Daegu,food,71.0,62,203.0
2024-11-25 14:38:00,Seoul,tech,40.8,53,349.0
2024-11-25 20:35:00,Incheon,food,69.7,40,78.0
2024-11-25 17:12:00,Seoul,food,93.0,52,169.0
2024-11-25 21:05:00,Seoul,home,77.4,45,240.0
2024-11-25 13:16:00,Busan,food,23.8,47,415.0
2024-11-25 14:53:00,Gwangju,tech,52.0,56,131.0
2024-11-25 13:31:00,Seoul,food,65.8,56,490.0
2024-11-25 13:34:00,Gwangju,home,57.8,49,483.0
2024-11-25 13:45:00,Busan,tech,90.3,44,357.0
2024-11-25 20:25:00,Seoul,home,79.4,53,433.0
2024-11-26 17:41:00,Incheon,fashion,46.8,58,251.0
2024-11-26 13:56:00,Incheon,tech,75.6,47,468.0
2024-11-26 14:23:00,Daegu,home,41.7,40,271.0
2024-11-26 16:53:00,Incheon,food,86.4,48,414.0
2024-11-26 18:39:00,Gwangju,home,95.7,45,381.0
2024-11-26 14:19:00,Gwangju,home,65.5,49,483.0
2024-11-26 14:58:00,Daegu,fashion,25.2,58,449.0
2024-11-26 18:25:00,Daegu,food,68.1,53,133.0
2024-11-26 10:17:00,Busan,home,35.7,54,406.0
2024-11-26 18:49:00,Busan,home,83.6,66,392.0
2024-11-26 16:31:00,Daegu,food,59.3,54,340.0
2024-11-26 16:35:00,Busan,tech,46.4,49,340.0
2024-11-26 15:47:00,Busan,tech,62.1,53,328.0
2024-11-26 16:33:00,Incheon,home,24.3,52,79.0
2024-11-26 13:29:00,Daegu,home,43.4,40,52.0
2024-11-26 14:13:00,Busan,food,52.8,59,424.0
2024-11-26 13:00:00,Gwangju,fashion,81.8,46,412.0
2024-11-26 09:15:00,Seoul,fashion,52.1,58,297.0
2024-11-26 14:30:00,Incheon,home,57.2,49,270.0
2024-11-26 12:06:00,Busan,home,90.8,54,134.0
2024-11-26 14:41:00,Gwangju,fashion,36.7,59,116.0
2024-11-26 09:44:00,Busan,tech,59.6,38,231.0
2024-11-26 18:23:00,Incheon,tech,18.8,60,463.0
2024-11-26 21:58:00,Daegu,home,96.9,52,375.0
2024-11-26 16:34:00,Daegu,tech,45.7,48,283.0
2024-11-26 22:31:00,Gwangju,fashion,60.5,50,438.0
2024-11-26 22:33:00,Busan,tech,69.7,47,186.0
2024-11-26 10:29:00,Daegu,fashion,74.2,50,300.0
2024-11-26 16:28:00,Busan,fashion,85.8,49,404.0
2024-11-26 13:59:00,Incheon,tech,84.8,48,167.0
2024-11-26 13:05:00,Daegu,tech,91.9,62,121.0
2024-11-26 15:31:00,Incheon,food,30.1,60,330.0
2024-11-26 11:02:00,Seoul,home,75.4,51,491.0
2024-11-26 08:21:00,Seoul,food,46.7,42,187.0
2024-11-26 16:01:00,Busan,fashion,26.4,42,251.0
2024-11-26 18:02:00,Gwangju,food,51.2,45,371.0
2024-11-26 19:32:00,Incheon,food,87.2,46,480.0
2024-11-26 16:38:00,Gwangju,tech,37.5,33,307.0
2024-11-26 16:06:00,Seoul,home,73.8,47,371.0
2024-11-26 15:16:00,Gwangju,fashion,18.4,51,211.0
2024-11-26 19:48:00,Busan,tech,51.0,55,477.0
2024-11-26 15:31:00,Busan,food,54.3,57,287.0
2024-11-26 19:16:00,Daegu,home,35.0,68,332.0
2024-11-26 14:36:00,Daegu,tech,39.5,55,112.0
2024-11-26 16:14:00,Incheon,food,61.5,47,80.0
2024-11-26 17:03:00,Seoul,home,12.5,49,66.0
2024-11-26 17:17:00,Busan,food,76.9,51,92.0
2024-11-26 15:56:00,Daegu,food,93.4,42,242.0
2024-11-26 17:34:00,Seoul,home,61.7,50,138.0
2024-11-26 19:30:00,Seoul,fashion,84.4,62,178.0
2024-11-26 16:05:00,Seoul,food,90.6,60,252.0
2024-11-26 17:20:00,Incheon,tech,98.1,33,181.0
2024-11-26 16:51:00,Incheon,fashion,78.4,54,181.0
2024-11-26 12:17:00,Seoul,home,91.5,45,198.0
2024-11-26 11:28:00,Gwangju,food,82.5,57,166.0
2024-11-27 16:38:00,Gwangju,tech,20.2,45,192.0
2024-11-27 18:38:00,Daegu,food,49.8,48,356.0
2024-11-27 16:22:00,Daegu,tech,26.4,44,266.0
2024-11-27 17:24:00,Daegu,food,80.4,58,313.0
2024-11-27 12:04:00,Incheon,home,30.0,53,166.0
2024-11-27 20:24:00,Incheon,home,62.5,58,324.0
2024-11-27 08:36:00,Busan,home,74.9,52,132.0
2024-11-27 13:56:00,Daegu,fashion,92.2,34,477.0
2024-11-27 18:16:00,Gwangju,tech,83.3,48,307.0
2024-11-27 20:11:00,Incheon,home,76.1,51,305.0
2024-11-27 17:57:00,Daegu,home,11.2,64,481.0
2024-11-27 21:54:00,Gwangju,home,24.6,44,384.0
2024-11-27 15:49:00,Seoul,food,92.2,60,280.0
2024-11-27 13:41:00,Daegu,food,51.7,59,336.0
2024-11-27 10:52:00,Busan,tech,29.8,49,122.0
2024-11-27 10:41:00,Gwangju,tech,59.2,41,425.0
2024-11-27 15:14:00,Seoul,home,14.9,52,459.0
2024-11-27 10:50:00,Incheon,food,72.6,44,325.0
2024-11-27 19:39:00,Busan,fashion,94.2,44,100.0
2024-11-27 16:15:00,Seoul,fashion,27.5,54,415.0
2024-11-27 18:46:00,Busan,home,49.1,49,214.0
2024-11-27 17:18:00,Incheon,food,69.6,40,387.0
2024-11-27 17:38:00,Seoul,food,93.8,59,83.0
2024-11-27 17:54:00,Daegu,tech,12.0,42,424.0
2024-11-27 15:09:00,Seoul,tech,92.7,48,371.0
2024-11-27 15:40:00,Daegu,food,99.2,49,455.0
2024-11-27 12:55:00,Seoul,tech,59.6,48,361.0
2024-11-27 21:31:00,Daegu,home,45.1,59,198.0
2024-11-27 16:34:00,Gwangju,tech,83.9,59,408.0
2024-11-27 17:30:00,Daegu,home,89.4,51,247.0
2024-11-27 21:58:00,Gwangju,tech,37.2,54,437.0
2024-11-27 13:00:00,Gwangju,food,79.7,58,128.0
2024-11-27 13:02:00,Seoul,tech,88.9,50,165.0
2024-11-27 21:37:00,Daegu,home,41.9,44,76.0
2024-11-27 15:46:00,Busan,food,79.2,46,124.0
2024-11-27 21:05:00,Gwangju,tech,28.3,63,120.0
2024-11-27 13:30:00,Incheon,home,10.7,42,364.0
2024-11-27 17:49:00,Gwangju,home,77.0,64,385.0
2024-11-27 17:21:00,Gwangju,tech,26.3,56,470.0
2024-11-27 13:15:00,Busan,tech,93.9,53,61.0
2024-11-27 14:58:00,Seoul,tech,98.7,50,274.0
2024-11-27 16:01:00,Busan,home,22.1,53,423.0
2024-11-27 16:05:00,Daegu,home,72.3,51,110.0
2024-11-27 20:43:00,Busan,food,12.6,53,190.0
2024-11-27 17:16:00,Daegu,home,47.8,41,457.0
2024-11-27 17:23:00,Incheon,home,51.5,63,327.0
2024-11-27 22:35:00,Daegu,food,50.5,50,224.0
2024-11-27 12:41:00,Seoul,home,33.1,65,149.0
2024-11-27 12:53:00,Incheon,fashion,38.2,46,317.0
2024-11-28 17:34:00,Daegu,home,65.6,41,158.0
2024-11-28 22:06:00,Gwangju,tech,89.3,50,116.0
2024-11-28 13:33:00,Incheon,food,19.7,53,197.0
2024-11-28 19:58:00,Seoul,home,87.8,50,287.0
2024-11-28 15:09:00,Incheon,home,74.3,47,288.0
2024-11-28 17:41:00,Seoul,tech,98.7,55,272.0
2024-11-28 10:08:00,Incheon,tech,52.8,50,309.0
2024-11-28 13:37:00,Gwangju,food,76.8,51,225.0
2024-11-28 08:31:00,Seoul,fashion,76.6,68,344.0
2024-11-28 19:54:00,Seoul,home,35.4,54,138.0
2024-11-28 15:55:00,Gwangju,fashion,50.7,49,244.0
2024-11-28 20:45:00,Seoul,home,47.1,62,484.0
2024-11-28 09:29:00,Daegu,food,30.6,46,121.0
2024-11-28 19:38:00,Seoul,fashion,70.7,45,313.0
2024-11-28 13:59:00,Gwangju,food,64.9,58,125.0
2024-11-28 17:07:00,Gwangju,food,43.9,65,309.0
2024-11-28 16:59:00,Incheon,food,17.0,42,186.0
2024-11-28 10:38:00,Daegu,fashion,80.4,59,394.0
2024-11-28 15:37:00,Incheon,home,67.3,47,421.0
2024-11-28 09:25:00,Incheon,tech,29.5,36,270.0
2024-11-28 11:23:00,Busan,tech,97.4,47,133.0
2024-11-28 16:15:00,Gwangju,home,62.2,66,276.0
2024-11-28 17:26:00,Incheon,fashion,11.4,51,57.0
2024-11-28 19:37:00,Incheon,fashion,65.1,50,284.0
2024-11-28 18:43:00,Incheon,home,79.9,50,67.0
2024-11-28 22:26:00,Busan,tech,58.2,49,383.0
2024-11-28 18:24:00,Busan,home,78.5,50,426.0
2024-11-28 19:32:00,Incheon,tech,76.2,50,369.0
2024-11-28 18:56:00,Incheon,home,55.6,52,410.0
2024-11-28 21:21:00,Seoul,food,48.2,39,399.0
2024-11-28 17:48:00,Busan,fashion,96.8,45,238.0
2024-11-28 20:41:00,Incheon,tech,62.1,44,241.0
2024-11-28 11:23:00,Busan,tech,42.4,56,268.0
2024-11-28 12:59:00,Daegu,food,50.1,54,179.0
2024-11-28 19:50:00,Incheon,food,97.0,51,485.0
2024-11-28 18:59:00,Seoul,home,10.5,51,444.0
2024-11-28 13:13:00,Gwangju,food,66.4,49,440.0
2024-11-28 15:50:00,Gwangju,home,18.1,46,205.0
2024-11-29 13:42:00,Busan,home,57.0,46,186.0
2024-11-29 14:38:00,Daegu,home,39.1,50,338.0
2024-11-29 16:07:00,Gwangju,tech,82.9,45,153.0
2024-11-29 16:11:00,Daegu,home,22.4,56,307.0
2024-11-29 16:03:00,Incheon,fashion,98.8,47,460.0
2024-11-29 15:53:00,Busan,fashion,15.8,46,179.0
2024-11-29 16:36:00,Seoul,home,73.4,63,101.0
2024-11-29 17:29:00,Daegu,tech,71.9,48,76.0
2024-11-29 16:26:00,Seoul,tech,95.8,47,450.0
2024-11-29 15:05:00,Daegu,food,59.5,51,420.0
2024-11-29 19:47:00,Busan,fashion,53.8,58,242.0
2024-11-29 17:12:00,Gwangju,tech,96.5,38,53.0
2024-11-29 15:59:00,Seoul,tech,60.2,49,73.0
2024-11-29 18:58:00,Daegu,tech,21.7,45,87.0
2024-11-29 13:14:00,Seoul,food,64.4,65,254.0
2024-11-29 15:36:00,Gwangju,fashion,20.1,36,159.0
2024-11-29 17:47:00,Gwangju,home,44.8,40,474.0
2024-11-29 16:22:00,Incheon,food,48.6,48,382.0
2024-11-29 16:10:00,Seoul,food,39.9,39,126.0
2024-11-29 16:54:00,Incheon,home,76.9,45,260.0
2024-11-29 10:28:00,Incheon,fashion,73.2,54,350.0
2024-11-29 15:08:00,Incheon,food,88.6,58,344.0
2024-11-29 13:51:00,Busan,fashion,78.5,49,366.0
2024-11-29 15:32:00,Seoul,home,82.6,58,400.0
2024-11-29 17:14:00,Incheon,fashion,61.5,42,471.0
2024-11-29 16:13:00,Gwangju,tech,69.2,59,458.0
2024-11-29 21:59:00,Seoul,tech,88.9,44,226.0
2024-11-29 20:52:00,Incheon,fashion,14.7,70,294.0
2024-11-29 16:12:00,Incheon,fashion,21.9,59,241.0
2024-11-29 10:51:00,Gwangju,home,32.8,60,282.0
2024-11-29 19:02:00,Incheon,food,71.1,52,273.0
2024-11-29 10:12:00,Busan,home,95.1,48,125.0
2024-11-29 12:20:00,Busan,food,85.4,53,472.0
2024-11-29 13:09:00,Seoul,tech,74.9,58,419.0
2024-11-29 15:35:00,Incheon,food,29.8,48,195.0
2024-11-29 15:48:00,Busan,tech,86.0,50,240.0
2024-11-29 18:42:00,Incheon,fashion,70.5,55,295.0
2024-11-29 08:02:00,Gwangju,home,71.1,57,168.0
2024-11-29 14:00:00,Gwangju,tech,11.4,45,166.0
2024-11-29 16:38:00,Incheon,fashion,30.1,66,408.0
2024-11-29 16:28:00,Daegu,food,11.7,50,488.0
2024-11-29 17:09:00,Incheon,tech,93.2,56,129.0
2024-11-29 09:14:00,Gwangju,fashion,68.0,54,444.0
2024-11-29 12:59:00,Incheon,food,18.1,67,151.0
2024-11-29 13:07:00,Incheon,home,54.2,49,397.0
2024-11-30 18:57:00,Gwangju,food,73.4,53,496.0
2024-11-30 16:51:00,Incheon,fashion,65.8,33,235.0
2024-11-30 19:08:00,Busan,tech,69.8,37,177.0
2024-11-30 15:47:00,Seoul,tech,89.4,43,428.0
2024-11-30 16:11:00,Gwangju,tech,28.7,52,343.0
2024-11-30 12:33:00,Busan,tech,20.0,60,118.0
2024-11-30 13:22:00,Incheon,home,19.9,60,75.0
2024-11-30 17:23:00,Daegu,tech,17.7,60,273.0
2024-11-30 21:36:00,Seoul,food,19.3,49,227.0
2024-11-30 17:48:00,Busan,fashion,77.1,48,78.0
2024-11-30 12:41:00,Gwangju,tech,53.1,46,251.0
2024-11-30 19:49:00,Daegu,home,89.2,46,254.0
2024-11-30 18:47:00,Incheon,fashion,67.6,52,261.0
2024-11-30 14:18:00,Gwangju,home,12.9,63,250.0
2024-11-30 10:29:00,Busan,fashion,71.2,37,233.0
2024-11-30 17:03:00,Incheon,fashion,44.2,53,264.0
2024-11-30 16:56:00,Seoul,food,62.5,69,200.0
2024-11-30 17:01:00,Incheon,fashion,85.0,39,318.0
2024-11-30 19:23:00,Incheon,food,98.3,47,492.0
2024-11-30 20:54:00,Daegu,home,98.6,58,420.0
2024-11-30 14:07:00,Daegu,fashion,91.3,50,409.0
2024-11-30 21:33:00,Busan,fashion,89.4,47,281.0
2024-11-30 12:43:00,Busan,food,34.5,49,103.0
2024-11-30 14:39:00,Incheon,fashion,92.5,51,422.0
2024-11-30 14:46:00,Daegu,fashion,93.3,44,183.0
2024-11-30 13:10:00,Seoul,food,60.0,54,129.0
2024-11-30 15:21:00,Gwangju,tech,29.4,61,81.0
2024-11-30 14:30:00,Daegu,fashion,16.5,58,497.0
2024-11-30 13:09:00,Gwangju,food,70.0,46,475.0
2024-11-30 17:26:00,Incheon,tech,45.2,46,399.0
2024-11-30 15:59:00,Incheon,food,91.0,60,286.0
2024-11-30 19:01:00,Daegu,home,18.1,50,333.0
2024-11-30 16:36:00,Daegu,tech,71.1,43,407.0
2024-11-30 22:23:00,Gwangju,food,57.6,63,175.0
2024-11-30 17:14:00,Seoul,home,11.3,50,195.0
2024-11-30 11:21:00,Seoul,fashion,66.4,57,234.0
2024-11-30 12:03:00,Incheon,home,87.9,52,277.0
2024-11-30 14:08:00,Gwangju,home,31.9,45,100.0
2024-11-30 13:00:00,Seoul,fashion,92.3,53,101.0
2024-11-30 21:22:00,Seoul,tech,12.3,47,264.0
2024-11-30 15:04:00,Incheon,tech,93.0,43,255.0
2024-11-30 12:44:00,Incheon,home,87.3,51,443.0
2024-11-30 09:54:00,Busan,tech,62.6,53,162.0
2024-12-01 13:53:00,Daegu,tech,82.3,49,252.0
2024-12-01 13:16:00,Seoul,food,66.7,55,94.0
2024-12-01 12:07:00,Busan,food,23.9,44,176.0
2024-12-01 17:32:00,Incheon,food,78.2,56,216.0
2024-12-01 08:14:00,Seoul,food,82.7,45,201.0
2024-12-01 12:34:00,Daegu,fashion,68.3,44,473.0
2024-12-01 19:45:00,Incheon,food,55.9,47,86.0
2024-12-01 18:17:00,Busan,tech,73.6,39,325.0
2024-12-01 21:39:00,Busan,home,61.4,53,105.0
2024-12-01 16:25:00,Gwangju,home,84.6,49,447.0
2024-12-01 10:22:00,Gwangju,home,27.1,62,139.0
2024-12-01 13:20:00,Daegu,tech,68.9,46,493.0
2024-12-01 13:14:00,Daegu,fashion,49.7,58,450.0
2024-12-01 17:48:00,Seoul,home,37.8,57,228.0
2024-12-01 12:23:00,Seoul,tech,76.6,51,125.0
2024-12-01 20:42:00,Busan,fashion,31.8,44,247.0
2024-12-01 20:43:00,Daegu,tech,96.8,51,190.0
2024-12-01 12:35:00,Busan,food,71.5,57,285.0
2024-12-01 09:49:00,Gwangju,fashion,41.8,43,464.0
2024-12-01 11:38:00,Incheon,home,35.7,65,248.0
2024-12-01 14:11:00,Busan,home,26.6,44,413.0
2024-12-01 12:04:00,Seoul,fashion,13.6,51,150.0
2024-12-01 19:52:00,Incheon,food,96.4,50,487.0
2024-12-01 18:28:00,Incheon,home,95.1,42,154.0
2024-12-01 13:41:00,Gwangju,tech,94.7,45,439.0
2024-12-01 18:56:00,Incheon,home,74.2,49,108.0
2024-12-01 19:21:00,Daegu,food,74.5,52,205.0
2024-12-01 14:41:00,Busan,fashion,64.9,58,148.0
2024-12-01 08:15:00,Busan,fashion,31.3,53,87.0
2024-12-01 22:38:00,Incheon,fashion,77.1,56,291.0
2024-12-01 11:12:00,Busan,fashion,43.8,48,256.0
2024-12-01 17:13:00,Incheon,food,68.6,56,64.0
2024-12-01 20:20:00,Daegu,tech,34.2,49,197.0
2024-12-01 18:56:00,Daegu,home,50.5,60,127.0
2024-12-01 09:05:00,Incheon,food,15.4,42,209.0
2024-12-01 20:32:00,Busan,tech,55.1,45,99.0
2024-12-01 19:41:00,Gwangju,food,98.8,53,391.0
2024-12-01 17:33:00,Incheon,tech,27.5,47,240.0
2024-12-01 14:39:00,Daegu,tech,40.2,54,100.0
2024-12-01 16:23:00,Daegu,food,47.3,48,143.0
2024-12-01 19:51:00,Daegu,home,82.4,56,104.0
2024-12-01 22:46:00,Busan,tech,89.6,47,310.0
2024-12-02 14:39:00,Gwangju,fashion,83.2,62,132.0
2024-12-02 18:13:00,Gwangju,food,63.5,55,75.0
2024-12-02 13:15:00,Incheon,tech,28.3,51,322.0
2024-12-02 14:40:00,Seoul,tech,82.5,48,102.0
2024-12-02 19:27:00,Daegu,tech,10.1,54,193.0
2024-12-02 09:37:00,Seoul,fashion,61.9,44,312.0
2024-12-02 16:12:00,Incheon,tech,24.0,50,429.0
2024-12-02 19:57:00,Seoul,home,81.7,42,215.0
2024-12-02 12:12:00,Gwangju,home,25.7,45,75.0
2024-12-02 11:07:00,Gwangju,tech,98.9,37,193.0
2024-12-02 14:22:00,Seoul,food,87.8,39,336.0
2024-12-02 11:12:00,Busan,home,38.8,49,298.0
2024-12-02 12:48:00,Incheon,food,40.8,47,315.0
2024-12-02 11:25:00,Busan,home,69.6,54,333.0
2024-12-02 19:44:00,Busan,fashion,67.1,47,497.0
2024-12-02 18:30:00,Busan,home,89.7,48,492.0
2024-12-02 19:20:00,Busan,tech,73.1,37,366.0
2024-12-02 22:53:00,Gwangju,home,24.5,34,178.0
2024-12-02 15:16:00,Seoul,tech,82.3,39,73.0
2024-12-02 19:21:00,Gwangju,food,70.2,61,494.0
2024-12-02 17:31:00,Seoul,tech,29.4,59,463.0
2024-12-02 15:42:00,Busan,fashion,19.9,53,439.0
2024-12-02 18:59:00,Gwangju,tech,69.7,57,203.0
2024-12-02 15:32:00,Gwangju,home,34.2,50,406.0
2024-12-02 13:23:00,Busan,home,21.5,43,301.0
2024-12-02 18:49:00,Busan,home,46.5,48,280.0
2024-12-02 14:07:00,Daegu,food,17.5,48,494.0
2024-12-02 19:33:00,Incheon,tech,74.2,45,185.0
2024-12-02 10:21:00,Seoul,food,39.2,50,237.0
2024-12-02 14:25:00,Gwangju,tech,60.5,36,100.0
2024-12-02 13:24:00,Gwangju,food,27.4,48,69.0
2024-12-02 14:10:00,Busan,food,70.9,59,288.0
2024-12-02 18:17:00,Gwangju,home,40.7,38,436.0
2024-12-02 16:32:00,Seoul,fashion,45.9,45,297.0
2024-12-02 21:49:00,Incheon,food,84.2,46,245.0
2024-12-02 17:07:00,Seoul,tech,82.9,58,339.0
2024-12-02 21:50:00,Gwangju,home,99.9,33,396.0
2024-12-02 16:06:00,Seoul,home,48.2,51,398.0
2024-12-02 17:58:00,Gwangju,food,91.2,50,324.0
2024-12-02 14:44:00,Busan,home,19.0,42,185.0
2024-12-02 15:47:00,Seoul,food,92.0,33,461.0
2024-12-02 12:50:00,Incheon,food,76.3,42,50.0
2024-12-02 13:02:00,Busan,home,48.4,36,184.0
2024-12-02 18:52:00,Incheon,tech,59.6,44,166.0
2024-12-02 15:21:00,Busan,home,35.2,41,174.0
2024-12-02 19:52:00,Busan,fashion,48.9,50,413.0
2024-12-02 17:08:00,Incheon,food,36.0,42,256.0
2024-12-02 16:14:00,Gwangju,food,91.3,47,250.0
2024-12-02 08:34:00,Daegu,home,36.2,56,51.0
2024-12-02 17:13:00,Daegu,fashion,18.3,53,343.0
2024-12-02 15:31:00,Daegu,food,67.4,58,492.0
2024-12-02 17:27:00,Seoul,food,55.4,37,442.0
2024-12-02 12:19:00,Incheon,food,39.2,62,412.0
2024-12-03 21:13:00,Busan,home,88.6,53,484.0
2024-12-03 18:56:00,Busan,home,12.7,46,408.0
2024-12-03 19:23:00,Gwangju,tech,79.4,55,235.0
2024-12-03 20:07:00,Busan,tech,21.3,38,274.0
2024-12-03 08:13:00,Daegu,tech,91.4,33,390.0
2024-12-03 19:26:00,Gwangju,food,48.0,41,338.0
2024-12-03 16:31:00,Daegu,fashion,70.0,42,372.0
2024-12-03 15:59:00,Daegu,fashion,63.2,50,276.0
2024-12-03 15:35:00,Daegu,tech,59.4,49,424.0
2024-12-03 14:43:00,Busan,fashion,17.5,59,346.0
2024-12-03 17:37:00,Seoul,home,75.8,46,363.0
2024-12-03 16:43:00,Incheon,food,22.9,55,298.0
2024-12-03 16:37:00,Seoul,home,66.8,50,92.0
2024-12-03 14:31:00,Busan,fashion,38.1,45,468.0
2024-12-03 14:14:00,Incheon,fashion,46.3,44,219.0
2024-12-03 17:32:00,Daegu,food,47.8,56,181.0
2024-12-03 20:00:00,Daegu,home,80.5,49,64.0
2024-12-03 14:05:00,Incheon,tech,69.0,52,135.0
2024-12-03 14:53:00,Incheon,food,75.6,50,422.0
2024-12-03 11:43:00,Busan,fashion,33.7,59,452.0
2024-12-03 16:42:00,Busan,home,42.9,53,248.0
2024-12-03 13:15:00,Busan,food,17.9,50,469.0
2024-12-03 14:59:00,Daegu,fashion,23.5,47,181.0
2024-12-03 10:02:00,Incheon,food,11.8,39,200.0
2024-12-03 18:06:00,Gwangju,tech,80.1,32,93.0
2024-12-03 14:49:00,Incheon,food,74.1,45,103.0
2024-12-03 08:28:00,Seoul,food,77.6,55,307.0
2024-12-03 13:18:00,Gwangju,food,36.9,50,258.0
2024-12-03 16:00:00,Busan,food,60.9,46,279.0
2024-12-03 17:57:00,Gwangju,food,72.2,46,423.0
2024-12-03 18:57:00,Daegu,food,50.8,46,231.0
2024-12-03 14:10:00,Seoul,tech,82.5,47,399.0
2024-12-03 19:50:00,Seoul,food,71.8,52,442.0
2024-12-03 20:10:00,Incheon,tech,71.0,48,180.0
2024-12-03 14:48:00,Incheon,tech,41.5,62,428.0
2024-12-03 21:01:00,Incheon,tech,20.1,48,486.0
2024-12-03 16:27:00,Daegu,fashion,78.9,40,191.0
2024-12-03 19:25:00,Busan,food,94.4,48,129.0
2024-12-04 15:31:00,Daegu,home,75.6,51,265.0
2024-12-04 18:12:00,Gwangju,tech,61.5,52,74.0
2024-12-04 16:58:00,Daegu,home,83.1,63,103.0
2024-12-04 16:16:00,Seoul,fashion,20.5,42,410.0
2024-12-04 09:59:00,Incheon,food,78.8,52,237.0
2024-12-04 15:51:00,Seoul,fashion,71.7,52,300.0
2024-12-04 19:50:00,Daegu,fashion,99.7,51,345.0
2024-12-04 16:28:00,Seoul,food,58.8,55,500.0
2024-12-04 19:53:00,Daegu,tech,42.6,44,251.0
2024-12-04 16:49:00,Daegu,food,92.1,62,370.0
2024-12-04 17:27:00,Busan,tech,81.3,55,299.0
2024-12-04 21:46:00,Gwangju,tech,28.1,50,476.0
2024-12-04 22:52:00,Busan,tech,62.3,49,79.0
2024-12-04 15:39:00,Gwangju,fashion,77.7,52,402.0
2024-12-04 11:30:00,Seoul,tech,78.2,49,265.0
2024-12-04 21:02:00,Seoul,fashion,75.2,53,300.0
2024-12-04 16:59:00,Gwangju,home,19.4,40,239.0
2024-12-04 13:47:00,Busan,fashion,38.2,46,468.0
2024-12-04 14:46:00,Busan,home,17.9,55,240.0
2024-12-04 14:08:00,Seoul,home,99.1,53,420.0
2024-12-04 19:52:00,Gwangju,tech,91.6,39,365.0
2024-12-04 13:10:00,Seoul,home,39.4,43,351.0
2024-12-04 16:28:00,Incheon,tech,65.1,44,345.0
2024-12-04 11:00:00,Gwangju,fashion,97.1,41,309.0
2024-12-04 19:03:00,Seoul,fashion,33.1,42,457.0
2024-12-04 08:50:00,Busan,food,82.8,42,383.0
2024-12-04 14:01:00,Incheon,tech,16.3,42,448.0
2024-12-04 15:02:00,Seoul,food,10.3,47,394.0
2024-12-04 13:31:00,Gwangju,tech,25.4,64,485.0
2024-12-04 16:18:00,Daegu,food,18.3,47,131.0
2024-12-04 10:14:00,Seoul,food,95.0,43,286.0
2024-12-04 12:22:00,Incheon,home,71.2,62,71.0
2024-12-04 16:00:00,Daegu,fashion,78.6,45,485.0
2024-12-04 22:59:00,Busan,tech,10.1,50,290.0
2024-12-04 16:22:00,Gwangju,home,58.2,52,444.0
2024-12-04 19:52:00,Gwangju,tech,40.1,52,432.0
2024-12-04 15:46:00,Gwangju,fashion,81.9,53,464.0
2024-12-04 12:53:00,Seoul,food,48.1,59,316.0
2024-12-04 17:17:00,Busan,home,30.7,54,336.0
2024-12-04 14:44:00,Daegu,food,23.1,49,275.0
2024-12-04 10:58:00,Daegu,fashion,98.8,52,431.0
2024-12-04 18:08:00,Incheon,tech,91.7,43,285.0
2024-12-04 19:00:00,Busan,tech,36.6,59,97.0
2024-12-04 21:19:00,Busan,food,52.0,53,155.0
2024-12-04 14:12:00,Incheon,home,69.4,57,128.0
2024-12-04 13:29:00,Seoul,tech,50.6,38,495.0
2024-12-04 15:16:00,Daegu,tech,80.4,44,316.0
2024-12-04 19:21:00,Busan,tech,94.4,52,87.0
2024-12-05 13:57:00,Incheon,food,21.7,52,401.0
2024-12-05 16:32:00,Seoul,fashion,59.6,54,161.0
2024-12-05 15:18:00,Daegu,fashion,83.6,47,464.0
2024-12-05 14:19:00,Incheon,fashion,39.9,50,370.0
2024-12-05 18:23:00,Incheon,tech,19.4,46,261.0
2024-12-05 14:19:00,Daegu,home,32.3,53,57.0
2024-12-05 18:04:00,Gwangju,food,85.0,57,207.0
2024-12-05 15:56:00,Daegu,home,93.8,50,499.0
2024-12-05 16:31:00,Daegu,fashion,30.2,55,447.0
2024-12-05 15:03:00,Daegu,food,50.5,49,150.0
2024-12-05 14:23:00,Incheon,fashion,55.5,40,382.0
2024-12-05 18:05:00,Incheon,home,84.6,58,220.0
2024-12-05 12:55:00,Seoul,home,70.1,59,487.0
2024-12-05 15:53:00,Incheon,fashion,45.9,40,385.0
2024-12-05 21:36:00,Seoul,tech,76.7,59,150.0
2024-12-05 14:49:00,Incheon,tech,22.4,44,131.0
2024-12-05 15:31:00,Seoul,fashion,60.2,46,392.0
2024-12-05 13:15:00,Daegu,fashion,32.0,47,415.0
2024-12-05 17:30:00,Incheon,food,91.9,57,336.0
2024-12-05 17:02:00,Incheon,home,98.0,48,360.0
2024-12-05 19:02:00,Busan,tech,36.2,42,126.0
2024-12-05 18:14:00,Gwangju,food,86.8,43,107.0
2024-12-05 16:56:00,Daegu,tech,67.8,58,398.0
2024-12-05 18:01:00,Daegu,food,15.3,49,262.0
2024-12-05 11:04:00,Incheon,fashion,61.9,46,456.0
2024-12-05 19:50:00,Daegu,food,93.3,50,203.0
2024-12-05 10:07:00,Seoul,home,37.5,56,432.0
2024-12-05 21:47:00,Gwangju,fashion,33.9,53,400.0
2024-12-05 16:15:00,Busan,tech,46.3,41,478.0
2024-12-05 18:41:00,Busan,fashion,96.4,44,325.0
2024-12-05 10:15:00,Busan,fashion,73.0,47,427.0
2024-12-05 12:34:00,Busan,home,29.3,42,150.0
2024-12-05 18:39:00,Busan,food,61.0,64,157.0
2024-12-05 14:52:00,Busan,fashion,30.0,48,99.0
2024-12-05 13:47:00,Seoul,food,68.1,44,121.0
2024-12-05 20:18:00,Incheon,food,97.1,52,214.0
2024-12-05 09:13:00,Daegu,fashion,28.9,49,387.0
2024-12-05 16:28:00,Gwangju,tech,62.2,55,253.0
2024-12-05 21:49:00,Incheon,home,52.5,58,412.0
2024-12-05 09:35:00,Seoul,food,50.3,45,151.0
2024-12-05 14:24:00,Gwangju,fashion,61.3,50,460.0
2024-12-05 13:56:00,Busan,tech,18.3,66,359.0
2024-12-05 15:55:00,Incheon,tech,36.3,46,185.0
2024-12-05 12:45:00,Busan,home,82.9,35,62.0
2024-12-05 14:13:00,Seoul,food,88.1,54,317.0
2024-12-05 13:29:00,Gwangju,food,25.1,57,244.0
2024-12-05 16:09:00,Seoul,fashion,83.7,58,369.0
2024-12-05 14:57:00,Daegu,food,16.0,47,111.0
2024-12-05 15:37:00,Gwangju,fashion,18.5,47,229.0
2024-12-06 18:29:00,Daegu,home,66.7,38,137.0
2024-12-06 15:52:00,Seoul,home,76.8,54,224.0
2024-12-06 14:36:00,Incheon,food,27.4,50,379.0
2024-12-06 18:40:00,Incheon,home,41.9,60,310.0
2024-12-06 11:39:00,Seoul,food,98.4,47,158.0
2024-12-06 17:20:00,Daegu,food,94.4,50,346.0
2024-12-06 09:01:00,Gwangju,home,59.8,49,134.0
2024-12-06 16:02:00,Daegu,food,11.2,41,239.0
2024-12-06 18:20:00,Seoul,food,85.6,51,383.0
2024-12-06 10:32:00,Seoul,fashion,45.3,37,61.0
2024-12-06 19:31:00,Busan,home,95.6,44,414.0
2024-12-06 16:54:00,Seoul,food,90.4,46,355.0
2024-12-06 15:19:00,Seoul,home,12.8,49,208.0
2024-12-06 13:31:00,Gwangju,tech,42.3,58,230.0
2024-12-06 08:37:00,Seoul,tech,85.3,44,310.0
2024-12-06 16:54:00,Incheon,food,68.1,55,388.0
2024-12-06 17:56:00,Gwangju,tech,60.6,55,334.0
2024-12-06 11:03:00,Seoul,fashion,17.3,58,227.0
2024-12-06 15:14:00,Daegu,home,34.3,50,482.0
2024-12-06 16:15:00,Daegu,fashion,32.0,45,192.0
2024-12-06 14:46:00,Incheon,fashion,14.2,54,370.0
2024-12-06 12:00:00,Gwangju,tech,64.2,55,195.0
2024-12-06 14:22:00,Incheon,home,60.9,45,479.0
2024-12-06 16:16:00,Seoul,fashion,63.3,41,183.0
2024-12-06 15:59:00,Busan,tech,87.5,44,291.0
2024-12-06 16:22:00,Gwangju,home,97.4,53,379.0
2024-12-06 15:36:00,Seoul,tech,25.9,44,73.0
2024-12-06 16:00:00,Incheon,fashion,89.7,44,302.0
2024-12-06 21:51:00,Seoul,food,44.8,55,388.0
2024-12-06 18:04:00,Busan,fashion,45.4,48,354.0
2024-12-06 09:27:00,Daegu,home,74.2,47,475.0
2024-12-06 17:40:00,Daegu,home,17.5,49,276.0
2024-12-06 11:11:00,Seoul,tech,94.9,51,441.0
2024-12-06 10:17:00,Gwangju,home,63.0,53,438.0
2024-12-06 09:27:00,Seoul,tech,18.8,50,94.0
2024-12-06 15:32:00,Gwangju,tech,69.1,42,306.0
2024-12-06 18:53:00,Seoul,tech,66.4,51,221.0
2024-12-06 14:56:00,Seoul,tech,90.4,52,479.0
2024-12-06 11:04:00,Busan,tech,88.5,43,150.0
2024-12-06 20:53:00,Busan,fashion,46.8,44,128.0
2024-12-06 21:28:00,Gwangju,tech,98.0,48,250.0
2024-12-06 16:52:00,Seoul,home,12.7,52,88.0
2024-12-06 13:52:00,Gwangju,food,84.1,60,121.0
2024-12-06 17:26:00,Seoul,home,48.3,50,452.0
2024-12-06 11:31:00,Seoul,fashion,95.4,43,137.0
2024-12-06 16:50:00,Seoul,tech,34.0,47,300.0
2024-12-06 19:56:00,Daegu,home,54.5,36,448.0
2024-12-06 14:18:00,Seoul,home,67.8,63,241.0
2024-12-06 15:01:00,Busan,tech,90.1,42,389.0
2024-12-06 12:24:00,Gwangju,home,49.1,48,395.0
2024-12-06 18:02:00,Gwangju,food,79.3,51,405.0
2024-12-06 11:39:00,Daegu,fashion,96.0,58,295.0
2024-12-06 16:31:00,Daegu,home,38.4,42,183.0
2024-12-06 17:29:00,Busan,tech,49.6,50,465.0
2024-12-07 14:41:00,Gwangju,home,92.0,40,280.0
2024-12-07 20:12:00,Busan,home,48.3,59,262.0
2024-12-07 14:11:00,Incheon,home,76.2,58,268.0
2024-12-07 12:26:00,Busan,home,15.1,38,388.0
2024-12-07 18:47:00,Daegu,fashion,79.6,50,319.0
2024-12-07 15:34:00,Seoul,food,89.5,44,220.0
2024-12-07 10:38:00,Daegu,tech,13.0,50,291.0
2024-12-07 15:52:00,Gwangju,fashion,84.4,47,164.0
2024-12-07 17:51:00,Gwangju,tech,74.8,48,237.0
2024-12-07 12:29:00,Daegu,fashion,96.2,45,446.0
2024-12-07 15:00:00,Busan,tech,44.5,43,349.0
2024-12-07 10:13:00,Incheon,tech,34.8,43,359.0
2024-12-07 22:02:00,Daegu,fashion,16.0,54,495.0
2024-12-07 13:36:00,Busan,home,59.3,57,184.0
2024-12-07 08:13:00,Gwangju,home,17.4,62,483.0
2024-12-07 09:42:00,Gwangju,fashion,39.7,55,320.0
2024-12-07 15:39:00,Incheon,tech,15.4,62,249.0
2024-12-07 16:07:00,Busan,food,14.3,54,147.0
2024-12-07 11:41:00,Seoul,tech,12.0,51,391.0
2024-12-07 15:38:00,Incheon,tech,55.4,53,153.0
2024-12-07 16:12:00,Busan,home,18.0,59,110.0
2024-12-07 17:52:00,Busan,food,59.9,38,324.0
2024-12-07 13:36:00,Busan,food,43.6,39,66.0
2024-12-07 15:39:00,Busan,tech,19.5,41,243.0
2024-12-07 18:23:00,Incheon,food,29.4,44,493.0
2024-12-07 15:04:00,Gwangju,tech,80.9,45,177.0
2024-12-07 09:24:00,Daegu,fashion,29.0,42,361.0
2024-12-07 15:16:00,Seoul,tech,10.3,65,368.0
2024-12-07 15:00:00,Gwangju,food,48.0,64,417.0
2024-12-07 19:57:00,Daegu,home,99.4,51,302.0
2024-12-07 17:48:00,Gwangju,tech,66.0,61,364.0
2024-12-07 15:23:00,Busan,fashion,38.7,39,458.0
2024-12-07 15:23:00,Daegu,home,82.4,37,324.0
2024-12-07 14:24:00,Seoul,fashion,54.6,43,54.0
2024-12-07 15:35:00,Incheon,food,25.5,47,324.0
2024-12-07 10:53:00,Busan,tech,98.7,44,475.0
2024-12-07 15:22:00,Gwangju,food,88.6,58,367.0
2024-12-07 21:29:00,Seoul,food,75.1,48,68.0
2024-12-07 15:31:00,Daegu,food,14.0,46,396.0
2024-12-07 17:02:00,Busan,fashion,65.1,51,82.0
2024-12-07 17:09:00,Daegu,fashion,79.6,39,175.0
2024-12-07 18:40:00,Gwangju,home,30.2,50,115.0
2024-12-07 15:54:00,Busan,tech,87.7,53,132.0
2024-12-07 14:20:00,Daegu,tech,58.1,51,264.0
2024-12-07 19:05:00,Busan,food,81.1,51,433.0
2024-12-07 18:45:00,Gwangju,food,13.9,53,136.0
2024-12-07 10:38:00,Seoul,tech,82.9,45,100.0
2024-12-07 18:13:00,Incheon,home,75.8,47,180.0
2024-12-07 08:49:00,Seoul,fashion,56.9,47,90.0
2024-12-08 17:40:00,Daegu,home,79.8,50,347.0
2024-12-08 18:07:00,Daegu,fashion,40.1,51,254.0
2024-12-08 16:30:00,Gwangju,food,67.9,50,177.0
2024-12-08 11:01:00,Busan,home,14.4,49,372.0
2024-12-08 20:20:00,Incheon,tech,33.1,49,56.0
2024-12-08 21:55:00,Gwangju,food,97.8,49,345.0
2024-12-08 18:35:00,Gwangju,fashion,25.7,40,203.0
2024-12-08 22:00:00,Daegu,fashion,96.1,48,383.0
2024-12-08 16:44:00,Daegu,food,10.6,50,122.0
2024-12-08 10:07:00,Incheon,food,89.4,46,134.0
2024-12-08 08:24:00,Daegu,home,49.0,69,449.0
2024-12-08 13:52:00,Busan,tech,91.9,51,352.0
2024-12-08 19:42:00,Gwangju,home,26.2,53,236.0
2024-12-08 19:26:00,Daegu,food,25.4,48,388.0
2024-12-08 20:14:00,Busan,home,93.7,60,140.0
2024-12-08 21:51:00,Daegu,tech,63.8,61,492.0
2024-12-08 18:07:00,Gwangju,fashion,82.8,46,485.0
2024-12-08 16:03:00,Gwangju,fashion,60.8,54,360.0
2024-12-08 16:57:00,Busan,tech,60.0,52,261.0
2024-12-08 20:44:00,Gwangju,home,20.3,54,258.0
2024-12-08 13:00:00,Gwangju,food,61.9,51,136.0
2024-12-08 13:21:00,Seoul,home,43.1,57,265.0
2024-12-08 13:59:00,Gwangju,food,40.9,52,60.0
2024-12-08 21:52:00,Seoul,home,84.5,61,443.0
2024-12-08 21:16:00,Seoul,tech,35.1,40,430.0
2024-12-08 16:54:00,Daegu,food,31.8,39,268.0
2024-12-08 18:00:00,Incheon,food,78.8,51,178.0
2024-12-08 16:32:00,Seoul,fashion,43.6,40,364.0
2024-12-08 13:42:00,Gwangju,food,83.1,52,347.0
2024-12-08 17:49:00,Incheon,food,37.4,47,388.0
2024-12-08 14:58:00,Seoul,home,62.2,65,186.0
2024-12-08 12:06:00,Seoul,tech,80.1,47,352.0
2024-12-08 15:12:00,Incheon,food,63.6,57,323.0
2024-12-08 13:04:00,Busan,tech,88.4,56,207.0
2024-12-08 12:55:00,Gwangju,tech,20.3,44,157.0
2024-12-08 14:51:00,Gwangju,tech,70.6,41,493.0
2024-12-08 13:42:00,Seoul,tech,48.6,38,239.0
2024-12-08 16:07:00,Incheon,food,41.0,63,314.0
2024-12-08 14:19:00,Gwangju,tech,31.5,36,128.0
2024-12-08 21:51:00,Incheon,tech,10.1,41,72.0
2024-12-08 18:15:00,Daegu,fashion,26.5,57,455.0
2024-12-08 19:28:00,Seoul,home,41.3,55,474.0
2024-12-08 21:57:00,Gwangju,tech,85.3,50,420.0
2024-12-08 10:07:00,Gwangju,food,69.8,52,120.0
2024-12-08 17:41:00,Busan,fashion,32.0,46,364.0
2024-12-09 15:26:00,Gwangju,fashion,31.0,54,114.0
2024-12-09 15:32:00,Daegu,home,77.6,51,301.0
2024-12-09 17:31:00,Busan,home,29.7,61,412.0
2024-12-09 18:20:00,Daegu,tech,16.1,45,91.0
2024-12-09 20:29:00,Seoul,home,91.5,54,235.0
2024-12-09 14:35:00,Busan,food,78.8,53,236.0
2024-12-09 11:13:00,Daegu,food,56.0,55,300.0
2024-12-09 21:32:00,Seoul,tech,44.9,47,227.0
2024-12-09 17:00:00,Busan,home,47.6,49,425.0
2024-12-09 19:29:00,Incheon,food,42.3,54,75.0
2024-12-09 19:47:00,Incheon,food,30.2,61,152.0
2024-12-09 20:01:00,Busan,food,82.2,53,361.0
2024-12-09 10:44:00,Incheon,home,50.0,48,497.0
2024-12-09 16:55:00,Incheon,fashion,98.2,53,461.0
2024-12-09 16:21:00,Gwangju,food,97.3,49,262.0
2024-12-09 21:40:00,Busan,food,49.0,51,423.0
2024-12-09 16:09:00,Gwangju,fashion,82.9,53,217.0
2024-12-09 17:55:00,Daegu,home,14.3,45,369.0
2024-12-09 20:42:00,Busan,food,65.2,56,66.0
2024-12-09 19:16:00,Seoul,fashion,45.8,54,379.0
2024-12-09 12:28:00,Gwangju,home,12.3,49,443.0
2024-12-09 08:42:00,Daegu,food,16.6,55,479.0
2024-12-09 19:56:00,Gwangju,fashion,24.4,47,96.0
2024-12-09 21:38:00,Seoul,food,24.1,43,359.0
2024-12-09 22:36:00,Incheon,tech,50.6,46,496.0
2024-12-09 09:47:00,Gwangju,tech,17.3,40,330.0
2024-12-09 14:40:00,Seoul,fashion,71.8,62,329.0
2024-12-09 11:11:00,Daegu,home,64.2,46,448.0
2024-12-09 15:47:00,Incheon,food,52.3,39,422.0
2024-12-09 15:54:00,Seoul,tech,15.7,37,221.0
2024-12-09 17:24:00,Incheon,fashion,64.6,58,313.0
2024-12-09 12:13:00,Daegu,home,60.2,50,360.0
2024-12-09 16:53:00,Busan,tech,75.0,50,475.0
2024-12-09 18:38:00,Gwangju,food,81.6,51,302.0
2024-12-09 15:31:00,Daegu,fashion,62.6,72,171.0
2024-12-09 17:02:00,Busan,food,89.5,42,371.0
2024-12-09 18:44:00,Seoul,fashion,14.5,51,122.0
2024-12-09 10:45:00,Seoul,tech,87.2,52,262.0
2024-12-09 17:18:00,Seoul,tech,96.6,55,419.0
2024-12-09 15:50:00,Incheon,fashion,83.2,46,417.0
2024-12-09 09:00:00,Incheon,home,37.8,43,101.0
2024-12-09 19:40:00,Seoul,food,36.9,50,416.0
2024-12-09 14:36:00,Daegu,food,71.8,50,346.0
2024-12-09 09:29:00,Busan,home,23.8,58,437.0
2024-12-09 15:03:00,Incheon,tech,18.7,41,290.0
2024-12-09 15:17:00,Daegu,tech,72.3,58,279.0
2024-12-09 16:38:00,Daegu,home,29.9,46,394.0
2024-12-10 10:11:00,Busan,tech,89.1,60,54.0
2024-12-10 14:42:00,Seoul,home,37.6,46,480.0
2024-12-10 15:28:00,Busan,tech,81.2,42,97.0
2024-12-10 17:00:00,Busan,tech,33.2,56,203.0
2024-12-10 17:27:00,Seoul,fashion,84.7,48,125.0
2024-12-10 21:01:00,Incheon,fashion,34.1,48,123.0
2024-12-10 16:42:00,Incheon,tech,17.7,54,168.0
2024-12-10 17:30:00,Busan,home,62.1,50,479.0
2024-12-10 17:31:00,Gwangju,fashion,61.5,49,433.0
2024-12-10 12:56:00,Seoul,home,70.6,34,265.0
2024-12-10 22:09:00,Incheon,home,18.3,35,238.0
2024-12-10 21:23:00,Seoul,food,11.8,55,171.0
2024-12-10 17:19:00,Busan,home,88.7,55,78.0
2024-12-10 17:02:00,Busan,food,64.4,45,211.0
2024-12-10 17:31:00,Seoul,fashion,84.9,37,442.0
2024-12-10 15:42:00,Incheon,food,58.3,58,175.0
2024-12-10 20:52:00,Gwangju,tech,41.8,34,264.0
2024-12-10 20:38:00,Daegu,tech,46.4,46,292.0
2024-12-10 16:40:00,Gwangju,home,39.0,49,462.0
2024-12-10 08:31:00,Seoul,home,47.6,68,384.0
2024-12-10 15:56:00,Daegu,food,17.9,50,389.0
2024-12-10 17:30:00,Incheon,food,55.9,58,438.0
2024-12-10 13:48:00,Incheon,tech,96.9,52,308.0
2024-12-10 19:38:00,Gwangju,fashion,98.7,51,485.0
2024-12-10 12:00:00,Gwangju,home,92.0,44,314.0
2024-12-10 10:26:00,Incheon,home,29.2,54,456.0
2024-12-10 14:49:00,Gwangju,home,78.9,52,195.0
2024-12-10 13:10:00,Incheon,home,52.4,48,435.0
2024-12-10 17:09:00,Busan,tech,81.9,50,179.0
2024-12-10 18:29:00,Seoul,home,80.8,42,193.0
2024-12-10 13:37:00,Daegu,food,66.1,46,94.0
2024-12-10 14:58:00,Gwangju,home,56.0,46,354.0
2024-12-10 14:30:00,Incheon,food,95.1,46,480.0
2024-12-10 11:45:00,Daegu,food,54.1,46,382.0
2024-12-10 15:23:00,Busan,tech,95.6,52,261.0
2024-12-10 13:50:00,Incheon,tech,87.4,62,216.0
2024-12-10 14:15:00,Daegu,fashion,50.7,38,95.0
2024-12-10 17:10:00,Daegu,fashion,62.4,47,75.0
2024-12-10 12:11:00,Busan,fashion,39.1,46,127.0
2024-12-10 18:21:00,Seoul,home,31.4,58,468.0
2024-12-10 10:09:00,Gwangju,tech,87.3,52,437.0
2024-12-10 17:31:00,Seoul,fashion,66.0,59,210.0
2024-12-10 15:56:00,Incheon,home,77.5,52,338.0
2024-12-10 20:42:00,Seoul,food,95.8,70,97.0
2024-12-10 17:22:00,Seoul,tech,53.6,53,208.0
2024-12-10 16:19:00,Gwangju,food,39.5,54,344.0
2024-12-10 11:26:00,Incheon,home,28.1,47,449.0
2024-12-10 19:13:00,Gwangju,tech,58.8,59,335.0
2024-12-10 13:33:00,Busan,fashion,31.2,40,119.0
2024-12-11 12:46:00,Incheon,food,20.9,37,275.0
2024-12-11 17:52:00,Busan,tech,37.0,51,373.0
2024-12-11 16:02:00,Seoul,fashion,46.2,45,170.0
2024-12-11 18:12:00,Seoul,fashion,24.5,52,316.0
2024-12-11 16:48:00,Seoul,home,57.2,43,76.0
2024-12-11 17:47:00,Incheon,fashion,57.3,59,295.0
2024-12-11 18:33:00,Daegu,tech,33.2,54,478.0
2024-12-11 10:59:00,Incheon,home,80.8,54,195.0
2024-12-11 17:58:00,Incheon,home,85.3,46,443.0
2024-12-11 17:27:00,Gwangju,tech,99.8,57,261.0
2024-12-11 13:31:00,Daegu,tech,58.5,55,261.0
2024-12-11 17:56:00,Busan,fashion,65.9,47,438.0
2024-12-11 08:17:00,Incheon,fashion,86.0,38,147.0
2024-12-11 11:40:00,Busan,food,47.8,65,306.0
2024-12-11 16:11:00,Seoul,home,55.1,52,467.0
2024-12-11 11:46:00,Gwangju,home,28.6,64,387.0
2024-12-11 19:28:00,Daegu,food,45.8,57,148.0
2024-12-11 14:35:00,Busan,home,55.2,67,112.0
2024-12-11 14:40:00,Seoul,fashion,29.5,47,290.0
2024-12-11 15:57:00,Busan,home,28.9,49,210.0
2024-12-11 15:00:00,Gwangju,tech,87.1,46,453.0
2024-12-11 17:39:00,Daegu,home,40.5,41,76.0
2024-12-11 18:24:00,Busan,home,36.1,57,105.0
2024-12-11 16:13:00,Seoul,food,50.6,49,240.0
2024-12-11 16:49:00,Incheon,home,81.4,47,334.0
2024-12-11 15:23:00,Gwangju,home,81.5,43,179.0
2024-12-11 21:39:00,Seoul,fashion,91.9,45,433.0
2024-12-11 16:00:00,Busan,tech,52.1,48,362.0
2024-12-11 17:43:00,Daegu,food,25.0,55,407.0
2024-12-11 18:05:00,Incheon,food,27.0,47,113.0
2024-12-11 12:11:00,Daegu,tech,29.9,50,346.0
2024-12-11 22:12:00,Incheon,fashion,62.2,51,342.0
2024-12-11 19:32:00,Daegu,home,40.3,46,320.0
2024-12-11 22:19:00,Gwangju,food,40.9,48,350.0
2024-12-11 16:04:00,Gwangju,home,37.5,43,181.0
2024-12-11 09:38:00,Gwangju,fashion,43.9,42,199.0
2024-12-11 22:43:00,Seoul,tech,59.1,49,380.0
2024-12-11 14:26:00,Incheon,food,28.7,54,363.0
2024-12-11 16:49:00,Busan,fashion,34.1,46,426.0
2024-12-11 18:55:00,Gwangju,home,97.8,37,138.0
2024-12-11 16:32:00,Gwangju,tech,20.3,46,168.0
2024-12-11 15:19:00,Incheon,food,13.7,56,188.0
2024-12-11 22:13:00,Gwangju,home,85.6,48,280.0
2024-12-11 15:10:00,Gwangju,food,83.1,47,314.0
2024-12-11 14:03:00,Daegu,fashion,11.0,50,413.0
2024-12-11 18:37:00,Incheon,home,66.6,50,136.0
2024-12-11 18:51:00,Gwangju,tech,11.6,45,392.0
2024-12-11 19:40:00,Incheon,tech,93.9,55,158.0
2024-12-11 18:20:00,Incheon,tech,73.7,40,75.0
2024-12-11 19:47:00,Daegu,fashion,23.0,49,437.0
2024-12-11 16:33:00,Busan,tech,24.0,55,204.0
2024-12-11 20:28:00,Gwangju,fashion,66.8,40,243.0
2024-12-11 12:19:00,Incheon,tech,27.0,58,490.0
2024-12-11 10:06:00,Seoul,fashion,13.4,42,351.0
2024-12-11 10:08:00,Incheon,food,89.9,62,235.0
2024-12-12 12:04:00,Busan,tech,49.8,55,465.0
2024-12-12 19:57:00,Incheon,food,89.5,43,350.0
2024-12-12 12:07:00,Daegu,food,11.5,66,326.0
2024-12-12 16:43:00,Seoul,tech,98.9,48,458.0
2024-12-12 14:56:00,Daegu,tech,84.2,52,77.0
2024-12-12 14:07:00,Daegu,food,10.6,48,340.0
2024-12-12 17:02:00,Daegu,fashion,84.1,55,304.0
2024-12-12 09:27:00,Incheon,food,31.4,56,275.0
2024-12-12 18:28:00,Incheon,fashion,70.9,46,165.0
2024-12-12 10:57:00,Incheon,fashion,29.2,56,278.0
2024-12-12 22:35:00,Gwangju,food,72.0,50,460.0
2024-12-12 18:57:00,Daegu,tech,73.3,44,392.0
2024-12-12 21:08:00,Busan,fashion,29.7,54,292.0
2024-12-12 14:05:00,Gwangju,tech,54.1,52,383.0
2024-12-12 08:14:00,Busan,tech,69.4,48,465.0
2024-12-12 08:01:00,Incheon,food,84.6,39,360.0
2024-12-12 15:13:00,Busan,tech,75.3,61,386.0
2024-12-12 11:38:00,Gwangju,tech,38.8,49,448.0
2024-12-12 18:46:00,Daegu,tech,17.4,41,54.0
2024-12-12 10:49:00,Busan,home,95.0,39,184.0
2024-12-12 12:23:00,Seoul,food,79.6,54,361.0
2024-12-12 18:40:00,Gwangju,fashion,18.8,44,278.0
2024-12-12 14:22:00,Busan,home,83.4,48,295.0
2024-12-12 16:47:00,Incheon,fashion,48.5,48,80.0
2024-12-12 15:12:00,Busan,tech,49.1,46,387.0
2024-12-12 15:20:00,Gwangju,food,49.2,59,211.0
2024-12-12 21:56:00,Seoul,home,11.6,47,352.0
2024-12-12 15:38:00,Gwangju,food,31.1,53,430.0
2024-12-12 19:44:00,Incheon,tech,95.7,63,363.0
2024-12-12 17:42:00,Busan,tech,21.6,50,121.0
2024-12-12 12:58:00,Busan,tech,85.2,54,137.0
2024-12-12 15:25:00,Gwangju,tech,15.6,56,76.0
2024-12-12 15:16:00,Daegu,tech,46.6,59,436.0
2024-12-12 13:49:00,Seoul,fashion,11.8,58,81.0
2024-12-12 14:23:00,Gwangju,fashion,82.6,48,266.0
2024-12-12 16:41:00,Busan,food,41.8,47,418.0
2024-12-12 17:07:00,Gwangju,food,90.6,45,479.0
2024-12-12 10:20:00,Seoul,food,66.5,47,357.0
2024-12-12 08:30:00,Seoul,food,24.9,51,397.0
2024-12-12 20:50:00,Incheon,tech,68.6,58,134.0
2024-12-12 16:49:00,Gwangju,tech,38.0,46,240.0
2024-12-12 19:33:00,Incheon,fashion,65.3,44,426.0
2024-12-12 14:16:00,Daegu,tech,92.4,45,194.0
2024-12-12 22:32:00,Daegu,tech,35.6,43,125.0
2024-12-12 18:14:00,Daegu,home,76.1,48,283.0
2024-12-13 17:29:00,Seoul,home,81.8,41,279.0
2024-12-13 20:53:00,Incheon,food,13.7,54,229.0
2024-12-13 16:06:00,Gwangju,home,92.7,44,458.0
2024-12-13 16:53:00,Gwangju,fashion,85.5,44,164.0
2024-12-13 12:18:00,Busan,home,67.9,56,365.0
2024-12-13 15:45:00,Incheon,fashion,59.7,42,316.0
2024-12-13 14:12:00,Busan,fashion,91.7,58,467.0
2024-12-13 21:11:00,Seoul,food,36.6,39,246.0
2024-12-13 14:29:00,Seoul,tech,50.3,46,335.0
2024-12-13 14:19:00,Daegu,tech,67.5,52,239.0
2024-12-13 11:46:00,Seoul,home,75.9,40,330.0
2024-12-13 21:05:00,Incheon,fashion,89.3,49,193.0
2024-12-13 17:56:00,Seoul,fashion,23.6,47,318.0
2024-12-13 17:14:00,Incheon,tech,45.8,55,262.0
2024-12-13 13:01:00,Seoul,food,25.4,45,488.0
2024-12-13 17:22:00,Daegu,tech,59.5,44,206.0
2024-12-13 19:49:00,Busan,food,19.1,51,69.0
2024-12-13 14:44:00,Daegu,home,29.2,46,133.0
2024-12-13 15:36:00,Incheon,home,15.6,51,158.0
2024-12-13 13:20:00,Gwangju,tech,63.1,47,404.0
2024-12-13 14:29:00,Daegu,home,37.9,60,176.0
2024-12-13 21:05:00,Daegu,tech,57.0,59,157.0
2024-12-13 14:43:00,Busan,food,54.8,57,272.0
2024-12-13 20:31:00,Busan,food,64.4,50,280.0
2024-12-13 15:46:00,Gwangju,tech,95.2,53,241.0
2024-12-13 12:36:00,Daegu,home,90.1,63,98.0
2024-12-13 20:25:00,Daegu,food,63.3,49,355.0
2024-12-13 15:10:00,Daegu,tech,80.2,37,64.0
2024-12-13 20:31:00,Gwangju,tech,17.6,44,161.0
2024-12-13 18:52:00,Busan,home,11.7,52,424.0
2024-12-13 17:27:00,Busan,home,86.7,51,195.0
2024-12-13 16:02:00,Seoul,tech,63.9,51,362.0
2024-12-13 19:01:00,Incheon,food,19.6,59,367.0
2024-12-13 12:24:00,Incheon,food,81.7,57,383.0
2024-12-13 15:19:00,Gwangju,fashion,85.7,47,421.0
2024-12-13 17:15:00,Busan,tech,91.1,54,237.0
2024-12-13 20:08:00,Gwangju,tech,88.4,48,427.0
2024-12-13 18:46:00,Incheon,fashion,38.3,32,433.0
2024-12-13 13:15:00,Incheon,tech,86.7,52,195.0
2024-12-13 14:58:00,Seoul,fashion,70.2,49,122.0
2024-12-13 15:34:00,Gwangju,food,95.1,50,177.0
2024-12-13 21:57:00,Gwangju,home,15.8,50,229.0
2024-12-13 13:55:00,Gwangju,home,34.2,44,337.0
2024-12-13 19:36:00,Daegu,food,76.8,50,388.0
2024-12-13 12:48:00,Busan,tech,21.1,54,295.0
2024-12-13 21:25:00,Incheon,fashion,46.1,52,425.0
2024-12-13 14:04:00,Incheon,home,28.3,48,72.0
2024-12-13 16:02:00,Daegu,fashion,47.3,41,451.0
2024-12-13 11:13:00,Busan,home,68.5,50,64.0
2024-12-13 19:57:00,Daegu,food,41.8,45,149.0
2024-12-14 20:21:00,Gwangju,home,80.4,49,120.0
2024-12-14 15:10:00,Incheon,food,32.3,46,372.0
2024-12-14 17:31:00,Daegu,home,26.8,51,144.0
2024-12-14 13:33:00,Busan,tech,30.0,43,163.0
2024-12-14 09:51:00,Gwangju,tech,13.0,43,356.0
2024-12-14 17:40:00,Busan,home,19.0,51,260.0
2024-12-14 11:18:00,Incheon,home,69.4,50,236.0
2024-12-14 15:49:00,Gwangju,food,26.8,45,223.0
2024-12-14 19:48:00,Incheon,tech,41.2,45,443.0
2024-12-14 11:21:00,Incheon,home,71.0,46,396.0
2024-12-14 19:34:00,Seoul,food,86.4,47,117.0
2024-12-14 20:03:00,Daegu,home,15.7,49,132.0
2024-12-14 20:59:00,Daegu,home,20.9,32,154.0
2024-12-14 08:46:00,Daegu,tech,47.7,39,296.0
2024-12-14 12:30:00,Gwangju,fashion,67.1,54,356.0
2024-12-14 11:28:00,Daegu,fashion,89.9,54,258.0
2024-12-14 18:10:00,Busan,food,95.3,38,259.0
2024-12-14 16:05:00,Seoul,food,24.9,49,194.0
2024-12-14 11:07:00,Daegu,tech,97.3,53,485.0
2024-12-14 18:12:00,Busan,food,52.6,61,240.0
2024-12-14 13:38:00,Busan,home,35.8,53,351.0
2024-12-14 13:25:00,Gwangju,tech,22.2,51,201.0
2024-12-14 17:41:00,Seoul,tech,64.8,50,307.0
2024-12-14 13:50:00,Daegu,food,25.4,53,409.0
2024-12-14 15:54:00,Incheon,home,61.9,50,339.0
2024-12-14 19:59:00,Busan,food,32.4,48,283.0
2024-12-14 18:34:00,Gwangju,fashion,29.1,45,268.0
2024-12-14 09:56:00,Busan,tech,98.9,54,134.0
2024-12-14 19:53:00,Seoul,fashion,56.9,49,464.0
2024-12-14 14:17:00,Incheon,food,60.0,56,286.0
2024-12-14 20:37:00,Busan,home,48.2,56,314.0
2024-12-14 16:07:00,Incheon,tech,83.7,58,318.0
2024-12-14 22:31:00,Busan,tech,87.5,59,158.0
2024-12-14 19:04:00,Busan,tech,74.4,60,500.0
2024-12-14 12:28:00,Busan,home,12.3,50,449.0
2024-12-14 22:49:00,Daegu,tech,60.7,56,415.0
2024-12-14 20:20:00,Incheon,tech,25.4,45,310.0
2024-12-14 15:20:00,Seoul,home,59.9,53,252.0
2024-12-14 14:30:00,Daegu,fashion,22.0,48,147.0
2024-12-14 20:29:00,Incheon,tech,71.6,47,285.0
2024-12-14 13:12:00,Seoul,fashion,80.5,48,455.0
2024-12-14 13:54:00,Busan,home,71.5,48,169.0
2024-12-14 14:19:00,Seoul,food,94.2,54,167.0
2024-12-14 17:33:00,Busan,food,23.4,57,446.0
2024-12-14 10:54:00,Busan,home,52.0,41,283.0
2024-12-14 17:34:00,Busan,home,90.8,51,86.0
2024-12-15 17:23:00,Daegu,home,50.3,54,299.0
2024-12-15 16:14:00,Seoul,fashion,37.7,52,184.0
2024-12-15 15:42:00,Gwangju,fashion,33.2,53,141.0
2024-12-15 18:07:00,Seoul,food,65.2,55,202.0
2024-12-15 16:01:00,Busan,home,66.6,58,262.0
2024-12-15 22:05:00,Incheon,food,15.2,51,347.0
2024-12-15 14:45:00,Seoul,tech,34.8,46,227.0
2024-12-15 16:35:00,Gwangju,tech,69.3,60,458.0
2024-12-15 16:52:00,Busan,home,51.8,46,204.0
2024-12-15 16:50:00,Incheon,fashion,14.1,50,374.0
2024-12-15 15:34:00,Seoul,fashion,21.0,37,400.0
2024-12-15 18:04:00,Gwangju,fashion,71.4,53,436.0
2024-12-15 15:57:00,Gwangju,food,77.0,54,166.0
2024-12-15 20:36:00,Gwangju,fashion,19.0,52,296.0
2024-12-15 10:01:00,Busan,tech,76.4,50,102.0
2024-12-15 17:59:00,Seoul,food,27.5,49,131.0
2024-12-15 14:29:00,Gwangju,tech,42.9,59,134.0
2024-12-15 16:37:00,Daegu,fashion,14.2,54,414.0
2024-12-15 11:23:00,Gwangju,home,56.6,45,108.0
2024-12-15 12:38:00,Daegu,food,36.5,44,214.0
2024-12-15 15:25:00,Gwangju,home,79.5,56,121.0
2024-12-15 16:43:00,Daegu,home,34.7,55,220.0
2024-12-15 16:42:00,Seoul,food,80.3,56,75.0
2024-12-15 18:44:00,Incheon,home,11.6,59,265.0
2024-12-15 18:51:00,Busan,home,65.5,35,95.0
2024-12-15 15:34:00,Daegu,tech,92.7,42,320.0
2024-12-15 15:29:00,Seoul,tech,44.8,45,408.0
2024-12-15 14:27:00,Incheon,food,63.1,41,297.0
2024-12-15 21:01:00,Seoul,home,82.8,54,217.0
2024-12-15 20:23:00,Seoul,food,70.3,44,374.0
2024-12-15 18:05:00,Incheon,tech,68.1,48,259.0
2024-12-15 19:33:00,Seoul,tech,99.9,63,228.0
2024-12-15 18:52:00,Gwangju,fashion,87.8,47,467.0
2024-12-15 17:58:00,Gwangju,home,43.8,50,353.0
2024-12-15 20:56:00,Daegu,fashion,46.4,39,468.0
2024-12-15 12:48:00,Busan,tech,59.7,43,283.0
2024-12-15 22:09:00,Seoul,fashion,89.6,49,356.0
2024-12-15 18:38:00,Busan,tech,57.9,50,399.0
2024-12-15 15:04:00,Seoul,tech,47.6,47,397.0
2024-12-15 15:22:00,Seoul,home,35.3,48,124.0
2024-12-15 14:19:00,Daegu,food,22.0,51,356.0
2024-12-15 09:13:00,Daegu,home,50.7,58,452.0
2024-12-15 16:37:00,Incheon,fashion,90.8,50,247.0
2024-12-15 15:40:00,Seoul,food,37.4,48,324.0
2024-12-15 09:12:00,Daegu,tech,93.5,38,163.0
2024-12-15 20:43:00,Seoul,fashion,18.4,66,102.0
2024-12-15 14:23:00,Busan,fashion,32.5,45,434.0
2024-12-15 16:06:00,Daegu,tech,42.9,45,265.0
2024-12-15 13:13:00,Seoul,tech,10.2,42,243.0
2024-12-15 15:48:00,Daegu,tech,43.8,47,234.0
2024-12-16 16:24:00,Seoul,fashion,87.6,43,261.0
2024-12-16 14:19:00,Incheon,home,93.7,57,109.0
2024-12-16 19:32:00,Seoul,food,85.8,51,430.0
2024-12-16 15:01:00,Gwangju,tech,77.5,62,447.0
2024-12-16 17:56:00,Gwangju,home,76.4,58,175.0
2024-12-16 13:01:00,Daegu,home,22.9,45,389.0
2024-12-16 19:22:00,Busan,fashion,69.9,52,484.0
2024-12-16 15:38:00,Busan,fashion,39.5,43,65.0
2024-12-16 15:42:00,Gwangju,fashion,78.3,53,126.0
2024-12-16 14:10:00,Busan,food,39.1,59,431.0
2024-12-16 17:40:00,Incheon,food,44.2,49,459.0
2024-12-16 16:04:00,Seoul,food,33.1,41,426.0
2024-12-16 16:32:00,Gwangju,home,65.5,53,398.0
2024-12-16 17:34:00,Incheon,food,47.7,71,353.0
2024-12-16 20:28:00,Busan,tech,90.6,40,492.0
2024-12-16 22:52:00,Gwangju,food,85.5,49,499.0
2024-12-16 20:01:00,Incheon,food,96.1,54,374.0
2024-12-16 18:07:00,Busan,tech,13.7,51,188.0
2024-12-16 16:02:00,Incheon,food,63.7,46,74.0
2024-12-16 20:36:00,Daegu,tech,75.3,57,180.0
2024-12-16 14:52:00,Gwangju,tech,36.9,38,267.0
2024-12-16 18:35:00,Seoul,home,10.4,49,465.0
2024-12-16 20:47:00,Gwangju,fashion,63.9,55,342.0
2024-12-16 17:20:00,Gwangju,fashion,24.1,58,355.0
2024-12-16 17:42:00,Incheon,home,86.4,42,497.0
2024-12-16 17:47:00,Busan,home,97.3,45,264.0
2024-12-16 20:54:00,Incheon,tech,38.9,74,329.0
2024-12-16 20:38:00,Daegu,home,70.2,40,292.0
2024-12-16 17:09:00,Gwangju,home,56.3,55,94.0
2024-12-16 19:13:00,Daegu,tech,27.9,41,197.0
2024-12-16 17:11:00,Busan,tech,27.7,42,152.0
2024-12-16 17:13:00,Busan,home,85.2,45,292.0
2024-12-16 11:04:00,Busan,food,48.4,51,141.0
2024-12-16 17:03:00,Daegu,home,35.0,40,337.0
2024-12-16 12:19:00,Incheon,tech,91.8,40,84.0
2024-12-16 16:06:00,Seoul,fashion,37.5,51,356.0
2024-12-16 19:09:00,Gwangju,home,90.7,40,389.0
2024-12-16 17:24:00,Gwangju,tech,35.7,59,261.0
2024-12-16 16:44:00,Incheon,fashion,44.0,49,456.0
2024-12-16 11:38:00,Daegu,home,79.9,51,106.0
2024-12-17 22:02:00,Seoul,food,65.3,36,165.0
2024-12-17 20:04:00,Daegu,tech,48.6,48,496.0
2024-12-17 14:25:00,Seoul,fashion,51.6,47,343.0
2024-12-17 17:15:00,Busan,tech,98.8,54,389.0
2024-12-17 15:17:00,Seoul,food,79.5,42,104.0
2024-12-17 19:56:00,Daegu,tech,60.6,53,372.0
2024-12-17 20:12:00,Busan,home,61.3,53,460.0
2024-12-17 18:54:00,Daegu,home,55.7,57,196.0
2024-12-17 11:02:00,Gwangju,home,79.6,43,396.0
2024-12-17 18:08:00,Busan,fashion,74.5,49,307.0
2024-12-17 10:02:00,Gwangju,tech,24.9,45,485.0
2024-12-17 09:35:00,Daegu,home,49.4,46,209.0
2024-12-17 16:48:00,Gwangju,home,82.0,57,255.0
2024-12-17 19:50:00,Seoul,tech,57.7,69,300.0
2024-12-17 12:03:00,Incheon,fashion,72.6,48,317.0
2024-12-17 18:27:00,Busan,tech,13.3,43,85.0
2024-12-17 15:34:00,Seoul,home,89.6,60,320.0
2024-12-17 20:04:00,Incheon,fashion,68.6,42,425.0
2024-12-17 09:32:00,Incheon,tech,90.7,38,96.0
2024-12-17 19:54:00,Busan,tech,41.3,50,160.0
2024-12-17 15:47:00,Busan,food,29.0,50,474.0
2024-12-17 14:17:00,Busan,food,17.2,49,462.0
2024-12-17 11:10:00,Seoul,tech,18.4,49,385.0
2024-12-17 18:26:00,Busan,home,47.9,46,499.0
2024-12-17 12:39:00,Gwangju,tech,10.7,39,98.0
2024-12-17 13:23:00,Gwangju,tech,49.9,42,170.0
2024-12-17 20:45:00,Daegu,food,59.7,47,211.0
2024-12-17 14:21:00,Daegu,tech,23.1,53,458.0
2024-12-17 12:15:00,Incheon,home,29.6,58,190.0
2024-12-17 13:59:00,Seoul,fashion,39.9,55,143.0
2024-12-17 15:32:00,Daegu,food,66.7,43,88.0
2024-12-17 15:57:00,Busan,food,64.4,42,87.0
2024-12-17 18:45:00,Daegu,tech,75.4,52,459.0
2024-12-17 19:45:00,Incheon,tech,89.9,48,126.0
2024-12-17 14:24:00,Daegu,food,45.8,44,376.0
2024-12-17 18:38:00,Busan,food,71.8,57,449.0
2024-12-17 17:24:00,Daegu,food,14.4,55,181.0
2024-12-17 14:31:00,Gwangju,tech,95.8,56,417.0
2024-12-17 13:34:00,Gwangju,home,85.4,49,81.0
2024-12-17 12:36:00,Incheon,food,61.1,39,360.0
2024-12-17 15:11:00,Gwangju,home,27.8,53,138.0
2024-12-17 18:17:00,Gwangju,home,74.7,39,202.0
2024-12-17 14:35:00,Daegu,home,43.1,57,134.0
2024-12-17 10:00:00,Incheon,fashion,36.6,56,78.0
2024-12-17 21:09:00,Gwangju,fashion,70.6,48,50.0
2024-12-17 15:35:00,Seoul,tech,21.9,54,146.0
2024-12-17 22:51:00,Gwangju,tech,33.6,51,346.0
2024-12-18 15:02:00,Daegu,food,44.2,51,163.0
2024-12-18 15:21:00,Daegu,food,95.6,44,214.0
2024-12-18 19:51:00,Daegu,food,78.9,58,411.0
2024-12-18 18:54:00,Busan,tech,39.2,42,458.0
2024-12-18 14:49:00,Busan,tech,96.4,56,389.0
2024-12-18 18:49:00,Seoul,fashion,94.9,47,432.0
2024-12-18 21:44:00,Busan,fashion,47.2,49,487.0
2024-12-18 19:05:00,Daegu,home,89.3,39,479.0
2024-12-18 16:31:00,Daegu,fashion,49.2,50,181.0
2024-12-18 10:43:00,Seoul,tech,96.1,62,391.0
2024-12-18 20:48:00,Daegu,home,99.8,58,168.0
2024-12-18 19:26:00,Daegu,food,30.5,44,322.0
2024-12-18 17:38:00,Incheon,fashion,78.2,60,241.0
2024-12-18 09:28:00,Gwangju,fashion,61.0,56,441.0
2024-12-18 10:00:00,Incheon,fashion,10.9,56,304.0
2024-12-18 17:13:00,Busan,food,15.4,58,104.0
2024-12-18 18:11:00,Seoul,food,76.6,35,111.0
2024-12-18 21:20:00,Daegu,fashion,74.9,58,125.0
2024-12-18 15:28:00,Daegu,food,64.2,42,255.0
2024-12-18 17:56:00,Incheon,home,69.0,59,387.0
2024-12-18 09:36:00,Busan,tech,55.1,45,320.0
2024-12-18 12:33:00,Daegu,fashion,75.9,51,313.0
2024-12-18 11:07:00,Incheon,tech,40.8,49,53.0
2024-12-18 09:16:00,Incheon,food,81.7,33,262.0
2024-12-18 21:43:00,Incheon,tech,68.7,42,336.0
2024-12-18 15:51:00,Incheon,tech,40.3,50,397.0
2024-12-18 12:44:00,Seoul,food,99.2,59,237.0
2024-12-18 10:46:00,Daegu,fashion,60.8,64,417.0
2024-12-18 15:49:00,Incheon,home,84.7,63,87.0
2024-12-18 12:18:00,Incheon,tech,35.6,52,235.0
2024-12-18 14:41:00,Daegu,tech,10.4,50,482.0
2024-12-18 17:47:00,Incheon,tech,17.2,64,406.0
2024-12-18 14:12:00,Daegu,food,88.0,57,71.0
2024-12-18 15:39:00,Daegu,food,40.4,49,111.0
2024-12-18 18:09:00,Daegu,tech,37.7,39,89.0
2024-12-18 15:33:00,Gwangju,tech,26.1,61,219.0
2024-12-18 21:03:00,Seoul,tech,81.2,44,306.0
2024-12-18 22:01:00,Gwangju,home,36.7,45,369.0
2024-12-18 16:38:00,Busan,tech,24.9,48,457.0
2024-12-18 13:24:00,Gwangju,food,10.3,53,151.0
2024-12-18 08:27:00,Daegu,fashion,69.3,53,460.0
2024-12-18 15:33:00,Busan,tech,53.4,49,284.0
2024-12-18 15:21:00,Incheon,home,97.6,45,185.0
2024-12-18 14:04:00,Incheon,tech,65.7,53,301.0
2024-12-18 16:57:00,Busan,tech,54.3,46,342.0
2024-12-19 08:55:00,Seoul,tech,53.3,52,117.0
2024-12-19 13:53:00,Gwangju,tech,76.7,46,397.0
2024-12-19 13:40:00,Gwangju,fashion,42.2,59,295.0
2024-12-19 14:54:00,Gwangju,tech,22.3,57,161.0
2024-12-19 21:36:00,Seoul,home,90.2,45,461.0
2024-12-19 16:12:00,Busan,fashion,37.7,53,51.0
2024-12-19 12:18:00,Gwangju,tech,88.5,61,153.0
2024-12-19 16:10:00,Daegu,fashion,34.3,48,300.0
2024-12-19 20:46:00,Busan,fashion,66.7,57,326.0
2024-12-19 19:46:00,Gwangju,fashion,20.0,46,498.0
2024-12-19 14:31:00,Busan,fashion,93.7,64,348.0
2024-12-19 14:55:00,Incheon,tech,91.4,44,182.0
2024-12-19 11:18:00,Busan,home,23.4,40,259.0
2024-12-19 16:39:00,Gwangju,home,63.9,57,363.0
2024-12-19 22:31:00,Gwangju,tech,96.2,55,224.0
2024-12-19 18:30:00,Gwangju,fashion,46.3,42,51.0
2024-12-19 21:37:00,Gwangju,home,18.6,48,462.0
2024-12-19 13:32:00,Daegu,tech,54.6,54,84.0
2024-12-19 18:05:00,Busan,food,68.5,49,123.0
2024-12-19 10:09:00,Gwangju,food,76.7,53,464.0
2024-12-19 14:20:00,Incheon,fashion,32.0,62,347.0
2024-12-19 20:03:00,Busan,fashion,12.9,41,253.0
2024-12-19 15:49:00,Incheon,tech,20.5,49,67.0
2024-12-19 15:11:00,Daegu,home,46.8,39,245.0
2024-12-19 10:50:00,Gwangju,tech,73.2,43,129.0
2024-12-19 18:46:00,Busan,food,79.5,48,98.0
2024-12-19 16:02:00,Daegu,home,38.8,46,120.0
2024-12-19 20:04:00,Seoul,fashion,58.3,53,297.0
2024-12-19 15:51:00,Daegu,home,38.4,48,449.0
2024-12-19 16:26:00,Daegu,food,58.0,48,462.0
2024-12-19 16:26:00,Daegu,home,26.3,45,291.0
2024-12-19 19:54:00,Busan,home,79.5,46,398.0
2024-12-19 19:55:00,Incheon,home,87.5,53,114.0
2024-12-19 14:16:00,Incheon,home,65.6,48,224.0
2024-12-19 14:05:00,Seoul,food,99.0,56,467.0
2024-12-19 14:38:00,Gwangju,home,92.5,63,193.0
2024-12-19 14:08:00,Incheon,food,53.0,59,391.0
2024-12-19 11:58:00,Daegu,food,58.2,49,192.0
2024-12-19 18:32:00,Daegu,food,59.3,52,142.0
2024-12-19 13:04:00,Gwangju,home,34.4,45,194.0
2024-12-19 14:57:00,Seoul,fashion,28.8,51,179.0
2024-12-19 11:00:00,Incheon,fashion,51.2,41,98.0
2024-12-19 16:25:00,Gwangju,food,35.2,61,342.0
2024-12-19 17:14:00,Busan,home,48.2,62,312.0
2024-12-19 14:57:00,Incheon,food,34.3,49,241.0
2024-12-19 09:34:00,Gwangju,food,94.1,50,140.0
2024-12-19 16:32:00,Busan,tech,52.7,56,92.0
2024-12-19 16:30:00,Gwangju,tech,65.3,47,405.0
2024-12-19 17:29:00,Daegu,fashion,56.7,52,282.0
2024-12-20 10:58:00,Incheon,food,17.4,50,342.0
2024-12-20 21:46:00,Daegu,home,45.8,50,155.0
2024-12-20 16:15:00,Busan,food,52.6,52,360.0
2024-12-20 19:32:00,Seoul,fashion,33.8,52,231.0
2024-12-20 09:37:00,Daegu,food,61.5,43,184.0
2024-12-20 10:46:00,Gwangju,food,88.1,75,106.0
2024-12-20 21:45:00,Daegu,food,84.9,59,400.0
2024-12-20 10:38:00,Seoul,home,30.8,52,363.0
2024-12-20 13:46:00,Daegu,home,79.9,76,144.0
2024-12-20 21:13:00,Gwangju,food,97.7,59,415.0
2024-12-20 18:03:00,Seoul,fashion,27.1,50,437.0
2024-12-20 20:45:00,Gwangju,fashion,16.5,51,296.0
2024-12-20 21:06:00,Incheon,fashion,94.1,42,117.0
2024-12-20 22:29:00,Busan,fashion,87.0,51,454.0
2024-12-20 20:25:00,Gwangju,food,82.7,49,66.0
2024-12-20 16:53:00,Incheon,food,90.1,45,334.0
2024-12-20 13:48:00,Busan,tech,94.5,59,203.0
2024-12-20 18:59:00,Incheon,tech,40.0,57,310.0
2024-12-20 16:27:00,Gwangju,home,83.9,49,495.0
2024-12-20 12:39:00,Daegu,food,84.7,48,144.0
2024-12-20 20:31:00,Seoul,home,92.8,49,441.0
2024-12-20 14:32:00,Gwangju,home,64.7,47,441.0
2024-12-20 22:55:00,Busan,food,27.5,49,136.0
2024-12-20 13:33:00,Gwangju,fashion,72.3,50,84.0
2024-12-20 10:50:00,Incheon,fashion,49.1,48,167.0
2024-12-20 10:09:00,Busan,home,14.6,57,199.0
2024-12-20 09:59:00,Incheon,food,20.0,48,388.0
2024-12-20 18:21:00,Seoul,home,30.3,61,258.0
2024-12-20 16:43:00,Daegu,tech,77.9,57,411.0
2024-12-20 12:21:00,Daegu,fashion,40.9,36,390.0
2024-12-20 22:44:00,Seoul,fashion,14.7,61,447.0
2024-12-20 16:24:00,Incheon,fashion,33.7,50,195.0
2024-12-20 18:39:00,Daegu,fashion,27.3,51,433.0
2024-12-20 19:12:00,Gwangju,tech,81.6,56,429.0
2024-12-20 16:42:00,Daegu,fashion,56.7,41,200.0
2024-12-20 21:47:00,Busan,tech,77.5,45,143.0
2024-12-20 13:52:00,Incheon,fashion,43.4,52,408.0
2024-12-20 22:00:00,Seoul,fashion,42.6,55,156.0
2024-12-20 09:02:00,Busan,fashion,94.0,56,57.0
2024-12-20 18:17:00,Busan,fashion,82.6,40,429.0
2024-12-20 12:06:00,Seoul,fashion,79.4,57,196.0
2024-12-20 17:30:00,Gwangju,home,19.5,47,53.0
2024-12-20 20:27:00,Daegu,tech,97.0,70,206.0
2024-12-21 10:45:00,Seoul,food,11.7,53,434.0
2024-12-21 21:57:00,Gwangju,tech,19.0,40,58.0
2024-12-21 17:03:00,Seoul,tech,26.4,56,467.0
2024-12-21 18:59:00,Incheon,tech,19.0,59,347.0
2024-12-21 19:37:00,Daegu,home,72.1,49,161.0
2024-12-21 12:28:00,Daegu,fashion,49.7,50,488.0
2024-12-21 19:21:00,Gwangju,home,72.7,44,470.0
2024-12-21 13:42:00,Gwangju,tech,57.0,56,211.0
2024-12-21 20:11:00,Daegu,fashion,72.6,59,445.0
2024-12-21 15:46:00,Daegu,home,40.8,40,452.0
2024-12-21 12:28:00,Busan,fashion,72.8,57,451.0
2024-12-21 15:24:00,Incheon,food,17.9,42,317.0
2024-12-21 20:45:00,Busan,food,75.4,55,142.0
2024-12-21 20:06:00,Busan,food,87.5,52,447.0
2024-12-21 17:06:00,Incheon,tech,82.1,51,413.0
2024-12-21 10:45:00,Busan,tech,18.8,36,194.0
2024-12-21 15:18:00,Busan,tech,87.1,62,408.0
2024-12-21 14:15:00,Gwangju,food,33.4,35,358.0
2024-12-21 21:07:00,Seoul,tech,65.3,37,125.0
2024-12-21 14:04:00,Seoul,home,31.3,59,353.0
2024-12-21 11:55:00,Gwangju,food,65.6,51,426.0
2024-12-21 17:32:00,Incheon,food,82.4,46,111.0
2024-12-21 15:44:00,Seoul,fashion,31.0,49,109.0
2024-12-21 15:45:00,Incheon,food,82.4,51,358.0
2024-12-21 21:55:00,Gwangju,tech,12.1,52,74.0
2024-12-21 10:13:00,Incheon,tech,93.9,52,304.0
2024-12-21 22:01:00,Seoul,fashion,99.2,52,425.0
2024-12-21 21:47:00,Incheon,fashion,90.2,52,65.0
2024-12-21 12:36:00,Gwangju,home,21.4,39,470.0
2024-12-21 20:47:00,Incheon,food,31.6,49,433.0
2024-12-21 17:04:00,Daegu,tech,61.9,52,395.0
2024-12-21 13:42:00,Seoul,fashion,29.9,50,229.0
2024-12-21 16:02:00,Gwangju,food,88.0,53,137.0
2024-12-21 18:46:00,Gwangju,fashion,93.6,48,67.0
2024-12-21 12:55:00,Busan,tech,73.5,46,325.0
2024-12-21 15:37:00,Daegu,fashion,45.2,43,245.0
2024-12-21 11:45:00,Incheon,tech,59.7,41,276.0
2024-12-21 13:16:00,Gwangju,fashion,17.7,41,333.0
2024-12-21 11:46:00,Daegu,fashion,60.7,61,233.0
2024-12-21 19:13:00,Seoul,food,17.2,53,411.0
2024-12-21 20:33:00,Gwangju,fashion,87.7,49,72.0
2024-12-21 15:49:00,Incheon,tech,41.2,50,80.0
2024-12-21 16:36:00,Gwangju,food,39.3,46,424.0
2024-12-21 22:30:00,Seoul,fashion,53.2,45,258.0
2024-12-21 13:41:00,Daegu,tech,73.2,44,234.0
2024-12-21 14:17:00,Seoul,food,33.4,47,381.0
2024-12-22 20:12:00,Daegu,home,52.1,48,245.0
2024-12-22 18:12:00,Daegu,home,74.4,41,156.0
2024-12-22 22:56:00,Busan,home,39.8,48,266.0
2024-12-22 17:29:00,Daegu,home,99.2,49,125.0
2024-12-22 17:48:00,Seoul,tech,62.2,40,242.0
2024-12-22 22:39:00,Gwangju,tech,67.2,43,470.0
2024-12-22 18:40:00,Seoul,tech,53.0,46,466.0
2024-12-22 09:58:00,Incheon,fashion,12.9,51,194.0
2024-12-22 15:26:00,Busan,home,11.9,50,188.0
2024-12-22 19:15:00,Gwangju,home,11.8,48,364.0
2024-12-22 19:19:00,Incheon,fashion,41.6,68,316.0
2024-12-22 10:39:00,Daegu,tech,96.9,64,246.0
2024-12-22 18:22:00,Busan,home,52.3,43,277.0
2024-12-22 20:49:00,Daegu,food,65.6,42,317.0
2024-12-22 16:12:00,Incheon,fashion,16.6,41,79.0
2024-12-22 13:18:00,Incheon,food,27.8,50,132.0
2024-12-22 17:48:00,Incheon,home,80.0,62,51.0
2024-12-22 14:00:00,Gwangju,fashion,16.5,60,383.0
2024-12-22 18:05:00,Gwangju,tech,87.3,50,383.0
2024-12-22 19:57:00,Daegu,food,82.0,56,228.0
2024-12-22 21:30:00,Seoul,fashion,55.7,60,227.0
2024-12-22 20:10:00,Busan,fashion,60.8,49,253.0
2024-12-22 19:38:00,Seoul,home,33.2,34,226.0
2024-12-22 10:54:00,Busan,food,30.4,49,238.0
2024-12-22 10:09:00,Seoul,tech,27.1,51,420.0
2024-12-22 17:11:00,Daegu,home,55.5,44,172.0
2024-12-22 19:20:00,Incheon,tech,59.4,45,403.0
2024-12-22 19:28:00,Daegu,tech,39.7,52,55.0
2024-12-22 12:05:00,Busan,tech,54.3,58,371.0
2024-12-22 16:26:00,Gwangju,fashion,88.3,63,364.0
2024-12-22 15:56:00,Gwangju,tech,98.7,52,272.0
2024-12-22 17:06:00,Busan,home,76.9,46,303.0
2024-12-22 11:45:00,Daegu,fashion,81.9,40,490.0
2024-12-22 14:09:00,Gwangju,fashion,52.2,42,184.0
2024-12-22 19:33:00,Incheon,food,92.4,50,120.0
2024-12-22 10:22:00,Incheon,food,10.9,48,479.0
2024-12-22 18:34:00,Seoul,food,56.9,43,126.0
2024-12-22 14:41:00,Busan,food,58.5,46,209.0
2024-12-22 13:20:00,Incheon,fashion,60.1,44,153.0
2024-12-22 17:18:00,Incheon,tech,18.3,40,233.0
2024-12-22 16:06:00,Busan,tech,10.9,67,360.0
2024-12-22 17:28:00,Gwangju,tech,13.6,44,98.0
2024-12-22 20:37:00,Incheon,food,76.3,35,178.0
2024-12-22 18:39:00,Daegu,fashion,95.3,49,273.0
2024-12-22 15:32:00,Seoul,home,10.3,51,393.0
2024-12-22 17:13:00,Gwangju,fashion,92.9,51,205.0
2024-12-22 12:15:00,Busan,food,82.3,34,87.0
2024-12-22 16:52:00,Gwangju,tech,61.9,46,188.0
2024-12-23 10:58:00,Busan,fashion,77.2,52,373.0
2024-12-23 09:50:00,Seoul,food,82.1,50,264.0
2024-12-23 14:33:00,Daegu,home,39.9,48,94.0
2024-12-23 12:47:00,Busan,home,89.4,55,51.0
2024-12-23 09:42:00,Seoul,food,81.5,49,417.0
2024-12-23 11:41:00,Seoul,fashion,96.5,42,323.0
2024-12-23 17:05:00,Incheon,home,92.6,39,82.0
2024-12-23 19:01:00,Busan,tech,10.1,44,411.0
2024-12-23 15:44:00,Incheon,home,54.9,60,456.0
2024-12-23 19:54:00,Seoul,home,79.2,45,452.0
2024-12-23 15:05:00,Daegu,home,10.8,49,432.0
2024-12-23 20:13:00,Gwangju,food,37.7,45,191.0
2024-12-23 16:04:00,Daegu,fashion,57.1,48,359.0
2024-12-23 17:18:00,Seoul,tech,65.3,48,129.0
2024-12-23 17:23:00,Gwangju,fashion,35.0,52,198.0
2024-12-23 19:57:00,Busan,tech,95.1,52,377.0
2024-12-23 17:45:00,Seoul,tech,86.1,56,177.0
2024-12-23 19:32:00,Incheon,fashion,38.6,41,468.0
2024-12-23 19:03:00,Daegu,home,90.7,47,183.0
2024-12-23 08:46:00,Seoul,tech,74.1,56,90.0
2024-12-23 13:39:00,Busan,home,81.5,66,394.0
2024-12-23 15:39:00,Seoul,fashion,57.7,50,171.0
2024-12-23 16:12:00,Daegu,fashion,74.0,41,394.0
2024-12-23 11:21:00,Incheon,tech,43.8,44,71.0
2024-12-23 13:23:00,Daegu,tech,74.4,53,108.0
2024-12-23 16:28:00,Daegu,home,81.9,49,63.0
2024-12-23 16:49:00,Seoul,tech,97.7,45,64.0
2024-12-23 17:44:00,Incheon,fashion,60.0,53,420.0
2024-12-23 22:15:00,Daegu,fashion,78.5,45,395.0
2024-12-23 21:42:00,Incheon,food,73.8,54,394.0
2024-12-23 20:37:00,Daegu,fashion,32.0,65,95.0
2024-12-23 19:14:00,Seoul,food,54.5,62,138.0
2024-12-23 16:03:00,Busan,fashion,47.2,42,280.0
2024-12-23 14:22:00,Seoul,fashion,47.3,47,426.0
2024-12-23 19:59:00,Incheon,food,15.6,46,358.0
2024-12-23 15:45:00,Gwangju,food,12.0,63,342.0
2024-12-23 12:26:00,Gwangju,home,47.9,45,79.0
2024-12-23 21:08:00,Busan,fashion,25.3,35,481.0
2024-12-23 16:17:00,Seoul,fashion,90.0,47,219.0
2024-12-23 20:13:00,Gwangju,food,39.9,49,174.0
2024-12-23 21:39:00,Daegu,home,19.8,42,192.0
2024-12-23 17:06:00,Daegu,fashion,30.8,47,383.0
2024-12-23 12:24:00,Daegu,fashion,45.4,40,398.0
2024-12-23 16:23:00,Daegu,home,36.6,46,332.0
2024-12-23 21:25:00,Busan,food,25.9,45,424.0
2024-12-23 19:49:00,Incheon,home,72.4,55,315.0
2024-12-23 18:00:00,Incheon,food,19.5,53,341.0
2024-12-23 15:09:00,Incheon,food,20.2,44,166.0
2024-12-23 22:23:00,Busan,tech,32.9,44,292.0
2024-12-23 15:24:00,Busan,food,42.4,52,173.0
2024-12-23 15:23:00,Busan,tech,16.3,51,413.0
2024-12-23 18:22:00,Incheon,fashion,34.4,41,93.0
2024-12-23 14:19:00,Incheon,fashion,20.9,48,147.0
2024-12-23 15:19:00,Incheon,home,86.2,55,426.0
2024-12-23 20:09:00,Gwangju,fashion,82.5,44,401.0
2024-12-23 13:28:00,Busan,food,72.2,57,349.0
2024-12-23 10:58:00,Seoul,home,38.5,56,219.0
2024-12-23 20:37:00,Incheon,food,51.9,39,96.0
2024-12-23 10:12:00,Busan,tech,53.9,52,412.0
2024-12-23 18:26:00,Busan,fashion,35.0,37,99.0
2024-12-23 08:07:00,Gwangju,tech,23.7,41,498.0
2024-12-23 20:18:00,Seoul,tech,13.8,33,118.0
2024-12-23 10:47:00,Gwangju,fashion,64.8,54,414.0
2024-12-23 19:48:00,Busan,home,98.2,57,219.0
2024-12-23 09:16:00,Incheon,food,94.0,49,481.0
2024-12-23 16:02:00,Daegu,fashion,41.8,40,430.0
2024-12-23 16:09:00,Incheon,fashion,34.0,55,246.0
2024-12-24 15:50:00,Seoul,fashion,20.2,41,226.0
2024-12-24 17:31:00,Daegu,tech,49.1,64,379.0
2024-12-24 13:48:00,Incheon,fashion,52.5,55,374.0
2024-12-24 20:05:00,Busan,home,84.1,52,437.0
2024-12-24 15:08:00,Daegu,food,36.7,46,435.0
2024-12-24 18:12:00,Busan,tech,45.4,53,140.0
2024-12-24 13:08:00,Daegu,tech,55.0,58,151.0
2024-12-24 15:49:00,Seoul,home,56.6,55,296.0
2024-12-24 21:59:00,Seoul,food,11.4,56,167.0
2024-12-24 12:20:00,Gwangju,tech,78.3,55,242.0
2024-12-24 15:38:00,Incheon,food,73.2,66,100.0
2024-12-24 18:35:00,Incheon,fashion,68.9,41,348.0
2024-12-24 08:47:00,Gwangju,food,14.3,43,436.0
2024-12-24 18:00:00,Gwangju,food,84.4,59,340.0
2024-12-24 16:56:00,Busan,tech,72.0,42,399.0
2024-12-24 16:35:00,Seoul,fashion,83.7,41,491.0
2024-12-24 21:37:00,Gwangju,food,85.0,52,347.0
2024-12-24 16:14:00,Daegu,fashion,99.3,50,461.0
2024-12-24 17:16:00,Busan,fashion,66.3,50,425.0
2024-12-24 15:50:00,Daegu,tech,43.7,38,489.0
2024-12-24 16:40:00,Daegu,tech,60.5,47,161.0
2024-12-24 12:26:00,Busan,home,85.1,57,444.0
2024-12-24 13:34:00,Incheon,fashion,25.7,46,180.0
2024-12-24 21:22:00,Seoul,fashion,64.6,59,78.0
2024-12-24 13:47:00,Daegu,tech,24.5,63,384.0
2024-12-24 14:12:00,Incheon,food,15.7,35,85.0
2024-12-24 16:39:00,Daegu,fashion,63.2,47,429.0
2024-12-24 14:38:00,Gwangju,tech,92.0,44,99.0
2024-12-24 15:29:00,Incheon,home,18.6,41,494.0
2024-12-24 15:04:00,Busan,fashion,33.3,61,83.0
2024-12-24 17:54:00,Seoul,fashion,33.0,68,109.0
2024-12-24 15:35:00,Daegu,food,89.7,50,224.0
2024-12-24 20:40:00,Daegu,fashion,11.4,54,372.0
2024-12-24 14:29:00,Incheon,tech,32.2,49,120.0
2024-12-24 14:39:00,Seoul,fashion,68.3,49,381.0
2024-12-24 21:40:00,Daegu,home,70.8,43,279.0
2024-12-24 12:38:00,Daegu,fashion,73.9,54,446.0
2024-12-24 17:47:00,Incheon,home,44.2,57,78.0
2024-12-24 20:11:00,Seoul,fashion,36.4,59,85.0
2024-12-24 17:59:00,Gwangju,fashion,36.6,51,354.0
2024-12-24 12:14:00,Busan,food,21.0,44,197.0
2024-12-24 10:46:00,Seoul,home,73.2,51,97.0
2024-12-24 13:58:00,Incheon,tech,94.0,55,321.0
2024-12-24 18:01:00,Busan,tech,58.5,43,337.0
2024-12-24 14:01:00,Incheon,food,19.5,52,120.0
2024-12-24 17:35:00,Incheon,food,96.0,47,290.0
2024-12-24 10:24:00,Gwangju,tech,44.3,36,448.0
2024-12-24 12:31:00,Gwangju,home,48.0,63,219.0
2024-12-24 12:41:00,Gwangju,fashion,37.8,46,203.0
2024-12-24 14:31:00,Seoul,fashion,80.6,57,94.0
2024-12-24 13:31:00,Incheon,tech,28.6,42,229.0
2024-12-24 18:55:00,Seoul,home,12.6,40,267.0
2024-12-24 10:10:00,Incheon,tech,67.7,49,142.0
2024-12-24 10:13:00,Seoul,tech,14.8,45,381.0
2024-12-24 11:46:00,Gwangju,fashion,14.2,57,81.0
2024-12-24 16:25:00,Busan,food,34.0,50,442.0
2024-12-24 18:01:00,Daegu,home,69.4,51,279.0
2024-12-24 15:48:00,Incheon,food,99.7,44,266.0
2024-12-25 22:50:00,Seoul,home,27.5,45,303.0
2024-12-25 21:04:00,Gwangju,tech,24.5,58,152.0
2024-12-25 18:32:00,Gwangju,fashion,64.8,37,84.0
2024-12-25 09:04:00,Incheon,tech,26.3,49,298.0
2024-12-25 14:58:00,Gwangju,home,63.9,55,103.0
2024-12-25 17:25:00,Busan,home,34.5,53,135.0
2024-12-25 14:54:00,Seoul,home,92.4,50,450.0
2024-12-25 17:02:00,Gwangju,tech,95.6,56,128.0
2024-12-25 17:33:00,Gwangju,fashion,59.6,42,118.0
2024-12-25 22:25:00,Gwangju,home,87.1,40,329.0
2024-12-25 18:29:00,Gwangju,fashion,66.3,47,430.0
2024-12-25 14:33:00,Seoul,tech,23.7,51,146.0
2024-12-25 19:50:00,Seoul,fashion,84.0,51,206.0
2024-12-25 13:37:00,Seoul,fashion,20.4,38,197.0
2024-12-25 13:45:00,Gwangju,fashion,16.7,50,237.0
2024-12-25 17:57:00,Incheon,home,87.0,49,446.0
2024-12-25 16:31:00,Incheon,food,61.2,47,266.0
2024-12-25 12:36:00,Incheon,food,83.6,48,168.0
2024-12-25 13:12:00,Daegu,fashion,23.2,40,60.0
2024-12-25 15:48:00,Busan,fashion,20.0,65,487.0
2024-12-25 15:58:00,Seoul,fashion,86.9,42,94.0
2024-12-25 16:55:00,Busan,tech,95.9,49,140.0
2024-12-25 13:51:00,Busan,fashion,29.8,53,145.0
2024-12-25 18:32:00,Incheon,home,95.6,53,176.0
2024-12-25 14:00:00,Incheon,food,33.5,58,330.0
2024-12-25 20:48:00,Gwangju,home,22.9,50,344.0
2024-12-25 13:42:00,Daegu,fashion,19.8,63,163.0
2024-12-25 14:29:00,Daegu,home,86.3,53,311.0
2024-12-25 10:27:00,Incheon,home,63.8,41,356.0
2024-12-25 14:11:00,Daegu,food,50.6,54,170.0
2024-12-25 18:32:00,Busan,home,87.6,62,354.0
2024-12-25 13:05:00,Seoul,fashion,65.3,48,259.0
2024-12-25 19:33:00,Daegu,home,77.3,45,351.0
2024-12-25 21:48:00,Incheon,fashion,28.4,50,149.0
2024-12-25 16:14:00,Incheon,food,61.1,59,265.0
2024-12-25 20:59:00,Incheon,home,57.9,39,62.0
2024-12-25 15:58:00,Seoul,fashion,22.5,50,493.0
2024-12-25 08:53:00,Daegu,tech,58.9,41,195.0
2024-12-25 20:11:00,Daegu,home,58.3,41,377.0
2024-12-25 16:17:00,Seoul,fashion,10.0,53,201.0
2024-12-25 20:15:00,Gwangju,food,55.0,54,478.0
2024-12-25 14:16:00,Seoul,tech,17.9,41,479.0
2024-12-25 17:40:00,Gwangju,tech,59.3,39,80.0
2024-12-25 19:45:00,Busan,food,55.9,51,366.0
2024-12-25 08:25:00,Daegu,food,92.8,45,417.0
2024-12-25 14:17:00,Incheon,fashion,25.4,41,300.0
2024-12-25 17:00:00,Busan,tech,97.8,57,464.0
2024-12-25 21:16:00,Incheon,tech,93.0,48,186.0
2024-12-25 17:26:00,Daegu,tech,82.5,50,419.0
2024-12-25 09:35:00,Seoul,fashion,70.9,45,494.0
2024-12-25 14:14:00,Incheon,tech,42.2,51,247.0
2024-12-25 15:50:00,Seoul,food,66.9,52,334.0
2024-12-25 18:49:00,Busan,tech,17.0,50,123.0
2024-12-25 15:34:00,Incheon,fashion,59.1,46,75.0
2024-12-26 22:52:00,Seoul,home,92.8,55,335.0
2024-12-26 16:41:00,Gwangju,food,88.5,48,144.0
2024-12-26 21:14:00,Gwangju,food,83.8,63,468.0
2024-12-26 18:09:00,Busan,fashion,53.8,47,427.0
2024-12-26 15:07:00,Incheon,food,89.6,46,229.0
2024-12-26 15:31:00,Gwangju,home,92.4,42,344.0
2024-12-26 11:17:00,Seoul,home,65.1,52,200.0
2024-12-26 12:04:00,Busan,fashion,45.1,52,414.0
2024-12-26 19:10:00,Incheon,food,37.4,46,373.0
2024-12-26 19:04:00,Seoul,fashion,44.1,62,68.0
2024-12-26 18:55:00,Seoul,fashion,86.4,44,296.0
2024-12-26 14:59:00,Incheon,food,58.3,49,487.0
2024-12-26 19:41:00,Incheon,fashion,89.6,49,159.0
2024-12-26 13:59:00,Incheon,home,96.5,43,84.0
2024-12-26 19:01:00,Incheon,food,15.1,42,71.0
2024-12-26 12:56:00,Daegu,home,50.1,48,443.0
2024-12-26 20:18:00,Seoul,fashion,54.7,35,277.0
2024-12-26 18:02:00,Daegu,tech,96.1,49,409.0
2024-12-26 18:45:00,Incheon,fashion,36.7,55,74.0
2024-12-26 16:48:00,Busan,home,84.2,59,489.0
2024-12-26 11:18:00,Busan,home,23.1,53,124.0
2024-12-26 19:51:00,Seoul,tech,31.9,48,382.0
2024-12-26 19:41:00,Daegu,home,87.8,42,94.0
2024-12-26 10:06:00,Incheon,fashion,87.5,49,143.0
2024-12-26 19:26:00,Seoul,fashion,66.7,51,335.0
2024-12-26 20:41:00,Incheon,tech,23.4,43,178.0
2024-12-26 13:43:00,Seoul,fashion,97.8,59,201.0
2024-12-26 13:52:00,Daegu,tech,42.6,51,372.0
2024-12-26 17:53:00,Seoul,home,36.2,49,270.0
2024-12-26 09:50:00,Busan,tech,52.7,45,112.0
2024-12-26 22:08:00,Busan,food,31.2,64,324.0
2024-12-26 16:32:00,Busan,tech,26.1,58,448.0
2024-12-26 11:51:00,Gwangju,food,68.3,57,415.0
2024-12-26 18:08:00,Gwangju,home,42.8,45,489.0
2024-12-26 19:34:00,Busan,home,41.8,53,216.0
2024-12-26 17:22:00,Seoul,fashion,50.5,57,461.0
2024-12-26 13:19:00,Busan,food,56.0,46,426.0
2024-12-26 15:42:00,Busan,home,88.5,42,418.0
2024-12-26 16:20:00,Busan,home,47.3,54,387.0
2024-12-26 16:41:00,Busan,tech,27.6,38,413.0
2024-12-26 14:06:00,Incheon,fashion,15.6,49,389.0
2024-12-26 18:26:00,Busan,home,18.5,47,226.0
2024-12-26 13:16:00,Daegu,fashion,31.5,48,289.0
2024-12-26 11:03:00,Daegu,food,72.7,51,109.0
2024-12-26 20:04:00,Busan,tech,75.3,60,139.0
2024-12-26 16:53:00,Daegu,home,21.4,41,222.0
2024-12-26 17:13:00,Incheon,tech,92.1,46,265.0
2024-12-26 15:06:00,Incheon,home,13.6,45,418.0
2024-12-26 16:19:00,Incheon,tech,76.2,60,499.0
2024-12-26 16:05:00,Incheon,food,87.7,60,74.0
2024-12-26 16:47:00,Gwangju,fashion,36.4,47,181.0
2024-12-26 08:23:00,Seoul,home,42.0,51,245.0
2024-12-26 08:40:00,Busan,tech,69.6,42,369.0
2024-12-26 13:37:00,Daegu,tech,86.9,40,418.0
2024-12-26 13:23:00,Gwangju,fashion,20.2,49,492.0
2024-12-26 11:27:00,Daegu,fashion,26.4,46,426.0
2024-12-27 19:16:00,Incheon,home,83.4,54,464.0
2024-12-27 11:22:00,Gwangju,tech,76.8,44,417.0
2024-12-27 22:38:00,Daegu,food,51.8,56,156.0
2024-12-27 20:11:00,Incheon,tech,35.5,65,226.0
2024-12-27 17:40:00,Busan,home,52.0,46,105.0
2024-12-27 18:48:00,Gwangju,fashion,40.0,56,492.0
2024-12-27 12:44:00,Incheon,home,66.6,61,422.0
2024-12-27 12:18:00,Busan,home,86.6,48,228.0
2024-12-27 19:07:00,Seoul,tech,36.8,40,368.0
2024-12-27 17:15:00,Seoul,home,81.4,46,225.0
2024-12-27 19:24:00,Gwangju,tech,41.7,63,242.0
2024-12-27 12:46:00,Incheon,fashion,94.7,47,165.0
2024-12-27 13:04:00,Daegu,food,61.2,56,172.0
2024-12-27 18:25:00,Seoul,fashion,94.8,44,461.0
2024-12-27 17:06:00,Seoul,food,53.7,52,352.0
2024-12-27 11:29:00,Seoul,fashion,53.8,41,183.0
2024-12-27 13:23:00,Gwangju,home,60.1,45,111.0
2024-12-27 16:41:00,Gwangju,tech,80.7,52,218.0
2024-12-27 09:47:00,Gwangju,home,50.5,50,263.0
2024-12-27 10:23:00,Busan,food,53.7,59,368.0
2024-12-27 10:40:00,Daegu,tech,19.2,46,192.0
2024-12-27 15:48:00,Daegu,food,57.7,47,63.0
2024-12-27 16:31:00,Daegu,fashion,50.1,57,111.0
2024-12-27 14:57:00,Seoul,tech,60.6,62,303.0
2024-12-27 16:58:00,Busan,fashion,89.9,58,385.0
2024-12-27 10:11:00,Incheon,home,79.0,46,78.0
2024-12-27 16:20:00,Incheon,food,18.7,50,262.0
2024-12-27 10:05:00,Seoul,food,78.1,45,469.0
2024-12-27 17:50:00,Incheon,food,83.8,42,57.0
2024-12-27 11:44:00,Seoul,tech,86.5,58,474.0
2024-12-27 15:22:00,Gwangju,tech,45.6,48,156.0
2024-12-27 18:54:00,Gwangju,fashion,72.3,51,436.0
2024-12-27 19:32:00,Incheon,food,19.1,39,201.0
2024-12-27 12:45:00,Gwangju,tech,45.8,66,268.0
2024-12-27 19:13:00,Gwangju,fashion,79.2,61,437.0
2024-12-27 15:01:00,Seoul,tech,28.5,46,135.0
2024-12-27 18:24:00,Incheon,tech,45.8,57,447.0
2024-12-27 14:02:00,Seoul,fashion,59.8,55,418.0
2024-12-27 19:07:00,Seoul,home,74.1,36,120.0
2024-12-27 11:41:00,Daegu,home,85.4,54,335.0
2024-12-27 15:51:00,Incheon,home,31.5,50,85.0
2024-12-27 17:48:00,Incheon,food,57.9,50,294.0
2024-12-27 11:05:00,Daegu,fashion,63.6,54,295.0
2024-12-27 14:28:00,Gwangju,fashion,17.1,61,436.0
2024-12-27 18:06:00,Gwangju,food,12.6,39,431.0
2024-12-27 18:40:00,Gwangju,food,35.2,52,448.0
2024-12-27 14:26:00,Daegu,food,41.5,53,91.0
2024-12-27 09:31:00,Gwangju,food,58.1,43,417.0
2024-12-27 16:12:00,Incheon,food,46.7,30,266.0
2024-12-27 15:22:00,Seoul,food,80.6,57,273.0
2024-12-27 16:00:00,Gwangju,fashion,56.5,56,247.0
2024-12-27 11:43:00,Busan,tech,90.1,49,188.0
2024-12-27 15:36:00,Busan,tech,89.0,46,445.0
2024-12-27 12:56:00,Gwangju,tech,53.7,51,101.0
2024-12-27 11:08:00,Seoul,fashion,21.8,68,155.0
2024-12-27 15:44:00,Gwangju,tech,91.3,55,134.0
2024-12-27 15:35:00,Seoul,tech,57.4,64,330.0
2024-12-27 19:31:00,Busan,home,83.8,52,478.0
2024-12-27 13:04:00,Incheon,fashion,47.7,48,211.0
2024-12-27 19:37:00,Seoul,fashion,42.8,49,100.0
2024-12-27 11:38:00,Incheon,food,18.9,47,368.0
2024-12-27 11:48:00,Gwangju,home,23.9,52,417.0
2024-12-28 10:52:00,Busan,food,18.2,54,452.0
2024-12-28 20:50:00,Busan,home,12.2,50,479.0
2024-12-28 14:17:00,Gwangju,fashion,57.2,45,348.0
2024-12-28 19:56:00,Busan,fashion,37.1,52,54.0
2024-12-28 21:22:00,Busan,fashion,31.0,62,171.0
2024-12-28 09:02:00,Incheon,fashion,71.2,47,206.0
2024-12-28 13:26:00,Seoul,tech,89.2,39,256.0
2024-12-28 09:36:00,Incheon,tech,99.0,61,164.0
2024-12-28 14:55:00,Gwangju,tech,92.1,36,393.0
2024-12-28 17:54:00,Gwangju,home,29.0,58,390.0
2024-12-28 19:32:00,Gwangju,fashion,97.7,52,169.0
2024-12-28 15:13:00,Incheon,home,12.1,57,203.0
2024-12-28 14:05:00,Gwangju,food,22.9,51,249.0
2024-12-28 12:31:00,Daegu,fashion,51.2,47,328.0
2024-12-28 10:04:00,Incheon,food,43.0,46,181.0
2024-12-28 14:59:00,Busan,tech,31.9,48,96.0
2024-12-28 14:22:00,Busan,food,32.7,51,425.0
2024-12-28 16:54:00,Daegu,fashion,60.2,51,431.0
2024-12-28 18:26:00,Busan,home,61.4,49,276.0
2024-12-28 11:25:00,Seoul,fashion,82.2,47,481.0
2024-12-28 16:33:00,Incheon,food,63.4,45,391.0
2024-12-28 14:22:00,Gwangju,food,91.7,42,194.0
2024-12-28 13:51:00,Busan,fashion,62.0,59,159.0
2024-12-28 16:28:00,Daegu,fashion,76.5,60,286.0
2024-12-28 16:37:00,Seoul,home,82.3,58,486.0
2024-12-28 13:38:00,Gwangju,home,23.2,56,383.0
2024-12-28 16:04:00,Daegu,tech,38.0,51,251.0
2024-12-28 15:16:00,Busan,tech,63.9,52,161.0
2024-12-28 19:54:00,Busan,food,72.0,43,237.0
2024-12-28 17:17:00,Seoul,fashion,88.2,62,250.0
2024-12-28 10:14:00,Busan,fashion,74.1,49,294.0
2024-12-28 19:50:00,Gwangju,tech,29.5,43,52.0
2024-12-28 12:27:00,Daegu,food,37.0,45,214.0
2024-12-28 09:28:00,Busan,fashion,82.9,46,482.0
2024-12-28 13:18:00,Seoul,tech,45.3,46,278.0
2024-12-28 08:42:00,Incheon,tech,12.1,49,499.0
2024-12-28 20:22:00,Busan,tech,47.7,52,377.0
2024-12-28 14:14:00,Seoul,home,11.0,59,135.0
2024-12-28 09:12:00,Gwangju,home,18.9,47,218.0
2024-12-28 16:57:00,Gwangju,fashion,44.0,59,306.0
2024-12-28 15:23:00,Gwangju,fashion,52.4,45,438.0
2024-12-28 15:37:00,Gwangju,home,83.8,67,243.0
2024-12-29 14:08:00,Incheon,food,36.5,47,107.0
2024-12-29 18:25:00,Daegu,fashion,98.9,53,196.0
2024-12-29 17:14:00,Seoul,food,67.8,57,120.0
2024-12-29 15:53:00,Daegu,home,44.8,49,96.0
2024-12-29 21:59:00,Busan,home,51.7,55,338.0
2024-12-29 18:37:00,Seoul,home,31.5,51,262.0
2024-12-29 11:16:00,Seoul,tech,15.0,40,254.0
2024-12-29 21:59:00,Incheon,food,65.7,44,356.0
2024-12-29 16:20:00,Busan,tech,71.4,55,146.0
2024-12-29 13:42:00,Seoul,fashion,51.5,49,193.0
2024-12-29 21:29:00,Daegu,home,91.2,45,188.0
2024-12-29 15:16:00,Busan,tech,61.2,46,106.0
2024-12-29 16:08:00,Incheon,food,19.5,49,124.0
2024-12-29 19:23:00,Busan,home,27.0,57,50.0
2024-12-29 11:45:00,Seoul,home,11.8,55,346.0
2024-12-29 15:49:00,Incheon,tech,73.5,44,303.0
2024-12-29 14:37:00,Incheon,food,92.9,43,404.0
2024-12-29 13:17:00,Busan,fashion,46.0,44,118.0
2024-12-29 18:26:00,Daegu,home,91.8,41,183.0
2024-12-29 16:06:00,Daegu,home,73.8,57,475.0
2024-12-29 17:31:00,Gwangju,fashion,98.4,49,190.0
2024-12-29 17:05:00,Seoul,tech,22.8,53,436.0
2024-12-29 17:41:00,Incheon,home,93.6,56,193.0
2024-12-29 12:37:00,Busan,food,81.3,55,103.0
2024-12-29 19:19:00,Busan,fashion,60.7,62,396.0
2024-12-29 17:37:00,Busan,home,95.8,61,178.0
2024-12-29 13:40:00,Daegu,tech,90.5,48,304.0
2024-12-29 15:56:00,Gwangju,fashion,12.6,48,295.0
2024-12-29 08:17:00,Gwangju,fashion,84.6,40,436.0
2024-12-29 16:25:00,Busan,home,24.4,46,122.0
2024-12-29 15:10:00,Daegu,food,99.1,56,392.0
2024-12-29 20:52:00,Incheon,food,80.2,56,156.0
2024-12-29 22:29:00,Seoul,food,59.9,56,95.0
2024-12-29 09:18:00,Busan,tech,40.6,53,72.0
2024-12-29 13:44:00,Seoul,food,56.8,49,256.0
2024-12-29 18:10:00,Gwangju,food,40.8,51,134.0
2024-12-29 18:53:00,Gwangju,food,30.2,50,103.0
2024-12-29 12:30:00,Incheon,fashion,42.3,54,195.0
2024-12-29 16:01:00,Daegu,fashion,74.0,70,385.0
2024-12-29 18:03:00,Incheon,tech,33.7,38,69.0
2024-12-29 15:59:00,Seoul,food,79.4,45,406.0
2024-12-29 12:55:00,Gwangju,tech,92.8,67,196.0
2024-12-29 13:27:00,Gwangju,fashion,83.7,49,250.0
2024-12-29 12:29:00,Incheon,food,45.3,53,151.0
2024-12-29 14:42:00,Daegu,tech,85.0,56,77.0
2024-12-30 18:24:00,Daegu,tech,22.0,55,134.0
2024-12-30 18:33:00,Incheon,tech,17.8,50,262.0
2024-12-30 14:32:00,Gwangju,tech,76.0,52,209.0
2024-12-30 16:30:00,Busan,home,10.2,54,487.0
2024-12-30 18:03:00,Busan,food,71.9,46,458.0
2024-12-30 11:37:00,Incheon,home,14.3,57,229.0
2024-12-30 17:06:00,Incheon,tech,11.4,53,437.0
2024-12-30 15:52:00,Daegu,fashion,68.2,44,224.0
2024-12-30 11:14:00,Busan,home,28.3,53,193.0
2024-12-30 18:22:00,Incheon,home,53.6,54,357.0
2024-12-30 20:09:00,Busan,home,34.7,53,255.0
2024-12-30 20:18:00,Seoul,tech,21.5,38,442.0
2024-12-30 16:25:00,Daegu,tech,83.4,56,374.0
2024-12-30 16:30:00,Incheon,home,12.1,58,168.0
2024-12-30 08:41:00,Incheon,fashion,43.2,59,143.0
2024-12-30 13:41:00,Gwangju,home,12.0,56,276.0
2024-12-30 16:27:00,Daegu,food,28.9,58,305.0
2024-12-30 14:57:00,Incheon,home,94.3,47,120.0
2024-12-30 19:49:00,Incheon,food,19.4,57,273.0
2024-12-30 20:22:00,Busan,food,27.7,76,467.0
2024-12-30 19:08:00,Incheon,food,22.0,51,264.0
2024-12-30 19:43:00,Gwangju,tech,37.6,37,328.0
2024-12-30 11:53:00,Seoul,food,19.7,47,473.0
2024-12-30 16:25:00,Busan,home,23.6,59,402.0
2024-12-30 21:20:00,Busan,tech,77.4,52,131.0
2024-12-30 15:54:00,Daegu,tech,63.3,53,88.0
2024-12-30 09:18:00,Busan,fashion,23.0,50,202.0
2024-12-30 14:33:00,Busan,home,63.5,44,489.0
2024-12-30 17:12:00,Busan,home,19.8,51,479.0
2024-12-30 20:08:00,Daegu,food,64.3,60,455.0
2024-12-30 11:41:00,Seoul,tech,43.1,44,243.0
2024-12-30 19:21:00,Incheon,tech,42.0,50,276.0
2024-12-30 19:27:00,Incheon,fashion,20.3,43,324.0
2024-12-30 14:27:00,Incheon,tech,34.3,44,276.0
2024-12-30 19:50:00,Daegu,home,79.9,42,97.0
2024-12-30 12:26:00,Gwangju,fashion,89.7,46,202.0
2024-12-30 20:39:00,Seoul,fashion,54.9,56,495.0
2024-12-30 11:12:00,Incheon,fashion,44.8,28,352.0
2024-12-30 11:42:00,Gwangju,food,87.4,45,244.0
2024-12-30 20:06:00,Seoul,food,95.6,53,473.0
2024-12-30 21:01:00,Gwangju,food,33.0,30,183.0
2024-12-30 10:47:00,Incheon,food,47.5,57,457.0
2024-12-30 18:14:00,Seoul,home,77.8,51,82.0
2024-12-30 17:33:00,Seoul,food,43.1,48,104.0
2024-12-30 13:56:00,Incheon,home,28.5,39,312.0
2024-12-30 19:06:00,Seoul,tech,87.0,51,171.0
2024-12-30 16:20:00,Busan,food,64.8,44,425.0
2024-12-31 20:58:00,Daegu,fashion,26.6,49,184.0
2024-12-31 17:33:00,Busan,home,53.8,57,88.0
2024-12-31 12:50:00,Incheon,home,78.8,54,290.0
2024-12-31 17:56:00,Seoul,tech,95.5,49,421.0
2024-12-31 17:34:00,Gwangju,fashion,75.0,45,82.0
2024-12-31 15:42:00,Busan,home,59.1,57,464.0
2024-12-31 16:43:00,Gwangju,food,71.6,59,179.0
2024-12-31 14:42:00,Gwangju,food,20.0,39,268.0
2024-12-31 13:17:00,Gwangju,fashion,75.4,50,194.0
2024-12-31 18:23:00,Gwangju,home,64.8,42,298.0
2024-12-31 21:56:00,Gwangju,home,89.2,41,489.0
2024-12-31 13:18:00,Daegu,home,77.9,56,85.0
2024-12-31 08:05:00,Daegu,food,22.6,57,295.0
2024-12-31 15:24:00,Incheon,tech,73.6,52,419.0
2024-12-31 16:59:00,Seoul,food,69.7,44,398.0
2024-12-31 19:53:00,Seoul,food,94.5,52,245.0
2024-12-31 14:25:00,Daegu,tech,48.5,51,242.0
2024-12-31 15:39:00,Gwangju,food,31.5,44,365.0
2024-12-31 17:18:00,Busan,food,43.1,49,123.0
2024-12-31 17:47:00,Daegu,food,39.1,59,327.0
2024-12-31 20:34:00,Busan,home,40.9,46,325.0
2024-12-31 19:00:00,Seoul,fashion,90.0,51,310.0
2024-12-31 09:41:00,Seoul,food,50.6,33,187.0
2024-12-31 18:40:00,Daegu,fashion,39.1,47,298.0
2024-12-31 19:10:00,Daegu,tech,75.6,56,441.0
2024-12-31 16:43:00,Busan,home,79.9,64,325.0
2024-12-31 09:29:00,Gwangju,food,67.5,60,355.0
2024-12-31 10:15:00,Seoul,fashion,76.8,57,234.0
2024-12-31 14:51:00,Incheon,food,72.9,63,334.0
2024-12-31 17:34:00,Daegu,food,73.8,52,418.0
2024-12-31 11:39:00,Incheon,home,95.6,46,443.0
2024-12-31 15:40:00,Gwangju,home,10.5,55,185.0
2024-12-31 12:11:00,Gwangju,home,57.1,56,482.0
2024-12-31 21:18:00,Gwangju,fashion,67.9,51,74.0
2024-12-31 21:43:00,Incheon,fashion,42.5,42,310.0
2024-12-31 16:54:00,Busan,fashion,95.3,48,296.0
2024-12-31 17:19:00,Busan,tech,16.1,52,496.0
2024-12-31 17:52:00,Seoul,home,40.1,51,195.0
2024-12-31 16:03:00,Gwangju,fashion,81.7,61,394.0
2024-12-31 12:57:00,Daegu,fashion,52.5,63,183.0
2024-12-31 18:54:00,Incheon,food,82.8,45,89.0
2024-12-31 11:36:00,Gwangju,home,36.3,49,363.0
2024-12-31 19:14:00,Busan,food,75.2,47,117.0
2024-12-31 11:00:00,Daegu,fashion,28.0,58,152.0
2024-12-31 18:39:00,Seoul,fashion,62.2,49,383.0
2024-12-31 11:32:00,Daegu,home,98.1,57,491.0
2024-12-31 13:05:00,Incheon,tech,35.7,53,235.0
2024-12-31 17:05:00,Incheon,fashion,46.6,45,54.0
2024-12-31 10:55:00,Incheon,food,51.9,52,484.0
2024-12-31 21:55:00,Daegu,food,15.7,47,213.0
